,GWL,HYRAS_pr,HYRAS_tas,HYRAS_tasmax,HYRAS_tasmin,HYRAS_hurs,DWD_evapo_p,DWD_evapo_r,DWD_evapo_fao,DWD_soil_moist,DWD_soil_temp5cm,ERA5_sro,ERA5_ssro,ERA5_sdwe,ERA5_sm,ERA5_sf,GWL_flag
1991-01-07,59.42,17.5,4.571429,6.2714286,2.3714287,82.90001,0.75714284,0.7428571,0.71428573,10.242857,3.0714285,0.0009123087,0.0012891144,0.0001747665,0.000920061,0.00018544495,True
1991-01-14,59.36,5.3999996,3.9714286,7.014286,1.6571429,80.799995,0.7714285,0.7857142,0.82857144,10.042857,3.0857143,0.00016966462,0.0015694872,5.2906216e-06,3.169477e-05,3.0249357e-06,True
1991-01-21,59.32,3.9,-1.2285715,2.4285715,-5.0,75.5,0.24285714,0.22857144,0.4857143,9.971429,-1.3,4.8324466e-05,0.0018525943,6.15347e-05,5.2345917e-05,0.0001215972,True
1991-01-28,59.27,0.5,1.6428572,2.7,0.51428574,89.75714,0.22857144,0.21428573,0.4,9.957143,0.2,3.1366944e-05,0.002082266,4.8007285e-05,8.192286e-05,0.00014873222,True
1991-02-04,59.28,0.4,-4.8,-1.1428572,-7.7999997,67.8,0.071428575,0.071428575,0.54285717,9.814285,-2.4857142,2.875924e-06,0.0022537485,0.00031879402,2.161786e-05,0.00053500384,True
1991-02-11,59.27,16.8,-6.0285716,-3.6571429,-8.585714,82.87144,0.0,0.0,0.45714286,9.914286,-3.1142857,2.8312206e-07,0.0023745596,0.0043465467,7.0780516e-08,0.012062885,True
1991-02-18,59.27,9.4,-3.0,-0.8714286,-5.9714284,86.38572,0.114285715,0.114285715,0.44285712,10.328571,-0.057142857,8.054078e-06,0.0024510995,0.017221263,0.00016204081,0.010410305,True
1991-02-25,59.27,7.4,1.6000001,5.928571,-2.857143,86.62858,0.6571428,0.62857145,0.6714286,10.1285715,0.55714285,0.0006062761,0.002494067,0.011647644,0.021266295,2.6933849e-05,True
1991-03-04,59.35,0.2,1.2714285,5.057143,-1.2285715,79.04286,0.7285714,0.67142856,0.9857143,9.985714,1.1142857,1.5184283e-05,0.002602242,0.0004677659,0.00057051703,0.00015504286,True
1991-03-11,59.32,4.5,5.542857,9.728571,1.1,81.14286,0.85714287,0.74285716,1.0714285,9.6,3.9714286,6.4611435e-05,0.002753839,3.1034153e-05,0.00015727803,0.0,True
1991-03-18,59.3,1.0,7.2428575,12.085715,3.2714286,86.34286,0.87142855,0.71428573,1.0,9.271428,7.3285713,5.9619546e-05,0.002857469,-7.345365000000001e-25,3.017485e-07,0.0,True
1991-03-25,59.4,18.4,6.714286,10.6285715,3.6285713,83.314285,1.2142857,1.1999999,1.0714285,9.585714,7.2714286,0.00058344007,0.002915576,-7.345365000000001e-25,3.7252903e-09,0.0,True
1991-04-01,59.3,9.9,3.957143,8.214286,-0.37142864,72.11429,1.4571428,1.2428571,1.5714285,9.242857,5.9428573,9.0405345e-05,0.00300207,3.6898114e-06,1.2433156e-05,1.334399e-05,True
1991-04-08,59.38,19.9,9.528572,14.014287,5.4714284,75.8,1.7999998,1.6714286,1.8428571,9.285714,10.085714,0.0002603829,0.00305067,-7.345365000000001e-25,2.5518239e-07,0.0,True
1991-04-15,59.32,0.0,10.714286,16.657145,3.5142858,62.828575,2.7142856,2.1857142,2.8714287,8.671429,11.757143,3.810972e-05,0.0030509606,-7.345365000000001e-25,0.0,0.0,True
1991-04-22,59.3,7.5,2.7857144,7.514286,-1.1142858,69.85715,1.6857141,1.4571428,1.7571429,8.028571,6.6285715,0.00018458068,0.0030137673,0.00075994787,0.0016681775,0.002423901,True
1991-04-29,59.30809669740759,1.0,7.0,11.885715,1.8428572,76.057144,1.5571429,1.3285714,1.8142856,7.8,9.257143,0.00012384355,0.0029721558,9.788786e-05,0.0005614832,0.0,False
1991-05-06,59.26,30.5,6.6857142,9.6,3.7428572,83.25714,1.3571428,1.2571429,1.3714285,8.2,8.685715,0.0003976673,0.002923049,4.3045908e-05,0.00028134882,0.00059324503,True
1991-05-13,59.38,6.5,9.271429,12.785714,4.7571425,76.814285,1.9,1.6714286,1.9285715,8.485714,10.8714285,0.00011022389,0.0028837323,4.3857664e-05,0.0003251247,0.0,True
1991-05-20,59.35,9.1,9.357142,13.828572,3.3714287,70.0,2.5714285,2.1714284,2.3999999,8.071428,12.071428,0.00023417175,0.0028387234,-7.345365000000001e-25,0.0,0.0,True
1991-05-27,59.29,1.5999999,10.557143,14.17143,6.585714,67.22857,2.8714283,2.2428572,2.8857143,7.1714287,13.528571,7.430464e-05,0.0027740821,-7.345365000000001e-25,0.0,0.0,True
1991-06-03,59.22,2.3,13.257143,18.67143,6.514286,66.042854,3.1857142,2.0,3.3142858,6.3,16.614286,5.4448843e-05,0.0026897416,-7.345365000000001e-25,0.0,0.0,True
1991-06-10,59.21,3.7,13.057143,17.528572,7.785714,69.21429,2.9285715,1.8571428,2.9857142,5.8428574,15.685715,0.000110283494,0.0025880933,-7.345365000000001e-25,3.7252903e-09,0.0,True
1991-06-17,59.24,26.4,13.571428,17.757143,9.742858,74.5,2.8142858,1.9857143,2.5,5.9857144,15.257143,0.00021873415,0.0024804696,-7.345365000000001e-25,1.4901161e-08,0.0,True
1991-06-24,59.29,28.5,14.957143,19.9,10.571428,78.74286,3.2,2.757143,2.957143,6.6857142,17.471428,0.00088748336,0.0023805648,-7.345365000000001e-25,1.1175871e-08,0.0,True
1991-07-01,59.38,36.3,15.428572,19.571428,11.142858,78.6,2.7857144,2.5142858,2.6571429,7.4,17.0,0.0013216585,0.0024491102,-7.345365000000001e-25,1.4901161e-08,0.0,True
1991-07-08,59.21,1.8,22.142857,27.757143,13.942858,62.74286,4.8857145,3.3999999,5.357143,6.8142858,24.114286,3.8146973e-06,0.0022192448,-7.345365000000001e-25,3.7252903e-09,0.0,True
1991-07-15,59.21,11.5,20.057144,25.17143,14.3714285,70.51429,3.6142857,2.1571429,3.8,6.042857,23.22857,8.7335706e-05,0.0021275133,-7.345365000000001e-25,1.4901161e-08,0.0,True
1991-07-22,59.17,5.0,16.328571,20.328571,12.942858,75.84286,3.0857143,2.0857143,3.1285713,5.9,19.085714,0.00010177493,0.0020527616,-7.345365000000001e-25,1.8626451e-08,0.0,True
1991-07-29,59.180313148174754,17.4,18.77143,24.585714,11.800001,69.97143,3.6428568,2.114286,3.9714284,5.642857,21.528572,7.389486e-05,0.0019669384,-7.345365000000001e-25,3.7252903e-09,0.0,True
1991-08-05,59.17,0.0,21.228573,26.071428,16.242857,74.21429,3.1857142,1.0714285,3.5857143,5.257143,23.428572,0.0002117902,0.0018687174,-7.345365000000001e-25,1.4901161e-08,0.0,True
1991-08-12,59.12,13.7,20.242859,25.357143,15.800001,72.51429,3.2857144,1.6571429,3.5,5.257143,22.057142,0.00020118058,0.0017827824,-7.345365000000001e-25,1.8626451e-08,0.0,True
1991-08-19,59.11,17.7,16.285715,21.100002,11.728572,74.15715,2.6857142,1.7428571,2.8142858,5.2285714,18.685715,0.00014019012,0.0017066225,-7.345365000000001e-25,1.4901161e-08,0.0,True
1991-08-26,59.15,1.7,16.857143,21.685715,11.685715,74.457146,2.4714286,1.5,2.8999999,5.2285714,18.6,8.6829066e-05,0.0016382933,-7.345365000000001e-25,5.5879354e-09,0.0,True
1991-09-02,59.07,3.4,16.5,22.285715,10.614286,74.62858,2.3714287,1.0428573,2.7285714,4.8714285,18.8,2.348423e-05,0.0015701279,-7.345365000000001e-25,5.5879354e-09,0.0,True
1991-09-09,59.03,0.3,15.300001,20.728573,9.985715,69.9,2.1571429,0.47142854,2.7857144,4.571429,17.7,1.3962388e-05,0.0014984086,-7.345365000000001e-25,5.5879354e-09,0.0,True
1991-09-16,59.02,8.0,14.17143,20.557144,8.285714,69.84286,1.9142857,0.40000004,2.4285715,4.4857144,16.114286,2.6404858e-05,0.0014345348,-7.345365000000001e-25,3.7252903e-09,0.0,True
1991-09-23,59.04,12.1,13.828572,19.17143,9.928572,80.42857,1.5714285,1.0571429,1.7714285,4.785714,15.285714,0.00021090358,0.0013763234,-7.345365000000001e-25,1.1175871e-08,0.0,True
1991-09-30,59.1413614591755,9.6,14.514287,19.014286,10.928572,81.042854,1.2285715,0.8000001,1.5857143,4.885714,14.685715,7.3328614e-05,0.0013269633,-7.345365000000001e-25,1.1175871e-08,0.0,True
1991-10-07,59.08,7.2999997,11.742857,15.928572,8.085714,79.42857,1.1571429,0.85714287,1.4,4.957143,12.214286,5.6304038e-05,0.0012846887,-7.345365000000001e-25,7.450581e-09,0.0,True
1991-10-14,59.09,6.4,12.885715,18.528574,8.728572,83.08572,0.87142855,0.54285717,1.1999999,4.8142858,13.1,6.495416e-05,0.0012433678,-7.345365000000001e-25,7.450581e-09,0.0,True
1991-10-21,59.1,7.0,8.1285715,11.914286,4.4857144,79.3,0.98571426,0.8000001,1.1999999,5.1714287,8.428572,7.888675e-05,0.0012069643,-7.345365000000001e-25,3.7252903e-09,0.0,True
1991-10-28,59.11,0.6,3.8285713,8.5,-0.55714285,80.74286,0.51428574,0.37142858,0.64285713,5.3714285,4.5857143,3.4421682e-06,0.0011753067,-7.345365000000001e-25,0.0,0.0,True
1991-11-04,59.13,16.5,4.5285716,7.857143,1.3714285,77.32857,0.71428573,0.61428577,1.0428572,5.3285713,3.942857,0.00016920269,0.0011460036,1.7767861e-06,4.2058527e-06,4.6491623e-06,True
1991-11-11,59.29,36.4,5.1857147,7.514286,2.8142858,86.3,0.6999999,0.6999999,0.7428571,6.3,4.6857142,0.00037831068,0.0011211932,9.531066e-06,0.00012235902,0.00011731312,True
1991-11-18,59.28,0.0,4.1857142,6.2428575,2.357143,87.24286,0.31428576,0.2714286,0.44285712,7.0,3.8428571,3.8675964e-05,0.0011050776,-7.345365000000001e-25,4.2840838e-07,0.0,True
1991-11-25,59.27,1.9000001,2.5714285,4.6714287,0.3142857,89.78571,0.17142858,0.17142858,0.27142856,6.9,2.2,3.6895275e-05,0.0010955296,-7.345365000000001e-25,1.2479722e-07,1.4156103e-07,True
1991-12-02,59.27,0.0,2.8142858,4.3714285,1.457143,92.01429,0.08571429,0.08571429,0.24285714,6.9,2.4714286,5.237758e-06,0.0010888577,8.2311175e-07,1.8626451e-08,5.2899122e-05,True
1991-12-09,59.26,1.1,1.1000001,3.8857143,-1.3142856,83.37144,0.17142858,0.12857144,0.35714287,6.9,1.0142857,1.9431114e-05,0.0010833293,0.0001102175,0.00032602064,0.0003293082,True
1991-12-16,59.22,0.0,-1.1285714,1.3000001,-4.3714285,80.21429,0.12857144,0.11428572,0.31428573,6.928571,-1.0571429,3.2633543e-06,0.0010785796,4.9068814e-05,4.930608e-05,9.633601e-06,True
1991-12-23,59.41,39.9,3.2571428,5.857143,0.42857143,89.24286,0.5285714,0.51428574,0.5428571,8.085714,1.3857143,0.00050186366,0.0010742992,0.00017506735,0.0009164158,0.00090864673,True
1991-12-30,59.40794583538696,8.4,2.8,5.0,0.21428572,85.71429,0.41428575,0.41428575,0.5,8.985714,1.9,0.00019916892,0.0010773614,0.0006642455,0.0035926122,0.0035662279,True
1992-01-06,59.36,4.6,4.3,5.914286,2.3714287,85.97143,0.1,0.1,0.74285716,9.0,0.9,8.215755e-05,0.0011019334,4.5072466e-05,0.0001516752,1.1026859e-06,True
1992-01-13,59.39,5.5,1.6571429,4.585714,-1.1714286,89.14286,0.31428573,0.2857143,0.37142858,9.185715,1.6857142,0.000121966004,0.0011376515,6.3464754e-06,9.255484e-06,0.00011171773,True
1992-01-20,59.43,24.2,2.7142856,5.2714286,-0.11428567,86.62858,0.42857146,0.41428572,0.47142857,9.528571,2.5142858,0.00043703616,0.0011849329,0.00020445528,0.000118501484,0.0011596307,True
1992-01-27,59.41,2.0,-4.1285715,-1.2,-7.5285716,88.35714,0.028571429,0.028571429,0.15714286,10.085714,-2.0714285,7.584691e-06,0.0012729838,0.0011146523,0.00021960214,0.0001812838,True
1992-02-03,59.36,7.7999997,0.88571423,1.9428571,-0.78571427,93.328575,0.24285714,0.24285714,0.31428573,9.957143,-0.1,8.466095e-05,0.001389794,0.0014734779,0.0022640284,0.005530607,True
1992-02-10,59.38,11.8,3.5571427,6.042857,1.1285715,85.185715,0.55714285,0.55714285,0.62857145,9.985714,1.4714285,0.00015889853,0.0014950112,0.0014565559,0.00435563,9.852648e-05,True
1992-02-17,59.42,10.599999,3.642857,6.4,1.457143,89.200005,0.58571434,0.5714286,0.64285713,10.042857,3.2142856,0.00023048371,0.0016029254,0.00020180998,0.000109763816,0.0018267334,True
1992-02-24,59.37,8.7,2.2142856,4.057143,-0.8142857,85.87142,0.55714285,0.5714286,0.67142856,10.157143,1.5428572,0.00014776736,0.0017348751,0.0015145654,0.0032512266,0.00163991,True
1992-03-02,59.35,1.2,4.7428575,10.1,0.82857144,82.942856,0.84285724,0.75714284,0.9428572,9.914286,4.614286,1.4089048e-05,0.001873441,2.2632736e-05,0.00010284223,0.0,True
1992-03-09,59.34,5.3,6.4714284,10.657143,3.3,79.17143,1.1142857,0.9857144,1.2142857,9.6285715,6.2285714,0.00010724366,0.0019864365,-7.345365000000001e-25,3.3713877e-07,0.0,True
1992-03-16,59.42,31.0,2.9285715,6.714286,-0.5285714,77.08572,1.3571427,1.3142856,1.3000001,10.0,3.5,0.00039853156,0.002070099,0.0019636324,0.0011173524,0.007881653,True
1992-03-23,59.47,27.3,4.914286,8.285714,1.7,88.91429,0.9,0.88571423,0.87142855,10.485714,5.428571,0.0014060736,0.0022075921,0.0013696069,0.006431883,0.00012852252,True
1992-03-30,59.43360220262937,11.7,2.6571429,5.428571,-0.19999997,85.17143,0.90000004,0.88571423,0.9714286,10.471429,3.7714286,0.00022488087,0.0025926903,0.00040717353,0.0012791231,0.0019059144,False
1992-04-06,59.42,21.6,5.657143,10.599999,1.4,77.87144,1.6000001,1.5285714,1.7428571,10.071428,6.857143,0.0001861304,0.0029954165,7.751442e-05,0.0005764384,5.9604645e-07,True
1992-04-13,59.43,4.4,7.8857145,13.457144,2.8285716,70.65714,2.0142858,1.6571428,2.0428572,9.5,10.0,1.963973e-05,0.0032488927,-7.345365000000001e-25,6.7055225e-07,0.0,True
1992-04-20,59.37,17.8,5.4,9.185715,2.3714287,79.92857,1.8285714,1.6999999,1.5571429,9.385715,7.0857143,0.00029693544,0.0033440888,1.519067e-05,0.00013885647,0.00013841689,True
1992-04-27,59.38,11.0,10.285714,15.67143,5.042857,68.9,2.3285713,2.0142858,2.4428573,8.8714285,11.457143,0.00017420948,0.0033490062,-7.345365000000001e-25,4.8056245e-07,0.0,True
1992-05-04,59.34,4.6000004,9.471429,14.414286,4.071429,73.8,2.2,1.8428571,2.142857,8.428572,11.742857,8.580834e-05,0.0033101216,-7.345365000000001e-25,0.0,0.0,True
1992-05-11,59.38,27.5,9.657143,13.900001,5.0428576,77.88572,2.1571429,1.9428571,1.7714287,8.185715,11.942857,0.00068766624,0.0032476336,-7.345365000000001e-25,7.450581e-09,0.0,True
1992-05-18,59.33,0.6,14.385715,19.757143,8.028571,67.38572,3.3428571,2.6571429,3.0142858,8.114285,16.414286,4.3705106e-05,0.0031903088,-7.345365000000001e-25,1.1175871e-08,0.0,True
1992-05-25,59.24,0.0,18.2,24.757143,10.214286,54.07143,4.6714287,2.6,4.2714286,6.857143,20.557142,9.3877316e-07,0.0030750781,-7.345365000000001e-25,0.0,0.0,True
1992-06-01,59.15,0.0,17.328571,23.642857,9.771429,55.68572,4.542857,1.2571429,4.042857,5.9,20.1,5.3197145e-06,0.002911076,-7.345365000000001e-25,1.1175871e-08,0.0,True
1992-06-08,59.07,0.0,20.285715,25.914288,14.714286,54.57143,5.4,1.1142857,5.6714287,5.4714284,22.142857,2.413988e-06,0.0027048439,-7.345365000000001e-25,1.1175871e-08,0.0,True
1992-06-15,59.05,11.1,16.285715,21.242859,11.657143,71.44286,3.5142858,0.85714287,3.3428571,5.3428574,19.928572,0.00018587708,0.0025045946,-7.345365000000001e-25,1.1175871e-08,0.0,True
1992-06-22,59.02,0.0,17.657145,23.37143,11.1,59.914288,4.457143,0.68571424,4.5285716,5.142857,21.485714,1.1026859e-06,0.0023316368,-7.345365000000001e-25,0.0,0.0,True
1992-06-29,58.99077785095442,0.0,19.100002,25.585714,10.114286,52.042854,4.857143,0.6571428,4.957143,4.885714,23.057142,5.5134296e-07,0.0021303818,-7.345365000000001e-25,0.0,0.0,True
1992-07-06,58.93,11.8,19.2,24.728573,13.885715,63.728577,4.4,1.1428572,4.2428575,4.857143,22.6,0.0001412034,0.0019217059,-7.345365000000001e-25,1.4901161e-08,0.0,True
1992-07-13,58.92,8.5,19.357143,25.17143,12.942857,62.44286,4.1,1.5714287,4.428571,4.885714,22.428572,8.97944e-05,0.0017621368,-7.345365000000001e-25,7.450581e-09,0.0,True
1992-07-20,58.95,13.3,18.757143,23.84286,12.542857,68.27143,3.7999997,2.2142856,3.9285715,4.9142857,20.5,8.8207424e-05,0.0016333982,-7.345365000000001e-25,1.4901161e-08,0.0,True
1992-07-27,58.88,3.1,20.814287,27.414288,15.1285715,63.485718,4.2999997,2.142857,4.542857,4.6571426,23.514286,2.6658177e-05,0.0014968216,-7.345365000000001e-25,1.1175871e-08,0.0,True
1992-08-03,58.84,12.6,20.042858,26.428572,13.271429,64.67143,4.0,1.3571428,4.3142858,4.4428573,22.328571,8.352101e-06,0.0013699234,-7.345365000000001e-25,3.7252903e-09,0.0,True
1992-08-10,58.78,0.0,22.028574,29.628572,15.071428,58.757145,4.585714,0.87142855,5.142857,4.214286,23.442858,4.976988e-06,0.0012475476,-7.345365000000001e-25,1.1175871e-08,0.0,True
1992-08-17,58.89,29.800001,16.2,20.27143,12.771429,75.07143,2.6428573,1.3571428,2.742857,4.4428573,18.742857,0.0009969473,0.0011446849,-7.345365000000001e-25,1.1175871e-08,0.0,True
1992-08-24,58.86,6.1000004,16.842857,21.457144,12.371429,75.457146,2.4857142,1.6571429,2.7428572,4.5,18.514286,4.9889088e-05,0.001074791,-7.345365000000001e-25,1.4901161e-08,0.0,True
1992-08-31,58.96504186372543,40.600002,18.300001,23.285715,14.728572,82.799995,2.2285714,1.9,2.5714285,5.071429,19.2,0.00035865605,0.0010148585,-7.345365000000001e-25,1.4901161e-08,0.0,False
1992-09-07,58.96,17.5,12.542857,16.1,8.985715,80.471436,1.7142859,1.6571429,1.7714285,6.4714284,13.857142,0.0005096644,0.0009659305,-7.345365000000001e-25,1.1175871e-08,0.0,True
1992-09-14,59.02,1.3,13.414286,18.800001,9.014286,73.185715,1.8000001,1.4142858,2.3428571,6.1714287,15.685715,1.4938414e-05,0.0009252876,-7.345365000000001e-25,9.313226e-09,0.0,True
1992-09-21,58.92,0.2,13.0,18.328571,7.914286,73.41429,1.5142858,1.1,2.0285714,5.714286,14.928572,6.221235e-06,0.0008887425,-7.345365000000001e-25,7.450581e-09,0.0,True
1992-09-28,58.88,5.5,14.657144,20.257143,10.3714285,78.200005,1.3428571,0.9714285,1.8285714,5.357143,16.214285,2.0109117e-05,0.00085388124,-7.345365000000001e-25,7.450581e-09,0.0,True
1992-10-05,58.89,2.1,9.714286,14.771429,5.6285715,76.01429,1.0,0.7,1.4142858,5.114286,12.1285715,9.2461705e-06,0.00082306564,-7.345365000000001e-25,1.8626451e-09,0.0,True
1992-10-12,58.95,7.1,7.357143,11.542857,3.7428572,83.82857,0.7,0.55714285,0.85714287,5.4714284,8.914286,7.455796e-05,0.0007985458,-7.345365000000001e-25,7.450581e-09,0.0,True
1992-10-19,58.97,2.3999999,4.4285717,9.2,0.22857144,76.0,0.67142856,0.5571429,0.95714283,5.385714,5.1571426,2.5972724e-05,0.0007754937,-7.345365000000001e-25,0.0,0.0,True
1992-10-26,58.99,16.8,4.214286,7.542857,1.3714286,85.17143,0.54285717,0.5,0.6571428,5.642857,4.8142858,0.00013628602,0.00075469166,-7.345365000000001e-25,0.0,0.0,True
1992-11-02,59.06,16.2,2.6285717,5.6714287,-0.7428571,87.78571,0.34285715,0.32857147,0.44285712,6.285714,3.0857143,0.00012087077,0.0007366985,-7.345365000000001e-25,1.7508864e-07,3.054738e-07,True
1992-11-09,59.1,6.1,6.2999997,9.1285715,3.3428574,85.01429,0.4714286,0.44285718,0.67142856,6.642857,5.928571,5.4106116e-05,0.00072079897,-7.345365000000001e-25,1.359731e-07,0.0,True
1992-11-16,59.2,27.8,3.7428572,5.857143,1.2285715,91.471436,0.44285712,0.45714286,0.51428574,7.4142857,3.0285714,0.0002680719,0.00070749223,0.00023849237,0.00093747117,0.0019801185,True
1992-11-23,59.25,16.7,3.5428574,5.657143,1.5714285,87.65715,0.48571423,0.48571423,0.54285717,8.214286,2.7571428,0.00012522191,0.00069787353,0.00024499212,0.0012172032,0.00018093176,True
1992-11-30,59.3463846017552,15.4,4.6142855,6.957143,2.3714287,90.35714,0.42857143,0.42857143,0.4857143,8.957143,3.6,0.00022898614,0.0006916076,9.240423e-05,0.0003743451,0.00039086863,True
1992-12-07,59.3,9.3,3.4428573,6.042857,1.2428571,85.67143,0.34285715,0.3285714,0.54285717,9.285714,2.7142856,0.00014253706,0.0006886944,0.000458706,0.0010085702,0.0016508624,True
1992-12-14,59.29,17.699999,3.2714288,4.2428575,1.3571428,89.44286,0.3285714,0.3285714,0.40000004,9.671429,2.0714285,0.0003286153,0.00069043785,0.0016321058,0.0063864905,0.006033268,True
1992-12-21,59.36,6.0,1.8285714,3.9285715,-0.21428573,91.114296,0.15714286,0.15714286,0.17142858,10.185715,1.3285714,0.000114530325,0.0007022917,0.0001631294,0.00051628985,3.8720667e-05,True
1992-12-28,59.37,0.2,-4.5142856,-2.0142858,-7.071429,86.114296,0.0,0.0,0.14285715,10.228572,-2.2142856,5.5134296e-07,0.0007278025,0.00015568166,0.0,0.00018190593,True
1993-01-04,59.27,0.4,-6.3857145,-3.7142856,-8.528571,85.77143,0.0,0.0,0.17142858,10.2,-1.2,1.1622906e-06,0.0007589534,0.0015038763,1.5608966e-05,0.0015162379,True
1993-01-11,59.3,24.7,3.4714284,6.014286,-0.0571428,87.557144,0.41428572,0.41428572,0.4857143,10.357142,0.35714287,0.00049143285,0.0007910058,0.00069256057,0.0017935131,0.0,True
1993-01-18,59.4,6.4,6.142857,9.7,3.257143,74.57143,0.97142845,0.92857134,1.3428571,10.357142,3.2571428,0.00017274171,0.000846304,4.4277735e-07,2.9560179e-06,0.0,True
1993-01-25,59.43,38.8,5.4428573,8.142858,2.6571429,79.62858,1.1571429,1.1571429,1.1857144,10.271428,4.285714,0.00030083954,0.0009305328,4.125777e-05,0.00015999004,0.00085508823,True
1993-02-01,59.38,13.3,-2.7,0.21428573,-5.914286,85.25715,0.114285715,0.114285715,0.2857143,10.657143,-0.057142857,0.00015354156,0.0010375828,0.00985355,0.001165716,0.0113548115,True
1993-02-08,59.44,10.3,0.7,2.3142858,-1.4,93.24286,0.18571429,0.18571429,0.2857143,10.3,-0.042857144,0.0003445372,0.0011735708,0.0075081643,0.008907748,0.0009602569,True
1993-02-15,59.39,1.7,0.6,2.0714285,-0.47142857,91.41429,0.20000002,0.20000002,0.40000004,10.242857,0.67142856,6.720424e-05,0.0013368055,0.0015787283,0.002111325,0.00073318183,True
1993-02-22,59.43,21.7,0.7285715,3.1142857,-2.0142858,83.44286,0.5428571,0.5428571,0.7285714,10.471429,1.2,0.0003030151,0.0015172288,0.002752747,0.0035432465,0.009549748,True
1993-03-01,59.37,2.4,-1.4,1.3571428,-4.0857143,80.9,0.31428573,0.31428573,0.71428573,10.3,-0.071428575,5.387515e-05,0.0017141253,0.0071005425,0.0021861456,0.002666738,True
1993-03-08,59.38,4.2,-0.8000001,2.5857143,-3.3285716,80.65715,0.44285718,0.41428572,0.7714286,10.057143,0.41428572,0.00010584295,0.0018962994,0.00589826,0.0052844994,0.0040003136,True
1993-03-15,59.41,0.0,3.914286,9.842857,-1.5428572,76.457146,0.90000004,0.78571427,1.0857143,9.728572,4.257143,9.638071e-05,0.0020420104,0.0015588885,0.003761867,3.2484531e-06,True
1993-03-22,59.43,5.8,7.8428574,11.642858,4.0857143,75.65715,1.3999999,1.2142857,1.5428572,9.357142,7.357143,5.7198107e-05,0.0021512397,7.635072e-06,9.582564e-05,0.0,True
1993-03-29,59.33656356765328,7.0,1.9857143,6.285714,-0.61428565,73.44286,1.3000001,1.1142857,1.4,9.028571,4.542857,0.000116854906,0.0022191107,0.0003664153,0.00028828904,0.0024337284,True
1993-04-05,59.28,2.5,4.6857147,8.585714,0.55714285,75.0,1.1428572,0.9285714,1.3428571,8.6,5.6857142,8.776039e-05,0.0022533387,0.0008582785,0.0023890417,0.00049570575,True
1993-04-12,59.34,6.2,3.6857142,8.471429,0.24285714,74.971436,1.4428571,1.2142857,1.5571429,8.457143,6.3,0.00016837567,0.002264604,3.0880883e-06,2.3338944e-05,3.684312e-06,True
1993-04-19,59.3,7.5,7.428571,13.185715,1.9857142,66.7,2.1571426,1.7142857,2.3142858,7.9142857,9.0,0.00011304021,0.0022517294,7.947286e-08,8.549541e-07,0.0,True
1993-04-26,59.34,3.7,15.242858,21.942858,8.528571,57.014286,3.8428571,2.7857144,4.1571426,7.3,15.3,1.283735e-05,0.0022115707,-7.345365000000001e-25,3.7252903e-09,0.0,True
1993-05-03,59.28,0.1,16.942858,24.7,9.614286,56.885715,3.8857143,1.7142857,4.2428575,6.214286,18.171429,3.695488e-06,0.002126649,-7.345365000000001e-25,3.7252903e-09,0.0,True
1993-05-10,59.28,0.3,12.942858,19.199999,6.5428576,66.67143,3.0142858,1.0285715,3.2857144,5.8714285,15.285714,1.9550323e-05,0.00204131,-7.345365000000001e-25,3.7252903e-09,0.0,True
1993-05-17,59.27,0.2,16.457144,23.085714,9.814286,58.414288,4.0142856,0.9571429,4.4,5.6,19.314285,2.259016e-05,0.001931347,-7.345365000000001e-25,3.7252903e-09,0.0,True
1993-05-24,59.21,20.199999,17.528572,23.6,12.228572,70.200005,3.5142856,1.2428571,3.957143,5.8142858,19.6,0.00031913072,0.0018113852,-7.345365000000001e-25,7.450581e-09,0.0,True
1993-05-31,59.29370419055677,30.7,13.485715,18.028572,9.228571,79.71429,2.642857,2.1571429,2.5571427,6.4714284,16.685715,0.00097094476,0.0017221197,-7.345365000000001e-25,1.1175871e-08,0.0,True
1993-06-07,59.3,7.0,15.528572,20.557142,9.414286,68.01429,3.257143,2.3714287,3.4285715,6.385714,19.514286,8.72612e-05,0.0016408265,-7.345365000000001e-25,3.7252903e-09,0.0,True
1993-06-14,59.28,50.100002,17.014286,21.9,11.5,72.88572,3.1714284,2.0285716,3.2285714,6.5142856,20.22857,0.00410603,0.0017672181,-7.345365000000001e-25,0.0,0.0,True
1993-06-21,59.43,20.3,14.157143,17.714287,10.17143,77.07143,2.642857,2.4142857,2.6285713,7.9428573,16.214285,0.0002542585,0.0014984161,-7.345365000000001e-25,1.4901161e-08,0.0,True
1993-06-28,59.41,26.5,12.714286,16.685715,9.357142,75.942856,2.6285717,2.3999999,2.7285714,7.8714285,15.857142,0.00017236173,0.0014590472,-7.345365000000001e-25,0.0,0.0,True
1993-07-05,59.3,0.0,17.47143,22.600002,11.071428,70.17143,3.4714284,2.585714,3.7571428,7.2,20.9,2.0161271e-05,0.001412183,-7.345365000000001e-25,7.450581e-09,0.0,True
1993-07-12,59.29,14.5,14.371429,18.928572,10.985715,75.32857,2.9714284,2.4857144,3.0714285,6.8142858,16.857143,0.00021374226,0.0013651103,-7.345365000000001e-25,1.4901161e-08,0.0,True
1993-07-19,59.26,12.2,15.828572,20.571428,11.071428,78.38572,2.6714287,2.3,2.857143,6.9142857,18.828571,8.688867e-05,0.0013236329,-7.345365000000001e-25,7.450581e-09,0.0,True
1993-07-26,59.24,36.899998,14.842857,19.800001,11.771429,80.65715,2.542857,2.3714287,2.7142856,7.1285715,17.528572,0.00015084445,0.0012827665,-7.345365000000001e-25,1.8626451e-08,0.0,True
1993-08-02,59.38,32.3,17.0,22.17143,12.285714,79.67143,2.8,2.585714,2.957143,7.857143,19.057142,0.00053083897,0.0012440756,-7.345365000000001e-25,1.3038516e-08,0.0,True
1993-08-09,59.45,35.1,16.928572,21.514286,13.285714,82.52857,2.3285713,2.1571429,2.5285716,8.228572,19.714285,0.00022105873,0.0012079403,-7.345365000000001e-25,7.450581e-09,0.0,True
1993-08-16,59.27,0.0,17.257143,22.614286,11.771429,74.17143,2.857143,2.4285715,3.1714287,8.085714,19.22857,0.0013147295,0.0011798292,-7.345365000000001e-25,1.8626451e-08,0.0,True
1993-08-23,59.25,4.9,14.214286,19.157145,10.328572,75.51429,2.0714288,1.6571428,2.4285715,7.428571,17.885714,0.00022056699,0.0011497289,-7.345365000000001e-25,7.450581e-09,0.0,True
1993-08-30,59.30768295211585,14.9,11.985715,17.300001,7.871429,81.54286,1.7714287,1.5428572,1.9714285,7.4857144,15.314285,0.00017410517,0.0011280552,-7.345365000000001e-25,3.7252903e-09,0.0,True
1993-09-06,59.29,27.9,11.585714,15.385714,8.257143,85.614296,1.4571428,1.4142857,1.5285714,8.457143,13.614285,0.00020615757,0.0011133105,-7.345365000000001e-25,9.313226e-09,0.0,True
1993-09-13,59.32,55.5,13.214286,17.328571,10.042857,86.44286,1.1428571,1.1,1.4571428,9.342857,14.957143,0.0018252134,0.0011047646,-7.345365000000001e-25,9.313226e-09,0.0,True
1993-09-20,59.5,11.5,10.485715,14.457144,6.785714,84.41429,1.042857,1.0142857,1.2285715,10.157143,11.657143,0.0048561543,0.0026328713,-7.345365000000001e-25,5.5879354e-09,0.0,True
1993-09-27,59.4,8.900001,13.757143,16.9,10.8,88.78571,0.8142857,0.75714284,1.0571429,9.571428,13.942857,0.0001385063,0.0012928545,-7.345365000000001e-25,1.1175871e-08,0.0,True
1993-10-04,59.45,0.0,10.571428,14.471429,7.1714287,76.0,1.0285714,0.9142857,1.6,9.414286,11.357142,3.962964e-05,0.0013983175,-7.345365000000001e-25,5.5879354e-09,0.0,True
1993-10-11,59.42,21.2,12.014285,16.685715,8.142858,85.52857,0.8,0.71428573,1.0714285,9.285714,12.6,0.00016441196,0.0014753118,-7.345365000000001e-25,9.313226e-09,0.0,True
1993-10-18,59.38,7.2999997,7.585715,12.400001,4.4,83.8,0.68571424,0.64285713,0.8714286,9.771428,8.614285,0.00013273954,0.0015366003,-7.345365000000001e-25,5.5879354e-09,0.0,True
1993-10-25,59.31,1.3,4.6142855,8.114286,1.4142858,83.87142,0.45714286,0.42857146,0.62857145,9.585714,5.385714,2.7380884e-05,0.0015940964,-7.345365000000001e-25,0.0,0.0,True
1993-11-01,59.3,0.0,4.114286,8.1,1.0285714,87.15715,0.25714284,0.24285714,0.35714287,9.414286,4.742857,1.01700425e-05,0.0016436949,-7.345365000000001e-25,0.0,0.0,True
1993-11-08,59.3,3.1000001,3.1000001,4.1857142,1.1999999,97.85714,0.12857142,0.12857142,0.25714287,9.385715,3.442857,8.300692e-05,0.0016813427,-7.345365000000001e-25,0.0,0.0,True
1993-11-15,59.3,9.9,3.7571428,5.5285716,2.3285713,92.21429,0.25714284,0.24285714,0.3857143,9.757143,3.557143,0.00019215047,0.0017103329,0.00025401797,0.0009149667,0.0018203557,True
1993-11-22,59.3,16.3,-2.1142857,0.1428571,-4.1714287,87.71429,0.057142857,0.057142857,0.3285714,10.1,0.35714287,1.3664365e-05,0.001741536,0.00215632,0.0002558343,0.010991819,True
1993-11-29,59.30017462236743,3.8,-3.8,-1.7857143,-6.3428574,89.07143,0.014285714,0.014285714,0.20000002,10.242857,0.057142857,2.0861626e-07,0.001782991,0.013904111,0.0,0.0038205646,True
1993-12-06,59.3,5.6,2.0571427,3.8714287,-0.7571429,90.32857,0.17142858,0.17142858,0.40000004,10.2,2.0857143,0.00036680698,0.0018232986,0.0074037258,0.017457385,0.0019580126,True
1993-12-13,59.4,43.4,3.3714287,5.1857147,1.3142856,88.27143,0.4857143,0.4857143,0.47142857,10.757143,2.7857144,0.0009795129,0.0019276813,0.00087539357,0.0034827255,0.008586325,True
1993-12-20,59.57,19.7,3.5428574,6.5285716,0.94285715,88.04286,0.5,0.4857143,0.5,10.714286,2.442857,0.0008563623,0.0023378804,0.003575569,0.008612176,0.0033451915,True
1993-12-27,59.54,25.3,0.74285716,1.8714286,-0.44285718,93.51429,0.20000002,0.20000002,0.21428572,10.714286,0.62857145,0.00016774237,0.0030945018,0.0046593235,0.002200134,0.013480578,True
1994-01-03,59.55,20.4,1.2428572,3.0857143,-0.34285712,92.471436,0.25,0.25,0.24285714,10.75,0.8,0.0012984276,0.0038708448,0.0064438186,0.012933869,0.005577095,True
1994-01-10,59.5,12.500001,3.0142858,4.9857144,0.9714286,92.07143,0.25714287,0.25714287,0.25714287,10.457143,1.7714286,0.00036355853,0.0050935,0.001745945,0.0065893717,0.002051141,True
1994-01-17,59.47,12.2,3.1857142,4.8714285,1.4714286,84.14286,0.42857143,0.42857143,0.5142857,10.442857,2.642857,0.00023712963,0.006228164,9.99428e-05,0.0003259629,0.0007873513,True
1994-01-24,59.51,28.4,2.4857142,4.0285716,0.6,89.74286,0.5,0.5,0.44285712,10.571428,1.4,0.00078014284,0.00696218,0.0036743085,0.011079922,0.010538895,True
1994-01-31,59.53006839223369,50.1,3.4428573,5.9,1.3714286,86.200005,0.8714286,0.8714286,0.5857143,11.1285715,2.5285714,0.0021607354,0.010030746,0.001335655,0.006194558,0.0064938366,False
1994-02-07,59.65,0.7,1.3571428,2.8857143,0.07142858,83.52857,0.4,0.4,0.59999996,10.357142,1.0571429,5.954504e-05,0.013311669,0.0007613386,0.00097408704,0.0011098571,True
1994-02-14,59.48,2.8000002,-1.9142857,1.0142858,-4.071429,78.64286,0.18571429,0.18571429,0.59999996,10.2,-0.071428575,5.4195523e-05,0.0138388425,0.00076342764,0.0005411245,0.0008349754,True
1994-02-21,59.38,8.6,-4.2285714,-0.71428573,-7.657143,72.74286,0.057142857,0.057142857,0.64285713,10.142858,-1.9,3.5762787e-07,0.01343552,0.0025227808,7.2941184e-06,0.0075740255,True
1994-02-28,59.33,1.2,-1.9285715,2.057143,-5.657143,87.48572,0.18571427,0.17142858,0.42857143,10.257143,-0.37142858,0.00012788922,0.012757778,0.008163458,0.006367622,0.0019854568,True
1994-03-07,59.48,22.4,2.5857143,5.2571425,0.12857148,87.1,0.7142858,0.7142858,0.6857143,10.385715,1.2285714,0.0004490465,0.01193919,0.0042496636,0.009205461,0.0063103065,True
1994-03-14,59.43,22.0,6.228572,9.599999,2.6571429,82.47143,1.057143,1.0428572,0.98571426,10.342857,5.2,0.000338614,0.011235215,3.671646e-05,0.00033961795,0.00013764948,True
1994-03-21,59.53,26.9,2.2571428,5.6857147,0.5285715,82.75715,1.0571429,1.0571429,0.9285714,10.8,3.3285713,0.00038431585,0.0106870085,0.0028641962,0.005826397,0.012253702,True
1994-03-28,59.52,21.6,5.7000003,9.614286,1.6999999,77.62858,1.4999999,1.4857142,1.3714286,10.557143,5.8285713,0.0011728257,0.010365069,0.0009902602,0.0061278082,1.23642385e-05,True
1994-04-04,59.51,11.0,6.7714286,12.528572,2.5285716,80.72857,1.6571429,1.6142857,1.5285714,10.171429,7.428571,0.00042651594,0.0103555545,3.6898115e-07,5.9492886e-06,0.0,True
1994-04-11,59.47,11.9,5.0428576,10.242858,0.9857144,80.35714,1.442857,1.3714285,1.4,9.942857,7.114286,0.0003143549,0.010289557,0.00024537244,0.0011800826,0.0011928752,True
1994-04-18,59.58,29.1,6.4857144,10.857142,3.8142858,78.314285,1.5142858,1.4714285,1.5571429,10.557143,8.528571,0.0025901198,0.011999816,1.5894572e-07,2.855435e-06,0.0,True
1994-04-25,59.43,0.0,11.457144,17.77143,4.1285715,58.385715,2.9428573,2.3,3.142857,9.414286,12.9,7.4356794e-06,0.011073835,-7.345365000000001e-25,0.0,0.0,True
1994-05-02,59.35,0.1,12.257143,18.028572,7.571429,72.62858,2.4571426,1.8285713,2.4714284,8.342857,15.071428,2.0980835e-05,0.010614663,-7.345365000000001e-25,7.450581e-09,0.0,True
1994-05-09,59.33,2.3,12.457143,18.414288,5.7714286,54.94286,3.557143,2.2285714,3.8,7.4714284,14.757143,3.6358833e-05,0.009893879,-7.345365000000001e-25,0.0,0.0,True
1994-05-16,59.31,2.9,14.028572,20.357143,8.485715,70.11429,3.2857144,1.4,3.1571429,6.7285714,16.542856,8.268654e-05,0.008929074,-7.345365000000001e-25,7.450581e-09,0.0,True
1994-05-23,59.38,60.199997,12.514285,17.4,8.3714285,82.17143,2.0714285,1.5142857,2.1714284,7.3285713,14.857142,0.000465855,0.008032836,-7.345365000000001e-25,3.7252903e-09,0.0,True
1994-05-30,59.29537473964969,2.1000001,11.67143,15.900001,7.2571435,76.77143,2.3428571,1.8857143,2.4285715,7.885714,15.457143,7.364154e-05,0.007293552,-7.345365000000001e-25,0.0,0.0,False
1994-06-06,59.31,6.7000003,13.457144,17.728573,8.642858,74.4,2.7285714,2.3142858,2.6857142,7.3,15.385715,0.0001474917,0.0066040084,-7.345365000000001e-25,3.7252903e-09,0.0,True
1994-06-13,59.29,25.400002,13.257143,17.87143,8.485715,82.08572,2.4285715,2.0714285,2.4714284,7.8,16.314285,0.0005889535,0.006017819,-7.345365000000001e-25,3.7252903e-09,0.0,True
1994-06-20,59.3,10.1,13.1,17.657145,8.4,74.01429,3.0142856,2.357143,2.7714286,7.4714284,15.742857,8.429587e-05,0.0055030137,-7.345365000000001e-25,3.7252903e-09,0.0,True
1994-06-27,59.28,0.9,17.942858,23.5,11.328572,62.885715,4.285714,2.757143,4.3714285,6.6,20.085714,5.352497e-05,0.0050205737,-7.345365000000001e-25,7.450581e-09,0.0,True
1994-07-04,59.22,14.8,20.414286,27.085714,12.857142,62.2,4.7428575,2.2285714,4.8857145,5.714286,23.885714,5.259365e-05,0.0045050755,-7.345365000000001e-25,3.7252903e-09,0.0,True
1994-07-11,59.26,11.6,18.142857,24.228573,12.414286,70.457146,3.5571427,1.9285715,3.9285715,5.6285715,22.485714,0.0002949983,0.0040437207,-7.345365000000001e-25,7.450581e-09,0.0,True
1994-07-18,59.1,0.0,21.985716,28.142857,15.400001,59.75714,4.657143,1.3285714,5.1571426,5.142857,25.171429,7.212162e-06,0.0036208928,-7.345365000000001e-25,1.1175871e-08,0.0,True
1994-07-25,59.05,0.0,22.928572,30.242859,14.2,47.77143,5.128571,0.78571427,5.7000003,4.8428574,25.614286,4.4703484e-08,0.0032237917,-7.345365000000001e-25,3.7252903e-09,0.0,True
1994-08-01,58.95,0.2,26.17143,33.857143,18.5,56.18572,4.8285713,0.7285714,5.6285715,4.5857143,28.12857,6.1690807e-06,0.0028345063,-7.345365000000001e-25,1.4901161e-08,0.0,True
1994-08-08,58.92,0.0,22.485716,28.457144,15.6285715,60.04286,4.1571426,0.67142856,4.5571427,4.385714,26.1,1.2785196e-05,0.0024968982,-7.345365000000001e-25,7.450581e-09,0.0,True
1994-08-15,59.0,29.8,17.142857,21.528574,13.657143,76.08571,2.5,1.2571429,2.642857,5.0857143,20.0,0.00022542477,0.0022381693,-7.345365000000001e-25,1.1175871e-08,0.0,True
1994-08-22,59.04,25.1,14.914286,20.4,10.557143,79.52857,2.3,1.942857,2.3857143,6.4142857,17.657143,0.00021064281,0.0020661727,-7.345365000000001e-25,1.1175871e-08,0.0,True
1994-08-29,59.05692424148976,21.7,16.114286,21.0,12.1,80.42857,2.0571427,1.8571428,2.2714286,7.0571427,18.457144,0.0006391257,0.0019166246,-7.345365000000001e-25,7.450581e-09,0.0,True
1994-09-05,59.05,1.5,15.485715,19.442858,12.214286,83.08571,1.6428572,1.457143,1.9285715,7.242857,17.342857,0.00015823543,0.0017958283,-7.345365000000001e-25,1.1175871e-08,0.0,True
1994-09-12,59.07,33.3,13.485715,16.828571,10.814286,85.78571,1.4285715,1.3857144,1.5571429,8.171429,14.785714,0.00085119903,0.0017024875,-7.345365000000001e-25,7.450581e-09,0.0,True
1994-09-19,59.29,38.2,12.428572,15.5,10.157143,87.17143,1.3285714,1.2857144,1.3428571,9.242857,13.685715,0.00035235286,0.0016298443,-7.345365000000001e-25,1.1175871e-08,0.0,True
1994-09-26,59.25,0.70000005,12.842857,17.642857,9.328572,88.64286,0.90000004,0.8142857,1.2285715,9.5,14.2,5.4061413e-05,0.001583457,-7.345365000000001e-25,3.7252903e-09,0.0,True
1994-10-03,59.2,5.4,10.842857,14.285714,7.285714,83.48572,0.92857134,0.8,1.2,9.2,12.257143,0.00011279434,0.001543045,-7.345365000000001e-25,1.6763806e-08,0.0,True
1994-10-10,59.21,0.6,4.6142855,10.514285,0.6857143,82.200005,0.7285714,0.62857145,0.88571423,9.085714,7.2714286,1.8581748e-05,0.0015079007,-7.345365000000001e-25,0.0,0.0,True
1994-10-17,59.22,0.0,7.0142856,11.842857,2.7142856,85.85714,0.5857143,0.4714286,0.67142856,8.814285,8.728572,1.8849969e-06,0.0014767423,-7.345365000000001e-25,1.8626451e-09,0.0,True
1994-10-24,59.21,0.2,6.571429,11.271429,2.142857,69.52857,0.90000004,0.71428573,1.3571428,8.528571,6.4714284,3.1739473e-06,0.0014460757,-7.345365000000001e-25,0.0,0.0,True
1994-10-31,59.26114833888035,25.4,8.471429,12.071428,5.3714285,88.24286,0.6571428,0.62857145,0.5857143,8.671429,8.271428,0.00044852495,0.001417987,-7.345365000000001e-25,9.313226e-09,0.0,True
1994-11-07,59.35,4.3,7.4428573,11.3714285,4.142857,83.68572,0.61428577,0.55714285,0.64285713,9.357142,6.8285713,3.3400953e-05,0.0013956726,-7.345365000000001e-25,3.7252903e-09,0.0,True
1994-11-14,59.32,14.400001,4.0857143,6.442857,1.2428572,86.971436,0.31428576,0.2857143,0.45714286,9.328571,4.2285714,0.00020775199,0.0013806149,5.0578797e-06,1.462549e-05,1.6182661e-05,True
1994-11-21,59.4,26.6,7.2571425,9.814286,4.971429,88.67143,0.6,0.6,0.5428571,10.271428,6.3142858,0.00017683208,0.0013706833,2.2706532e-08,1.7415732e-06,0.0,True
1994-11-28,59.45,6.7,5.871429,7.8857145,2.8142858,91.12858,0.3,0.3,0.27142856,10.228572,5.4714284,9.018183e-05,0.0013726801,-7.345365000000001e-25,0.0,0.0,True
1994-12-05,59.37,3.5,3.6857145,6.371429,1.0,90.3,0.2,0.21428572,0.22857143,10.2,2.7857144,4.927814e-05,0.0013867021,-7.345365000000001e-25,2.2910535e-07,2.1606684e-07,True
1994-12-12,59.35,39.4,6.2285714,8.028571,3.257143,90.71429,0.59999996,0.59999996,0.37142858,10.671429,4.928571,0.00037950277,0.0014068112,-7.345365000000001e-25,9.313226e-09,0.0,True
1994-12-19,59.54,4.2,1.6857144,4.328572,-0.014285696,89.114296,0.2714286,0.2714286,0.25714287,10.642858,1.8,5.9455633e-05,0.0014519542,0.00063117914,0.0010509267,0.0018965825,True
1994-12-26,59.4,6.5,-0.27142856,1.1714287,-1.8000001,93.58571,0.071428575,0.071428575,0.20000002,10.214286,0.14285715,1.8715858e-05,0.0015294403,0.0009128026,0.00032406673,0.0029201247,True
1995-01-02,59.49,17.8,4.5571427,7.1285715,2.5285716,86.700005,0.67999995,0.67999995,0.59999996,10.68,3.6,0.0004881844,0.001621522,0.0013574305,0.0071661845,0.0055051968,True
1995-01-09,59.33,7.1,-4.728572,-2.1714287,-7.8428574,85.200005,0.014285714,0.014285714,0.18571429,10.342857,-1.3428571,3.2499433e-05,0.0017836839,0.002580495,0.00069737807,0.0042699166,True
1995-01-16,59.35,6.5,0.47142857,2.1285713,-1.8714286,89.62858,0.3285714,0.3285714,0.3285714,10.385715,-0.114285715,0.00026370585,0.0019520894,0.008261107,0.0078057926,0.0070913658,True
1995-01-23,59.4,16.5,1.2571429,3.8428571,-0.67142856,83.200005,0.5,0.5142857,0.59999996,10.3714285,-0.028571429,0.00083408505,0.0021236092,0.006043139,0.010464555,0.008882906,True
1995-01-30,59.47989348058808,25.6,3.5714285,6.7428575,1.0571429,89.88572,0.64285713,0.64285713,0.4857143,10.885715,2.3428571,0.0012067109,0.0024673268,0.0022809561,0.010875205,0.009275619,True
1995-02-06,59.5,6.2999997,4.328572,6.6285715,0.82857144,84.35714,0.55714285,0.55714285,0.64285713,10.471429,2.6857142,0.00021368265,0.003425844,0.00028885546,0.0010887869,0.00021687895,True
1995-02-13,59.55,22.3,2.8285713,6.0285716,-0.08571428,84.78571,0.74285716,0.74285716,0.64285713,10.428572,2.2714286,0.00022825599,0.004334599,0.00071266154,0.0030438658,0.0030967444,True
1995-02-20,59.52,22.6,5.071429,8.014286,2.5714285,85.35714,1.0,1.0,0.7285714,10.514286,4.257143,0.00046753883,0.0049637705,1.2488592e-05,0.00012535788,0.0,True
1995-02-27,59.42,12.200001,3.1714287,6.7714286,0.11428571,82.02857,0.8000001,0.7857143,0.8000001,10.242857,3.2285714,9.262562e-05,0.005576998,2.5823003e-05,3.1977892e-05,0.00024580583,True
1995-03-06,59.47,7.7,4.457143,7.928571,1.1428573,81.52857,1.057143,1.0285714,0.9285714,10.1285715,3.8857143,0.00016403198,0.006012045,0.00024479342,0.0016094912,0.0017340705,True
1995-03-13,59.41,0.0,2.4285715,7.428572,-1.4571428,78.08572,0.95714283,0.82857144,1.0285714,9.742857,3.6142857,1.7136335e-05,0.0061618686,0.00013135161,0.00033009984,1.0017306e-05,True
1995-03-20,59.37,27.7,2.1857145,5.1285715,-0.75714284,82.21429,0.9,0.9,0.9714285,9.771428,2.4285715,0.00032564998,0.00613755,0.00059472944,0.0026115626,0.003218308,True
1995-03-27,59.45,15.8,4.8,8.571428,1.4428571,75.442856,1.6,1.5,1.4571428,9.8,5.142857,0.00028410554,0.006064564,0.00066514243,0.0016275551,0.0058508962,True
1995-04-03,59.46,11.4,4.5142856,8.0,0.71428573,79.08571,1.3571428,1.3428571,1.4714286,10.1,4.5142856,0.00033178926,0.0060025826,0.0036258867,0.00863979,0.0048231743,True
1995-04-10,59.42,12.0,5.4000006,8.971429,1.8285714,71.85714,1.7142857,1.6285715,1.8142856,9.842857,6.5,0.00023503602,0.0060280114,1.11262e-06,9.1940165e-06,2.7939677e-07,True
1995-04-17,59.4,10.3,4.8142858,9.071428,1.1571429,83.04286,1.3142856,1.1999999,1.3428571,9.614285,6.9714284,0.00023694336,0.006058939,1.1920929e-07,1.2852252e-06,2.1606684e-06,True
1995-04-24,59.43,13.1,11.114286,16.585714,5.2428575,68.571434,2.9285715,2.6285713,3.1285713,9.742857,10.8714285,0.0010491759,0.0060228854,5.367824e-05,0.00035784766,0.00035338476,True
1995-05-01,59.33,0.2,9.057143,14.271429,4.257143,69.28571,2.3428574,1.7857141,2.5857143,8.728572,12.528571,1.168251e-05,0.005923085,-7.345365000000001e-25,3.7252903e-09,0.0,True
1995-05-08,59.37,6.1000004,12.714286,18.84286,5.8428574,62.357143,3.3714287,2.4285712,3.457143,7.6714287,16.0,6.8992376e-05,0.005717732,-7.345365000000001e-25,7.450581e-09,0.0,True
1995-05-15,59.32,9.3,7.871429,11.942857,4.342857,78.42857,1.8571428,1.557143,1.9142857,7.542857,10.442857,0.00017946959,0.0054838806,-7.345365000000001e-25,0.0,0.0,True
1995-05-22,59.3,10.5,9.642858,14.285714,4.571429,72.61429,2.3714287,1.9428571,2.5571427,7.757143,12.914286,0.00014197826,0.005230427,-7.345365000000001e-25,0.0,0.0,True
1995-05-29,59.26098266619708,13.299999,17.928572,24.985716,9.971429,60.200005,4.2571425,2.8999999,4.571429,6.8285713,19.957144,0.00010754168,0.0048934445,-7.345365000000001e-25,1.1175871e-08,0.0,True
1995-06-05,59.34,19.1,13.800001,17.6,10.485715,87.200005,1.9000002,1.6714284,2.1571429,7.4142857,16.842857,0.0004684478,0.004566297,-7.345365000000001e-25,1.1175871e-08,0.0,True
1995-06-12,59.39,11.9,13.414286,17.6,9.042857,78.62858,2.3285713,2.042857,2.6285713,7.742857,16.971428,0.0001950264,0.004289627,-7.345365000000001e-25,3.7252903e-09,0.0,True
1995-06-19,59.44,29.7,13.285714,17.37143,9.571428,81.01429,2.457143,2.257143,2.5857143,8.642858,15.914286,0.0003914088,0.004055403,-7.345365000000001e-25,1.1175871e-08,0.0,True
1995-06-26,59.41,16.0,15.900001,20.242859,11.014285,78.08572,3.0571427,2.6000001,3.142857,8.2,18.171429,8.764863e-05,0.0038537383,-7.345365000000001e-25,7.450581e-09,0.0,True
1995-07-03,59.23,9.0,17.728573,23.242857,11.657143,69.01429,4.085714,2.9857142,4.1857142,6.885714,22.171429,0.00012764335,0.0036080778,-7.345365000000001e-25,7.450581e-09,0.0,True
1995-07-10,59.17,1.0,18.87143,24.242859,13.442858,69.44286,3.914286,2.3714287,4.0571427,6.2714286,21.8,1.2040138e-05,0.0033615679,-7.345365000000001e-25,1.8626451e-08,0.0,True
1995-07-17,59.15,66.5,21.385714,27.257143,15.871429,75.14286,3.4714284,2.0571427,4.0,5.9714284,24.414286,0.0002707839,0.0031039119,-7.345365000000001e-25,1.4901161e-08,0.0,True
1995-07-24,59.28,8.0,19.300001,24.67143,14.300001,73.02857,3.6714284,2.5285716,3.6857142,6.0285716,22.857143,7.890165e-05,0.0028892532,-7.345365000000001e-25,1.1175871e-08,0.0,True
1995-07-31,59.1227868917661,0.0,21.057144,27.47143,13.957144,60.085716,4.4714284,1.7285713,5.042857,5.457143,24.22857,2.9802322e-07,0.0026629493,-7.345365000000001e-25,1.1175871e-08,0.0,True
1995-08-07,59.14,0.0,20.514286,26.285715,14.214286,62.84286,4.085715,0.6571428,4.4714284,4.9714284,24.442858,4.693866e-06,0.002424486,-7.345365000000001e-25,9.313226e-09,0.0,True
1995-08-14,59.08,0.0,19.542858,26.357143,12.014287,57.61429,3.9571426,0.58571434,4.3857145,4.6857142,23.642857,6.8694353e-06,0.0022045597,-7.345365000000001e-25,7.450581e-09,0.0,True
1995-08-21,59.02,0.0,20.84286,27.27143,13.571428,65.77143,3.2714286,0.5,3.8428571,4.5142856,23.585714,4.3809414e-06,0.0020074546,-7.345365000000001e-25,9.313226e-09,0.0,True
1995-08-28,58.96,7.8999996,17.942858,23.4,13.514285,69.72857,2.7285714,0.71428573,3.1714287,4.5857143,21.0,7.0765615e-05,0.0018275753,-7.345365000000001e-25,1.1175871e-08,0.0,True
1995-09-04,59.1,37.4,12.771429,16.185715,10.071428,80.51429,1.6571429,1.2428572,1.8285714,6.0285716,14.171429,0.00026492774,0.0017046407,-7.345365000000001e-25,1.4901161e-08,0.0,True
1995-09-11,59.12,11.8,15.071428,20.17143,10.785714,80.5,1.7142856,1.5000001,1.9571428,7.0857143,16.8,0.0001938194,0.0016076341,-7.345365000000001e-25,7.450581e-09,0.0,True
1995-09-18,59.12,0.2,14.657144,20.214285,10.557143,81.35714,1.3000001,1.0285715,1.7857143,6.885714,16.971428,5.891919e-05,0.0015208796,-7.345365000000001e-25,9.313226e-09,0.0,True
1995-09-25,59.14,9.7,12.457144,16.442858,8.857142,84.78571,1.1,0.9142857,1.5142858,7.114286,14.171429,8.2716346e-05,0.0014472827,-7.345365000000001e-25,7.450581e-09,0.0,True
1995-10-02,59.19,27.9,8.6285715,12.414286,6.057143,83.42857,1.0285714,1.0142857,1.2571429,7.9,9.757143,0.00022819638,0.0013848916,-7.345365000000001e-25,7.450581e-09,0.0,True
1995-10-09,59.16,3.0,15.414286,20.814287,11.028572,83.72858,1.1142857,0.9857143,1.3857143,7.8285713,15.4,3.798306e-05,0.0013310313,-7.345365000000001e-25,7.450581e-09,0.0,True
1995-10-16,59.19,0.0,14.257143,17.542858,11.585715,89.75715,0.54285717,0.4285714,0.8428572,7.542857,14.928572,1.3463199e-05,0.0012840778,-7.345365000000001e-25,3.7252903e-09,0.0,True
1995-10-23,59.2,9.1,9.028571,13.1,5.4,81.94286,0.75714284,0.64285713,0.9285714,7.5285716,10.1,0.00010450184,0.0012443736,-7.345365000000001e-25,7.450581e-09,0.0,True
1995-10-30,59.2078058699325,1.1,9.014286,14.814286,4.3857145,83.27143,0.5714286,0.5142857,0.71428573,7.457143,9.2,1.4200807e-05,0.0012072846,-7.345365000000001e-25,7.450581e-09,0.0,True
1995-11-06,59.3,38.9,3.4428573,6.071429,0.04285719,86.72858,0.54285717,0.54285717,0.54285717,8.157143,3.942857,0.00025685132,0.0011760369,0.0029904332,0.005893966,0.008585211,True
1995-11-13,59.35,2.0,3.5,6.3428574,0.5714286,88.700005,0.31428576,0.28571433,0.37142858,8.757143,3.9142857,8.8602304e-05,0.0011501163,0.0008130187,0.0024234075,2.3622066e-05,True
1995-11-20,59.33,10.4,2.7857144,5.728572,0.31428578,86.52857,0.4,0.3857143,0.55714285,8.942857,2.8285713,3.7401915e-05,0.0011300817,0.0004844041,0.0004040338,0.0020993687,True
1995-11-27,59.31,0.0,0.75714296,3.7428572,-1.8571428,88.828575,0.14285716,0.14285716,0.22857143,9.2,0.78571427,2.270937e-05,0.0011140108,0.00090649584,0.0016177762,0.0,True
1995-12-04,59.29,0.0,-1.8857143,-0.11428572,-3.7714288,86.700005,0.028571429,0.028571429,0.35714287,9.185715,-0.5,2.2798777e-06,0.0011004433,0.00052638847,4.636869e-05,0.0008355491,True
1995-12-11,59.25,8.2,-2.3714287,-1.0428572,-4.285714,88.457146,0.028571429,0.028571429,0.35714287,9.342857,-1.2714286,3.874302e-05,0.0010886863,0.0040748348,0.002670778,0.005993711,True
1995-12-18,59.29,1.5,-2.857143,-0.74285716,-4.957143,90.72857,0.057142857,0.057142857,0.14285715,9.4,-1.3714286,9.022653e-06,0.0010778904,0.0046795434,0.00020887144,0.0012177527,True
1995-12-25,59.26,25.3,-2.142857,0.9571429,-6.1285715,91.38572,0.071428575,0.071428575,0.17142858,10.0,-1.5,0.00045338273,0.0010680035,0.004801398,0.0069746226,0.004870929,True
1996-01-01,59.27,0.5,-8.957143,-6.3,-12.042857,87.442856,0.0,0.0,0.12857144,10.4,-2.3333333,1.3411045e-07,0.0010616109,0.008025459,0.0,0.004432708,True
1996-01-08,59.25,1.2,-3.6285713,-1.9285715,-6.2714286,88.34286,0.014285714,0.014285714,0.27142856,10.2,-2.0,2.3536384e-05,0.0010588542,0.008449202,0.001065582,0.0005031675,True
1996-01-15,59.28,0.2,0.04285715,1.2857143,-0.81428576,96.47143,0.071428575,0.071428575,0.14285715,10.142858,-0.41428572,4.8473477e-05,0.0010571107,0.006246709,0.002783401,0.00030545145,True
1996-01-22,59.27,0.0,-3.7142856,-1.7571429,-4.8714285,88.557144,0.014285714,0.014285714,0.2857143,10.1,-2.6,1.3560057e-06,0.0010567233,0.0057680947,5.7801604e-05,0.0009601489,True
1996-01-29,59.23465525408452,0.0,-8.557143,-5.0285716,-11.800001,76.92857,0.0,0.0,0.37142858,10.071428,-6.6571426,7.4505806e-08,0.0010578111,0.005079962,0.0,4.1276217e-05,False
1996-02-05,59.23,3.2,-5.085714,-1.6714287,-8.714286,83.71429,0.0,0.0,0.27142859,10.042857,-3.7571428,1.4156103e-07,0.0010589659,0.0059443656,0.0,0.0034739897,True
1996-02-12,59.18,1.8,-7.9857144,-4.1857142,-12.642858,76.8,0.071428575,0.071428575,0.42857143,10.1,-6.0285716,2.6851892e-05,0.0010595173,0.007453714,0.0012306981,0.0011934526,True
1996-02-19,59.18,21.0,0.18571427,1.9285715,-2.1142857,90.700005,0.25714284,0.25714284,0.3857143,10.328571,-0.4,0.00039307773,0.0010594428,0.008108207,0.009855524,0.014390647,True
1996-02-26,59.3,4.4,-3.1142857,0.8857144,-6.914286,83.37142,0.24285714,0.24285714,0.51428574,10.557143,0.0,0.00016345084,0.0010634437,0.0192372,0.0079094805,0.011978012,True
1996-03-04,59.3,0.5,-1.2285715,2.2285714,-3.5142858,83.85714,0.37142858,0.35714287,0.5857143,10.057143,0.08571429,0.00013376027,0.001081869,0.008559477,0.005938774,0.0008820966,True
1996-03-11,59.28,2.6,-1.4285715,2.0714285,-4.471429,74.67143,0.5142857,0.4714286,0.95714283,9.885715,-0.014285714,2.5905669e-05,0.0011196882,0.007139609,0.0012507048,0.002820138,True
1996-03-18,59.26,0.0,-0.8714286,1.4,-3.042857,81.78571,0.35714287,0.29999998,0.8,9.742857,-0.12857144,5.0969422e-05,0.0011623949,0.0057380996,0.0026632957,0.0011558793,True
1996-03-25,59.3,7.2,1.9714286,6.2714286,-1.6571429,81.98572,0.8428572,0.71428573,1.0142857,9.485714,1.4571428,0.0001437962,0.001196906,0.0014836958,0.0033352394,2.2649765e-06,True
1996-04-01,59.36,5.7,0.38571432,4.157143,-2.2428572,80.557144,0.9285715,0.82857144,1.0285714,9.342857,1.5857143,8.460879e-05,0.0012265667,0.0009597313,0.0014132485,0.0038329065,True
1996-04-08,59.38,0.0,4.7571425,10.771429,-1.2428572,74.12858,1.5857142,1.2571429,1.7142857,9.014286,5.1285715,4.2647123e-05,0.0012537315,0.00087233953,0.002331728,0.00012346357,True
1996-04-15,59.36,4.1,3.5428574,8.357142,-1.0285714,74.38572,1.457143,1.1999999,1.4857142,8.542857,5.4428573,0.00010885298,0.0012689456,0.0014215708,0.0040098205,0.00519808,True
1996-04-22,59.32,0.0,13.5,22.157145,4.2285714,48.714287,3.8857143,2.7142856,3.7857144,7.6,13.728572,1.5109777e-05,0.0012662411,0.000158537,0.0009661801,0.0,True
1996-04-29,59.31593663254759,8.4,11.614286,17.857143,6.3142858,74.35714,2.6000001,1.7714287,2.6000001,6.9857144,14.014286,0.00011228025,0.0012502968,-7.345365000000001e-25,6.3329935e-08,0.0,True
1996-05-06,59.32,31.4,9.357142,14.0,4.414286,77.72858,1.8857144,1.5142858,1.8142856,7.1571426,11.614285,0.00047075748,0.0012446344,-7.345365000000001e-25,0.0,0.0,True
1996-05-13,59.38,13.3,8.314286,11.071428,5.328572,87.1,1.3714286,1.1571429,1.3571428,7.642857,9.6285715,5.0097704e-05,0.0012305081,-7.345365000000001e-25,0.0,0.0,True
1996-05-20,59.38,36.8,12.442858,17.442858,8.442858,80.27143,2.1,1.7714285,2.4285715,7.642857,14.542857,0.00027740002,0.0012149066,-7.345365000000001e-25,0.0,0.0,True
1996-05-27,59.47,45.4,12.528572,16.77143,8.157144,81.700005,2.3285713,2.2428572,2.2285714,8.614285,14.442857,0.0005745515,0.0011937916,-7.345365000000001e-25,3.7252903e-09,0.0,True
1996-06-03,59.45,3.1,13.985715,18.328571,9.8,78.51429,2.4428573,2.1714284,2.5142858,8.571428,15.8,0.00012090802,0.0011831596,-7.345365000000001e-25,0.0,0.0,True
1996-06-10,59.35,17.7,20.47143,27.028574,13.328572,68.72857,4.285714,3.4714286,4.7714286,7.8,23.342857,1.5899539e-05,0.0011623725,-7.345365000000001e-25,7.450581e-09,0.0,True
1996-06-17,59.35,0.3,15.7,20.785715,9.900001,68.51429,3.5571427,2.4285715,3.6142857,6.6857142,20.042856,2.5302172e-05,0.0011213198,-7.345365000000001e-25,0.0,0.0,True
1996-06-24,59.3,0.8,12.314286,15.114286,8.857142,74.84286,2.2142856,1.3999999,2.2857144,5.9857144,15.114285,3.796816e-05,0.001086928,-7.345365000000001e-25,7.450581e-09,0.0,True
1996-07-01,59.32,17.8,13.985715,18.228573,9.7,76.88572,2.2714286,1.3714286,2.3857143,5.9,15.957143,9.1180205e-05,0.0010557994,-7.345365000000001e-25,1.1175871e-08,0.0,True
1996-07-08,59.35,23.7,14.571428,18.685715,10.542857,81.94286,2.5142858,2.2,2.4285715,6.757143,16.585714,0.0019162446,0.0010264367,-7.345365000000001e-25,1.4901161e-08,0.0,True
1996-07-15,59.22,2.5,15.6,18.914288,12.157143,79.41429,2.457143,1.9857143,2.5857143,7.457143,17.2,8.901954e-05,0.0010018125,-7.345365000000001e-25,1.4901161e-08,0.0,True
1996-07-22,59.15,3.6,15.071428,20.814287,8.257143,66.42857,3.4142854,2.2571428,3.5714285,6.5,19.12857,4.7653913e-05,0.0009727329,-7.345365000000001e-25,0.0,0.0,True
1996-07-29,59.16976897307907,8.6,17.514286,22.02857,13.2,76.057144,2.7999997,1.9285715,2.9428573,6.4714284,20.0,0.0011780858,0.00094067305,-7.345365000000001e-25,7.450581e-09,0.0,True
1996-08-05,59.13,7.3,16.885715,22.2,11.342857,76.01429,2.7000003,1.9285713,3.0142858,6.142857,20.157143,7.875264e-05,0.0009131804,-7.345365000000001e-25,7.450581e-09,0.0,True
1996-08-12,59.1,0.1,19.157145,24.571428,14.1,66.28571,3.3714287,2.114286,3.9285715,5.6285715,21.3,0.00010982156,0.00088238716,-7.345365000000001e-25,1.4901161e-08,0.0,True
1996-08-19,59.16,31.400002,17.47143,22.742859,13.285714,83.58572,2.1857142,1.5714285,2.5285716,5.742857,19.87143,0.00025171041,0.0008563027,-7.345365000000001e-25,9.313226e-09,0.0,True
1996-08-26,59.07,2.1,20.185715,26.742859,14.614286,68.77143,3.1,1.8000001,3.642857,5.3428574,22.0,0.00010995567,0.0008266419,-7.345365000000001e-25,7.450581e-09,0.0,True
1996-09-02,59.1,15.5,15.471429,20.9,10.957144,78.68572,1.9142858,1.4571428,2.4428573,5.928571,17.7,0.00030641258,0.00080307573,-7.345365000000001e-25,1.4901161e-08,0.0,True
1996-09-09,59.05,7.3999996,12.5,17.442858,8.285714,76.91429,1.8857143,1.4285715,2.1,5.8714285,15.185715,4.1157007e-05,0.00078267604,-7.345365000000001e-25,3.7252903e-09,0.0,True
1996-09-16,59.11,11.5,10.900001,14.871429,6.6714287,81.32857,1.3857143,1.1142857,1.4714286,6.1571426,12.7,0.00011309981,0.0007653609,-7.345365000000001e-25,1.8626451e-09,0.0,True
1996-09-23,59.08,1.7,9.228572,13.585715,4.728572,79.08572,1.1142857,0.8142857,1.4714286,6.071429,10.757143,1.7412007e-05,0.00075033307,-7.345365000000001e-25,5.5879354e-09,0.0,True
1996-09-30,59.1468885979731,12.0,11.185715,14.357142,8.185715,87.34286,0.88571423,0.7714285,1.0571429,6.1714287,11.6,0.00020158291,0.00073714554,-7.345365000000001e-25,1.1175871e-08,0.0,True
1996-10-07,59.23,23.8,9.271429,14.714286,5.6,86.814285,0.8428572,0.75714284,0.88571423,6.885714,10.914286,0.00028274953,0.0007267818,-7.345365000000001e-25,3.7252903e-09,0.0,True
1996-10-14,59.22,1.1,9.657143,14.842857,5.3857145,87.98572,0.67142856,0.5142857,0.7714286,6.6857142,10.542857,4.827976e-06,0.00071923435,-7.345365000000001e-25,5.5879354e-09,0.0,True
1996-10-21,59.21,24.6,9.585714,13.071428,6.1857142,93.11428,0.45714286,0.4142857,0.5142857,6.8142858,9.828571,0.0004504323,0.00071363896,-7.345365000000001e-25,5.5879354e-09,0.0,True
1996-10-28,59.3,16.400002,7.3857145,10.857142,4.0142856,91.21429,0.50000006,0.44285718,0.45714286,7.1285715,7.4714284,0.00015354156,0.00071109086,-7.345365000000001e-25,5.5879354e-09,0.0,True
1996-11-04,59.43,28.2,10.328572,12.442857,8.542857,88.02857,0.81428564,0.81428564,0.7571429,7.9714284,9.385715,0.00027303398,0.0007139817,-7.345365000000001e-25,1.4901161e-08,0.0,True
1996-11-11,59.35,8.5,6.7428575,9.657144,4.1142855,86.08572,0.7000001,0.7000001,0.7285714,8.057143,6.2,8.904934e-05,0.000727959,-7.345365000000001e-25,0.0,0.0,True
1996-11-18,59.33,14.6,4.1857142,6.1285715,1.9714286,92.25715,0.20000002,0.20000002,0.24285714,8.471429,3.8428571,0.00014610589,0.0007475391,-7.345365000000001e-25,0.0,0.0,True
1996-11-25,59.41,9.0,2.0285714,4.342857,-0.114285775,87.1,0.31428573,0.31428573,0.34285715,9.142858,2.0,0.0001603812,0.0007737577,4.405067e-06,5.0365925e-06,0.00017909706,True
1996-12-02,59.42,25.6,0.95714283,2.0714285,-0.61428577,92.90001,0.2,0.2,0.27142859,9.728572,0.54285717,0.00028905272,0.0008120984,0.0066421316,0.00968964,0.0155345835,True
1996-12-09,59.35,0.9,0.9285714,2.757143,-0.25714287,91.0,0.18571429,0.18571429,0.21428572,9.942857,1.1142857,0.00014169514,0.00086624175,0.0017825308,0.0049438495,1.9565225e-05,True
1996-12-16,59.29,2.2,-0.82857144,0.90000004,-2.9714286,91.78571,0.08571429,0.08571429,0.2857143,9.914286,-0.37142858,6.2935054e-05,0.00094775856,0.0017565205,0.000901578,0.0020138435,True
1996-12-23,59.22,2.1,-3.0857143,-0.5142857,-5.414286,88.12858,0.042857144,0.042857144,0.18571429,10.071428,-1.7,3.3847988e-05,0.0010274649,0.0026108595,0.0005831048,0.001339905,True
1996-12-30,59.23010973628539,3.5,-9.057143,-5.657143,-12.228572,87.24286,0.0,0.0,0.057142857,10.028571,-5.142857,1.7881393e-07,0.0011018515,0.004222637,0.0,0.0040812083,False
1997-01-06,59.15,0.0,-10.657143,-7.585715,-14.757143,84.37144,0.0,0.0,0.12857144,10.0,-5.5,2.0116568e-07,0.0011675358,0.0067260265,0.0,0.00026055425,True
1997-01-13,59.15,0.0,-4.7000003,-2.7285714,-7.2714286,91.24286,0.028571429,0.028571429,0.14285715,10.014286,-3.3285713,5.8412552e-05,0.0012218803,0.0068824007,0.0026766341,0.00046409294,True
1997-01-20,59.15,1.0,-0.7285715,2.7285714,-3.4857144,91.91429,0.21428573,0.18571429,0.12857142,9.914286,-1.3285714,0.00012037158,0.0012651756,0.0032740945,0.002934834,0.0006787628,True
1997-01-27,59.17,0.8,0.21428572,2.7857146,-1.6999999,87.35714,0.21428573,0.21428573,0.22857143,9.814285,-0.4857143,4.4241548e-05,0.0013026148,0.0013023729,0.0017923526,0.00012778863,True
1997-02-03,59.21,2.6,-0.09999999,2.5571427,-3.7285714,87.24286,0.2857143,0.25714287,0.3,9.714286,-0.5857143,3.335625e-05,0.0013405755,0.00034906183,0.00058308244,0.00021738559,True
1997-02-10,59.21,1.1,3.5714285,6.1714287,0.41428572,83.24286,0.6857143,0.61428565,0.64285713,9.571428,0.8,6.424636e-05,0.0013774857,0.00024208,0.0006362498,0.00025856495,True
1997-02-17,59.35,16.1,1.9285715,4.514286,-0.057142872,83.057144,0.6999999,0.68571424,0.62857145,9.9,1.5714285,0.00044555962,0.0014171153,0.00039010955,1.6426668e-05,0.0012047812,True
1997-02-24,59.41,18.8,5.8857145,8.900001,2.3428571,82.52857,1.0857143,1.0714287,0.9285714,10.228572,3.3857143,0.000392586,0.0015185848,0.00066519354,0.0039164163,0.0028725602,True
1997-03-03,59.48,18.199999,6.514286,11.114286,3.142857,76.0,1.6285714,1.5571429,1.3428571,10.142858,5.7714286,0.00042505562,0.0017136261,1.362392e-07,3.3900142e-06,0.0,True
1997-03-10,59.38,0.3,4.6285715,11.828572,-1.0571429,78.67143,1.1571428,0.9571429,1.0142858,9.514286,5.5857143,3.4719706e-06,0.0019727573,-7.345365000000001e-25,0.0,0.0,True
1997-03-17,59.35,7.1000004,4.7000003,8.014286,2.1571429,85.3,0.8142857,0.71428573,0.8,9.214286,5.542857,0.000104911625,0.002155535,0.00018053396,6.4034015e-05,0.0013487414,True
1997-03-24,59.38,16.300001,0.38571432,4.071429,-3.2714288,75.77143,0.9285714,0.82857144,1.0285714,9.428572,1.8571428,0.00010178983,0.0022688285,0.007895356,0.005136069,0.011279907,True
1997-03-31,59.385588114302976,14.799999,5.6285715,9.785714,1.557143,72.814285,1.857143,1.6571429,1.6571429,9.3,6.071429,0.0012610629,0.0023405775,0.0014722233,0.005880097,0.0005364381,True
1997-04-07,59.41,18.9,4.8,10.285714,0.6285715,74.87142,1.7571429,1.5857142,1.542857,9.257143,6.3428574,0.00034032762,0.0024289787,0.0010608378,0.0036186762,0.0056557767,True
1997-04-14,59.42,4.3,5.785714,9.942857,1.3000001,66.24286,1.8428571,1.6142856,1.8857143,8.985714,6.5142856,0.000113904476,0.0025368705,0.00044591087,0.001856178,3.9488077e-07,True
1997-04-21,59.35,1.1,3.914286,8.842857,-0.9714286,66.37143,1.9714286,1.542857,1.9142857,8.385715,6.9142857,6.759167e-05,0.0026235431,4.3096996e-05,0.00019760616,0.00021803193,True
1997-04-28,59.32,6.5,8.400001,13.400001,1.9428571,63.785713,2.5714285,1.942857,2.5571427,7.6,9.6285715,7.289648e-05,0.0026417524,2.0322345e-06,1.1026859e-05,3.2782555e-07,True
1997-05-05,59.32,22.5,11.342857,15.385715,7.2000003,82.18572,2.142857,1.7714285,1.8285714,7.5857143,12.7,0.003517598,0.0026118308,-7.345365000000001e-25,7.450581e-09,0.0,True
1997-05-12,59.43,11.1,11.514287,16.757143,5.5285716,70.814285,2.857143,2.4142857,2.6571429,7.8428574,13.3,0.00075580925,0.002564311,-7.345365000000001e-25,7.450581e-09,0.0,True
1997-05-19,59.33,25.4,16.742857,22.228573,11.857142,78.57143,3.257143,2.5142858,3.1000001,7.3142858,18.7,0.00087465346,0.002513282,-7.345365000000001e-25,1.1175871e-08,0.0,True
1997-05-26,59.31,18.7,9.599999,14.300001,5.214286,79.42857,2.2,1.9142857,2.0714285,8.014286,13.614285,0.0011817068,0.0025101155,-7.345365000000001e-25,0.0,0.0,True
1997-06-02,59.24,9.200001,10.5,14.857142,5.357143,71.92857,2.857143,2.3428571,2.6142857,7.757143,13.771428,0.00071929395,0.0025976226,-7.345365000000001e-25,0.0,0.0,True
1997-06-09,59.17,20.8,17.928572,23.7,11.257143,60.67143,4.5714283,2.9714284,4.7571425,6.4428573,20.62857,6.1929226e-05,0.0026015788,-7.345365000000001e-25,3.7252903e-09,0.0,True
1997-06-16,59.28,21.800001,17.042858,22.242859,12.357142,73.72858,3.4285715,2.1714284,3.3857143,6.0571427,20.457144,0.001216352,0.0025159493,-7.345365000000001e-25,3.7252903e-09,0.0,True
1997-06-23,59.25,12.700001,14.285714,18.7,9.185715,75.814285,2.8142858,2.085714,2.8285713,6.114286,17.528572,0.00025529414,0.0024420172,-7.345365000000001e-25,7.450581e-09,0.0,True
1997-06-30,59.227324048454015,2.3000002,16.728573,21.34286,12.1285715,78.200005,3.1000001,2.4,2.957143,6.242857,18.87143,0.00025203824,0.002369903,-7.345365000000001e-25,1.4901161e-08,0.0,True
1997-07-07,59.17,3.6,17.728573,22.142857,12.657144,75.14286,3.2142854,2.0142858,3.3857143,5.571429,21.085714,5.9701502e-05,0.0022819638,-7.345365000000001e-25,1.4901161e-08,0.0,True
1997-07-14,59.14,1.1,18.328571,24.071428,11.900001,66.200005,4.0285716,1.4571428,4.142857,4.957143,22.685715,1.4148653e-05,0.0021826103,-7.345365000000001e-25,3.7252903e-09,0.0,True
1997-07-21,59.09,83.1,17.57143,21.814287,14.714286,84.08572,2.614286,1.7142857,2.5857143,5.785714,20.671429,0.0021291673,0.0026698709,-7.345365000000001e-25,2.2351742e-08,0.0,True
1997-07-28,59.12,5.3,18.728573,24.071428,14.057143,77.042854,3.2285714,2.6142857,3.3,6.6571426,22.2,0.00019598752,0.0020275787,-7.345365000000001e-25,7.450581e-09,0.0,True
1997-08-04,59.21,4.9,17.714285,23.34286,12.642858,78.3,2.8,2.2285714,2.9857142,6.5285716,21.242857,0.000115305185,0.001977481,-7.345365000000001e-25,7.450581e-09,0.0,True
1997-08-11,59.1,0.0,20.785715,27.4,14.542857,71.942856,3.6571429,2.2571428,4.0571427,5.8,24.028572,5.595386e-05,0.0019224584,-7.345365000000001e-25,1.4901161e-08,0.0,True
1997-08-18,59.02,0.0,21.47143,28.442858,15.042857,65.92857,3.6714287,1.3285713,4.071429,5.214286,25.057142,1.437217e-05,0.001847066,-7.345365000000001e-25,1.1175871e-08,0.0,True
1997-08-25,58.97,0.0,22.914288,29.142857,17.214285,62.857143,3.7142856,0.7714285,4.3714285,4.785714,24.785715,5.0716102e-05,0.0017628297,-7.345365000000001e-25,9.313226e-09,0.0,True
1997-09-01,59.08,34.5,19.514286,26.100002,14.800001,75.87142,2.7857144,1.3142856,3.1285713,5.2714286,21.9,0.00030668825,0.0016833171,-7.345365000000001e-25,9.313226e-09,0.0,True
1997-09-08,59.04,5.6,17.857143,22.085714,14.314286,81.12858,1.7714285,1.442857,2.0285716,5.7714286,19.72857,0.00012944639,0.0016199574,-7.345365000000001e-25,1.3038516e-08,0.0,True
1997-09-15,59.02,6.9,13.142858,17.942858,8.985715,74.02857,1.8857143,1.5,2.2285714,5.8285713,14.571428,5.929917e-05,0.0015653595,-7.345365000000001e-25,7.450581e-09,0.0,True
1997-09-22,58.99,0.0,11.157143,17.185715,5.714286,74.22858,1.5857142,0.9714285,1.9428571,5.457143,13.8714285,3.0249357e-06,0.0015095547,-7.345365000000001e-25,3.7252903e-09,0.0,True
1997-09-29,59.00533680096733,0.9,11.414286,18.257143,5.3142858,77.32857,1.2714285,0.61428565,1.5,5.1285715,13.842857,2.1010637e-06,0.0014582425,-7.345365000000001e-25,5.5879354e-09,0.0,True
1997-10-06,58.99,6.4,12.442858,15.800001,9.528571,81.85714,1.1285714,0.7714285,1.2714285,5.114286,13.1,4.670024e-05,0.0014098659,-7.345365000000001e-25,8.381903e-09,0.0,True
1997-10-13,59.0,15.5,12.7,16.657145,9.142858,81.12858,1.2857143,1.1142857,1.3285714,5.7,12.071428,0.00015996397,0.0013691932,-7.345365000000001e-25,1.4901161e-08,0.0,True
1997-10-20,59.06,1.8,6.7714286,11.957144,2.7714286,83.40001,0.7714286,0.6571428,0.7571429,6.1857142,7.9714284,3.5069883e-05,0.0013321415,-7.345365000000001e-25,1.8626451e-09,0.0,True
1997-10-27,59.06,13.6,1.8142859,7.0,-1.2571429,79.38572,0.6571428,0.5714286,0.64285713,6.142857,3.7428572,8.316338e-05,0.0012960956,0.001337636,0.0008134376,0.0042703226,True
1997-11-03,59.14,7.5,3.0571427,6.228572,-0.34285712,83.65715,0.41428572,0.38571432,0.5142857,6.2,3.2285714,7.112324e-05,0.0012653992,0.0016464903,0.0047687907,0.0014916807,True
1997-11-10,59.17,7.8999996,6.328572,9.357142,2.8,83.75714,0.51428574,0.44285718,0.54285717,6.428571,4.4428573,0.00023023784,0.0012384728,7.476126e-05,0.00021122396,0.0,True
1997-11-17,59.17,6.1,4.9428573,6.8428574,2.5714285,92.200005,0.24285717,0.21428573,0.2857143,6.8,4.6571426,0.000105544925,0.001217939,-7.345365000000001e-25,4.172325e-07,0.0,True
1997-11-24,59.17,1.1,-0.22857144,1.8714286,-1.7,85.91429,0.15714286,0.15714286,0.3,6.957143,0.6142857,1.1771917e-06,0.0012021214,0.00037519704,2.9141083e-05,0.0010700822,True
1997-12-01,59.19,3.6,0.59999996,2.6285713,-1.5285715,92.185715,0.1,0.08571429,0.22857143,7.0,0.25714287,4.6774745e-05,0.0011897013,0.0010057234,0.00080558285,0.0002920553,True
1997-12-08,59.23,9.2,1.2571429,3.0285716,-1.4285715,93.457146,0.12857144,0.12857144,0.22857143,7.4,0.5285714,0.00012326986,0.0011796132,0.00092696573,0.002378378,0.0024815202,True
1997-12-15,59.32,30.7,3.9428573,6.214286,2.2142856,90.35714,0.3571429,0.34285715,0.34285715,8.414286,3.7142856,0.00030897558,0.001171872,0.00018731754,0.0007463731,0.000425525,True
1997-12-22,59.22,2.1,-4.342857,-2.3285716,-6.7571435,84.34286,0.014285714,0.014285714,0.2857143,8.985714,-2.4,2.4035573e-05,0.0011733919,0.00035972823,4.0121377e-05,0.00031011552,True
1997-12-29,59.300090127387314,11.1,4.1285715,5.5428576,2.3714287,91.08572,0.34285712,0.34285712,0.3857143,9.357142,1.4,0.00030466914,0.0011854246,0.00031667663,0.001290679,0.0006342456,True
1998-01-05,59.28,24.300001,4.642857,6.4857144,2.6285713,88.67143,0.2,0.2,0.42857143,9.55,1.45,0.00036640465,0.0012187213,4.8932575e-06,3.0837953e-05,4.8618764e-05,True
1998-01-12,59.42,49.8,5.3428574,8.1,2.9857144,90.814285,0.4714286,0.4714286,0.21428572,10.8714285,4.214286,0.0017467439,0.0019967705,6.2618936e-05,0.00041012838,0.00037733838,True
1998-01-19,59.44,6.1,4.0142856,6.214286,1.9857143,84.700005,0.5285714,0.5285714,0.42857143,10.214286,3.1,9.648502e-05,0.0017745495,1.6519001e-06,8.545816e-06,8.4377825e-06,True
1998-01-26,59.36,3.6,-1.2714285,1.5857143,-2.8714287,88.12858,0.20000002,0.20000002,0.2857143,10.242857,0.5714286,4.8711896e-05,0.0021312088,0.0022283962,0.00027765706,0.0052561425,True
1998-02-02,59.29,6.6000004,-3.957143,-0.15714288,-7.8857145,79.12858,0.14285715,0.14285715,0.37142855,10.285714,-1.3142858,8.8602304e-05,0.002393514,0.0046233395,0.002233941,0.0030208416,True
1998-02-09,59.29,4.9,1.9428571,3.8428571,-0.35714284,83.38572,0.4714286,0.4714286,0.5285714,10.185715,0.25714287,0.00014568865,0.002585955,0.0033656927,0.0063095205,0.0020732395,True
1998-02-16,59.38,14.200001,8.7,10.328572,6.1714287,83.88572,0.90000004,0.82857144,0.88571423,10.1,6.5,0.000202097,0.0027331412,7.477828e-05,0.00047728978,0.0,True
1998-02-23,59.32,0.5,6.157143,9.900001,2.1142857,78.51429,0.95714283,0.88571423,0.88571423,9.857142,5.857143,2.2292137e-05,0.0028602555,4.8819044e-07,2.7436763e-06,2.7418137e-06,True
1998-03-02,59.32,11.4,5.785714,8.114286,3.7142856,82.1,0.94285715,0.87142855,0.9857143,9.585714,5.3714285,0.0001937449,0.0029674545,0.00019487312,0.00077426806,0.0017225519,True
1998-03-09,59.56,52.899998,4.4,8.242857,1.3142859,83.52857,1.1857144,1.1857144,0.85714287,10.514286,4.4714284,0.0007176548,0.0030855834,0.0006001393,0.0041709095,0.0036740005,True
1998-03-16,59.4,10.4,1.7857143,4.857143,-1.5857143,76.22858,0.87142855,0.8428572,1.0142857,10.271428,2.5142858,9.6693635e-05,0.0034691095,0.00069856073,0.00112959,0.0009439327,True
1998-03-23,59.35,3.8999999,3.2571428,7.0285716,0.81428576,74.77143,1.3142856,1.2285715,1.2714285,10.071428,4.885714,0.00013439357,0.0038386136,0.0001581964,0.00040250644,0.00090001896,True
1998-03-30,59.29889069156163,1.8,5.8428574,11.228571,0.81428576,70.07143,1.6285714,1.3428571,1.7142857,9.457143,7.0285716,2.7701259e-05,0.0040466264,0.00022100267,0.00064667314,0.0,True
1998-04-06,59.3,24.7,8.771429,12.871429,5.0,86.54286,1.3428572,1.2428571,1.1857144,9.385715,9.114285,0.000414595,0.004099719,4.3085643e-06,3.356859e-05,3.0592084e-05,True
1998-04-13,59.45,17.3,6.557143,10.528572,3.0428574,81.1,1.3285714,1.3,1.3857143,10.071428,7.7714286,0.00041007996,0.004218623,-7.345365000000001e-25,2.7939677e-08,0.0,True
1998-04-20,59.36,13.500001,6.914286,11.442858,1.8857143,71.12858,1.9714285,1.7571428,1.8714286,9.5,8.714286,9.149313e-05,0.004467249,-7.345365000000001e-25,0.0,0.0,True
1998-04-27,59.35,5.4,12.557143,17.485714,7.3142858,78.75714,2.1571429,1.8142855,2.1714284,9.0,13.557143,0.00015690923,0.0045233965,-7.345365000000001e-25,1.1175871e-08,0.0,True
1998-05-04,59.29,17.8,13.371429,18.7,9.342857,78.18572,2.5,2.057143,2.4285715,8.3714285,15.757143,0.00030319393,0.0044492036,-7.345365000000001e-25,1.1175871e-08,0.0,True
1998-05-11,59.28,4.1,15.185715,20.442858,8.814286,72.37143,2.942857,2.2571428,2.9428573,7.9857144,16.142857,6.443262e-05,0.004343882,-7.345365000000001e-25,3.7252903e-09,0.0,True
1998-05-18,59.19,0.0,12.985715,19.428572,6.4,62.07143,3.6000001,1.942857,3.642857,6.785714,17.5,5.6773424e-06,0.0041630194,-7.345365000000001e-25,0.0,0.0,True
1998-05-25,59.14,8.0,11.400001,15.571428,6.4857144,71.57143,2.6857142,1.2571429,2.5714285,6.1571426,14.971429,7.3462725e-05,0.003955856,-7.345365000000001e-25,3.7252903e-09,0.0,True
1998-06-01,59.13,13.0,17.357143,23.17143,11.314286,75.614296,3.285714,1.6857144,3.4714284,6.0285716,19.457144,0.00011995435,0.0037539378,-7.345365000000001e-25,1.4901161e-08,0.0,True
1998-06-08,59.17,20.4,18.357143,24.585714,12.957144,70.185715,3.8428574,2.5714285,3.9285715,6.2714286,21.342857,0.00016437471,0.0035086498,-7.345365000000001e-25,1.1175871e-08,0.0,True
1998-06-15,59.1,5.4,15.342857,20.714285,10.114286,71.62858,3.0714285,2.2,3.1571429,6.5857143,19.0,0.00014083087,0.003263533,-7.345365000000001e-25,3.7252903e-09,0.0,True
1998-06-22,59.13,14.7,16.1,20.942858,10.528572,74.12858,3.3714287,2.3,3.1857142,6.1714287,18.757143,6.173551e-05,0.0030367374,-7.345365000000001e-25,1.1175871e-08,0.0,True
1998-06-29,59.10452916440349,5.9,16.657145,21.571428,11.800001,76.98572,3.3,2.6000001,3.1571429,6.2,20.328571,0.000116571784,0.0028245226,-7.345365000000001e-25,7.450581e-09,0.0,True
1998-07-06,59.1,19.199999,14.485715,17.714287,11.542857,83.35714,2.5,2.0714285,2.1285713,6.4428573,16.885714,0.00018407404,0.0026412383,-7.345365000000001e-25,1.4901161e-08,0.0,True
1998-07-13,59.15,14.8,14.17143,18.628572,10.2,80.299995,2.6714287,2.3142855,2.4428573,6.4142857,16.4,0.00012864172,0.0024847165,-7.345365000000001e-25,1.1175871e-08,0.0,True
1998-07-20,59.11,1.0,16.557142,21.757143,11.2,72.457146,3.2857144,2.3,3.3428571,5.957143,18.414286,6.297231e-05,0.0023306534,-7.345365000000001e-25,1.1175871e-08,0.0,True
1998-07-27,59.04,34.3,19.085714,25.585714,13.685715,68.42857,3.642857,2.3142855,3.8142858,5.3714285,22.12857,0.00022514164,0.002162084,-7.345365000000001e-25,1.1175871e-08,0.0,True
1998-08-03,59.11,21.5,16.485716,21.328571,12.571428,79.799995,2.585714,1.8714286,2.6142857,5.571429,18.785715,0.00034305453,0.0020237118,-7.345365000000001e-25,1.4901161e-08,0.0,True
1998-08-10,59.1,1.5,17.571428,22.600002,12.228572,72.21429,2.9714286,1.7,3.0142858,5.4857144,19.428572,6.264448e-05,0.0019123554,-7.345365000000001e-25,1.4901161e-08,0.0,True
1998-08-17,59.0,0.0,19.014286,24.67143,13.585715,63.385715,3.2857144,1.1428572,3.7428572,4.9857144,20.842857,2.2739172e-05,0.0017923862,-7.345365000000001e-25,1.1175871e-08,0.0,True
1998-08-24,58.99,30.0,14.828572,19.37143,11.428572,78.5,2.4142857,1.1714287,2.3428571,5.1714287,17.257143,0.00084382296,0.0016876459,-7.345365000000001e-25,1.4901161e-08,0.0,True
1998-08-31,59.10272917075358,24.0,12.214286,16.571428,9.557143,86.48572,1.6428573,1.5142858,1.6571429,6.457143,14.085714,0.00017555058,0.0016091242,-7.345365000000001e-25,1.3038516e-08,0.0,True
1998-09-07,59.12,0.5,15.228572,19.442858,10.957144,81.057144,1.6999999,1.3857144,2.0571427,6.457143,16.528572,5.211681e-05,0.0015437305,-7.345365000000001e-25,1.1175871e-08,0.0,True
1998-09-14,59.04,29.7,14.642858,18.714285,11.842857,85.44286,1.4714285,1.3,1.7142857,6.9428573,16.185715,0.00015510619,0.0014848411,-7.345365000000001e-25,7.450581e-09,0.0,True
1998-09-21,59.14,12.200001,11.8,16.0,8.014286,87.34286,1.0428572,0.98571426,1.1285714,8.014286,13.085714,0.000101968646,0.0014372617,-7.345365000000001e-25,3.7252903e-09,0.0,True
1998-09-28,59.13,1.6,13.014285,17.842857,9.085714,87.67143,0.87142855,0.7285715,1.1,7.7,14.557143,9.49949e-05,0.0013939142,-7.345365000000001e-25,1.8626451e-09,0.0,True
1998-10-05,59.09,4.9,7.285714,9.885715,5.1285715,81.57143,0.7,0.59999996,1.0285714,7.7,9.4,7.215142e-05,0.001357019,-7.345365000000001e-25,3.7252903e-09,0.0,True
1998-10-12,59.09,10.8,9.0,11.1,6.6,86.74286,0.7,0.64285713,0.82857144,7.8285713,8.828571,0.00015413016,0.0013265461,-7.345365000000001e-25,5.5879354e-09,0.0,True
1998-10-19,59.16,4.9,9.342857,13.757143,5.571429,83.07143,0.94285715,0.85714287,1.0142857,8.157143,9.142858,6.446242e-05,0.0013001785,-7.345365000000001e-25,9.313226e-09,0.0,True
1998-10-26,59.16,32.2,9.6285715,12.142858,6.8428574,86.24286,0.8142857,0.7714285,0.7714286,8.685715,8.8714285,0.0012302399,0.001275979,-7.345365000000001e-25,9.313226e-09,0.0,True
1998-11-02,59.43,53.7,6.071429,8.485715,4.357143,87.88572,0.8428572,0.8428572,0.6571428,10.671429,5.9857144,0.0033710003,0.0022717789,-7.345365000000001e-25,5.5879354e-09,0.0,True
1998-11-09,59.43,29.400002,4.328572,6.785714,1.8428572,89.74286,0.50000006,0.50000006,0.4857143,10.9,4.0857143,0.00043067336,0.0013339147,3.3384276e-05,0.00027145632,0.00026138872,True
1998-11-16,59.43,17.5,3.542857,5.071429,2.0,93.78571,0.24285717,0.24285717,0.25714287,10.528571,3.5714285,0.00019717216,0.0014719367,4.3369473e-06,3.5651028e-06,6.341934e-05,True
1998-11-23,59.33,3.8,-3.2285714,-0.71428573,-5.1,85.042854,0.12857142,0.12857142,0.21428572,10.314285,-0.41428572,5.5357814e-06,0.0016621873,0.0013654118,4.042685e-05,0.0019630976,True
1998-11-30,59.26306317980541,0.0,-1.3142856,-0.12857144,-2.7857144,91.85714,0.042857144,0.042857144,0.22857143,10.2,-0.9,1.7367303e-05,0.0018346682,0.0021950176,0.00031405315,0.000809215,True
1998-12-07,59.27,9.1,-3.414286,-1.9714286,-5.0,88.52857,0.028571429,0.028571429,0.27142859,10.242857,-1.6,3.2782555e-07,0.0019692183,0.004862831,0.0,0.008305963,True
1998-12-14,59.24,18.5,-3.4428573,0.042857103,-7.6285715,90.04286,0.15714286,0.15714286,0.12857142,10.514286,-0.2,0.0025140494,0.0020687059,0.008014514,0.009128265,3.9104372e-05,True
1998-12-21,59.4,32.2,3.7714286,6.1142855,1.6142857,89.04286,0.38571426,0.38571426,0.27142856,10.857142,2.5714285,0.0007840544,0.0023012683,0.00012587933,0.0010839757,9.82061e-05,True
1998-12-28,59.45,7.6000004,3.4428573,4.857143,1.0714285,85.88572,0.47142857,0.48571426,0.5285714,10.357142,1.7857143,0.00018720329,0.0027341023,0.0005153985,0.0014538299,0.0013603233,True
1999-01-04,59.36,1.6,1.3000001,4.071429,-1.3428572,90.971436,0.16666667,0.16666667,0.10000001,10.266666,1.5333333,1.0833144e-05,0.003192827,2.8950828e-06,5.312264e-06,7.8603625e-07,True
1999-01-11,59.37,15.1,3.2428572,5.571429,1.3428571,87.57143,0.37142855,0.37142855,0.41428572,10.342857,3.0428572,0.00015966594,0.0035333037,0.001147327,0.0002230648,0.0065914877,True
1999-01-18,59.38,12.6,2.4428573,4.4428573,-0.1,89.6,0.38571426,0.38571426,0.34285715,10.457143,1.3857143,0.00044397265,0.0037826821,0.004759851,0.012030574,0.005644016,True
1999-01-25,59.33,9.6,4.614286,7.228572,1.2,88.41429,0.4857143,0.4857143,0.34285715,10.157143,3.0428572,0.00012403727,0.0041581616,4.9755687e-05,0.00023528561,3.7886202e-05,True
1999-02-01,59.32,5.3,-0.5,1.8571428,-2.4714286,85.28571,0.20000002,0.20000002,0.37142858,10.285714,0.8857143,3.962964e-05,0.0045034215,0.0015433232,0.0009145327,0.003373295,True
1999-02-08,59.42,24.3,2.2714286,4.142857,0.7,89.85714,0.61428565,0.61428565,0.4857143,10.385715,1.5142857,0.0002400428,0.0047425926,0.0014752718,0.0025749803,0.0044788197,True
1999-02-15,59.31,1.4,-4.1428576,0.0,-8.542857,86.78571,0.057142857,0.057142857,0.24285714,10.3,-0.5,9.164214e-07,0.00494463,0.0041679484,2.9897317e-05,0.00048206002,True
1999-02-22,59.51,28.699999,1.4285715,3.4428573,-0.64285713,90.98572,0.5571429,0.5571429,0.37142858,10.528571,0.2857143,0.0004268214,0.0050739273,0.006838628,0.011059225,0.01180505,True
1999-03-01,59.45,24.1,3.5142858,6.085715,1.0714285,85.28571,0.8142857,0.8142857,0.6857143,10.414286,2.8285713,0.00082722306,0.0052619874,0.0031472389,0.0077244397,0.00338234,True
1999-03-08,59.46,14.6,4.4857144,7.4000006,2.0714285,89.0,0.78571427,0.78571427,0.65714294,10.814285,4.957143,0.00090901554,0.0059565604,0.00012304669,0.0003674794,0.001605846,True
1999-03-15,59.36,6.7999997,2.2714286,5.1857142,0.028571429,81.85714,0.6857143,0.6857143,0.78571427,10.257143,2.7571428,0.00018856674,0.007286601,0.00063889934,0.0014679357,0.00044811144,True
1999-03-22,59.34,6.2,3.5714285,6.8857145,0.65714294,82.38572,0.94285715,0.87142855,0.9142857,9.914286,4.257143,0.00017543137,0.008075118,0.00017246178,0.00059437007,0.00040851906,True
1999-03-29,59.3382746206295,17.7,6.828572,12.085714,2.5571427,82.44286,1.2428571,1.1571428,1.3000001,9.842857,7.142857,0.00024986267,0.008193441,0.00031852155,0.0016070697,0.0015219338,False
1999-04-05,59.36,1.3,9.685715,17.657145,2.142857,71.12858,2.1,1.7,1.9142857,9.285714,11.342857,6.660819e-06,0.0080742985,3.122148e-07,3.0174851e-06,0.0,True
1999-04-12,59.33,6.3,10.014285,13.728572,6.8285713,81.542854,1.6142856,1.4285715,1.4714286,9.1285715,10.6285715,0.00016397238,0.007850811,-7.345365000000001e-25,7.450581e-09,0.0,True
1999-04-19,59.29,32.199997,5.2428575,9.457144,2.357143,78.21429,1.6285715,1.5142858,1.4428571,9.2,6.9,0.00039349496,0.00758449,3.093765e-06,2.3353845e-05,2.4922192e-05,True
1999-04-26,59.31,18.699999,9.842857,16.085714,4.7285714,78.78571,2.1571429,1.957143,2.1142857,9.228572,12.285714,0.00014711916,0.007278055,1.8732888e-07,1.3485551e-06,0.0,True
1999-05-03,59.29,1.4,10.057143,15.6285715,4.642857,72.685715,2.5285714,1.9857142,2.5142858,8.571428,13.6285715,3.0502677e-05,0.006947778,-7.345365000000001e-25,0.0,0.0,True
1999-05-10,59.23,23.2,12.114286,17.057142,5.6285715,66.457146,3.0714288,2.357143,3.1285713,7.6571426,14.257143,0.00016702712,0.0065311715,-7.345365000000001e-25,0.0,0.0,True
1999-05-17,59.36,20.3,10.728572,15.400001,6.785714,79.48572,2.2285714,2.0142856,2.2428572,8.571428,13.342857,0.0013693795,0.0061492845,-7.345365000000001e-25,3.7252903e-09,0.0,True
1999-05-24,59.25,2.1999998,14.971429,20.457142,7.8428574,66.84286,3.2999997,2.3999999,3.4142857,7.7,16.942858,2.9027462e-05,0.0057717785,-7.345365000000001e-25,0.0,0.0,True
1999-05-31,59.19516131846675,5.0,16.842857,22.885715,10.357142,69.71429,3.642857,2.3714287,3.7142856,6.6857142,20.185715,5.8606267e-05,0.005385995,-7.345365000000001e-25,1.1175871e-08,0.0,True
1999-06-07,59.16,23.1,16.057142,20.914288,10.900001,74.8,3.285714,2.457143,3.2714286,6.5571427,19.114286,0.00037222356,0.004974462,-7.345365000000001e-25,3.7252903e-09,0.0,True
1999-06-14,59.21,19.9,14.400001,18.985716,9.614286,80.057144,2.6714287,2.2142856,2.7714286,7.042857,17.7,0.0022661388,0.0046424344,-7.345365000000001e-25,3.7252903e-09,0.0,True
1999-06-21,59.21,27.400002,16.328571,21.457142,10.914286,75.700005,3.5,2.7857144,3.3857143,6.5857143,20.214285,0.00048667192,0.004370913,-7.345365000000001e-25,1.1175871e-08,0.0,True
1999-06-28,59.24,1.0,14.728572,19.128572,9.042857,71.1,3.0142858,2.0857143,3.0714285,6.1,18.114286,0.00016395748,0.0041135103,-7.345365000000001e-25,3.7252903e-09,0.0,True
1999-07-05,59.23,12.3,20.614286,26.257143,14.400001,71.5,4.0857143,2.642857,4.2571425,5.7714286,23.014286,0.00019836426,0.0038657114,-7.345365000000001e-25,1.4901161e-08,0.0,True
1999-07-12,59.13,1.9,19.957144,25.414288,14.614286,66.64286,4.0571427,1.7571428,4.342857,5.4142857,22.585714,6.86273e-05,0.0036107227,-7.345365000000001e-25,7.450581e-09,0.0,True
1999-07-19,59.08,7.6,19.885715,26.028574,14.028572,67.942856,3.885714,1.8857144,4.0142856,5.2714286,22.514286,0.00015410781,0.0033486262,-7.345365000000001e-25,1.1175871e-08,0.0,True
1999-07-26,59.04,7.1,18.728573,23.114286,14.7,69.24286,3.1571429,1.3714285,3.3714283,4.9857144,20.985714,0.000102460384,0.0031134859,-7.345365000000001e-25,1.8626451e-08,0.0,True
1999-08-02,58.96,0.0,20.300001,26.585714,12.2,54.97143,4.6142855,0.75714284,4.8714285,4.642857,23.057142,1.2218952e-06,0.002884291,-7.345365000000001e-25,3.7252903e-09,0.0,True
1999-08-09,58.97,6.7,21.242859,28.328571,14.485715,61.985714,4.0,0.8142857,4.4142857,4.4142857,23.842857,4.862249e-05,0.002631411,-7.345365000000001e-25,1.1175871e-08,0.0,True
1999-08-16,58.96,27.5,16.2,21.442858,12.0,70.38572,2.8142855,1.2142857,3.1285713,4.571429,19.22857,0.00085930526,0.0024237111,-7.345365000000001e-25,1.1175871e-08,0.0,True
1999-08-23,59.03,22.8,14.942857,18.885715,11.1285715,78.67143,2.0285714,1.6285714,2.0857143,5.285714,16.657143,0.0001386702,0.0022616014,-7.345365000000001e-25,1.1175871e-08,0.0,True
1999-08-30,58.97489738050486,5.4,16.84286,22.828571,11.528572,71.82857,2.3999999,1.5142858,2.8999999,4.9857144,18.928572,1.3619661e-05,0.0021141171,-7.345365000000001e-25,5.5879354e-09,0.0,True
1999-09-06,58.91,1.3,16.9,23.328571,10.928572,69.51429,2.5285716,1.3571428,3.1142857,4.885714,18.7,2.1614134e-05,0.0019778013,-7.345365000000001e-25,5.5879354e-09,0.0,True
1999-09-13,58.86,0.1,19.485716,26.600002,13.67143,69.28571,2.5285714,0.7714286,3.142857,4.5285716,20.928572,3.2782555e-06,0.0018414184,-7.345365000000001e-25,5.5879354e-09,0.0,True
1999-09-20,58.85,0.3,16.457144,22.542858,11.214286,69.21429,1.9571428,0.48571426,2.6142857,4.242857,17.942858,2.0712614e-05,0.0017135218,-7.345365000000001e-25,7.450581e-09,0.0,True
1999-09-27,58.83,7.1,15.871429,3.0857143,12.642858,84.37144,1.3571427,0.7714286,1.6857144,4.4857144,17.085714,0.0001282543,0.0016137362,-7.345365000000001e-25,7.450581e-09,0.0,True
1999-10-04,59.02,36.600002,13.371429,8.885715,11.314286,83.98572,1.2142857,0.9857143,1.3571428,5.3428574,13.885715,0.00022177398,0.0015295818,-7.345365000000001e-25,1.4901161e-08,0.0,True
1999-10-11,59.06,11.5,10.742858,13.742858,7.971429,89.32857,0.8285714,0.7714285,0.8,5.8142858,11.085714,0.00012215227,0.0014602765,-7.345365000000001e-25,1.3038516e-08,0.0,True
1999-10-18,59.04,0.6,6.9857144,12.214286,3.4714286,85.51429,0.7,0.5285715,0.8,5.785714,8.557143,1.7121434e-05,0.0014006793,-7.345365000000001e-25,5.5879354e-09,0.0,True
1999-10-25,59.01,3.2,7.157143,10.828572,3.6857142,82.42857,0.61428577,0.45714286,0.71428573,5.714286,6.9857144,4.2796135e-05,0.0013475567,-7.345365000000001e-25,2.0861626e-07,2.0861626e-07,True
1999-11-01,59.05,6.9,9.800001,12.871429,6.7571425,86.971436,0.7000001,0.5285714,0.61428577,5.957143,9.157143,4.798919e-05,0.0013006777,-7.345365000000001e-25,9.313226e-09,0.0,True
1999-11-08,59.05,2.4,7.6857142,10.7,5.1714287,90.91429,0.38571426,0.3,0.4,6.0857143,7.5,3.053248e-05,0.0012591928,-7.345365000000001e-25,5.5879354e-09,0.0,True
1999-11-15,59.07,4.6,3.3285716,6.557143,1.0714285,90.75714,0.2857143,0.24285714,0.20000002,6.071429,4.3428574,4.991144e-05,0.0012226105,3.4059798e-07,2.9802322e-07,2.7678907e-06,True
1999-11-22,59.1,16.5,-0.2,1.8142856,-2.4,92.700005,0.2,0.2,0.21428572,6.3285713,0.51428574,1.5944242e-05,0.0011898279,0.0016317652,0.00040262192,0.005636845,True
1999-11-29,59.121881039773925,0.3,3.6714287,5.785714,0.4428571,89.799995,0.21428572,0.17142858,0.2857143,6.742857,2.7,7.4483454e-05,0.0011607558,0.002106167,0.0053501595,3.427267e-07,True
1999-12-06,59.19,49.4,4.114286,6.4428573,1.9000002,86.542854,0.6857143,0.6857143,0.5285714,7.5,3.2857144,0.00027958304,0.0011340082,0.00020660105,0.001244748,0.0025244318,True
1999-12-13,59.45,30.4,5.6142855,7.6,3.7857146,87.37144,0.59999996,0.5857143,0.5142857,8.685715,4.542857,0.0003921464,0.0011124909,0.00010036287,0.0013953634,3.6507845e-07,True
1999-12-20,59.48,10.0,0.51428574,2.1142857,-1.1,89.85714,0.25714287,0.25714287,0.31428573,9.6,0.78571427,0.00016617775,0.0011014864,0.0023448183,0.0015994217,0.0043544024,True
1999-12-27,59.35,18.9,0.37142858,2.1571429,-1.2428571,90.71429,0.20000002,0.20000002,0.29999998,9.557143,-0.028571429,0.00027706474,0.0011024103,0.0030969665,0.0052854456,0.0068446063,True
2000-01-03,59.35,5.7,1.9857142,3.3,0.14285715,94.90001,0.1,0.075,0.18571429,9.75,0.2,0.00021254271,0.0011195764,0.004614762,0.008271446,0.0043275133,True
2000-01-10,59.3,3.3000002,3.0142858,5.0285716,0.8428572,92.328575,0.2857143,0.2857143,0.18571427,9.7,2.357143,0.00011782348,0.0011636466,0.0001181137,0.0008051358,0.0,True
2000-01-17,59.36,4.7,0.4857143,2.1285715,-1.9285715,89.07143,0.18571429,0.18571429,0.25714287,9.557143,0.3,1.4267862e-05,0.0012335703,0.00015920684,0.0004686974,0.00049376115,True
2000-01-24,59.32,15.4,-1.6,1.8428572,-4.285714,78.15715,0.3857143,0.37142855,0.45714286,9.771428,0.7,8.639693e-05,0.0013011843,0.0014742727,4.3485314e-05,0.0038892552,True
2000-01-31,59.385875920911865,18.8,2.1571429,4.3142858,-1.2714285,84.75714,0.7285715,0.71428573,0.59999996,10.157143,1.4714285,0.00041529536,0.0013645589,0.0019740376,0.0060159136,0.0027071387,True
2000-02-07,59.42,6.4,6.014286,8.385715,2.7857144,84.25714,0.6857143,0.6857143,0.6571428,10.314285,4.7285714,0.0002591312,0.0014655665,3.9639926e-05,0.00041356683,1.2665987e-07,True
2000-02-14,59.39,25.800001,3.9714286,6.9428573,1.9571428,83.42857,0.9428572,0.9428572,0.7,10.442857,3.557143,0.0003671348,0.001650475,0.00041503567,0.00097272545,0.0021094494,True
2000-02-21,59.4,8.5,1.2,4.0285716,-0.7571429,89.057144,0.45714286,0.47142857,0.42857143,10.414286,1.7428571,0.00016993284,0.0019000694,0.0021815528,0.0026935916,0.004854461,True
2000-02-28,59.34,7.7,3.6857145,6.728572,0.5285714,86.5,0.7714285,0.75714284,0.7571429,10.257143,2.6142857,0.00028706342,0.002149783,0.001978789,0.0052405093,0.0019730441,True
2000-03-06,59.32,17.4,3.5714288,6.442857,1.0857142,80.68572,1.1142857,1.1,0.95714283,10.171429,3.5142858,0.0004659444,0.0023941323,0.0006344432,0.001868003,0.002827976,True
2000-03-13,59.4,30.0,5.6285715,8.828572,2.457143,85.65715,1.0285714,1.0285714,0.85714287,10.5,5.357143,0.0005302727,0.002718486,0.000348023,0.002617143,0.0018310025,True
2000-03-20,59.5,16.0,3.5714285,7.0142856,0.7,80.84286,1.1428572,1.1285714,1.0,10.471429,4.757143,0.00030264258,0.0032413825,0.0017703318,0.004920438,0.005485207,True
2000-03-27,59.43,7.8,5.3428574,10.67143,1.9428571,83.5,1.1142857,0.9857143,1.1428572,9.9,6.642857,0.00014395267,0.0037207082,6.85794e-05,0.00048252195,0.0,True
2000-04-03,59.32,4.1000004,6.1857147,9.228572,3.4428573,83.700005,1.0285714,0.9857143,1.1285714,10.042857,6.285714,0.00010267645,0.004031658,7.379623e-08,1.417473e-06,0.0,True
2000-04-10,59.27,1.6,4.585714,9.042857,0.14285718,77.14286,1.3571428,1.1285714,1.4285715,9.542857,6.9428573,4.6938658e-05,0.0041895807,-7.345365000000001e-25,5.5879354e-08,1.7881393e-07,True
2000-04-17,59.29,35.4,7.828572,13.442858,2.2142856,76.314285,1.7714287,1.6428572,1.7571429,9.414286,8.614285,0.0002843365,0.0042073578,-7.345365000000001e-25,1.2293458e-07,0.0,True
2000-04-24,59.36,2.2,14.971429,21.557144,9.971429,70.442856,2.885714,2.3285713,3.1,8.857142,16.27143,9.6037984e-05,0.004142344,-7.345365000000001e-25,7.450581e-09,0.0,True
2000-05-01,59.22,2.3,17.5,23.34286,11.985715,67.1,3.4571433,2.5571425,3.7,7.8285713,18.3,1.3872981e-05,0.0040179044,-7.345365000000001e-25,1.1175871e-08,0.0,True
2000-05-08,59.18,0.0,15.085715,22.314287,7.871429,55.914288,4.1142855,2.0428572,4.2428575,6.8,18.185715,0.0,0.0038223118,-7.345365000000001e-25,3.7252903e-09,0.0,True
2000-05-15,59.09,1.4,16.9,24.042858,8.614286,56.542854,4.028571,1.0714287,4.3,6.1285715,20.12857,1.1384487e-05,0.0035768375,-7.345365000000001e-25,0.0,0.0,True
2000-05-22,59.13,14.8,14.257143,20.485716,8.685714,71.98572,2.8571427,1.2857143,3.142857,6.1,17.9,0.00014458597,0.0033156425,-7.345365000000001e-25,3.7252903e-09,0.0,True
2000-05-29,59.14207095238168,8.8,13.514285,18.728573,9.085714,74.114296,3.042857,1.8857144,2.8857143,6.0857143,16.22857,0.00011572987,0.003109917,-7.345365000000001e-25,1.1175871e-08,0.0,True
2000-06-05,59.09,3.6999998,15.800001,21.357143,9.657143,68.41429,3.4857142,1.2571428,3.6714287,5.785714,18.5,0.00015060604,0.0028944537,-7.345365000000001e-25,3.7252903e-09,0.0,True
2000-06-12,59.08,3.0,17.257143,22.285715,11.485715,65.3,4.0571427,1.7571429,4.1714287,5.785714,19.542856,0.00010275841,0.0026866272,-7.345365000000001e-25,1.1175871e-08,0.0,True
2000-06-19,59.04,10.0,16.97143,22.742859,10.028571,64.814285,3.971429,1.1,3.9714284,5.3714285,19.87143,3.5867095e-05,0.0024730936,-7.345365000000001e-25,7.450581e-09,0.0,True
2000-06-26,58.98,20.9,18.6,24.671429,13.8714285,67.65714,4.071429,1.6,4.071429,5.4,20.9,0.00015700608,0.002261646,-7.345365000000001e-25,7.450581e-09,0.0,True
2000-07-03,59.02,24.699999,14.071428,17.785715,10.242858,71.92857,2.6714284,1.5285714,2.7714286,5.5571427,15.885715,4.2282045e-05,0.0021040887,-7.345365000000001e-25,3.7252903e-09,0.0,True
2000-07-10,59.1,14.6,15.1,18.84286,11.714286,80.68572,2.4,1.7142857,2.2428572,5.5285716,17.87143,0.0001296401,0.0019632801,-7.345365000000001e-25,1.1175871e-08,0.0,True
2000-07-17,59.13,23.7,15.142858,18.985716,11.414286,77.57143,2.6285713,1.7,2.642857,5.5,17.285715,0.00010834634,0.0018364787,-7.345365000000001e-25,7.450581e-09,0.0,True
2000-07-24,59.11,7.9,15.542857,19.157145,12.257143,80.08572,2.1142857,1.3428572,2.3428571,5.3,17.428572,0.00010699034,0.0017293319,-7.345365000000001e-25,1.8626451e-08,0.0,True
2000-07-31,59.12783403766615,16.7,16.785715,20.571428,14.457144,86.0,2.0285716,1.5857142,2.0571427,6.0285716,19.085714,0.0008575916,0.001634933,-7.345365000000001e-25,1.1175871e-08,0.0,True
2000-08-07,59.09,31.2,16.757143,21.814287,12.3714285,80.1,2.8714287,2.3142858,2.8714287,7.0142856,20.042856,0.00023204088,0.0015570074,-7.345365000000001e-25,7.450581e-09,0.0,True
2000-08-14,59.2,6.9,16.97143,22.657145,10.828572,78.14286,2.542857,1.7428571,2.6857142,6.5142856,19.22857,5.580485e-05,0.0014897138,-7.345365000000001e-25,1.1175871e-08,0.0,True
2000-08-21,59.12,14.8,18.514286,23.985716,15.014287,80.6,2.4285715,2.0714285,2.7428572,6.614286,20.857143,0.00059619546,0.001423724,-7.345365000000001e-25,1.4901161e-08,0.0,True
2000-08-28,59.08,5.8,15.714286,20.414286,10.928572,71.74286,2.542857,1.9714285,2.8428571,6.4428573,18.285715,5.3614378e-05,0.0013723373,-7.345365000000001e-25,9.313226e-09,0.0,True
2000-09-04,59.01,16.699999,14.485715,19.785715,10.6,82.61428,1.8714286,1.5857142,2.0142858,6.542857,17.285715,0.0009743273,0.0013266131,-7.345365000000001e-25,5.5879354e-09,0.0,True
2000-09-11,59.1,12.099999,14.357142,18.228573,11.257143,88.27143,1.2571429,1.2142857,1.3571428,7.5571427,15.828571,0.00065526366,0.0012990236,-7.345365000000001e-25,3.7252903e-09,0.0,True
2000-09-18,59.15,23.3,13.471429,16.757143,11.085714,83.92857,1.1714286,1.0571429,1.5,7.8,14.757143,0.00065870583,0.0012856573,-7.345365000000001e-25,5.5879354e-09,0.0,True
2000-09-25,59.1,0.8,10.514287,15.5,5.6714287,78.21429,1.2857143,1.0571429,1.6142857,7.757143,12.014286,4.8160553e-05,0.0012960434,-7.345365000000001e-25,3.7252903e-09,0.0,True
2000-10-02,59.08,11.0,15.585715,20.37143,11.6,81.42857,1.2142857,1.0714287,1.5714285,7.8714285,15.528571,0.0002117455,0.0013092086,-7.345365000000001e-25,9.313226e-09,0.0,True
2000-10-09,59.15,12.1,11.442857,14.6,8.957143,91.74286,0.5857143,0.5428571,0.7285714,8.042857,12.7,0.00017802417,0.0013229847,-7.345365000000001e-25,0.0,0.0,True
2000-10-16,59.15,2.8,11.728571,15.228572,8.742857,87.51429,0.67142856,0.61428565,0.8714286,8.385715,11.428572,0.00010511279,0.0013526604,-7.345365000000001e-25,9.313226e-09,0.0,True
2000-10-23,59.14,0.4,10.857142,15.657144,7.471429,85.85714,0.5714286,0.4571429,0.7285715,8.2,11.042857,4.3809414e-06,0.0013903156,-7.345365000000001e-25,5.5879354e-09,0.0,True
2000-10-30,59.19241331126997,2.3000002,10.842857,13.400001,8.3,81.90001,0.8000001,0.7142858,1.1857144,8.1,9.757143,9.3743205e-05,0.0014237836,-7.345365000000001e-25,1.1175871e-08,0.0,True
2000-11-06,59.15,5.0,7.1714287,10.8714285,4.214286,83.51429,0.50000006,0.4142857,0.7285714,8.1,7.0857143,6.146729e-05,0.0014486089,-7.345365000000001e-25,3.7252903e-09,0.0,True
2000-11-13,59.16,10.5,7.642857,10.385715,4.714286,80.38572,0.54285717,0.5,0.7571429,8.242857,6.357143,0.00010538846,0.0014696941,-7.345365000000001e-25,7.450581e-09,0.0,True
2000-11-20,59.2,11.0,5.214286,7.785714,3.557143,89.87144,0.29999998,0.2857143,0.3285714,8.528571,4.9857144,0.00025483966,0.0014926791,-7.345365000000001e-25,0.0,0.0,True
2000-11-27,59.17,9.2,5.1714287,6.871429,2.614286,94.64286,0.14285716,0.14285716,0.20000002,8.985714,4.5,0.00016347319,0.0015423447,-7.345365000000001e-25,0.0,0.0,True
2000-12-04,59.23,4.9,6.6,9.214286,3.957143,94.48572,0.15714288,0.14285715,0.15714286,9.114285,5.614286,7.2553754e-05,0.001620695,-7.345365000000001e-25,0.0,0.0,True
2000-12-11,59.23,11.1,6.3428574,8.900001,3.9857144,91.91429,0.22857144,0.22857144,0.22857143,9.057143,4.9714284,9.4369054e-05,0.0017028973,-7.345365000000001e-25,0.0,0.0,True
2000-12-18,59.31,20.9,5.9857144,7.6857142,4.457143,89.200005,0.48571426,0.48571426,0.55714285,9.614285,5.4142857,0.0005232468,0.0017908365,0.0005070709,0.0023120083,0.0028949492,True
2000-12-25,59.32,2.6,-2.4857144,-0.3285715,-4.4857144,90.77143,0.0,0.0,0.17142858,9.6,-0.3,1.5243888e-05,0.0019593537,0.0013129314,4.390627e-05,0.0038793273,True
2001-01-01,59.23,13.0,-1.1142857,0.3285714,-3.2571428,90.42857,0.05,0.05,0.24285714,9.7,-0.11666667,7.280707e-05,0.0021603927,0.008846039,0.00037611648,0.005857229,True
2001-01-08,59.41,12.5,2.9714286,5.157143,1.0857143,93.1,0.24285714,0.24285714,0.10000001,9.957143,0.95714283,0.0007278845,0.0023564398,0.003198828,0.010545297,3.539771e-05,True
2001-01-15,59.3,1.3,-0.37142855,1.2142857,-2.2714286,93.24286,0.11428572,0.11428572,0.18571429,9.842857,0.37142858,9.156764e-06,0.002749227,0.00021449725,7.085875e-05,0.00062456727,True
2001-01-22,59.25,0.8,-2.3,-0.5,-4.5142856,89.542854,0.014285714,0.014285714,0.24285714,9.8,-1.5285715,2.682209e-07,0.0031124502,0.0012093328,6.3329935e-08,0.0024146922,True
2001-01-29,59.330463935167046,8.8,2.3428574,4.2,0.42857146,94.314285,0.24285714,0.24285714,0.24285714,9.942857,0.22857143,0.00026924908,0.0033484474,0.0012516634,0.0034665857,0.0018252581,True
2001-02-05,59.29,26.3,-2.2714286,0.42857146,-5.2285714,87.92857,0.10000001,0.08571429,0.31428573,10.157143,-0.014285714,0.00020301342,0.0035339072,0.004803527,0.0062924996,0.017131433,True
2001-02-12,59.52,10.2,4.9,8.542857,1.7857144,87.88572,0.65714294,0.65714294,0.5714286,10.414286,3.0428572,0.0009357631,0.004694715,0.0012393793,0.01339196,7.043779e-05,True
2001-02-19,59.4,5.1,2.1571429,6.1285715,-1.1285714,87.9,0.4857143,0.47142857,0.44285712,10.085714,2.8,0.00011232495,0.004921779,8.2538245e-06,2.1252781e-05,1.7289072e-05,True
2001-02-26,59.34,14.2,-0.2571428,2.8714287,-2.914286,80.87144,0.59999996,0.5714286,0.7428571,10.028571,1.6,4.0203333e-05,0.0054641366,0.0024528673,0.0001521483,0.0063064992,True
2001-03-05,59.3,1.9,-0.88571423,2.5428574,-4.0285716,83.67143,0.47142854,0.42857143,0.5857143,9.985714,0.071428575,8.045137e-05,0.0056934133,0.0060007116,0.0031603929,0.0058125816,True
2001-03-12,59.29,7.7,5.8857145,9.857142,2.0714285,83.471436,0.8142857,0.7857143,0.85714287,9.857142,4.928571,0.0003015101,0.0057424232,0.002601703,0.007496899,1.0803342e-07,True
2001-03-19,59.33,33.8,2.9,6.3,0.44285712,88.35714,0.8142857,0.7999999,0.7,10.085714,3.9,0.0005850494,0.0057725757,0.0004933732,0.0014422704,0.0053852275,True
2001-03-26,59.48,6.7,-0.31428573,2.1285715,-2.5857143,80.38572,0.6999999,0.67142856,0.98571426,10.514286,0.8142857,6.258488e-05,0.005991347,0.008885701,0.002733279,0.011927567,True
2001-04-02,59.34,0.6,5.214286,9.671428,0.2428571,74.84286,1.3142856,1.1571429,1.5285714,9.857142,5.457143,0.00025956333,0.0062592253,0.004890862,0.008815587,0.00040028244,True
2001-04-09,59.31,8.7,8.014286,13.114286,3.4714286,80.85714,1.5,1.4285715,1.5285714,9.528571,8.928572,0.00026033074,0.0063682646,7.828076e-06,9.0645626e-05,0.0,True
2001-04-16,59.3,10.3,3.957143,7.3428574,0.8142857,81.08572,1.1571429,1.0428572,1.2571429,9.314285,5.5,0.00016452372,0.0064213052,0.0005129235,0.0009422302,0.001525145,True
2001-04-23,59.32,12.9,4.5142856,8.042857,1.3142859,84.685715,1.2428571,1.1142857,1.1714286,9.428572,6.2285714,0.00023860484,0.0063853636,0.000110041525,0.00058754906,0.00012230873,True
2001-04-30,59.33659756297676,13.5,11.1,17.385715,5.285714,75.88572,2.3714287,2.1857142,2.5285716,9.457143,11.957143,0.0007212162,0.0062911958,3.5762787e-07,3.695488e-06,0.0,True
2001-05-07,59.33,7.4,12.114286,17.114286,6.9714284,74.44286,2.5714285,2.1142857,2.642857,8.785714,14.171429,9.3728304e-05,0.006123945,-7.345365000000001e-25,3.7252903e-09,0.0,True
2001-05-14,59.29,0.0,14.742858,21.77143,6.5428576,62.985718,3.9428573,2.885714,3.9714284,7.8285713,17.842857,4.172325e-07,0.0058803037,-7.345365000000001e-25,0.0,0.0,True
2001-05-21,59.24,5.9,12.885715,17.87143,8.057143,75.957146,2.8285713,2.1714284,2.7571428,7.0857143,16.214285,0.00011381507,0.005552411,-7.345365000000001e-25,3.7252903e-09,0.0,True
2001-05-28,59.19,13.4,15.071428,21.142857,7.8,64.8,3.6857145,1.7142857,3.7714286,6.3714285,19.071428,3.6031008e-05,0.005177796,-7.345365000000001e-25,7.450581e-09,0.0,True
2001-06-04,59.16,18.7,12.428572,16.514286,8.842857,80.91429,2.357143,1.8142856,2.3142858,6.571429,14.771428,0.0002606064,0.004802063,-7.345365000000001e-25,0.0,0.0,True
2001-06-11,59.21,9.5,11.928572,15.871429,8.457143,81.64286,2.2857144,1.8571428,2.2857144,6.6857142,14.957143,0.00016521662,0.0044763386,-7.345365000000001e-25,3.7252903e-09,0.0,True
2001-06-18,59.22,38.4,14.071428,19.571428,8.414286,78.78571,2.9714284,2.3714287,3.0,6.9142857,17.471428,0.00025124848,0.004163809,-7.345365000000001e-25,3.7252903e-09,0.0,True
2001-06-25,59.26,13.0,14.528572,19.528574,9.885715,79.44286,2.9714286,2.285714,2.9857142,6.8,18.014286,8.510798e-05,0.0038640723,-7.345365000000001e-25,1.1175871e-08,0.0,True
2001-07-02,59.15,6.1000004,18.171429,23.128572,12.371429,75.15715,3.5428574,2.3285713,3.5857143,6.257143,21.842857,0.00016598403,0.0035801902,-7.345365000000001e-25,7.450581e-09,0.0,True
2001-07-09,59.09,1.4,20.957142,26.114286,14.67143,71.78571,3.9714284,1.8285714,4.1857142,5.614286,23.614286,0.00010359287,0.0033000186,-7.345365000000001e-25,1.4901161e-08,0.0,True
2001-07-16,59.07,28.0,16.742857,20.642857,12.942858,75.22857,3.0857143,1.9285715,3.114286,5.457143,19.442858,0.00015614182,0.003050901,-7.345365000000001e-25,1.1175871e-08,0.0,True
2001-07-23,59.07,3.9,18.142857,23.914288,11.957144,73.22858,3.3428574,2.1285713,3.642857,5.4142857,21.2,4.605204e-05,0.0028334036,-7.345365000000001e-25,7.450581e-09,0.0,True
2001-07-30,59.09683455225092,8.1,21.5,28.142857,14.014287,67.52857,4.2000003,1.5,4.414286,4.9428573,24.77143,2.7254224e-05,0.0025996044,-7.345365000000001e-25,1.1175871e-08,0.0,True
2001-08-06,59.03,26.0,17.457144,23.300001,12.314286,77.185715,3.0285716,1.8428571,3.0857143,4.9857144,20.5,0.00014905632,0.0023865178,-7.345365000000001e-25,1.3038516e-08,0.0,True
2001-08-13,59.07,28.900002,16.328571,20.84286,12.814286,81.84286,2.3999999,1.8285714,2.4285715,5.2,17.87143,0.00023382902,0.0022222772,-7.345365000000001e-25,1.6763806e-08,0.0,True
2001-08-20,59.09,12.6,21.014286,26.785715,16.1,78.12858,3.0285714,2.0857143,3.1857142,5.3428574,22.757143,0.00013244152,0.002079025,-7.345365000000001e-25,1.1175871e-08,0.0,True
2001-08-27,59.12,12.1,20.757143,26.814287,15.585715,76.25715,2.7,1.7285713,3.0571427,5.071429,22.828571,0.00012402236,0.0019412637,-7.345365000000001e-25,7.450581e-09,0.0,True
2001-09-03,59.11,11.8,15.385714,19.77143,11.257143,81.557144,1.8857143,1.4,2.1285713,5.3285713,17.785715,0.00011497736,0.0018216744,-7.345365000000001e-25,1.3038516e-08,0.0,True
2001-09-10,59.09,51.9,12.971429,16.4,10.2,87.84286,1.6142857,1.4571428,1.4,6.457143,14.571428,0.000913769,0.0017271116,-7.345365000000001e-25,1.3038516e-08,0.0,True
2001-09-17,59.3,23.5,12.0,16.071428,9.257143,88.98572,1.1857144,1.1571428,1.3000001,8.785714,13.285714,0.00033271313,0.0016578063,-7.345365000000001e-25,7.450581e-09,0.0,True
2001-09-24,59.67,67.4,11.685715,15.085715,8.842857,90.200005,0.90000004,0.90000004,1.0,10.0,12.5,0.0014356375,0.0016179606,-7.345365000000001e-25,1.1175871e-08,0.0,True
2001-10-01,59.69,18.599998,12.057143,14.714286,9.642858,93.042854,0.6999999,0.67142856,0.7571429,10.042857,12.842857,0.00033526123,0.0016135946,-7.345365000000001e-25,7.450581e-09,0.0,True
2001-10-08,59.57,8.8,13.657143,18.1,10.271429,89.57143,0.85714287,0.8428572,1.0142858,10.271428,13.942857,0.00031864643,0.001657255,-7.345365000000001e-25,1.1175871e-08,0.0,True
2001-10-15,59.5,6.7,13.871429,18.185715,10.042857,87.41429,0.8571428,0.8142857,1.0142857,9.857142,13.757143,2.5607646e-05,0.0017516017,-7.345365000000001e-25,5.5879354e-09,0.0,True
2001-10-22,59.45,0.0,11.557143,14.642858,9.042857,91.57143,0.51428574,0.42857146,0.62857145,9.642858,12.1285715,3.515184e-05,0.0018394515,-7.345365000000001e-25,3.7252903e-09,0.0,True
2001-10-29,59.39832999534773,9.0,9.471429,11.8,7.2428575,91.02857,0.4571429,0.44285712,0.59999996,9.571428,9.4,0.00012843311,0.0019051433,-7.345365000000001e-25,7.450581e-09,0.0,True
2001-11-05,59.4,7.7,9.6285715,12.157144,6.857143,82.27143,0.7571429,0.7571429,1.0142857,9.571428,8.857142,4.673004e-05,0.0019508675,-7.345365000000001e-25,9.313226e-09,0.0,True
2001-11-12,59.49,23.300001,4.1285715,6.285714,1.4857143,89.61428,0.42857146,0.42857146,0.5,10.271428,4.0857143,0.00061977655,0.0019981042,0.0003735281,0.00088804774,0.0010026172,True
2001-11-19,59.48,0.6,3.1571429,7.1857147,-0.9714286,91.54286,0.21428573,0.21428573,0.20000002,10.142858,3.3142858,8.918345e-06,0.0021139756,3.0687876e-05,6.9949776e-05,5.1409006e-07,True
2001-11-26,59.48,11.4,2.8142858,5.6285715,-0.22857144,90.77143,0.35714284,0.35714284,0.31428573,10.114285,2.6,0.00018121302,0.0022428185,2.6033038e-05,2.827309e-05,5.8822334e-05,True
2001-12-03,59.48,4.3,1.457143,2.7428572,0.20000002,94.42857,0.12857144,0.12857144,0.27142859,10.342857,1.4,0.00017085671,0.0023679212,6.32831e-05,7.218495e-05,0.000187926,True
2001-12-10,59.52,10.7,1.8571428,3.5285716,0.028571453,95.37144,0.071428575,0.071428575,0.14285715,10.428572,1.4142857,0.00021325052,0.0025226176,7.0361864e-05,0.00021573529,0.00013712049,True
2001-12-17,59.44,4.7,-0.21428578,1.9142858,-2.6142857,89.48572,0.08571429,0.08571429,0.24285714,10.3,0.14285715,2.56747e-05,0.0027211234,0.0002378566,0.000188265,0.00058810785,True
2001-12-24,59.5,25.2,-1.5428572,0.84285724,-4.3142858,87.27143,0.10000001,0.10000001,0.37142858,10.557143,-0.17142858,0.00016061217,0.00289803,0.0054554483,0.0012402795,0.019841015,True
2001-12-31,59.612824759681175,14.299999,-0.37142855,1.1999999,-1.9428571,88.61428,0.24285714,0.24285714,0.31428573,10.857142,-0.014285714,0.00062354654,0.002635762,0.013390388,0.011833634,0.008376155,True
2002-01-07,59.56,10.9,-2.5714285,1.0142858,-6.4000006,85.24286,0.12857144,0.12857144,0.24285714,10.414286,-1.0428572,0.00040125102,0.0035557225,0.010397775,0.008331299,0.00048629567,True
2002-01-14,59.49,1.0,-0.7285715,0.40000004,-1.8285714,96.12858,0.042857144,0.042857144,0.18571429,10.3,-0.27142859,2.168119e-05,0.0041059926,0.0075382562,0.0008829031,0.001992926,True
2002-01-21,59.47,10.8,0.9285714,3.0,-1.0142858,93.08572,0.21428572,0.21428572,0.25714284,10.342857,-0.057142857,0.00042046607,0.004503228,0.0061361394,0.009010874,0.0011354946,True
2002-01-28,59.64,43.9,6.6285715,9.400001,3.8428574,83.5,1.0428572,1.0428572,0.8142857,10.514286,4.8,0.0006298274,0.0048744753,9.27505e-05,0.001042163,0.0006053671,True
2002-02-04,59.76,5.4,8.400001,11.314285,5.7714286,77.02857,1.0857142,1.0714285,1.1285714,10.457143,6.457143,0.00011458993,0.0056932047,9.082613e-08,2.0917505e-06,0.0,True
2002-02-11,59.63,42.7,7.471429,10.142858,4.7571425,87.51429,0.88571435,0.87142855,0.71428573,10.228572,6.385714,0.00056411326,0.0064449236,1.6008105e-06,2.409704e-05,2.3066998e-05,True
2002-02-18,59.76,3.7,2.057143,6.8142858,-1.6142858,82.042854,0.8142857,0.8142857,0.55714285,10.485714,3.2571428,0.0003778264,0.007338099,1.1523565e-06,1.270324e-06,2.9616058e-06,True
2002-02-25,59.69,38.6,1.1428572,4.142857,-1.2285715,87.34286,0.74285716,0.74285716,0.5714286,10.614285,1.3,0.00039303303,0.008201569,0.006731391,0.009550454,0.02174934,True
2002-03-04,59.69,17.5,4.0142856,6.928571,0.50000006,82.957146,1.0571429,1.0571429,0.85714287,10.7,3.6142857,0.0012630373,0.010622382,0.0016145479,0.013622435,0.0021868013,True
2002-03-11,59.56,29.5,6.2285714,9.400001,3.4714286,80.48572,1.3857143,1.4,1.1428572,10.4,5.714286,0.0013123602,0.011368543,3.0375662e-05,0.0002592448,0.0,True
2002-03-18,59.41,10.0,5.0,8.6285715,1.5,82.92857,0.9142858,0.88571435,0.9714286,10.142858,5.1285715,0.00013099611,0.011924036,4.3840635e-05,0.00014463812,0.00015640631,True
2002-03-25,59.51,13.5,3.5285716,6.1,1.5428572,85.07143,0.87142855,0.8428572,0.8285714,10.157143,4.385714,0.00035740435,0.011836529,0.00014700776,0.0002299454,0.00092681125,True
2002-04-01,59.46,0.0,5.728572,12.5,-0.3,69.77143,1.5142858,1.2857143,1.6999999,9.728572,7.4142857,1.6957521e-05,0.01157134,0.00024340267,0.000788169,0.00013225898,True
2002-04-08,59.4,0.0,5.4,11.17143,-0.37142864,61.414288,2.1571429,1.642857,2.3714287,8.857142,8.357142,6.4373016e-06,0.011027023,1.2085551e-05,4.8378482e-05,5.706027e-05,True
2002-04-15,59.42,22.5,7.3428574,10.614286,4.0857143,82.8,1.1,0.88571423,1.1999999,8.471429,8.385715,0.0003337264,0.010331824,2.009528e-06,1.1658296e-05,0.0,True
2002-04-22,59.53,13.2,8.228572,13.228572,4.0,85.314285,1.3857144,1.3142859,1.5428572,9.6,10.285714,0.00020943582,0.009654835,-7.2791902999999985e-25,0.0,0.0,True
2002-04-29,59.55782516500907,21.6,9.671428,13.728572,5.6,86.87144,1.5714285,1.4999999,1.2857143,9.385715,11.3,0.00026454777,0.009007409,-7.2791902999999985e-25,3.7252903e-09,0.0,True
2002-05-06,59.59,13.900001,11.17143,14.257143,8.285714,86.5,1.4714286,1.4285715,1.4857142,9.514286,12.414286,0.002777651,0.00845965,-7.2791902999999985e-25,0.0,0.0,True
2002-05-13,59.56,9.2,15.614286,21.457144,10.457143,75.75715,3.0285716,2.6,3.2428572,9.257143,16.828571,7.1033835e-05,0.008021988,-7.2791902999999985e-25,7.450581e-09,0.0,True
2002-05-20,59.47,1.5999999,14.357142,19.485716,9.1,76.15715,2.7428572,2.1857145,2.8142858,8.442857,17.385714,0.00018940866,0.0075815767,-7.2791902999999985e-25,7.450581e-09,0.0,True
2002-05-27,59.42,11.4,16.228573,20.97143,11.3,77.34286,2.9571426,2.4428573,3.0285716,8.0,18.8,0.00043945014,0.00709489,-7.2791902999999985e-25,0.0,0.0,True
2002-06-03,59.41,7.2999997,14.871429,20.414288,8.785714,72.957146,3.3000004,2.6000001,3.457143,7.8,18.971428,6.9476664e-05,0.0066273734,-7.2791902999999985e-25,0.0,0.0,True
2002-06-10,59.39388612022453,22.9,17.614286,21.800001,13.300001,75.37144,3.2571428,2.414286,3.3714287,6.9,20.2,0.00020704418,0.006109245,-7.2791902999999985e-25,1.4901161e-08,0.0,True
2002-06-17,59.52,29.2,16.6,21.242859,12.3714285,79.0,3.0285714,2.357143,3.0571427,7.1,18.657143,0.0003099963,0.0056674033,-7.2791902999999985e-25,1.4901161e-08,0.0,True
2002-06-24,59.43,28.4,19.285715,24.4,13.814286,72.08572,4.1285715,2.9285717,4.0857143,6.542857,22.485714,8.517504e-05,0.005199425,-7.2791902999999985e-25,3.7252903e-09,0.0,True
2002-07-01,59.38,8.4,14.828572,18.885715,10.357142,76.48572,2.9857142,2.1,2.7714286,6.3285713,17.62857,0.00012128055,0.0047609806,-7.2791902999999985e-25,1.1175871e-08,0.0,True
2002-07-08,59.33,1.9,16.7,21.1,11.685715,77.4,2.857143,1.8857144,2.9857142,6.4428573,18.585714,9.524822e-05,0.0044023246,-7.2791902999999985e-25,1.4901161e-08,0.0,True
2002-07-15,59.31,22.1,20.114286,25.7,14.357142,68.557144,4.1,2.542857,4.2428575,6.142857,22.857143,0.00017026067,0.004005365,-7.2791902999999985e-25,1.1175871e-08,0.0,True
2002-07-22,59.4,38.2,17.014286,20.52857,13.957144,86.98572,2.3285713,1.8714286,2.1142857,6.8285713,19.571428,0.0018460602,0.0036759675,-7.2791902999999985e-25,2.2351742e-08,0.0,True
2002-07-29,59.47761765540713,6.7,18.214285,23.057144,13.371429,76.557144,2.942857,2.3857143,3.1857142,7.042857,19.6,0.00011844188,0.0034369081,-7.2791902999999985e-25,1.4901161e-08,0.0,True
2002-08-05,59.41,24.900002,21.071428,26.257143,16.414286,81.01429,2.9285715,2.2142856,3.1857142,6.8428574,23.585714,0.0008124113,0.0031951368,-7.2791902999999985e-25,1.1175871e-08,0.0,True
2002-08-12,59.4,29.0,19.528574,24.17143,15.957144,84.814285,2.4142857,2.0857143,2.542857,8.6285715,22.12857,0.000835672,0.0030295104,-7.2791902999999985e-25,1.4901161e-08,0.0,True
2002-08-19,59.5,4.2,19.885715,25.0,15.142858,79.48572,2.8428571,2.3714287,3.1142857,9.585714,22.12857,0.00024966896,0.002922818,-7.2791902999999985e-25,1.3038516e-08,0.0,True
2002-08-26,59.36,0.0,21.157145,28.085714,15.071428,65.24286,3.3714283,2.4285715,4.028571,8.1,23.671429,1.5422702e-06,0.0028066859,-7.2791902999999985e-25,5.5879354e-09,0.0,True
2002-09-02,59.25,0.2,19.385715,25.814287,13.542857,72.457146,2.6714284,1.5857142,3.1857142,6.9714284,22.757143,9.030104e-06,0.0026855841,-7.2791902999999985e-25,9.313226e-09,0.0,True
2002-09-09,59.22,0.0,18.5,25.2,12.257143,71.67143,2.5571427,1.0000001,3.1000001,6.4428573,20.928572,1.8447638e-05,0.002561666,-7.2791902999999985e-25,1.1175871e-08,0.0,True
2002-09-16,59.19,3.9,15.599999,21.185715,10.0,76.15715,1.8571427,0.6714286,2.3285713,6.1571426,18.428572,2.6971102e-05,0.0024381056,-7.2791902999999985e-25,1.1175871e-08,0.0,True
2002-09-23,59.19,17.2,12.67143,16.6,9.428572,82.01429,1.2571428,0.6571428,1.4714286,6.3285713,14.785714,0.0002554655,0.0023336336,-7.2791902999999985e-25,7.450581e-09,0.0,True
2002-09-30,59.19889403179763,4.5,10.428572,15.342857,5.7428575,82.14286,1.0,0.7714286,1.1999999,7.2714286,11.728572,6.7830086e-05,0.0022434145,-7.2791902999999985e-25,1.8626451e-09,0.0,True
2002-10-07,59.23,24.5,10.557143,15.771429,6.2571435,84.700005,1.0857145,0.94285715,1.1714286,7.5142856,12.485714,0.00023359805,0.0021554157,-7.2791902999999985e-25,3.7252903e-09,0.0,True
2002-10-14,59.35,18.4,4.571429,7.7571425,1.3857144,84.42857,0.5714286,0.5142857,0.78571427,8.4,5.857143,9.357184e-05,0.0020818338,0.0008733613,0.0020484477,0.004956696,True
2002-10-21,59.42,18.2,6.957143,9.757143,4.142857,89.328575,0.5428571,0.5285714,0.6857143,8.942857,6.957143,0.00043716282,0.0020241216,0.00044256734,0.003051119,4.0486455e-05,True
2002-10-28,59.5,36.2,8.457143,11.1285715,5.285714,89.185715,0.8000001,0.8000001,0.7,10.0,7.7,0.00084741414,0.001989305,2.8439931e-06,2.575852e-05,0.0,True
2002-11-04,59.65,7.5,4.7000003,7.928571,1.5142858,88.07143,0.4,0.4,0.44285712,10.428572,5.242857,0.00016194582,0.002012059,6.1307634e-07,3.6507845e-07,7.9497695e-06,True
2002-11-11,59.56,14.400001,1.0571429,3.8,-1.5428572,88.52857,0.2857143,0.27142859,0.34285715,10.442857,1.3428571,0.00030605495,0.0020923465,0.0030468248,0.006124936,0.011735912,True
2002-11-18,59.56,15.4,6.571429,8.771429,4.214286,93.92857,0.25714287,0.25714287,0.31428573,10.542857,5.571429,0.0011062026,0.002251543,0.00090260163,0.006037237,0.0,True
2002-11-25,59.55,8.5,2.4714284,4.5285716,0.0857143,93.54286,0.14285716,0.14285716,0.21428572,10.585714,2.5,0.0002041012,0.0026791096,1.5991074e-05,3.235787e-05,2.5764108e-05,True
2002-12-02,59.5,2.6,4.9857144,6.428571,3.3857143,94.200005,0.14285716,0.14285716,0.3,10.442857,4.3714285,0.00019042194,0.0031927973,3.3492134e-07,3.3639371e-06,0.0,True
2002-12-09,59.41,0.3,-2.4285715,-0.38571426,-4.2714286,84.38572,0.057142857,0.057142857,0.3857143,10.328571,-0.2,5.751848e-06,0.003637828,0.00020908174,1.3876706e-06,0.0003991127,True
2002-12-16,59.31,2.7,-5.957143,-2.5857143,-8.985715,82.52857,0.0,0.0,0.22857143,10.2,-4.285714,1.6093254e-06,0.003958024,0.00039205665,0.0,0.0010012425,True
2002-12-23,59.31,0.0,-1.7571429,-0.08571427,-3.6714287,89.68572,0.014285714,0.014285714,0.22857143,10.228572,-1.6857142,1.2293458e-05,0.0041278526,0.0028373513,0.0003771428,0.0021319427,True
2002-12-30,59.435056939854526,6.1,0.39999995,2.0714285,-1.5285715,81.200005,0.08571429,0.08571429,0.5285714,10.342857,-1.3142858,0.00017365813,0.0041893497,0.0020074162,0.0029204413,0.00200459,True
2003-01-06,59.38,26.699999,-4.1,-0.8285714,-8.085714,88.38572,0.0,0.0,0.21428572,10.3,-0.3,0.00022819638,0.0042164177,0.0066800914,0.0016530529,0.013243135,True
2003-01-13,59.36,5.9,-7.9714284,-4.0142856,-12.17143,91.6,0.057142857,0.057142857,0.17142858,10.4,-0.5,0.00015822053,0.0042935014,0.013935248,0.0065854713,0.005854219,True
2003-01-20,59.57,3.0,3.6857145,5.657143,1.5428572,87.0,0.4,0.4,0.4857143,10.257143,1.0857143,0.00035516918,0.004434757,0.0016148941,0.0130584445,2.2023916e-05,True
2003-01-27,59.57,5.5,3.0857143,5.071429,0.9142857,89.91429,0.27142859,0.25714284,0.3857143,10.1285715,1.7571429,9.202212e-05,0.004731074,0.00025629997,0.0013960358,0.0013333298,True
2003-02-03,59.59,22.1,-1.2285715,1.4571428,-4.0571427,90.91429,0.27142859,0.27142859,0.35714287,10.414286,0.9142857,0.00010523945,0.004959263,0.004830843,0.0010160021,0.01071484,True
2003-02-10,59.48,2.8,-2.0857143,0.25714284,-4.785714,88.17143,0.114285715,0.114285715,0.35714287,10.3,-0.057142857,8.72463e-06,0.0051153973,0.010848971,0.0004286468,0.0033352375,True
2003-02-17,59.36,0.0,-5.1857142,-0.3,-9.871429,78.25714,0.057142857,0.057142857,0.4,10.228572,-1.3714286,1.5720725e-06,0.005179785,0.010462812,6.8780035e-05,0.0005446449,True
2003-02-24,59.31,0.0,-1.0428572,2.5857143,-3.9714286,83.92857,0.3285714,0.31428573,0.5285714,10.142858,-0.7714286,8.2321465e-05,0.0051795095,0.008510096,0.0042584613,0.0004241094,True
2003-03-03,59.34,3.8999999,-0.042857144,4.8,-3.6571429,76.74286,0.5857143,0.5285715,0.78571427,9.842857,0.014285714,8.293986e-05,0.00515043,0.0029447079,0.003344467,0.00076210126,True
2003-03-10,59.47,7.4,2.8857143,6.6285715,-0.3142857,80.67143,0.71428573,0.64285713,0.9142857,9.757143,1.5857143,0.00023361295,0.0051047504,0.001716398,0.004007673,0.001952488,True
2003-03-17,59.6,10.5,3.5857143,8.657144,-0.3285714,82.6,1.0285715,0.9714286,1.0,10.014286,4.714286,0.00024828315,0.005058706,1.3175465e-05,8.7181106e-05,3.1977892e-05,True
2003-03-24,59.49,0.0,2.8999999,9.342857,-2.9714286,65.27143,1.4857142,1.2142857,1.6,9.514286,4.6285715,3.1143427e-06,0.0050387084,2.2082102e-06,7.087365e-06,4.172325e-07,True
2003-03-31,59.41723013819055,1.1,6.8285713,13.057143,0.85714287,77.48572,1.4714286,1.1571429,1.6285714,8.957143,8.228572,4.643947e-05,0.004974574,2.1003541e-07,2.5574118e-06,2.1345913e-06,False
2003-04-07,59.45,4.8,4.157143,8.385715,-0.4428571,68.98572,1.7857143,1.4857143,1.8285714,8.571428,5.957143,0.00012283027,0.0048694536,0.00013469515,4.6471134e-05,0.000973627,True
2003-04-14,59.38,1.9000001,3.6285717,9.071428,-2.1714287,69.11429,1.6857141,1.3000001,1.8285714,8.228572,5.6,7.429719e-05,0.004741825,0.0019213075,0.004378857,0.0039391257,True
2003-04-21,59.35,1.1,10.7,16.7,4.714286,55.27143,3.3428571,2.2714286,3.5142858,7.2714286,11.1,8.530915e-06,0.0045534372,1.5474501e-05,0.00015881471,0.0,True
2003-04-28,59.33,2.7,12.085714,18.128572,5.7999997,64.21429,2.8714287,1.4857143,2.9857142,6.457143,13.071428,5.045533e-05,0.004313022,-7.2791902999999985e-25,7.450581e-09,0.0,True
2003-05-05,59.32,9.2,14.400001,20.114286,7.9857144,66.37143,3.4285715,1.8428572,3.4285715,6.457143,14.614285,0.00028081238,0.004080534,-7.2791902999999985e-25,1.1175871e-08,0.0,True
2003-05-12,59.3,8.8,14.400001,19.785715,9.142858,67.62858,2.9857142,1.0571429,3.1571429,6.0,17.285715,8.454919e-05,0.0038170815,-7.2791902999999985e-25,3.7252903e-09,0.0,True
2003-05-19,59.32,12.7,11.414286,16.685715,5.914286,77.27143,2.4714286,1.6142857,2.5,6.0857143,14.571428,0.00031271577,0.0035799146,-7.2791902999999985e-25,0.0,0.0,True
2003-05-26,59.29,1.6,15.742858,20.9,10.414286,71.34286,3.2428572,1.9428571,3.414286,6.214286,17.6,0.00030950457,0.0033552498,-7.2791902999999985e-25,7.450581e-09,0.0,True
2003-06-02,59.22,0.0,18.085714,25.228573,9.842857,61.214287,4.2142854,1.3285714,4.5285716,5.6,21.757143,3.0472875e-06,0.003107287,-7.2791902999999985e-25,0.0,0.0,True
2003-06-09,59.27,19.7,21.942858,28.328571,15.328572,58.642857,5.085714,1.9285715,5.414286,5.3428574,23.6,5.015731e-05,0.0028275326,-7.2791902999999985e-25,1.1175871e-08,0.0,True
2003-06-16,59.21,0.0,17.97143,23.285715,10.685715,63.642857,4.1428576,1.2714285,4.2285714,5.0857143,21.971428,2.24635e-05,0.002565898,-7.2791902999999985e-25,0.0,0.0,True
2003-06-23,59.28,32.1,16.857143,21.742859,12.0,69.04286,3.6142857,1.7714287,3.5142858,5.1571426,19.214285,0.00010487437,0.0023416579,-7.2791902999999985e-25,7.450581e-09,0.0,True
2003-06-30,59.23720559347429,0.0,17.671429,23.2,11.728572,65.9,3.7,1.4142857,3.8857143,4.8428574,20.77143,1.5735626e-05,0.0021430477,-7.2791902999999985e-25,7.450581e-09,0.0,False
2003-07-07,59.21,20.4,16.571428,20.114286,13.714286,78.08572,2.6,1.6857144,2.857143,5.1571426,18.457144,0.00013552606,0.0019698218,-7.2791902999999985e-25,2.2351742e-08,0.0,True
2003-07-14,59.22,1.1,17.728573,23.228573,11.571428,69.61429,3.7142856,2.114286,3.9428573,4.928571,20.87143,3.246963e-05,0.0018235147,-7.2791902999999985e-25,1.4901161e-08,0.0,True
2003-07-21,59.16,7.2000003,22.742859,28.685715,16.642859,64.57143,4.257143,1.957143,4.5285716,4.714286,24.62857,0.00015605241,0.0016704351,-7.2791902999999985e-25,1.4901161e-08,0.0,True
2003-07-28,59.14,38.0,20.728573,26.185715,16.114286,74.15715,3.3285716,2.357143,3.6142857,4.9,23.571428,0.00022052228,0.001538597,-7.2791902999999985e-25,1.1175871e-08,0.0,True
2003-08-04,59.19,0.0,21.928572,28.37143,15.1428585,65.34286,3.7571428,1.5285715,4.057143,4.5142856,25.014286,8.9123845e-05,0.001423791,-7.2791902999999985e-25,7.450581e-09,0.0,True
2003-08-11,59.1,0.0,21.685715,29.142857,13.357142,56.914288,4.285714,0.61428565,4.7000003,4.071429,25.2,1.4901161e-08,0.0013054684,-7.2791902999999985e-25,1.1175871e-08,0.0,True
2003-08-18,59.06,0.2,20.357143,27.0,14.342857,59.614285,3.857143,0.6857143,4.457143,3.8857143,22.885714,1.49309635e-05,0.0011911094,-7.2791902999999985e-25,9.313226e-09,0.0,True
2003-08-25,59.02,2.7,18.385715,23.87143,13.414286,70.22858,2.8714287,0.6285715,3.2857144,3.942857,20.428572,2.3320317e-05,0.0011057258,-7.325276e-25,1.8626451e-08,0.0,True
2003-09-01,59.02,19.8,14.414286,18.757143,10.400001,76.52857,2.0285714,0.94285715,2.2428572,4.4142857,16.657143,0.00010666251,0.0010337159,-7.345365000000001e-25,1.4901161e-08,0.0,True
2003-09-08,59.02,1.2,15.142858,20.542858,9.557143,69.75715,2.357143,1.5714285,2.6714287,4.7714286,16.642857,2.8714538e-05,0.0009757057,-7.345365000000001e-25,3.7252903e-09,0.0,True
2003-09-15,59.19,37.600002,14.557143,18.814287,11.042857,86.200005,1.4285715,1.1714286,1.4857142,5.5857143,16.585714,0.00036767125,0.0009218529,-7.345365000000001e-25,7.450581e-09,0.0,True
2003-09-22,59.13,0.0,17.2,25.17143,10.6285715,73.12858,2.3428571,1.6714287,2.7571428,5.2714286,18.3,2.682209e-07,0.00087665766,-7.345365000000001e-25,5.5879354e-09,0.0,True
2003-09-29,59.07081340237152,11.2,11.385715,17.27143,5.9857144,75.299995,1.557143,1.1571429,1.8285714,4.885714,13.6,0.0001205951,0.0008328855,-7.345365000000001e-25,3.7252903e-09,0.0,True
2003-10-06,59.09,8.9,10.085714,14.814286,5.8,86.828575,0.90000004,0.7714286,1.0428572,5.285714,11.4,6.7308545e-05,0.000798665,-7.345365000000001e-25,1.8626451e-09,0.0,True
2003-10-13,59.12,28.1,8.771429,12.885714,5.6857142,85.78571,0.9714287,0.9142857,1.0142857,5.9142857,9.271428,0.00013358146,0.0007707253,-7.345365000000001e-25,5.5879354e-09,0.0,True
2003-10-20,59.19,0.0,3.9857144,10.557143,-1.0285715,84.14286,0.5714286,0.42857143,0.62857145,5.857143,6.1857142,1.2814999e-06,0.00074567646,9.650276e-08,2.6077032e-07,8.2701445e-07,True
2003-10-27,59.14,5.2,1.7428571,6.142857,-2.542857,83.87144,0.4714286,0.38571432,0.55714285,6.0857143,3.1714287,4.7139823e-05,0.00072404,1.4356205e-05,4.3796375e-05,5.6818128e-05,True
2003-11-03,59.2,15.6,5.7714286,9.114286,2.8857143,87.557144,0.42857143,0.37142858,0.62857145,6.4857144,4.742857,0.00010050833,0.0007050559,4.1212356e-06,1.3651326e-05,0.0,True
2003-11-10,59.2,0.3,4.571429,7.228572,1.8000001,89.74286,0.28571433,0.27142859,0.47142857,6.5,4.614286,4.835427e-06,0.0006885305,-7.345365000000001e-25,9.313226e-09,0.0,True
2003-11-17,59.19,10.700001,2.6714287,6.014286,0.0285714,88.84286,0.28571433,0.25714287,0.35714287,6.5,2.3,7.092953e-05,0.0006733984,-7.345365000000001e-25,1.8626451e-09,0.0,True
2003-11-24,59.32,8.5,8.742857,10.928572,6.1285715,91.971436,0.3285714,0.2857143,0.42857143,7.1,7.385714,5.339831e-05,0.00066024065,-7.345365000000001e-25,5.5879354e-09,0.0,True
2003-12-01,59.33,9.9,6.8428574,8.3714285,5.3142858,96.32857,0.17142859,0.15714288,0.18571427,7.6285715,6.257143,6.827712e-05,0.00064875185,-7.345365000000001e-25,1.8626451e-09,0.0,True
2003-12-08,59.29,4.7000003,3.557143,5.714286,1.3857144,85.814285,0.2857143,0.2857143,0.4857143,7.7,3.4285715,2.4348497e-05,0.00063866377,1.7699742e-05,6.5378845e-07,6.431714e-05,True
2003-12-15,59.46,24.7,2.3,5.3428574,-0.54285717,86.38572,0.37142855,0.35714287,0.32857147,8.142858,1.2285714,0.00021833181,0.00062939525,0.0006591876,0.0024215132,0.0036258213,True
2003-12-22,59.48,12.6,2.6142857,5.057143,-0.22857149,87.457146,0.3857143,0.3857143,0.3,8.957143,1.9571428,0.0001238957,0.0006219223,0.00067345303,0.0013971925,0.0019185096,True
2003-12-29,59.46904250855346,1.2,1.5714285,3.9,-1.1428572,84.41429,0.25714284,0.25714284,0.55714285,9.314285,0.7714286,0.00010275841,0.0006169006,0.001166741,0.0025285129,0.00075076893,True
2004-01-05,59.4,1.1,-2.9285715,-0.35714287,-5.2999997,86.98572,0.05,0.05,0.15714286,9.3,0.3,7.8976154e-07,0.0006137192,0.00042664437,6.4633787e-06,0.00079446845,True
2004-01-12,59.37,13.4,0.24285714,2.3999999,-2.2285714,93.5,0.08571429,0.08571429,0.25714287,9.757143,-0.5285714,0.00023035705,0.0006120801,0.0041861874,0.00845271,0.0090608485,True
2004-01-19,59.57,31.5,1.7571429,3.3285716,-0.3,93.97143,0.3,0.3,0.25714284,10.771428,0.47142857,0.000583522,0.00061531365,0.002808338,0.005855048,0.011576168,True
2004-01-26,59.57,2.1,-5.1571426,-2.957143,-7.414286,81.47143,0.042857144,0.042857144,0.31428573,10.442857,-1.0714285,2.630055e-06,0.00064103305,0.008735923,2.6889145e-05,0.0038137883,True
2004-02-02,59.56,28.099998,0.30000004,2.914286,-2.3714287,90.5,0.3285714,0.3285714,0.3857143,10.528571,-0.1,0.0017413944,0.00068006665,0.009828817,0.014069887,0.0045893677,True
2004-02-09,59.93,44.3,7.114286,9.271429,4.9,88.85714,0.8285714,0.8285714,0.7,10.971429,5.5285716,0.0012220293,0.0010020584,0.00051769754,0.00083662197,0.0036276542,True
2004-02-16,59.76,10.6,0.45714283,2.542857,-2.4714284,92.42857,0.18571429,0.18571429,0.34285715,10.6,0.6142857,0.00027529895,0.001020968,0.006761392,0.008645369,0.008123703,True
2004-02-23,59.61,0.3,0.5428571,4.0142856,-2.614286,71.58572,0.6571428,0.61428577,0.90000004,10.057143,0.87142855,5.9634447e-05,0.001294367,0.0015342463,0.0018680505,0.00068964064,True
2004-03-01,59.47,3.9,-1.1857144,2.4285715,-5.057143,86.52857,0.44285718,0.42857146,0.5285714,9.857142,0.071428575,5.532056e-05,0.0015285388,0.0036415656,0.0018356778,0.004927054,True
2004-03-08,59.44,1.2,-0.28571433,2.9714286,-3.8428571,78.22858,0.6571428,0.5285715,0.78571427,9.671429,0.74285716,6.660074e-05,0.0017068312,0.002342054,0.002704898,0.0022653677,True
2004-03-15,59.42,0.5,4.5142856,7.8,1.8142859,80.37144,0.95714283,0.8428572,1.1571429,9.414286,3.6714287,9.043515e-05,0.001839675,0.0016444637,0.0035495851,0.0007928945,True
2004-03-22,59.6,25.100002,9.328572,13.085714,5.585715,81.17143,1.6714286,1.5285714,1.4714286,9.257143,8.942857,0.00029596686,0.0019281432,1.1466798e-06,1.9971281e-05,0.0,True
2004-03-29,59.55882039030879,0.6,3.3142858,6.957143,-0.45714286,79.82857,1.0714285,0.9285714,1.0857142,9.3,5.0,2.8811395e-05,0.0019981712,0.00015402975,0.0004741978,0.0005599074,True
2004-04-05,59.46,7.0,7.8857145,13.728572,2.7428572,68.62858,2.1714284,1.7857141,2.2714286,8.685715,8.6,5.838275e-05,0.002050519,1.00817e-05,7.1046874e-05,0.0,True
2004-04-12,59.48,9.4,5.157143,9.942857,0.54285717,85.22858,1.3142856,1.2,1.2428571,8.742857,7.357143,0.0001771003,0.0020727739,1.5213376e-06,1.0702759e-05,1.08890235e-05,True
2004-04-19,59.42,10.3,10.5,16.97143,3.3,66.700005,2.5142858,1.9714283,2.5571427,8.085714,12.242857,0.00012436509,0.0020648018,-7.2791902999999985e-25,3.46452e-07,0.0,True
2004-04-26,59.41,3.4,10.5,15.642858,5.0285716,79.35714,1.9428571,1.5571429,1.9,7.6285715,12.714286,0.00010187924,0.0020333752,-7.2791902999999985e-25,1.8626451e-09,0.0,True
2004-05-03,59.38,12.3,13.814286,18.857143,8.7,63.785713,3.1857145,2.1714284,3.4142857,7.0571427,14.6,0.000109910965,0.0019959286,-7.2791902999999985e-25,0.0,0.0,True
2004-05-10,59.47,18.7,13.614286,18.428572,9.457144,83.07143,2.2857144,1.8857142,2.3857143,7.1,15.714286,0.00020433962,0.0019444525,-7.2791902999999985e-25,7.450581e-09,0.0,True
2004-05-17,59.44,4.2,10.885715,14.485715,6.657143,82.457146,1.8,1.4142857,1.8142856,7.1,13.542857,6.343424e-05,0.001903817,-7.2791902999999985e-25,0.0,0.0,True
2004-05-24,59.4,12.2,10.685715,15.685715,5.0142856,70.4,2.9285717,2.2,2.7,6.3428574,13.942857,5.9351325e-05,0.0018495619,-7.2791902999999985e-25,7.450581e-09,0.0,True
2004-05-31,59.383564726054345,2.5,12.585715,18.357143,5.6142855,68.97143,3.2571428,1.8428571,3.3428571,5.8142858,15.857142,0.000115036964,0.0017872751,-7.2791902999999985e-25,3.7252903e-09,0.0,True
2004-06-07,59.39,2.3,15.414286,20.84286,9.742857,71.25714,3.114286,1.1714286,3.4285715,5.457143,18.714285,6.99833e-05,0.0017049238,-7.2791902999999985e-25,0.0,0.0,True
2004-06-14,59.36,12.5,16.4,21.142857,11.357142,77.78571,3.0857143,1.757143,3.0142858,5.5142856,19.028572,0.00016450137,0.001635477,-7.2791902999999985e-25,1.1175871e-08,0.0,True
2004-06-21,59.37,39.3,13.428572,18.157145,8.557143,77.08572,2.8285713,2.0,2.7571428,5.6857142,16.185715,0.00038783252,0.0015725568,-7.2791902999999985e-25,1.1175871e-08,0.0,True
2004-06-28,59.49,32.699997,14.485715,18.585714,10.014285,80.78571,2.6714287,2.2428572,2.3857143,5.9857144,16.342857,0.00023826212,0.0015142485,-7.2791902999999985e-25,1.8626451e-08,0.0,True
2004-07-05,59.43,24.8,14.728572,19.785715,10.014287,79.814285,3.042857,2.4285715,2.8428571,5.8142858,17.457144,0.00024603307,0.001462616,-7.2791902999999985e-25,1.1175871e-08,0.0,True
2004-07-12,59.51,17.9,15.571428,20.128572,11.3,79.0,2.8999999,2.2285714,2.7285714,6.0571427,18.171429,0.00017508864,0.0014088005,-7.2791902999999985e-25,1.8626451e-08,0.0,True
2004-07-19,59.49,42.600002,17.414286,22.157145,13.5,79.71429,2.8857143,2.5142858,2.9428573,6.2714286,19.37143,0.0011300594,0.0013627633,-7.284705e-25,1.6763806e-08,0.0,True
2004-07-26,59.5,27.7,17.585714,22.84286,12.17143,82.75714,2.5857143,2.3714287,2.7714286,7.071429,20.557142,0.0002207011,0.0013152435,-7.345365000000001e-25,3.7252903e-09,0.0,True
2004-08-02,59.52,2.1,18.242857,24.84286,11.228572,72.74286,3.442857,2.6285713,3.6571429,6.4142857,22.085714,6.4879656e-05,0.0012718439,-7.345365000000001e-25,7.450581e-09,0.0,True
2004-08-09,59.37,0.0,21.914288,28.17143,15.1285715,63.414288,4.2571425,2.2571428,4.6857142,5.3285713,24.37143,6.1914325e-06,0.001219891,-7.345365000000001e-25,1.8626451e-08,0.0,True
2004-08-16,59.37,38.6,20.257143,26.4,14.185715,71.700005,3.2714286,1.6285714,3.5857143,5.042857,22.714285,0.00012156367,0.0011605993,-7.345365000000001e-25,1.4901161e-08,0.0,True
2004-08-23,59.29,18.1,17.957144,23.528574,12.614286,72.98571,2.7285714,1.8142856,3.0714285,5.1714287,20.22857,0.00015597045,0.0011149123,-7.345365000000001e-25,1.3038516e-08,0.0,True
2004-08-30,59.3771838561636,37.5,15.828572,20.314285,12.357142,84.68572,1.7285713,1.5142857,1.9571428,5.5857143,17.5,0.00026793778,0.0010763332,-7.345365000000001e-25,1.4901161e-08,0.0,True
2004-09-06,59.46,3.2,15.885715,22.542858,9.7,77.27143,2.142857,1.6571429,2.3857143,6.071429,18.242857,6.2800944e-05,0.001044482,-7.345365000000001e-25,7.450581e-09,0.0,True
2004-09-13,59.33,2.2,15.114286,21.242857,8.914286,70.71429,2.142857,1.5714285,2.5142858,5.457143,17.77143,8.253753e-05,0.0010066256,-7.345365000000001e-25,7.450581e-09,0.0,True
2004-09-20,59.25,3.9,13.885715,19.528574,8.1,70.28571,1.942857,1.1999999,2.4142857,5.042857,15.3714285,1.6361475e-05,0.0009741187,-7.345365000000001e-25,1.8626451e-09,0.0,True
2004-09-27,59.25,9.2,11.385715,15.257143,8.714286,86.71429,1.1571428,1.0,1.2142857,5.4714284,12.2,7.176399e-05,0.0009475127,-7.345365000000001e-25,1.3038516e-08,0.0,True
2004-10-04,59.33,20.8,11.828572,16.142857,7.7714286,88.02857,0.84285706,0.7142858,1.0571429,5.9857144,12.528571,7.6815486e-05,0.0009262338,-7.345365000000001e-25,1.1175871e-08,0.0,True
2004-10-11,59.3,4.7000003,9.714286,14.914286,5.142857,83.185715,0.9142858,0.7285714,1.0571429,5.8428574,11.1285715,3.4354627e-05,0.0009034574,-7.345365000000001e-25,3.7252903e-09,0.0,True
2004-10-18,59.28,11.5,7.1285715,10.328572,4.157143,82.58572,0.7285714,0.59999996,0.88571423,5.9,7.571429,0.0001322031,0.00088219345,-7.345365000000001e-25,3.7252903e-09,0.0,True
2004-10-25,59.3,3.3,11.0,15.557143,6.1285715,82.98572,0.90000004,0.7714286,1.0142857,6.542857,10.1,8.521974e-05,0.00086518377,-7.345365000000001e-25,1.3038516e-08,0.0,True
2004-11-01,59.34,11.0,9.1,11.042857,7.014286,92.94286,0.32857147,0.3,0.40000004,6.7285714,9.685715,0.000106960535,0.00084943324,-7.345365000000001e-25,1.8626451e-09,0.0,True
2004-11-08,59.34,4.8,7.1,9.485715,4.542857,89.90001,0.42857143,0.38571426,0.4714286,6.9142857,7.1285715,8.921325e-05,0.0008368939,-7.345365000000001e-25,3.7252903e-09,0.0,True
2004-11-15,59.38,9.400001,3.114286,5.785714,-0.37142855,93.21429,0.3285714,0.3,0.25714284,7.257143,3.6285715,0.00010367483,0.00082685053,-7.345365000000001e-25,3.7252903e-09,0.0,True
2004-11-22,59.56,42.7,3.7142856,6.785714,0.64285713,89.314285,0.54285717,0.5285714,0.34285715,8.1285715,3.3142858,0.0003182143,0.0008190572,0.0005520128,0.0033625755,0.004434807,True
2004-11-29,59.60292460844446,8.1,2.5857143,5.1142855,-0.071428575,90.01429,0.2857143,0.2857143,0.25714284,8.8714285,2.3428571,0.00013682246,0.0008150935,0.00047601404,0.0011122338,8.381903e-06,True
2004-12-06,59.55,0.90000004,3.7857144,5.0285716,2.5285716,92.75714,0.17142858,0.17142858,0.34285715,9.0,3.2571428,1.5318394e-05,0.0008187741,2.921763e-05,9.814277e-05,0.0,True
2004-12-13,59.45,0.0,2.8714287,4.2857146,0.85714287,93.17143,0.10000001,0.08571429,0.18571427,8.9,2.6285715,1.3038516e-05,0.0008280203,5.336035e-07,2.2444874e-06,2.4847686e-06,True
2004-12-20,59.39,4.8,1.0857143,3.5,-1.1714286,89.14286,0.25714287,0.25714287,0.25714287,8.985714,1.0857143,5.838275e-05,0.00083877146,0.00020855949,0.00019942038,0.0006820783,True
2004-12-27,59.4,16.9,1.7714287,4.4142857,-1.2285715,91.12858,0.4,0.4,0.3285714,9.485714,1.3428571,0.00023768842,0.0008500889,0.0004444633,0.0020481795,0.0015624538,True
2005-01-03,59.55,25.9,3.0142858,5.142857,1.0714285,91.8,0.175,0.15,0.31428573,9.8,1.525,0.00028216094,0.0008690804,0.00050577096,0.0017435607,0.0016686879,True
2005-01-10,59.59,1.6,7.1285715,9.285714,4.4857144,79.98572,0.90000004,0.90000004,0.9857143,10.071428,5.3285713,0.00012879074,0.00090938807,1.9811448e-06,2.5842339e-05,0.0,True
2005-01-17,59.45,1.3,3.4142857,5.571429,0.9714286,87.200005,0.37142855,0.34285715,0.44285712,9.657143,3.0285714,2.1144748e-05,0.00096942484,2.8008506e-05,5.9539452e-05,9.7405165e-05,True
2005-01-24,59.56,37.6,1.6000001,3.6857145,-0.5428571,89.3,0.5142857,0.5142857,0.37142858,10.2,1.4285715,0.00026600808,0.0010300055,0.0021737758,0.0035216734,0.009636208,True
2005-01-31,59.53517350600243,7.7,-2.4,0.34285718,-6.1,94.21429,0.1,0.1,0.17142858,10.328571,0.31428573,0.00014574826,0.0011029318,0.0072819167,0.005878292,0.0032289997,True
2005-02-07,59.64,0.0,-0.057142835,3.1857145,-3.1714287,81.471436,0.37142855,0.34285715,0.41428572,10.171429,0.7,5.1423907e-05,0.0011827052,0.0021115087,0.0020788237,9.353459e-05,True
2005-02-14,59.49,28.2,0.5142857,3.7857144,-2.4857142,85.442856,0.5,0.5,0.47142857,10.414286,0.2,0.00052078813,0.0012701079,0.0017278591,0.0014753267,0.007345274,True
2005-02-21,59.62,4.5,-0.6571428,0.85714287,-2.3857143,87.08572,0.2,0.2,0.4857143,10.428572,0.15714286,4.272908e-05,0.0013862327,0.00891073,0.0019220691,0.0052840672,True
2005-02-28,59.55,24.199999,-2.2714286,-0.4,-5.085714,88.41429,0.10000001,0.10000001,0.41428572,10.5,0.1,1.1965632e-05,0.0015130192,0.01994476,0.00053983927,0.018828802,True
2005-03-07,59.48,8.0,-3.3142858,-0.11428571,-7.2999997,83.814285,0.057142857,0.057142857,0.4857143,10.342857,0.1,9.842217e-06,0.0016218498,0.03053798,0.00051378645,0.008569755,True
2005-03-14,59.43,16.6,0.2428571,3.5428574,-3.114286,83.6,0.67142856,0.67142856,0.7285715,10.285714,0.47142857,0.00032134354,0.0017077327,0.029967643,0.011756754,0.009920459,True
2005-03-21,59.69,15.5,5.0,8.942858,0.19999994,75.94286,1.1571428,1.1142857,1.1571429,10.214286,5.1714287,0.0009816438,0.0024804547,0.0050562564,0.02849283,0.00016446412,True
2005-03-28,59.7,0.4,7.528572,12.342857,3.3142858,78.814285,1.2285715,1.0571429,1.4285715,9.7,7.857143,0.0001424849,0.002393648,3.088656e-05,0.0001355242,0.0,True
2005-04-04,59.39,0.0,7.057143,14.585715,-0.25714287,53.55714,2.6285713,2.0428572,2.6285713,9.014286,8.457143,1.4901161e-07,0.0027065948,-7.345365000000001e-25,6.7055225e-08,0.0,True
2005-04-11,59.26,7.5,7.3857145,12.671428,1.6285715,75.77143,1.8285714,1.5285714,1.7714285,8.271428,9.157143,7.365644e-05,0.002825573,4.5980727e-07,3.6507845e-06,4.2691827e-06,True
2005-04-18,59.2,0.0,11.714286,18.057144,6.2571425,71.07143,2.3,1.6000001,2.3428571,7.6,13.1285715,5.26011e-06,0.002827637,-7.345365000000001e-25,6.8359077e-07,0.0,True
2005-04-25,59.18,0.0,5.9857144,11.971429,-0.17142858,57.07143,2.6857142,1.3000001,2.642857,6.885714,10.3714285,5.736947e-06,0.0027678385,-7.345365000000001e-25,0.0,0.0,True
2005-05-02,59.29,20.3,12.771429,19.171429,6.3714285,70.457146,2.7142856,1.5857143,2.8428571,6.6571426,14.0,0.00010740757,0.002684757,-7.345365000000001e-25,0.0,0.0,True
2005-05-09,59.35,21.2,10.014285,14.842857,6.085715,81.58572,2.1,1.7285713,2.0714285,6.957143,12.971429,0.0003001094,0.002590455,-7.345365000000001e-25,3.7252903e-09,0.0,True
2005-05-16,59.43,38.0,9.1285715,14.171428,4.2000003,78.65715,2.2285714,1.8857144,2.2285714,7.4428573,12.042857,0.0003639087,0.00250832,-7.345365000000001e-25,0.0,0.0,True
2005-05-23,59.42,6.2,12.542857,17.671429,6.9000006,71.67143,2.5857143,2.1571429,2.7857144,7.5285716,15.171429,0.00020963699,0.002420999,-7.345365000000001e-25,3.7252903e-09,0.0,True
2005-05-30,59.34397759715763,8.5,18.414288,24.185715,11.957144,68.24286,4.1285715,2.942857,4.1857142,6.742857,21.314285,8.101761e-05,0.0023223087,-7.345365000000001e-25,3.7252903e-09,0.0,True
2005-06-06,59.33,6.7,13.071428,17.128572,8.271429,75.814285,2.714286,2.2142856,2.7142856,6.7,15.428572,0.00016642362,0.0022185668,-7.345365000000001e-25,7.450581e-09,0.0,True
2005-06-13,59.33,8.1,11.357142,16.47143,6.0285716,73.64286,2.7285714,2.1714284,2.7,6.1571426,14.442857,0.00014825165,0.0021270588,-7.345365000000001e-25,1.1175871e-08,0.0,True
2005-06-20,59.35,2.6,17.671429,24.042858,10.0,71.8,3.8857143,1.9714285,3.9142857,5.5142856,20.614286,6.774068e-05,0.0020294338,-7.345365000000001e-25,1.1175871e-08,0.0,True
2005-06-27,59.32,5.9,19.528574,26.828571,11.842857,65.41429,4.6,1.3857143,4.8428574,5.1714287,23.257143,0.00012470782,0.0019075647,-7.345365000000001e-25,7.450581e-09,0.0,True
2005-07-04,59.29,0.0,18.557142,23.97143,12.17143,65.328575,4.2714286,0.91428566,4.4714284,4.9714284,22.557142,3.9935112e-05,0.0017825365,-7.345365000000001e-25,3.7252903e-09,0.0,True
2005-07-11,59.39,66.4,17.1,22.357143,12.957144,81.85714,2.942857,2.3714287,3.2428572,6.242857,20.542856,0.00035504997,0.0016830713,-7.345365000000001e-25,1.1175871e-08,0.0,True
2005-07-18,59.42,11.4,20.0,26.300001,13.800001,69.41429,4.0142856,2.8571427,4.2571425,5.4142857,23.614286,5.054474e-05,0.0015804991,-7.345365000000001e-25,1.4901161e-08,0.0,True
2005-07-25,59.73,50.4,16.385715,20.685715,13.471429,80.957146,2.457143,2.2142856,2.7571428,6.5142856,18.27143,0.0007946789,0.0014982894,-7.345365000000001e-25,2.2351742e-08,0.0,True
2005-08-01,59.52,10.999999,19.614286,24.800001,14.557143,75.57143,3.2428572,2.8285713,3.5714285,7.1285715,21.857143,0.005097866,0.0014330894,-7.345365000000001e-25,1.1175871e-08,0.0,True
2005-08-08,59.45,15.0,14.800001,20.057144,9.971429,80.02857,2.385714,2.1857142,2.7285714,7.0285716,18.157143,0.00028201938,0.0013836548,-7.345365000000001e-25,7.450581e-09,0.0,True
2005-08-15,59.44,13.6,14.742857,18.071428,11.842857,82.942856,1.7142857,1.5571429,2.0142858,7.4714284,16.071428,0.00018271804,0.0013501421,-7.345365000000001e-25,1.4901161e-08,0.0,True
2005-08-22,59.33,0.0,19.042858,25.300001,12.528572,70.62858,3.1,2.3857143,3.5714285,6.742857,21.62857,7.31647e-06,0.0013149232,-7.345365000000001e-25,1.1175871e-08,0.0,True
2005-08-29,59.31452749003782,7.0,16.2,21.685715,11.085715,78.40001,2.1571429,1.6857144,2.4428573,6.142857,18.757143,0.000111445785,0.0012747124,-7.345365000000001e-25,7.450581e-09,0.0,True
2005-09-05,59.25,0.0,17.6,24.514286,10.342857,68.42857,2.6000001,1.5142857,3.1857142,5.4,20.257143,1.1846423e-05,0.0012330189,-7.345365000000001e-25,1.1175871e-08,0.0,True
2005-09-12,59.15,9.3,18.942858,25.128572,13.1285715,75.87142,2.3999999,1.042857,2.6857142,5.071429,20.514286,0.00013154745,0.0011862442,-7.345365000000001e-25,1.3038516e-08,0.0,True
2005-09-19,59.07,23.1,12.285714,17.314287,7.214286,81.6,1.4142857,1.1142857,1.5428572,6.071429,14.857142,0.00020767748,0.0011528432,-7.345365000000001e-25,5.5879354e-09,0.0,True
2005-09-26,59.08,0.8,14.414286,19.985716,9.457144,80.557144,1.3714285,1.0571429,1.6571429,6.042857,16.042856,5.9083104e-05,0.0011239573,-7.345365000000001e-25,5.5879354e-09,0.0,True
2005-10-03,59.03,15.3,11.314286,15.528572,7.157143,88.74286,0.82857144,0.7571429,1.0,6.542857,12.542857,0.00022441149,0.0010974109,-7.345365000000001e-25,3.7252903e-09,0.0,True
2005-10-10,59.07,0.0,13.428572,18.914288,9.2,80.72858,1.0714285,0.8428572,1.3571428,6.6714287,13.614285,1.1920929e-07,0.0010745898,-7.345365000000001e-25,5.5879354e-09,0.0,True
2005-10-17,59.1,0.4,9.771429,16.028572,4.4285717,79.957146,0.8714286,0.6857143,1.0571429,6.2714286,11.471429,1.5050173e-06,0.0010518432,-7.345365000000001e-25,5.5879354e-09,0.0,True
2005-10-24,59.15,21.8,9.228571,13.642858,4.457143,86.21429,0.6571428,0.5714286,0.7285714,6.257143,9.785714,0.00017090142,0.0010332465,-7.345365000000001e-25,5.5879354e-09,0.0,True
2005-10-31,59.22472845561949,7.2999997,11.014285,15.400001,7.3142858,80.71429,0.85714287,0.7714286,0.82857144,7.1285715,10.028571,0.00010282546,0.0010176897,-7.345365000000001e-25,1.1175871e-08,0.0,True
2005-11-07,59.26,13.8,8.814286,11.842857,5.4857144,91.44286,0.4428572,0.41428572,0.40000004,7.3285713,8.542857,0.0001180768,0.0010041893,-7.345365000000001e-25,5.5879354e-09,0.0,True
2005-11-14,59.3,3.7,7.2000003,10.2,3.7285714,91.98572,0.34285715,0.31428573,0.2857143,7.6714287,7.385714,1.6734004e-05,0.0009942725,-7.345365000000001e-25,3.7252903e-09,0.0,True
2005-11-21,59.36,15.099999,1.8714286,4.285714,-0.35714287,94.24286,0.22857146,0.22857146,0.10000001,8.242857,2.4,0.00015358627,0.0009870231,9.002005e-05,0.0001674518,0.00034445524,True
2005-11-28,59.24,3.1999998,-0.10000001,2.357143,-3.0142858,89.37144,0.114285715,0.114285715,0.2,8.3,0.62857145,1.2204051e-05,0.0009822994,0.0010532538,0.00016052835,0.0026012398,True
2005-12-05,59.32,4.0,0.9142858,2.6142857,-0.8714286,91.27143,0.12857144,0.114285715,0.18571429,8.342857,-0.071428575,7.647276e-05,0.0009790137,0.0016423918,0.0021908395,0.00012677163,True
2005-12-12,59.31,4.2,1.5,3.7142856,-1.3857144,96.54286,0.114285715,0.114285715,0.057142857,8.5,1.2714286,3.9830804e-05,0.0009773448,0.00030899615,0.0005995296,0.00011357665,True
2005-12-19,59.38,35.5,1.7285715,3.914286,-0.9285714,93.94286,0.2857143,0.2857143,0.22857143,9.228572,1.9428571,0.00020495802,0.0009782314,0.004358541,0.0013790764,0.012246367,True
2005-12-26,59.62,24.0,2.8428574,4.7714286,0.7,92.5,0.25714287,0.25714287,0.2,10.3,2.1,0.0004337281,0.0009905994,0.0031979822,0.0113527775,0.0025782827,True
2006-01-02,59.51,13.599999,-2.1714287,0.17142858,-4.9857144,92.94286,0.0,0.0,0.2,10.52,0.18,0.00014349818,0.0010380298,0.011634361,0.006595399,0.016876373,True
2006-01-09,59.47,0.0,-2.3,-0.6,-4.0571427,90.24286,0.057142857,0.057142857,0.22857143,10.228572,-0.042857144,1.3902783e-05,0.0011044815,0.012206538,0.0006586276,0.0007718541,True
2006-01-16,59.38,0.7,-2.5285716,0.21428573,-5.1,90.3,0.10000001,0.10000001,0.114285715,10.2,-0.9285714,9.253621e-05,0.001178056,0.009315224,0.0036858171,0.0001312457,True
2006-01-23,59.38,16.6,-5.542857,-2.5,-9.014286,87.08571,0.014285714,0.014285714,0.17142858,10.428572,-1.6571429,0.00020296872,0.0012508184,0.012145831,0.0046481267,0.008277301,True
2006-01-30,59.32406820993197,0.0,-7.6142855,-2.614286,-12.042857,80.442856,0.014285714,0.014285714,0.17142858,10.3,-3.3428571,6.712973e-06,0.0013317987,0.011826458,0.0001635626,0.000858441,True
2006-02-06,59.25,12.6,-2.4285715,0.38571432,-5.8,88.02857,0.10000001,0.10000001,0.29999998,10.228572,-1.3142858,4.0084124e-05,0.0014134273,0.012130011,0.0018634908,0.0076294467,True
2006-02-13,59.42,25.5,0.61428577,2.2714286,-1.4,94.17143,0.25714287,0.25714287,0.27142859,10.828571,0.0,0.0006609261,0.0015194714,0.011304441,0.016596818,0.011660267,True
2006-02-20,59.49,15.6,1.6285715,4.0857143,-0.78571427,93.15715,0.34285715,0.34285715,0.37142855,10.342857,0.3,0.00046191365,0.0017401427,0.005754306,0.0116134975,0.00051064417,True
2006-02-27,59.61,0.6,-1.3571428,1.6714286,-4.4714284,80.65715,0.35714287,0.35714287,0.59999996,10.2,7.930165e-18,2.9176474e-05,0.0020739138,0.0019349825,0.00045942143,0.002032835,True
2006-03-06,59.46,13.1,-1.9857143,1.8285714,-6.8,85.75715,0.37142855,0.37142855,0.5857143,10.185715,-0.12857144,9.313226e-06,0.002386257,0.0069889566,8.6300075e-05,0.012686618,True
2006-03-13,59.4,10.4,-3.0285716,0.114285715,-7.9857144,83.94286,0.14285715,0.14285715,0.6,10.257143,0.0,2.630055e-06,0.0026064217,0.01564891,0.00013391301,0.007982828,True
2006-03-20,59.34,0.0,-0.9428572,1.6571429,-4.2428575,85.185715,0.31428573,0.3,0.6714286,10.157143,0.0,0.00020837039,0.0027471855,0.014921416,0.010358462,0.001397945,True
2006-03-27,59.45,13.6,1.9,7.1,-2.7000003,79.32857,1.0428572,0.9857143,1.0857142,10.057143,2.2142856,0.002462402,0.003068924,0.004617901,0.008936755,0.0016544908,True
2006-04-03,59.76,24.9,7.7571435,12.6,2.6000001,85.44286,1.5,1.5,1.3285714,10.528571,7.7714286,0.0003748983,0.0031429306,3.542219e-05,0.000366278,0.0,True
2006-04-10,59.61,4.6,4.857143,9.771429,0.8142857,75.15714,1.6857144,1.5714287,1.7142857,10.085714,6.3285713,0.0001308769,0.0036616623,1.0916165e-05,4.8020855e-05,4.9315393e-05,True
2006-04-17,59.53,13.2,6.8285713,10.771429,3.3428571,79.97143,1.5,1.3571428,1.5571429,9.557143,7.8714285,0.00017422438,0.0040317327,-7.345365000000001e-25,2.7939677e-07,0.0,True
2006-04-24,59.48,2.5,9.485715,14.514287,4.557143,80.328575,1.7285713,1.4857142,1.8571428,9.185715,11.242857,0.00026471913,0.0041712523,-7.345365000000001e-25,0.0,0.0,True
2006-05-01,59.46,14.8,10.1285715,15.142858,4.714286,74.557144,2.0142856,1.7714285,2.2857144,9.014286,12.457143,0.00015177578,0.0041764826,-7.345365000000001e-25,1.8626451e-09,0.0,True
2006-05-08,59.36,0.0,15.157144,21.742859,8.071428,54.885715,3.957143,2.914286,4.285714,8.142858,16.242857,1.8902123e-05,0.0040889233,-7.345365000000001e-25,3.7252903e-09,0.0,True
2006-05-15,59.32,4.7,13.942858,20.585714,5.7000003,59.728573,3.6857142,2.0285716,3.6857142,6.9142857,17.485714,6.943941e-05,0.003908016,-7.345365000000001e-25,0.0,0.0,True
2006-05-22,59.33,14.9,13.17143,18.285715,8.742857,81.1,2.4142857,2.0714285,2.4142857,6.928571,14.685715,0.00035721064,0.0037457868,-7.345365000000001e-25,1.4901161e-08,0.0,True
2006-05-29,59.48685637737959,21.9,11.099999,15.528572,6.6857142,78.64286,2.6285713,2.2714286,2.542857,7.0,13.571428,0.0002939701,0.0035910085,-7.345365000000001e-25,3.7252903e-09,0.0,True
2006-06-05,59.49,20.8,10.314285,14.928572,5.4428573,80.22858,2.3428571,1.9857146,2.542857,7.4428573,13.885715,0.00028606504,0.00345774,-7.345365000000001e-25,3.7252903e-09,0.0,True
2006-06-12,59.42,4.1,16.385715,22.928572,8.185715,66.77143,3.9714284,2.7,4.3714285,6.6714287,20.385714,4.3734908e-05,0.0033212602,-7.345365000000001e-25,3.7252903e-09,0.0,True
2006-06-19,59.34,34.9,19.942858,26.285715,14.314286,72.25715,3.8714283,2.1571429,4.2285714,5.885714,23.085714,0.00033003092,0.0031275973,-7.345365000000001e-25,7.450581e-09,0.0,True
2006-06-26,59.46,3.1,20.028574,25.4,13.357142,70.01429,4.2285714,2.357143,4.285714,5.757143,23.37143,9.6574426e-05,0.0029612258,-7.345365000000001e-25,1.4901161e-08,0.0,True
2006-07-03,59.32,0.1,18.542858,23.728573,12.485715,65.0,4.142857,1.0714285,4.214286,5.2714286,22.242857,2.4586916e-06,0.0027784258,-7.345365000000001e-25,7.450581e-09,0.0,True
2006-07-10,59.4,26.9,22.614286,29.17143,15.471429,63.028572,5.2428575,1.6857141,5.357143,5.071429,25.6,0.00019516051,0.0025591478,-7.345365000000001e-25,7.450581e-09,0.0,True
2006-07-17,59.3,0.0,20.557144,27.2,12.785714,61.57143,4.7428575,1.0999999,5.057143,4.8714285,25.0,5.6177378e-06,0.0023612455,-7.345365000000001e-25,5.5879354e-09,0.0,True
2006-07-24,59.24,0.8,24.328571,31.785715,15.471429,56.100002,5.1714287,0.67142856,5.5142856,4.4857144,27.085714,8.389354e-06,0.00215251,-7.345365000000001e-25,1.1175871e-08,0.0,True
2006-07-31,59.24339564087078,6.5,23.242859,29.857143,15.957144,60.4,4.4142857,0.8142857,4.6857142,4.3428574,26.714285,4.300475e-05,0.0019505024,-7.345365000000001e-25,7.450581e-09,0.0,False
2006-08-07,59.2,33.4,18.057142,23.714285,12.800001,74.92857,3.2714288,1.5,3.2571428,4.714286,21.514286,0.00010668486,0.0017910674,-7.345365000000001e-25,1.3038516e-08,0.0,True
2006-08-14,59.4,11.9,16.37143,21.47143,11.928572,77.24286,2.357143,1.7142859,2.7714286,5.0857143,19.914286,0.00016551465,0.0016660467,-7.345365000000001e-25,7.450581e-09,0.0,True
2006-08-21,59.27,28.0,18.285715,24.114286,13.785714,78.457146,2.6285713,2.2857144,2.9714284,5.6714287,20.314285,0.0003258437,0.00155662,-7.345365000000001e-25,1.3038516e-08,0.0,True
2006-08-28,59.38,18.900002,15.528572,20.014286,12.014287,85.11428,1.8285713,1.6857144,2.1,6.0571427,18.085714,0.00020591915,0.0014686286,-7.345365000000001e-25,1.1175871e-08,0.0,True
2006-09-04,59.32,19.9,16.242857,19.571428,13.485715,82.78571,1.9142857,1.7714287,2.0142858,7.0857143,16.742857,0.00026986003,0.0014035702,-7.345365000000001e-25,1.8626451e-08,0.0,True
2006-09-11,59.35,4.2,15.957143,21.928572,10.457144,77.557144,1.957143,1.6857144,2.4142857,7.2285714,17.442858,4.7296286e-05,0.0013463646,-7.345365000000001e-25,9.313226e-09,0.0,True
2006-09-18,59.24,0.0,18.571428,25.242859,12.3,65.67143,2.5714285,1.7571429,3.1857142,6.5142856,19.357143,2.5629997e-06,0.0012869537,-7.345365000000001e-25,7.450581e-09,0.0,True
2006-09-25,59.17,0.0,17.428572,23.642857,11.585715,66.28571,2.2142856,1.1285714,2.857143,5.7714286,18.185715,2.0861626e-06,0.0012293682,-7.345365000000001e-25,1.1175871e-08,0.0,True
2006-10-02,59.13,5.5,15.971429,22.057144,11.157143,82.42857,1.3571428,0.81428576,1.6285714,5.3714285,17.428572,0.000100150704,0.00117594,-7.345365000000001e-25,7.450581e-09,0.0,True
2006-10-09,59.17,13.3,12.828572,16.757143,9.228571,84.457146,0.9428572,0.7285715,1.2285715,5.7714286,13.357142,8.636713e-05,0.0011346266,-7.345365000000001e-25,7.450581e-09,0.0,True
2006-10-16,59.13,0.0,11.242858,15.7,7.285714,89.75715,0.5857143,0.38571426,0.7714286,5.928571,13.071428,3.1366944e-06,0.0010979176,-7.345365000000001e-25,1.8626451e-09,0.0,True
2006-10-23,59.13,3.1,11.257143,16.457142,7.0428576,84.27143,0.7571429,0.5285714,0.88571423,5.7714286,11.271428,4.5992434e-05,0.0010647252,-7.345365000000001e-25,1.1175871e-08,0.0,True
2006-10-30,59.14627752916977,13.0,11.942857,15.6285715,7.9857144,83.957146,0.9714286,0.7285715,1.0571429,5.957143,11.585714,0.00017668307,0.0010334849,-7.345365000000001e-25,9.313226e-09,0.0,True
2006-11-06,59.16,22.3,5.928571,9.257143,2.5142858,85.65715,0.7285714,0.68571424,0.7,6.885714,5.957143,0.00016623735,0.0010066181,0.0005577973,0.0015816744,0.0015543737,True
2006-11-13,59.25,18.7,6.457143,9.242857,3.7285714,87.685715,0.64285713,0.61428577,0.55714285,7.5,6.2714286,0.00020314753,0.0009846538,2.8383164e-08,1.553446e-06,0.0,True
2006-11-20,59.37,7.5000005,9.057143,12.2,5.9857144,89.614296,0.40000004,0.34285715,0.45714286,8.142858,7.8428574,0.00010317564,0.0009678453,-7.345365000000001e-25,3.7252903e-09,0.0,True
2006-11-27,59.36,9.8,7.4000006,10.3,4.0857143,89.814285,0.3857143,0.34285715,0.40000004,8.314285,6.357143,9.7602606e-05,0.0009561032,-7.345365000000001e-25,3.7252903e-09,0.0,True
2006-12-04,59.33,5.2,5.657143,8.642858,2.9857144,93.314285,0.24285714,0.24285714,0.18571427,8.242857,5.1857142,4.1261315e-05,0.0009481758,-7.345365000000001e-25,0.0,0.0,True
2006-12-11,59.33,8.0,7.214286,10.142858,4.214286,83.85714,0.5857143,0.5714286,0.6857143,8.242857,6.071429,0.00011411309,0.0009418726,-7.345365000000001e-25,3.7252903e-09,0.0,True
2006-12-18,59.37,5.2,5.914286,7.7714286,3.7142856,86.72858,0.44285718,0.42857143,0.5285714,8.571428,5.0285716,7.452071e-05,0.0009373948,-7.345365000000001e-25,0.0,0.0,True
2006-12-25,59.33,1.4000001,4.9714284,6.471429,3.157143,91.471436,0.18571429,0.15714286,0.25714284,8.642858,4.3285713,1.3113022e-05,0.0009357035,-7.345365000000001e-25,0.0,0.0,True
2007-01-01,59.39,13.099999,3.1142857,4.785714,1.3571428,91.58572,0.36666664,0.35,0.4,8.733334,2.35,0.00017057359,0.00093615055,0.00051777135,0.0019369237,0.0019128919,True
2007-01-08,59.53,16.7,5.8,7.328572,4.042857,90.14286,0.51428574,0.51428574,0.44285712,9.014286,4.9,0.00027629733,0.00093948096,1.7824627e-06,1.2908131e-05,0.0,True
2007-01-15,59.53,17.6,7.914286,10.342857,4.5285716,78.557144,1.1428572,1.1142857,1.1285714,9.157143,6.385714,0.00021986663,0.00095652044,2.724784e-07,4.6677887e-06,4.55603e-06,True
2007-01-22,59.73,43.5,5.514286,8.385715,2.7857144,85.71429,0.85714287,0.85714287,0.7285714,10.142858,4.714286,0.0018798262,0.0010042489,2.889406e-06,2.9802322e-08,5.9582293e-05,True
2007-01-29,59.66568340472591,13.900001,-1.2,2.3142858,-5.542857,83.057144,0.35714287,0.34285715,0.37142855,10.185715,0.014285714,0.00024315715,0.0011424646,0.0022927467,0.005024828,0.007115461,True
2007-02-05,59.65,10.7,4.9000006,7.0,2.6285717,86.44286,0.67142856,0.67142856,0.6,10.042857,4.042857,0.00018185377,0.0013311207,0.00028375784,0.0022268612,0.00011643767,True
2007-02-12,59.54,14.9,-1.1142857,1.0285714,-3.4714286,90.78571,0.18571427,0.18571427,0.3285714,10.1,0.51428574,0.00016354024,0.001546517,0.0032294819,0.0033305008,0.0072094537,True
2007-02-19,59.68,10.6,3.7428572,6.085714,1.8142859,85.0,0.57142866,0.55714285,0.62857145,10.342857,2.8428571,0.00035968423,0.0017611831,0.0008133707,0.0039068703,0.0,True
2007-02-26,59.59,17.9,2.5285716,5.6714287,-0.07142854,84.74286,0.49999997,0.48571426,0.62857145,10.271428,2.4142857,0.00038411468,0.0020517632,0.000357327,0.001084622,0.001160752,True
2007-03-05,59.65,22.9,4.8428574,8.142858,2.0142858,87.200005,0.7999999,0.7999999,0.7285714,10.614285,4.457143,0.00054039806,0.0024278015,0.00025549956,0.0024931896,0.0023014396,True
2007-03-12,59.58,3.7,7.285714,12.585715,2.3285713,79.74286,1.2285713,1.1857144,1.2428571,10.057143,7.0285716,8.5130334e-05,0.0030287877,8.458183e-07,7.6256692e-06,0.0,True
2007-03-19,59.49,10.0,6.2714286,11.314286,1.2857143,78.85714,1.4142857,1.2857144,1.3285714,9.614285,7.285714,0.00018937886,0.0034354255,1.0217939e-07,1.7136335e-07,6.92904e-07,True
2007-03-26,59.73,30.099998,6.042857,10.142858,2.5142858,74.88572,1.5428572,1.4714286,1.6714286,10.442857,5.928571,0.001117833,0.003960088,0.00068660575,0.0040002707,0.003898874,True
2007-04-02,59.61,0.0,9.457144,16.0,3.1571429,57.714287,2.357143,1.8714285,2.6142857,9.457143,9.957143,2.9951334e-06,0.0042227805,8.628482e-07,6.588176e-06,0.0,True
2007-04-09,59.42,0.2,7.285714,11.528571,2.857143,71.185715,1.7142859,1.3285714,1.9857142,8.728572,9.042857,3.8281083e-05,0.004371457,-7.345365000000001e-25,1.8626451e-09,0.0,True
2007-04-16,59.38,0.2,13.071428,20.328571,5.1714287,62.3,2.957143,2.0857143,3.1857142,7.928571,13.714286,1.1250377e-05,0.004324265,-7.345365000000001e-25,1.8626451e-09,0.0,True
2007-04-23,59.33,0.3,8.785714,15.085715,1.457143,58.785713,2.8857143,1.3428571,2.8714287,7.0571427,12.0,7.4654818e-06,0.004177615,-7.345365000000001e-25,0.0,0.0,True
2007-04-30,59.31542277832715,0.0,13.67143,21.257143,5.571429,57.714287,3.4285715,1.0714287,3.7571428,6.4428573,16.571428,5.2154064e-07,0.0039749965,-7.345365000000001e-25,0.0,0.0,True
2007-05-07,59.29,2.9,12.685715,19.27143,4.557143,56.44286,3.4428573,0.7,3.5,6.114286,16.27143,5.2019954e-05,0.0037195608,-7.345365000000001e-25,0.0,0.0,True
2007-05-14,59.28,42.899998,12.528571,17.557142,7.714286,80.32857,2.8428574,2.3,2.6000001,6.742857,14.171429,0.0003221631,0.0034898818,-7.345365000000001e-25,7.450581e-09,0.0,True
2007-05-21,59.47,9.1,14.357142,19.885714,8.242857,71.542854,3.2285712,2.5285714,3.5,6.8142858,16.6,0.00013078749,0.0032755062,-7.345365000000001e-25,1.1175871e-08,0.0,True
2007-05-28,59.43,23.0,18.4,24.557144,12.657143,78.65715,3.1857145,2.3857143,3.6142857,6.5571427,21.514286,0.0011209846,0.0030393973,-7.345365000000001e-25,7.450581e-09,0.0,True
2007-06-04,59.47,19.0,14.985715,18.84286,11.185715,82.67143,2.2285714,1.8142859,2.4857142,7.4428573,18.328571,0.0001322031,0.0028528422,-7.345365000000001e-25,1.1175871e-08,0.0,True
2007-06-11,59.47,6.9,20.77143,27.142857,13.957144,69.5,4.1857142,3.0142858,4.7428575,6.742857,23.585714,0.0002873242,0.0026869774,-7.345365000000001e-25,7.450581e-09,0.0,True
2007-06-18,59.43,72.1,18.228573,23.785715,13.185715,80.32857,3.2714288,2.5571427,3.2428572,6.7,21.642857,0.00066016614,0.0024971217,-7.345365000000001e-25,0.0,0.0,True
2007-06-25,59.87,60.3,17.828571,23.085714,12.900001,80.35714,3.3428571,3.1142857,3.4142857,8.671429,20.87143,0.0057169795,0.0039293915,-7.345365000000001e-25,1.1175871e-08,0.0,True
2007-07-02,59.68,25.0,14.885715,19.27143,10.457144,79.91429,2.8285716,2.742857,2.8142858,9.271428,17.014286,0.0010703728,0.0022871345,-7.345365000000001e-25,1.4901161e-08,0.0,True
2007-07-09,59.66,19.300001,15.328572,19.9,11.8,79.9,2.8428574,2.6857142,2.9714286,9.571428,17.8,0.00041121244,0.0022417903,-7.345365000000001e-25,1.1175871e-08,0.0,True
2007-07-16,59.62,27.1,18.942858,24.642857,13.300001,77.98572,3.5714285,3.1857145,3.857143,8.985714,20.614286,0.00020766258,0.0022170544,-7.345365000000001e-25,1.8626451e-08,0.0,True
2007-07-23,59.6,22.9,19.685715,24.5,14.057143,71.61429,3.6714284,2.9142857,3.9285715,8.4,23.028572,0.0016878247,0.0021568984,-7.345365000000001e-25,7.450581e-09,0.0,True
2007-07-30,59.5921639054412,24.4,16.485714,20.828571,12.371429,77.38572,2.914286,2.757143,3.0857143,8.942857,18.828571,0.00031149387,0.002102688,-7.345365000000001e-25,2.2351742e-08,0.0,True
2007-08-06,59.46,3.5,16.800001,22.285715,10.328572,72.185715,3.1714287,2.5857143,3.557143,8.642858,19.285715,2.2798777e-05,0.0020602345,-7.345365000000001e-25,1.1175871e-08,0.0,True
2007-08-13,59.39,52.3,19.714285,24.728573,15.228572,83.01429,2.542857,2.1285713,3.0,8.228572,22.342857,0.00022660196,0.0020014346,-7.345365000000001e-25,1.1175871e-08,0.0,True
2007-08-20,59.65,6.6,18.385714,23.97143,12.6,73.38572,2.857143,2.442857,3.3714287,8.5,20.72857,0.00017228723,0.0019542053,-7.345365000000001e-25,1.4901161e-08,0.0,True
2007-08-27,59.62,28.9,17.528572,22.571428,12.8714285,82.25715,2.1285713,2.0142856,2.5571427,9.385715,20.114286,0.0029758215,0.0019084439,-7.345365000000001e-25,1.1175871e-08,0.0,True
2007-09-03,59.45,15.1,13.485715,17.77143,9.042857,80.78571,1.7285713,1.5428573,1.9857142,8.971429,15.857142,0.00034534186,0.0018720925,-7.345365000000001e-25,9.313226e-09,0.0,True
2007-09-10,59.4,15.2,12.442858,17.114286,8.471429,83.542854,1.5571429,1.4428571,1.8142856,9.3,14.557143,0.00036967546,0.0018498823,-7.345365000000001e-25,1.4901161e-08,0.0,True
2007-09-17,59.38,2.7,13.271429,17.614286,9.557143,78.04286,1.557143,1.3857143,2.0,9.2,14.385715,3.220141e-05,0.0018428937,-7.345365000000001e-25,9.313226e-09,0.0,True
2007-09-24,59.33,4.7,13.242858,18.97143,8.028571,79.542854,1.5571429,1.3857143,1.7857143,9.185715,14.185715,0.0001051873,0.0018349886,-7.345365000000001e-25,7.450581e-09,0.0,True
2007-10-01,59.5,32.100002,12.471429,15.6,9.685715,88.72858,0.90000004,0.88571423,1.0571429,9.757143,13.485714,0.0011897832,0.0018277317,-7.345365000000001e-25,1.1175871e-08,0.0,True
2007-10-08,59.39,0.9,10.142858,15.414286,5.2571435,87.14286,0.6857143,0.67142856,0.9285714,9.942857,11.8714285,1.9043684e-05,0.001885578,-7.345365000000001e-25,0.0,0.0,True
2007-10-15,59.33,1.3,8.242857,12.757143,3.8714287,78.67143,0.8,0.6999999,0.9285714,9.6285715,9.6285715,2.0891428e-05,0.0019597262,-7.345365000000001e-25,3.7252903e-09,0.0,True
2007-10-22,59.33,11.299999,6.8428574,11.085715,2.5714285,82.75715,0.7,0.62857145,0.78571427,9.6285715,7.4714284,0.00015772879,0.0020046905,-7.345365000000001e-25,3.7252903e-09,0.0,True
2007-10-29,59.291998612754895,1.8,6.9000006,9.242858,4.4428573,87.71429,0.40000004,0.34285715,0.5714286,9.442857,6.9714284,2.066791e-05,0.0020354986,-7.345365000000001e-25,3.7252903e-09,0.0,True
2007-11-05,59.35,16.4,7.928571,10.5,4.0857143,90.87144,0.4142857,0.4,0.42857143,9.742857,7.7714286,7.981062e-05,0.0020589158,-7.345365000000001e-25,7.450581e-09,0.0,True
2007-11-12,59.51,26.6,4.2285714,7.071429,1.5,88.65715,0.6857143,0.6857143,0.45714286,10.457143,4.1857142,0.00043685734,0.0020836592,0.0002485457,0.000425566,0.0012943484,True
2007-11-19,59.55,9.0,2.1285715,4.642857,-0.7142858,93.471436,0.20000002,0.20000002,0.20000002,10.385715,2.3,5.9388578e-05,0.0021648705,0.00060957955,0.001249576,0.00046494417,True
2007-11-26,59.46,7.7,2.642857,5.142857,0.31428576,89.34286,0.34285715,0.34285715,0.31428573,10.242857,2.1142857,7.4110925e-05,0.0022701547,0.00049985026,0.0011153463,0.0030278116,True
2007-12-03,59.48,26.4,3.4285715,5.8,0.7428571,89.01429,0.5,0.5,0.41428572,10.428572,2.7,0.0013701767,0.002363108,0.0009090503,0.002023019,1.7739832e-05,True
2007-12-10,59.69,17.2,5.8857145,7.914286,3.9,88.0,0.48571426,0.48571426,0.4857143,10.814285,4.8142858,0.00053507835,0.0025289953,1.2772424e-06,9.011477e-06,0.0,True
2007-12-17,59.56,4.6,1.7714285,3.2000003,-0.14285713,88.1,0.18571429,0.18571429,0.25714287,10.342857,1.7571429,6.5520406e-05,0.002905272,7.2008086e-05,1.6668811e-05,0.0002507642,True
2007-12-24,59.46,0.1,-2.157143,-1.0142858,-3.5714285,94.72857,0.028571429,0.028571429,0.12857144,10.2,-0.44285715,5.5879354e-06,0.0032607466,0.00054944697,4.406646e-05,0.00050018355,True
2007-12-31,59.39320825963514,0.9,1.1285715,2.8571432,-0.61428577,90.87142,0.14285715,0.14285715,0.27142856,10.114285,-0.057142857,1.9729137e-05,0.0034922957,0.00039416266,0.00060233846,1.353398e-05,True
2008-01-07,59.38,14.3,-1.557143,-0.14285715,-3.642857,87.98572,0.1,0.1,0.34285715,10.185715,-0.82857144,0.00013436377,0.0036148503,0.002480456,0.0030702967,0.010470998,True
2008-01-14,59.4,2.6999998,3.2428572,5.871429,0.5714286,85.38572,0.44285718,0.44285718,0.42857143,10.271428,0.74285716,0.00019022822,0.003677681,0.001929357,0.0076366607,0.0,True
2008-01-21,59.44,54.0,5.8428574,8.542857,2.3999999,89.42857,0.5428571,0.5428571,0.47142857,10.5,4.2,0.0013196915,0.0043693483,2.8059596e-05,0.00013244711,0.0010642223,True
2008-01-28,59.88,20.5,4.3857145,7.1285715,0.7857143,88.14286,0.67142856,0.67142856,0.5,11.057143,3.5857143,0.0010059401,0.005102068,0.0018372479,0.006631296,0.00544405,True
2008-02-04,59.69,2.4,3.1714287,5.657143,0.78571427,82.67143,0.6571428,0.62857145,0.67142856,10.257143,2.557143,8.799136e-05,0.006070055,0.0001357737,0.0002952926,0.00045404956,True
2008-02-11,59.59,8.4,4.457143,8.571429,1.0571429,87.72858,0.6,0.5714286,0.5,10.085714,3.9285715,0.00014694035,0.006961718,2.9359546e-05,0.00014900416,0.0,True
2008-02-18,59.49,1.9,0.9285714,4.1,-2.5857143,81.22858,0.44285712,0.37142858,0.5428571,9.885715,1.4571428,1.8849969e-05,0.0072732344,9.005978e-05,0.00019911304,0.0002725795,True
2008-02-25,59.47,8.3,6.1857142,8.342857,3.4285715,84.52857,0.91428566,0.88571423,0.88571423,9.785714,5.385714,0.00011231005,0.0072812587,1.0450681e-05,6.570481e-05,0.0,True
2008-03-03,59.58,23.6,5.542857,8.971429,2.4428573,83.57143,1.1571429,1.1428571,1.0,10.1,5.1857142,0.0009560883,0.0071815476,1.4072373e-05,8.315593e-05,0.00018044561,True
2008-03-10,59.63,14.1,4.8857145,8.3714285,1.5857143,82.27143,1.0142857,0.9714286,1.0142858,10.242857,4.714286,0.0001540631,0.0071009994,0.0003072648,0.0010135472,0.0009840205,True
2008-03-17,59.62,22.2,5.3,8.957143,2.5428574,81.542854,1.3285714,1.2857143,1.1857144,10.2,5.5142856,0.00057853013,0.007085845,3.2356806e-07,3.5241246e-06,9.432435e-06,True
2008-03-24,59.68,22.9,0.82857144,4.928571,-2.7857144,81.957146,0.95714283,0.9285714,1.0285714,10.328571,2.8714285,0.00033495575,0.007293321,0.0019802083,0.0033920985,0.006864354,True
2008-03-31,59.58743761635164,6.6,4.571429,9.771429,-0.2857142,75.27143,1.5,1.3999999,1.5142858,10.1285715,5.042857,0.00026588142,0.0075915754,0.0019449847,0.0050317068,0.002073519,True
2008-04-07,59.53,24.3,6.042857,10.071428,1.9285715,87.557144,0.9857143,0.95714283,1.1285714,10.071428,7.5,0.0004106611,0.0077455193,3.4684226e-06,1.8285587e-05,0.00015496463,True
2008-04-14,59.63,20.8,5.4857144,9.157143,1.8571428,86.114296,1.2428571,1.2428571,1.2714285,10.542857,6.8714285,0.0005653426,0.0080944225,0.00020458017,0.0009575933,0.0008000061,True
2008-04-21,59.65,13.7,6.571429,9.842857,3.257143,82.11428,1.4,1.3428571,1.4857142,10.442857,7.928571,0.00043463707,0.008963376,3.661428e-05,0.00032087415,0.00030953065,True
2008-04-28,59.58,2.7,11.185715,17.457142,4.3142858,65.57143,3.0,2.4142857,3.0714285,9.3714285,13.3,9.584427e-05,0.009673968,-7.345365000000001e-25,7.0407987e-07,0.0,True
2008-05-05,59.48,2.7,12.385715,18.128572,6.3,73.77143,2.5714285,2.1285715,2.8285713,8.742857,15.157143,0.00020559132,0.009397611,-7.345365000000001e-25,0.0,0.0,True
2008-05-12,59.41,0.0,15.642858,22.914288,6.142857,59.61429,4.042857,2.6714287,4.142857,7.6,19.37143,6.109476e-07,0.008860841,-7.345365000000001e-25,0.0,0.0,True
2008-05-19,59.33,4.2000003,12.357142,18.6,5.371429,73.457146,2.7714286,1.5142858,3.0142858,6.8142858,17.314285,7.288158e-05,0.008130416,-7.345365000000001e-25,0.0,0.0,True
2008-05-26,59.28,1.7,12.914286,18.828571,6.3142858,66.08572,3.2571428,1.3000001,3.6000001,6.357143,17.057142,4.144013e-05,0.0073961318,-7.345365000000001e-25,3.7252903e-09,0.0,True
2008-06-02,59.22,0.0,19.314287,25.742857,12.828572,49.957146,5.3,0.9428572,5.928571,5.9857144,20.171429,5.2154064e-08,0.0065958947,-7.345365000000001e-25,3.7252903e-09,0.0,True
2008-06-09,59.17,0.0,19.628572,26.642857,12.028571,52.228573,5.2,0.7,5.585714,5.6285715,22.471428,1.3411045e-07,0.005710818,-7.345365000000001e-25,0.0,0.0,True
2008-06-16,59.15,11.2,13.742858,19.7,8.171429,69.828575,3.4142857,0.95714283,3.6142857,5.5857143,18.27143,7.973611e-05,0.0049676746,-7.345365000000001e-25,3.7252903e-09,0.0,True
2008-06-23,59.13,18.199999,17.314287,24.100002,9.328572,62.24286,4.3714285,1.5714285,4.5285716,5.571429,19.985714,1.9535422e-05,0.0043686107,-7.345365000000001e-25,3.7252903e-09,0.0,True
2008-06-30,59.174456024459616,19.0,16.485714,22.071428,10.114286,70.48572,3.7142856,1.7571428,3.7285714,5.4714284,19.457144,8.53762e-05,0.0038435236,-7.345365000000001e-25,7.450581e-09,0.0,True
2008-07-07,59.22,1.5,19.885715,26.357143,12.528572,61.8,4.714286,1.4142857,4.9714284,5.2,22.971428,4.4852495e-06,0.003386259,-7.345365000000001e-25,7.450581e-09,0.0,True
2008-07-14,59.13,28.2,16.37143,21.4,11.485715,81.08572,2.8714287,2.0428572,2.8714287,5.571429,19.1,0.0001258254,0.0030067414,-7.345365000000001e-25,1.4901161e-08,0.0,True
2008-07-21,59.17,22.4,15.614286,19.585714,11.971429,81.75715,2.357143,1.7,2.4857142,5.542857,17.857143,0.00010642409,0.0027246252,-7.345365000000001e-25,1.8626451e-08,0.0,True
2008-07-28,59.24,0.2,20.585714,27.228573,14.257143,67.17143,4.5285716,2.057143,4.7714286,5.242857,22.642857,1.0713935e-05,0.0024655461,-7.345365000000001e-25,1.3038516e-08,0.0,True
2008-08-04,59.1,9.9,21.328571,27.242859,16.014286,61.042854,4.342857,1.5142858,4.7285714,4.8,23.0,4.490465e-05,0.0021851137,-7.345365000000001e-25,1.1175871e-08,0.0,True
2008-08-11,59.08,10.0,18.214285,23.557144,12.614286,73.58572,3.1714287,1.7714285,3.3999999,4.9,20.2,4.7579408e-05,0.0019724518,-7.345365000000001e-25,1.6763806e-08,0.0,True
2008-08-18,59.06,5.8,16.857143,21.614286,11.271429,75.700005,2.4285715,1.5142858,2.8142858,4.8,18.785715,9.1060996e-05,0.001805462,-7.345365000000001e-25,1.4901161e-08,0.0,True
2008-08-25,59.04,22.2,16.828571,21.457144,12.642858,81.25714,2.157143,1.5714285,2.5,5.285714,18.357143,0.00022765994,0.0016648918,-7.345365000000001e-25,7.450581e-09,0.0,True
2008-09-01,59.11,4.5,16.97143,21.928572,11.957144,77.24286,2.0714285,1.6428572,2.4714284,5.6857142,18.442858,3.656745e-05,0.0015512481,-7.345365000000001e-25,1.6763806e-08,0.0,True
2008-09-08,59.14,18.6,16.457144,21.057144,11.728572,80.11428,2.0285716,1.5857143,2.3857143,5.4142857,18.357143,0.00017674267,0.0014402345,-7.345365000000001e-25,1.1175871e-08,0.0,True
2008-09-15,59.1,3.8,13.642858,18.828571,8.457143,77.41429,1.5,1.1,1.9857142,5.385714,15.657143,9.730458e-06,0.0013472363,-7.345365000000001e-25,5.5879354e-09,0.0,True
2008-09-22,59.06,7.8999996,10.742858,14.785714,6.428571,79.87144,0.92857134,0.7571427,1.3285714,5.1714287,12.385715,2.8297305e-05,0.0012723655,-7.345365000000001e-25,1.8626451e-09,0.0,True
2008-09-29,59.1113032558946,6.5,11.400001,16.114286,7.328572,85.92857,1.0,0.78571427,1.2714285,5.357143,12.757143,7.168949e-05,0.001208961,-7.345365000000001e-25,1.1175871e-08,0.0,False
2008-10-06,59.14,32.1,8.842857,12.085714,5.571429,87.72858,0.8428572,0.8,0.9857143,6.1571426,9.285714,0.00026464462,0.0011539198,-7.345365000000001e-25,9.313226e-09,0.0,True
2008-10-13,59.27,1.0,10.742858,16.02857,5.728572,90.74286,0.6714286,0.5428571,0.85714287,6.4142857,10.9,1.6309321e-05,0.0011071526,-7.345365000000001e-25,9.313226e-09,0.0,True
2008-10-20,59.23,8.7,10.300001,13.757143,6.928571,86.42857,0.78571427,0.67142856,0.88571423,6.614286,10.242857,9.698421e-05,0.0010660589,-7.345365000000001e-25,7.450581e-09,0.0,True
2008-10-27,59.23,13.4,9.0,12.885715,5.3428574,87.200005,0.61428577,0.54285717,0.74285716,6.642857,8.857142,0.00014050305,0.0010306686,-7.345365000000001e-25,9.313226e-09,0.0,True
2008-11-03,59.5,31.0,4.971429,7.3857145,2.7857144,92.557144,0.2857143,0.27142859,0.35714287,8.171429,5.6857142,0.000394091,0.0010015145,-7.345365000000001e-25,1.8626451e-09,0.0,True
2008-11-10,59.38,3.9,9.228571,10.857142,7.1,95.44286,0.2857143,0.2857143,0.44285718,8.685715,8.571428,4.9218535e-05,0.0009819567,-7.345365000000001e-25,7.450581e-09,0.0,True
2008-11-17,59.32,4.8,7.142857,10.3,3.7857144,86.057144,0.51428574,0.4714286,0.6714286,8.728572,6.714286,4.3809414e-05,0.0009660199,-7.345365000000001e-25,3.7252903e-09,0.0,True
2008-11-24,59.52,25.4,2.0,4.457143,-1.0857143,90.78571,0.5285715,0.5285715,0.3285714,9.414286,2.642857,0.000206545,0.0009531528,0.00074948586,4.4576824e-05,0.0023848265,True
2008-12-01,59.43,19.1,1.7714287,3.857143,-1.0,93.4,0.20000002,0.20000002,0.27142859,9.657143,1.6428572,0.00019721687,0.0009441972,0.0013958386,0.0033017062,0.0019504614,True
2008-12-08,59.56,12.7,2.6857142,4.114286,0.64285713,95.51428,0.21428573,0.21428573,0.22857143,10.471429,2.0285714,0.0003079176,0.0009408444,0.0018155064,0.0053277556,0.0044465065,True
2008-12-15,59.47,5.8999996,1.1571429,2.0714285,0.15714286,94.42857,0.12857144,0.12857144,0.24285714,10.3,1.0428572,6.580353e-05,0.0009510815,0.0014310167,0.002755968,0.003444694,True
2008-12-22,59.45,6.6,3.7285714,5.5,1.6285714,91.614296,0.34285715,0.34285715,0.3857143,10.3,2.6142857,0.00012718886,0.00097120553,0.00050701416,0.0014869217,0.00038598478,True
2008-12-29,59.460580736838935,4.4,0.44285712,2.0857143,-2.0714285,92.48572,0.08571429,0.08571429,0.15714286,10.3,0.98571426,4.6931207e-05,0.0009990633,6.930033e-05,2.3210421e-05,0.00023551658,True
2009-01-05,59.37,9.6,-3.6857142,-0.35714287,-8.171429,92.15715,0.0,0.0,0.057142857,10.3,-2.05,1.0982156e-05,0.0010334849,0.0023665314,0.0001070369,0.007725384,True
2009-01-12,59.3,0.4,-5.957143,-1.9285715,-10.642858,88.85714,0.10000001,0.10000001,0.18571427,10.3,-1.2714286,1.193583e-05,0.0010678619,0.008322523,0.0005676821,0.0013430938,True
2009-01-19,59.28,3.1999998,0.18571432,2.1142857,-2.0857143,89.542854,0.18571427,0.18571427,0.29999998,10.228572,-0.1,0.00017685443,0.0010996163,0.0058152447,0.0047541913,0.0005293414,True
2009-01-26,59.36,2.6999998,0.071428575,1.8571428,-2.2428572,96.67143,0.17142858,0.17142858,0.15714286,10.271428,0.028571429,0.00013813376,0.0011323914,0.002187394,0.0029912088,0.0010114796,True
2009-02-02,59.32,0.6,-2.1857142,-0.87142855,-4.142857,93.92857,0.057142857,0.057142857,0.31428573,10.271428,-0.71428573,4.425645e-06,0.0011771619,0.001781617,0.00017946772,0.001140397,True
2009-02-09,59.32,0.6,0.58571434,2.642857,-1.2857143,92.92857,0.25714287,0.24285714,0.3285714,10.2,-0.057142857,5.1677227e-05,0.0012273118,0.00135256,0.0015051216,0.00031918287,True
2009-02-16,59.32,19.5,-1.2428572,0.7,-3.857143,90.685715,0.17142858,0.17142858,0.35714287,10.457143,-0.057142857,7.455051e-05,0.0012741983,0.008225986,0.000948837,0.018403966,True
2009-02-23,59.33,15.900001,-1.1571429,1.0,-3.642857,92.8,0.15714286,0.15714286,0.34285715,10.528571,0.014285714,0.00035709143,0.001320377,0.019974833,0.0144257285,0.011937898,True
2009-03-02,59.55,5.5,3.8999999,6.5,1.7428571,89.12858,0.55714285,0.55714285,0.64285713,10.357142,2.5142858,0.0004656911,0.0013958588,0.0048032543,0.014686147,0.00017131492,True
2009-03-09,59.48,6.8999996,3.7714288,6.9714284,0.7714286,90.72858,0.5285714,0.5,0.62857145,10.171429,3.5857143,0.00013446808,0.0015801862,5.204337e-05,0.00023213029,7.236749e-05,True
2009-03-16,59.59,17.9,5.014286,8.142858,1.8428571,89.557144,0.6999999,0.6999999,0.7285714,10.3714285,5.0,0.0003119558,0.0017760247,2.6169278e-06,1.290068e-05,1.7732382e-06,True
2009-03-23,59.46,16.2,4.557143,8.257143,0.54285717,72.28571,1.4,1.3285714,1.4714286,10.028571,5.6571426,0.00022496283,0.0019923076,4.6520006e-05,0.00013218075,0.00050548464,True
2009-03-30,59.58948462374073,9.5,3.7142856,7.7428575,-0.47142854,82.814285,1.0571429,1.0571429,1.1285714,10.271428,4.8,0.0005032122,0.002191484,0.0008715334,0.0023272634,0.0021327473,True
2009-04-06,59.44,0.0,9.414286,16.828571,1.6857144,70.4,2.1,1.7285715,2.3,9.685715,10.428572,1.2218952e-06,0.0024009198,4.967054e-06,2.9303133e-05,0.0,True
2009-04-13,59.42,3.1,12.428572,18.557144,6.371429,69.185715,2.6285713,2.0714285,2.8428571,8.9,13.6,4.003942e-05,0.0025191978,-7.345365000000001e-25,5.5879354e-09,0.0,True
2009-04-20,59.36,0.0,10.971429,17.642857,4.542857,59.785713,2.9714284,2.0285714,3.3,7.885714,13.342857,0.0,0.002515152,-7.345365000000001e-25,3.7252903e-09,0.0,True
2009-04-27,59.31,0.5,12.385715,19.357143,4.8428574,59.528572,3.4428573,1.5857143,3.5714285,7.0285716,14.171429,1.4670193e-05,0.0024486259,-7.345365000000001e-25,3.7252903e-09,0.0,True
2009-05-04,59.25,4.4,13.585714,21.385714,5.728572,63.657143,3.285714,1.1285714,3.5,6.3714285,16.428572,3.361702e-05,0.0023454577,-7.345365000000001e-25,0.0,0.0,True
2009-05-11,59.25,15.5,11.400001,16.714285,4.457143,75.98572,2.6428568,1.8142859,2.6142857,6.4714284,13.9,0.00021104515,0.0022541732,-7.345365000000001e-25,7.450581e-09,0.0,True
2009-05-18,59.23,15.7,12.028572,17.6,5.2714286,67.08572,3.114286,1.7714285,3.1714287,6.285714,15.385715,0.00013194978,0.0021532103,-7.345365000000001e-25,0.0,0.0,True
2009-05-25,59.26,3.9,15.228572,21.414288,9.057143,72.25714,3.3,2.1000001,3.6000001,6.242857,18.614286,0.000113382936,0.0020458326,-7.345365000000001e-25,7.450581e-09,0.0,True
2009-06-01,59.3,23.6,15.014287,20.7,9.885715,71.24286,3.557143,2.4142857,3.857143,6.242857,17.457144,9.5404685e-05,0.001931645,-7.345365000000001e-25,1.1175871e-08,0.0,True
2009-06-08,59.33,27.9,11.757143,16.77143,6.871429,74.88572,2.8714283,1.8714286,2.9857142,6.0857143,15.342857,0.00016781688,0.0018197447,-7.345365000000001e-25,3.7252903e-09,0.0,True
2009-06-15,59.34,14.1,13.942858,19.242859,8.342857,75.42857,3.0142858,2.5,3.3,6.6285715,15.942857,0.00025366247,0.0017284378,-7.345365000000001e-25,3.7252903e-09,0.0,True
2009-06-22,59.24,2.0,14.271429,19.885715,8.742857,70.1,3.2857146,2.4,3.6000001,6.0285716,18.0,6.60643e-05,0.0016284138,-7.345365000000001e-25,7.450581e-09,0.0,True
2009-06-29,59.311114486055246,14.700001,17.042858,21.2,13.1,78.98572,2.8285713,1.7142857,3.142857,5.8285713,19.185715,9.043515e-05,0.0015350431,-7.345365000000001e-25,1.1175871e-08,0.0,True
2009-07-06,59.21,9.9,21.114286,27.042858,15.328572,76.01429,3.642857,1.8285714,4.2428575,5.457143,24.428572,0.00012230873,0.0014514402,-7.345365000000001e-25,1.4901161e-08,0.0,True
2009-07-13,59.18,15.2,16.257143,21.442858,11.2,75.02857,3.285714,2.3142855,3.5857143,5.385714,19.614286,0.00015231967,0.0013637245,-7.345365000000001e-25,1.1175871e-08,0.0,True
2009-07-20,59.18,44.7,19.300001,25.028574,13.885715,75.40001,3.4571433,2.5571427,3.8285713,5.757143,21.785715,0.00032365322,0.001287967,-7.345365000000001e-25,1.4901161e-08,0.0,True
2009-07-27,59.38,24.7,18.728573,24.528574,12.885715,72.700005,3.3857143,2.7285714,3.8714287,6.3,20.414286,0.00023403019,0.0012209937,-7.345365000000001e-25,1.4901161e-08,0.0,True
2009-08-03,59.31,11.200001,18.957142,24.67143,11.714286,65.51429,3.7142856,2.585714,4.0857143,5.4714284,21.814285,0.00028559566,0.0011558831,-7.345365000000001e-25,3.7252903e-09,0.0,True
2009-08-10,59.22,5.7,20.571428,27.071428,14.142858,65.97143,3.742857,1.8428571,4.3714285,4.9142857,23.27143,9.283423e-06,0.0010979623,-7.345365000000001e-25,7.450581e-09,0.0,True
2009-08-17,59.17,8.0,18.314287,24.657145,12.242858,68.442856,3.1857145,1.3714285,3.6714287,4.642857,20.571428,2.899766e-05,0.0010440946,-7.345365000000001e-25,1.4901161e-08,0.0,True
2009-08-24,59.16,10.000001,18.714285,25.071428,11.457144,66.37143,3.3142858,1.2571429,3.8142858,4.5285716,20.914286,0.00012123585,0.0009901896,-7.345365000000001e-25,1.1175871e-08,0.0,True
2009-08-31,59.11268486688156,4.8,17.928572,25.057144,11.157143,68.15714,2.8714287,0.9428571,3.4428573,4.3142858,20.385714,5.173683e-05,0.0009392947,-7.345365000000001e-25,3.7252903e-09,0.0,True
2009-09-07,59.09,20.1,16.557142,21.757143,12.17143,72.12858,2.4142857,1.2428572,2.8999999,4.457143,17.428572,0.00012406707,0.00089380145,-7.345365000000001e-25,1.4901161e-08,0.0,True
2009-09-14,59.13,8.0,15.557143,21.214285,10.285714,75.814285,2.0285716,0.99999994,2.3142855,4.357143,17.557142,6.289035e-05,0.00085683167,-7.345365000000001e-25,7.450581e-09,0.0,True
2009-09-21,59.13,0.0,14.6285715,21.042858,8.542857,74.62858,1.7714285,0.7857142,2.2142856,4.3285713,16.657143,9.834766e-07,0.00082396716,-7.345365000000001e-25,3.7252903e-09,0.0,True
2009-09-28,59.04,3.1,13.357142,19.600002,7.2000003,77.17143,1.3999999,0.32857147,1.7714285,4.0571427,15.485714,2.142787e-05,0.00079138577,-7.345365000000001e-25,9.313226e-09,0.0,True
2009-10-05,59.13,24.1,10.2,14.185715,5.2571425,79.27143,1.2428572,0.9428572,1.3428571,4.4857144,10.842857,0.00011534244,0.0007649213,-7.345365000000001e-25,9.313226e-09,0.0,True
2009-10-12,59.34,52.5,9.742857,13.242858,6.014286,87.971436,0.8428572,0.7714286,0.82857144,5.8142858,10.485714,0.0039107054,0.00074177235,-7.345365000000001e-25,5.5879354e-09,0.0,True
2009-10-19,59.45,7.5,4.285714,7.6714287,1.4142857,85.94286,0.61428577,0.5714286,0.7,7.1,5.3142858,0.00017511845,0.0007283166,5.489304e-06,2.6637688e-05,2.7421862e-05,True
2009-10-26,59.37,4.2,6.6714287,9.171428,4.3428574,90.51428,0.3857143,0.32857147,0.51428574,7.242857,6.6285715,6.2245876e-05,0.0007216409,3.3492134e-07,1.7229468e-06,0.0,True
2009-11-02,59.35,25.2,5.514286,7.971429,2.2428572,90.057144,0.34285712,0.3142857,0.44285718,7.6,5.928571,0.00030193478,0.0007185936,-7.345365000000001e-25,0.0,0.0,True
2009-11-09,59.51,19.7,4.3,6.7285714,2.0714285,94.471436,0.25714287,0.25714287,0.2857143,9.2,4.114286,0.00040075183,0.00072319806,0.0021824723,0.010476476,0.010209743,True
2009-11-16,59.5,10.7,7.014286,9.357142,4.2714286,93.92857,0.25714287,0.25714287,0.3,9.742857,6.4428573,0.00020484626,0.0007496923,3.0040741e-05,0.00013607927,0.0,True
2009-11-23,59.51,15.9,8.971429,11.728572,6.057143,87.04286,0.54285717,0.54285717,0.5714286,10.042857,7.6285715,0.00039692223,0.0007969886,-7.345365000000001e-25,1.9744039e-07,0.0,True
2009-11-30,59.51440678189379,20.9,7.785714,9.67143,5.971429,83.64286,0.67142856,0.67142856,0.6857143,10.285714,6.6714287,0.0004002005,0.0008683875,-7.345365000000001e-25,9.313226e-09,0.0,False
2009-12-07,59.65,10.5,3.0285716,5.1714287,0.32857147,95.08572,0.14285715,0.14285715,0.114285715,10.428572,2.9142857,0.00019817054,0.0009912997,3.5478956e-06,1.3310462e-05,1.4578924e-05,True
2009-12-14,59.56,6.5,2.1857142,3.2428572,0.47142857,95.68572,0.071428575,0.071428575,0.114285715,10.428572,2.3857143,0.00024633855,0.0011501312,2.619766e-05,3.6302954e-06,0.00015909225,True
2009-12-21,59.48,6.7,-6.9000006,-4.0571427,-10.385715,89.542854,0.014285714,0.014285714,0.071428575,10.3,-1.6142857,2.682209e-07,0.001341626,0.0016473929,2.015382e-06,0.0060369447,True
2009-12-28,59.38,13.7,0.62857145,2.7142856,-1.5,93.77143,0.25714287,0.25714287,0.17142858,10.485714,0.014285714,0.00033934414,0.001520142,0.0061126836,0.007811466,0.0054386333,True
2010-01-04,59.36,4.3,-2.7000003,-1.6000001,-4.1285715,89.27143,0.0,0.0,0.3285714,10.4,-0.16666667,2.9802322e-07,0.0017064065,0.005330432,0.0,0.0034036115,True
2010-01-11,59.34,18.8,-4.642857,-3.0285716,-6.914286,92.64286,0.014285714,0.014285714,0.2,10.3714285,-0.2,1.3411045e-07,0.0018879548,0.012129193,0.0,0.018346008,True
2010-01-18,59.32,5.1,-3.5,-2.3142858,-5.0285716,92.42857,0.0,0.0,0.24285714,10.328571,0.0,0.0,0.0020309165,0.02434173,0.0,0.003489457,True
2010-01-25,59.29,1.3,-8.357142,-5.971429,-11.085714,84.28571,0.0,0.0,0.27142859,10.3,0.0,0.0,0.002134271,0.030544156,0.0,0.0050774068,True
2010-02-01,59.25,17.5,-5.157143,-0.90000004,-10.300001,86.14286,0.12857142,0.12857142,0.31428573,10.442857,0.042857144,1.3411045e-07,0.0022039413,0.04012508,0.0,0.020600848,True
2010-02-08,59.28,9.599999,-2.4428573,-0.28571433,-5.4857144,88.12858,0.15714286,0.15714286,0.34285715,10.442857,0.1,8.2701445e-07,0.0022465438,0.058302533,0.0,0.010203835,True
2010-02-15,59.29,12.2,-3.4857142,-1.8714286,-5.114286,88.51429,0.0,0.0,0.35714287,10.3714285,0.1,4.4703484e-08,0.002268754,0.0662575,0.0,0.014934741,True
2010-02-22,59.37,7.6,-0.5857143,2.2714286,-4.0,85.47143,0.32857147,0.32857147,0.5,10.271428,0.14285715,0.00018173456,0.0022789836,0.07129026,0.0072539486,0.0009363368,True
2010-03-01,59.96,11.6,2.9285715,5.728572,0.59999996,85.1,0.64285713,0.62857145,0.6857143,10.285714,0.8,0.0022168905,0.002529949,0.045239337,0.051895462,0.0030369386,True
2010-03-08,59.63,3.6,-1.3857144,2.1857145,-5.0285716,77.0,0.4714286,0.45714283,0.7714286,10.185715,0.44285715,0.00015611947,0.0032522306,0.01562554,0.0040618293,0.0032316893,True
2010-03-15,59.75,16.400002,-0.07142856,3.5285716,-3.3142858,88.3,0.5,0.4857143,0.5857143,10.1285715,0.9142857,0.0005337745,0.004280843,0.0108309705,0.011452774,0.00455188,True
2010-03-22,59.67,9.299999,7.0285716,11.228572,2.7428572,80.27143,1.1999999,1.1571428,1.1999999,10.142858,6.4714284,0.00038030744,0.005116686,0.0024776403,0.007799946,0.00036020204,True
2010-03-29,59.62958478610839,21.3,8.642858,14.228571,2.7714286,76.9,1.6142857,1.5,1.6428572,9.971429,9.028571,0.0002297014,0.0059554055,3.8215094e-05,0.00043260492,0.0004227385,True
2010-04-05,59.49,1.4,6.942857,11.885715,1.2857144,74.78571,1.6,1.4571427,1.6857144,9.842857,8.228572,8.773804e-05,0.0063821077,1.3680685e-06,1.30310655e-05,0.0,True
2010-04-12,59.46,1.1,7.514286,13.185715,2.5714285,73.98572,1.7142859,1.442857,1.8857143,9.257143,8.9,7.2300434e-05,0.0064086393,-7.345365000000001e-25,7.450581e-09,0.0,True
2010-04-19,59.43,0.0,7.642857,14.071428,0.9428572,64.58572,2.3714283,1.8428571,2.5714285,8.6,10.1,1.4901161e-07,0.0062593743,-7.345365000000001e-25,0.0,0.0,True
2010-04-26,59.38,11.5,7.6285715,14.114286,1.057143,67.65714,2.4714284,1.9714288,2.4714284,7.9428573,10.171429,0.00014823675,0.006018333,-7.345365000000001e-25,0.0,0.0,True
2010-05-03,59.35,4.3999996,12.1,17.385715,6.6,71.814285,2.6,1.9142857,2.7142856,7.285714,13.985714,0.000113755465,0.0057100058,-7.345365000000001e-25,3.7252903e-09,0.0,True
2010-05-10,59.36,12.0,7.7000003,11.3,3.642857,82.40001,1.3714286,1.1285715,1.5285714,7.4428573,9.814285,0.00011485815,0.00540334,-7.345365000000001e-25,0.0,0.0,True
2010-05-17,59.44,36.9,9.271429,12.757143,5.8285713,80.38572,1.6571429,1.457143,1.8000001,8.257143,10.457143,0.000521034,0.0051219836,-7.345365000000001e-25,3.7252903e-09,0.0,True
2010-05-24,59.53,17.9,13.471429,17.77143,9.3714285,84.057144,1.957143,1.7714285,2.2285714,8.9,15.042857,0.000145033,0.0048857555,-7.345365000000001e-25,7.450581e-09,0.0,True
2010-05-31,59.50128997172568,37.6,11.17143,15.728572,5.957143,77.41429,2.3428571,2.0857143,2.5,8.857142,14.414286,0.000613682,0.0046587735,-7.345365000000001e-25,3.7252903e-09,0.0,False
2010-06-07,59.73,6.5000005,15.157144,20.214285,9.228571,74.74286,3.2142856,2.7714286,3.4714284,9.214286,17.557142,0.0004234463,0.004450567,-7.345365000000001e-25,1.4901161e-08,0.0,True
2010-06-14,59.55,14.1,17.428572,22.514286,11.6285715,74.84286,3.2142856,2.6571429,3.5857143,8.642858,20.357143,0.0014664531,0.0042227954,-7.345365000000001e-25,1.1175871e-08,0.0,True
2010-06-21,59.47,1.8,13.785714,19.214285,7.4000006,69.14286,3.4142857,2.3142858,3.6714287,7.642857,18.757143,2.4303794e-05,0.0039875135,-7.345365000000001e-25,3.7252903e-09,0.0,True
2010-06-28,59.37,0.0,17.228573,23.557144,8.742857,66.85714,4.057143,2.042857,4.3,6.642857,21.685715,4.7683716e-06,0.0037347376,-7.345365000000001e-25,3.7252903e-09,0.0,True
2010-07-05,59.3,10.3,22.37143,28.885715,14.985715,61.642857,4.9857144,1.4142858,5.3142858,5.885714,25.957144,1.8268824e-05,0.0034217983,-7.345365000000001e-25,7.450581e-09,0.0,True
2010-07-12,59.27,1.5,23.4,30.67143,15.814286,57.100002,5.342857,1.3,5.7000003,5.714286,25.757143,2.5615096e-05,0.0031001791,-7.345365000000001e-25,7.450581e-09,0.0,True
2010-07-19,59.23,0.5,22.014286,28.385715,14.514287,62.642857,4.585714,1.1571429,5.0142856,5.5142856,25.685715,2.348423e-05,0.002780147,-7.345365000000001e-25,1.1175871e-08,0.0,True
2010-07-26,59.19,15.7,20.228573,26.071428,14.185715,65.72857,3.9,1.1428572,4.357143,5.6,23.642857,0.0022418648,0.0025010258,-7.345365000000001e-25,1.4901161e-08,0.0,True
2010-08-02,59.18,8.1,19.171429,25.785715,12.885715,67.0,3.5142858,1.6428573,4.1,5.6285715,22.257143,1.6957521e-05,0.002279006,-7.345365000000001e-25,7.450581e-09,0.0,True
2010-08-09,59.12,5.2,18.600002,23.528574,13.957144,76.47143,2.5714285,1.7571429,3.0285716,6.0142856,20.985714,8.396804e-05,0.0020919368,-7.345365000000001e-25,7.450581e-09,0.0,True
2010-08-16,59.44,90.5,18.97143,23.614286,15.185715,81.328575,2.1571429,1.9714285,2.6571429,7.785714,21.0,0.009465277,0.0019365177,-7.345365000000001e-25,1.1175871e-08,0.0,True
2010-08-23,59.46,22.2,18.714285,24.27143,13.728572,78.28571,2.6285713,2.4428573,3.0857143,9.1,20.485714,0.0011908412,0.0018348172,-7.345365000000001e-25,1.3038516e-08,0.0,True
2010-08-30,59.47204552077081,48.5,14.328572,17.628572,11.185715,83.74286,1.7714287,1.6285715,2.042857,9.142858,16.428572,0.0016218871,0.0017621815,-7.345365000000001e-25,1.6763806e-08,0.0,True
2010-09-06,59.66,17.599998,12.285714,17.542858,7.414286,80.41429,1.7714285,1.6714286,2.0571427,9.785714,15.114285,0.00015076995,0.001724571,-7.345365000000001e-25,3.7252903e-09,0.0,True
2010-09-13,59.46,19.699999,14.300001,18.800001,10.071428,84.14286,1.442857,1.3285713,1.8285714,9.7,15.728572,0.0002603233,0.0016997606,-7.345365000000001e-25,1.1175871e-08,0.0,True
2010-09-20,59.65,22.2,12.414286,15.800001,9.471429,81.1,1.4000002,1.4000002,1.6714286,10.214286,13.3714285,0.0004734546,0.0017030314,-7.345365000000001e-25,1.1175871e-08,0.0,True
2010-09-27,59.46,13.3,13.685715,18.357143,8.957143,87.41429,1.1142857,1.0285714,1.3571428,10.142858,14.728572,0.00064483285,0.0017429292,-7.345365000000001e-25,5.5879354e-09,0.0,True
2010-10-04,59.41,0.8,9.6285715,13.67143,5.6857142,82.685715,0.88571423,0.8142857,1.2571429,10.257143,10.685715,1.5258789e-05,0.0018491596,-7.345365000000001e-25,5.5879354e-09,0.0,True
2010-10-11,59.33,0.0,10.385715,14.857142,6.542857,80.08572,0.88571435,0.7285714,1.2142857,9.7,12.028571,1.6987324e-06,0.00197085,-7.345365000000001e-25,9.313226e-09,0.0,True
2010-10-18,59.3,13.200001,5.6142855,10.457143,0.9142858,86.58572,0.59999996,0.5428571,0.61428577,9.6,7.6857142,0.00011500716,0.0020454973,-7.345365000000001e-25,1.8626451e-09,0.0,True
2010-10-25,59.34,8.3,5.942857,8.814286,2.5571427,84.48572,0.7285714,0.71428573,0.7714286,10.1,6.1285715,0.00019346178,0.00209181,-7.345365000000001e-25,3.7252903e-09,0.0,True
2010-11-01,59.33,4.8999996,7.1714287,10.7,3.3714287,85.25714,0.5285714,0.48571435,0.5857143,10.085714,6.9428573,7.587671e-05,0.002129756,-7.345365000000001e-25,5.5879354e-09,0.0,True
2010-11-08,59.65,49.3,7.442857,9.785714,4.5000005,91.3,0.55714285,0.54285717,0.42857143,10.9,7.571429,0.0011149272,0.002556339,-7.345365000000001e-25,9.313226e-09,0.0,True
2010-11-15,59.53,10.1,7.3,9.857142,4.7571435,86.22858,0.5714286,0.5714286,0.5857143,10.614285,6.357143,0.00028555095,0.002478905,-7.345365000000001e-25,3.7252903e-09,0.0,True
2010-11-22,59.67,32.2,4.7000003,5.8428574,3.457143,93.97143,0.21428575,0.21428575,0.2857143,11.042857,5.0142856,0.00076099485,0.0028746948,-7.345365000000001e-25,0.0,0.0,True
2010-11-29,59.62754497452814,4.8,-1.0285715,0.5714286,-2.5714285,89.4,0.11428572,0.11428572,0.24285714,10.757143,0.82857144,8.623302e-05,0.0035975575,0.0018644901,4.721433e-05,0.003079623,True
2010-12-06,59.47,15.0,-5.2714286,-3.4285715,-8.228572,86.34286,0.028571429,0.028571429,0.25714287,10.385715,-0.94285715,2.5972724e-05,0.0043551326,0.008400162,0.0011818521,0.012569666,True
2010-12-13,59.4,21.199999,-1.5142858,0.9142857,-4.114286,90.62858,0.11428572,0.11428572,0.25714287,10.557143,0.0,0.00043827295,0.0047635958,0.01607724,0.013354808,0.013303433,True
2010-12-20,59.57,20.3,-5.2714286,-3.8428571,-7.557143,91.85714,0.0,0.0,0.2,10.571428,-0.114285715,2.9802322e-08,0.0051320344,0.02531952,0.0,0.022446733,True
2010-12-27,59.46,23.1,-5.7000003,-3.1714287,-8.685715,92.02857,0.0,0.0,0.17142858,10.657143,0.042857144,9.287149e-05,0.0054488108,0.047109246,0.0,0.020466805,True
2011-01-03,59.46,0.5,-4.585714,-2.3714287,-7.3428574,92.12858,0.025,0.025,0.15714286,10.4,0.1,9.507686e-05,0.005600214,0.05679651,0.004256379,0.0013016835,True
2011-01-10,59.86,10.4,0.45714286,3.0142858,-2.557143,91.82857,0.15714286,0.15714286,0.21428572,10.3714285,0.4,0.001742363,0.006865211,0.043297548,0.03989514,0.0027951784,True
2011-01-17,59.85,16.7,4.4714284,6.6714287,2.357143,93.12858,0.32857147,0.32857147,0.27142856,10.6,3.1571429,0.0017276332,0.009908244,0.008397977,0.020670906,1.4826655e-06,True
2011-01-24,59.62,4.7,0.8,2.3428571,-0.7285715,92.12858,0.11428572,0.11428572,0.29999998,10.342857,1.1142857,2.8416514e-05,0.01471927,0.0006824959,0.0006283447,0.0024870113,True
2011-01-31,59.48671510217523,2.8,-2.4714284,0.45714286,-5.6285715,90.94286,0.057142857,0.057142857,0.18571429,10.314285,-0.2,7.352233e-05,0.015089661,0.0032555603,0.0009855684,0.002694901,True
2011-02-07,59.46,29.8,3.557143,5.8,0.9714286,90.328575,0.5142857,0.5142857,0.5,10.585714,2.0142858,0.0007561296,0.014588848,0.0017106079,0.0048546176,0.0011275746,True
2011-02-14,59.73,1.9000001,1.4285715,3.857143,-1.5,73.92857,0.5285714,0.5285714,0.90000004,10.414286,1.8857143,3.9696693e-05,0.01409924,0.00031486579,9.272248e-06,0.001271151,True
2011-02-21,59.55,0.0,-3.2428572,-1.3428571,-5.2999997,69.24286,0.042857144,0.042857144,0.8428572,10.2,-0.9714286,2.682209e-07,0.0136326775,0.0015889463,0.0,0.001163546,True
2011-02-28,59.41,0.0,-4.0142856,1.3285713,-8.7,66.071434,0.3857143,0.35714287,0.8428572,10.114285,-1.8714286,5.736947e-06,0.0129635185,0.0014513163,0.00030462258,7.431954e-06,True
2011-03-07,59.33,0.0,-0.62857145,5.557143,-5.3428574,73.9,0.78571427,0.6714286,0.85714287,9.771428,0.08571429,1.232326e-05,0.012136675,0.0005768878,0.00065133907,9.600073e-06,True
2011-03-14,59.34,6.0,5.057143,10.842857,-0.65714294,71.47143,1.3000001,1.1,1.3428571,9.357142,3.2714286,8.414686e-05,0.011210762,8.245877e-05,0.00026951358,0.0,True
2011-03-21,59.39,19.300001,3.2714288,7.085714,-0.09999999,85.47143,0.84285706,0.8142857,0.90000004,9.671429,3.9142857,0.0002399832,0.010280132,1.8051693e-06,8.242205e-06,7.0482492e-06,True
2011-03-28,59.5,0.2,5.6,10.957144,0.5142858,69.9,1.642857,1.3428572,1.7142857,9.3,7.0285716,1.7151237e-05,0.0094348565,3.973643e-08,7.953495e-07,6.221235e-07,True
2011-04-04,59.39,15.900001,10.157144,16.27143,4.785714,75.457146,1.8571428,1.6000001,1.9428571,8.828571,10.485714,0.00016532838,0.008646265,-7.345365000000001e-25,3.3900142e-07,0.0,True
2011-04-11,59.41,1.1,10.257143,16.0,4.5285716,68.61429,2.3714287,1.8714285,2.457143,8.442857,10.857142,1.0296702e-05,0.007896915,-7.345365000000001e-25,3.7252903e-09,0.0,True
2011-04-18,59.5,17.599998,8.428572,13.17143,3.1285717,75.78571,1.9142857,1.6,1.9142857,8.257143,10.085714,0.00021902472,0.0072218254,-7.345365000000001e-25,0.0,0.0,True
2011-04-25,59.4,0.0,14.228572,20.87143,6.6,53.214287,3.7000003,2.5142858,3.857143,7.214286,15.714286,0.0,0.0065644905,-7.345365000000001e-25,0.0,0.0,True
2011-05-02,59.31,0.8,11.1,17.457144,5.642857,62.92857,3.1000001,1.5285715,3.3142858,6.357143,14.542857,1.41859055e-05,0.0059103966,-7.345365000000001e-25,1.8626451e-09,0.0,True
2011-05-09,59.26,0.0,11.157144,18.0,2.8285713,54.25714,3.7714288,1.0,3.7,5.9142857,14.085714,8.895993e-06,0.0053213984,-7.345365000000001e-25,0.0,0.0,True
2011-05-16,59.28,27.2,13.7,20.600002,7.1714287,72.442856,3.042857,1.1857144,3.0714285,5.714286,16.514286,0.00017184764,0.0047335103,-7.345365000000001e-25,3.7252903e-09,0.0,True
2011-05-23,59.38,30.6,15.742858,21.914288,10.1,75.542854,3.2857144,1.7857143,3.457143,5.785714,18.185715,0.00015212595,0.004281804,-7.345365000000001e-25,7.450581e-09,0.0,True
2011-05-30,59.31773432048436,1.1,15.328572,21.442858,8.1,62.24286,4.0285716,1.1857144,4.071429,5.4142857,17.814285,1.5549362e-05,0.003837645,-7.345365000000001e-25,3.7252903e-09,0.0,True
2011-06-06,59.35,36.8,18.657145,25.87143,11.3,66.91429,4.4999995,1.7857141,4.7000003,5.3714285,21.7,0.00011539459,0.0034172088,-7.345365000000001e-25,1.1175871e-08,0.0,True
2011-06-13,59.34,12.5,16.785715,22.285715,11.0,73.77143,3.5571427,2.4714284,3.7714286,5.785714,20.971428,0.0010903925,0.003061846,-7.345365000000001e-25,3.7252903e-09,0.0,True
2011-06-20,59.29,21.7,16.242857,21.714285,10.900001,74.15715,3.4285715,2.357143,3.542857,5.3,19.72857,0.00017762184,0.002769418,-7.345365000000001e-25,1.1175871e-08,0.0,True
2011-06-27,59.29,29.899998,15.971429,21.428572,10.228571,76.957146,3.357143,2.7142856,3.6142857,5.9428573,19.257143,0.00011020899,0.0025254935,-7.345365000000001e-25,1.1175871e-08,0.0,True
2011-07-04,59.33,54.3,16.557142,20.457144,12.285714,80.542854,2.8714287,1.9999999,2.8857143,5.957143,19.671429,0.0005311817,0.0023042709,-7.345365000000001e-25,1.8626451e-08,0.0,True
2011-07-11,59.55,15.9,19.171429,24.600002,13.714286,74.88572,3.6285713,3.2428572,4.0142856,7.3,22.7,0.0004607737,0.002133578,-7.345365000000001e-25,3.7252903e-09,0.0,True
2011-07-18,59.43,22.900002,17.728573,22.6,13.114286,74.71429,3.2857146,3.0,3.3999999,7.8142858,20.314285,0.0006786585,0.0019871518,-7.345365000000001e-25,1.4901161e-08,0.0,True
2011-07-25,60.09,76.299995,15.342857,18.657145,12.071428,79.94286,2.4,2.1857142,2.457143,9.257143,17.5,0.003660597,0.0028072745,-7.345365000000001e-25,1.4901161e-08,0.0,True
2011-08-01,60.13,90.4,16.957144,20.785715,13.585715,86.04286,2.1285717,1.9857143,2.2,10.485714,19.242857,0.007307723,0.0057969764,-7.345365000000001e-25,1.6763806e-08,0.0,True
2011-08-08,59.8,14.4,18.885714,23.857143,13.185715,78.94286,2.9142854,2.7,3.3285713,10.071428,21.714285,0.0002732575,0.0025124773,-7.345365000000001e-25,1.8626451e-08,0.0,True
2011-08-15,59.7,34.0,16.485714,21.057144,12.614286,81.828575,2.2142856,2.1285713,2.5142858,10.228572,18.071428,0.0014027804,0.0028866902,-7.345365000000001e-25,1.1175871e-08,0.0,True
2011-08-22,59.58,14.799999,17.800001,22.97143,11.857142,76.51429,2.7428572,2.442857,3.1142857,9.671429,20.542856,5.029887e-05,0.0032023564,-7.345365000000001e-25,1.1175871e-08,0.0,True
2011-08-29,59.54155739225654,14.8,18.214285,23.0,14.028572,82.1,2.1714287,2.0142858,2.6000001,9.5,20.214285,0.0049925,0.0033467934,-7.345365000000001e-25,9.313226e-09,0.0,True
2011-09-05,59.45,6.0,15.542857,20.84286,9.642858,80.9,1.8142856,1.5714285,2.1571429,9.271428,17.62857,0.00017450005,0.0034047365,-7.345365000000001e-25,7.450581e-09,0.0,True
2011-09-12,59.54,37.3,15.871429,20.142857,12.442858,85.3,1.7857144,1.742857,1.9142858,9.771428,16.87143,0.0018105656,0.0034084916,-7.345365000000001e-25,1.6763806e-08,0.0,True
2011-09-19,59.48,3.6,13.728572,18.157145,9.257143,79.828575,1.4714285,1.3285713,1.8714286,9.657143,15.585714,0.0002079308,0.003489256,-7.345365000000001e-25,7.450581e-09,0.0,True
2011-09-26,59.39,1.0,13.157144,19.742859,7.285714,82.17143,1.5,1.2714285,1.6857144,9.4,15.242857,9.0152025e-06,0.0035749152,-7.345365000000001e-25,1.8626451e-09,0.0,True
2011-10-03,59.33,0.8,15.028572,23.100002,7.6714287,82.557144,1.3714285,1.0571429,1.5571429,8.857142,17.171429,3.1292439e-07,0.003577575,-7.345365000000001e-25,1.8626451e-09,0.0,True
2011-10-10,59.32,22.2,11.957143,15.757143,8.2,84.799995,1.0428572,0.9428572,1.1571429,8.814285,12.971429,0.00020211935,0.0035346746,-7.345365000000001e-25,1.4901161e-08,0.0,True
2011-10-17,59.41,6.2,7.3142858,12.8714285,2.5,84.52857,0.7857143,0.75714284,0.8,9.657143,8.742857,0.00011751801,0.0034901649,-7.345365000000001e-25,1.8626451e-09,0.0,True
2011-10-24,59.33,1.5,6.014286,11.114286,2.2714286,86.814285,0.55714285,0.4714286,0.67142856,9.5,6.6285715,3.0718744e-05,0.003440842,-7.345365000000001e-25,3.7252903e-09,0.0,True
2011-10-31,59.30434479992592,1.7,10.085714,13.3,6.928571,90.91429,0.4,0.37142855,0.54285717,9.428572,9.642858,4.094839e-05,0.0033936203,-7.345365000000001e-25,7.450581e-09,0.0,False
2011-11-07,59.31,0.0,7.4714284,11.6,4.1,92.90001,0.31428573,0.25714287,0.2857143,9.271428,7.642857,6.2584877e-07,0.0033439249,-7.345365000000001e-25,5.5879354e-09,0.0,True
2011-11-14,59.29,0.0,2.3428571,6.057143,-0.6857143,92.6,0.21428573,0.17142858,0.18571427,9.171429,3.442857,3.0398369e-06,0.0032908022,1.3283321e-06,2.0042062e-06,1.1313707e-05,True
2011-11-21,59.28,0.0,2.2714286,5.2428575,-0.28571427,96.52857,0.1,0.071428575,0.15714286,9.114285,2.5142858,7.934868e-06,0.003235437,3.3406985e-05,8.72463e-05,0.00010546297,True
2011-11-28,59.28,5.0,4.6,7.071429,1.8571428,90.28571,0.3857143,0.34285712,0.3857143,9.085714,3.8285713,1.052022e-05,0.0031771958,1.0212262e-05,3.3965334e-05,3.0994415e-06,True
2011-12-05,59.32,13.400001,4.571429,7.714286,1.4142858,88.457146,0.41428572,0.41428572,0.34285715,9.214286,3.6857142,0.00015884638,0.0031141415,-7.345365000000001e-25,1.3038516e-08,0.0,True
2011-12-12,59.44,22.5,3.0,4.8714285,0.74285716,89.25714,0.4428572,0.4428572,0.34285715,10.028571,2.3142858,0.0002785325,0.0030541644,0.00049350376,0.0024226103,0.0024931524,True
2011-12-19,59.54,24.2,3.2000003,4.857143,1.5285715,88.64286,0.42857143,0.42857143,0.45714286,10.557143,2.3428571,0.0005159676,0.0030144677,0.004757075,0.008480608,0.015843086,True
2011-12-26,59.54,11.900001,4.328572,6.2000003,2.0428574,94.75715,0.22857141,0.22857141,0.22857143,10.485714,3.057143,0.00043681264,0.0030559078,0.0042587235,0.010617396,0.002955377,True
2012-01-02,59.62,19.4,5.5142856,7.5142856,2.7571428,92.15715,0.34,0.34,0.34285715,10.36,4.38,0.0003568977,0.003316395,8.794807e-05,0.00038972497,0.00035594776,True
2012-01-09,59.8,37.0,3.857143,6.085715,1.7571429,89.25715,0.6,0.6,0.41428572,10.842857,3.3285713,0.0007982552,0.0038288906,0.00017979031,0.0011147298,0.0012286156,True
2012-01-16,59.6,3.1,3.3857143,5.1142855,1.0714285,84.9,0.51428574,0.51428574,0.51428574,10.3714285,2.7142856,8.1166625e-05,0.0049574226,5.265077e-05,0.00022794865,0.00017308071,True
2012-01-23,59.86,41.6,1.9285715,3.5428574,-0.11428572,94.40001,0.3285714,0.3285714,0.24285714,10.6,1.7571429,0.0006627664,0.0059188455,0.0016639687,0.00437844,0.0062491074,True
2012-01-30,59.63946104402515,1.3,-4.2,-1.5428572,-6.5285716,81.25714,0.071428575,0.071428575,0.35714287,10.414286,-1.0285715,9.611249e-07,0.00704816,0.0025300866,2.7218834e-05,0.0017178655,True
2012-02-06,59.4,0.6,-11.414286,-7.0285716,-15.914286,74.92857,0.0,0.0,0.31428573,10.3,-4.928571,2.682209e-07,0.0078161135,0.003283285,0.0,0.00049878284,True
2012-02-13,59.27,1.5,-6.7571435,-3.0428574,-12.67143,83.828575,0.0,0.0,0.31428573,10.3,-3.2285714,4.0233135e-07,0.0079285875,0.004422216,0.0,0.002519641,True
2012-02-20,59.24,19.0,1.6000001,4.257143,-1.2857143,85.64286,0.7000001,0.7000001,0.59999996,10.4,0.14285715,0.0004798174,0.007850796,0.004940731,0.009388534,0.0055153966,True
2012-02-27,59.44,10.1,4.471429,7.2000003,1.1,84.07143,0.85714287,0.84285706,0.8,10.271428,2.7142856,0.00021797419,0.007761292,0.0006880987,0.0037274547,0.004434675,True
2012-03-05,59.61,1.2,5.1285715,8.6285715,1.6,80.51428,0.85714287,0.7714285,0.9285714,10.1,4.5142856,0.000100418925,0.0077131465,0.00015946796,0.0018398575,0.0,True
2012-03-12,59.49,3.9,4.428571,8.3,1.1428571,77.75714,1.0000001,0.9,1.0714285,9.728572,4.357143,9.743869e-05,0.007637635,1.6575768e-06,6.508082e-06,4.2393804e-06,True
2012-03-19,59.44,2.1,6.928571,12.485715,1.6000001,80.25715,1.2857143,1.0714287,1.2714287,9.4,7.0571427,7.420778e-05,0.0075094476,-7.345365000000001e-25,0.0,0.0,True
2012-03-26,59.41,0.0,8.342857,15.314286,1.8285714,77.62858,1.642857,1.2857143,1.6285714,8.842857,9.528571,4.5448542e-07,0.007294111,-7.345365000000001e-25,0.0,0.0,True
2012-04-02,59.39,9.6,7.0428576,11.271429,2.857143,73.557144,1.8714285,1.542857,1.8571428,8.242857,8.2,0.000103995204,0.0070013925,7.129851e-06,2.5466084e-05,3.6070123e-05,True
2012-04-09,59.42,13.3,3.3428574,7.1,-0.81428576,77.78571,1.4285713,1.1999999,1.3857143,8.185715,5.2714286,0.00028298795,0.006697692,0.00037711006,0.0011411197,0.0015017651,True
2012-04-16,59.39,6.0,7.328572,12.257143,1.9428571,77.15714,1.6999999,1.3428572,1.7142857,7.9714284,8.914286,0.00015936047,0.006393492,2.8161776e-05,0.00031609088,0.0,True
2012-04-23,59.34,1.4,8.657143,14.442858,2.8714287,67.28571,2.4142857,1.8999997,2.5,7.357143,10.9,4.4465065e-05,0.0060609654,-7.345365000000001e-25,2.0861626e-07,0.0,True
2012-04-30,59.34586113607935,5.9,13.728572,20.2,7.714286,68.38572,3.0285716,2.1000001,2.9428573,6.9,14.614285,0.00013719499,0.005707048,-7.345365000000001e-25,3.7252903e-09,0.0,True
2012-05-07,59.3,8.8,12.1,16.914286,7.3,74.1,2.5571425,1.3571428,2.4428573,6.214286,15.014286,0.00011099875,0.0053198785,-7.345365000000001e-25,7.450581e-09,0.0,True
2012-05-14,59.3,8.3,13.328572,18.785715,6.714286,72.200005,3.214286,1.7714285,2.857143,5.928571,15.557143,9.217858e-05,0.00496646,-7.345365000000001e-25,1.1175871e-08,0.0,True
2012-05-21,59.29,1.9,13.457144,19.742857,6.414286,62.757145,3.7285714,1.057143,3.6571429,5.6,15.528571,3.0383468e-05,0.004581958,-7.345365000000001e-25,0.0,0.0,True
2012-05-28,59.25,0.0,17.485714,24.442858,9.942857,56.05714,4.857143,0.67142856,4.9857144,5.242857,20.857143,4.634261e-06,0.0041478425,-7.345365000000001e-25,3.7252903e-09,0.0,True
2012-06-04,59.22,9.6,11.514285,16.228573,5.914286,69.51429,2.8,0.9714285,2.9285715,5.3,15.5,9.611249e-05,0.0037529469,-7.345365000000001e-25,0.0,0.0,True
2012-06-11,59.2,2.6999998,14.485715,19.857143,7.614286,69.8,3.2857144,1.3000001,3.3714287,5.3142858,17.4,4.9501657e-05,0.0034317821,-7.345365000000001e-25,3.7252903e-09,0.0,True
2012-06-18,59.17,11.2,16.2,22.17143,10.071428,72.88572,3.5428574,1.4285715,3.6714287,5.1,19.028572,0.00020156801,0.0031265393,-7.345365000000001e-25,1.1175871e-08,0.0,True
2012-06-25,59.22,25.400002,15.771429,20.485716,11.242858,77.814285,3.142857,1.8428571,3.0571427,5.457143,18.542856,0.00020700693,0.0028601512,-7.345365000000001e-25,1.4901161e-08,0.0,True
2012-07-02,59.26,21.900002,17.742857,22.528574,12.557143,78.74286,3.2714286,2.6571429,3.1714287,5.785714,20.2,0.00015375018,0.0026328266,-7.345365000000001e-25,3.7252903e-09,0.0,True
2012-07-09,59.27,21.0,19.4,24.714285,14.957144,82.471436,2.9857144,2.4285715,3.1857142,5.9428573,22.157143,0.00021967292,0.002424948,-7.345365000000001e-25,1.1175871e-08,0.0,True
2012-07-16,59.26,27.2,15.414286,19.742859,11.6,81.24286,2.8714283,2.5571427,2.8285713,6.0571427,18.5,0.00060890615,0.0022491515,-7.345365000000001e-25,2.2351742e-08,0.0,True
2012-07-23,59.31,13.099999,15.271429,20.242859,10.614286,77.92857,3.0,2.5428574,2.8857143,6.6714287,17.9,0.0001892969,0.002112411,-7.345365000000001e-25,7.450581e-09,0.0,True
2012-07-30,59.25137341884031,17.8,20.714285,26.800001,13.814286,70.88572,4.057143,3.0857143,4.157143,5.885714,23.442858,0.00017181039,0.0019662455,-7.345365000000001e-25,7.450581e-09,0.0,True
2012-08-06,59.26,14.0,18.828571,24.242859,13.657144,77.07143,3.1,2.4142857,3.2,5.957143,21.77143,0.00013661385,0.00184118,-7.345365000000001e-25,7.450581e-09,0.0,True
2012-08-13,59.28,8.8,15.442858,20.557144,10.557143,77.67143,2.714286,1.8714286,2.7714286,5.5857143,19.028572,1.6152859e-05,0.0017342865,-7.345365000000001e-25,1.1175871e-08,0.0,True
2012-08-20,59.24,5.1,19.314287,26.085714,12.871429,75.14286,3.3857143,1.542857,3.3857143,4.9142857,22.22857,3.7059188e-05,0.0016283989,-7.345365000000001e-25,1.1175871e-08,0.0,True
2012-08-27,59.19,1.8,17.157145,22.514286,12.17143,79.34286,2.457143,1.5,2.7571428,4.885714,20.028572,0.00018782914,0.0015280247,-7.345365000000001e-25,3.7252903e-09,0.0,True
2012-09-03,59.21,9.3,16.0,21.314287,10.157143,81.057144,1.9428571,1.1714287,2.142857,4.9714284,18.7,0.00010852516,0.0014472529,-7.345365000000001e-25,3.7252903e-09,0.0,True
2012-09-10,59.2,6.1,16.128572,21.457144,11.057143,78.35714,2.1142857,0.9857143,2.3857143,4.7285714,18.22857,1.25691295e-05,0.0013741106,-7.345365000000001e-25,1.4901161e-08,0.0,True
2012-09-17,59.16,7.2,14.371429,20.042858,9.371429,78.957146,1.7,1.1,2.0714285,4.7,16.142857,0.0001347959,0.0013058409,-7.345365000000001e-25,1.1175871e-08,0.0,True
2012-09-24,59.14,9.7,10.971429,16.185715,5.7428575,78.0,1.4714286,0.90000004,1.6999999,4.6285715,13.2,0.00012296438,0.0012458563,-7.345365000000001e-25,5.5879354e-09,0.0,True
2012-10-01,59.21,13.4,12.542857,18.2,8.257143,83.61428,1.2285713,0.9571429,1.4285715,5.2714286,13.385715,0.00033034384,0.0011962876,-7.345365000000001e-25,5.5879354e-09,0.0,True
2012-10-08,59.42,38.9,10.742857,15.314286,6.7571425,86.75715,1.0285715,0.90000004,1.0857142,6.1857142,11.571428,0.001514867,0.0011547655,-7.345365000000001e-25,7.450581e-09,0.0,True
2012-10-15,59.43,14.5,7.7428575,11.785714,4.1714287,88.78571,0.7285714,0.7,0.7428571,7.1,8.3714285,0.00025315583,0.001130946,-7.345365000000001e-25,3.7252903e-09,0.0,True
2012-10-22,59.35,0.70000005,12.042857,17.242857,7.6714287,85.72858,0.82857144,0.6857143,0.88571435,7.114286,11.528571,6.7800283e-06,0.0011150911,-7.345365000000001e-25,7.450581e-09,0.0,True
2012-10-29,59.28183282252749,3.3999999,5.3857145,9.028571,2.0285716,84.057144,0.51428574,0.45714286,0.54285717,6.9714284,6.885714,2.8252602e-05,0.0011047572,1.0899136e-06,8.326024e-07,2.9861927e-05,True
2012-11-05,59.33,16.3,5.5,8.271429,3.0,90.58572,0.42857146,0.41428572,0.44285718,7.3285713,5.242857,0.00026842952,0.0010971874,1.859665e-05,9.19383e-05,5.9533864e-05,True
2012-11-12,59.41,10.1,7.442857,9.400001,5.414286,88.38572,0.47142863,0.4571429,0.5428571,7.7285714,6.885714,0.00013023615,0.0010949746,-7.345365000000001e-25,3.7252903e-08,0.0,True
2012-11-19,59.35,2.6,1.9714286,5.0285716,-0.8428572,95.17143,0.15714288,0.15714288,0.12857142,7.7285714,2.8285713,3.6910176e-05,0.0011025816,2.336502e-05,5.7948753e-05,7.099286e-05,True
2012-11-26,59.35,6.9,5.2428575,7.414286,2.9142857,93.457146,0.24285713,0.24285714,0.2857143,7.8285713,4.6,7.458031e-05,0.0011162683,2.0890009e-06,1.5389174e-05,0.0,True
2012-12-03,59.41,12.200001,2.2428572,3.614286,0.25714284,95.02857,0.17142858,0.17142858,0.2,8.471429,2.6714287,0.00013050437,0.0011325628,0.0007881607,0.0002754517,0.0031388998,True
2012-12-10,59.39,19.9,-3.2714288,-0.24285714,-7.285714,93.92857,0.042857144,0.042857144,0.12857144,9.228572,2.3790494e-17,8.9265406e-05,0.0011570975,0.009745462,0.0018646419,0.0226857,True
2012-12-17,59.35,7.1,-1.6285714,0.057142872,-3.714286,95.34286,0.014285714,0.014285714,0.15714286,9.771428,0.057142857,0.00036788732,0.0011904314,0.023564968,0.011076184,0.0024680384,True
2012-12-24,59.47,9.400001,-0.42857143,1.3142859,-1.8142859,95.64286,0.028571429,0.028571429,0.2,10.0,-0.042857144,0.00042265654,0.0012534559,0.014060537,0.015632626,0.0067289807,True
2012-12-31,59.50296335864174,11.2,4.8142858,7.142857,1.9,85.71429,0.51428574,0.51428574,0.47142857,10.342857,2.557143,0.0003964603,0.0012074709,0.00087798305,0.008197006,1.1250377e-06,True
2013-01-07,59.51,25.5,5.642857,7.214286,3.857143,93.77143,0.32857138,0.32857138,0.34285715,10.485714,4.785714,0.0003428161,0.0017573312,1.1353266e-06,9.573996e-06,0.0,True
2013-01-14,59.64,18.6,0.04285717,1.5714285,-2.3714287,93.200005,0.08571429,0.08571429,0.2,10.814285,1.7857143,0.00038950145,0.0021865293,0.0010477474,3.3527613e-07,0.003119588,True
2013-01-21,59.56,1.4000001,-4.1,-2.3285716,-6.3428574,86.17143,0.0,0.0,0.3285714,10.314285,-0.67142856,4.3958426e-07,0.0027174726,0.0037597928,0.0,0.0015828945,True
2013-01-28,59.42,8.7,-4.571429,-2.114286,-7.557143,89.18572,0.042857144,0.042857144,0.18571429,10.314285,-1.1285714,6.082654e-05,0.0030872598,0.0056409836,0.0027915724,0.0053126216,True
2013-02-04,59.76,39.5,3.5,5.9857144,0.88571435,90.32857,0.6,0.6,0.4714286,11.085714,1.4,0.0009499192,0.0033883452,0.0022169123,0.010014214,0.006814074,True
2013-02-11,59.71,11.700001,-0.9428572,0.9571429,-3.457143,90.64286,0.21428572,0.21428572,0.31428573,10.671429,0.35714287,9.4905496e-05,0.0040138513,0.006679535,0.00076955184,0.007000521,True
2013-02-18,59.46,8.0,-0.44285718,0.9857143,-1.8000001,91.07143,0.14285715,0.14285715,0.35714287,10.271428,0.042857144,7.125735e-05,0.004622996,0.00805689,0.0032547098,0.0031267516,True
2013-02-25,59.55,7.7999997,-1.3000001,0.25714287,-2.957143,89.685715,0.14285715,0.14285715,0.42857143,10.428572,0.1,0.0001065284,0.0049595013,0.016289387,0.004561469,0.013164077,True
2013-03-04,59.54,0.4,1.5571429,5.457143,-2.2142859,83.92857,0.71428573,0.6714286,0.7285714,10.157143,1.6428572,0.00028388202,0.005117111,0.008209348,0.01276985,0.00068607926,True
2013-03-11,59.46,20.099998,0.5285714,4.728572,-2.7857144,76.200005,0.7714286,0.6857143,1.0,9.857142,2.2,4.1604042e-05,0.0052323937,0.004494292,0.0019564144,0.014219586,True
2013-03-18,59.42,7.5,-3.9,1.0428572,-9.3714285,73.40001,0.3857143,0.37142855,0.9285714,10.028571,0.17142858,1.744926e-05,0.0053035095,0.012992785,0.00086164474,0.0043623634,True
2013-03-25,59.39,7.2,-3.1714287,-0.15714286,-6.785714,77.08571,0.17142858,0.15714286,0.85714287,10.285714,0.1,6.392598e-06,0.0053163245,0.020501932,0.00033497438,0.009805292,True
2013-04-01,59.4,1.1,-0.8142857,2.1857142,-3.8857143,75.957146,0.75714284,0.71428573,1.0285714,10.042857,0.2,7.775426e-05,0.0052907392,0.017506555,0.0038002077,0.0037584174,True
2013-04-08,59.53,0.8,0.9142857,5.1857142,-3.5714285,77.042854,1.1571428,1.0285715,1.2142857,9.742857,2.3857143,0.00023960322,0.0052376315,0.009251963,0.011679741,0.0011704378,True
2013-04-15,59.49,7.8,8.028571,12.614286,3.1142857,78.77143,1.7714285,1.5142858,1.7714285,9.442857,8.042857,0.0002014935,0.005155064,0.00066020375,0.0029472206,3.5058707e-05,True
2013-04-22,59.42,0.3,11.7,17.328571,5.9857144,64.6,2.8142855,2.1714284,2.8285713,8.557143,13.485714,3.373623e-05,0.0050405636,-7.345365000000001e-25,6.92904e-07,0.0,True
2013-04-29,59.409582007090485,11.1,10.914286,16.057142,5.328572,71.442856,2.4714284,1.942857,2.4428573,7.928571,12.757143,0.00012860447,0.004885055,-7.345365000000001e-25,3.7252903e-09,0.0,True
2013-05-06,59.38,0.0,11.67143,18.028572,3.9,59.0,3.1857145,2.2142856,3.3428571,7.285714,14.485714,6.109476e-07,0.004681617,-7.345365000000001e-25,0.0,0.0,True
2013-05-13,59.34,13.5,14.1,19.714285,8.3714285,79.34286,2.6000001,2.0857143,2.642857,6.885714,16.5,0.00015538931,0.004432164,-7.345365000000001e-25,7.450581e-09,0.0,True
2013-05-20,59.35,1.8000001,16.27143,21.385715,10.971429,71.557144,3.3428571,1.9285715,3.5285714,6.4428573,18.085714,0.00015214086,0.0041666552,-7.345365000000001e-25,1.4901161e-08,0.0,True
2013-05-27,59.31,31.6,10.742858,14.6,6.542857,81.52857,2.1142857,1.6285714,2.1571429,7.4,13.9,0.0005790144,0.00392925,-7.345365000000001e-25,-3.7252903e-09,0.0,True
2013-06-03,59.49,20.0,14.314286,19.142857,10.6,83.48572,2.4714284,2.2571428,2.7285714,8.8714285,16.785715,0.00050700456,0.0037429482,-7.345365000000001e-25,1.4901161e-08,0.0,True
2013-06-10,59.35,0.0,15.328572,21.585714,7.214286,67.67143,3.9142857,2.9714286,4.1,8.157143,20.442858,3.4421682e-06,0.0035566986,-7.345365000000001e-25,0.0,0.0,True
2013-06-17,59.31,13.9,16.97143,22.914288,9.814286,69.98572,4.057143,3.1571429,3.9714284,7.2714286,20.842857,0.0001334399,0.0033425763,-7.345365000000001e-25,3.7252903e-09,0.0,True
2013-06-24,59.39,30.0,20.214285,25.47143,14.6285715,71.97143,4.428571,3.3999999,4.3857145,6.8142858,23.87143,6.4089894e-05,0.0031114817,-7.345365000000001e-25,1.4901161e-08,0.0,True
2013-07-01,59.42,30.3,13.528572,17.842857,9.414286,82.44286,2.5285716,2.3,2.3999999,7.5857143,16.614286,0.00033442676,0.0029148385,-7.345365000000001e-25,1.1175871e-08,0.0,True
2013-07-08,59.3,6.0,18.114286,23.728573,11.985715,76.471436,3.6714287,3.0,3.7000003,7.114286,22.285715,0.00015603006,0.0027440041,-7.345365000000001e-25,1.1175871e-08,0.0,True
2013-07-15,59.23,0.2,17.028572,22.028574,11.3,72.58572,3.557143,2.1142857,3.5857143,5.9714284,21.828571,3.33786e-05,0.002556622,-7.345365000000001e-25,1.4901161e-08,0.0,True
2013-07-22,59.17,0.0,19.942858,26.957144,11.471429,66.17143,4.6571426,1.0857143,4.714286,5.3142858,24.257143,2.682209e-07,0.0023811087,-7.345365000000001e-25,7.450581e-09,0.0,True
2013-07-29,59.12316740275417,29.199999,22.62857,29.0,15.800001,67.5,4.4000006,1.1714286,4.3285713,5.1714287,26.085714,0.0024852902,0.002177693,-7.345365000000001e-25,1.4901161e-08,0.0,True
2013-08-05,59.19,1.1,21.800001,27.614286,15.971429,68.34286,4.1,2.5857143,4.2714286,5.5571427,24.142857,7.982552e-05,0.0020206347,-7.345365000000001e-25,1.1175871e-08,0.0,True
2013-08-12,59.18,38.5,18.34286,23.914288,13.571428,77.68572,2.9857142,2.1714284,3.1285713,5.6285715,22.0,0.00023129582,0.0018888786,-7.345365000000001e-25,1.1175871e-08,0.0,True
2013-08-19,59.13,24.1,17.2,22.942858,12.1,74.52857,2.857143,1.9285715,2.9714284,5.4142857,20.014286,0.0033291876,0.0017744005,-7.345365000000001e-25,7.450581e-09,0.0,True
2013-08-26,59.13,0.1,16.7,22.385714,11.271429,70.37143,2.9142857,1.3428571,3.2,5.0571427,19.914286,1.0877848e-05,0.0016764253,-7.345365000000001e-25,1.1175871e-08,0.0,True
2013-09-02,59.12,29.2,15.971429,21.485716,10.214286,77.08572,2.1999998,0.8285714,2.3285713,4.8142858,18.942858,0.000112213194,0.001584731,-7.345365000000001e-25,9.313226e-09,0.0,True
2013-09-09,59.17,12.3,16.6,21.528574,11.857142,76.72858,2.2285714,1.5285714,2.4714284,5.385714,18.22857,0.0004631281,0.0015131459,-7.345365000000001e-25,7.450581e-09,0.0,True
2013-09-16,59.25,8.7,12.857142,17.27143,8.857142,87.38572,1.3142856,1.0571429,1.442857,5.8,15.257143,4.1872263e-05,0.001447551,-7.345365000000001e-25,3.7252903e-09,0.0,True
2013-09-23,59.26,15.7,11.585714,15.271429,8.3,88.4,1.0142857,0.8428572,1.1571429,6.071429,13.142858,0.00013546646,0.0013950914,-7.345365000000001e-25,5.5879354e-09,0.0,True
2013-09-30,59.27098506835839,14.2,8.885715,14.1285715,3.757143,85.57143,1.0,0.85714287,1.1,6.614286,11.071428,0.0001551956,0.0013507903,-7.345365000000001e-25,1.8626451e-09,0.0,True
2013-10-07,59.27,5.1,8.957143,13.585714,4.8857145,78.65715,0.98571426,0.75714284,1.2571429,6.3428574,10.271428,6.836653e-05,0.0013086721,-7.345365000000001e-25,0.0,0.0,True
2013-10-14,59.23,22.8,11.014287,14.014287,7.8142858,90.1,0.62857145,0.55714285,0.7571429,6.7285714,11.714286,0.00018675625,0.001275979,-7.345365000000001e-25,9.313226e-09,0.0,True
2013-10-21,59.37,15.2,9.571428,13.414286,4.914286,90.28571,0.68571424,0.6571428,0.62857145,7.957143,10.085714,0.00022171438,0.0012484342,-7.345365000000001e-25,7.450581e-09,0.0,True
2013-10-28,59.42,8.9,13.257143,17.785715,8.900001,84.457146,1.0142857,0.9571429,1.0571429,8.185715,12.514286,0.00012078881,0.0012258589,-7.345365000000001e-25,1.3038516e-08,0.0,True
2013-11-04,59.36,13.1,8.3714285,11.428572,5.057143,84.6,0.7142858,0.6571428,0.7571429,8.328571,8.342857,0.00024217367,0.0012084991,-7.345365000000001e-25,1.1175871e-08,0.0,True
2013-11-11,59.46,12.5,6.8428574,10.042857,3.8714287,90.07143,0.58571434,0.55714285,0.44285718,9.157143,6.885714,0.00034950674,0.0012000725,-7.345365000000001e-25,3.7252903e-09,0.0,True
2013-11-18,59.38,0.3,4.328572,6.4714284,2.0428574,94.1,0.18571429,0.18571429,0.27142859,9.142858,4.642857,2.5704503e-05,0.0012148246,-7.345365000000001e-25,1.8626451e-09,0.0,True
2013-11-25,59.53,18.2,3.1000001,5.4857144,0.18571435,89.700005,0.21428572,0.21428572,0.3,9.728572,3.4,0.0003014952,0.0012489259,1.07856025e-07,9.872019e-08,1.6652048e-06,True
2013-12-02,59.46,7.2999997,2.8857143,5.785714,-0.0142857,90.01429,0.22857143,0.22857143,0.2857143,9.885715,2.5428572,0.00011160225,0.0013092011,8.96908e-07,3.4142286e-06,1.7397106e-06,True
2013-12-09,59.49,26.6,2.2428572,4.114286,0.42857143,92.25714,0.35714287,0.35714287,0.34285715,10.2,1.8714286,0.00039033592,0.0013799295,0.0014635778,0.003624769,0.004410917,True
2013-12-16,59.52,4.3999996,3.7000003,5.642857,1.7571429,94.48572,0.14285715,0.14285715,0.22857143,10.428572,3.4714286,4.053116e-05,0.0014843345,0.00013302054,0.00052866526,5.2154064e-08,True
2013-12-23,59.44,1.5,4.542857,5.414286,2.3142858,83.557144,0.3857143,0.37142855,0.55714285,10.171429,3.1857142,2.592802e-05,0.0016238987,3.4230095e-06,1.3226643e-05,0.0,True
2013-12-30,59.45282312377145,11.6,5.9857144,0.0,3.6857142,83.3,0.42857146,0.42857146,0.7285714,10.042857,4.6571426,0.00019402802,0.001743406,-7.345365000000001e-25,7.4505806e-08,0.0,False
2014-01-06,59.43,13.3,3.1857142,5.2999997,0.47142857,89.328575,0.2,0.2,0.29999998,10.1,1.1,0.00019071996,0.0018496215,-7.345365000000001e-25,1.8626451e-09,0.0,True
2014-01-13,59.44,10.099999,5.3142858,7.457143,2.7857144,87.62858,0.61428565,0.61428565,0.5,10.485714,4.5142856,0.0003355369,0.0019835308,2.3614793e-06,9.045005e-06,3.771484e-05,True
2014-01-20,59.49,9.0,1.5714285,3.6000001,-0.14285715,94.51429,0.14285715,0.14285715,0.21428572,10.3714285,1.9,0.0003028065,0.0022114739,0.00086873485,0.0019459259,0.0029735528,True
2014-01-27,59.46,6.3,-7.828572,-5.7571425,-10.414286,85.12858,0.0,0.0,0.25714287,10.314285,-2.5,1.8253922e-06,0.0025010929,0.0049914294,0.0,0.006809827,True
2014-02-03,59.33,2.8,-2.3428571,-0.18571427,-4.714286,89.12858,0.114285715,0.114285715,0.2857143,10.3,-1.1142857,8.432567e-05,0.0027636886,0.007407404,0.0029372405,0.0015364848,True
2014-02-10,59.42,4.2,3.4714286,7.4000006,0.3857143,80.34286,0.7714286,0.7571429,0.6857143,10.1285715,1.0142857,0.00019951165,0.0029527098,0.0023733946,0.005515417,0.0,True
2014-02-17,59.51,12.9,4.3857145,7.9,1.2285715,80.65715,0.88571423,0.8428572,0.8000001,10.014286,3.2857144,0.00023376942,0.0031127334,0.00016150589,0.0007926617,0.00069408864,True
2014-02-24,59.51,8.3,4.871429,9.1285715,0.9857143,83.557144,0.85714287,0.82857144,0.7428571,9.8714285,4.614286,0.000109903514,0.0032991394,3.2527107e-06,1.6495585e-05,0.0,True
2014-03-03,59.44,1.4,4.8,9.942858,0.47142854,84.35714,0.8142857,0.7000001,0.7285714,9.542857,5.5142856,0.00011236966,0.0034550652,-7.345365000000001e-25,8.381903e-08,0.0,True
2014-03-10,59.37,0.0,5.785714,11.6,0.5,77.82857,1.1285714,0.90000004,1.1,9.171429,6.4,7.1525574e-06,0.003554836,-7.345365000000001e-25,1.8626451e-09,0.0,True
2014-03-17,59.38,10.3,6.9000006,12.342857,1.8000001,74.75714,1.5714285,1.3142856,1.3571428,8.685715,7.5857143,0.00015304238,0.0035730675,-7.345365000000001e-25,1.8626451e-09,0.0,True
2014-03-24,59.45,6.4,8.0,12.257143,3.0714285,78.9,1.5285714,1.2857144,1.4714286,8.442857,8.685715,0.00012560189,0.0035505295,-7.345365000000001e-25,1.8626451e-09,0.0,True
2014-03-31,59.388303066392645,4.0,6.3428574,12.114286,1.4,83.14286,1.3000001,1.0285714,1.3000001,8.342857,7.957143,9.0785325e-05,0.003513351,-7.345365000000001e-25,0.0,0.0,True
2014-04-07,59.36,10.599999,9.271429,14.285714,5.2428575,80.57143,1.6,1.3428571,1.6142856,7.885714,10.471429,0.00016602874,0.003456384,-7.345365000000001e-25,1.8626451e-09,0.0,True
2014-04-14,59.4,20.4,8.3714285,12.314286,4.514286,79.71429,1.7857143,1.6000001,1.6428572,7.6714287,10.142858,0.00028329343,0.003397651,-7.345365000000001e-25,1.8626451e-09,0.0,True
2014-04-21,59.48,8.0,9.414286,14.985716,3.9285715,73.92857,2.5142858,2.0857143,2.3285713,7.3285713,11.314285,0.00039465725,0.003334485,-7.345365000000001e-25,1.8626451e-09,0.0,True
2014-04-28,59.46,5.9,13.728572,19.742859,7.7714286,75.685715,2.7142856,1.8857142,2.8142858,6.9428573,15.385715,0.00015173852,0.0032642335,-7.345365000000001e-25,5.5879354e-09,0.0,True
2014-05-05,59.36,0.0,9.814285,15.414286,3.5714285,62.74286,2.6571429,1.5571429,2.7857144,6.3285713,14.3714285,1.0319054e-05,0.0031736046,-7.345365000000001e-25,0.0,0.0,True
2014-05-12,59.33,31.5,11.485715,16.114286,7.414286,81.457146,2.3428571,1.9714285,2.1,6.4,13.257143,0.00047169626,0.0030881613,-7.345365000000001e-25,1.1175871e-08,0.0,True
2014-05-19,59.38,14.900001,11.428572,15.914286,6.785714,78.27143,2.3142855,1.7285715,2.4714284,6.3428574,14.1285715,0.0001847446,0.003005378,-7.345365000000001e-25,0.0,0.0,True
2014-05-26,59.35,1.3,19.071428,25.214285,12.214286,68.94286,4.257143,2.7,4.3714285,5.8285713,21.857143,2.3290515e-05,0.0028987378,-7.345365000000001e-25,7.450581e-09,0.0,True
2014-06-02,59.28,2.6,11.900001,17.085714,5.728572,73.814285,2.7571428,1.5428572,2.8428571,5.8285713,16.22857,3.6478043e-05,0.0027831793,-7.345365000000001e-25,7.450581e-09,0.0,True
2014-06-09,59.23,21.3,17.828571,24.571428,10.099999,68.00001,4.1285715,1.9857142,3.9857142,5.3,21.328571,0.00010706484,0.002645433,-7.345365000000001e-25,7.450581e-09,0.0,True
2014-06-16,59.63,41.5,16.614286,22.285715,10.757143,77.3,3.5000002,2.5,3.457143,5.8285713,20.87143,0.0007749051,0.0024886802,-7.345365000000001e-25,1.1175871e-08,0.0,True
2014-06-23,59.43,9.4,14.257143,19.314287,9.1285715,71.700005,3.4285715,2.1142857,3.2142856,5.1857142,18.457144,4.413724e-05,0.0023625568,-7.345365000000001e-25,7.450581e-09,0.0,True
2014-06-30,59.438629632372106,30.0,14.557143,19.557144,9.542857,80.52857,3.0285716,2.2857144,2.8714287,5.542857,19.014286,0.0018584579,0.0022487715,-7.345365000000001e-25,0.0,0.0,True
2014-07-07,59.56,8.8,18.728573,24.814287,12.2,71.14286,4.2714286,2.8142858,4.1285715,5.3,22.142857,5.3048134e-05,0.002142623,-7.345365000000001e-25,1.4901161e-08,0.0,True
2014-07-14,59.41,33.9,19.0,25.02857,14.557143,80.14286,3.7428572,2.9428573,3.7571428,5.571429,22.014286,0.0015416667,0.0020357445,-7.345365000000001e-25,2.2351742e-08,0.0,True
2014-07-21,59.43,0.0,21.828571,28.228573,15.271429,66.01429,4.7571425,2.357143,5.042857,4.8142858,25.357143,4.9322844e-06,0.0019379258,-7.345365000000001e-25,1.4901161e-08,0.0,True
2014-07-28,59.31,13.700001,21.457144,27.47143,16.814287,73.0,4.1,1.457143,4.1714287,4.4142857,24.957144,7.861853e-05,0.0018246025,-7.345365000000001e-25,1.4901161e-08,0.0,True
2014-08-04,59.23,22.1,20.957142,26.142857,16.47143,78.25715,3.3999999,2.3857143,3.357143,5.1714287,24.2,0.0023178607,0.0017324835,-7.345365000000001e-25,1.4901161e-08,0.0,True
2014-08-11,59.28,23.9,18.87143,24.714285,13.285714,77.42857,3.1857145,2.5714288,3.2857144,5.3142858,22.671429,0.00025948882,0.0016533732,-7.345365000000001e-25,7.450581e-09,0.0,True
2014-08-18,59.31,28.3,15.757143,20.771427,11.757143,76.185715,2.7428572,2.3142855,2.8857143,5.1857142,18.828571,0.0003003329,0.0015822947,-7.345365000000001e-25,1.1175871e-08,0.0,True
2014-08-25,59.25,4.0,12.914286,18.442858,8.042857,76.0,2.3428571,1.6571428,2.5714285,4.714286,16.342857,6.148219e-05,0.0015247837,-7.345365000000001e-25,9.313226e-09,0.0,True
2014-09-01,59.27,17.2,14.357142,19.928572,8.814286,82.15715,1.8571428,1.2285713,2.0428572,4.614286,17.442858,0.00028705597,0.0014707819,-7.345365000000001e-25,3.7252903e-09,0.0,True
2014-09-08,59.33,9.4,17.171429,22.828571,11.971429,77.85714,2.3428571,1.6714284,2.7142856,4.7,19.414286,0.00011814386,0.0014260709,-7.345365000000001e-25,5.5879354e-09,0.0,True
2014-09-15,59.75,47.300003,15.642858,19.34286,12.428572,86.700005,1.4857142,1.142857,1.5857143,5.0571427,17.342857,0.0006625131,0.0013856813,-7.345365000000001e-25,1.3038516e-08,0.0,True
2014-09-22,59.52,3.6999998,15.771429,20.77143,11.314286,80.042854,1.7,1.2714285,2.0,5.0857143,17.485714,7.4222684e-05,0.0013529435,-7.345365000000001e-25,1.1175871e-08,0.0,True
2014-09-29,59.49839334895887,8.6,12.471429,17.228573,8.214286,83.62858,1.2142857,0.95714283,1.3571428,5.0571427,14.114285,5.7578087e-05,0.0013281107,-7.345365000000001e-25,7.450581e-09,0.0,True
2014-10-06,59.51,2.5,13.685715,18.557144,9.828572,86.15714,1.0,0.7285715,1.1857144,5.714286,15.185715,5.0991774e-05,0.0013074651,-7.345365000000001e-25,7.450581e-09,0.0,True
2014-10-13,59.44,28.1,13.6285715,16.742857,10.385715,90.25714,0.8571428,0.7714285,0.88571423,6.1,14.228572,0.00037813187,0.0012882575,-7.345365000000001e-25,1.4901161e-08,0.0,True
2014-10-20,59.51,18.6,12.742858,16.342857,8.985715,92.457146,0.67142856,0.62857145,0.71428573,6.5285716,13.471429,0.0002053827,0.0012792796,-7.345365000000001e-25,9.313226e-09,0.0,True
2014-10-27,59.79,29.8,9.742858,12.185715,7.6,93.12858,0.5285714,0.47142854,0.5285714,7.3428574,10.485714,0.0005482137,0.0012932345,-7.345365000000001e-25,9.313226e-09,0.0,True
2014-11-03,59.53,1.1999999,9.414286,13.185715,6.3714285,90.85714,0.47142857,0.4,0.4857143,7.257143,9.557143,3.9592385e-05,0.001347512,-7.345365000000001e-25,5.5879354e-09,0.0,True
2014-11-10,59.42,0.5,8.085714,10.785714,5.142857,90.41429,0.35714287,0.3,0.45714286,7.1,8.585714,1.7732382e-05,0.0014009848,-7.345365000000001e-25,5.5879354e-09,0.0,True
2014-11-17,59.37,0.3,8.257143,9.742858,6.6,95.85714,0.17142858,0.15714286,0.34285715,7.0285716,8.271428,1.66893e-05,0.0014460608,-7.345365000000001e-25,3.7252903e-09,0.0,True
2014-11-24,59.32,7.7,4.8428574,6.7285714,3.1000001,91.700005,0.22857144,0.22857144,0.35714287,7.142857,5.257143,0.00012275577,0.0014816225,-7.345365000000001e-25,0.0,0.0,True
2014-12-01,59.3,0.1,0.51428574,1.7571429,-0.8714286,85.84286,0.10000001,0.10000001,0.4714286,7.4,1.6428572,1.9222498e-06,0.0015103742,7.5101852e-06,0.0,2.0425767e-05,True
2014-12-08,59.31,6.0,0.45714286,1.7285715,-1.1857144,91.25715,0.12857142,0.114285715,0.27142859,7.4142857,0.028571429,7.492304e-05,0.0015367344,8.50019e-05,0.00012928434,0.00022305176,True
2014-12-15,59.45,16.3,2.5714285,4.557143,0.41428572,91.87144,0.3285714,0.3285714,0.37142855,7.785714,1.8142858,0.00026357174,0.0015616119,0.00061462604,0.0023883134,0.0023367926,True
2014-12-22,59.7,40.0,5.828572,7.9,2.9285715,91.314285,0.50000006,0.50000006,0.44285712,8.485714,4.7,0.0009927973,0.0016073212,2.3688588e-05,0.00013102777,5.2154064e-08,True
2014-12-29,59.6723722302257,17.4,0.95714295,3.2,-2.2428572,90.57143,0.3142857,0.3142857,0.22857143,9.742857,2.6571429,0.0005532652,0.0023190603,0.00059232255,3.1664968e-08,0.003650345,True
2015-01-05,59.64,15.1,2.7285714,4.457143,0.9571429,89.37144,0.05,0.05,0.44285712,9.5,0.05,0.00033779442,0.0023332387,0.0020542599,0.005385341,0.001981549,True
2015-01-12,59.66,39.4,3.8285713,6.2000003,1.3142859,90.52857,0.68571424,0.68571424,0.5,10.085714,3.0285714,0.0013648868,0.0027888268,0.00034687066,0.0018195547,0.0014785491,True
2015-01-19,59.68,6.5,3.2142856,6.014286,0.21428575,87.1,0.5428571,0.5285714,0.41428572,10.271428,3.1,0.00022792816,0.0035971776,6.4600084e-05,0.00019863434,0.00048325956,True
2015-01-26,59.62,8.200001,-0.35714287,0.9142857,-2.0857143,95.37144,0.12857142,0.12857142,0.20000002,9.942857,0.27142859,0.0001276657,0.004392758,0.0038754146,0.002261525,0.007909253,True
2015-02-02,59.66,19.699999,0.7571429,2.2571428,-1.957143,92.3,0.37142855,0.37142855,0.29999998,10.285714,0.94285715,0.00020151585,0.00487753,0.0086229695,0.004803911,0.014462393,True
2015-02-09,59.56,4.0,-0.6857143,1.7428571,-3.7285714,86.84286,0.31428573,0.31428573,0.41428572,10.1285715,0.4857143,0.00024530292,0.0052220374,0.015484214,0.011125106,0.00369256,True
2015-02-16,59.51,0.1,1.2285715,3.6714287,-0.8,89.557144,0.35714287,0.31428573,0.42857143,9.885715,1.4857143,0.00012952834,0.005489245,0.0025349231,0.0053544436,0.00015396625,True
2015-02-23,59.47,5.7,2.142857,5.9714284,-1.1428572,83.35714,0.71428573,0.6571428,0.71428573,9.657143,2.142857,7.660687e-05,0.0057398602,0.00064541044,0.0012759566,0.00095431507,True
2015-03-02,59.46,9.4,2.5571427,7.142857,-1.0571429,83.32857,0.8714286,0.8142857,0.7285714,9.528571,2.7428572,0.00013834238,0.0058144256,0.00039901052,0.0011122264,0.0003638044,True
2015-03-09,59.52,8.2,5.1857147,9.2,1.0,79.457146,1.1857144,1.0857143,1.1142857,9.642858,5.0285716,0.00012545288,0.0057991967,0.00035000415,0.0012526419,0.0010762997,True
2015-03-16,59.43,0.7,4.328572,7.657143,1.0142858,84.5,0.8,0.68571424,0.91428566,9.228572,4.9,1.5258789e-05,0.0057458133,5.3757713e-06,2.8768554e-05,1.6145408e-05,True
2015-03-23,59.44,7.2,4.8,10.342857,-0.41428566,64.22857,1.7571428,1.4,1.8000001,8.785714,6.5,6.368756e-05,0.005644582,6.847155e-05,8.013286e-05,0.00025139377,True
2015-03-30,59.41874666262463,21.3,6.7285714,10.442857,2.8714287,80.91429,1.2571429,1.1142857,1.1857144,8.614285,7.4142857,0.00030340254,0.0055072606,3.1283922e-05,0.00016143546,0.0,True
2015-04-06,59.63,16.0,3.7000003,8.8714285,-0.8714286,73.91429,1.7142857,1.6000001,1.5571429,9.3714285,5.4428573,0.0003658831,0.0053835437,0.001154315,0.0066719744,0.0069218986,True
2015-04-13,59.49,4.0,8.614286,14.442858,2.1571429,71.47143,2.3,1.8714285,2.2285714,8.642858,10.142858,1.8544495e-05,0.005274743,1.840932e-05,0.00012939423,0.0,True
2015-04-20,59.44,0.3,8.3714285,14.542857,1.7857144,67.37143,2.5857143,1.9,2.4857142,7.7,11.157143,1.977384e-05,0.005125016,-7.345365000000001e-25,9.313226e-09,0.0,True
2015-04-27,59.38,15.5,10.614286,16.7,4.1857142,74.74286,2.4714284,1.6571429,2.357143,7.0,13.142858,0.00016827881,0.004920043,-7.345365000000001e-25,0.0,0.0,True
2015-05-04,59.45,12.6,9.67143,14.900001,3.7285714,71.08572,2.7428572,2.3285716,2.5571427,7.1571426,12.414286,0.00031891465,0.0047050864,-7.345365000000001e-25,0.0,0.0,True
2015-05-11,59.48,17.0,12.528572,18.157145,6.214286,74.07143,2.8714287,2.0714285,2.5714285,7.142857,14.885715,0.00014481694,0.0044632778,-7.345365000000001e-25,7.450581e-09,0.0,True
2015-05-18,59.4,6.9,10.771429,16.285715,4.7428575,73.42857,2.7285714,1.9142857,2.5571427,6.6285715,13.857142,7.107854e-05,0.004225798,-7.345365000000001e-25,3.7252903e-09,0.0,True
2015-05-25,59.34,0.0,12.028571,18.37143,3.914286,69.57143,2.857143,1.3428572,2.9857142,6.042857,16.071428,9.983778e-06,0.0039802715,-7.345365000000001e-25,0.0,0.0,True
2015-06-01,59.3,7.4,11.714286,16.957144,5.3857145,71.75715,2.9714286,1.4714285,2.8,5.7,15.057143,0.00010547042,0.003721282,-7.345365000000001e-25,0.0,0.0,True
2015-06-08,59.25,0.0,16.442858,22.67143,7.857143,58.757145,4.357143,1.1285713,4.342857,5.3285713,19.285715,3.054738e-06,0.0034500882,-7.345365000000001e-25,0.0,0.0,True
2015-06-15,59.26,9.099999,15.771429,21.742859,8.614286,66.64286,3.757143,1.0428572,3.857143,5.114286,20.114286,2.95043e-05,0.0031519681,-7.345365000000001e-25,0.0,0.0,True
2015-06-22,59.32,18.7,12.742858,17.985716,7.914286,76.51428,2.6857145,1.3999999,2.6285713,5.214286,16.242857,0.00013032556,0.0028971508,-7.345365000000001e-25,7.450581e-09,0.0,True
2015-06-29,59.29516317275718,31.9,15.771429,20.442858,12.214286,79.62858,2.8999999,2.042857,2.7714286,5.642857,18.428572,0.00014275312,0.0026925504,-7.345365000000001e-25,1.4901161e-08,0.0,True
2015-07-06,59.32,10.8,22.67143,29.185715,14.7,59.885715,5.6571426,2.3,5.6142855,4.9142857,25.5,2.5629997e-05,0.0024555996,-7.345365000000001e-25,1.1175871e-08,0.0,True
2015-07-13,59.23,17.4,16.357143,21.800001,10.814285,71.92857,3.6285713,1.857143,3.4857142,4.7285714,19.842857,8.352846e-05,0.0022196174,-7.345365000000001e-25,7.450581e-09,0.0,True
2015-07-20,59.21,25.7,18.0,22.957144,13.185715,75.90001,3.3571432,1.8571428,3.2571428,4.8714285,20.957144,0.0018907487,0.0020529926,-7.345365000000001e-25,1.1175871e-08,0.0,True
2015-07-27,59.28,21.8,18.1,24.114286,11.785714,71.8,3.7714288,2.6714284,3.6285713,4.8714285,21.328571,0.000111073256,0.001893416,-7.345365000000001e-25,7.450581e-09,0.0,True
2015-08-03,59.19,6.0,16.228573,22.2,9.828572,69.9,3.3857143,1.8999999,3.3999999,4.714286,18.685715,0.000117361546,0.0017577186,-7.345365000000001e-25,1.1175871e-08,0.0,True
2015-08-10,59.14,10.2,22.057144,29.34286,14.542857,65.87143,4.4428573,1.542857,4.557143,4.242857,24.385714,6.3180923e-06,0.0016107038,-7.345365000000001e-25,1.4901161e-08,0.0,True
2015-08-17,59.1,12.8,22.242859,28.528574,17.514286,70.28572,3.6142857,1.2285715,4.1,4.2,24.142857,9.213388e-05,0.0014737993,-7.345365000000001e-25,1.8626451e-08,0.0,True
2015-08-24,59.06,16.0,18.928572,25.7,12.085714,62.32857,3.4428573,1.2571429,3.8999999,4.4,21.428572,2.2396445e-05,0.0013559163,-7.345365000000001e-25,9.313226e-09,0.0,True
2015-08-31,59.11897499868847,18.9,18.328571,24.1,12.814286,77.6,2.642857,1.7714285,2.7285714,4.885714,20.314285,0.00025974214,0.0012568161,-7.345365000000001e-25,5.5879354e-09,0.0,True
2015-09-07,59.13,19.0,13.942858,18.985714,9.557143,81.25714,2.0571427,1.5857143,2.1571429,4.9857144,16.77143,0.00016276538,0.0011787713,-7.345365000000001e-25,1.3038516e-08,0.0,True
2015-09-14,59.15,16.3,14.157144,19.314285,9.685715,81.74286,1.6571428,1.3142856,1.8857143,5.1857142,16.014286,0.00030505657,0.0011171177,-7.345365000000001e-25,1.3038516e-08,0.0,True
2015-09-21,59.18,6.4,13.971429,19.100002,9.514287,83.82857,1.557143,1.3285714,1.7285715,5.357143,15.428572,0.0001951307,0.0010655746,-7.345365000000001e-25,1.3038516e-08,0.0,True
2015-09-28,59.15,0.5,11.571428,17.1,6.7428575,84.1,1.1571428,0.8285715,1.3285714,5.2,13.842857,3.0457973e-05,0.0010255054,-7.345365000000001e-25,3.7252903e-09,0.0,True
2015-10-05,59.06,0.0,10.185715,17.514286,3.7428572,83.9,1.1,0.67142856,1.1714286,4.8714285,13.157143,2.0861626e-07,0.0009888113,-7.345365000000001e-25,0.0,0.0,True
2015-10-12,59.06,8.0,7.542857,10.828572,4.142857,77.52857,0.8714286,0.61428577,1.1,5.071429,9.557143,0.00018070638,0.0009575337,-7.345365000000001e-25,3.7252903e-09,0.0,True
2015-10-19,59.07,49.3,6.8142858,7.9857144,5.6714287,94.457146,0.3857143,0.37142858,0.45714286,6.3714285,7.757143,0.0007565841,0.0009329468,-7.345365000000001e-25,1.8626451e-09,0.0,True
2015-10-26,59.37,3.6999998,8.457143,12.357142,4.8142858,90.6,0.5142857,0.4428572,0.54285717,7.2285714,9.171429,3.515184e-05,0.0009202063,-7.345365000000001e-25,1.8626451e-09,0.0,True
2015-11-02,59.23,0.1,6.471429,11.1285715,2.642857,91.37144,0.44285718,0.31428573,0.40000004,7.0571427,7.3285713,2.413988e-06,0.0009113401,-7.345365000000001e-25,3.7252903e-09,0.0,True
2015-11-09,59.24,13.2,8.571428,12.657143,4.914286,92.25714,0.58571434,0.5428571,0.41428572,7.2,8.685715,0.0003624633,0.00090518594,-7.345365000000001e-25,5.5879354e-09,0.0,True
2015-11-16,59.31,32.1,10.157144,12.485715,7.457143,89.11428,0.61428577,0.5714286,0.59999996,7.8714285,9.528571,0.00045140833,0.0009044856,-7.345365000000001e-25,1.4901161e-08,0.0,True
2015-11-23,59.53,19.300001,6.3,8.385715,4.3428574,87.52857,0.7285715,0.7285715,0.5714286,9.385715,6.4142857,0.00029414892,0.0009295419,8.982704e-05,9.7045675e-05,0.0008401312,True
2015-11-30,59.43456787837447,17.9,2.5142858,4.928571,-0.1714286,92.97143,0.42857143,0.42857143,0.34285715,9.585714,2.4142857,0.0002990663,0.0009967983,0.0008755638,0.003652364,0.003272932,True
2015-12-07,59.53,4.8,7.142857,9.285714,4.657143,84.48572,0.5428571,0.5428571,0.67142856,9.842857,5.757143,8.478761e-05,0.0010890961,5.9979302e-05,0.000466777,0.0,True
2015-12-14,59.45,19.900002,4.0857143,6.7000003,1.3428572,93.314285,0.35714287,0.35714287,0.25714287,9.8714285,3.9571428,0.0005944371,0.0012066588,6.8119596e-07,4.7944486e-06,6.314367e-06,True
2015-12-21,59.55,10.799999,7.614286,9.385715,5.6,93.75715,0.37142855,0.37142855,0.29999998,10.1,6.4,0.00012369454,0.001343891,3.3492134e-07,1.8235296e-06,0.0,True
2015-12-28,59.55,2.9,8.771429,11.414286,5.1,84.328575,0.61428577,0.61428577,0.6571428,10.028571,7.3428574,4.7042966e-05,0.0014952794,-7.345365000000001e-25,1.1175871e-08,0.0,True
2016-01-04,59.44,1.2,-3.0142858,-0.91428566,-5.3142858,82.057144,0.26666668,0.23333333,0.4,9.9,1.6333333,3.425777e-05,0.0016324893,7.5669515e-05,9.536743e-07,0.00020702183,True
2016-01-11,59.32,12.9,-3.3285716,-0.6571428,-5.785714,89.88572,0.15714286,0.15714286,0.17142858,10.057143,-2.1285715,0.00022689998,0.0017482117,0.0025249606,0.002391016,0.005982697,True
2016-01-18,59.44,8.2,-1.2285715,0.5714286,-3.2142856,95.685715,0.071428575,0.071428575,0.14285715,10.4,-0.41428572,0.00014661252,0.0018632784,0.006765593,0.0026198179,0.0060130246,True
2016-01-25,59.3,7.0,-1.957143,1.0,-5.414286,91.04286,0.028571429,0.028571429,0.20000002,10.242857,-1.5285715,0.00028038025,0.0020101964,0.00741949,0.009736322,0.0039481223,True
2016-02-01,59.56,18.4,6.157143,9.028571,2.7714288,85.08572,0.7714285,0.7714285,0.6571428,10.285714,3.557143,0.00038455427,0.0021824315,0.00014557724,0.001763178,0.000114481896,True
2016-02-08,59.58,9.1,5.2285714,7.8,2.6285713,82.78571,0.88571423,0.87142855,0.8428572,10.214286,4.0857143,0.00015507638,0.0024756342,5.5472057e-05,0.00025681406,0.0002483502,True
2016-02-15,59.6,17.6,2.957143,5.428571,0.59999996,88.62858,0.59999996,0.59999996,0.5285714,10.157143,3.1285715,0.0006945282,0.0028150007,0.00010285491,0.00033638254,0.00063611567,True
2016-02-22,59.73,25.9,2.4285715,5.8857145,-0.42857143,86.97143,0.62857145,0.62857145,0.5285714,10.314285,2.7,0.00081861764,0.00415501,0.0008779821,0.0023140907,0.0020256825,True
2016-02-29,59.64491587639882,1.9,1.2714287,4.8,-1.7714285,83.52857,0.67142856,0.6571428,0.6571428,10.3714285,2.4571428,4.9501657e-05,0.00420738,0.00019121738,0.00025464222,0.00042036176,True
2016-03-07,59.54,10.5,2.2285714,6.1714287,-1.0428572,86.28571,0.6571428,0.59999996,0.67142856,10.042857,3.0428572,0.000202097,0.0050184503,0.0006710745,0.0017516501,0.0031316355,True
2016-03-14,59.53,0.4,2.057143,6.071429,-1.6857144,81.92857,0.7428571,0.68571424,0.8142857,10.0,3.1142857,4.0769577e-05,0.005378261,0.0005591881,0.0015210006,0.00016419217,True
2016-03-21,59.46,1.6,4.328572,8.442857,0.11428569,79.700005,1.0142858,0.87142855,1.0428572,9.6,5.2,7.0557e-05,0.0054937527,3.6040943e-05,0.00017098896,0.0,True
2016-03-28,59.42,5.7,6.142857,10.271429,2.3428571,83.14286,1.2571429,1.1142858,1.2714285,9.4,7.0142856,0.00011725724,0.00547757,-7.345365000000001e-25,7.674098e-07,0.0,True
2016-04-04,59.51,14.9,8.085714,13.67143,2.6571429,70.91429,1.8857143,1.642857,1.8285714,9.185715,9.1,0.00013276935,0.005388908,-7.345365000000001e-25,0.0,0.0,True
2016-04-11,59.42,0.8,8.642858,13.885715,3.0,72.27143,1.8428571,1.4857143,1.9428571,8.528571,10.685715,5.798042e-05,0.005244635,-7.345365000000001e-25,0.0,0.0,True
2016-04-18,59.38,9.900001,8.485715,13.300001,2.8285713,78.72858,1.7285715,1.4857142,1.7142857,8.3,10.185715,0.0001513362,0.005091019,-7.345365000000001e-25,3.7252903e-09,0.0,True
2016-04-25,59.36,9.4,6.4857144,11.6285715,1.6571429,68.0,2.3428571,1.857143,2.3714287,7.7,10.1,6.262958e-05,0.004897505,-7.345365000000001e-25,2.4400651e-07,4.6938658e-07,True
2016-05-02,59.36,6.7999997,8.042857,13.685715,2.6285713,69.34286,2.5428574,2.0857143,2.4428573,7.5285716,10.228572,0.00020571053,0.004688762,7.2825525e-05,0.0004986115,0.000490807,True
2016-05-09,59.32,2.8,14.385715,21.242857,6.5428576,57.18572,4.1571426,2.3285713,4.1714287,6.5571427,16.514286,1.9818544e-06,0.0044214875,-7.345365000000001e-25,1.3783574e-07,0.0,True
2016-05-16,59.27,8.4,13.17143,18.814285,7.514286,63.5,3.8428571,1.3142856,3.857143,5.785714,16.542856,5.9202313e-05,0.0040912256,-7.345365000000001e-25,3.7252903e-09,0.0,True
2016-05-23,59.25,0.5,15.485716,21.52857,9.114286,66.48572,3.6285713,1.0142857,3.542857,5.642857,17.971428,2.9146671e-05,0.0037973449,-7.345365000000001e-25,7.450581e-09,0.0,True
2016-05-30,59.23475638872056,14.7,16.614286,21.7,12.314286,80.51428,2.8999999,1.1714287,3.1285713,5.742857,19.828571,0.00011874735,0.003490284,-7.345365000000001e-25,1.1175871e-08,0.0,True
2016-06-06,59.24,35.5,19.614286,25.67143,13.728572,72.828575,4.228572,2.4142857,4.3714285,5.8714285,23.1,0.00064620376,0.0032225847,-7.345365000000001e-25,1.1175871e-08,0.0,True
2016-06-13,59.3,3.7,15.742858,21.27143,9.814285,65.71429,3.7857144,1.2142857,3.8999999,5.2,21.171429,3.1635165e-05,0.0029340237,-7.345365000000001e-25,3.7252903e-09,0.0,True
2016-06-20,59.26,35.8,15.771429,20.0,11.028572,81.685715,2.9714286,1.9571428,2.9142857,5.9,19.414286,0.0004670322,0.0027162507,-7.345365000000001e-25,7.450581e-09,0.0,True
2016-06-27,59.31,26.0,20.885715,27.12857,14.528572,71.54286,4.7000003,3.0428574,4.6857142,5.7,23.957144,0.00033849478,0.002500698,-7.345365000000001e-25,1.4901161e-08,0.0,True
2016-07-04,59.33,8.5,17.042858,22.742859,11.042857,73.3,3.628571,2.3428571,3.5142858,5.4428573,20.671429,0.0001732558,0.002302289,-7.345365000000001e-25,7.450581e-09,0.0,True
2016-07-11,59.31,9.0,18.457144,23.928572,13.1285715,68.02857,4.142857,2.4571426,3.9714284,5.2285714,20.657143,9.858608e-05,0.0021370128,-7.345365000000001e-25,1.8626451e-08,0.0,True
2016-07-18,59.24,7.6000004,16.785715,21.385715,12.085715,75.37142,2.8714287,1.6857144,2.9428573,5.0571427,19.8,4.0873885e-05,0.0019820705,-7.345365000000001e-25,1.4901161e-08,0.0,True
2016-07-25,59.19,0.0,21.2,27.685715,14.214286,65.07143,4.285714,1.2857143,4.5285716,4.6285715,24.557142,3.1888485e-06,0.0018409193,-7.345365000000001e-25,7.450581e-09,0.0,True
2016-08-01,59.28,29.5,18.557144,23.514286,14.371429,78.22858,3.0,1.9142857,3.0714285,5.1714287,22.185715,0.00019097328,0.0016975403,-7.345365000000001e-25,1.3038516e-08,0.0,True
2016-08-08,59.3,14.0,17.314287,22.085714,12.314286,79.11428,2.7571428,2.114286,2.8857143,5.457143,19.785715,0.00010690093,0.0015942603,-7.345365000000001e-25,1.3038516e-08,0.0,True
2016-08-15,59.22,4.2,14.8714285,20.014286,9.928572,75.54286,2.4857142,1.6,2.7142856,4.9857144,18.214285,3.8199127e-05,0.0014936775,-7.345365000000001e-25,1.4901161e-08,0.0,True
2016-08-22,59.22,13.9,16.228573,22.600002,10.3714285,76.84286,2.5,1.4714286,2.8,4.6285715,19.642857,8.198619e-05,0.0014023036,-7.345365000000001e-25,1.1175871e-08,0.0,True
2016-08-29,59.21433390065052,5.9999995,21.071428,27.828571,14.842857,70.24286,3.4285715,1.5,3.7142856,4.385714,22.671429,1.5005469e-05,0.0013098568,-7.345365000000001e-25,2.0489097e-08,0.0,True
2016-09-05,59.23,8.2,17.0,23.257143,11.1285715,76.5,2.3999999,0.9285714,2.5571427,4.3,19.785715,8.378923e-05,0.0012208,-7.345365000000001e-25,7.450581e-09,0.0,True
2016-09-12,59.14,0.0,18.928572,26.47143,11.7,74.35714,2.5857143,1.1714286,2.9142857,4.3142858,21.057142,7.4505806e-08,0.0011479184,-7.345365000000001e-25,7.450581e-09,0.0,True
2016-09-19,59.1,0.0,18.642857,24.742857,12.957144,65.700005,2.442857,0.59999996,3.0,4.0,20.314285,2.8312206e-07,0.001071088,-7.345365000000001e-25,5.5879354e-09,0.0,True
2016-09-26,59.07,6.5,13.714286,20.571428,7.5428576,72.27143,1.7571429,0.3857143,1.8714286,3.942857,17.185715,4.053116e-06,0.0010078102,-7.345365000000001e-25,3.7252903e-09,0.0,True
2016-10-03,59.06,14.7,13.828572,18.942858,7.9857144,78.47143,1.3428571,0.4857143,1.6999999,4.0,15.642858,7.352233e-05,0.0009525344,-7.345365000000001e-25,7.450581e-09,0.0,True
2016-10-10,59.23,31.0,9.028571,12.057143,5.714286,87.828575,1.0000001,0.7428571,0.9285714,4.642857,10.571428,3.9756298e-05,0.000910528,-7.345365000000001e-25,1.1175871e-08,0.0,True
2016-10-17,59.18,3.7,7.1714287,8.657144,5.657143,90.01429,0.5142857,0.45714286,0.64285713,5.1714287,8.1,5.0097704e-05,0.0008757636,-7.345365000000001e-25,3.7252903e-09,0.0,True
2016-10-24,59.34,16.1,7.3285713,9.385715,5.2571425,94.0,0.35714287,0.34285712,0.44285712,5.785714,8.314285,0.00012920797,0.00084448606,-7.345365000000001e-25,0.0,0.0,True
2016-10-31,59.28793678416264,1.4000001,7.557143,10.67143,3.4285715,90.814285,0.42857146,0.35714287,0.5142857,5.957143,7.957143,1.0460615e-05,0.00081621855,-7.345365000000001e-25,3.7252903e-09,0.0,True
2016-11-07,59.31,15.400001,4.928571,7.428571,2.1857142,91.38572,0.47142857,0.45714283,0.37142858,6.257143,5.5,9.422004e-05,0.0007901415,-7.345365000000001e-25,1.8626451e-09,0.0,True
2016-11-14,59.38,3.2,-0.4857143,3.3285713,-3.414286,87.61428,0.25714287,0.21428572,0.18571429,6.7,1.0428572,5.225092e-05,0.0007671267,0.0010453009,0.00046185777,0.0015343502,True
2016-11-21,59.32,15.7,6.471429,9.857142,3.4714286,87.78571,0.45714283,0.44285712,0.5714286,7.142857,4.785714,0.00025249273,0.000747025,0.00022235939,0.0013539866,0.00025595725,True
2016-11-28,59.42,0.3,3.2428572,6.3428574,-0.08571434,90.15715,0.22857144,0.20000002,0.20000002,7.1857142,3.8714285,2.3543835e-06,0.0007304624,7.1071445e-06,2.4782494e-05,3.7964433e-05,True
2016-12-05,59.4,12.2,0.6571428,3.557143,-2.2,87.98572,0.34285712,0.32857138,0.32857147,7.4428573,1.3857143,9.8362565e-05,0.0007168129,4.7399885e-06,1.3686717e-05,2.7380884e-06,True
2016-12-12,59.43,27.9,4.928571,7.057143,2.6142857,89.828575,0.3857143,0.37142855,0.4,7.8714285,4.0285716,0.00025127828,0.00070556253,6.1307634e-07,2.514571e-06,0.0,True
2016-12-19,59.56,3.7,1.4857143,3.3571432,-1.1857141,93.12858,0.11428572,0.11428572,0.20000002,8.614285,1.2857143,4.5135617e-05,0.00069699436,7.669699e-05,0.00011479296,0.00017531961,True
2016-12-26,59.47,25.599998,3.2428572,5.3714285,0.65714294,92.0,0.40000004,0.40000004,0.3857143,8.8714285,2.5142858,0.0001654774,0.0006913692,7.7627956e-05,0.00040445663,0.00033238903,True
2017-01-02,59.59,4.3999996,2.4142857,4.471429,0.24285714,88.814285,0.28000003,0.28000003,0.34285715,9.42,2.4,2.4661422e-05,0.0006875694,0.00015926361,0.00024008006,0.0017032027,True
2017-01-09,59.53,14.1,-2.1714287,0.48571438,-4.914286,86.07143,0.24285714,0.24285714,0.3285714,9.771428,0.042857144,0.00021068752,0.000686422,0.0031666416,0.0012795348,0.0062083155,True
2017-01-16,59.56,15.299999,-0.9142857,1.4,-3.6714287,89.200005,0.22857143,0.22857143,0.2857143,10.028571,-0.21428572,6.6153705e-05,0.0006901249,0.011561019,0.0031218026,0.013872948,True
2017-01-23,59.5,0.1,-1.7571429,0.4142857,-4.0285716,91.88572,0.1,0.1,0.2,9.928572,-0.15714286,9.8362565e-05,0.00069765,0.014487085,0.005478192,0.0005233623,True
2017-01-30,59.46134514102955,12.700001,-0.7714286,1.6857144,-3.0000002,87.52857,0.24285714,0.24285714,0.24285714,9.8714285,-0.34285715,7.419288e-05,0.0007087365,0.010749624,0.0029508583,0.0077637434,False
2017-02-06,59.43,2.1000001,-0.17142859,0.8714286,-1.4857143,94.68572,0.15714286,0.15714286,0.22857143,10.114285,0.042857144,0.00023381412,0.00072357804,0.015426335,0.011021202,0.0043449923,True
2017-02-13,59.45,0.1,-3.6714287,-1.4571428,-5.657143,75.48572,0.014285714,0.014285714,0.62857145,10.028571,-1.3428571,1.4901161e-07,0.00074688345,0.008768076,0.0,0.0011734255,True
2017-02-20,59.36,6.5,2.4714284,7.0428576,-1.1999999,85.5,0.5428571,0.5428571,0.4857143,9.914286,0.67142856,0.00022998452,0.0007785335,0.0039442834,0.008568618,4.5448542e-07,True
2017-02-27,59.57,29.9,5.571429,8.428572,2.5714285,80.57143,1.1142858,1.1,0.9857143,10.457143,4.4714284,0.0007840097,0.00082427263,0.00022080967,0.0009448342,0.00076495484,True
2017-03-06,59.66,13.1,5.8142858,9.828572,1.9142858,78.28571,1.1,1.0857142,1.0571429,10.114285,5.2714286,0.0002747476,0.0009227395,1.286325e-05,8.282252e-05,5.327165e-05,True
2017-03-13,59.56,9.6,3.5857143,7.285714,0.41428572,84.328575,0.8,0.78571427,0.8,10.142858,4.3714285,0.00019733608,0.0010516867,9.302298e-05,0.00043464825,0.00044074655,True
2017-03-20,59.53,25.7,6.3428574,10.642858,2.357143,80.314285,1.2,1.1,1.1714286,10.071428,6.1571426,0.00049991906,0.001189515,0.00020737307,0.0019468646,0.0020089187,True
2017-03-27,59.7,2.8,6.2000003,11.828572,0.14285715,72.15714,1.6857144,1.5714284,1.5714285,10.114285,8.057143,7.2047114e-05,0.0013540238,1.48671015e-05,0.00014810264,0.0,True
2017-04-03,59.5,5.2000003,11.428572,16.857143,5.642857,76.77143,1.942857,1.6428573,1.8000001,9.357142,12.171429,4.9442053e-05,0.0015234798,-7.345365000000001e-25,3.874302e-07,0.0,True
2017-04-10,59.46,4.1,9.214286,13.914286,4.928571,76.457146,1.8000001,1.4428571,1.8857143,8.9,10.785714,1.1637807e-05,0.0016279742,-7.345365000000001e-25,3.7252903e-09,0.0,True
2017-04-17,59.59,31.7,6.5285716,10.171428,3.557143,80.057144,1.7142857,1.6285714,1.5142858,8.857142,8.342857,0.0004447624,0.0016803965,2.24227e-06,1.2654811e-05,1.6532838e-05,True
2017-04-24,59.49,10.9,5.2428575,9.757143,0.6571428,71.42857,1.9142857,1.6714286,1.8000001,8.714286,7.257143,0.00019035488,0.0017218664,1.7614591e-05,8.108467e-05,8.042157e-05,True
2017-05-01,59.46,7.2999997,6.471429,11.828572,0.5428571,71.314285,2.2857141,1.8428574,2.2714286,8.3,9.657143,0.0002449751,0.0017678812,2.429599e-06,2.1290034e-05,2.1211803e-05,True
2017-05-08,59.53,19.699999,9.428572,12.685715,6.571429,80.97143,1.7857143,1.5571429,1.8714286,8.171429,11.185715,0.00036469102,0.001817204,-7.345365000000001e-25,3.7252903e-09,0.0,True
2017-05-15,59.49,4.8,11.442857,16.942858,5.614286,75.88572,2.6714287,2.1999998,2.5142858,7.9,14.385715,0.0001746118,0.0018781871,-7.345365000000001e-25,3.7252903e-09,0.0,True
2017-05-22,59.4,2.4,16.77143,22.47143,9.771429,67.21429,3.8571432,2.414286,3.8285713,7.1285715,20.071428,2.810359e-05,0.001901567,-7.345365000000001e-25,3.7252903e-09,0.0,True
2017-05-29,59.3609165652587,3.3,17.057142,23.657145,10.014285,68.314285,4.0571427,2.057143,4.0,6.3142858,20.142857,3.6016107e-05,0.0018627793,-7.345365000000001e-25,3.7252903e-09,0.0,True
2017-06-05,59.37,33.6,15.971429,21.442858,9.414286,72.65714,3.5714285,2.2428572,3.5285716,6.1857142,19.857143,0.0001360327,0.0017906576,-7.345365000000001e-25,3.7252903e-09,0.0,True
2017-06-12,59.34,14.299999,17.114286,22.614286,12.028572,71.62858,4.1857142,2.9428573,3.957143,6.0571427,20.22857,0.00022748113,0.001719065,-7.345365000000001e-25,1.1175871e-08,0.0,True
2017-06-19,59.28,8.200001,17.328571,23.057144,11.114286,71.42857,3.9714284,1.7142856,3.9857142,5.4857144,20.9,0.00015734136,0.0016432554,-7.345365000000001e-25,7.450581e-09,0.0,True
2017-06-26,59.26,20.7,17.342857,22.071428,12.314286,76.0,3.5714285,2.0,3.2142856,5.6857142,20.742857,0.0005801767,0.0015683547,-7.345365000000001e-25,1.8626451e-08,0.0,True
2017-07-03,59.73,100.399994,16.014286,19.957144,11.442858,82.41429,2.7714286,2.3285713,2.6285713,8.014286,18.757143,0.0056207925,0.0024921894,-7.345365000000001e-25,1.4901161e-08,0.0,True
2017-07-10,59.59,14.0,17.228573,22.428572,12.357142,74.32857,3.357143,2.8999999,3.457143,8.442857,21.042856,0.0006466657,0.0014850199,-7.345365000000001e-25,1.4901161e-08,0.0,True
2017-07-17,59.46,15.6,15.871429,20.957144,10.671428,78.02857,3.0142858,2.6714287,3.0428574,8.6,19.914286,0.00071808696,0.0014704168,-7.345365000000001e-25,7.450581e-09,0.0,True
2017-07-24,59.38,26.3,18.857143,24.4,13.542857,78.22858,3.3285716,2.8999999,3.4428573,8.214286,22.528572,0.00022502244,0.0014736503,-7.345365000000001e-25,1.1175871e-08,0.0,True
2017-07-31,59.72126301649294,60.2,18.4,23.028574,14.2,80.98572,2.9714284,2.8,2.8,9.928572,20.4,0.005864486,0.002488166,-7.345365000000001e-25,1.4901161e-08,0.0,True
2017-08-07,59.69,2.9,18.857143,24.47143,13.800001,72.6,3.4142857,2.9285715,3.642857,8.785714,22.071428,0.0010486841,0.0017526522,-7.345365000000001e-25,7.450581e-09,0.0,True
2017-08-14,59.47,21.4,17.785715,22.071428,13.028572,74.5,2.9571426,2.4142857,3.1000001,8.157143,20.87143,9.484589e-05,0.0018651709,-7.345365000000001e-25,1.4901161e-08,0.0,True
2017-08-21,59.47,26.699999,17.47143,22.199999,12.6,80.557144,2.5857143,2.3285713,2.6571429,8.357142,20.185715,0.00033937395,0.001903072,-7.345365000000001e-25,1.6763806e-08,0.0,True
2017-08-28,59.49,0.8,15.828572,21.47143,9.871429,78.6,2.3428571,1.8571428,2.6142857,8.114285,19.37143,3.2387674e-05,0.0019018352,-7.345365000000001e-25,3.7252903e-09,0.0,True
2017-09-04,59.34,0.1,16.114286,22.314287,9.900001,75.41429,2.4,1.7857143,2.7428572,7.4142857,19.414286,3.427267e-05,0.0018731728,-7.345365000000001e-25,1.1175871e-08,0.0,True
2017-09-11,59.36,17.1,14.428572,18.857143,10.714286,81.85714,1.6142857,1.3571428,1.8000001,7.6285715,16.042856,0.0010421127,0.0018427745,-7.345365000000001e-25,1.8626451e-08,0.0,True
2017-09-18,59.39,5.7000003,11.757143,17.142857,7.2428575,80.75714,1.5571426,1.357143,1.7857143,7.6714287,13.914286,0.00010712445,0.0018182099,-7.345365000000001e-25,5.5879354e-09,0.0,True
2017-09-25,59.3,5.4,12.2,16.614286,7.871429,87.02857,1.0285715,0.8285714,1.1857144,7.4428573,14.614285,9.329617e-05,0.0017922595,-7.345365000000001e-25,5.5879354e-09,0.0,True
2017-10-02,59.3,12.8,13.571428,17.157145,10.514285,83.02857,1.1571428,0.92857134,1.4,7.3714285,14.928572,0.00021702051,0.0017701611,-7.345365000000001e-25,1.3038516e-08,0.0,True
2017-10-09,59.59,49.3,9.971429,13.342857,6.8428574,85.942856,0.9857144,0.9714286,0.9857143,9.1285715,10.742857,0.0020518303,0.0017592534,-7.345365000000001e-25,1.1175871e-08,0.0,True
2017-10-16,59.48,4.5,13.185715,16.628572,10.071428,86.457146,0.90000004,0.85714287,1.0285714,9.542857,13.114285,8.21054e-05,0.0018400401,-7.345365000000001e-25,1.6763806e-08,0.0,True
2017-10-23,59.44,9.3,11.814285,15.185715,9.142858,89.68572,0.62857145,0.5857143,0.6571428,9.342857,12.6,0.00025463104,0.0019475594,-7.345365000000001e-25,3.7252903e-09,0.0,True
2017-10-30,59.51474635773995,30.7,9.6285715,12.157144,7.042857,85.48572,0.94285715,0.94285715,0.81428576,9.9,9.728572,0.0008894652,0.0020612478,-7.345365000000001e-25,1.1175871e-08,0.0,True
2017-11-06,59.62,31.699999,7.8857145,10.5,4.857143,90.942856,0.51428574,0.51428574,0.41428572,10.314285,8.228572,0.0004286021,0.002275139,-7.345365000000001e-25,5.5879354e-09,0.0,True
2017-11-13,59.65,12.0,4.8285713,7.2285714,2.3428574,90.042854,0.37142858,0.37142858,0.35714287,10.2,5.257143,0.00016278028,0.0026203096,-7.345365000000001e-25,1.8626451e-09,0.0,True
2017-11-20,59.63,8.5,4.7428575,7.2000003,1.8857143,89.77143,0.41428572,0.41428572,0.35714287,10.157143,4.5285716,0.00012592226,0.0029752254,1.4191583e-06,6.1746687e-06,1.7724931e-05,True
2017-11-27,59.61,27.9,5.0142856,6.871429,2.457143,90.34286,0.31428576,0.31428576,0.4,10.571428,4.4857144,0.0011173785,0.0033070967,1.2954076e-05,5.876273e-05,5.7525933e-05,True
2017-12-04,59.62,5.6,1.8571428,3.7285714,-0.12857144,90.92857,0.27142859,0.27142859,0.27142859,10.385715,2.2,8.1032515e-05,0.003896229,0.0003420228,0.0007409379,0.0017954521,True
2017-12-11,59.61,14.9,3.4714284,5.2000003,1.3285714,86.1,0.4857143,0.4857143,0.5428571,10.285714,2.9,0.0002526343,0.0044714212,0.0008922021,0.0026481561,0.0050049387,True
2017-12-18,59.69,15.900001,1.3857144,3.2857144,-0.59999996,89.78571,0.31428573,0.31428573,0.25714287,10.557143,1.2,0.00025616586,0.0049275085,0.0036803824,0.005347738,0.0054494515,True
2017-12-25,59.56,1.9,5.2571425,7.014286,3.1000001,90.44286,0.2857143,0.2857143,0.47142857,10.257143,3.9142857,0.00010783225,0.0054159984,0.0012410652,0.0039779805,7.7836215e-05,True
2018-01-01,59.56,10.4,3.7000003,7.057143,0.14285712,84.3,0.33333334,0.33333334,0.5285714,10.166667,2.4166667,0.00021453202,0.005747542,6.360667e-05,0.0006335303,0.00062762946,True
2018-01-08,59.65,29.7,2.8,4.8428574,0.20000002,86.62858,0.45714286,0.45714286,0.3285714,10.8714285,2.8,0.00072490424,0.006598234,0.00069492206,0.004908107,0.004870631,True
2018-01-15,59.58,13.900001,0.21428572,1.6142857,-1.4428571,82.557144,0.24285714,0.24285714,0.55714285,10.428572,-0.042857144,0.00014998019,0.007305898,0.0002345017,6.714463e-05,0.0004836172,True
2018-01-22,59.67,17.5,0.7571429,1.9142857,-0.37142855,92.08572,0.25714287,0.25714287,0.29999998,10.614285,0.14285715,0.00019755214,0.007953577,0.0059062527,0.0027551055,0.011372924,True
2018-01-29,59.66554007930268,16.4,6.0,8.028571,3.7000003,90.41429,0.5428571,0.5428571,0.4857143,10.357142,4.457143,0.00054198503,0.008263439,0.0018255768,0.009346051,9.3095005e-06,True
2018-02-05,59.79,11.1,1.3142856,3.8,-1.8571428,86.34286,0.4,0.4,0.42857143,10.428572,2.0,0.00020436943,0.008801676,0.0003524224,0.00010552257,0.0010280795,True
2018-02-12,59.54,0.7,-2.8857143,1.2428571,-6.2571425,83.12858,0.21428572,0.21428572,0.3285714,10.228572,-0.34285715,1.2256205e-05,0.009344362,0.0012270893,0.00040772185,0.001737807,True
2018-02-19,59.45,1.4,0.30000004,3.857143,-2.3714287,83.15715,0.5,0.4714286,0.4714286,10.057143,0.64285713,5.199015e-05,0.00938639,0.0019556852,0.002090687,0.0015566908,True
2018-02-26,59.43,2.9,-3.1571429,0.24285719,-6.914286,76.22858,0.27142856,0.24285714,0.55714285,9.857142,0.3,7.763505e-06,0.009240583,0.0018290281,0.0003176201,0.0020898245,True
2018-03-05,59.35,1.0,-7.057143,-2.1857145,-11.571428,66.942856,0.17142858,0.15714286,0.6857143,9.971429,-2.0,1.8253922e-05,0.009009868,0.0036872057,0.0009420961,0.0015952587,True
2018-03-12,59.32,19.400002,3.6571429,7.2571435,-0.071428575,88.48572,0.7,0.7,0.7,10.228572,2.0428572,0.00047317147,0.008699536,0.002558623,0.00781939,0.0052840337,True
2018-03-19,59.54,4.2999997,0.30000004,3.1571429,-2.7000003,66.98571,0.51428574,0.51428574,1.2142857,10.471429,1.8714286,8.933246e-05,0.008407377,9.766647e-05,0.00016968139,0.00015930086,True
2018-03-26,59.44,10.8,1.5714285,5.8428574,-2.6857145,82.34286,0.9285714,0.88571423,0.9285714,10.114285,3.2857144,0.00015748292,0.008188553,0.002853087,0.006255312,0.007361237,True
2018-04-02,59.61,34.9,2.0142858,5.0142856,-0.6714286,82.14286,0.98571426,0.9714285,1.0285714,10.414286,3.3142858,0.000536561,0.0079368055,0.0062040375,0.010702297,0.022872142,True
2018-04-09,59.62,10.6,10.842857,17.47143,3.9,65.52857,2.7,2.4142857,2.6285713,10.142858,10.814285,0.0005791038,0.0078980625,0.0012398617,0.012904303,0.0,True
2018-04-16,59.5,7.5,11.6285715,17.142857,6.642857,79.22858,1.8714284,1.5714284,1.9714286,9.228572,12.185715,9.1552734e-05,0.007980406,-7.345365000000001e-25,2.5518239e-07,0.0,True
2018-04-23,59.44,0.8,14.957144,21.957144,6.8857145,67.21429,3.4714286,2.6714287,3.3428571,8.514286,17.342857,2.4795532e-05,0.0077655464,-7.345365000000001e-25,7.450581e-09,0.0,True
2018-04-30,59.4026693440526,8.5,12.014287,17.714285,6.1714287,73.14286,2.8142858,2.2571428,2.7,7.8285713,14.571428,0.0001526773,0.0074172467,-7.345365000000001e-25,7.450581e-09,0.0,True
2018-05-07,59.4,0.0,11.871429,18.27143,2.9714286,61.74286,3.4857142,1.9857142,3.3285713,7.0285716,15.714286,1.7881393e-07,0.006946251,-7.345365000000001e-25,0.0,0.0,True
2018-05-14,59.34,2.1,17.528572,23.642857,10.442857,64.52857,4.2000003,1.642857,4.0857143,6.3428574,19.585714,3.2514334e-05,0.00635536,-7.345365000000001e-25,3.7252903e-09,0.0,True
2018-05-21,59.31,2.3,14.900001,20.785715,8.171429,66.14286,3.6285713,1.0857142,3.6571429,5.9857144,18.828571,1.9550323e-05,0.005750507,-7.345365000000001e-25,7.450581e-09,0.0,True
2018-05-28,59.27,1.8000001,18.7,25.628572,11.257143,59.54286,4.8428574,0.88571435,4.8857145,5.6285715,21.8,3.1620264e-05,0.0051111653,-7.345365000000001e-25,7.450581e-09,0.0,True
2018-06-04,59.21,4.3,21.814287,27.657145,15.971429,66.314285,4.542857,1.1428572,4.928571,5.614286,24.171429,8.684397e-05,0.0044806153,-7.345365000000001e-25,7.450581e-09,0.0,True
2018-06-11,59.18,23.9,19.642857,26.600002,12.228572,56.37143,5.071429,1.3999999,5.214286,5.428571,23.714285,8.0123544e-05,0.0039332435,-7.345365000000001e-25,0.0,0.0,True
2018-06-18,59.23,0.3,17.428572,21.914288,12.742858,65.51429,3.7285712,0.9,3.5,5.257143,21.7,7.4505806e-06,0.0034677535,-7.345365000000001e-25,3.7252903e-09,0.0,True
2018-06-25,59.18,14.0,15.571428,21.028574,10.900001,74.34286,3.357143,1.4142857,3.1857142,5.3,18.928572,5.156547e-05,0.003094472,-7.345365000000001e-25,1.1175871e-08,0.0,True
2018-07-02,59.14,0.0,17.528572,24.214285,10.214286,61.857143,4.8142858,1.2142857,4.642857,4.957143,22.057142,4.0978193e-06,0.002770871,-7.345365000000001e-25,3.7252903e-09,0.0,True
2018-07-09,59.1,0.0,19.228573,26.585714,11.314286,58.57143,4.871429,0.61428565,5.0,4.6,22.985714,8.404255e-06,0.00243517,-7.345365000000001e-25,1.1175871e-08,0.0,True
2018-07-16,59.19,35.8,18.085714,23.614286,12.442857,73.22858,3.485714,2.2285714,3.5714285,5.8428574,21.87143,0.0002527386,0.002186194,-7.345365000000001e-25,1.1175871e-08,0.0,True
2018-07-23,59.1,0.4,20.542858,26.9,13.7,62.5,4.5142856,2.3285713,4.6142855,5.3285713,24.557142,1.7762184e-05,0.001970254,-7.345365000000001e-25,7.450581e-09,0.0,True
2018-07-30,59.10248330821726,7.8,24.285715,31.300001,17.1,61.785713,5.1714287,1.6857144,5.442857,4.7285714,27.257143,3.6507845e-06,0.0017577559,-7.345365000000001e-25,1.4901161e-08,0.0,True
2018-08-06,59.04,8.400001,23.442858,29.914288,16.84286,60.142857,4.8428574,1.0285715,4.7714286,4.428571,27.057142,2.2858381e-05,0.0015639365,-7.345365000000001e-25,7.450581e-09,0.0,True
2018-08-13,59.01,10.2,21.942858,29.257143,14.371429,56.414288,4.7714286,1.5857143,5.057143,4.4428573,24.185715,8.59797e-06,0.0013952479,-7.345365000000001e-25,9.313226e-09,0.0,True
2018-08-20,58.99,2.3,20.0,26.285715,13.957144,67.84286,3.5142858,0.9714286,3.8285713,4.2285714,23.314285,1.5154481e-05,0.0012584999,-7.345365000000001e-25,9.313226e-09,0.0,True
2018-08-27,58.96,8.5,17.342857,23.757143,10.957144,64.12858,3.114286,0.7571429,3.4428573,4.042857,20.814285,3.5330653e-05,0.0011403486,-7.345365000000001e-25,7.450581e-09,0.0,True
2018-09-03,58.97,7.2999997,16.928572,22.757143,11.114286,74.15714,2.3999999,0.90000004,2.7571428,4.2,19.328571,3.400445e-05,0.0010543466,-7.345365000000001e-25,1.8626451e-08,0.0,True
2018-09-10,58.94,0.8,17.37143,23.814287,11.928572,70.57143,2.3999999,0.6571428,2.6714287,4.0,20.157143,1.2412667e-05,0.0009773001,-7.345365000000001e-25,7.450581e-09,0.0,True
2018-09-17,58.92,1.4000001,15.814286,22.057144,10.5,71.65715,2.1285713,0.55714285,2.2428572,3.8857143,18.285715,1.1980534e-05,0.00091324,-7.345365000000001e-25,7.450581e-09,0.0,True
2018-09-24,58.92,14.5,15.214286,22.17143,9.542857,70.34286,2.357143,0.85714287,2.542857,4.0142856,16.828571,5.595386e-05,0.0008504391,-7.345365000000001e-25,9.313226e-09,0.0,True
2018-10-01,58.92,1.6,10.457144,16.342857,4.614286,69.957146,1.5,0.8571428,1.8142856,4.285714,12.485714,9.842217e-06,0.0008004084,-7.345365000000001e-25,3.7252903e-09,0.0,True
2018-10-08,58.97,10.8,10.242857,15.242858,5.0,79.77143,1.2,0.7571429,1.2714285,4.214286,11.657143,1.36345625e-05,0.00075950474,-7.345365000000001e-25,3.7252903e-09,0.0,True
2018-10-15,58.95,0.0,14.757143,21.97143,8.585714,68.77143,1.542857,0.54285717,1.8142856,3.9714286,14.3,1.4901161e-08,0.0007197708,-7.345365000000001e-25,9.313226e-09,0.0,True
2018-10-22,58.93,2.6999998,9.185715,15.585715,3.4428573,81.35714,0.78571427,0.21428572,0.7428571,3.8,11.314285,1.4662743e-05,0.0006826967,-7.345365000000001e-25,1.8626451e-09,0.0,True
2018-10-29,58.97504415208255,11.5,7.7000003,9.8714285,4.7285714,79.471436,0.9,0.6714286,1.0,4.2714286,7.742857,4.632026e-05,0.0006541386,-7.345365000000001e-25,5.5879354e-09,0.0,True
2018-11-05,58.99,0.8,8.114286,12.614286,3.7142856,83.71429,0.61428577,0.3857143,0.6857143,4.242857,8.042857,3.091991e-06,0.00062761456,-7.345365000000001e-25,3.7252903e-09,0.0,True
2018-11-12,58.97,5.9,8.785714,12.371429,5.657143,90.87144,0.37142864,0.24285714,0.32857147,4.214286,8.6,4.3332577e-05,0.0006038919,-7.345365000000001e-25,5.5879354e-09,0.0,True
2018-11-19,59.0,3.9,5.1285715,8.085714,2.1714287,86.44286,0.3857143,0.3,0.35714287,4.5,5.4,2.142787e-05,0.00058305264,-7.345365000000001e-25,1.8626451e-09,0.0,True
2018-11-26,58.99,1.8,1.2571429,2.6000001,-0.55714285,87.67143,0.22857144,0.15714288,0.45714286,4.5,1.6571429,2.2567809e-05,0.00056353956,7.723627e-05,9.1355294e-05,0.00015075132,True
2018-12-03,59.0,7.5,2.6857142,5.085714,0.20000002,83.5,0.34285715,0.2857143,0.5,4.5857143,1.9571428,3.3833086e-05,0.000545688,4.8489797e-05,6.900355e-05,2.3093075e-05,True
2018-12-10,59.03,20.0,5.428571,7.9714284,3.3285716,85.14286,0.5714286,0.5714286,0.54285717,5.242857,4.614286,0.0002566874,0.0005291179,1.3113022e-06,1.12093985e-05,9.559095e-06,True
2018-12-17,59.17,7.2,0.7285714,1.7142857,-0.5714286,88.15715,0.20000002,0.20000002,0.3,5.8,1.2714286,2.8721988e-05,0.0005142912,0.0002564362,5.0626695e-06,0.0007572882,True
2018-12-24,59.19,13.9,3.414286,5.7285714,1.4428571,91.85714,0.22857141,0.22857141,0.34285715,6.1857142,2.2285714,0.00017379224,0.0005016476,0.0002446118,0.00076743774,0.00020805001,True
2018-12-31,59.30732453923818,13.500001,5.557143,7.014286,3.7285714,91.471436,0.32857147,0.31428573,0.42857143,6.6857142,4.6714287,0.00011187047,0.0004909858,2.636796e-05,0.00020455383,0.0,True
2019-01-07,59.33,11.1,2.642857,5.057143,-0.5857143,84.85714,0.51428574,0.47142857,0.5142857,6.8285713,2.2428572,6.556511e-05,0.00048222393,5.1719802e-05,0.0001561474,0.00017166883,True
2019-01-14,59.36,28.7,2.9142857,4.7000003,1.2,86.64286,0.5857143,0.5714286,0.5285714,7.6857142,2.4714286,0.00033243746,0.0004754141,0.001921018,0.0052026715,0.005479958,True
2019-01-21,59.55,10.3,0.7,2.5,-2.0285716,87.35714,0.35714287,0.35714287,0.41428572,8.1285715,1.6,0.00016075373,0.00047109276,0.000878879,0.002313977,0.0037790574,True
2019-01-28,59.47,7.6000004,-1.7,0.18571432,-3.557143,86.72858,0.114285715,0.114285715,0.2857143,8.228572,-0.8857143,0.0001713112,0.00046957284,0.0023331018,0.0030081496,0.0027927347,True
2019-02-04,59.41,4.7999997,-0.042857144,1.7714285,-2.3285713,88.0,0.3,0.2857143,0.35714287,8.485714,0.028571429,3.772974e-05,0.00046976656,0.0040305285,0.0021013916,0.006292142,True
2019-02-11,59.4,13.2,4.042857,6.471429,1.8000001,79.72858,0.85714287,0.8142857,0.87142855,8.571428,2.4142857,0.0003670752,0.0004722029,0.0018935261,0.006294826,0.00096913055,True
2019-02-18,59.43,0.4,4.6,10.7,-0.22857144,79.314285,0.90000004,0.8142857,0.74285716,8.7,4.542857,8.605421e-06,0.00047988445,5.31049e-05,0.00022488832,9.536743e-07,True
2019-02-25,59.39,4.5,4.2285714,9.657143,-0.24285711,73.04286,1.0428572,0.94285715,0.9714286,8.5,4.457143,7.459521e-05,0.00049277395,5.506334e-07,2.861023e-06,5.1036477e-07,True
2019-03-04,59.35,6.6000004,5.6,9.957144,1.6571429,79.08572,1.0428572,0.90000004,1.0,8.242857,5.4142857,5.763024e-05,0.000505805,-7.345365000000001e-25,2.0675361e-07,0.0,True
2019-03-11,59.37,17.2,5.585714,9.242858,1.6428572,77.814285,1.457143,1.4000002,1.2857143,8.428572,5.3285713,0.00028366596,0.0005181059,0.00026689825,0.0006042216,0.0034037307,True
2019-03-18,59.51,21.699999,5.6857142,8.785715,3.114286,78.57143,1.3857142,1.3714285,1.2714285,9.0,5.257143,0.00040610135,0.00053326786,0.0005371457,0.0027121026,0.0,True
2019-03-25,59.48,2.3,6.5428576,10.814286,2.2,80.27143,1.1571429,1.0571429,1.2142857,8.828571,7.2714286,5.298853e-05,0.00056438893,7.1781025e-05,0.0004085023,0.00092243403,True
2019-04-01,59.39,2.7,6.9857144,11.257143,1.4857142,77.65715,1.4999999,1.2571429,1.4285715,8.485714,8.1,2.5838614e-05,0.0006008968,8.932749e-05,0.0005094558,0.0,True
2019-04-08,59.35,0.0,11.442858,17.914288,5.014286,58.25714,2.7142856,2.0285714,2.9285715,7.5857143,12.414286,4.4703484e-07,0.00062613934,-7.345365000000001e-25,3.7625432e-07,0.0,True
2019-04-15,59.31,0.7,4.114286,8.528571,0.114285745,68.02857,1.6857141,1.2142857,1.7285715,6.885714,7.5571427,3.273785e-05,0.0006389171,2.8383165e-05,0.00012335926,0.00014420599,True
2019-04-22,59.3,0.0,11.214286,19.085714,1.9428571,49.528572,3.5,1.7428572,3.5142858,6.142857,12.542857,2.1606684e-07,0.00064057857,1.7881393e-06,1.31726265e-05,0.0,True
2019-04-29,59.27177973429848,11.3,13.814286,19.600002,8.900001,66.74286,3.2857144,1.5714285,3.3285713,5.7,15.385715,0.000225842,0.0006283298,-7.345365000000001e-25,3.7252903e-09,0.0,True
2019-05-06,59.3,3.6,8.171429,13.428572,2.2857144,66.01429,2.5142858,1.2142857,2.5571427,5.5285716,11.542857,5.2899122e-05,0.00061672926,-7.345365000000001e-25,0.0,0.0,True
2019-05-13,59.28,5.0,9.8,15.514285,2.5571427,65.47143,2.9142857,1.2142857,2.8142858,5.3142858,13.028571,0.00014479458,0.00060438365,-7.345365000000001e-25,0.0,0.0,True
2019-05-20,59.25,21.800001,12.942858,18.62857,7.157143,71.814285,2.8142858,1.4285715,3.0,5.4142857,15.185715,0.00030308962,0.0005904883,-7.345365000000001e-25,7.450581e-09,0.0,True
2019-05-27,59.35,1.5,14.685715,19.685715,9.028571,71.4,3.0857143,1.8142856,3.0571427,5.428571,17.457144,4.336238e-05,0.0005765259,-7.345365000000001e-25,7.450581e-09,0.0,True
2019-06-03,59.25,5.4,17.314287,24.228573,9.357142,64.38572,4.2285714,1.5857142,4.2714286,4.9714284,20.142857,3.390014e-05,0.00056014955,-7.345365000000001e-25,7.450581e-09,0.0,True
2019-06-10,59.25,25.1,20.100002,26.642857,13.042857,63.67143,4.628571,2.142857,4.8428574,4.9142857,22.928572,0.0006618947,0.00053621083,-7.345365000000001e-25,1.1175871e-08,0.0,True
2019-06-17,59.53,76.2,20.671429,27.0,14.371429,70.457146,4.4999995,3.6,4.6285715,6.042857,23.857143,0.0001398921,0.0005139932,-7.345365000000001e-25,1.1175871e-08,0.0,True
2019-06-24,59.37,12.099999,20.628572,26.300001,14.242858,61.557148,5.2999997,3.0714288,5.085714,5.285714,24.785715,6.508827e-05,0.00049041957,-7.345365000000001e-25,7.450581e-09,0.0,True
2019-07-01,59.24,0.0,21.957144,29.77143,13.457144,57.285713,6.3142858,1.6285715,6.0142856,4.428571,25.757143,3.1292439e-06,0.00046315044,-7.345365000000001e-25,1.1175871e-08,0.0,True
2019-07-08,59.2,8.4,14.885715,18.97143,10.2,66.957146,3.4428573,0.9857143,3.1000001,4.142857,18.885714,4.6119094e-05,0.0004401654,-7.345365000000001e-25,1.4901161e-08,0.0,True
2019-07-15,59.16,3.7,16.542858,21.628572,11.400001,70.12858,3.357143,0.90000004,3.5714285,4.1285715,20.342857,5.3182244e-05,0.00042311102,-7.345365000000001e-25,3.7252903e-09,0.0,True
2019-07-22,59.23,16.3,18.685715,25.014286,12.17143,69.08572,3.757143,1.6571429,3.857143,4.214286,22.014286,4.759431e-05,0.0004047379,-7.345365000000001e-25,1.4901161e-08,0.0,True
2019-07-29,59.13640431701874,3.2,23.17143,30.228573,16.514286,63.957146,4.9857144,1.3571428,5.1714287,3.8857143,25.857143,9.089708e-06,0.00038260967,-7.345365000000001e-25,1.8626451e-08,0.0,True
2019-08-05,59.18,21.0,18.728573,23.9,13.900001,79.07143,2.8142858,1.8142856,2.7857144,4.6857142,22.471428,0.00026105344,0.00036314875,-7.345365000000001e-25,1.1175871e-08,0.0,True
2019-08-12,59.2,14.7,19.885714,25.857143,14.042857,67.47143,3.8142855,2.3142855,3.8714283,4.4142857,22.642857,0.00011485815,0.0003482774,-7.345365000000001e-25,1.1175871e-08,0.0,True
2019-08-19,59.16,5.5,17.1,22.642857,11.6285715,72.557144,2.642857,1.4285715,2.7285714,4.0571427,19.528572,8.8214874e-05,0.0003341809,-7.345365000000001e-25,7.450581e-09,0.0,True
2019-08-26,59.12,0.0,20.028574,27.614286,11.8714285,59.8,3.757143,1.2,4.042857,3.7285714,22.142857,1.1920929e-06,0.00032062829,-7.345365000000001e-25,5.5879354e-09,0.0,True
2019-09-02,59.06,7.8,22.257143,29.185715,15.428572,64.22857,3.4857144,1.0714285,3.6857142,3.7428572,24.12857,1.8298626e-05,0.00030422956,-7.345365000000001e-25,7.450581e-09,0.0,True
2019-09-09,59.04,11.4,14.6285715,20.0,9.385715,72.942856,2.042857,0.7,2.2285714,3.6857142,17.785715,9.377301e-05,0.00029172748,-7.345365000000001e-25,3.7252903e-09,0.0,True
2019-09-16,59.08,3.9,14.428572,20.17143,8.928572,72.22857,2.085714,1.5000001,2.3142858,4.4714284,16.22857,4.734099e-05,0.0002823472,-7.345365000000001e-25,1.1175871e-08,0.0,True
2019-09-23,59.09,8.9,12.471429,18.47143,6.514286,72.6,1.7285715,1.1,1.8857143,4.257143,13.957143,3.2186508e-05,0.00027345866,-7.345365000000001e-25,3.7252903e-09,0.0,True
2019-09-30,59.132891141176366,38.6,14.042857,16.914286,11.385715,88.84286,1.1142857,0.9428571,1.1142857,4.6285715,15.285714,0.00109905,0.0002656877,-7.345365000000001e-25,5.5879354e-09,0.0,False
2019-10-07,59.22,29.0,8.171429,12.757143,4.2285714,85.6,0.9142858,0.90000004,0.9285714,6.7714286,9.9,0.0010006428,0.0002606511,-7.345365000000001e-25,3.7252903e-09,0.0,True
2019-10-14,59.45,9.2,12.942858,16.614286,8.928572,82.64286,1.0714285,1.0,1.1142857,7.1857142,12.271428,0.0001431629,0.00025722384,-7.345365000000001e-25,1.3038516e-08,0.0,True
2019-10-21,59.34,23.0,12.885715,16.942858,8.9,88.957146,0.78571427,0.7428571,0.7714286,7.6714287,13.285714,0.000289917,0.0002548471,-7.345365000000001e-25,7.450581e-09,0.0,True
2019-10-28,59.38,2.0,11.071428,15.214286,6.914286,85.24286,0.7714286,0.7285714,0.87142855,7.6714287,11.542857,1.23381615e-05,0.00025377423,-7.345365000000001e-25,7.450581e-09,0.0,True
2019-11-04,59.3,24.099998,5.428571,10.042857,1.6714287,90.12858,0.4714286,0.45714286,0.3285714,7.8285713,6.757143,0.00029027462,0.0002535656,-7.345365000000001e-25,2.4214387e-07,2.30968e-07,True
2019-11-11,59.47,11.7,5.928571,7.6,3.5714285,94.51429,0.27142859,0.25714287,0.25714287,9.114285,6.6571426,0.0001924038,0.00025541335,-7.345365000000001e-25,1.8626451e-09,0.0,True
2019-11-18,59.39,3.9,4.857143,7.8142858,1.6428572,90.12858,0.31428573,0.3,0.3857143,8.914286,4.8142858,8.785725e-05,0.00026068836,-7.345365000000001e-25,0.0,0.0,True
2019-11-25,59.49,17.800001,5.4857144,6.7000003,4.0285716,92.34286,0.22857144,0.22857144,0.4,9.242857,5.385714,0.00014944375,0.00026853383,-7.345365000000001e-25,0.0,0.0,True
2019-12-02,59.48,10.3,4.0857143,6.371429,1.7285715,90.471436,0.34285712,0.34285712,0.34285715,9.314285,3.8142858,8.2068145e-05,0.00027947873,1.2261527e-06,4.7739595e-06,1.43274665e-05,True
2019-12-09,59.53,13.2,4.042857,6.4428573,1.2285715,89.47143,0.42857143,0.41428572,0.37142858,9.4,3.6714287,0.00013898313,0.00029289722,2.6793707e-06,1.1302531e-05,1.1958182e-06,True
2019-12-16,59.55,13.6,2.6571429,4.7571435,0.55714285,88.07143,0.34285715,0.34285715,0.37142858,9.614285,2.0428572,0.00025731325,0.00030890852,0.0007485549,0.0025798231,0.0026711263,True
2019-12-23,59.46,2.6999998,5.428571,8.571428,1.7428572,91.08571,0.27142856,0.27142856,0.27142859,9.514286,4.4857144,7.2449446e-05,0.00033153594,1.8386614e-05,0.00016709603,0.0,True
2019-12-30,59.45989468433287,4.3,2.6857142,4.4714284,0.44285712,83.67143,0.32857147,0.32857147,0.5142857,9.585714,2.4,8.486956e-05,0.00036004186,3.5478956e-06,6.444752e-07,8.925796e-06,True
2020-01-06,59.37,10.4,2.457143,4.9857144,-0.64285713,88.07143,0.4,0.4,0.32857147,9.5,2.7,0.00017486513,0.00039123,1.8903187e-06,8.650124e-06,1.6018748e-06,True
2020-01-13,59.42,10.3,5.414286,7.514286,2.642857,90.38572,0.4,0.4,0.3857143,9.842857,4.571429,0.00021366775,0.00042627752,-7.345365000000001e-25,2.2724271e-07,0.0,True
2020-01-20,59.47,0.70000005,4.828572,7.8142858,1.7714287,84.314285,0.59999996,0.55714285,0.5142857,9.614285,4.0857143,2.874434e-05,0.0004714206,-7.345365000000001e-25,1.8626451e-09,0.0,True
2020-01-27,59.38,5.0,2.057143,4.3,-0.6,92.37144,0.2857143,0.25714287,0.2857143,9.442857,2.3285713,4.017353e-05,0.0005177185,6.8687257e-07,1.9483268e-06,3.2782555e-06,True
2020-02-03,59.62,29.300001,6.4428573,8.528571,3.7857144,87.61428,0.7857142,0.7857142,0.5714286,10.028571,5.3142858,0.00055381656,0.0005645007,0.00047440757,0.003219897,0.0031101927,True
2020-02-10,59.49,16.7,5.1285715,8.085714,2.5142858,81.48572,0.9142857,0.9142857,0.7714286,10.0,4.5142856,0.0002707243,0.0006405264,1.4623006e-05,5.7548285e-05,5.6039542e-05,True
2020-02-17,59.51,7.8999996,5.4,8.1,2.7857144,77.72858,1.1285714,1.1142857,1.0857143,10.257143,4.357143,0.0002360493,0.00073878467,0.00039006982,0.0013123788,0.0014111474,True
2020-02-24,59.61,34.4,5.3285713,7.542857,2.614286,81.11428,1.0714285,1.0714285,0.9571429,10.085714,4.857143,0.0006176084,0.0008589402,1.9493556e-05,9.106286e-05,0.00086498633,True
2020-03-02,59.63,10.7,4.5,8.042857,1.3142856,80.942856,1.0142857,1.0142857,0.9,10.328571,4.4,0.00043471158,0.0010470822,0.0008027667,0.0051538404,0.00459468,True
2020-03-09,59.6,11.1,4.071429,7.785714,0.42857143,86.67143,0.7428571,0.7428571,0.71428573,10.157143,4.5142856,0.00029855967,0.0013324916,8.805025e-05,0.0003616307,5.703792e-05,True
2020-03-16,59.6,20.3,6.1285715,10.857142,1.4428571,71.02857,1.6999999,1.6285715,1.5714285,10.2,6.114286,0.00040462613,0.001686886,5.449568e-07,5.3737313e-06,0.0,True
2020-03-23,59.46,0.5,5.2000003,9.871429,0.10000004,67.27143,1.5428572,1.2857144,1.5,9.457143,7.1857142,9.864569e-06,0.0020560995,8.287884e-07,2.6077032e-07,2.7380884e-06,True
2020-03-30,59.403993814233054,6.6,3.4857142,9.214286,-2.3142858,58.985718,1.8857143,1.4857143,1.8285714,8.771428,5.8714285,5.8457255e-05,0.0022686943,0.00015214512,0.00039011985,0.001873184,True
2020-04-06,59.43,0.8,5.9000006,11.657144,-0.114285745,62.142857,2.2714286,1.7428572,2.1857142,8.214286,7.1571426,4.129857e-05,0.002352953,0.00050373306,0.0016697738,0.00031571835,True
2020-04-13,59.38,0.4,9.514285,16.928572,0.7571429,58.18572,2.9857142,1.9285715,2.8,7.2285714,12.542857,4.604459e-06,0.002343528,3.803344e-07,4.319474e-06,0.0,True
2020-04-20,59.35,0.0,8.328572,14.428572,1.6285714,54.87143,3.042857,1.1999999,2.9428573,6.5285716,11.6285715,1.937151e-07,0.0022917762,-7.345365000000001e-25,0.0,0.0,True
2020-04-27,59.32,0.2,11.114286,18.342855,2.857143,57.085716,3.3999999,0.78571427,3.242857,6.042857,14.228572,5.096197e-06,0.0022104606,-7.345365000000001e-25,0.0,0.0,True
2020-05-04,59.38,19.5,10.514285,15.585715,5.642857,77.47143,2.2714286,1.2,2.1142857,6.1714287,13.5,0.000111311674,0.0021277443,-7.345365000000001e-25,0.0,0.0,True
2020-05-11,59.34,4.2000003,10.985715,17.27143,3.7571428,64.74286,3.2428572,1.2428571,3.0714285,5.9428573,14.557143,5.0634146e-05,0.0020415038,-7.345365000000001e-25,0.0,0.0,True
2020-05-18,59.32,3.7,9.928572,15.3,3.557143,63.04286,2.8857143,1.2142856,2.8714287,5.8285713,12.814285,4.120171e-05,0.0019413754,-7.345365000000001e-25,0.0,0.0,True
2020-05-25,59.29,11.3,13.042857,18.528574,5.7714286,68.37143,3.1714284,1.1142857,3.042857,5.6,16.142857,8.1047416e-05,0.0018390939,-7.345365000000001e-25,3.7252903e-09,0.0,True
2020-06-01,59.26,0.0,14.271429,20.600002,6.7428575,60.285713,4.1142855,0.92857134,4.2,5.4142857,18.457144,8.068979e-06,0.0017319918,-7.345365000000001e-25,0.0,0.0,True
2020-06-08,59.26,14.200001,15.071428,21.4,8.057143,65.08572,3.8142858,1.5285715,3.8142858,5.457143,18.757143,0.00015393645,0.0016045347,-7.345365000000001e-25,3.7252903e-09,0.0,True
2020-06-15,59.31,27.4,17.5,24.028574,12.1285715,73.9,3.5,1.5714285,3.7285714,5.5571427,20.557142,8.1673265e-05,0.0014992505,-7.345365000000001e-25,1.8626451e-08,0.0,True
2020-06-22,59.38,25.699999,18.085714,23.014286,12.385715,72.442856,3.6714287,2.0714285,3.5285716,5.8428574,21.528572,0.00015723705,0.0013922527,-7.345365000000001e-25,7.450581e-09,0.0,True
2020-06-29,59.27691606239736,22.0,20.157145,26.585714,13.428572,68.942856,4.514286,2.4285715,4.4857144,5.6571426,23.985714,2.8982759e-05,0.0012963414,-7.345365000000001e-25,1.1175871e-08,0.0,True
2020-07-06,59.28,14.3,17.77143,22.085714,13.471429,72.85714,3.7142856,2.1,3.2571428,5.3,20.72857,0.00011847913,0.0012081861,-7.345365000000001e-25,1.8626451e-08,0.0,True
2020-07-13,59.25,17.1,14.742857,20.34286,9.457143,75.88572,3.1142857,2.0,2.9714284,5.457143,18.071428,0.0002778396,0.0011388958,-7.345365000000001e-25,3.7252903e-09,0.0,True
2020-07-20,59.28,14.1,17.785715,23.214285,11.1,75.84286,3.5142856,2.2571428,3.2714286,5.357143,21.685715,0.00016889721,0.0010739863,-7.345365000000001e-25,1.4901161e-08,0.0,True
2020-07-27,59.24,3.6,17.1,23.085714,11.057143,70.48572,3.4714286,1.6857141,3.3142858,4.9,21.1,3.874302e-05,0.0010130256,-7.345365000000001e-25,7.450581e-09,0.0,True
2020-08-03,59.17,3.9,18.028572,23.985716,11.271429,67.52857,3.742857,1.4714285,3.6857142,4.6571426,21.514286,2.8118491e-05,0.0009531602,-7.345365000000001e-25,3.7252903e-09,0.0,True
2020-08-10,59.13,4.8,22.300001,30.5,14.242858,61.0,4.5000005,1.3285713,4.7000003,4.4142857,24.671429,2.3886561e-05,0.000890553,-7.345365000000001e-25,0.0,0.0,True
2020-08-17,59.09,0.0,23.128572,30.557144,15.614286,55.342857,4.4857144,0.8142857,5.0142856,4.071429,25.342857,1.2755394e-05,0.0008240342,-7.345365000000001e-25,1.4901161e-08,0.0,True
2020-08-24,59.06,7.9,20.67143,26.728573,15.271429,71.700005,2.9857144,1.3285714,3.1142857,4.4,23.085714,6.648153e-05,0.0007676035,-7.345365000000001e-25,9.313226e-09,0.0,True
2020-08-31,59.09915522294933,27.5,16.057142,20.457144,11.3,79.24286,2.2857146,1.742857,2.2142856,5.457143,18.642857,0.00014355779,0.00072844326,-7.345365000000001e-25,1.1175871e-08,0.0,True
2020-09-07,59.13,12.700001,14.728572,19.514286,10.757143,80.28571,2.0285714,1.8000001,2.0571427,5.957143,17.357143,0.00015641749,0.00069470704,-7.345365000000001e-25,9.313226e-09,0.0,True
2020-09-14,59.14,3.6,16.085714,22.642857,9.8,75.71429,2.1571429,1.557143,2.2857144,5.5285716,17.785715,1.475215e-05,0.00066476315,-7.345365000000001e-25,1.1175871e-08,0.0,True
2020-09-21,59.11,0.0,15.028572,23.242859,6.8428574,68.07143,2.2714286,1.1714286,2.3428571,4.857143,18.62857,2.2351742e-07,0.0006318763,-7.345365000000001e-25,5.5879354e-09,0.0,True
2020-09-28,59.06,48.899998,13.057143,18.514286,8.2,82.02857,1.3571428,0.78571427,1.3714286,5.6285715,15.171429,0.0005233437,0.0006035194,-7.345365000000001e-25,3.7252903e-09,0.0,True
2020-10-05,59.28,1.4000001,12.914286,17.828571,8.614286,84.8,1.0142858,0.8428572,1.1428572,6.5857143,14.557143,1.9207597e-05,0.00058399886,-7.345365000000001e-25,9.313226e-09,0.0,True
2020-10-12,59.19,12.400001,10.142858,13.471429,6.2000003,87.971436,0.7571429,0.7285714,0.82857144,6.8142858,11.385715,7.8603625e-05,0.00056742877,-7.345365000000001e-25,9.313226e-09,0.0,True
2020-10-19,59.26,16.3,8.2,11.314286,5.2000003,88.51429,0.7285714,0.6857143,0.62857145,7.5285716,9.171429,0.00015957654,0.0005540252,-7.345365000000001e-25,7.450581e-09,0.0,True
2020-10-26,59.3,17.6,11.528572,14.514287,8.614285,87.88572,0.74285716,0.7,0.7571429,7.757143,11.3,0.00016127527,0.00054267794,-7.345365000000001e-25,1.1175871e-08,0.0,True
2020-11-02,59.45,22.1,11.514287,14.142858,8.942858,90.04286,0.7285715,0.71428573,0.59999996,8.457143,11.114285,0.00021797419,0.0005334839,-7.345365000000001e-25,1.4901161e-08,0.0,True
2020-11-09,59.36,0.5,7.1,9.985715,4.0857143,90.17143,0.3857143,0.37142858,0.3857143,8.8,8.114285,7.227063e-06,0.000526689,-7.345365000000001e-25,5.5879354e-09,0.0,True
2020-11-16,59.31,1.3000001,7.642857,10.085715,5.571429,89.8,0.37142855,0.35714287,0.4,8.7,7.4428573,4.1022897e-05,0.0005218908,-7.345365000000001e-25,1.8626451e-09,0.0,True
2020-11-23,59.28,3.0,6.514286,9.185715,3.1285717,86.64286,0.47142857,0.45714286,0.5,8.642858,6.285714,3.424287e-05,0.0005180836,-7.345365000000001e-25,3.7252903e-09,0.0,True
2020-11-30,59.27633142763237,1.1,2.6000001,4.8857145,-0.05714285,93.44286,0.17142858,0.12857142,0.20000002,8.6,2.9571428,4.976988e-06,0.0005149171,2.6509874e-06,6.854534e-07,3.4421682e-05,True
2020-12-07,59.25,0.1,2.142857,4.4714284,-0.18571427,86.5,0.21428572,0.18571427,0.35714287,8.585714,1.6142857,3.1918287e-05,0.0005123317,0.0001766341,0.00035955384,0.0003390126,True
2020-12-14,59.25,0.2,1.4428571,2.7714286,0.21428573,93.07143,0.12857144,0.114285715,0.24285714,8.5,1.4571428,4.476309e-05,0.0005101189,0.00013757887,0.000233775,0.00028870255,True
2020-12-21,59.23,14.099999,4.642857,6.8,2.3142858,91.58572,0.21428573,0.18571429,0.114285715,8.657143,3.8285713,8.961558e-05,0.00050831586,1.2761071e-05,8.130632e-05,0.0,True
2020-12-28,59.31,43.6,3.357143,5.8428574,0.90000004,86.58572,0.3571429,0.3571429,0.44285718,10.028571,2.9285715,0.00055742264,0.000508368,0.00015240056,0.00019933283,0.0010884255,True
2021-01-04,59.55,14.3,1.4142858,2.642857,0.18571429,93.15715,0.23333333,0.23333333,0.18571429,9.933333,1.5,0.00016263872,0.00051703304,0.0037572498,0.005622873,0.01381617,True
2021-01-11,59.64,15.299999,0.81428576,1.9714286,-0.25714287,94.98572,0.17142858,0.17142858,0.22857143,10.285714,0.87142855,0.00028659403,0.00053459406,0.0087509155,0.008386606,0.007411916,True
2021-01-18,59.71,19.1,-0.7428571,1.2714285,-3.042857,88.5,0.17142858,0.17142858,0.2857143,10.3714285,0.31428573,0.0002925843,0.00057222694,0.010821609,0.005113136,0.011662554,True
2021-01-25,59.73,14.6,2.7714288,5.3857145,0.18571426,88.64286,0.49999997,0.49999997,0.5142857,10.414286,1.6142857,0.0009890944,0.0006673187,0.0040258113,0.018854547,0.005306367,True
2021-02-01,59.49,3.1999998,-1.6714286,1.0857142,-5.2285714,85.557144,0.21428573,0.21428573,0.27142859,10.214286,0.2857143,1.283735e-05,0.00082754344,0.0033763137,0.00032517128,0.0054990463,True
2021-02-08,59.51,24.4,-2.5,-1.2428572,-3.7428572,78.52857,0.114285715,0.114285715,0.5714286,10.528571,-0.25714287,0.00016281754,0.000978522,0.009977636,0.00092601776,0.010091357,True
2021-02-15,59.36,9.5,-6.957143,-2.3428571,-12.271429,84.27143,0.028571429,0.028571429,0.27142859,10.428572,-0.62857145,8.34465e-07,0.0011129379,0.0144832535,3.682077e-05,0.0091546215,True
2021-02-22,59.6,8.8,4.3857145,9.3714285,0.014285694,87.88572,0.81428576,0.8000001,0.55714285,10.3714285,2.6,0.0009203404,0.0012495369,0.0061339764,0.022216827,0.0007550083,True
2021-03-01,59.53,1.7,6.6285715,12.185715,1.6571428,84.457146,1.0142857,0.88571423,0.8428572,9.828571,6.6,1.1689961e-05,0.0014802665,2.141226e-05,0.0001779329,0.0,True
2021-03-08,59.44,1.0,2.0714285,7.2571435,-2.357143,79.700005,0.84285724,0.71428573,0.82857144,9.542857,3.5,3.3706427e-05,0.0016765893,8.929911e-05,0.00013717264,0.0002429448,True
2021-03-15,59.54,25.6,3.7857144,7.971429,0.27142859,76.057144,1.3142856,1.2285715,1.0857142,9.785714,4.428571,0.00041016936,0.0018090159,0.00030195713,0.002540877,0.0024328232,True
2021-03-22,59.52,5.2000003,2.4428573,6.8428574,-1.7428571,76.38572,1.1428572,1.0857142,1.1,10.0,4.0,7.50646e-05,0.0019338056,0.0001919156,0.0004990678,0.00064948946,True
2021-03-29,59.50225643194143,5.2,7.142857,12.285714,2.2571428,79.78571,1.5,1.3428571,1.3428571,9.528571,7.857143,0.0001718998,0.0020557642,2.179827e-05,0.00013206899,0.0,True
2021-04-05,59.44,7.0,6.9857144,13.157144,0.5,73.57143,1.9142855,1.6,1.7428571,8.914286,9.042857,8.98391e-05,0.00213328,4.688331e-05,2.1591783e-05,0.0010202229,True
2021-04-12,59.5,13.6,4.7000003,9.300001,0.88571435,75.91429,1.6714286,1.5285714,1.5428572,8.757143,6.4,0.00029824674,0.0021778643,0.00046248664,0.0013671424,0.00050871447,True
2021-04-19,59.44,2.1999998,5.928571,11.314285,1.6571429,72.74286,1.8428571,1.5285714,1.8714286,8.457143,8.442857,9.717047e-05,0.0022070631,1.7080989e-05,9.086169e-05,8.274615e-05,True
2021-04-26,59.39,2.6,6.6714287,12.7,0.62857145,61.24286,2.5428574,1.9142857,2.4285715,7.742857,10.414286,3.6478043e-05,0.0022163093,4.5413064e-08,5.7555735e-07,0.0,True
2021-05-03,59.35,22.2,7.3857145,11.942857,2.7857144,72.97143,2.0285714,1.6142856,1.8571428,7.2714286,10.1285715,0.0003207028,0.0021939948,-7.345365000000001e-25,0.0,0.0,True
2021-05-10,59.45,3.6,10.728572,16.385715,5.1857147,64.071434,3.4285715,2.757143,3.2285714,7.257143,11.857142,0.00016136467,0.0021668822,-7.345365000000001e-25,3.7252903e-09,0.0,True
2021-05-17,59.46,26.800001,12.17143,16.385715,8.6285715,85.18572,2.1285713,1.8714287,2.142857,7.1571426,15.142858,0.00041228533,0.0021257699,-7.345365000000001e-25,3.7252903e-09,0.0,True
2021-05-24,59.43,4.4,11.657144,17.314287,6.157143,74.25714,3.0714285,2.357143,2.8999999,6.928571,15.085714,0.00012488663,0.0020951033,-7.345365000000001e-25,0.0,0.0,True
2021-05-31,59.38876323614635,13.5,12.071428,17.185715,6.657143,73.6,2.9285715,2.1857145,2.8999999,6.6714287,15.442857,0.00016988814,0.0020563453,-7.345365000000001e-25,3.7252903e-09,0.0,True
2021-06-07,59.38,0.3,18.600002,25.328571,10.6,57.81429,4.585714,2.142857,4.8142858,5.8,21.914286,3.732741e-05,0.0019876584,-7.345365000000001e-25,3.7252903e-09,0.0,True
2021-06-14,59.3,3.4,18.242857,24.542858,10.557143,64.87143,4.4428573,1.1142857,4.3,5.2,22.9,3.284216e-05,0.001893729,-7.345365000000001e-25,3.7252903e-09,0.0,True
2021-06-21,59.25,3.8999999,23.414288,30.314285,15.271429,58.985714,5.857143,1.1428572,5.7285714,4.9142857,26.157143,2.6538968e-05,0.0017828792,-7.345365000000001e-25,1.1175871e-08,0.0,True
2021-06-28,59.2,1.6,18.128572,23.357143,11.3,71.64286,3.542857,1.0857142,3.4714284,4.9,22.885714,4.027784e-05,0.001672551,-7.345365000000001e-25,3.7252903e-09,0.0,True
2021-07-05,59.44,55.7,18.957142,23.414288,14.742858,79.51428,3.142857,2.3285716,3.1000001,6.642857,22.328571,0.00075910985,0.0015801713,-7.345365000000001e-25,1.1175871e-08,0.0,True
2021-07-12,59.34,54.100002,19.34286,24.442858,14.785714,79.957146,3.4428573,2.9714286,3.2142856,7.5857143,22.685715,0.003803894,0.0015080422,-7.345365000000001e-25,1.4901161e-08,0.0,True
2021-07-19,59.46,13.5,21.228573,26.442858,15.1285715,74.4,4.071429,3.3142858,4.114286,7.714286,25.571428,4.9844384e-05,0.0014477223,-7.345365000000001e-25,1.8626451e-08,0.0,True
2021-07-26,59.34,2.6,19.457144,25.47143,13.6285715,71.98572,3.6571426,2.457143,3.8,6.714286,23.528572,8.894503e-05,0.0013872609,-7.345365000000001e-25,1.3038516e-08,0.0,True
2021-08-02,59.24,6.5,18.34286,23.542858,13.742858,71.94286,3.6714284,2.2,3.7142856,6.071429,22.12857,6.812811e-05,0.0013205707,-7.345365000000001e-25,9.313226e-09,0.0,True
2021-08-09,59.2,5.4,17.957144,23.628572,12.6285715,72.1,3.2142856,2.0142858,3.4142857,5.8428574,21.514286,7.234514e-05,0.0012578741,-7.345365000000001e-25,7.450581e-09,0.0,True
2021-08-16,59.18,11.9,18.34286,24.67143,12.314286,74.41429,3.3142858,1.7857141,3.2571428,5.614286,22.028572,0.00016267598,0.0011987016,-7.345365000000001e-25,1.4901161e-08,0.0,True
2021-08-23,59.21,14.2,15.928572,19.685715,12.471429,80.47143,2.2571428,1.5714285,2.3714287,5.7714286,18.414286,0.00013019145,0.0011504069,-7.345365000000001e-25,1.8626451e-08,0.0,True
2021-08-30,59.41326190310966,83.9,14.685715,18.87143,10.928572,85.78571,1.7571428,1.5285714,1.7857143,6.7,17.085714,0.00069878995,0.0011049211,-7.345365000000001e-25,1.1175871e-08,0.0,True
2021-09-06,59.71,0.0,15.0,20.557144,9.985715,81.35714,2.0428574,1.6,2.3285713,7.3,18.457144,4.529953e-06,0.0010672286,-7.345365000000001e-25,3.7252903e-09,0.0,True
2021-09-13,59.49,6.5,17.1,22.985716,11.528572,82.614296,2.0285714,1.5428572,2.142857,6.7,20.157143,0.00013686717,0.0010284036,-7.345365000000001e-25,9.313226e-09,0.0,True
2021-09-20,59.38,10.2,14.242858,17.628572,11.3,83.21429,1.2428571,1.0571429,1.3428571,7.0571427,16.085714,0.00030979514,0.0009994581,-7.345365000000001e-25,1.1175871e-08,0.0,True
2021-09-27,59.36,3.3,14.857142,18.557144,11.571428,84.38572,1.2285715,1.0285715,1.3857143,6.9142857,15.671429,8.010864e-05,0.000977926,-7.345365000000001e-25,1.3038516e-08,0.0,True
2021-10-04,59.43,22.7,13.1,17.4,9.214286,80.75714,1.2285713,1.0714285,1.3857143,7.1285715,14.685715,0.0006981939,0.0009588301,-7.345365000000001e-25,9.313226e-09,0.0,True
2021-10-11,59.51,23.1,9.642858,15.371429,4.5571427,83.91429,0.9142857,0.81428576,0.94285715,7.885714,11.842857,0.001133129,0.00094459206,-7.345365000000001e-25,1.8626451e-09,0.0,True
2021-10-18,59.44,9.5,9.1,12.528572,5.5,85.1,0.85714287,0.8142857,0.8,7.8428574,9.7,0.00012131035,0.00093569607,-7.345365000000001e-25,5.5879354e-09,0.0,True
2021-10-25,59.52,18.8,9.014286,12.828572,5.3,83.72858,0.9857144,0.91428566,0.85714287,8.271428,9.342857,0.00015803427,0.000931561,-7.345365000000001e-25,7.450581e-09,0.0,True
2021-11-01,59.41,1.6,10.142858,14.271429,6.4857144,82.88572,0.71428573,0.59999996,0.7285714,8.085714,10.157143,3.8079917e-05,0.00093191117,-7.345365000000001e-25,9.313226e-09,0.0,True
2021-11-08,59.62,40.7,7.642857,9.528572,5.957143,91.15715,0.55714285,0.55714285,0.5285714,9.457143,8.157143,0.0031684637,0.0014387518,-7.345365000000001e-25,9.313226e-09,0.0,True
2021-11-15,59.49,0.8,5.971429,8.114286,3.1571429,90.57143,0.29999998,0.29999998,0.37142855,9.671429,6.5571427,9.87947e-06,0.0010094494,-7.345365000000001e-25,-1.8626451e-09,0.0,True
2021-11-22,59.49,7.2,6.9857144,8.771429,4.6857147,89.67143,0.3857143,0.35714284,0.4857143,9.514286,6.714286,9.3087554e-05,0.0010957047,-7.345365000000001e-25,7.450581e-09,0.0,True
2021-11-29,59.435918134270935,10.1,3.5,4.8142858,1.4714286,90.11428,0.27142859,0.25714287,0.34285715,9.542857,3.5714285,0.000115029514,0.0011762828,0.000745779,0.0009852704,0.0033752471,True
2021-12-06,59.55,19.699999,1.3142856,3.3857143,-1.1571429,89.72858,0.4714286,0.4714286,0.3285714,10.028571,1.5714285,0.00030285865,0.0012616664,0.0052416553,0.0056066383,0.014135886,True
2021-12-13,59.56,9.8,0.4571429,1.6714287,-0.7000001,93.78571,0.071428575,0.071428575,0.21428572,9.971429,0.54285717,0.0002841428,0.0013829991,0.012959753,0.011637358,0.0076646693,True
2021-12-20,59.56,2.3,5.3857145,7.042857,3.057143,91.1,0.18571429,0.18571429,0.31428573,9.914286,4.4142857,0.00018037856,0.0015412271,0.0007693881,0.006726971,1.8987805e-05,True
2021-12-27,59.47,18.9,-4.1,-0.9714286,-7.8857145,88.08571,0.028571429,0.028571429,0.15714286,10.157143,-0.31428573,4.5135617e-05,0.00175751,0.005764263,0.0004288219,0.010131642,True
2022-01-03,59.62,24.5,6.4000006,8.485715,4.071429,92.77143,0.17500001,0.17500001,0.3857143,10.225,1.45,0.0009174049,0.0019550398,0.003442878,0.010016479,6.03497e-07,True
2022-01-10,59.63,6.5,1.3428572,2.7714286,-0.90000004,89.37142,0.3285714,0.3285714,0.31428573,10.457143,1.4714285,6.0610473e-05,0.0023281425,0.0008165439,0.00053011626,0.002270911,True
2022-01-17,59.52,3.7,1.9714286,4.1,-0.9714286,91.22858,0.32857147,0.29999998,0.4,10.1285715,1.7428571,9.239465e-05,0.0027585924,0.0006568148,0.0017623994,3.7994236e-05,True
2022-01-24,59.51,8.0,2.357143,4.357143,-0.04285717,86.971436,0.4428572,0.41428572,0.3857143,10.1,1.7428571,5.8487058e-05,0.003062144,0.00038726558,0.00066977367,0.0008470565,True
2022-01-31,59.50920058379883,12.0,3.9,5.8428574,1.8142856,82.5,0.71428573,0.71428573,0.7428571,10.1,3.2428572,0.00016211718,0.003265798,4.0536834e-05,0.00018291548,0.00018678233,True
2022-02-07,59.54,32.2,4.057143,6.3,1.1428572,85.01429,0.7571429,0.7571429,0.6571428,10.557143,3.3428571,0.0014101863,0.0034634918,0.00046235608,0.0023775809,0.0022808313,True
2022-02-14,59.69,8.0,4.3428574,7.514286,0.8571429,83.557144,0.78571427,0.75714284,0.64285713,10.4,3.942857,0.00018502772,0.0039912686,1.7046928e-05,0.00013597123,2.8200448e-06,True
2022-02-21,59.58,42.6,5.4428573,9.1,2.7428572,82.57143,1.3142859,1.3000001,0.94285715,10.771428,4.857143,0.0012225211,0.0048062652,8.2027345e-06,5.558133e-05,5.7224184e-05,True
2022-02-28,59.76,4.6,3.2714286,7.114286,0.0,80.328575,0.9428572,0.9285714,0.88571423,10.3714285,3.6714287,0.00015357137,0.006519668,2.2195634e-06,7.627532e-06,1.1395663e-05,True
2022-03-07,59.58,0.0,0.7714286,5.6,-2.7857144,73.58572,0.82857144,0.71428573,0.82857144,9.857142,2.4714286,1.7136335e-06,0.0076655596,4.4408298e-05,6.458536e-05,0.00016191974,True
2022-03-14,59.49,0.1,3.8857143,10.585714,-2.2428572,52.357143,1.8285716,1.4571428,1.9285715,9.314285,4.3428574,1.1533499e-05,0.0077987835,3.202756e-05,8.5877255e-05,0.0,True
2022-03-21,59.43,0.2,6.0285716,11.542857,0.8142857,69.08572,1.5142858,1.1571429,1.5571429,8.7,6.8428574,1.244247e-05,0.0076227784,6.357829e-07,5.0775707e-06,0.0,True
2022-03-28,59.39,0.0,6.9857144,14.942858,-0.87142855,64.828575,2.0428572,1.4714286,1.8142856,7.957143,8.828571,4.0233135e-07,0.0073085874,-7.345365000000001e-25,9.313226e-09,0.0,True
2022-04-04,59.37,7.0,3.142857,7.085714,-1.1285715,61.757145,1.7142856,1.1999999,1.7142857,7.385714,6.1,9.718537e-05,0.0069251135,0.00019104707,0.00096631795,0.0030852929,True
2022-04-11,59.48,19.5,5.9000006,9.828572,2.5142858,76.51429,1.8857144,1.757143,1.6,7.7,6.857143,0.0003535822,0.006534457,0.00031992368,0.0021612681,5.159527e-05,True
2022-04-18,59.44,3.4,8.328572,14.142858,1.5428572,68.057144,2.4428573,1.8285713,2.0571427,7.214286,10.8,9.0420246e-05,0.006150782,1.6519001e-06,1.25691295e-05,0.0,True
2022-04-25,59.38,0.3,8.728572,14.642858,3.5428574,69.87143,2.3142855,1.3142856,2.2571428,6.571429,11.614285,2.9817224e-05,0.005768046,-7.345365000000001e-25,1.8626451e-09,0.0,True
2022-05-02,59.33,0.0,10.0,16.5,2.2857144,64.02857,2.8142858,0.9142857,2.5571427,6.0857143,14.414286,2.719462e-06,0.005379282,-7.345365000000001e-25,0.0,0.0,True
2022-05-09,59.31,2.4,12.285714,18.571428,4.5,66.14286,3.1857142,0.68571424,2.9428573,5.7714286,16.357143,1.463294e-05,0.0049754903,-7.345365000000001e-25,0.0,0.0,True
2022-05-16,59.29,3.3,14.971429,21.514286,7.3142858,65.4,3.9285715,0.9142857,3.3142858,5.5571427,17.828571,2.9802322e-05,0.0045477524,-7.345365000000001e-25,3.7252903e-09,0.0,True
2022-05-23,59.27,5.9,16.428572,22.514286,10.3,63.07143,4.0857143,1.2571428,3.8428571,5.5142856,19.542856,6.8470836e-05,0.0041165277,-7.345365000000001e-25,3.7252903e-09,0.0,True
2022-05-30,59.28588677219604,11.2,12.857142,17.785715,8.228572,72.35714,3.0714285,1.6428572,2.7714286,5.5857143,16.12857,0.00016090274,0.0037339851,-7.345365000000001e-25,7.450581e-09,0.0,False
2022-06-06,59.24,12.9,15.385714,21.785715,7.971429,67.48572,3.6857142,1.8000001,3.7,5.614286,19.014286,0.00011520833,0.0034083575,-7.345365000000001e-25,7.450581e-09,0.0,True
2022-06-13,59.23,2.6,17.757143,24.014286,11.328572,65.38572,4.0571427,1.6142857,4.1285715,5.3,21.471428,1.18762255e-05,0.003075771,-7.345365000000001e-25,7.450581e-09,0.0,True
2022-06-20,59.19,2.8000002,17.528572,24.27143,10.157143,64.08572,4.3714285,0.98571426,4.0571427,4.957143,21.457144,2.7731061e-05,0.0027688518,-7.345365000000001e-25,7.450581e-09,0.0,True
2022-06-27,59.16,14.5,22.0,29.685715,13.971429,62.17143,5.342857,1.7714285,5.3142858,4.785714,24.685715,5.2660704e-05,0.0024717823,-7.345365000000001e-25,7.450581e-09,0.0,True
2022-07-04,59.12,8.9,19.828571,25.928572,13.857142,67.88572,4.2714286,2.1000001,4.1857142,4.8428574,23.528572,0.00010352582,0.0022160783,-7.345365000000001e-25,1.4901161e-08,0.0,True
2022-07-11,59.12,8.7,16.114286,21.328571,11.671428,70.04286,3.5428576,1.9428571,3.4285715,4.8142858,19.528572,0.0001257062,0.0020146742,-7.345365000000001e-25,1.4901161e-08,0.0,True
2022-07-18,59.08,2.2,17.77143,24.242859,10.914286,62.57143,4.3857145,1.4714286,4.142857,4.357143,21.171429,3.6537647e-05,0.0018416941,-7.345365000000001e-25,1.1175871e-08,0.0,True
2022-07-25,59.06,12.8,22.100002,29.614286,13.785714,59.714287,5.0999994,1.2857143,4.957143,4.114286,24.471428,0.00013837218,0.0016648248,-7.345365000000001e-25,1.4901161e-08,0.0,True
2022-08-01,59.03,2.7,18.37143,24.67143,10.857142,64.61428,3.7000003,0.85714287,3.7714286,4.0285716,22.014286,4.5716763e-05,0.0015119761,-7.345365000000001e-25,7.450581e-09,0.0,True
2022-08-08,59.01,7.8,20.34286,27.37143,12.2,62.057148,4.3428574,0.9142857,4.1285715,3.9285715,23.671429,0.00013788044,0.0013808236,-7.345365000000001e-25,3.7252903e-09,0.0,True
2022-08-15,58.97,13.1,22.142857,29.442858,14.342857,58.67143,4.2428575,0.71428573,4.5571427,3.8,24.557142,8.581579e-05,0.0012648255,-7.345365000000001e-25,7.450581e-09,0.0,True
2022-08-22,59.1,25.4,21.171429,26.428572,16.014286,75.58572,3.0714285,1.5285714,3.0285716,4.4142857,24.1,0.0001090467,0.001161702,-7.345365000000001e-25,1.1175871e-08,0.0,True
2022-08-29,59.33158858283137,45.1,19.285715,24.657145,15.271429,83.47143,2.2285714,1.4857142,2.5285716,5.0857143,22.3,0.0022978038,0.0010862947,-7.345365000000001e-25,1.3038516e-08,0.0,True
2022-09-05,59.6,0.3,16.071428,21.714285,10.1285715,66.41428,2.6857145,1.6571429,2.857143,5.1714287,19.342857,1.2859702e-05,0.0010257512,-7.345365000000001e-25,3.7252903e-09,0.0,True
2022-09-12,59.39,35.2,15.771429,20.714285,11.3,76.92857,1.9,1.442857,2.1142857,5.9428573,18.37143,0.0006439835,0.0009715259,-7.345365000000001e-25,3.7252903e-09,0.0,True
2022-09-19,59.4,23.5,12.371429,17.071428,8.714286,82.47143,1.6,1.4857142,1.6714286,6.457143,14.757143,0.00017046928,0.00093295425,-7.345365000000001e-25,9.313226e-09,0.0,True
2022-09-26,59.41,7.1,10.685715,16.214285,5.8142858,82.48572,1.3,1.1000001,1.3571428,6.5857143,13.657143,5.0611794e-05,0.00090257823,-7.345365000000001e-25,1.8626451e-09,0.0,True
2022-10-03,59.35,14.5,10.185715,14.371429,6.642857,85.88572,0.98571426,0.9142857,1.1285714,6.8142858,11.657143,0.00017674267,0.0008789003,-7.345365000000001e-25,1.1175871e-08,0.0,True
2022-10-10,59.385000000000005,1.8000001,11.071428,16.642857,5.9714284,81.22858,1.1142857,0.9142858,1.2428571,6.6571426,12.614285,4.3064356e-06,0.0008571744,-7.345365000000001e-25,1.1175871e-08,0.0,True
2022-10-17,59.31,1.4000001,12.242858,17.37143,7.5428576,84.114296,0.94285715,0.7428571,0.95714283,6.357143,13.1,4.643947e-05,0.0008373037,-7.345365000000001e-25,1.8626451e-09,0.0,True
2022-10-24,59.27,2.9,11.871429,16.028572,7.5428576,86.442856,0.81428576,0.7,0.7428571,6.357143,12.685715,9.006262e-05,0.0008207634,-7.345365000000001e-25,5.5879354e-09,0.0,True
2022-10-31,59.28698651107114,2.3,12.728572,17.785715,8.314286,92.042854,0.7571429,0.58571434,0.51428574,6.2285714,14.014286,3.9443374e-05,0.0008060783,-7.345365000000001e-25,9.313226e-09,0.0,False
2022-11-07,59.25,5.7,8.728572,12.614286,4.7000003,86.971436,0.6,0.4714286,0.54285717,6.1857142,9.614285,4.1157007e-05,0.0007930249,-7.345365000000001e-25,5.5879354e-09,0.0,True
2022-11-14,59.24,0.3,9.271429,12.414286,5.971429,86.08572,0.5714286,0.42857143,0.55714285,6.0571427,9.842857,1.6480684e-05,0.0007810965,-7.345365000000001e-25,5.5879354e-09,0.0,True
2022-11-21,59.23,6.7,1.3857143,3.6285713,-1.5428572,88.114296,0.24285717,0.20000002,0.37142855,6.114286,3.1142857,9.849668e-06,0.00077065825,0.0011306263,8.0659986e-05,0.004362777,True
2022-11-28,59.23,8.099999,3.3999999,4.928571,1.8428572,94.37142,0.17142858,0.12857142,0.25714287,6.4,3.142857,9.8109245e-05,0.00076153874,0.002081292,0.004208237,1.9419938e-05,True
2022-12-05,59.27,6.1000004,0.85714287,1.7142857,-0.15714289,90.11428,0.14285715,0.12857144,0.34285715,6.5142856,1.5571429,4.8831105e-05,0.0007533133,0.0003047614,0.00029468164,0.00084554777,True
2022-12-12,59.34,9.8,-1.057143,0.47142857,-3.142857,91.28571,0.11428572,0.11428572,0.21428572,6.957143,0.45714286,4.4092536e-05,0.0007462576,0.0052186646,0.0009165406,0.0080908425,True
2022-12-19,59.3,2.7,-5.2428575,-2.142857,-9.157144,90.38572,0.014285714,0.014285714,0.10000001,7.1285715,-1.4142857,9.24319e-05,0.0007404387,0.008051287,0.002308106,0.00038322434,True
2022-12-26,59.39,20.5,5.228572,7.3142858,2.957143,96.8,0.20000002,0.20000002,0.25714284,7.8714285,2.2714286,0.00045049936,0.00073607266,0.0008269662,0.0063022785,1.975894e-05,True
