,GWL,HYRAS_pr,HYRAS_tas,HYRAS_tasmax,HYRAS_tasmin,HYRAS_hurs,DWD_evapo_p,DWD_evapo_r,DWD_evapo_fao,DWD_soil_moist,DWD_soil_temp5cm,ERA5_sro,ERA5_ssro,ERA5_sdwe,ERA5_sm,ERA5_sf,GWL_flag
1991-01-07,34.78,15.2,5.6571426,7.828572,2.9285715,76.1,0.88571423,0.87142855,0.9142857,10.271428,3.7,0.00316602,0.0021081194,1.2199084e-05,7.164106e-05,1.2852252e-06,True
1991-01-14,34.8,4.4,4.8285713,7.471429,2.3285716,75.98572,0.81428564,0.81428564,0.94285715,9.957143,3.6142857,0.00014539063,0.002176322,8.628482e-07,2.1420419e-07,8.225441e-06,True
1991-01-21,34.81,4.2,-1.1857144,2.7571428,-5.5,74.328575,0.24285714,0.24285714,0.4,9.928572,-1.2142857,6.7561865e-05,0.00250604,2.350126e-05,1.7851591e-05,3.149733e-05,True
1991-01-28,34.84,0.2,1.4857143,2.4428573,0.5428571,87.85714,0.20000002,0.20000002,0.42857143,9.9,0.17142858,3.5323203e-05,0.0027121827,4.1973024e-05,6.321259e-05,9.515509e-05,True
1991-02-04,34.85,0.1,-4.057143,-0.35714287,-7.928571,64.942856,0.08571429,0.071428575,0.64285713,9.8,-2.3,9.760261e-06,0.0028444082,0.0002642416,2.9960647e-05,0.00060011074,True
1991-02-11,34.870000000000005,9.4,-6.614286,-3.4285715,-10.371429,80.88572,0.0,0.0,0.42857143,9.857142,-3.4571428,1.7732382e-06,0.0029206425,0.0037815627,6.666407e-05,0.010720998,True
1991-02-18,34.88,6.3999996,-3.4428573,-0.8142857,-7.1857147,86.8,0.10000001,0.10000001,0.42857143,10.157143,-0.071428575,3.40268e-05,0.0029515252,0.014859768,0.0016127266,0.009210739,True
1991-02-25,34.88,3.0,3.257143,7.971429,-2.4,78.42857,0.7571429,0.74285716,0.81428576,10.042857,0.78571427,0.0005353391,0.002963148,0.0073648463,0.017062996,1.885742e-05,True
1991-03-04,34.89,0.0,2.3,6.3,-1.1285714,74.58572,0.8428572,0.7285714,1.0,9.757143,1.7428571,8.888543e-06,0.0030539632,0.00021932239,0.00030144304,4.1395426e-05,True
1991-03-11,34.9,0.2,7.585715,11.542857,3.257143,77.52857,0.8142857,0.7285714,1.0714285,9.385715,5.4142857,4.442036e-05,0.003145963,9.514037e-06,5.759485e-05,0.0,True
1991-03-18,34.9,0.3,9.585714,15.17143,4.214286,77.37142,1.1571429,0.95714283,1.2142857,9.028571,9.157143,5.0902367e-05,0.0031661019,-7.345365000000001e-25,3.3527613e-08,0.0,True
1991-03-25,34.910000000000004,16.1,7.7428575,10.928572,4.3857145,81.02857,1.2142857,1.1857144,1.042857,9.4,8.271428,0.0010469407,0.003155306,-7.345365000000001e-25,3.7252903e-09,0.0,True
1991-04-01,34.9,3.0,4.9000006,9.0,-0.54285717,65.98572,1.4285715,1.2428571,1.6285714,9.1,6.0857143,9.383261e-05,0.0031904727,7.606688e-07,2.482906e-06,2.7045608e-06,True
1991-04-08,34.89,4.4,9.757143,14.385715,4.714286,69.07143,1.8714286,1.6428573,1.9857142,8.971429,9.842857,0.00012686849,0.003187932,-7.345365000000001e-25,1.4528632e-07,0.0,True
1991-04-15,34.88,0.0,11.685715,17.928572,3.3,56.714287,2.9428573,2.2428572,2.857143,8.185715,12.385715,8.396804e-06,0.0031297505,-7.345365000000001e-25,0.0,0.0,True
1991-04-22,34.88,6.6000004,3.1714287,8.0,-2.142857,66.25715,1.6142858,1.3857142,1.7428571,7.6285715,7.214286,0.0001245588,0.0030377433,0.00045713357,0.0009331517,0.0014354996,True
1991-04-29,34.877436427555864,1.5,7.6285715,12.67143,0.8,69.58572,1.6571429,1.3142856,2.0,7.385714,9.671429,9.162724e-05,0.0029425472,7.104306e-05,0.00041365065,0.0,True
1991-05-06,34.88,10.4,7.3857145,10.900001,3.0714285,76.200005,1.4142857,1.2285715,1.6714286,7.5,9.271428,0.0002009198,0.0028352514,4.5413064e-08,5.2526593e-07,0.0,True
1991-05-13,34.86,7.9,10.6,14.728572,4.0000005,69.27143,2.2142856,1.6857144,2.2142856,7.3,12.057143,5.0917268e-05,0.002731271,-7.345365000000001e-25,0.0,0.0,True
1991-05-20,34.86,8.0,9.985715,14.6285715,3.7000003,70.957146,2.4428573,1.9285715,2.4857142,6.9,12.085714,0.0002579689,0.0026205853,-7.345365000000001e-25,0.0,0.0,True
1991-05-27,34.85,4.1,11.614286,15.285714,7.114286,66.07143,2.7714286,1.9142857,3.0714285,6.1285715,13.642858,9.249896e-05,0.0025069118,-7.345365000000001e-25,3.7252903e-09,0.0,True
1991-06-03,34.85,2.6,14.314286,19.128572,7.057143,62.3,3.2,1.4571428,3.6000001,5.542857,16.971428,7.804483e-05,0.0023825094,-7.345365000000001e-25,3.7252903e-09,0.0,True
1991-06-10,34.86,5.7,13.800001,18.214285,7.3142858,62.27143,2.957143,1.5,3.2714286,5.257143,15.657143,0.000114142895,0.0022475123,-7.345365000000001e-25,3.7252903e-09,0.0,True
1991-06-17,34.86,15.0,14.400001,18.385715,10.028572,68.12858,2.9285712,1.7142857,3.0142858,5.4,15.571428,0.00011649728,0.0021191612,-7.345365000000001e-25,3.7252903e-09,0.0,True
1991-06-24,34.86,17.3,16.057142,20.057144,11.2,69.71429,3.2428572,2.6142857,3.3,5.714286,17.614286,0.00024134666,0.0019981712,-7.345365000000001e-25,7.450581e-09,0.0,True
1991-07-01,34.86,33.6,16.157145,19.914288,11.114286,73.35714,2.8428571,2.414286,2.8999999,6.3428574,16.942858,0.003008455,0.0018910095,-7.345365000000001e-25,7.450581e-09,0.0,True
1991-07-08,34.85,0.3,24.128572,29.2,14.928572,54.97143,5.2857146,3.4285715,5.642857,5.928571,24.4,6.2584877e-07,0.0017929673,-7.345365000000001e-25,1.8626451e-08,0.0,True
1991-07-15,34.85,13.2,21.085714,25.957144,14.114286,69.04286,3.9857142,2.0,4.042857,5.214286,23.785715,0.00017225742,0.0016867891,-7.345365000000001e-25,1.4901161e-08,0.0,True
1991-07-22,34.84,7.1,17.128572,21.385714,12.542857,71.78572,3.1857142,1.7142859,3.5285716,5.071429,19.785715,7.421523e-05,0.0016022548,-7.345365000000001e-25,1.1175871e-08,0.0,True
1991-07-29,34.83590726986687,11.6,19.885715,25.97143,11.285714,67.700005,3.7428572,1.8142856,3.957143,4.9,21.62857,0.00023953617,0.0015186965,-7.345365000000001e-25,1.4901161e-08,0.0,True
1991-08-05,34.83,42.1,21.657145,26.142857,15.614286,74.12858,3.2142856,1.4,3.3,4.6857142,22.9,0.00024092197,0.0014383048,-7.345365000000001e-25,1.4901161e-08,0.0,True
1991-08-12,34.8,38.6,21.057144,25.942858,15.957144,72.37144,3.2714283,1.8714286,3.4857142,4.8714285,22.442858,0.00027494133,0.0013690144,-7.345365000000001e-25,1.8626451e-08,0.0,True
1991-08-19,34.8,6.7,17.085714,22.27143,10.514285,72.27143,2.7285714,1.6285715,3.0571427,4.757143,19.214285,0.00010403991,0.0013126284,-7.345365000000001e-25,7.450581e-09,0.0,True
1991-08-26,34.78,2.9,17.885715,22.97143,11.914286,71.1,2.6000001,1.3428571,2.957143,4.5571427,19.185715,5.1796436e-05,0.0012626946,-7.345365000000001e-25,7.450581e-09,0.0,True
1991-09-02,34.78,0.6,17.285715,23.585714,9.257143,67.72858,2.6,0.78571427,3.0,4.2285714,19.12857,1.4975667e-05,0.0012142807,-7.345365000000001e-25,1.8626451e-09,0.0,True
1991-09-09,34.77,0.7,16.1,21.628572,10.314286,68.957146,2.1142857,0.47142857,2.6714287,4.0,17.957144,2.2366643e-05,0.0011630654,-7.345365000000001e-25,7.450581e-09,0.0,True
1991-09-16,34.77,6.4,14.371429,21.67143,6.142857,68.185715,1.9714285,0.42857143,2.3142858,3.9285715,16.328571,5.505979e-05,0.0011185706,-7.345365000000001e-25,3.7252903e-09,0.0,True
1991-09-23,34.760000000000005,5.2999997,14.442858,20.014286,9.314286,74.48572,1.6571428,0.90000004,2.0285714,4.114286,15.671429,9.3877316e-05,0.0010766014,-7.345365000000001e-25,9.313226e-09,0.0,True
1991-09-30,34.74800088847508,15.900001,15.0,19.742859,11.142858,77.67143,1.3285714,0.81428576,1.7428571,4.5857143,15.085714,0.0001116246,0.0010400489,-7.345365000000001e-25,9.313226e-09,0.0,True
1991-10-07,34.760000000000005,4.3,12.328572,16.47143,8.085714,80.48572,1.2,0.8000001,1.4428571,4.7285714,12.414286,9.8749995e-05,0.0010081604,-7.345365000000001e-25,3.7252903e-09,0.0,True
1991-10-14,34.760000000000005,2.3999999,13.285714,19.414288,7.6,83.65715,1.0428572,0.5142857,1.2857143,4.642857,13.414286,7.365644e-05,0.0009779483,-7.345365000000001e-25,9.313226e-09,0.0,True
1991-10-21,34.760000000000005,6.3,8.357142,12.971429,3.7142856,78.614296,1.1142857,0.8428572,1.4285715,4.8,8.842857,8.934736e-05,0.000951387,-7.345365000000001e-25,1.4901161e-08,3.7252903e-08,True
1991-10-28,34.75,0.7,4.8,9.314285,-0.8428572,78.75715,0.6,0.40000004,0.7714286,4.8428574,5.2285714,6.7055225e-06,0.0009288043,-7.345365000000001e-25,2.9802322e-08,0.0,True
1991-11-04,34.730000000000004,16.0,5.4857144,9.271429,1.2857143,75.314285,0.78571427,0.5857143,1.1,4.8142858,4.4,0.00020158291,0.0009087026,-7.345365000000001e-25,2.6263297e-07,2.719462e-07,True
1991-11-11,34.7,17.6,6.1,8.742857,3.6000001,82.71429,0.7142857,0.6571428,0.7571429,6.2,5.2285714,0.00043165684,0.00089225173,-7.345365000000001e-25,1.8626451e-09,0.0,True
1991-11-18,34.7,2.8,4.785714,7.228572,2.642857,81.07143,0.40000004,0.3857143,0.55714285,7.114286,4.285714,9.532273e-05,0.0008851141,-7.345365000000001e-25,0.0,0.0,True
1991-11-25,34.68,2.5,2.2714286,4.471429,-0.61428577,89.185715,0.18571429,0.17142858,0.10000001,7.2285714,2.0,6.952882e-05,0.0008864328,1.7767861e-06,3.5874546e-06,1.9825995e-05,True
1991-12-02,34.67,0.2,1.2857143,3.6285713,-0.8,92.67143,0.08571429,0.071428575,0.08571429,7.285714,1.7428571,1.3038516e-06,0.00089325756,1.2403443e-05,1.4979392e-05,0.000106494874,True
1991-12-09,34.67,1.6,0.7714286,3.2142856,-1.5142858,85.87144,0.12857144,0.10000001,0.27142859,7.242857,0.71428573,3.2290816e-05,0.0009016171,0.0005185377,0.00063265674,0.0012228936,True
1991-12-16,34.67,0.0,-1.1571428,2.4857142,-5.071429,74.8,0.14285715,0.114285715,0.24285714,7.2,-1.4285715,3.33786e-06,0.0009098351,0.0006496112,0.0001317393,1.989305e-06,True
1991-12-23,34.67,35.3,4.1,7.2571435,0.95714295,84.77143,0.5857143,0.5857143,0.67142856,8.5,1.3571428,0.00052155554,0.000918787,0.0009166627,0.004416216,0.0039340034,True
1991-12-30,34.669874962751045,6.5,3.5,5.6285715,1.0857143,82.08572,0.4571429,0.4571429,0.62857145,9.071428,2.0,0.0001880899,0.00094635785,0.00010972931,0.0003993418,0.00013842061,True
1992-01-06,34.660000000000004,17.800001,5.1142855,7.0,2.8428571,80.08572,0.2,0.2,0.9142857,8.9,1.6,0.00035636872,0.0010004714,3.2186508e-06,1.3625249e-05,2.078712e-06,True
1992-01-13,34.660000000000004,3.8000002,2.3285713,5.371429,-1.0857143,83.42857,0.34285715,0.34285715,0.41428572,9.328571,2.0,0.00017981976,0.0010769442,1.291434e-05,1.5188009e-05,7.522479e-05,True
1992-01-20,34.65,11.6,3.6285717,6.0285716,1.9285715,81.71429,0.47142857,0.45714286,0.81428576,9.542857,2.942857,0.00051855296,0.0011897609,5.3996133e-05,6.3089654e-05,0.00033449382,True
1992-01-27,34.660000000000004,0.2,-3.8857143,-1.4857142,-6.9000006,84.3,0.028571429,0.028571429,0.24285714,10.0,-2.1571429,2.7269125e-06,0.0013375506,0.00037641186,0.00010307692,0.00032360852,True
1992-02-03,34.65,2.0,0.8714286,2.0142858,-0.3857143,88.442856,0.22857143,0.22857143,0.47142857,9.942857,-0.25714287,6.848574e-05,0.0014903322,0.00074229355,0.0008281451,0.0015589483,True
1992-02-10,34.65,7.3,4.471429,7.371429,1.6714286,81.314285,0.62857145,0.61428577,0.7285714,9.914286,1.7571429,0.00021279603,0.0016093254,0.00035270056,0.0012910096,4.2133033e-06,True
1992-02-17,34.63,14.7,4.542857,7.042857,2.3142858,81.67143,0.7,0.67142856,0.81428576,9.928572,4.0,0.00024869293,0.0017291233,0.00016483807,1.2057833e-05,0.0014174208,True
1992-02-24,34.64,4.2,2.357143,5.042857,-1.0142857,81.17143,0.55714285,0.55714285,0.7714286,10.028571,1.7,0.00011524558,0.0018669665,0.0012694994,0.0023238678,0.001106903,True
1992-03-02,34.64,1.4,5.785714,11.814286,0.3142857,73.9,0.9285714,0.8428572,1.0714285,9.842857,4.8714285,1.8812716e-05,0.0019909665,2.933684e-05,0.00012554973,0.0,True
1992-03-09,34.64,4.7,6.214286,11.485715,2.1285715,77.38572,1.1142857,0.9571429,1.1857144,9.5,6.385714,0.00015215576,0.0020732284,5.676633e-08,6.556511e-07,0.0,True
1992-03-16,34.65,22.3,3.9285715,8.1285715,0.45714286,75.85714,1.4285713,1.3857142,1.2714285,10.185715,4.2,0.0015627816,0.002144292,0.0010055872,0.00095818006,0.0038191304,True
1992-03-23,34.660000000000004,25.6,6.2428575,9.957143,2.642857,77.1,1.0714285,1.0285714,1.1142857,10.314285,6.257143,0.0011059195,0.0023455247,0.0005732604,0.0026989244,9.23872e-07,True
1992-03-30,34.65961485473806,9.4,3.114286,6.5428576,-0.04285717,78.04286,0.9857143,0.9714286,1.1714286,10.3714285,4.0285716,0.00023722649,0.0026801005,0.00021988437,0.00058623403,0.000975322,True
1992-04-06,34.69,10.1,5.857143,10.771429,1.3714286,74.4,1.4571428,1.4285715,1.6571429,10.1285715,6.7714286,0.0002707392,0.0029935539,5.6289493e-05,0.00039177574,0.0,True
1992-04-13,34.7,1.7,7.9857144,14.5,1.1857144,67.22858,2.2285714,1.8714286,2.3428571,9.457143,10.657143,3.8206577e-05,0.0032024458,7.379623e-08,9.685755e-07,0.0,True
1992-04-20,34.730000000000004,16.3,6.014286,10.114286,2.7428572,74.67143,1.9142857,1.8000001,1.8714286,9.442857,7.6857142,0.00042001903,0.0032618865,7.4307122e-06,5.017221e-05,5.0429255e-05,True
1992-04-27,34.77,14.9,11.371429,16.142857,5.5285716,66.04286,2.3999999,1.9999999,2.5714285,8.8714285,12.1285715,0.00026803464,0.0032904893,6.2442965e-08,1.1827797e-06,0.0,True
1992-05-04,34.77,1.8,9.528572,14.6,3.6714287,68.54286,2.0428572,1.7285713,2.4142857,8.514286,11.642858,0.0001777932,0.0032732114,-7.345365000000001e-25,0.0,0.0,True
1992-05-11,34.69,13.9,10.357142,14.914286,5.042857,72.64286,2.2571428,1.957143,2.4285715,8.185715,12.6,0.00032431632,0.0032258779,-7.345365000000001e-25,7.450581e-09,0.0,True
1992-05-18,34.74,0.0,15.528572,21.185715,7.5,62.457146,3.5142858,2.5857143,3.957143,7.8714285,17.2,1.9326806e-05,0.0031540543,-7.345365000000001e-25,3.7252903e-09,0.0,True
1992-05-25,34.74,0.0,19.585714,26.0,10.242858,45.342857,5.1,2.3142858,5.3714285,6.571429,20.9,3.7252903e-08,0.003000334,-7.345365000000001e-25,0.0,0.0,True
1992-06-01,34.71,0.0,18.97143,24.885714,8.6285715,46.399998,4.8857145,1.0571429,5.214286,5.8,20.514286,4.082918e-06,0.0027935281,-7.345365000000001e-25,7.450581e-09,0.0,True
1992-06-08,34.77,15.2,20.685715,26.885715,15.257143,54.37143,4.642857,1.4285715,5.6,5.742857,21.757143,0.00024492294,0.0025767758,-7.345365000000001e-25,1.1175871e-08,0.0,True
1992-06-15,34.8,4.4,17.642857,23.057144,11.814286,62.31429,3.5142856,1.3,4.2571425,5.614286,20.3,9.316206e-05,0.0023746341,-7.345365000000001e-25,1.1175871e-08,0.0,True
1992-06-22,34.79,10.6,17.914286,24.357143,11.6,59.228573,4.0571427,1.1285714,4.7571425,5.428571,21.2,8.867681e-05,0.0021895021,-7.345365000000001e-25,0.0,0.0,True
1992-06-29,34.78186356160833,0.0,20.17143,26.942858,9.385715,47.414284,4.9,0.8,5.3714285,5.071429,23.22857,3.7252903e-07,0.0020007938,-7.345365000000001e-25,3.7252903e-09,0.0,True
1992-07-06,34.79,15.3,19.600002,24.87143,12.5,63.914288,3.7999997,1.0857142,3.7857144,5.114286,22.471428,0.00025993586,0.0018181056,-7.345365000000001e-25,1.4901161e-08,0.0,True
1992-07-13,34.79,17.7,18.800001,25.27143,11.228571,62.04286,3.7285714,2.2285714,4.1714287,5.4,21.87143,6.702542e-05,0.0016842037,-7.345365000000001e-25,3.7252903e-09,0.0,True
1992-07-20,34.79,8.0,19.542858,25.571428,12.400001,62.785713,3.757143,2.4857142,4.042857,5.1857142,21.185715,0.0001258403,0.0015688613,-7.345365000000001e-25,1.4901161e-08,0.0,True
1992-07-27,34.8,3.6,20.628572,27.571428,14.542857,63.214287,4.0428576,2.5428574,4.357143,5.0142856,23.6,0.00034482032,0.0014534444,-7.345365000000001e-25,9.313226e-09,0.0,True
1992-08-03,34.8,10.8,20.728573,27.800001,12.585714,57.457146,4.0857143,1.9142858,4.7428575,4.642857,22.757143,5.9708953e-05,0.0013546795,-7.345365000000001e-25,1.3038516e-08,0.0,True
1992-08-10,34.8,0.0,22.77143,30.27143,13.757143,52.54286,4.557143,1.0142857,5.071429,4.357143,23.942858,9.447336e-06,0.0012592524,-7.345365000000001e-25,1.3038516e-08,0.0,True
1992-08-17,34.8,24.7,16.4,21.1,12.342857,68.58572,2.714286,1.3857143,3.1571429,4.5142856,19.057142,0.00025632977,0.0011782721,-7.345365000000001e-25,1.1175871e-08,0.0,True
1992-08-24,34.81,18.699999,17.485716,22.657145,12.428572,70.957146,2.4857142,1.7428571,2.7714286,4.6,19.357143,0.00025066733,0.0011175647,-7.345365000000001e-25,1.4901161e-08,0.0,True
1992-08-31,34.79797366300833,23.400002,18.77143,24.585714,15.142858,76.22858,2.4714286,1.9571428,2.6714287,4.8285713,20.042856,0.0007852018,0.0010670722,-7.345365000000001e-25,1.3038516e-08,0.0,True
1992-09-07,34.79,9.6,12.728572,17.328571,8.714286,73.35714,1.8571428,1.7428571,2.3,5.8,14.1285715,0.00024598837,0.0010316595,-7.345365000000001e-25,7.450581e-09,0.0,True
1992-09-14,34.79,0.7,13.5,19.742857,7.957143,71.21429,1.8285713,1.4285715,2.2714286,5.571429,16.028572,2.9303133e-05,0.001005426,-7.345365000000001e-25,5.5879354e-09,0.0,True
1992-09-21,34.760000000000005,0.8,13.485715,19.042858,7.9857144,69.9,1.5857142,1.1142857,2.142857,5.142857,15.228572,1.617521e-05,0.0009815395,-7.345365000000001e-25,9.313226e-09,0.0,True
1992-09-28,34.75,2.2,14.400001,21.300001,8.657144,77.27143,1.3714286,0.88571423,1.8714286,4.8,16.071428,4.403293e-06,0.00095739216,-7.345365000000001e-25,9.313226e-09,0.0,True
1992-10-05,34.75,12.799999,10.67143,15.985715,6.3,69.41429,1.0428572,0.67142856,1.6999999,4.571429,12.7,2.3767352e-05,0.0009339154,-7.345365000000001e-25,3.7252903e-09,0.0,True
1992-10-12,34.75,10.7,7.357143,11.771429,3.8285716,84.94286,0.62857145,0.5285714,0.8,5.357143,9.271428,0.00021447986,0.00091620535,-7.345365000000001e-25,3.7252903e-09,0.0,True
1992-10-19,34.75,1.0,4.4857144,9.800001,-0.028571486,73.37142,0.71428573,0.5714286,0.9714286,5.285714,5.4,3.8087368e-05,0.0009000376,-7.345365000000001e-25,0.0,0.0,True
1992-10-26,34.74,28.1,4.3142858,8.157144,1.1571429,86.71429,0.51428574,0.4571429,0.54285717,5.785714,5.1,0.0003437996,0.0008863881,6.6530138e-06,4.848838e-05,5.048141e-05,True
1992-11-02,34.72,16.1,3.6000001,7.6571426,-0.20000006,84.77143,0.45714286,0.4285714,0.42857143,7.1285715,3.9142857,0.00015886128,0.00087827444,7.947286e-07,3.9804727e-06,0.0,True
1992-11-09,34.72,6.0,7.157143,10.400001,4.1714287,82.799995,0.51428574,0.5,0.7,7.457143,6.5,6.4626336e-05,0.00087581575,-7.345365000000001e-25,7.0780516e-08,0.0,True
1992-11-16,34.7,17.7,4.5,7.4000006,1.2428571,86.62858,0.61428577,0.61428577,0.5714286,8.214286,3.9,0.00032055378,0.000879474,7.577169e-05,0.00023618713,0.0003079772,True
1992-11-23,34.69,18.9,4.5142856,6.7999997,2.4285715,84.685715,0.59999996,0.59999996,0.5714286,8.785714,3.5,0.00046678632,0.0008964911,0.00018751054,0.00066545047,0.00079856627,True
1992-11-30,34.66433560902376,17.9,5.614286,8.771429,2.8428574,84.614296,0.5714286,0.5714286,0.54285717,9.471429,4.257143,0.0006634742,0.00095291436,3.3509164e-05,0.00023605302,0.0,True
1992-12-07,34.68,13.6,4.1,7.371429,1.1142857,81.57143,0.47142857,0.47142857,0.54285717,9.514286,3.2714286,0.00028292835,0.001061283,0.00097419537,0.0016411506,0.0048724487,True
1992-12-14,34.660000000000004,20.9,3.957143,4.7285714,2.2142856,88.84286,0.35714287,0.35714287,0.40000004,10.0,2.557143,0.0015152395,0.0012003705,0.0014239947,0.0032700673,6.6682696e-07,True
1992-12-21,34.65,17.5,2.5571427,5.4857144,-0.12857142,89.85714,0.18571429,0.18571429,0.114285715,10.328571,1.6142857,0.00056421757,0.0014362186,8.3378385e-05,0.000116530806,0.00043582544,True
1992-12-28,34.65,0.4,-2.857143,-0.84285724,-4.9857144,88.17143,0.028571429,0.028571429,0.17142858,10.385715,-0.9285714,2.1502376e-05,0.0017950311,0.00056548347,3.1724572e-05,0.00048511103,True
1993-01-04,34.65,0.0,-5.928571,-3.1000001,-8.557143,82.64286,0.0,0.0,0.20000002,10.266666,-1.8,6.556511e-07,0.0020939335,0.0014127323,9.108335e-06,0.0007731132,True
1993-01-11,34.65,13.1,5.0142856,7.7428575,0.8,84.22858,0.55714285,0.55714285,0.5285714,10.442857,0.6857143,0.00058908015,0.0022958443,0.00044483232,0.0015788302,0.0,True
1993-01-18,34.65,10.6,7.085715,11.157143,3.914286,74.07143,1.0285714,1.0142857,1.1428572,10.485714,3.8,0.00044554472,0.0026190057,1.6462235e-07,1.1119992e-06,0.0,True
1993-01-25,34.65,12.5,6.3428574,9.028571,3.514286,75.72858,1.3142856,1.3,1.3571428,10.214286,4.9428573,0.00025752187,0.0029690117,1.8874804e-05,9.538606e-06,0.00043752417,True
1993-02-01,34.660000000000004,4.5,-2.0857143,1.4285715,-4.785714,80.685715,0.18571429,0.18571429,0.34285715,10.571428,0.17142858,0.0001502335,0.0032259002,0.0036557175,0.00055781193,0.0044730827,True
1993-02-08,34.67,1.4000001,0.68571424,2.857143,-2.3428571,90.85714,0.17142858,0.17142858,0.3,10.3,-0.028571429,0.00013196468,0.0034618452,0.003042732,0.00332571,0.00038567185,True
1993-02-15,34.68,1.1,-0.0142857265,1.2,-0.6714286,94.12858,0.1,0.1,0.32857147,10.228572,0.41428572,3.736466e-05,0.0036180392,0.0005802654,0.000947468,0.0003459975,True
1993-02-22,34.68,17.4,1.5714285,4.114286,-0.98571426,82.557144,0.68571424,0.67142856,0.7428571,10.414286,1.1428572,0.00033675134,0.0037171543,0.0018051182,0.0016542543,0.0069522,True
1993-03-01,34.7,0.70000005,-1.1857144,2.2142856,-4.5571427,76.5,0.35714287,0.35714287,0.7,10.285714,-0.15714286,5.2772462e-05,0.0038408712,0.004853572,0.0018013604,0.00040667132,True
1993-03-08,34.730000000000004,3.6,0.35714284,3.4428573,-2.5714285,81.48572,0.54285717,0.4857143,0.78571427,10.042857,0.54285717,0.00012803823,0.0039378405,0.003648616,0.005136719,0.0036643185,True
1993-03-15,34.75,1.2,4.557143,11.485715,-1.4428571,78.38572,1.0285715,0.88571423,1.0,9.685715,4.8714285,4.6491623e-05,0.0039623156,0.00056135654,0.0016361903,5.5506825e-07,True
1993-03-22,34.75,2.1,8.585714,13.185715,4.4428573,72.65714,1.5571429,1.3428572,1.6999999,9.271428,7.885714,7.151067e-05,0.0039370544,1.6802833e-06,1.828e-05,0.0,True
1993-03-29,34.73546794611401,4.1,2.2571428,7.714286,-1.4428571,71.457146,1.457143,1.2714285,1.5,8.8714285,5.042857,8.4728e-05,0.003869012,6.8874586e-05,6.818585e-05,0.0004390739,False
1993-04-05,34.75,0.8,6.2000003,11.3,0.50000006,67.01429,1.4571428,1.1714286,1.7857143,8.385715,6.742857,1.6413629e-05,0.003773518,0.00012269474,0.0003568828,1.590699e-05,True
1993-04-12,34.75,6.3,5.2571435,10.042857,1.3857144,69.442856,1.6714286,1.3857143,1.8000001,8.157143,7.0142856,0.00016557425,0.0036547557,2.2138867e-07,2.6728958e-06,0.0,True
1993-04-19,34.74,7.7000003,8.571428,14.428572,2.8428571,70.65714,2.1142857,1.6714286,2.1,7.6571426,9.914286,0.00014223158,0.0035087168,-7.345365000000001e-25,0.0,0.0,True
1993-04-26,34.74,5.9,15.428572,22.84286,8.014285,60.828575,3.7857144,2.6857145,3.7,7.1571426,16.014286,1.1794269e-05,0.003336206,-7.345365000000001e-25,7.450581e-09,0.0,True
1993-05-03,34.74,0.7,17.528572,25.114286,8.614286,53.0,4.328572,1.7428572,4.242857,6.1,18.485714,3.2931566e-05,0.003098987,-7.345365000000001e-25,0.0,0.0,True
1993-05-10,34.74,6.4,13.428572,19.457142,6.471429,65.6,3.2000003,0.91428566,3.3,5.7285714,15.542857,3.52934e-05,0.0028761476,-7.345365000000001e-25,7.450581e-09,0.0,True
1993-05-17,34.74,3.3999999,16.557142,23.785715,8.671429,58.61429,4.114286,0.9571429,4.2000003,5.5,19.042856,5.3420663e-05,0.0026385412,-7.345365000000001e-25,7.450581e-09,0.0,True
1993-05-24,34.74,33.0,17.285715,22.828571,11.771429,70.67143,3.2571428,1.2285715,3.457143,6.042857,18.642857,0.001577206,0.002412647,-7.345365000000001e-25,3.7252903e-09,0.0,True
1993-05-31,34.742772626365266,22.6,14.342857,19.742859,9.242858,79.27143,2.7857144,2.457143,2.7571428,7.0142856,17.214285,0.0006889105,0.0022561997,-7.345365000000001e-25,1.4901161e-08,0.0,True
1993-06-07,34.74,8.7,16.914288,22.357143,10.17143,69.25715,3.4142857,2.757143,3.7285714,7.042857,20.12857,0.00017975271,0.002141811,-7.345365000000001e-25,3.7252903e-09,0.0,True
1993-06-14,34.75,43.5,17.328571,22.885714,12.328572,73.28571,3.3714287,2.614286,3.3999999,6.9714284,20.37143,0.0011700243,0.002030246,-7.345365000000001e-25,0.0,0.0,True
1993-06-21,34.75,33.1,14.371429,18.657145,10.028572,78.48572,2.7142856,2.442857,2.6000001,8.028571,16.757143,0.0013443083,0.0019744188,-7.345365000000001e-25,3.7252903e-09,0.0,True
1993-06-28,34.75,14.4,13.257143,17.87143,9.557143,74.67143,2.642857,2.3285716,2.8,7.571429,16.414286,0.0001936853,0.0019553602,-7.345365000000001e-25,7.450581e-09,0.0,True
1993-07-05,34.75,1.5,18.114286,24.385714,9.971429,68.185715,3.7999997,2.7428572,4.214286,6.6,21.685715,4.87864e-05,0.001916863,-7.345365000000001e-25,7.450581e-09,0.0,True
1993-07-12,34.75,6.2,15.328572,20.085714,10.6285715,69.84286,3.1285717,2.3428574,3.357143,6.385714,17.62857,9.094179e-05,0.0018615723,-7.345365000000001e-25,7.450581e-09,0.0,True
1993-07-19,34.760000000000005,36.3,15.928572,20.77143,11.814286,82.14286,2.6000001,2.2714286,2.6571429,6.614286,18.87143,0.00040517747,0.0018106326,-7.345365000000001e-25,7.450581e-09,0.0,True
1993-07-26,34.760000000000005,21.7,15.542857,20.742859,11.400001,78.457146,2.8142858,2.6142857,2.8714287,7.285714,17.714285,0.00026984513,0.0017668232,-7.345365000000001e-25,1.4901161e-08,0.0,True
1993-08-02,34.75,45.3,17.6,22.714285,12.2,82.24286,2.7428572,2.5857143,2.5142858,8.528571,19.142857,0.0017101765,0.0017369911,-7.345365000000001e-25,1.4901161e-08,0.0,True
1993-08-09,34.730000000000004,14.6,17.257143,22.228573,13.342857,82.98572,2.4428573,2.2571428,2.4714284,8.585714,19.87143,0.0006524995,0.001747191,-7.345365000000001e-25,1.4901161e-08,0.0,True
1993-08-16,34.730000000000004,12.799999,17.5,23.542858,11.385715,75.22858,3.0285716,2.6285713,3.1285713,8.557143,19.428572,0.0016978085,0.0017904192,-7.345365000000001e-25,1.6763806e-08,0.0,True
1993-08-23,34.72,5.5,14.2,20.071428,9.7,77.35714,2.1571429,1.7285715,2.6000001,7.8285713,18.685715,0.0004248768,0.0018181503,-7.345365000000001e-25,5.5879354e-09,0.0,True
1993-08-30,34.73047015857378,6.5,12.314286,17.957144,7.571429,81.88572,1.7428572,1.4285715,2.0428572,7.757143,15.4,0.00012022257,0.0018353909,-7.345365000000001e-25,3.7252903e-09,0.0,True
1993-09-06,34.72,18.8,11.928572,16.4,8.2,85.78571,1.4714286,1.3714286,1.5714285,8.085714,13.8714285,0.00022800267,0.001851432,-7.345365000000001e-25,1.1175871e-08,0.0,True
1993-09-13,34.72,27.8,13.414286,18.37143,8.8714285,87.4,1.2285715,1.1285714,1.5285714,8.914286,15.071428,0.004703462,0.0018785894,-7.345365000000001e-25,7.450581e-09,0.0,True
1993-09-20,34.72,21.300001,11.014285,16.185715,6.9000006,82.52857,1.3000001,1.2142857,1.4857142,9.542857,12.3,0.0021269917,0.002051577,-7.345365000000001e-25,3.7252903e-09,0.0,True
1993-09-27,34.72,2.1,13.785714,17.0,11.400001,87.87144,0.8714286,0.7999999,1.0571429,9.3,14.157143,0.00023467839,0.0023589656,-7.345365000000001e-25,7.450581e-09,0.0,True
1993-10-04,34.72,4.5,10.757143,15.342857,6.857143,79.14286,1.0285714,0.9,1.3285714,9.157143,11.657143,0.00010576099,0.0025898516,-7.345365000000001e-25,7.450581e-09,0.0,True
1993-10-11,34.72,7.0,12.171428,17.9,7.042857,84.94286,0.92857134,0.8285714,1.0571429,9.171429,12.657143,0.00035563856,0.0027206764,-7.345365000000001e-25,5.5879354e-09,0.0,True
1993-10-18,34.72,5.9,7.714286,13.285714,4.0285716,80.700005,0.8285714,0.78571427,0.9285714,9.385715,9.014286,0.00017003715,0.0028572157,-7.345365000000001e-25,9.313226e-09,0.0,True
1993-10-25,34.72,1.0,4.6,8.428572,1.2285715,84.685715,0.48571426,0.42857143,0.59999996,9.2,5.5571427,3.9115548e-05,0.0030024573,-7.345365000000001e-25,1.8626451e-09,0.0,True
1993-11-01,34.71,0.0,3.9714286,7.1285715,1.2,90.58572,0.24285717,0.20000002,0.37142855,9.185715,4.857143,1.334399e-05,0.0030878708,-7.345365000000001e-25,7.450581e-09,2.9802322e-08,True
1993-11-08,34.7,5.1,3.6142857,4.871429,1.9714286,97.78571,0.15714286,0.15714286,0.27142859,9.185715,3.7571428,9.30205e-05,0.0031164438,-7.345365000000001e-25,1.8626451e-08,0.0,True
1993-11-15,34.7,15.800001,4.785714,7.585715,2.5857143,88.87142,0.35714287,0.35714287,0.42857143,9.6,4.2714286,0.00029163063,0.0031196326,1.1557624e-05,0.00010093674,0.0001238063,True
1993-11-22,34.69,8.8,-2.1857142,-0.27142856,-4.3285713,88.24286,0.042857144,0.042857144,0.31428573,10.171429,0.15714286,4.5225024e-06,0.003142938,0.001233152,6.9942325e-06,0.0074616373,True
1993-11-29,34.70538213089557,1.2,-4.6714287,-1.6142857,-8.1,88.67143,0.014285714,0.014285714,0.17142858,10.214286,-0.74285716,5.2005053e-06,0.0031914786,0.008754424,0.00021515787,0.0031028353,True
1993-12-06,34.69,2.6999998,2.6142857,4.7999997,-1.3285714,87.42857,0.24285714,0.24285714,0.4714286,10.157143,1.2571429,0.000295043,0.0032178462,0.0045066276,0.010939084,0.0009528622,True
1993-12-13,34.68,35.7,4.5285716,6.6285715,2.5,84.557144,0.7,0.7,0.7285715,10.6285715,3.057143,0.0013863444,0.0033093467,0.0006847211,0.0037487596,0.007603459,True
1993-12-20,34.67,10.4,4.642857,7.585715,2.2857144,83.98572,0.59999996,0.59999996,0.7428571,10.7,3.0857143,0.00056780875,0.003718786,0.0015949352,0.004721582,0.0005946867,True
1993-12-27,34.660000000000004,27.4,1.3285714,2.6714287,0.27142859,92.88572,0.25714287,0.25714287,0.24285714,10.885715,0.98571426,0.00043079257,0.004342802,0.00755863,0.004355248,0.021550238,True
1994-01-03,34.68,26.6,2.1714287,4.1,0.25714284,91.15715,0.375,0.375,0.27142859,10.925,1.55,0.004255198,0.0061524883,0.008673838,0.01834793,0.0059275813,True
1994-01-10,34.730000000000004,8.6,4.1,5.9000006,2.1000001,89.34286,0.34285712,0.34285712,0.34285715,10.614285,2.7428572,0.00071083754,0.008872941,0.0011309215,0.0054694824,0.0,True
1994-01-17,34.77,7.3999996,3.4428575,5.6714287,1.4714288,83.84286,0.51428574,0.51428574,0.54285717,10.3714285,3.0714285,0.0004055351,0.010487519,3.4933997e-05,0.00012336299,0.00021987408,True
1994-01-24,34.8,16.3,3.0142858,4.7999997,0.61428577,86.442856,0.51428574,0.51428574,0.5857143,10.457143,1.3571428,0.0012806058,0.010558777,0.0011935461,0.0037298687,0.0036115646,True
1994-01-31,34.882458341749874,59.4,4.3428574,7.3,1.7571429,85.37144,1.0142858,1.0142858,0.6857143,11.157143,3.2142856,0.005178295,0.013047293,0.0003156208,0.0015851408,0.0016634017,True
1994-02-07,34.88,0.90000004,2.0,3.757143,0.45714286,82.75714,0.47142857,0.45714286,0.5714286,10.257143,1.5285715,3.5114586e-05,0.014535017,0.00046273074,0.0004908368,0.00073168427,True
1994-02-14,34.96,3.0,-0.6142856,2.5714285,-2.6714287,75.14286,0.24285714,0.24285714,0.6571428,10.114285,0.5857143,0.00014898181,0.013835356,0.0006819339,0.00050607696,0.0011339486,True
1994-02-21,35.0,5.0,-4.914286,-0.34285715,-9.085714,70.87143,0.10000001,0.08571429,0.6,10.114285,-2.2714286,7.8976154e-07,0.012665324,0.0021383478,2.4858862e-05,0.0068304166,True
1994-02-28,35.010000000000005,10.5,-0.8142858,3.0714285,-5.614286,87.542854,0.24285714,0.24285714,0.44285718,10.257143,-0.24285714,0.00025580823,0.011411071,0.008097762,0.009789344,0.004434768,True
1994-03-07,35.1,11.1,4.6857142,8.014286,1.9285715,83.185715,1.0,1.0,0.9,10.3714285,2.8714285,0.00052928925,0.010418698,0.00063516415,0.0020229835,8.940697e-07,True
1994-03-14,35.18,14.4,7.414286,11.2,4.085715,80.37144,1.2857143,1.2142857,1.1857144,10.214286,6.457143,0.00023818761,0.009913124,1.1637097e-06,1.4247373e-05,0.0,True
1994-03-21,35.21,31.800001,2.9428573,6.5,1.1,87.21429,1.1714286,1.1714286,0.9,11.057143,4.0142856,0.0013324171,0.009510137,0.0011155208,0.003409652,0.006598767,True
1994-03-28,35.24,19.0,6.571429,10.414286,2.1571429,76.457146,1.5857142,1.5857142,1.5285715,10.6,6.5,0.0019708648,0.009825021,0.0005018768,0.003223626,8.419156e-07,True
1994-04-04,35.28,13.2,7.585715,12.557143,3.757143,79.22858,1.8285713,1.7285713,1.5857143,10.057143,8.257143,0.0018041581,0.010490403,5.1089696e-08,1.1418015e-06,0.0,True
1994-04-11,35.33,11.6,5.5285716,9.942858,0.90000004,79.17143,1.4285713,1.3428572,1.3857143,10.0,7.285714,0.0008020103,0.010425694,0.00027289844,0.0011554137,0.0011688583,True
1994-04-18,35.38,29.8,6.6857142,11.471429,3.0285716,78.44286,1.557143,1.5142858,1.5857143,10.742857,8.514286,0.0069791824,0.014332451,4.9386705e-07,6.822869e-06,0.0,True
1994-04-25,35.480000000000004,0.6,11.642858,18.728573,3.6285717,61.142857,2.9428573,2.3428571,3.1142857,9.428572,13.471429,5.915761e-06,0.0137299,-7.345365000000001e-25,3.7252903e-09,0.0,True
1994-05-02,35.5,1.0,12.7,18.571428,8.328571,73.5,2.5142858,1.9142858,2.7285714,8.3714285,15.8,2.5704503e-05,0.01183328,-7.345365000000001e-25,3.7252903e-09,0.0,True
1994-05-09,35.54,9.8,12.685715,18.171429,5.8714285,67.07143,3.2142856,2.3,3.3285713,7.714286,14.885715,0.00013837218,0.009928808,-7.345365000000001e-25,0.0,0.0,True
1994-05-16,35.55,4.3,15.67143,21.557144,8.357142,63.44286,3.5285714,1.8285713,3.7571428,6.8428574,17.471428,7.289648e-05,0.008264527,-7.345365000000001e-25,7.450581e-09,0.0,True
1994-05-23,35.57,34.3,13.557143,18.728573,8.385715,79.9,2.4142857,1.8571428,2.5285716,7.7285714,16.057142,0.00032249093,0.0069741905,-7.345365000000001e-25,3.7252903e-09,0.0,True
1994-05-30,35.61439720200921,7.2,12.6,17.142857,8.557143,76.08572,2.2428572,1.9285715,2.6714287,8.471429,15.928572,0.00010293722,0.0060584173,-7.345365000000001e-25,0.0,0.0,True
1994-06-06,35.63,4.3999996,14.214286,19.314287,8.342857,70.15714,2.9714284,2.5428574,3.2571428,8.0,16.242857,0.0002747327,0.005316183,-7.345365000000001e-25,0.0,0.0,True
1994-06-13,35.69,37.2,13.557143,18.357143,8.971429,80.07143,2.5428574,2.2142859,2.6857142,8.071428,16.9,0.0034873188,0.0047589317,-7.345365000000001e-25,3.7252903e-09,0.0,True
1994-06-20,35.71,6.0,14.285714,19.242857,9.042857,72.02857,3.085714,2.3999999,3.357143,7.5,16.985714,5.966425e-05,0.0043557733,-7.345365000000001e-25,7.450581e-09,0.0,True
1994-06-27,35.730000000000004,0.1,19.042858,25.014286,11.728571,60.157143,4.357143,2.6142857,4.7714286,6.6285715,21.285715,1.822412e-05,0.0039798617,-7.345365000000001e-25,1.4901161e-08,0.0,True
1994-07-04,35.7,3.6,22.285715,29.228573,12.728571,55.614285,4.9428573,2.1571429,5.357143,5.785714,24.814285,7.852167e-05,0.0035639927,-7.345365000000001e-25,1.1175871e-08,0.0,True
1994-07-11,35.68,23.4,18.600002,24.214285,13.414286,74.74286,3.2999997,2.2571428,3.6,6.2714286,22.171429,0.000305593,0.003207624,-7.345365000000001e-25,1.4901161e-08,0.0,True
1994-07-18,35.65,6.4,22.642857,28.457144,15.071428,58.157143,4.5571427,2.2,4.9,5.5,25.285715,5.0470233e-05,0.0028934851,-7.345365000000001e-25,1.1175871e-08,0.0,True
1994-07-25,35.63,0.0,23.428572,31.114286,12.385715,44.157143,5.357143,0.82857144,5.5,4.928571,25.557142,7.4505806e-08,0.002603732,-7.345365000000001e-25,1.1175871e-08,0.0,True
1994-08-01,35.63,17.9,26.042858,33.600002,18.1,55.97143,4.7428575,0.7571429,5.2714286,4.714286,27.928572,6.210804e-05,0.0023295507,-7.345365000000001e-25,1.4901161e-08,0.0,True
1994-08-08,35.63,4.0,22.185715,29.285715,15.071428,61.17143,4.142857,0.95714283,4.3714285,4.6857142,25.9,6.7323446e-05,0.0020943284,-7.345365000000001e-25,7.450581e-09,0.0,True
1994-08-15,35.64,49.600002,16.814287,22.2,12.957144,74.94286,2.7,1.5714287,2.7571428,5.5571427,19.714285,0.00080145895,0.0019072518,-7.345365000000001e-25,1.1175871e-08,0.0,True
1994-08-22,35.65,44.800003,15.5,21.4,10.2,76.1,2.4285715,2.1000001,2.6714287,6.8428574,17.957144,0.00041423738,0.001775369,-7.345365000000001e-25,1.3038516e-08,0.0,True
1994-08-29,35.6200734009747,37.8,17.028572,21.642857,12.742858,78.78571,2.2285714,2.0714285,2.5,8.085714,19.028572,0.0023092031,0.0016811416,-7.345365000000001e-25,1.4901161e-08,0.0,True
1994-09-05,35.620000000000005,23.3,15.757143,20.2,11.542857,82.18572,1.7714285,1.642857,1.9714286,8.228572,17.471428,0.000214234,0.001621753,-7.345365000000001e-25,1.1175871e-08,0.0,True
1994-09-12,35.59,24.1,13.942858,17.37143,11.1285715,82.25714,1.5142857,1.5,1.7571429,8.885715,14.985714,0.00084002316,0.001584813,-7.345365000000001e-25,9.313226e-09,0.0,True
1994-09-19,35.58,12.8,12.657143,15.971429,9.857142,84.48572,1.3714285,1.3428572,1.4857142,9.771428,13.771428,0.00056929886,0.0015684441,-7.345365000000001e-25,9.313226e-09,0.0,True
1994-09-26,35.56,1.6,12.228572,18.314287,7.585715,87.957146,1.0857142,0.95714283,1.2857143,9.671429,14.342857,3.0644238e-05,0.001591891,-7.345365000000001e-25,5.5879354e-09,0.0,True
1994-10-03,35.56,6.2000003,11.071428,15.042857,7.228572,83.1,0.85714287,0.7571429,1.1,9.385715,12.928572,0.00014615059,0.0016118139,-7.345365000000001e-25,7.450581e-09,0.0,True
1994-10-10,35.55,2.3,4.357143,10.528571,0.17142856,84.200005,0.68571424,0.62857145,0.7571429,9.428572,7.357143,2.0563602e-05,0.0016238093,-7.345365000000001e-25,0.0,0.0,True
1994-10-17,35.54,0.1,6.614286,13.300001,1.8285714,85.08572,0.5857143,0.5,0.67142856,9.228572,8.757143,2.8163195e-06,0.0016291663,-7.345365000000001e-25,1.8626451e-09,0.0,True
1994-10-24,35.53,3.2,7.2714286,11.900001,2.257143,70.97143,0.9285715,0.8,1.1999999,8.9,6.885714,3.8601458e-05,0.0016249195,-7.345365000000001e-25,1.8626451e-09,0.0,True
1994-10-31,35.508065515233874,28.0,9.400001,13.185715,5.957143,86.314285,0.8000001,0.7571429,0.67142856,9.057143,8.757143,0.0007044375,0.001616098,-7.345365000000001e-25,1.1175871e-08,0.0,True
1994-11-07,35.510000000000005,0.4,8.171429,12.7,4.1857142,82.957146,0.61428565,0.5857143,0.61428577,9.7,7.4142857,1.0371208e-05,0.0016348958,-7.345365000000001e-25,0.0,0.0,True
1994-11-14,35.480000000000004,6.0,5.3857145,7.6285715,2.3428574,85.14286,0.37142858,0.34285715,0.5142857,9.514286,5.4,0.00010435283,0.001685828,3.2413573e-06,1.0810792e-05,1.15297735e-05,True
1994-11-21,35.46,20.1,7.8,10.571428,4.871429,89.1,0.64285713,0.64285713,0.4857143,10.442857,6.9857144,0.00029554963,0.0017335638,1.1353266e-08,8.009374e-07,0.0,True
1994-11-28,35.43,6.7000003,6.914286,9.157144,4.5,93.185715,0.27142859,0.27142859,0.2857143,10.3,6.2285714,0.00013255328,0.00180538,-7.345365000000001e-25,0.0,0.0,True
1994-12-05,35.42,2.9,4.785714,7.8142858,1.8285714,88.314285,0.25714284,0.25714284,0.21428572,10.2,3.8142858,5.3331256e-05,0.0018935353,-7.345365000000001e-25,2.4214387e-08,2.2351742e-08,True
1994-12-12,35.4,12.9,7.085715,9.1,3.1285717,86.38572,0.6857143,0.6857143,0.54285717,10.485714,5.428571,0.0003003627,0.0019770786,-7.345365000000001e-25,1.8626451e-09,0.0,True
1994-12-19,35.4,1.4,1.7,4.971429,-0.51428574,89.6,0.2857143,0.2857143,0.21428572,10.528571,2.0,9.350479e-05,0.0020836666,0.000435358,0.00064890087,0.0011931099,True
1994-12-26,35.39,3.3999999,0.07142854,1.6428572,-2.3857143,91.799995,0.08571429,0.08571429,0.20000002,10.2,0.2,1.6495585e-05,0.0022043958,0.0005405233,0.00026263297,0.0013641529,True
1995-01-02,35.370000000000005,19.4,5.5285716,8.514286,3.1285713,84.42857,0.76,0.74,0.6857143,10.74,4.46,0.0009165853,0.0023525506,0.00071129913,0.0027902573,0.003550671,True
1995-01-09,35.370000000000005,9.9,-5.5285716,-2.614286,-9.171428,88.185715,0.028571429,0.028571429,0.057142857,10.3714285,-1.1142857,0.00010198355,0.0026357844,0.0029627483,0.0010262821,0.004006982,True
1995-01-16,35.35,5.3,1.4714286,3.6714287,-0.64285713,85.94286,0.42857143,0.4142857,0.35714287,10.471429,-0.028571429,0.0002746582,0.0028855354,0.004336567,0.0048659313,0.0015614368,True
1995-01-23,35.33,20.9,2.7857144,5.8857145,0.08571427,81.38572,0.6857143,0.6714286,0.61428577,10.385715,0.5857143,0.0007810071,0.0031351075,0.0015630836,0.0027237982,0.0008867048,True
1995-01-30,35.346172068980124,22.3,4.4,7.7999997,1.6,88.057144,0.8142857,0.8,0.5714286,10.914286,3.1857142,0.0026300922,0.0035922378,0.0019394386,0.010471279,0.010665085,True
1995-02-06,35.38,3.5,5.428571,7.914286,1.7,82.92857,0.64285713,0.6571428,0.67142856,10.471429,3.3142858,0.00016830862,0.0048861504,0.00023872512,0.00087740086,3.0502677e-05,True
1995-02-13,35.4,24.0,3.7142856,7.0428576,0.2142857,85.14286,0.7714286,0.7714286,0.5714286,10.485714,3.2142856,0.00085403025,0.0058625937,0.0019120432,0.0066728536,0.006621711,True
1995-02-20,35.410000000000004,17.300001,6.0,9.414286,3.2142856,81.77143,1.2285715,1.2142857,0.9285714,10.471429,5.2,0.001211226,0.0070933625,2.4823916e-05,0.0002565086,0.0,True
1995-02-27,35.43,4.7000003,3.642857,7.2428575,0.78571427,81.314285,0.8571429,0.8571429,0.85714287,10.214286,3.7428572,0.00013379008,0.008146659,2.3558027e-06,4.6417117e-06,1.9527972e-05,True
1995-03-06,35.480000000000004,5.6,4.7571425,8.6,1.4428571,79.1,1.1857144,1.1142857,1.0428572,10.0,4.1857142,0.00015164912,0.00841555,2.7208102e-05,0.00015882775,0.00020258129,True
1995-03-13,35.510000000000005,0.3,3.0142858,8.4,-1.3428571,76.57143,1.1857144,1.0142857,1.1142857,9.6285715,3.9142857,4.272163e-05,0.008245364,0.00014791603,0.0005093459,0.00049424917,True
1995-03-20,35.56,14.1,2.6714287,6.5,-0.44285712,80.48572,1.1285714,1.0714285,1.1428572,9.6285715,2.9714286,0.000294514,0.007913649,0.00080495223,0.0035168678,0.0035560802,True
1995-03-27,35.58,16.8,5.0,9.757143,1.0142858,74.82857,1.7142857,1.5714285,1.5714285,9.642858,5.6285715,0.0005991012,0.0075328797,0.0002331904,0.0004523974,0.0029384121,True
1995-04-03,35.6,15.3,4.928571,8.671429,1.2857143,81.14286,1.4571428,1.4428571,1.3285714,10.171429,5.071429,0.00047117472,0.007247366,0.004151719,0.010756742,0.008575454,True
1995-04-10,35.6,9.8,6.285714,10.357142,2.3714287,76.32857,1.6999999,1.5571429,1.6857144,9.6,7.5571427,0.00034099817,0.0071564317,1.2602125e-06,1.0659918e-05,0.0,True
1995-04-17,35.63,13.4,6.057143,10.314286,1.457143,83.64286,1.4,1.2857143,1.3428571,9.428572,7.8428574,0.00041373074,0.007068962,2.6288486e-05,0.00023760647,0.0003923066,True
1995-04-24,35.64,10.299999,11.214286,17.542858,4.557143,70.17143,2.7571428,2.4428573,2.8857143,9.857142,11.528571,0.001953885,0.007132612,1.7569178e-05,0.00016996264,2.5071204e-06,True
1995-05-01,35.64,0.70000005,10.657144,16.114286,5.114286,68.77143,2.4142857,1.9142857,2.6857142,8.785714,13.757143,2.4691224e-05,0.0071576163,-7.345365000000001e-25,0.0,0.0,True
1995-05-08,35.65,7.5,13.514287,20.642857,5.214286,63.028572,3.5,2.5142856,3.542857,7.6857142,17.028572,3.671646e-05,0.00671421,-7.345365000000001e-25,1.8626451e-09,0.0,True
1995-05-15,35.660000000000004,3.9,8.471429,12.67143,4.471429,75.12858,1.9571428,1.5857142,2.1142857,7.285714,11.3714285,0.00012354553,0.006148435,-7.345365000000001e-25,0.0,0.0,True
1995-05-22,35.660000000000004,6.8,9.8714285,15.342857,4.0142856,70.48572,2.3714287,1.8571428,2.6857142,7.3285713,13.6,0.00010852516,0.0056000575,-7.345365000000001e-25,0.0,0.0,True
1995-05-29,35.655593597757054,3.7,17.842857,24.614286,9.971429,63.399998,3.8142858,2.5285716,4.214286,6.714286,19.714285,0.00012899935,0.0050183386,-7.345365000000001e-25,1.1175871e-08,0.0,True
1995-06-05,35.660000000000004,78.200005,13.085714,16.928572,9.214286,84.957146,1.8714286,1.6285714,1.9571428,7.8,16.5,0.00067715347,0.0045542866,-7.345365000000001e-25,7.450581e-09,0.0,True
1995-06-12,35.660000000000004,8.6,13.142858,18.285715,7.4,72.75715,2.2857144,2.0285714,3.0142858,8.1285715,16.428572,0.00010818243,0.004236147,-7.345365000000001e-25,3.7252903e-09,0.0,True
1995-06-19,35.64,9.0,13.485715,18.171429,9.157143,78.442856,2.3999999,2.1571429,2.6714287,8.3714285,15.928572,0.00021830201,0.0039713904,-7.345365000000001e-25,7.450581e-09,0.0,True
1995-06-26,35.63,7.8,17.071428,22.27143,10.228571,72.38572,3.3,2.7428572,3.6142857,7.757143,19.014286,7.458031e-05,0.0037172288,-7.345365000000001e-25,1.1175871e-08,0.0,True
1995-07-03,35.61,9.2,19.114286,25.728573,11.228571,62.657143,4.2428575,2.8714283,4.642857,6.5857143,22.7,0.00014570355,0.0034090579,-7.345365000000001e-25,1.1175871e-08,0.0,True
1995-07-10,35.6,0.0,20.657145,26.942858,13.485715,61.785713,4.1857142,2.2571428,4.6857142,6.0,23.042856,6.452203e-06,0.0031180829,-7.345365000000001e-25,1.1175871e-08,0.0,True
1995-07-17,35.59,28.4,21.485716,28.457142,15.071428,73.3,3.7714288,1.957143,4.0,5.6714287,24.8,0.0003182739,0.0028343722,-7.345365000000001e-25,1.4901161e-08,0.0,True
1995-07-24,35.58,5.4,20.300001,26.714285,13.885715,68.457146,3.7428572,2.2428572,4.042857,5.6285715,23.22857,7.211417e-05,0.002605252,-7.345365000000001e-25,1.1175871e-08,0.0,True
1995-07-31,35.563872090809035,2.0,22.057144,28.857143,13.385715,55.75714,4.485714,1.3714286,4.928571,5.1571426,24.257143,1.950562e-05,0.002378054,-7.345365000000001e-25,1.1175871e-08,0.0,True
1995-08-07,35.55,0.0,21.47143,28.600002,13.357142,53.68571,4.342857,0.58571434,4.8857145,4.857143,24.7,2.5480986e-06,0.0021583214,-7.345365000000001e-25,1.1175871e-08,0.0,True
1995-08-14,35.53,0.0,20.142857,28.071428,10.528572,49.414284,4.042857,0.55714285,4.3285713,4.6571426,23.685715,5.3048134e-06,0.0019593537,-7.345365000000001e-25,7.450581e-09,0.0,True
1995-08-21,35.49,0.0,20.928572,28.542858,12.285714,60.985718,3.2142856,0.5142857,3.4428573,4.642857,23.214285,8.895993e-06,0.0017914847,-7.345365000000001e-25,1.1175871e-08,0.0,True
1995-08-28,35.480000000000004,22.5,17.942858,24.442858,13.185715,71.52857,2.6571429,1.1428572,2.857143,4.8285713,20.585714,8.5935e-05,0.001640372,-7.345365000000001e-25,1.1175871e-08,0.0,True
1995-09-04,35.46,16.3,12.614286,17.385715,8.714286,77.25714,1.6142857,1.3285714,2.0142858,5.7,14.485714,0.00013069808,0.0015276447,-7.345365000000001e-25,7.450581e-09,0.0,True
1995-09-11,35.46,9.4,15.857142,21.542858,10.900001,75.97143,2.0285714,1.6999999,2.3285713,6.1714287,16.942858,8.234382e-05,0.0014312565,-7.345365000000001e-25,1.4901161e-08,0.0,True
1995-09-18,35.45,1.3000001,14.7,21.37143,9.057143,77.12858,1.5285715,1.2,1.9,6.1571426,17.157143,7.879734e-05,0.0013442114,-7.345365000000001e-25,7.450581e-09,0.0,True
1995-09-25,35.45,33.6,12.971429,17.057144,9.471429,84.21429,1.0857143,0.9285715,1.4,6.857143,14.528571,0.000206694,0.001270622,-7.345365000000001e-25,5.5879354e-09,0.0,True
1995-10-02,35.43,27.5,9.0,13.242858,6.357143,83.74286,1.057143,1.0428572,1.2285715,8.142858,10.2,0.00025492907,0.0012130067,-7.345365000000001e-25,5.5879354e-09,0.0,True
1995-10-09,35.410000000000004,2.4,15.900001,21.9,10.714286,81.34286,1.1999999,1.0142857,1.4285715,8.242857,15.8,4.6908855e-05,0.0011649579,-7.345365000000001e-25,5.5879354e-09,0.0,True
1995-10-16,35.4,0.5,14.599999,18.742859,11.357142,87.35714,0.61428577,0.47142857,0.8,7.9714284,15.357142,1.823157e-05,0.0011236891,-7.345365000000001e-25,1.8626451e-09,0.0,True
1995-10-23,35.38,1.3000001,8.942858,14.6,4.342857,80.51429,0.72857136,0.6285714,0.9285714,7.928571,10.457143,7.1525574e-06,0.0010902584,-7.345365000000001e-25,7.450581e-09,0.0,True
1995-10-30,35.382747914643886,2.1,9.1285715,15.471429,3.6857145,85.27143,0.59999996,0.5,0.6714286,7.8285713,9.742857,2.0831823e-05,0.0010585934,-7.345365000000001e-25,7.450581e-09,0.0,True
1995-11-06,35.370000000000005,15.299999,3.6714287,7.057143,-0.014285667,84.15715,0.5857143,0.51428574,0.61428577,8.285714,4.3142858,0.00017224997,0.0010315701,0.0008132344,0.00087365136,0.0021055248,True
1995-11-13,35.34,7.3,5.071429,7.442857,2.1000001,89.6,0.3,0.2857143,0.3857143,8.8714285,4.857143,8.0794096e-05,0.0010091364,0.00027365913,0.0011717007,5.2154064e-07,True
1995-11-20,35.32,17.3,3.8857143,7.457143,0.7000001,82.27143,0.42857143,0.42857143,0.5,9.042857,3.5714285,0.0001712367,0.0009901822,0.0002953609,0.00017349795,0.0016754568,True
1995-11-27,35.32,0.1,2.0714285,5.8142858,-1.4285715,84.957146,0.20000002,0.15714286,0.21428572,9.414286,1.2714286,2.2426248e-05,0.0009752661,0.0007487195,0.0013276283,0.0,True
1995-12-04,35.32,0.70000005,-1.1285714,0.32857147,-2.3714287,88.12858,0.014285714,0.014285714,0.3285714,9.471429,-0.3,8.612871e-06,0.00096444786,0.00043646494,4.888326e-05,0.00073704496,True
1995-12-11,35.32,2.6,-2.057143,-0.8000001,-4.157143,87.35714,0.028571429,0.028571429,0.34285715,9.571428,-1.4857143,2.0071864e-05,0.00095596164,0.0023319211,0.0010186341,0.0026188605,True
1995-12-18,35.32,1.0,-1.8000001,-0.3,-3.2285714,89.97143,0.042857144,0.028571429,0.27142859,9.6,-1.4142857,1.6309321e-05,0.0009486526,0.0030814637,0.00024525076,0.0020368807,True
1995-12-25,35.31,18.7,-0.35714287,2.857143,-4.3142858,91.51429,0.10000001,0.10000001,0.24285714,10.057143,-0.8857143,0.0003695041,0.00094228983,0.0035155502,0.0049380213,0.003334634,True
1996-01-01,35.29,0.5,-7.6285715,-4.428571,-10.614286,84.07143,0.016666668,0.0,0.10000001,10.35,-2.9333334,8.34465e-07,0.0009412542,0.0037789005,0.0,0.0017134324,True
1996-01-08,35.260000000000005,0.3,-3.4428573,-1.1999999,-6.585715,86.51428,0.028571429,0.028571429,0.24285714,10.242857,-2.9571428,2.1763146e-05,0.0009467006,0.0043083145,0.00089797005,0.00037921965,True
1996-01-15,35.25,0.2,0.02857144,2.4285715,-1.9285715,93.5,0.1,0.1,0.14285715,10.142858,-0.3857143,3.232062e-05,0.0009537786,0.0025654803,0.0018119309,4.155934e-05,True
1996-01-22,35.230000000000004,0.3,-3.4285715,-1.5142858,-4.785714,87.685715,0.0,0.0,0.34285715,10.1,-2.9,3.2931566e-06,0.00096179545,0.002203351,0.00014512241,0.0009089969,True
1996-01-29,35.2137782895023,0.0,-8.0,-4.571429,-11.428572,69.91429,0.0,0.0,0.4714286,10.028571,-6.9142857,1.1920929e-07,0.00097017735,0.0040944987,0.0,0.00477089,True
1996-02-05,35.22,1.9000001,-5.371429,-1.3000001,-9.528572,82.64286,0.0,0.0,0.25714287,10.057143,-3.7714286,2.078712e-06,0.0009774715,0.007101553,9.988062e-05,0.0027717538,True
1996-02-12,35.19,6.7999997,-6.7571425,-2.8142858,-11.8,74.14286,0.14285715,0.12857142,0.44285712,10.1,-4.4,8.203089e-05,0.0009834617,0.008028098,0.0020983368,0.0033947937,True
1996-02-19,35.18,14.3,1.0285714,2.9714286,-0.78571427,88.71429,0.41428572,0.40000004,0.5142857,10.3714285,-1.1895247e-17,0.0007548705,0.0009887815,0.009509631,0.011939121,0.008398481,True
1996-02-26,35.160000000000004,8.3,-2.5285716,1.7714285,-6.9857144,81.185715,0.3857143,0.35714287,0.62857145,10.428572,0.1,0.00016560405,0.0010145679,0.010138301,0.006590143,0.0064253584,True
1996-03-04,35.15,0.1,-0.114285745,3.6285717,-2.8285716,78.185715,0.54285717,0.47142857,0.7571429,9.928572,0.37142858,8.6180866e-05,0.0010676757,0.0029007536,0.0033286326,0.001004234,True
1996-03-11,35.13,0.6,0.08571427,3.4,-2.7428572,71.25714,0.7571429,0.6571428,1.1285714,9.685715,0.25714287,5.683303e-05,0.0011335015,0.0022954543,0.0012822133,0.0017818213,True
1996-03-18,35.120000000000005,0.1,0.014285752,2.3142858,-2.0285716,75.85714,0.41428572,0.32857147,0.95714283,9.528571,-0.028571429,3.0100346e-05,0.0011940971,0.002299269,0.0015098322,0.0006720014,True
1996-03-25,35.1,5.3,2.9,7.3,-1.6000001,85.15715,0.7428571,0.67142856,0.8714286,9.3,2.642857,0.00012148917,0.0012397021,0.00041027297,0.0012287237,3.46452e-07,True
1996-04-01,35.08,2.6,0.7571429,5.3142858,-2.2142856,76.14286,1.1,0.95714283,1.2714285,9.114285,2.4571428,0.00011380017,0.001272291,0.00083407335,0.0011906419,0.003567513,True
1996-04-08,35.07,0.0,4.9428573,11.342857,-1.6142857,70.98572,1.4285715,1.1,1.6857141,8.728572,5.457143,5.3584576e-05,0.0012972951,0.00095714844,0.00244594,0.0003496185,True
1996-04-15,35.05,4.4,4.714286,10.2,-0.9857143,69.58572,1.4714286,1.2142857,1.6714286,8.357142,6.5571427,0.00010043383,0.0013113618,0.00026031336,0.00088435225,0.0010952093,True
1996-04-22,35.03,0.0,14.114286,23.27143,3.057143,46.62857,3.985714,2.742857,3.642857,7.357143,14.4,3.3006072e-06,0.0013037473,2.8417224e-05,0.0001928974,0.0,True
1996-04-29,35.037727082105086,18.900002,12.528572,18.571428,7.2714286,68.71429,2.7,1.9285715,2.8714287,6.8428574,14.914286,0.00017145276,0.0012744516,-7.345365000000001e-25,0.0,0.0,True
1996-05-06,35.02,11.3,9.8,14.557143,3.7142856,72.48571,2.0142856,1.4857143,2.0857143,6.5857143,12.257143,7.246435e-05,0.0012518018,-7.345365000000001e-25,0.0,0.0,True
1996-05-13,35.010000000000005,10.0,8.614286,11.142858,5.7571435,83.02857,1.2,0.9428571,1.3428571,6.785714,9.828571,0.00022779405,0.0012284517,-7.345365000000001e-25,0.0,0.0,True
1996-05-20,34.99,14.1,13.057143,17.957144,8.442857,73.299995,2.2,1.8428571,2.7714286,6.9,14.3714285,0.000310719,0.0012059957,-7.345365000000001e-25,0.0,0.0,True
1996-05-27,34.980000000000004,18.9,12.971429,17.742857,8.785714,79.47143,2.4571426,2.2999997,2.457143,7.542857,14.8714285,0.0009172708,0.0011787415,-7.345365000000001e-25,7.450581e-09,0.0,True
1996-06-03,35.0,5.8,14.842857,19.228573,9.714286,74.02857,2.6285717,2.1571429,2.8714287,7.5,16.4,8.301437e-05,0.0011710674,-7.345365000000001e-25,0.0,0.0,True
1996-06-10,35.010000000000005,1.1,21.128572,27.714285,12.428572,66.02857,4.214286,3.1714287,4.7571425,6.8285713,23.242857,2.1785498e-05,0.0011604279,-7.345365000000001e-25,7.450581e-09,0.0,True
1996-06-17,35.03,0.9,16.228573,22.285715,8.742857,62.55714,3.7285712,2.2285714,4.3,5.8285713,20.714285,1.8432736e-05,0.0011244118,-7.345365000000001e-25,0.0,0.0,True
1996-06-24,35.03,3.2,12.8,16.414286,9.057143,69.32857,2.2142856,0.95714283,2.8142855,5.1857142,15.671429,4.1231513e-05,0.0010882989,-7.345365000000001e-25,0.0,0.0,True
1996-07-01,35.010000000000005,9.5,14.471429,19.542858,8.8,72.185715,2.4,1.1428572,2.9428573,5.114286,16.542856,0.00016663969,0.0010564923,-7.345365000000001e-25,7.450581e-09,0.0,True
1996-07-08,34.980000000000004,27.199999,15.185715,19.6,10.471429,76.58572,2.6857142,2.1571429,2.7285714,5.8142858,17.042856,0.0012765974,0.0010256171,-7.345365000000001e-25,7.450581e-09,0.0,True
1996-07-15,34.97,2.5,16.528572,20.742859,12.414286,75.67143,2.642857,2.1000001,3.0857143,6.3714285,18.157143,7.466972e-05,0.0009982139,-7.345365000000001e-25,1.4901161e-08,0.0,True
1996-07-22,34.96,0.0,15.685715,21.97143,7.571429,61.528572,3.3999999,2.0,3.8285713,5.6285715,19.185715,6.839633e-06,0.00096824765,-7.345365000000001e-25,3.7252903e-09,0.0,True
1996-07-29,34.960142216526705,34.7,18.1,23.285715,12.514287,72.85714,2.9285715,1.9714286,3.2571428,5.642857,20.4,0.0003578514,0.0009334907,-7.345365000000001e-25,1.1175871e-08,0.0,False
1996-08-05,34.96,3.1,17.585714,23.714285,11.214286,71.28571,2.9285717,1.8571427,3.4714284,5.3714285,20.785715,4.798174e-05,0.0009049773,-7.345365000000001e-25,9.313226e-09,0.0,True
1996-08-12,34.95,13.1,19.17143,25.285715,13.871429,70.8,3.2428575,1.9285713,3.5,5.0285716,21.4,0.0006264448,0.0008749068,-7.345365000000001e-25,1.8626451e-08,0.0,True
1996-08-19,34.95,22.6,17.957144,23.428572,13.014287,81.200005,2.2571428,1.6714286,2.5142856,5.542857,20.0,0.00059226155,0.0008544326,-7.345365000000001e-25,1.1175871e-08,0.0,True
1996-08-26,34.94,3.1,19.914288,27.37143,12.771429,65.48572,3.2285714,1.9,3.5,4.8142858,21.942858,0.00015024841,0.0008345023,-7.345365000000001e-25,5.5879354e-09,0.0,True
1996-09-02,34.94,21.2,14.785714,20.157145,9.957144,79.37144,1.8142859,1.3285713,2.1857142,5.385714,17.157143,0.0021611974,0.00082125515,-7.345365000000001e-25,9.313226e-09,0.0,True
1996-09-09,34.94,5.2999997,11.814285,18.528574,6.071429,71.814285,1.8857143,1.3571428,2.2714286,5.1857142,15.342857,4.3153763e-05,0.0008149445,-7.345365000000001e-25,0.0,0.0,True
1996-09-16,34.94,7.2999997,11.085715,16.242857,7.014286,81.200005,1.3142856,1.0571429,1.6428572,5.3428574,12.785714,0.00023756921,0.000810653,-7.345365000000001e-25,1.8626451e-09,0.0,True
1996-09-23,34.93,0.2,9.842857,14.357142,5.2000003,75.71429,1.1428572,0.8428572,1.6857144,5.3285713,10.985714,4.4956803e-05,0.00080872327,-7.345365000000001e-25,5.5879354e-09,0.0,True
1996-09-30,34.9098906812915,12.4,11.828572,15.785714,8.6,86.02857,0.8000001,0.7,1.0714285,5.5285716,11.8714285,0.0002605617,0.0008097887,-7.345365000000001e-25,9.313226e-09,0.0,False
1996-10-07,34.93,21.9,8.657144,15.1,4.728572,85.957146,0.8,0.7428571,0.9142857,6.5142856,10.914286,0.0014540106,0.00082169473,-7.345365000000001e-25,3.7252903e-09,0.0,True
1996-10-14,34.93,0.4,9.614286,15.814286,4.042857,86.08572,0.61428565,0.4857143,0.78571427,6.4714284,10.657143,1.3366342e-05,0.00085353106,-7.345365000000001e-25,3.7252903e-09,0.0,True
1996-10-21,34.92,19.1,9.428572,13.214286,5.9428573,91.40001,0.4857143,0.45714286,0.5857143,7.1714287,10.1285715,0.0005428642,0.00088407844,-7.345365000000001e-25,3.7252903e-09,0.0,True
1996-10-28,34.92,10.3,7.957143,11.742858,3.6857145,87.4,0.55714285,0.51428574,0.59999996,7.8142858,8.014286,0.0002821982,0.0009260252,-7.345365000000001e-25,9.313226e-09,0.0,True
1996-11-04,34.92,9.3,10.8714285,13.071428,8.771429,84.22858,0.90000004,0.8714286,1.0,8.428572,9.542857,0.0002181232,0.000996396,-7.345365000000001e-25,1.1175871e-08,0.0,True
1996-11-11,34.9,7.7000003,7.5285716,10.742858,4.542857,82.5,0.6857143,0.6714286,0.85714287,8.728572,6.742857,0.00017529726,0.0010924414,-7.345365000000001e-25,1.8626451e-09,0.0,True
1996-11-18,34.9,19.7,4.4428573,6.285714,2.414286,90.22858,0.18571429,0.17142859,0.35714287,9.228572,4.214286,0.00038182735,0.0011866167,-7.345365000000001e-25,0.0,0.0,True
1996-11-25,34.88,14.4,2.2714286,5.057143,0.08571422,82.74286,0.45714286,0.4285714,0.5285714,9.742857,2.057143,0.00059660524,0.0013143271,0.0015585707,0.0037219152,0.008379541,True
1996-12-02,34.88,13.6,1.2714285,2.2,-0.8000001,91.41429,0.27142856,0.24285714,0.3285714,10.028571,0.82857144,0.0008109361,0.0015065372,0.008874944,0.012329064,0.012152709,True
1996-12-09,34.86,2.8999999,1.8142859,4.142857,0.3142857,86.814285,0.21428573,0.18571429,0.3285714,10.071428,1.6571429,0.00021961331,0.001795806,0.0012831518,0.0040228125,1.9341707e-05,True
1996-12-16,34.85,2.4,0.02857141,1.8428572,-2.257143,89.92857,0.10000001,0.10000001,0.27142859,10.071428,-0.21428572,6.394833e-05,0.0021376833,0.0009828636,0.0007298235,0.00084983185,True
1996-12-23,34.83,5.1,-2.9714286,0.11428571,-5.9,85.21429,0.057142857,0.042857144,0.2,10.257143,-1.1571429,0.00011792034,0.0023602918,0.0026282754,0.00052666664,0.003407158,True
1996-12-30,34.84735152576734,5.5,-8.971429,-4.6142855,-13.300001,82.78571,0.0,0.0,0.014285713,10.157143,-5.0571427,2.2351742e-07,0.0025333688,0.0040676366,0.0,0.0034629516,False
1997-01-06,34.83,1.0,-11.414286,-7.857143,-16.357143,82.07143,0.0,0.0,0.14285715,10.2,-4.4,2.2351742e-07,0.0026509985,0.0069897855,0.0,0.0011458509,True
1997-01-13,34.82,0.4,-4.0,-2.2571428,-6.6714287,86.27143,0.028571429,0.028571429,0.21428572,10.185715,-2.2142856,5.7786703e-05,0.0027157664,0.00802346,0.002433017,0.0015660375,True
1997-01-20,34.81,3.1,0.10000004,4.328572,-3.7857144,86.3,0.22857144,0.18571429,0.12857144,10.085714,-1.2285714,0.00025978684,0.0027429163,0.004316063,0.0042801667,0.00016845763,True
1997-01-27,34.8,5.3,0.9857144,3.757143,-1.4142857,88.04286,0.24285714,0.22857143,0.27142859,10.014286,-0.12857144,0.00015471876,0.002778776,0.0020051685,0.0019905642,0.0027559735,True
1997-02-03,34.8,0.7,0.3857143,3.0714285,-3.0428574,88.557144,0.2857143,0.27142856,0.29999998,9.914286,-0.2857143,8.66279e-05,0.0028719455,0.0012841111,0.002507016,0.00020543113,True
1997-02-10,34.81,0.5,4.828572,8.071428,1.0285715,76.38572,0.7571429,0.7,0.88571423,9.757143,1.1428572,8.27834e-05,0.0029691085,0.00035575457,0.0009384528,0.00013199821,True
1997-02-17,34.82,14.1,3.3857143,6.6857147,0.9142857,81.471436,0.8428572,0.82857144,0.90000004,10.014286,2.357143,0.0005667135,0.0030698478,0.00020611854,0.00079269335,0.0010495149,True
1997-02-24,34.82,16.6,6.971429,10.285714,3.3714287,77.37144,1.2285715,1.2142857,1.1999999,10.2,4.6571426,0.0005489588,0.0033503845,9.658791e-05,0.0005350765,0.0002461262,True
1997-03-03,34.82,16.800001,7.2714286,12.042857,4.0,73.48572,1.7428572,1.6714286,1.5285714,10.314285,6.8714285,0.0012452155,0.0038133115,1.70299e-08,6.7427754e-07,0.0,True
1997-03-10,34.82,0.0,5.6857142,13.17143,-0.61428577,75.68572,1.1142857,0.9142857,1.0857142,9.542857,7.0,3.33786e-06,0.0042349696,-7.345365000000001e-25,0.0,0.0,True
1997-03-17,34.82,7.0,5.014286,8.242857,2.0857143,87.314285,0.6999999,0.62857145,0.8142857,9.328571,6.285714,0.00012061,0.004346445,0.00038416614,0.00034659728,0.0029724129,True
1997-03-24,34.81,10.0,1.4857143,5.142857,-2.0,81.27143,0.8428572,0.78571427,0.88571423,9.771428,2.857143,0.00041320175,0.0043613836,0.002075763,0.003535753,0.0027485713,True
1997-03-31,34.83500656113288,4.9,6.971429,11.285714,2.7142856,70.5,1.8857142,1.7428571,1.8999999,9.6,6.8714285,0.000227727,0.0044269115,0.00035924572,0.0016301405,3.1225383e-05,True
1997-04-07,34.82,17.1,5.014286,11.314286,0.20000002,74.814285,1.8142856,1.6571429,1.6571429,9.442857,7.1285715,0.0002616197,0.0044458658,0.0002898716,0.0014546122,0.0018672682,True
1997-04-14,34.84,1.1,6.6714287,11.428572,1.2428572,63.100002,1.9714285,1.6714286,2.1571429,9.028571,7.742857,5.0738454e-05,0.0043992326,8.963971e-05,0.00040924922,0.0,True
1997-04-21,34.85,0.4,4.3142858,10.685715,-1.0285715,62.700005,2.1000001,1.6571429,2.2571428,8.328571,7.642857,3.0726194e-05,0.0043039396,1.6019458e-05,6.960705e-05,7.4477866e-05,True
1997-04-28,34.85,4.8,9.3,14.542857,3.2000003,62.885715,2.4428573,1.8285714,2.7142856,7.571429,10.214286,7.2166324e-05,0.0041426346,9.0258465e-07,4.4181943e-06,0.0,True
1997-05-05,34.86,27.2,11.771429,16.328571,7.371429,82.24286,2.242857,1.8428571,2.0857143,7.3142858,13.571428,0.0021443367,0.0039588287,-7.345365000000001e-25,7.450581e-09,0.0,True
1997-05-12,34.86,11.099999,11.014285,16.814285,5.357143,71.557144,2.8,2.3714287,2.857143,7.571429,13.214286,0.00034801662,0.0037757084,-7.345365000000001e-25,3.7252903e-09,0.0,True
1997-05-19,34.870000000000005,6.9,18.514286,24.428572,12.142858,71.61429,3.5714283,2.5571427,3.6142857,6.7714286,20.214285,0.0001840666,0.0035910532,-7.345365000000001e-25,1.1175871e-08,0.0,True
1997-05-26,34.88,21.1,10.957144,16.142857,6.285714,77.457146,2.2857144,1.8999999,2.3714287,7.4,15.171429,0.0011423081,0.003415577,-7.345365000000001e-25,3.7252903e-09,0.0,True
1997-06-02,34.89,8.0,11.7,16.657145,5.8428574,65.685715,3.0285714,2.2714286,3.1857142,7.0142856,14.685715,0.00016079843,0.0032614246,-7.345365000000001e-25,7.450581e-09,0.0,True
1997-06-09,34.89,0.9,19.242859,25.442858,10.014285,52.085716,4.8857145,2.1142857,5.1857142,5.9428573,20.985714,3.8594007e-06,0.0030593723,-7.345365000000001e-25,3.7252903e-09,0.0,True
1997-06-16,34.910000000000004,12.200001,18.242857,23.714285,11.885715,65.328575,3.6714287,1.5714285,4.0142856,5.542857,21.028572,0.000114291906,0.0028227717,-7.345365000000001e-25,7.450581e-09,0.0,True
1997-06-23,34.92,13.4,14.742858,20.114286,8.1,70.01429,2.9428573,1.8142859,3.3142858,5.4857144,17.657143,0.0001661107,0.002624996,-7.345365000000001e-25,7.450581e-09,0.0,True
1997-06-30,34.90296276213837,17.6,17.1,22.557144,11.257143,74.75714,3.3,2.3857143,3.5142858,5.6,18.942858,9.712577e-05,0.0024479553,-7.345365000000001e-25,1.4901161e-08,0.0,True
1997-07-07,34.910000000000004,0.1,17.585714,22.728573,11.285714,71.78571,3.3285713,2.0428574,3.4714284,5.457143,20.842857,9.36538e-05,0.0022737235,-7.345365000000001e-25,1.4901161e-08,0.0,True
1997-07-14,34.910000000000004,0.2,20.057144,26.314287,11.542857,57.128574,4.171428,1.3285714,4.7428575,4.8142858,23.0,3.2931566e-06,0.0021043643,-7.345365000000001e-25,1.1175871e-08,0.0,True
1997-07-21,34.89,67.4,17.485716,21.97143,13.771429,85.41429,2.2714286,1.7857143,2.4428573,6.1714287,20.114286,0.0064885765,0.001959145,-7.345365000000001e-25,1.8626451e-08,0.0,True
1997-07-28,34.88,1.3000001,18.742859,24.77143,13.6,74.8,3.1000001,2.7428572,3.4428573,7.7714286,21.785715,0.00027232617,0.0018843934,-7.345365000000001e-25,1.4901161e-08,0.0,True
1997-08-04,34.88,12.8,18.228573,24.242859,12.842857,77.17143,2.7428572,2.3285713,3.1285713,7.614286,21.242857,0.00021882355,0.0018378645,-7.345365000000001e-25,1.1175871e-08,0.0,True
1997-08-11,34.89,0.1,21.571428,28.47143,13.1285715,63.94286,3.957143,2.7714286,4.1857142,6.8142858,23.942858,2.5242567e-05,0.0017904714,-7.345365000000001e-25,1.4901161e-08,0.0,True
1997-08-18,34.89,0.0,21.34286,28.857143,13.828572,63.100002,3.742857,1.8142856,3.8714287,5.8285713,24.457144,9.9390745e-06,0.001720719,-7.345365000000001e-25,9.313226e-09,0.0,True
1997-08-25,34.9,0.1,23.0,29.928572,15.642858,62.31429,3.3714283,0.9714286,3.642857,5.3142858,24.414286,7.222593e-05,0.0016469657,-7.345365000000001e-25,9.313226e-09,0.0,True
1997-09-01,34.870000000000005,43.3,19.314285,25.785715,14.742858,74.828575,2.5571427,1.6,2.8999999,5.857143,21.9,0.00058946013,0.0015806556,-7.345365000000001e-25,1.4901161e-08,0.0,True
1997-09-08,34.86,5.7,17.442858,22.485716,13.742858,78.328575,1.7428572,1.3571428,2.2285714,5.9,19.857143,9.4786286e-05,0.0015266836,-7.345365000000001e-25,1.3038516e-08,0.0,True
1997-09-15,34.84,0.8,13.571428,19.114286,9.057143,68.0,2.0285716,1.4857142,2.6142857,5.6285715,15.2,5.5357814e-05,0.0014814436,-7.345365000000001e-25,7.450581e-09,0.0,True
1997-09-22,34.83,0.0,11.214286,18.714285,5.1142855,72.77143,1.6285714,0.8285714,2.0285714,5.1714287,14.642858,5.7667494e-06,0.0014343187,-7.345365000000001e-25,0.0,0.0,True
1997-09-29,34.82352526088556,2.3,11.371429,19.614286,3.9857142,76.42857,1.3142856,0.41428572,1.5428572,4.9857144,14.214286,4.2021275e-06,0.0013901666,-7.345365000000001e-25,1.8626451e-09,0.0,True
1997-10-06,34.81,0.9,12.885715,16.942858,9.271429,77.48572,1.1428572,0.6428572,1.5714285,4.9142857,13.385715,5.5402517e-05,0.0013485029,-7.345365000000001e-25,1.1175871e-08,0.0,True
1997-10-13,34.8,19.9,13.0,17.242857,9.285714,77.457146,1.3428571,1.0714285,1.6285714,5.5,12.685715,0.00017155707,0.0013111904,-7.345365000000001e-25,1.3038516e-08,0.0,True
1997-10-20,34.8,1.6,7.471429,13.742858,2.457143,79.51428,0.74285716,0.61428577,0.82857144,6.071429,8.7,3.7953258e-05,0.0012781844,-7.345365000000001e-25,1.8626451e-09,0.0,True
1997-10-27,34.77,2.7,2.3714287,8.014286,-1.4857143,78.35714,0.5714286,0.47142857,0.62857145,6.0571427,4.357143,3.4302473e-05,0.001246497,1.2113935e-05,1.6378239e-05,6.137043e-05,True
1997-11-03,34.77,1.5999999,2.3857143,6.7571425,-1.9428571,78.35714,0.37142855,0.2857143,0.5285714,6.071429,2.6857142,5.528331e-06,0.001219295,3.5904704e-05,6.26985e-05,3.054738e-05,True
1997-11-10,34.77,8.400001,7.142857,10.642858,3.4285715,79.471436,0.59999996,0.5285715,0.7428571,6.285714,5.1714287,0.00029234588,0.0011949465,3.5024825e-06,1.1570752e-05,0.0,True
1997-11-17,34.77,16.1,4.828572,7.785714,1.5142858,90.21429,0.28571433,0.22857144,0.3285714,6.928571,5.042857,0.00030505657,0.0011766851,-7.345365000000001e-25,1.8626451e-09,0.0,True
1997-11-24,34.77,0.0,0.05714286,2.142857,-1.9571428,83.700005,0.18571429,0.17142858,0.40000004,7.2285714,0.7,2.5182962e-06,0.0011688024,0.00010943413,2.8792769e-05,0.00047904626,True
1997-12-01,34.75,4.6,2.0285714,4.0,0.04285717,90.51429,0.17142858,0.12857144,0.29999998,7.257143,1.5857143,6.5505505e-05,0.001167886,0.00032036644,0.00041360036,7.570535e-05,True
1997-12-08,34.75,6.8,1.3285714,2.8285716,-1.0428572,89.87144,0.14285715,0.12857142,0.27142856,7.8142858,0.5714286,0.00019448996,0.0011695474,0.0017931234,0.0033812616,0.0040931217,True
1997-12-15,34.74,18.7,5.2999997,7.6857142,3.1000001,86.92857,0.37142858,0.35714284,0.5,8.8714285,4.1857142,0.00039972365,0.0011811107,0.00016354947,0.0009591952,0.00012882799,True
1997-12-22,34.730000000000004,18.9,-3.5285716,-1.1857144,-6.014286,83.314285,0.014285714,0.014285714,0.31428573,9.385715,-2.0142858,0.00022907555,0.0012276843,0.00041613693,0.00012432039,0.0018573813,True
1997-12-29,34.72653362297222,13.3,4.914286,6.7428575,2.5571427,88.88572,0.44285718,0.42857143,0.5,9.671429,2.0,0.00069335103,0.0013071299,0.000579096,0.002129862,0.00039643794,False
1998-01-05,34.71,17.1,6.142857,8.071428,3.2285714,82.14286,0.25,0.3,0.61428577,9.8,2.2,0.00044889748,0.0014477596,6.2834646e-05,0.0002468191,0.0,True
1998-01-12,34.7,20.3,6.471429,9.957144,3.2285714,85.200005,0.62857145,0.61428577,0.41428572,10.485714,4.9428573,0.0011583418,0.0017179027,1.1353266e-07,8.419156e-07,0.0,True
1998-01-19,34.7,8.9,5.2000003,7.857143,2.4428573,80.471436,0.6285714,0.6285714,0.61428577,10.057143,3.7285714,0.00016385317,0.0021222904,-7.345365000000001e-25,0.0,0.0,True
1998-01-26,34.69,3.4,-0.64285713,1.6142858,-2.2857144,87.48572,0.17142858,0.17142858,0.35714287,10.257143,0.54285717,0.00012692809,0.0024117157,0.001563322,0.00036539324,0.003641121,True
1998-02-02,34.68,4.8999996,-3.1857142,0.18571432,-7.471429,78.32857,0.10000001,0.10000001,0.3857143,10.3,-1.2,6.853044e-05,0.0026507303,0.003263258,0.0011432339,0.0024818443,True
1998-02-09,34.68,1.0,2.642857,4.8428574,0.15714288,78.51429,0.5857143,0.55714285,0.78571427,10.1285715,0.14285715,0.000121474266,0.0028168187,0.0030409212,0.0045077577,0.0012281574,True
1998-02-16,34.660000000000004,2.2,10.057143,12.214286,7.542857,75.07143,1.0714285,0.9571429,1.5285714,9.785714,6.8142858,4.681945e-05,0.0029265508,0.000121831894,0.0006876923,0.0,True
1998-02-23,34.65,0.0,6.6857147,11.085715,2.5714285,76.3,1.0,0.84285724,0.9571429,9.4,6.285714,3.0241907e-05,0.0029884428,-7.345365000000001e-25,0.0,0.0,True
1998-03-02,34.65,11.9,6.7000003,9.3714285,4.257143,81.0,0.9714286,0.88571423,1.1428572,9.185715,5.9714284,0.00014702976,0.0030042678,0.00015019235,0.00061686523,0.0011821408,True
1998-03-09,34.64,28.6,5.4000006,9.671428,1.8999999,80.07143,1.3571427,1.3571427,1.0857142,10.228572,5.5,0.00077556074,0.0030168667,0.00023374672,0.0015325267,0.001021143,True
1998-03-16,34.64,3.6,3.4857144,6.942857,-0.18571432,77.57143,0.9285714,0.8999999,1.0714285,10.157143,3.7857144,0.0001065284,0.0032165125,0.00010916165,0.00031955354,0.000249587,True
1998-03-23,34.63,4.0,4.0,8.114285,0.87142855,71.65714,1.3285713,1.2428571,1.4,9.857142,5.3714285,8.1554055e-05,0.00340382,0.000103609906,0.000115510076,0.0007653013,True
1998-03-30,34.62531448977127,0.2,7.0285716,12.67143,1.3571428,67.41428,1.7285715,1.3714285,1.8428571,9.271428,8.0,3.220141e-05,0.0034729168,0.00019548053,0.00061608665,0.0,True
1998-04-06,34.63,24.4,10.085714,14.271429,6.071429,83.72858,1.5,1.4,1.4285715,9.214286,10.7,0.000539273,0.0034520999,5.1089696e-08,6.7427754e-07,0.0,True
1998-04-13,34.63,15.6,6.942857,10.914286,3.257143,79.37144,1.3857143,1.3428571,1.5,9.771428,8.285714,0.0005917847,0.003548555,-7.345365000000001e-25,0.0,0.0,True
1998-04-20,34.64,7.1000004,7.285714,12.328572,1.2,67.04286,1.9857142,1.7285713,2.1142857,9.171429,9.085714,0.00010749698,0.0037652403,-7.345365000000001e-25,0.0,0.0,True
1998-04-27,34.64,16.5,12.914286,17.714285,8.042857,78.6,2.2285714,1.9142858,2.2714286,8.842857,13.842857,0.00042408705,0.0038323402,-7.345365000000001e-25,7.450581e-09,0.0,True
1998-05-04,34.65,3.5,13.271429,18.1,8.671429,79.61428,2.2428572,1.9428571,2.3,8.657143,15.428572,0.001496762,0.003878042,-7.345365000000001e-25,3.7252903e-09,0.0,True
1998-05-11,34.660000000000004,3.1000001,15.585715,21.457144,8.671429,68.64286,3.128571,2.3428571,3.2000003,8.1285715,16.6,5.2154064e-05,0.003947541,-7.345365000000001e-25,0.0,0.0,True
1998-05-18,34.69,0.0,14.928572,22.27143,6.2571435,55.485718,3.9285715,2.1285715,4.3285713,6.9142857,18.785715,6.1690807e-06,0.0038155094,-7.345365000000001e-25,3.7252903e-09,0.0,True
1998-05-25,34.71,2.0,12.17143,16.928572,6.714286,66.5,2.6285717,1.1571429,3.0,6.214286,15.642858,4.8086047e-05,0.0036055818,-7.345365000000001e-25,0.0,0.0,True
1998-06-01,34.71,17.9,17.257143,23.242859,10.842857,75.38572,3.0428574,1.6,3.3714287,6.1571426,19.37143,0.00014543533,0.0033926666,-7.345365000000001e-25,1.4901161e-08,0.0,True
1998-06-08,34.71,12.6,18.47143,24.814287,12.0,69.0,3.8,2.6857142,4.157143,6.3714285,21.2,9.11355e-05,0.0031408593,-7.345365000000001e-25,1.1175871e-08,0.0,True
1998-06-15,34.7,15.400001,15.485715,21.085714,9.7,70.37144,2.885714,2.0857143,3.042857,6.6285715,18.4,0.0001783371,0.0028978735,-7.345365000000001e-25,1.1175871e-08,0.0,True
1998-06-22,34.7,12.2,16.77143,21.885714,11.942857,74.57143,3.2714288,2.3714287,3.3285713,6.1714287,19.557142,0.0001680851,0.0026891157,-7.345365000000001e-25,1.4901161e-08,0.0,True
1998-06-29,34.71586900298936,31.1,17.185715,21.928572,13.0,77.314285,3.3142855,2.6857145,3.1857142,6.3428574,20.557142,0.0002773702,0.0025031716,-7.345365000000001e-25,1.1175871e-08,0.0,False
1998-07-06,34.7,13.4,14.742858,18.714285,11.714286,78.957146,2.4142857,1.9571427,2.4714284,6.357143,17.357143,0.00021457672,0.002350323,-7.345365000000001e-25,1.1175871e-08,0.0,True
1998-07-13,34.69,26.6,14.542857,18.485714,10.842857,80.35714,2.414286,2.1714284,2.5,6.428571,16.571428,0.0003350377,0.002232477,-7.345365000000001e-25,1.4901161e-08,0.0,True
1998-07-20,34.68,4.5,17.114286,22.614286,11.0,68.48572,3.4857142,2.5714285,3.7571428,6.385714,18.814285,9.562075e-05,0.0021328554,-7.345365000000001e-25,1.4901161e-08,0.0,True
1998-07-27,34.68,6.7,19.314285,25.957144,13.185715,67.22857,3.814286,2.3285713,3.7142856,5.6,22.714285,0.00020228326,0.0020189583,-7.345365000000001e-25,1.1175871e-08,0.0,True
1998-08-03,34.69,6.9,17.042858,21.985716,12.885714,74.72858,2.7714286,1.8571428,2.957143,5.542857,19.6,0.0002361387,0.0019225404,-7.345365000000001e-25,1.1175871e-08,0.0,True
1998-08-10,34.68,0.9,18.714285,24.87143,12.114286,63.628574,3.5142858,1.4285713,3.9428573,5.1857142,20.6,1.938641e-05,0.001837194,-7.345365000000001e-25,2.0489097e-08,0.0,True
1998-08-17,34.67,0.2,20.257143,27.4,13.257143,57.100002,3.6428568,0.9,4.2999997,4.7714286,21.985714,2.2381544e-05,0.0017371103,-7.345365000000001e-25,3.7252903e-09,0.0,True
1998-08-24,34.660000000000004,30.2,15.257143,20.242857,10.742858,73.35714,2.6000001,1.1857144,2.6571429,4.8714285,17.942858,0.00077599287,0.0016499087,-7.345365000000001e-25,2.2351742e-08,0.0,True
1998-08-31,34.66330384658932,23.9,12.328572,16.742857,9.885715,84.37144,1.542857,1.4142858,1.8999999,6.257143,14.214286,0.000273332,0.0015851706,-7.345365000000001e-25,9.313226e-09,0.0,True
1998-09-07,34.660000000000004,16.9,15.942858,19.67143,12.014287,81.3,1.5142857,1.2857143,1.8000001,6.4714284,16.757143,0.00044731796,0.0015360713,-7.345365000000001e-25,9.313226e-09,0.0,True
1998-09-14,34.660000000000004,21.2,14.642858,18.47143,11.585714,81.57143,1.4571428,1.3,1.8428571,6.957143,15.971429,0.00025977194,0.0015012994,-7.345365000000001e-25,1.3038516e-08,0.0,True
1998-09-21,34.660000000000004,12.7,12.357142,16.57143,7.957143,83.41429,1.1857144,1.1142858,1.3428571,8.214286,13.3,0.0004918128,0.0014853776,-7.345365000000001e-25,5.5879354e-09,0.0,True
1998-09-28,34.65,0.5,12.642858,17.985716,8.6285715,84.91429,0.9428572,0.8,1.1999999,8.1,14.542857,4.567206e-05,0.0014843866,-7.345365000000001e-25,3.7252903e-09,0.0,True
1998-10-05,34.660000000000004,13.1,7.8857145,10.471429,5.6714287,81.71429,0.64285713,0.5857143,1.0857142,8.314285,9.614285,0.00020332634,0.0014831498,1.9300552e-07,1.4193356e-06,1.437962e-06,True
1998-10-12,34.65,24.599998,8.9,11.142858,6.6428576,86.17143,0.7714286,0.74285716,0.9285714,8.985714,9.0,0.00036029518,0.0014917925,-7.345365000000001e-25,8.009374e-08,0.0,True
1998-10-19,34.67,5.0,9.728571,14.357142,5.7000003,79.58571,0.95714283,0.94285715,1.2,9.042857,9.814285,0.000111445785,0.001527071,-7.345365000000001e-25,7.450581e-09,0.0,True
1998-10-26,34.68,23.0,10.157144,13.157144,7.2000003,79.62858,0.9714285,0.9571429,1.1285714,9.3714285,9.228572,0.0028760433,0.0015703663,-7.345365000000001e-25,9.313226e-09,0.0,True
1998-11-02,34.68,74.0,6.728572,9.300001,4.871429,84.1,0.90000004,0.90000004,0.95714283,11.042857,6.5142856,0.011988103,0.004400879,-7.345365000000001e-25,3.7252903e-09,0.0,True
1998-11-09,34.7,21.4,5.5428576,8.8,2.2571428,84.057144,0.5857143,0.5857143,0.65714294,10.8714285,4.9714284,0.0025015324,0.0023084655,-7.345365000000001e-25,3.7252903e-09,0.0,True
1998-11-16,34.730000000000004,6.1,3.7857144,6.285714,1.5857143,90.971436,0.25714287,0.25714287,0.3,10.585714,4.071429,0.00021873415,0.0029611662,1.793816e-06,1.128763e-06,9.10759e-05,True
1998-11-23,34.75,0.5,-3.7000003,-0.9285714,-6.2571435,85.52857,0.10000001,0.10000001,0.21428572,10.285714,-0.51428574,3.1664968e-06,0.0035106912,0.0006855897,2.0684674e-05,0.0012128204,True
1998-11-30,34.74533366884545,0.5,0.071428575,1.1714286,-1.3142859,89.61428,0.057142857,0.057142857,0.29999998,10.257143,-0.55714285,3.1024218e-05,0.0038023442,0.0016250667,0.0008005686,0.0014198273,True
1998-12-07,34.75,1.6,-2.642857,-1.2285715,-4.157143,82.65715,0.042857144,0.042857144,0.4857143,10.228572,-1.3285714,1.4156103e-06,0.003926918,0.0037886414,0.0,0.0061540827,True
1998-12-14,34.760000000000005,12.1,-2.0857143,1.5571429,-6.9,86.814285,0.21428573,0.21428573,0.24285714,10.428572,-0.22857143,0.0011673495,0.003962621,0.005706878,0.007014759,2.1029264e-05,True
1998-12-21,34.77,11.3,4.542857,7.4428573,2.3714287,83.41429,0.40000004,0.40000004,0.44285712,10.671429,2.857143,0.00056293607,0.0041227415,7.358619e-05,0.0006297622,4.568696e-05,True
1998-12-28,34.78,8.5,4.557143,6.371429,1.7142857,81.02857,0.5428571,0.5285714,0.67142856,10.314285,2.3142858,0.00013653934,0.0044294745,0.00053942774,0.001188824,0.0011305138,True
1999-01-04,34.78,1.1,2.3857143,5.7428575,-0.71428573,86.48572,0.2,0.2,0.22857143,10.2,1.7666667,6.80238e-05,0.004609883,2.3614793e-06,4.9881637e-06,6.7055225e-08,True
1999-01-11,34.8,9.9,4.357143,7.057143,2.357143,83.314285,0.4857143,0.4857143,0.62857145,10.228572,3.7,0.00019685924,0.0046880096,0.00032403923,9.409338e-05,0.002563294,True
1999-01-18,34.81,7.4,3.6714284,5.914286,0.9142857,82.78571,0.5,0.5,0.6571428,10.3714285,2.0,0.00029984117,0.0047665387,0.0027999196,0.0071078558,0.0046891533,True
1999-01-25,34.84,7.7999997,5.4000006,8.785714,1.0428572,83.42857,0.51428574,0.4857143,0.4714286,10.114285,3.6142857,6.0141087e-05,0.004923545,4.698549e-05,0.00019039027,1.0591e-05,True
1999-02-01,34.870000000000005,11.6,-0.042857137,2.8714287,-2.4857142,85.34286,0.24285714,0.24285714,0.42857143,10.314285,1.0571429,0.00029280782,0.0050386116,0.00241304,0.0024864022,0.006619312,True
1999-02-08,34.9,10.8,2.8857143,4.785714,1.2857143,89.457146,0.6428572,0.6428572,0.5,10.4,1.7285714,0.00035301596,0.0052086413,0.0017616238,0.0043477863,0.004313376,True
1999-02-15,34.92,2.1,-3.5428574,0.27142859,-7.914286,85.328575,0.057142857,0.057142857,0.31428573,10.3,-0.2,6.80238e-06,0.0055045635,0.0054792506,0.0002510883,0.002232913,True
1999-02-22,34.93,33.7,2.2857144,4.557143,0.042857137,88.971436,0.6571428,0.6571428,0.5142857,10.6,0.75714284,0.00067523867,0.0056505725,0.0062268293,0.011597466,0.007964581,True
1999-03-01,34.910000000000004,9.9,4.2000003,7.1285715,1.3571428,81.17143,0.94285715,0.9285714,0.94285715,10.385715,3.2571428,0.0008658916,0.0060899034,0.0024949256,0.006205503,0.0040834993,True
1999-03-08,34.9,17.5,5.414286,8.828572,3.0428574,83.27143,0.90000004,0.90000004,0.9285714,10.642858,5.8285713,0.0017509907,0.0071811527,1.1909576e-05,9.12454e-05,7.599592e-07,True
1999-03-15,34.96,3.4,3.0857143,6.2571435,0.18571426,81.21429,0.7571429,0.71428573,0.9142857,10.085714,4.0,8.901954e-05,0.0086450055,1.2074198e-05,4.6484172e-05,4.7534704e-05,True
1999-03-22,34.980000000000004,2.9,4.4428573,7.871429,1.6000001,77.35714,1.0428572,0.9428572,1.1142857,9.742857,5.0,0.00016179681,0.008703239,5.4836273e-06,3.62359e-05,3.6485493e-05,True
1999-03-29,34.96600876560343,18.4,7.557143,12.785714,2.4,76.87144,1.3857143,1.2714287,1.4142857,9.6285715,7.857143,0.00024724007,0.008408882,0.000114713395,0.0006012507,0.00059138425,True
1999-04-05,34.980000000000004,0.4,10.428572,17.828571,2.1857142,70.957146,2.1142857,1.7285713,2.0,9.2,11.914286,9.149313e-06,0.00798925,3.0086153e-07,2.5834888e-06,0.0,True
1999-04-12,34.980000000000004,18.0,10.099999,14.442858,7.2571435,79.38572,1.6999999,1.5285714,1.8571428,9.114285,11.257143,0.00026609004,0.007480614,-7.345365000000001e-25,7.450581e-09,0.0,True
1999-04-19,34.99,8.1,5.357143,9.971429,2.2142856,73.77143,1.7142857,1.542857,1.7714285,9.042857,7.8,0.00028555095,0.0069968253,0.0002463318,0.0011943169,0.0012258664,True
1999-04-26,35.0,1.9,11.057143,16.714287,4.0857143,72.75714,2.2857141,1.9714285,2.3714287,8.614285,12.671429,0.0001642406,0.006550245,5.4155075e-06,3.317371e-05,0.0,True
1999-05-03,35.0,0.2,11.471429,17.585714,5.1571426,65.51429,2.6857145,1.9857142,2.957143,7.957143,14.814285,1.643598e-05,0.0060842857,-7.345365000000001e-25,0.0,0.0,True
1999-05-10,35.0,7.1,13.014287,18.242857,6.1857147,59.657143,3.2571428,2.3428574,3.4142857,7.0,14.842857,0.00024190545,0.0055506527,-7.345365000000001e-25,3.7252903e-09,0.0,True
1999-05-17,34.99,20.1,11.328572,15.742858,7.414286,74.74286,2.4714286,2.1714287,2.5714285,7.257143,14.271428,0.0003328547,0.0050793663,-7.345365000000001e-25,7.450581e-09,0.0,True
1999-05-24,34.980000000000004,0.4,15.785714,21.157145,8.142858,60.58572,3.414286,2.3285713,3.9,6.5142856,17.342857,2.194196e-05,0.0046436563,-7.345365000000001e-25,0.0,0.0,True
1999-05-31,35.00402334391227,10.3,17.328571,23.957144,10.257143,67.185715,3.8285716,2.2571428,3.885714,5.9142857,20.928572,0.00014156103,0.004225865,-7.345365000000001e-25,1.1175871e-08,0.0,True
1999-06-07,34.99,43.9,16.185715,21.328571,11.328572,73.14286,3.4714284,2.5857143,3.5714285,6.0285716,19.62857,0.0005033538,0.003827311,-7.345365000000001e-25,3.7252903e-09,0.0,True
1999-06-14,35.02,6.0,14.714286,19.4,8.657144,73.200005,2.8,2.0142858,3.2285714,6.071429,18.342857,0.000116199255,0.0035053417,-7.345365000000001e-25,3.7252903e-09,0.0,True
1999-06-21,35.03,11.0,16.628572,22.485716,10.371429,67.814285,3.414286,2.4428573,3.9,5.6571426,20.342857,0.00017876923,0.0032100752,-7.345365000000001e-25,7.450581e-09,0.0,True
1999-06-28,35.07,2.3,15.071428,19.957144,7.9000006,65.37143,3.0857143,1.8571427,3.3857143,5.3142858,18.62857,0.00013130903,0.0029447898,-7.345365000000001e-25,3.7252903e-09,0.0,True
1999-07-05,35.06,18.9,20.985716,27.028574,14.385715,67.71429,4.0857143,2.2285714,4.4428573,4.9857144,23.028572,0.00012303889,0.002707392,-7.345365000000001e-25,1.4901161e-08,0.0,True
1999-07-12,35.08,3.5,20.228573,25.685715,14.028572,63.128574,4.0142856,1.7571429,4.3285713,5.0142856,22.571428,0.00011189282,0.002485007,-7.345365000000001e-25,1.1175871e-08,0.0,True
1999-07-19,35.08,8.0,20.114286,26.885715,12.857142,63.54286,4.042857,2.0285716,4.4142857,5.0142856,22.6,5.5253506e-05,0.0022819787,-7.345365000000001e-25,1.1175871e-08,0.0,True
1999-07-26,35.08,7.7,19.028574,24.34286,14.542857,65.957146,3.3428571,1.7,3.9142857,4.6285715,21.328571,9.49502e-05,0.0021008924,-7.345365000000001e-25,1.1175871e-08,0.0,True
1999-08-02,35.08,0.0,20.757143,27.757143,10.528571,47.614285,4.857143,0.7714285,4.9714284,4.2285714,22.857143,6.92904e-07,0.0019337982,-7.345365000000001e-25,3.7252903e-09,0.0,True
1999-08-09,35.08,8.7,21.100002,28.34286,12.971429,59.628574,3.8857143,0.82857144,4.1285715,4.1571426,23.214285,6.4089894e-05,0.0017654002,-7.345365000000001e-25,1.1175871e-08,0.0,True
1999-08-16,35.08,18.9,15.957144,21.600002,11.1285715,71.34286,2.6571429,1.4428571,2.8,4.4714284,18.742857,0.0029745847,0.0016384125,-7.345365000000001e-25,9.313226e-09,0.0,True
1999-08-23,35.08,12.7,15.014287,19.34286,11.571428,75.65715,2.085714,1.6285715,2.4714284,4.9428573,16.742857,0.00015464425,0.0015350878,-7.345365000000001e-25,1.1175871e-08,0.0,True
1999-08-30,35.05292096708973,3.6999998,17.485714,23.52857,11.757143,68.6,2.457143,1.5142858,2.9285715,4.6,19.257143,6.613135e-05,0.0014447719,-7.345365000000001e-25,7.450581e-09,0.0,False
1999-09-06,35.04,1.7,16.800001,24.300001,9.242857,65.457146,2.6714287,1.3142859,3.142857,4.2714286,18.742857,1.6503036e-05,0.0013631955,-7.345365000000001e-25,7.450581e-09,0.0,True
1999-09-13,35.0,0.4,20.185715,28.085714,12.871429,64.74286,2.7428572,0.65714294,3.2428572,3.8857143,21.114286,1.2755394e-05,0.0012835637,-7.345365000000001e-25,1.1175871e-08,0.0,True
1999-09-20,35.0,4.5,17.257143,24.114286,10.885714,64.65714,2.1571429,0.34285715,2.6857142,3.7857144,18.87143,8.150935e-06,0.0012085363,-7.345365000000001e-25,1.4901161e-08,0.0,True
1999-09-27,34.980000000000004,12.700001,16.128572,3.2142856,12.514285,80.15714,1.5428572,0.88571435,1.7714285,4.0285716,17.4,0.0045707673,0.0011503696,-7.345365000000001e-25,9.313226e-09,0.0,True
1999-10-04,34.980000000000004,19.4,13.357142,8.814286,10.842857,80.77143,1.3000001,1.0571429,1.5285714,4.7,13.957143,0.00025774539,0.0011056215,-7.345365000000001e-25,1.6763806e-08,0.0,True
1999-10-11,34.99,3.8000002,11.371429,14.728572,8.414286,84.71429,0.8285714,0.7,1.0571429,4.957143,11.528571,0.00011885911,0.0010736734,-7.345365000000001e-25,9.313226e-09,0.0,True
1999-10-18,34.99,0.6,6.8714285,12.914286,2.6571429,79.971436,0.67142856,0.44285712,0.85714287,4.9857144,8.814285,6.198883e-06,0.0010498762,-7.345365000000001e-25,0.0,0.0,True
1999-10-25,34.96,4.3,7.6142855,12.057143,2.9857144,76.78571,0.7285715,0.5,0.9857143,4.9,7.4142857,7.453561e-05,0.0010292083,-7.345365000000001e-25,7.8231096e-08,7.4505806e-08,True
1999-11-01,34.95,4.7,10.6285715,14.2,6.928571,79.58571,0.7571429,0.55714285,0.9714286,5.0285716,9.8,4.748255e-05,0.0010106787,-7.345365000000001e-25,5.5879354e-09,0.0,True
1999-11-08,34.94,8.5,7.8714285,11.585715,4.8857145,84.75714,0.4857143,0.37142858,0.61428577,5.3,7.714286,0.00015239418,0.0009945631,-7.345365000000001e-25,3.7252903e-09,0.0,True
1999-11-15,34.92,2.0,2.6714287,6.1857147,-0.27142859,88.94286,0.27142859,0.24285714,0.29999998,5.7,4.142857,3.9882958e-05,0.0009823516,1.4191582e-07,5.5134296e-07,8.34465e-07,True
1999-11-22,34.9,4.7999997,-0.32857147,2.0142858,-2.7714286,90.185715,0.14285716,0.14285716,0.22857143,5.9714284,0.54285717,1.6711652e-05,0.00097275525,0.0013156051,0.00020763092,0.0036093704,True
1999-11-29,34.8997364331742,0.4,4.871429,7.414286,1.1571429,87.471436,0.27142859,0.22857143,0.34285715,6.1714287,3.2428572,7.1167946e-05,0.0009651631,0.0012276003,0.003437763,1.2539327e-05,True
1999-12-06,34.88,14.2,5.057143,7.3142858,2.0857143,80.08572,0.8142857,0.8,0.85714287,7.0,3.6142857,0.00019906461,0.0009584427,0.00011244274,0.0006208867,0.0013118125,True
1999-12-13,34.88,19.2,6.2714286,8.457143,4.328572,83.042854,0.7,0.6714286,0.7285714,8.257143,4.9714284,0.00052892417,0.00095485896,7.0327806e-05,0.000770418,5.057454e-05,True
1999-12-20,34.86,8.8,0.82857144,2.6714287,-1.2571429,86.200005,0.3,0.3,0.4,8.814285,0.87142855,0.00019569695,0.00096958876,0.0010333402,0.00059102103,0.0022359006,True
1999-12-27,34.85,19.6,1.7714287,3.5571427,-0.8428572,86.12858,0.29999998,0.2857143,0.44285712,9.085714,0.37142858,0.0004651174,0.0010096133,0.0022166513,0.004206363,0.0073796734,True
2000-01-03,34.83,2.4,2.7428572,4.457143,0.3571429,91.28571,0.125,0.1,0.3285714,9.55,0.425,0.00020740926,0.0010831729,0.003403113,0.0055920016,0.00064058974,True
2000-01-10,34.81,2.1999998,3.457143,6.1857147,0.9285714,88.614296,0.31428573,0.29999998,0.27142859,9.571428,2.7571428,0.00034610927,0.0011982545,5.880424e-05,0.00038476102,2.9802322e-08,True
2000-01-17,34.78,1.7,0.4428572,2.7714288,-2.5857143,89.85714,0.24285714,0.21428572,0.20000002,9.6,0.3857143,2.501905e-05,0.0013246611,0.000107004525,0.00028996542,0.0003118813,True
2000-01-24,34.78,16.0,-1.0428573,2.2142856,-4.0142856,81.58572,0.44285712,0.44285712,0.4857143,9.7,0.95714283,0.0001970008,0.0014290288,0.0017031658,0.00028948113,0.004774861,True
2000-01-31,34.79451652661959,10.700001,2.8857143,5.0142856,-1.0142858,80.91429,0.7571429,0.7571429,0.8,10.1,1.6714286,0.00054724514,0.0015313104,0.0023735364,0.0046646465,0.00036091357,True
2000-02-07,34.78,2.8999999,6.9428573,9.171428,4.0285716,79.1,0.8285714,0.8142857,0.9285714,10.185715,5.4142857,0.00015628338,0.0016936511,1.1319205e-05,0.00011792593,0.0,True
2000-02-14,34.78,14.4,4.857143,7.785714,2.2714286,79.61428,1.0714285,1.0714285,0.90000004,10.1285715,4.114286,0.00067246705,0.0019030944,4.86601e-05,0.00016498752,0.00032535568,True
2000-02-21,34.78,10.8,1.5857143,4.6,-0.7142858,88.67143,0.5857143,0.5857143,0.4714286,10.242857,2.3285713,0.00037062913,0.002150245,0.001173377,0.0017280504,0.0037697647,True
2000-02-28,34.77,10.0,4.057143,7.9428573,0.11428567,84.47143,0.9,0.88571423,0.8,10.3,3.3857143,0.00046458095,0.0024641752,0.0011687449,0.0033484604,0.0011044964,True
2000-03-06,34.77,9.3,4.0142856,6.785714,1.4,78.58572,1.1857144,1.1857144,1.0857142,10.214286,3.9571428,0.0003683567,0.0028270558,0.00014299438,0.0003350135,0.00054238737,True
2000-03-13,34.78,23.9,7.1571426,10.028571,4.1285715,83.35714,1.1857141,1.1714287,1.0285715,10.571428,6.757143,0.0019646361,0.003206201,0.00014638333,0.0011243355,0.0009143986,True
2000-03-20,34.78,17.8,4.6285715,7.7714286,1.6285715,81.21429,1.1142857,1.1142857,1.0428572,10.6,5.6571426,0.0008831024,0.003914997,0.00013183412,0.00058776885,0.0005505532,True
2000-03-27,34.8,3.8,6.328572,11.057143,2.7142856,83.21429,1.1285714,1.0285715,1.1714286,10.0,7.742857,9.9428e-05,0.004683815,4.7116055e-06,2.7824193e-05,0.0,True
2000-04-03,34.8,4.0,6.828572,10.114286,3.1285717,81.74286,1.1285714,1.0714285,1.1857144,10.042857,7.1857142,0.00016184151,0.004952535,9.650276e-08,1.44355e-06,1.3299286e-06,True
2000-04-10,34.79,3.4,5.3,10.828572,0.6285715,75.41429,1.5142858,1.2428572,1.5571429,9.514286,7.8428574,7.762015e-05,0.004999429,-7.345365000000001e-25,0.0,0.0,True
2000-04-17,34.78,2.6,7.7428575,13.457143,1.6428573,73.94286,1.8714286,1.6428572,1.7714285,9.085714,9.028571,0.00025568902,0.004914753,-7.345365000000001e-25,0.0,0.0,True
2000-04-24,34.78,17.199999,14.285714,20.4,8.228571,74.37142,2.6857142,2.1571429,2.5142858,8.7,15.8,0.00024065375,0.0047700778,-7.345365000000001e-25,7.450581e-09,0.0,True
2000-05-01,34.78,6.5,16.928572,22.857143,10.771429,71.25715,3.242857,2.4428573,3.5285716,7.7714286,18.342857,0.00014664233,0.004556194,-7.345365000000001e-25,7.450581e-09,0.0,True
2000-05-08,34.78,0.0,16.814287,24.2,8.228571,53.44286,4.3428574,2.457143,4.2285714,6.8,19.257143,3.4868717e-06,0.0042605996,-7.345365000000001e-25,7.450581e-09,0.0,True
2000-05-15,34.78,0.0,17.557142,25.4,7.714286,50.0,4.328572,1.2428571,4.5571427,5.9428573,21.0,8.940697e-08,0.003891036,-7.345365000000001e-25,0.0,0.0,True
2000-05-22,34.78,12.5,13.828572,20.585714,8.1285715,71.071434,2.885714,1.2714285,2.9857142,5.8428574,17.72857,0.0001243949,0.0035180077,-7.345365000000001e-25,3.7252903e-09,0.0,True
2000-05-29,34.797976371020326,10.099999,13.542857,18.67143,8.642858,70.42857,3.1,1.9142858,2.8714287,5.857143,16.3,7.092953e-05,0.003230527,-7.345365000000001e-25,7.450581e-09,0.0,True
2000-06-05,34.78,8.1,16.928572,22.5,9.785714,65.942856,3.5428574,1.4142857,3.8285713,5.6,19.1,0.0001397878,0.0029436946,-7.345365000000001e-25,7.450581e-09,0.0,True
2000-06-12,34.77,10.7,17.942858,23.757143,10.971429,61.914288,4.028571,1.8428571,4.3714285,5.5285716,20.12857,6.181002e-05,0.0026775002,-7.345365000000001e-25,1.4901161e-08,0.0,True
2000-06-19,34.77,4.2,18.114286,24.428572,10.0,59.11429,4.2285714,1.0857142,4.3285713,5.142857,20.671429,4.4181943e-05,0.0024192184,-7.345365000000001e-25,7.450581e-09,0.0,True
2000-06-26,34.77,14.5,18.757143,24.171429,13.785714,62.17143,4.142857,1.5142858,4.214286,5.1285715,21.214285,0.00016723573,0.002181448,-7.345365000000001e-25,3.7252903e-09,0.0,True
2000-07-03,34.78,19.6,14.8714285,18.914288,10.071428,67.28571,2.7285712,1.1571429,3.0714285,5.042857,16.585714,7.354468e-05,0.0020060986,-7.345365000000001e-25,0.0,0.0,True
2000-07-10,34.77,4.5,15.985715,20.600002,12.185715,73.64286,2.5428574,1.6857144,2.857143,5.1857142,18.2,0.00015431643,0.0018545091,-7.345365000000001e-25,1.1175871e-08,0.0,True
2000-07-17,34.78,3.5,15.071428,19.37143,10.242858,72.442856,2.5857143,1.5857143,2.9142857,5.042857,17.085714,0.00010174513,0.0017251596,-7.345365000000001e-25,3.7252903e-09,0.0,True
2000-07-24,34.78,4.0,15.828572,20.428572,11.3714285,76.51429,2.2571428,1.2714287,2.5857143,4.885714,17.62857,8.1039965e-05,0.001616925,-7.345365000000001e-25,1.8626451e-08,0.0,True
2000-07-31,34.74662157006747,83.1,16.800001,20.685715,14.542857,84.90001,2.2285714,1.6,2.1857142,5.571429,19.27143,0.0014102161,0.0015232414,-7.345365000000001e-25,1.4901161e-08,0.0,True
2000-08-07,34.75,17.699999,17.5,22.828571,12.300001,74.814285,3.1000001,2.3142855,3.1285713,5.9857144,20.528572,0.0001750812,0.0014550462,-7.345365000000001e-25,1.1175871e-08,0.0,True
2000-08-14,34.730000000000004,2.2,18.014286,24.328571,11.371429,73.471436,2.7571428,1.6285714,2.9142857,5.4857144,20.328571,0.000103741884,0.0013996437,-7.345365000000001e-25,7.450581e-09,0.0,True
2000-08-21,34.730000000000004,27.6,19.057144,24.357143,15.585715,78.48572,2.742857,2.1857142,2.857143,5.8285713,21.714285,0.0007377118,0.0013438687,-7.345365000000001e-25,1.1175871e-08,0.0,True
2000-08-28,34.71,1.4,16.157145,21.928572,10.599999,67.88572,2.7428572,2.1142857,3.1857142,6.1285715,19.114286,3.3542514e-05,0.0012980849,-7.345365000000001e-25,5.5879354e-09,0.0,True
2000-09-04,34.730000000000004,17.8,14.528571,19.942858,10.0,79.35714,1.8857143,1.5857142,1.9571428,6.1714287,17.5,0.0005904287,0.001256384,-7.345365000000001e-25,5.5879354e-09,0.0,True
2000-09-11,34.74,7.6,15.242858,19.314285,11.942857,85.14286,1.3571427,1.2285715,1.5714285,6.6714287,16.428572,0.0006260574,0.0012283847,-7.345365000000001e-25,9.313226e-09,0.0,True
2000-09-18,34.74,10.299999,14.642858,18.542858,11.614286,84.957146,1.3142856,1.1571429,1.5,6.757143,16.428572,0.0035452396,0.0012092963,-7.345365000000001e-25,1.1175871e-08,0.0,True
2000-09-25,34.75,2.5,10.67143,16.628572,5.0285716,76.67143,1.3285714,1.0571429,1.7857143,6.6857142,12.542857,0.00012247264,0.001203768,-7.345365000000001e-25,0.0,0.0,True
2000-10-02,34.78,6.7,15.17143,21.042858,10.585715,82.38572,1.3000001,1.0857142,1.5,6.8428574,15.728572,0.00022751093,0.0012030676,-7.345365000000001e-25,9.313226e-09,0.0,True
2000-10-09,34.78,14.5,10.242858,14.528572,7.1857147,91.0,0.6571428,0.5857143,0.7428571,6.9857144,12.571428,0.0003848225,0.0012095124,-7.345365000000001e-25,1.8626451e-09,0.0,True
2000-10-16,34.8,5.7000003,11.6285715,15.742858,8.085714,87.17143,0.7857143,0.7285715,0.8142857,7.2714286,11.428572,0.00014653802,0.0012449548,-7.345365000000001e-25,9.313226e-09,0.0,True
2000-10-23,34.81,0.9,10.485715,16.528572,5.8142858,86.87144,0.62857145,0.51428574,0.64285713,7.1857142,10.971429,8.359551e-06,0.0012990683,-7.345365000000001e-25,3.7252903e-09,0.0,True
2000-10-30,34.79940594098295,4.7,11.0,14.014287,8.428572,80.65715,0.9428572,0.84285706,1.1285714,7.071429,10.157143,8.690357e-05,0.0013421252,-7.345365000000001e-25,1.1175871e-08,0.0,True
2000-11-06,34.81,9.1,7.285714,10.728571,4.0285716,84.814285,0.54285717,0.47142857,0.62857145,7.1285715,7.1285715,0.00015093386,0.0013720393,-7.345365000000001e-25,1.8626451e-09,0.0,True
2000-11-13,34.81,2.1,7.928571,11.1,5.042857,79.37144,0.6571428,0.58571434,0.8,7.2285714,6.6,0.00013693422,0.0013988167,-7.345365000000001e-25,1.8626451e-09,0.0,True
2000-11-20,34.82,8.0,5.4428573,8.514286,3.1285717,88.85714,0.37142855,0.34285715,0.29999998,7.571429,5.385714,0.0002925545,0.0014333352,-7.345365000000001e-25,0.0,0.0,True
2000-11-27,34.82,2.1000001,4.457143,7.714286,0.7,93.685715,0.21428573,0.20000002,0.15714286,7.7,4.3142858,9.376556e-05,0.0014928356,-7.345365000000001e-25,0.0,0.0,True
2000-12-04,34.82,7.3999996,7.157143,10.6,3.8285716,94.77143,0.24285714,0.21428573,0.114285715,7.885714,6.071429,5.6147575e-05,0.001569435,-7.345365000000001e-25,0.0,0.0,True
2000-12-11,34.82,3.9,7.2714286,10.042857,4.857143,90.557144,0.3857143,0.37142858,0.27142859,7.928571,5.7714286,0.00011344999,0.0016400367,-7.345365000000001e-25,0.0,0.0,True
2000-12-18,34.81,7.8,6.1,8.085714,4.5285716,87.62858,0.59999996,0.59999996,0.5857143,8.614285,5.4857144,0.00028247386,0.001710467,4.752477e-05,0.00012922287,0.00020956248,True
2000-12-25,34.81,6.5,-2.3714287,-0.028571436,-4.857143,89.98572,0.028571429,0.028571429,0.08571429,8.8714285,-0.74285716,2.4586916e-06,0.0018065348,0.0015621696,6.6943467e-06,0.010172069,True
2001-01-01,34.81,11.0,-0.90000004,1.0714285,-3.8285716,90.971436,0.1,0.1,0.18571427,9.15,-0.083333336,0.00023688376,0.0018929839,0.0135634,0.0018414296,0.0057572126,True
2001-01-08,34.8,11.6,3.7285714,6.2285714,1.4285715,92.51429,0.40000004,0.40000004,0.17142858,9.414286,1.6714286,0.0021435618,0.002162598,0.004239031,0.014663391,0.0,True
2001-01-15,34.8,0.1,-0.6285714,1.1285714,-2.3285713,92.52857,0.08571429,0.08571429,0.17142858,9.5,0.35714287,1.3895333e-05,0.0023993105,0.00020567009,0.00012540631,0.00047294796,True
2001-01-22,34.8,1.5,-2.4428573,-0.18571427,-5.371429,92.01429,0.014285714,0.014285714,0.114285715,9.485714,-1.7857143,1.0430813e-06,0.002690047,0.00091965427,2.1608546e-05,0.0027159937,True
2001-01-29,34.77902938702908,25.5,3.1714287,5.7000003,0.5714286,93.38572,0.41428572,0.3857143,0.24285714,9.671429,0.54285717,0.00053195655,0.002879873,0.0014331284,0.0042702127,0.003035318,True
2001-02-05,34.79,21.4,-1.2428571,0.9142857,-4.2714286,92.62858,0.14285715,0.12857142,0.21428572,9.971429,0.071428575,0.0008183718,0.0031477287,0.005996284,0.01005864,0.016543068,True
2001-02-12,34.79,8.7,6.428571,10.514285,2.4857142,85.34286,0.82857144,0.7857143,0.67142856,10.214286,4.3285713,0.0010614395,0.0038321614,0.0010328917,0.010550827,0.00017847493,True
2001-02-19,34.79,3.1000001,2.2,6.6285715,-1.3857144,91.71429,0.47142857,0.47142857,0.3857143,9.942857,3.2285714,9.3340874e-05,0.0047045425,0.0005361523,0.0013747085,0.0020007119,True
2001-02-26,34.78,8.4,0.34285706,3.5428574,-2.4428573,85.02857,0.55714285,0.54285717,0.59999996,9.942857,1.8285714,0.00013518333,0.0050865486,0.0031649384,0.0008844193,0.007485345,True
2001-03-05,34.78,6.1,-0.20000002,3.2571428,-3.0142858,87.51429,0.54285717,0.51428574,0.5285714,9.9,0.45714286,0.00011574477,0.0052416176,0.0060957386,0.0035972334,0.0058501065,True
2001-03-12,34.77,2.1000001,7.1285715,10.571428,3.2857144,84.8,0.9571429,0.9285714,0.88571423,9.814285,5.8142858,0.0004452318,0.005276233,0.0027235406,0.008323137,8.113682e-06,True
2001-03-19,34.77,19.2,3.5714285,7.2285714,1.0857143,87.78571,0.94285727,0.9,0.7285714,9.885715,4.8,0.00085265934,0.005423948,0.00053246814,0.0017658472,0.0041761845,True
2001-03-26,34.760000000000005,25.9,0.25714284,2.8142858,-1.957143,85.75715,0.64285713,0.64285713,0.7571429,10.442857,1.5285715,0.00038063526,0.0057901666,0.0056630033,0.0048629288,0.015054829,True
2001-04-02,34.77,2.6,6.7714286,11.271429,1.2428571,73.98572,1.5428573,1.4285715,1.6285714,10.157143,6.385714,0.00057489425,0.0064045265,0.0051505393,0.011363905,0.0003537126,True
2001-04-09,34.78,5.7,8.671429,13.814286,3.4285715,79.48572,1.8142856,1.6714286,1.6428572,9.6285715,9.671429,0.0005521551,0.007004425,6.7665464e-06,6.626733e-05,0.0,True
2001-04-16,34.8,7.9,4.457143,7.7000003,1.6000001,85.08572,1.2285713,1.1428572,1.0714285,9.457143,6.428571,0.00032137334,0.0072455853,0.00030302434,0.0012851432,0.0016751345,True
2001-04-23,34.8,5.1000004,5.3428574,9.771429,1.1428572,79.1,1.5285714,1.4142858,1.6000001,9.514286,6.957143,0.00015808642,0.0072345957,7.739521e-05,0.00040238723,6.9588423e-06,True
2001-04-30,34.81700182541365,13.8,11.342857,17.37143,5.214286,77.200005,2.3999999,2.1428573,2.3285713,9.314285,12.385715,0.00047506392,0.0070659667,2.8950828e-07,2.6784837e-06,0.0,True
2001-05-07,34.81,0.8,12.971429,18.2,7.4857144,70.14286,2.7714286,2.2714286,2.9857144,8.657143,15.028571,0.00016511977,0.006757967,-7.345365000000001e-25,7.450581e-09,0.0,True
2001-05-14,34.83,0.2,15.485715,23.228573,6.1285715,61.37143,4.0285716,2.9142857,3.9142857,7.9,18.471428,4.7683716e-07,0.0063211024,-7.345365000000001e-25,3.7252903e-09,0.0,True
2001-05-21,34.84,1.6999999,13.257143,18.957144,7.357143,71.12858,2.9857144,2.1714284,3.2,6.928571,16.742857,4.2796135e-05,0.005746275,-7.345365000000001e-25,0.0,0.0,True
2001-05-28,34.85,7.7,15.614286,22.314287,7.071429,63.17143,3.6857142,1.5999998,3.7571428,6.1714287,19.328571,2.8796494e-05,0.005143553,-7.345365000000001e-25,7.450581e-09,0.0,True
2001-06-04,34.85,31.1,12.571428,16.757143,8.485715,82.42857,2.514286,1.6142857,2.3285713,6.4142857,15.057143,0.0003722459,0.0045967847,-7.345365000000001e-25,0.0,0.0,True
2001-06-11,34.86,9.8,12.285714,16.728573,8.242857,80.25714,2.3285713,1.9285715,2.4428573,6.614286,15.457143,0.00023131073,0.004168555,-7.345365000000001e-25,3.7252903e-09,0.0,True
2001-06-18,34.86,7.2,14.971429,20.585714,8.314286,75.700005,2.9714282,2.385714,3.0571427,6.385714,18.071428,0.00021333992,0.0038035214,-7.345365000000001e-25,1.1175871e-08,0.0,True
2001-06-25,34.870000000000005,5.0,14.757143,20.185715,9.185715,74.68572,3.057143,2.2285714,3.4285715,6.214286,17.971428,0.00012251735,0.0034921542,-7.345365000000001e-25,1.1175871e-08,0.0,True
2001-07-02,34.870000000000005,14.6,18.728573,24.857143,11.342857,71.82857,3.714286,2.414286,3.8285716,5.8,22.157143,0.0002565682,0.0032051355,-7.345365000000001e-25,1.1175871e-08,0.0,True
2001-07-09,34.86,28.0,20.785715,26.485716,13.728572,67.84286,4.142857,2.042857,4.0142856,5.6571426,23.071428,0.0007481128,0.0029398948,-7.345365000000001e-25,1.4901161e-08,0.0,True
2001-07-16,34.86,18.1,17.171429,21.128572,13.185715,71.3,3.2857146,2.642857,3.6571429,6.1,19.72857,0.0013398528,0.002731271,-7.345365000000001e-25,1.4901161e-08,0.0,True
2001-07-23,34.85,0.3,18.357143,24.357143,11.685715,68.85714,3.3857143,2.4857142,3.6571429,6.0285716,21.1,9.4756484e-05,0.0025947765,-7.345365000000001e-25,7.450581e-09,0.0,True
2001-07-30,34.85717679573118,8.0,21.857143,29.2,13.942857,65.61429,4.2428575,2.2857144,4.4714284,5.285714,25.12857,8.304417e-05,0.0024629608,-7.345365000000001e-25,1.4901161e-08,0.0,True
2001-08-06,34.85,20.2,17.785715,23.928572,11.928572,76.91429,3.0142858,2.0,3.0142856,5.0285716,20.928572,0.00035484135,0.00232853,-7.345365000000001e-25,1.4901161e-08,0.0,True
2001-08-13,34.83,16.8,16.7,21.428572,12.828572,77.94286,2.6285717,2.0,2.7428572,5.257143,18.414286,0.0002580434,0.002224937,-7.345365000000001e-25,1.4901161e-08,0.0,True
2001-08-20,34.82,20.3,21.571428,27.742857,15.6,72.328575,3.285714,1.8714286,3.5,5.071429,23.428572,0.00013540685,0.0021281242,-7.345365000000001e-25,1.6763806e-08,0.0,True
2001-08-27,34.81,5.4,21.485716,28.071428,15.17143,70.65715,2.9142857,1.3285714,3.1714287,4.7,23.62857,9.8988414e-05,0.002032727,-7.345365000000001e-25,7.450581e-09,0.0,True
2001-09-03,34.81,6.6,15.771429,20.785715,10.742857,75.01428,2.0,1.1571429,2.3714287,4.8142858,18.157143,0.00011374056,0.0019435138,-7.345365000000001e-25,1.1175871e-08,0.0,True
2001-09-10,34.81,35.4,13.0,16.714285,9.657144,86.52857,1.6142857,1.4285713,1.5428572,6.0857143,14.585714,0.0021560043,0.0018747449,-7.345365000000001e-25,1.1175871e-08,0.0,True
2001-09-17,34.8,25.4,11.857142,16.07143,8.657144,86.48572,1.2428571,1.1999999,1.4142857,8.171429,13.3,0.00086548924,0.0018516332,-7.345365000000001e-25,3.7252903e-09,0.0,True
2001-09-24,34.8,24.6,11.785714,15.1,8.757143,87.88572,1.0571429,1.0,1.1428572,9.114285,12.614285,0.0020321757,0.0019064844,-7.345365000000001e-25,5.5879354e-09,0.0,True
2001-10-01,34.8,25.199999,13.1,16.285715,10.099999,92.35714,0.8285714,0.78571427,0.87142855,9.671429,13.742857,0.0052975714,0.002711743,-7.345365000000001e-25,3.7252903e-09,0.0,True
2001-10-08,34.79,5.5,13.957144,18.642857,9.885714,87.71429,0.94285715,0.9428572,1.0714285,9.757143,14.4,0.00092867017,0.0024872124,-7.345365000000001e-25,7.450581e-09,0.0,True
2001-10-15,34.760000000000005,0.3,14.285714,19.514286,9.328572,82.48572,1.0142857,0.9000001,1.1428572,9.542857,14.2,7.197261e-06,0.0029199347,-7.345365000000001e-25,7.450581e-09,0.0,True
2001-10-22,34.760000000000005,9.7,11.328572,15.342857,7.9000006,91.65715,0.5285714,0.44285718,0.64285713,9.328571,12.357142,0.00012102723,0.0031171814,-7.345365000000001e-25,5.5879354e-09,0.0,True
2001-10-29,34.76571694166332,7.7,10.099999,12.800001,7.471429,91.42857,0.4714286,0.4571429,0.5714286,9.414286,10.271428,0.00012532622,0.0031980574,-7.345365000000001e-25,1.8626451e-09,0.0,True
2001-11-05,34.760000000000005,2.4,10.114286,12.971429,7.2571435,80.75714,0.8142857,0.7714286,1.1,9.442857,9.3,4.0873885e-05,0.0032416806,-7.345365000000001e-25,7.450581e-09,0.0,True
2001-11-12,34.760000000000005,8.9,4.4428573,7.0428576,1.3857144,87.77143,0.44285718,0.44285718,0.4714286,9.942857,4.385714,0.0004088357,0.0032711998,5.498954e-05,0.00011867471,0.00014379248,True
2001-11-19,34.760000000000005,0.4,3.7714286,6.585714,0.2857143,92.62858,0.21428573,0.21428573,0.21428572,10.028571,3.8142858,1.9982457e-05,0.0033639893,1.945382e-05,5.0606206e-05,2.8576702e-05,True
2001-11-26,34.75,11.2,3.7714288,6.3857145,0.9142857,92.057144,0.35714287,0.35714287,0.34285715,10.157143,3.6142857,0.00030124187,0.003441222,2.127602e-05,3.7422404e-05,5.0244853e-05,True
2001-12-03,34.760000000000005,17.4,2.5285716,4.071429,0.81428576,94.74286,0.17142858,0.17142858,0.25714287,10.457143,3.0714285,0.00045600533,0.0035524294,5.1373527e-06,1.4090911e-05,7.674098e-06,True
2001-12-10,34.77,15.5,2.1,4.214286,-0.21428572,93.78571,0.15714286,0.15714286,0.20000002,10.6285715,2.057143,0.0008455515,0.003967829,1.3084638e-05,1.745671e-05,0.00010961294,True
2001-12-17,34.77,2.7,-0.4714286,1.7,-2.9857144,88.57143,0.071428575,0.071428575,0.18571427,10.3,-0.21428572,2.9854476e-05,0.004561074,0.00031543346,0.00016857311,0.00095867366,True
2001-12-24,34.78,9.5,-1.0714287,1.4857142,-4.0142856,86.685715,0.10000001,0.10000001,0.35714287,10.514286,-0.1,0.000277251,0.0048490167,0.0038748865,0.0017235242,0.0132542625,True
2001-12-31,34.77666788523993,15.5,0.14285715,2.2,-1.8142856,89.34286,0.29999998,0.29999998,0.37142858,10.742857,0.0,0.000868693,0.004421219,0.00851806,0.009762466,0.00850879,True
2002-01-07,34.78,3.3999999,-2.5857146,1.1999999,-6.957143,85.52857,0.14285715,0.14285715,0.10000001,10.342857,-0.8857143,0.00029682368,0.005948566,0.010217054,0.005770864,0.0017401949,True
2002-01-14,34.78,1.9,-0.34285712,0.82857144,-1.5,96.057144,0.042857144,0.042857144,0.20000002,10.285714,-0.31428573,0.00010701269,0.0064633787,0.007160471,0.0027293544,0.0016087033,True
2002-01-21,34.79,7.5,2.0428572,4.3857145,-0.48571423,90.44286,0.2857143,0.2857143,0.31428573,10.257143,0.2,0.00066909194,0.00666409,0.0044187875,0.006646376,0.0002632104,True
2002-01-28,34.8,17.4,7.714286,10.342857,4.4428573,77.542854,1.2428571,1.2285715,0.98571426,10.442857,5.5,0.0010222122,0.0069245845,2.183233e-05,0.00017597713,0.0,True
2002-02-04,34.8,2.4,9.400001,12.814286,5.714286,69.3,1.3142856,1.2428571,1.3857143,10.271428,7.142857,2.3111701e-05,0.007561721,-7.2791902999999985e-25,1.3038516e-08,0.0,True
2002-02-11,34.8,28.099998,8.528571,11.071428,5.7714286,81.04286,1.0428572,1.0,0.9142857,10.028571,7.042857,0.00043507665,0.0077327415,-7.2791902999999985e-25,5.5879354e-09,0.0,True
2002-02-18,34.79,3.9,2.2571428,7.3142858,-2.0285716,79.25714,0.9142857,0.88571423,0.62857145,10.342857,3.7285714,0.000209108,0.007757075,1.748403e-06,2.2277236e-06,4.541129e-06,True
2002-02-25,34.79,24.4,2.1714284,5.614286,-0.5428571,82.41429,0.90000004,0.90000004,0.7714286,10.6,1.8857143,0.00085151196,0.007814303,0.004424759,0.009368969,0.015431803,True
2002-03-04,34.82,6.1000004,4.714286,7.9571433,1.1714286,80.14286,1.2285713,1.2285713,1.0571429,10.657143,4.285714,0.0016594529,0.00902693,0.00071326323,0.006540045,0.00043283775,True
2002-03-11,34.84,9.6,7.1142855,10.642858,4.042857,73.957146,1.5,1.457143,1.4428571,10.171429,6.257143,0.0002066195,0.00993754,2.169609e-05,0.00015125237,0.0,True
2002-03-18,34.88,5.2,5.585714,9.328572,1.8571428,83.42857,0.9428572,0.88571435,0.9285714,10.057143,5.885714,0.00016897917,0.009774536,0.0001779454,0.0006371457,0.0006647706,True
2002-03-25,34.910000000000004,5.5,4.357143,7.542857,1.6000001,81.15715,1.0000001,1.0000001,1.0,10.142858,5.385714,0.0002283454,0.009417035,3.6761874e-05,5.733408e-05,0.00024108216,True
2002-04-01,34.94,0.0,5.7000003,12.714286,-1.0142858,66.0,1.6285714,1.3714286,1.6,9.728572,7.885714,7.711351e-06,0.008939795,8.4036874e-05,0.00024857745,5.9440732e-05,True
2002-04-08,34.94,0.0,5.971429,12.357142,-0.88571423,56.357143,2.4428573,1.8285714,2.4428573,8.8,9.028571,5.5134296e-07,0.0082203,2.4409521e-06,8.018687e-06,1.0095537e-05,True
2002-04-15,34.96,31.399998,6.8,10.185715,2.3285713,80.685715,1.2285713,0.9714285,1.1999999,8.4,8.357142,0.00047323108,0.0074390993,6.18753e-07,3.1851232e-06,0.0,True
2002-04-22,34.97,8.7,8.428572,12.971429,4.042857,85.471436,1.5142858,1.3857144,1.5714285,9.428572,10.857142,0.00036633015,0.0068883076,-7.2791902999999985e-25,0.0,0.0,True
2002-04-29,34.97788377699667,16.9,10.442858,14.428572,6.7000003,81.185715,1.8285713,1.742857,1.8285714,9.228572,11.885715,0.0002829805,0.006534755,-7.2791902999999985e-25,0.0,0.0,True
2002-05-06,34.980000000000004,24.5,11.5,13.971429,8.971429,85.0,1.542857,1.4857142,1.6,9.671429,12.428572,0.00073875487,0.006227933,-7.2791902999999985e-25,0.0,0.0,True
2002-05-13,35.03,17.8,16.042858,21.685715,10.728571,73.32857,3.0285714,2.5857143,3.3285713,9.585714,17.471428,0.0011908561,0.0060190707,-7.2791902999999985e-25,1.1175871e-08,0.0,True
2002-05-20,35.05,6.5,14.871429,19.814287,9.214286,73.51429,2.9571426,2.357143,3.1000001,8.771428,18.257143,9.703636e-05,0.0057276934,-7.2791902999999985e-25,3.7252903e-09,0.0,True
2002-05-27,35.06,18.2,15.928572,21.014286,9.8714285,73.71429,2.957143,2.5,3.3142858,8.3714285,18.828571,0.0003592074,0.005370274,-7.2791902999999985e-25,3.7252903e-09,0.0,True
2002-06-03,35.08,2.2,14.7,20.214285,8.014286,69.75715,3.2857146,2.6,3.5571427,7.8285713,18.685715,7.984042e-05,0.005019985,-7.2791902999999985e-25,0.0,0.0,True
2002-06-10,35.08,16.5,17.557142,21.1,13.857142,77.28571,2.9857142,2.2857144,3.0,7.214286,20.071428,0.00048095733,0.0046363026,-7.2791902999999985e-25,1.8626451e-08,0.0,True
2002-06-17,35.09,22.7,16.814287,21.27143,12.542857,78.8,2.9428573,2.442857,3.1571429,7.457143,19.014286,0.0001803413,0.0043407455,-7.2791902999999985e-25,1.1175871e-08,0.0,True
2002-06-24,35.1,13.6,19.67143,25.0,13.714286,69.85714,3.9714284,3.014286,4.457143,6.9857144,22.885714,0.00013165921,0.004004836,-7.2791902999999985e-25,3.7252903e-09,0.0,True
2002-07-01,35.120000000000005,7.8,15.071428,19.6,10.157144,73.84286,3.2285712,2.142857,3.142857,6.4,18.62857,0.00017216802,0.003688924,-7.2791902999999985e-25,7.450581e-09,0.0,True
2002-07-08,35.160000000000004,3.6000001,16.542858,20.985716,11.300001,76.37144,2.857143,1.6999999,2.8999999,6.3714285,18.471428,7.703155e-05,0.0034395754,-7.2791902999999985e-25,1.1175871e-08,0.0,True
2002-07-15,35.18,24.5,19.77143,25.457144,13.857142,70.64286,3.6857142,2.4857142,3.6714287,6.5285716,22.37143,0.00022669137,0.0031624064,-7.2791902999999985e-25,1.8626451e-08,0.0,True
2002-07-22,35.2,69.0,16.228573,19.628572,13.185715,88.11428,2.242857,2.0714288,1.9428571,8.714286,18.528572,0.012710966,0.0051670223,-7.2791902999999985e-25,1.8626451e-08,0.0,True
2002-07-29,35.20259553836094,4.7,18.328571,23.485716,13.357142,76.57143,3.0714285,2.5714285,3.2,8.5,19.914286,0.0001828596,0.002902113,-7.2791902999999985e-25,1.8626451e-08,0.0,True
2002-08-05,35.2,35.399998,20.87143,26.828571,15.257143,77.18572,3.2714288,2.6142857,3.2571428,8.1285715,23.742857,0.000858292,0.0028043985,-7.2791902999999985e-25,1.3038516e-08,0.0,True
2002-08-12,35.21,38.0,18.957144,23.985716,14.728572,86.614296,2.3,2.1285715,2.5,9.414286,21.957144,0.005723655,0.0030530319,-7.2791902999999985e-25,1.3038516e-08,0.0,True
2002-08-19,35.22,0.0,20.5,26.114286,14.771429,74.71429,3.0142858,2.5857143,3.357143,9.971429,22.585714,2.7418137e-05,0.0028744787,-7.2791902999999985e-25,1.4901161e-08,0.0,True
2002-08-26,35.22,0.4,20.800001,27.600002,14.442858,72.6,3.142857,2.457143,3.3999999,8.742857,24.0,4.708767e-05,0.0029347986,-7.2791902999999985e-25,1.4901161e-08,0.0,True
2002-09-02,35.230000000000004,0.0,19.128572,25.757143,12.785714,71.08572,2.6857142,1.857143,3.0857143,8.028571,22.9,1.5318394e-05,0.002854444,-7.2791902999999985e-25,9.313226e-09,0.0,True
2002-09-09,35.24,0.0,17.957144,24.97143,10.6,70.08572,2.5428574,1.4142858,2.8,7.285714,20.571428,1.1220574e-05,0.0027459264,-7.2791902999999985e-25,7.450581e-09,0.0,True
2002-09-16,35.24,1.3000001,14.814286,21.385714,8.514285,76.77143,1.7714287,1.0000001,2.1285713,6.9714284,17.928572,1.9907951e-05,0.0026202872,-7.2791902999999985e-25,1.1175871e-08,0.0,True
2002-09-23,35.260000000000005,30.0,12.8714285,16.528572,10.285714,83.28571,1.0857142,0.71428573,1.3285714,6.8428574,14.8,0.00023964047,0.0025065467,-7.2791902999999985e-25,5.5879354e-09,0.0,True
2002-09-30,35.231396135028504,6.5,9.942858,15.071428,4.2714286,83.71429,0.9857144,0.7714286,1.1428572,7.214286,11.8714285,5.5991113e-05,0.0024054274,-7.2791902999999985e-25,1.8626451e-09,0.0,True
2002-10-07,35.25,12.6,10.571428,15.728572,5.285714,86.74286,0.9428572,0.78571427,1.0,7.457143,12.514286,0.00034423172,0.0023082271,-7.2791902999999985e-25,5.5879354e-09,0.0,True
2002-10-14,35.24,5.2,5.0285716,8.785714,1.4714286,78.78571,0.67142856,0.55714285,1.0,8.142858,6.4714284,7.674843e-05,0.0022317618,3.9622896e-06,1.18445605e-05,2.2552907e-05,True
2002-10-21,35.230000000000004,10.0,7.614286,11.214286,4.257143,87.38572,0.61428577,0.5857143,0.7714286,8.585714,7.8714285,0.00030747056,0.0021751523,1.3737451e-06,1.116842e-05,0.0,True
2002-10-28,35.230000000000004,40.3,9.17143,12.900001,5.414286,85.1,1.1285714,1.1285714,0.9285714,9.714286,8.442857,0.0015045106,0.002142243,-7.2791902999999985e-25,9.313226e-09,0.0,True
2002-11-04,35.230000000000004,33.5,4.9857144,7.9857144,1.6000001,90.942856,0.38571426,0.38571426,0.37142858,10.528571,5.714286,0.0011229217,0.0021790117,0.000826688,0.0014309157,0.006898489,True
2002-11-11,35.230000000000004,14.0,2.0428572,5.042857,-0.41428566,90.51428,0.3857143,0.3857143,0.2857143,10.685715,2.6,0.0014605224,0.002403751,0.0033721242,0.007043978,0.0025530085,True
2002-11-18,35.24,17.199999,7.228572,9.914286,4.4428573,92.57143,0.31428573,0.31428573,0.29999998,10.6,6.4,0.0011523664,0.0029223487,0.00014496417,0.0010477174,0.0,True
2002-11-25,35.230000000000004,9.4,2.7142856,5.2714286,-0.08571434,95.74286,0.14285715,0.14285715,0.12857144,10.5,3.2285714,0.00018921494,0.0036541224,7.85646e-06,1.5351921e-05,1.5199184e-05,True
2002-12-02,35.24,26.7,5.642857,7.2714286,3.9428573,96.71429,0.17142858,0.17142858,0.21428572,10.6285715,5.1857142,0.0010868981,0.0042614117,3.4059798e-07,2.6375055e-06,0.0,True
2002-12-09,35.25,0.90000004,-1.6857145,0.22857141,-3.757143,86.3,0.071428575,0.071428575,0.34285715,10.385715,0.5,9.000301e-06,0.005038172,9.0065456e-05,7.450581e-09,0.00019255653,True
2002-12-16,35.28,2.7,-6.1285715,-3.1714287,-8.885715,81.98572,0.0,0.0,0.22857143,10.3,-4.2,3.1501055e-05,0.005427018,0.00020271256,3.3527613e-07,0.00017197058,True
2002-12-23,35.29,9.1,-1.2428571,0.14285715,-3.5428574,93.314285,0.0,0.0,0.15714286,10.385715,-1.1571429,5.2973628e-05,0.0054966137,0.0029570262,9.702332e-05,0.009762663,True
2002-12-30,35.33673586158984,28.3,1.4857143,3.3714287,-0.4714286,91.057144,0.11428572,0.11428572,0.29999998,10.671429,-0.6,0.00096938014,0.005490072,0.0068194754,0.011720456,0.0101153515,False
2003-01-06,35.4,30.8,-2.957143,0.85714287,-7.828572,92.78571,0.0,0.0,0.21428572,11.2,-0.2,0.0026296675,0.0065042824,0.00789535,0.0072917566,0.008426372,True
2003-01-13,35.410000000000004,4.8999996,-6.6,-3.8,-10.171428,91.58572,0.042857144,0.042857144,0.08571429,10.428572,-0.5285714,0.00021801889,0.007921368,0.0102203805,0.0046019703,0.0045135096,True
2003-01-20,35.42,0.7,4.3857145,6.5142856,2.0571427,84.28571,0.5285714,0.51428574,0.55714285,10.271428,1.2714286,0.00035822392,0.008458011,0.00142211,0.009783002,2.0630658e-05,True
2003-01-27,35.43,4.8,4.3142858,6.828572,1.8000001,90.64286,0.37142858,0.37142858,0.35714287,10.171429,2.5714285,6.186962e-05,0.0088588,0.00011442957,0.00050757267,0.0003517531,True
2003-02-03,35.44,20.5,-0.38571426,2.4285715,-4.071429,89.62858,0.34285715,0.34285715,0.32857147,10.428572,1.1,0.00078062713,0.008794285,0.0039447034,0.0012961943,0.0075199567,True
2003-02-10,35.47,6.2,-1.6714287,0.55714285,-4.9,90.75715,0.17142859,0.17142859,0.29999998,10.3,-0.028571429,7.695705e-05,0.008656204,0.0071581146,0.0014409758,0.0036442801,True
2003-02-17,35.49,0.4,-4.542857,-0.17142855,-8.757143,78.15715,0.10000001,0.10000001,0.3857143,10.228572,-1.3571428,9.1940165e-06,0.008436248,0.0073256153,0.00037393905,0.00055250153,True
2003-02-24,35.5,0.5,-1.7142857,1.9428571,-4.971429,88.34286,0.3285714,0.3285714,0.41428572,10.142858,-0.9714286,6.983429e-05,0.008120678,0.006290708,0.0031661652,0.00054052845,True
2003-03-03,35.510000000000005,1.2,0.90000004,5.7000003,-2.8285716,83.01429,0.6285714,0.55714285,0.5714286,9.828571,0.5,0.000119268894,0.007735096,0.0017070089,0.0032828525,0.00016614795,True
2003-03-10,35.55,5.4,4.2571425,7.6714287,0.71428573,83.542854,0.8571429,0.81428576,0.90000004,9.857142,3.1571429,0.00019275397,0.0073392093,0.0004440773,0.0011389107,0.00051463395,True
2003-03-17,35.57,7.9,3.914286,8.642858,-0.32857147,82.314285,1.0428572,0.99999994,0.9857143,10.042857,5.071429,0.00025019795,0.007004805,1.42937615e-05,5.4337084e-05,5.6110322e-05,True
2003-03-24,35.58,0.0,3.6857145,10.157144,-2.542857,63.028572,1.5285715,1.2714285,1.5571429,9.557143,5.1,5.1409006e-06,0.006745346,2.4494671e-05,5.30798e-05,4.7754496e-05,True
2003-03-31,35.57335343101422,1.2,7.571429,14.528571,0.7,76.07143,1.7142857,1.3428571,1.6714286,8.914286,9.457143,7.036328e-05,0.0063938648,1.0842368e-06,8.5532665e-06,0.0,True
2003-04-07,35.58,6.3,4.471429,9.185715,-0.8428572,67.85714,1.9571428,1.6285715,1.8571428,8.485714,6.6285715,0.0001489371,0.0059892386,2.4239222e-05,4.1536987e-07,0.00027795509,True
2003-04-14,35.57,0.9,3.4714284,9.814286,-3.8,67.72857,1.9714286,1.4714286,1.8000001,7.9857144,6.3,4.8927963e-05,0.005594164,0.0009792419,0.0021906272,0.0021110363,True
2003-04-21,35.57,3.1999998,11.7,18.1,4.4857144,51.714287,3.5714285,2.3428574,3.5,6.9857144,12.057143,5.044788e-05,0.0051462203,1.0127113e-05,0.000102356076,9.894371e-06,True
2003-04-28,35.58,2.4,13.214286,19.442858,5.6714287,58.471428,3.0571427,1.5142857,3.0285716,6.3714285,14.4,4.61936e-05,0.0046765655,-7.2791902999999985e-25,4.8428774e-08,0.0,True
2003-05-05,35.58,6.6,14.757143,20.785715,6.714286,62.74286,3.6285717,1.8142856,3.5,6.285714,15.1285715,0.00012761354,0.0042568594,-7.2791902999999985e-25,3.7252903e-09,0.0,True
2003-05-12,35.57,5.2,14.328572,19.714285,7.971429,68.61429,2.8428571,1.0857142,2.9857142,5.9428573,17.442858,4.2185187e-05,0.0038352013,-7.2791902999999985e-25,3.7252903e-09,0.0,True
2003-05-19,35.57,12.400001,11.485715,16.6,5.457143,74.67143,2.5142858,1.6142857,2.5285716,5.9142857,14.814285,0.00019773841,0.003475383,-7.2791902999999985e-25,3.7252903e-09,0.0,True
2003-05-26,35.57,0.1,15.571428,20.957144,9.814286,69.67143,3.1285713,1.7428572,3.5142858,5.9428573,17.37143,3.683567e-05,0.0031581074,-7.2791902999999985e-25,7.450581e-09,0.0,True
2003-06-02,35.56,4.0,19.37143,26.357143,10.414286,53.07143,4.3714285,1.2142857,4.928571,5.4,22.1,4.634261e-06,0.0028340071,-7.2791902999999985e-25,0.0,0.0,True
2003-06-09,35.56,9.900001,21.5,28.728573,13.542857,61.18572,4.7000003,2.1857142,5.085714,5.4,24.071428,8.517504e-05,0.0025150478,-7.2791902999999985e-25,1.1175871e-08,0.0,True
2003-06-16,35.56,0.5,18.442858,24.4,10.071428,60.600002,4.2285714,1.8285714,4.457143,5.2,22.842857,3.4034252e-05,0.0022465363,-7.2791902999999985e-25,3.7252903e-09,0.0,True
2003-06-23,35.55,18.5,17.514286,23.4,11.142858,65.01429,3.857143,1.7714285,3.9285715,4.9857144,20.357143,0.00010149181,0.002023369,-7.2791902999999985e-25,7.450581e-09,0.0,True
2003-06-30,35.54827173887717,0.1,18.300001,24.414288,10.6,59.785713,4.1,0.98571426,4.428571,4.714286,21.657143,8.761883e-06,0.0018329471,-7.2791902999999985e-25,3.7252903e-09,0.0,True
2003-07-07,35.53,8.4,16.514286,20.428572,13.400001,77.5,2.714286,1.4428571,2.8142858,4.6285715,18.72857,9.139627e-05,0.0016687214,-7.2791902999999985e-25,2.2351742e-08,0.0,True
2003-07-14,35.510000000000005,5.8999996,17.814287,24.142857,10.571428,66.314285,3.9285715,1.2428572,3.9285715,4.457143,20.985714,4.5776367e-05,0.0015358254,-7.2791902999999985e-25,1.4901161e-08,0.0,True
2003-07-21,35.510000000000005,31.3,23.17143,29.985716,15.414287,59.8,5.0285716,1.1,4.8714285,4.285714,25.085714,9.454787e-05,0.0014003888,-7.2791902999999985e-25,1.4901161e-08,0.0,True
2003-07-28,35.5,29.099998,20.600002,26.228573,15.842858,73.84286,3.4714284,2.057143,3.542857,4.4,23.914286,0.000118911266,0.0012810826,-7.2791902999999985e-25,1.1175871e-08,0.0,True
2003-08-04,35.480000000000004,0.1,22.742859,29.314287,15.17143,60.2,4.085714,1.0857142,4.2571425,4.142857,25.414286,5.2005053e-06,0.0011777133,-7.2791902999999985e-25,1.1175871e-08,0.0,True
2003-08-11,35.44,0.0,23.114286,31.185715,13.5,48.7,5.0285716,0.5,4.928571,3.857143,25.842857,0.0,0.0010739192,-7.2791902999999985e-25,7.450581e-09,0.0,True
2003-08-18,35.42,5.6000004,20.87143,27.628572,13.642858,53.47143,4.214286,0.5142857,4.6142855,3.6571429,23.542856,3.156066e-05,0.0009833723,-7.2791902999999985e-25,1.3038516e-08,0.0,True
2003-08-25,35.410000000000004,3.4,18.028572,23.814287,11.599999,68.77143,2.8999999,0.5428571,3.1000001,3.7571428,20.7,3.0323863e-05,0.00091379136,-7.325276e-25,7.450581e-09,0.0,True
2003-09-01,35.39,14.2,14.599999,19.800001,9.771429,72.74286,2.142857,0.94285715,2.5571427,4.1285715,17.242857,0.00015287846,0.0008564368,-7.345365000000001e-25,1.3038516e-08,0.0,True
2003-09-08,35.38,1.7,15.400001,21.528574,8.942858,69.942856,2.2285714,1.3714286,2.4428573,4.3428574,16.828571,4.4181943e-05,0.00080863386,-7.345365000000001e-25,5.5879354e-09,0.0,True
2003-09-15,35.38,32.4,14.057143,19.214285,9.3714285,83.61428,1.5,1.2285713,1.6428572,5.3,16.157143,0.0009660423,0.00076619536,-7.345365000000001e-25,5.5879354e-09,0.0,True
2003-09-22,35.36,0.0,17.457144,25.857143,9.857142,70.700005,2.5,1.7714285,2.6285713,5.042857,18.657143,2.3841858e-07,0.0007315725,-7.345365000000001e-25,7.450581e-09,0.0,True
2003-09-29,35.34767129957336,8.1,11.3714285,17.985716,4.785714,74.85714,1.5142858,1.1142857,1.6857144,4.7,13.771428,0.0001322031,0.00070054084,-7.345365000000001e-25,5.5879354e-09,0.0,True
2003-10-06,35.35,12.5,9.685715,14.571428,4.214286,87.5,0.9428571,0.8,0.9714286,5.2285714,11.471429,0.00021770597,0.0006764978,-7.345365000000001e-25,0.0,0.0,True
2003-10-13,35.33,6.2,9.242857,13.085714,5.7000003,82.8,0.9714286,0.9,1.1285714,5.9714284,9.6285715,0.0001340583,0.0006579086,-7.345365000000001e-25,7.450581e-09,0.0,True
2003-10-20,35.31,0.0,2.7857144,10.3,-3.1857145,83.62858,0.5714286,0.47142857,0.5285714,5.9142857,6.0571427,1.6391277e-07,0.00064282864,-7.345365000000001e-25,6.7055225e-08,1.2293458e-07,True
2003-10-27,35.3,8.6,2.3,6.2999997,-1.8571428,84.77143,0.44285712,0.3857143,0.47142857,5.928571,3.642857,8.05445e-05,0.0006309673,1.7699742e-05,7.433072e-05,9.113178e-05,True
2003-11-03,35.28,9.0,6.285714,9.785714,3.042857,86.957146,0.54285717,0.5,0.55714285,6.2285714,5.3714285,8.6680055e-05,0.0006211996,5.3757713e-06,1.8853694e-05,0.0,True
2003-11-10,35.28,0.0,4.728572,7.7571425,1.3714286,89.65715,0.32857147,0.31428573,0.41428572,6.5,4.9714284,2.2500753e-06,0.0006123856,-7.345365000000001e-25,5.5879354e-09,0.0,True
2003-11-17,35.27,10.800001,3.7142856,7.1285715,0.6428572,88.52857,0.32857147,0.2857143,0.27142859,6.5571427,3.0428572,0.00014521182,0.00060463697,-7.345365000000001e-25,0.0,0.0,True
2003-11-24,35.27,1.4,9.971429,12.6285715,7.0285716,88.814285,0.41428572,0.37142855,0.42857143,7.385714,8.071428,5.479902e-05,0.00059853494,-7.345365000000001e-25,7.450581e-09,0.0,True
2003-12-01,35.25,3.0,6.971429,8.985715,4.9857144,95.42857,0.20000002,0.20000002,0.18571429,7.6571426,6.3428574,4.8816204e-05,0.0005939454,-7.345365000000001e-25,1.8626451e-09,0.0,True
2003-12-08,35.24,0.8,2.7857144,5.457143,0.2857142,89.08571,0.24285714,0.21428572,0.3285714,7.7714286,3.1285715,1.6823411e-05,0.0005906075,1.964115e-06,1.2852252e-07,6.9998205e-06,True
2003-12-15,35.21,25.6,2.1,5.6,-1.8000001,87.457146,0.42857143,0.4,0.24285714,8.285714,1.1428572,0.00036292523,0.0005880892,9.152435e-05,0.0003325902,0.00054932013,True
2003-12-22,35.2,5.6,2.8285716,5.928571,-0.3285714,86.37142,0.4,0.4,0.35714287,9.3,1.9571428,0.000120185316,0.00058858097,0.00035720778,0.0009202864,0.0012574643,True
2003-12-29,35.17681539810455,0.4,2.6714287,5.285714,-0.4285714,80.65715,0.34285715,0.31428573,0.62857145,9.414286,1.2428571,9.9912286e-05,0.00059473515,0.00030190038,0.0005953163,1.8302351e-05,True
2004-01-05,35.18,1.5,-2.7857144,-0.62857145,-5.585715,91.15715,0.1,0.1,0.08571429,9.4,0.45,1.3187528e-06,0.00060515106,0.00050934724,6.3441694e-06,0.0021602232,True
2004-01-12,35.17,21.9,1.8428571,4.7999997,-1.0857143,93.40001,0.24285714,0.24285714,0.24285714,9.957143,-0.15714286,0.00041664392,0.00061918795,0.0022115083,0.005635744,0.0034813322,True
2004-01-19,35.15,29.2,2.8857143,4.8714285,0.3857143,90.28571,0.5142857,0.5142857,0.4,10.885715,1.6285714,0.00084349513,0.0006491989,0.0013522307,0.0032971278,0.0052918196,True
2004-01-26,35.13,4.6,-2.8428574,-1.0,-4.6857142,84.1,0.057142857,0.057142857,0.31428573,10.485714,-0.32857144,1.2598932e-05,0.00074052066,0.0040477514,0.00015439838,0.0053030476,True
2004-02-02,35.11,26.9,2.0142858,4.585715,-0.40000004,88.77143,0.55714285,0.54285717,0.5142857,10.485714,1.0142857,0.0029586107,0.0010216162,0.0075864964,0.0141648315,0.0070022605,True
2004-02-09,35.11,12.4,8.571428,11.0,6.3,81.828575,1.1,1.1,1.1142857,10.671429,6.8,0.0005466938,0.0010411143,0.0002147243,0.0003646314,0.0014706403,True
2004-02-16,35.1,9.0,2.2,4.4857144,-0.7571429,92.057144,0.32857147,0.3142857,0.3857143,10.5,1.9714285,0.0002681017,0.0012823939,0.0028804257,0.006528044,0.005641941,True
2004-02-23,35.09,0.0,0.7,4.142857,-2.6714287,70.72857,0.7,0.62857145,0.88571423,10.028571,1.0714285,1.616776e-05,0.001508981,0.0003998393,0.00031237304,0.00036311895,True
2004-03-01,35.09,2.8,-0.6571428,3.2714286,-4.9428573,80.35714,0.61428565,0.5857143,0.62857145,9.785714,0.17142858,4.914403e-05,0.0016708523,0.0028809933,0.0012989305,0.0054663047,True
2004-03-08,35.09,5.5,0.2714286,4.071429,-3.8714287,76.22858,0.78571427,0.6857143,0.85714287,9.614285,1.0714285,0.0001142323,0.001781337,0.0022905725,0.0034571942,0.00222807,True
2004-03-15,35.09,3.3,4.9857144,8.0,1.9428571,80.614296,1.0571429,0.9285714,1.1,9.4,4.0,0.00016267598,0.0018641427,0.002409793,0.0054643713,0.0027997158,True
2004-03-22,35.08,11.0,9.942857,14.17143,5.142857,78.17143,1.8285716,1.6714286,1.6142856,9.171429,9.4,0.00029353797,0.0019255579,3.5024825e-06,5.4266304e-05,0.0,True
2004-03-29,35.067979479103386,0.7,3.4285715,8.142858,-1.557143,75.48572,1.2,0.98571426,1.2571429,9.142858,5.5285716,1.8253922e-05,0.0019832775,0.00013727233,0.0003093239,0.0004253164,False
2004-04-05,35.08,3.8999999,9.242858,14.914286,3.6285713,60.700005,2.3714287,1.9142858,2.5571427,8.442857,9.3714285,7.0147216e-05,0.0020230934,1.4747892e-05,0.00010294467,0.0,True
2004-04-12,35.06,18.199999,5.157143,9.685715,1.2714287,88.3,1.2857143,1.1714286,1.1428572,8.557143,7.5142856,0.00024010241,0.0020348132,6.2442965e-08,1.4249235e-06,1.3820827e-06,True
2004-04-19,35.05,3.4,10.157143,16.642857,2.2142856,69.51429,2.5,1.8857144,2.2857144,7.9857144,12.6,4.425645e-05,0.0020299777,-7.2791902999999985e-25,2.0489097e-08,0.0,True
2004-04-26,35.05,5.9,10.914286,16.457144,4.357143,78.41429,2.114286,1.6428572,1.9285715,7.571429,13.357142,0.000102587044,0.001998052,-7.2791902999999985e-25,1.8626451e-09,0.0,True
2004-05-03,35.05,0.8,14.285714,19.671429,8.914286,64.34286,3.2571428,2.3285713,3.3428571,6.9428573,15.657143,7.081032e-05,0.00195086,-7.2791902999999985e-25,7.450581e-09,0.0,True
2004-05-10,35.06,20.4,12.7,16.457142,8.814286,87.64286,1.8571428,1.6,1.8428571,7.642857,14.6285715,0.0031398684,0.0019014329,-7.2791902999999985e-25,0.0,0.0,True
2004-05-17,35.06,1.5999999,11.2,15.042857,6.7285714,81.957146,1.8142856,1.4714286,1.8428571,7.6285715,13.942857,2.360344e-05,0.0018945336,-7.2791902999999985e-25,0.0,0.0,True
2004-05-24,35.07,6.4,11.2,16.77143,4.5,67.42857,2.957143,2.2285714,3.1142857,6.857143,14.471429,6.625056e-05,0.0018636584,-7.2791902999999985e-25,3.7252903e-09,0.0,True
2004-05-31,35.0619452885266,1.4,12.828572,18.87143,5.714286,65.78571,3.142857,1.9571428,3.3285713,6.2285714,16.185715,5.2198768e-05,0.001812391,-7.2791902999999985e-25,3.7252903e-09,0.0,False
2004-06-07,35.05,12.0,15.385715,20.34286,10.114286,75.74286,2.857143,1.6428572,3.042857,5.9714284,18.8,0.00013484061,0.0017398894,-7.2791902999999985e-25,3.7252903e-09,0.0,True
2004-06-14,35.04,33.6,17.085714,22.128572,11.885715,77.35714,3.2,2.2857144,3.2714286,5.9428573,20.171429,0.0001983419,0.0016689152,-7.2791902999999985e-25,1.4901161e-08,0.0,True
2004-06-21,35.03,19.300001,14.028572,19.442858,8.485715,73.37142,3.0857146,2.385714,3.2428572,5.8714285,16.9,0.00021574646,0.001598686,-7.2791902999999985e-25,3.7252903e-09,0.0,True
2004-06-28,35.02,19.7,15.157144,20.114286,10.271429,74.75715,3.057143,2.385714,3.0428574,5.857143,17.1,0.00017819554,0.0015332177,-7.2791902999999985e-25,1.4901161e-08,0.0,True
2004-07-05,35.02,21.3,15.071428,20.357143,10.228571,75.92857,3.0714288,2.3428571,3.2571428,5.6,17.857143,0.00027008355,0.0014713183,-7.2791902999999985e-25,1.1175871e-08,0.0,True
2004-07-12,35.04,19.7,15.542857,20.085714,10.657144,75.91429,3.0000002,2.2428572,2.9714284,5.8,18.357143,0.00031924248,0.001414232,-7.2791902999999985e-25,1.4901161e-08,0.0,True
2004-07-19,35.05,47.9,17.528572,22.557144,13.285714,78.48572,2.9428573,2.457143,3.0714285,5.9857144,19.5,0.0008262545,0.0013689026,-7.284705e-25,1.4901161e-08,0.0,True
2004-07-26,35.08,31.0,17.800001,23.300001,12.057143,81.42857,2.8714287,2.6,2.9142857,7.1,21.257143,0.0049745888,0.0016722009,-7.345365000000001e-25,7.450581e-09,0.0,True
2004-08-02,35.07,0.3,18.185715,25.100002,10.728571,70.61429,3.5285716,2.6571429,3.6857142,6.5142856,21.957144,3.476441e-05,0.0013163015,-7.345365000000001e-25,1.1175871e-08,0.0,True
2004-08-09,35.05,0.0,22.528574,29.228573,13.928572,56.600002,4.8285713,2.3142858,4.8142858,5.3285713,24.5,2.3394823e-06,0.001281552,-7.345365000000001e-25,1.3038516e-08,0.0,True
2004-08-16,35.05,12.0,20.385715,26.857143,13.2,68.9,3.3999999,1.6142857,3.542857,4.9857144,22.685715,0.0015511662,0.0012338907,-7.345365000000001e-25,1.8626451e-08,0.0,True
2004-08-23,35.04,4.0,17.928572,24.057144,11.6285715,71.9,2.9285715,1.8999999,3.0857143,4.9,20.357143,0.00014656782,0.0011951253,-7.345365000000001e-25,9.313226e-09,0.0,True
2004-08-30,35.031786904370016,40.6,15.642858,20.457142,11.785714,84.5,1.8571428,1.6,1.8285714,5.5,17.557142,0.00024986267,0.0011634976,-7.345365000000001e-25,1.4901161e-08,0.0,True
2004-09-06,35.04,3.6,16.1,23.628572,8.842857,73.38572,2.3999999,1.7571429,2.5571427,5.885714,18.4,3.5956502e-05,0.001135543,-7.345365000000001e-25,7.450581e-09,0.0,True
2004-09-13,35.02,8.3,15.385715,22.071428,7.9714284,66.74286,2.3999999,1.6714286,2.642857,5.1571426,18.014286,0.0001500994,0.0011005774,-7.345365000000001e-25,7.450581e-09,0.0,True
2004-09-20,35.010000000000005,4.8,13.685715,19.857143,7.1142855,68.77143,2.0000002,1.1428573,2.2857144,4.7714286,15.671429,2.6926398e-05,0.0010707155,-7.345365000000001e-25,7.450581e-09,0.0,True
2004-09-27,34.980000000000004,15.599999,11.8,15.657144,9.014286,83.75714,1.2285713,1.1,1.4,5.642857,12.2,0.00014657527,0.0010474846,-7.345365000000001e-25,1.8626451e-09,0.0,True
2004-10-04,34.980000000000004,7.0,11.642858,17.1,6.428571,85.65715,1.0000001,0.82857144,1.1,6.1714287,12.785714,0.00013828278,0.0010296404,-7.345365000000001e-25,7.450581e-09,0.0,True
2004-10-11,34.980000000000004,1.1,9.557143,15.17143,4.2285714,80.72858,0.91428566,0.71428573,1.1,6.0857143,11.285714,4.3533742e-05,0.0010112599,-7.345365000000001e-25,1.8626451e-09,0.0,True
2004-10-18,34.980000000000004,7.2,7.642857,11.828572,3.5714285,77.12858,0.7571429,0.55714285,1.0857143,5.957143,8.014286,6.647408e-05,0.0009951293,-7.345365000000001e-25,0.0,0.0,True
2004-10-25,34.97,5.5,11.785714,16.84286,6.1714287,76.8,1.0571429,0.9142858,1.2142857,6.214286,10.528571,0.000101700425,0.0009815097,-7.345365000000001e-25,7.450581e-09,0.0,True
2004-11-01,34.97,1.1,9.457144,11.914286,6.1714287,89.84286,0.4,0.2857143,0.5,6.214286,10.142858,5.5916607e-05,0.00096905977,-7.345365000000001e-25,1.8626451e-09,0.0,True
2004-11-08,34.980000000000004,2.1,7.5428576,10.357142,5.1285715,88.34286,0.45714286,0.37142858,0.51428574,6.3428574,7.542857,6.9111586e-05,0.00095998496,-7.345365000000001e-25,1.8626451e-09,0.0,True
2004-11-15,34.980000000000004,8.9,3.5285716,6.442857,0.3857143,91.971436,0.3,0.3,0.27142859,6.9714284,3.557143,0.00019337982,0.0009531453,1.9720623e-05,0.000104567036,0.00010197982,True
2004-11-22,34.980000000000004,44.5,4.785714,7.471429,1.8571428,91.814285,0.55714285,0.55714285,0.35714287,8.328571,4.1571426,0.00063657016,0.00095297396,0.0019626447,0.005407715,0.0064837113,True
2004-11-29,34.9664775965334,3.3999999,2.957143,6.3571434,-0.14285707,89.62858,0.31428573,0.31428573,0.25714287,9.085714,2.7,0.000101298094,0.0009822175,0.00041039786,0.0012011081,2.2087246e-05,True
2004-12-06,34.96,0.1,3.9285715,5.6142855,1.8857144,91.88572,0.14285715,0.14285715,0.31428573,9.1,3.1,1.1101365e-05,0.0010339245,1.9328934e-05,7.7061355e-05,0.0,True
2004-12-13,34.95,0.1,2.057143,3.8142858,-0.24285713,91.67143,0.08571429,0.071428575,0.27142859,9.014286,1.8714286,2.0183623e-05,0.0010844618,2.018043e-05,2.3078173e-05,9.8243356e-05,True
2004-12-20,34.93,9.7,1.5000001,4.2714286,-1.4428571,86.74286,0.34285715,0.31428573,0.24285714,9.071428,0.6857143,0.00015954673,0.001127392,0.0010476963,0.00043968856,0.0032299832,True
2004-12-27,34.910000000000004,6.2000003,2.0,5.0428576,-1.3571428,88.37142,0.41428572,0.41428572,0.34285715,9.485714,1.2,0.00023712218,0.0011706427,0.0012683811,0.0037560016,0.0008604452,True
2005-01-03,34.910000000000004,12.8,3.857143,5.8142858,1.4428571,87.67143,0.25,0.22500001,0.4857143,9.875,1.35,0.00022409111,0.0012316853,0.00038471108,0.0012181215,0.0010799766,True
2005-01-10,34.9,2.6,7.785714,9.900001,5.414286,75.17143,1.0,0.9571429,1.1857144,9.942857,5.4428573,7.562339e-05,0.0013108775,1.0899136e-06,1.1593103e-05,0.0,True
2005-01-17,34.9,2.2,3.5285716,6.414286,0.37142855,86.17143,0.4714286,0.4,0.41428572,9.6285715,3.0285714,3.5122037e-05,0.0013962984,4.9727303e-05,8.540414e-05,0.00014074147,True
2005-01-24,34.910000000000004,29.199999,2.2142856,4.785714,0.07142855,88.685715,0.61428565,0.61428565,0.35714287,10.271428,1.8,0.00063652545,0.0014814436,0.0011613142,0.0025394596,0.005633462,True
2005-01-31,34.87974463709419,4.3,-1.4428571,1.0,-5.042857,89.27143,0.08571429,0.08571429,0.2857143,10.285714,0.12857144,0.00017855689,0.0016304702,0.0051886183,0.005176926,0.004724458,False
2005-02-07,34.9,1.0,0.78571427,3.9,-2.457143,80.87144,0.4714286,0.44285718,0.4714286,10.142858,0.9285714,8.2574785e-05,0.0017804578,0.0012133121,0.0019647572,2.5629997e-06,True
2005-02-14,34.9,20.5,1.3000002,4.928571,-2.3,83.799995,0.64285713,0.62857145,0.5428571,10.428572,0.74285716,0.00090944767,0.0019298047,0.0006850674,0.0006916933,0.0031432398,True
2005-02-21,34.89,4.2000003,-0.2857143,1.5142858,-2.3142858,85.200005,0.20000002,0.20000002,0.51428574,10.385715,0.14285715,6.3449144e-05,0.0021259412,0.005685744,0.0018747672,0.005424056,True
2005-02-28,34.89,10.400001,-2.3142858,-0.21428572,-5.4714284,86.114296,0.114285715,0.114285715,0.5,10.342857,0.071428575,4.798174e-05,0.002310127,0.010019495,0.002023995,0.010518748,True
2005-03-07,34.980000000000004,9.7,-3.0142858,0.071428575,-6.471429,81.54286,0.071428575,0.071428575,0.5714286,10.3,0.08571429,3.6545098e-05,0.002441153,0.016392145,0.0016661845,0.0069850534,True
2005-03-14,35.010000000000005,7.5,1.2857143,4.5285716,-1.7428572,82.0,0.8714286,0.84285724,0.85714287,10.271428,1.1571429,0.00047178566,0.002534844,0.010556839,0.011731854,0.0036345236,True
2005-03-21,35.010000000000005,2.1999998,6.8714285,11.157144,2.4714284,70.41429,1.5142857,1.3999999,1.5571429,9.942857,6.8714285,0.0002514571,0.0026965737,0.00101656,0.0067040846,1.7508864e-06,True
2005-03-28,35.03,10.2,8.514285,14.157143,3.6285717,78.51429,1.2857143,1.1428572,1.4285715,9.614285,9.257143,0.00015617907,0.0028836727,3.0086153e-07,2.078712e-06,0.0,True
2005-04-04,35.010000000000005,0.4,7.8,15.428572,-0.31428573,53.87143,2.7285714,2.1714284,2.4857142,9.057143,9.2,4.5254827e-05,0.002973102,-7.345365000000001e-25,0.0,0.0,True
2005-04-11,35.010000000000005,6.1000004,7.4857144,12.557143,1.1571429,74.22858,1.7857143,1.5428572,1.6857144,8.328571,9.171429,0.00017407537,0.002962187,2.7929034e-06,2.0466745e-05,2.3346394e-05,True
2005-04-18,35.0,0.0,12.571428,18.77143,6.642857,70.11429,2.3285713,1.7285715,2.3428571,7.7714286,13.571428,3.312528e-05,0.002913691,3.5762787e-07,3.5334378e-06,0.0,True
2005-04-25,35.0,0.3,7.114286,13.771429,-0.24285719,54.728573,2.8142855,1.7142857,2.8428571,7.1,11.428572,2.6583672e-05,0.002822712,-7.345365000000001e-25,0.0,0.0,True
2005-05-02,35.02,1.9,14.371429,21.114286,7.214286,64.71429,2.9285715,1.6714287,3.142857,6.7285714,15.271428,9.9658966e-05,0.0027089491,-7.345365000000001e-25,3.7252903e-09,0.0,True
2005-05-09,35.02,24.8,10.071428,14.800001,6.4000006,79.68572,2.257143,1.8142856,2.2428572,6.9142857,13.271428,0.0004131198,0.0025822371,-7.345365000000001e-25,7.450581e-09,0.0,True
2005-05-16,35.03,24.3,9.114286,14.1285715,4.1,79.057144,2.2285714,1.9142857,2.0714285,7.457143,12.1285715,0.0004053712,0.0024796277,-7.345365000000001e-25,0.0,0.0,True
2005-05-23,35.04,6.6,12.671428,17.757143,6.871429,70.17143,2.585714,2.1428573,2.8142858,7.4428573,15.242857,0.00017797202,0.002390921,-7.345365000000001e-25,3.7252903e-09,0.0,True
2005-05-30,35.043713827276285,14.5,18.914288,24.757143,11.914286,66.08572,4.242857,2.9571426,4.2714286,6.542857,21.685715,0.00012899935,0.0022892207,-7.345365000000001e-25,3.7252903e-09,0.0,True
2005-06-06,35.04,7.2999997,13.142858,17.514286,8.014286,76.14286,2.7428572,2.142857,2.6714287,6.428571,15.971429,0.00014992803,0.002185747,-7.345365000000001e-25,3.7252903e-09,0.0,True
2005-06-13,35.04,5.2,11.442857,17.128572,5.142857,69.057144,2.7857144,2.1,3.0285716,6.071429,14.914286,9.0137124e-05,0.002088748,-7.345365000000001e-25,0.0,0.0,True
2005-06-20,35.04,0.3,18.671429,25.7,10.071428,62.957146,4.2285714,1.7857144,4.6285715,5.3285713,21.685715,1.1987984e-05,0.0019765943,-7.345365000000001e-25,1.1175871e-08,0.0,True
2005-06-27,35.03,4.8,19.87143,27.957144,11.7,62.957146,4.6714287,1.6,4.7714286,4.928571,23.914286,6.124377e-05,0.0018401965,-7.345365000000001e-25,1.1175871e-08,0.0,True
2005-07-04,35.05,14.9,18.84286,24.585714,12.114286,68.38572,3.8428571,1.2428571,3.8714287,4.8285713,22.571428,7.376075e-05,0.001714915,-7.345365000000001e-25,1.1175871e-08,0.0,True
2005-07-11,35.06,30.0,16.685715,21.071428,12.7,80.47143,2.9428573,2.1714284,2.7857144,5.642857,20.071428,0.0003873855,0.0016171336,-7.345365000000001e-25,1.4901161e-08,0.0,True
2005-07-18,35.06,1.1,20.442858,27.357143,13.157144,64.64286,4.2714286,2.2428572,4.3285713,5.0285716,24.171429,9.524822e-05,0.0015153214,-7.345365000000001e-25,1.1175871e-08,0.0,True
2005-07-25,35.07,37.1,16.37143,21.085714,13.057143,77.91429,2.585714,2.1142857,2.6714287,6.0571427,18.357143,0.00060752034,0.0014322177,-7.345365000000001e-25,1.4901161e-08,0.0,True
2005-08-01,35.06,14.2,19.385714,24.742859,13.928572,74.12858,3.2571428,2.8428571,3.3428574,6.5857143,22.014286,0.00021123886,0.0013676211,-7.345365000000001e-25,1.4901161e-08,0.0,True
2005-08-08,35.04,15.0,14.914286,20.085714,9.8714285,77.42857,2.3285713,2.1285713,2.6571429,6.4857144,17.971428,0.00023832917,0.001308009,-7.345365000000001e-25,0.0,0.0,True
2005-08-15,35.010000000000005,12.2,15.228571,18.885714,12.3,77.40001,1.7714287,1.5714285,2.3142858,6.8,16.2,0.00018958747,0.0012646839,-7.345365000000001e-25,1.6763806e-08,0.0,True
2005-08-22,34.99,0.3,18.642857,25.085714,11.5,72.91429,2.8857143,2.2285714,3.085714,6.457143,21.242857,6.583333e-05,0.001223594,-7.345365000000001e-25,9.313226e-09,0.0,True
2005-08-29,34.986087084175566,4.2999997,16.228573,21.885715,10.6,73.01429,2.1857142,1.6857144,2.5285716,5.8142858,18.8,4.8920512e-05,0.0011809319,-7.345365000000001e-25,3.7252903e-09,0.0,True
2005-09-05,34.980000000000004,0.7,18.285715,25.728573,10.214286,68.685715,2.742857,1.7571429,3.0142858,5.071429,20.885714,2.2880733e-05,0.0011370033,-7.345365000000001e-25,7.450581e-09,0.0,True
2005-09-12,34.96,4.2999997,19.357143,26.314287,12.971429,71.67143,2.3428574,1.0142858,2.5714285,4.6571426,20.957144,0.00010564923,0.001090154,-7.345365000000001e-25,5.5879354e-09,0.0,True
2005-09-19,34.95,22.300001,11.857142,17.9,5.4857144,79.98572,1.5142858,1.1857144,1.6285714,5.614286,15.357142,0.0002515912,0.001054801,-7.345365000000001e-25,5.5879354e-09,0.0,True
2005-09-26,34.93,6.9,13.771429,21.385715,6.585714,77.24286,1.5,1.1428572,1.6,5.785714,16.014286,0.00012616813,0.001022093,-7.345365000000001e-25,3.7252903e-09,0.0,True
2005-10-03,34.93,16.1,11.5,15.314286,7.8142858,86.25714,0.9,0.8142857,1.0571429,6.4142857,12.842857,0.00025628507,0.0009957999,-7.345365000000001e-25,5.5879354e-09,0.0,True
2005-10-10,34.93,0.0,12.871429,19.357143,7.714286,83.557144,1.0,0.7714285,1.1999999,6.542857,13.714286,4.3213367e-07,0.0009772629,-7.345365000000001e-25,1.1175871e-08,0.0,True
2005-10-17,34.92,0.0,8.828572,16.557142,2.2142856,79.78571,0.9000001,0.68571424,0.9142857,6.1857142,11.342857,1.937151e-07,0.00095936656,-7.345365000000001e-25,3.7252903e-09,0.0,True
2005-10-24,34.92,20.1,9.714286,14.342857,4.785714,84.72858,0.7285715,0.6285714,0.7428571,6.2285714,10.242857,0.00023517758,0.0009443909,-7.345365000000001e-25,5.5879354e-09,0.0,True
2005-10-31,34.911242862202734,0.3,12.142858,17.314287,7.6142855,81.057144,0.88571423,0.7714286,0.87142855,7.142857,11.228572,2.990663e-05,0.00093252957,-7.345365000000001e-25,9.313226e-09,0.0,True
2005-11-07,34.92,11.5,9.685715,13.357142,5.4428573,87.9,0.55714285,0.5285715,0.51428574,7.285714,9.328571,0.00015845895,0.00092318654,-7.345365000000001e-25,3.7252903e-09,0.0,True
2005-11-14,34.92,0.2,7.557143,11.0,3.5142858,87.35714,0.37142858,0.3285714,0.42857143,7.3428574,7.457143,6.4373016e-06,0.00091712177,-7.345365000000001e-25,0.0,0.0,True
2005-11-21,34.910000000000004,20.0,2.4142857,4.7285714,0.08571429,92.12858,0.21428572,0.20000002,0.27142859,8.185715,2.942857,0.00027637184,0.0009146482,0.000106153035,0.00021363795,0.00048031285,True
2005-11-28,34.92,2.2,-0.24285711,2.6000001,-2.7000003,86.42857,0.20000002,0.18571429,0.25714287,8.571428,0.9142857,1.7508864e-05,0.00091920793,0.0024939093,0.00035641342,0.00600769,True
2005-12-05,34.9,5.9,0.9714287,3.6571429,-1.8714286,88.200005,0.20000002,0.18571432,0.24285714,8.728572,0.22857143,0.00023657084,0.0009288341,0.0036188818,0.0046256557,0.00010129437,True
2005-12-12,34.88,5.6,2.0714285,4.7000003,-1.1714286,92.9,0.10000001,0.10000001,0.14285715,9.042857,1.5142857,9.961426e-05,0.00094518065,0.0005860613,0.001059534,1.34035945e-05,True
2005-12-19,34.870000000000005,23.7,2.6714287,4.6857142,0.18571424,89.91429,0.38571426,0.38571426,0.35714287,9.642858,1.9285715,0.0016912892,0.0009771436,0.0010377737,0.0009341873,0.0051633604,True
2005-12-26,34.86,13.2,3.2428572,5.285714,0.38571426,91.48572,0.22857143,0.22857143,0.2857143,10.257143,2.5857143,0.000309363,0.0010450706,0.0011935745,0.0046377815,0.0023411512,True
2006-01-02,34.86,9.5,-1.3285714,0.77142864,-3.8285716,89.75714,0.04,0.04,0.22857143,10.34,0.12,0.00020364672,0.0011502281,0.006893459,0.0067813955,0.01071297,True
2006-01-09,34.86,0.2,-1.6000001,0.014285735,-3.3285716,89.814285,0.042857144,0.028571429,0.27142856,10.242857,-0.08571429,2.4989247e-05,0.0012619421,0.0063333116,0.000544928,0.0011213049,True
2006-01-16,34.86,1.5,-2.0142858,1.8571428,-6.0285716,86.942856,0.12857144,0.12857144,0.10000001,10.185715,-1.1142857,7.7068806e-05,0.0013706908,0.004626819,0.002522543,4.4852495e-06,True
2006-01-23,34.85,19.2,-3.0142858,-0.29999998,-6.328572,85.71429,0.10000001,0.10000001,0.27142859,10.442857,-1.3857143,0.0005197376,0.0014694259,0.006340765,0.008175377,0.008254565,True
2006-01-30,34.870268846405686,1.0,-7.428571,-1.5,-12.442857,79.72858,0.014285714,0.014285714,0.18571427,10.314285,-4.2285714,6.6161156e-06,0.0016320646,0.0043211496,0.0001940988,0.0008216575,True
2006-02-06,34.85,6.7999997,-2.3142858,0.41428572,-5.6285715,91.08571,0.057142857,0.057142857,0.27142859,10.214286,-1.9,2.7008355e-05,0.0017879233,0.005131682,0.00081310235,0.004724987,True
2006-02-13,34.86,14.6,1.4142858,3.4714286,-0.7285714,88.48572,0.47142857,0.45714286,0.41428572,10.642858,0.042857144,0.00048079342,0.0019327402,0.0046178442,0.007882483,0.004846882,True
2006-02-20,34.870000000000005,12.2,2.3857143,5.3857145,-0.5142857,89.471436,0.44285718,0.44285718,0.41428572,10.285714,0.8,0.00064907223,0.0021526217,0.0022386198,0.005018806,0.0011601821,True
2006-02-27,34.870000000000005,0.1,-0.8000001,2.1714284,-3.6571429,78.07143,0.3571429,0.3571429,0.62857145,10.171429,-0.028571429,4.801154e-05,0.0024589375,0.0023785774,0.0007649325,0.0028206874,True
2006-03-06,34.910000000000004,5.1,-0.51428574,3.0857143,-4.2000003,81.48572,0.5714286,0.55714285,0.71428573,10.057143,-0.071428575,7.535517e-05,0.0027076602,0.005213397,0.0017723404,0.007269591,True
2006-03-13,35.14,20.2,-2.2571428,0.81428576,-5.914286,84.185715,0.27142859,0.27142859,0.55714285,10.214286,0.0,6.572902e-05,0.0028520152,0.015254219,0.00238109,0.01844392,True
2006-03-20,35.1,0.0,-0.9857143,2.414286,-4.7428575,83.14286,0.32857147,0.3142857,0.7285714,10.2,0.028571429,0.00026702136,0.0029419065,0.018834319,0.011062071,0.0015449785,True
2006-03-27,35.06,26.199999,4.0,9.228572,-0.5571429,77.57143,1.3,1.2285713,1.1714286,10.1,4.0857143,0.0033741593,0.003204316,0.005125466,0.010309713,8.812174e-05,True
2006-04-03,35.02,11.5,8.771429,13.328572,3.414286,79.6,1.5714285,1.5714285,1.5285714,10.385715,8.528571,0.00090165436,0.0035899058,1.4685449e-05,0.00013953261,0.0,True
2006-04-10,34.97,1.5,5.557143,10.2,1.2142857,70.51429,1.8714285,1.7142857,1.8285714,9.942857,6.928571,0.00013720989,0.004326798,1.9357317e-06,9.778887e-06,1.0184944e-05,True
2006-04-17,34.89,13.2,7.285714,11.3,2.9857142,77.5,1.5285715,1.4,1.5142858,9.471429,8.357142,0.0017537326,0.00462462,-7.345365000000001e-25,2.6263297e-07,0.0,True
2006-04-24,34.88,5.6,10.185715,15.085715,4.7714286,77.94286,1.8571428,1.6,1.8428572,9.242857,12.214286,0.0001847446,0.004686907,-7.345365000000001e-25,0.0,0.0,True
2006-05-01,34.88,16.3,10.185715,15.385715,4.585715,76.557144,2.1285715,1.8857142,2.1142857,9.114285,12.985714,0.00023449212,0.0046583787,-7.345365000000001e-25,1.8626451e-09,0.0,True
2006-05-08,34.88,0.0,15.828572,22.857143,7.1857147,52.92857,4.428571,3.3285716,4.0571427,8.214286,17.042856,7.5399876e-06,0.004516311,-7.345365000000001e-25,7.450581e-09,0.0,True
2006-05-15,34.89,6.7,14.328572,21.585714,4.7714286,59.44286,3.7285714,2.1285713,3.557143,6.8285713,17.985714,2.43783e-05,0.0042220876,-7.345365000000001e-25,0.0,0.0,True
2006-05-22,34.9,14.6,13.971429,18.914288,9.542857,74.328575,2.7714286,2.1000001,2.7285714,6.642857,15.614285,0.00025303662,0.003918849,-7.345365000000001e-25,7.450581e-09,0.0,True
2006-05-29,34.962722564938346,29.300001,11.3,15.714287,6.5428576,78.457146,2.642857,2.2714286,2.3857143,6.957143,13.9,0.00039750338,0.003653869,-7.345365000000001e-25,3.7252903e-09,0.0,False
2006-06-05,34.93,20.1,10.057143,14.728571,4.914286,77.75715,2.1857142,1.8857143,2.2714286,7.3285713,13.271428,0.00026441365,0.0034374371,-7.345365000000001e-25,0.0,0.0,True
2006-06-12,34.980000000000004,0.0,16.757143,23.742859,7.6857147,63.028572,4.1285715,2.8999999,4.3714285,6.6714287,20.557142,4.8935413e-05,0.0032440722,-7.345365000000001e-25,0.0,0.0,True
2006-06-19,35.0,26.5,19.357143,25.728573,12.442857,71.200005,3.8142858,2.042857,3.7714286,5.9,23.085714,0.00033846498,0.0030041113,-7.345365000000001e-25,1.1175871e-08,0.0,True
2006-06-26,35.010000000000005,3.9,19.84286,25.442858,12.900001,68.24286,4.257143,2.4428573,4.0857143,5.7,23.414286,4.0858984e-05,0.0028022677,-7.345365000000001e-25,7.450581e-09,0.0,True
2006-07-03,35.0,0.1,18.628572,24.814287,10.971429,61.57143,4.457143,1.2285715,4.3,5.3428574,22.642857,2.041459e-06,0.0025885925,-7.345365000000001e-25,3.7252903e-09,0.0,True
2006-07-10,34.99,8.3,22.428572,29.357143,14.485715,63.214287,4.885714,1.6571428,4.785714,5.042857,25.428572,0.00023852289,0.002360329,-7.345365000000001e-25,1.4901161e-08,0.0,True
2006-07-17,34.99,1.6,20.800001,28.485716,11.571428,58.614285,4.828572,1.4,4.957143,4.8285713,25.157143,3.5613775e-06,0.0021606162,-7.345365000000001e-25,5.5879354e-09,0.0,True
2006-07-24,34.99,1.7,24.328571,33.157143,14.442858,53.457146,5.4000006,0.7428571,5.1857142,4.4714284,27.3,7.4207783e-06,0.0019596964,-7.345365000000001e-25,1.1175871e-08,0.0,True
2006-07-31,34.98926228475637,11.7,23.571428,30.628572,15.742858,60.914284,4.4285717,1.2285715,4.1571426,4.4428573,26.814285,5.3420663e-05,0.0017800704,-7.345365000000001e-25,1.1175871e-08,0.0,True
2006-08-07,34.99,9.7,18.2,24.528574,11.957144,70.24286,3.1857142,1.7857141,3.2571428,4.6,21.157143,0.00019927323,0.0016379207,-7.345365000000001e-25,1.4901161e-08,0.0,True
2006-08-14,35.0,12.099999,16.157145,21.442858,11.171428,71.24286,2.3428571,1.4571428,2.7,4.4857144,19.37143,6.373972e-05,0.0015217364,-7.345365000000001e-25,9.313226e-09,0.0,True
2006-08-21,35.0,13.9,17.514286,23.428572,12.714286,80.02857,2.5571427,2.1142857,2.5285716,5.3428574,19.714285,0.00021977723,0.0014212504,-7.345365000000001e-25,1.4901161e-08,0.0,True
2006-08-28,35.010000000000005,34.7,15.6285715,20.67143,11.17143,81.88572,1.8428571,1.6428572,2.0285714,5.8714285,17.885714,0.00033697486,0.0013373345,-7.345365000000001e-25,9.313226e-09,0.0,True
2006-09-04,34.99,12.6,17.057142,20.928572,13.8714285,75.27143,2.2285714,1.8999999,2.5571427,6.5142856,17.242857,0.00025309622,0.0012737364,-7.345365000000001e-25,2.4214387e-08,0.0,True
2006-09-11,34.97,1.2,16.4,22.77143,10.400001,73.67143,2.1857142,1.6285714,2.5,6.114286,18.042856,3.1992793e-05,0.001221858,-7.345365000000001e-25,1.3038516e-08,0.0,True
2006-09-18,34.95,0.0,18.757143,26.4,10.914286,63.67143,2.757143,1.4999999,3.042857,5.357143,19.757143,1.1324883e-06,0.001169309,-7.345365000000001e-25,1.4901161e-08,0.0,True
2006-09-25,34.95,0.1,17.185715,24.757143,10.085714,63.957146,2.3714283,0.8714286,2.6285713,4.9428573,18.328571,3.1888485e-06,0.0011194423,-7.345365000000001e-25,9.313226e-09,0.0,True
2006-10-02,34.93,6.1,16.414286,22.100002,11.185715,77.42857,1.3714285,0.7571429,1.6,4.8142858,17.6,7.817149e-05,0.001073733,-7.345365000000001e-25,7.450581e-09,0.0,True
2006-10-09,34.89,8.2,12.914286,17.27143,9.028571,80.07143,1.0428572,0.7714286,1.3142856,5.114286,13.442857,7.518381e-05,0.0010365471,-7.345365000000001e-25,7.450581e-09,0.0,True
2006-10-16,34.870000000000005,0.4,11.057143,15.5,6.971429,86.58572,0.6,0.34285715,0.7428571,5.042857,13.0,5.8561563e-06,0.0010031015,-7.345365000000001e-25,5.5879354e-09,0.0,True
2006-10-23,34.84,3.1999998,11.942858,17.97143,6.657143,79.11428,0.91428566,0.5285714,0.9857143,4.928571,11.885715,5.455315e-05,0.000972569,-7.345365000000001e-25,7.450581e-09,0.0,True
2006-10-30,34.846557700702625,18.0,12.957144,16.914286,8.900001,78.8,1.1285714,0.8,1.1857144,5.1571426,12.328571,0.00015316904,0.00094331056,-7.345365000000001e-25,9.313226e-09,0.0,True
2006-11-06,34.83,3.9,6.714286,9.857142,3.2571428,80.700005,0.7285715,0.6571428,0.88571423,5.742857,6.542857,9.967387e-05,0.0009184852,2.2394317e-05,6.900355e-05,6.792322e-05,True
2006-11-13,34.83,10.6,6.785714,10.099999,3.3857143,83.21429,0.71428573,0.62857145,0.6857143,6.1571426,6.6714287,0.00016215444,0.0008980334,-7.345365000000001e-25,1.15484e-07,0.0,True
2006-11-20,34.84,10.4,9.6,12.957144,5.1857142,83.44286,0.5285714,0.44285718,0.5714286,6.6285715,8.385715,0.00010047853,0.0008811578,-7.345365000000001e-25,5.5879354e-09,0.0,True
2006-11-27,34.85,4.2000003,7.928571,11.414286,3.4857144,85.457146,0.4714286,0.4285714,0.4857143,7.0142856,6.8714285,0.00021559,0.00086876005,-7.345365000000001e-25,0.0,0.0,True
2006-12-04,34.82,3.7,6.614286,10.457144,3.0714285,86.971436,0.32857147,0.2857143,0.25714284,7.0571427,5.642857,5.3599477e-05,0.00086168945,-7.345365000000001e-25,0.0,0.0,True
2006-12-11,34.8,16.400002,7.8428574,10.8,4.457143,78.65715,0.68571424,0.62857145,0.85714287,7.1,6.357143,0.00017231703,0.000857383,-7.345365000000001e-25,3.7252903e-09,0.0,True
2006-12-18,34.79,2.0,6.3,8.6,3.357143,81.92857,0.44285712,0.42857143,0.62857145,7.4428573,5.0,9.247661e-05,0.0008574277,-7.345365000000001e-25,3.7252903e-09,0.0,True
2006-12-25,34.77,1.5,4.714286,6.0285716,3.2714286,90.799995,0.14285715,0.14285715,0.32857147,7.5142856,3.9571428,1.8209219e-05,0.0008630678,-7.345365000000001e-25,0.0,0.0,True
2007-01-01,34.75,12.5,3.642857,6.471429,0.9714285,87.98572,0.36666667,0.36666667,0.5,7.65,2.1833334,0.00018917024,0.00087094307,0.00075257395,0.0029978491,0.0029566735,True
2007-01-08,34.75,21.3,6.7000003,8.414286,4.957143,84.67143,0.61428577,0.61428577,0.61428577,8.228572,5.4142857,0.0006514117,0.0008822456,5.0635563e-06,3.1691045e-05,0.0,True
2007-01-15,34.730000000000004,8.099999,8.785714,11.542857,5.2428575,73.8,1.2142857,1.1857144,1.3428571,8.485714,6.757143,0.0005404055,0.00092095137,-7.345365000000001e-25,7.450581e-09,0.0,True
2007-01-22,34.74,43.6,6.4857144,9.7,3.057143,80.61428,1.0428572,1.0428572,0.9142857,9.614285,5.285714,0.0047305524,0.0020171702,2.6680175e-07,1.8626451e-09,5.9641898e-06,True
2007-01-29,34.72848249172092,7.8,-0.7,2.4428573,-4.285714,81.71429,0.38571426,0.37142855,0.44285712,9.842857,-0.057142857,0.00023342669,0.0011990219,0.0012375967,0.002890963,0.003836248,True
2007-02-05,34.730000000000004,1.5,5.6285715,7.571429,3.2,84.02857,0.6,0.58571434,0.71428573,9.842857,4.5,9.210408e-05,0.0013900176,0.00015148094,0.0010106787,0.00015600026,True
2007-02-12,34.730000000000004,17.0,0.09999997,2.6571429,-2.4428573,89.92857,0.21428573,0.21428573,0.35714287,9.885715,0.8428571,0.00037866086,0.0015620142,0.0049170596,0.0072855316,0.011257678,True
2007-02-19,34.72,8.7,4.828572,7.4857144,2.0714285,81.87144,0.65714294,0.6428572,0.67142856,10.2,4.0142856,0.0005841404,0.0017942786,0.00063968275,0.004411104,0.0,True
2007-02-26,34.71,12.6,5.0,8.8,1.7857143,82.67143,0.71428573,0.7,0.7714286,10.014286,4.385714,0.00034746528,0.0021367744,7.3682695e-06,3.3084303e-05,0.0,True
2007-03-05,34.71,19.3,5.657143,8.8,2.2571428,82.75715,1.0714287,1.0571429,0.88571423,10.514286,5.457143,0.0012152046,0.0024964288,2.326284e-05,0.00019909441,0.0001936853,True
2007-03-12,34.71,3.9,7.642857,12.871429,1.9571428,77.61428,1.3142859,1.1999999,1.2285715,9.971429,7.2,0.00010397285,0.0030508712,2.8950828e-07,2.4419278e-06,0.0,True
2007-03-19,34.71,6.9,6.6,11.814286,1.1714287,77.71429,1.4428571,1.3,1.2714285,9.542857,7.757143,0.00021080673,0.0033577234,-7.345365000000001e-25,0.0,0.0,True
2007-03-26,34.72,35.8,6.1857147,10.714286,1.8000001,73.62858,1.6571428,1.5857142,1.6857144,10.257143,6.1285715,0.003624536,0.0042456836,0.001173519,0.00661006,0.006441053,True
2007-04-02,34.730000000000004,0.0,9.328572,16.742857,1.5428572,58.3,2.6000001,2.0285714,2.3999999,9.271428,10.328571,6.452203e-06,0.004247822,2.8383165e-06,2.1060929e-05,0.0,True
2007-04-09,34.75,2.4,7.414286,12.342857,2.1285713,72.5,1.7285715,1.2857143,1.7714285,8.5,9.414286,4.5366585e-05,0.00433518,-7.345365000000001e-25,1.8626451e-09,0.0,True
2007-04-16,34.77,0.0,13.414286,21.442858,3.6142857,61.585716,3.2285714,2.1571429,2.9714284,7.614286,14.271428,1.1965632e-05,0.0042312667,-7.345365000000001e-25,3.7252903e-09,0.0,True
2007-04-23,34.77,0.1,9.0,16.27143,0.35714287,59.614285,2.9571426,1.1714287,2.7857144,6.7714286,12.857142,7.4356794e-06,0.004012339,-7.345365000000001e-25,-1.8626451e-09,0.0,True
2007-04-30,34.79275871068464,0.0,14.157144,22.428572,4.457143,58.31429,3.7714286,1.0285714,3.4714284,6.257143,17.414286,2.9072165e-05,0.0037420467,-7.345365000000001e-25,3.7252903e-09,0.0,True
2007-05-07,34.78,17.6,12.742858,20.728573,2.9714286,53.81429,3.7857144,0.64285713,3.357143,6.0142856,16.957144,0.00021849573,0.003419198,-7.345365000000001e-25,0.0,0.0,True
2007-05-14,34.8,50.4,13.071428,17.914286,8.657143,78.65715,2.8999999,2.5142858,2.3857143,7.0,14.357142,0.0009134561,0.0031553358,-7.345365000000001e-25,3.7252903e-09,0.0,True
2007-05-21,34.82,10.4,14.428572,20.542858,7.428571,70.47143,3.3142858,2.7285714,3.2571428,7.1714287,16.985714,0.00023892522,0.002972439,-7.345365000000001e-25,7.450581e-09,0.0,True
2007-05-28,34.83,51.1,18.485716,24.685715,12.857142,77.471436,3.1714287,2.614286,3.3,7.0,21.7,0.002845779,0.0028010234,-7.345365000000001e-25,7.450581e-09,0.0,True
2007-06-04,34.83,13.8,14.914286,19.442858,9.857142,78.24286,2.3999999,2.0714285,2.457143,8.328571,18.385714,0.0017986298,0.0027317703,-7.345365000000001e-25,7.450581e-09,0.0,True
2007-06-11,34.83,4.4,21.300001,28.028574,13.542857,66.9,4.3714285,3.2428572,4.4428573,7.4,24.314285,2.1889806e-05,0.0026767403,-7.345365000000001e-25,7.450581e-09,0.0,True
2007-06-18,34.84,57.3,18.97143,24.87143,13.157144,74.94286,3.6285717,3.0857143,3.5285716,7.142857,22.5,0.00049482286,0.002552107,-7.345365000000001e-25,7.450581e-09,0.0,True
2007-06-25,34.85,19.9,17.985714,23.828571,13.028572,76.97143,3.3428571,3.114286,3.3857143,8.457143,21.2,0.012323953,0.0031802058,-7.345365000000001e-25,1.1175871e-08,0.0,True
2007-07-02,34.88,20.4,15.442858,19.942858,10.985715,75.61428,2.9428573,2.757143,2.8857143,8.5,17.471428,0.0026216656,0.0024259835,-7.345365000000001e-25,1.4901161e-08,0.0,True
2007-07-09,34.88,23.2,15.585715,20.7,11.457144,76.34286,2.9428573,2.7285714,3.0571427,8.742857,17.87143,0.00040200353,0.002444476,-7.345365000000001e-25,1.4901161e-08,0.0,True
2007-07-16,34.88,12.4,19.557142,26.300001,13.371429,73.12858,3.8428571,3.2571428,3.7857144,8.642858,20.842857,0.0002606511,0.0024836212,-7.345365000000001e-25,1.8626451e-08,0.0,True
2007-07-23,34.89,33.699997,19.97143,25.514286,13.757143,67.12858,3.7285712,2.9571426,3.8,7.742857,23.514286,0.004484117,0.0024580136,-7.345365000000001e-25,1.1175871e-08,0.0,True
2007-07-30,34.88020055182982,14.0,16.628572,20.942858,12.2,73.814285,3.0571427,2.7714283,3.0142856,8.542857,18.828571,0.0008832738,0.0024287552,-7.345365000000001e-25,1.4901161e-08,0.0,True
2007-08-06,34.9,3.7,17.27143,23.414288,10.3,67.457146,3.3999999,2.7285714,3.542857,8.242857,19.785715,3.388524e-05,0.0024846345,-7.345365000000001e-25,1.1175871e-08,0.0,True
2007-08-13,34.92,41.8,19.128572,24.4,14.357142,80.14286,2.442857,2.0571427,2.6285713,7.9714284,21.942858,0.00017754734,0.0024786368,-7.345365000000001e-25,1.4901161e-08,0.0,True
2007-08-20,34.92,6.9,17.985714,24.0,11.057143,71.328575,2.9285715,2.442857,3.0857143,7.957143,20.7,0.00013552606,0.002431281,-7.345365000000001e-25,7.450581e-09,0.0,True
2007-08-27,34.93,30.0,17.47143,22.785715,13.0,81.1,2.2,2.0285714,2.3714287,9.014286,20.37143,0.002504602,0.002375424,-7.345365000000001e-25,1.3038516e-08,0.0,True
2007-09-03,34.93,21.8,13.742858,18.185715,8.971429,78.44286,1.7857143,1.5571429,1.9571428,8.728572,16.557142,0.0027055517,0.0023366362,-7.345365000000001e-25,9.313226e-09,0.0,True
2007-09-10,34.93,13.6,13.371429,17.97143,9.814286,79.57143,1.6000001,1.5,1.9,9.114285,14.842857,0.0002912879,0.0023211092,-7.345365000000001e-25,1.1175871e-08,0.0,True
2007-09-17,34.92,2.8,13.942858,18.557144,9.3714285,74.41429,1.6571428,1.4999999,2.0857143,9.271428,14.8714285,8.3491206e-05,0.0023429468,-7.345365000000001e-25,9.313226e-09,0.0,True
2007-09-24,34.92,11.5,13.585715,20.128572,7.6714287,74.68572,1.6999999,1.4571427,1.8999999,9.1285715,14.614285,0.00011385977,0.0023550242,-7.345365000000001e-25,1.8626451e-09,0.0,True
2007-10-01,34.92,32.4,12.7,16.028572,9.400001,84.542854,0.94285715,0.9142857,1.1285714,10.142858,13.642858,0.0047233403,0.0023575053,-7.345365000000001e-25,7.450581e-09,0.0,True
2007-10-08,34.910000000000004,0.0,10.3,15.2,5.9857144,87.87144,0.6857143,0.64285713,0.78571427,10.242857,12.357142,0.00027170777,0.0026148036,-7.345365000000001e-25,1.8626451e-09,0.0,True
2007-10-15,34.9,0.0,8.785714,14.3714285,3.8,77.42857,0.8,0.67142856,0.85714287,9.857142,10.185715,1.360476e-05,0.0028907955,-7.345365000000001e-25,1.8626451e-09,0.0,True
2007-10-22,34.9,7.0,7.2714286,11.928572,2.3714287,79.90001,0.75714284,0.68571424,0.78571427,9.685715,8.1,0.00013940781,0.003000319,-7.345365000000001e-25,3.7252903e-09,0.0,True
2007-10-29,34.92019953907718,2.7,6.542857,9.3,3.142857,86.057144,0.3857143,0.3571429,0.54285717,9.614285,6.8142858,5.0976872e-05,0.0030395538,-7.345365000000001e-25,1.8626451e-09,0.0,True
2007-11-05,34.93,8.9,8.514286,11.428572,4.785714,87.814285,0.4142857,0.4142857,0.5285714,9.814285,8.171429,0.00016058981,0.0030557811,-7.345365000000001e-25,5.5879354e-09,0.0,True
2007-11-12,34.95,35.6,4.957143,7.414286,2.8142858,85.85714,0.7857143,0.7857143,0.64285713,10.571428,4.8,0.00067803264,0.0030949041,0.0006331376,0.0016711857,0.0035047494,True
2007-11-19,34.97,7.3,2.6285713,4.9714284,0.20000006,89.04286,0.24285714,0.24285714,0.3,10.557143,2.4714286,0.00022482127,0.0033472404,0.001055831,0.0021182355,0.00044484995,True
2007-11-26,34.980000000000004,1.4,3.2,5.914286,0.32857147,85.87144,0.34285715,0.34285715,0.37142858,10.228572,2.5857143,0.000106178224,0.0036856085,0.00015430224,0.00040627085,0.00036424026,True
2007-12-03,34.980000000000004,21.1,4.3714285,7.2428575,1.3000001,83.67143,0.59999996,0.59999996,0.5285714,10.385715,3.2285714,0.00071521103,0.0039050356,0.000105074476,0.00023857877,2.3841858e-07,True
2007-12-10,35.0,8.2,6.7571435,9.2,4.557143,82.65714,0.6285714,0.6285714,0.67142856,10.642858,5.428571,0.0010121241,0.004242055,1.6462235e-07,1.2572855e-06,0.0,True
2007-12-17,34.99,0.3,1.5714285,2.9857142,-0.4714286,85.42857,0.15714286,0.15714286,0.29999998,10.314285,1.8428571,9.1291964e-05,0.0048348755,9.885856e-05,1.6380101e-05,0.00047431886,True
2007-12-24,34.99,0.0,-2.6285717,-1.1,-4.5,91.65715,0.0,0.0,0.18571429,10.2,-0.95714283,4.5523047e-06,0.005215116,0.0005205983,4.4826418e-05,0.00012105331,True
2007-12-31,34.995481910117185,0.5,1.7,4.042857,-0.47142857,86.72858,0.22857144,0.21428573,0.3285714,10.142858,-0.042857144,1.9058585e-05,0.0053079277,0.00031145982,0.00044947118,8.27387e-06,True
2008-01-07,35.0,8.6,-0.45714283,1.3000001,-2.4714286,85.71429,0.18571427,0.18571427,0.41428572,10.171429,-0.55714285,0.00026354194,0.0052820146,0.001431397,0.0013195779,0.0021706298,True
2008-01-14,35.02,0.7,4.3428574,7.614286,1.0857142,79.07143,0.5714286,0.5571429,0.55714285,10.228572,1.4571428,4.0769577e-05,0.0052329153,0.0002513897,0.0009887349,0.0,True
2008-01-21,35.03,49.800003,7.6285715,10.1285715,3.7285714,84.02857,0.7428571,0.7428571,0.64285713,10.571428,5.714286,0.0056581497,0.006246425,2.100354e-06,1.4202669e-05,0.0,True
2008-01-28,35.04,10.700001,5.914286,8.471429,3.1000001,83.700005,0.75714284,0.75714284,0.71428573,10.928572,4.742857,0.00091487914,0.006696753,-7.345365000000001e-25,0.0,0.0,True
2008-02-04,35.04,1.9,3.6000001,6.2000003,0.88571423,76.8,0.67142856,0.67142856,0.7571429,10.342857,2.8428571,8.754432e-05,0.008263566,0.00015356994,0.00031287223,0.00048765168,True
2008-02-11,35.05,6.8999996,5.0285716,10.1285715,0.8000001,82.51429,0.67142856,0.64285713,0.5,10.142858,4.1285715,0.0001565665,0.008635625,3.2441956e-05,0.00016613677,0.0,True
2008-02-18,35.05,0.3,1.0,4.642857,-2.857143,79.457146,0.44285712,0.4,0.5,9.914286,1.6142857,2.1278858e-05,0.008540556,5.568777e-06,1.3960525e-05,2.4810433e-05,True
2008-02-25,35.05,4.1,6.585715,9.157143,3.1714287,79.3,0.9714286,0.90000004,0.9714286,9.742857,5.6,9.290874e-05,0.0082569495,2.5885445e-06,1.385808e-05,0.0,True
2008-03-03,35.08,22.9,6.614286,10.1285715,2.6285713,77.52857,1.3000001,1.2571429,1.1857144,9.985714,5.6857142,0.0013536662,0.007849924,-7.345365000000001e-25,1.8626451e-09,0.0,True
2008-03-10,35.11,1.1,5.7714286,9.528572,2.0142858,72.78571,1.2142857,1.1428572,1.3000001,10.114285,5.1,0.00011894107,0.0075863674,2.891109e-05,9.764545e-05,0.000100791454,True
2008-03-17,35.14,18.9,5.6857147,9.457144,1.9571428,77.6,1.4714285,1.4285715,1.2714285,10.014286,5.9142857,0.0004964173,0.0073934123,3.292447e-07,8.363277e-07,1.3716519e-05,True
2008-03-24,35.18,17.2,1.4428571,5.5285716,-2.0285716,79.62858,0.98571426,0.9714285,1.0,10.314285,3.0142858,0.00052217394,0.0073270425,0.0016626234,0.0028869603,0.006106347,True
2008-03-31,35.21125891980677,2.5,5.3714285,10.5,0.057142906,72.14286,1.7142857,1.5857143,1.6857144,10.014286,5.785714,0.00020843744,0.0076024085,0.001427605,0.0034490451,0.00056758523,True
2008-04-07,35.22,27.4,6.6,10.814286,2.5714285,82.700005,1.1571429,1.1285714,1.2714285,9.857142,7.7714286,0.00045396388,0.0075743124,2.2365934e-06,1.9408762e-05,0.0,True
2008-04-14,35.28,19.6,6.285714,10.042857,2.542857,82.0,1.3142859,1.2857143,1.3142856,10.228572,7.7,0.00070525706,0.007513821,-7.345365000000001e-25,3.7252903e-09,0.0,True
2008-04-21,35.29,7.3,7.0,10.585715,3.2428572,77.3,1.5857143,1.4571428,1.6571429,10.157143,8.385715,0.00025375187,0.0076809824,-7.345365000000001e-25,0.0,0.0,True
2008-04-28,35.31,5.3,12.114286,18.97143,4.1285715,63.214287,3.1000001,2.5428574,3.0857143,9.114285,14.028571,6.1906874e-05,0.007685788,-7.345365000000001e-25,3.7252903e-09,0.0,True
2008-05-05,35.34,22.8,12.028571,17.842857,5.2285714,74.14286,2.7,2.3285713,2.6285713,8.8,15.414286,0.00058327615,0.007300943,-7.345365000000001e-25,0.0,0.0,True
2008-05-12,35.38,0.0,15.685715,23.728573,5.6714287,57.97143,4.3142858,2.9714284,3.9714284,7.5571427,19.671429,2.9802322e-08,0.006749347,-7.345365000000001e-25,0.0,0.0,True
2008-05-19,35.4,22.9,12.657143,18.957144,5.9714284,74.84286,2.7000003,1.557143,2.4428573,6.742857,17.8,0.00026208162,0.006059423,-7.345365000000001e-25,7.450581e-09,0.0,True
2008-05-26,35.43,3.8,13.557143,20.285715,5.5142856,61.74286,3.3999999,1.4857142,3.1285713,6.242857,17.557142,3.771484e-05,0.005441271,-7.345365000000001e-25,3.7252903e-09,0.0,True
2008-06-02,35.46,0.0,20.67143,27.585714,13.257143,52.3,4.942857,0.84285706,5.3142858,5.8142858,21.671429,5.7145953e-06,0.00481382,-7.345365000000001e-25,7.450581e-09,0.0,True
2008-06-09,35.46,19.9,20.242859,28.014286,11.528572,51.44286,5.2428575,0.82857144,5.2428575,5.5285716,23.3,8.001924e-06,0.004174225,-7.345365000000001e-25,0.0,0.0,True
2008-06-16,35.47,9.5,14.1,20.157145,8.485715,66.71429,3.3714287,1.2571429,3.7428572,5.542857,18.528572,7.805228e-05,0.0036330149,-7.345365000000001e-25,3.7252903e-09,0.0,True
2008-06-23,35.480000000000004,18.800001,17.657145,24.600002,9.742857,61.385715,4.557143,2.0714285,4.5571427,5.4428573,20.528572,2.6583672e-05,0.0032016113,-7.345365000000001e-25,3.7252903e-09,0.0,True
2008-06-30,35.4767500383505,7.6,17.457144,23.314287,10.385714,64.957146,4.071429,1.6571429,4.1285715,5.242857,20.585714,3.168732e-05,0.002824314,-7.345365000000001e-25,1.1175871e-08,0.0,True
2008-07-07,35.480000000000004,36.4,19.87143,27.028574,12.571428,63.642857,4.457143,1.9142857,4.357143,5.4857144,22.7,0.00020006299,0.002502665,-7.345365000000001e-25,1.4901161e-08,0.0,True
2008-07-14,35.480000000000004,14.5,16.728573,21.97143,11.8714285,75.57143,2.914286,2.2285714,3.0285716,5.9142857,19.1,0.00017105043,0.0022562817,-7.345365000000001e-25,7.450581e-09,0.0,True
2008-07-21,35.480000000000004,20.3,15.771429,20.128572,11.8714285,78.22858,2.3857143,1.8428572,2.4428573,5.9428573,17.742857,0.00018967688,0.0020645559,-7.345365000000001e-25,1.4901161e-08,0.0,True
2008-07-28,35.47,3.9,21.27143,28.585714,13.285714,63.128574,4.642857,2.8428571,4.6857142,5.6714287,22.928572,1.1429191e-05,0.0018919408,-7.345365000000001e-25,9.313226e-09,0.0,True
2008-08-04,35.46,13.200001,22.057144,28.27143,15.385715,60.57143,4.3714285,2.2857144,4.4857144,4.928571,23.8,0.00010088831,0.0017147511,-7.345365000000001e-25,1.1175871e-08,0.0,True
2008-08-11,35.44,13.7,18.671429,24.600002,12.142858,68.91429,3.385714,1.9285715,3.5,5.0285716,20.685715,6.170571e-05,0.0015773997,-7.345365000000001e-25,1.8626451e-08,0.0,True
2008-08-18,35.43,10.4,16.7,22.47143,10.285714,70.57143,2.7,1.5857143,2.885714,4.9857144,19.2,0.00010369718,0.0014653876,-7.345365000000001e-25,3.7252903e-09,0.0,True
2008-08-25,35.410000000000004,34.5,17.171429,22.157145,12.814286,75.8,2.3285713,1.6571428,2.642857,5.3714285,18.442858,0.00080291927,0.0013665035,-7.345365000000001e-25,7.450581e-09,0.0,True
2008-09-01,35.4,0.7,17.4,22.357143,12.414286,74.1,2.142857,1.6428572,2.4428573,5.8714285,18.87143,3.7506223e-05,0.0012911931,-7.345365000000001e-25,1.8626451e-08,0.0,True
2008-09-08,35.38,17.7,16.571428,21.585714,11.057143,73.62858,1.9999999,1.6142857,2.357143,5.742857,17.9,0.00015705824,0.0012236163,-7.345365000000001e-25,1.1175871e-08,0.0,True
2008-09-15,35.33,0.1,14.314286,20.27143,8.428572,72.442856,1.8000001,1.2285715,2.142857,5.428571,16.671429,7.301569e-06,0.0011643916,-7.345365000000001e-25,7.450581e-09,0.0,True
2008-09-22,35.34,4.8,10.7,16.157145,5.228572,75.957146,1.0428572,0.67142856,1.4142857,5.0571427,13.157143,2.4825335e-05,0.0011152625,-7.345365000000001e-25,1.8626451e-09,0.0,True
2008-09-29,35.33261980677326,8.3,11.0,16.485714,6.5428576,84.08572,0.9285714,0.7142858,1.2285715,5.5285716,12.6285715,0.0001481995,0.0010740682,-7.345365000000001e-25,3.7252903e-09,0.0,False
2008-10-06,35.32,37.3,9.742858,13.357142,6.2999997,80.84286,0.9857143,0.9428572,1.1714286,6.6857142,9.842857,0.00031732023,0.0010384507,-7.345365000000001e-25,5.5879354e-09,0.0,True
2008-10-13,35.31,0.0,11.771429,17.800001,5.857143,85.15715,0.7571429,0.62857145,0.94285715,6.9857144,12.214286,2.2374094e-05,0.0010108054,-7.345365000000001e-25,5.5879354e-09,0.0,True
2008-10-20,35.28,11.3,10.942857,14.971429,6.9428573,79.75714,0.84285706,0.7714286,1.0571429,7.0857143,10.485714,9.557605e-05,0.0009878129,-7.345365000000001e-25,9.313226e-09,0.0,True
2008-10-27,35.25,8.6,9.385715,13.728571,4.7999997,83.08572,0.62857145,0.55714285,0.7571429,7.2285714,8.942857,0.00016450882,0.0009687394,-7.345365000000001e-25,3.7252903e-09,0.0,True
2008-11-03,35.230000000000004,22.3,5.1571426,7.428571,2.9714284,89.85714,0.25714287,0.22857144,0.3857143,8.342857,5.742857,0.00019930303,0.00095421076,-7.345365000000001e-25,1.8626451e-09,0.0,True
2008-11-10,35.22,3.5,9.314285,11.928572,6.228572,90.88572,0.34285715,0.34285715,0.5428571,8.685715,8.6,5.0365925e-05,0.00094688684,-7.345365000000001e-25,3.7252903e-09,0.0,True
2008-11-17,35.21,2.7,7.728572,10.914286,4.071429,81.057144,0.5285715,0.51428574,0.71428573,8.657143,6.9,3.3944845e-05,0.0009418428,-7.345365000000001e-25,1.8626451e-09,0.0,True
2008-11-24,35.2,15.9,2.9857142,5.4714284,0.45714283,85.41429,0.47142857,0.47142857,0.5285714,9.228572,3.0428572,0.00024674833,0.0009389743,0.0011042187,0.00021447986,0.0035877973,True
2008-12-01,35.2,17.3,1.9,4.3,-0.6857143,87.94286,0.20000002,0.20000002,0.34285715,9.514286,1.4285715,0.00028555095,0.0009426996,0.0023671899,0.0038776994,0.004420042,True
2008-12-08,35.22,6.6,3.1285713,4.914286,0.6571428,89.02857,0.22857144,0.22857144,0.34285715,10.1285715,1.9857143,0.00028309226,0.0009605661,0.0025421495,0.006654229,0.0029956829,True
2008-12-15,35.22,4.8,1.5,2.8142858,0.11428567,90.38572,0.14285715,0.12857144,0.29999998,10.157143,0.9,7.0393085e-05,0.0010064542,0.0015305508,0.0025437772,0.0028230026,True
2008-12-22,35.21,4.3,4.3428574,6.371429,1.9714288,87.52857,0.37142855,0.37142855,0.4857143,10.2,2.7857144,0.00013229251,0.0010612085,0.00035396076,0.0008970853,1.0244548e-06,True
2008-12-29,35.189164857909766,3.0,0.5285714,2.6285713,-1.7857143,86.814285,0.1,0.1,0.2,10.2,1.2142857,2.001971e-05,0.0011189878,5.5489087e-05,6.7520887e-06,0.00017550215,True
2009-01-05,35.19,9.700001,-4.1,-0.5285714,-8.8714285,89.67143,0.0,0.0,0.12857144,10.2,-3.25,3.9309263e-05,0.001174897,0.0028702475,0.00022431836,0.010922112,True
2009-01-12,35.17,0.1,-6.1714287,-1.1999999,-12.142858,83.0,0.08571429,0.08571429,0.15714286,10.285714,-1.6428572,3.0323863e-06,0.0012233779,0.010834399,0.00013635494,0.0006852597,True
2009-01-19,35.15,4.0,1.4,3.4,-1.2571429,86.87144,0.27142859,0.27142859,0.4,10.2,-0.08571429,0.00027905405,0.0012650937,0.007294076,0.0073795337,0.0001962483,True
2009-01-26,35.13,15.9,0.9571429,3.8142858,-2.2285714,88.15715,0.31428573,0.31428573,0.25714287,10.214286,0.14285715,0.0002817288,0.0013134405,0.0026995172,0.003894452,0.0032695606,True
2009-02-02,35.11,0.2,-1.4428571,-0.057142835,-2.8285713,89.1,0.08571429,0.08571429,0.3857143,10.2,-0.5285714,4.9471855e-06,0.0014002323,0.003211839,0.00021162257,0.0021525435,True
2009-02-09,35.1,8.2,1.3714286,3.8857143,-0.9142857,88.614296,0.31428573,0.29999998,0.3857143,10.157143,0.014285714,0.00014324486,0.0014910847,0.0023207779,0.0032795891,0.0006037988,True
2009-02-16,35.08,19.3,-0.5714286,1.8857144,-3.557143,88.828575,0.2714286,0.2714286,0.41428572,10.414286,0.0,0.00038459897,0.0015819892,0.0067602852,0.0051485132,0.012490191,True
2009-02-23,35.07,10.6,0.67142856,2.8285713,-2.057143,87.15715,0.2857143,0.2857143,0.5,10.457143,0.3,0.0005390048,0.0017062202,0.0072828643,0.009690462,0.0034754537,True
2009-03-02,35.07,10.900001,5.1142855,7.471429,2.542857,87.02857,0.61428577,0.61428577,0.6857143,10.357142,4.0571427,0.00043785572,0.0019600242,0.0006435939,0.0020590723,4.8987567e-05,True
2009-03-09,35.06,11.9,4.6,8.114286,0.7285715,85.07143,0.7285714,0.71428573,0.7571429,10.242857,4.4142857,0.00026847422,0.0023360401,2.1514438e-06,9.72487e-06,0.0,True
2009-03-16,35.07,14.6,5.957143,8.957143,2.7857144,86.542854,0.7714285,0.7714285,0.8142857,10.442857,5.7,0.00040248036,0.0026774704,-7.345365000000001e-25,6.146729e-08,0.0,True
2009-03-23,35.08,6.2,5.0428576,9.728572,0.18571432,70.74286,1.5285715,1.4,1.5,9.985714,6.214286,0.00022803992,0.0030426607,1.3833955e-05,4.3394044e-05,4.7564507e-05,True
2009-03-30,35.09187982880651,6.5,4.3142858,8.17143,0.18571427,80.48572,1.1142857,1.1142857,1.1142857,10.142858,5.1714287,0.00027678907,0.0032856464,0.00021631377,0.00074158795,0.0007473938,True
2009-04-06,35.1,0.0,9.928572,17.671429,1.5857143,69.97143,2.1714287,1.7857143,2.142857,9.542857,11.171429,5.5134296e-07,0.0034849867,1.9811448e-06,1.2375414e-05,0.0,True
2009-04-13,35.14,1.6,13.242858,20.77143,5.4857144,68.48572,2.8714283,2.2142856,2.7285714,8.585714,14.714286,7.1555376e-05,0.0035035908,-7.345365000000001e-25,3.7252903e-09,0.0,True
2009-04-20,35.160000000000004,0.0,11.728572,19.214285,4.0857143,59.985718,3.085714,2.0714285,3.0714285,7.5285716,14.442857,2.6077032e-07,0.0033947676,-7.345365000000001e-25,0.0,0.0,True
2009-04-27,35.17,0.5,12.242857,20.057144,3.6285717,62.94286,3.3285716,1.6,3.0714285,6.8142858,14.714286,2.6777387e-05,0.0032352954,-7.345365000000001e-25,0.0,0.0,True
2009-05-04,35.18,8.200001,13.185715,20.857143,6.2428575,70.85714,2.7857144,1.4,2.8714287,6.5285716,16.471428,0.00018850714,0.0030403435,-7.345365000000001e-25,3.7252903e-09,0.0,True
2009-05-11,35.2,12.0,12.228571,17.485714,5.6714287,74.72858,2.6571429,1.9714286,2.4714284,6.5142856,14.385715,0.00030179322,0.0028606504,-7.345365000000001e-25,3.7252903e-09,0.0,True
2009-05-18,35.22,10.7,13.328572,19.457144,5.8,62.357143,3.557143,2.3285716,3.4142857,6.2714286,16.257143,0.00024849921,0.0026813745,-7.345365000000001e-25,3.7252903e-09,0.0,True
2009-05-25,35.21,2.2,15.771429,22.885714,8.085714,67.47143,3.5714285,2.2285712,3.7714286,6.1285715,19.62857,4.6417117e-05,0.0025094897,-7.345365000000001e-25,0.0,0.0,True
2009-06-01,35.21,16.6,15.871429,22.542858,9.228571,65.12857,3.7285714,2.1714284,3.9714284,5.8428574,18.12857,9.508431e-05,0.0023366287,-7.345365000000001e-25,7.450581e-09,0.0,True
2009-06-08,35.2,20.0,11.971429,17.97143,5.714286,71.04286,2.9285712,1.6142856,3.0571427,5.714286,15.514286,0.00019468367,0.0021772012,-7.345365000000001e-25,3.7252903e-09,0.0,True
2009-06-15,35.21,13.6,14.428572,19.714285,8.585714,73.25715,3.1142857,2.457143,3.1571426,5.957143,16.514286,0.0011814386,0.002043493,-7.345365000000001e-25,1.1175871e-08,0.0,True
2009-06-22,35.21,4.4,14.742857,20.685715,8.900001,69.78571,3.2142856,2.3428574,3.5285716,5.6571426,18.171429,6.41495e-05,0.0019100308,-7.345365000000001e-25,0.0,0.0,True
2009-06-29,35.16416615280455,20.699999,17.742857,22.728573,12.314286,74.91429,3.1714287,1.9142857,3.3857143,5.357143,19.914286,0.00016452372,0.0017886534,-7.345365000000001e-25,1.4901161e-08,0.0,True
2009-07-06,35.2,14.5,21.52857,28.300001,14.857142,72.9,4.0571427,1.8714285,4.1857142,4.9,25.085714,7.6159835e-05,0.0016795397,-7.345365000000001e-25,1.4901161e-08,0.0,True
2009-07-13,35.2,19.2,16.142857,21.571428,11.142858,75.97143,3.1571426,2.1857142,3.1285713,5.0285716,18.957144,0.00017298758,0.0015730932,-7.345365000000001e-25,1.1175871e-08,0.0,True
2009-07-20,35.19,41.7,19.514286,26.17143,13.114286,71.21429,3.5857143,2.5142858,3.7142856,5.0857143,21.642857,0.0035730302,0.0014799088,-7.345365000000001e-25,1.8626451e-08,0.0,True
2009-07-27,35.18,16.2,19.257143,25.442858,13.1285715,71.814285,3.6999996,3.0,3.7142856,5.4428573,20.77143,0.0010493547,0.0014013276,-7.345365000000001e-25,1.4901161e-08,0.0,True
2009-08-03,35.18,3.8,19.214285,25.742859,11.071428,63.285713,3.7999997,2.3428571,3.9857142,4.857143,21.928572,4.5657158e-05,0.0013327971,-7.345365000000001e-25,1.4901161e-08,0.0,True
2009-08-10,35.160000000000004,0.4,20.9,28.37143,12.942858,61.514286,3.7999997,1.4142855,4.071429,4.357143,23.314285,2.2351742e-06,0.001263082,-7.345365000000001e-25,1.3038516e-08,0.0,True
2009-08-17,35.160000000000004,3.1999998,18.9,25.414288,12.242858,67.328575,3.2857144,1.042857,3.5285716,4.2,21.171429,2.9578805e-05,0.0011984333,-7.345365000000001e-25,1.1175871e-08,0.0,True
2009-08-24,35.15,5.9,19.300001,26.614286,11.0,63.94286,3.6,1.1857144,3.7428572,4.1571426,21.342857,0.000113233924,0.0011330023,-7.345365000000001e-25,3.7252903e-09,0.0,True
2009-08-31,35.174704149324675,6.4,18.171429,25.514286,10.814286,64.52857,2.942857,0.9714285,3.3142858,3.9857142,20.285715,1.3165176e-05,0.0010716245,-7.345365000000001e-25,7.450581e-09,0.0,True
2009-09-07,35.15,11.3,16.685715,22.828571,11.67143,70.17143,2.514286,1.4142858,2.9285715,4.1,17.342857,0.000106319785,0.0010174364,-7.345365000000001e-25,1.4901161e-08,0.0,True
2009-09-14,35.17,7.2,15.714286,22.428572,9.1,72.92857,2.0142856,0.9428572,2.3142858,4.0142856,17.514286,4.311651e-05,0.000970304,-7.345365000000001e-25,9.313226e-09,0.0,True
2009-09-21,35.18,0.8,14.828572,21.942858,7.6285715,74.92857,1.7571428,0.8,1.9714286,3.9285715,16.72857,6.617606e-05,0.0009302646,-7.345365000000001e-25,1.1175871e-08,0.0,True
2009-09-28,35.18,0.1,13.571428,20.642857,6.142857,73.700005,1.3999999,0.32857147,1.7571429,3.7285714,15.7,3.6656857e-06,0.0008905828,-7.345365000000001e-25,9.313226e-09,0.0,True
2009-10-05,35.160000000000004,17.300001,11.257143,14.67143,6.2428575,77.65715,1.1428571,0.90000004,1.4,4.071429,11.757143,8.799881e-05,0.00085760653,-7.345365000000001e-25,9.313226e-09,0.0,True
2009-10-12,35.14,64.8,10.585714,14.1,6.8285713,87.21429,0.88571423,0.81428576,0.85714287,5.8,11.457143,0.004199475,0.00082977116,-7.345365000000001e-25,7.450581e-09,0.0,True
2009-10-19,35.11,14.7,4.928571,8.928572,1.4428571,83.91429,0.68571424,0.61428577,0.71428573,6.9142857,5.785714,0.00073578954,0.000813514,-7.345365000000001e-25,0.0,0.0,True
2009-10-26,35.1,13.5,7.3142858,10.171428,4.6,88.328575,0.4428572,0.40000004,0.5857143,7.257143,6.8428574,0.00017074868,0.0008060634,-7.345365000000001e-25,3.7252903e-09,0.0,True
2009-11-02,35.09,23.2,6.571429,9.800001,3.4285715,89.42857,0.3857143,0.34285715,0.44285718,7.5857143,7.257143,0.00028877333,0.0008048266,-7.345365000000001e-25,1.8626451e-09,0.0,True
2009-11-09,35.08,24.9,5.971429,8.5,3.8142858,90.88572,0.35714287,0.35714287,0.41428572,9.585714,5.7285714,0.000850901,0.00081983954,-7.345365000000001e-25,0.0,0.0,True
2009-11-16,35.06,7.7000003,7.7571425,10.214286,5.1285715,90.9,0.3571429,0.3571429,0.3857143,10.157143,6.9857144,0.00033137202,0.00087046623,-7.345365000000001e-25,5.5879354e-09,0.0,True
2009-11-23,35.05,11.5,10.1285715,13.185715,6.357143,80.27143,0.6714286,0.62857145,0.81428576,10.171429,8.1,0.00016134977,0.00094311684,-7.345365000000001e-25,1.1175871e-08,0.0,True
2009-11-30,35.09046505028483,16.9,8.828572,10.900001,6.6142855,78.0,0.7857142,0.75714284,0.88571423,10.257143,7.1285715,0.00036628544,0.0010255799,-7.345365000000001e-25,3.7252903e-09,0.0,True
2009-12-07,35.08,8.900001,3.7142856,6.1142855,0.31428573,92.971436,0.20000002,0.20000002,0.22857143,10.428572,3.3857143,0.00043366104,0.0011366382,2.923466e-06,9.909272e-06,1.0058284e-05,True
2009-12-14,35.09,27.5,2.2714286,4.0857143,-0.25714287,93.51429,0.12857144,0.12857144,0.2857143,10.814285,2.7714286,0.0026077032,0.001508519,8.898122e-05,2.0563602e-06,0.0005402416,True
2009-12-21,35.1,5.4,-6.1714287,-2.8,-9.642858,85.72858,0.0,0.0,0.17142858,10.342857,-1.7714286,1.1175871e-06,0.0017282143,0.0019574903,1.4718622e-05,0.0047478713,True
2009-12-28,35.1,14.3,1.2857143,3.957143,-1.6428573,89.35714,0.29999998,0.29999998,0.2857143,10.542857,0.014285714,0.00041799247,0.001989007,0.0062153228,0.0075284094,0.005645763,True
2010-01-04,35.11,25.2,-2.7142856,-1.5428572,-4.2714286,92.114296,0.0,0.0,0.2,10.666667,-0.06666667,2.7641654e-06,0.002249688,0.017921692,9.15695e-05,0.023432307,True
2010-01-11,35.14,11.0,-6.042857,-3.5142858,-9.685715,90.75715,0.014285714,0.014285714,0.18571427,10.414286,-0.014285714,0.0,0.0024699047,0.030063147,0.0,0.014387656,True
2010-01-18,35.15,5.1000004,-2.0285716,-0.78571427,-3.7,90.57143,0.028571429,0.028571429,0.31428573,10.328571,0.014285714,5.3286552e-05,0.0026073083,0.040259488,0.002022002,0.0033804215,True
2010-01-25,35.160000000000004,0.9,-5.971429,-4.285714,-8.328572,86.07143,0.014285714,0.014285714,0.24285714,10.328571,0.014285714,0.00017558038,0.002699539,0.037488263,0.0036322419,0.000805147,True
2010-02-01,35.160000000000004,8.6,-3.8285716,-0.31428576,-8.385715,83.84286,0.18571427,0.18571427,0.37142858,10.385715,-0.042857144,3.670156e-05,0.0027936697,0.042536862,0.0010444783,0.013993345,True
2010-02-08,35.160000000000004,7.6,-1.5571429,0.5428571,-4.5285716,85.75715,0.22857143,0.22857143,0.4,10.385715,0.1,9.124726e-05,0.0028602034,0.05630029,0.0027010292,0.010980949,True
2010-02-15,35.15,10.2,-4.4,-1.9428571,-7.2428575,86.8,0.0,0.0,0.32857147,10.3,0.1,0.0,0.002905652,0.06272753,0.0,0.012075808,True
2010-02-22,35.15,6.3,-0.37142855,3.3,-4.785714,81.14286,0.42857143,0.42857143,0.5714286,10.271428,0.114285715,0.0011652261,0.0029288158,0.062322,0.017233593,0.00021289289,True
2010-03-01,35.2,9.0,3.8,7.2571425,1.0428572,82.457146,0.85714287,0.85714287,0.85714287,10.285714,1.8857143,0.0051003844,0.0039945543,0.025278267,0.050170913,0.0026622377,True
2010-03-08,35.260000000000005,4.5,-0.9714286,3.2714288,-6.0428576,74.057144,0.6,0.5714286,0.87142855,10.114285,0.8857143,9.083748e-05,0.0055616796,0.0063780206,0.0018492434,0.008113403,True
2010-03-15,35.29,7.3999996,0.44285718,4.114286,-3.0285716,84.542854,0.64285713,0.61428577,0.7285714,10.057143,1.3857143,0.0005054772,0.006388366,0.0052090315,0.0089112725,0.0014214665,True
2010-03-22,35.33,3.4,8.485715,12.714286,3.3000004,75.457146,1.4571427,1.3857143,1.4142857,10.057143,7.6,0.00025494397,0.0068496764,0.0005104769,0.002008846,0.0003621243,True
2010-03-29,35.34612676074332,8.099999,9.342857,15.114286,3.1285713,75.87144,1.7428571,1.6,1.5857143,9.914286,9.9,0.001488544,0.0071035773,5.1089696e-08,5.7183206e-07,0.0,True
2010-04-05,35.38,5.1,7.657143,12.871429,2.0428572,72.67143,1.8857143,1.6999999,1.6857144,9.828571,8.9,0.000618279,0.007256627,-7.345365000000001e-25,0.0,0.0,True
2010-04-12,35.4,0.70000005,8.442858,14.342857,2.9857144,69.48572,1.9714286,1.6142856,2.0714285,9.085714,9.8714285,2.4944544e-05,0.00724981,-7.345365000000001e-25,1.8626451e-09,0.0,True
2010-04-19,35.44,0.0,8.342857,15.442858,1.0857142,64.057144,2.3857143,1.7999998,2.4857142,8.357142,10.614285,3.1292439e-07,0.006933078,-7.345365000000001e-25,0.0,0.0,True
2010-04-26,35.43,2.1,8.428572,15.142858,0.82857144,64.34286,2.6571429,2.0714285,2.4428573,7.5571427,11.3,8.878112e-05,0.0064239055,-7.345365000000001e-25,0.0,0.0,True
2010-05-03,35.44,6.4,12.828572,18.5,6.1714287,69.5,2.7142856,1.9000002,2.7142856,6.957143,14.685715,0.00014035404,0.005839683,-7.345365000000001e-25,3.7252903e-09,0.0,True
2010-05-10,35.46,20.300001,8.142858,12.057143,4.114286,80.542854,1.5571429,1.2857143,1.6714286,7.4857144,10.571428,0.0002669394,0.0053167045,-7.345365000000001e-25,0.0,0.0,True
2010-05-17,35.5,57.0,9.557143,13.014287,6.071429,78.87144,1.7857143,1.5571429,1.8285714,8.142858,10.828571,0.00033075362,0.0049166307,-7.345365000000001e-25,0.0,0.0,True
2010-05-24,35.53,30.8,13.1,18.085714,8.057143,83.47143,2.3285713,2.0285714,2.2142856,8.742857,15.057143,0.00028792024,0.0046050623,-7.345365000000001e-25,1.1175871e-08,0.0,True
2010-05-31,35.51330316638424,20.7,11.871429,16.685715,6.1285715,77.07143,2.457143,2.1857142,2.3999999,8.528571,15.314285,0.0004592687,0.004316725,-7.345365000000001e-25,0.0,0.0,True
2010-06-07,35.5,8.2,15.957144,21.728573,9.2,72.11429,3.5571427,2.8714287,3.6714287,8.642858,18.542856,0.00021505356,0.004091367,-7.345365000000001e-25,1.4901161e-08,0.0,True
2010-06-14,35.54,8.700001,17.671429,23.057144,10.957143,74.12858,3.3428574,2.6285713,3.3142858,7.928571,21.1,3.1262636e-05,0.0038423091,-7.345365000000001e-25,1.1175871e-08,0.0,True
2010-06-21,35.56,0.4,14.2,20.17143,7.471429,67.5,3.6714287,2.2142856,3.7714286,6.9,19.042856,1.642108e-05,0.0035672188,-7.345365000000001e-25,3.7252903e-09,0.0,True
2010-06-28,35.58,0.3,17.957144,25.414288,8.642858,63.957146,4.342857,1.5714285,4.2714286,6.0,22.342857,2.540648e-05,0.0032796338,-7.345365000000001e-25,3.7252903e-09,0.0,True
2010-07-05,35.56,0.1,23.057144,30.17143,14.885714,61.014286,5.1714287,0.9714285,4.9,5.4428573,26.385714,1.8700957e-05,0.002954565,-7.345365000000001e-25,1.1175871e-08,0.0,True
2010-07-12,35.52,21.1,23.714285,31.628572,14.828572,57.957146,5.3,0.95714283,5.085714,5.357143,26.357143,1.8566847e-05,0.002645567,-7.345365000000001e-25,1.1175871e-08,0.0,True
2010-07-19,35.510000000000005,3.5,21.87143,28.800001,13.485715,62.957146,4.857143,1.3714286,4.571429,5.3285713,25.585714,8.1539154e-05,0.002362132,-7.345365000000001e-25,7.450581e-09,0.0,True
2010-07-26,35.5,6.5,20.242859,26.714285,13.085715,63.31429,3.9428573,1.2428571,4.0,5.214286,23.285715,7.380545e-05,0.002118811,-7.345365000000001e-25,1.1175871e-08,0.0,True
2010-08-02,35.52,11.4,18.97143,25.52857,12.2,68.1,3.3428571,1.9571428,3.4142857,5.3142858,21.557142,5.7905912e-05,0.0019270182,-7.345365000000001e-25,1.1175871e-08,0.0,True
2010-08-09,35.53,11.499999,18.314287,23.585714,13.528572,76.3,2.457143,1.7142857,2.6142857,5.4714284,20.6,0.00010420382,0.0017660111,-7.345365000000001e-25,1.4901161e-08,0.0,True
2010-08-16,35.55,35.9,17.985716,22.300001,13.928572,84.25715,2.1571429,1.7571428,1.9857142,6.257143,20.471428,0.00048072636,0.0016340688,-7.345365000000001e-25,7.450581e-09,0.0,True
2010-08-23,35.56,9.2,18.685715,24.585714,12.957144,77.91429,2.7571428,2.4857142,2.7714286,7.6,20.2,0.00028030574,0.0015312061,-7.345365000000001e-25,1.8626451e-08,0.0,True
2010-08-30,35.53546327255507,84.8,14.6285715,17.97143,11.085715,83.942856,1.8857143,1.7571429,1.8857143,8.685715,16.5,0.0064827353,0.0014532208,-7.345365000000001e-25,7.450581e-09,0.0,True
2010-09-06,35.58,10.1,12.67143,18.685715,7.228572,80.057144,1.7142857,1.5714285,1.9571428,9.585714,15.3714285,0.00010378659,0.0014357492,-7.345365000000001e-25,3.7252903e-09,0.0,True
2010-09-13,35.6,19.9,15.042857,20.157145,9.971429,81.84286,1.6285714,1.4857142,1.8285714,9.471429,16.37143,0.0002950579,0.0014381334,-7.345365000000001e-25,1.1175871e-08,0.0,True
2010-09-20,35.56,17.0,13.0,16.671429,9.557143,78.12858,1.5857142,1.5428572,1.8142859,10.071428,13.7,0.0018102527,0.0014693812,-7.345365000000001e-25,7.450581e-09,0.0,True
2010-09-27,35.54,72.799995,13.342857,18.157145,8.314286,86.75714,1.1999999,1.0714285,1.2285715,10.171429,14.685715,0.010212287,0.0038729236,-7.345365000000001e-25,5.5879354e-09,0.0,True
2010-10-04,35.57,1.4000001,10.385714,14.8714285,5.928571,82.52857,0.88571423,0.82857144,1.1999999,10.557143,11.271428,3.7044287e-05,0.00221999,-7.345365000000001e-25,5.5879354e-09,0.0,True
2010-10-11,35.6,0.0,11.2,16.685715,6.4857144,81.64286,0.9857143,0.82857144,1.1999999,9.757143,12.8714285,1.7881393e-06,0.0026658773,-7.345365000000001e-25,7.450581e-09,0.0,True
2010-10-18,35.58,7.4,6.057143,11.042857,1.2428572,88.61428,0.5428571,0.5,0.5857143,9.685715,8.214286,0.00012174249,0.0028230473,-7.345365000000001e-25,1.8626451e-09,0.0,True
2010-10-25,35.59,7.3,6.5,9.771429,2.857143,82.02857,0.7714286,0.74285716,0.8428572,10.028571,6.071429,0.00014695525,0.0028905198,-7.345365000000001e-25,0.0,0.0,True
2010-11-01,35.59,1.6,7.914286,11.585714,3.957143,84.35714,0.5714286,0.5285714,0.6571428,9.885715,7.457143,1.8522143e-05,0.0029285625,-7.345365000000001e-25,1.8626451e-09,0.0,True
2010-11-08,35.6,19.199999,8.3714285,10.842857,5.214286,89.74286,0.62857145,0.61428577,0.61428577,10.485714,8.385715,0.001902163,0.002958633,-7.345365000000001e-25,5.5879354e-09,0.0,True
2010-11-15,35.6,15.200001,8.142858,10.942858,5.428571,84.9,0.6571428,0.6571428,0.6571428,10.6,7.0285716,0.00049037486,0.0031643435,-7.345365000000001e-25,3.7252903e-09,0.0,True
2010-11-22,35.61,30.0,4.6857147,5.928571,3.0714285,94.5,0.18571429,0.18571429,0.31428573,10.885715,4.9857144,0.002637826,0.0037341565,-7.345365000000001e-25,0.0,0.0,True
2010-11-29,35.624127861844784,3.3,-1.4000002,0.55714285,-3.7571428,90.12858,0.11428572,0.11428572,0.25714284,10.585714,0.7285714,0.0001290515,0.0045491233,0.0016357048,0.00012908503,0.0033264533,True
2010-12-06,35.61,13.6,-4.6571426,-2.5142858,-8.357142,85.17143,0.057142857,0.057142857,0.25714287,10.3714285,-0.82857144,1.5594065e-05,0.005270131,0.008309001,0.00044240057,0.011109438,True
2010-12-13,35.620000000000005,15.0,-1.0857142,1.0714287,-4.0857143,91.42857,0.17142858,0.17142858,0.24285714,10.571428,0.014285714,0.0006592274,0.005496368,0.014863429,0.013353264,0.010654207,True
2010-12-20,35.620000000000005,14.599999,-5.9,-3.757143,-9.771429,92.27143,0.0,0.0,0.12857144,10.528571,-0.114285715,2.9802322e-08,0.0059525296,0.01759024,0.0,0.016035594,True
2010-12-27,35.63,31.199999,-5.2000003,-2.357143,-9.271429,92.85714,0.0,0.0,0.14285715,10.571428,0.028571429,0.00021980703,0.0062444657,0.03352978,0.0,0.0189012,True
2011-01-03,35.67,0.8,-2.6285717,-0.48571426,-4.857143,91.44286,0.025,0.025,0.15714286,10.375,0.1,0.00020374358,0.0063685775,0.04356278,0.007294826,0.0013349801,True
2011-01-10,35.75,11.4,1.3285714,4.3,-2.1142857,90.0,0.25714284,0.25714284,0.17142858,10.414286,0.8857143,0.006276056,0.007849105,0.02469869,0.03847055,0.0018097982,True
2011-01-17,35.88,14.1,5.914286,8.657143,3.557143,89.6,0.44285712,0.44285712,0.35714287,10.614285,4.3,0.0019536093,0.011379659,0.0015971604,0.0048614163,3.501773e-07,True
2011-01-24,35.82,3.0,1.6142857,3.2285714,0.22857141,90.8,0.17142858,0.17142858,0.32857147,10.328571,1.4714285,0.000127621,0.013534896,0.0004659664,0.0004583206,0.0014148988,True
2011-01-31,35.800536721499306,4.6,-1.6999999,0.67142856,-4.3142858,89.8,0.11428572,0.11428572,0.24285714,10.328571,-0.08571429,0.00015334785,0.013229482,0.0020223458,0.00058945455,0.002190929,True
2011-02-07,35.83,5.3999996,4.8142858,6.828572,2.6142857,83.92857,0.6571428,0.6571428,0.8142857,10.428572,2.3142858,0.0002373308,0.012451775,0.0012618814,0.003137486,0.00063141435,True
2011-02-14,35.82,4.5,2.114286,4.8285713,-1.1428572,78.957146,0.59999996,0.5714286,0.7,10.257143,2.3,0.0001244545,0.011507593,0.00094132195,5.9274957e-05,0.0038236044,True
2011-02-21,35.84,2.8,-1.9142858,0.18571424,-3.757143,73.41429,0.15714286,0.14285715,0.71428573,10.214286,-0.24285714,3.1381845e-05,0.01061435,0.0058143595,0.0009767897,0.0040611364,True
2011-02-28,35.84,0.0,-2.5571427,3.0428574,-7.571429,65.700005,0.5714286,0.5285714,0.87142855,10.071428,-1.2142857,4.0963292e-05,0.009749018,0.004572857,0.0019300301,1.616776e-06,True
2011-03-07,35.86,0.0,-0.5,6.0,-5.5428576,76.6,0.84285706,0.7285714,0.7714286,9.7,0.5,3.4853816e-05,0.008903444,0.00140466,0.0017143618,1.3798475e-05,True
2011-03-14,35.870000000000005,3.1,6.1,11.842857,-0.14285715,72.1,1.4,1.1857144,1.3000001,9.257143,5.0142856,0.00015303493,0.008107647,0.00020420551,0.0006754119,0.0,True
2011-03-21,35.88,6.2999997,4.0857143,8.471429,0.21428575,85.314285,0.90000004,0.8,0.90000004,9.3,5.3428574,0.00014401227,0.0074121132,4.4277735e-07,3.8128346e-06,0.0,True
2011-03-28,35.88,0.3,5.8285713,12.1285715,-0.4857143,70.48571,1.6999999,1.3428572,1.6428572,8.8,7.8142858,5.990267e-06,0.00681597,-7.345365000000001e-25,5.7742e-08,7.0780516e-08,True
2011-04-04,35.88,10.7,10.757143,17.257143,4.4714284,75.75715,2.0285716,1.6714286,1.9285715,8.271428,11.328571,0.00023370236,0.006257944,-7.345365000000001e-25,3.1664968e-08,0.0,True
2011-04-11,35.88,0.5,10.757143,16.942858,4.3285713,70.200005,2.3999999,1.8142856,2.3857143,7.9714284,11.7,1.6346574e-05,0.0057350323,-7.345365000000001e-25,3.7252903e-09,0.0,True
2011-04-18,35.89,5.5,8.571428,14.657144,2.0285716,69.64286,2.1285713,1.6857144,2.0571427,7.3714285,11.014286,8.479506e-05,0.0052616596,-7.345365000000001e-25,0.0,0.0,True
2011-04-25,35.89,0.0,14.214286,22.785715,4.2285714,56.585716,3.914286,2.142857,3.6000001,6.4428573,16.4,1.1920929e-07,0.004773639,-7.345365000000001e-25,0.0,0.0,True
2011-05-02,35.88,8.2,12.157143,18.87143,6.071429,62.42857,3.2571428,1.4285713,3.2571428,5.9142857,15.157143,0.00012229383,0.004288271,-7.345365000000001e-25,0.0,0.0,True
2011-05-09,35.88,0.4,11.928572,19.857143,2.4857142,52.785713,4.2,0.7714285,3.9857142,5.571429,15.042857,5.811453e-06,0.0038495883,-7.345365000000001e-25,0.0,0.0,True
2011-05-16,35.870000000000005,3.4,13.857142,20.942858,6.2714286,68.04286,3.114286,0.9142857,3.142857,5.428571,16.942858,0.000118881464,0.0034285635,-7.345365000000001e-25,0.0,0.0,True
2011-05-23,35.870000000000005,11.8,16.442858,23.242857,9.428572,72.52857,3.3714287,1.3428572,3.457143,5.457143,18.671429,0.00010008365,0.0031084865,-7.345365000000001e-25,1.4901161e-08,0.0,True
2011-05-30,35.86650206625705,1.2,15.914286,22.314287,7.642857,59.014286,4.357143,0.8428572,4.342857,5.1714287,18.4,1.0691583e-05,0.0027873218,-7.345365000000001e-25,3.7252903e-09,0.0,True
2011-06-06,35.86,25.3,19.428572,27.37143,10.057143,60.07143,4.7571425,1.1714286,5.2000003,5.0142856,21.828571,0.00012411177,0.0024894848,-7.345365000000001e-25,1.1175871e-08,0.0,True
2011-06-13,35.85,8.5,16.614286,22.17143,10.085714,71.62858,3.4714286,2.0857143,3.4857142,5.3142858,20.642857,0.00016076863,0.0022392198,-7.345365000000001e-25,1.1175871e-08,0.0,True
2011-06-20,35.83,8.5,16.87143,22.628572,11.285714,69.457146,3.628571,2.1714284,3.6571429,5.0142856,19.87143,9.3087554e-05,0.0020252913,-7.345365000000001e-25,1.4901161e-08,0.0,True
2011-06-27,35.82,33.5,16.628572,23.042858,10.585714,75.71429,3.485714,2.6714284,3.6142857,5.4714284,19.242857,0.0007085651,0.0018508434,-7.345365000000001e-25,1.1175871e-08,0.0,True
2011-07-04,35.81,66.5,16.4,20.514286,11.885715,78.54286,3.042857,2.2428572,2.9428573,5.757143,18.957144,0.00038091838,0.0016944408,-7.345365000000001e-25,1.4901161e-08,0.0,True
2011-07-11,35.82,12.799999,19.4,25.757143,13.228571,75.75715,3.8142858,3.3285716,3.8428571,6.7714286,22.485714,0.006339021,0.001583375,-7.345365000000001e-25,1.1175871e-08,0.0,True
2011-07-18,35.870000000000005,8.4,18.07143,23.085714,12.6285715,72.38572,3.4571426,3.042857,3.3999999,6.714286,20.242857,0.00032512844,0.0014980584,-7.345365000000001e-25,1.4901161e-08,0.0,True
2011-07-25,35.85,7.3,15.942857,19.7,11.814286,72.457146,2.6714287,2.142857,2.9428573,6.5,18.085714,0.00013650954,0.0014436096,-7.345365000000001e-25,1.4901161e-08,0.0,True
2011-08-01,35.85,30.8,16.77143,21.242857,12.042857,80.27143,2.3142858,1.8000001,2.4285715,7.0285716,19.285715,0.00028658658,0.0014003813,-7.345365000000001e-25,1.6763806e-08,0.0,True
2011-08-08,35.85,13.4,19.100002,24.928572,12.900001,77.51429,3.1285713,2.6714287,3.2285714,7.5285716,21.657143,0.00062920153,0.0013598278,-7.345365000000001e-25,1.3038516e-08,0.0,True
2011-08-15,35.83,17.5,17.328571,22.328571,13.342857,77.200005,2.4571426,2.1142857,2.9142857,8.028571,18.542856,0.00049848855,0.0013241693,-7.345365000000001e-25,1.4901161e-08,0.0,True
2011-08-22,35.82,3.6,18.5,24.414288,11.6,73.5,2.757143,2.2857144,3.2142856,7.642857,20.942858,3.4213066e-05,0.0012963489,-7.345365000000001e-25,1.1175871e-08,0.0,True
2011-08-29,35.83619889577244,29.400002,18.485716,23.685715,14.157144,80.02857,2.4142857,2.1857142,2.6142857,8.157143,20.471428,0.005858995,0.001265429,-7.345365000000001e-25,1.3038516e-08,0.0,True
2011-09-05,35.84,20.1,16.37143,22.242859,10.185715,78.47143,2.0285716,1.6571428,2.2714286,8.014286,18.2,0.00021176785,0.0012490749,-7.345365000000001e-25,7.450581e-09,0.0,True
2011-09-12,35.870000000000005,32.2,16.785715,21.028574,13.157144,81.74286,1.9714286,1.8571428,2.1142857,8.657143,17.457144,0.000823617,0.0012384057,-7.345365000000001e-25,1.1175871e-08,0.0,True
2011-09-19,35.78,1.3,14.142858,18.742857,9.385714,75.6,1.6285714,1.3999999,2.1,8.714286,16.085714,2.9563904e-05,0.0012513697,-7.345365000000001e-25,5.5879354e-09,0.0,True
2011-09-26,35.760000000000005,0.0,13.6,21.014286,6.142857,78.07143,1.5857143,1.2857141,1.7714285,8.3714285,15.685715,7.688999e-06,0.0012677982,-7.345365000000001e-25,7.450581e-09,0.0,True
2011-10-03,35.74,0.0,15.2,24.514286,6.957143,79.78571,1.4285715,1.0571429,1.6428572,7.8428574,17.528572,2.3394823e-06,0.00126791,-7.345365000000001e-25,5.5879354e-09,0.0,True
2011-10-10,35.730000000000004,24.3,12.471429,16.257143,7.9857144,81.11428,1.1285714,1.0142858,1.3142856,7.8,13.142858,0.0002278015,0.0012582988,-7.345365000000001e-25,1.3038516e-08,0.0,True
2011-10-17,35.760000000000005,17.9,7.557143,13.585715,2.0714285,84.614296,0.8142857,0.75714284,0.7428571,8.828571,9.328571,0.00034500659,0.001255013,-7.345365000000001e-25,1.8626451e-09,0.0,True
2011-10-24,35.78,1.1,6.014286,12.014285,1.3999999,84.08572,0.6571428,0.5857143,0.7428571,8.728572,6.785714,3.9488077e-05,0.0012633502,-7.345365000000001e-25,3.7252903e-09,0.0,True
2011-10-31,35.75405236159813,0.3,9.6285715,14.371429,4.7000003,90.02857,0.50000006,0.3857143,0.5142857,8.571428,9.614285,4.0978193e-06,0.0012722239,-7.345365000000001e-25,5.5879354e-09,0.0,True
2011-11-07,35.760000000000005,0.2,7.357143,11.6,3.5285716,93.17143,0.34285715,0.25714287,0.34285715,8.414286,8.228572,9.0897083e-07,0.0012770146,-7.345365000000001e-25,0.0,0.0,True
2011-11-14,35.72,0.4,1.8428572,5.7428575,-1.8857144,93.97143,0.20000002,0.15714286,0.17142858,8.342857,3.557143,5.1259995e-06,0.00127846,9.4232104e-07,6.3329935e-08,3.277138e-05,True
2011-11-21,35.71,0.0,2.2714288,5.0285716,-0.6857143,96.457146,0.08571429,0.08571429,0.21428572,8.242857,2.5428572,6.221235e-06,0.0012769997,0.00012448287,0.00018145703,0.00019091368,True
2011-11-28,35.7,0.6,4.928571,7.8857145,1.4857143,88.471436,0.37142855,0.34285712,0.47142857,8.2,3.8714285,9.87947e-06,0.0012738407,1.8114135e-05,5.9422106e-05,1.283735e-05,True
2011-12-05,35.72,7.7,5.1285715,8.814286,1.0428572,85.54286,0.51428574,0.4857143,0.5,8.342857,3.9714286,0.00015313923,0.0012686774,-7.345365000000001e-25,1.4342368e-07,0.0,True
2011-12-12,35.730000000000004,13.6,3.9285715,6.6857147,1.5714285,82.98572,0.5714286,0.5714286,0.62857145,9.3,2.557143,0.00021034479,0.0012645274,3.382138e-05,0.000119101256,0.00012625754,True
2011-12-19,35.760000000000005,27.5,3.914286,5.9714284,1.8285714,84.64286,0.51428574,0.51428574,0.62857145,10.0,2.6285715,0.00079385936,0.0012714341,0.0031336262,0.006309256,0.010846395,True
2011-12-26,35.870000000000005,10.099999,5.4857144,7.8,3.3714287,91.957146,0.31428573,0.3,0.40000004,10.271428,3.7571428,0.000546515,0.0013393462,0.0018251226,0.004997976,0.00031846017,True
2012-01-02,35.9,10.5,6.571429,8.957143,3.8142858,86.42857,0.44,0.44,0.5142857,10.24,4.66,0.00030742586,0.0014944449,3.385544e-05,0.00014737435,0.00013202056,True
2012-01-09,35.88,26.2,4.857143,7.142857,2.642857,85.057144,0.78571427,0.78571427,0.6714286,10.814285,3.8428571,0.0008740723,0.001702562,1.0785602e-06,5.7760626e-06,1.6391277e-06,True
2012-01-16,35.760000000000005,3.0,3.614286,5.6714287,1.0857143,86.14286,0.49999997,0.48571426,0.44285712,10.4,3.0285714,0.000104248524,0.0020454675,6.8687257e-07,8.549541e-07,5.1371753e-06,True
2012-01-23,35.7,32.5,2.6857145,4.7714286,0.34285712,88.57143,0.48571426,0.48571426,0.45714286,10.7,1.8142858,0.00096122175,0.002380237,0.0005902506,0.0018710699,0.0034034625,True
2012-01-30,35.723984961037715,4.4,-2.7,-0.7571429,-4.714286,82.47143,0.10000001,0.10000001,0.4,10.5,-0.22857143,4.439056e-05,0.0029418543,0.0032832678,0.0002775211,0.0042156093,True
2012-02-06,35.760000000000005,0.2,-11.528572,-6.7428575,-15.985715,74.22857,0.0,0.0,0.21428572,10.3,-5.7714286,1.7136335e-07,0.003422141,0.0049450854,0.0,0.00067821145,True
2012-02-13,35.78,0.9,-7.0142856,-2.957143,-13.385715,81.15715,0.0,0.0,0.31428573,10.3,-4.6714287,2.7567148e-07,0.0036513656,0.005735846,0.0,0.0021053106,True
2012-02-20,35.86,9.1,2.6000001,5.7571425,-0.7714286,83.3,0.7714286,0.7571429,0.7,10.271428,0.5,0.00046007335,0.0037536174,0.0030139629,0.0063464306,0.00047326833,True
2012-02-27,35.83,8.9,5.4000006,8.457143,1.6285715,82.84286,0.9142857,0.9,0.8714286,10.185715,3.357143,0.00026861578,0.003928624,0.00039006982,0.0021438673,0.0016342215,True
2012-03-05,35.83,0.1,6.6714287,9.514287,3.6000001,78.71429,0.8000001,0.7428571,0.9714286,9.971429,5.742857,3.452599e-05,0.0041593537,6.9822585e-07,4.325062e-06,3.106892e-06,True
2012-03-12,35.83,4.0,5.614286,9.557143,1.8142859,74.94286,1.1142857,0.98571426,1.1857144,9.657143,5.257143,0.000112980604,0.0042831525,8.1175847e-07,2.4065375e-06,0.0,True
2012-03-19,35.83,1.9,7.642857,12.971429,2.7428572,76.32857,1.4714286,1.1714286,1.4142857,9.271428,7.8428574,0.00024116784,0.0042924434,-7.345365000000001e-25,0.0,0.0,True
2012-03-26,35.82,0.0,8.928572,16.800001,1.6571429,75.200005,1.8000001,1.3285714,1.7428571,8.6285715,10.2,9.164214e-07,0.0042317733,-7.345365000000001e-25,0.0,0.0,True
2012-04-02,35.82,1.9000001,7.7428575,12.014287,3.1000001,71.957146,1.8857143,1.5142857,1.9571428,7.928571,8.857142,6.851554e-05,0.0041252226,-7.345365000000001e-25,0.0,0.0,True
2012-04-09,35.81,14.0,3.9285715,7.642857,-0.4285714,77.3,1.3285714,1.1,1.2285715,7.8714285,5.8142858,0.0002732575,0.0040113553,6.011554e-06,1.8354505e-05,3.0767173e-05,True
2012-04-16,35.8,9.4,8.0,13.528572,1.9571428,75.58572,1.8571428,1.4714286,1.8000001,7.571429,9.442857,0.0001097545,0.00389155,1.0785602e-06,1.2218952e-05,0.0,True
2012-04-23,35.79,4.4,8.685715,14.928572,1.9857143,66.21429,2.557143,1.9,2.4142857,6.8428574,10.9,6.699562e-05,0.0037363917,-7.345365000000001e-25,3.7252903e-09,0.0,True
2012-04-30,35.82291114658608,0.1,14.7,21.17143,8.3714285,64.557144,3.2999997,1.7428571,3.0714285,6.3142858,15.071428,5.581975e-05,0.0035596862,-7.345365000000001e-25,3.7252903e-09,0.0,True
2012-05-07,35.79,6.8,13.1,18.757143,7.6857147,72.51429,2.5571427,1.3000001,2.6857142,5.928571,15.457143,0.00010976195,0.0033399016,-7.345365000000001e-25,7.450581e-09,0.0,True
2012-05-14,35.79,9.5,14.014287,19.714285,6.614286,68.84286,3.2428572,1.9857143,3.042857,5.8,15.814285,9.807944e-05,0.003138721,-7.345365000000001e-25,1.1175871e-08,0.0,True
2012-05-21,35.79,5.4,13.871429,20.628572,6.2999997,62.157143,3.7857144,1.2428571,3.6571429,5.5142856,15.942857,7.982552e-05,0.0029175058,-7.345365000000001e-25,0.0,0.0,True
2012-05-28,35.8,0.6,19.385714,26.857143,11.0,50.07143,5.428571,0.7,5.442857,5.142857,22.114286,3.4347177e-06,0.0026600957,-7.345365000000001e-25,7.450581e-09,0.0,True
2012-06-04,35.8,29.9,11.971429,16.385714,7.214286,73.32857,2.6142857,1.2,2.642857,5.5142856,16.0,0.00041721016,0.0024262294,-7.345365000000001e-25,0.0,0.0,True
2012-06-11,35.8,6.2,14.571428,19.9,7.542857,71.04286,3.328571,2.3428571,3.1571429,5.6714287,17.171429,0.0001720339,0.0022555292,-7.345365000000001e-25,3.7252903e-09,0.0,True
2012-06-18,35.79,9.1,16.1,21.87143,9.771429,73.9,3.3142858,1.8714285,3.3,5.1,18.7,0.00024028122,0.0020965636,-7.345365000000001e-25,1.1175871e-08,0.0,True
2012-06-25,35.79,19.8,16.242857,20.628572,11.557143,75.24286,3.2714288,2.2285714,3.0714285,5.2,18.8,0.0009727478,0.0019674003,-7.345365000000001e-25,1.1175871e-08,0.0,True
2012-07-02,35.79,21.5,18.085714,23.27143,12.271429,77.77143,3.3142858,2.6857145,3.242857,5.4714284,20.557142,0.0012620986,0.0018773526,-7.345365000000001e-25,7.450581e-09,0.0,True
2012-07-09,35.79,16.1,19.885714,25.52857,14.400001,77.74286,3.2857144,2.6000001,3.4857142,5.571429,22.385714,0.00026787817,0.0018070787,-7.345365000000001e-25,1.8626451e-08,0.0,True
2012-07-16,35.8,27.7,15.514287,20.17143,11.900001,80.57143,2.9428573,2.6571426,2.8142858,5.5857143,18.314285,0.0018974692,0.0017510355,-7.345365000000001e-25,1.1175871e-08,0.0,True
2012-07-23,35.81,28.3,15.842857,21.828571,10.7,74.185715,3.2285714,2.7714288,3.3142858,6.3714285,18.285715,0.00028128922,0.0017244071,-7.345365000000001e-25,1.1175871e-08,0.0,True
2012-07-30,35.7843738929633,13.7,21.185715,28.100002,13.400001,66.57143,4.2000003,3.2571428,4.428571,5.7,23.357143,0.00011622906,0.0016909987,-7.345365000000001e-25,1.4901161e-08,0.0,True
2012-08-06,35.81,14.400001,19.157145,25.214285,13.257143,72.97143,3.3142858,2.6000001,3.2857144,5.614286,22.028572,0.0010462552,0.0016429946,-7.345365000000001e-25,1.1175871e-08,0.0,True
2012-08-13,35.8,1.8000001,15.942858,22.014286,10.0,72.52857,2.9714286,1.842857,3.1285713,5.1,19.485714,2.5078654e-05,0.0015934035,-7.345365000000001e-25,7.450581e-09,0.0,True
2012-08-20,35.79,9.1,20.214285,27.87143,11.542857,67.8,3.857143,1.7285713,3.7142856,4.5571427,22.471428,0.00011219084,0.0015363246,-7.345365000000001e-25,1.4901161e-08,0.0,True
2012-08-27,35.77,12.7,17.628572,23.071428,12.185715,76.52857,2.6285713,1.457143,2.8142858,4.5,20.614286,0.0003876537,0.0014785975,-7.345365000000001e-25,7.450581e-09,0.0,True
2012-09-03,35.75,3.5,16.057142,22.214285,9.528572,79.02857,2.1142857,1.2571429,2.1142857,4.5857143,18.942858,4.979968e-05,0.0014332235,-7.345365000000001e-25,5.5879354e-09,0.0,True
2012-09-10,35.730000000000004,2.8,17.257143,23.828571,10.2,71.72857,2.2857144,0.9285715,2.6857142,4.3142858,18.77143,1.2546778e-05,0.001391016,-7.345365000000001e-25,7.450581e-09,0.0,True
2012-09-17,35.72,14.2,14.285714,20.071428,8.742857,78.25714,1.7571429,1.0857142,1.9714286,4.385714,16.22857,0.00017361343,0.001348868,-7.345365000000001e-25,9.313226e-09,0.0,True
2012-09-24,35.71,5.6,11.614286,17.242857,5.7714286,72.85714,1.5714284,0.8714286,1.8285714,4.1857142,13.585714,8.3476305e-05,0.0013097599,-7.345365000000001e-25,5.5879354e-09,0.0,True
2012-10-01,35.7,11.7,12.485715,18.300001,7.871429,80.42857,1.2857143,0.9142857,1.4714286,4.7,13.314285,0.00017913431,0.001276575,-7.345365000000001e-25,5.5879354e-09,0.0,True
2012-10-08,35.69,31.9,11.171428,16.342857,6.2000003,84.1,1.0571429,0.90000004,1.1,5.7,11.828571,0.0015496463,0.0012484118,-7.345365000000001e-25,7.450581e-09,0.0,True
2012-10-15,35.68,11.5,8.085714,12.428572,3.7428572,84.700005,0.75714284,0.6571428,0.85714287,6.3428574,8.757143,0.00023676455,0.0012367889,-7.345365000000001e-25,1.8626451e-09,0.0,True
2012-10-22,35.660000000000004,0.3,12.728571,18.557144,7.7714286,82.5,0.85714287,0.6999999,0.95714283,6.285714,11.728572,1.3366342e-05,0.0012368187,-7.345365000000001e-25,7.450581e-09,0.0,True
2012-10-29,35.66265439376114,7.4,5.471429,9.157143,2.0714285,84.38572,0.5,0.4,0.5285714,6.1571426,7.042857,2.7492642e-05,0.0012444183,6.4259484e-06,7.3313713e-06,0.00021300837,True
2012-11-05,35.67,9.1,6.0285716,9.228572,2.5857143,86.84286,0.5285715,0.4714286,0.5857143,6.428571,5.7,0.00022415817,0.0012521669,4.330703e-05,0.00021326914,0.0,True
2012-11-12,35.67,6.7,7.857143,10.0,5.157143,85.48572,0.51428574,0.4714286,0.6571428,6.6857142,7.0857143,0.00016328692,0.0012646466,-7.345365000000001e-25,3.5390258e-07,0.0,True
2012-11-19,35.68,1.7,1.7714287,5.285714,-1.8142856,94.28571,0.15714286,0.11428572,0.15714286,6.8,2.8857143,4.196167e-05,0.0012876019,0.00013686361,0.00026744418,0.0003467165,True
2012-11-26,35.69,8.7,5.8285713,8.3714285,2.2142859,89.94286,0.31428573,0.27142856,0.34285715,6.885714,4.9142857,0.00018294156,0.001315482,1.6093254e-05,8.708052e-05,0.0,True
2012-12-03,35.65,3.7,2.6714287,4.3142858,0.54285717,92.057144,0.18571429,0.18571429,0.2857143,7.5571427,2.7428572,5.980581e-05,0.0013474822,0.0006107773,0.00023267418,0.0036194809,True
2012-12-10,35.59,17.4,-2.0857143,0.90000004,-5.7714286,88.94286,0.10000001,0.10000001,0.22857143,8.142858,-0.028571429,0.0001482889,0.0013907179,0.006060061,0.0029176753,0.015139781,True
2012-12-17,35.56,13.1,-0.04285717,1.8142859,-2.8714287,92.814285,0.10000001,0.10000001,0.15714286,8.985714,0.21428572,0.0007854551,0.0014424771,0.012566504,0.012531841,0.0011893138,True
2012-12-24,35.53,19.400002,1.4285715,3.357143,-0.08571427,95.27143,0.08571429,0.08571429,0.27142859,9.642858,0.94285715,0.0014216527,0.0015895143,0.0037239392,0.008027986,0.005295992,True
2012-12-31,35.53790924430345,5.5,6.2000003,8.8,2.857143,80.957146,0.61428565,0.61428565,0.6857143,10.242857,4.1,0.00019700825,0.0016488805,0.00019408597,0.0019256901,2.682209e-07,False
2013-01-07,35.53,19.8,7.0142856,8.328571,5.071429,91.3,0.41428572,0.41428572,0.4857143,10.385715,5.7714286,0.00044558942,0.0023528188,1.0217939e-07,1.0430813e-06,0.0,True
2013-01-14,35.52,11.8,0.78571427,2.1714284,-1.6857144,91.64286,0.114285715,0.114285715,0.27142859,10.614285,2.142857,0.00047022104,0.0028462335,0.00057940825,1.6652048e-06,0.0015163943,True
2013-01-21,35.5,3.8,-4.0142856,-2.1714284,-6.2571435,87.1,0.0,0.0,0.3,10.3,-1.2142857,3.6507845e-07,0.0034210235,0.0028994652,0.0,0.0063230135,True
2013-01-28,35.5,7.2,-4.6857142,-1.1714287,-8.457143,88.94286,0.10000001,0.10000001,0.20000002,10.314285,-0.9,0.00012022257,0.0037194267,0.008716662,0.0036095567,0.0037213676,True
2013-02-04,35.52,29.5,4.8142858,7.457143,1.4285716,86.08572,0.7714286,0.7714286,0.6571428,10.8714285,2.1142857,0.0026739761,0.004070759,0.002458703,0.010828154,0.0064670555,True
2013-02-11,35.53,7.7000003,-0.64285713,1.8142856,-3.7714286,88.72857,0.24285714,0.24285714,0.37142855,10.514286,0.51428574,0.00013468415,0.005014695,0.0049006995,0.0013024416,0.005616866,True
2013-02-18,35.55,5.2000003,-1.0571429,1.3428571,-3.6857145,91.8,0.15714286,0.15714286,0.3,10.242857,-0.114285715,7.8991055e-05,0.0056801513,0.0060397387,0.0027815662,0.0012683198,True
2013-02-25,35.54,6.0,-0.85714287,0.62857145,-2.457143,88.82857,0.14285715,0.14285715,0.44285712,10.328571,-0.028571429,0.00015351176,0.0058588833,0.010828393,0.004661424,0.012942821,True
2013-03-04,35.58,0.2,1.6714286,5.5285716,-1.7714287,86.67143,0.62857145,0.59999996,0.64285713,10.171429,1.1857142,0.0002566129,0.005887024,0.0068569696,0.009798909,0.0004662983,True
2013-03-11,35.65,15.6,0.9142857,5.414286,-2.8142858,81.67143,0.6857143,0.61428577,0.78571427,9.942857,2.4142857,6.3583255e-05,0.0058992133,0.005555261,0.0021199957,0.018684749,True
2013-03-18,35.68,10.9,-2.8,1.6714287,-7.957143,77.21429,0.45714286,0.44285718,0.85714287,10.157143,0.114285715,0.0001269579,0.005870484,0.016078705,0.0053786784,0.0068761446,True
2013-03-25,35.730000000000004,5.2,-2.6857142,0.84285724,-6.1,73.957146,0.24285714,0.22857143,1.0142857,10.285714,0.1,3.552437e-05,0.0057877824,0.022106301,0.0014933962,0.009996377,True
2013-04-01,35.72,1.4,-0.62857145,3.0142858,-4.0142856,76.07143,0.84285724,0.8000001,1.1,10.014286,0.34285715,0.000159204,0.005680859,0.01920078,0.006895054,0.00357287,True
2013-04-08,35.730000000000004,0.0,1.6857144,6.1285715,-3.0,73.828575,1.2428571,1.0857142,1.3142856,9.685715,2.8428571,0.00024306774,0.0055548996,0.009223672,0.0102576185,0.00042734668,True
2013-04-15,35.74,11.900001,9.400001,14.957144,3.6000001,78.25714,1.9142857,1.7571428,1.9,9.471429,9.057143,0.0008068234,0.005434178,0.000679141,0.0033185054,9.678304e-06,True
2013-04-22,35.75,0.2,11.985715,17.4,5.785714,64.92857,2.9999998,2.3285713,2.7571428,8.614285,14.028571,3.5464764e-05,0.0053221583,6.2442965e-08,9.49949e-07,0.0,True
2013-04-29,35.745996046247924,11.4,11.585714,17.071428,5.3857145,70.700005,2.5857143,2.0714285,2.6285713,8.014286,13.171429,0.00019720197,0.0051206723,-7.345365000000001e-25,0.0,0.0,True
2013-05-06,35.77,0.0,12.357142,18.957142,3.957143,61.514286,3.1000001,2.2285714,3.0571427,7.457143,14.7,1.0728836e-06,0.0048395395,-7.345365000000001e-25,0.0,0.0,True
2013-05-13,35.8,25.7,13.585715,18.614286,7.9428573,80.71429,2.5,2.1,2.3999999,7.071429,16.2,0.0003579259,0.0045156702,-7.345365000000001e-25,3.7252903e-09,0.0,True
2013-05-20,35.85,9.6,15.3,20.614286,9.1,76.17143,3.0285716,2.2285714,3.0142858,6.885714,17.22857,7.267296e-05,0.004205033,-7.345365000000001e-25,7.450581e-09,0.0,True
2013-05-27,35.83,42.3,10.142858,13.914286,6.4000006,84.54286,1.8571428,1.5714285,1.8285714,8.742857,12.757143,0.0028551966,0.003942497,-7.345365000000001e-25,0.0,0.0,True
2013-06-03,35.85,12.0,14.214286,19.428572,10.071428,81.37144,2.357143,2.2428572,2.642857,10.114285,15.814285,0.0011131018,0.0038538575,-7.345365000000001e-25,7.450581e-09,0.0,True
2013-06-10,35.82,0.0,16.34286,23.128572,8.171429,64.64286,4.042857,3.1571429,4.5,8.985714,20.37143,2.3752451e-05,0.0038534105,-7.345365000000001e-25,0.0,0.0,True
2013-06-17,35.8,4.7,17.485714,23.957144,9.657143,68.28571,4.085714,3.2428572,4.1,8.114285,20.77143,0.000138551,0.003685765,-7.345365000000001e-25,1.4901161e-08,0.0,True
2013-06-24,35.8,19.1,21.142857,26.857143,15.371429,67.957146,4.5571427,3.5142856,4.9,7.7,23.7,0.006422706,0.0034441352,-7.345365000000001e-25,1.1175871e-08,0.0,True
2013-07-01,35.81,13.7,13.957144,18.442858,8.8714285,77.0,2.5857143,2.1571429,2.7857144,7.5285716,16.77143,0.00015057623,0.0032305792,-7.345365000000001e-25,7.450581e-09,0.0,True
2013-07-08,35.81,1.0,19.042858,25.485716,12.228572,70.48572,3.9142854,2.6857142,4.157143,6.8142858,22.77143,0.00013275445,0.0030323341,-7.345365000000001e-25,7.450581e-09,0.0,True
2013-07-15,35.82,0.0,17.414286,23.657145,10.814286,68.200005,3.6142857,1.2714287,4.0142856,5.9428573,21.9,7.390976e-06,0.002806671,-7.345365000000001e-25,7.450581e-09,0.0,True
2013-07-22,35.84,0.0,20.928572,29.014286,11.214286,59.27143,4.8714285,0.7999999,5.1142855,5.542857,24.77143,1.4901161e-07,0.0025912747,-7.345365000000001e-25,7.450581e-09,0.0,True
2013-07-29,35.80300079362569,20.8,23.657145,31.37143,16.5,65.78571,4.585714,1.4285715,4.6285715,5.4714284,26.37143,0.0003541559,0.0023556724,-7.345365000000001e-25,1.4901161e-08,0.0,True
2013-08-05,35.84,6.9,22.37143,29.214285,15.614286,66.65714,4.428571,2.3,4.414286,5.5,24.542856,0.00037251413,0.0021675527,-7.345365000000001e-25,1.4901161e-08,0.0,True
2013-08-12,35.83,14.6,18.528574,24.157145,12.800001,74.3,3.0571427,1.9714285,3.1285713,5.6714287,21.885714,0.0010820627,0.0020167306,-7.345365000000001e-25,1.1175871e-08,0.0,True
2013-08-19,35.84,23.6,17.614286,24.028574,11.6285715,73.28571,2.8571432,1.8571428,2.9285715,5.5142856,19.885714,0.0031868666,0.0019029602,-7.345365000000001e-25,7.450581e-09,0.0,True
2013-08-26,35.85,0.0,17.514286,23.985716,10.614286,65.07143,3.2285714,1.742857,3.457143,5.3285713,20.285715,5.7667494e-06,0.0018106326,-7.345365000000001e-25,7.450581e-09,0.0,True
2013-09-02,35.8,2.0,16.300001,22.100002,9.714286,72.54286,2.3428571,0.81428576,2.5142858,4.8428574,18.914286,6.197393e-05,0.0017239824,-7.345365000000001e-25,7.450581e-09,0.0,True
2013-09-09,35.760000000000005,29.9,18.0,23.47143,12.6,74.37142,2.3428571,1.0285714,2.5857143,5.114286,19.0,0.0014755726,0.0016551539,-7.345365000000001e-25,1.4901161e-08,0.0,True
2013-09-16,35.69,9.3,13.185715,17.5,9.228571,86.01429,1.3285714,1.1999999,1.4857142,6.3,14.928572,0.00033199787,0.0015993342,-7.345365000000001e-25,7.450581e-09,0.0,True
2013-09-23,35.63,13.7,12.514287,16.214285,8.8,85.04286,1.1571429,0.9571429,1.3714286,6.3285713,13.457143,0.00021529198,0.0015686452,-7.345365000000001e-25,7.450581e-09,0.0,True
2013-09-30,35.652439671554475,5.0,9.857142,14.814286,4.542857,84.9,1.0142858,0.84285706,1.1714286,6.4428573,11.8,0.00022397935,0.0015528053,-7.345365000000001e-25,3.7252903e-09,0.0,True
2013-10-07,35.6,13.4,9.857142,14.6,5.057143,76.814285,1.0142857,0.7571429,1.2857143,6.285714,10.642858,0.00042244047,0.0015453175,-7.345365000000001e-25,0.0,0.0,True
2013-10-14,35.55,51.1,10.857142,14.142858,7.557143,90.75714,0.6428571,0.6285714,0.7,7.4428573,11.4,0.009981245,0.0043714345,-7.345365000000001e-25,7.450581e-09,0.0,True
2013-10-21,35.57,15.0,10.942857,14.657144,6.7000003,87.51428,0.7714286,0.74285716,0.8000001,8.757143,10.828571,0.00047947466,0.0018379614,-7.345365000000001e-25,5.5879354e-09,0.0,True
2013-10-28,35.56,9.5,14.2,18.785715,9.385715,81.98572,1.1428572,1.0714285,1.1714286,8.757143,12.957143,0.00022237003,0.0020963326,-7.345365000000001e-25,1.3038516e-08,0.0,True
2013-11-04,35.54,13.0,8.971429,12.542857,5.2571425,82.42857,0.7571429,0.7285714,0.8,8.914286,8.671429,0.0008493215,0.0022707134,-7.345365000000001e-25,5.5879354e-09,0.0,True
2013-11-11,35.52,18.6,7.828572,10.585715,4.9428573,87.328575,0.6714286,0.65714294,0.5428571,10.0,7.614286,0.0035288036,0.002543494,-7.345365000000001e-25,5.5879354e-09,0.0,True
2013-11-18,35.53,0.5,3.8285716,6.7571425,0.7285715,93.67143,0.24285717,0.24285717,0.24285714,9.9,4.6285715,5.325675e-05,0.0031441078,-7.345365000000001e-25,0.0,0.0,True
2013-11-25,35.52,20.7,2.8142858,5.157143,-0.27142856,92.65714,0.21428572,0.21428572,0.25714287,10.242857,3.2571428,0.0004582256,0.0035951808,4.0661722e-05,0.0001305528,0.00016635284,True
2013-12-02,35.510000000000005,8.099999,3.357143,5.857143,0.5,91.91429,0.25714287,0.25714287,0.31428573,10.242857,2.6571429,0.00011713803,0.0040425733,1.5184993e-05,4.262477e-05,1.9446015e-06,True
2013-12-09,35.510000000000005,19.5,2.914286,4.728572,0.61428577,93.47143,0.41428572,0.41428572,0.3285714,10.442857,2.2142856,0.00042808056,0.0043400824,0.00081448327,0.0023050774,0.0024639927,True
2013-12-16,35.5,1.3000001,3.542857,6.5,0.62857145,94.5,0.17142858,0.17142858,0.14285715,10.414286,3.4,3.3542514e-05,0.0046676323,5.8832622e-05,0.00018764287,0.0,True
2013-12-23,35.5,2.2,5.2714286,6.7714286,2.257143,81.557144,0.44285712,0.44285712,0.58571434,10.171429,3.4714286,6.224215e-05,0.004931353,3.899847e-06,1.2716278e-05,0.0,True
2013-12-30,35.4980575398977,9.4,6.6285715,0.0,3.642857,81.814285,0.5428571,0.5285714,0.74285716,10.2,5.0285716,0.0001712814,0.005001195,-7.345365000000001e-25,1.0430813e-07,0.0,False
2014-01-06,35.49,11.9,3.8428574,6.5142856,0.4714286,88.22858,0.3,0.3,0.34285715,10.2,1.7,0.00026851147,0.0050089657,-7.345365000000001e-25,1.8626451e-09,0.0,True
2014-01-13,35.510000000000005,6.2,5.928571,8.685715,2.6571429,85.02857,0.6999999,0.6999999,0.5285714,10.385715,4.757143,0.0004535541,0.0050907433,-7.345365000000001e-25,1.8626451e-09,0.0,True
2014-01-20,35.52,5.3,2.5428574,4.8,0.24285719,94.91429,0.18571429,0.18571429,0.22857143,10.314285,2.642857,0.00020447373,0.0053310096,0.00014226777,0.00045400113,0.0006961264,True
2014-01-27,35.53,5.2,-5.828572,-3.7857144,-8.257143,89.057144,0.042857144,0.042857144,0.25714287,10.3,-1.3142858,3.0480325e-05,0.0055369735,0.0039797453,0.0008405503,0.008517206,True
2014-02-03,35.56,0.2,-1.8285714,1.1714287,-4.914286,89.71429,0.20000002,0.20000002,0.2857143,10.3,-0.6571429,8.2701445e-05,0.0055934936,0.0067266454,0.00346273,0.0008074157,True
2014-02-10,35.59,6.6000004,4.357143,8.242857,0.7714286,78.64286,0.94285715,0.88571435,0.78571427,10.1,2.0285714,0.00026375055,0.0055672154,0.0017039038,0.004552232,5.2154064e-08,True
2014-02-17,35.58,7.8999996,5.7000003,9.528572,2.0714285,76.957146,1.0857143,1.0142857,0.9714286,9.942857,4.2714286,0.00050620735,0.0055597946,2.2627059e-05,9.381212e-05,0.0,True
2014-02-24,35.57,2.7,5.428571,10.185715,0.58571434,81.5,0.99999994,0.90000004,0.78571427,9.757143,4.9428573,7.303059e-05,0.005646035,7.379623e-08,5.699694e-07,0.0,True
2014-03-03,35.57,0.0,5.371429,11.142858,-0.028571503,81.64286,0.95714295,0.78571427,0.8142857,9.357142,5.7714286,7.453561e-05,0.005633965,-7.345365000000001e-25,0.0,0.0,True
2014-03-10,35.57,0.0,5.657143,12.585715,-0.44285718,81.65714,1.1857144,0.94285715,1.0285714,8.985714,6.757143,1.3738871e-05,0.0055466443,-7.345365000000001e-25,1.8626451e-09,0.0,True
2014-03-17,35.58,2.1,7.2428575,13.328572,1.9,75.94286,1.5428572,1.2714287,1.3714285,8.471429,8.0,6.560236e-05,0.0053754896,-7.345365000000001e-25,1.8626451e-09,0.0,True
2014-03-24,35.56,3.7,8.928572,13.857142,3.1571429,74.11428,1.6857144,1.4142857,1.7571429,8.142858,9.042857,8.8602304e-05,0.0051624924,-7.345365000000001e-25,1.8626451e-09,0.0,True
2014-03-31,35.5609679788226,0.0,6.8142858,13.571428,0.5,80.24286,1.4857143,1.1,1.4142857,7.8,8.671429,1.5862286e-05,0.004916936,-7.345365000000001e-25,0.0,0.0,False
2014-04-07,35.55,7.5,11.314286,17.242857,6.0428576,79.614296,1.8142856,1.4,1.7857143,7.3714285,12.414286,0.00014273822,0.0046312883,-7.345365000000001e-25,3.7252903e-09,0.0,True
2014-04-14,35.55,10.0,9.457144,13.771429,4.828572,77.5,1.9142857,1.6142858,1.9142857,7.1571426,11.085714,0.00021149963,0.0043528005,-7.345365000000001e-25,1.8626451e-09,0.0,True
2014-04-21,35.53,8.1,9.571428,16.071428,2.2428572,72.01429,2.5428574,1.9857143,2.3999999,6.9,11.514286,0.00023953617,0.004091777,-7.345365000000001e-25,3.7252903e-09,0.0,True
2014-04-28,35.53,3.4,14.285714,21.057144,7.2000003,76.40001,2.7,1.6857141,2.7857144,6.4857144,16.528572,4.902482e-05,0.0038439035,-7.345365000000001e-25,3.7252903e-09,0.0,True
2014-05-05,35.52,8.2,10.828572,16.300001,4.428571,66.314285,2.4571426,1.4285715,2.542857,6.285714,14.5,0.00013848394,0.0035860315,-7.345365000000001e-25,0.0,0.0,True
2014-05-12,35.510000000000005,16.8,12.314286,17.07143,8.442858,77.35714,2.6000001,2.1,2.4714284,6.4142857,13.614285,0.00038440526,0.0033574402,-7.345365000000001e-25,3.7252903e-09,0.0,True
2014-05-19,35.480000000000004,6.3,11.542857,17.27143,5.642857,77.97143,2.5142858,1.8285714,2.4428573,6.3714285,14.314285,0.000111706555,0.0031637251,-7.345365000000001e-25,0.0,0.0,True
2014-05-26,35.45,0.3,19.014286,26.214285,10.142858,66.314285,4.4285717,2.6142857,4.4142857,5.9142857,21.985714,8.627772e-06,0.0029623136,-7.345365000000001e-25,3.7252903e-09,0.0,True
2014-06-02,35.44,39.0,12.214286,17.457144,5.785714,75.14286,2.7571428,2.2142856,2.6714287,7.0,16.414286,0.00071780384,0.0027853549,-7.345365000000001e-25,3.7252903e-09,0.0,True
2014-06-09,35.42,12.900001,19.114286,26.328571,10.67143,64.27143,4.557143,3.1857145,4.571429,6.071429,22.285715,6.6921115e-05,0.002636671,-7.345365000000001e-25,7.450581e-09,0.0,True
2014-06-16,35.43,21.1,17.128572,22.557144,11.099999,76.5,3.485714,2.4142857,3.385714,5.6857142,21.3,0.000611946,0.0024693534,-7.345365000000001e-25,3.7252903e-09,0.0,True
2014-06-23,35.43,2.5,14.771429,20.34286,9.157143,71.442856,3.3,1.5,3.4142857,5.0571427,18.72857,2.6538968e-05,0.0023326576,-7.345365000000001e-25,7.450581e-09,0.0,True
2014-06-30,35.41338873692841,29.0,14.900001,20.528574,9.457144,80.65715,2.914286,2.1857142,2.8428571,5.4428573,18.685715,0.0004439354,0.002207905,-7.345365000000001e-25,1.1175871e-08,0.0,True
2014-07-07,35.410000000000004,3.4,19.228573,25.885715,12.057143,68.04286,4.514286,2.614286,4.285714,5.114286,22.242857,6.5013766e-05,0.0020860583,-7.345365000000001e-25,1.1175871e-08,0.0,True
2014-07-14,35.42,37.899998,19.057144,25.314287,14.057143,80.92857,3.4142857,2.9285715,3.3428571,6.3428574,21.842857,0.009811215,0.003218919,-7.345365000000001e-25,1.8626451e-08,0.0,True
2014-07-21,35.44,0.0,22.985716,29.84286,15.185715,61.214287,4.8714285,3.1142857,5.0142856,5.4428573,25.657143,7.2047114e-06,0.001926884,-7.345365000000001e-25,1.1175871e-08,0.0,True
2014-07-28,35.43,44.399998,21.34286,27.385715,16.485714,74.38572,4.0142856,2.4285715,3.8,5.2285714,24.428572,0.0006760657,0.0018506944,-7.345365000000001e-25,1.8626451e-08,0.0,True
2014-08-04,35.42,64.1,20.428572,25.9,15.057143,79.58572,3.371429,2.5142858,3.0571427,5.9714284,24.185715,0.0077657253,0.0018492118,-7.345365000000001e-25,7.450581e-09,0.0,True
2014-08-11,35.5,7.9,18.728573,24.485716,12.371429,75.07143,3.257143,2.5571427,3.2,6.2285714,22.314285,0.0017670691,0.0018563345,-7.345365000000001e-25,1.1175871e-08,0.0,True
2014-08-18,35.480000000000004,25.4,16.142857,21.157145,12.2,74.48572,2.7857144,2.357143,2.9428573,5.785714,18.742857,0.0002821684,0.0018880069,-7.345365000000001e-25,9.313226e-09,0.0,True
2014-08-25,35.44,5.7000003,13.3,19.114286,8.142858,75.34286,2.3428571,1.8428572,2.5571427,5.6285715,16.27143,9.354949e-05,0.0018927604,-7.345365000000001e-25,3.7252903e-09,0.0,True
2014-09-01,35.44,10.7,14.971429,20.914288,8.842857,79.17143,1.942857,1.5285714,2.1714284,5.4857144,17.72857,0.00011083484,0.0018718392,-7.345365000000001e-25,7.450581e-09,0.0,True
2014-09-08,35.47,23.7,17.47143,23.800001,11.0,80.02857,2.142857,1.5714285,2.4285715,5.5142856,19.357143,0.00012882054,0.001841478,-7.345365000000001e-25,7.450581e-09,0.0,True
2014-09-15,35.45,6.3,15.685715,19.528574,12.142858,86.27143,1.3999999,1.0714285,1.5142858,5.614286,17.328571,0.00018314272,0.0018072724,-7.345365000000001e-25,1.1175871e-08,0.0,True
2014-09-22,35.43,8.200001,16.214287,21.071428,11.6285715,82.12858,1.6857144,1.2714285,1.8142856,5.7,18.0,0.00024265051,0.0017738491,-7.345365000000001e-25,1.3038516e-08,0.0,True
2014-09-29,35.41567973113535,4.8,13.457143,18.742859,8.485715,80.28571,1.2857143,0.98571426,1.5285714,5.8,14.742857,2.5808811e-05,0.0017464012,-7.345365000000001e-25,9.313226e-09,0.0,False
2014-10-06,35.43,1.7,14.214286,20.042858,8.614286,84.64286,1.1285714,0.7428571,1.2857143,5.8285713,16.042856,8.200109e-05,0.0017220378,-7.345365000000001e-25,7.450581e-09,0.0,True
2014-10-13,35.43,16.3,14.042857,17.6,10.685715,89.828575,0.94285715,0.8142857,0.88571423,6.214286,14.685715,0.00055861473,0.0017032176,-7.345365000000001e-25,1.3038516e-08,0.0,True
2014-10-20,35.42,6.6,13.157143,17.84286,8.614286,89.52857,0.8428572,0.75714284,0.8142857,6.5142856,13.828571,0.00020952523,0.0017150044,-7.345365000000001e-25,7.450581e-09,0.0,True
2014-10-27,35.42,4.2999997,10.542857,14.485715,6.785714,87.52857,0.64285713,0.61428577,0.6857143,7.257143,10.942857,0.00031580776,0.0017677993,-7.345365000000001e-25,1.8626451e-09,0.0,True
2014-11-03,35.42,2.5,9.828572,13.985715,5.7571435,91.5,0.5714286,0.4714286,0.5,7.2285714,10.142858,2.7440488e-05,0.0018568039,-7.345365000000001e-25,3.7252903e-09,0.0,True
2014-11-10,35.43,0.4,7.514286,11.3714285,3.1714287,90.64286,0.3857143,0.35714287,0.37142855,7.2,8.4,4.2155385e-05,0.0019270852,-7.345365000000001e-25,1.8626451e-09,0.0,True
2014-11-17,35.43,2.1,8.757143,11.085714,6.4000006,94.557144,0.25714284,0.21428572,0.34285715,7.1714287,8.457143,2.2679567e-05,0.0019756034,-7.345365000000001e-25,0.0,0.0,True
2014-11-24,35.44,4.4,5.6,7.9,3.3142858,91.07143,0.27142856,0.24285714,0.3285714,7.2714286,5.614286,5.6624413e-05,0.0020062253,-7.345365000000001e-25,0.0,0.0,True
2014-12-01,35.44,0.0,0.9428572,2.4285715,-0.62857145,85.814285,0.14285715,0.114285715,0.42857143,7.4,1.7142857,2.130866e-06,0.0020223781,1.1693863e-06,1.1175871e-08,3.0770898e-06,True
2014-12-08,35.42,3.2,1.1571429,2.8714287,-0.85714287,89.61428,0.12857142,0.12857142,0.27142859,7.428571,0.31428573,0.0001320839,0.0020292923,1.3606889e-05,2.0854175e-05,2.3417175e-05,True
2014-12-15,35.42,9.2,3.2714288,5.957143,-0.28571433,87.5,0.4,0.4,0.44285712,7.857143,2.2857144,0.00026857108,0.0020364672,7.0957913e-06,2.582185e-05,2.0250678e-05,True
2014-12-22,35.410000000000004,18.5,6.7571435,9.385714,3.8,87.72858,0.55714285,0.55714285,0.64285713,8.6285715,5.1857142,0.00035534054,0.0020773187,7.947286e-08,1.1026859e-06,0.0,True
2014-12-29,35.404530637995855,8.8,1.7285715,3.9857142,-1.1,88.07143,0.35714287,0.35714287,0.4,9.342857,2.857143,0.000112235546,0.0021894798,0.0013289906,4.729256e-06,0.005340431,True
2015-01-05,35.410000000000004,2.5,3.7000003,5.414286,1.857143,85.51429,0.1,0.1,0.5714286,9.4,0.2,0.0002952367,0.002339758,0.0028091783,0.008069366,0.002931267,True
2015-01-12,35.410000000000004,27.4,5.142857,7.457143,2.3714287,84.971436,0.82857144,0.8142857,0.71428573,9.8,3.7,0.0009358376,0.0025314614,0.00018265133,0.00075088255,0.0004293397,True
2015-01-19,35.4,4.2999997,3.8857143,6.8857145,0.40000004,82.814285,0.67142856,0.67142856,0.5428571,10.1,3.5285714,0.00020548701,0.0029108003,1.4276731e-05,9.486824e-05,0.00014447421,True
2015-01-26,35.39,10.299999,-0.08571427,1.2142857,-1.6714287,93.814285,0.14285715,0.14285715,0.21428572,9.928572,0.2,0.00015992671,0.0033152625,0.0013110354,0.0011136346,0.0026923493,True
2015-02-02,35.39,11.3,1.7142857,3.4714284,-0.1,88.34286,0.45714286,0.45714286,0.42857143,10.114285,1.0571429,0.00021224469,0.0035783723,0.004323244,0.002572773,0.008741096,True
2015-02-09,35.39,3.9,-0.21428564,2.542857,-3.3285716,85.88572,0.3857143,0.37142858,0.41428572,9.985714,0.3,0.00021405518,0.0038238987,0.008968132,0.007607881,0.0038084276,True
2015-02-16,35.38,0.0,1.8142859,5.157143,-0.9285714,87.91429,0.41428572,0.38571432,0.44285718,9.8,1.9142857,8.5406005e-05,0.0040261,0.000891572,0.003013324,3.077835e-05,True
2015-02-23,35.370000000000005,4.5,2.3714287,6.414286,-1.7142857,83.8,0.68571424,0.61428577,0.6714286,9.6,2.2428572,9.5166266e-05,0.0041866377,0.00035073076,0.00072386116,0.0028012656,True
2015-03-02,35.4,3.6,3.4714284,8.142858,-0.5571429,79.042854,1.0571429,0.9857143,0.88571423,9.542857,3.3714285,0.00020196289,0.0042299703,0.0009503251,0.0023805127,0.00022011995,True
2015-03-09,35.410000000000004,6.1,6.2428575,10.67143,2.0,75.48572,1.2571428,1.1571428,1.1857144,9.5,5.5285716,0.00013078004,0.004238382,0.000115962255,0.000362264,0.0001299046,True
2015-03-16,35.38,1.0,4.914286,8.585714,1.2142857,82.057144,0.88571423,0.7571429,0.9285714,9.114285,5.257143,4.259497e-05,0.0042390004,7.5101852e-06,3.2296404e-05,2.7295202e-05,True
2015-03-23,35.36,8.5,4.8428574,11.6,-1.6571429,70.14286,1.6571428,1.3142856,1.4571428,8.7,7.1285715,8.6814165e-05,0.0041819215,2.4636586e-06,5.4817647e-06,1.0550022e-05,True
2015-03-30,35.399945702080366,16.3,6.9,11.014285,2.4714284,79.67143,1.4857142,1.3000001,1.2857143,8.485714,7.757143,0.0013331845,0.0040881485,1.0728836e-06,6.0033053e-06,0.0,True
2015-04-06,35.370000000000005,9.4,4.071429,9.442857,-0.91428566,74.685715,1.9142857,1.8142855,1.5714285,9.385715,5.885714,0.00062040985,0.00401666,0.00094273547,0.004590014,0.0047654174,True
2015-04-13,35.38,0.9,9.471429,15.742858,2.3,69.957146,2.4857142,2.0285714,2.3142855,8.614285,11.085714,1.9825995e-05,0.0039678887,2.0861626e-05,0.0001483988,0.0,True
2015-04-20,35.38,0.0,9.342857,16.47143,1.5428572,63.628574,2.9285717,2.1285713,2.7857144,7.5571427,12.142858,4.1127205e-06,0.0038521737,-7.345365000000001e-25,9.313226e-09,0.0,True
2015-04-27,35.39,18.7,10.642858,17.7,3.3285713,74.15715,2.6571429,1.6999999,2.442857,6.785714,13.328571,0.00019201636,0.0036792383,-7.345365000000001e-25,0.0,0.0,True
2015-05-04,35.39,9.8,10.014287,16.214287,3.3857143,69.58572,2.9285715,2.3285713,2.7571428,6.785714,12.928572,0.0001655817,0.003495656,-7.345365000000001e-25,0.0,0.0,True
2015-05-11,35.39,4.3,13.571428,19.7,6.0142856,69.71429,3.4142857,2.1,2.9714284,6.285714,15.671429,5.570799e-05,0.0032903925,-7.345365000000001e-25,7.450581e-09,0.0,True
2015-05-18,35.39,2.3999999,11.6285715,18.014286,4.114286,69.35714,3.0857143,1.4285715,2.9285715,5.757143,14.957143,5.9738755e-05,0.0030817091,-7.345365000000001e-25,3.7252903e-09,0.0,True
2015-05-25,35.38,0.3,12.342857,18.814285,3.8857143,67.057144,3.0714288,0.81428564,3.2,5.4142857,16.542856,1.7613173e-05,0.0028703138,-7.345365000000001e-25,0.0,0.0,True
2015-06-01,35.38,5.4,12.542857,18.07143,6.085714,67.92857,3.0714288,1.0285715,3.0285716,5.257143,15.257143,6.0737133e-05,0.002657324,-7.345365000000001e-25,0.0,0.0,True
2015-06-08,35.4,0.4,17.257143,23.914288,8.214286,57.257145,4.6,0.7571429,4.6,5.042857,19.714285,5.6624413e-06,0.0024449006,-7.345365000000001e-25,3.7252903e-09,0.0,True
2015-06-15,35.410000000000004,2.3,16.47143,23.0,8.671429,62.55714,3.914286,0.85714287,3.7571428,4.9428573,20.357143,9.3221664e-05,0.002221562,-7.345365000000001e-25,3.7252903e-09,0.0,True
2015-06-22,35.410000000000004,13.099999,13.385715,18.685715,7.9000006,72.28571,2.857143,1.2571429,2.857143,4.9714284,16.857143,0.00016777217,0.0020340905,-7.345365000000001e-25,3.7252903e-09,0.0,True
2015-06-29,35.40091427232697,7.2,16.814287,22.37143,11.314286,71.77143,3.357143,2.0571427,3.3285713,5.2,19.014286,0.00018447638,0.001887843,-7.345365000000001e-25,1.1175871e-08,0.0,True
2015-07-06,35.410000000000004,12.099999,23.84286,31.685715,15.071429,56.3,6.057143,2.2428572,5.857143,4.742857,25.87143,5.184114e-05,0.0017265975,-7.345365000000001e-25,1.4901161e-08,0.0,True
2015-07-13,35.410000000000004,31.599998,16.942858,22.557144,11.257143,72.14286,3.6714287,2.4142857,3.5,4.714286,20.014286,0.00018649548,0.0015790239,-7.345365000000001e-25,1.1175871e-08,0.0,True
2015-07-20,35.42,30.3,19.142857,24.699999,13.228572,75.15715,3.6571426,2.4142857,3.4857142,4.8,21.757143,0.0039289594,0.0014738888,-7.345365000000001e-25,1.4901161e-08,0.0,True
2015-07-27,35.42,18.6,18.828571,24.785715,12.514287,70.85715,4.0142856,3.0571427,3.7285714,4.8142858,21.8,0.00017187,0.0013770759,-7.345365000000001e-25,1.4901161e-08,0.0,True
2015-08-03,35.4,3.3,16.528572,23.300001,9.457144,66.84286,3.8714287,2.1142857,3.7285714,4.714286,19.2,2.3469329e-05,0.0012992024,-7.345365000000001e-25,1.4901161e-08,0.0,True
2015-08-10,35.39,3.3000002,22.5,30.357143,13.828572,62.0,4.7000003,1.5,4.7285714,4.1714287,24.557142,2.0600855e-05,0.0012142062,-7.345365000000001e-25,1.4901161e-08,0.0,True
2015-08-17,35.36,45.3,21.800001,27.342855,17.114286,75.75715,3.4285715,1.3857143,3.457143,4.4857144,24.185715,0.0003163889,0.0011357814,-7.345365000000001e-25,1.6763806e-08,0.0,True
2015-08-24,35.370000000000005,58.699997,17.300001,23.242857,11.528571,78.042854,2.9571426,2.0714285,2.5857143,6.214286,20.7,0.001453951,0.001084894,-7.345365000000001e-25,9.313226e-09,0.0,True
2015-08-31,35.38644634367792,13.7,18.857143,24.885714,13.085715,77.04286,2.8142855,2.2,2.7142856,6.0857143,20.8,0.0010673702,0.0010463446,-7.345365000000001e-25,5.5879354e-09,0.0,True
2015-09-07,35.38,10.8,14.257143,19.47143,9.428572,78.78571,1.9857142,1.7,2.142857,6.114286,16.814285,0.0006501749,0.0010204762,-7.345365000000001e-25,1.1175871e-08,0.0,True
2015-09-14,35.38,14.1,14.214286,19.742859,8.914286,83.557144,1.6857141,1.3857143,1.6999999,6.114286,16.414286,0.0002059266,0.0010046959,-7.345365000000001e-25,7.450581e-09,0.0,True
2015-09-21,35.39,8.9,13.6285715,18.0,9.285714,85.5,1.4714286,1.3000001,1.4,6.5,15.114285,0.0002683401,0.0009969547,-7.345365000000001e-25,1.1175871e-08,0.0,True
2015-09-28,35.4,1.0,11.714286,17.9,5.9428573,82.54286,1.1571429,0.9000001,1.4285715,6.3428574,13.728572,4.594028e-05,0.0010003969,-7.345365000000001e-25,3.7252903e-09,0.0,True
2015-10-05,35.38,0.0,9.757143,18.428572,2.2857144,81.27143,1.1999999,0.7714285,1.2285715,5.9714284,12.9,1.013279e-06,0.001002498,-7.345365000000001e-25,0.0,0.0,True
2015-10-12,35.33,11.5,8.571428,12.114286,5.0285716,82.24286,0.82857144,0.6857143,0.85714287,6.4428573,10.442857,0.00036332756,0.0010048524,-7.345365000000001e-25,3.7252903e-09,0.0,True
2015-10-19,35.28,42.1,6.6285715,8.1,5.414286,93.47143,0.37142858,0.35714287,0.4857143,7.7,7.3,0.0013335422,0.0010218024,-7.345365000000001e-25,0.0,0.0,True
2015-10-26,35.27,1.7,8.7,12.957143,4.214286,90.27143,0.5142857,0.4571429,0.5285714,8.242857,9.271428,2.9742718e-05,0.0010871366,-7.345365000000001e-25,5.5879354e-09,0.0,True
2015-11-02,35.3,0.0,6.371429,11.400001,2.3142858,92.85714,0.4142857,0.3285714,0.3285714,8.057143,7.8714285,3.7699938e-06,0.0011635572,-7.345365000000001e-25,3.7252903e-09,0.0,True
2015-11-09,35.28,4.8,10.1,14.285714,6.3428574,88.0,0.71428573,0.65714294,0.59999996,8.071428,9.8,0.0002143979,0.0012231991,-7.345365000000001e-25,5.5879354e-09,0.0,True
2015-11-16,35.29,31.000002,11.257143,13.6,7.857143,84.34286,0.78571427,0.75714284,0.8142857,8.542857,10.3,0.0020842552,0.0012983382,-7.345365000000001e-25,7.450581e-09,0.0,True
2015-11-23,35.28,12.5,6.8428574,9.142858,4.7428575,84.200005,0.77142864,0.77142864,0.7285714,9.6285715,6.7285714,0.000661999,0.0014433339,0.00027240458,0.00014427677,0.0015899464,True
2015-11-30,35.257407032552045,25.0,3.5285716,6.957143,0.3,87.471436,0.54285717,0.5142857,0.4,9.557143,2.9857142,0.0024886131,0.0016813055,0.0009422189,0.0030852072,0.0016992465,True
2015-12-07,35.29,3.2,8.085714,10.328572,5.142857,79.98572,0.58571434,0.57142866,0.7285714,9.857142,6.214286,0.0001514256,0.0020075887,1.49181915e-05,0.00014170818,0.0,True
2015-12-14,35.28,15.800001,4.7428575,8.1285715,0.8714286,87.28571,0.4142857,0.4142857,0.3285714,9.771428,4.2714286,0.0002567619,0.002351895,-7.345365000000001e-25,2.2351742e-08,2.6077032e-08,True
2015-12-21,35.27,6.8999996,9.042857,11.1,6.557143,88.01429,0.45714286,0.45714286,0.47142857,9.814285,7.285714,0.00012010336,0.0026089028,-7.345365000000001e-25,2.4214387e-08,0.0,True
2015-12-28,35.260000000000005,2.8000002,9.971429,12.842857,6.0,80.11428,0.65714294,0.64285713,0.88571435,9.7,8.0,6.042421e-05,0.0028199628,-7.345365000000001e-25,7.450581e-09,0.0,True
2016-01-04,35.28,2.2,-0.9857143,1.057143,-3.7285714,83.471436,0.3,0.26666668,0.42857143,9.633333,3.0333333,6.9230795e-05,0.0029670075,4.8813366e-05,0.0,0.0007641874,True
2016-01-11,35.29,17.4,-1.8571428,0.8000001,-4.542857,89.08572,0.22857143,0.22857143,0.25714284,9.9,-0.8857143,0.0003809929,0.0030618906,0.0062891585,0.0060179625,0.009528536,True
2016-01-18,35.3,10.099999,-0.2857143,1.7857143,-2.7000003,92.27143,0.21428573,0.21428573,0.22857143,10.142858,0.37142858,0.00024934113,0.0032280385,0.004286312,0.0026475396,0.005191859,True
2016-01-25,35.3,8.6,-1.3857144,2.1285713,-6.7000003,90.07143,0.12857144,0.12857144,0.20000002,10.057143,-0.64285713,0.00034932792,0.00351125,0.006753019,0.01075861,0.005176645,True
2016-02-01,35.31,9.1,7.4857144,10.228571,3.3000004,78.9,0.9857143,0.9857143,0.9857143,10.085714,4.9142857,0.0003502369,0.0038027987,0.00011593387,0.0013933126,0.0,True
2016-02-08,35.32,7.8999996,6.2428575,9.0,3.557143,78.74286,0.9857144,0.9714286,1.0142857,10.085714,4.8285713,0.00024452806,0.0042142347,5.812872e-05,0.00027779117,0.0002719462,True
2016-02-15,35.36,10.5,3.142857,5.7714286,-0.21428569,84.62858,0.7,0.7,0.62857145,10.1,3.3428571,0.00035467744,0.004609637,0.00020200865,0.00037791207,0.0012680814,True
2016-02-22,35.35,21.7,2.8857143,6.3428574,-0.84285706,85.25715,0.6571428,0.6571428,0.5857143,10.185715,3.0,0.0016517341,0.005034782,0.0010097424,0.0022681262,0.0013823621,True
2016-02-29,35.37295013024792,1.3000001,1.4142858,5.8142858,-2.2857144,80.185715,0.8,0.7714286,0.71428573,10.314285,2.6714287,5.6296587e-05,0.005699314,0.00023066998,0.0002397038,0.000506185,True
2016-03-07,35.35,7.7999997,2.8714287,7.071429,-1.2857143,82.82857,0.7857142,0.75714284,0.7571429,9.914286,3.5285714,0.000198327,0.0061921775,0.0004877874,0.0015428923,0.0013732798,True
2016-03-14,35.34,0.4,2.357143,6.414286,-2.0857143,79.35714,0.8571428,0.7428571,0.85714287,9.728572,3.4571428,7.4356794e-06,0.0062578022,5.981468e-05,0.00014652498,9.370223e-05,True
2016-03-21,35.34,2.0,4.914286,9.271429,0.6571428,78.28571,1.1142857,0.9571429,1.0857142,9.328571,5.5857143,5.197525e-05,0.0061701834,1.6257876e-05,7.167086e-05,1.1399388e-06,True
2016-03-28,35.33,10.7,6.6285715,10.857142,2.6285717,82.87144,1.3857142,1.2428571,1.2285715,9.1285715,7.2714286,0.00018304586,0.0059969723,-7.345365000000001e-25,3.8184226e-07,0.0,True
2016-04-04,35.33,5.2000003,8.928572,14.828572,3.0142858,72.328575,2.0142858,1.7571429,1.7714285,9.042857,9.771428,0.00015282631,0.0057680085,-7.345365000000001e-25,0.0,0.0,True
2016-04-11,35.33,0.70000005,8.657144,14.357142,2.3714287,71.61429,2.0714285,1.7,1.8857143,8.5,11.157143,4.838407e-05,0.005494885,-7.345365000000001e-25,0.0,0.0,True
2016-04-18,35.33,10.900001,9.557143,14.771429,3.8142858,74.957146,1.9285715,1.6857141,1.9285715,8.2,11.071428,0.00023198128,0.0052000135,-7.345365000000001e-25,0.0,0.0,True
2016-04-25,35.33,5.7,6.728572,12.6285715,0.95714283,66.64286,2.3857143,1.8714286,2.457143,7.6571426,10.4,8.2194805e-05,0.004880719,1.8136841e-05,8.679181e-05,0.00015972555,True
2016-05-02,35.370000000000005,7.7,7.971429,14.242858,2.0428572,71.77143,2.642857,2.1285713,2.4142857,7.4428573,10.257143,0.00017850101,0.004567839,1.9902274e-05,0.00012425706,4.9930066e-05,True
2016-05-09,35.4,0.4,14.514287,22.042858,5.585714,56.128574,4.5571427,2.4857142,4.214286,6.5,16.357143,2.7388334e-05,0.0042258427,-7.345365000000001e-25,2.9802322e-08,0.0,True
2016-05-16,35.42,3.1000001,13.928572,19.828571,7.6428576,58.985718,4.1714287,1.3571428,4.042857,5.6,16.757143,4.5910478e-05,0.0038272291,-7.345365000000001e-25,3.7252903e-09,0.0,True
2016-05-23,35.43,39.800003,16.142857,22.085714,9.185715,64.700005,3.628571,1.0857143,3.542857,5.4428573,17.72857,4.6998262e-05,0.0034842268,-7.345365000000001e-25,3.7252903e-09,0.0,True
2016-05-30,35.4349113456142,17.8,16.27143,21.214285,11.442857,80.34286,2.6285713,1.7142857,2.6714287,6.042857,18.714285,0.0015731305,0.0031732619,-7.345365000000001e-25,1.1175871e-08,0.0,True
2016-06-06,35.43,21.6,20.042858,26.328571,13.828572,73.78571,4.1,2.9857144,4.1714287,6.4,23.2,0.00069513917,0.0029019937,-7.345365000000001e-25,1.1175871e-08,0.0,True
2016-06-13,35.46,11.5,16.9,22.585714,11.357142,65.62858,3.7428567,1.8714286,4.0142856,5.542857,21.9,6.915629e-05,0.0026334003,-7.345365000000001e-25,0.0,0.0,True
2016-06-20,35.44,25.9,15.900001,20.97143,10.5,79.74286,3.1,2.5285716,2.9285715,6.2285714,19.428572,0.00018258393,0.0024306849,-7.345365000000001e-25,1.1175871e-08,0.0,True
2016-06-27,35.47,3.8,20.828571,27.2,13.842857,70.314285,4.6142855,3.2571428,4.6571426,6.0571427,23.828571,7.3984265e-05,0.0022315308,-7.345365000000001e-25,1.8626451e-08,0.0,True
2016-07-04,35.45,9.6,17.314287,22.828571,10.914286,71.52857,3.8,2.357143,3.642857,5.8142858,21.014286,0.00014932454,0.002045177,-7.345365000000001e-25,1.1175871e-08,0.0,True
2016-07-11,35.44,4.0,19.185715,24.628572,12.971429,64.78571,4.457143,1.9428571,4.428571,5.357143,21.4,8.657575e-05,0.0018879846,-7.345365000000001e-25,1.4901161e-08,0.0,True
2016-07-18,35.43,16.2,17.414286,22.600002,11.714286,73.84286,3.1857145,1.6714286,3.2142856,5.142857,20.2,9.533763e-05,0.0017461255,-7.345365000000001e-25,1.4901161e-08,0.0,True
2016-07-25,35.42,0.9,22.728573,29.84286,14.700002,62.628574,4.442857,1.5285714,4.571429,4.785714,25.142857,3.3706427e-05,0.0016158223,-7.345365000000001e-25,7.450581e-09,0.0,True
2016-08-01,35.410000000000004,19.8,19.314285,24.785715,14.557143,74.457146,3.2142856,1.9857142,3.385714,5.042857,22.685715,0.000251472,0.0014921278,-7.345365000000001e-25,9.313226e-09,0.0,True
2016-08-08,35.38,7.2,18.185715,23.314285,12.757143,75.15715,2.7857144,1.8857143,2.9714284,5.0857143,20.114286,6.662309e-05,0.0013991967,-7.345365000000001e-25,1.1175871e-08,0.0,True
2016-08-15,35.35,2.3,15.67143,21.085714,10.071428,73.17143,2.542857,1.4285713,2.8142855,4.785714,18.585714,3.2670796e-05,0.0013115853,-7.345365000000001e-25,7.450581e-09,0.0,True
2016-08-22,35.33,5.4,16.642857,24.042858,9.185715,72.74286,2.7857144,1.1857144,2.9142857,4.428571,20.3,6.93351e-05,0.0012305081,-7.345365000000001e-25,1.1175871e-08,0.0,True
2016-08-29,35.333127792798315,10.2,22.357143,30.557144,13.942858,65.34286,3.8285713,1.1142857,3.9714284,4.242857,23.214285,2.95043e-05,0.0011529177,-7.345365000000001e-25,1.4901161e-08,0.0,False
2016-09-05,35.33,13.9,17.671429,24.685715,10.857142,71.91429,2.642857,0.9285714,2.7714286,4.2714286,20.4,4.7564507e-05,0.001078561,-7.345365000000001e-25,1.1175871e-08,0.0,True
2016-09-12,35.32,0.0,19.571428,28.0,11.071428,69.57143,2.7714286,1.2142857,2.9857142,4.3,21.5,2.8312206e-07,0.0010163337,-7.345365000000001e-25,3.7252903e-09,0.0,True
2016-09-19,35.34,15.8,18.642857,24.84286,11.914286,67.65714,2.5142858,0.85714287,2.5571427,4.214286,20.157143,0.00014166534,0.0009546876,-7.345365000000001e-25,3.7252903e-09,0.0,True
2016-09-26,35.36,0.0,14.157144,21.100002,7.3,76.62858,1.6857144,0.75714284,1.6571428,4.2714286,17.4,8.240342e-06,0.00090683997,-7.345365000000001e-25,1.8626451e-09,0.0,True
2016-10-03,35.3,13.5,14.5,19.042858,9.071428,80.38572,1.3999999,0.7000001,1.5857143,4.1571426,16.042856,0.00015594065,0.00086422265,-7.345365000000001e-25,9.313226e-09,0.0,True
2016-10-10,35.27,8.0,9.542857,13.414286,5.428571,84.51429,0.8428572,0.6714286,0.9714286,4.5142856,10.757143,3.811717e-05,0.000830248,-7.345365000000001e-25,0.0,0.0,True
2016-10-17,35.24,3.6,8.671429,11.1,6.857143,89.42857,0.54285717,0.42857143,0.6571428,4.8,9.228572,6.105006e-05,0.0008020401,-7.345365000000001e-25,3.7252903e-09,0.0,True
2016-10-24,35.22,19.6,7.5428576,10.342857,4.857143,92.8,0.44285718,0.4142857,0.4714286,5.4714284,8.7,0.00026845932,0.000776805,-7.345365000000001e-25,0.0,0.0,True
2016-10-31,35.241838190488856,1.5,8.7,11.728572,4.6,90.85714,0.4142857,0.34285715,0.5428571,6.0571427,8.714286,3.6880374e-05,0.0007568598,-7.345365000000001e-25,3.7252903e-09,0.0,True
2016-11-07,35.22,9.3,5.3857145,8.085714,1.7,90.77143,0.4,0.38571426,0.4,6.285714,6.114286,0.00013305247,0.0007408038,-7.345365000000001e-25,1.8626451e-09,0.0,True
2016-11-14,35.22,1.5,-0.21428572,3.1714287,-3.4142857,89.25715,0.24285714,0.24285714,0.2,6.8,1.3714286,7.2441995e-05,0.0007283613,0.0013079984,0.00088060275,0.0022930019,True
2016-11-21,35.230000000000004,15.599999,7.414286,10.514287,4.114286,84.74286,0.5857143,0.5714286,0.6571428,7.285714,5.4857144,0.0003158152,0.00071924925,0.00025737853,0.0016338807,0.0001755096,True
2016-11-28,35.230000000000004,0.1,3.1571429,6.728572,-0.4,92.01429,0.21428572,0.15714286,0.114285715,7.428571,4.0,5.1259995e-06,0.00071428716,4.473187e-06,9.896234e-06,1.8078834e-05,True
2016-12-05,35.2,6.6000004,-0.3,4.157143,-4.1,88.01428,0.2857143,0.27142859,0.2,7.5571427,0.82857144,3.3646822e-05,0.0007121712,3.984996e-06,1.0430813e-05,4.116446e-06,True
2016-12-12,35.21,19.5,5.457143,7.728572,3.1000001,85.87144,0.4,0.37142858,0.54285717,7.757143,3.3285713,0.000415653,0.000711523,1.0331472e-06,2.5331974e-06,4.0978193e-08,True
2016-12-19,35.19,2.7,2.757143,4.7428575,0.40000004,94.74286,0.11428572,0.11428572,0.21428572,8.385715,2.3,4.221499e-05,0.0007138774,2.422787e-05,3.5448e-05,5.1353127e-05,True
2016-12-26,35.160000000000004,10.4,4.0285716,6.471429,1.1428572,89.38572,0.44285712,0.42857143,0.42857143,8.585714,2.8285713,0.00019367039,0.00072126836,1.1676833e-05,2.4981797e-05,7.2941184e-06,True
2017-01-02,35.160000000000004,2.1,2.8428571,5.657143,-0.31428567,85.67143,0.32000002,0.3,0.44285712,8.84,2.74,3.1903386e-05,0.00073340535,0.00014015038,7.8456476e-05,0.0021322332,True
2017-01-09,35.18,15.0,-1.5285715,1.1428572,-4.5285716,87.942856,0.2857143,0.2857143,0.2857143,9.285714,-0.1,0.00020386279,0.00075206906,0.0026885725,0.0016430747,0.004560072,True
2017-01-16,35.18,18.6,0.15714285,2.3285713,-2.3285713,88.814285,0.3857143,0.3857143,0.3285714,9.614285,-0.028571429,0.00021138042,0.0007797852,0.008375327,0.0036008991,0.011793587,True
2017-01-23,35.19,0.1,-1.9714286,0.27142859,-4.5142856,92.11428,0.071428575,0.071428575,0.14285715,9.614285,-0.4857143,3.361702e-05,0.0008179769,0.011930897,0.0015108436,0.00025904924,True
2017-01-30,35.15166659285532,9.5,-0.7285715,2.0,-3.2857144,88.25715,0.27142859,0.27142859,0.24285714,9.585714,-0.62857145,0.00024731457,0.00085893273,0.010283289,0.003475273,0.00063870475,True
2017-02-06,35.17,0.8,1.3142856,3.414286,-0.37142858,95.94286,0.21428573,0.21428573,0.27142859,9.771428,0.44285715,0.00018502772,0.0009042248,0.004585544,0.006121831,0.00063709915,True
2017-02-13,35.13,0.0,-2.2142856,0.0857143,-4.5285716,74.85714,0.114285715,0.114285715,0.61428577,9.685715,-1.0571429,1.3262033e-06,0.0009693578,0.0025766294,5.17983e-05,0.0011175685,True
2017-02-20,35.07,5.8,3.1000001,8.1,-1.5857143,86.48572,0.59999996,0.5714286,0.5,9.528571,1.2857143,0.0001732856,0.0010344088,0.00114148,0.0028311685,0.0,True
2017-02-27,35.03,23.2,6.828572,9.571428,3.8428574,79.700005,1.2571429,1.2428572,1.0571429,10.171429,5.4428573,0.0005798936,0.0011079013,1.674039e-05,8.792989e-05,5.5786222e-05,True
2017-03-06,35.06,9.9,6.5428576,10.471429,2.4142857,76.28571,1.3000001,1.2571429,1.0714285,9.742857,6.1285715,0.00040766597,0.0012403727,4.8819044e-07,3.3099204e-06,4.0978193e-08,True
2017-03-13,35.010000000000005,6.3999996,4.457143,8.814286,0.41428575,82.35714,0.99999994,0.9714285,0.9142857,9.885715,5.428571,0.00023397803,0.0014048815,-7.345365000000001e-25,9.313226e-09,0.0,True
2017-03-20,34.97,17.6,7.714286,12.357142,2.2285714,76.98572,1.4714286,1.3285714,1.3857143,9.657143,7.614286,0.0004579425,0.0015708804,-7.345365000000001e-25,1.8626451e-09,0.0,True
2017-03-27,34.980000000000004,0.8,6.428571,12.842857,-0.44285712,71.942856,1.8000001,1.6,1.5,9.671429,8.742857,4.095584e-05,0.0017355308,-7.345365000000001e-25,0.0,0.0,True
2017-04-03,34.96,4.8999996,11.985715,17.885715,5.5428576,75.114296,2.2,1.8285714,1.8714286,8.9,13.042857,0.00011052936,0.001863122,-7.345365000000001e-25,1.8626451e-09,0.0,True
2017-04-10,34.93,0.5,9.857142,15.071428,4.914286,73.25714,1.8857144,1.442857,2.0,8.357142,11.271428,7.6144934e-06,0.001918368,-7.345365000000001e-25,0.0,0.0,True
2017-04-17,34.910000000000004,13.299999,7.4428573,12.185715,3.357143,76.54286,1.8999999,1.7428571,1.7857143,8.057143,9.185715,0.00028014928,0.0019296482,-7.345365000000001e-25,0.0,0.0,True
2017-04-24,34.88,4.4,5.657143,10.828572,-0.085714296,70.185715,2.1142857,1.7714287,1.9428571,7.742857,8.014286,0.00010480732,0.0019210875,3.0568666e-05,0.00013328344,0.00013582595,True
2017-05-01,34.9,0.5,7.1,13.328572,-0.3142857,66.62858,2.5,1.8428571,2.4285715,7.1857142,10.228572,0.00010417402,0.0018960759,-7.345365000000001e-25,2.9057264e-07,0.0,True
2017-05-08,34.910000000000004,13.0,10.114286,13.585715,7.114286,82.84286,1.7571429,1.442857,1.6714286,6.928571,11.828571,0.00023370981,0.0018670782,-7.345365000000001e-25,0.0,0.0,True
2017-05-15,34.92,12.700001,12.5,18.77143,5.857143,71.557144,3.0,2.1285715,2.8714287,6.457143,15.542857,0.00012756884,0.0018351898,-7.345365000000001e-25,7.450581e-09,0.0,True
2017-05-22,34.92,14.800001,17.257143,23.728573,10.057143,69.35714,3.9714284,2.2428572,3.6857142,6.357143,20.428572,0.0004541874,0.0017814934,-7.345365000000001e-25,7.450581e-09,0.0,True
2017-05-29,34.89967571469399,3.3,17.942858,25.357143,9.428572,65.5,4.442857,1.8714286,4.3714285,5.857143,21.1,0.00010971725,0.001712732,-7.345365000000001e-25,3.7252903e-09,0.0,True
2017-06-05,34.92,15.8,17.014286,22.928572,10.428572,68.9,3.8428571,2.2857144,3.7857144,5.8285713,21.0,0.00055514276,0.0016327053,-7.345365000000001e-25,0.0,0.0,True
2017-06-12,34.910000000000004,11.1,17.1,23.457142,11.185715,70.3,4.1142855,2.7428572,3.9714284,5.7714286,19.957144,0.000107079744,0.0015664175,-7.345365000000001e-25,7.450581e-09,0.0,True
2017-06-19,34.9,14.799999,17.928572,24.257143,10.557143,70.6,4.171428,1.9285716,4.1,5.2,21.5,7.246435e-05,0.0014937147,-7.345365000000001e-25,1.1175871e-08,0.0,True
2017-06-26,34.9,40.7,18.457144,24.085714,12.685715,73.12858,4.114286,2.1714284,3.6285717,5.385714,22.057142,0.00028264523,0.0014159903,-7.345365000000001e-25,1.4901161e-08,0.0,True
2017-07-03,34.980000000000004,49.3,16.885715,21.528574,12.014287,80.24286,3.0428574,2.4714284,2.9142857,7.142857,19.428572,0.0015195608,0.0013579875,-7.345365000000001e-25,1.8626451e-08,0.0,True
2017-07-10,34.99,11.5,18.34286,24.242857,13.471429,74.88572,3.6857145,2.6142857,3.5,7.2714286,22.5,0.00016823411,0.0013157129,-7.345365000000001e-25,1.1175871e-08,0.0,True
2017-07-17,35.0,18.0,16.557142,21.800001,10.8,77.114296,3.0142858,2.6285713,2.9857142,7.6571426,19.9,0.0018656254,0.0012817085,-7.345365000000001e-25,1.1175871e-08,0.0,True
2017-07-24,35.0,44.2,19.528574,25.214285,13.342857,75.57143,3.6857145,3.2142856,3.6142857,7.4,22.77143,0.0032026023,0.0012476519,-7.345365000000001e-25,1.1175871e-08,0.0,True
2017-07-31,35.00992101525356,38.100002,19.071428,24.914288,14.099999,76.17143,3.3714287,3.0571427,3.2714286,9.428572,20.657143,0.0077341795,0.0019670576,-7.345365000000001e-25,1.4901161e-08,0.0,True
2017-08-07,35.07,6.6000004,19.242859,25.0,13.614286,72.22857,3.5142858,2.9428573,3.414286,8.242857,22.22857,0.0001950115,0.0014274046,-7.345365000000001e-25,1.1175871e-08,0.0,True
2017-08-14,35.1,40.399998,17.500002,22.4,11.728571,77.12858,2.8142858,2.3428574,2.7,8.271428,20.185715,0.00034852326,0.0014758781,-7.345365000000001e-25,1.4901161e-08,0.0,True
2017-08-21,35.120000000000005,15.4,17.942858,23.128572,12.585714,79.57143,2.6714287,2.4285715,2.642857,8.6,20.4,0.00035010278,0.0015051514,-7.345365000000001e-25,1.4901161e-08,0.0,True
2017-08-28,35.15,5.0,16.028572,22.585714,9.1,78.90001,2.4857142,2.0142858,2.4857142,8.157143,19.9,3.5576522e-05,0.0015280992,-7.345365000000001e-25,7.450581e-09,0.0,True
2017-09-04,35.17,4.3,16.114286,23.257143,8.728571,77.442856,2.4142857,1.8285714,2.4857142,7.4857144,19.571428,7.3082745e-05,0.00152345,-7.345365000000001e-25,3.7252903e-09,0.0,True
2017-09-11,35.15,10.2,14.885715,19.828571,10.457143,80.457146,1.8714286,1.5285714,1.8857143,7.3428574,16.6,0.00022086501,0.0015051514,-7.345365000000001e-25,1.4901161e-08,0.0,True
2017-09-18,35.18,12.1,12.1285715,17.77143,6.9000006,79.814285,1.6285714,1.4142857,1.7428571,7.3428574,13.942857,0.0002143681,0.0014898255,-7.345365000000001e-25,7.450581e-09,0.0,True
2017-09-25,35.2,4.4,13.1,17.7,9.2,86.12858,1.0857142,0.88571423,1.2428571,7.214286,14.885715,0.00021164119,0.0014744624,-7.345365000000001e-25,3.7252903e-09,0.0,True
2017-10-02,35.2,11.4,14.557143,18.571428,11.2,86.51429,1.1285714,0.95714283,1.1857144,7.4428573,15.285714,0.00088115036,0.0014699474,-7.345365000000001e-25,1.1175871e-08,0.0,True
2017-10-09,35.2,26.3,10.885714,14.1285715,8.014286,83.91429,1.1142857,1.1,1.1428572,8.728572,11.214286,0.0008229166,0.0015151873,-7.345365000000001e-25,9.313226e-09,0.0,True
2017-10-16,35.17,0.3,13.7,18.300001,9.057143,84.25715,1.0571429,0.9571429,1.1285714,8.742857,13.6,3.59416e-05,0.0016453788,-7.345365000000001e-25,9.313226e-09,0.0,True
2017-10-23,35.18,8.9,11.442857,15.385715,7.9000006,91.0,0.71428573,0.6571428,0.61428577,8.514286,12.6,0.00031986833,0.0017611086,-7.345365000000001e-25,7.450581e-09,0.0,True
2017-10-30,35.17042294173546,9.6,10.657143,13.485715,7.728572,83.542854,0.95714283,0.91428566,0.9142857,8.785714,10.385715,0.0002681762,0.0018671006,-7.345365000000001e-25,7.450581e-09,0.0,True
2017-11-06,35.2,8.9,8.214286,10.657143,5.2428575,91.42857,0.50000006,0.4571429,0.44285718,9.2,8.342857,0.0007199943,0.0020182058,-7.345365000000001e-25,3.7252903e-09,0.0,True
2017-11-13,35.21,6.1000004,5.4857144,7.9857144,2.7857144,90.51429,0.35714287,0.34285712,0.35714287,9.314285,5.4857144,0.00016078353,0.002232924,1.4191582e-07,6.388873e-07,1.5646219e-06,True
2017-11-20,35.21,8.6,5.3285713,7.8142858,2.2857144,90.5,0.3857143,0.3857143,0.31428573,9.342857,4.9428573,0.00017046183,0.0024540797,2.3841858e-07,1.4789402e-06,1.1511147e-06,True
2017-11-27,35.21,25.5,6.0,8.6,2.7714288,88.72858,0.44285718,0.44285718,0.4714286,9.914286,5.2714286,0.0015350282,0.0026957914,-7.345365000000001e-25,7.1153045e-07,0.0,True
2017-12-04,35.22,5.7,2.3,4.2714286,0.4142857,90.685715,0.22857143,0.22857143,0.27142859,9.914286,2.0857143,0.00014406443,0.0031838939,0.0009703182,0.0032699183,0.005913317,True
2017-12-11,35.22,14.5,3.9714286,5.7999997,2.1714284,83.64286,0.5285714,0.5285714,0.62857145,9.914286,2.9714286,0.00035884976,0.0036197305,0.001625044,0.0045223497,0.007565029,True
2017-12-18,35.230000000000004,13.8,1.9428571,4.2000003,-0.31428573,89.27143,0.37142858,0.37142858,0.2857143,10.2,1.3714286,0.00078067183,0.004112087,0.0028881857,0.0053773914,0.0010304898,True
2017-12-25,35.230000000000004,2.8,6.3142858,7.785714,3.6714287,89.971436,0.2857143,0.27142859,0.5,9.8714285,4.642857,0.000103637576,0.0047378093,0.0004850399,0.0017851666,2.719462e-07,True
2018-01-01,35.24,12.5,4.6285715,7.9857144,1.0857142,82.17143,0.5166667,0.5166667,0.62857145,9.816667,3.15,0.0002354905,0.0050676763,4.5407385e-05,0.0002804082,0.00027416646,True
2018-01-08,35.22,17.2,3.6571429,6.1142855,1.0285715,84.72858,0.5857143,0.5857143,0.41428572,10.542857,3.6,0.0021155104,0.0055372342,2.5488082e-05,7.274933e-05,0.0001205951,True
2018-01-15,35.2,3.3,0.8142857,3.0142858,-1.4285715,85.057144,0.29999998,0.2857143,0.3857143,10.042857,0.5,0.00011011958,0.0063262656,9.203525e-05,6.162748e-05,0.00014587864,True
2018-01-22,35.21,17.1,1.3714286,3.142857,-0.31428573,92.814285,0.4142857,0.4142857,0.27142859,10.285714,0.71428573,0.00038885325,0.006635487,0.002821576,0.002519764,0.007948782,True
2018-01-29,35.193047485389094,7.8,7.2714286,9.585714,4.1,88.1,0.61428577,0.61428577,0.5428571,10.1,5.6857142,0.00053462386,0.007048562,0.00091007777,0.0059021693,0.0,True
2018-02-05,35.21,7.4,2.1857142,4.657143,-0.7,85.75715,0.48571426,0.48571426,0.4714286,10.142858,2.4285715,0.00036524236,0.007677771,0.0007315136,0.00024097785,0.0022879988,True
2018-02-12,35.22,1.2,-1.4142858,2.357143,-5.1857142,82.12858,0.31428573,0.31428573,0.35714287,9.971429,-0.2857143,3.2693148e-05,0.0082543865,0.0022745077,0.000925703,0.0025263578,True
2018-02-19,35.22,1.3,0.4714286,5.071429,-3.0857143,81.25715,0.64285713,0.5857143,0.4857143,9.771428,0.8,7.5519085e-05,0.008254118,0.00279598,0.0027993247,0.0013778396,True
2018-02-26,35.22,1.2,-2.857143,1.4,-7.142857,76.87144,0.37142858,0.32857147,0.5,9.528571,-0.014285714,8.046627e-06,0.008025944,0.0017856075,0.00033802725,0.0014415123,True
2018-03-05,35.260000000000005,1.4,-5.7571425,-0.19999994,-10.714286,67.42857,0.2857143,0.25714287,0.7428571,9.485714,-2.5857143,3.7185848e-05,0.007703848,0.003319678,0.0014730617,0.0014413744,True
2018-03-12,35.3,20.099998,5.071429,9.314286,0.32857147,87.32857,0.9714285,0.94285715,0.8000001,9.728572,3.442857,0.00097358227,0.007323347,0.0024873926,0.008250084,0.006305728,True
2018-03-19,35.33,3.0,1.1714286,4.4428573,-1.8571428,67.65714,0.62857145,0.62857145,1.1999999,9.985714,2.5285714,7.405877e-05,0.0071304664,0.0014363073,7.966533e-05,0.0033956245,True
2018-03-26,35.35,2.0,2.857143,8.028571,-2.6857145,79.957146,1.042857,0.95714283,1.0571429,9.771428,3.9571428,0.00017987192,0.00705646,0.0019015982,0.0046410114,0.0023248456,True
2018-04-02,35.35,23.8,3.414286,7.3142858,-0.37142858,81.72858,1.1714286,1.1285715,1.0714285,9.914286,4.742857,0.00052996725,0.006910041,0.0011466685,0.0033257548,0.0043719374,True
2018-04-09,35.38,11.800001,11.385715,18.37143,3.8,66.5,2.9142857,2.5428574,2.5857143,9.514286,11.614285,0.0013952702,0.0068839416,0.00011069434,0.0013689604,0.0,True
2018-04-16,35.370000000000005,21.6,12.814286,19.228573,6.928571,80.38572,2.2857141,1.9714285,2.1142857,8.942857,13.8,0.0005927682,0.0067837834,-7.345365000000001e-25,2.2351742e-08,0.0,True
2018-04-23,35.370000000000005,1.4,15.814286,23.528574,6.614286,67.98572,3.657143,2.8999999,3.3285713,8.3714285,18.328571,1.770258e-05,0.0065001994,-7.345365000000001e-25,0.0,0.0,True
2018-04-30,35.38881050114513,5.2,12.728571,18.285715,6.4000006,70.88572,2.9714284,2.3428571,2.7428572,7.5571427,14.942857,0.00013537705,0.0060868263,-7.345365000000001e-25,3.7252903e-09,0.0,True
2018-05-07,35.38,0.0,12.085715,19.171429,2.2285714,61.128574,3.8142858,2.0285714,3.3714287,6.7,15.7,1.1324883e-06,0.0055834204,-7.345365000000001e-25,0.0,0.0,True
2018-05-14,35.38,6.1,18.214287,25.514286,9.814285,62.085716,4.728572,1.5714285,4.357143,6.0571427,20.0,2.797693e-05,0.0049954504,-7.345365000000001e-25,1.1175871e-08,0.0,True
2018-05-21,35.39,4.0,14.757143,20.628572,8.342857,68.942856,3.657143,1.1571429,3.4142857,5.857143,18.27143,4.453957e-05,0.0044443607,-7.345365000000001e-25,0.0,0.0,True
2018-05-28,35.39,0.2,20.100002,27.557144,10.914286,54.585716,5.414286,0.9428572,5.085714,5.428571,22.357143,2.592802e-06,0.0038994178,-7.345365000000001e-25,1.1175871e-08,0.0,True
2018-06-04,35.370000000000005,2.3,21.914288,27.857143,15.328572,67.185715,4.428571,1.4285713,4.2,5.5142856,24.642857,0.0001000762,0.0033906847,-7.345365000000001e-25,7.450581e-09,0.0,True
2018-06-11,35.370000000000005,2.7,21.085714,28.457144,12.900001,54.385715,5.085714,1.3857144,5.2428575,5.2285714,24.485714,3.4838915e-05,0.0029728562,-7.345365000000001e-25,0.0,0.0,True
2018-06-18,35.35,0.5,17.757143,22.842855,11.571428,63.414288,3.8,0.8857144,3.7285714,4.928571,21.785715,1.0728836e-05,0.0026175976,-7.345365000000001e-25,7.450581e-09,0.0,True
2018-06-25,35.35,6.2,15.771429,20.928572,11.242858,75.314285,3.2571428,1.1999999,3.0285716,4.9,18.828571,4.1611493e-05,0.0023454353,-7.345365000000001e-25,1.1175871e-08,0.0,True
2018-07-02,35.33,0.0,18.757143,26.228573,9.285714,55.24286,5.4428573,0.9142857,5.1285715,4.6,22.27143,1.0281801e-06,0.0021069273,-7.345365000000001e-25,3.7252903e-09,0.0,True
2018-07-09,35.32,0.0,19.485716,27.357143,10.771429,56.728573,5.2428575,0.61428577,5.085714,4.285714,23.342857,3.1143427e-06,0.0018659309,-7.345365000000001e-25,1.1175871e-08,0.0,True
2018-07-16,35.29,17.6,18.185715,25.142857,11.442857,67.85714,3.914286,1.942857,3.9857142,5.0285716,21.885714,3.5107136e-05,0.0016814619,-7.345365000000001e-25,3.7252903e-09,0.0,True
2018-07-23,35.27,10.1,21.157145,28.714285,12.714286,57.214287,5.085714,1.5285712,4.857143,4.457143,24.8,1.9207597e-05,0.0015078261,-7.345365000000001e-25,1.1175871e-08,0.0,True
2018-07-30,35.28759016644776,6.4,25.37143,33.24286,16.142857,56.2,5.7428575,1.6142857,5.414286,4.257143,27.257143,1.963973e-05,0.0013518035,-7.345365000000001e-25,1.8626451e-08,0.0,True
2018-08-06,35.28,2.0,24.485716,31.828571,16.042858,54.457146,5.2999997,1.457143,5.2428575,4.2,27.114286,4.018843e-05,0.0012189671,-7.345365000000001e-25,7.450581e-09,0.0,True
2018-08-13,35.27,9.0,21.928572,30.2,12.8714285,53.714287,4.9428573,1.4714286,4.8714285,4.042857,24.12857,2.7880073e-05,0.0011051819,-7.345365000000001e-25,1.1175871e-08,0.0,True
2018-08-20,35.25,9.1,20.028574,26.885714,13.071428,66.87143,3.5857143,0.9,3.5714285,3.8714285,23.071428,3.3169985e-05,0.0010140315,-7.345365000000001e-25,1.4901161e-08,0.0,True
2018-08-27,35.25,1.9000001,17.828571,24.257143,10.842857,60.385715,3.2142856,0.64285713,3.3285713,3.6857142,21.171429,1.5810132e-05,0.00093307346,-7.345365000000001e-25,3.7252903e-09,0.0,True
2018-09-03,35.230000000000004,4.7,17.27143,23.614286,9.757143,69.35714,2.614286,0.7,2.7857144,3.7714286,19.414286,2.9817224e-05,0.0008690357,-7.345365000000001e-25,9.313226e-09,0.0,True
2018-09-10,35.18,3.1,17.6,24.814287,9.614286,66.98572,2.642857,0.84285706,2.6857145,3.7428572,19.985714,2.0191073e-05,0.0008111596,-7.345365000000001e-25,7.450581e-09,0.0,True
2018-09-17,35.15,4.3,16.114286,22.828571,9.857142,69.34286,2.2857144,0.5142857,2.3857143,3.5857143,18.514286,4.4181943e-05,0.000761278,-7.345365000000001e-25,7.450581e-09,0.0,True
2018-09-24,35.1,19.9,15.742858,22.985716,9.414286,67.4,2.4428573,0.7428571,2.542857,3.8,16.914286,0.00014919043,0.00071562827,-7.345365000000001e-25,7.450581e-09,0.0,True
2018-10-01,35.11,0.6,10.642858,17.557142,3.6285717,67.0,1.5285714,0.9714285,1.9571428,4.257143,12.414286,1.4841557e-05,0.0006779656,-7.345365000000001e-25,3.7252903e-09,0.0,True
2018-10-08,35.13,1.9000001,10.728571,16.800001,4.4,77.64286,1.2142857,0.8285714,1.3142856,4.042857,11.957143,2.3290515e-05,0.000646092,-7.345365000000001e-25,3.7252903e-09,0.0,True
2018-10-15,35.13,0.0,14.785714,24.157145,6.3428574,68.1,1.6714286,0.7285714,1.6857144,3.7142856,14.657143,1.4901161e-08,0.00061597675,-7.345365000000001e-25,5.5879354e-09,0.0,True
2018-10-22,35.15,2.5,9.642858,17.0,3.2142856,80.47143,0.8,0.27142859,0.78571427,3.5142858,12.1285715,1.7613173e-05,0.0005883053,-7.345365000000001e-25,1.8626451e-09,0.0,True
2018-10-29,35.14813533403336,5.0,8.057143,10.471429,4.471429,80.471436,0.8142857,0.55714285,0.9714286,3.7142856,8.3,2.1658838e-05,0.000566341,-7.345365000000001e-25,3.7252903e-09,0.0,True
2018-11-05,35.15,0.6,7.728572,12.485715,2.3142858,83.42857,0.61428577,0.34285715,0.5857143,3.642857,7.9714284,5.722046e-06,0.0005462095,-7.345365000000001e-25,3.7252903e-09,0.0,True
2018-11-12,35.160000000000004,4.1,9.185715,14.542857,4.8714285,87.44286,0.5714286,0.35714287,0.44285712,3.6,9.328571,7.620454e-05,0.00052806735,-7.345365000000001e-25,7.450581e-09,0.0,True
2018-11-19,35.160000000000004,1.8000001,5.1714287,9.057143,1.3428571,85.14286,0.41428572,0.27142859,0.34285715,3.8,5.2,2.040714e-05,0.0005117133,-7.345365000000001e-25,0.0,0.0,True
2018-11-26,35.17,1.6,1.7857143,3.2714288,-0.042857137,87.814285,0.22857144,0.15714286,0.4857143,3.7285714,2.1,2.9474497e-05,0.00049669296,0.00018992877,0.00025475398,0.000363715,True
2018-12-03,35.18,5.5,3.871429,6.8857145,0.77142864,80.314285,0.45714286,0.37142858,0.5285714,3.8285713,3.2142856,6.67721e-05,0.00048314035,8.09204e-05,0.00013000146,3.451854e-05,True
2018-12-10,35.2,12.5,6.2000003,8.914286,3.2142856,83.02857,0.71428573,0.6857143,0.62857145,4.5,5.2,0.00016664714,0.00047070533,3.8601104e-07,1.9557774e-06,0.0,True
2018-12-17,35.2,1.9000001,1.2857143,2.4,-0.35714287,86.87142,0.18571429,0.15714288,0.37142858,5.0857143,1.2714286,3.902614e-05,0.00045976043,0.00029716606,0.00021190755,0.0011524111,True
2018-12-24,35.21,19.0,4.714286,7.2428575,2.8,89.42857,0.42857143,0.38571432,0.41428572,5.6571426,3.4857142,0.00030644983,0.0004505813,0.00025137266,0.0009741504,5.529821e-05,True
2018-12-31,35.133767798855025,6.7000003,5.7428575,6.9857144,4.042857,89.25714,0.3285714,0.3285714,0.5,6.5285716,4.6857142,7.2069466e-05,0.00044367462,9.741102e-06,5.7077035e-05,0.0,True
2019-01-07,35.160000000000004,9.6,3.5857143,5.871429,0.5142857,84.41429,0.5285715,0.50000006,0.54285717,6.714286,2.942857,0.00010576099,0.00043889135,4.7116055e-06,2.0420179e-05,2.0287931e-05,True
2019-01-14,35.08,17.5,3.7000003,5.328572,1.7714285,84.21429,0.7,0.6857143,0.67142856,7.6857142,2.9,0.0003485903,0.00043579936,0.0013609047,0.0044183023,0.0045982637,True
2019-01-21,34.94,1.6000001,0.9142857,3.8,-2.3857143,84.17143,0.4,0.37142858,0.41428572,8.1,1.6857142,5.7570636e-05,0.0004351139,0.0006269387,0.00038538314,0.0010617077,True
2019-01-28,34.870000000000005,12.8,-0.8714286,1.4142857,-3.257143,84.42857,0.21428572,0.21428572,0.3285714,8.285714,-1.0857143,0.0003175959,0.00043772906,0.0011637552,0.0019664448,0.0021928996,True
2019-02-04,34.86,2.5,0.34285715,2.9857144,-2.3,84.942856,0.41428572,0.3857143,0.40000004,8.471429,0.057142857,2.1450222e-05,0.0004446432,0.0021047194,0.00090809166,0.0027072243,True
2019-02-11,34.86,11.599999,4.9714284,7.4714284,1.957143,76.3,0.9857144,0.95714283,0.95714283,8.528571,2.9714286,0.00033139437,0.0004562214,0.0011022942,0.0033655819,0.0009874441,True
2019-02-18,34.85,0.1,5.1285715,12.471429,-0.27142856,75.88572,1.0285714,0.9,0.71428573,8.514286,5.0571427,1.5802681e-05,0.00047262758,0.00013060796,0.0005040262,2.4586916e-06,True
2019-02-25,34.85,1.2,5.1714287,11.085715,0.19999997,69.5,1.1,0.9142857,1.0428572,8.142858,5.242857,2.9414892e-05,0.00049302727,1.5326908e-06,9.872019e-06,0.0,True
2019-03-04,34.85,3.5,6.971429,12.014287,2.4428573,72.22857,1.3285714,1.1285714,1.2285715,7.757143,6.3,5.865842e-05,0.0005107969,-7.345365000000001e-25,7.0780516e-08,0.0,True
2019-03-11,34.84,25.5,6.414286,10.271429,2.557143,74.92857,1.6000001,1.5142858,1.3857143,7.885714,6.0,0.00036416948,0.00052606314,9.181386e-05,0.0002706349,0.0006807074,True
2019-03-18,34.84,15.5,6.614286,9.728571,3.8571432,74.5,1.5142858,1.4857142,1.4571428,8.714286,5.8714285,0.00036343932,0.0005450919,7.948989e-05,0.00040375628,0.0,True
2019-03-25,34.83,3.6000001,6.971429,12.17143,1.3857144,78.74286,1.3857143,1.2285713,1.2857143,8.442857,8.057143,9.055436e-05,0.0005794689,-7.345365000000001e-25,3.5762787e-07,0.0,True
2019-04-01,34.84,4.0,7.9714284,12.828572,1.9714288,74.52857,1.6714287,1.4,1.5857143,8.1,8.928572,6.403029e-05,0.00061457604,-7.345365000000001e-25,0.0,0.0,True
2019-04-08,34.84,0.9,10.3,17.014286,3.2857144,70.1,2.4285715,1.8285714,2.0857143,7.385714,12.0,1.2814999e-05,0.00064089894,-7.345365000000001e-25,0.0,0.0,True
2019-04-15,34.85,1.5,5.1285715,9.542857,0.85714287,65.328575,1.8142855,1.3000001,1.8714286,6.6857142,8.071428,6.774068e-05,0.00065515935,0.000279279,0.0012578703,0.0014532655,True
2019-04-22,34.84,0.0,12.085715,20.542858,1.7857143,47.82857,4.1142855,2.0142858,3.6000001,5.885714,13.3,2.9280782e-06,0.0006578639,2.6657468e-05,0.00019076839,0.0,True
2019-04-29,34.8024536859493,20.0,13.942857,20.342855,8.2,65.42857,3.4142854,1.6142856,3.4142857,5.4142857,15.314285,0.00018431246,0.00064689666,-7.345365000000001e-25,7.450581e-09,0.0,True
2019-05-06,34.85,3.6,8.757143,14.214286,3.0428574,67.75715,2.542857,1.3714286,2.5571427,5.3142858,11.728572,6.954372e-05,0.0006360188,-7.345365000000001e-25,0.0,0.0,True
2019-05-13,34.82,5.6,10.157143,15.657144,3.9285715,67.77143,2.9142857,1.5,2.7857144,5.1714287,13.0,0.000106558204,0.0006243512,-7.345365000000001e-25,0.0,0.0,True
2019-05-20,34.68,15.1,13.1285715,19.4,6.214286,68.37143,3.0714285,1.6142856,3.142857,5.1285715,15.328571,0.0002913773,0.0006097108,-7.345365000000001e-25,7.450581e-09,0.0,True
2019-05-27,34.58,0.8,14.885714,20.385714,8.157144,69.38572,3.2857144,1.7857143,3.2571428,5.3285713,17.8,4.1261315e-05,0.00059413165,-7.345365000000001e-25,7.450581e-09,0.0,True
2019-06-03,34.59,1.8000001,17.985714,24.957144,9.957144,62.100002,4.342857,1.457143,4.4142857,4.8142858,20.514286,4.8324466e-05,0.00057660043,-7.345365000000001e-25,7.450581e-09,0.0,True
2019-06-10,34.54,8.3,20.328571,26.928572,13.871429,59.68571,4.6857142,2.0714285,4.8857145,4.642857,22.857143,0.00015601516,0.0005529225,-7.345365000000001e-25,1.1175871e-08,0.0,True
2019-06-17,34.56,49.5,20.242859,26.757143,12.914286,68.87143,4.357143,3.1285717,4.285714,5.385714,23.214285,0.008418366,0.0005325824,-7.345365000000001e-25,3.7252903e-09,0.0,True
2019-06-24,34.57,28.4,21.4,28.000002,13.685715,58.5,5.6285715,2.7714286,5.2714286,4.7285714,24.7,7.0780516e-05,0.0005159527,-7.345365000000001e-25,1.1175871e-08,0.0,True
2019-07-01,34.58,0.0,22.442858,30.657145,13.0,53.657143,6.4714284,1.2142859,6.2285714,3.9857142,26.028572,1.0281801e-06,0.0004952699,-7.345365000000001e-25,1.1175871e-08,0.0,True
2019-07-08,34.61,3.0,15.771429,21.071428,9.6,62.31429,3.8714287,0.7,3.6714284,3.7285714,20.042856,5.199015e-05,0.00047627836,-7.345365000000001e-25,1.1175871e-08,0.0,True
2019-07-15,34.68,18.1,16.228573,20.97143,11.900001,72.52857,2.8428574,1.0714285,2.8285713,3.9571428,19.27143,0.00017617643,0.0004624501,-7.345365000000001e-25,1.1175871e-08,0.0,True
2019-07-22,34.67,20.7,19.071428,25.714285,11.757143,68.457146,3.871429,1.9285716,3.7714286,4.0142856,21.7,3.671646e-05,0.00044880807,-7.345365000000001e-25,1.1175871e-08,0.0,True
2019-07-29,34.634163376220144,0.0,24.428572,31.9,15.957144,57.5,5.7000003,1.4285715,5.5,3.5857143,26.414286,0.00017853081,0.00043013692,-7.345365000000001e-25,1.8626451e-08,0.0,True
2019-08-05,34.68,16.9,19.300001,25.542858,13.157143,73.200005,3.1571429,1.5142858,3.0142858,3.9714286,22.928572,0.00024041533,0.00041416287,-7.345365000000001e-25,7.450581e-09,0.0,True
2019-08-12,34.660000000000004,5.3,20.428572,26.728573,13.428572,63.414284,4.014286,1.9428571,4.0,3.7714286,22.542856,0.00017379224,0.0004010126,-7.345365000000001e-25,1.1175871e-08,0.0,True
2019-08-19,34.660000000000004,9.6,17.514286,23.5,12.085715,69.71429,2.9857142,1.3142859,3.1000001,3.6142857,19.87143,0.0005207956,0.00038846582,-7.345365000000001e-25,3.7252903e-09,0.0,True
2019-08-26,34.65,0.0,20.100002,28.7,10.357142,57.757145,3.885714,1.1000001,3.8857143,3.3142858,22.214285,3.4719706e-06,0.00037673116,-7.345365000000001e-25,5.5879354e-09,0.0,True
2019-09-02,34.65,2.1,21.257143,28.84286,14.057143,68.57143,3.4142857,1.0714285,3.2,3.2857144,23.742857,3.273785e-05,0.00036334246,-7.345365000000001e-25,3.7252903e-09,0.0,True
2019-09-09,34.65,10.700001,14.842857,20.242857,9.142858,70.3,2.142857,0.6571428,2.2428572,3.2857144,17.814285,7.866323e-05,0.000352934,-7.345365000000001e-25,1.8626451e-09,0.0,True
2019-09-16,34.63,1.3,14.871429,21.028574,7.8714285,70.65715,2.1285713,1.2428571,2.385714,3.7285714,16.642857,2.5808811e-05,0.00034424663,-7.345365000000001e-25,3.7252903e-09,0.0,True
2019-09-23,34.6,1.8,12.3,19.685715,5.414286,70.0,1.8285714,0.9285714,2.0714285,3.4857142,14.257143,7.0035458e-06,0.00033590943,-7.345365000000001e-25,1.8626451e-09,0.0,True
2019-09-30,34.608370525195305,33.9,14.757143,18.34286,10.985715,84.457146,1.4,1.1,1.2857143,3.857143,15.642858,0.0005363375,0.0003284812,-7.345365000000001e-25,1.1175871e-08,0.0,True
2019-10-07,34.59,36.5,8.528571,13.142858,4.3714285,85.21429,0.99999994,0.9285714,0.9285714,6.0,10.514286,0.0007330775,0.00032464415,-7.345365000000001e-25,7.450581e-09,0.0,True
2019-10-14,34.59,7.9,14.042857,17.642857,9.6,78.27143,1.2285715,1.1142857,1.3857143,6.642857,13.028571,0.00015415996,0.00032487512,-7.345365000000001e-25,1.3038516e-08,0.0,True
2019-10-21,34.58,14.4,13.714286,18.014286,9.900001,85.685715,0.9857143,0.9142857,0.88571435,7.242857,14.0,0.000782907,0.00032847375,-7.345365000000001e-25,5.5879354e-09,0.0,True
2019-10-28,34.58,2.0,11.842857,16.2,7.3,81.0,0.85714287,0.74285716,0.9857143,7.114286,12.1,1.02669e-05,0.00033850968,-7.345365000000001e-25,9.313226e-09,0.0,True
2019-11-04,34.59,11.1,5.857143,11.300001,1.2285715,86.98572,0.55714285,0.5285714,0.3857143,7.0857143,7.1714287,0.00020170212,0.0003504157,4.8819044e-07,2.425164e-06,2.3655593e-06,True
2019-11-11,34.58,9.3,5.414286,8.571428,1.8857143,91.94286,0.34285712,0.3285714,0.3,7.7285714,6.6714287,0.00020948052,0.00036477298,-7.345365000000001e-25,9.313226e-09,0.0,True
2019-11-18,34.58,9.1,4.428571,7.557143,0.6857143,87.75715,0.35714287,0.34285715,0.41428572,7.8,4.457143,0.0003029555,0.00038527697,-7.345365000000001e-25,0.0,0.0,True
2019-11-25,34.6,3.7,5.457143,6.857143,3.5571427,92.042854,0.24285717,0.22857146,0.35714287,8.1285715,5.0142856,9.17241e-05,0.0004133135,-7.345365000000001e-25,0.0,0.0,True
2019-12-02,34.6,2.3,4.557143,7.142857,1.8714286,89.22858,0.3857143,0.3857143,0.41428572,8.114285,4.214286,7.215142e-05,0.00044997782,4.7116052e-07,1.5646219e-06,4.2133033e-06,True
2019-12-09,34.6,6.0,4.914286,7.8857145,1.6571429,84.48572,0.5,0.5,0.5285714,8.185715,3.857143,0.0002168566,0.00048633665,7.436389e-07,2.8330833e-06,0.0,True
2019-12-16,34.6,21.3,3.4428573,5.7714286,0.88571435,86.22858,0.4857143,0.47142857,0.3857143,8.528571,2.642857,0.00060272217,0.00052914023,0.0013079984,0.0037374925,0.0039110556,True
2019-12-23,34.63,2.5,6.1285715,9.900001,1.5285715,86.78571,0.42857143,0.41428572,0.25714284,8.585714,5.0285716,0.00015957654,0.00060816854,3.6608606e-05,0.00032143667,0.0,True
2019-12-30,34.597088679835934,3.5,2.7285714,4.914286,-0.14285721,84.14286,0.35714287,0.34285715,0.37142855,8.685715,2.642857,0.00016094744,0.0007056147,3.2072976e-06,1.1119992e-06,8.888543e-06,True
2020-01-06,34.6,5.6,2.6571429,5.9428573,-1.4571428,86.74286,0.4,0.4,0.2857143,8.6,2.3,0.00014829636,0.0008036271,1.9470851e-06,7.579103e-06,0.0,True
2020-01-13,34.58,5.0,6.085715,8.6,2.8714287,85.8,0.5285714,0.5285714,0.51428574,8.985714,4.785714,0.00022363663,0.00089353323,-7.345365000000001e-25,2.0675361e-07,0.0,True
2020-01-20,34.56,0.3,5.7714286,9.114286,1.9000002,81.0,0.7,0.62857145,0.59999996,8.857142,4.6,1.6704202e-05,0.0009897202,-7.345365000000001e-25,0.0,0.0,True
2020-01-27,34.54,6.0,2.0428574,4.542857,-1.0428572,90.47143,0.27142859,0.22857143,0.3285714,8.7,1.7857143,8.060038e-05,0.0010718629,3.317992e-05,7.450022e-05,0.000111177564,True
2020-02-03,34.54,12.400001,7.4714284,9.5,5.071429,81.52857,0.9857143,0.9571429,0.87142855,9.185715,5.8428574,0.0005451739,0.0011420771,6.4089186e-06,4.1315332e-05,0.0,True
2020-02-10,34.53,16.6,5.571429,8.585714,2.7857144,77.22858,1.0714285,1.0428572,0.91428566,9.5,4.614286,0.0002629757,0.0012541935,-7.345365000000001e-25,0.0,0.0,True
2020-02-17,34.53,8.3,6.114286,9.314286,2.8142858,74.71429,1.3285714,1.2714285,1.2714285,9.714286,4.7714286,0.00025820732,0.001402013,8.48089e-05,0.00039130077,0.00038525835,True
2020-02-24,34.52,30.7,6.1571426,9.114286,3.1857145,77.51428,1.3571428,1.3285713,1.1571429,9.6285715,5.3428574,0.0045603663,0.002428621,3.5195123e-07,2.9876828e-06,0.0,True
2020-03-02,34.52,13.7,5.357143,8.828572,1.8285714,78.14286,1.2857143,1.2857143,1.0142857,9.985714,5.2,0.0005580336,0.001992032,0.00052011583,0.0033139307,0.0034171864,True
2020-03-09,34.53,7.7000003,5.1142855,9.1,0.62857145,81.54286,1.0285715,1.0285715,0.9142857,9.742857,5.257143,0.00033843517,0.0024928674,5.533582e-05,0.00019155256,0.0,True
2020-03-16,34.53,8.9,7.2999997,12.257143,1.957143,70.34286,1.8999999,1.8142859,1.6857144,9.742857,7.2714286,0.0003720075,0.0029949173,1.1920929e-07,1.4044344e-06,0.0,True
2020-03-23,34.54,0.0,5.9857144,10.828572,0.67142856,64.91429,1.7142857,1.3857143,1.5857143,8.985714,7.6857142,9.909272e-06,0.0033705905,-7.345365000000001e-25,5.5879354e-09,2.6077032e-08,True
2020-03-30,34.54500193227148,1.4,3.757143,10.042857,-3.6285717,56.785713,2.0714288,1.6,1.8714286,8.242857,6.0,6.1407685e-05,0.0034670308,7.776987e-05,0.00016178563,0.0010444187,True
2020-04-06,34.55,0.0,6.642857,12.685715,-0.1285714,59.31429,2.4285715,1.7714287,2.2857144,7.6571426,7.857143,2.1539629e-05,0.0034298375,0.00031275977,0.0008497443,7.938594e-06,True
2020-04-13,34.56,0.8,10.67143,18.67143,1.8428571,55.885715,3.1857145,1.8285713,2.9857142,6.642857,13.285714,1.3902783e-05,0.003312327,5.676633e-07,5.753711e-06,0.0,True
2020-04-20,34.57,0.0,9.042857,16.185715,0.55714285,52.24286,3.4142857,1.1142858,3.1571429,6.042857,12.414286,2.9802322e-07,0.0031482652,-7.345365000000001e-25,0.0,0.0,True
2020-04-27,34.58,0.0,11.828572,19.585714,2.914286,53.97143,3.8,0.64285713,3.5142858,5.6,14.471429,1.4454126e-06,0.0029451996,-7.345365000000001e-25,0.0,0.0,True
2020-05-04,34.58,16.6,11.014285,16.6,5.357143,75.314285,2.4142857,1.3142856,2.1714284,5.8142858,13.6285715,0.0002631694,0.0027476102,-7.345365000000001e-25,0.0,0.0,True
2020-05-11,34.57,2.6999998,11.257143,18.514286,2.6285717,61.18572,3.4857142,1.3714285,3.2,5.6,14.985714,3.5479665e-05,0.002558902,-7.345365000000001e-25,3.7252903e-09,0.0,True
2020-05-18,34.56,1.0,10.6,16.657145,3.1857145,59.728573,3.1000001,1.1714286,3.2,5.428571,13.471429,1.2636185e-05,0.002371475,-7.345365000000001e-25,0.0,0.0,True
2020-05-25,34.56,17.9,14.428572,19.785715,7.642857,65.74286,3.2,1.1857144,3.142857,5.242857,16.857143,0.00015571713,0.0021897703,-7.345365000000001e-25,0.0,0.0,True
2020-06-01,34.56,0.0,14.985715,22.071428,6.2428575,58.27143,4.3142858,1.0142857,4.2285714,5.0,18.642857,5.9232116e-06,0.0020249411,-7.345365000000001e-25,0.0,0.0,True
2020-06-08,34.55,13.4,15.285714,21.828571,8.457143,66.91429,3.6857145,1.5857143,3.5857143,5.0285716,18.657143,0.00019604713,0.0018555596,-7.345365000000001e-25,3.7252903e-09,0.0,True
2020-06-15,34.54,45.1,18.37143,24.17143,13.114286,74.41429,3.4285717,1.8857144,3.3428571,5.214286,20.757143,0.0032052249,0.0017189085,-7.345365000000001e-25,3.7252903e-09,0.0,True
2020-06-22,34.53,15.8,19.17143,24.314287,13.514287,69.97143,4.1285715,2.4857142,3.857143,5.5142856,22.714285,0.00032405555,0.0016027018,-7.345365000000001e-25,1.1175871e-08,0.0,True
2020-06-29,34.52714093474452,0.0,20.414288,27.528574,11.985715,63.728573,5.0,2.0,4.542857,4.785714,24.042856,4.1648746e-05,0.0014972612,-7.345365000000001e-25,7.450581e-09,0.0,True
2020-07-06,34.53,13.1,18.34286,22.757143,13.571428,69.52857,4.071429,1.8428572,3.6142857,4.5857143,20.77143,0.0002760142,0.0014103726,-7.345365000000001e-25,1.4901161e-08,0.0,True
2020-07-13,34.52,6.8,15.471429,21.728573,9.742858,74.12858,3.242857,1.6000001,3.0714285,4.742857,18.814285,0.00019443035,0.001342386,-7.345365000000001e-25,7.450581e-09,0.0,True
2020-07-20,34.510000000000005,23.0,18.214285,24.257143,11.028572,68.92857,3.6142857,1.8857144,3.4142857,4.614286,21.685715,0.00017401576,0.0012771487,-7.345365000000001e-25,3.7252903e-09,0.0,True
2020-07-27,34.5,6.7,18.1,24.514286,11.214286,66.35714,3.7999997,1.442857,3.742857,4.242857,21.585714,8.760393e-05,0.0012134761,-7.345365000000001e-25,7.450581e-09,0.0,True
2020-08-03,34.5,3.3,18.857143,25.157145,11.428572,64.62858,4.0714283,1.3571428,3.8714287,4.0571427,22.185715,8.323789e-05,0.0011513531,-7.345365000000001e-25,7.450581e-09,0.0,True
2020-08-10,34.49,0.1,22.828571,31.300001,13.585715,58.828575,4.7999997,1.1,4.542857,3.8142858,24.785715,2.0354986e-05,0.0010870248,-7.345365000000001e-25,7.450581e-09,0.0,True
2020-08-17,34.49,2.4,24.014286,31.285715,16.014286,57.642857,4.414285,1.1714286,4.4857144,3.9571428,25.5,2.1144748e-05,0.0010211021,-7.345365000000001e-25,1.4901161e-08,0.0,True
2020-08-24,34.480000000000004,5.8,20.814287,27.2,15.042857,70.9,3.3285713,1.742857,3.3285713,4.242857,23.414286,7.187575e-05,0.00096425414,-7.345365000000001e-25,7.450581e-09,0.0,True
2020-08-31,34.478578751049454,11.5,16.557142,21.5,11.842857,75.34286,2.4857142,1.7142859,2.3142858,4.5142856,18.985714,0.00012731552,0.0009188354,-7.345365000000001e-25,1.6763806e-08,0.0,True
2020-09-07,34.480000000000004,18.7,15.085715,20.528574,10.257143,78.200005,2.0714285,1.6285714,2.1571429,4.8285713,17.571428,0.00012890995,0.0008770153,-7.345365000000001e-25,9.313226e-09,0.0,True
2020-09-14,34.47,1.6,16.342857,23.7,9.114286,75.52857,2.3142855,1.4857142,2.2714286,4.4857144,18.37143,7.033348e-06,0.0008401051,-7.345365000000001e-25,1.1175871e-08,0.0,True
2020-09-21,34.47,0.0,14.742858,24.428572,5.428571,65.91429,2.4285715,0.94285715,2.357143,3.8428571,18.4,2.2351742e-07,0.00080079585,-7.345365000000001e-25,5.5879354e-09,0.0,True
2020-09-28,34.46,41.600002,12.985715,18.614286,7.5285716,78.01429,1.5,0.6999999,1.4571428,4.5142856,15.271428,0.0018521696,0.00076585263,-7.345365000000001e-25,5.5879354e-09,0.0,True
2020-10-05,34.46,1.2,12.400001,18.528574,6.914286,81.057144,1.1714286,0.9,1.3142856,5.3142858,14.471429,4.570186e-05,0.00074061006,-7.345365000000001e-25,7.450581e-09,0.0,True
2020-10-12,34.46,7.9,10.900001,14.685715,7.1142855,83.98572,0.85714287,0.8142857,0.95714283,5.4142857,11.6,0.00013202429,0.0007213056,-7.345365000000001e-25,3.7252903e-09,0.0,True
2020-10-19,34.45,13.800001,8.685715,11.5,5.971429,87.814285,0.64285713,0.5857143,0.7,6.1714287,9.457143,0.00013710558,0.0007061586,-7.345365000000001e-25,3.7252903e-09,0.0,True
2020-10-26,34.45,12.8,12.300001,15.414286,8.771429,84.92857,0.85714287,0.7714286,0.88571423,6.5857143,11.657143,0.00028870255,0.0006945953,-7.345365000000001e-25,1.1175871e-08,0.0,True
2020-11-02,34.44,23.5,12.5,15.271429,9.414286,84.64286,0.9142858,0.88571435,0.85714287,7.2,11.6285715,0.00045140088,0.0006867498,-7.345365000000001e-25,1.1175871e-08,0.0,True
2020-11-09,34.43,0.0,7.4428573,11.0,3.857143,86.37144,0.41428572,0.37142855,0.42857143,7.6,7.885714,1.5199184e-06,0.00068597496,-7.345365000000001e-25,0.0,0.0,True
2020-11-16,34.43,2.6,8.242857,11.2,4.9714284,87.85714,0.45714286,0.44285712,0.42857143,7.571429,7.757143,6.0252845e-05,0.00069170445,-7.345365000000001e-25,1.8626451e-09,0.0,True
2020-11-23,34.42,1.0,7.214286,10.114286,3.357143,83.62858,0.5,0.4714286,0.61428577,7.457143,6.4714284,4.3436885e-05,0.0006986633,-7.345365000000001e-25,3.7252903e-09,0.0,True
2020-11-30,34.42195377624947,2.6,3.1285717,5.928571,-0.12857142,92.28571,0.21428572,0.17142858,0.21428572,7.4,3.2428572,1.8887222e-05,0.0007068068,1.4475414e-06,1.4156103e-07,0.00017112121,False
2020-12-07,34.42,0.1,1.7857143,4.1,-0.67142856,87.200005,0.22857144,0.21428572,0.31428573,7.4,1.7428571,3.97712e-05,0.00071515143,0.00022412481,0.0003409069,0.00021963194,True
2020-12-14,34.42,8.7,2.6285717,4.2000003,1.1857144,93.200005,0.17142858,0.15714286,0.25714287,7.4,2.3,7.882714e-05,0.00072336197,0.00013021061,0.0002625622,0.0002627857,True
2020-12-21,34.410000000000004,10.7,5.785714,8.3714285,2.8428571,89.442856,0.27142859,0.25714284,0.24285714,7.5285716,4.457143,0.00015130639,0.00073266774,1.2761071e-05,7.3835254e-05,0.0,True
2020-12-28,34.410000000000004,10.599999,4.4,7.2428575,1.4571428,84.52857,0.44285718,0.42857143,0.5428571,8.557143,3.7285714,0.000790596,0.00075056404,7.20535e-05,8.4694475e-05,0.0006541833,True
2021-01-04,34.4,8.6,1.8857143,3.6285717,0.042857144,88.65715,0.3,0.3,0.24285714,8.7,1.7,0.000112622976,0.0007948801,0.0018237488,0.0016842447,0.009708438,True
2021-01-11,34.39,7.7,1.1571429,2.2285714,0.07142856,91.52857,0.21428572,0.21428572,0.32857147,9.085714,0.8,0.00020223856,0.00085009634,0.009413083,0.005889196,0.007922083,True
2021-01-18,34.38,5.0,0.014285718,2.1285715,-2.4142857,84.42857,0.24285714,0.24285714,0.4,9.3,0.37142858,0.00042180717,0.00092799217,0.0077018794,0.007403819,0.004395023,True
2021-01-25,34.370000000000005,10.3,3.6000001,6.8857145,0.6857143,83.814285,0.62857145,0.61428565,0.64285713,9.571428,2.5142858,0.0008741766,0.0010845587,0.0024836573,0.01136237,0.0062001348,True
2021-02-01,34.370000000000005,11.5,-2.1,1.957143,-7.1714287,86.77143,0.22857144,0.21428573,0.24285714,9.685715,0.54285717,4.658103e-05,0.0013200268,0.006856328,0.0010558423,0.012169633,True
2021-02-08,34.370000000000005,29.8,-1.5285715,0.1571429,-3.1000001,85.58572,0.2,0.2,0.45714286,10.328571,0.6142857,0.001733616,0.0016504973,0.013499487,0.007852916,0.021615881,True
2021-02-15,34.370000000000005,2.7,-7.642857,-1.9285715,-13.471429,81.27143,0.028571429,0.028571429,0.27142859,10.342857,-0.5285714,7.8976154e-07,0.0018540397,0.02590977,3.3967197e-05,0.008948296,True
2021-02-22,34.370000000000005,6.6,6.285714,11.685715,1.3857143,81.700005,1.0571429,1.0285714,0.7571429,10.142858,3.9,0.0018641576,0.0022050366,0.00835627,0.033668585,0.0,True
2021-03-01,34.370000000000005,3.4,7.157143,12.17143,2.057143,82.299995,1.0428572,0.90000004,0.85714287,9.657143,7.2285714,8.02353e-05,0.0027973354,1.8046016e-05,0.00016241893,0.0,True
2021-03-08,34.39,0.0,2.4428573,7.357143,-2.257143,79.314285,0.91428566,0.78571427,0.8428572,9.3714285,4.1,3.0860305e-05,0.003109023,7.019156e-05,0.00011236034,0.00020554289,True
2021-03-15,34.4,17.2,5.1,9.3,1.8571428,74.17143,1.4714286,1.4,1.2428571,9.585714,5.1571426,0.0005868226,0.0032430738,4.5833134e-05,0.00016163848,8.1617385e-05,True
2021-03-22,34.410000000000004,0.2,3.0142858,7.728572,-1.2285715,76.22858,1.1857144,1.0857143,1.2142857,9.671429,4.3285713,0.00016842782,0.0033980533,0.00019655342,0.0006034821,0.00068705156,True
2021-03-29,34.41420835023284,1.8,8.1285715,13.557143,2.5285716,74.042854,1.7857143,1.5285714,1.6285714,9.185715,8.542857,0.000104762614,0.0035603866,1.3379824e-05,7.9398975e-05,0.0,True
2021-04-05,34.410000000000004,0.8,7.642857,14.385715,0.4571429,68.457146,2.1571429,1.7142859,2.0,8.442857,9.828571,7.086992e-05,0.0035788417,1.0978608e-05,6.8433583e-06,0.00016833842,True
2021-04-12,34.42,13.0,4.8,9.6,0.9142858,75.814285,1.6857144,1.5285714,1.5142858,8.3,6.385714,0.00030885637,0.0035322383,0.00018761272,0.00057923794,0.00045970455,True
2021-04-19,34.43,0.9,6.085715,11.271429,1.0000001,72.64286,1.8142859,1.5428572,1.7428571,8.157143,8.4,0.00017268956,0.0034674108,1.7086664e-06,7.044524e-06,0.0,True
2021-04-26,34.43,0.0,7.0285716,14.114286,-0.31428576,59.87143,2.7000003,2.0,2.6000001,7.4428573,10.8,3.799796e-06,0.0033862144,-7.345365000000001e-25,2.0489097e-08,0.0,True
2021-05-03,34.43,8.5,8.342857,13.914286,2.4714286,70.057144,2.4142857,1.8714286,2.1,6.885714,11.071428,0.0001867339,0.0032694042,-7.345365000000001e-25,0.0,0.0,True
2021-05-10,34.43,7.9,11.457144,17.071428,5.2428575,63.571434,3.5857143,2.8,3.2999997,6.7285714,12.3,0.0001244694,0.0031483322,-7.345365000000001e-25,7.450581e-09,0.0,True
2021-05-17,34.43,35.6,12.142858,15.885715,8.328572,83.84286,2.2142856,1.9714286,1.9857142,7.0857143,14.985714,0.0018787086,0.0030216575,-7.345365000000001e-25,0.0,0.0,True
2021-05-24,34.43,2.2,12.571428,17.757143,7.3,69.88572,3.2285717,2.5142858,3.142857,6.8,15.185715,0.00021971762,0.003007017,-7.345365000000001e-25,3.7252903e-09,0.0,True
2021-05-31,34.428474996804475,5.6,12.228571,17.714285,6.428571,73.68572,3.0285714,2.1714287,2.9714284,6.3714285,15.314285,0.0006041825,0.0029998869,-7.345365000000001e-25,0.0,0.0,True
2021-06-07,34.43,1.1,19.442858,25.742859,12.985715,65.17143,4.2714286,1.9714288,4.3,5.714286,22.4,5.8352947e-05,0.0029323772,-7.345365000000001e-25,1.1175871e-08,0.0,True
2021-06-14,34.42,0.0,19.257143,25.9,10.914286,62.642857,4.5285716,1.7,4.3857145,5.242857,23.2,1.3485551e-05,0.002792582,-7.345365000000001e-25,3.7252903e-09,0.0,True
2021-06-21,34.42,25.4,23.7,30.885714,14.842857,59.085716,5.7857137,1.4428571,5.557143,4.8285713,26.314285,6.853789e-05,0.002606541,-7.345365000000001e-25,1.1175871e-08,0.0,True
2021-06-28,34.410000000000004,10.400001,18.7,24.557144,11.542857,68.07143,3.6571426,1.8714286,3.6714287,5.0285716,23.057142,8.277595e-06,0.0024091825,-7.345365000000001e-25,3.7252903e-09,0.0,True
2021-07-05,34.410000000000004,41.3,18.485716,23.028574,13.571428,79.28571,3.142857,2.4857142,3.0142858,6.2714286,22.171429,0.004903905,0.0022616312,-7.345365000000001e-25,1.4901161e-08,0.0,True
2021-07-12,34.410000000000004,15.8,19.885714,25.328571,14.414286,74.799995,3.5285714,2.9714284,3.4714284,6.7714286,22.8,0.0021284074,0.0021784157,-7.345365000000001e-25,1.4901161e-08,0.0,True
2021-07-19,34.410000000000004,8.1,21.085714,26.542858,14.757143,71.61429,3.8428571,3.0142858,3.8857143,6.757143,24.514286,0.00014844537,0.002111733,-7.345365000000001e-25,1.8626451e-08,0.0,True
2021-07-26,34.410000000000004,1.8000001,20.042858,26.17143,13.285714,66.9,3.557143,2.3142858,3.6714284,5.9,23.342857,0.0001776591,0.0020423383,-7.345365000000001e-25,5.5879354e-09,0.0,True
2021-08-02,34.410000000000004,3.8999999,19.057144,24.857143,13.457144,65.4,3.8285713,2.142857,4.071429,5.3,22.028572,7.171929e-05,0.001958333,-7.345365000000001e-25,1.6763806e-08,0.0,True
2021-08-09,34.410000000000004,25.0,17.714285,23.942858,11.757143,73.58571,2.9857144,1.9857142,3.0285714,5.285714,20.9,0.00022727251,0.0018781573,-7.345365000000001e-25,1.6763806e-08,0.0,True
2021-08-16,34.410000000000004,8.1,19.085714,26.27143,11.8,68.92857,3.5142856,1.8999999,3.5571427,5.1,22.057142,0.00014823675,0.0017993376,-7.345365000000001e-25,1.4901161e-08,0.0,True
2021-08-23,34.410000000000004,13.400001,16.885715,20.957144,13.257143,78.01429,2.2285714,1.4285715,2.3714287,5.285714,18.742857,0.00011831522,0.001729764,-7.345365000000001e-25,1.8626451e-08,0.0,True
2021-08-30,34.403822718087454,34.3,15.014287,19.77143,10.714286,83.457146,1.9,1.6857144,1.9142857,6.5571427,17.3,0.00056372583,0.0016660616,-7.345365000000001e-25,5.5879354e-09,0.0,True
2021-09-06,34.410000000000004,0.0,14.557143,21.37143,8.328572,82.1,1.9571428,1.5714284,2.1,7.2,18.3,5.185604e-06,0.0016182065,-7.345365000000001e-25,5.5879354e-09,0.0,True
2021-09-13,34.4,2.3,17.328571,23.800001,10.442857,80.328575,2.1142857,1.6571428,2.1142857,6.6857142,20.471428,0.00038334727,0.0015709773,-7.345365000000001e-25,9.313226e-09,0.0,True
2021-09-20,34.4,12.1,15.1285715,18.77143,11.900001,80.12858,1.2857143,1.0714287,1.5857142,6.7285714,16.657143,0.00018499792,0.001535438,-7.345365000000001e-25,7.450581e-09,0.0,True
2021-09-27,34.39,3.8999999,15.528572,20.157145,10.742858,81.71429,1.4142857,1.1285715,1.5857143,6.4714284,16.4,0.00027426332,0.001510933,-7.345365000000001e-25,1.3038516e-08,0.0,True
2021-10-04,34.39,9.4,13.685715,18.442858,8.9,75.471436,1.442857,1.1714286,1.6285714,6.642857,15.028571,7.292628e-05,0.0014901832,-7.345365000000001e-25,5.5879354e-09,0.0,True
2021-10-11,34.39,17.3,8.8,15.471429,2.8,85.51429,0.9142857,0.75714284,0.9142857,6.885714,11.671429,0.0018432885,0.0014815405,-7.345365000000001e-25,0.0,0.0,True
2021-10-18,34.38,4.4,9.542857,13.2,5.3142858,83.37144,0.8142857,0.7571429,0.87142855,7.0142856,9.957143,0.00014354289,0.0014884472,-7.345365000000001e-25,3.7252903e-09,0.0,True
2021-10-25,34.38,12.7,9.642858,14.385715,5.2714286,80.78571,0.98571426,0.88571423,1.0142857,7.3285713,9.5,0.00019850582,0.0015027076,-7.345365000000001e-25,7.450581e-09,0.0,True
2021-11-01,34.38,1.2,10.6285715,15.0,5.7714286,81.38572,0.7857142,0.6571428,0.8,7.2285714,10.271428,4.9740076e-05,0.0015240982,-7.345365000000001e-25,3.7252903e-09,0.0,True
2021-11-08,34.370000000000005,33.3,7.9428573,10.571428,5.3,87.700005,0.5857143,0.55714285,0.5714286,8.4,8.157143,0.0037726015,0.0017115325,-7.345365000000001e-25,7.450581e-09,0.0,True
2021-11-15,34.370000000000005,0.2,5.9428573,8.928572,2.457143,90.042854,0.29999998,0.2857143,0.34285715,8.771428,6.3285713,1.2755394e-05,0.0017134324,-7.345365000000001e-25,-1.8626451e-09,0.0,True
2021-11-22,34.36,1.6,7.3428574,9.071428,4.8857145,88.1,0.3857143,0.37142855,0.5428571,8.657143,6.8,7.659197e-05,0.0018570423,-7.345365000000001e-25,7.450581e-09,0.0,True
2021-11-29,34.36141361764595,5.4,3.8,5.457143,1.5285714,89.78571,0.25714287,0.24285717,0.34285715,8.642858,3.4857142,9.816885e-05,0.0019638166,0.00017220066,0.00022977404,0.0006204769,True
2021-12-06,34.36,9.6,2.5571427,4.714286,-0.12857142,85.9,0.4714286,0.4571429,0.44285712,9.028571,2.1285715,0.00026133657,0.002054058,0.0010019541,0.0012476593,0.0035241134,True
2021-12-13,34.36,5.1,1.8428572,3.5714285,0.37142855,92.37142,0.17142859,0.15714286,0.24285714,9.142858,1.3285714,0.00026386976,0.0021640658,0.0060542254,0.0075121503,0.006858472,True
2021-12-20,34.36,0.0,6.1142855,7.8,3.4,88.47143,0.21428572,0.20000002,0.41428572,9.1285715,5.0142856,9.23723e-05,0.0023067594,0.00029276666,0.0021778643,6.109476e-07,True
2021-12-27,34.36,18.4,-3.0,0.5857143,-7.142857,88.828575,0.10000001,0.08571429,0.14285715,9.557143,-0.24285714,0.0005246401,0.002486959,0.0021162147,0.00096876547,0.004784409,True
2022-01-03,34.35,7.0,8.6,10.685715,5.571429,88.557144,0.375,0.35000002,0.5857143,9.75,3.075,0.0011557341,0.0027831793,0.0008559511,0.0039013587,0.0,True
2022-01-10,34.34,7.9,2.7714286,4.557143,0.7714286,86.94286,0.3857143,0.3857143,0.3857143,10.057143,2.2,0.0002856925,0.0033178404,0.00049038726,0.0007469654,0.001412686,True
2022-01-17,34.33,3.5,3.1000001,5.1857142,-2.1287374e-08,89.814285,0.29999998,0.29999998,0.41428572,9.8714285,2.3428571,6.8701804e-05,0.003844887,0.00024471965,0.00068519264,0.0,True
2022-01-24,34.32,5.9,3.8428574,5.785714,1.3000001,86.185715,0.41428572,0.41428572,0.47142857,9.842857,2.6142857,0.00011113286,0.0041884035,0.00017773538,0.00044048764,0.00048755482,True
2022-01-31,34.318332186229256,6.5,4.285714,6.1142855,2.5,81.92857,0.7714286,0.7428571,0.8,9.842857,3.357143,0.000114791095,0.0043672696,0.0001821007,0.0002718512,0.0018571392,False
2022-02-07,34.32,17.2,4.728572,7.3285713,1.5142858,82.957146,0.88571423,0.88571423,0.7428571,10.2,3.8857143,0.000866808,0.0044900924,0.0005202407,0.0025097653,0.0007846765,True
2022-02-14,34.33,2.2,5.428571,8.671429,1.5714285,79.94286,0.9142857,0.90000004,0.78571427,10.142858,4.6857142,6.391853e-05,0.004879646,4.1047733e-05,0.0001101587,0.00012523681,True
2022-02-21,34.34,21.6,6.614286,10.728571,3.8,76.88572,1.557143,1.5428572,1.3000001,10.4,5.5857143,0.0024999455,0.005284898,6.6280365e-05,0.0004487373,0.00066237524,True
2022-02-28,34.36,1.5,3.8714287,8.2,-0.15714285,78.41429,1.0857142,1.0857142,0.94285715,10.2,4.257143,0.00017020106,0.0063316673,4.823435e-05,0.0002519209,2.7865171e-06,True
2022-03-07,34.370000000000005,0.0,0.95714283,5.971429,-3.1285717,74.32857,0.90000004,0.7714286,0.78571427,9.614285,2.9714286,1.3336539e-06,0.0068985745,2.7804148e-05,3.46601e-05,8.861348e-05,True
2022-03-14,34.38,2.5,3.8857143,11.685715,-3.4285715,55.485718,2.0,1.5857143,1.7571429,9.028571,4.857143,3.4548342e-05,0.006821841,1.9697916e-05,5.1740557e-05,0.0,True
2022-03-21,34.39,0.0,6.0,12.442858,-0.6571428,69.9,1.7428571,1.3428571,1.5857142,8.5,7.242857,4.9605966e-05,0.006555639,4.48454e-07,3.0715019e-06,0.0,True
2022-03-28,34.4,0.0,7.3142858,16.642859,-1.2285715,65.51429,2.085714,1.5,1.7857143,7.7,9.742857,2.5331974e-06,0.0061732084,-7.345365000000001e-25,3.7252903e-09,0.0,True
2022-04-04,34.410000000000004,8.5,3.7,7.928571,-1.6,63.44286,1.6142858,1.242857,1.7285715,7.2285714,6.142857,0.00011570752,0.005746171,0.00032439118,0.0005312599,0.0011773147,True
2022-04-11,34.42,10.900001,6.8428574,10.7,2.9428573,74.48572,2.0,1.8285714,1.7571429,7.6714287,7.542857,0.00029946864,0.0053513944,6.4361666e-05,0.0005870871,0.0,True
2022-04-18,34.42,5.4,9.242857,15.828572,1.5,67.4,2.6285713,1.9857141,2.1857142,7.214286,11.985714,0.00013673306,0.004993111,-7.345365000000001e-25,2.9802322e-07,0.0,True
2022-04-25,34.43,2.1,9.6285715,15.742858,3.5714285,66.65714,2.5285716,1.6285715,2.5142858,6.457143,12.3,5.660951e-05,0.004650697,-7.345365000000001e-25,0.0,0.0,True
2022-05-02,34.43,0.0,10.728572,17.414288,3.1714287,64.78571,2.9142857,1.0857142,2.5571427,5.9142857,14.828571,1.3366342e-05,0.0043110996,-7.345365000000001e-25,0.0,0.0,True
2022-05-09,34.43,3.1,12.7,20.085714,3.5,62.414288,3.4428575,0.7714285,3.2428572,5.4714284,17.071428,6.094575e-06,0.0039561167,-7.345365000000001e-25,0.0,0.0,True
2022-05-16,34.42,7.5,16.228573,23.300001,7.142857,59.985718,4.3857145,0.78571427,3.9428573,5.2285714,18.9,1.463294e-05,0.003579855,-7.345365000000001e-25,0.0,0.0,True
2022-05-23,34.410000000000004,11.5,17.214285,23.142857,10.900001,69.71429,4.142857,1.7857143,3.642857,5.385714,20.542856,0.000179708,0.003229916,-7.345365000000001e-25,7.450581e-09,0.0,True
2022-05-30,34.40734056700241,3.1000001,13.585714,17.942858,9.014286,70.4,3.3000004,1.6142856,3.2,5.242857,16.671429,9.717047e-05,0.0029170364,-7.345365000000001e-25,0.0,0.0,True
2022-06-06,34.4,3.4,16.128572,22.97143,7.5,63.74286,4.0,1.557143,4.0571427,5.142857,19.5,3.8139522e-05,0.0026456937,-7.345365000000001e-25,3.7252903e-09,0.0,True
2022-06-13,34.39,1.4000001,18.285715,24.457144,10.771429,62.514286,4.2428575,1.1285714,4.2571425,4.8285713,21.557142,2.2120774e-05,0.00237789,-7.345365000000001e-25,7.450581e-09,0.0,True
2022-06-20,34.38,10.2,18.457142,25.628572,10.2,60.714287,4.914285,0.85714287,4.6285715,4.5857143,22.4,2.6419759e-05,0.0021327808,-7.345365000000001e-25,3.7252903e-09,0.0,True
2022-06-27,34.370000000000005,0.0,21.942858,30.0,13.314285,59.785713,5.414285,1.6142856,5.2000003,4.4857144,25.014286,2.4452806e-05,0.0019048303,-7.345365000000001e-25,1.4901161e-08,0.0,True
2022-07-04,34.36,9.5,20.414288,26.957144,12.571428,61.81429,4.7714286,1.6,4.4857144,4.385714,24.114286,5.313009e-05,0.001710847,-7.345365000000001e-25,7.450581e-09,0.0,True
2022-07-11,34.35,9.9,16.814285,22.542858,11.2,65.67143,3.6285713,1.7714285,3.7571428,4.428571,19.914286,0.00016725063,0.0015563145,-7.345365000000001e-25,1.1175871e-08,0.0,True
2022-07-18,34.33,0.1,18.642857,26.028574,10.585715,57.97143,4.6285715,1.1,4.4714284,4.0142856,22.014286,2.8774142e-05,0.0014237687,-7.345365000000001e-25,3.7252903e-09,0.0,True
2022-07-25,34.32,12.700001,22.942858,30.97143,13.400001,54.600002,5.3857145,1.1428572,5.0142856,3.8285713,24.828571,9.506941e-05,0.0012970045,-7.345365000000001e-25,1.4901161e-08,0.0,True
2022-08-01,34.32,5.1,18.857143,25.214285,11.214286,63.25714,3.8285716,1.0714285,3.642857,3.7857144,22.414286,5.558133e-05,0.0011898726,-7.345365000000001e-25,1.1175871e-08,0.0,True
2022-08-08,34.32,3.1000001,20.428572,28.185715,11.085714,60.257145,4.528571,1.0857143,4.0571427,3.6857142,23.842857,0.00046393275,0.0010960773,-7.345365000000001e-25,7.450581e-09,0.0,True
2022-08-15,34.31,0.7,21.785715,30.257143,12.557143,57.87143,4.585714,0.7,4.142857,3.5285714,24.6,1.9803643e-05,0.0010118708,-7.345365000000001e-25,9.313226e-09,0.0,True
2022-08-22,34.31,1.6,21.142857,27.5,14.328572,69.72857,3.2142856,1.2428571,3.1285713,3.8285713,24.057142,0.000110313296,0.00093765557,-7.345365000000001e-25,9.313226e-09,0.0,True
2022-08-29,34.31028973270868,4.1,19.914288,26.97143,12.842857,72.6,2.885714,1.057143,3.1000001,3.9857142,22.971428,9.174645e-05,0.00087700784,-7.345365000000001e-25,1.4901161e-08,0.0,True
2022-09-05,34.31,0.0,17.328571,24.142857,9.599999,60.514286,3.1000001,1.042857,3.2571428,3.9285715,20.257143,3.5315752e-06,0.0008245781,-7.345365000000001e-25,9.313226e-09,0.0,True
2022-09-12,34.3,28.4,16.47143,21.985716,11.400001,77.314285,2.0142856,1.2571429,2.0285714,4.4857144,19.185715,0.0010732859,0.00077934563,-7.345365000000001e-25,3.7252903e-09,0.0,True
2022-09-19,34.28,11.4,12.985715,17.914288,9.742858,80.62858,1.6142857,1.4571428,1.7571429,4.928571,15.0,0.00023473799,0.00074380636,-7.345365000000001e-25,3.7252903e-09,0.0,True
2022-09-26,34.27,3.0,11.257143,17.171429,5.8285713,79.90001,1.3428571,1.1,1.3714286,5.3285713,13.757143,4.708767e-05,0.00071398914,-7.345365000000001e-25,1.8626451e-09,0.0,True
2022-10-03,34.27,9.2,10.557143,15.17143,6.6285715,84.5,1.0714285,1.0142857,1.1428572,5.8,11.7,0.0002465099,0.0006913617,-7.345365000000001e-25,1.1175871e-08,0.0,True
2022-10-10,34.260000000000005,0.2,11.457144,17.77143,4.928571,78.37144,1.2714285,0.9857144,1.3428571,5.757143,12.985714,4.544854e-06,0.0006719157,-7.345365000000001e-25,5.5879354e-09,0.0,True
2022-10-17,34.25,4.0,12.685715,18.571428,6.857143,81.200005,1.0571429,0.8,1.042857,5.428571,13.671429,7.4252486e-05,0.00065487623,-7.345365000000001e-25,3.7252903e-09,0.0,True
2022-10-24,34.25,6.3,12.642858,17.514286,7.357143,84.78571,0.87142855,0.7571429,0.8142857,5.8428574,13.257143,0.00022216141,0.000640966,-7.345365000000001e-25,3.7252903e-09,0.0,True
2022-10-31,34.24759938051782,0.5,13.728571,19.714285,8.028571,87.0,0.87142855,0.67142856,0.6571428,5.714286,14.542857,2.1472573e-05,0.00062920153,-7.345365000000001e-25,1.8626451e-09,0.0,True
2022-11-07,34.25,2.6,9.599999,14.028571,4.928571,80.94286,0.7571429,0.61428577,0.7571429,5.5571427,10.285714,2.5846064e-05,0.00061958283,-7.345365000000001e-25,1.8626451e-09,0.0,True
2022-11-14,34.24,3.8,8.6,13.328572,4.2857146,84.35714,0.61428577,0.45714286,0.5285714,5.4142857,9.571428,2.0578504e-05,0.00061123073,-7.345365000000001e-25,1.8626451e-09,0.0,True
2022-11-21,34.230000000000004,10.5,1.8285714,5.1142855,-1.6142857,88.11428,0.25714287,0.22857144,0.3,5.8,3.442857,0.00024589896,0.0006045848,0.00078925065,5.665049e-05,0.0023143925,True
2022-11-28,34.22,6.2,3.7857144,6.514286,0.12857144,91.48572,0.24285714,0.21428572,0.2857143,6.114286,3.557143,0.00010397285,0.00060056895,0.0009592885,0.0022036172,1.0468066e-05,True
2022-12-05,34.22,10.9,1.3857143,2.1714287,0.21428573,92.71429,0.12857144,0.11428572,0.31428573,6.357143,1.9714285,0.00011347234,0.00059872866,0.0015374195,0.000979621,0.0041902848,True
2022-12-12,34.21,2.6,-0.64285713,0.90000004,-2.957143,90.78571,0.114285715,0.114285715,0.22857143,6.857143,0.6571429,8.837134e-05,0.00059924275,0.0029584114,0.0019903183,0.0024925955,True
2022-12-19,34.21,3.6,-5.514286,-1.057143,-9.67143,89.15714,0.042857144,0.042857144,0.057142857,7.0285716,-2.4714286,0.00012605637,0.0006032437,0.0036086808,0.0013797022,6.890297e-05,True
2022-12-26,34.2,31.699999,6.2714286,8.914286,2.5285716,94.65715,0.32857147,0.32857147,0.25714284,7.9142857,2.9857142,0.0018352494,0.0006120801,0.00032151313,0.0026129782,0.0,True
