,GWL,HYRAS_pr,HYRAS_tas,HYRAS_tasmax,HYRAS_tasmin,HYRAS_hurs,DWD_evapo_p,DWD_evapo_r,DWD_evapo_fao,DWD_soil_moist,DWD_soil_temp5cm,ERA5_sro,ERA5_ssro,ERA5_sdwe,ERA5_sm,ERA5_sf,GWL_flag
1991-01-07,0.85,16.5,5.3857145,7.428571,3.3857143,84.75715,0.91428566,0.91428566,0.62857145,10.828571,4.042857,0.0,0.0,7.493155e-07,0.0,0.0,True
1991-01-14,0.84,19.0,4.5142856,6.6285715,3.057143,84.4,0.81428564,0.81428564,0.62857145,10.728572,3.642857,0.0,0.0,3.973643e-08,0.0,0.0,True
1991-01-21,0.68,6.1,0.21428572,2.2428572,-2.1285713,79.8,0.22857144,0.24285714,0.5142857,10.314285,-0.64285713,0.0,0.0,5.854879e-05,0.0,0.0,True
1991-01-28,0.63,0.4,3.057143,4.0,2.0142858,91.25714,0.20000002,0.20000002,0.37142858,10.271428,1.0285715,0.0,0.0,9.7638085e-06,0.0,0.0,True
1991-02-04,0.56,0.0,-2.057143,-0.08571427,-4.542857,70.457146,0.12857144,0.12857144,0.7714286,10.185715,-1.0428572,0.0,0.0,0.0001157068,0.0,0.0,True
1991-02-11,0.52,4.4,-4.4,-1.9857143,-6.4428573,84.185715,0.028571429,0.028571429,0.51428574,10.157143,-2.3,0.0,0.0,0.001424148,0.0,0.0,True
1991-02-18,0.49,7.5,-1.6285715,-0.24285714,-3.6714287,89.28571,0.12857142,0.12857142,0.42857143,10.3714285,-0.4857143,0.0,0.0,0.007556535,0.0,0.0,True
1991-02-25,0.54,10.0,4.214286,6.3857145,1.7,85.01429,0.7714286,0.7714286,0.85714287,10.285714,1.7428571,0.0,0.0,0.00303118,0.0,0.0,True
1991-03-04,0.56,1.5,2.3142858,4.3,0.2857143,81.17143,0.7428571,0.71428573,0.9142857,10.142858,1.9428571,0.0,0.0,0.00018002305,0.0,0.0,True
1991-03-11,0.54,3.4,6.714286,8.814286,4.4428573,88.1,0.61428577,0.55714285,0.7428571,10.028571,5.4714284,0.0,0.0,3.2810938e-06,0.0,0.0,True
1991-03-18,0.5,2.7,8.114286,12.514285,5.1571426,88.97143,0.9571429,0.81428576,0.9285714,9.685715,8.814285,0.0,0.0,-7.345365000000001e-25,0.0,0.0,True
1991-03-25,0.54,12.6,6.7714286,9.657143,4.0857143,80.87144,1.3428572,1.2714287,1.3,9.914286,7.6714287,0.0,0.0,-7.345365000000001e-25,0.0,0.0,True
1991-04-01,0.55,14.9,6.2000003,8.6285715,2.8142858,76.74286,1.3857144,1.1571429,1.5285714,9.471429,7.1857142,0.0,0.0,-7.345365000000001e-25,0.0,0.0,True
1991-04-08,0.63,19.3,8.685715,12.285714,5.8857145,78.65715,1.6714287,1.5571429,1.8571428,9.585714,9.014286,0.0,0.0,-7.345365000000001e-25,0.0,0.0,True
1991-04-15,0.58,0.0,11.142858,16.185715,6.7999997,66.25715,2.8,2.3142858,2.957143,9.057143,12.285714,0.0,0.0,-7.345365000000001e-25,0.0,0.0,True
1991-04-22,0.53,14.0,4.457143,6.657143,1.4,63.57143,1.8714287,1.5285715,2.1857142,8.271428,7.8285713,0.0,0.0,0.00015005612,0.0,0.0,True
1991-04-29,0.54,9.8,7.2714286,10.071428,3.857143,76.82857,1.6857145,1.3714286,2.0571427,8.171429,9.257143,0.0,0.0,9.8012744e-05,0.0,0.0,True
1991-05-06,0.71,32.0,7.0285716,8.742857,5.1571426,85.58572,1.1857141,1.1428572,1.2857143,8.3714285,7.8428574,0.0,0.0,-7.345365000000001e-25,0.0,0.0,True
1991-05-13,0.61,5.1,9.828572,12.114286,6.7428575,75.62858,2.3142858,1.9,2.4857142,8.285714,12.357142,0.0,0.0,-7.345365000000001e-25,0.0,0.0,True
1991-05-20,0.55,2.6,9.685715,12.0,6.8,77.44286,2.4,2.0714285,2.6714287,7.857143,12.3,0.0,0.0,-7.345365000000001e-25,0.0,0.0,True
1991-05-27,0.49,4.5,10.385715,12.114286,8.557143,76.58572,2.3,1.7428571,2.5714285,7.114286,12.957143,0.0,0.0,-7.345365000000001e-25,0.0,0.0,True
1991-06-03,0.46,5.7999997,10.442857,12.542857,8.385715,76.65715,2.2,1.4285715,2.7,6.4428573,14.071428,0.0,0.0,-7.345365000000001e-25,0.0,0.0,True
1991-06-10,0.45,13.7,12.0,15.2,8.485715,74.5,2.5285716,1.9428569,2.8142858,6.242857,13.7,0.0,0.0,-7.345365000000001e-25,0.0,0.0,True
1991-06-17,0.55,32.1,12.400001,14.2,10.685715,80.52857,2.3142855,2.142857,2.2857144,6.9857144,13.185715,0.0,0.0,-7.345365000000001e-25,0.0,0.0,True
1991-06-24,0.59,28.9,13.885714,16.914286,10.928572,77.971436,2.7285714,2.6142857,2.9142857,7.428571,15.942857,0.0,0.0,-7.345365000000001e-25,0.0,0.0,True
1991-07-01,0.95,65.1,14.614286,17.114286,12.071428,81.957146,2.3142858,2.2285714,2.3857143,9.3714285,15.385715,0.0,0.0,-7.345365000000001e-25,0.0,0.0,True
1991-07-08,0.64,10.5,21.142857,25.571428,16.042858,72.457146,4.914286,3.9,4.914286,8.657143,23.314285,0.0,0.0,-7.345365000000001e-25,0.0,0.0,True
1991-07-15,0.56,13.5,18.4,21.685715,15.114286,76.700005,3.285714,2.642857,3.5285716,7.4857144,21.171429,0.0,0.0,-7.345365000000001e-25,0.0,0.0,True
1991-07-22,0.48,10.099999,16.014286,18.614286,14.085715,75.61428,2.8,2.3999999,3.6142857,7.385714,18.057142,0.0,0.0,-7.345365000000001e-25,0.0,0.0,True
1991-07-29,0.43,10.1,18.4,22.285715,14.328572,76.57143,3.2714286,2.3999999,3.8714287,7.0571427,21.085714,0.0,0.0,-7.345365000000001e-25,0.0,0.0,True
1991-08-05,0.41,6.9,20.228573,23.885715,17.357143,77.82857,3.0571427,1.942857,3.7,6.1714287,22.828571,0.0,0.0,-7.345365000000001e-25,0.0,0.0,True
1991-08-12,0.39,14.5,18.800001,21.114286,16.985714,76.314285,2.6000001,1.8000001,3.3428571,6.1285715,20.7,0.0,0.0,-7.345365000000001e-25,0.0,0.0,True
1991-08-19,0.41,26.8,16.785715,19.657145,13.871429,74.18572,2.6571429,1.9142857,3.3,6.242857,18.071428,0.0,0.0,-7.345365000000001e-25,0.0,0.0,True
1991-08-26,0.35,3.6999998,17.285715,20.614286,14.17143,73.02857,2.4857142,1.8285714,3.2571428,6.3428574,18.72857,0.0,0.0,-7.345365000000001e-25,0.0,0.0,True
1991-09-02,0.29,0.5,17.128572,20.4,13.614286,71.47143,2.5285716,1.4142857,3.3999999,5.7714286,19.014286,0.0,0.0,-7.345365000000001e-25,0.0,0.0,True
1991-09-09,0.29,6.2999997,16.300001,18.942858,13.985715,73.6,1.7714285,0.88571435,2.8714287,5.4,17.214285,0.0,0.0,-7.345365000000001e-25,0.0,0.0,True
1991-09-16,0.26,3.3,14.528572,18.257143,11.042857,70.61429,1.7285715,0.7,2.5571427,5.3,15.342857,0.0,0.0,-7.345365000000001e-25,0.0,0.0,True
1991-09-23,0.27,18.2,14.585715,18.171429,11.828572,77.21429,1.5714285,1.2285713,2.142857,5.7285714,14.5,0.0,0.0,-7.345365000000001e-25,0.0,0.0,True
1991-09-30,0.44,48.7,12.771429,14.8714285,11.0,87.3,0.95714283,0.9428571,1.2142857,7.957143,13.085714,0.0,0.0,-7.345365000000001e-25,0.0,0.0,True
1991-10-07,0.45,25.6,12.1285715,14.942858,8.8714285,82.35714,1.0142857,0.9857143,1.4142858,9.3714285,11.157143,0.0,0.0,-7.345365000000001e-25,0.0,0.0,True
1991-10-14,0.43,1.1,13.1,16.885715,10.442857,87.72858,0.71428573,0.64285713,1.0285714,9.271428,12.757143,0.0,0.0,-7.345365000000001e-25,0.0,0.0,True
1991-10-21,0.44,30.4,9.042857,11.757143,6.657143,78.38572,1.2142856,1.2142856,1.4571428,9.971429,8.414286,0.0,0.0,-7.345365000000001e-25,0.0,0.0,True
1991-10-28,0.42,0.6,7.1285715,9.785714,4.071429,78.57143,0.5857143,0.5714286,1.1142857,10.0,6.042857,0.0,0.0,-7.345365000000001e-25,0.0,0.0,True
1991-11-04,0.45,10.3,5.871429,7.9857144,3.257143,81.41429,0.77142864,0.7285715,1.0142857,9.914286,5.0142856,0.0,0.0,-7.345365000000001e-25,0.0,0.0,True
1991-11-11,0.67,56.2,6.9428573,8.885715,4.828572,84.68572,1.0142858,1.0142858,0.88571423,11.171429,5.8285713,0.0,0.0,-7.345365000000001e-25,0.0,0.0,True
1991-11-18,0.6,6.8,4.428571,6.2000003,2.5857143,87.94286,0.35714284,0.35714284,0.5285714,10.942857,3.857143,0.0,0.0,6.76087e-06,0.0,0.0,True
1991-11-25,0.53,0.6,2.5857143,4.6714287,0.7571429,92.07143,0.18571429,0.20000002,0.31428573,10.414286,2.3428571,0.0,0.0,1.889751e-05,0.0,0.0,True
1991-12-02,0.47,2.6,3.6571429,5.2000003,1.9142858,92.57143,0.11428572,0.10000001,0.22857143,10.3,2.6857142,0.0,0.0,3.292447e-07,0.0,0.0,True
1991-12-09,0.44,0.0,3.3428571,5.3714285,0.7571429,88.78571,0.14285715,0.14285715,0.41428572,10.214286,1.4,0.0,0.0,3.1113625e-05,0.0,0.0,True
1991-12-16,0.44,0.0,0.7,2.7857144,-2.1285715,82.12858,0.114285715,0.114285715,0.4857143,10.157143,-0.5,0.0,0.0,1.00760235e-05,0.0,0.0,True
1991-12-23,0.8,68.8,5.1285715,8.028571,2.3428571,89.24286,0.62857145,0.62857145,0.62857145,11.314285,3.0857143,0.0,0.0,0.00027566295,0.0,0.0,True
1991-12-30,0.68,5.6,4.8,6.157143,3.2000003,87.38572,0.44285718,0.44285718,0.5714286,10.857142,3.2571428,0.0,0.0,3.6898114e-06,0.0,0.0,True
1992-01-06,0.64,13.1,5.8142858,7.214286,4.3428574,88.18572,0.2,0.2,0.64285713,10.3,2.4,0.0,0.0,-7.345365000000001e-25,0.0,0.0,True
1992-01-13,0.62,8.8,3.6857145,6.1714287,0.85714287,89.12858,0.32857147,0.32857147,0.4,10.5,2.3428571,0.0,0.0,-7.345365000000001e-25,0.0,0.0,True
1992-01-20,0.58,7.5,4.7999997,6.3,3.557143,85.25714,0.5,0.5,0.74285716,10.3,3.9,0.0,0.0,-7.345365000000001e-25,0.0,0.0,True
1992-01-27,0.51,1.0,-1.557143,0.5285715,-4.214286,87.5,0.08571429,0.08571429,0.31428573,10.3,-1.5571429,0.0,0.0,7.053784e-05,0.0,0.0,True
1992-02-03,0.57,10.2,2.4714284,3.7714288,0.82857144,94.24286,0.2857143,0.2857143,0.32857147,10.242857,0.34285715,0.0,0.0,8.638132e-05,0.0,0.0,True
1992-02-10,0.57,3.1,4.714286,6.5,2.7142856,86.042854,0.54285717,0.54285717,0.61428577,10.285714,3.3142858,0.0,0.0,3.6977588e-05,0.0,0.0,True
1992-02-17,0.66,21.7,4.585714,6.7571435,2.5714285,86.51429,0.64285713,0.65714294,0.7,10.414286,4.385714,0.0,0.0,0.0001367217,0.0,0.0,True
1992-02-24,0.6,4.9,3.957143,5.7000003,1.3428572,85.44286,0.6857143,0.6857143,0.78571427,10.314285,2.857143,0.0,0.0,0.0003732613,0.0,0.0,True
1992-03-02,0.56,3.8000002,6.8428574,10.2,3.8285716,83.07143,0.7428571,0.7285714,0.9285714,10.114285,5.2,0.0,0.0,2.3274194e-07,0.0,0.0,True
1992-03-09,0.5,3.1,6.8857145,9.900001,3.3,85.71429,0.7714286,0.7714286,0.88571423,10.028571,5.9857144,0.0,0.0,-7.345365000000001e-25,0.0,0.0,True
1992-03-16,0.84,49.2,4.542857,7.1857142,1.2571429,79.814285,1.3142856,1.3285714,1.2142857,10.914286,4.042857,0.0,0.0,0.0010165827,0.0,0.0,True
1992-03-23,0.94,32.4,6.7428575,9.057143,4.7428575,87.90001,0.95714283,0.95714283,0.9857143,10.642858,6.5857143,0.0,0.0,0.00013523443,0.0,0.0,True
1992-03-30,0.72,3.0,4.114286,5.785714,1.5714285,75.94286,1.0571429,1.0428572,1.3857143,10.328571,4.385714,0.0,0.0,1.1285146e-05,0.0,0.0,True
1992-04-06,0.6,7.5,6.3,8.842857,3.642857,79.6,1.2285713,1.1857144,1.4857142,9.942857,6.4857144,0.0,0.0,2.054941e-06,0.0,0.0,True
1992-04-13,0.59,5.7,8.400001,12.514287,4.9857144,75.51429,1.9571428,1.6571428,2.1,9.428572,10.014286,0.0,0.0,-7.345365000000001e-25,0.0,0.0,True
1992-04-20,0.62,13.4,6.2571435,8.385715,4.0857143,78.08571,1.6857141,1.6285714,1.7142857,9.814285,6.857143,0.0,0.0,2.1741503e-06,0.0,0.0,True
1992-04-27,0.74,20.2,9.757143,13.057143,5.928571,79.614296,1.6142856,1.5285715,1.8571428,9.6,10.1285715,0.0,0.0,-7.345365000000001e-25,0.0,0.0,True
1992-05-04,0.66,13.0,8.7,11.271429,6.085715,80.12858,1.8000001,1.7571429,1.9857142,10.314285,9.914286,0.0,0.0,-7.345365000000001e-25,0.0,0.0,True
1992-05-11,0.66,27.800001,9.599999,12.6285715,6.3857145,76.957146,2.1714287,2.0714285,2.3142858,10.071428,11.342857,0.0,0.0,-7.345365000000001e-25,0.0,0.0,True
1992-05-18,0.57,3.1,13.842857,18.185715,9.714286,78.6,3.0285714,2.557143,3.1000001,9.6285715,15.842857,0.0,0.0,-7.345365000000001e-25,0.0,0.0,True
1992-05-25,0.48,0.0,18.557144,23.385715,13.8714285,63.4,4.7428575,3.3428571,4.957143,8.085714,20.328571,0.0,0.0,-7.345365000000001e-25,0.0,0.0,True
1992-06-01,0.42,0.0,18.528574,23.157145,12.857142,60.0,4.957143,1.9142858,5.3714285,6.8,20.014286,0.0,0.0,-7.345365000000001e-25,0.0,0.0,True
1992-06-08,0.37,2.7,19.114286,24.1,15.185715,65.22857,4.285714,1.3714286,4.857143,6.385714,20.514286,0.0,0.0,-7.345365000000001e-25,0.0,0.0,True
1992-06-15,0.32,0.0,17.957144,21.928572,13.542857,64.65714,4.028571,0.88571435,4.6857142,6.0142856,20.657143,0.0,0.0,-7.345365000000001e-25,0.0,0.0,True
1992-06-22,0.28,4.3,15.442858,18.600002,12.757143,69.47143,3.4142857,0.7428571,3.9285715,5.7714286,18.614286,0.0,0.0,-7.345365000000001e-25,0.0,0.0,True
1992-06-29,0.18,0.0,19.157145,23.085714,14.1285715,64.72857,4.3,0.5714286,4.6714287,5.5285716,21.87143,0.0,0.0,-7.345365000000001e-25,0.0,0.0,True
1992-07-06,0.24,12.8,18.9,22.414288,15.485715,68.24286,3.8428571,1.1142857,4.4428573,5.5857143,21.27143,0.0,0.0,-7.345365000000001e-25,0.0,0.0,True
1992-07-13,0.2199999999999999,28.0,17.685715,20.528574,14.857142,73.02857,3.1714287,1.4428571,3.642857,5.6,20.614286,0.0,0.0,-7.345365000000001e-25,0.0,0.0,True
1992-07-20,0.27,12.7,18.014286,21.314285,15.257143,73.91429,3.2714286,2.3,3.7571428,5.928571,19.785715,0.0,0.0,-7.345365000000001e-25,0.0,0.0,True
1992-07-27,0.2199999999999999,13.0,19.157145,24.114286,15.785714,71.4,3.5714285,1.9714285,4.1,5.4,21.942858,0.0,0.0,-7.345365000000001e-25,0.0,0.0,True
1992-08-03,0.2199999999999999,6.2,18.685715,22.285715,14.5,70.25715,3.3285713,1.8285714,4.157143,5.257143,20.485714,0.0,0.0,-7.345365000000001e-25,0.0,0.0,True
1992-08-10,0.13,23.2,19.67143,24.857143,15.057143,68.314285,3.4857144,1.1285714,4.4857144,4.9428573,20.757143,0.0,0.0,-7.345365000000001e-25,0.0,0.0,True
1992-08-17,0.0899999999999999,25.5,15.914286,19.257143,13.414286,76.12858,2.6714284,2.1571429,3.0714285,5.742857,17.557142,0.0,0.0,-7.345365000000001e-25,0.0,0.0,True
1992-08-24,-0.0799999999999999,12.799999,16.885715,19.67143,14.17143,74.37142,2.3142858,1.9285715,3.1285713,5.9142857,17.814285,0.0,0.0,-7.345365000000001e-25,0.0,0.0,True
1992-08-31,0.2099999999999999,28.5,16.557142,19.942858,13.857142,81.185715,1.8285714,1.7285715,2.4714284,6.5142856,16.842857,0.0,0.0,-7.345365000000001e-25,0.0,0.0,True
1992-09-07,0.37,48.1,13.557143,16.47143,11.142858,76.84286,1.8857142,1.8714285,2.2142856,8.342857,13.471429,0.0,0.0,-7.345365000000001e-25,0.0,0.0,True
1992-09-14,0.33,5.9,14.2,18.257143,10.785714,72.92857,1.8142856,1.6428573,2.5714285,8.442857,14.771428,0.0,0.0,-7.345365000000001e-25,0.0,0.0,True
1992-09-21,0.25,0.5,14.442858,17.4,11.328572,73.64286,1.4857143,1.2714285,2.3714287,8.242857,14.857142,0.0,0.0,-7.345365000000001e-25,0.0,0.0,True
1992-09-28,0.15,0.3,15.17143,19.185715,11.685715,78.614296,1.2714285,0.9714285,1.9,7.857143,15.442857,0.0,0.0,-7.345365000000001e-25,0.0,0.0,True
1992-10-05,0.18,8.0,12.0,14.514287,9.814286,79.85714,0.95714283,0.7857143,1.7285715,7.5142856,12.7,0.0,0.0,-7.345365000000001e-25,0.0,0.0,True
1992-10-12,0.2099999999999999,12.6,9.942858,12.028571,7.571429,79.24286,0.9285714,0.85714287,1.3714286,8.142858,9.785714,0.0,0.0,-7.345365000000001e-25,0.0,0.0,True
1992-10-19,0.28,17.4,6.642857,9.1285715,3.3999999,79.314285,0.7714285,0.7285714,1.0285715,8.785714,5.9714284,0.0,0.0,-7.345365000000001e-25,0.0,0.0,True
1992-10-26,0.35,29.1,5.7571435,7.7571435,3.557143,86.75715,0.5142857,0.5,0.6857143,9.528571,5.242857,0.0,0.0,-7.345365000000001e-25,0.0,0.0,True
1992-11-02,0.41,20.8,5.085714,7.285714,2.2428572,87.185715,0.4857143,0.4857143,0.5857143,10.242857,4.3428574,0.0,0.0,8.0040525e-07,0.0,0.0,True
1992-11-09,0.48,12.8,7.9857144,10.342857,5.585715,86.74286,0.5857143,0.5714286,0.7428571,10.471429,6.9857144,0.0,0.0,-7.345365000000001e-25,0.0,0.0,True
1992-11-16,0.74,60.9,5.357143,7.7428575,2.8142858,87.814285,0.67142856,0.67142856,0.61428577,11.3,4.3285713,0.0,0.0,0.00017179194,0.0,0.0,True
1992-11-23,0.77,48.2,5.714286,7.4000006,3.5714285,84.21429,0.8,0.8,0.8142857,11.314285,4.4428573,0.0,0.0,5.0470942e-05,0.0,0.0,True
1992-11-30,0.81,28.7,6.6285715,8.942858,3.7285714,86.52857,0.7,0.7,0.5428571,11.171429,5.385714,0.0,0.0,-7.345365000000001e-25,0.0,0.0,True
1992-12-07,0.69,10.6,5.2571425,7.3857145,3.6857145,84.457146,0.6,0.6,0.7428571,10.528571,4.3285713,0.0,0.0,6.512233e-05,0.0,0.0,True
1992-12-14,0.87,32.399998,4.585714,5.328572,2.6571429,87.85714,0.35714287,0.35714287,0.5428571,10.842857,3.3,0.0,0.0,0.00013291268,0.0,0.0,True
1992-12-21,0.66,3.6999998,4.8,6.7571425,3.0142858,86.24286,0.22857143,0.22857143,0.5285714,10.5,3.7,0.0,0.0,-7.345365000000001e-25,0.0,0.0,True
1992-12-28,0.56,0.8,-0.25714287,0.94285715,-1.0714285,92.32857,0.042857144,0.042857144,0.2857143,10.3,0.3,0.0,0.0,0.0007900624,0.0,0.0,True
1993-01-04,0.51,0.0,-3.8714287,-1.757143,-5.7428575,81.1,0.1,0.1,0.42857143,10.233334,-0.8,0.0,0.0,0.00085598516,0.0,0.0,True
1993-01-11,0.78,41.6,4.428571,6.9857144,0.82857144,88.457146,0.5428571,0.5428571,0.5714286,10.857142,1.0714285,0.0,0.0,0.00018083482,0.0,0.0,True
1993-01-18,0.71,4.5,6.8142858,9.900001,4.2428575,78.94286,0.90000004,0.90000004,1.2571429,10.6285715,4.3142858,0.0,0.0,5.4836273e-06,0.0,0.0,True
1993-01-25,0.81,25.9,6.3142858,8.414286,3.8,80.27143,1.2857144,1.2857144,1.2857143,10.5,5.0571427,0.0,0.0,2.8581846e-05,0.0,0.0,True
1993-02-01,0.72,16.1,0.21428576,2.4428573,-2.1571429,85.0,0.24285717,0.24285717,0.5285714,10.842857,0.55714285,0.0,0.0,0.0012083735,0.0,0.0,True
1993-02-08,0.67,5.2000003,3.3714287,4.4,1.3857143,95.814285,0.20000002,0.20000002,0.3285714,10.3,1.6857142,0.0,0.0,0.0003493116,0.0,0.0,True
1993-02-15,0.59,0.70000005,0.7,2.057143,0.057142854,96.22858,0.08571429,0.10000001,0.2857143,10.228572,1.4142857,0.0,0.0,0.00015383108,0.0,0.0,True
1993-02-22,0.62,15.6,3.2428572,5.114286,0.8142857,80.01428,0.82857144,0.82857144,0.98571426,10.471429,2.6714287,0.0,0.0,0.00018400805,0.0,0.0,True
1993-03-01,0.56,7.4,-0.07142855,1.7857143,-2.4,78.01429,0.51428574,0.51428574,0.87142855,10.257143,0.12857144,0.0,0.0,0.000952573,0.0,0.0,True
1993-03-08,0.55,1.7,1.7142857,3.8714287,-0.41428572,83.22858,0.64285713,0.6,0.90000004,10.057143,1.6857142,0.0,0.0,0.0012914226,0.0,0.0,True
1993-03-15,0.6,0.0,4.914286,9.928572,0.8285714,80.057144,0.90000004,0.7571429,1.1142857,9.728572,4.428571,0.0,0.0,3.214677e-05,0.0,0.0,True
1993-03-22,0.52,9.2,7.2000003,10.057143,4.914286,83.34286,1.0571429,0.9714286,1.3285714,9.457143,6.571429,0.0,0.0,-7.345365000000001e-25,0.0,0.0,True
1993-03-29,0.48,2.6,3.4,6.1571426,0.88571423,72.071434,1.5285714,1.3428571,1.8000001,9.228572,4.8285713,0.0,0.0,1.1404355e-05,0.0,0.0,True
1993-04-05,0.47,3.6,6.657143,10.885715,3.0,72.77143,1.442857,1.2428571,1.8857143,8.742857,6.9428573,0.0,0.0,8.96908e-06,0.0,0.0,True
1993-04-12,0.47,6.6,5.2999997,7.914286,2.8857143,75.27143,1.4142858,1.1999999,1.6999999,8.985714,6.2714286,0.0,0.0,2.970582e-05,0.0,0.0,True
1993-04-19,0.46,11.6,7.4428573,10.771429,4.042857,78.22858,1.6,1.3571428,1.8000001,8.585714,8.471429,0.0,0.0,2.5828679e-06,0.0,0.0,True
1993-04-26,0.45,4.5,13.914286,20.114286,8.785714,73.185715,3.0142858,2.5285716,3.1142857,8.271428,14.514286,0.0,0.0,-7.345365000000001e-25,0.0,0.0,True
1993-05-03,0.43,0.0,14.6285715,19.885715,10.328572,70.97143,3.5571425,2.4999998,3.4714284,7.0571427,17.22857,0.0,0.0,-7.345365000000001e-25,0.0,0.0,True
1993-05-10,0.41,4.2,11.8,15.6285715,7.942857,69.47143,3.1000001,1.3714286,3.3285713,6.2285714,14.3,0.0,0.0,-7.345365000000001e-25,0.0,0.0,True
1993-05-17,0.38,1.3,14.071428,19.4,9.7,71.08572,3.3285716,1.1,3.6000001,5.857143,16.557142,0.0,0.0,-7.345365000000001e-25,0.0,0.0,True
1993-05-24,0.36,7.0,15.742858,19.4,12.442857,77.78571,2.9285717,1.2142859,3.1571429,5.8428574,17.5,0.0,0.0,-7.345365000000001e-25,0.0,0.0,True
1993-05-31,0.38,18.199999,13.0,16.2,10.228571,80.44286,2.4857144,1.8285714,2.6142857,6.3142858,14.971429,0.0,0.0,-7.345365000000001e-25,0.0,0.0,True
1993-06-07,0.33,1.2,15.271429,18.942858,11.714286,73.542854,3.1142857,2.2,3.5857143,6.4,18.485714,0.0,0.0,-7.345365000000001e-25,0.0,0.0,True
1993-06-14,0.35,16.2,16.528572,20.085714,13.428572,74.47143,3.4428573,1.657143,3.5142858,5.7285714,20.0,0.0,0.0,-7.345365000000001e-25,0.0,0.0,True
1993-06-21,0.35,18.1,14.085715,16.300001,12.057143,77.814285,2.5857143,1.7857143,2.8857143,5.957143,15.814285,0.0,0.0,-7.345365000000001e-25,0.0,0.0,True
1993-06-28,0.28,10.7,12.8,15.342857,10.842857,75.41429,2.7999997,2.2285714,3.0571427,5.8,15.071428,0.0,0.0,-7.345365000000001e-25,0.0,0.0,True
1993-07-05,0.17,0.5,15.842857,18.84286,12.800001,77.62858,3.1714287,1.5571429,3.3285713,5.1857142,19.857143,0.0,0.0,-7.345365000000001e-25,0.0,0.0,True
1993-07-12,0.29,15.4,14.742858,17.814287,11.685715,72.35714,2.9285715,1.5285714,3.457143,4.9142857,16.471428,0.0,0.0,-7.345365000000001e-25,0.0,0.0,True
1993-07-19,0.3,18.4,15.67143,18.414288,12.542857,79.41429,2.3714283,1.557143,2.8285713,5.071429,17.471428,0.0,0.0,-7.345365000000001e-25,0.0,0.0,True
1993-07-26,0.51,127.0,15.142858,17.500002,13.357142,82.057144,2.6,2.4714284,2.7428572,6.9714284,16.37143,0.0,0.0,-7.345365000000001e-25,0.0,0.0,True
1993-08-02,0.65,24.8,16.4,19.457144,13.1,83.814285,2.3285713,2.3285716,2.6142857,9.8,17.385714,0.0,0.0,-7.345365000000001e-25,0.0,0.0,True
1993-08-09,0.64,51.2,16.071428,19.328571,13.214286,81.48572,2.085714,2.0285714,2.4714284,9.942857,17.114286,0.0,0.0,-7.345365000000001e-25,0.0,0.0,True
1993-08-16,0.66,24.800001,15.885715,18.97143,13.0,78.814285,2.3857143,2.3428571,2.8,10.285714,16.7,0.0,0.0,-7.345365000000001e-25,0.0,0.0,True
1993-08-23,0.63,19.9,14.471429,16.828571,12.271429,77.47143,1.9428569,1.7571428,2.8,9.842857,16.257143,0.0,0.0,-7.345365000000001e-25,0.0,0.0,True
1993-08-30,0.59,13.6,13.742858,16.142857,10.7,77.64286,1.9142857,1.8285713,2.6000001,10.057143,14.885715,0.0,0.0,-7.345365000000001e-25,0.0,0.0,True
1993-09-06,0.55,14.200001,13.471429,15.185715,11.728572,79.38572,1.5857143,1.5,2.357143,9.942857,13.828571,0.0,0.0,-7.345365000000001e-25,0.0,0.0,True
1993-09-13,0.66,45.0,13.542857,16.442858,10.928572,85.828575,1.2428571,1.1999999,1.7142857,10.571428,14.528571,0.0,0.0,-7.345365000000001e-25,0.0,0.0,True
1993-09-20,0.69,12.7,11.314286,14.242857,8.114286,80.88572,1.2285715,1.1857144,1.7428571,10.728572,11.885715,0.0,0.0,-7.345365000000001e-25,0.0,0.0,True
1993-09-27,1.0,69.100006,12.471429,14.185715,11.142858,89.4,0.7285714,0.7,1.0714285,11.2,12.542857,0.0,0.0,-7.345365000000001e-25,0.0,0.0,True
1993-10-04,0.78,18.3,10.985715,13.457144,8.557143,83.84286,0.9142857,0.88571423,1.4428571,10.528571,11.3714285,0.0,0.0,-7.345365000000001e-25,0.0,0.0,True
1993-10-11,0.85,32.0,12.071428,15.114286,9.342857,89.01429,0.7285714,0.7285714,1.0142857,10.9,11.557143,0.0,0.0,-7.345365000000001e-25,0.0,0.0,True
1993-10-18,0.99,51.6,8.085714,11.6285715,5.2571425,79.02857,0.85714287,0.85714287,1.1857144,11.171429,7.8142858,0.0,0.0,-7.345365000000001e-25,0.0,0.0,True
1993-10-25,0.78,2.7,5.8,8.428572,3.0,83.35714,0.4714286,0.4714286,0.82857144,10.271428,5.1571426,0.0,0.0,-7.345365000000001e-25,0.0,0.0,True
1993-11-01,0.69,0.0,5.8428574,7.857143,3.914286,87.042854,0.27142856,0.27142856,0.5857143,10.057143,5.5142856,0.0,0.0,-7.345365000000001e-25,0.0,0.0,True
1993-11-08,0.62,0.1,4.971429,6.2714286,3.3,90.27143,0.22857141,0.21428572,0.5142857,9.928572,4.6285715,0.0,0.0,-7.345365000000001e-25,0.0,0.0,True
1993-11-15,0.64,21.8,6.042857,7.8857145,4.6,86.62858,0.5571429,0.5571429,0.62857145,10.414286,5.114286,0.0,0.0,-7.345365000000001e-25,0.0,0.0,True
1993-11-22,0.59,2.0,-1.0571429,1.4428571,-3.0285716,81.11428,0.15714286,0.15714286,0.4857143,10.428572,3.1720660000000005e-17,0.0,0.0,0.00023331528,0.0,0.0,True
1993-11-29,0.54,0.0,-1.9,-0.24285714,-4.257143,87.3,0.028571429,0.028571429,0.31428573,10.285714,-1.1142857,0.0,0.0,0.0017796528,0.0,0.0,True
1993-12-06,0.54,7.1,3.2285714,4.7571435,0.6999999,90.67143,0.27142859,0.27142859,0.45714286,10.3,1.5714285,0.0,0.0,0.000627705,0.0,0.0,True
1993-12-13,1.0,74.5,3.957143,5.8,2.7,90.15715,0.61428577,0.61428577,0.5,11.385715,3.1714287,0.0,0.0,0.0009060133,0.0,0.0,True
1993-12-20,1.15,27.3,3.9714286,6.0285716,1.3142856,87.700005,0.64285713,0.64285713,0.61428577,11.328571,2.9,0.0,0.0,0.0053846496,0.0,0.0,True
1993-12-27,0.94,16.5,2.0,2.8714287,0.87142855,91.75715,0.25714287,0.25714287,0.4,10.9,1.0714285,0.0,0.0,0.0017635595,0.0,0.0,True
1994-01-03,0.96,24.8,2.8142858,4.0285716,1.5142858,93.27143,0.25,0.25,0.3,11.05,1.9,0.0,0.0,0.001581402,0.0,0.0,True
1994-01-10,0.87,7.4,4.1857142,5.6142855,2.4857142,90.51429,0.35714284,0.35714284,0.47142857,10.6285715,2.857143,0.0,0.0,0.00021856172,0.0,0.0,True
1994-01-17,0.83,21.7,3.9714286,6.1,2.1142857,86.04286,0.51428574,0.51428574,0.55714285,10.557143,3.2714286,0.0,0.0,2.6413372e-05,0.0,0.0,True
1994-01-24,0.92,18.9,4.1714287,5.2714286,2.3857143,89.65715,0.62857145,0.62857145,0.5142857,10.5,2.942857,0.0,0.0,0.00012925125,0.0,0.0,True
1994-01-31,0.98,29.1,4.7571425,6.457143,2.2142856,85.87144,1.0857142,1.0857142,0.7714286,11.171429,3.6142857,0.0,0.0,2.7032125e-05,0.0,0.0,True
1994-02-07,0.78,2.3999999,2.2428572,3.3285716,1.2571429,85.9,0.5142857,0.5,0.62857145,10.342857,1.7571429,0.0,0.0,0.0009043274,0.0,0.0,True
1994-02-14,0.65,2.5,0.057142872,2.3285713,-1.9285715,77.27143,0.2857143,0.27142856,0.8142857,10.3,0.8,0.0,0.0,0.00057381106,0.0,0.0,True
1994-02-21,0.58,2.1,-3.2571428,-0.3,-6.2000003,70.61429,0.22857141,0.21428572,0.9285714,10.185715,-1.9714285,0.0,0.0,0.00084399607,0.0,0.0,True
1994-02-28,0.55,18.4,-0.51428574,1.5571429,-4.257143,90.0,0.17142858,0.17142858,0.44285718,10.314285,-0.37142858,0.0,0.0,0.0029528993,0.0,0.0,True
1994-03-07,0.87,19.5,4.285714,6.8857145,1.8285716,86.457146,0.82857144,0.82857144,0.8714286,10.8,2.442857,0.0,0.0,0.0017399447,0.0,0.0,True
1994-03-14,0.88,20.5,6.1,8.657144,3.7142856,85.51428,1.1714286,1.1714286,1.0714285,10.428572,5.542857,0.0,0.0,3.2356806e-07,0.0,0.0,True
1994-03-21,0.86,15.9,3.5285716,5.714286,1.2571429,81.35714,1.2428571,1.2428571,1.1714286,10.785714,3.8285713,0.0,0.0,0.0012529974,0.0,0.0,True
1994-03-28,0.92,26.7,6.0285716,8.414286,3.2428572,80.27143,1.3142859,1.3142859,1.4142857,10.771428,5.542857,0.0,0.0,0.00018573942,0.0,0.0,True
1994-04-04,0.86,23.0,7.571429,10.857142,4.8857145,79.75714,1.7,1.7,1.6714286,10.414286,7.5142856,0.0,0.0,3.790288e-05,0.0,0.0,True
1994-04-11,0.79,13.3,5.8428574,9.157143,2.6142857,79.41429,1.5285714,1.5142857,1.6428572,10.5,6.857143,0.0,0.0,4.7763187e-05,0.0,0.0,True
1994-04-18,0.7,4.4,6.914286,9.442857,4.642857,78.957146,1.5857143,1.4428571,1.7428571,9.942857,8.057143,0.0,0.0,-7.345365000000001e-25,0.0,0.0,True
1994-04-25,0.62,3.0,10.8,14.900001,6.8857145,72.98572,2.4142857,1.9857143,2.5714285,9.2,12.042857,0.0,0.0,-7.345365000000001e-25,0.0,0.0,True
1994-05-02,0.56,1.1,11.357142,14.957144,8.528571,78.41429,2.0142858,1.5714285,2.2428572,8.442857,13.542857,0.0,0.0,-7.345365000000001e-25,0.0,0.0,True
1994-05-09,0.54,14.7,11.657144,15.357142,7.957143,79.14286,2.3714283,1.9714286,2.3428571,8.171429,12.957143,0.0,0.0,-7.345365000000001e-25,0.0,0.0,True
1994-05-16,0.55,20.7,13.714286,17.857143,9.7,74.62858,3.242857,2.385714,3.4428573,7.5285716,15.885715,0.0,0.0,-7.345365000000001e-25,0.0,0.0,True
1994-05-23,0.53,13.400001,12.528572,15.585715,10.042857,81.92857,2.142857,1.857143,2.4857142,7.742857,14.8,0.0,0.0,-7.345365000000001e-25,0.0,0.0,True
1994-05-30,0.47,3.6999998,11.385715,13.685715,9.085714,74.22858,2.3999999,1.957143,2.957143,7.571429,14.657143,0.0,0.0,-7.345365000000001e-25,0.0,0.0,True
1994-06-06,0.58,43.7,13.342857,16.800001,10.17143,77.35714,2.7428572,2.3714287,2.8428571,7.257143,14.757143,0.0,0.0,-7.345365000000001e-25,0.0,0.0,True
1994-06-13,0.58,19.2,12.885715,15.071428,10.985715,78.92857,2.5142856,2.1857142,2.7714286,7.5142856,15.3,0.0,0.0,-7.345365000000001e-25,0.0,0.0,True
1994-06-20,0.51,9.0,13.1,15.485715,10.485715,73.22858,2.7428572,2.0857143,3.142857,6.957143,15.257143,0.0,0.0,-7.345365000000001e-25,0.0,0.0,True
1994-06-27,0.55,27.800001,16.557142,20.328571,13.114286,72.02857,3.7428572,2.857143,3.857143,6.6,18.885714,0.0,0.0,-7.345365000000001e-25,0.0,0.0,True
1994-07-04,0.47,22.8,19.34286,23.757143,14.428572,72.54286,4.285714,2.4857142,4.4,5.9428573,22.7,0.0,0.0,-7.345365000000001e-25,0.0,0.0,True
1994-07-11,0.49,12.400001,18.114286,21.014286,14.585715,77.38572,3.1142857,2.4142857,3.5285716,6.885714,21.171429,0.0,0.0,-7.345365000000001e-25,0.0,0.0,True
1994-07-18,0.42,0.0,20.800001,24.885715,17.057142,65.01429,4.3857145,2.7428572,5.1142855,5.757143,24.242857,0.0,0.0,-7.345365000000001e-25,0.0,0.0,True
1994-07-25,0.34,0.0,22.928572,27.542858,17.800001,61.87143,5.071429,1.2428571,5.6857142,4.957143,25.22857,0.0,0.0,-7.345365000000001e-25,0.0,0.0,True
1994-08-01,0.34,4.8,23.485716,28.128572,19.428572,73.02857,3.8857143,0.9857143,4.4857144,4.785714,25.757143,0.0,0.0,-7.345365000000001e-25,0.0,0.0,True
1994-08-08,0.2299999999999999,0.0,21.542858,26.157145,17.942858,64.942856,4.1,0.62857145,5.1571426,4.6571426,24.914286,0.0,0.0,-7.345365000000001e-25,0.0,0.0,True
1994-08-15,0.36,30.0,17.314287,20.714285,14.528572,73.14286,2.885714,1.8142856,3.5285716,5.4,18.942858,0.0,0.0,-7.345365000000001e-25,0.0,0.0,True
1994-08-22,0.33,7.1,15.900001,19.17143,12.900001,77.12858,2.3,1.8857143,2.857143,6.5,17.342857,0.0,0.0,-7.345365000000001e-25,0.0,0.0,True
1994-08-29,0.42,52.3,16.142857,19.642857,12.785714,78.98572,2.2,2.0285714,2.7285714,6.857143,17.442858,0.0,0.0,-7.345365000000001e-25,0.0,0.0,True
1994-09-05,0.48,34.800003,14.900001,18.1,12.342857,85.328575,1.7285715,1.6142857,1.9857142,7.571429,16.057142,0.0,0.0,-7.345365000000001e-25,0.0,0.0,True
1994-09-12,0.54,23.900002,13.900001,17.257143,11.1285715,79.52857,1.7142856,1.7,2.1,9.014286,14.157143,0.0,0.0,-7.345365000000001e-25,0.0,0.0,True
1994-09-19,0.89,76.4,13.057143,15.400001,11.1285715,85.614296,1.3857144,1.3714286,1.5142858,10.914286,12.985714,0.0,0.0,-7.345365000000001e-25,0.0,0.0,True
1994-09-26,0.65,0.0,13.385715,16.171429,10.5,84.82857,1.1428572,1.057143,1.6,10.1,14.042857,0.0,0.0,-7.345365000000001e-25,0.0,0.0,True
1994-10-03,0.6,17.5,12.3,14.585715,10.285714,76.114296,1.1285714,1.0714287,1.8857143,9.714286,12.257143,0.0,0.0,-7.345365000000001e-25,0.0,0.0,True
1994-10-10,0.59,15.3,7.5285716,10.5,4.3714285,80.90001,0.8000001,0.7857143,1.1571429,10.242857,7.7285714,0.0,0.0,-7.345365000000001e-25,0.0,0.0,True
1994-10-17,0.54,0.1,9.014285,11.971429,6.0285716,79.84286,0.61428577,0.54285717,1.0714285,9.942857,9.014286,0.0,0.0,-7.345365000000001e-25,0.0,0.0,True
1994-10-24,0.53,10.3,8.028571,11.085715,4.7571425,72.0,0.94285715,0.8428572,1.6714286,9.728572,7.3142858,0.0,0.0,-7.345365000000001e-25,0.0,0.0,True
1994-10-31,0.7,39.2,9.242857,11.228571,7.142857,88.47143,0.7571429,0.7714286,0.7,10.471429,8.442857,0.0,0.0,-7.345365000000001e-25,0.0,0.0,True
1994-11-07,0.68,7.1,8.528571,11.057143,5.957143,84.87144,0.64285713,0.6285714,0.8,10.728572,7.3428574,0.0,0.0,-7.345365000000001e-25,0.0,0.0,True
1994-11-14,0.68,18.400002,6.457143,8.142858,3.957143,85.11428,0.4857143,0.45714286,0.7714286,10.314285,5.9714284,0.0,0.0,-7.345365000000001e-25,0.0,0.0,True
1994-11-21,0.88,38.100002,8.242857,10.657144,5.957143,87.471436,0.67142856,0.67142856,0.64285713,11.1,6.9714284,0.0,0.0,-7.345365000000001e-25,0.0,0.0,True
1994-11-28,0.74,5.0,8.1,9.785714,6.2000003,92.72858,0.2857143,0.2857143,0.41428572,10.514286,7.0571427,0.0,0.0,-7.345365000000001e-25,0.0,0.0,True
1994-12-05,0.68,7.6,5.6285715,7.7428575,3.3285716,89.97143,0.24285714,0.25714284,0.4857143,10.285714,4.285714,0.0,0.0,-7.345365000000001e-25,0.0,0.0,True
1994-12-12,0.86,36.8,8.0,9.685715,5.585715,87.299995,0.7285715,0.7285715,0.7571429,10.914286,6.2285714,0.0,0.0,-7.345365000000001e-25,0.0,0.0,True
1994-12-19,0.79,8.5,4.357143,6.4428573,2.0857143,84.90001,0.32857147,0.32857147,0.5428571,10.671429,2.8714285,0.0,0.0,6.81196e-08,0.0,0.0,True
1994-12-26,0.71,14.3,-0.042857118,1.6000001,-1.2285715,93.78571,0.10000001,0.10000001,0.18571429,10.328571,0.6857143,0.0,0.0,0.00012094066,0.0,0.0,True
1995-01-02,0.98,40.2,5.2571435,7.585714,3.3285716,85.17143,0.86,0.86,0.78571427,11.48,4.44,0.0,0.0,0.0007741792,0.0,0.0,True
1995-01-09,0.8,21.2,-3.5857143,-1.8000001,-5.8428574,90.72857,0.057142857,0.057142857,0.21428572,10.7,-1.4428571,0.0,0.0,0.002460247,0.0,0.0,True
1995-01-16,0.9,8.8,3.057143,4.6714287,1.0857143,86.64286,0.5142857,0.5142857,0.51428574,10.685715,0.51428574,0.0,0.0,0.00026469002,0.0,0.0,True
1995-01-23,1.12,41.1,4.1142855,5.7571425,2.1571429,81.21429,0.82857144,0.82857144,0.7571429,10.742857,2.2,0.0,0.0,0.00020759446,0.0,0.0,True
1995-01-30,1.2,48.3,4.1,6.785714,1.8428571,88.471436,0.6857143,0.6857143,0.59999996,11.542857,3.1,0.0,0.0,0.0020386265,0.0,0.0,True
1995-02-06,0.97,11.700001,5.2428575,6.857143,2.857143,87.15715,0.5857143,0.5857143,0.7,10.828571,3.7142856,0.0,0.0,0.00024709248,0.0,0.0,True
1995-02-13,0.84,11.9,4.3714285,6.6857142,2.1571429,81.71429,0.7857143,0.7857143,0.9714286,10.571428,3.2714286,0.0,0.0,0.00039866992,0.0,0.0,True
1995-02-20,0.85,37.600002,6.142857,8.357142,4.642857,83.51429,1.2714285,1.2714285,0.98571426,10.857142,5.3,0.0,0.0,6.073997e-07,0.0,0.0,True
1995-02-27,0.81,14.9,3.8142858,5.928571,2.0428572,84.542854,0.7714285,0.7714285,0.9428572,10.485714,3.3428571,0.0,0.0,2.2706531e-07,0.0,0.0,True
1995-03-06,0.86,19.6,4.4428573,6.6,1.9428571,81.64286,1.1714286,1.1714286,1.1428572,10.4,3.8,0.0,0.0,0.0009802353,0.0,0.0,True
1995-03-13,0.74,0.2,4.3714285,8.171429,0.9714286,74.42857,1.3142856,1.2,1.4714286,10.114285,4.1571426,0.0,0.0,0.00066210545,0.0,0.0,True
1995-03-20,0.77,21.400002,3.2428572,6.057143,0.50000006,80.5,1.3428572,1.3285714,1.2857143,10.185715,3.5428572,0.0,0.0,0.0006565253,0.0,0.0,True
1995-03-27,0.85,18.8,5.414286,7.7000003,2.7142856,77.15715,1.5000001,1.4714286,1.5142858,10.228572,5.114286,0.0,0.0,0.00047528176,0.0,0.0,True
1995-04-03,0.91,17.8,5.1142855,7.2714286,2.757143,84.74286,1.1714286,1.1714286,1.3000001,10.514286,5.071429,0.0,0.0,0.0047745137,0.0,0.0,True
1995-04-10,0.75,4.0,6.5,8.8,4.6714287,77.57143,1.542857,1.4857142,1.7142857,9.985714,7.042857,0.0,0.0,4.5413064e-08,0.0,0.0,True
1995-04-17,0.71,13.0,6.228572,8.614286,4.457143,86.77143,1.4,1.2571428,1.3571428,9.671429,8.442857,0.0,0.0,-7.345365000000001e-25,0.0,0.0,True
1995-04-24,0.68,7.0,9.042857,13.014287,5.3857145,76.24286,2.4857142,2.2714286,2.3142858,9.957143,10.3714285,0.0,0.0,-7.345365000000001e-25,0.0,0.0,True
1995-05-01,0.6,0.0,9.857142,13.285714,6.2428575,69.814285,2.457143,1.8857143,2.8714287,8.885715,12.728572,0.0,0.0,-7.345365000000001e-25,0.0,0.0,True
1995-05-08,0.59,1.9000001,12.885715,16.77143,9.057143,68.82857,3.042857,2.3,3.2571428,7.8142858,16.1,0.0,0.0,-7.345365000000001e-25,0.0,0.0,True
1995-05-15,0.53,9.4,8.6285715,11.357142,6.3142858,72.22858,2.2285714,1.7285713,2.5857143,7.3142858,11.157143,0.0,0.0,-7.345365000000001e-25,0.0,0.0,True
1995-05-22,0.5,9.599999,9.085714,11.800001,6.0,71.828575,2.3999999,1.8714286,2.6714287,7.3285713,11.842857,0.0,0.0,-7.345365000000001e-25,0.0,0.0,True
1995-05-29,0.52,20.3,15.071428,19.214285,11.242858,79.114296,2.8428571,2.2428572,2.8857143,7.142857,17.314285,0.0,0.0,-7.345365000000001e-25,0.0,0.0,True
1995-06-05,0.56,7.2,13.514285,15.514287,10.914286,81.35714,2.2142859,1.857143,2.5142858,7.757143,16.3,0.0,0.0,-7.345365000000001e-25,0.0,0.0,True
1995-06-12,0.57,28.1,11.928572,14.414286,9.928572,81.67143,2.1571429,2.0142858,2.3999999,8.485714,13.785714,0.0,0.0,-7.345365000000001e-25,0.0,0.0,True
1995-06-19,0.68,40.399998,12.885715,15.214286,10.842857,83.457146,2.3142858,2.1857142,2.2428572,9.157143,14.642858,0.0,0.0,-7.345365000000001e-25,0.0,0.0,True
1995-06-26,0.57,0.8,16.285715,19.17143,12.742858,79.98572,3.1571426,2.5,3.3285713,8.414286,18.757143,0.0,0.0,-7.345365000000001e-25,0.0,0.0,True
1995-07-03,0.49,0.7,17.185715,20.985716,13.985715,72.67143,3.8142855,2.6142857,3.9714284,7.1,21.87143,0.0,0.0,-7.345365000000001e-25,0.0,0.0,True
1995-07-10,0.42,0.4,18.1,22.199999,14.442858,75.14286,3.7428572,1.6999999,4.1857142,6.3714285,20.87143,0.0,0.0,-7.345365000000001e-25,0.0,0.0,True
1995-07-17,0.41,24.5,19.628572,24.2,15.871429,78.685715,3.542857,2.2285714,4.114286,6.4,22.742857,0.0,0.0,-7.345365000000001e-25,0.0,0.0,True
1995-07-24,0.37,13.1,19.257143,22.742859,16.185715,72.64286,3.3714287,2.6285713,4.1,6.5285716,21.742857,0.0,0.0,-7.345365000000001e-25,0.0,0.0,True
1995-07-31,0.32,0.1,21.314287,25.042858,17.328571,68.91429,4.071429,1.9142858,4.7999997,5.885714,23.542856,0.0,0.0,-7.345365000000001e-25,0.0,0.0,True
1995-08-07,0.26,0.0,20.385715,23.671429,17.528572,72.21429,3.8999999,0.75714284,4.6857142,5.242857,23.785715,0.0,0.0,-7.345365000000001e-25,0.0,0.0,True
1995-08-14,0.2199999999999999,6.8,19.757143,24.214285,14.614286,66.11429,3.7285714,0.5142857,4.3714285,5.0285716,22.757143,0.0,0.0,-7.345365000000001e-25,0.0,0.0,True
1995-08-21,0.16,0.0,20.457144,23.185715,17.242857,78.01429,2.9714286,0.40000004,3.6142857,4.857143,22.928572,0.0,0.0,-7.345365000000001e-25,0.0,0.0,True
1995-08-28,0.28,36.1,17.885715,22.128572,15.371429,73.92857,2.7571428,1.8428571,3.3857143,5.6857142,19.685715,0.0,0.0,-7.345365000000001e-25,0.0,0.0,True
1995-09-04,0.25,39.2,15.285714,17.885715,11.942858,72.5,2.142857,1.7142857,3.1000001,6.428571,15.985714,0.0,0.0,-7.345365000000001e-25,0.0,0.0,True
1995-09-11,0.34,10.0,16.114286,19.542858,13.185715,78.814285,1.8714286,1.7857143,2.3142858,7.7714286,16.257143,0.0,0.0,-7.345365000000001e-25,0.0,0.0,True
1995-09-18,0.41,42.600002,15.542857,18.942858,12.7,82.72858,1.5714285,1.4714286,2.0571427,9.214286,16.357143,0.0,0.0,-7.345365000000001e-25,0.0,0.0,True
1995-09-25,0.4,7.5,14.185715,16.671429,11.6,80.200005,1.1999999,1.0571429,1.9285715,8.928572,14.742857,0.0,0.0,-7.345365000000001e-25,0.0,0.0,True
1995-10-02,0.5,52.7,10.371429,12.971429,7.7285714,78.47143,1.457143,1.4428571,1.7142857,10.285714,9.657143,0.0,0.0,-7.345365000000001e-25,0.0,0.0,True
1995-10-09,0.46,5.7,15.571428,19.257143,12.1285715,83.82857,1.0285714,0.9857143,1.4285715,10.157143,14.457143,0.0,0.0,-7.345365000000001e-25,0.0,0.0,True
1995-10-16,0.43,0.0,14.871429,17.242857,12.642858,89.14286,0.5857143,0.5,0.87142855,9.8,15.157143,0.0,0.0,-7.345365000000001e-25,0.0,0.0,True
1995-10-23,0.38,20.0,10.8,13.657144,8.1285715,79.07143,0.8142857,0.75714284,1.2857143,9.7,10.457143,0.0,0.0,-7.345365000000001e-25,0.0,0.0,True
1995-10-30,0.34,3.8000002,10.928572,14.285714,7.7000003,83.471436,0.65714294,0.61428577,0.9285714,9.614285,9.5,0.0,0.0,-7.345365000000001e-25,0.0,0.0,True
1995-11-06,0.47,19.3,6.2714286,8.671429,2.8285713,77.17143,0.68571424,0.67142856,1.1857144,10.142858,4.8285713,0.0,0.0,3.292447e-07,0.0,0.0,True
1995-11-13,0.5,7.7000003,7.157143,9.185715,5.1714287,91.185715,0.3142857,0.3142857,0.5,10.142858,6.5142856,0.0,0.0,-7.345365000000001e-25,0.0,0.0,True
1995-11-20,0.55,20.0,4.785714,7.5,2.4142857,80.94286,0.44285712,0.44285712,0.7571429,10.328571,3.6857142,0.0,0.0,1.4923868e-05,0.0,0.0,True
1995-11-27,0.53,0.8,5.0,7.2428575,2.457143,84.0,0.25714287,0.22857144,0.42857143,10.285714,3.1,0.0,0.0,3.882817e-06,0.0,0.0,True
1995-12-04,0.46,1.3,0.34285715,2.0857143,-1.1714286,88.48572,0.12857142,0.12857142,0.35714287,10.1285715,0.55714285,0.0,0.0,0.00010601679,0.0,0.0,True
1995-12-11,0.44,0.8,-1.1571429,0.62857145,-3.5000002,88.314285,0.028571429,0.028571429,0.3857143,10.1,-1.0285715,0.0,0.0,0.0024807453,0.0,0.0,True
1995-12-18,0.42,0.0,-1.0857143,0.5142857,-2.4428573,88.1,0.057142857,0.057142857,0.3,10.085714,-1.3571428,0.0,0.0,0.00059019384,0.0,0.0,True
1995-12-25,0.5,30.1,-0.014285684,2.7285714,-2.5142858,88.08572,0.08571429,0.08571429,0.31428573,10.5,-0.95714283,0.0,0.0,0.0010032995,0.0,0.0,True
1996-01-01,0.46,0.8,-5.928571,-3.7285714,-8.142858,84.92857,0.0,0.0,0.27142859,10.4,-2.55,0.0,0.0,0.007260748,0.0,0.0,True
1996-01-08,0.44,0.6,-2.6714287,-1.1428572,-5.057143,88.1,0.028571429,0.028571429,0.29999998,10.3,-2.0428572,0.0,0.0,0.006470198,0.0,0.0,True
1996-01-15,0.44,0.5,2.0428572,4.557143,0.40000004,92.41429,0.17142858,0.17142858,0.18571427,10.2,0.114285715,0.0,0.0,0.0008566777,0.0,0.0,True
1996-01-22,0.44,0.3,-2.0285714,-0.41428572,-3.2285714,89.42857,0.0,0.0,0.3857143,10.1,-1.2857143,0.0,0.0,0.0011327267,0.0,0.0,True
1996-01-29,0.38,1.1,-5.1571426,-3.3428574,-7.057143,71.700005,0.0,0.0,0.7571429,10.1,-4.542857,0.0,0.0,0.0019713868,0.0,0.0,True
1996-02-05,0.36,2.1000001,-3.3428574,-1.1999999,-6.157143,86.51428,0.0,0.0,0.37142858,10.142858,-2.942857,0.0,0.0,0.0036592598,0.0,0.0,True
1996-02-12,0.4,15.0,-5.0285716,-3.1857145,-7.8428574,79.21429,0.1,0.1,0.5285714,10.257143,-3.7714286,0.0,0.0,0.0046151537,0.0,0.0,True
1996-02-19,0.59,26.1,0.24285717,2.1857142,-1.5285715,91.65715,0.35714287,0.35714287,0.40000004,10.757143,0.057142857,0.0,0.0,0.006365112,0.0,0.0,True
1996-02-26,0.52,3.4,-0.59999996,1.5857143,-3.057143,78.47143,0.29999998,0.2857143,0.78571427,10.571428,0.14285715,0.0,0.0,0.007328987,0.0,0.0,True
1996-03-04,0.52,0.4,-0.25714284,2.057143,-2.2857144,88.98572,0.4857143,0.45714286,0.5142857,10.1285715,0.42857143,0.0,0.0,0.001352804,0.0,0.0,True
1996-03-11,0.51,0.2,0.41428572,2.6571429,-1.3142859,78.64286,0.8142857,0.7,1.0571429,9.857142,0.62857145,0.0,0.0,0.0010352135,0.0,0.0,True
1996-03-18,0.48,0.1,-0.05714283,1.5285714,-1.7142857,80.814285,0.4571429,0.3857143,0.95714283,9.585714,0.25714287,0.0,0.0,0.00060746213,0.0,0.0,True
1996-03-25,0.46,4.5,2.7428572,6.214286,0.20000002,85.314285,0.8000001,0.6714286,0.8142857,9.357142,2.5714285,0.0,0.0,0.00029286317,0.0,0.0,True
1996-04-01,0.48,3.1,1.4714286,3.6857145,-0.2857143,80.0,0.9857144,0.87142855,1.1857144,9.157143,2.4285715,0.0,0.0,0.00043571563,0.0,0.0,True
1996-04-08,0.46,0.0,4.7428575,9.085714,0.7285715,79.1,1.5428572,1.1714286,1.5714285,8.7,5.7,0.0,0.0,0.00032058216,0.0,0.0,True
1996-04-15,0.46,6.9,5.3,8.571428,1.9714288,75.14286,1.5857143,1.3000001,1.6571429,8.328571,7.114286,0.0,0.0,1.7705417e-05,0.0,0.0,True
1996-04-22,0.46,0.0,14.185715,19.77143,8.0,55.128574,3.5142858,2.457143,3.7285714,7.4428573,13.485714,0.0,0.0,5.676633e-07,0.0,0.0,True
1996-04-29,0.48,5.7000003,9.900001,13.328572,7.7428575,80.88572,2.1285715,1.4285715,2.2,6.6571426,12.942857,0.0,0.0,-7.345365000000001e-25,0.0,0.0,True
1996-05-06,0.45,0.8,8.514286,11.242857,5.457143,75.557144,1.9714288,1.042857,2.1714287,6.3,10.542857,0.0,0.0,-7.345365000000001e-25,0.0,0.0,True
1996-05-13,0.46,4.5,8.157144,10.599999,5.5142856,79.34286,1.9285713,0.8000001,2.057143,6.0,10.342857,0.0,0.0,-7.345365000000001e-25,0.0,0.0,True
1996-05-20,0.51,25.599998,9.6,12.5,7.2000003,82.07143,1.8999999,1.1714287,1.8571428,6.142857,11.685715,0.0,0.0,-7.345365000000001e-25,0.0,0.0,True
1996-05-27,0.57,31.9,11.3,15.042857,8.328572,82.08572,2.1857142,1.9285715,2.2428572,6.957143,13.6,0.0,0.0,-7.345365000000001e-25,0.0,0.0,True
1996-06-03,0.55,5.2000003,13.185715,16.985714,9.900001,77.08571,2.2999997,1.8999999,2.8,7.114286,14.928572,0.0,0.0,-7.345365000000001e-25,0.0,0.0,True
1996-06-10,0.49,5.1000004,18.985716,24.47143,14.014287,75.22858,3.8285716,2.8285716,4.1,6.357143,21.414286,0.0,0.0,-7.345365000000001e-25,0.0,0.0,True
1996-06-17,0.46,0.2,13.785714,17.257143,11.400001,77.74286,3.114286,1.8428571,3.3999999,5.642857,17.957144,0.0,0.0,-7.345365000000001e-25,0.0,0.0,True
1996-06-24,0.42,3.7,11.557143,13.685715,9.857142,77.14286,2.0285716,1.1,2.457143,5.285714,13.771428,0.0,0.0,-7.345365000000001e-25,0.0,0.0,True
1996-07-01,0.43,11.2,13.1285715,15.300001,11.342857,81.942856,2.0,1.1999999,2.2428572,5.242857,14.757143,0.0,0.0,-7.345365000000001e-25,0.0,0.0,True
1996-07-08,0.4,23.9,14.414286,17.357143,11.757143,77.27143,2.8571432,2.4857144,3.1857142,5.9428573,16.385714,0.0,0.0,-7.345365000000001e-25,0.0,0.0,True
1996-07-15,0.35,0.3,15.214286,17.87143,13.057143,80.057144,2.3999999,1.5714285,2.7857144,5.4714284,17.12857,0.0,0.0,-7.345365000000001e-25,0.0,0.0,True
1996-07-22,0.26,0.0,16.414286,19.685715,12.685715,67.21429,3.457143,1.1142857,3.9285715,4.8285713,18.8,0.0,0.0,-7.345365000000001e-25,0.0,0.0,True
1996-07-29,0.3,16.5,17.257143,21.557144,14.214286,75.94286,2.742857,1.8571428,3.042857,5.0,19.242857,0.0,0.0,-7.345365000000001e-25,0.0,0.0,True
1996-08-05,0.28,15.5,16.7,19.7,13.514287,79.314285,2.6285713,1.1857144,3.3285713,4.6857142,19.114286,0.0,0.0,-7.345365000000001e-25,0.0,0.0,True
1996-08-12,0.28,8.3,19.100002,22.67143,15.642858,75.57143,3.085714,1.5285714,3.5,4.6714287,20.642857,0.0,0.0,-7.345365000000001e-25,0.0,0.0,True
1996-08-19,0.18,0.0,18.828571,22.414288,15.642858,79.61428,2.6571429,1.2,3.2714286,4.7,21.057142,0.0,0.0,-7.345365000000001e-25,0.0,0.0,True
1996-08-26,0.13,4.9,20.114286,25.928572,16.285715,71.957146,3.2285714,1.2285713,3.9285715,4.3428574,21.714285,0.0,0.0,-7.345365000000001e-25,0.0,0.0,True
1996-09-02,0.26,32.3,15.528572,18.142857,12.857142,78.04286,1.8142856,1.557143,2.4285715,6.257143,16.4,0.0,0.0,-7.345365000000001e-25,0.0,0.0,True
1996-09-09,0.1099999999999999,0.3,15.042857,17.285715,11.785714,70.28571,1.942857,1.4999999,2.9428573,6.3,15.857142,0.0,0.0,-7.345365000000001e-25,0.0,0.0,True
1996-09-16,0.26,23.4,12.971429,15.400001,10.314286,77.5,1.6000001,1.4428571,2.0142858,6.5571427,13.314285,0.0,0.0,-7.345365000000001e-25,0.0,0.0,True
1996-09-23,0.1099999999999999,0.0,11.400001,15.285714,8.585714,71.700005,1.4142858,1.0714285,2.457143,6.357143,12.157143,0.0,0.0,-7.345365000000001e-25,0.0,0.0,True
1996-09-30,0.25,24.699999,12.728572,15.928573,10.114286,83.74286,1.0285714,0.91428566,1.2857143,6.4714284,12.671429,0.0,0.0,-7.345365000000001e-25,0.0,0.0,True
1996-10-07,0.27,5.5,10.728571,14.228572,7.714286,80.457146,0.9285714,0.85714287,1.3428571,7.5285716,10.6,0.0,0.0,-7.345365000000001e-25,0.0,0.0,True
1996-10-14,0.2199999999999999,1.0,10.885715,14.2,7.714286,84.92857,0.5857143,0.47142857,0.87142855,7.385714,10.257143,0.0,0.0,-7.345365000000001e-25,0.0,0.0,True
1996-10-21,0.3,20.6,11.257143,13.885715,8.971429,86.1,0.61428577,0.5714286,0.8,7.9,10.6285715,0.0,0.0,-7.345365000000001e-25,0.0,0.0,True
1996-10-28,0.35,17.2,9.7,12.942858,7.114286,82.64286,0.6571428,0.6,0.9714286,8.414286,8.657143,0.0,0.0,-7.345365000000001e-25,0.0,0.0,True
1996-11-04,0.48,26.5,11.271429,12.714286,9.67143,85.471436,1.1,1.1,1.0285714,9.442857,10.114285,0.0,0.0,-7.345365000000001e-25,0.0,0.0,True
1996-11-11,0.57,31.1,7.928571,10.0,5.5142856,81.40001,1.0285715,1.0142858,0.9285714,10.542857,6.614286,0.0,0.0,-7.345365000000001e-25,0.0,0.0,True
1996-11-18,0.52,6.6,3.7142856,5.571429,1.5857143,86.057144,0.25714287,0.25714287,0.37142855,10.457143,3.1285715,0.0,0.0,-7.345365000000001e-25,0.0,0.0,True
1996-11-25,0.63,36.4,3.457143,5.5,1.5428572,87.37144,0.47142854,0.45714283,0.34285715,10.714286,2.6,0.0,0.0,0.00023675532,0.0,0.0,True
1996-12-02,0.71,26.7,2.557143,3.8428574,0.71428573,88.65714,0.31428573,0.31428573,0.44285712,10.928572,1.2285714,0.0,0.0,0.004884487,0.0,0.0,True
1996-12-09,0.69,12.4,3.2714286,4.9714284,1.957143,91.75714,0.21428573,0.21428573,0.29999998,10.8714285,2.6,0.0,0.0,4.2461215e-05,0.0,0.0,True
1996-12-16,0.6,3.0,1.0857143,2.8714287,-1.1714286,89.92857,0.18571429,0.18571429,0.27142859,10.3,0.15714286,0.0,0.0,0.0008663393,0.0,0.0,True
1996-12-23,0.55,4.1,-0.15714286,1.4714286,-1.8000001,79.28571,0.1,0.1,0.5714286,10.328571,-0.32857144,0.0,0.0,0.00035618033,0.0,0.0,True
1996-12-30,0.52,0.8,-4.2000003,-2.142857,-6.9428573,83.185715,0.0,0.0,0.25714287,10.3,-3.7428572,0.0,0.0,0.0006610439,0.0,0.0,True
1997-01-06,0.46,0.0,-6.2714286,-4.2285714,-8.971429,77.37144,0.0,0.0,0.42857143,10.3,-4.8,0.0,0.0,0.0013924042,0.0,0.0,True
1997-01-13,0.44,0.3,-3.3999999,-1.6571429,-5.9000006,89.87142,0.028571429,0.028571429,0.24285714,10.271428,-3.5,0.0,0.0,0.001860261,0.0,0.0,True
1997-01-20,0.42,0.6,1.3142859,4.3857145,-1.0428572,86.0,0.20000003,0.20000003,0.3285714,10.142858,-1.1285714,0.0,0.0,0.0005833308,0.0,0.0,True
1997-01-27,0.42,3.3000002,1.3428571,3.3,-0.38571432,91.78571,0.17142858,0.17142858,0.25714287,10.1,-0.014285714,0.0,0.0,9.2812945e-05,0.0,0.0,True
1997-02-03,0.42,0.6,1.6714286,3.914286,-0.7,85.87142,0.3,0.2857143,0.3857143,10.0,0.071428575,0.0,0.0,2.1889096e-05,0.0,0.0,True
1997-02-10,0.45,9.1,4.414286,6.6,2.3,86.90001,0.5714286,0.55714285,0.5857143,10.085714,1.6428572,0.0,0.0,0.00025271234,0.0,0.0,True
1997-02-17,0.62,35.4,3.857143,5.957143,1.9285715,86.65715,0.64285713,0.64285713,0.64285713,10.714286,2.5428572,0.0,0.0,2.0799183e-05,0.0,0.0,True
1997-02-24,0.68,21.7,7.0,9.0,4.9857144,80.21429,1.1428573,1.1428573,1.1999999,10.671429,5.3,0.0,0.0,1.5031724e-05,0.0,0.0,True
1997-03-03,0.68,12.5,7.142857,9.685715,4.6714287,77.71429,1.3428572,1.3428572,1.3857143,10.585714,6.0857143,0.0,0.0,-7.345365000000001e-25,0.0,0.0,True
1997-03-10,0.6,1.0,6.357143,10.571428,2.3142858,81.957146,1.0142857,0.9142858,1.0285714,9.928572,6.3285713,0.0,0.0,-7.345365000000001e-25,0.0,0.0,True
1997-03-17,0.56,8.8,4.8285713,7.3428574,2.9857142,87.94286,0.61428577,0.55714285,0.7285715,9.7,5.6857142,0.0,0.0,0.0001714627,0.0,0.0,True
1997-03-24,0.68,21.0,2.7857144,4.657143,0.64285713,81.61428,0.9285714,0.9285714,1.0714285,10.257143,3.0285714,0.0,0.0,0.0009506941,0.0,0.0,True
1997-03-31,0.72,16.9,6.7000003,9.314285,3.9285715,80.67143,1.5428572,1.5,1.5571429,10.342857,6.5142856,0.0,0.0,0.00022045772,0.0,0.0,True
1997-04-07,0.6,8.7,5.928571,8.985715,2.6857145,77.457146,1.6714286,1.5857142,1.8000001,9.957143,6.9142857,0.0,0.0,0.00012945561,0.0,0.0,True
1997-04-14,0.58,1.1,6.857143,9.300001,3.757143,73.314285,1.6714284,1.442857,1.8428571,9.528571,7.6,0.0,0.0,2.1043277e-05,0.0,0.0,True
1997-04-21,0.53,0.5,5.785714,8.328572,2.7000003,67.12858,2.0857143,1.642857,2.4142857,8.8,8.257143,0.0,0.0,5.160059e-06,0.0,0.0,True
1997-04-28,0.52,16.5,8.514285,11.242858,5.071429,72.85714,1.9857143,1.6,2.2,8.257143,9.357142,0.0,0.0,8.458183e-07,0.0,0.0,True
1997-05-05,0.56,20.8,10.385715,13.6,7.7571435,84.77143,1.8571428,1.6285714,1.9857142,8.414286,12.328571,0.0,0.0,-7.345365000000001e-25,0.0,0.0,True
1997-05-12,0.6,17.9,9.614286,13.3714285,6.5,77.314285,2.2857144,2.2571428,2.5,9.214286,10.928572,0.0,0.0,-7.345365000000001e-25,0.0,0.0,True
1997-05-19,0.57,11.200001,15.557143,19.828571,11.328572,79.08572,2.9142857,2.542857,3.0,8.857142,17.657143,0.0,0.0,-7.345365000000001e-25,0.0,0.0,True
1997-05-26,0.61,19.7,10.785714,13.571428,8.242857,77.38572,2.1285715,1.9428571,2.3714287,9.614285,13.828571,0.0,0.0,-7.345365000000001e-25,0.0,0.0,True
1997-06-02,0.52,0.2,12.6,15.728572,9.17143,68.91429,3.3428574,2.5571427,3.4857144,8.742857,15.242857,0.0,0.0,-7.345365000000001e-25,0.0,0.0,True
1997-06-09,0.49,14.099999,17.6,22.185715,13.1,66.22857,4.5142856,3.0285716,4.6714287,7.3142858,20.171429,0.0,0.0,-7.345365000000001e-25,0.0,0.0,True
1997-06-16,0.56,27.6,16.414286,19.642857,13.528571,75.614296,3.2142856,2.2,3.5571427,6.9142857,19.22857,0.0,0.0,-7.345365000000001e-25,0.0,0.0,True
1997-06-23,0.51,20.7,14.3714285,17.828571,11.057143,73.58572,3.0571427,2.4428573,3.5,7.0285716,16.857143,0.0,0.0,-7.345365000000001e-25,0.0,0.0,True
1997-06-30,0.53,17.900002,15.928572,19.357143,12.885715,76.52857,2.7999997,2.5571427,3.042857,7.8428574,17.142857,0.0,0.0,-7.345365000000001e-25,0.0,0.0,True
1997-07-07,0.47,1.3000001,17.014286,19.671429,14.1,74.61428,3.3714287,2.742857,3.9285715,7.5142856,20.37143,0.0,0.0,-7.345365000000001e-25,0.0,0.0,True
1997-07-14,0.4,1.8,19.571428,22.557144,15.5,71.25715,3.8,2.5571427,4.4714284,6.4714284,22.742857,0.0,0.0,-7.345365000000001e-25,0.0,0.0,True
1997-07-21,0.37,16.8,17.857143,20.442858,15.785714,83.08572,2.442857,2.1428573,2.5285716,7.2714286,19.471428,0.0,0.0,-7.345365000000001e-25,0.0,0.0,True
1997-07-28,0.39,38.3,18.600002,22.37143,15.814286,80.14286,3.0142858,2.6714287,3.3999999,7.885714,20.87143,0.0,0.0,-7.345365000000001e-25,0.0,0.0,True
1997-08-04,0.44,26.9,17.77143,20.885715,15.0,80.82857,2.6714287,2.4285715,3.2428572,8.642858,20.085714,0.0,0.0,-7.345365000000001e-25,0.0,0.0,True
1997-08-11,0.3199999999999999,0.0,22.47143,27.300001,17.828571,68.3,4.0857143,2.8857143,5.0,7.9,24.057142,0.0,0.0,-7.345365000000001e-25,0.0,0.0,True
1997-08-18,0.2299999999999999,0.0,22.528574,26.657145,18.328571,71.185715,3.457143,1.9428571,4.3714285,6.742857,24.942858,0.0,0.0,-7.345365000000001e-25,0.0,0.0,True
1997-08-25,0.2,4.0,22.714285,27.7,18.6,71.97143,2.8999999,1.3857143,3.7571428,6.114286,24.085714,0.0,0.0,-7.345365000000001e-25,0.0,0.0,True
1997-09-01,0.26,22.7,19.057144,22.728573,16.314287,80.65715,1.9571427,1.6285714,2.6285713,7.114286,20.714285,0.0,0.0,-7.345365000000001e-25,0.0,0.0,True
1997-09-08,0.26,6.2000003,17.057144,20.34286,15.0,79.28571,1.7428572,1.5285714,2.4285715,7.3,18.2,0.0,0.0,-7.345365000000001e-25,0.0,0.0,True
1997-09-15,0.39,54.1,13.971429,17.2,11.271429,76.08571,1.957143,1.8142855,2.542857,7.385714,14.1285715,0.0,0.0,-7.345365000000001e-25,0.0,0.0,True
1997-09-22,0.36,0.0,12.971429,16.0,9.842857,73.18572,1.3857143,1.1714286,2.1714284,7.6285715,13.742857,0.0,0.0,-7.345365000000001e-25,0.0,0.0,True
1997-09-29,0.31,4.2,13.514287,17.171429,9.657143,80.299995,1.0,0.7857142,1.5428572,7.242857,14.0,0.0,0.0,-7.345365000000001e-25,0.0,0.0,True
1997-10-06,0.34,9.0,13.514287,15.757143,11.657144,80.5,1.0142857,0.85714287,1.7285715,7.1714287,13.142858,0.0,0.0,-7.345365000000001e-25,0.0,0.0,True
1997-10-13,0.54,76.3,12.6285715,15.257143,10.428572,81.44286,1.4857143,1.5,1.5857143,9.028571,11.828571,0.0,0.0,-7.345365000000001e-25,0.0,0.0,True
1997-10-20,0.53,6.7000003,8.957143,11.757143,6.1285715,79.185715,0.6714286,0.65714294,1.1571429,9.828571,8.8714285,0.0,0.0,-7.345365000000001e-25,0.0,0.0,True
1997-10-27,0.49,8.6,5.8857145,8.557143,3.4428573,69.92857,0.7,0.67142856,1.3714286,9.671429,5.0,0.0,0.0,-7.345365000000001e-25,0.0,0.0,True
1997-11-03,0.46,1.4,4.1714287,7.657143,0.7,75.57143,0.4714286,0.42857143,0.78571427,9.614285,3.4285715,0.0,0.0,-7.345365000000001e-25,0.0,0.0,True
1997-11-10,0.47,10.3,7.6,10.342857,4.6714287,82.94286,0.57142854,0.55714285,0.87142855,9.7,5.8142858,0.0,0.0,-7.345365000000001e-25,0.0,0.0,True
1997-11-17,0.46,11.4,6.5428576,8.571428,4.457143,88.314285,0.3285714,0.3285714,0.5,9.928572,5.857143,0.0,0.0,-7.345365000000001e-25,0.0,0.0,True
1997-11-24,0.44,0.0,1.6000001,3.2,-0.014285719,82.87144,0.24285717,0.21428573,0.6857143,9.928572,1.3,0.0,0.0,5.0181434e-06,0.0,0.0,True
1997-12-01,0.43,5.2,2.6285713,4.471429,0.85714287,89.114296,0.20000002,0.18571429,0.4,9.957143,1.8571428,0.0,0.0,0.00016746635,0.0,0.0,True
1997-12-08,0.48,15.0,2.6857145,4.3714285,0.29999998,90.1,0.17142858,0.17142858,0.42857143,10.214286,1.3571428,0.0,0.0,7.626556e-05,0.0,0.0,True
1997-12-15,0.63,31.6,6.2714286,8.271429,4.7000003,87.41429,0.4571429,0.4571429,0.67142856,10.942857,5.242857,0.0,0.0,5.5631e-07,0.0,0.0,True
1997-12-22,0.53,1.2,-1.5857143,0.25714284,-3.9,83.75714,0.057142857,0.057142857,0.4857143,10.285714,-1.2285714,0.0,0.0,3.1011445e-05,0.0,0.0,True
1997-12-29,0.65,22.199999,5.5,7.057143,3.6714287,90.22858,0.4142857,0.4142857,0.44285712,10.757143,3.3285713,0.0,0.0,5.6045395e-05,0.0,0.0,True
1998-01-05,0.83,35.8,5.957143,7.514286,4.285714,87.15714,0.3,0.3,0.5857143,10.6,4.25,0.0,0.0,7.8337536e-07,0.0,0.0,True
1998-01-12,0.9,31.4,7.3142858,9.400001,5.1714287,84.557144,0.57142866,0.57142866,0.55714285,11.3714285,5.142857,0.0,0.0,-7.345365000000001e-25,0.0,0.0,True
1998-01-19,0.83,28.199999,6.014286,7.857143,4.157143,86.04286,0.5857143,0.5714286,0.5857143,10.5,4.7,0.0,0.0,3.9112e-06,0.0,0.0,True
1998-01-26,0.71,1.3,0.61428577,2.4428573,-0.90000004,82.12858,0.32857147,0.32857147,0.5428571,10.471429,0.6571429,0.0,0.0,0.00013155029,0.0,0.0,True
1998-02-02,0.65,10.5,-0.2,2.614286,-2.8999999,77.457146,0.20000002,0.20000002,0.6,10.228572,-0.22857143,0.0,0.0,0.0002416202,0.0,0.0,True
1998-02-09,0.62,4.0,3.7142856,4.957143,1.5714285,85.47143,0.4857143,0.4857143,0.6571428,10.257143,1.0714285,0.0,0.0,0.0017660515,0.0,0.0,True
1998-02-16,0.61,1.6,8.3,10.014287,6.6571426,85.542854,0.6571428,0.6571428,1.0571429,10.142858,6.9,0.0,0.0,2.457982e-06,0.0,0.0,True
1998-02-23,0.54,1.5,6.914286,9.428572,4.0857143,86.52857,0.62857145,0.55714285,0.78571427,9.957143,6.114286,0.0,0.0,-7.345365000000001e-25,0.0,0.0,True
1998-03-02,0.55,15.6,5.914286,7.857143,3.8857143,82.700005,1.0,0.9714286,1.0428572,10.042857,5.4428573,0.0,0.0,0.0008577676,0.0,0.0,True
1998-03-09,0.89,41.6,5.2571435,8.157144,2.3285716,79.75714,1.2,1.2,1.1,11.342857,4.9,0.0,0.0,0.00042046251,0.0,0.0,True
1998-03-16,0.68,1.6,5.0,6.8,2.8285713,83.4,0.88571423,0.87142855,1.0142857,10.285714,4.7714286,0.0,0.0,0.00017667384,0.0,0.0,True
1998-03-23,0.58,1.8,5.2000003,7.142857,3.0857143,76.74286,1.2285713,1.1,1.4428571,9.785714,6.0,0.0,0.0,1.7256964e-06,0.0,0.0,True
1998-03-30,0.54,2.3,8.571428,12.685715,4.0142856,71.27143,1.8142855,1.5142858,1.9857142,9.228572,8.7,0.0,0.0,4.217738e-06,0.0,0.0,True
1998-04-06,0.63,26.3,8.271429,11.228572,6.2571425,86.3,1.1285714,1.0714285,1.2285715,9.771428,9.071428,0.0,0.0,-7.345365000000001e-25,0.0,0.0,True
1998-04-13,0.69,20.0,6.9714284,9.014286,5.0428576,84.41429,1.1571428,1.1571428,1.3142856,10.485714,7.742857,0.0,0.0,-7.345365000000001e-25,0.0,0.0,True
1998-04-20,0.66,12.9,7.042857,10.642858,2.7285714,77.01429,1.8285714,1.7714287,1.9571428,10.171429,8.157143,0.0,0.0,5.2622386e-06,0.0,0.0,True
1998-04-27,0.7,24.0,11.314286,14.728572,8.6,83.08572,1.7857143,1.6857141,1.9285715,9.9,12.385715,0.0,0.0,-7.345365000000001e-25,0.0,0.0,True
1998-05-04,0.78,16.0,11.485715,15.185715,9.228571,83.57143,2.1571429,2.0000002,2.3285713,10.171429,13.8,0.0,0.0,-7.345365000000001e-25,0.0,0.0,True
1998-05-11,0.68,11.6,14.557143,17.957144,11.114286,76.61428,2.885714,2.4428573,3.042857,9.557143,15.5,0.0,0.0,-7.345365000000001e-25,0.0,0.0,True
1998-05-18,0.55,0.0,14.642858,19.885715,9.67143,63.31429,3.9714284,2.885714,4.4428573,8.2,17.971428,0.0,0.0,-7.345365000000001e-25,0.0,0.0,True
1998-05-25,0.51,12.8,11.285714,13.457144,9.314285,74.92857,2.2857144,1.5142857,2.7857144,7.242857,14.471429,0.0,0.0,-7.345365000000001e-25,0.0,0.0,True
1998-06-01,0.59,23.699999,14.7,18.714285,11.67143,84.41429,2.2285714,1.7857144,2.6714287,7.3428574,17.014286,0.0,0.0,-7.345365000000001e-25,0.0,0.0,True
1998-06-08,0.87,58.6,15.314286,19.828571,11.971429,79.52857,2.6285713,2.3142858,2.857143,7.8,17.37143,0.0,0.0,-7.345365000000001e-25,0.0,0.0,True
1998-06-15,0.93,58.399998,14.514287,17.614286,11.1285715,74.78571,2.8857143,2.6714284,3.1714287,9.1285715,16.62857,0.0,0.0,-7.345365000000001e-25,0.0,0.0,True
1998-06-22,0.67,6.6000004,16.457144,20.114286,13.485715,76.94286,3.1571429,2.6571429,3.6714287,8.414286,19.028572,0.0,0.0,-7.345365000000001e-25,0.0,0.0,True
1998-06-29,0.67,44.2,16.742857,20.228573,14.114286,80.64286,2.9,2.8,3.0,8.814285,18.914286,0.0,0.0,-7.345365000000001e-25,0.0,0.0,True
1998-07-06,0.61,20.1,14.571428,16.585714,12.942857,82.08572,2.2,2.1,2.4857142,9.657143,15.8714285,0.0,0.0,-7.345365000000001e-25,0.0,0.0,True
1998-07-13,0.63,27.6,14.6285715,17.028572,12.228572,78.51428,2.7571428,2.7,3.0714285,9.814285,16.12857,0.0,0.0,-7.345365000000001e-25,0.0,0.0,True
1998-07-20,0.66,33.3,16.057142,19.342855,12.314286,80.17143,2.8714283,2.757143,3.1285713,10.157143,17.114286,0.0,0.0,-7.345365000000001e-25,0.0,0.0,True
1998-07-27,0.58,18.6,17.685715,21.614286,14.385715,75.114296,3.2285714,2.6999996,3.9142857,9.214286,20.657143,0.0,0.0,-7.345365000000001e-25,0.0,0.0,True
1998-08-03,0.49,14.7,16.442858,19.442858,14.328572,78.98572,2.3857143,2.2857144,3.0714285,9.271428,18.157143,0.0,0.0,-7.345365000000001e-25,0.0,0.0,True
1998-08-10,0.45,3.6,17.34286,20.67143,14.485715,78.98572,2.8285713,2.3714287,3.3999999,8.757143,19.442858,0.0,0.0,-7.345365000000001e-25,0.0,0.0,True
1998-08-17,0.41,5.6,18.0,21.857143,14.6285715,77.314285,2.5285716,1.9285715,3.3,7.9,20.2,0.0,0.0,-7.345365000000001e-25,0.0,0.0,True
1998-08-24,0.47,47.6,15.414286,18.242857,12.914286,74.28571,2.457143,2.1285715,3.0857143,8.228572,16.72857,0.0,0.0,-7.345365000000001e-25,0.0,0.0,True
1998-08-31,0.59,26.7,13.942858,16.0,11.814286,77.92857,1.8428571,1.7571428,2.542857,9.8714285,14.4,0.0,0.0,-7.345365000000001e-25,0.0,0.0,True
1998-09-07,0.58,13.6,15.8714285,18.185715,13.257143,84.54286,1.3571427,1.2428571,1.8571428,9.757143,16.3,0.0,0.0,-7.345365000000001e-25,0.0,0.0,True
1998-09-14,0.65,32.399998,13.928572,17.0,12.242858,82.828575,1.3,1.2714285,1.8857143,10.271428,14.857142,0.0,0.0,-7.345365000000001e-25,0.0,0.0,True
1998-09-21,0.61,21.9,13.17143,15.757143,10.242857,83.5,1.2428571,1.2285715,1.557143,10.557143,13.471429,0.0,0.0,-7.345365000000001e-25,0.0,0.0,True
1998-09-28,0.55,7.5,13.714286,16.300001,10.728572,85.58572,0.8428572,0.78571427,1.3714286,10.0,14.071428,0.0,0.0,-7.345365000000001e-25,0.0,0.0,True
1998-10-05,0.48,0.0,9.528571,11.471429,7.728572,76.98572,0.8142857,0.75714284,1.8571428,10.1,10.1,0.0,0.0,-7.345365000000001e-25,0.0,0.0,True
1998-10-12,0.7,52.7,9.557143,11.257143,7.714286,86.542854,0.9285714,0.9142858,1.0714285,10.742857,9.171429,0.0,0.0,-7.345365000000001e-25,0.0,0.0,True
1998-10-19,0.71,30.099998,10.428572,12.914286,7.914286,80.34286,0.9714286,0.9714286,1.3571428,10.8714285,9.428572,0.0,0.0,-7.345365000000001e-25,0.0,0.0,True
1998-10-26,0.97,53.9,10.400001,12.657143,8.228571,84.57143,1.0428572,1.0428572,1.0571429,11.228572,9.485714,0.0,0.0,-7.345365000000001e-25,0.0,0.0,True
1998-11-02,1.184562768091323,94.9,7.7428575,10.157143,5.6857147,83.4,1.1285714,1.1285714,0.9285714,11.671429,6.7285714,0.0,0.0,-7.345365000000001e-25,0.0,0.0,False
1998-11-09,1.18,60.3,6.2714286,8.1,3.3857143,87.14286,0.5428571,0.5428571,0.65714294,11.457143,5.1857142,0.0,0.0,2.3841858e-06,0.0,0.0,True
1998-11-16,0.94,11.9,4.7000003,6.6285715,2.957143,89.08572,0.27142859,0.27142859,0.44285718,11.014286,4.3142858,0.0,0.0,9.650276e-08,0.0,0.0,True
1998-11-23,0.76,0.0,-1.6571429,0.64285713,-3.6714287,79.77143,0.12857144,0.12857144,0.4,10.285714,-0.47142857,0.0,0.0,2.7673585e-05,0.0,0.0,True
1998-11-30,0.65,7.9,1.2428572,2.2142856,-0.05714286,91.84286,0.08571429,0.08571429,0.34285715,10.314285,-0.25714287,0.0,0.0,0.00029888607,0.0,0.0,True
1998-12-07,0.58,7.6,-1.5571429,0.47142857,-3.2428572,85.614296,0.057142857,0.057142857,0.47142857,10.314285,-0.6857143,0.0,0.0,0.0016985337,0.0,0.0,True
1998-12-14,0.81,22.4,0.29999998,2.914286,-3.4285715,90.41429,0.14285715,0.14285715,0.3285714,10.542857,-0.2857143,0.0,0.0,0.0036970717,0.0,0.0,True
1998-12-21,0.9,27.0,4.857143,6.7000003,3.7428572,86.77143,0.27142859,0.27142859,0.4857143,11.014286,3.5,0.0,0.0,3.2810938e-06,0.0,0.0,True
1998-12-28,0.93,25.4,5.085715,7.142857,2.7857144,87.57143,0.55714285,0.55714285,0.61428565,10.728572,3.2714286,0.0,0.0,9.287539e-05,0.0,0.0,True
1999-01-04,0.73,5.2000003,3.8285716,6.142857,1.2428572,88.24286,0.13333334,0.13333334,0.37142855,10.6,2.1333334,0.0,0.0,-7.345365000000001e-25,0.0,0.0,True
1999-01-11,0.8,23.5,3.8428571,6.214286,2.2,84.65714,0.4142857,0.4142857,0.67142856,10.814285,3.4857142,0.0,0.0,0.00023621604,0.0,0.0,True
1999-01-18,0.87,19.699999,3.5428574,5.285714,1.3571428,90.34286,0.44285712,0.44285712,0.45714286,10.771428,2.2857144,0.0,0.0,0.0028434708,0.0,0.0,True
1999-01-25,0.73,8.0,6.1285715,8.442857,3.914286,89.72858,0.48571435,0.48571435,0.64285713,10.3714285,4.857143,0.0,0.0,1.6519001e-06,0.0,0.0,True
1999-02-01,0.69,11.3,2.2142856,4.2285714,-0.05714294,85.71429,0.27142859,0.27142859,0.47142857,10.485714,1.5,0.0,0.0,3.4905614e-05,0.0,0.0,True
1999-02-08,0.67,13.1,3.5142858,4.9857144,2.057143,87.51429,0.68571424,0.68571424,0.6857143,10.357142,3.1285715,0.0,0.0,0.0017610902,0.0,0.0,True
1999-02-15,0.69,11.7,-1.9,0.114285715,-5.3,86.72858,0.12857142,0.12857142,0.3285714,10.357142,0.071428575,0.0,0.0,0.011354367,0.0,0.0,True
1999-02-22,0.97,31.5,3.2,5.157143,1.0428572,87.58571,0.7285714,0.7285714,0.5857143,10.785714,2.0428572,0.0,0.0,0.004182089,0.0,0.0,True
1999-03-01,0.99,25.8,4.4428573,5.971429,2.3714287,87.75714,0.6571428,0.6571428,0.6857143,10.671429,3.6285715,0.0,0.0,0.00083275634,0.0,0.0,True
1999-03-08,0.87,17.4,5.4714284,7.8714285,3.5,83.34286,0.78571427,0.7714286,0.9428572,11.071428,5.1,0.0,0.0,2.4409522e-07,0.0,0.0,True
1999-03-15,0.64,0.2,3.9857144,6.4428573,1.5714285,82.685715,0.7285714,0.6857143,0.9857143,10.142858,4.3285713,0.0,0.0,-7.345365000000001e-25,0.0,0.0,True
1999-03-22,0.58,15.1,5.3,7.557143,3.1571429,80.314285,1.0000001,0.9857144,1.1857144,10.014286,5.457143,0.0,0.0,8.066495e-06,0.0,0.0,True
1999-03-29,0.55,6.0,7.142857,10.728572,3.3285716,80.057144,1.3571428,1.3142856,1.4571428,10.042857,7.5571427,0.0,0.0,0.00010948522,0.0,0.0,True
1999-04-05,0.52,5.6,10.828572,16.214285,5.957143,75.92857,1.9285716,1.6285715,2.0142858,9.5,11.585714,0.0,0.0,-7.345365000000001e-25,0.0,0.0,True
1999-04-12,0.53,14.599999,8.771429,11.271429,7.3857145,87.57143,1.1857144,1.1,1.2714285,9.428572,9.8714285,0.0,0.0,-7.345365000000001e-25,0.0,0.0,True
1999-04-19,0.5,7.9,5.6,8.485715,2.9428573,75.114296,1.7142857,1.557143,1.9428571,9.585714,7.357143,0.0,0.0,0.00011301608,0.0,0.0,True
1999-04-26,0.45,4.7000003,10.542857,14.828572,6.2714286,77.77143,2.1142857,1.8571428,2.3999999,9.142858,11.942857,0.0,0.0,5.676633e-08,0.0,0.0,True
1999-05-03,0.42,0.0,9.471429,12.057143,6.871429,74.48572,2.4428573,1.8857143,2.5714285,8.442857,13.271428,0.0,0.0,-7.345365000000001e-25,0.0,0.0,True
1999-05-10,0.4,18.8,12.414286,16.37143,8.514286,70.54286,2.8142855,2.2285712,3.042857,7.6714287,13.6285715,0.0,0.0,-7.345365000000001e-25,0.0,0.0,True
1999-05-17,0.39,22.0,11.142858,14.142858,8.6,77.61428,2.3142855,2.0142858,2.7428572,7.9428573,13.385715,0.0,0.0,-7.345365000000001e-25,0.0,0.0,True
1999-05-24,0.38,2.6999998,14.242858,17.514286,10.114286,69.85714,3.0714285,2.3285713,3.4714286,7.1285715,16.071428,0.0,0.0,-7.345365000000001e-25,0.0,0.0,True
1999-05-31,0.35,7.1000004,14.800001,19.828571,10.771429,73.314285,3.4857142,2.1571429,3.8142858,6.257143,18.485714,0.0,0.0,-7.345365000000001e-25,0.0,0.0,True
1999-06-07,0.37,29.300001,15.285714,19.157145,11.042857,71.61429,3.1,2.357143,3.642857,6.3285713,17.314285,0.0,0.0,-7.345365000000001e-25,0.0,0.0,True
1999-06-14,0.36,12.2,14.228572,17.214285,11.2,74.22858,2.7714286,2.142857,3.1142857,6.6285715,16.857143,0.0,0.0,-7.345365000000001e-25,0.0,0.0,True
1999-06-21,0.35,18.6,15.514285,18.600002,12.214286,72.34286,3.4571426,2.4142857,4.057143,6.0,19.328571,0.0,0.0,-7.345365000000001e-25,0.0,0.0,True
1999-06-28,0.29,1.7,14.571428,17.657145,10.657144,67.24286,2.9857144,1.9142857,3.6142857,5.6285715,17.22857,0.0,0.0,-7.345365000000001e-25,0.0,0.0,True
1999-07-05,0.27,10.7,17.671429,21.771427,14.1285715,79.75714,2.8857143,1.9285715,3.2714286,5.571429,20.014286,0.0,0.0,-7.345365000000001e-25,0.0,0.0,True
1999-07-12,0.17,0.1,19.614286,23.5,15.185715,68.828575,4.2428575,2.0285714,4.7285714,5.4,22.428572,0.0,0.0,-7.345365000000001e-25,0.0,0.0,True
1999-07-19,0.17,12.0,19.385714,23.428572,15.685715,70.84286,3.5285716,2.0714285,4.3714285,5.071429,21.571428,0.0,0.0,-7.345365000000001e-25,0.0,0.0,True
1999-07-26,0.2099999999999999,19.8,17.414286,20.357143,14.771429,76.02857,2.9428573,2.1142857,3.3857143,5.357143,19.257143,0.0,0.0,-7.345365000000001e-25,0.0,0.0,True
1999-08-02,0.0699999999999999,0.0,20.4,25.0,15.157144,58.54286,4.6,1.3714285,5.1857142,4.7,22.414286,0.0,0.0,-7.345365000000001e-25,0.0,0.0,True
1999-08-09,0.18,13.400001,20.5,25.228573,16.4,70.88572,3.4428573,1.2142857,4.157143,4.6,23.085714,0.0,0.0,-7.345365000000001e-25,0.0,0.0,True
1999-08-16,0.2,16.3,16.042858,19.114286,13.728572,73.88572,2.357143,1.6428572,3.142857,4.9428573,17.72857,0.0,0.0,-7.345365000000001e-25,0.0,0.0,True
1999-08-23,0.2299999999999999,47.399998,15.257143,18.314285,12.542857,75.98572,1.8285714,1.6714287,2.5857143,5.928571,15.971429,0.0,0.0,-7.345365000000001e-25,0.0,0.0,True
1999-08-30,0.2299999999999999,11.4,17.414286,20.77143,13.842857,74.77143,2.2571428,1.7857143,3.0571427,5.8428574,18.757143,0.0,0.0,-7.345365000000001e-25,0.0,0.0,True
1999-09-06,0.19,13.1,18.357143,21.9,13.957144,71.700005,2.2571428,1.6999999,3.0285716,5.4428573,19.214285,0.0,0.0,-7.345365000000001e-25,0.0,0.0,True
1999-09-13,0.05,0.0,19.957142,25.457144,15.857144,72.12858,2.4142857,1.3428571,3.357143,4.742857,21.057142,0.0,0.0,-7.345365000000001e-25,0.0,0.0,True
1999-09-20,0.17,13.7,17.4,21.614286,13.7,74.97143,1.6714287,1.0285714,2.4428573,4.8142858,18.171429,0.0,0.0,-7.345365000000001e-25,0.0,0.0,True
1999-09-27,0.2299999999999999,18.5,16.285715,3.0857143,13.585714,81.90001,1.4142858,1.2428571,1.8714286,5.4857144,16.957144,0.0,0.0,-7.345365000000001e-25,0.0,0.0,True
1999-10-04,0.3,39.3,13.357142,8.842857,11.414286,83.34286,1.2714287,1.2571429,1.5428572,6.857143,13.3714285,0.0,0.0,-7.345365000000001e-25,0.0,0.0,True
1999-10-11,0.37,27.2,12.357142,14.514287,10.400001,82.58572,1.0714285,1.0571429,1.4,8.2,11.857142,0.0,0.0,-7.345365000000001e-25,0.0,0.0,True
1999-10-18,0.31,0.0,9.442857,12.014285,7.0,77.12858,0.71428573,0.64285713,1.3285714,8.171429,9.514286,0.0,0.0,-7.345365000000001e-25,0.0,0.0,True
1999-10-25,0.29,3.2,8.5,11.085714,5.214286,82.27143,0.62857145,0.5714286,1.0285714,7.9857144,7.642857,0.0,0.0,-7.345365000000001e-25,0.0,0.0,True
1999-11-01,0.28,4.8,11.142858,13.742858,8.914286,84.67143,0.59999996,0.55714285,0.95714283,8.171429,9.885715,0.0,0.0,-7.345365000000001e-25,0.0,0.0,True
1999-11-08,0.26,5.1,8.385715,11.428572,6.285714,85.1,0.47142857,0.44285718,0.6714286,8.171429,8.1,0.0,0.0,-7.345365000000001e-25,0.0,0.0,True
1999-11-15,0.25,0.5,4.871429,8.485715,0.98571426,86.057144,0.27142859,0.24285714,0.41428572,8.142858,4.3285713,0.0,0.0,-7.345365000000001e-25,0.0,0.0,True
1999-11-22,0.36,34.600002,1.6714286,3.3714287,-0.5714286,87.37144,0.21428572,0.21428572,0.47142857,8.842857,1.1714286,0.0,0.0,0.0002993856,0.0,0.0,True
1999-11-29,0.36,7.0,7.142857,9.0,5.057143,91.12858,0.24285713,0.24285713,0.55714285,9.285714,5.3142858,0.0,0.0,5.383151e-05,0.0,0.0,True
1999-12-06,0.63,77.9,5.857143,8.17143,3.042857,84.48572,0.9,0.9,0.8428572,10.5,4.385714,0.0,0.0,5.2679152e-05,0.0,0.0,True
1999-12-13,0.72,45.199997,6.228572,8.385715,4.557143,87.92857,0.58571434,0.6,0.5714286,11.514286,5.2714286,0.0,0.0,1.992498e-05,0.0,0.0,True
1999-12-20,0.6,13.3,1.6714287,3.4428573,-0.22857141,86.5,0.2857143,0.2857143,0.4714286,11.142858,1.0571429,0.0,0.0,0.0019005423,0.0,0.0,True
1999-12-27,0.74,28.2,2.757143,4.9857144,0.042857118,89.42857,0.4,0.4,0.44285712,10.957143,1.6571429,0.0,0.0,0.001161002,0.0,0.0,True
2000-01-03,0.7255199815866251,17.4,3.7142856,5.2428575,1.4142858,94.08572,0.075,0.075,0.17142858,10.85,1.025,0.0,0.0,0.00048974017,0.0,0.0,False
2000-01-10,0.65,8.1,4.357143,6.6857142,2.5714285,91.52857,0.24285717,0.24285717,0.29999998,10.542857,3.3714285,0.0,0.0,3.5195123e-07,0.0,0.0,True
2000-01-17,0.55,1.0,3.1714287,4.257143,1.4714288,86.88572,0.27142859,0.28571433,0.5285714,10.228572,1.9142857,0.0,0.0,5.143597e-05,0.0,0.0,True
2000-01-24,0.52,14.3,1.8142856,3.9,-0.114285745,78.84286,0.35714287,0.35714287,0.61428577,10.214286,1.9,0.0,0.0,0.0014757372,0.0,0.0,True
2000-01-31,0.72,28.8,4.5,6.1142855,2.457143,88.185715,0.6857143,0.6999999,0.64285713,10.657143,3.1285715,0.0,0.0,0.0008792934,0.0,0.0,True
2000-02-07,0.8200000000000001,8.0,6.657143,7.971429,5.0285716,87.74286,0.6571428,0.6571428,0.7,10.571428,5.757143,0.0,0.0,-7.345365000000001e-25,0.0,0.0,True
2000-02-14,0.945,24.0,5.228572,7.157143,3.457143,82.0,0.9571429,0.9571429,0.9142857,10.6,4.3,0.0,0.0,5.2792686e-05,0.0,0.0,True
2000-02-21,0.9,20.1,2.757143,4.8857145,0.38571426,87.35714,0.5857143,0.5857143,0.5428571,10.642858,2.7714286,0.0,0.0,0.0013136864,0.0,0.0,True
2000-02-28,0.8,7.6,4.857143,8.257143,1.6999999,84.91429,0.81428576,0.81428576,0.9142857,10.3,4.1571426,0.0,0.0,0.0002574296,0.0,0.0,True
2000-03-06,1.0079677204021107,30.7,4.4428573,6.9428573,1.9428571,82.37144,1.1142857,1.1142857,1.1285714,10.714286,4.0,0.0,0.0,0.0019315935,0.0,0.0,False
2000-03-13,0.98223737758082,35.5,6.414286,8.385715,4.414286,87.75715,0.87142855,0.87142855,0.88571423,11.014286,6.3,0.0,0.0,6.810824e-05,0.0,0.0,False
2000-03-20,0.87,6.0,5.1714287,6.8285713,2.9857142,88.0,0.95714283,0.94285715,0.95714283,10.471429,5.757143,0.0,0.0,4.5526594e-06,0.0,0.0,True
2000-03-27,0.8,11.5,6.3142858,9.157143,3.4857142,85.74286,1.0000001,0.9714286,1.2857143,10.157143,7.4142857,0.0,0.0,-7.345365000000001e-25,0.0,0.0,True
2000-04-03,0.7481664740273446,1.9,6.285714,8.914286,3.8714287,81.67143,1.1,1.0142857,1.3428571,10.1285715,6.6714287,0.0,0.0,2.1571205e-07,0.0,0.0,False
2000-04-10,0.67,0.0,6.0,8.914286,3.4,73.48572,1.6142857,1.3142856,1.8571428,9.557143,8.071428,0.0,0.0,-7.345365000000001e-25,0.0,0.0,True
2000-04-17,0.62,6.1,7.3142858,10.957144,3.3714287,78.042854,1.4142857,1.3,1.6714286,9.357142,7.6857142,0.0,0.0,-7.345365000000001e-25,0.0,0.0,True
2000-04-24,0.63,18.6,11.557143,15.957144,8.114285,81.84286,1.9714285,1.7142857,2.1142857,9.157143,12.942857,0.0,0.0,-7.345365000000001e-25,0.0,0.0,True
2000-05-01,0.59,0.1,13.642858,17.857143,9.257143,81.77143,2.4857142,2.1000001,2.4428573,8.828571,15.928572,0.0,0.0,-7.345365000000001e-25,0.0,0.0,True
2000-05-08,0.54,0.4,14.900001,19.37143,10.400001,71.01429,3.4857142,2.6142857,3.542857,7.9857144,17.471428,0.0,0.0,-7.345365000000001e-25,0.0,0.0,True
2000-05-15,0.5,0.0,16.985714,21.542858,10.17143,60.700005,4.385714,2.1714284,4.5285716,6.7,19.828571,0.0,0.0,-7.345365000000001e-25,0.0,0.0,True
2000-05-22,0.49,16.599998,13.485715,17.571428,10.014285,70.51429,2.8428574,1.8142859,3.0857143,6.3428574,16.614286,0.0,0.0,-7.345365000000001e-25,0.0,0.0,True
2000-05-29,0.59,40.9,12.842857,16.285715,9.614286,73.75715,2.8857143,2.4714284,2.9428573,6.6,14.4,0.0,0.0,-7.345365000000001e-25,0.0,0.0,True
2000-06-05,0.55,36.6,13.7,17.000002,10.028571,76.25714,2.542857,2.0714285,3.0428574,6.642857,16.37143,0.0,0.0,-7.345365000000001e-25,0.0,0.0,True
2000-06-12,0.6,3.7,15.657144,19.414286,11.642858,73.12857,3.3857143,2.5142858,3.8285713,6.9,18.114286,0.0,0.0,-7.345365000000001e-25,0.0,0.0,True
2000-06-19,0.52,7.1,15.857142,19.585714,11.771429,69.58572,3.514286,2.0,3.857143,6.0857143,18.471428,0.0,0.0,-7.345365000000001e-25,0.0,0.0,True
2000-06-26,0.51,25.6,17.085714,20.542858,14.442858,69.98572,3.5142858,2.2857144,3.742857,5.8142858,19.1,0.0,0.0,-7.345365000000001e-25,0.0,0.0,True
2000-07-03,0.46,23.5,13.7,15.928572,11.285714,75.54286,2.4142857,1.7857143,2.8,5.885714,15.214286,0.0,0.0,-7.345365000000001e-25,0.0,0.0,True
2000-07-10,0.49,13.2,15.0,17.7,13.1,77.34286,2.457143,1.8571428,2.9285715,5.9428573,17.471428,0.0,0.0,-7.345365000000001e-25,0.0,0.0,True
2000-07-17,0.46,16.199999,14.185715,16.814287,12.17143,80.38572,2.2142859,1.8000001,2.6714287,6.357143,16.042856,0.0,0.0,-7.345365000000001e-25,0.0,0.0,True
2000-07-24,0.43,7.5,15.400001,17.557142,13.228571,83.47143,2.2,1.6428572,2.542857,5.9857144,17.428572,0.0,0.0,-7.345365000000001e-25,0.0,0.0,True
2000-07-31,0.45,13.7,16.542858,18.514286,14.957144,83.58572,1.8285714,1.4857143,2.2714286,6.757143,18.6,0.0,0.0,-7.345365000000001e-25,0.0,0.0,True
2000-08-07,0.39,7.8,16.657145,19.514286,14.028572,81.27143,2.3714287,1.9857143,2.642857,6.9714284,19.328571,0.0,0.0,-7.345365000000001e-25,0.0,0.0,True
2000-08-14,0.38,8.7,17.328571,19.928572,13.885715,79.200005,2.3428571,1.8142859,2.7714286,6.4714284,19.185715,0.0,0.0,-7.345365000000001e-25,0.0,0.0,True
2000-08-21,0.4,19.1,17.442858,20.47143,14.785714,77.85714,2.2571428,1.8142856,2.6857142,6.242857,19.842857,0.0,0.0,-7.345365000000001e-25,0.0,0.0,True
2000-08-28,0.36,3.6,16.300001,19.085714,12.357142,72.457146,2.2142856,1.5285714,3.0142858,6.0857143,17.87143,0.0,0.0,-7.345365000000001e-25,0.0,0.0,True
2000-09-04,0.33,7.1,14.728572,17.828571,11.928572,76.91429,1.8714285,1.4285715,2.5571427,6.1,16.62857,0.0,0.0,-7.345365000000001e-25,0.0,0.0,True
2000-09-11,0.39,17.4,15.300001,17.728573,12.457144,84.457146,1.3428572,1.1714286,1.7714285,6.7714286,16.028572,0.0,0.0,-7.345365000000001e-25,0.0,0.0,True
2000-09-18,0.46,20.0,15.257143,17.671429,13.385715,88.814285,1.057143,0.9571429,1.3857143,6.8428574,15.942857,0.0,0.0,-7.345365000000001e-25,0.0,0.0,True
2000-09-25,0.37,3.7,11.714286,15.428572,8.6,75.22857,1.3857143,1.1142857,2.2714286,6.8142858,12.985714,0.0,0.0,-7.345365000000001e-25,0.0,0.0,True
2000-10-02,0.48,24.300001,14.771429,17.857143,11.714286,87.41429,0.9428572,0.85714287,1.3142856,7.142857,15.028571,0.0,0.0,-7.345365000000001e-25,0.0,0.0,True
2000-10-09,0.47,12.5,10.871429,14.657144,7.9000006,84.61428,0.7285714,0.6857143,1.1,7.4142857,11.542857,0.0,0.0,-7.345365000000001e-25,0.0,0.0,True
2000-10-16,0.49,10.2,11.228571,14.942858,8.114286,82.51429,0.9,0.87142855,1.1571429,7.757143,10.2,0.0,0.0,-7.345365000000001e-25,0.0,0.0,True
2000-10-23,0.47,8.9,11.857142,14.6,8.557143,86.22858,0.51428574,0.4714286,0.85714287,7.714286,10.857142,0.0,0.0,-7.345365000000001e-25,0.0,0.0,True
2000-10-30,0.65,31.2,10.814286,13.028572,9.1,84.65715,1.1571429,1.1857144,1.1285714,8.814285,10.214286,0.0,0.0,-7.345365000000001e-25,0.0,0.0,True
2000-11-06,0.61,7.8,7.6,9.785714,5.371429,82.37144,0.51428574,0.51428574,0.90000004,9.442857,6.6571426,0.0,0.0,-7.345365000000001e-25,0.0,0.0,True
2000-11-13,0.63,13.9,8.342857,9.900001,6.6857147,83.27143,0.61428577,0.61428577,0.8,9.857142,7.1857142,0.0,0.0,-7.345365000000001e-25,0.0,0.0,True
2000-11-20,0.6,5.1,6.371429,8.2,4.357143,86.314285,0.37142855,0.37142855,0.5142857,9.957143,5.742857,0.0,0.0,-7.345365000000001e-25,0.0,0.0,True
2000-11-27,0.57,5.2000003,5.871429,8.3714285,3.1857142,87.12858,0.3,0.3,0.44285718,9.828571,4.4714284,0.0,0.0,-7.345365000000001e-25,0.0,0.0,True
2000-12-04,0.61,9.4,9.171428,11.485715,6.2714286,87.78571,0.27142859,0.27142859,0.44285712,9.971429,7.3142858,0.0,0.0,-7.345365000000001e-25,0.0,0.0,True
2000-12-11,0.65,26.7,9.171428,10.942857,7.357143,85.5,0.45714286,0.44285712,0.64285713,10.085714,7.2285714,0.0,0.0,-7.345365000000001e-25,0.0,0.0,True
2000-12-18,0.83,27.6,6.6714287,8.671429,5.085715,85.27143,0.64285713,0.64285713,0.68571424,10.957143,5.785714,0.0,0.0,5.0805866e-06,0.0,0.0,True
2000-12-25,0.7,0.3,-1.5857143,0.08571429,-3.5142858,87.04286,0.014285714,0.014285714,0.34285715,10.357142,-0.5285714,0.0,0.0,0.00014655363,0.0,0.0,True
2001-01-01,0.64,8.8,0.15714286,1.3142856,-1.5285715,88.92857,0.13333334,0.13333334,0.4,10.35,-0.53333336,0.0,0.0,0.0035314332,0.0,0.0,True
2001-01-08,0.72,17.199999,5.285714,6.9857144,3.3,88.4,0.35714287,0.35714287,0.5,10.6,2.7142856,0.0,0.0,0.0003536826,0.0,0.0,True
2001-01-15,0.71,6.3,0.25714284,2.5714285,-1.7714287,91.24286,0.08571429,0.08571429,0.31428573,10.342857,0.64285713,0.0,0.0,0.00015779903,0.0,0.0,True
2001-01-22,0.66,8.9,-1.4428571,-0.51428574,-3.1142857,89.58571,0.028571429,0.028571429,0.32857147,10.257143,-1.1142857,0.0,0.0,0.0031516892,0.0,0.0,True
2001-01-29,0.68,10.2,3.8285716,5.2714286,1.4714286,90.72857,0.22857144,0.22857144,0.4,10.471429,1.2571429,0.0,0.0,0.000696801,0.0,0.0,True
2001-02-05,0.69,23.3,-0.59999996,1.2428572,-2.8142858,87.62858,0.12857144,0.12857144,0.4714286,10.457143,0.1,0.0,0.0,0.0021039078,0.0,0.0,True
2001-02-12,0.86,20.5,5.642857,8.642858,2.0571427,87.6,0.67142856,0.67142856,0.64285713,10.971429,3.9142857,0.0,0.0,0.0006822688,0.0,0.0,True
2001-02-19,0.75,2.1,3.2000003,5.0285716,1.1714287,93.22857,0.37142864,0.37142864,0.3857143,10.385715,3.6,0.0,0.0,1.2891634e-05,0.0,0.0,True
2001-02-26,0.74,12.5,1.3857144,3.857143,-0.5714286,85.51429,0.48571426,0.47142857,0.6857143,10.285714,2.0,0.0,0.0,0.0042644283,0.0,0.0,True
2001-03-05,0.67,0.4,-0.31428573,1.7428572,-2.3285716,80.62858,0.42857143,0.42857143,0.7428571,10.214286,0.6857143,0.0,0.0,0.011637064,0.0,0.0,True
2001-03-12,0.71,9.7,6.3857145,9.257143,3.414286,84.457146,0.8,0.78571427,0.9142857,10.071428,5.3428574,0.0,0.0,0.0023736046,0.0,0.0,True
2001-03-19,0.94,46.9,2.9714286,4.9857144,1.3857143,86.51429,0.8428572,0.82857144,0.85714287,10.485714,3.9857142,0.0,0.0,0.0036152091,0.0,0.0,True
2001-03-26,0.98,0.2,0.5714286,2.2,-1.442857,78.52857,0.7285715,0.7000001,1.1142857,10.528571,1.3142858,0.0,0.0,0.018246401,0.0,0.0,True
2001-04-02,0.89,8.9,6.7428575,10.5,2.6142857,77.34286,1.3571428,1.2857143,1.6142857,10.057143,6.0571427,0.0,0.0,0.0023918776,0.0,0.0,True
2001-04-09,0.78,10.7,8.385715,11.971429,4.9714284,79.22858,1.6285714,1.5857142,1.7571428,9.9,8.6285715,0.0,0.0,9.650276e-08,0.0,0.0,True
2001-04-16,0.73,13.2,4.957143,7.071429,2.6142857,75.85714,1.3714286,1.3000001,1.6,9.885715,6.3142858,0.0,0.0,0.0007021825,0.0,0.0,True
2001-04-23,0.81,16.2,5.142857,7.6857147,2.2,80.42857,1.6714284,1.5857142,1.7142857,10.214286,6.857143,0.0,0.0,6.1057865e-05,0.0,0.0,True
2001-04-30,0.79,14.0,9.599999,13.314286,6.0285716,82.557144,1.8142856,1.7285715,1.8571428,10.142858,11.114285,0.0,0.0,-7.345365000000001e-25,0.0,0.0,True
2001-05-07,0.71,4.4,10.042857,13.842857,6.4857144,74.057144,2.6285713,2.2428572,2.7,9.571428,12.857142,0.0,0.0,-7.345365000000001e-25,0.0,0.0,True
2001-05-14,0.67,0.0,14.8,19.314285,9.414286,66.828575,3.9142857,2.9142857,3.7428572,8.357142,17.657143,0.0,0.0,-7.345365000000001e-25,0.0,0.0,True
2001-05-21,0.62,19.4,11.785714,15.157144,9.17143,77.22858,2.4285715,2.0571427,2.7428572,7.9857144,14.5,0.0,0.0,-7.345365000000001e-25,0.0,0.0,True
2001-05-28,0.6,8.8,13.542857,16.285715,9.885715,79.58572,2.8714283,2.0857143,2.8714287,7.214286,17.314285,0.0,0.0,-7.345365000000001e-25,0.0,0.0,True
2001-06-04,0.61,24.4,12.271429,14.328572,10.228572,81.114296,2.2571428,1.9285715,2.4428573,7.3142858,13.942857,0.0,0.0,-7.345365000000001e-25,0.0,0.0,True
2001-06-11,0.6,17.0,12.328572,14.971429,9.400001,71.78572,2.7857144,2.3714287,3.0714285,7.5571427,15.285714,0.0,0.0,-7.345365000000001e-25,0.0,0.0,True
2001-06-18,0.93,62.0,13.714286,16.571428,10.857142,76.75715,2.8714287,2.5,3.142857,7.3142858,16.785715,0.0,0.0,-7.345365000000001e-25,0.0,0.0,True
2001-06-25,0.74,10.0,13.742858,16.014286,10.814285,77.62858,2.6571429,2.1285713,2.8142858,7.5857143,16.614286,0.0,0.0,-7.345365000000001e-25,0.0,0.0,True
2001-07-02,0.69,19.5,17.628572,21.128572,14.157144,77.92857,3.3857143,2.642857,3.6571429,7.3714285,20.62857,0.0,0.0,-7.345365000000001e-25,0.0,0.0,True
2001-07-09,0.65,16.899998,20.685715,24.428572,17.128572,76.15715,4.071429,2.6428568,4.1857142,6.757143,23.157143,0.0,0.0,-7.345365000000001e-25,0.0,0.0,True
2001-07-16,0.61,15.4,16.085714,19.4,12.957144,75.828575,2.8999999,2.7285712,3.2714286,7.757143,18.214285,0.0,0.0,-7.345365000000001e-25,0.0,0.0,True
2001-07-23,0.56,14.3,17.47143,21.128572,14.085715,76.07143,2.9428573,2.557143,3.542857,7.742857,20.185715,0.0,0.0,-7.345365000000001e-25,0.0,0.0,True
2001-07-30,0.53,13.7,19.928572,22.800001,16.6,77.42857,3.5714288,2.7999997,4.2,7.2,23.785715,0.0,0.0,-7.345365000000001e-25,0.0,0.0,True
2001-08-06,0.5,46.3,17.214285,20.442858,13.585715,76.38572,2.7,2.3142855,3.1714284,7.0142856,19.342857,0.0,0.0,-7.345365000000001e-25,0.0,0.0,True
2001-08-13,0.91,55.800003,16.142857,18.285715,14.028572,81.6,2.2857144,2.2428572,2.3999999,8.671429,17.185715,0.0,0.0,-7.345365000000001e-25,0.0,0.0,True
2001-08-20,0.71,1.7,20.457144,24.828571,16.357143,77.01429,2.7142856,2.357143,3.4428573,8.728572,22.0,0.0,0.0,-7.345365000000001e-25,0.0,0.0,True
2001-08-27,0.61,12.5,20.742859,24.47143,16.642857,76.700005,2.8857143,2.4,3.3142858,8.157143,23.042856,0.0,0.0,-7.345365000000001e-25,0.0,0.0,True
2001-09-03,0.57,25.0,16.085714,18.628572,13.471429,78.17143,1.7142857,1.5857143,2.5142858,8.228572,17.428572,0.0,0.0,-7.345365000000001e-25,0.0,0.0,True
2001-09-10,1.14,93.3,13.842857,16.371428,11.571428,82.15715,1.8000001,1.8000001,2.0142858,9.857142,14.228572,0.0,0.0,-7.345365000000001e-25,0.0,0.0,True
2001-09-17,1.04,31.699999,12.7,15.157144,10.071428,84.75714,1.3714286,1.3857143,1.6,11.0,13.414286,0.0,0.0,-7.345365000000001e-25,0.0,0.0,True
2001-09-24,0.98,31.800001,12.271429,14.5,10.314285,87.971436,0.99999994,0.99999994,1.3142856,11.2,12.571428,0.0,0.0,-7.345365000000001e-25,0.0,0.0,True
2001-10-01,1.01,28.4,13.614286,16.342857,11.028571,89.471436,0.94285715,0.94285715,1.1142857,10.857142,13.828571,0.0,0.0,-7.345365000000001e-25,0.0,0.0,True
2001-10-08,0.91,13.599999,14.1,16.957144,11.8,86.057144,0.90000004,0.88571435,1.3571428,10.685715,14.071428,0.0,0.0,-7.345365000000001e-25,0.0,0.0,True
2001-10-15,0.79,5.0,15.014287,17.828571,12.2,85.07143,0.90000004,0.84285706,1.3285714,10.228572,14.385715,0.0,0.0,-7.345365000000001e-25,0.0,0.0,True
2001-10-22,0.7,2.7,11.914286,14.214286,9.385715,88.828575,0.55714285,0.48571426,0.9142857,9.885715,12.4,0.0,0.0,-7.345365000000001e-25,0.0,0.0,True
2001-10-29,0.66,11.6,11.414286,13.1285715,9.885715,89.58571,0.59999996,0.5857143,0.78571427,10.1,10.9,0.0,0.0,-7.345365000000001e-25,0.0,0.0,True
2001-11-05,0.68,21.9,11.157143,12.871429,9.214286,80.457146,0.9714286,0.9714286,1.3714285,10.242857,10.0,0.0,0.0,-7.345365000000001e-25,0.0,0.0,True
2001-11-12,0.8,21.8,6.0285716,7.928571,3.3714287,82.77143,0.64285713,0.64285713,0.95714283,10.828571,5.4,0.0,0.0,-7.345365000000001e-25,0.0,0.0,True
2001-11-19,0.76,2.6000001,5.9857144,7.785714,3.0,89.28571,0.22857144,0.22857144,0.42857143,10.328571,4.857143,0.0,0.0,-7.345365000000001e-25,0.0,0.0,True
2001-11-26,0.84,21.8,5.9857144,8.2,3.0142858,88.4,0.4,0.3857143,0.5857143,10.685715,4.8714285,0.0,0.0,-7.345365000000001e-25,0.0,0.0,True
2001-12-03,0.99,29.5,5.4,7.085715,3.614286,95.12858,0.18571429,0.18571429,0.20000002,10.828571,4.7285714,0.0,0.0,7.720221e-07,0.0,0.0,True
2001-12-10,0.96,23.6,3.1857142,5.3,1.1428572,92.71429,0.15714286,0.15714286,0.21428572,10.9,2.3285713,0.0,0.0,6.3464754e-06,0.0,0.0,True
2001-12-17,0.81,0.4,0.44285718,3.0714285,-2.2571428,91.84286,0.08571429,0.08571429,0.17142858,10.257143,0.47142857,0.0,0.0,9.008816e-06,0.0,0.0,True
2001-12-24,0.95,42.3,1.1,3.8142858,-2.2142856,86.35714,0.21428572,0.21428572,0.5714286,10.914286,0.114285715,0.0,0.0,0.0005899327,0.0,0.0,True
2001-12-31,1.16,45.7,0.40000004,3.0714285,-1.5857143,91.90001,0.24285714,0.24285714,0.24285714,11.414286,0.5,0.0,0.0,0.003472209,0.0,0.0,True
2002-01-07,0.96,5.6,0.057142872,2.7571428,-2.957143,85.457146,0.15714286,0.15714286,0.32857147,10.442857,-0.54285717,0.0,0.0,0.0022668783,0.0,0.0,True
2002-01-14,0.85,1.3000001,1.1714286,2.8857143,-0.40000004,94.67143,0.114285715,0.114285715,0.14285715,10.285714,-0.014285714,0.0,0.0,0.00048208804,0.0,0.0,True
2002-01-21,0.87,17.8,4.471429,6.0285716,2.6857142,93.65715,0.31428573,0.31428573,0.3,10.485714,2.3,0.0,0.0,5.6652796e-05,0.0,0.0,True
2002-01-28,1.09,39.8,7.2571425,8.900001,4.8428574,84.61428,0.9428571,0.9428571,0.7571429,11.014286,5.8,0.0,0.0,-7.2791902999999985e-25,0.0,0.0,True
2002-02-04,0.98,14.1,9.314286,12.17143,7.0285716,78.27143,1.0285714,1.0285714,1.2571429,10.742857,7.3285713,0.0,0.0,-7.2791902999999985e-25,0.0,0.0,True
2002-02-11,1.12,42.0,8.285714,9.771429,6.1857142,88.34286,0.8428572,0.8428572,0.6857143,10.671429,7.285714,0.0,0.0,-7.2791902999999985e-25,0.0,0.0,True
2002-02-18,0.96,5.0,3.5428574,5.8714285,0.5,79.28571,0.75714284,0.75714284,0.7571429,10.542857,3.9857142,0.0,0.0,-7.2791902999999985e-25,0.0,0.0,True
2002-02-25,1.19,59.6,3.1142857,6.1714287,0.5,83.64286,1.1571429,1.1571429,0.87142855,11.085714,3.0,0.0,0.0,0.0032245205,0.0,0.0,True
2002-03-04,1.07,14.6,4.914286,6.9857144,2.357143,84.57143,1.0571429,1.0571429,0.90000004,11.1,4.242857,0.0,0.0,0.00023891812,0.0,0.0,True
2002-03-11,0.93,9.5,7.3142858,9.485715,5.142857,80.200005,1.3142856,1.2857143,1.3428571,10.314285,6.571429,0.0,0.0,1.3056256e-06,0.0,0.0,True
2002-03-18,0.82,11.5,5.728572,8.6,3.3999999,84.057144,0.9428572,0.90000004,1.0285714,10.1,5.8714285,0.0,0.0,2.8383164e-08,0.0,0.0,True
2002-03-25,0.79,7.8999996,4.542857,6.6285715,2.3714287,80.67143,1.1857141,1.1285714,1.2428571,10.214286,5.7714286,0.0,0.0,8.5149495e-08,0.0,0.0,True
2002-04-01,0.73,0.0,6.9428573,11.6285715,1.9428571,67.814285,1.6999999,1.3857144,1.9142857,9.585714,8.214286,0.0,0.0,2.5544847e-07,0.0,0.0,True
2002-04-08,0.66,0.0,7.642857,12.171428,3.4714284,65.07143,2.3714287,1.7857143,2.4714284,8.728572,9.757143,0.0,0.0,-7.2791902999999985e-25,0.0,0.0,True
2002-04-15,0.63,10.1,7.1857142,9.67143,4.142857,81.28571,1.3428571,1.0142857,1.4142857,8.157143,8.8714285,0.0,0.0,-7.2791902999999985e-25,0.0,0.0,True
2002-04-22,0.61,2.7,8.728572,11.457143,5.8142858,86.61428,1.4285713,1.1714287,1.5,8.457143,10.328571,0.0,0.0,-7.2791902999999985e-25,0.0,0.0,True
2002-04-29,0.8,42.9,9.014285,12.185715,6.2714286,86.9,1.8857143,1.7428571,1.5428572,8.714286,11.428572,0.0,0.0,-7.2791902999999985e-25,0.0,0.0,True
2002-05-06,1.0,23.599998,10.271429,12.400001,7.7000003,86.4,1.4,1.4,1.3857143,9.885715,10.714286,0.0,0.0,-7.2791902999999985e-25,0.0,0.0,True
2002-05-13,0.84,9.200001,13.185715,17.4,9.3,84.58572,2.3142858,2.0285714,2.3428571,9.714286,15.1285715,0.0,0.0,-7.2791902999999985e-25,0.0,0.0,True
2002-05-20,0.74,5.0,14.17143,17.47143,10.757143,77.814285,2.8285713,2.3428574,2.9857142,8.928572,16.885714,0.0,0.0,-7.2791902999999985e-25,0.0,0.0,True
2002-05-27,0.65,10.4,15.942858,20.414288,11.7,71.64286,3.3,2.8428574,3.6857142,8.228572,18.185715,0.0,0.0,-7.2791902999999985e-25,0.0,0.0,True
2002-06-03,0.61,6.1,14.485715,18.128572,10.742858,73.75715,3.2142856,2.4714286,3.3428571,7.6285715,17.528572,0.0,0.0,-7.2791902999999985e-25,0.0,0.0,True
2002-06-10,0.63,20.9,17.642857,21.157145,14.742858,77.42857,3.0714288,2.1857142,3.1714287,6.9714284,19.614286,0.0,0.0,-7.2791902999999985e-25,0.0,0.0,True
2002-06-17,0.58,9.4,16.414286,19.828571,13.328572,78.65715,3.0285716,2.4857142,3.3,7.2285714,18.385714,0.0,0.0,-7.2791902999999985e-25,0.0,0.0,True
2002-06-24,0.56,21.1,17.842857,21.257143,14.442857,74.62858,3.457143,2.8857143,3.7571428,7.242857,20.171429,0.0,0.0,-7.2791902999999985e-25,0.0,0.0,True
2002-07-01,0.87,62.300003,14.900001,17.385715,12.528572,76.48572,3.0285714,2.6714284,3.1285713,7.2714286,16.614286,0.0,0.0,-7.2791902999999985e-25,0.0,0.0,True
2002-07-08,0.78,26.2,15.800001,18.942858,12.8714285,81.17143,2.6142857,2.4857142,2.6285713,9.028571,16.985714,0.0,0.0,-7.2791902999999985e-25,0.0,0.0,True
2002-07-15,0.75,27.2,18.514286,23.428572,14.457144,77.14286,3.3,3.1142857,3.6285713,9.5,20.72857,0.0,0.0,-7.2791902999999985e-25,0.0,0.0,True
2002-07-22,0.97,68.8,16.685715,18.600002,14.528572,80.54286,2.3285713,2.1571429,2.4285715,10.3,18.028572,0.0,0.0,-7.2791902999999985e-25,0.0,0.0,True
2002-07-29,0.79,11.1,18.571428,21.957142,15.085715,77.71429,3.0857146,2.7857146,3.4285715,9.8,19.942858,0.0,0.0,-7.2791902999999985e-25,0.0,0.0,True
2002-08-05,1.07,97.3,20.885715,25.142857,17.300001,78.91429,3.1714284,2.8142855,3.5142858,9.328571,23.1,0.0,0.0,-7.2791902999999985e-25,0.0,0.0,True
2002-08-12,1.34,41.199997,19.314287,22.485716,16.685715,83.685715,2.357143,2.2571428,2.5571427,10.414286,21.471428,0.0,0.0,-7.2791902999999985e-25,0.0,0.0,True
2002-08-19,0.89,0.0,21.014286,24.685715,17.228573,76.75715,3.042857,2.5285716,3.8285713,9.5,23.4,0.0,0.0,-7.2791902999999985e-25,0.0,0.0,True
2002-08-26,0.73,15.4,20.671429,24.314287,17.214287,79.38572,2.4714284,2.142857,3.1285713,9.1285715,23.3,0.0,0.0,-7.2791902999999985e-25,0.0,0.0,True
2002-09-02,0.6,0.2,18.985716,22.185715,16.000002,75.77143,2.2428572,1.8000001,3.0857143,9.1,21.357143,0.0,0.0,-7.2791902999999985e-25,0.0,0.0,True
2002-09-09,0.54,5.7999997,18.385714,22.685715,14.071428,73.21429,2.3142855,1.8,3.1857142,8.428572,19.671429,0.0,0.0,-7.2791902999999985e-25,0.0,0.0,True
2002-09-16,0.5,6.3,17.314287,20.67143,13.742858,75.557144,1.7857143,1.3428571,2.7857144,8.114285,18.614286,0.0,0.0,-7.2791902999999985e-25,0.0,0.0,True
2002-09-23,0.56,24.9,14.114286,16.300001,12.357142,77.47143,1.3000001,1.1,1.8714286,7.9142857,14.757143,0.0,0.0,-7.2791902999999985e-25,0.0,0.0,True
2002-09-30,0.55,12.7,12.8,15.528571,9.6285715,79.02857,1.0428572,0.91428566,1.4857142,8.071428,13.1285715,0.0,0.0,-7.2791902999999985e-25,0.0,0.0,True
2002-10-07,0.78,55.7,11.900001,15.071428,8.585714,80.200005,0.9857144,0.9142858,1.4714286,8.4,12.414286,0.0,0.0,-7.2791902999999985e-25,0.0,0.0,True
2002-10-14,0.65,1.4,6.4,8.885715,3.9714286,76.942856,0.7714286,0.7142858,1.5142857,9.342857,6.957143,0.0,0.0,-7.2791902999999985e-25,0.0,0.0,True
2002-10-21,1.01,77.7,6.914286,9.242857,4.542857,87.68572,0.59999996,0.59999996,0.67142856,10.085714,7.1,0.0,0.0,-7.2791902999999985e-25,0.0,0.0,True
2002-10-28,1.25,74.1,9.571428,12.6285715,6.214286,84.22858,1.2428571,1.2428571,0.95714283,11.342857,8.457143,0.0,0.0,-7.2791902999999985e-25,0.0,0.0,True
2002-11-04,1.07,19.099998,6.085715,7.785714,3.8142858,86.98572,0.44285718,0.44285718,0.61428577,11.142858,5.7,0.0,0.0,-7.2791902999999985e-25,0.0,0.0,True
2002-11-11,1.04,22.0,3.914286,5.728572,1.5285715,88.77143,0.3285714,0.3285714,0.44285712,11.085714,3.4714286,0.0,0.0,5.9604645e-07,0.0,0.0,True
2002-11-18,1.12,22.6,7.8142858,9.2,5.585714,91.71429,0.21428573,0.21428573,0.42857143,10.885715,6.3714285,0.0,0.0,-7.2791902999999985e-25,0.0,0.0,True
2002-11-25,0.94,5.5,3.142857,4.8428574,0.82857144,92.457146,0.15714286,0.15714286,0.3285714,10.571428,3.142857,0.0,0.0,1.4208612e-05,0.0,0.0,True
2002-12-02,0.93,8.7,6.1142855,7.457143,4.6,94.40001,0.18571429,0.18571429,0.27142859,10.328571,5.2,0.0,0.0,-7.2791902999999985e-25,0.0,0.0,True
2002-12-09,0.84,0.5,1.7714287,3.4,-0.35714287,82.71429,0.18571427,0.18571427,0.64285713,10.271428,1.9714285,0.0,0.0,2.1582558e-05,0.0,0.0,True
2002-12-16,0.82,2.2,-3.7285714,-1.8571428,-5.571429,77.41429,0.0,0.0,0.6714286,10.214286,-2.7857144,0.0,0.0,0.0003042959,0.0,0.0,True
2002-12-23,0.8,2.5,-1.0714287,0.7428571,-3.3428574,93.68572,0.028571429,0.028571429,0.22857143,10.257143,-1.3142858,0.0,0.0,0.0031338986,0.0,0.0,True
2002-12-30,0.82,42.1,2.8428574,4.3142858,1.1857144,94.72857,0.10000001,0.10000001,0.22857143,11.057143,0.44285715,0.0,0.0,0.0020202796,0.0,0.0,True
2003-01-06,0.8,20.9,-2.8285713,-0.4857143,-6.085715,90.457146,0.0,0.0,0.3,11.1,-0.3,0.0,0.0,0.0065478655,0.0,0.0,True
2003-01-13,0.78,14.4,-2.9714286,-0.9857144,-6.471429,90.22858,0.071428575,0.071428575,0.114285715,10.457143,-0.5285714,0.0,0.0,0.009711918,0.0,0.0,True
2003-01-20,0.78,8.2,5.0,6.3857145,3.3142858,87.75714,0.44285712,0.44285712,0.55714285,10.442857,2.8285713,0.0,0.0,0.000120969045,0.0,0.0,True
2003-01-27,0.82,12.6,4.9857144,6.7428575,3.2285714,92.64286,0.2857143,0.2857143,0.37142855,10.385715,3.9714286,0.0,0.0,1.70299e-08,0.0,0.0,True
2003-02-03,0.87,21.6,-0.22857144,1.8142856,-2.9,87.957146,0.31428573,0.31428573,0.47142857,10.685715,0.9714286,0.0,0.0,0.002941018,0.0,0.0,True
2003-02-10,0.88,5.4,0.21428572,2.4,-1.9857142,91.72858,0.21428572,0.21428572,0.25714287,10.485714,0.34285715,0.0,0.0,0.0037814379,0.0,0.0,True
2003-02-17,0.72,0.0,-2.0857143,0.028571436,-4.542857,79.57143,0.21428573,0.21428573,0.5857143,10.157143,-0.6142857,0.0,0.0,0.0011566139,0.0,0.0,True
2003-02-24,0.63,0.0,-0.24285714,2.642857,-2.7428572,86.40001,0.38571426,0.34285715,0.55714285,10.042857,-0.41428572,0.0,0.0,0.0012606382,0.0,0.0,True
2003-03-03,0.6,3.4999998,1.5285715,4.928571,-0.78571427,88.057144,0.55714285,0.51428574,0.5857143,9.785714,1.3428571,0.0,0.0,0.0002351091,0.0,0.0,True
2003-03-10,0.79,24.7,5.428571,7.8,3.4,87.957146,0.77142864,0.7571429,0.7714286,10.185715,4.457143,0.0,0.0,3.3492133e-06,0.0,0.0,True
2003-03-17,0.69,1.8,4.3428574,7.642857,1.1999999,83.78571,1.0857143,1.0285714,1.0,10.228572,5.5571427,0.0,0.0,-7.2791902999999985e-25,0.0,0.0,True
2003-03-24,0.63,0.0,5.0142856,9.2,0.74285716,66.75715,1.4999999,1.2428571,1.7714285,9.614285,5.9142857,0.0,0.0,1.4078049e-06,0.0,0.0,True
2003-03-31,0.58,0.2,6.7571425,11.728571,2.2571428,82.15714,1.5285714,1.1571429,1.3857143,8.928572,8.857142,0.0,0.0,-7.2791902999999985e-25,0.0,0.0,True
2003-04-07,0.56,7.4,5.0285716,7.428571,1.9,69.12858,1.7714285,1.4714288,1.9714286,8.714286,6.0857143,0.0,0.0,4.280181e-06,0.0,0.0,True
2003-04-14,0.54,1.1,5.3142858,9.657144,1.1999999,68.11429,1.9857142,1.5428572,2.1142857,8.1285715,6.8142858,0.0,0.0,0.00016960644,0.0,0.0,True
2003-04-21,0.55,4.6,11.042857,16.228573,6.0,62.914288,3.3999999,2.257143,3.1142857,7.1,12.071428,0.0,0.0,7.947286e-08,0.0,0.0,True
2003-04-28,0.73,37.899998,12.457144,16.914286,7.9,71.25715,2.6571429,1.5857142,2.6714287,7.0857143,13.471429,0.0,0.0,-7.2791902999999985e-25,0.0,0.0,True
2003-05-05,0.83,32.1,12.871429,16.914286,8.957143,74.87144,2.742857,2.642857,2.7428572,8.514286,13.557143,0.0,0.0,-7.2791902999999985e-25,0.0,0.0,True
2003-05-12,0.72,14.6,11.942857,15.928572,7.6714287,75.44286,2.5714285,2.1142857,2.7142856,7.9142857,14.842857,0.0,0.0,-7.2791902999999985e-25,0.0,0.0,True
2003-05-19,0.83,41.6,10.757143,13.885715,7.4428573,76.32857,2.4142857,2.2428572,2.5285716,7.7,13.328571,0.0,0.0,-7.2791902999999985e-25,0.0,0.0,True
2003-05-26,1.06,42.5,13.071428,16.27143,10.428572,85.84286,2.0857143,2.0857143,2.1714284,9.614285,14.642858,0.0,0.0,-7.2791902999999985e-25,0.0,0.0,True
2003-06-02,0.8,1.6,17.285715,21.885715,11.942857,72.98572,4.1142855,3.242857,4.3,8.8714285,21.085714,0.0,0.0,-7.2791902999999985e-25,0.0,0.0,True
2003-06-09,0.68,16.0,18.528574,23.214285,14.528572,77.84286,3.4,2.8285716,3.8428571,8.071428,21.571428,0.0,0.0,-7.2791902999999985e-25,0.0,0.0,True
2003-06-16,0.62,1.8,16.385715,19.642857,12.6,72.78571,3.4571426,2.5000002,3.8714287,7.6714287,20.0,0.0,0.0,-7.2791902999999985e-25,0.0,0.0,True
2003-06-23,0.64,29.7,16.814287,20.7,13.514287,73.82857,3.385714,2.5857143,3.6714287,7.071429,19.12857,0.0,0.0,-7.2791902999999985e-25,0.0,0.0,True
2003-06-30,0.56,7.0,17.542858,21.1,13.800001,71.24286,3.6000001,2.0714285,4.157143,6.4428573,20.471428,0.0,0.0,-7.2791902999999985e-25,0.0,0.0,True
2003-07-07,0.75,55.300003,15.857142,18.300001,13.985715,83.51429,2.3428571,2.0285714,2.4142857,7.214286,17.585714,0.0,0.0,-7.2791902999999985e-25,0.0,0.0,True
2003-07-14,0.62,1.1,17.657145,21.057144,14.400001,73.22857,3.5571427,2.5571427,4.057143,6.642857,20.514286,0.0,0.0,-7.2791902999999985e-25,0.0,0.0,True
2003-07-21,0.55,4.0,21.857143,26.714285,17.157145,70.457146,4.4142857,2.357143,4.6714287,5.757143,24.12857,0.0,0.0,-7.2791902999999985e-25,0.0,0.0,True
2003-07-28,0.51,11.6,19.514286,23.34286,15.857142,74.185715,3.3857143,1.9428571,3.7571428,5.428571,22.614286,0.0,0.0,-7.2791902999999985e-25,0.0,0.0,True
2003-08-04,0.47,0.1,20.84286,24.714285,17.028572,69.04286,3.6714287,0.8285714,4.3285713,5.071429,24.028572,0.0,0.0,-7.2791902999999985e-25,0.0,0.0,True
2003-08-11,0.43,0.0,23.142857,28.785715,17.342857,58.557148,4.7571425,0.61428577,5.3857145,4.8285713,25.414286,0.0,0.0,-7.2791902999999985e-25,0.0,0.0,True
2003-08-18,0.41,4.0,20.042858,22.957144,16.642857,66.185715,3.3285716,0.64285713,4.214286,4.642857,22.27143,0.0,0.0,-7.2791902999999985e-25,0.0,0.0,True
2003-08-25,0.38,0.5,18.228573,21.17143,15.442858,74.15715,2.342857,0.64285713,3.1857142,4.785714,19.614286,0.0,0.0,-7.325276e-25,0.0,0.0,True
2003-09-01,0.42,25.3,15.114286,17.385715,12.800001,74.92857,1.9142859,1.1857141,2.7142856,5.242857,16.257143,0.0,0.0,-7.345365000000001e-25,0.0,0.0,True
2003-09-08,0.42,16.5,15.742858,19.128572,12.328572,78.542854,1.9142858,1.5571431,2.3428571,5.542857,16.9,0.0,0.0,-7.345365000000001e-25,0.0,0.0,True
2003-09-15,0.48,28.500002,14.771429,18.114286,11.2,78.8,1.642857,1.3571428,2.2285714,6.4,15.885715,0.0,0.0,-7.345365000000001e-25,0.0,0.0,True
2003-09-22,0.45,7.2,17.9,22.728573,13.3,74.34286,2.0285714,1.4857143,2.7714286,5.928571,18.37143,0.0,0.0,-7.345365000000001e-25,0.0,0.0,True
2003-09-29,0.46,22.0,12.185715,15.257143,8.414286,71.5,1.5,1.2714285,2.142857,6.1,12.8,0.0,0.0,-7.345365000000001e-25,0.0,0.0,True
2003-10-06,0.52,38.2,10.585715,14.114286,6.957143,81.98572,1.0,0.88571435,1.3000001,6.6714287,10.814285,0.0,0.0,-7.345365000000001e-25,0.0,0.0,True
2003-10-13,0.66,28.800001,10.657143,12.857142,8.114285,80.4,1.1285714,1.1285714,1.4428571,8.771428,9.6,0.0,0.0,-7.345365000000001e-25,0.0,0.0,True
2003-10-20,0.6,1.2,6.542857,9.442857,3.0285716,79.52857,0.62857145,0.5714286,0.9857143,8.757143,6.742857,0.0,0.0,-7.345365000000001e-25,0.0,0.0,True
2003-10-27,0.58,24.1,3.3428574,5.328572,0.22857141,80.34286,0.55714285,0.5285714,0.8142857,8.857142,3.557143,0.0,0.0,0.00024506025,0.0,0.0,True
2003-11-03,0.59,16.099998,6.571429,8.957143,3.9714284,87.78571,0.54285717,0.5285714,0.62857145,9.114285,5.542857,0.0,0.0,1.6161373e-05,0.0,0.0,True
2003-11-10,0.59,0.6,6.3285713,8.842857,3.9285715,87.54286,0.42857143,0.4,0.5857143,9.542857,5.9428573,0.0,0.0,-7.345365000000001e-25,0.0,0.0,True
2003-11-17,0.57,6.6,5.157143,7.157143,3.1000001,89.957146,0.2714286,0.2714286,0.4714286,9.514286,4.1714287,0.0,0.0,-7.345365000000001e-25,0.0,0.0,True
2003-11-24,0.76,33.2,9.514285,11.428572,7.8571434,91.94286,0.35714287,0.35714287,0.4857143,10.042857,8.471429,0.0,0.0,-7.345365000000001e-25,0.0,0.0,True
2003-12-01,0.69,1.0999999,5.9000006,7.7571425,3.2142856,93.07143,0.18571429,0.18571429,0.18571427,10.342857,5.3,0.0,0.0,-7.345365000000001e-25,0.0,0.0,True
2003-12-08,0.62,0.5,4.414286,6.3428574,2.1142857,83.542854,0.25714287,0.25714287,0.61428577,10.085714,3.6714287,0.0,0.0,-7.345365000000001e-25,0.0,0.0,True
2003-12-15,0.93,48.1,2.9714284,5.1857142,-0.4142857,86.542854,0.45714286,0.44285712,0.45714286,10.728572,1.4714285,0.0,0.0,6.0984068e-05,0.0,0.0,True
2003-12-22,0.82,13.9,3.8714287,6.2714286,1.7285715,85.08571,0.40000004,0.40000004,0.5857143,10.728572,2.3714285,0.0,0.0,4.9874896e-05,0.0,0.0,True
2003-12-29,0.86,18.0,4.6714287,6.471429,2.6714287,89.92857,0.31428573,0.31428573,0.45714286,10.585714,3.3714285,0.0,0.0,0.00019039994,0.0,0.0,True
2004-01-05,0.73,2.8000002,-1.1142857,0.22857141,-2.6571429,90.700005,0.05,0.05,0.27142856,10.75,1.0,0.0,0.0,0.0006787096,0.0,0.0,True
2004-01-12,0.93,26.800001,4.2285714,6.3142858,2.142857,93.64286,0.25714284,0.25714284,0.27142856,10.742857,1.5285715,0.0,0.0,0.0006568432,0.0,0.0,True
2004-01-19,1.08,40.4,3.757143,5.328572,1.8714286,90.48572,0.48571435,0.48571435,0.4,11.4,2.8714285,0.0,0.0,0.00024376597,0.0,0.0,True
2004-01-26,0.88,4.3,-0.42857143,1.0285714,-1.6142857,86.200005,0.12857144,0.12857144,0.45714286,10.685715,0.0,0.0,0.0,0.0031352837,0.0,0.0,True
2004-02-02,1.16,42.899998,2.1714284,4.3,-0.05714294,90.91429,0.5142857,0.5142857,0.4714286,10.914286,1.5142857,0.0,0.0,0.0068876008,0.0,0.0,True
2004-02-09,1.29,65.6,7.5285716,9.257143,5.3,86.62858,0.8428572,0.8428572,0.7714286,11.557143,6.4714284,0.0,0.0,7.561275e-05,0.0,0.0,True
2004-02-16,1.04,15.5,3.9,6.0142856,2.0000002,92.58572,0.3285714,0.3285714,0.42857143,10.928572,3.5285714,0.0,0.0,6.180718e-05,0.0,0.0,True
2004-02-23,0.84,0.2,1.6571429,3.6714287,-0.55714285,76.5,0.75714284,0.7,0.9714286,10.057143,1.9142857,0.0,0.0,1.626923e-05,0.0,0.0,True
2004-03-01,0.74,10.8,0.34285715,2.7714288,-2.3142858,85.71429,0.58571434,0.54285717,0.61428577,10.114285,0.55714285,0.0,0.0,0.0058528357,0.0,0.0,True
2004-03-08,0.68,1.7,1.2571429,3.3142858,-1.0857143,77.67143,0.78571427,0.7285715,0.9857143,9.842857,1.9571428,0.0,0.0,0.0009522892,0.0,0.0,True
2004-03-15,0.66,9.1,4.928571,7.142857,2.6571429,82.01429,0.95714283,0.91428566,1.0571429,9.685715,3.9571428,0.0,0.0,0.0004566454,0.0,0.0,True
2004-03-22,0.8,26.099998,8.585714,11.67143,5.9714284,84.685715,1.357143,1.3142856,1.2571429,10.028571,8.028571,0.0,0.0,-7.2791902999999985e-25,0.0,0.0,True
2004-03-29,0.72,0.5,4.857143,7.357143,2.1142857,81.14286,1.1428572,1.042857,1.2571429,10.071428,6.1857142,0.0,0.0,-7.2791902999999985e-25,0.0,0.0,True
2004-04-05,0.7,16.8,8.771429,12.614286,5.0142856,73.1,2.0857143,1.8142859,2.0571427,9.471429,8.957143,0.0,0.0,-7.2791902999999985e-25,0.0,0.0,True
2004-04-12,0.72,9.700001,6.2428575,8.214286,4.4,82.971436,1.4571428,1.3857144,1.4571428,9.928572,7.8,0.0,0.0,-7.2791902999999985e-25,0.0,0.0,True
2004-04-19,0.68,0.4,10.1,14.571428,5.7428575,71.84286,2.2571428,1.8285713,2.2714286,9.214286,12.0,0.0,0.0,-7.2791902999999985e-25,0.0,0.0,True
2004-04-26,0.63,0.6,10.142858,13.785714,6.7000003,84.28571,2.1285713,1.6428572,2.0285714,8.528571,13.285714,0.0,0.0,-7.2791902999999985e-25,0.0,0.0,True
2004-05-03,0.6,3.0,12.5,16.585714,8.771429,72.27143,2.7714286,2.1571429,2.8428571,7.7285714,14.428572,0.0,0.0,-7.2791902999999985e-25,0.0,0.0,True
2004-05-10,0.57,9.6,11.957144,14.6,9.6,83.85714,1.742857,1.5142857,1.9142857,7.785714,13.6,0.0,0.0,-7.2791902999999985e-25,0.0,0.0,True
2004-05-17,0.57,0.1,10.985715,13.114286,9.185715,84.35714,1.8428571,1.3571428,2.0,7.428571,13.614285,0.0,0.0,-7.2791902999999985e-25,0.0,0.0,True
2004-05-24,0.56,5.0,10.971429,13.571428,8.3,72.35714,2.9714286,1.957143,3.0571427,6.5857143,14.1,0.0,0.0,-7.2791902999999985e-25,0.0,0.0,True
2004-05-31,0.52,7.9,12.900001,16.27143,8.928572,70.02857,3.1285717,1.4142858,3.3714287,6.0285716,15.571428,0.0,0.0,-7.2791902999999985e-25,0.0,0.0,True
2004-06-07,0.55,23.6,14.757143,18.285715,11.857142,79.828575,2.8999999,1.5285715,3.0857143,6.0857143,17.914286,0.0,0.0,-7.2791902999999985e-25,0.0,0.0,True
2004-06-14,0.55,21.099998,16.014286,18.800001,13.385715,80.07143,2.9428573,2.042857,3.1000001,6.357143,18.914286,0.0,0.0,-7.2791902999999985e-25,0.0,0.0,True
2004-06-21,0.56,28.0,13.157143,16.128572,10.400001,76.71429,2.857143,2.3999999,3.0142858,6.3142858,15.471429,0.0,0.0,-7.2791902999999985e-25,0.0,0.0,True
2004-06-28,0.66,38.3,14.357142,16.857143,11.928572,81.15715,2.8142858,2.5571427,2.5571427,7.4142857,15.7,0.0,0.0,-7.2791902999999985e-25,0.0,0.0,True
2004-07-05,0.83,45.8,14.842857,17.9,12.185715,82.42857,2.857143,2.7285714,2.7714286,8.285714,16.885714,0.0,0.0,-7.2791902999999985e-25,0.0,0.0,True
2004-07-12,0.73,22.800001,15.17143,17.957144,12.528571,79.47143,2.542857,2.3857143,2.7571428,9.342857,17.114286,0.0,0.0,-7.2791902999999985e-25,0.0,0.0,True
2004-07-19,0.76,29.4,16.47143,19.300001,13.885715,82.08572,2.5285716,2.3857143,2.7142856,9.571428,18.314285,0.0,0.0,-7.284705e-25,0.0,0.0,True
2004-07-26,0.74,21.800001,16.942858,19.757143,14.257143,83.114296,2.5714283,2.357143,2.857143,9.614285,19.7,0.0,0.0,-7.345365000000001e-25,0.0,0.0,True
2004-08-02,0.64,0.2,18.914288,22.085714,15.285714,76.37144,3.3142855,2.7,3.8714287,9.014286,21.6,0.0,0.0,-7.345365000000001e-25,0.0,0.0,True
2004-08-09,0.55,0.0,22.785715,27.071428,18.228573,68.17143,4.6,3.142857,5.1857142,7.6714287,24.857143,0.0,0.0,-7.345365000000001e-25,0.0,0.0,True
2004-08-16,0.58,26.5,19.942858,22.914288,16.957144,80.15715,2.6571426,1.7857143,3.0857143,7.1571426,21.957144,0.0,0.0,-7.345365000000001e-25,0.0,0.0,True
2004-08-23,0.55,14.6,17.657145,20.628572,14.357142,76.11428,2.4142854,2.1999998,2.9857142,7.457143,18.642857,0.0,0.0,-7.345365000000001e-25,0.0,0.0,True
2004-08-30,0.61,28.8,15.728572,18.828571,12.914286,83.25715,1.8714286,1.8428571,2.1000001,8.642858,16.585714,0.0,0.0,-7.345365000000001e-25,0.0,0.0,True
2004-09-06,0.58,7.5,17.314287,21.557144,12.757143,78.48572,2.2285714,1.9714288,2.5571427,9.3714285,18.27143,0.0,0.0,-7.345365000000001e-25,0.0,0.0,True
2004-09-13,0.58,14.799999,16.257143,19.942858,12.300001,72.54286,2.2142856,1.8571427,2.8428571,8.5,17.8,0.0,0.0,-7.345365000000001e-25,0.0,0.0,True
2004-09-20,0.56,29.7,14.414286,17.642859,10.771429,74.47143,1.8285714,1.6714287,2.2,8.185715,14.714286,0.0,0.0,-7.345365000000001e-25,0.0,0.0,True
2004-09-27,0.89,72.700005,12.942858,14.8,10.857142,82.057144,1.642857,1.6285714,1.6285714,10.571428,12.385715,0.0,0.0,-7.345365000000001e-25,0.0,0.0,True
2004-10-04,0.82,13.5,13.014287,15.528572,10.285714,84.814285,0.9857144,0.9857144,1.2571429,10.557143,12.814285,0.0,0.0,-7.345365000000001e-25,0.0,0.0,True
2004-10-11,0.69,2.3,10.842857,13.942857,8.071428,79.84286,0.90000004,0.8428572,1.4714286,10.057143,10.8,0.0,0.0,-7.345365000000001e-25,0.0,0.0,True
2004-10-18,0.7,29.4,8.2,10.7,5.428571,83.85714,0.68571424,0.62857145,1.0142857,9.8714285,8.114285,0.0,0.0,-7.345365000000001e-25,0.0,0.0,True
2004-10-25,0.9,29.699999,12.357142,14.814286,9.928572,83.44286,0.9857143,0.9857143,1.1571429,10.657143,10.985714,0.0,0.0,-7.345365000000001e-25,0.0,0.0,True
2004-11-01,0.79,9.3,9.642858,10.900001,7.8142858,92.07143,0.35714287,0.35714287,0.5142857,10.485714,9.5,0.0,0.0,-7.345365000000001e-25,0.0,0.0,True
2004-11-08,0.85,21.4,8.314286,9.985715,5.928571,87.08572,0.5142857,0.5428571,0.6714286,10.328571,7.3714285,0.0,0.0,-7.345365000000001e-25,0.0,0.0,True
2004-11-15,0.95,24.3,5.7571435,7.6285715,3.7857144,87.700005,0.34285715,0.34285715,0.5714286,10.6285715,4.785714,0.0,0.0,-7.345365000000001e-25,0.0,0.0,True
2004-11-22,1.09,46.8,5.7000003,8.585714,2.4428573,86.5,0.6,0.6,0.5714286,11.042857,4.6285715,0.0,0.0,0.00030032225,0.0,0.0,True
2004-11-29,0.98,14.400001,4.1142855,6.414286,1.7285715,90.42857,0.22857144,0.24285714,0.34285715,10.657143,3.4142857,0.0,0.0,1.6513324e-05,0.0,0.0,True
2004-12-06,0.89,4.3,4.6,6.085714,2.9285715,95.15715,0.12857142,0.12857142,0.22857143,10.357142,3.9857142,0.0,0.0,7.947286e-07,0.0,0.0,True
2004-12-13,0.76,0.0,3.2428572,4.857143,1.4142857,97.34286,0.08571429,0.08571429,0.17142858,10.242857,3.057143,0.0,0.0,-7.345365000000001e-25,0.0,0.0,True
2004-12-20,0.72,14.1,3.6857145,5.6,1.5285714,87.27143,0.34285715,0.34285715,0.45714286,10.428572,2.5142858,0.0,0.0,0.0004076447,0.0,0.0,True
2004-12-27,0.81,14.6,2.8999999,4.928571,0.6999999,90.25714,0.44285718,0.44285718,0.31428573,10.6285715,2.2857144,0.0,0.0,0.00017631621,0.0,0.0,True
2005-01-03,0.97,30.5,4.357143,6.8,1.8142859,91.22858,0.15,0.15,0.37142855,10.65,1.75,0.0,0.0,0.00057580357,0.0,0.0,True
2005-01-10,0.88,12.0,7.9571433,9.428572,5.942857,83.457146,0.8285714,0.8285714,0.90000004,10.4,6.242857,0.0,0.0,1.4191582e-07,0.0,0.0,True
2005-01-17,0.83,12.3,4.7714286,6.6857142,2.7428572,87.64286,0.48571426,0.48571426,0.42857143,10.257143,3.7714286,0.0,0.0,-7.345365000000001e-25,0.0,0.0,True
2005-01-24,0.95,23.3,3.6000001,5.3285713,1.2571429,83.75715,0.78571427,0.78571427,0.7,10.785714,2.442857,0.0,0.0,0.00016735849,0.0,0.0,True
2005-01-31,0.82,3.4,0.5714286,1.9142858,-1.3142856,91.5,0.15714286,0.14285715,0.31428573,10.314285,0.18571429,0.0,0.0,0.0019984131,0.0,0.0,True
2005-02-07,0.75,0.8,2.5285716,4.2285714,0.45714283,85.25714,0.42857143,0.42857143,0.4857143,10.185715,2.2285714,0.0,0.0,2.7259191e-05,0.0,0.0,True
2005-02-14,0.93,28.0,2.142857,5.0,-0.21428569,87.4,0.5857143,0.5857143,0.5428571,10.657143,1.5857143,0.0,0.0,2.333096e-05,0.0,0.0,True
2005-02-21,0.8,3.7,0.31428573,1.8571428,-1.0571429,86.21429,0.27142859,0.27142859,0.5857143,10.442857,0.35714287,0.0,0.0,0.0017154501,0.0,0.0,True
2005-02-28,0.87,13.0,-0.7,0.4571429,-2.3,85.72858,0.2857143,0.2857143,0.62857145,10.357142,0.042857144,0.0,0.0,0.010387824,0.0,0.0,True
2005-03-07,0.77,1.4000001,-2.3714287,-0.24285714,-6.1,85.12858,0.08571429,0.08571429,0.64285713,10.328571,-0.014285714,0.0,0.0,0.016156094,0.0,0.0,True
2005-03-14,0.91,15.9,2.1142857,4.657143,-0.82857144,87.6,0.88571423,0.88571423,0.7714286,10.3714285,1.9142857,0.0,0.0,0.0033108564,0.0,0.0,True
2005-03-21,0.88,11.4,6.057143,8.957143,3.0285716,81.042854,1.1428572,1.1285715,1.1857144,10.3,6.0,0.0,0.0,9.993712e-05,0.0,0.0,True
2005-03-28,0.9,14.7,7.585715,11.271429,3.4714286,85.91429,1.1571429,1.0571429,1.1,10.085714,8.1285715,0.0,0.0,-7.345365000000001e-25,0.0,0.0,True
2005-04-04,0.81,7.3999996,8.7,13.857142,3.6571429,60.714287,2.5142858,2.1571426,2.542857,9.771428,8.5,0.0,0.0,-7.345365000000001e-25,0.0,0.0,True
2005-04-11,0.76,10.4,7.2000003,10.0,4.1714287,78.92857,1.7571429,1.6000001,1.7714285,9.114285,8.5,0.0,0.0,-7.345365000000001e-25,0.0,0.0,True
2005-04-18,0.76,9.200001,10.857142,14.928573,7.357143,82.542854,1.9428571,1.6285715,1.8142856,8.857142,11.857142,0.0,0.0,-7.345365000000001e-25,0.0,0.0,True
2005-04-25,0.71,8.2,7.5142856,11.085715,3.114286,65.98572,2.642857,2.0857146,2.7857144,8.271428,10.185715,0.0,0.0,-7.345365000000001e-25,0.0,0.0,True
2005-05-02,0.8,23.4,11.942858,15.614286,8.085714,83.47143,2.0714288,1.7857143,2.0,8.214286,13.771428,0.0,0.0,-7.345365000000001e-25,0.0,0.0,True
2005-05-09,0.79,22.4,9.3714285,12.17143,6.571429,82.8,1.9714285,1.9142857,1.9857143,8.471429,11.728572,0.0,0.0,-7.345365000000001e-25,0.0,0.0,True
2005-05-16,0.72,8.0,9.914286,12.614286,6.971429,77.32857,2.2285714,2.0,2.5285716,8.471429,11.957143,0.0,0.0,-7.345365000000001e-25,0.0,0.0,True
2005-05-23,0.68,14.8,12.17143,15.6285715,8.342857,73.700005,2.8428571,2.4714284,2.8857143,8.1,14.542857,0.0,0.0,-7.345365000000001e-25,0.0,0.0,True
2005-05-30,0.65,5.7999997,16.085714,20.957142,11.900001,73.5,3.7000003,2.7857146,3.8999999,7.2,19.257143,0.0,0.0,-7.345365000000001e-25,0.0,0.0,True
2005-06-06,0.64,23.3,12.542857,15.457144,10.257143,77.84286,2.3428571,2.1571429,2.5571427,7.542857,14.085714,0.0,0.0,-7.345365000000001e-25,0.0,0.0,True
2005-06-13,0.65,16.1,11.457144,13.557143,9.1285715,76.67143,2.7285714,2.3714287,2.8285713,7.4714284,14.442857,0.0,0.0,-7.345365000000001e-25,0.0,0.0,True
2005-06-20,0.59,1.2,17.485714,21.47143,12.557143,71.5,4.085714,3.1857142,4.142857,7.0285716,20.37143,0.0,0.0,-7.345365000000001e-25,0.0,0.0,True
2005-06-27,0.57,8.9,18.028572,21.542858,14.342857,73.57143,3.9571426,2.5285714,4.1285715,5.857143,22.485714,0.0,0.0,-7.345365000000001e-25,0.0,0.0,True
2005-07-04,0.55,17.7,18.314285,21.785715,14.471429,76.75714,3.542857,2.0285714,3.6285713,5.4142857,21.571428,0.0,0.0,-7.345365000000001e-25,0.0,0.0,True
2005-07-11,0.51,12.0,18.157145,21.557144,14.728572,78.92857,3.2857144,2.2714286,3.4714284,5.742857,20.857143,0.0,0.0,-7.345365000000001e-25,0.0,0.0,True
2005-07-18,0.49,6.2,19.12857,22.257143,16.328571,76.22858,3.3142855,1.4285715,3.6857142,5.1571426,22.442858,0.0,0.0,-7.345365000000001e-25,0.0,0.0,True
2005-07-25,0.58,37.3,16.071428,18.2,14.228572,82.957146,2.4285715,2.1285715,2.5,6.885714,17.485714,0.0,0.0,-7.345365000000001e-25,0.0,0.0,True
2005-08-01,0.66,44.5,17.27143,20.357143,14.657144,84.457146,2.3285716,2.114286,2.4285715,7.6285715,19.157143,0.0,0.0,-7.345365000000001e-25,0.0,0.0,True
2005-08-08,0.72,36.2,14.842857,17.800001,11.828572,81.51428,2.2,2.1571429,2.5714285,8.671429,16.22857,0.0,0.0,-7.345365000000001e-25,0.0,0.0,True
2005-08-15,0.77,38.1,15.214286,17.114286,13.771429,84.37144,1.6857141,1.6285714,2.1857142,9.3,15.785714,0.0,0.0,-7.345365000000001e-25,0.0,0.0,True
2005-08-22,0.67,2.6,18.014286,21.028574,15.014287,83.12858,2.2428572,1.9,2.6285713,8.971429,19.942858,0.0,0.0,-7.345365000000001e-25,0.0,0.0,True
2005-08-29,0.61,16.6,15.67143,19.171429,12.328572,80.88572,2.0428572,1.8714286,2.5571427,8.957143,17.214285,0.0,0.0,-7.345365000000001e-25,0.0,0.0,True
2005-09-05,0.56,0.0,18.1,22.457142,13.685715,76.65715,2.4714286,2.0,3.1142857,8.557143,20.028572,0.0,0.0,-7.345365000000001e-25,0.0,0.0,True
2005-09-12,0.58,24.099998,18.485716,22.157145,15.071428,78.74286,2.0000002,1.5428572,2.6857142,7.8285713,19.742857,0.0,0.0,-7.345365000000001e-25,0.0,0.0,True
2005-09-19,0.53,10.4,13.885715,16.357143,10.471429,76.87144,1.4428571,1.2571429,2.0285714,7.857143,14.8714285,0.0,0.0,-7.345365000000001e-25,0.0,0.0,True
2005-09-26,0.5,0.4,14.942858,19.457144,10.328572,79.65715,1.4142857,1.1,1.9285715,7.6857142,16.085714,0.0,0.0,-7.345365000000001e-25,0.0,0.0,True
2005-10-03,0.53,24.1,12.67143,15.557143,9.528571,82.6,1.1285714,1.1,1.4428571,8.257143,12.728572,0.0,0.0,-7.345365000000001e-25,0.0,0.0,True
2005-10-10,0.51,0.1,13.885715,17.514286,10.242857,85.38572,0.9142857,0.75714296,1.4,8.457143,13.728572,0.0,0.0,-7.345365000000001e-25,0.0,0.0,True
2005-10-17,0.46,0.0,11.385714,15.471429,7.585715,80.1,0.90000004,0.7,1.5,8.114285,11.8,0.0,0.0,-7.345365000000001e-25,0.0,0.0,True
2005-10-24,0.52,42.8,10.471429,13.657144,7.328572,84.01429,0.7428571,0.6857143,1.1,8.342857,9.814285,0.0,0.0,-7.345365000000001e-25,0.0,0.0,True
2005-10-31,0.7,11.900001,14.442858,18.114286,11.557143,83.700005,0.9142857,0.9142857,1.0857142,10.314285,12.428572,0.0,0.0,-7.345365000000001e-25,0.0,0.0,True
2005-11-07,0.66,13.1,11.685715,13.785714,8.928572,85.057144,0.67142856,0.67142856,0.88571423,10.157143,10.514286,0.0,0.0,-7.345365000000001e-25,0.0,0.0,True
2005-11-14,0.63,6.4,9.471429,11.557143,6.8285713,86.828575,0.4714286,0.44285712,0.6857143,10.071428,8.385715,0.0,0.0,-7.345365000000001e-25,0.0,0.0,True
2005-11-21,0.75,31.9,4.642857,6.857143,1.8142859,86.42857,0.3285714,0.3285714,0.5285714,10.657143,3.5142858,0.0,0.0,-7.345365000000001e-25,0.0,0.0,True
2005-11-28,0.84,15.700001,2.057143,3.0857143,0.3857143,92.58572,0.17142858,0.17142858,0.37142858,10.728572,1.9428571,0.0,0.0,0.0016914379,0.0,0.0,True
2005-12-05,0.81,19.1,2.6714287,4.5142856,0.95714283,89.22858,0.21428573,0.21428573,0.3857143,10.4,1.4285715,0.0,0.0,0.000729663,0.0,0.0,True
2005-12-12,0.76,1.4,4.4857144,5.614286,2.6142857,93.6,0.12857144,0.12857144,0.27142859,10.385715,3.357143,0.0,0.0,3.2129742e-06,0.0,0.0,True
2005-12-19,0.91,31.2,4.8285713,6.8857145,2.2714286,85.54286,0.5285714,0.5285714,0.7285714,10.728572,2.8428571,0.0,0.0,0.0013275885,0.0,0.0,True
2005-12-26,0.92,13.5,5.085714,6.6,2.8714287,90.27143,0.20000002,0.20000002,0.3857143,10.6285715,3.4142857,0.0,0.0,0.00015272413,0.0,0.0,True
2006-01-02,0.89,12.5,0.31428576,1.9428571,-1.7285715,91.299995,0.04,0.04,0.4,10.42,0.14,0.0,0.0,0.004336448,0.0,0.0,True
2006-01-09,0.79,0.1,-0.78571427,0.32857147,-2.1142857,91.64286,0.042857144,0.042857144,0.35714287,10.3,-0.014285714,0.0,0.0,0.0020099822,0.0,0.0,True
2006-01-16,0.74,2.9,-0.042857137,2.4714286,-2.6000001,90.28571,0.12857144,0.12857144,0.25714287,10.257143,-0.37142858,0.0,0.0,0.00078648614,0.0,0.0,True
2006-01-23,0.81,18.0,-0.02857147,1.9142858,-2.2857144,85.48572,0.17142858,0.17142858,0.4857143,10.5,-0.41428572,0.0,0.0,0.0004471427,0.0,0.0,True
2006-01-30,0.71,1.0,-1.6,0.74285716,-4.5142856,86.6,0.12857144,0.12857144,0.44285712,10.328571,-1.6,0.0,0.0,0.0008110546,0.0,0.0,True
2006-02-06,0.67,3.6000001,0.8428572,2.9,-1.0714285,90.47143,0.17142858,0.17142858,0.41428572,10.2,-0.028571429,0.0,0.0,0.00046137968,0.0,0.0,True
2006-02-13,0.77,11.7,2.2,3.8999999,0.32857138,88.4,0.5285714,0.5142857,0.5142857,10.442857,0.8857143,0.0,0.0,0.0001924265,0.0,0.0,True
2006-02-20,0.78,10.6,3.2285714,5.0428576,0.9428572,92.04286,0.3142857,0.3142857,0.45714286,10.4,2.3714285,0.0,0.0,5.4262935e-05,0.0,0.0,True
2006-02-27,0.72,2.4,0.17142858,1.7857143,-1.957143,82.07143,0.5142857,0.4857143,0.7571429,10.142858,0.5714286,0.0,0.0,0.0008702562,0.0,0.0,True
2006-03-06,0.74,19.5,-0.17142859,2.1142857,-2.857143,90.94286,0.4857143,0.4857143,0.5714286,10.314285,0.15714286,0.0,0.0,0.010685824,0.0,0.0,True
2006-03-13,0.8,12.3,-2.257143,-0.1714286,-5.571429,81.88572,0.24285714,0.22857144,0.78571427,10.328571,0.114285715,0.0,0.0,0.021911314,0.0,0.0,True
2006-03-20,0.88,0.0,-0.22857144,1.2571429,-2.4285715,85.27143,0.42857143,0.40000004,0.78571427,10.185715,0.37142858,0.0,0.0,0.021869307,0.0,0.0,True
2006-03-27,0.99,28.600002,4.3714285,7.142857,1.3142859,79.6,1.2428571,1.1285714,1.2857143,10.114285,4.6714287,0.0,0.0,0.00446386,0.0,0.0,True
2006-04-03,1.12,38.0,7.6714287,10.614286,4.7571425,85.68572,1.1857144,1.1857144,1.2428571,10.885715,7.214286,0.0,0.0,1.6121637e-06,0.0,0.0,True
2006-04-10,0.96,8.5,5.2714286,7.914286,2.9,79.12858,1.557143,1.5714285,1.6142857,10.428572,5.957143,0.0,0.0,-7.345365000000001e-25,0.0,0.0,True
2006-04-17,0.87,12.599999,7.214286,9.814285,4.585715,82.15715,1.6000001,1.5285714,1.5,10.042857,8.285714,0.0,0.0,-7.345365000000001e-25,0.0,0.0,True
2006-04-24,0.8,7.6000004,8.814286,11.67143,5.571429,84.52857,1.3428571,1.2571429,1.3428571,9.814285,10.042857,0.0,0.0,-7.345365000000001e-25,0.0,0.0,True
2006-05-01,0.82,16.6,9.042857,12.514287,5.585715,80.04286,1.9857143,1.7714285,1.9571428,9.571428,11.414286,0.0,0.0,-7.345365000000001e-25,0.0,0.0,True
2006-05-08,0.75,0.0,15.414286,20.914288,10.6,61.514286,4.571429,3.5285714,4.2285714,8.8714285,16.528572,0.0,0.0,-7.345365000000001e-25,0.0,0.0,True
2006-05-15,0.68,1.7,13.17143,17.2,8.8,66.62858,3.6714287,2.2142856,3.457143,7.385714,17.214285,0.0,0.0,-7.345365000000001e-25,0.0,0.0,True
2006-05-22,0.78,46.0,13.0,15.785714,10.657144,83.37144,2.2285714,1.9571428,2.1714287,7.7714286,14.242857,0.0,0.0,-7.345365000000001e-25,0.0,0.0,True
2006-05-29,0.8,13.7,10.914286,13.557143,8.085714,80.35714,2.2,2.0714285,2.3285713,8.642858,12.514286,0.0,0.0,-7.345365000000001e-25,0.0,0.0,True
2006-06-05,0.72,9.099999,10.957143,13.185715,8.985715,78.57143,2.3714287,2.057143,2.4428573,8.328571,13.328571,0.0,0.0,-7.345365000000001e-25,0.0,0.0,True
2006-06-12,0.64,0.0,16.585714,20.385714,11.257143,68.22857,4.428571,3.1142857,4.5142856,7.257143,20.328571,0.0,0.0,-7.345365000000001e-25,0.0,0.0,True
2006-06-19,0.6,1.8000001,17.857143,22.185715,13.742858,74.200005,3.371429,1.6857145,3.4857142,6.0857143,21.12857,0.0,0.0,-7.345365000000001e-25,0.0,0.0,True
2006-06-26,0.57,7.6,17.314287,20.77143,13.642858,77.114296,3.114286,1.6142857,3.1285713,5.857143,19.671429,0.0,0.0,-7.345365000000001e-25,0.0,0.0,True
2006-07-03,0.51,0.6,18.014286,22.300001,13.17143,68.24286,4.2714286,1.3428571,4.5571427,5.6285715,20.87143,0.0,0.0,-7.345365000000001e-25,0.0,0.0,True
2006-07-10,0.47,8.2,21.214285,26.071428,16.957144,69.88572,4.2571425,1.3142856,4.571429,5.357143,24.057142,0.0,0.0,-7.345365000000001e-25,0.0,0.0,True
2006-07-17,0.43,6.3,19.085714,23.157145,14.528572,64.98572,4.4,1.3285714,4.8857145,5.2285714,22.757143,0.0,0.0,-7.345365000000001e-25,0.0,0.0,True
2006-07-24,0.42,4.4,21.785715,25.828571,17.628572,75.85714,4.285714,0.8285714,4.5142856,4.9428573,25.714285,0.0,0.0,-7.345365000000001e-25,0.0,0.0,True
2006-07-31,0.48,38.7,22.314287,26.714285,18.028572,72.1,3.885714,1.2571429,4.3,5.0285716,25.27143,0.0,0.0,-7.345365000000001e-25,0.0,0.0,True
2006-08-07,0.48,12.200001,18.885715,22.642857,15.428572,77.4,3.1857145,2.4857142,3.6571429,5.6857142,21.0,0.0,0.0,-7.345365000000001e-25,0.0,0.0,True
2006-08-14,0.62,65.0,16.157145,19.042858,13.414286,79.72858,2.0714285,1.6428572,2.3714287,6.042857,18.357143,0.0,0.0,-7.345365000000001e-25,0.0,0.0,True
2006-08-21,0.68,25.2,17.857143,21.328571,14.757143,82.25715,2.2142856,2.1714287,2.5142858,8.685715,19.12857,0.0,0.0,-7.345365000000001e-25,0.0,0.0,True
2006-08-28,0.79,54.6,16.57143,19.47143,14.057143,82.5,1.9142858,1.9,2.3428571,10.085714,18.142857,0.0,0.0,-7.345365000000001e-25,0.0,0.0,True
2006-09-04,0.9,40.8,16.814287,19.285715,14.400001,80.557144,1.9571427,1.9571427,2.3428571,10.842857,16.8,0.0,0.0,-7.345365000000001e-25,0.0,0.0,True
2006-09-11,0.77,13.3,16.914286,19.52857,13.957144,76.34286,1.8857142,1.7714285,2.642857,10.085714,17.5,0.0,0.0,-7.345365000000001e-25,0.0,0.0,True
2006-09-18,0.65,0.0,19.328571,23.857143,15.485715,72.12858,2.2,1.7285715,3.0571427,9.214286,19.885714,0.0,0.0,-7.345365000000001e-25,0.0,0.0,True
2006-09-25,0.57,0.6,17.4,21.9,12.885715,72.11429,1.942857,1.4857142,2.6571429,8.542857,18.157143,0.0,0.0,-7.345365000000001e-25,0.0,0.0,True
2006-10-02,0.58,14.1,16.285715,19.257143,13.485715,83.88572,1.1,0.9857144,1.4428571,8.3714285,16.7,0.0,0.0,-7.345365000000001e-25,0.0,0.0,True
2006-10-09,0.73,35.6,13.6,16.028572,10.785714,85.07143,1.0857142,1.0714285,1.2428571,9.357142,13.442857,0.0,0.0,-7.345365000000001e-25,0.0,0.0,True
2006-10-16,0.64,0.6,12.842857,15.214286,10.414286,88.54286,0.62857145,0.54285717,1.0142857,9.328571,13.514286,0.0,0.0,-7.345365000000001e-25,0.0,0.0,True
2006-10-23,0.62,17.1,13.385715,16.242857,10.6285715,84.52857,0.82857144,0.7714285,1.0,9.171429,12.742857,0.0,0.0,-7.345365000000001e-25,0.0,0.0,True
2006-10-30,0.74,28.4,12.971429,15.457144,9.828572,83.957146,0.87142855,0.87142855,1.1142857,10.1285715,12.0,0.0,0.0,-7.345365000000001e-25,0.0,0.0,True
2006-11-06,0.77,15.3,8.471429,10.542857,5.1714287,80.08572,0.7428571,0.77142864,1.2428571,10.342857,7.114286,0.0,0.0,2.2649765e-06,0.0,0.0,True
2006-11-13,0.93,37.6,8.6,10.814286,6.014286,82.67143,0.88571435,0.8714286,1.0571429,10.557143,7.2714286,0.0,0.0,-7.345365000000001e-25,0.0,0.0,True
2006-11-20,0.85,14.7,9.257143,11.342857,6.971429,89.02857,0.45714286,0.45714286,0.59999996,10.757143,7.928571,0.0,0.0,-7.345365000000001e-25,0.0,0.0,True
2006-11-27,0.88,20.5,8.928572,11.228571,6.1857142,87.457146,0.4714286,0.4714286,0.62857145,10.8,7.2285714,0.0,0.0,-7.345365000000001e-25,0.0,0.0,True
2006-12-04,0.81,6.0,8.385715,10.114286,6.0,87.85714,0.37142858,0.37142858,0.5142857,10.357142,7.0285716,0.0,0.0,-7.345365000000001e-25,0.0,0.0,True
2006-12-11,0.84,21.900002,8.3,10.071428,6.2000003,85.25714,0.7285714,0.7285714,0.7285714,10.814285,6.8142858,0.0,0.0,-7.345365000000001e-25,0.0,0.0,True
2006-12-18,0.89,15.200001,7.2999997,8.757143,5.5428576,86.67143,0.38571426,0.38571426,0.61428577,10.671429,5.8,0.0,0.0,-7.345365000000001e-25,0.0,0.0,True
2006-12-25,0.79,0.3,6.8428574,7.785714,5.442857,87.78571,0.17142858,0.17142858,0.4857143,10.3714285,4.9428573,0.0,0.0,-7.345365000000001e-25,0.0,0.0,True
2007-01-01,0.83,20.4,5.457143,7.3142858,3.5857143,87.15715,0.4,0.4,0.61428577,10.416667,4.0833335,0.0,0.0,0.0002286718,0.0,0.0,True
2007-01-08,0.95,25.9,7.014286,8.314286,5.4,89.47143,0.5285715,0.5285715,0.55714285,10.928572,5.785714,0.0,0.0,-7.345365000000001e-25,0.0,0.0,True
2007-01-15,0.97,18.7,8.728572,10.828572,6.3285713,81.48572,1.1571429,1.1571429,1.0857142,11.028571,7.214286,0.0,0.0,-7.345365000000001e-25,0.0,0.0,True
2007-01-22,1.22,64.799995,6.7571435,9.1,4.142857,82.814285,1.0285715,1.0285715,0.88571423,11.5,5.6714287,0.0,0.0,2.4409522e-07,0.0,0.0,True
2007-01-29,1.03,12.9,1.8000001,3.8857143,-0.6428572,83.1,0.45714286,0.45714286,0.62857145,10.771428,1.0285715,0.0,0.0,0.000468203,0.0,0.0,True
2007-02-05,0.99,7.1,6.0428576,7.1142855,4.728572,89.75715,0.4285715,0.4285715,0.5857143,10.385715,5.1,0.0,0.0,1.6121637e-06,0.0,0.0,True
2007-02-12,0.92,15.5,0.88571423,2.5857143,-1.0285715,88.41429,0.2857143,0.2857143,0.5285714,10.357142,0.9142857,0.0,0.0,0.00195237,0.0,0.0,True
2007-02-19,0.91,7.3999996,4.4428573,6.7714286,2.2285714,89.14286,0.45714286,0.45714286,0.5428571,10.542857,3.7142856,0.0,0.0,0.00013814087,0.0,0.0,True
2007-02-26,0.93,20.1,5.5142856,7.3428574,3.357143,89.814285,0.5142857,0.5142857,0.5714286,10.642858,4.6285715,0.0,0.0,1.8732888e-07,0.0,0.0,True
2007-03-05,1.02,33.9,6.0285716,8.657144,2.9857142,85.64286,0.9428572,0.9428572,0.90000004,11.057143,5.4714284,0.0,0.0,5.301975e-06,0.0,0.0,True
2007-03-12,0.98,13.299999,7.8857145,10.757143,5.057143,84.02857,1.0142858,0.9857143,1.1142857,10.485714,7.142857,0.0,0.0,-7.345365000000001e-25,0.0,0.0,True
2007-03-19,1.01,23.8,6.871429,9.571428,3.8142858,84.32857,1.3714286,1.3000001,1.1857144,10.071428,7.4857144,0.0,0.0,0.00021465619,0.0,0.0,True
2007-03-26,0.88,1.5,7.071429,10.3714285,3.8428574,73.75714,1.7714287,1.6428572,1.8714286,10.114285,6.8714285,0.0,0.0,0.0002261457,0.0,0.0,True
2007-04-02,0.78,0.0,9.185715,14.7,4.357143,67.24286,2.3714287,1.8571428,2.2571428,9.2,10.185715,0.0,0.0,-7.345365000000001e-25,0.0,0.0,True
2007-04-09,0.72,1.5,8.17143,10.514285,5.7428575,78.52857,1.6,1.1999999,1.7714285,8.528571,9.571428,0.0,0.0,-7.345365000000001e-25,0.0,0.0,True
2007-04-16,0.67,0.0,12.7,17.757143,8.042857,74.65714,2.9714284,2.0285714,2.6857142,7.7714286,14.014286,0.0,0.0,-7.345365000000001e-25,0.0,0.0,True
2007-04-23,0.63,5.4,9.428572,13.114286,5.6142855,66.828575,2.4142857,1.2142857,2.642857,6.9428573,11.685715,0.0,0.0,-7.345365000000001e-25,0.0,0.0,True
2007-04-30,0.61,0.0,14.785714,19.528574,9.114286,67.9,3.6142857,1.1571428,3.4285715,6.428571,17.1,0.0,0.0,-7.345365000000001e-25,0.0,0.0,True
2007-05-07,0.59,5.7,12.057143,15.585715,7.385715,74.0,3.085714,0.78571427,3.0285716,6.1285715,16.142857,0.0,0.0,-7.345365000000001e-25,0.0,0.0,True
2007-05-14,0.65,24.4,12.385715,15.514287,9.1285715,79.14286,2.542857,2.1285713,2.4714284,6.9857144,13.357142,0.0,0.0,-7.345365000000001e-25,0.0,0.0,True
2007-05-21,0.62,12.1,13.085715,16.657145,9.028571,73.15714,2.9,2.3714283,3.1857142,7.4857144,15.457143,0.0,0.0,-7.345365000000001e-25,0.0,0.0,True
2007-05-28,0.62,15.200001,15.0,18.34286,11.514285,80.44286,2.4285715,1.8571427,2.6714287,7.0857143,18.085714,0.0,0.0,-7.345365000000001e-25,0.0,0.0,True
2007-06-04,0.62,11.5,15.342857,18.885715,11.957144,74.957146,2.8428571,2.2428575,3.2,7.3714285,17.885714,0.0,0.0,-7.345365000000001e-25,0.0,0.0,True
2007-06-11,0.57,0.0,20.785715,26.17143,16.014286,70.828575,4.485714,2.6428568,4.871429,6.285714,23.37143,0.0,0.0,-7.345365000000001e-25,0.0,0.0,True
2007-06-18,0.75,47.399998,16.27143,18.97143,13.514287,85.24286,2.1571429,1.6285715,2.085714,6.4714284,19.2,0.0,0.0,-7.345365000000001e-25,0.0,0.0,True
2007-06-25,0.78,47.300003,17.314287,21.071428,13.542857,80.92857,2.7714286,2.4857142,2.9714284,7.242857,19.971428,0.0,0.0,-7.345365000000001e-25,0.0,0.0,True
2007-07-02,0.91,49.7,14.771429,17.757143,11.471429,81.957146,2.6000001,2.5571427,2.4428573,9.428572,15.814285,0.0,0.0,-7.345365000000001e-25,0.0,0.0,True
2007-07-09,0.86,20.8,15.614286,18.457144,13.114286,81.02857,2.7714286,2.6571429,2.957143,10.3,17.4,0.0,0.0,-7.345365000000001e-25,0.0,0.0,True
2007-07-16,0.8,22.2,17.97143,22.185715,14.599999,80.34286,3.0571427,2.8,3.0285716,10.014286,19.514286,0.0,0.0,-7.345365000000001e-25,0.0,0.0,True
2007-07-23,0.74,37.3,17.914286,21.357143,14.6285715,75.58572,3.2857144,2.9,3.5285716,9.057143,21.342857,0.0,0.0,-7.345365000000001e-25,0.0,0.0,True
2007-07-30,0.93,53.1,16.27143,19.314285,13.471429,79.614296,2.6857142,2.7,2.7428572,10.557143,17.342857,0.0,0.0,-7.345365000000001e-25,0.0,0.0,True
2007-08-06,0.7,0.3,18.157145,22.414288,13.757143,69.11429,3.5142858,2.9857142,4.1714287,9.814285,19.757143,0.0,0.0,-7.345365000000001e-25,0.0,0.0,True
2007-08-13,0.61,0.3,18.414288,20.557144,16.114286,83.41429,2.2285712,1.7857141,2.5285716,8.757143,20.914286,0.0,0.0,-7.345365000000001e-25,0.0,0.0,True
2007-08-20,0.6,28.9,17.5,21.27143,13.857142,75.77143,2.4714286,2.2,2.6142857,8.442857,18.685715,0.0,0.0,-7.345365000000001e-25,0.0,0.0,True
2007-08-27,0.66,27.0,17.671429,20.300001,14.971429,82.87144,1.9285715,1.7142856,2.2857144,8.728572,19.385714,0.0,0.0,-7.345365000000001e-25,0.0,0.0,True
2007-09-03,0.76,49.3,14.571428,16.942858,11.814286,76.90001,1.8142859,1.6857145,2.2714286,8.885715,15.242857,0.0,0.0,-7.345365000000001e-25,0.0,0.0,True
2007-09-10,0.75,19.0,14.614286,16.557142,12.214286,78.27143,1.8714285,1.6999999,2.2571428,9.228572,15.342857,0.0,0.0,-7.345365000000001e-25,0.0,0.0,True
2007-09-17,0.68,9.9,13.942858,16.242857,11.085714,77.71429,1.3571427,1.2714285,1.9571428,9.528571,14.0,0.0,0.0,-7.345365000000001e-25,0.0,0.0,True
2007-09-24,0.65,11.2,14.485715,17.614286,11.214286,79.814285,1.4714286,1.4142858,1.8285714,9.614285,14.428572,0.0,0.0,-7.345365000000001e-25,0.0,0.0,True
2007-10-01,0.72,26.9,12.757143,14.942858,10.5,86.65715,0.95714283,0.9285714,1.1428572,9.985714,12.971429,0.0,0.0,-7.345365000000001e-25,0.0,0.0,True
2007-10-08,0.65,2.8999999,11.457144,14.114286,7.957143,84.37142,0.7,0.6714286,1.1857144,10.2,11.557143,0.0,0.0,-7.345365000000001e-25,0.0,0.0,True
2007-10-15,0.58,0.6,10.685715,13.814285,7.014286,77.38572,0.78571427,0.6857143,1.2571429,9.857142,10.757143,0.0,0.0,-7.345365000000001e-25,0.0,0.0,True
2007-10-22,0.65,26.9,8.8,11.157144,5.0,79.814285,0.74285716,0.7285715,1.1999999,10.185715,8.471429,0.0,0.0,-7.345365000000001e-25,0.0,0.0,True
2007-10-29,0.63,7.7,8.385715,10.114286,6.414286,84.91429,0.4857143,0.42857143,0.87142855,10.1,7.6,0.0,0.0,-7.345365000000001e-25,0.0,0.0,True
2007-11-05,0.6,12.0,10.142858,11.900001,7.642857,87.84286,0.5,0.45714286,0.67142856,10.314285,9.085714,0.0,0.0,-7.345365000000001e-25,0.0,0.0,True
2007-11-12,0.94,48.4,7.214286,9.014286,4.285714,78.971436,1.1,1.1,1.1571429,10.914286,5.6857142,0.0,0.0,2.3558027e-06,0.0,0.0,True
2007-11-19,0.83,10.6,4.0000005,5.714286,1.8714286,87.74286,0.2714286,0.25714287,0.5428571,10.614285,3.0428572,0.0,0.0,9.990874e-07,0.0,0.0,True
2007-11-26,0.77,17.9,4.957143,7.3428574,2.1857142,84.28571,0.45714286,0.45714286,0.6857143,10.3,3.4571428,0.0,0.0,5.052203e-07,0.0,0.0,True
2007-12-03,0.98,39.300003,6.1714287,7.6857147,4.457143,86.27143,0.61428577,0.61428577,0.6571428,10.757143,4.4714284,0.0,0.0,1.7767861e-06,0.0,0.0,True
2007-12-10,1.15,46.4,7.1857142,9.0,5.042857,89.9,0.5428571,0.5428571,0.51428574,11.414286,6.042857,0.0,0.0,9.644599e-06,0.0,0.0,True
2007-12-17,0.86,0.0,2.7285714,3.7142856,0.8714286,85.92857,0.1,0.1,0.45714286,10.457143,1.9571428,0.0,0.0,1.5508562e-05,0.0,0.0,True
2007-12-24,0.74,1.0,-0.6,1.2714287,-2.2857144,95.17143,0.028571429,0.028571429,0.25714287,10.2,-0.24285714,0.0,0.0,0.00032600336,0.0,0.0,True
2007-12-31,0.65,2.4,4.657143,6.0,3.3428574,86.77143,0.2857143,0.2857143,0.5714286,10.2,2.1,0.0,0.0,2.2473789e-05,0.0,0.0,True
2008-01-07,0.67,16.7,1.0714287,2.8,-0.9285714,85.58572,0.24285714,0.24285714,0.62857145,10.357142,0.08571429,0.0,0.0,0.00067740964,0.0,0.0,True
2008-01-14,0.69,6.0,5.8714285,8.0,3.757143,83.87142,0.51428574,0.51428574,0.7714286,10.414286,3.9285715,0.0,0.0,2.3274195e-05,0.0,0.0,True
2008-01-21,0.85,46.8,7.014286,9.257143,4.657143,89.185715,0.61428577,0.61428577,0.6857143,10.842857,5.7714286,0.0,0.0,6.833531e-05,0.0,0.0,True
2008-01-28,0.97,12.9,6.371429,8.028572,4.257143,88.44286,0.55714285,0.5714286,0.74285716,10.985714,5.114286,0.0,0.0,0.00092929316,0.0,0.0,True
2008-02-04,0.85,9.9,4.1285715,6.0,2.2142856,81.057144,0.7714286,0.7714286,0.9142857,10.485714,3.0,0.0,0.0,0.00038590885,0.0,0.0,True
2008-02-11,0.82,8.6,5.857143,9.514287,3.0142858,79.57143,0.6714286,0.6571428,0.7714286,10.428572,4.1714287,0.0,0.0,5.1935513e-05,0.0,0.0,True
2008-02-18,0.74,0.0,2.6000001,4.3,0.25714284,85.04286,0.4142857,0.35714287,0.64285713,10.014286,2.0714285,0.0,0.0,4.2007082e-07,0.0,0.0,True
2008-02-25,0.7,9.6,6.2000003,8.2,3.914286,87.21429,0.7571429,0.7285714,0.88571423,9.885715,5.5,0.0,0.0,-7.345365000000001e-25,0.0,0.0,True
2008-03-03,0.89,35.2,6.371429,8.342857,4.0857143,85.1,1.1571429,1.1571429,1.0428572,10.6,5.571429,0.0,0.0,1.013279e-05,0.0,0.0,True
2008-03-10,0.82,5.7000003,5.9857144,8.185715,2.9714284,78.44286,1.1142856,1.0999999,1.2571429,10.485714,5.242857,0.0,0.0,0.00020453476,0.0,0.0,True
2008-03-17,0.86,21.9,5.971429,7.7000003,3.5428574,82.22857,1.2714285,1.2857143,1.1999999,10.585714,5.4714284,0.0,0.0,2.4977186e-07,0.0,0.0,True
2008-03-24,0.87,21.2,2.5,5.4,-0.7,77.22858,1.1142857,1.0857142,1.2714285,10.471429,3.2142856,0.0,0.0,0.00055884745,0.0,0.0,True
2008-03-31,0.88,15.9,5.571429,8.842857,2.3,79.1,1.5142858,1.4857142,1.5,10.328571,5.5142856,0.0,0.0,0.0031335978,0.0,0.0,True
2008-04-07,0.93,16.699999,6.085715,8.542857,3.2,85.24286,1.1714287,1.1714286,1.1999999,10.285714,7.0142856,0.0,0.0,5.676633e-07,0.0,0.0,True
2008-04-14,0.77,1.8,6.1285715,9.614286,2.2285714,77.72858,1.4857143,1.3142856,1.6999999,9.842857,7.928571,0.0,0.0,-7.345365000000001e-25,0.0,0.0,True
2008-04-21,0.68,0.4,7.0142856,10.028572,3.8,75.08571,1.9428571,1.5857143,2.1,9.328571,8.471429,0.0,0.0,-7.345365000000001e-25,0.0,0.0,True
2008-04-28,0.65,7.3,11.528572,16.057142,7.014286,71.9,2.5571427,2.0714285,2.7142856,8.528571,12.742857,0.0,0.0,-7.345365000000001e-25,0.0,0.0,True
2008-05-05,0.62,8.8,11.928572,15.985715,7.914286,75.15715,2.8285713,2.3285713,2.957143,8.2,14.5,0.0,0.0,-7.345365000000001e-25,0.0,0.0,True
2008-05-12,0.58,0.0,16.228573,20.514286,11.514285,63.87143,4.4,2.6714287,4.2000003,6.9857144,19.4,0.0,0.0,-7.345365000000001e-25,0.0,0.0,True
2008-05-19,0.54,1.4000001,12.442857,16.257143,8.671429,67.84286,3.1285717,1.1571428,3.5857143,6.242857,16.585714,0.0,0.0,-7.345365000000001e-25,0.0,0.0,True
2008-05-26,0.52,9.3,13.1,16.685715,9.285714,65.08572,3.5285716,1.1,3.9714286,5.9428573,16.042856,0.0,0.0,-7.345365000000001e-25,0.0,0.0,True
2008-06-02,0.47,0.0,18.34286,23.47143,13.957144,66.6,4.2571425,0.9285714,4.428571,5.742857,19.542856,0.0,0.0,-7.345365000000001e-25,0.0,0.0,True
2008-06-09,0.45,16.3,19.014286,23.84286,14.757143,64.48572,4.8,0.9714286,5.0,5.542857,21.742857,0.0,0.0,-7.345365000000001e-25,0.0,0.0,True
2008-06-16,0.44,20.0,13.428572,16.800001,10.428572,70.67143,3.2428572,1.2857143,3.7285714,5.428571,16.542856,0.0,0.0,-7.345365000000001e-25,0.0,0.0,True
2008-06-23,0.42,13.0,15.814286,19.557144,12.114286,70.04286,3.6571429,1.5857143,3.8142858,5.385714,17.971428,0.0,0.0,-7.345365000000001e-25,0.0,0.0,True
2008-06-30,0.42,12.599999,16.171429,19.5,12.814286,73.9,3.6428566,1.5285712,3.7714286,5.2285714,18.785715,0.0,0.0,-7.345365000000001e-25,0.0,0.0,True
2008-07-07,0.72,76.200005,18.142859,22.27143,14.157144,75.72857,3.885714,2.1285715,3.642857,6.0142856,21.014286,0.0,0.0,-7.345365000000001e-25,0.0,0.0,True
2008-07-14,0.65,28.9,16.2,19.542858,12.771429,79.5,2.8857143,2.742857,3.0857143,7.757143,17.7,0.0,0.0,-7.345365000000001e-25,0.0,0.0,True
2008-07-21,0.81,60.1,15.657144,18.257143,13.228572,83.75715,2.2428572,2.2285714,2.2714286,8.214286,16.6,0.0,0.0,-7.345365000000001e-25,0.0,0.0,True
2008-07-28,0.65,0.0,19.857143,24.385715,15.571429,74.9,3.885714,3.1857142,4.2571425,8.514286,21.614286,0.0,0.0,-7.345365000000001e-25,0.0,0.0,True
2008-08-04,0.67,27.499998,20.057144,23.757143,16.77143,75.61428,3.7,3.2285714,3.7714286,7.8714285,22.285715,0.0,0.0,-7.345365000000001e-25,0.0,0.0,True
2008-08-11,1.04,85.4,17.714285,21.27143,14.871429,80.685715,2.5571427,2.542857,2.7857144,9.414286,19.114286,0.0,0.0,-7.345365000000001e-25,0.0,0.0,True
2008-08-18,0.79,8.9,16.6,19.6,12.942858,76.57143,2.4,2.2857144,2.9285715,9.314285,18.37143,0.0,0.0,-7.345365000000001e-25,0.0,0.0,True
2008-08-25,1.05,57.7,16.457144,19.228573,14.185715,84.52857,1.8,1.8,2.0571427,10.1,17.042856,0.0,0.0,-7.345365000000001e-25,0.0,0.0,True
2008-09-01,0.9748719103136648,12.9,17.314287,20.071428,14.5,82.25714,1.7857144,1.6428572,2.2428572,10.085714,18.014286,0.0,0.0,-7.345365000000001e-25,0.0,0.0,False
2008-09-08,0.8819154665476597,18.3,15.714286,19.2,12.457143,80.328575,1.7142856,1.6714286,2.1,9.857142,16.071428,0.0,0.0,-7.345365000000001e-25,0.0,0.0,False
2008-09-15,0.7467985899800751,0.3,15.057143,18.642857,11.6285715,76.75715,1.7714287,1.5428572,2.5285716,9.428572,16.4,0.0,0.0,-7.345365000000001e-25,0.0,0.0,False
2008-09-22,0.6792332419120165,0.2,12.228571,14.6,9.2,78.78571,1.042857,0.82857144,1.8714286,8.928572,13.671429,0.0,0.0,-7.345365000000001e-25,0.0,0.0,False
2008-09-29,0.6614759452440107,5.7,12.257143,15.228572,9.514285,87.4,0.9571429,0.81428576,1.2857143,8.642858,13.314285,0.0,0.0,-7.345365000000001e-25,0.0,0.0,False
2008-10-06,0.9680788872244334,166.7,10.214286,12.614286,7.957143,85.78571,1.2285715,1.2285715,1.0571429,11.114285,10.142858,0.0,0.0,-7.345365000000001e-25,0.0,0.0,False
2008-10-13,1.0134242261251032,0.5,12.714286,16.1,9.6,88.314285,0.6999999,0.7,1.0,10.5,12.3714285,0.0,0.0,-7.345365000000001e-25,0.0,0.0,False
2008-10-20,1.0294255359817863,25.6,11.585714,13.614286,9.057143,84.15714,0.85714287,0.87142855,1.1,10.728572,10.8,0.0,0.0,-7.345365000000001e-25,0.0,0.0,False
2008-10-27,0.977914408850487,20.0,9.471429,11.742858,6.9857144,85.78571,0.6857143,0.6857143,0.8142857,10.714286,8.857142,0.0,0.0,-7.345365000000001e-25,0.0,0.0,False
2008-11-03,0.9541616421602834,11.0,5.8857145,7.7714286,3.3142858,90.65714,0.29999998,0.29999998,0.4857143,10.6285715,5.5142856,0.0,0.0,-7.345365000000001e-25,0.0,0.0,False
2008-11-10,0.8665205438173675,30.8,9.342857,11.028571,7.7714286,91.700005,0.4857143,0.4857143,0.58571434,10.342857,8.3714285,0.0,0.0,-7.345365000000001e-25,0.0,0.0,False
2008-11-17,0.97,18.6,8.3714285,9.957144,6.228572,88.57143,0.5285715,0.54285717,0.5714286,10.971429,7.4857144,0.0,0.0,-7.345365000000001e-25,0.0,0.0,True
2008-11-24,1.15,42.3,4.5571427,6.9000006,1.8142859,81.67143,0.6,0.61428577,0.85714287,10.9,3.6,0.0,0.0,0.0030900864,0.0,0.0,True
2008-12-01,0.9,0.9,3.7142856,5.3857145,1.5571429,90.457146,0.18571429,0.18571429,0.4,10.385715,2.7857144,0.0,0.0,0.0010677973,0.0,0.0,True
2008-12-08,0.77,4.5,3.7428572,5.5,1.957143,93.971436,0.15714286,0.15714286,0.24285714,10.357142,2.7142856,0.0,0.0,0.00048699832,0.0,0.0,True
2008-12-15,0.71,3.2,1.5714285,2.857143,0.21428572,93.87142,0.08571429,0.08571429,0.27142859,10.385715,1.0142857,0.0,0.0,7.2825525e-05,0.0,0.0,True
2008-12-22,0.67,5.4,4.857143,6.3857145,3.0,91.24286,0.31428573,0.31428573,0.3857143,10.328571,3.3714285,0.0,0.0,4.2915344e-06,0.0,0.0,True
2008-12-29,0.63,0.5,2.1857142,3.4285715,0.37142855,87.557144,0.08571429,0.08571429,0.45714286,10.257143,1.6428572,0.0,0.0,4.240445e-06,0.0,0.0,True
2009-01-05,0.76,20.1,-0.88571435,1.3000001,-3.857143,89.91429,0.0,0.0,0.25714284,10.2,-2.25,0.0,0.0,0.0001710937,0.0,0.0,True
2009-01-12,0.65,1.6,-0.34285715,1.8285714,-3.8428574,78.75714,0.31428573,0.29999998,0.6571428,10.328571,-1.3285714,0.0,0.0,0.000749798,0.0,0.0,True
2009-01-19,0.69,12.9,2.7857144,4.357143,1.2285715,95.14286,0.21428572,0.21428572,0.3285714,10.3714285,0.75714284,0.0,0.0,5.301975e-05,0.0,0.0,True
2009-01-26,0.78,11.599999,1.9428571,3.8,-3.40598e-08,91.18572,0.2857143,0.2857143,0.34285715,10.514286,1.0,0.0,0.0,0.00020672593,0.0,0.0,True
2009-02-02,0.7,0.3,-1.4142857,-0.08571427,-2.7,90.799995,0.114285715,0.114285715,0.45714283,10.257143,-0.37142858,0.0,0.0,0.0006169875,0.0,0.0,True
2009-02-09,0.63,4.9,2.0000002,3.8142858,0.15714285,92.799995,0.25714287,0.25714287,0.37142858,10.2,0.27142859,0.0,0.0,0.0006484247,0.0,0.0,True
2009-02-16,0.83,28.5,0.71428573,2.2857144,-1.2142857,92.457146,0.25714287,0.25714287,0.3285714,10.514286,0.2,0.0,0.0,0.0064404407,0.0,0.0,True
2009-02-23,0.92,10.6,2.0714285,3.757143,0.18571429,91.34286,0.40000004,0.40000004,0.4857143,10.457143,1.6285714,0.0,0.0,0.0016112328,0.0,0.0,True
2009-03-02,0.84,9.9,4.6714287,6.557143,2.7857144,93.88572,0.42857146,0.42857146,0.4714286,10.357142,4.5857143,0.0,0.0,9.281294e-06,0.0,0.0,True
2009-03-09,0.75,12.3,4.857143,6.928571,2.3142858,85.68572,0.8000001,0.8000001,0.8428572,10.285714,4.542857,0.0,0.0,6.584894e-06,0.0,0.0,True
2009-03-16,0.77,11.3,5.3142858,7.3428574,3.614286,93.72858,0.59999996,0.59999996,0.62857145,10.542857,5.5857143,0.0,0.0,4.46751e-06,0.0,0.0,True
2009-03-23,0.75,13.7,5.1142855,7.5285716,2.4285715,84.114296,1.2571429,1.1571429,1.1285714,10.071428,6.3428574,0.0,0.0,1.2431826e-06,0.0,0.0,True
2009-03-30,0.99,27.2,4.4,6.642857,2.2142856,84.97143,1.0571429,1.0571429,1.0857143,10.714286,4.957143,0.0,0.0,0.0005262409,0.0,0.0,True
2009-04-06,0.8,0.0,8.642858,12.6,5.0428576,81.87144,1.5285714,1.3428571,1.6,9.957143,9.471429,0.0,0.0,5.506334e-07,0.0,0.0,True
2009-04-13,0.71,3.6,12.67143,18.714285,8.157144,73.64286,2.6714284,2.1857142,2.6000001,9.2,13.657143,0.0,0.0,-7.345365000000001e-25,0.0,0.0,True
2009-04-20,0.62,0.0,11.414286,16.514286,7.085715,67.828575,3.0285716,2.1857142,3.1142857,8.171429,14.214286,0.0,0.0,-7.345365000000001e-25,0.0,0.0,True
2009-04-27,0.59,5.9,12.17143,16.057142,7.6285715,68.35714,3.0142858,1.8142855,2.9428573,7.257143,14.357142,0.0,0.0,-7.345365000000001e-25,0.0,0.0,True
2009-05-04,0.55,9.9,11.271429,14.914286,8.271429,82.01429,2.2285714,1.5714284,2.2285714,7.1,14.228572,0.0,0.0,-7.345365000000001e-25,0.0,0.0,True
2009-05-11,0.56,15.0,11.114286,14.157144,7.857143,78.57143,2.5571427,2.0714285,2.4857142,7.1857142,13.442857,0.0,0.0,-7.345365000000001e-25,0.0,0.0,True
2009-05-18,0.54,8.0,12.814286,16.57143,9.171428,66.700005,3.2857146,2.3142855,3.6571429,6.6285715,15.0,0.0,0.0,-7.345365000000001e-25,0.0,0.0,True
2009-05-25,0.51,5.7,13.657143,17.27143,10.214286,72.65714,3.3,2.157143,3.5,6.3,17.328571,0.0,0.0,-7.345365000000001e-25,0.0,0.0,True
2009-06-01,0.51,13.5,15.114286,19.585714,11.542857,70.64286,4.242857,2.2714286,4.1,5.9714284,17.842857,0.0,0.0,-7.345365000000001e-25,0.0,0.0,True
2009-06-08,0.52,17.0,11.914286,15.014285,8.842857,69.71429,2.9714284,1.0428572,3.4285715,5.5857143,15.442857,0.0,0.0,-7.345365000000001e-25,0.0,0.0,True
2009-06-15,0.68,56.6,12.8,15.757143,10.185715,78.200005,2.542857,2.2285712,2.6285713,7.542857,14.685715,0.0,0.0,-7.345365000000001e-25,0.0,0.0,True
2009-06-22,0.58,4.0,13.957144,16.728573,11.014285,72.41429,3.3285713,2.757143,3.6857142,7.3428574,17.157143,0.0,0.0,-7.345365000000001e-25,0.0,0.0,True
2009-06-29,0.52,0.2,17.628572,21.285715,14.7,78.57143,3.7,2.6571429,3.7571428,6.4428573,20.514286,0.0,0.0,-7.345365000000001e-25,0.0,0.0,True
2009-07-06,0.493125,4.7000003,20.142857,23.728573,16.842857,79.38572,3.9285715,1.842857,4.214286,5.4714284,24.171429,0.0,0.0,-7.345365000000001e-25,0.0,0.0,True
2009-07-13,0.5165,40.3,15.6285715,18.957142,12.414286,80.42857,2.9,2.3999999,2.9285715,6.0142856,17.657143,0.0,0.0,-7.345365000000001e-25,0.0,0.0,True
2009-07-20,0.52625,15.900001,18.142857,22.185715,14.828572,78.74286,3.3285713,2.7285712,3.457143,6.0,20.7,0.0,0.0,-7.345365000000001e-25,0.0,0.0,True
2009-07-27,0.666125,39.7,17.914286,21.571428,14.742858,78.72858,3.042857,2.7714286,3.1000001,6.8428574,19.657143,0.0,0.0,-7.345365000000001e-25,0.0,0.0,True
2009-08-03,0.679,13.5,17.514286,21.114286,13.614286,74.28571,3.0857143,2.6285717,3.3142858,6.928571,19.585714,0.0,0.0,-7.345365000000001e-25,0.0,0.0,True
2009-08-10,0.578375,7.1,19.714285,23.014286,16.0,75.02857,3.1714287,2.4285715,3.5714285,6.1714287,22.585714,0.0,0.0,-7.345365000000001e-25,0.0,0.0,True
2009-08-17,0.518875,3.8000002,17.928572,21.085714,15.385714,75.34286,2.7714288,2.0,3.3428571,5.7,20.114286,0.0,0.0,-7.345365000000001e-25,0.0,0.0,True
2009-08-24,0.462875,10.8,19.385715,24.414288,13.957144,65.9,3.4714284,2.042857,4.1857142,5.1,20.714285,0.0,0.0,-7.345365000000001e-25,0.0,0.0,True
2009-08-31,0.4715,16.5,17.042858,20.857143,13.142858,76.0,2.2,1.5571429,2.5285716,5.4,17.785715,0.0,0.0,-7.345365000000001e-25,0.0,0.0,True
2009-09-07,0.517625,30.9,15.957144,19.87143,13.400001,77.08572,2.1571429,1.9,2.5285716,6.2714286,15.828571,0.0,0.0,-7.345365000000001e-25,0.0,0.0,True
2009-09-14,0.49375,2.9,16.157145,19.100002,13.285714,76.65715,1.8571428,1.4285715,2.6000001,6.3142858,17.028572,0.0,0.0,-7.345365000000001e-25,0.0,0.0,True
2009-09-21,0.44325,0.0,14.900001,18.242857,11.085715,77.12858,1.6142857,1.0857143,2.2285714,5.785714,16.37143,0.0,0.0,-7.345365000000001e-25,0.0,0.0,True
2009-09-28,0.42625,1.6,14.614286,17.328571,11.67143,82.65715,1.1714287,0.67142856,1.5714285,5.3714285,15.171429,0.0,0.0,-7.345365000000001e-25,0.0,0.0,True
2009-10-05,0.4715,32.9,11.728571,13.828572,8.6285715,77.614296,1.3571428,1.2857143,1.6571428,6.071429,11.485714,0.0,0.0,-7.345365000000001e-25,0.0,0.0,True
2009-10-12,0.519375,15.6,10.400001,12.714286,7.828572,81.17143,0.8714286,0.84285706,1.3000001,7.5857143,10.442857,0.0,0.0,-7.345365000000001e-25,0.0,0.0,True
2009-10-19,0.508625,3.8999999,7.057143,9.028572,4.0,76.04286,0.8285714,0.7428571,1.2857143,8.057143,6.4714284,0.0,0.0,-7.345365000000001e-25,0.0,0.0,True
2009-10-26,0.512625,18.5,8.385715,9.971429,6.414286,86.28571,0.5714286,0.5285714,0.85714287,8.057143,7.957143,0.0,0.0,-7.345365000000001e-25,0.0,0.0,True
2009-11-02,0.597875,28.6,8.671429,10.814285,6.457143,90.61428,0.4,0.37142858,0.55714285,8.771428,8.357142,0.0,0.0,-7.345365000000001e-25,0.0,0.0,True
2009-11-09,0.7178749999999999,19.199999,6.871429,8.314286,5.1857147,93.65715,0.35714287,0.34285715,0.4,10.557143,6.742857,0.0,0.0,-7.345365000000001e-25,0.0,0.0,True
2009-11-16,0.739375,24.9,8.6,10.5,6.8428574,91.57143,0.3857143,0.3857143,0.5285714,10.842857,7.6571426,0.0,0.0,-7.345365000000001e-25,0.0,0.0,True
2009-11-23,0.808625,23.8,10.300001,11.900001,8.514286,85.25714,0.67142856,0.67142856,0.90000004,10.828571,8.7,0.0,0.0,-7.345365000000001e-25,0.0,0.0,True
2009-11-30,0.8674999999999999,17.800001,8.257143,9.714286,6.2571435,85.27143,0.67142856,0.67142856,0.7285714,10.771428,7.0857143,0.0,0.0,-7.345365000000001e-25,0.0,0.0,True
2009-12-07,0.7927500000000001,12.099999,4.714286,6.971429,2.0857143,89.8,0.25714287,0.25714287,0.3285714,10.528571,3.7285714,0.0,0.0,2.0435878e-07,0.0,0.0,True
2009-12-14,0.8495,22.6,3.6571429,4.6285715,1.7714285,93.200005,0.12857144,0.12857144,0.3,10.942857,3.4285715,0.0,0.0,4.0304093e-07,0.0,0.0,True
2009-12-21,0.764625,8.8,-3.4428573,-0.88571423,-5.457143,88.314285,0.0,0.0,0.24285714,10.414286,-0.25714287,0.0,0.0,0.005649124,0.0,0.0,True
2009-12-28,0.830875,21.900002,1.3714286,3.257143,-0.8428572,93.814285,0.21428572,0.21428572,0.22857143,10.742857,0.6,0.0,0.0,0.0074390797,0.0,0.0,True
2010-01-04,0.820125,2.1999998,-2.0142858,-0.42857143,-4.142857,89.21429,0.1,0.1,0.37142858,10.5,0.033333335,0.0,0.0,0.003665924,0.0,0.0,True
2010-01-11,0.694375,2.7,-2.357143,-0.9857143,-4.585714,91.0,0.057142857,0.057142857,0.29999998,10.3,-0.042857144,0.0,0.0,0.008883448,0.0,0.0,True
2010-01-18,0.626875,5.6,-1.3285714,-0.20000002,-2.4714286,90.71429,0.0,0.0,0.4,10.342857,0.0,0.0,0.0,0.013583535,0.0,0.0,True
2010-01-25,0.61375,0.1,-4.4428573,-2.642857,-6.142857,88.9,0.028571429,0.028571429,0.34285715,10.328571,-0.9,0.0,0.0,0.008662281,0.0,0.0,True
2010-02-01,0.613125,12.0,-1.8571428,0.3571429,-5.0,90.07143,0.14285715,0.14285715,0.34285715,10.485714,-0.8142857,0.0,0.0,0.009729005,0.0,0.0,True
2010-02-08,0.616125,8.1,-1.1142857,0.07142864,-3.3285716,91.08572,0.17142858,0.17142858,0.34285715,10.571428,-0.014285714,0.0,0.0,0.014553393,0.0,0.0,True
2010-02-15,0.5650000000000001,4.2,-4.0142856,-2.3,-6.414286,88.700005,0.0,0.0,0.35714287,10.3,-0.114285715,0.0,0.0,0.016675694,0.0,0.0,True
2010-02-22,0.585375,15.8,-0.34285712,1.7285715,-2.5142858,87.9,0.25714284,0.25714284,0.51428574,10.385715,0.014285714,0.0,0.0,0.014863775,0.0,0.0,True
2010-03-01,0.94775,27.400002,2.6857142,5.0285716,0.57142854,92.685715,0.54285717,0.54285717,0.5285714,10.842857,1.5428572,0.0,0.0,0.0047701653,0.0,0.0,True
2010-03-08,0.985,4.1,0.24285717,2.3857143,-2.5142858,81.65715,0.65714294,0.65714294,0.90000004,10.542857,1.0142857,0.0,0.0,0.0027017423,0.0,0.0,True
2010-03-15,0.8175,6.7999997,1.5857143,3.1142857,-0.20000003,92.15715,0.4857143,0.4857143,0.5714286,10.228572,1.7714286,0.0,0.0,0.0021953469,0.0,0.0,True
2010-03-22,0.7711250000000001,10.1,7.8142858,11.228572,4.785714,82.98572,1.1999999,1.1857141,1.3571428,10.257143,7.042857,0.0,0.0,2.6123864e-05,0.0,0.0,True
2010-03-29,0.7795000000000001,12.0,8.6285715,12.457144,4.914286,80.11428,1.4428571,1.3857144,1.5714285,10.342857,8.971429,0.0,0.0,-7.345365000000001e-25,0.0,0.0,True
2010-04-05,0.8015,19.2,7.571429,11.557143,4.214286,75.97143,1.7714285,1.7428571,1.8428571,10.228572,8.0,0.0,0.0,8.685248e-07,0.0,0.0,True
2010-04-12,0.761875,0.5,8.5,12.142858,5.442857,76.200005,1.9285715,1.6428573,2.1285713,9.671429,9.771428,0.0,0.0,-7.345365000000001e-25,0.0,0.0,True
2010-04-19,0.683125,0.0,7.1857142,10.457144,3.857143,75.72858,2.3428571,1.7857143,2.4285715,8.842857,10.457143,0.0,0.0,-7.345365000000001e-25,0.0,0.0,True
2010-04-26,0.621,5.1,8.314286,12.014287,4.828572,73.442856,2.3428571,1.9285715,2.3999999,8.157143,10.185715,0.0,0.0,-7.345365000000001e-25,0.0,0.0,True
2010-05-03,0.5988749999999999,10.8,10.942857,14.542857,7.7000003,76.21429,2.3285713,1.9,2.5857143,7.785714,12.8,0.0,0.0,-7.345365000000001e-25,0.0,0.0,True
2010-05-10,0.583,6.7,7.3142858,9.471429,5.1857142,77.42857,1.7571428,1.4285715,2.057143,7.8714285,9.442857,0.0,0.0,-7.345365000000001e-25,0.0,0.0,True
2010-05-17,0.602375,14.4,8.428572,10.400001,6.5,79.27143,2.0,1.6571429,2.4285715,8.014286,10.457143,0.0,0.0,-7.345365000000001e-25,0.0,0.0,True
2010-05-24,0.556,2.8999999,11.042857,14.157143,8.928572,86.51429,2.6000001,1.9571428,2.4285715,7.3285713,14.742857,0.0,0.0,-7.345365000000001e-25,0.0,0.0,True
2010-05-31,0.545875,20.0,11.785714,15.285714,8.557143,72.25714,2.7285714,2.1000001,3.1714284,6.8428574,14.742857,0.0,0.0,-7.345365000000001e-25,0.0,0.0,True
2010-06-07,0.5271250000000001,4.0,14.057143,17.071428,10.928572,78.47143,3.4285717,2.4428573,3.5142858,6.5857143,18.257143,0.0,0.0,-7.345365000000001e-25,0.0,0.0,True
2010-06-14,0.601,29.400002,15.17143,18.342855,12.585715,83.01429,2.3999999,2.0142858,2.7,6.957143,17.428572,0.0,0.0,-7.345365000000001e-25,0.0,0.0,True
2010-06-21,0.573125,3.7,12.885715,15.914286,10.114286,76.74286,3.0285716,2.1285713,3.4714286,6.3,16.557142,0.0,0.0,-7.345365000000001e-25,0.0,0.0,True
2010-06-28,0.501875,0.0,16.828571,20.4,12.428572,72.15714,4.2571425,1.4857143,4.9857144,5.5857143,21.357143,0.0,0.0,-7.345365000000001e-25,0.0,0.0,True
2010-07-05,0.4505,3.0,20.87143,25.514286,16.171429,67.442856,4.6714287,1.1428572,5.2714286,5.1714287,24.071428,0.0,0.0,-7.345365000000001e-25,0.0,0.0,True
2010-07-12,0.42675,34.5,21.585714,26.485716,17.2,68.957146,4.6571426,1.2428571,5.0142856,5.1,24.5,0.0,0.0,-7.345365000000001e-25,0.0,0.0,True
2010-07-19,0.498125,13.4,20.528574,24.785715,15.885715,66.17143,4.7000003,2.4857142,5.214286,5.5571427,23.3,0.0,0.0,-7.345365000000001e-25,0.0,0.0,True
2010-07-26,0.459625,12.0,19.257143,23.185715,15.614286,69.21429,3.7000003,1.6142857,4.342857,5.0142856,22.071428,0.0,0.0,-7.345365000000001e-25,0.0,0.0,True
2010-08-02,0.462875,14.299999,17.442858,20.4,14.657144,77.5,2.6571426,1.7714285,3.1714287,5.214286,19.528572,0.0,0.0,-7.345365000000001e-25,0.0,0.0,True
2010-08-09,0.411875,2.6000001,17.485714,21.0,13.757143,77.6,2.5571427,1.5857143,3.142857,5.1,20.22857,0.0,0.0,-7.345365000000001e-25,0.0,0.0,True
2010-08-16,0.390125,16.3,18.27143,21.242859,14.557143,78.457146,2.5285716,1.6857141,3.1000001,5.114286,20.214285,0.0,0.0,-7.345365000000001e-25,0.0,0.0,True
2010-08-23,0.515375,46.6,18.385715,21.9,14.742858,80.471436,2.142857,1.9714288,2.7428572,6.7285714,18.842857,0.0,0.0,-7.345365000000001e-25,0.0,0.0,True
2010-08-30,0.637,53.5,14.557143,17.385715,11.542857,79.85714,2.042857,2.042857,2.4714284,8.685715,15.285714,0.0,0.0,-7.345365000000001e-25,0.0,0.0,True
2010-09-06,0.659625,6.7,14.385715,17.4,10.6285715,74.01429,1.8857143,1.7142856,2.9714284,9.614285,15.528571,0.0,0.0,-7.345365000000001e-25,0.0,0.0,True
2010-09-13,0.624375,43.8,15.300001,17.828571,13.028572,82.98572,1.3285714,1.2571429,1.8571428,9.542857,15.6,0.0,0.0,-7.345365000000001e-25,0.0,0.0,True
2010-09-20,0.98425,97.9,13.042857,15.1285715,10.328572,84.28571,1.6,1.6,1.5428572,11.185715,12.957143,0.0,0.0,-7.345365000000001e-25,0.0,0.0,True
2010-09-27,0.996625,22.8,13.957144,16.9,10.771429,84.24286,1.042857,1.042857,1.4714286,10.714286,14.3714285,0.0,0.0,-7.345365000000001e-25,0.0,0.0,True
2010-10-04,0.8925,0.4,11.571428,14.300001,8.785714,78.457146,0.9428571,0.9,1.6857144,10.342857,11.671429,0.0,0.0,-7.345365000000001e-25,0.0,0.0,True
2010-10-11,0.72875,1.4,12.428572,15.642858,9.1,83.64286,0.8571428,0.7571429,1.4,9.8714285,13.057143,0.0,0.0,-7.345365000000001e-25,0.0,0.0,True
2010-10-18,0.661875,14.700001,8.328572,10.814285,4.6714287,81.94286,0.67142856,0.61428565,1.0428572,9.828571,8.657143,0.0,0.0,-7.345365000000001e-25,0.0,0.0,True
2010-10-25,0.892875,64.4,7.957143,10.185715,5.3857145,82.48572,1.0285715,1.0285715,1.0857142,11.028571,7.285714,0.0,0.0,-7.345365000000001e-25,0.0,0.0,True
2010-11-01,0.91625,8.8,9.471429,10.914286,7.642857,88.17143,0.42857143,0.42857143,0.6857143,10.6,8.642858,0.0,0.0,-7.345365000000001e-25,0.0,0.0,True
2010-11-08,1.145375,78.2,8.442858,10.171428,5.7428575,88.1,0.6714286,0.6714286,0.6857143,11.3,8.257143,0.0,0.0,-7.345365000000001e-25,0.0,0.0,True
2010-11-15,1.090625,29.7,7.0285716,8.857142,4.942857,88.74286,0.5428571,0.5428571,0.64285713,10.9,6.071429,0.0,0.0,3.417333e-06,0.0,0.0,True
2010-11-22,1.045375,13.4,5.3428574,6.585715,3.9714286,92.08572,0.21428572,0.21428572,0.44285712,10.714286,4.9428573,0.0,0.0,-7.345365000000001e-25,0.0,0.0,True
2010-11-29,0.910875,3.4,-0.6857143,0.51428574,-2.2714286,85.92857,0.10000001,0.10000001,0.5,10.385715,0.51428574,0.0,0.0,0.000931649,0.0,0.0,True
2010-12-06,0.79925,8.2,-2.2571428,-0.7285714,-4.5,87.1,0.014285714,0.014285714,0.42857143,10.385715,-0.9,0.0,0.0,0.0067077875,0.0,0.0,True
2010-12-13,0.8505,20.400002,-0.10000001,2.3285716,-2.7000003,90.61428,0.18571427,0.18571427,0.42857143,10.6285715,0.071428575,0.0,0.0,0.004563479,0.0,0.0,True
2010-12-20,0.84675,7.5,-4.7285714,-2.8999999,-7.7000003,92.71429,0.0,0.0,0.2,10.528571,-0.45714286,0.0,0.0,0.00728438,0.0,0.0,True
2010-12-27,0.723,15.2,-4.0285716,-1.8714286,-6.414286,91.40001,0.0,0.0,0.24285714,10.385715,-0.042857144,0.0,0.0,0.017619139,0.0,0.0,True
2011-01-03,0.737125,2.0,-1.8714287,0.39999995,-3.9857142,92.557144,0.025,0.025,0.2,10.3,0.0,0.0,0.0,0.016919699,0.0,0.0,True
2011-01-10,0.91775,12.8,1.5,3.414286,-0.5857143,91.08572,0.18571429,0.18571429,0.37142858,10.514286,0.71428573,0.0,0.0,0.0045495373,0.0,0.0,True
2011-01-17,1.07625,32.3,5.585714,7.457143,3.6857145,92.557144,0.24285714,0.24285714,0.45714286,10.771428,3.9285715,0.0,0.0,0.00011595658,0.0,0.0,True
2011-01-24,0.98025,7.9,1.7285715,3.6857145,-0.29999998,97.38572,0.10000001,0.10000001,0.20000002,10.457143,1.6571429,0.0,0.0,2.5590261e-05,0.0,0.0,True
2011-01-31,0.845,1.1,-1.1857144,0.4571429,-3.114286,89.85714,0.08571429,0.08571429,0.4,10.328571,-0.057142857,0.0,0.0,0.00028235005,0.0,0.0,True
2011-02-07,0.9445,43.5,4.8857145,6.6714287,2.857143,91.12858,0.62857145,0.62857145,0.58571434,10.842857,3.3428571,0.0,0.0,0.00024382841,0.0,0.0,True
2011-02-14,0.972125,12.4,2.2714286,3.6571429,0.37142864,86.51429,0.42857143,0.42857143,0.67142856,10.571428,2.5285714,0.0,0.0,0.0017881904,0.0,0.0,True
2011-02-21,0.85125,2.1,-1.1285714,0.22857141,-2.4285715,79.85714,0.15714286,0.15714286,0.8428572,10.328571,0.24285714,0.0,0.0,0.004768122,0.0,0.0,True
2011-02-28,0.7491428571428571,0.0,-0.07142859,2.6714287,-2.3,67.87143,0.4857143,0.47142857,1.1714286,10.157143,-0.24285714,0.0,0.0,0.0021859067,0.0,0.0,True
2011-03-07,0.6627142857142857,0.0,0.2571428,2.642857,-1.8571428,82.85714,0.61428577,0.5428571,0.7571429,9.928572,0.8428571,0.0,0.0,0.0005867481,0.0,0.0,True
2011-03-14,0.625,8.5,5.857143,9.328572,2.6285717,77.02857,1.0714285,0.94285715,1.2285715,9.642858,4.8285713,0.0,0.0,5.733967e-05,0.0,0.0,True
2011-03-21,0.582,0.0,4.0,6.6857147,0.9428572,85.57143,0.8142857,0.6857143,0.94285715,9.557143,4.614286,0.0,0.0,-7.345365000000001e-25,0.0,0.0,True
2011-03-28,0.5628571428571428,0.2,4.971429,8.0,1.8142859,80.77143,1.3999999,1.1,1.4142857,9.057143,7.0571427,0.0,0.0,-7.345365000000001e-25,0.0,0.0,True
2011-04-04,0.5488571428571429,5.2,9.642858,14.257143,5.6857147,80.5,1.6000001,1.3857143,1.6571429,8.671429,9.814285,0.0,0.0,-7.345365000000001e-25,0.0,0.0,True
2011-04-11,0.5261428571428571,3.6999998,9.085714,12.557143,6.2000003,82.40001,1.7142857,1.3,1.7428571,8.314285,10.485714,0.0,0.0,-7.345365000000001e-25,0.0,0.0,True
2011-04-18,0.5097142857142857,0.4,8.357142,11.257143,4.8142858,79.88572,2.142857,1.6714286,2.0,7.8428574,11.314285,0.0,0.0,-7.345365000000001e-25,0.0,0.0,True
2011-04-25,0.5071428571428571,0.0,14.757143,20.67143,9.414286,58.328575,4.1285715,2.2714286,3.7571428,6.8,15.9,0.0,0.0,-7.345365000000001e-25,0.0,0.0,True
2011-05-02,0.4757142857142857,0.0,11.557143,15.942858,7.414286,60.471428,3.7571428,1.1,3.7285714,6.0142856,14.185715,0.0,0.0,-7.345365000000001e-25,0.0,0.0,True
2011-05-09,0.4364285714285714,0.7,13.028572,17.77143,7.371429,55.514286,4.457143,0.81428576,4.2571425,5.6714287,14.9,0.0,0.0,-7.345365000000001e-25,0.0,0.0,True
2011-05-16,0.4561428571428571,18.9,12.528571,15.814286,9.828572,76.58571,2.7714286,0.9285714,2.8,5.614286,15.442857,0.0,0.0,-7.345365000000001e-25,0.0,0.0,True
2011-05-23,0.4737142857142857,5.3,14.014287,17.4,10.285714,75.97143,2.8142858,1.9000002,2.8428574,5.9142857,16.0,0.0,0.0,-7.345365000000001e-25,0.0,0.0,True
2011-05-30,0.4611428571428572,12.1,14.014287,18.257143,10.614286,70.57143,3.3714283,1.6714286,3.4714284,5.571429,15.457143,0.0,0.0,-7.345365000000001e-25,0.0,0.0,True
2011-06-06,0.4555714285714285,4.3,16.171429,20.428572,12.1285715,76.71429,3.8,1.6571428,3.7285714,5.4142857,19.585714,0.0,0.0,-7.345365000000001e-25,0.0,0.0,True
2011-06-13,0.4804285714285714,20.599998,14.657144,17.828571,10.757143,76.04286,2.8142858,2.142857,2.8857143,5.885714,17.942858,0.0,0.0,-7.345365000000001e-25,0.0,0.0,True
2011-06-20,0.5544285714285715,60.6,15.085715,18.4,11.428572,78.64286,2.9428573,2.4714286,2.9142857,6.0285716,17.485714,0.0,0.0,-7.345365000000001e-25,0.0,0.0,True
2011-06-27,0.6347142857142857,18.199999,15.785714,19.071428,12.2,78.84286,3.0857143,2.7,3.2285714,6.5857143,17.914286,0.0,0.0,-7.345365000000001e-25,0.0,0.0,True
2011-07-04,0.5735714285714285,6.5,16.357143,18.985716,13.785714,76.44286,2.914286,2.2142856,3.0714285,5.8,18.542856,0.0,0.0,-7.345365000000001e-25,0.0,0.0,True
2011-07-11,0.515,4.8,17.428572,22.057144,13.657143,76.92857,3.2714286,2.385714,3.4428573,5.6714287,20.071428,0.0,0.0,-7.345365000000001e-25,0.0,0.0,True
2011-07-18,0.608,51.3,16.6,19.600002,13.271429,79.90001,2.7,2.3999999,2.6714287,7.0142856,18.0,0.0,0.0,-7.345365000000001e-25,0.0,0.0,True
2011-07-25,0.6221428571428572,14.3,15.471429,17.77143,13.442858,81.34286,2.3142858,2.0428572,2.3714287,7.5142856,17.37143,0.0,0.0,-7.345365000000001e-25,0.0,0.0,True
2011-08-01,0.6031428571428571,0.7,16.557144,18.828571,14.442858,80.72858,2.2428572,1.8000001,2.5857143,7.385714,18.842857,0.0,0.0,-7.345365000000001e-25,0.0,0.0,True
2011-08-08,0.5557142857142857,29.400002,18.37143,21.642857,14.957144,81.15715,2.885714,2.5571427,2.8285713,7.0857143,20.342857,0.0,0.0,-7.345365000000001e-25,0.0,0.0,True
2011-08-15,0.8122857142857143,63.8,15.771429,17.671429,13.914286,87.82857,1.9571427,1.9428569,1.8428572,9.214286,16.8,0.0,0.0,-7.345365000000001e-25,0.0,0.0,True
2011-08-22,0.7595714285714286,2.6,16.857143,20.100002,13.5,79.07143,2.3,2.142857,2.7857144,9.414286,18.785715,0.0,0.0,-7.345365000000001e-25,0.0,0.0,True
2011-08-29,0.7382857142857143,49.2,17.185715,21.300001,14.471429,84.08572,2.1285713,2.1,2.2714286,9.942857,18.528572,0.0,0.0,-7.345365000000001e-25,0.0,0.0,True
2011-09-05,0.8801428571428571,25.900002,15.871429,19.428572,12.542857,80.34286,1.7428571,1.7285715,2.2,10.242857,16.828571,0.0,0.0,-7.345365000000001e-25,0.0,0.0,True
2011-09-12,1.0275714285714286,53.9,16.142857,19.085714,13.585715,84.299995,1.7571428,1.7428571,1.8571428,10.914286,16.342857,0.0,0.0,-7.345365000000001e-25,0.0,0.0,True
2011-09-19,0.918142857142857,10.6,13.757143,16.242857,11.014287,78.21429,1.4714286,1.4142858,2.0142858,10.257143,14.314285,0.0,0.0,-7.345365000000001e-25,0.0,0.0,True
2011-09-26,0.7897142857142858,5.2000003,14.585715,18.142857,11.17143,80.28571,1.2857143,1.1714287,1.7285715,9.8714285,14.842857,0.0,0.0,-7.345365000000001e-25,0.0,0.0,True
2011-10-03,0.6971428571428572,0.0,16.571428,21.142857,12.485715,80.65714,1.2857143,1.0428572,1.7428571,9.342857,17.114286,0.0,0.0,-7.345365000000001e-25,0.0,0.0,True
2011-10-10,0.7078571428571429,42.1,12.457144,15.2,8.985715,81.328575,1.2142857,1.1857141,1.5285714,9.8714285,12.328571,0.0,0.0,-7.345365000000001e-25,0.0,0.0,True
2011-10-17,0.8190000000000001,3.8,9.442857,12.842857,5.471429,77.77143,0.85714287,0.8428572,1.3428571,10.471429,9.314285,0.0,0.0,-7.345365000000001e-25,0.0,0.0,True
2011-10-24,0.8724285714285714,28.0,7.8,10.785714,4.714286,79.48572,0.9142857,0.88571423,1.0571429,10.7,7.4142857,0.0,0.0,-7.345365000000001e-25,0.0,0.0,True
2011-10-31,0.7964285714285715,0.4,10.842857,13.1285715,8.214286,87.200005,0.44285718,0.4,0.8,10.085714,9.742857,0.0,0.0,-7.345365000000001e-25,0.0,0.0,True
2011-11-07,0.7217142857142856,0.0,10.157144,12.1,7.9428573,88.62858,0.35714287,0.34285715,0.7285714,9.928572,9.642858,0.0,0.0,-7.345365000000001e-25,0.0,0.0,True
2011-11-14,0.6498571428571429,0.0,3.8428571,5.6857142,1.7714287,91.328575,0.21428573,0.15714286,0.42857143,9.785714,4.7714286,0.0,0.0,-7.345365000000001e-25,0.0,0.0,True
2011-11-21,0.6118571428571428,0.0,3.4285715,5.0285716,1.5,95.34286,0.10000001,0.10000001,0.21428572,9.7,3.5142858,0.0,0.0,-7.345365000000001e-25,0.0,0.0,True
2011-11-28,0.5931428571428572,7.7000003,6.6142855,8.414286,4.5142856,90.14286,0.41428572,0.4,0.61428577,9.742857,5.4857144,0.0,0.0,-7.345365000000001e-25,0.0,0.0,True
2011-12-05,0.6985714285714285,59.0,5.7000003,7.7571425,3.5857143,87.32857,0.5428571,0.5428571,0.61428577,10.542857,4.6857142,0.0,0.0,1.1319205e-05,0.0,0.0,True
2011-12-12,1.1552857142857142,62.699997,3.7857144,5.9,1.7571429,88.21429,0.5714286,0.5714286,0.5857143,11.657143,2.7428572,0.0,0.0,0.0003484147,0.0,0.0,True
2011-12-19,1.095,32.4,4.2285714,5.7428575,2.5142858,86.90001,0.51428574,0.51428574,0.6857143,11.142858,2.9857142,0.0,0.0,4.2847223e-05,0.0,0.0,True
2011-12-26,1.0814285714285714,16.7,6.1285715,7.957143,4.285714,92.52857,0.29999998,0.29999998,0.44285718,10.785714,4.7714286,0.0,0.0,9.292648e-05,0.0,0.0,True
2012-01-02,1.1481428571428574,59.3,6.357143,8.171429,4.157143,90.314285,0.5,0.5,0.5285714,10.78,4.84,0.0,0.0,-7.345365000000001e-25,0.0,0.0,True
2012-01-09,1.324857142857143,54.3,5.7571425,7.228572,3.8142858,87.12858,0.9285714,0.9285714,0.7428571,11.585714,4.5857143,0.0,0.0,-7.345365000000001e-25,0.0,0.0,True
2012-01-16,1.0817142857142856,2.6,4.9857144,6.357143,2.7142856,86.200005,0.45714286,0.45714286,0.55714285,10.5,3.557143,0.0,0.0,2.2706532e-08,0.0,0.0,True
2012-01-23,1.0361428571428573,37.199997,3.6857145,5.785714,1.3428572,89.01429,0.5,0.48571426,0.5285714,10.814285,2.6857142,0.0,0.0,8.4002815e-05,0.0,0.0,True
2012-01-30,1.004571428571429,3.4,-0.7714285,0.64285713,-2.3714287,86.98572,0.15714286,0.15714286,0.5,10.614285,0.44285715,0.0,0.0,0.0017605339,0.0,0.0,True
2012-02-06,0.8648571428571429,0.0,-7.157143,-5.114286,-9.671428,71.828575,0.0,0.0,0.64285713,10.3,-3.2142856,0.0,0.0,0.0027523155,0.0,0.0,True
2012-02-13,0.7621428571428571,1.0,-2.9428573,-0.82857144,-5.7428575,83.58572,0.028571429,0.028571429,0.51428574,10.242857,-2.2714286,0.0,0.0,0.0030394453,0.0,0.0,True
2012-02-20,0.7147142857142857,14.4,2.8857143,4.828572,0.50000006,91.14286,0.5285714,0.5285714,0.4857143,10.314285,1.1142857,0.0,0.0,0.0005734648,0.0,0.0,True
2012-02-27,0.8097142857142857,8.7,5.057143,7.0285716,3.0285716,92.98572,0.61428577,0.61428577,0.55714285,10.385715,4.4,0.0,0.0,0.00014146736,0.0,0.0,True
2012-03-05,0.79,0.2,5.571429,7.414286,3.6285713,89.5,0.5714286,0.5428571,0.6857143,10.157143,5.714286,0.0,0.0,7.879166e-06,0.0,0.0,True
2012-03-12,0.7884285714285715,13.200001,5.6,7.7285714,3.457143,86.18572,0.87142855,0.8428572,0.90000004,10.171429,5.642857,0.0,0.0,1.8738565e-05,0.0,0.0,True
2012-03-19,0.7424285714285714,1.6,6.871429,9.614286,4.6714287,84.07143,0.9428572,0.8714286,1.0571429,9.857142,6.9142857,0.0,0.0,-7.345365000000001e-25,0.0,0.0,True
2012-03-26,0.6728571428571428,0.0,6.657143,9.757143,3.4428573,90.9,1.2714285,1.0285715,1.0142857,9.414286,8.914286,0.0,0.0,-7.345365000000001e-25,0.0,0.0,True
2012-04-02,0.6478571428571429,3.6999998,6.928571,9.1285715,5.1285715,81.98572,1.5285714,1.3142856,1.5,8.885715,8.071428,0.0,0.0,-7.345365000000001e-25,0.0,0.0,True
2012-04-09,0.6268571428571429,14.9,4.2571425,6.6714287,1.3428572,74.77143,1.4714285,1.2714287,1.6142857,8.6285715,5.6571426,0.0,0.0,5.0028164e-05,0.0,0.0,True
2012-04-16,0.6578571428571429,4.4,7.1,9.900001,4.3,81.02857,1.5714285,1.3714286,1.6571429,8.842857,8.771428,0.0,0.0,1.1353266e-08,0.0,0.0,True
2012-04-23,0.6451428571428571,10.8,8.3,12.457144,4.657143,74.84286,2.0,1.7714285,1.9857142,8.357142,9.571428,0.0,0.0,-7.345365000000001e-25,0.0,0.0,True
2012-04-30,0.6367142857142857,7.1,11.357142,14.900001,8.357142,78.07143,2.385714,2.085714,2.1857142,8.271428,12.042857,0.0,0.0,-7.345365000000001e-25,0.0,0.0,True
2012-05-07,0.6224285714285714,4.5,10.157144,13.857144,7.1,72.25715,2.4714284,1.9428574,2.5857143,7.5142856,13.0,0.0,0.0,-7.345365000000001e-25,0.0,0.0,True
2012-05-14,0.6398571428571429,16.6,12.242858,16.385715,8.085714,75.77143,2.4571426,2.1,2.542857,7.5142856,13.642858,0.0,0.0,-7.345365000000001e-25,0.0,0.0,True
2012-05-21,0.6134285714285713,7.2,12.557143,16.128572,8.957143,74.3,2.9714284,2.2857144,2.8,7.114286,14.257143,0.0,0.0,-7.345365000000001e-25,0.0,0.0,True
2012-05-28,0.558,0.0,17.885715,22.685715,13.342857,67.25715,5.0142856,2.1571429,4.5571427,6.0,21.242857,0.0,0.0,-7.345365000000001e-25,0.0,0.0,True
2012-06-04,0.5542857142857143,13.6,11.3714285,13.571428,9.485715,70.64286,2.4714284,1.4142858,2.9,5.957143,14.685715,0.0,0.0,-7.345365000000001e-25,0.0,0.0,True
2012-06-11,0.5332857142857143,9.3,13.314286,16.671429,9.900001,77.35714,2.7571428,2.1571429,2.7285714,5.9142857,15.385715,0.0,0.0,-7.345365000000001e-25,0.0,0.0,True
2012-06-18,0.5144285714285715,11.8,14.1,17.585714,10.442857,77.65715,2.7,2.0714285,2.8857143,5.8714285,16.428572,0.0,0.0,-7.345365000000001e-25,0.0,0.0,True
2012-06-25,0.5567142857142857,38.4,15.414287,18.2,12.67143,78.78571,3.214286,2.5142858,2.8857143,6.257143,17.514286,0.0,0.0,-7.345365000000001e-25,0.0,0.0,True
2012-07-02,0.6298571428571428,4.4,16.585714,20.385714,12.814285,79.25715,3.0,2.4857142,2.8857143,7.0142856,18.671429,0.0,0.0,-7.345365000000001e-25,0.0,0.0,True
2012-07-09,0.5894285714285713,28.5,18.242857,21.985716,14.785714,82.828575,3.257143,2.6,2.9285715,6.3428574,21.22857,0.0,0.0,-7.345365000000001e-25,0.0,0.0,True
2012-07-16,0.6297142857142858,38.4,15.1,17.97143,12.642858,82.35714,2.5714288,2.4142857,2.6571429,6.885714,17.0,0.0,0.0,-7.345365000000001e-25,0.0,0.0,True
2012-07-23,0.8092857142857143,32.0,15.857142,18.52857,13.242858,76.74286,3.0428574,2.7571428,3.1285713,8.485714,17.37143,0.0,0.0,-7.345365000000001e-25,0.0,0.0,True
2012-07-30,0.6958571428571428,21.9,18.37143,22.5,13.985715,77.58572,3.4571426,2.8428571,3.5,7.8428574,21.142857,0.0,0.0,-7.345365000000001e-25,0.0,0.0,True
2012-08-06,0.6548571428571428,34.300003,17.671429,21.571428,13.7,80.314285,2.857143,2.5857143,2.7857144,8.042857,19.9,0.0,0.0,-7.345365000000001e-25,0.0,0.0,True
2012-08-13,0.7168571428571429,9.6,16.7,19.814285,13.542857,75.41429,2.8285716,2.4714284,3.4428573,8.171429,18.571428,0.0,0.0,-7.345365000000001e-25,0.0,0.0,True
2012-08-20,0.6154285714285714,6.1,20.642857,25.357143,15.885715,71.8,3.585714,2.7000003,3.9,7.2714286,22.514286,0.0,0.0,-7.345365000000001e-25,0.0,0.0,True
2012-08-27,0.5755714285714285,24.0,17.214285,20.185715,14.357142,79.82857,2.257143,1.8714285,2.5,7.042857,19.285715,0.0,0.0,-7.345365000000001e-25,0.0,0.0,True
2012-09-03,0.5328571428571429,3.1,16.5,19.628572,13.0,77.08572,1.9714285,1.542857,2.4142857,7.142857,18.142857,0.0,0.0,-7.345365000000001e-25,0.0,0.0,True
2012-09-10,0.5007142857142857,9.400001,17.128572,20.571428,14.0,78.91429,1.9000002,1.4142857,2.4428573,6.8714285,18.057142,0.0,0.0,-7.345365000000001e-25,0.0,0.0,True
2012-09-17,0.5015714285714286,14.0,14.357142,17.085714,11.3714285,80.12858,1.4571428,1.3142855,1.8000001,7.0142856,14.885715,0.0,0.0,-7.345365000000001e-25,0.0,0.0,True
2012-09-24,0.6094285714285714,54.4,11.8,14.542857,9.085714,79.37144,1.3571428,1.2857143,1.6,7.9,11.757143,0.0,0.0,-7.345365000000001e-25,0.0,0.0,True
2012-10-01,0.8008571428571428,22.8,12.314286,15.042857,9.67143,85.38572,0.9571429,0.9285714,1.2285715,8.814285,11.8714285,0.0,0.0,-7.345365000000001e-25,0.0,0.0,True
2012-10-08,0.8545714285714286,32.0,11.671428,14.085715,9.599999,83.92857,1.0714285,1.0714285,1.2857143,9.671429,11.1285715,0.0,0.0,-7.345365000000001e-25,0.0,0.0,True
2012-10-15,0.8535714285714285,24.8,9.214286,11.642858,6.642857,84.64286,0.84285724,0.8571429,1.0571429,10.0,9.0,0.0,0.0,-7.345365000000001e-25,0.0,0.0,True
2012-10-22,0.8021428571428572,3.2,13.014287,15.485715,10.471429,87.314285,0.74285716,0.7,0.88571423,9.828571,11.985714,0.0,0.0,-7.345365000000001e-25,0.0,0.0,True
2012-10-29,0.7414285714285713,17.8,6.914286,9.057143,4.114286,82.4,0.5,0.5,0.85714287,9.714286,7.0285716,0.0,0.0,-7.345365000000001e-25,0.0,0.0,True
2012-11-05,0.8232857142857143,22.6,6.457143,8.528571,4.157143,88.15715,0.5285715,0.51428574,0.59999996,10.157143,5.957143,0.0,0.0,-7.345365000000001e-25,0.0,0.0,True
2012-11-12,0.8877142857142858,10.6,8.342857,10.085715,6.371429,89.057144,0.51428574,0.51428574,0.61428577,10.257143,7.428571,0.0,0.0,-7.345365000000001e-25,0.0,0.0,True
2012-11-19,0.8004285714285714,2.4,5.085715,7.357143,2.0571427,93.48572,0.17142858,0.17142858,0.3,9.971429,4.6714287,0.0,0.0,1.3056255e-07,0.0,0.0,True
2012-11-26,0.7502857142857142,8.799999,6.2714286,8.528571,3.9428573,91.07143,0.35714287,0.35714287,0.42857143,10.028571,5.5857143,0.0,0.0,-7.345365000000001e-25,0.0,0.0,True
2012-12-03,0.7435714285714285,11.7,3.3142858,5.0,1.5714285,90.700005,0.20000002,0.18571429,0.35714287,10.228572,2.8285713,0.0,0.0,6.140982e-05,0.0,0.0,True
2012-12-10,0.8645714285714285,33.0,-0.5285715,1.7285715,-3.8285716,88.87144,0.14285715,0.14285715,0.37142858,10.7,0.32857144,0.0,0.0,0.003923944,0.0,0.0,True
2012-12-17,0.9438571428571428,17.6,1.4714288,3.2428572,-0.8142857,93.04286,0.10000001,0.10000001,0.27142859,10.785714,1.0428572,0.0,0.0,0.0032137518,0.0,0.0,True
2012-12-24,0.9398571428571428,15.0,2.5142858,4.571429,0.88571435,93.11428,0.15714286,0.15714286,0.44285712,10.7,1.8571428,0.0,0.0,0.0007851124,0.0,0.0,True
2012-12-31,1.0195714285714286,30.400002,6.1571426,8.442858,3.7714288,86.78571,0.62857145,0.62857145,0.6857143,11.028571,4.742857,0.0,0.0,1.4397833e-05,0.0,0.0,True
2013-01-07,1.0011428571428571,11.2,6.614286,7.7571425,5.114286,96.37144,0.27142859,0.27142859,0.2857143,10.757143,6.142857,0.0,0.0,-7.345365000000001e-25,0.0,0.0,True
2013-01-14,1.0091428571428571,15.1,1.457143,2.7857144,-0.41428572,88.57143,0.15714286,0.15714286,0.55714285,10.642858,2.2,0.0,0.0,0.00043034554,0.0,0.0,True
2013-01-21,0.8578571428571429,0.90000004,-3.3142858,-1.5857143,-5.7000003,85.1,0.0,0.0,0.5714286,10.3,-1.5142857,0.0,0.0,0.002879631,0.0,0.0,True
2013-01-28,0.7592857142857143,13.2,-1.9,0.1571429,-4.3857145,88.5,0.08571429,0.08571429,0.37142858,10.3714285,-1.3142858,0.0,0.0,0.0045343693,0.0,0.0,True
2013-02-04,0.9444285714285714,31.3,4.957143,6.6857147,2.6857145,89.34286,0.7428571,0.7428571,0.62857145,11.2,2.8714285,0.0,0.0,0.00051185064,0.0,0.0,True
2013-02-11,0.965,5.5,0.0,2.0,-2.0714285,85.614296,0.2857143,0.2857143,0.5714286,10.7,0.4857143,0.0,0.0,0.0011865639,0.0,0.0,True
2013-02-18,0.8112857142857143,3.6,-0.14285715,1.2285715,-1.5857143,90.957146,0.18571427,0.18571427,0.44285718,10.2,-0.15714286,0.0,0.0,0.002098231,0.0,0.0,True
2013-02-25,0.7375714285714287,1.0,-0.057142872,1.0714285,-1.5428572,84.457146,0.24285714,0.24285714,0.67142856,10.214286,-0.08571429,0.0,0.0,0.0015043077,0.0,0.0,True
2013-03-04,0.6794285714285715,0.5,1.5142858,3.3857143,-1.2571429,91.17143,0.5285714,0.4857143,0.5142857,10.042857,1.3714286,0.0,0.0,0.0006173906,0.0,0.0,True
2013-03-11,0.6434285714285715,7.5,1.7142857,4.6142855,-0.78571427,78.557144,0.78571427,0.6857143,0.9857143,9.828571,2.3857143,0.0,0.0,0.0032339266,0.0,0.0,True
2013-03-18,0.625,9.0,-1.1142857,1.3000001,-3.7285714,76.11428,0.54285717,0.5,1.0285714,9.914286,0.15714286,0.0,0.0,0.010668727,0.0,0.0,True
2013-03-25,0.6098571428571429,0.1,-1.5428572,0.25714287,-3.4428573,76.5,0.35714287,0.34285715,1.1285714,9.828571,0.071428575,0.0,0.0,0.012068112,0.0,0.0,True
2013-04-01,0.6074285714285714,1.2,0.37142858,2.7142856,-1.7714287,79.12858,1.057143,0.90000004,1.1999999,9.528571,1.3,0.0,0.0,0.0063017663,0.0,0.0,True
2013-04-08,0.5918571428571429,0.0,2.457143,5.728572,-0.8,73.17143,1.6571429,1.3142856,1.6142857,9.042857,4.4428573,0.0,0.0,0.0014951797,0.0,0.0,True
2013-04-15,0.6302857142857142,18.9,7.3142858,10.757143,3.7428572,88.942856,1.2142857,1.1285714,1.1142857,9.057143,7.5,0.0,0.0,0.000120021046,0.0,0.0,True
2013-04-22,0.6624285714285715,2.6,10.1,14.228571,5.9714284,73.542854,2.642857,2.1285713,2.4857142,8.6,11.571428,0.0,0.0,-7.345365000000001e-25,0.0,0.0,True
2013-04-29,0.6407142857142858,6.1,8.585714,12.714286,5.585715,80.814285,1.9285716,1.5428572,1.9285715,7.9428573,10.685715,0.0,0.0,-7.345365000000001e-25,0.0,0.0,True
2013-05-06,0.6021428571428571,0.0,10.585714,15.728571,6.2428575,69.5,3.357143,2.2999997,3.142857,7.1571426,13.171429,0.0,0.0,-7.345365000000001e-25,0.0,0.0,True
2013-05-13,0.6232857142857142,27.600002,12.328572,16.114286,8.885715,81.12858,2.457143,2.1142857,2.2142856,6.8142858,14.028571,0.0,0.0,-7.345365000000001e-25,0.0,0.0,True
2013-05-20,0.7187142857142856,29.6,12.028572,15.128572,9.414286,89.21429,1.8428571,1.6571429,1.7142857,7.257143,14.214286,0.0,0.0,-7.345365000000001e-25,0.0,0.0,True
2013-05-27,0.8977142857142857,47.7,9.7,11.542857,7.828572,89.28571,1.6428572,1.5571429,1.4,8.928572,11.757143,0.0,0.0,-7.345365000000001e-25,0.0,0.0,True
2013-06-03,0.9614285714285714,8.5,12.428572,15.028571,10.328572,88.88572,2.6428568,2.2428572,2.1857142,9.042857,16.028572,0.0,0.0,-7.345365000000001e-25,0.0,0.0,True
2013-06-10,0.8121428571428572,0.0,14.542857,18.257143,11.114286,74.15715,3.985714,2.8,3.642857,7.7714286,19.042856,0.0,0.0,-7.345365000000001e-25,0.0,0.0,True
2013-06-17,0.768,32.1,14.914286,18.485716,10.928572,79.64286,3.242857,2.6285713,2.9714284,7.3,17.6,0.0,0.0,-7.345365000000001e-25,0.0,0.0,True
2013-06-24,0.917,68.6,17.728573,21.814287,15.142858,85.957146,2.9571426,2.742857,2.6857142,8.557143,19.457144,0.0,0.0,-7.345365000000001e-25,0.0,0.0,True
2013-07-01,1.0532857142857144,45.8,12.985715,15.0,11.0,83.44286,2.2428572,2.1142857,2.142857,9.357142,14.857142,0.0,0.0,-7.345365000000001e-25,0.0,0.0,True
2013-07-08,0.9335714285714286,0.3,16.757143,19.628572,13.585714,78.54286,3.3999999,2.7285714,3.5285716,8.728572,20.785715,0.0,0.0,-7.345365000000001e-25,0.0,0.0,True
2013-07-15,0.7742857142857142,0.0,15.571428,17.7,13.242858,79.42857,3.1142857,2.1857142,3.1142857,7.457143,20.214285,0.0,0.0,-7.345365000000001e-25,0.0,0.0,True
2013-07-22,0.6692857142857144,0.0,19.100002,22.571428,15.771429,78.07143,4.1857142,1.7285715,3.9142857,6.5285716,23.285715,0.0,0.0,-7.345365000000001e-25,0.0,0.0,True
2013-07-29,0.65,21.5,21.357143,25.885714,17.514286,77.32857,3.8000004,2.1714287,3.8714287,6.4714284,24.571428,0.0,0.0,-7.345365000000001e-25,0.0,0.0,True
2013-08-05,0.7147142857142857,34.5,21.157145,26.042858,16.27143,73.02857,4.0142856,3.1714287,4.2,6.885714,23.414286,0.0,0.0,-7.345365000000001e-25,0.0,0.0,True
2013-08-12,0.6369999999999999,24.5,17.314287,20.328571,14.542857,76.17143,2.7428572,2.0571427,3.042857,6.3428574,19.642857,0.0,0.0,-7.345365000000001e-25,0.0,0.0,True
2013-08-19,0.6584285714285715,19.8,17.057142,20.628572,13.300001,80.07143,2.4714286,2.1285713,2.6857142,6.428571,18.328571,0.0,0.0,-7.345365000000001e-25,0.0,0.0,True
2013-08-26,0.6057142857142858,0.0,18.085714,21.914288,14.014287,69.21429,3.0,2.1285713,3.8,6.3285713,20.085714,0.0,0.0,-7.345365000000001e-25,0.0,0.0,True
2013-09-02,0.5464285714285715,8.9,16.942858,20.114286,13.185715,79.12858,2.142857,1.3142856,2.6000001,5.6285715,18.657143,0.0,0.0,-7.345365000000001e-25,0.0,0.0,True
2013-09-09,0.5412857142857143,17.7,17.585714,20.928572,14.585714,84.042854,1.7714285,1.3142856,2.1571429,5.957143,18.457144,0.0,0.0,-7.345365000000001e-25,0.0,0.0,True
2013-09-16,0.6547142857142857,29.199999,13.585715,15.828572,10.914286,85.5,1.3714285,1.3285713,1.542857,7.7285714,14.557143,0.0,0.0,-7.345365000000001e-25,0.0,0.0,True
2013-09-23,0.681,11.8,13.242857,16.085714,10.771429,85.17143,1.1714286,1.1142858,1.5142858,8.428572,13.714286,0.0,0.0,-7.345365000000001e-25,0.0,0.0,True
2013-09-30,0.6836666666666668,18.2,11.542857,14.414286,8.428572,80.24286,1.0714285,0.9857143,1.6857144,8.585714,12.2,0.0,0.0,-7.345365000000001e-25,0.0,0.0,True
2013-10-07,0.595,1.3,11.171428,14.714286,7.8857145,77.471436,1.0285714,0.85714287,1.7571428,8.271428,11.314285,0.0,0.0,-7.345365000000001e-25,0.0,0.0,True
2013-10-14,0.6151428571428571,30.900002,11.414286,13.785714,8.028571,85.21429,0.81428576,0.7571429,1.1142857,8.685715,11.6,0.0,0.0,-7.345365000000001e-25,0.0,0.0,True
2013-10-21,0.7907142857142857,33.8,11.542857,13.528572,9.1,85.957146,0.7285714,0.7285714,0.9714286,10.085714,11.014286,0.0,0.0,-7.345365000000001e-25,0.0,0.0,True
2013-10-28,0.8465714285714286,12.599999,13.985715,17.014286,10.857142,82.75714,1.0142858,1.0142858,1.3285714,10.3,12.571428,0.0,0.0,-7.345365000000001e-25,0.0,0.0,True
2013-11-04,0.8634285714285713,28.3,9.3714285,11.185715,7.428571,87.057144,0.6714286,0.6714286,0.88571435,10.728572,8.928572,0.0,0.0,-7.345365000000001e-25,0.0,0.0,True
2013-11-11,1.0372857142857144,50.2,7.785714,9.814285,5.228572,86.65715,0.7714285,0.7714285,0.62857145,11.3,7.2,0.0,0.0,-7.345365000000001e-25,0.0,0.0,True
2013-11-18,1.0032857142857143,3.5,7.2571435,8.842857,5.7285714,90.328575,0.25714287,0.25714287,0.45714286,10.585714,6.5571427,0.0,0.0,-7.345365000000001e-25,0.0,0.0,True
2013-11-25,0.868,2.6,3.8857143,5.457143,1.3142859,84.74286,0.24285714,0.24285714,0.5714286,10.185715,3.142857,0.0,0.0,8.458183e-07,0.0,0.0,True
2013-12-02,0.7998571428571429,10.599999,5.9428573,7.585715,3.2857144,87.22858,0.34285712,0.34285712,0.61428577,10.314285,4.257143,0.0,0.0,-7.345365000000001e-25,0.0,0.0,True
2013-12-09,0.8524285714285714,26.7,4.8,6.5285716,2.1000001,86.67143,0.5857143,0.5857143,0.7714286,10.7,3.4285715,0.0,0.0,1.2130964e-05,0.0,0.0,True
2013-12-16,0.9124285714285716,3.4,5.1142855,6.857143,3.2000003,91.18572,0.21428572,0.21428572,0.5142857,10.571428,4.3,0.0,0.0,1.70299e-08,0.0,0.0,True
2013-12-23,0.856,10.3,6.228572,7.0,3.8285716,87.814285,0.44285712,0.44285712,0.6571428,10.4,4.9857144,0.0,0.0,-7.345365000000001e-25,0.0,0.0,True
2013-12-30,0.9411428571428572,19.4,6.1714287,0.0,3.6000001,87.54286,0.4857143,0.4857143,0.62857145,10.728572,5.0285716,0.0,0.0,-7.345365000000001e-25,0.0,0.0,True
2014-01-06,0.8957142857142858,28.6,6.285714,7.542857,3.957143,84.07143,0.4,0.4,0.61428577,10.3,3.6,0.0,0.0,-7.345365000000001e-25,0.0,0.0,True
2014-01-13,0.985,21.5,6.6857142,8.342857,4.2714286,86.957146,0.7,0.7,0.7,10.771428,5.428571,0.0,0.0,-7.345365000000001e-25,0.0,0.0,True
2014-01-20,1.0231428571428571,21.8,3.7714286,5.214286,2.1285715,93.62858,0.2857143,0.2857143,0.41428572,10.771428,3.4714286,0.0,0.0,0.00014007092,0.0,0.0,True
2014-01-27,0.9048571428571428,2.5,-3.6857145,-2.0,-5.7714286,85.814285,0.071428575,0.071428575,0.4857143,10.328571,-1.1142857,0.0,0.0,0.004062363,0.0,0.0,True
2014-02-03,0.7859999999999999,3.4,-0.18571423,2.2142856,-2.2142856,86.25715,0.25714287,0.25714287,0.5142857,10.3,-0.67142856,0.0,0.0,0.005726587,0.0,0.0,True
2014-02-10,0.796,17.599998,4.9857144,7.3857145,2.7428572,82.72857,0.8,0.8,0.7714286,10.471429,2.9714286,0.0,0.0,0.00024826755,0.0,0.0,True
2014-02-17,0.8278571428571428,13.0,5.5,7.9428573,2.7142856,80.48572,0.9714286,0.9714286,0.9714286,10.3,4.4142857,0.0,0.0,4.8251377e-07,0.0,0.0,True
2014-02-24,0.8112857142857143,6.3,6.428571,9.114286,3.8285713,82.557144,0.8714286,0.8428572,0.94285715,10.257143,5.3428574,0.0,0.0,-7.345365000000001e-25,0.0,0.0,True
2014-03-03,0.7889999999999999,14.2,5.642857,8.985715,1.9,83.65715,0.8428572,0.78571427,0.90000004,10.014286,5.3428574,0.0,0.0,-7.345365000000001e-25,0.0,0.0,True
2014-03-10,0.7607142857142858,0.1,7.357143,12.071428,2.8428574,76.25714,1.4,1.2,1.4142857,9.771428,7.071429,0.0,0.0,-7.345365000000001e-25,0.0,0.0,True
2014-03-17,0.7148571428571427,1.7,7.1714287,10.242857,4.785714,83.62858,1.1857144,1.0285714,1.1,9.242857,7.885714,0.0,0.0,-7.345365000000001e-25,0.0,0.0,True
2014-03-24,0.716,20.2,7.557143,11.300001,4.5,82.01428,1.3714286,1.2285715,1.4571428,9.3,7.8285713,0.0,0.0,-7.345365000000001e-25,0.0,0.0,True
2014-03-31,0.697,0.5,6.728572,10.157143,3.6857145,85.614296,1.3714285,1.1571429,1.2571429,9.157143,8.142858,0.0,0.0,-7.345365000000001e-25,0.0,0.0,True
2014-04-07,0.6744285714285715,11.5,9.557143,12.842857,6.5142856,88.700005,1.2285715,1.0714285,1.2285715,8.985714,10.428572,0.0,0.0,-7.345365000000001e-25,0.0,0.0,True
2014-04-14,0.7032857142857143,19.8,8.771429,11.214286,5.957143,84.6,1.7714287,1.6857144,1.6428572,9.228572,10.185715,0.0,0.0,-7.345365000000001e-25,0.0,0.0,True
2014-04-21,0.7291428571428572,8.4,9.771429,13.514287,5.928571,73.01429,2.6000001,2.3,2.5,8.757143,11.157143,0.0,0.0,-7.345365000000001e-25,0.0,0.0,True
2014-04-28,0.6931428571428572,2.0,13.185715,17.928572,9.342857,82.08572,2.457143,2.0142858,2.3857143,8.585714,15.0,0.0,0.0,-7.345365000000001e-25,0.0,0.0,True
2014-05-05,0.6441428571428572,0.5,10.800001,14.0,7.928571,66.54286,2.5285716,1.9714285,2.9285715,7.8714285,13.8714285,0.0,0.0,-7.345365000000001e-25,0.0,0.0,True
2014-05-12,0.7815714285714286,76.4,11.328572,14.17143,9.285714,86.68572,1.9571428,1.9,1.7142857,9.042857,12.357142,0.0,0.0,-7.345365000000001e-25,0.0,0.0,True
2014-05-19,0.8822857142857143,2.6,11.757143,14.257143,9.142858,78.67143,2.6000001,2.3,2.6714287,9.7,14.557143,0.0,0.0,-7.345365000000001e-25,0.0,0.0,True
2014-05-26,0.7685714285714286,11.400001,17.800001,22.37143,13.814286,74.4,3.9285715,3.357143,3.8142858,8.928572,20.571428,0.0,0.0,-7.345365000000001e-25,0.0,0.0,True
2014-06-02,0.6980000000000001,2.0,12.742858,15.900001,9.5,73.942856,2.8142855,2.2,3.142857,8.342857,16.042856,0.0,0.0,-7.345365000000001e-25,0.0,0.0,True
2014-06-09,0.6461428571428571,11.5,16.957144,21.857143,12.728572,72.814285,3.957143,3.2714286,3.957143,7.8428574,20.014286,0.0,0.0,-7.345365000000001e-25,0.0,0.0,True
2014-06-16,0.602,9.0,16.814287,19.671429,14.300001,77.17143,3.5857143,2.7,3.6714287,6.9142857,20.685715,0.0,0.0,-7.345365000000001e-25,0.0,0.0,True
2014-06-23,0.5617142857142857,5.8,14.657144,17.085714,12.685715,74.65714,3.0285714,1.7285715,3.2142856,6.142857,17.328571,0.0,0.0,-7.345365000000001e-25,0.0,0.0,True
2014-06-30,0.5498571428571429,15.3,15.414286,18.714285,12.471429,75.78571,3.1857145,1.8428571,3.3857143,6.0,18.514286,0.0,0.0,-7.345365000000001e-25,0.0,0.0,True
2014-07-07,0.5565714285714286,35.600002,18.442858,23.071428,14.300001,72.04286,3.9714286,2.557143,3.957143,5.9714284,20.4,0.0,0.0,-7.345365000000001e-25,0.0,0.0,True
2014-07-14,0.724,25.6,19.7,22.928572,16.514286,76.700005,3.7000003,2.9857142,3.957143,7.042857,21.8,0.0,0.0,-7.345365000000001e-25,0.0,0.0,True
2014-07-21,0.6018571428571429,4.4,21.442858,26.0,17.028572,70.5,4.4428573,3.1,4.728572,6.3142858,23.857143,0.0,0.0,-7.345365000000001e-25,0.0,0.0,True
2014-07-28,0.5477142857142857,3.2,21.84286,25.728573,18.114286,70.85714,4.285714,2.1571429,4.6,5.8142858,24.171429,0.0,0.0,-7.345365000000001e-25,0.0,0.0,True
2014-08-04,0.5087142857142857,0.70000005,21.357143,25.242859,17.571428,68.21429,3.8999999,1.3857143,4.3714285,5.285714,24.27143,0.0,0.0,-7.345365000000001e-25,0.0,0.0,True
2014-08-11,0.4704285714285715,8.0,19.385715,23.628572,14.771429,69.48571,3.4857142,1.9,3.9714284,5.2285714,21.557142,0.0,0.0,-7.345365000000001e-25,0.0,0.0,True
2014-08-18,0.4671428571428571,28.099998,15.67143,18.985716,12.957144,78.02857,2.4571426,2.0714285,2.7142856,5.885714,16.857143,0.0,0.0,-7.345365000000001e-25,0.0,0.0,True
2014-08-25,0.7028571428571428,68.6,13.228572,16.728573,10.285714,78.28571,2.2,2.1285713,2.357143,7.785714,14.271428,0.0,0.0,-7.345365000000001e-25,0.0,0.0,True
2014-09-01,0.7781428571428571,37.6,16.057142,19.100002,12.1285715,80.78571,2.0142858,1.757143,2.357143,7.642857,17.37143,0.0,0.0,-7.345365000000001e-25,0.0,0.0,True
2014-09-08,0.7494285714285714,1.1,17.457144,21.142857,14.328572,79.08572,2.0,1.6,2.6285713,7.4,18.985714,0.0,0.0,-7.345365000000001e-25,0.0,0.0,True
2014-09-15,0.6411428571428572,6.1,16.542858,19.27143,13.728572,82.38572,1.5714287,1.2571429,2.0857143,7.1285715,17.27143,0.0,0.0,-7.345365000000001e-25,0.0,0.0,True
2014-09-22,0.5991428571428571,1.4,17.114286,20.34286,14.257143,77.07143,1.9142857,1.4428571,2.6714287,6.957143,18.214285,0.0,0.0,-7.345365000000001e-25,0.0,0.0,True
2014-09-29,0.566,9.2,14.442858,17.328571,11.400001,79.41429,1.1571428,0.9285714,1.6,6.7714286,14.614285,0.0,0.0,-7.345365000000001e-25,0.0,0.0,True
2014-10-06,0.541,1.5,15.371429,18.7,12.457144,84.21429,1.0714285,0.78571427,1.4428571,7.0857143,16.028572,0.0,0.0,-7.345365000000001e-25,0.0,0.0,True
2014-10-13,0.5348571428571429,12.8,13.457144,16.242857,10.742858,84.12858,1.0428572,0.94285715,1.2571429,7.428571,13.5,0.0,0.0,-7.345365000000001e-25,0.0,0.0,True
2014-10-20,0.553,12.8,14.17143,16.742857,11.985715,88.44286,0.8285714,0.7857143,0.9857143,7.9857144,13.557143,0.0,0.0,-7.345365000000001e-25,0.0,0.0,True
2014-10-27,0.6454285714285714,23.7,11.971429,13.714286,10.17143,83.84286,0.8142857,0.7999999,1.0714285,8.9,11.328571,0.0,0.0,-7.345365000000001e-25,0.0,0.0,True
2014-11-03,0.612,8.9,11.742858,14.471429,8.742857,85.40001,0.61428577,0.57142854,0.78571427,8.571428,10.842857,0.0,0.0,-7.345365000000001e-25,0.0,0.0,True
2014-11-10,0.6209999999999999,3.9,8.6,11.5,6.071429,86.57143,0.4857143,0.4714286,0.62857145,8.757143,8.328571,0.0,0.0,-7.345365000000001e-25,0.0,0.0,True
2014-11-17,0.5874285714285714,2.4,9.2,10.442857,7.7714286,91.6,0.3285714,0.2857143,0.5714286,8.785714,8.757143,0.0,0.0,-7.345365000000001e-25,0.0,0.0,True
2014-11-24,0.5552857142857143,11.799999,6.471429,8.042857,4.114286,90.25715,0.34285715,0.34285715,0.45714286,8.971429,6.142857,0.0,0.0,-7.345365000000001e-25,0.0,0.0,True
2014-12-01,0.5765714285714285,0.0,1.8000001,3.3714287,0.21428575,85.98572,0.21428572,0.21428572,0.62857145,9.142858,2.3714285,0.0,0.0,9.2983246e-05,0.0,0.0,True
2014-12-08,0.5452857142857143,6.6,1.5142858,3.1857142,-0.37142855,89.65714,0.2,0.18571427,0.42857143,9.228572,1.1428572,0.0,0.0,0.0004832915,0.0,0.0,True
2014-12-15,0.6251428571428572,24.8,4.071429,5.6285715,2.1857142,88.02857,0.58571434,0.58571434,0.5714286,10.185715,3.1285715,0.0,0.0,2.292792e-05,0.0,0.0,True
2014-12-22,0.7854285714285715,47.5,7.071429,8.900001,4.7571435,88.67143,0.7,0.7,0.7428571,11.028571,5.7,0.0,0.0,5.506334e-07,0.0,0.0,True
2014-12-29,0.9354285714285714,22.7,3.3,5.514286,1.1142857,85.700005,0.47142857,0.47142857,0.5857143,11.171429,3.057143,0.0,0.0,0.00016907284,0.0,0.0,True
2015-01-05,0.8412857142857142,15.0,5.0,6.457143,3.3285713,86.58572,0.2,0.2,0.71428573,10.45,2.75,0.0,0.0,2.8156099e-05,0.0,0.0,True
2015-01-12,0.8845714285714286,32.0,5.8857145,7.5428576,3.6714287,85.71429,0.88571435,0.88571435,0.85714287,10.714286,4.6285715,0.0,0.0,1.2715658e-06,0.0,0.0,True
2015-01-19,1.0328571428571427,26.9,3.9428573,5.5285716,1.9142858,87.91429,0.55714285,0.55714285,0.5857143,11.171429,3.3714285,0.0,0.0,0.000491358,0.0,0.0,True
2015-01-26,0.9031428571428572,12.3,0.3,2.3714287,-1.5857143,93.700005,0.15714286,0.15714286,0.2857143,10.471429,0.22857143,0.0,0.0,0.0038899127,0.0,0.0,True
2015-02-02,1.002,18.9,2.0428572,3.7285714,3.193106e-09,90.25714,0.41428572,0.41428572,0.44285718,10.8714285,1.3428571,0.0,0.0,0.00254442,0.0,0.0,True
2015-02-09,0.8622857142857142,0.5,1.1142857,2.7000003,-1.0,87.17143,0.41428572,0.41428572,0.54285717,10.3,0.98571426,0.0,0.0,0.0022378762,0.0,0.0,True
2015-02-16,0.7981428571428572,0.0,2.757143,4.3714285,1.0285715,87.37144,0.41428572,0.3857143,0.54285717,10.057143,2.5142858,0.0,0.0,2.1531469e-05,0.0,0.0,True
2015-02-23,0.7777142857142857,19.2,2.9142857,5.714286,0.21428572,88.5,0.59999996,0.55714285,0.59999996,10.214286,2.442857,0.0,0.0,0.00013081233,0.0,0.0,True
2015-03-02,0.8601428571428571,23.8,4.571429,7.0,2.0714288,83.75714,1.042857,1.042857,0.88571423,10.557143,4.071429,0.0,0.0,0.00011435009,0.0,0.0,True
2015-03-09,0.9074285714285716,9.7,6.1571426,9.371429,3.7428572,79.75714,1.1714286,1.1,1.2571429,10.414286,5.457143,0.0,0.0,4.0366536e-05,0.0,0.0,True
2015-03-16,0.7724285714285715,0.0,5.3142858,7.957143,2.5714285,81.614296,1.1857144,0.9857143,1.1285714,9.742857,6.0571427,0.0,0.0,3.3605666e-06,0.0,0.0,True
2015-03-23,0.646,6.9,5.414286,8.571428,2.4428573,77.41429,1.3714286,1.1714286,1.2714285,9.385715,7.0142856,0.0,0.0,-7.345365000000001e-25,0.0,0.0,True
2015-03-30,0.7147142857142857,36.9,6.4857144,9.157143,3.8714287,81.98572,1.2714285,1.2571428,1.1999999,9.814285,6.8,0.0,0.0,-7.345365000000001e-25,0.0,0.0,True
2015-04-06,0.8787142857142857,6.8,5.4,7.957143,2.4142857,74.48572,1.957143,1.8857143,1.7571429,10.671429,6.542857,0.0,0.0,0.0002838884,0.0,0.0,True
2015-04-13,0.759,3.0,8.214286,11.771429,4.3428574,78.64286,1.957143,1.6999999,1.8285714,9.614285,9.914286,0.0,0.0,8.96908e-07,0.0,0.0,True
2015-04-20,0.6828571428571429,0.7,8.714286,12.085714,5.6142855,76.88572,2.4428573,1.8857142,2.1857142,8.828571,11.271428,0.0,0.0,-7.345365000000001e-25,0.0,0.0,True
2015-04-27,0.6488571428571428,13.6,9.17143,12.2,6.8142858,81.75714,2.0285716,1.6285715,1.9285715,8.114285,12.0,0.0,0.0,-7.345365000000001e-25,0.0,0.0,True
2015-05-04,0.6294285714285713,18.0,9.3,12.7,5.3142858,71.58572,2.5571427,2.2,2.4714284,7.857143,11.2,0.0,0.0,-7.345365000000001e-25,0.0,0.0,True
2015-05-11,0.7969999999999999,31.0,12.3714285,17.37143,7.871429,73.42857,3.1857145,2.8857143,2.8714287,8.214286,13.714286,0.0,0.0,-7.345365000000001e-25,0.0,0.0,True
2015-05-18,0.729,15.0,10.328572,12.614286,8.385715,75.62858,2.1285715,1.6571429,2.2571428,7.4714284,12.571428,0.0,0.0,-7.345365000000001e-25,0.0,0.0,True
2015-05-25,0.7264285714285714,14.9,10.957143,14.157143,8.085714,75.87144,2.8142858,2.1142857,2.8285713,7.2285714,14.028571,0.0,0.0,-7.345365000000001e-25,0.0,0.0,True
2015-06-01,0.6804285714285714,15.5,11.585715,14.528572,8.514286,72.57143,2.8,2.2,2.7428572,6.8142858,13.485714,0.0,0.0,-7.345365000000001e-25,0.0,0.0,True
2015-06-08,0.6265714285714286,2.4,14.471429,17.842857,10.514285,70.21429,3.642857,2.0285714,3.8285713,6.4857144,17.214285,0.0,0.0,-7.345365000000001e-25,0.0,0.0,True
2015-06-15,0.5921428571428571,38.3,14.742858,18.328571,11.028572,72.44286,3.4428566,1.4428571,3.5,5.957143,18.0,0.0,0.0,-7.345365000000001e-25,0.0,0.0,True
2015-06-22,0.5887142857142856,31.3,12.842857,15.685715,10.042857,78.042854,2.5571427,1.8142856,2.4857142,6.1285715,14.957143,0.0,0.0,-7.345365000000001e-25,0.0,0.0,True
2015-06-29,0.5764285714285714,2.1,15.3714285,18.814287,12.3,79.24286,2.9714284,2.0285714,2.9142857,6.1285715,18.3,0.0,0.0,-7.345365000000001e-25,0.0,0.0,True
2015-07-06,0.5264285714285715,10.1,20.814287,24.97143,16.628572,72.61429,5.042857,2.2428572,4.642857,5.4428573,23.957144,0.0,0.0,-7.345365000000001e-25,0.0,0.0,True
2015-07-13,0.5251428571428571,29.2,16.385715,19.585714,12.800001,75.24286,3.057143,1.8857143,3.1000001,5.357143,18.585714,0.0,0.0,-7.345365000000001e-25,0.0,0.0,True
2015-07-20,0.5124285714285715,15.5,16.77143,20.17143,13.242858,77.28571,3.2428572,2.0714285,3.3285713,5.5,19.814285,0.0,0.0,-7.345365000000001e-25,0.0,0.0,True
2015-07-27,0.6362857142857143,69.6,16.8,20.514286,13.528572,79.542854,3.1857142,2.4285715,3.0142858,6.142857,19.242857,0.0,0.0,-7.345365000000001e-25,0.0,0.0,True
2015-08-03,0.911,30.999998,16.128572,19.800001,11.957144,72.88572,3.2857144,2.9285712,3.357143,8.442857,17.557142,0.0,0.0,-7.345365000000001e-25,0.0,0.0,True
2015-08-10,0.7167142857142857,6.7999997,19.142857,23.37143,15.057143,74.58572,3.0714283,2.6142857,3.542857,7.5,21.77143,0.0,0.0,-7.345365000000001e-25,0.0,0.0,True
2015-08-17,0.6651428571428571,37.4,19.4,22.357143,16.885715,84.12858,2.414286,2.1571429,2.4714286,7.457143,21.442858,0.0,0.0,-7.345365000000001e-25,0.0,0.0,True
2015-08-24,0.9002857142857142,31.5,18.585714,22.071428,15.028571,75.88572,2.6714287,2.3285716,3.042857,8.757143,20.3,0.0,0.0,-7.345365000000001e-25,0.0,0.0,True
2015-08-31,0.7928571428571428,36.5,17.7,21.5,14.099999,81.11428,2.3142855,2.1857145,2.3428571,8.557143,18.985714,0.0,0.0,-7.345365000000001e-25,0.0,0.0,True
2015-09-07,0.8647142857142857,33.5,14.528572,17.428572,11.285714,80.77143,1.9428571,1.9142857,2.2571428,9.328571,15.457143,0.0,0.0,-7.345365000000001e-25,0.0,0.0,True
2015-09-14,0.8191428571428572,12.0,15.1285715,18.357143,11.771429,83.88572,1.557143,1.4428571,1.9714286,9.3714285,16.285715,0.0,0.0,-7.345365000000001e-25,0.0,0.0,True
2015-09-21,0.7895714285714286,22.3,14.271429,16.928572,11.7,82.84286,1.4142857,1.4142857,1.6571429,10.214286,14.414286,0.0,0.0,-7.345365000000001e-25,0.0,0.0,True
2015-09-28,0.8042857142857143,9.5,12.757143,15.885715,9.6,86.64286,1.0285714,1.0142857,1.3571428,10.185715,13.414286,0.0,0.0,-7.345365000000001e-25,0.0,0.0,True
2015-10-05,0.7091428571428571,0.0,12.357142,16.085714,8.1285715,84.94286,1.0000001,0.8714286,1.3428571,9.614285,13.142858,0.0,0.0,-7.345365000000001e-25,0.0,0.0,True
2015-10-12,0.6505714285714286,3.4,10.8,12.728571,8.814286,82.700005,0.81428576,0.77142864,1.3428571,9.785714,11.485714,0.0,0.0,-7.345365000000001e-25,0.0,0.0,True
2015-10-19,0.6417142857142857,23.1,8.357142,9.928572,6.4857144,90.9,0.4714286,0.45714286,0.71428573,10.271428,8.471429,0.0,0.0,-7.345365000000001e-25,0.0,0.0,True
2015-10-26,0.6727142857142857,1.7,10.271429,12.5,7.557143,86.328575,0.62857145,0.61428565,0.82857144,10.257143,9.857142,0.0,0.0,-7.345365000000001e-25,0.0,0.0,True
2015-11-02,0.6262857142857143,0.0,8.6285715,11.057143,6.114286,93.17143,0.3285714,0.29999998,0.5,9.957143,8.828571,0.0,0.0,-7.345365000000001e-25,0.0,0.0,True
2015-11-09,0.7118571428571429,33.2,10.928572,13.071428,8.757143,92.3,0.62857145,0.61428577,0.55714285,10.5,10.6,0.0,0.0,-7.345365000000001e-25,0.0,0.0,True
2015-11-16,0.8932857142857143,45.1,11.471429,13.014287,9.1285715,88.8,0.87142855,0.88571435,0.82857144,10.971429,10.6,0.0,0.0,-7.345365000000001e-25,0.0,0.0,True
2015-11-23,1.0974285714285714,35.6,7.1857142,8.785714,5.114286,83.685715,0.99999994,0.99999994,0.9714286,11.542857,6.6285715,0.0,0.0,8.254392e-05,0.0,0.0,True
2015-11-30,1.0504285714285715,31.699999,5.6285715,7.657143,3.4428573,84.17143,0.7714286,0.7714286,0.7571429,10.985714,4.4857144,0.0,0.0,4.8665774e-05,0.0,0.0,True
2015-12-07,0.9838571428571428,5.0,8.914286,10.228571,7.6285715,82.52857,0.61428565,0.61428565,1.1,10.6285715,7.3142858,0.0,0.0,-7.345365000000001e-25,0.0,0.0,True
2015-12-14,0.9438571428571428,35.2,6.542857,8.728572,4.328572,86.41429,0.54285717,0.54285717,0.59999996,10.814285,5.6,0.0,0.0,-7.345365000000001e-25,0.0,0.0,True
2015-12-21,0.9362857142857144,7.7,9.842857,11.542857,8.242857,88.51429,0.45714283,0.45714283,0.8428572,10.557143,8.157143,0.0,0.0,-7.345365000000001e-25,0.0,0.0,True
2015-12-28,0.8702857142857142,11.8,9.285714,11.528572,6.6857142,85.04286,0.65714294,0.65714294,0.95714283,10.528571,8.114285,0.0,0.0,-7.345365000000001e-25,0.0,0.0,True
2016-01-04,0.824,2.0,1.9714288,3.7571428,-0.4857143,85.44286,0.33333334,0.33333334,0.5714286,10.333333,4.9333334,0.0,0.0,0.00037930693,0.0,0.0,True
2016-01-11,0.7705714285714286,13.6,0.042857032,1.5714285,-2.1285715,84.51429,0.24285714,0.24285714,0.61428577,10.485714,-0.12857144,0.0,0.0,0.0035481,0.0,0.0,True
2016-01-18,0.8298571428571428,18.1,0.77142864,2.4,-1.057143,90.71429,0.21428573,0.21428573,0.34285715,10.642858,1.0142857,0.0,0.0,0.0035488207,0.0,0.0,True
2016-01-25,0.8241428571428572,9.0,0.25714287,2.8714287,-2.5714285,93.85714,0.15714286,0.15714286,0.21428572,10.428572,0.4857143,0.0,0.0,0.006554723,0.0,0.0,True
2016-02-01,0.9914285714285712,33.899998,7.057143,8.928572,4.2714286,87.02857,0.94285715,0.94285715,0.82857144,10.828571,5.8,0.0,0.0,7.4307122e-06,0.0,0.0,True
2016-02-08,1.006857142857143,27.5,6.5285716,8.428572,4.6285715,81.814285,0.9714286,0.9714286,1.1285714,10.614285,5.071429,0.0,0.0,1.0615304e-06,0.0,0.0,True
2016-02-15,1.154,37.2,2.9714286,4.328572,1.1714286,87.91429,0.62857145,0.62857145,0.62857145,11.1285715,3.0,0.0,0.0,0.0003475348,0.0,0.0,True
2016-02-22,0.9451428571428572,23.5,3.057143,5.657143,0.5714286,84.57143,0.71428573,0.71428573,0.71428573,10.6285715,2.857143,0.0,0.0,0.00074428605,0.0,0.0,True
2016-02-29,1.019,15.9,2.1285715,4.571429,-0.34285715,87.457146,0.7285714,0.7285714,0.6571428,10.542857,2.8428571,0.0,0.0,0.00044416814,0.0,0.0,True
2016-03-07,0.9957142857142856,20.4,2.8428571,5.1857147,0.62857145,88.68572,0.6714286,0.65714294,0.67142856,10.514286,2.942857,0.0,0.0,0.0007497526,0.0,0.0,True
2016-03-14,0.8671428571428572,0.0,2.8,5.6857142,-0.34285715,84.04286,0.88571423,0.8142857,0.95714283,10.071428,3.8,0.0,0.0,3.621124e-05,0.0,0.0,True
2016-03-21,0.7728571428571429,1.6999999,5.3142858,7.714286,2.7000003,86.12858,0.9857143,0.85714287,1.0285714,9.642858,5.8285713,0.0,0.0,7.0390246e-07,0.0,0.0,True
2016-03-28,0.721,11.9,6.971429,9.542857,4.3,84.28571,1.3428571,1.2714285,1.3000001,9.457143,7.1857142,0.0,0.0,-7.345365000000001e-25,0.0,0.0,True
2016-04-04,0.7357142857142858,14.400001,8.385715,12.557143,4.8857145,77.42857,1.8428571,1.6714284,1.7142857,9.414286,9.6285715,0.0,0.0,-7.345365000000001e-25,0.0,0.0,True
2016-04-11,0.7507142857142857,10.5,8.428572,11.728571,5.3142858,79.3,1.8571427,1.7142856,1.8000001,9.442857,9.485714,0.0,0.0,-7.345365000000001e-25,0.0,0.0,True
2016-04-18,0.7087142857142857,3.5,8.771429,11.828572,6.3142858,81.64286,1.6571429,1.5142857,1.6714286,9.071428,10.1285715,0.0,0.0,-7.345365000000001e-25,0.0,0.0,True
2016-04-25,0.6631428571428571,21.599998,6.214286,8.8,3.6000001,75.02857,2.1,1.7857141,2.142857,8.571428,8.857142,0.0,0.0,0.00013509819,0.0,0.0,True
2016-05-02,0.721,12.4,6.914286,10.314286,3.6142857,79.0,2.0714285,1.9857142,1.942857,9.385715,8.528571,0.0,0.0,0.0001325948,0.0,0.0,True
2016-05-09,0.6987142857142857,1.4,14.071428,18.928572,9.228571,62.42857,4.5571427,3.5857143,4.071429,8.357142,16.028572,0.0,0.0,-7.345365000000001e-25,0.0,0.0,True
2016-05-16,0.6578571428571429,14.9,12.871429,16.628572,9.085714,67.814285,3.9428573,2.642857,3.7285714,6.9,16.0,0.0,0.0,-7.345365000000001e-25,0.0,0.0,True
2016-05-23,0.6242857142857143,7.9000006,14.428572,18.757143,10.414286,77.64286,2.7999997,1.9714283,2.6857142,6.542857,16.242857,0.0,0.0,-7.345365000000001e-25,0.0,0.0,True
2016-05-30,0.6254285714285714,22.3,14.485715,16.914286,11.985715,85.64286,2.2714286,1.6571429,2.0571427,6.5857143,16.671429,0.0,0.0,-7.345365000000001e-25,0.0,0.0,True
2016-06-06,0.6362857142857142,7.1000004,18.742859,22.857143,15.414286,84.07143,4.142857,2.2428572,3.6571429,6.114286,22.87143,0.0,0.0,-7.345365000000001e-25,0.0,0.0,True
2016-06-13,0.5998571428571429,25.7,14.614286,17.742857,11.814285,79.21429,3.1285713,1.2142857,2.857143,5.6714287,19.4,0.0,0.0,-7.345365000000001e-25,0.0,0.0,True
2016-06-20,0.7805714285714286,30.6,15.342857,18.214285,12.342857,79.87144,2.7571428,2.4142857,2.7714286,7.042857,18.171429,0.0,0.0,-7.345365000000001e-25,0.0,0.0,True
2016-06-27,0.8904285714285715,67.7,17.928572,21.585714,14.914286,83.02857,3.1714287,2.9857142,2.9142857,8.357142,20.485714,0.0,0.0,-7.345365000000001e-25,0.0,0.0,True
2016-07-04,0.945,28.6,15.885715,18.942858,13.1285715,78.90001,3.1571429,3.1,2.8857143,9.271428,18.357143,0.0,0.0,-7.345365000000001e-25,0.0,0.0,True
2016-07-11,0.9142857142857144,19.8,17.114286,20.414288,14.500001,78.04286,3.2142854,3.042857,3.2571428,9.142858,19.042856,0.0,0.0,-7.345365000000001e-25,0.0,0.0,True
2016-07-18,0.7808571428571429,7.6,16.27143,18.557144,13.942857,79.51429,2.7142856,2.5285714,2.8857143,8.685715,18.357143,0.0,0.0,-7.345365000000001e-25,0.0,0.0,True
2016-07-25,0.6798571428571429,0.3,21.157145,24.628572,17.785715,79.82857,3.8285718,2.9,3.957143,7.614286,24.914286,0.0,0.0,-7.345365000000001e-25,0.0,0.0,True
2016-08-01,0.6097142857142857,24.5,18.214285,21.428572,15.414286,75.042854,3.0,2.4714286,3.2857144,7.1571426,21.6,0.0,0.0,-7.345365000000001e-25,0.0,0.0,True
2016-08-08,0.5757142857142857,14.5,17.7,20.571428,14.728572,78.78571,2.6,2.2571428,2.957143,7.214286,19.085714,0.0,0.0,-7.345365000000001e-25,0.0,0.0,True
2016-08-15,0.6012857142857142,31.0,15.114286,17.657145,12.67143,80.185715,2.1,1.8857143,2.4285715,7.2285714,16.357143,0.0,0.0,-7.345365000000001e-25,0.0,0.0,True
2016-08-22,0.5682857142857143,23.8,16.97143,20.028574,13.2,79.11428,2.3857143,1.8,2.8,6.742857,19.314285,0.0,0.0,-7.345365000000001e-25,0.0,0.0,True
2016-08-29,0.5937142857142856,21.8,20.714285,25.27143,16.842857,75.14286,3.1000001,2.2,3.542857,6.642857,22.071428,0.0,0.0,-7.345365000000001e-25,0.0,0.0,True
2016-09-05,0.5782857142857143,17.099998,17.628572,20.942858,14.314286,79.042854,2.2285714,1.7571429,2.5,7.0571427,19.057142,0.0,0.0,-7.345365000000001e-25,0.0,0.0,True
2016-09-12,0.5465714285714286,0.0,19.414288,24.357143,14.814286,76.62858,2.3285713,1.7285715,2.8999999,7.2285714,20.942858,0.0,0.0,-7.345365000000001e-25,0.0,0.0,True
2016-09-19,0.4808571428571428,0.2,19.17143,22.84286,16.114286,74.557144,2.1857142,1.4428571,2.9285715,6.5285716,20.214285,0.0,0.0,-7.345365000000001e-25,0.0,0.0,True
2016-09-26,0.4301428571428571,0.1,16.371428,20.37143,12.842857,71.957146,1.6999999,0.9285714,2.2428572,6.114286,17.77143,0.0,0.0,-7.345365000000001e-25,0.0,0.0,True
2016-10-03,0.4318571428571429,27.2,14.614286,17.514286,11.171428,79.71429,1.3714285,0.9142858,1.7428571,6.2,15.242857,0.0,0.0,-7.345365000000001e-25,0.0,0.0,True
2016-10-10,0.4281428571428571,1.5,10.114286,12.1285715,7.585714,79.557144,0.8428572,0.5714286,1.5571429,6.3428574,10.685715,0.0,0.0,-7.345365000000001e-25,0.0,0.0,True
2016-10-17,0.4199999999999999,4.7000003,9.857142,11.771429,8.042857,86.90001,0.67142856,0.51428574,1.042857,6.4857144,9.842857,0.0,0.0,-7.345365000000001e-25,0.0,0.0,True
2016-10-24,0.4392857142857143,11.0,7.9857144,9.928572,5.5142856,91.07143,0.5,0.45714286,0.6857143,7.2,8.6,0.0,0.0,-7.345365000000001e-25,0.0,0.0,True
2016-10-31,0.4205714285714285,1.5,10.028572,11.957143,7.728572,87.77143,0.5285715,0.4571429,0.7285714,7.3,9.4,0.0,0.0,-7.345365000000001e-25,0.0,0.0,True
2016-11-07,0.4421428571428571,13.1,6.4428573,8.400001,3.7285714,85.828575,0.6,0.5857143,0.82857144,7.757143,6.285714,0.0,0.0,2.2706531e-07,0.0,0.0,True
2016-11-14,0.4511428571428571,5.2999997,0.27142859,2.357143,-2.5142858,88.58571,0.22857144,0.21428572,0.41428572,8.2,1.1857142,0.0,0.0,0.00026206742,0.0,0.0,True
2016-11-21,0.5225714285714286,14.599999,7.3,10.428572,4.0285716,86.65714,0.6714286,0.6714286,0.7428571,8.842857,5.742857,0.0,0.0,1.3056256e-05,0.0,0.0,True
2016-11-28,0.5097142857142857,1.0,5.0285716,7.6285715,1.8000001,85.98572,0.2857143,0.2857143,0.44285712,8.928572,4.3428574,0.0,0.0,-7.345365000000001e-25,0.0,0.0,True
2016-12-05,0.5,4.8,3.1285713,5.5,0.37142855,85.62858,0.3285714,0.31428573,0.44285712,8.9,2.1571429,0.0,0.0,1.0728836e-06,0.0,0.0,True
2016-12-12,0.5357142857142857,26.5,6.2714286,8.2,4.3857145,88.71429,0.34285715,0.34285715,0.61428577,9.214286,5.0285716,0.0,0.0,1.5837805e-06,0.0,0.0,True
2016-12-19,0.607,0.9,4.642857,6.071429,3.1000001,94.685715,0.12857142,0.12857142,0.3,9.728572,4.0857143,0.0,0.0,-7.345365000000001e-25,0.0,0.0,True
2016-12-26,0.5972857142857143,25.7,5.557143,7.471429,3.2428572,88.04286,0.61428577,0.61428577,0.62857145,9.928572,4.642857,0.0,0.0,8.5149495e-08,0.0,0.0,True
2017-01-02,0.6725714285714286,2.5,4.157143,5.414286,2.4142857,88.41429,0.24000001,0.24000001,0.5,10.04,3.6,0.0,0.0,3.5081591e-06,0.0,0.0,True
2017-01-09,0.6807142857142858,14.4,0.9714285,2.9714284,-1.5142858,82.27143,0.37142852,0.37142852,0.7,10.357142,0.8,0.0,0.0,0.00016902175,0.0,0.0,True
2017-01-16,0.7572857142857143,25.2,2.3,3.8285716,0.28571433,85.94286,0.61428565,0.61428565,0.5285714,10.7,1.2857143,0.0,0.0,0.0011925981,0.0,0.0,True
2017-01-23,0.6915714285714286,0.1,0.6571428,2.4714286,-1.0428572,88.5,0.12857144,0.12857144,0.41428572,10.314285,0.114285715,0.0,0.0,0.0013236431,0.0,0.0,True
2017-01-30,0.6268571428571429,10.4,0.78571427,2.7142856,-0.9428572,88.15715,0.3285714,0.31428573,0.42857143,10.242857,0.114285715,0.0,0.0,0.0006508146,0.0,0.0,True
2017-02-06,0.6305714285714286,4.4,2.8142858,4.542857,1.2571429,92.62858,0.27142856,0.27142856,0.40000004,10.442857,2.0857143,0.0,0.0,0.00023367858,0.0,0.0,True
2017-02-13,0.5844285714285714,0.1,-1.4714286,0.0285714,-2.9714284,76.6,0.20000002,0.20000002,0.9285714,10.3,-0.34285715,0.0,0.0,0.00041447935,0.0,0.0,True
2017-02-20,0.5717142857142857,13.5,3.8714287,6.2714286,1.5571429,88.41429,0.45714286,0.44285718,0.54285717,10.228572,2.3428571,0.0,0.0,0.0002966438,0.0,0.0,True
2017-02-27,0.7992857142857143,35.5,6.071429,8.214286,4.0285716,86.15715,0.97142845,0.98571426,0.88571423,11.157143,5.257143,0.0,0.0,-7.345365000000001e-25,0.0,0.0,True
2017-03-06,0.8144285714285715,9.7,5.6,8.385715,3.1285717,83.64286,0.95714283,0.95714283,0.9142857,10.528571,5.2714286,0.0,0.0,-7.345365000000001e-25,0.0,0.0,True
2017-03-13,0.7694285714285715,8.1,4.857143,7.557143,2.6285713,84.77143,0.87142855,0.85714287,0.90000004,10.328571,5.385714,0.0,0.0,5.1089694e-07,0.0,0.0,True
2017-03-20,0.7785714285714286,40.0,7.428571,10.228572,4.471429,87.17143,1.2285713,1.1571428,1.0714285,10.385715,7.6,0.0,0.0,-7.345365000000001e-25,0.0,0.0,True
2017-03-27,0.876,1.7,6.557143,10.0,2.8285716,76.78571,1.6428572,1.5142857,1.5857143,10.357142,8.114285,0.0,0.0,-7.345365000000001e-25,0.0,0.0,True
2017-04-03,0.751,7.7000003,11.0,15.085715,7.557143,80.84286,1.8714286,1.5857142,1.7571429,9.528571,12.171429,0.0,0.0,-7.345365000000001e-25,0.0,0.0,True
2017-04-10,0.6808571428571428,0.3,8.8714285,11.914286,5.9,79.74286,1.6999998,1.3285714,1.8000001,8.957143,10.6285715,0.0,0.0,-7.345365000000001e-25,0.0,0.0,True
2017-04-17,0.6498571428571429,20.2,7.714286,9.714286,5.557143,78.28571,1.8285714,1.7571428,1.8571428,8.942857,8.585714,0.0,0.0,-7.345365000000001e-25,0.0,0.0,True
2017-04-24,0.6202857142857142,6.3,6.5142856,9.271429,3.3857143,70.65714,1.9571428,1.7571428,2.1857142,8.671429,7.8142858,0.0,0.0,-7.345365000000001e-25,0.0,0.0,True
2017-05-01,0.6045714285714286,6.0,7.414286,10.342857,3.7714288,70.37143,2.414286,2.0571427,2.4285715,8.328571,9.042857,0.0,0.0,-7.345365000000001e-25,0.0,0.0,True
2017-05-08,0.5771428571428572,5.1,9.6285715,12.528572,6.914286,73.67143,2.357143,1.8857144,2.457143,7.6571426,11.428572,0.0,0.0,-7.345365000000001e-25,0.0,0.0,True
2017-05-15,0.5628571428571428,12.0,11.828572,16.085714,7.7999997,75.25715,2.8428574,2.1857142,2.7571428,7.114286,14.471429,0.0,0.0,-7.345365000000001e-25,0.0,0.0,True
2017-05-22,0.5777142857142856,14.599999,15.714286,20.828571,11.342857,76.40001,3.2142856,2.5,3.0857143,7.3,18.37143,0.0,0.0,-7.345365000000001e-25,0.0,0.0,True
2017-05-29,0.5561428571428572,2.4,15.742857,19.285715,11.957144,78.35714,3.7428572,2.242857,3.2714286,6.5571427,19.885714,0.0,0.0,-7.345365000000001e-25,0.0,0.0,True
2017-06-05,0.5288571428571428,1.6,15.771429,19.600002,11.457143,71.54286,3.6857142,1.6571429,3.542857,5.9857144,19.6,0.0,0.0,-7.345365000000001e-25,0.0,0.0,True
2017-06-12,0.5487142857142857,24.2,16.042858,19.84286,13.0,76.77143,3.1142857,2.442857,3.0857143,6.4428573,17.342857,0.0,0.0,-7.345365000000001e-25,0.0,0.0,True
2017-06-19,0.5168571428571429,0.6,17.157145,20.714285,13.385715,77.14286,3.7571425,2.1142857,3.7714288,5.928571,20.528572,0.0,0.0,-7.345365000000001e-25,0.0,0.0,True
2017-06-26,0.512,22.1,16.571428,19.7,13.7,76.54286,3.542857,2.0571427,3.3285713,5.742857,19.928572,0.0,0.0,-7.345365000000001e-25,0.0,0.0,True
2017-07-03,0.6218571428571428,57.399998,16.428572,19.600002,13.67143,80.71429,2.8999999,2.642857,2.8714287,7.4857144,18.357143,0.0,0.0,-7.345365000000001e-25,0.0,0.0,True
2017-07-10,0.6328571428571428,3.6000001,16.814287,19.9,13.214286,74.38572,3.4285715,2.885714,3.6571429,7.614286,21.057142,0.0,0.0,-7.345365000000001e-25,0.0,0.0,True
2017-07-17,0.6202857142857142,26.1,16.085714,19.085714,13.214286,77.35714,3.0142858,2.6571429,2.957143,7.571429,18.72857,0.0,0.0,-7.345365000000001e-25,0.0,0.0,True
2017-07-24,0.6804285714285714,41.0,18.214285,21.485716,14.714286,78.700005,3.1000001,2.8285713,3.2142856,7.742857,20.557142,0.0,0.0,-7.345365000000001e-25,0.0,0.0,True
2017-07-31,0.7848571428571428,67.1,17.685715,20.9,14.814286,81.299995,2.9857142,2.8428571,2.8142858,8.6,19.571428,0.0,0.0,-7.345365000000001e-25,0.0,0.0,True
2017-08-07,0.8601428571428571,27.5,18.014286,21.885715,14.657144,74.65715,3.1,2.757143,3.2428572,8.485714,19.814285,0.0,0.0,-7.345365000000001e-25,0.0,0.0,True
2017-08-14,0.7717142857142857,19.1,16.785715,19.800001,13.371429,76.92857,2.4714284,2.1857142,2.8857143,8.142858,18.5,0.0,0.0,-7.345365000000001e-25,0.0,0.0,True
2017-08-21,0.7125714285714285,29.5,17.114286,20.457144,13.957144,80.15714,2.385714,2.2571428,2.5285716,8.442857,18.471428,0.0,0.0,-7.345365000000001e-25,0.0,0.0,True
2017-08-28,0.6565714285714286,0.2,16.885715,20.542858,12.485715,75.98572,2.457143,2.0,2.9428573,8.285714,19.214285,0.0,0.0,-7.345365000000001e-25,0.0,0.0,True
2017-09-04,0.5964285714285714,8.4,16.557142,19.928572,12.6285715,77.72857,2.0571427,1.8285714,2.357143,8.428572,18.285715,0.0,0.0,-7.345365000000001e-25,0.0,0.0,True
2017-09-11,0.693,49.4,15.300001,18.142857,12.328572,81.84286,1.8857143,1.8428571,1.9285715,9.4,16.014286,0.0,0.0,-7.345365000000001e-25,0.0,0.0,True
2017-09-18,0.8115714285714286,22.800001,12.7,15.928572,9.67143,82.44286,1.6285714,1.6285714,1.7714285,10.4,13.385715,0.0,0.0,-7.345365000000001e-25,0.0,0.0,True
2017-09-25,0.7354285714285714,13.9,13.7,17.528572,10.242858,87.6,1.1285714,1.0857142,1.2285715,9.942857,15.071428,0.0,0.0,-7.345365000000001e-25,0.0,0.0,True
2017-10-02,0.699,35.1,14.642858,17.685715,11.914286,89.52857,1.0428572,1.0285714,1.0571429,10.214286,15.014286,0.0,0.0,-7.345365000000001e-25,0.0,0.0,True
2017-10-09,1.0337142857142858,72.5,12.071428,14.028572,9.785714,84.21429,1.4,1.4142857,1.2428571,11.428572,11.5,0.0,0.0,-7.345365000000001e-25,0.0,0.0,True
2017-10-16,0.9634285714285714,4.6,14.857142,17.342857,11.842857,85.78571,0.9714286,0.9714286,1.1285714,10.542857,13.828571,0.0,0.0,-7.345365000000001e-25,0.0,0.0,True
2017-10-23,0.8512857142857142,26.1,12.5,14.757143,10.542857,89.88572,0.68571424,0.67142856,0.7714286,10.257143,12.514286,0.0,0.0,-7.345365000000001e-25,0.0,0.0,True
2017-10-30,0.9197142857142858,12.900001,11.857142,13.6,9.714286,81.35714,1.0285715,1.0285715,1.3142856,10.614285,10.757143,0.0,0.0,-7.345365000000001e-25,0.0,0.0,True
2017-11-06,0.8721428571428572,12.7,9.557143,11.542857,6.7000003,88.5,0.55714285,0.55714285,0.5714286,10.471429,8.8,0.0,0.0,-7.345365000000001e-25,0.0,0.0,True
2017-11-13,0.8195714285714286,13.7,6.3857145,8.2,4.2000003,86.58572,0.51428574,0.51428574,0.62857145,10.571428,5.4714284,0.0,0.0,-7.345365000000001e-25,0.0,0.0,True
2017-11-20,0.8828571428571428,27.6,7.4,8.814286,5.214286,87.457146,0.5857143,0.5857143,0.67142856,10.771428,5.8714285,0.0,0.0,-7.345365000000001e-25,0.0,0.0,True
2017-11-27,0.998,42.9,6.642857,8.8714285,4.585715,88.42857,0.58571434,0.58571434,0.61428577,11.071428,5.5857143,0.0,0.0,-7.345365000000001e-25,0.0,0.0,True
2017-12-04,1.1142857142857143,24.9,3.6571429,5.3857145,1.7285715,91.65715,0.34285715,0.34285715,0.35714287,10.957143,2.8714285,0.0,0.0,3.1567753e-05,0.0,0.0,True
2017-12-11,1.1588571428571428,51.6,4.0571427,5.6285715,2.4714286,87.97143,0.5,0.5,0.61428577,10.971429,3.5142858,0.0,0.0,0.0010110764,0.0,0.0,True
2017-12-18,1.1987142857142856,19.8,2.6000001,4.0857143,1.3857144,90.314285,0.3,0.3,0.29999998,11.1285715,1.4285715,0.0,0.0,0.0031559523,0.0,0.0,True
2017-12-25,0.988,3.3000002,6.428571,7.414286,4.7571425,95.87144,0.22857143,0.22857143,0.2857143,10.414286,5.5142856,0.0,0.0,3.3775967e-05,0.0,0.0,True
2018-01-01,0.9148571428571428,19.1,5.1857147,6.928571,3.1285713,86.91429,0.55,0.55,0.5428571,10.516666,3.9,0.0,0.0,1.4901161e-05,0.0,0.0,True
2018-01-08,1.103142857142857,43.8,3.7142856,5.142857,2.0285716,86.40001,0.5285714,0.5285714,0.4714286,11.4,3.3857143,0.0,0.0,4.3710074e-07,0.0,0.0,True
2018-01-15,0.933,7.7,1.8428572,3.1571429,0.08571429,85.5,0.31428573,0.31428573,0.55714285,10.4,0.7285714,0.0,0.0,2.997262e-06,0.0,0.0,True
2018-01-22,1.0685714285714287,34.5,1.7857143,3.0285716,0.3857143,94.042854,0.3285714,0.3285714,0.27142859,11.028571,1.0428572,0.0,0.0,0.0054400647,0.0,0.0,True
2018-01-29,1.0375714285714286,36.9,6.8714285,8.900001,4.542857,90.88572,0.57142866,0.57142866,0.5142857,10.685715,5.5571427,0.0,0.0,0.00070886954,0.0,0.0,True
2018-02-05,1.1188571428571428,9.8,2.2857144,3.8142858,0.4571429,86.77143,0.47142857,0.47142857,0.5714286,10.857142,2.2857144,0.0,0.0,0.00053558464,0.0,0.0,True
2018-02-12,0.8772857142857143,6.3999996,-0.6714286,2.0428574,-3.457143,80.057144,0.4714286,0.4714286,0.44285718,10.314285,-0.028571429,0.0,0.0,0.0018115101,0.0,0.0,True
2018-02-19,0.7631428571428572,1.6,1.8142859,5.1142855,-0.7428571,80.557144,0.6428572,0.6285715,0.59999996,10.171429,1.4571428,0.0,0.0,0.0016137873,0.0,0.0,True
2018-02-26,0.6821428571428572,0.2,-0.78571427,0.9714286,-2.8,76.42857,0.44285712,0.42857143,0.82857144,9.942857,0.5857143,0.0,0.0,0.0006830863,0.0,0.0,True
2018-03-05,0.6468571428571429,3.0,-3.7857144,-0.71428573,-6.871429,66.0,0.21428572,0.21428572,1.0285714,9.928572,-1.5857143,0.0,0.0,0.0011023794,0.0,0.0,True
2018-03-12,0.6205714285714287,13.7,4.8142858,8.442858,1.8428572,90.88572,0.7714286,0.7571429,0.61428577,10.114285,3.6571429,0.0,0.0,8.919693e-05,0.0,0.0,True
2018-03-19,0.6015714285714286,1.1,0.8285714,2.6857145,-1.2285715,69.5,0.7285714,0.68571424,1.2285715,10.028571,2.1285715,0.0,0.0,0.00014671826,0.0,0.0,True
2018-03-26,0.5781428571428571,4.7,3.7428572,6.571429,0.9142858,88.4,0.8285714,0.7428571,0.7714286,9.714286,4.4142857,0.0,0.0,8.749962e-05,0.0,0.0,True
2018-04-02,0.6557142857142857,22.7,3.0714285,5.728572,0.32857147,82.9,1.1142858,1.0857142,1.0428572,10.085714,4.285714,0.0,0.0,0.0020982765,0.0,0.0,True
2018-04-09,0.737,6.6000004,10.228571,15.328572,5.571429,74.37144,2.2428572,2.0285714,1.9428571,9.985714,10.5,0.0,0.0,2.6504198e-05,0.0,0.0,True
2018-04-16,0.7065714285714285,20.7,8.7,12.385715,5.942857,89.17143,1.557143,1.3857143,1.2571429,9.671429,10.642858,0.0,0.0,-7.345365000000001e-25,0.0,0.0,True
2018-04-23,0.7051428571428572,2.4,13.828572,19.214285,7.871429,72.14286,3.3857143,2.7857144,3.1,9.171429,16.0,0.0,0.0,-7.345365000000001e-25,0.0,0.0,True
2018-04-30,0.6769999999999999,17.7,10.585714,13.842857,7.6857147,80.971436,1.9714285,1.8714286,1.8571428,9.057143,12.057143,0.0,0.0,-7.345365000000001e-25,0.0,0.0,True
2018-05-07,0.6794285714285715,7.3,11.942858,16.071428,6.6857147,68.08572,3.5285714,2.8428571,3.2285714,8.785714,14.242857,0.0,0.0,-7.345365000000001e-25,0.0,0.0,True
2018-05-14,0.6301428571428571,0.0,17.157145,22.828571,12.428572,66.78571,4.2428575,2.8142858,4.0571427,7.5571427,19.1,0.0,0.0,-7.345365000000001e-25,0.0,0.0,True
2018-05-21,0.5702857142857143,0.0,14.514287,17.814287,10.957144,69.82857,3.6142857,1.6000001,3.3857143,6.757143,17.9,0.0,0.0,-7.345365000000001e-25,0.0,0.0,True
2018-05-28,0.5261428571428571,1.0,19.057144,24.285715,14.400001,62.27143,5.3571434,1.5285714,5.1,6.0571427,21.471428,0.0,0.0,-7.345365000000001e-25,0.0,0.0,True
2018-06-04,0.4967142857142857,0.90000004,20.042858,24.142857,16.814287,77.02857,3.7714286,1.3857143,3.7857144,5.957143,23.0,0.0,0.0,-7.345365000000001e-25,0.0,0.0,True
2018-06-11,0.4798571428571428,13.700001,19.085714,22.800001,15.471429,67.71429,4.4857144,1.2714285,4.5285716,5.6571426,22.62857,0.0,0.0,-7.345365000000001e-25,0.0,0.0,True
2018-06-18,0.4551428571428571,6.5,16.257143,19.728573,13.2,71.78571,3.2857146,1.2142857,3.457143,5.542857,19.028572,0.0,0.0,-7.345365000000001e-25,0.0,0.0,True
2018-06-25,0.4354285714285714,8.2,14.842857,17.785715,12.071428,79.557144,2.8999999,1.7142856,2.8142858,5.8,16.685715,0.0,0.0,-7.345365000000001e-25,0.0,0.0,True
2018-07-02,0.3977142857142857,0.0,17.685715,21.600002,13.971429,68.04286,4.842857,1.6285714,4.857143,5.3428574,21.557142,0.0,0.0,-7.345365000000001e-25,0.0,0.0,True
2018-07-09,0.3518571428571428,2.3,16.428572,18.985716,13.828572,74.47143,3.7285714,0.5285714,3.9142857,4.928571,20.785715,0.0,0.0,-7.345365000000001e-25,0.0,0.0,True
2018-07-16,0.3498571428571428,0.6,17.914288,21.042858,14.857142,74.07143,3.7428572,0.95714283,3.8285713,4.9428573,21.042856,0.0,0.0,-7.345365000000001e-25,0.0,0.0,True
2018-07-23,0.2958571428571428,0.3,19.942858,23.642857,15.900001,69.21429,4.542857,0.75714284,4.7,4.614286,23.971428,0.0,0.0,-7.345365000000001e-25,0.0,0.0,True
2018-07-30,0.2347142857142857,2.2,24.185715,29.27143,19.042858,64.07143,5.3428574,1.4142857,5.3285713,4.614286,26.22857,0.0,0.0,-7.345365000000001e-25,0.0,0.0,True
2018-08-06,0.1821428571428571,0.3,21.7,25.4,17.014286,68.74286,4.414285,1.0142857,4.642857,4.357143,25.7,0.0,0.0,-7.345365000000001e-25,0.0,0.0,True
2018-08-13,0.2347142857142857,45.2,19.957142,24.928572,15.414286,68.35714,3.4714284,1.8285714,3.5857143,4.757143,21.285715,0.0,0.0,-7.345365000000001e-25,0.0,0.0,True
2018-08-20,0.3375714285714286,9.7,19.057144,22.728573,15.814286,77.74286,2.7142856,1.9428571,2.9142857,4.9714284,20.757143,0.0,0.0,-7.345365000000001e-25,0.0,0.0,True
2018-08-27,0.3448571428571428,22.4,17.042858,20.814287,13.285714,73.97143,2.7857144,1.8714286,2.7,4.742857,18.842857,0.0,0.0,-7.345365000000001e-25,0.0,0.0,True
2018-09-03,0.3905714285714285,5.8999996,17.585714,20.428572,14.271429,75.48572,2.3571427,1.6714286,2.9285715,4.9857144,18.514286,0.0,0.0,-7.345365000000001e-25,0.0,0.0,True
2018-09-10,0.4032857142857143,22.4,17.128572,20.9,13.714286,78.057144,2.1857142,1.5857142,2.4285715,4.9428573,18.571428,0.0,0.0,-7.345365000000001e-25,0.0,0.0,True
2018-09-17,0.4435714285714285,10.2,15.471429,18.828571,12.214286,76.6,1.8285714,1.2,2.0857143,5.1,16.314285,0.0,0.0,-7.345365000000001e-25,0.0,0.0,True
2018-09-24,0.4394285714285714,30.3,15.514287,19.84286,11.742858,71.52857,2.2142859,1.4714285,2.5571427,5.0857143,15.342857,0.0,0.0,-7.345365000000001e-25,0.0,0.0,True
2018-10-01,0.48,15.0,12.3714285,15.285714,8.8714285,74.68572,1.3714286,1.0857143,1.8285714,5.3,12.742857,0.0,0.0,-7.345365000000001e-25,0.0,0.0,True
2018-10-08,0.5131428571428571,7.3,12.028572,15.614286,8.185715,79.328575,1.2857143,1.1285715,1.3857143,5.457143,12.171429,0.0,0.0,-7.345365000000001e-25,0.0,0.0,True
2018-10-15,0.472,0.0,16.514286,21.457144,11.857142,69.700005,1.5,0.9857143,1.8285714,5.0857143,15.1285715,0.0,0.0,-7.345365000000001e-25,0.0,0.0,True
2018-10-22,0.429,2.1,12.7,15.657143,9.6285715,80.77143,0.8714286,0.5714286,1.0714285,4.742857,13.357142,0.0,0.0,-7.345365000000001e-25,0.0,0.0,True
2018-10-29,0.4828571428571428,22.8,9.0,10.614286,6.714286,80.942856,0.94285715,0.90000004,1.0857142,5.357143,8.442857,0.0,0.0,-7.345365000000001e-25,0.0,0.0,True
2018-11-05,0.4807142857142857,4.6,8.014285,10.428572,5.0428576,87.04286,0.59999996,0.55714285,0.5857143,5.857143,7.4428573,0.0,0.0,-7.345365000000001e-25,0.0,0.0,True
2018-11-12,0.4785714285714286,13.200001,10.057143,12.3714285,6.785714,89.82857,0.51428574,0.47142857,0.44285712,5.957143,9.314285,0.0,0.0,-7.345365000000001e-25,0.0,0.0,True
2018-11-19,0.4862857142857142,0.1,5.8142858,8.114285,3.6571429,87.9,0.3857143,0.32857147,0.5,6.2714286,5.742857,0.0,0.0,-7.345365000000001e-25,0.0,0.0,True
2018-11-26,0.4722857142857143,0.0,2.914286,4.0,1.6857144,85.3,0.31428576,0.27142859,0.67142856,6.2,2.8142858,0.0,0.0,1.7711094e-06,0.0,0.0,True
2018-12-03,0.4847142857142857,21.2,6.1,7.828572,3.7142856,86.700005,0.4714286,0.42857146,0.4857143,6.5857143,5.0,0.0,0.0,1.3056256e-06,0.0,0.0,True
2018-12-10,0.5848571428571429,29.7,6.8857145,8.385715,4.214286,85.557144,0.74285716,0.74285716,0.6999999,7.8285713,5.6571426,0.0,0.0,-7.345365000000001e-25,0.0,0.0,True
2018-12-17,0.6091428571428572,2.2,2.3,3.5142858,0.88571435,83.91429,0.21428573,0.21428573,0.55714285,8.585714,1.5428572,0.0,0.0,0.00018499579,0.0,0.0,True
2018-12-24,0.6288571428571429,26.8,5.514286,7.042857,3.5714285,91.78571,0.27142859,0.27142859,0.37142858,9.271428,4.242857,0.0,0.0,5.595457e-05,0.0,0.0,True
2018-12-31,0.6595714285714286,4.4,6.8428574,7.7571435,5.614286,93.700005,0.24285714,0.24285714,0.3857143,9.742857,5.8142858,0.0,0.0,-7.345365000000001e-25,0.0,0.0,True
2019-01-07,0.6142857142857142,8.8,5.5285716,6.7714286,3.2714286,87.17143,0.5142857,0.5142857,0.54285717,9.771428,4.3285713,0.0,0.0,-7.345365000000001e-25,0.0,0.0,True
2019-01-14,0.6645714285714286,14.0,4.8857145,6.014286,2.757143,83.557144,0.78571427,0.78571427,0.7571429,10.242857,3.9285715,0.0,0.0,1.4816012e-06,0.0,0.0,True
2019-01-21,0.6912857142857142,7.2999997,2.1142857,4.2285714,-0.42857143,87.72858,0.37142855,0.37142855,0.3285714,10.357142,2.2,0.0,0.0,0.00032189346,0.0,0.0,True
2019-01-28,0.6607142857142857,17.7,-0.24285719,1.6428572,-2.3857143,85.5,0.15714286,0.15714286,0.35714287,10.3714285,-0.2857143,0.0,0.0,0.0006926741,0.0,0.0,True
2019-02-04,0.7007142857142857,2.2,0.77142864,2.2857144,-0.9142857,86.700005,0.37142855,0.35714287,0.4714286,10.357142,0.32857144,0.0,0.0,0.00164095,0.0,0.0,True
2019-02-11,0.7474285714285714,33.2,5.4857144,6.957143,3.8428574,86.25715,0.85714287,0.85714287,0.7714286,10.8,4.2285714,0.0,0.0,0.00018300896,0.0,0.0,True
2019-02-18,0.7927142857142858,1.3,7.5428576,11.285714,3.8857143,73.6,0.9428572,0.88571435,0.94285715,10.385715,5.5571427,0.0,0.0,9.593509e-07,0.0,0.0,True
2019-02-25,0.67,1.2,5.642857,9.242858,2.4714286,80.42857,0.8571428,0.74285716,0.82857144,9.9,5.5,0.0,0.0,-7.345365000000001e-25,0.0,0.0,True
2019-03-04,0.6341428571428571,15.200001,6.828572,10.099999,4.0285716,78.12858,1.1428572,1.0,1.1714286,9.714286,6.242857,0.0,0.0,-7.345365000000001e-25,0.0,0.0,True
2019-03-11,0.7261428571428572,26.6,6.357143,8.557143,3.6714287,81.67143,1.4,1.3857144,1.1142857,10.614285,5.757143,0.0,0.0,1.4305115e-06,0.0,0.0,True
2019-03-18,0.8694285714285714,34.0,6.428571,8.657144,4.2428575,82.457146,1.4999999,1.4999999,1.2142857,11.285714,5.6,0.0,0.0,6.18753e-07,0.0,0.0,True
2019-03-25,0.8190000000000001,5.3,7.3857145,10.357142,4.4428573,84.32857,1.1857144,1.1285715,1.1714286,10.385715,7.6571426,0.0,0.0,-7.345365000000001e-25,0.0,0.0,True
2019-04-01,0.7202857142857143,2.3000002,7.6,10.771429,4.3857145,79.78571,1.557143,1.3999999,1.6,9.985714,8.685715,0.0,0.0,-7.345365000000001e-25,0.0,0.0,True
2019-04-08,0.7105714285714286,15.599999,9.400001,13.557143,5.857143,79.27143,1.8428571,1.6571429,1.7285715,9.7,10.414286,0.0,0.0,-7.345365000000001e-25,0.0,0.0,True
2019-04-15,0.627,1.6999999,5.0,7.928571,1.9428571,69.457146,1.9142857,1.5571429,2.0571427,9.028571,7.5857143,0.0,0.0,1.68596e-06,0.0,0.0,True
2019-04-22,0.5747142857142856,0.0,11.442858,17.185715,5.9428573,59.528572,3.8999999,2.7857144,3.4428573,8.0,12.785714,0.0,0.0,-7.345365000000001e-25,0.0,0.0,True
2019-04-29,0.554,10.9,12.514285,16.1,9.157143,75.97143,2.7857144,1.9000002,2.5,7.0571427,13.957143,0.0,0.0,-7.345365000000001e-25,0.0,0.0,True
2019-05-06,0.5322857142857143,4.4,7.8,10.142858,4.857143,76.22858,2.057143,1.4857143,2.0428572,6.757143,9.957143,0.0,0.0,-7.345365000000001e-25,0.0,0.0,True
2019-05-13,0.5108571428571429,11.900001,9.571428,12.614286,6.042857,71.87143,2.7571428,1.8999999,2.8428571,6.5857143,11.957143,0.0,0.0,-7.345365000000001e-25,0.0,0.0,True
2019-05-20,0.4984285714285714,1.0,13.042857,17.257143,9.3714285,74.65715,2.9714284,1.0857142,2.9428573,6.071429,15.414286,0.0,0.0,-7.345365000000001e-25,0.0,0.0,True
2019-05-27,0.4845714285714285,11.5,12.985715,16.257143,9.428572,79.314285,2.7142856,1.3571428,2.5142858,6.3714285,15.514286,0.0,0.0,-7.345365000000001e-25,0.0,0.0,True
2019-06-03,0.4672857142857142,3.1,15.714287,19.842855,11.485715,71.15714,3.4142857,1.7571429,3.6857142,6.1857142,18.057142,0.0,0.0,-7.345365000000001e-25,0.0,0.0,True
2019-06-10,0.455,19.5,16.7,20.042858,12.842857,74.07143,3.6285713,1.8428571,3.5857143,5.8285713,19.6,0.0,0.0,-7.345365000000001e-25,0.0,0.0,True
2019-06-17,0.491,15.9,17.6,22.17143,13.271429,77.62858,3.4285715,2.7142856,3.3714287,6.4714284,19.72857,0.0,0.0,-7.345365000000001e-25,0.0,0.0,True
2019-06-24,0.4679999999999999,9.1,18.942858,23.628572,14.728572,71.78571,4.642857,2.8,4.5142856,5.957143,22.257143,0.0,0.0,-7.345365000000001e-25,0.0,0.0,True
2019-07-01,0.429,0.1,19.0,24.457144,14.67143,72.27143,4.5999994,1.1428572,4.5571427,5.1857142,23.1,0.0,0.0,-7.345365000000001e-25,0.0,0.0,True
2019-07-08,0.3942857142857143,5.9,15.014285,17.714287,12.885715,71.12858,3.0571427,0.95714283,3.457143,4.928571,17.5,0.0,0.0,-7.345365000000001e-25,0.0,0.0,True
2019-07-15,0.3834285714285714,5.6,15.371429,17.814287,13.285714,80.02857,2.3,1.1571429,2.3857143,5.1714287,17.414286,0.0,0.0,-7.345365000000001e-25,0.0,0.0,True
2019-07-22,0.371,7.5,17.628572,21.328571,14.114286,77.457146,3.142857,1.642857,3.3,5.071429,20.22857,0.0,0.0,-7.345365000000001e-25,0.0,0.0,True
2019-07-29,0.3388571428571428,4.5,23.114286,28.428572,18.7,70.22857,5.1285715,1.4428574,5.1714287,4.6571426,25.528572,0.0,0.0,-7.345365000000001e-25,0.0,0.0,True
2019-08-05,0.3638571428571429,13.799999,19.457144,22.757143,15.642858,75.25715,3.057143,1.4571428,3.3714287,4.885714,22.328571,0.0,0.0,-7.345365000000001e-25,0.0,0.0,True
2019-08-12,0.4404285714285714,35.5,18.828571,22.414288,15.557143,75.02857,3.2,2.0285714,3.3999999,4.9714284,20.442858,0.0,0.0,-7.345365000000001e-25,0.0,0.0,True
2019-08-19,0.4755714285714285,26.7,16.571428,20.085714,13.685715,81.6,2.3714287,2.0714285,2.3999999,5.785714,17.757143,0.0,0.0,-7.345365000000001e-25,0.0,0.0,True
2019-08-26,0.4735714285714286,6.9,19.242859,24.67143,14.785714,73.88572,3.2714286,2.3428571,3.4857142,5.6571426,20.971428,0.0,0.0,-7.345365000000001e-25,0.0,0.0,True
2019-09-02,0.4257142857142857,35.9,20.1,24.671429,15.542857,74.08572,2.9857142,2.2,3.2428572,5.2,22.142857,0.0,0.0,-7.345365000000001e-25,0.0,0.0,True
2019-09-09,0.4657142857142857,14.4,14.985715,18.1,11.857142,80.34286,1.8999999,1.7428571,2.1285713,6.071429,15.9,0.0,0.0,-7.345365000000001e-25,0.0,0.0,True
2019-09-16,0.4308571428571429,9.0,15.285714,18.014286,12.228572,76.17143,1.8000001,1.4857142,2.3428571,6.3142858,15.8,0.0,0.0,-7.345365000000001e-25,0.0,0.0,True
2019-09-23,0.3897142857142857,3.6,14.17143,16.97143,10.900001,74.25715,1.7142857,1.3428571,2.2714286,5.9714284,14.528571,0.0,0.0,-7.345365000000001e-25,0.0,0.0,True
2019-09-30,0.4501428571428571,56.800003,14.771429,17.428572,12.371429,89.0,1.3285713,1.2571428,1.1999999,7.0285716,15.3,0.0,0.0,-7.345365000000001e-25,0.0,0.0,True
2019-10-07,0.6852857142857143,26.1,9.614286,12.014285,6.7714286,81.6,0.9714286,0.9571429,1.3142856,9.885715,10.242857,0.0,0.0,-7.345365000000001e-25,0.0,0.0,True
2019-10-14,0.6821428571428572,25.1,12.757143,15.328572,10.442857,88.65715,1.1285714,1.1428572,0.94285715,10.485714,12.342857,0.0,0.0,-7.345365000000001e-25,0.0,0.0,True
2019-10-21,0.8765714285714286,49.399998,12.728572,15.300001,10.585715,89.77143,0.8285714,0.8285714,0.7571429,11.3714285,12.742857,0.0,0.0,-7.345365000000001e-25,0.0,0.0,True
2019-10-28,0.8038571428571428,11.1,12.5,14.642858,10.2,83.471436,0.9,0.9,1.0714285,10.571428,11.614285,0.0,0.0,-7.345365000000001e-25,0.0,0.0,True
2019-11-04,0.7465714285714286,11.7,7.142857,9.914286,4.142857,85.78571,0.5428571,0.5428571,0.51428574,10.6,6.714286,0.0,0.0,-7.345365000000001e-25,0.0,0.0,True
2019-11-11,0.7968571428571429,14.3,5.7428575,8.0,2.8285716,91.557144,0.31428573,0.31428573,0.3285714,10.985714,6.042857,0.0,0.0,-7.345365000000001e-25,0.0,0.0,True
2019-11-18,0.7458571428571429,30.7,5.1142855,6.857143,2.6285717,90.92857,0.34285715,0.34285715,0.45714286,10.771428,4.614286,0.0,0.0,6.244296e-07,0.0,0.0,True
2019-11-25,0.8542857142857143,2.6000001,5.3428574,6.8,3.3285716,93.51429,0.29999998,0.29999998,0.37142858,10.957143,5.285714,0.0,0.0,-7.345365000000001e-25,0.0,0.0,True
2019-12-02,0.8037142857142857,20.4,6.085715,7.9000006,4.2000003,90.328575,0.42857143,0.42857143,0.3857143,10.642858,4.742857,0.0,0.0,-7.345365000000001e-25,0.0,0.0,True
2019-12-09,0.8708571428571429,17.3,6.3,7.5428576,4.414286,90.37144,0.5714286,0.5714286,0.45714283,10.6285715,5.285714,0.0,0.0,-7.345365000000001e-25,0.0,0.0,True
2019-12-16,0.8652857142857143,11.5,4.957143,6.214286,2.9714286,85.17143,0.54285717,0.54285717,0.5,10.642858,3.6714287,0.0,0.0,1.8386614e-05,0.0,0.0,True
2019-12-23,0.8377142857142857,8.799999,7.2999997,9.6285715,4.8857145,86.91429,0.44285712,0.44285712,0.3857143,10.557143,5.757143,0.0,0.0,7.379623e-08,0.0,0.0,True
2019-12-30,0.8087142857142856,10.400001,3.8285713,5.5,1.7285715,84.4,0.29999998,0.29999998,0.55714285,10.528571,3.0428572,0.0,0.0,2.8383164e-07,0.0,0.0,True
2020-01-06,0.7815714285714286,13.599999,4.285714,6.4714284,2.1857142,91.11428,0.3,0.3,0.42857143,10.3,3.9,0.0,0.0,2.8627259e-05,0.0,0.0,True
2020-01-13,0.8190000000000001,20.0,6.914286,8.957143,4.571429,90.12858,0.44285718,0.44285718,0.45714286,10.7,5.714286,0.0,0.0,-7.345365000000001e-25,0.0,0.0,True
2020-01-20,0.8848571428571429,7.7,7.0285716,8.928572,4.8142858,86.185715,0.6857143,0.6857143,0.5714286,10.657143,5.5142856,0.0,0.0,-7.345365000000001e-25,0.0,0.0,True
2020-01-27,0.801,6.0,4.2714286,5.7000003,2.5714285,95.02857,0.25714287,0.25714287,0.27142859,10.3,3.942857,0.0,0.0,-7.345365000000001e-25,0.0,0.0,True
2020-02-03,1.018142857142857,56.2,6.871429,8.457143,4.714286,89.91429,0.78571427,0.78571427,0.61428577,11.0,6.0142856,0.0,0.0,3.4184683e-05,0.0,0.0,True
2020-02-10,0.9544285714285714,17.7,6.014286,8.228572,3.1000001,80.957146,0.9857143,0.9857143,0.87142855,10.6,4.7,0.0,0.0,-7.345365000000001e-25,0.0,0.0,True
2020-02-17,1.1442857142857144,57.7,6.114286,8.1285715,3.7142856,83.01428,1.2142857,1.2142857,0.9285714,11.228572,5.0,0.0,0.0,6.0711587e-05,0.0,0.0,True
2020-02-24,1.1649999999999998,61.3,6.1857147,8.157143,3.3,85.71429,1.1714286,1.1714286,0.82857144,11.242857,5.3714285,0.0,0.0,4.523141e-05,0.0,0.0,True
2020-03-02,1.256,33.4,5.2285714,8.385715,2.142857,82.02857,1.1285715,1.1285715,0.9142857,11.142858,4.614286,0.0,0.0,0.0003113179,0.0,0.0,True
2020-03-09,1.0551428571428572,11.1,5.8857145,7.928571,3.6714287,86.5,0.9571429,0.9571429,0.87142855,10.571428,5.6,0.0,0.0,4.4788635e-06,0.0,0.0,True
2020-03-16,0.9705714285714284,14.3,7.428571,10.342857,3.957143,77.27143,1.5714287,1.5571431,1.4142857,10.557143,7.1571426,0.0,0.0,-7.345365000000001e-25,0.0,0.0,True
2020-03-23,0.8411428571428571,3.6,5.5428576,8.271429,2.3857143,69.34286,1.5714285,1.3285714,1.5857143,9.814285,6.6857142,0.0,0.0,-7.345365000000001e-25,0.0,0.0,True
2020-03-30,0.7414285714285713,3.2,5.157143,8.7,1.3285714,57.18571,2.2,1.7857144,2.1857142,9.042857,6.4714284,0.0,0.0,9.247235e-06,0.0,0.0,True
2020-04-06,0.6735714285714286,0.7,7.8428574,12.285714,3.8285716,66.200005,2.3,1.8142855,2.4142857,8.471429,7.8428574,0.0,0.0,1.4021283e-05,0.0,0.0,True
2020-04-13,0.6162857142857143,0.3,9.057143,12.885715,5.714286,71.042854,2.742857,1.9142857,2.4857142,7.5,12.657143,0.0,0.0,-7.345365000000001e-25,0.0,0.0,True
2020-04-20,0.5745714285714286,0.2,8.528571,11.928572,4.8714285,67.314285,2.9714286,1.2571429,2.857143,6.8,11.385715,0.0,0.0,-7.345365000000001e-25,0.0,0.0,True
2020-04-27,0.5497142857142857,0.0,10.457144,14.971429,6.214286,67.74286,3.242857,0.8571428,2.9428573,6.242857,13.328571,0.0,0.0,-7.345365000000001e-25,0.0,0.0,True
2020-05-04,0.563,26.199999,9.771429,12.542857,7.557143,80.299995,2.2142856,1.5285714,1.9857142,6.457143,12.028571,0.0,0.0,-7.345365000000001e-25,0.0,0.0,True
2020-05-11,0.5357142857142857,0.1,10.757143,14.114286,7.0142856,69.35714,3.285714,1.3285713,3.2857144,6.114286,14.442857,0.0,0.0,-7.345365000000001e-25,0.0,0.0,True
2020-05-18,0.5184285714285715,6.7,9.771429,13.028572,6.857143,72.957146,2.5285714,0.8714285,2.6857142,5.857143,11.728572,0.0,0.0,-7.345365000000001e-25,0.0,0.0,True
2020-05-25,0.5064285714285715,9.0,13.685715,16.114286,10.814286,77.41429,2.9142857,1.2,2.9285715,5.857143,16.157143,0.0,0.0,-7.345365000000001e-25,0.0,0.0,True
2020-06-01,0.4795714285714285,0.0,14.142858,17.87143,10.071428,70.47143,4.142857,0.88571423,4.0571427,5.5857143,18.2,0.0,0.0,-7.345365000000001e-25,0.0,0.0,True
2020-06-08,0.5017142857142857,21.8,14.214286,18.585714,10.67143,73.15714,3.4857142,2.0285716,3.3428571,5.9142857,17.171429,0.0,0.0,-7.345365000000001e-25,0.0,0.0,True
2020-06-15,0.4748571428571428,8.8,16.685715,20.042858,13.614286,79.24286,3.057143,2.142857,3.1714287,5.8714285,18.72857,0.0,0.0,-7.345365000000001e-25,0.0,0.0,True
2020-06-22,0.4454285714285714,0.4,18.228573,22.057144,14.542857,75.25715,4.228572,2.0714285,4.3142858,5.6857142,22.471428,0.0,0.0,-7.345365000000001e-25,0.0,0.0,True
2020-06-29,0.395,3.4,20.385714,24.857143,15.67143,67.9,4.985714,1.8857144,4.914286,5.214286,23.214285,0.0,0.0,-7.345365000000001e-25,0.0,0.0,True
2020-07-06,0.4054285714285714,24.400002,16.214285,19.157145,13.6,81.200005,2.857143,2.3999999,2.642857,5.742857,17.742857,0.0,0.0,-7.345365000000001e-25,0.0,0.0,True
2020-07-13,0.5198571428571429,49.8,14.257143,17.185715,11.2,75.799995,2.9285715,2.6000001,3.2,6.6285715,16.5,0.0,0.0,-7.345365000000001e-25,0.0,0.0,True
2020-07-20,0.5172857142857142,7.2,17.185715,20.27143,13.571428,76.07143,3.1285717,2.5,3.5,6.3285713,20.5,0.0,0.0,-7.345365000000001e-25,0.0,0.0,True
2020-07-27,0.4655714285714286,22.499998,17.257143,20.47143,13.842857,75.471436,2.8857143,2.1571429,3.2571428,5.6571426,19.5,0.0,0.0,-7.345365000000001e-25,0.0,0.0,True
2020-08-03,0.4555714285714285,9.2,17.585714,21.257143,13.900001,74.02857,3.3,2.2857141,3.5714285,5.4428573,20.22857,0.0,0.0,-7.345365000000001e-25,0.0,0.0,True
2020-08-10,0.3964285714285714,0.0,22.2,27.242859,17.2,66.057144,4.5142856,1.4428571,4.6,4.7,23.942858,0.0,0.0,-7.345365000000001e-25,0.0,0.0,True
2020-08-17,0.3441428571428571,0.8,23.27143,28.057144,18.657145,68.571434,4.2285714,0.8142857,4.542857,4.4,25.357143,0.0,0.0,-7.345365000000001e-25,0.0,0.0,True
2020-08-24,0.3207142857142857,38.5,19.742859,23.385715,16.757143,78.57143,2.7857144,1.6285714,2.8999999,5.0,21.7,0.0,0.0,-7.345365000000001e-25,0.0,0.0,True
2020-08-31,0.459,26.3,16.257143,19.300001,12.828572,77.3,2.2142856,2.0571427,2.6000001,6.957143,17.442858,0.0,0.0,-7.345365000000001e-25,0.0,0.0,True
2020-09-07,0.4912857142857142,52.2,15.228572,18.442858,12.085714,78.24286,2.0142856,1.8285714,2.4714284,7.242857,16.585714,0.0,0.0,-7.345365000000001e-25,0.0,0.0,True
2020-09-14,0.5484285714285714,2.6,16.414286,20.128572,12.757143,79.314285,1.6428572,1.442857,2.2,7.2714286,16.671429,0.0,0.0,-7.345365000000001e-25,0.0,0.0,True
2020-09-21,0.468,0.0,15.1285715,20.7,10.885715,75.34286,1.8999999,1.3714286,2.457143,6.6,17.2,0.0,0.0,-7.345365000000001e-25,0.0,0.0,True
2020-09-28,0.4344285714285714,8.2,13.985715,17.242857,10.285714,79.200005,1.3000001,1.0857142,1.6571429,6.3714285,15.1285715,0.0,0.0,-7.345365000000001e-25,0.0,0.0,True
2020-10-05,0.4312857142857143,1.9,13.642858,16.642857,10.642858,81.957146,0.9571429,0.82857144,1.4571428,6.5857143,13.814285,0.0,0.0,-7.345365000000001e-25,0.0,0.0,True
2020-10-12,0.4901428571428571,45.7,11.1285715,14.0,8.571428,85.62858,1.0428572,1.0428572,1.0857142,7.957143,10.957143,0.0,0.0,-7.345365000000001e-25,0.0,0.0,True
2020-10-19,0.5177142857142857,1.9000001,9.357142,11.742858,6.585714,81.21429,0.7714285,0.71428573,1.042857,8.171429,9.571428,0.0,0.0,-7.345365000000001e-25,0.0,0.0,True
2020-10-26,0.5124285714285715,8.9,12.185715,14.771429,10.085714,84.77143,0.7857143,0.7285715,0.9714286,8.271428,11.328571,0.0,0.0,-7.345365000000001e-25,0.0,0.0,True
2020-11-02,0.5827142857142856,30.9,12.328572,14.514287,9.728571,86.557144,0.9142858,0.9142858,0.9142857,8.985714,11.385715,0.0,0.0,-7.345365000000001e-25,0.0,0.0,True
2020-11-09,0.5724285714285714,3.0,8.828572,10.685715,6.6714287,87.51429,0.51428574,0.48571426,0.6,9.142858,8.228572,0.0,0.0,-7.345365000000001e-25,0.0,0.0,True
2020-11-16,0.542,12.6,8.885715,10.685715,6.6,91.01429,0.4,0.4,0.4857143,9.2,8.342857,0.0,0.0,-7.345365000000001e-25,0.0,0.0,True
2020-11-23,0.5519999999999999,18.7,8.571428,10.885715,6.0,84.52857,0.7142858,0.7142858,0.84285706,9.385715,7.5142856,0.0,0.0,-7.345365000000001e-25,0.0,0.0,True
2020-11-30,0.5858571428571429,6.6,4.585715,6.428571,2.3714287,87.75714,0.22857144,0.22857144,0.40000004,9.385715,4.3142858,0.0,0.0,8.5149495e-08,0.0,0.0,True
2020-12-07,0.574,5.1,3.4285715,4.6857142,1.9714286,91.77143,0.24285714,0.24285714,0.45714286,9.571428,3.0714285,0.0,0.0,0.00022248428,0.0,0.0,True
2020-12-14,0.5532857142857143,15.3,3.957143,5.1142855,2.8999999,91.64286,0.18571429,0.18571429,0.41428572,9.557143,3.2142856,0.0,0.0,1.6467911e-05,0.0,0.0,True
2020-12-21,0.676,28.1,7.557143,9.057143,5.7714286,90.057144,0.29999998,0.29999998,0.27142856,10.1,6.242857,0.0,0.0,-7.345365000000001e-25,0.0,0.0,True
2020-12-28,0.8502857142857143,42.9,4.3142858,5.8428574,2.0285714,88.65715,0.37142858,0.37142858,0.45714286,10.8714285,3.7285714,0.0,0.0,1.4049666e-05,0.0,0.0,True
2021-01-04,0.8907142857142858,7.0,3.257143,4.1857142,2.1857142,91.6,0.26666668,0.26666668,0.42857143,10.966666,2.8,0.0,0.0,0.0005801916,0.0,0.0,True
2021-01-11,0.7872857142857143,17.099998,1.7857143,2.957143,0.39999995,92.314285,0.24285714,0.24285714,0.37142855,10.3714285,1.4,0.0,0.0,0.00087945804,0.0,0.0,True
2021-01-18,0.8478571428571428,15.5,1.5142858,3.0428574,-0.3285714,82.98572,0.4142857,0.4142857,0.5285714,10.671429,0.98571426,0.0,0.0,0.00042290348,0.0,0.0,True
2021-01-25,0.9487142857142856,27.7,4.3857145,6.614286,2.4857142,86.14286,0.6571428,0.6571428,0.5857143,11.0,3.4714286,0.0,0.0,0.0002747774,0.0,0.0,True
2021-02-01,0.8314285714285715,3.8,-0.6,1.9428571,-3.0142858,86.0,0.20000002,0.20000002,0.3857143,10.514286,0.64285713,0.0,0.0,0.0070015304,0.0,0.0,True
2021-02-08,0.8145714285714286,7.6,-0.67142856,0.22857144,-1.957143,79.14286,0.15714286,0.15714286,0.9285714,10.542857,-0.071428575,0.0,0.0,0.015107353,0.0,0.0,True
2021-02-15,0.7202857142857143,9.1,-3.257143,-1.0142858,-5.8857145,74.685715,0.114285715,0.114285715,0.62857145,10.314285,-1.3714286,0.0,0.0,0.013098524,0.0,0.0,True
2021-02-22,0.7457142857142857,8.8,7.7714286,11.514287,4.414286,80.21429,0.9714286,0.9285714,0.9714286,10.342857,4.2,0.0,0.0,0.0023773853,0.0,0.0,True
2021-03-01,0.6845714285714285,0.1,7.3428574,10.1285715,4.7000003,85.72858,0.94285715,0.81428576,0.9285714,9.785714,7.1714287,0.0,0.0,-7.345365000000001e-25,0.0,0.0,True
2021-03-08,0.6218571428571428,2.1,3.1000001,6.2000003,-0.114285715,81.14286,0.85714287,0.7428571,0.9714286,9.471429,4.0285716,0.0,0.0,1.0842368e-06,0.0,0.0,True
2021-03-15,0.7795714285714286,50.4,4.9428573,7.1857147,3.0142858,86.200005,1.2285715,1.2142857,0.9857143,10.585714,4.7285714,0.0,0.0,0.00046030112,0.0,0.0,True
2021-03-22,0.8045714285714285,0.7,4.214286,6.2428575,1.6142857,80.52857,1.0285715,0.9714286,1.1999999,10.242857,4.714286,0.0,0.0,7.379623e-08,0.0,0.0,True
2021-03-29,0.6838571428571428,5.2,8.342857,12.0,5.328572,78.42857,1.5142857,1.3714286,1.5714285,9.742857,8.042857,0.0,0.0,-7.345365000000001e-25,0.0,0.0,True
2021-04-05,0.6237142857142857,2.2,7.5428576,10.928572,4.1857142,75.12858,1.7571428,1.4857143,1.8428571,9.285714,8.885715,0.0,0.0,0.000104183244,0.0,0.0,True
2021-04-12,0.5968571428571429,15.200001,4.542857,6.7000003,2.1571429,75.48572,1.5428572,1.5,1.6,9.257143,5.3142858,0.0,0.0,0.00088627567,0.0,0.0,True
2021-04-19,0.5955714285714285,1.6,7.014286,10.428572,3.5428574,73.44286,2.2714286,1.9285716,2.1285713,9.014286,8.985714,0.0,0.0,2.2224018e-05,0.0,0.0,True
2021-04-26,0.565857142857143,0.0,7.3142858,10.1285715,4.4428573,66.37143,2.6142857,1.942857,2.7571428,8.071428,10.742857,0.0,0.0,-7.345365000000001e-25,0.0,0.0,True
2021-05-03,0.5555714285714286,25.3,8.057143,11.457144,4.7285714,74.11428,2.2285714,1.8285713,2.2571428,7.6714287,10.542857,0.0,0.0,-7.345365000000001e-25,0.0,0.0,True
2021-05-10,0.7107142857142856,44.0,10.485715,14.242858,6.7428575,73.11429,2.9571426,2.8142855,2.5142858,8.671429,10.8,0.0,0.0,-7.345365000000001e-25,0.0,0.0,True
2021-05-17,0.7525714285714286,16.6,10.328572,12.7,8.385715,87.78571,1.7142857,1.6428572,1.5428572,9.014286,13.071428,0.0,0.0,-7.345365000000001e-25,0.0,0.0,True
2021-05-24,0.7211428571428572,10.8,11.371429,15.17143,8.714286,75.92857,2.5142858,2.4,2.6714287,8.985714,13.014286,0.0,0.0,-7.345365000000001e-25,0.0,0.0,True
2021-05-31,0.6744285714285715,12.5,11.042857,13.785714,8.542857,83.42857,2.4571426,2.2285714,2.2428572,9.114285,13.842857,0.0,0.0,-7.345365000000001e-25,0.0,0.0,True
2021-06-07,0.6217142857142858,4.4,16.685715,20.014286,13.542857,80.62858,3.1714284,2.6571426,3.1,8.3,19.842857,0.0,0.0,-7.345365000000001e-25,0.0,0.0,True
2021-06-14,0.5622857142857143,0.0,17.028572,20.7,13.271429,72.72857,4.2285714,2.957143,4.5142856,7.3428574,21.571428,0.0,0.0,-7.345365000000001e-25,0.0,0.0,True
2021-06-21,0.5201428571428571,17.3,19.385715,23.47143,14.757143,74.94286,4.3857145,2.3285713,4.3285713,6.542857,22.814285,0.0,0.0,-7.345365000000001e-25,0.0,0.0,True
2021-06-28,0.5128571428571428,0.0,17.085714,20.071428,13.7,72.814285,3.4714284,2.6000001,3.9714284,7.1571426,20.62857,0.0,0.0,-7.345365000000001e-25,0.0,0.0,True
2021-07-05,0.5408571428571428,26.199999,18.228573,21.228573,15.17143,82.65715,2.8285713,2.457143,3.0571427,7.1,21.328571,0.0,0.0,-7.345365000000001e-25,0.0,0.0,True
2021-07-12,0.5131428571428571,11.2,19.528574,23.128572,15.771429,75.328575,3.7,2.7857144,3.9714284,6.7,22.471428,0.0,0.0,-7.345365000000001e-25,0.0,0.0,True
2021-07-19,0.5064285714285715,10.6,20.071428,23.100002,17.84286,80.457146,3.457143,1.9999999,3.5142856,6.285714,23.471428,0.0,0.0,-7.345365000000001e-25,0.0,0.0,True
2021-07-26,0.4325714285714285,9.799999,19.228573,22.642857,16.142857,73.27143,3.1714287,1.6857141,3.7,5.8,21.742857,0.0,0.0,-7.345365000000001e-25,0.0,0.0,True
2021-08-02,0.416,26.8,17.785715,21.17143,15.314286,75.84286,3.1285717,2.5285714,3.4714284,6.257143,19.585714,0.0,0.0,-7.345365000000001e-25,0.0,0.0,True
2021-08-09,0.48,50.0,17.128572,21.057144,13.957144,78.21429,2.8285716,2.5142858,3.1142857,6.6857142,19.485714,0.0,0.0,-7.345365000000001e-25,0.0,0.0,True
2021-08-16,0.5448571428571428,44.800003,18.042858,21.9,14.542857,79.700005,2.8428574,2.4142857,2.9714284,7.0,20.1,0.0,0.0,-7.345365000000001e-25,0.0,0.0,True
2021-08-23,0.6291428571428571,15.4,16.657145,19.4,13.800001,79.84286,2.2,2.0285714,2.642857,7.642857,17.8,0.0,0.0,-7.345365000000001e-25,0.0,0.0,True
2021-08-30,0.5127142857142857,4.4,16.485714,18.87143,14.1285715,81.02857,1.8714285,1.6142856,2.2285714,7.385714,17.72857,0.0,0.0,-7.345365000000001e-25,0.0,0.0,True
2021-09-06,0.4481428571428571,0.0,15.828572,18.414288,12.528572,80.22858,1.9,1.3857143,2.4142857,6.9,18.4,0.0,0.0,-7.345365000000001e-25,0.0,0.0,True
2021-09-13,0.4432857142857142,17.6,18.085714,21.385715,14.828572,81.78571,1.7714285,1.4,2.1,6.7714286,19.542856,0.0,0.0,-7.345365000000001e-25,0.0,0.0,True
2021-09-20,0.4212857142857142,6.8999996,15.271429,17.385715,12.900001,80.91429,1.3285713,1.1285714,1.9285715,7.214286,16.314285,0.0,0.0,-7.345365000000001e-25,0.0,0.0,True
2021-09-27,0.383,10.4,16.371428,19.300001,13.5,82.74286,1.2285715,1.0714285,1.7285715,7.0,16.257143,0.0,0.0,-7.345365000000001e-25,0.0,0.0,True
2021-10-04,0.5398571428571428,57.5,13.914286,17.285715,10.957143,79.957146,1.4,1.3142855,1.6,8.085714,13.942857,0.0,0.0,-7.345365000000001e-25,0.0,0.0,True
2021-10-11,0.5335714285714286,8.2,11.400001,14.585715,7.8714285,82.67143,0.91428566,0.8428572,1.2714285,8.314285,12.285714,0.0,0.0,-7.345365000000001e-25,0.0,0.0,True
2021-10-18,0.5601428571428572,19.8,11.214286,13.142858,8.6285715,80.9,0.9857143,0.9857143,1.2285715,8.885715,10.471429,0.0,0.0,-7.345365000000001e-25,0.0,0.0,True
2021-10-25,0.6814285714285714,39.3,10.785714,13.400001,7.7000003,81.67143,1.0714285,1.057143,1.1285714,10.185715,9.771428,0.0,0.0,-7.345365000000001e-25,0.0,0.0,True
2021-11-01,0.6594285714285714,9.0,12.085714,14.6,9.5,83.07143,0.7428571,0.7285714,0.87142855,10.0,11.014286,0.0,0.0,-7.345365000000001e-25,0.0,0.0,True
2021-11-08,0.6478571428571429,21.7,9.014286,10.814285,7.1714287,87.25715,0.62857145,0.62857145,0.7,10.142858,8.214286,0.0,0.0,-7.345365000000001e-25,0.0,0.0,True
2021-11-15,0.6829999999999999,1.8000001,8.285714,9.471429,6.7714286,89.457146,0.3285714,0.3142857,0.59999996,10.157143,7.9142857,0.0,0.0,-7.345365000000001e-25,0.0,0.0,True
2021-11-22,0.6257142857142857,10.3,8.185714,9.985715,6.057143,88.17143,0.45714283,0.45714283,0.5285714,10.014286,7.3142858,0.0,0.0,-7.345365000000001e-25,0.0,0.0,True
2021-11-29,0.6622857142857143,11.200001,4.957143,6.3142858,3.2285714,88.88572,0.3571429,0.3571429,0.45714286,10.114285,4.3142858,0.0,0.0,1.8551236e-05,0.0,0.0,True
2021-12-06,0.7828571428571429,33.2,3.5142858,5.2714286,1.1142857,88.64286,0.5428572,0.5428572,0.55714285,10.8,3.0,0.0,0.0,0.00094513665,0.0,0.0,True
2021-12-13,0.8111428571428572,8.0,3.9428575,5.457143,2.2428572,91.92857,0.25714287,0.25714287,0.34285715,10.428572,2.9714286,0.0,0.0,0.0008183718,0.0,0.0,True
2021-12-20,0.7345714285714285,1.9,6.914286,8.214286,4.914286,91.92857,0.17142858,0.17142858,0.29999998,10.185715,6.071429,0.0,0.0,3.8601104e-07,0.0,0.0,True
2021-12-27,0.7352857142857143,17.7,-1.5000001,1.6,-4.457143,82.67143,0.071428575,0.071428575,0.34285715,10.514286,-0.32857144,0.0,0.0,0.00040957474,0.0,0.0,True
2022-01-03,0.8472857142857143,45.1,8.071428,9.900001,6.2714286,92.971436,0.22500001,0.22500001,0.4857143,10.675,3.5,0.0,0.0,6.445817e-05,0.0,0.0,True
2022-01-10,0.9361428571428572,15.5,3.642857,5.5,1.5857143,88.17143,0.4714286,0.4714286,0.41428572,10.842857,2.8142858,0.0,0.0,0.00035997233,0.0,0.0,True
2022-01-17,0.801142857142857,1.5,4.7999997,6.1714287,2.914286,91.542854,0.3285714,0.3285714,0.35714287,10.314285,4.042857,0.0,0.0,6.148361e-05,0.0,0.0,True
2022-01-24,0.6978571428571428,3.4,4.8857145,6.1285715,3.3285716,85.94286,0.45714286,0.45714286,0.62857145,10.171429,3.8,0.0,0.0,1.4872778e-06,0.0,0.0,True
2022-01-31,0.6667142857142857,13.1,5.142857,6.6142855,3.6571429,84.35714,0.7428571,0.7428571,0.8142857,10.142858,4.3285713,0.0,0.0,0.00017904668,0.0,0.0,True
2022-02-07,0.753,41.8,5.457143,7.085715,2.8428574,85.85714,0.91428566,0.91428566,0.7428571,10.785714,4.6,0.0,0.0,0.00017238798,0.0,0.0,True
2022-02-14,0.885,6.9,5.5285716,7.5142856,3.114286,80.52857,0.84285706,0.8142857,0.8428572,10.671429,4.714286,0.0,0.0,7.487479e-06,0.0,0.0,True
2022-02-21,0.9958571428571428,79.299995,6.285714,8.6,3.957143,84.88572,1.4142857,1.4142857,0.9285714,11.342857,5.4857144,0.0,0.0,4.8631715e-05,0.0,0.0,True
2022-02-28,1.0457142857142858,13.700001,5.214286,8.1,2.4428573,76.22857,1.1571429,1.1428572,1.1428572,10.928572,4.614286,0.0,0.0,1.2397766e-05,0.0,0.0,True
2022-03-07,0.8395714285714285,0.0,2.1571429,5.1714287,-1.1142857,78.92857,0.88571435,0.77142864,0.8428572,9.971429,3.5,0.0,0.0,1.6564414e-05,0.0,0.0,True
2022-03-14,0.7175714285714285,4.8,5.7428575,10.485715,1.1571429,54.17143,1.9285715,1.5285714,2.0714285,9.385715,5.6571426,0.0,0.0,4.268828e-06,0.0,0.0,True
2022-03-21,0.6348571428571429,3.1,6.657143,10.114286,2.8428571,74.67143,1.5714285,1.2714287,1.4714285,9.057143,7.0857143,0.0,0.0,-7.345365000000001e-25,0.0,0.0,True
2022-03-28,0.5917142857142856,0.2,7.6857147,11.957144,3.6000001,76.185715,1.6142856,1.2142857,1.4714286,8.414286,9.342857,0.0,0.0,-7.345365000000001e-25,0.0,0.0,True
2022-04-04,0.5944285714285714,30.599998,4.0285716,6.3428574,1.7714285,74.4,1.5285714,1.3428571,1.5428572,8.271428,5.257143,0.0,0.0,0.0035914977,0.0,0.0,True
2022-04-11,0.8488571428571429,44.7,6.457143,8.728572,3.9,79.457146,1.9,1.8999999,1.6285714,9.857142,7.042857,0.0,0.0,5.79641e-05,0.0,0.0,True
2022-04-18,0.7408571428571429,0.6,9.771429,13.985715,5.4714284,67.5,2.5285716,2.0714285,2.4714284,9.314285,11.885715,0.0,0.0,-7.345365000000001e-25,0.0,0.0,True
2022-04-25,0.6362857142857142,0.0,10.3,14.6,5.9857144,65.14286,3.0857143,2.3,3.1571429,8.2,13.185715,0.0,0.0,-7.345365000000001e-25,0.0,0.0,True
2022-05-02,0.5528571428571428,0.0,8.557143,11.17143,5.3,72.828575,2.5000002,1.5999998,2.5714285,7.3,12.785714,0.0,0.0,-7.345365000000001e-25,0.0,0.0,True
2022-05-09,0.5041428571428571,0.7,10.67143,14.2,6.3142858,71.25715,2.9285715,1.1285714,2.857143,6.6714287,14.828571,0.0,0.0,-7.345365000000001e-25,0.0,0.0,True
2022-05-16,0.4654285714285714,25.5,14.157144,18.142859,10.099999,73.75714,3.385714,1.8571428,3.3285713,6.4,16.514286,0.0,0.0,-7.345365000000001e-25,0.0,0.0,True
2022-05-23,0.5015714285714286,23.8,15.985715,20.157145,12.142858,77.25715,3.5142856,2.5714283,3.457143,6.6857142,19.157143,0.0,0.0,-7.345365000000001e-25,0.0,0.0,True
2022-05-30,0.5398571428571429,25.9,12.442858,14.957144,9.771429,76.02857,2.842857,2.5,2.7285714,6.857143,14.3714285,0.0,0.0,-7.345365000000001e-25,0.0,0.0,True
2022-06-06,0.5114285714285715,19.8,13.7,17.042858,9.485715,75.114296,3.3,2.3857143,3.2571428,6.571429,17.285715,0.0,0.0,-7.345365000000001e-25,0.0,0.0,True
2022-06-13,0.5465714285714286,15.2,15.371429,18.814287,11.685715,78.37144,3.2428572,2.3999999,3.2285714,6.6,18.028572,0.0,0.0,-7.345365000000001e-25,0.0,0.0,True
2022-06-20,0.4899999999999999,2.0,15.900001,18.5,12.642858,70.67143,3.642857,1.9285715,3.8142858,5.857143,19.842857,0.0,0.0,-7.345365000000001e-25,0.0,0.0,True
2022-06-27,0.4568571428571428,31.4,18.228573,22.485716,14.085715,77.557144,3.914286,1.8142855,3.8142858,5.7285714,22.042856,0.0,0.0,-7.345365000000001e-25,0.0,0.0,True
2022-07-04,0.5008571428571429,10.0,18.714285,22.642857,14.800001,72.15714,4.3142858,3.0142858,4.1285715,5.957143,21.957144,0.0,0.0,-7.345365000000001e-25,0.0,0.0,True
2022-07-11,0.4728571428571428,21.1,16.042858,18.5,14.057143,76.47143,3.114286,2.2571428,3.1714287,5.6571426,18.542856,0.0,0.0,-7.345365000000001e-25,0.0,0.0,True
2022-07-18,0.445,9.8,17.528572,20.985716,14.071428,70.185715,3.7571428,1.8571428,3.9571426,5.114286,20.7,0.0,0.0,-7.345365000000001e-25,0.0,0.0,True
2022-07-25,0.4242857142857142,18.2,20.128572,25.957142,15.300001,70.942856,3.9857142,1.7571429,4.2428575,5.071429,22.028572,0.0,0.0,-7.345365000000001e-25,0.0,0.0,True
2022-08-01,0.4015714285714286,9.0,17.257143,20.528574,14.142858,71.957146,3.1000001,1.5857143,3.457143,4.8142858,20.4,0.0,0.0,-7.345365000000001e-25,0.0,0.0,True
2022-08-08,0.3828571428571429,2.0,18.47143,23.314287,13.971429,73.04286,3.3571432,1.5285715,3.6857142,4.571429,21.4,0.0,0.0,-7.345365000000001e-25,0.0,0.0,True
2022-08-15,0.3558571428571428,1.9,21.757143,26.228573,16.800001,66.200005,4.2000003,0.7285715,4.4142857,4.2714286,24.042856,0.0,0.0,-7.345365000000001e-25,0.0,0.0,True
2022-08-22,0.3317142857142857,6.9,20.057144,23.84286,16.185715,76.5,2.9428573,1.3142856,3.1857142,4.8285713,23.12857,0.0,0.0,-7.345365000000001e-25,0.0,0.0,True
2022-08-29,0.2779999999999999,2.5,20.67143,24.571428,17.2,69.6,3.1285713,0.99999994,4.0571427,4.5142856,22.657143,0.0,0.0,-7.345365000000001e-25,0.0,0.0,True
2022-09-05,0.2431428571428571,0.0,17.914288,22.257143,13.442857,61.77143,3.2285714,0.6571428,4.1857142,4.242857,19.985714,0.0,0.0,-7.345365000000001e-25,0.0,0.0,True
2022-09-12,0.3118571428571428,40.0,16.37143,19.97143,12.814286,81.47143,1.742857,1.1571429,2.0714285,5.2285714,18.27143,0.0,0.0,-7.345365000000001e-25,0.0,0.0,True
2022-09-19,0.4068571428571428,63.6,14.357142,16.542858,11.914286,74.25714,2.0571427,1.957143,2.5,6.257143,14.457143,0.0,0.0,-7.345365000000001e-25,0.0,0.0,True
2022-09-26,0.5387142857142857,30.900002,12.228572,15.17143,8.857142,81.14286,1.2714287,1.1428572,1.4428571,7.3142858,13.257143,0.0,0.0,-7.345365000000001e-25,0.0,0.0,True
2022-10-03,0.6844285714285715,37.100002,11.6285715,14.6285715,8.842857,86.38572,1.1857141,1.1714287,1.2142857,8.985714,11.885715,0.0,0.0,-7.345365000000001e-25,0.0,0.0,True
2022-10-10,0.6481428571428571,5.8,13.142858,16.4,9.928572,76.71429,1.2428572,1.1999999,1.6571428,9.042857,12.914286,0.0,0.0,-7.345365000000001e-25,0.0,0.0,True
2022-10-17,0.5665714285714285,8.200001,12.442857,15.714286,9.585715,86.700005,0.8,0.78571427,0.94285715,9.057143,12.285714,0.0,0.0,-7.345365000000001e-25,0.0,0.0,True
2022-10-24,0.5528571428571428,6.1,12.828572,15.771429,9.5,85.27143,0.7714286,0.74285716,0.9714286,9.171429,12.742857,0.0,0.0,-7.345365000000001e-25,0.0,0.0,True
2022-10-31,0.5234285714285715,0.0,14.271429,17.37143,11.257143,88.85714,0.7,0.62857145,0.7,8.985714,14.314285,0.0,0.0,-7.345365000000001e-25,0.0,0.0,True
2022-11-07,0.5937142857142856,21.6,11.242857,13.357142,8.8,79.77143,0.94285715,0.88571423,1.0,8.928572,10.585714,0.0,0.0,-7.345365000000001e-25,0.0,0.0,True
2022-11-14,0.5992857142857143,2.6,10.342857,12.157143,7.871429,84.4,0.6,0.51428574,0.81428576,9.057143,9.971429,0.0,0.0,-7.345365000000001e-25,0.0,0.0,True
2022-11-21,0.6231428571428571,15.2,3.614286,5.6142855,0.9142857,85.74286,0.41428572,0.4,0.61428577,9.428572,4.1285715,0.0,0.0,4.2052496e-05,0.0,0.0,True
2022-11-28,0.5865714285714285,23.199999,5.428571,7.285714,3.2285714,92.64286,0.3,0.3,0.35714287,9.657143,4.5857143,0.0,0.0,1.4923868e-05,0.0,0.0,True
2022-12-05,0.6915714285714286,7.3999996,3.6000001,4.871429,2.2571428,90.07143,0.22857144,0.22857144,0.5857143,9.971429,3.3428571,0.0,0.0,0.00019569056,0.0,0.0,True
2022-12-12,0.690857142857143,13.700001,0.22857144,1.957143,-1.9285715,87.37144,0.14285715,0.14285715,0.2857143,9.985714,0.9714286,0.0,0.0,0.00024806886,0.0,0.0,True
2022-12-19,0.6227142857142857,14.700001,-2.0,0.58571434,-5.1714287,88.77143,0.10000001,0.10000001,0.27142859,10.1285715,-1.0428572,0.0,0.0,0.0036746832,0.0,0.0,True
2022-12-26,0.7055714285714286,19.1,6.6,8.342857,4.6,94.14286,0.27142859,0.27142859,0.37142855,10.542857,4.4142857,0.0,0.0,7.2127295e-05,0.0,0.0,True
