,GWL,HYRAS_pr,HYRAS_tas,HYRAS_tasmax,HYRAS_tasmin,HYRAS_hurs,DWD_evapo_p,DWD_evapo_r,DWD_evapo_fao,DWD_soil_moist,DWD_soil_temp5cm,ERA5_sro,ERA5_ssro,ERA5_sdwe,ERA5_sm,ERA5_sf,GWL_flag
1991-01-07,259.67,26.0,4.5,7.071429,1.8142856,81.1,0.7428571,0.7285714,0.64285713,10.814285,3.2428572,0.0010569096,0.003529586,0.0010912248,0.0049071833,0.0013172626,True
1991-01-14,259.73,16.8,4.214286,7.085715,1.9857142,79.58572,0.6999999,0.68571424,0.62857145,10.485714,3.1571429,0.0002451241,0.0039871186,7.0288064e-05,0.00020457059,0.0002036281,True
1991-01-21,259.4,2.4,-2.357143,1.8428571,-5.6714287,70.65714,0.25714287,0.22857144,0.12857144,10.171429,-1.1,5.2154064e-05,0.0048869923,0.0005075534,0.0005503986,0.0026734024,True
1991-01-28,259.17,0.0,0.08571428,1.6571429,-1.3428572,86.700005,0.12857144,0.11428572,0.25714284,10.114285,-0.18571429,2.3514032e-05,0.005338371,0.0029267925,0.00090854056,0.0020472743,True
1991-02-04,259.09,0.0,-5.585715,-1.2285715,-9.6285715,71.6,0.042857144,0.042857144,0.35714287,10.028571,-2.6571429,8.6426735e-07,0.005500905,0.0040481943,2.7667731e-05,0.0018464513,True
1991-02-11,259.17,10.8,-7.914286,-4.6857142,-11.414286,82.75715,0.0,0.0,0.3,10.1285715,-3.3428571,2.0861626e-07,0.0055397376,0.007599439,0.0,0.01025787,True
1991-02-18,259.07,19.0,-3.414286,-1.7714285,-5.657143,85.78571,0.042857144,0.042857144,0.42857143,10.428572,-0.08571429,8.389354e-06,0.0055098236,0.019451397,0.00039737858,0.012617748,True
1991-02-25,258.91,4.3,1.8142859,7.057143,-3.2,84.042854,0.7,0.65714276,0.61428577,10.142858,0.5,0.000532873,0.0054342523,0.013071559,0.023368722,9.030104e-06,True
1991-03-04,258.97,0.0,1.3714286,6.0285716,-2.357143,78.1,0.7285714,0.6428572,0.8,9.828571,1.2714286,4.3563545e-05,0.005393639,0.0012239786,0.001843974,0.0003432259,True
1991-03-11,258.99,1.0,6.1714287,11.400001,1.6571429,83.700005,0.81428576,0.71428573,0.90000004,9.542857,5.0571427,2.451241e-05,0.005376987,8.310591e-05,0.0003641881,0.0,True
1991-03-18,258.91,4.9,8.2,15.414286,2.9428573,79.77143,1.2285715,1.0142858,1.2142857,9.185715,8.757143,9.2215836e-05,0.00530196,1.9300552e-07,8.251518e-07,0.0,True
1991-03-25,259.1,49.199997,6.914286,10.17143,4.214286,85.28571,1.0142857,1.0142857,1.0,9.771428,7.714286,0.0033094436,0.0052166656,-7.345365000000001e-25,1.8626451e-09,0.0,True
1991-04-01,259.19,3.6,2.614286,7.371429,-1.3571428,72.85715,1.1857141,1.0142858,1.3714286,9.471429,4.8,0.00010985136,0.005207278,0.00017378444,0.0004100129,0.00048974156,True
1991-04-08,258.89,6.9,7.4857144,13.485715,2.2857144,76.88572,1.7285715,1.5,1.7714287,9.114285,8.842857,8.620322e-05,0.0051706433,5.5744536e-06,6.7822635e-05,0.0,True
1991-04-15,258.97,0.0,9.642858,16.757143,1.8285714,63.04286,2.757143,2.1285717,2.7,8.385715,11.728572,2.373755e-05,0.005051285,-7.345365000000001e-25,2.0489097e-08,0.0,True
1991-04-22,259.03,7.5,1.4428571,6.157143,-2.5285716,75.92857,1.3,1.1571429,1.4857142,7.9142857,6.4714284,0.00012999773,0.004888609,0.0013893446,0.0027768798,0.0043285675,True
1991-04-29,258.8331597596083,4.2000003,5.9428573,11.357142,0.042857137,75.17143,1.6714286,1.2857143,1.8714285,7.714286,8.671429,0.00016272068,0.0047327504,0.0002733469,0.0013843067,3.5133213e-05,True
1991-05-06,258.86,5.3,6.6714287,10.385714,1.9142858,74.25714,1.3285713,1.1285714,1.5571429,7.9142857,8.428572,0.00030293316,0.0045588687,8.1175847e-07,4.5262277e-06,7.0780516e-07,True
1991-05-13,258.89,3.0,9.7,14.428572,3.414286,71.700005,2.0857143,1.6285714,2.2857144,7.5285716,11.514286,0.00012021512,0.0043825656,-7.345365000000001e-25,4.0978193e-08,0.0,True
1991-05-20,258.79,19.9,7.6714287,12.585715,2.2714286,81.057144,2.0285716,1.6571429,2.0714285,7.4142857,10.785714,0.0001591891,0.0042002574,-7.345365000000001e-25,0.0,0.0,True
1991-05-27,258.87,2.3000002,9.385715,13.67143,5.6285715,73.78571,2.3714287,1.6428573,2.642857,6.8142858,12.6285715,6.213784e-05,0.0040116385,-7.345365000000001e-25,3.7252903e-09,0.0,True
1991-06-03,258.71,5.9,12.300001,18.057142,5.228572,68.47143,2.942857,1.5,3.2142856,6.242857,16.171429,3.900379e-05,0.0038009882,-7.345365000000001e-25,0.0,0.0,True
1991-06-10,258.94,13.700001,11.171428,15.457144,6.214286,75.85714,2.3999999,1.4857142,2.542857,6.0857143,14.271428,0.0001449734,0.0035599023,-7.345365000000001e-25,0.0,0.0,True
1991-06-17,259.01,25.3,12.485715,17.2,8.314286,74.15715,2.6857145,1.8714286,2.642857,6.114286,15.0,0.00012457371,0.0033370405,-7.345365000000001e-25,7.450581e-09,0.0,True
1991-06-24,258.94,12.7,14.1,19.228573,9.1,76.84286,2.8999999,2.4142857,3.042857,6.6285715,16.7,0.00036978722,0.0031257868,-7.345365000000001e-25,7.450581e-09,0.0,True
1991-07-01,259.0,38.0,13.857142,18.0,9.5,82.88572,2.6714287,2.3428574,2.4714284,7.257143,16.1,0.002105534,0.0029930398,-7.345365000000001e-25,7.450581e-09,0.0,True
1991-07-08,258.79,0.0,20.942858,26.87143,13.514287,67.28571,4.928571,3.4142857,5.2571425,6.614286,23.657143,4.4479966e-05,0.0027773604,-7.345365000000001e-25,1.4901161e-08,0.0,True
1991-07-15,258.72,22.3,19.242859,25.27143,13.214286,75.457146,3.857143,2.1571429,4.0142856,5.757143,23.557142,0.0016482174,0.0025904998,-7.345365000000001e-25,1.4901161e-08,0.0,True
1991-07-22,258.56,4.2000003,15.357142,19.800001,10.485715,75.22858,2.8714287,1.6285714,3.0571427,5.614286,19.3,4.8078597e-05,0.0024479553,-7.345365000000001e-25,1.1175871e-08,0.0,True
1991-07-29,258.5724680968452,37.7,16.657145,23.2,10.2,76.34286,3.3714287,1.9142857,3.6571429,5.3714285,20.471428,0.00020517409,0.0023105592,-7.345365000000001e-25,1.1175871e-08,0.0,True
1991-08-05,258.51,3.5,19.114286,24.800001,13.814285,76.22858,2.7999997,1.5285714,3.0571427,5.4,21.514286,0.00011564791,0.0021799281,-7.345365000000001e-25,1.8626451e-08,0.0,True
1991-08-12,258.39,21.0,19.214285,25.028574,14.342857,74.98572,3.1857142,2.0714285,3.3,5.357143,22.2,0.00077977777,0.002056256,-7.345365000000001e-25,1.1175871e-08,0.0,True
1991-08-19,258.14,6.8,15.2,21.600002,9.6,73.85714,2.642857,1.5,2.9714284,5.071429,19.12857,8.2954764e-05,0.0019470006,-7.345365000000001e-25,7.450581e-09,0.0,True
1991-08-26,258.26,7.5,16.300001,21.7,10.642858,77.41429,2.4142857,1.2285715,2.642857,4.8142858,18.87143,4.1604042e-05,0.0018487275,-7.345365000000001e-25,0.0,0.0,True
1991-09-02,257.98,0.0,15.185715,22.628572,8.014286,70.07143,2.5571427,0.5857143,3.1000001,4.5,18.72857,6.7204237e-06,0.0017541125,-7.345365000000001e-25,9.313226e-09,0.0,True
1991-09-09,257.92,2.3,14.900001,20.657145,9.528572,74.82857,2.0285714,0.4428571,2.3,4.3142858,17.528572,2.862513e-05,0.0016518235,-7.345365000000001e-25,3.7252903e-09,0.0,True
1991-09-16,257.74,6.3,13.542857,21.52857,5.785714,70.75715,1.942857,0.55714285,2.2,4.3,16.114286,0.000100933015,0.0015672669,-7.345365000000001e-25,1.8626451e-09,0.0,True
1991-09-23,257.59,14.7,12.542857,18.600002,7.971429,76.957146,1.5285714,0.85714287,1.7142857,4.6571426,15.285714,0.00014292449,0.0014907792,-7.345365000000001e-25,5.5879354e-09,0.0,True
1991-09-30,258.0584324157416,6.1,13.471429,17.571428,9.900001,81.65715,1.1285714,0.81428576,1.4285715,5.285714,14.257143,0.00010429323,0.0014271513,-7.345365000000001e-25,5.5879354e-09,0.0,True
1991-10-07,257.66,21.099998,10.685715,15.457144,6.6571426,83.77143,1.0428572,0.8428572,1.1571429,5.714286,11.742857,9.125471e-05,0.0013724864,-7.345365000000001e-25,5.5879354e-09,0.0,True
1991-10-14,258.19,10.3,11.7,17.37143,6.471429,80.94286,0.9571429,0.64285713,1.1428572,5.6285715,12.728572,3.1769276e-05,0.0013209656,-7.345365000000001e-25,7.450581e-09,0.0,True
1991-10-21,257.98,16.3,6.2714286,11.1285715,2.4714284,83.08572,0.95714283,0.8,0.9857143,5.857143,8.142858,0.00010883808,0.0012755543,3.7181944e-06,2.6728958e-06,3.0379742e-05,True
1991-10-28,258.44,2.3,3.4714286,7.957143,-1.3571428,80.22858,0.5285715,0.41428572,0.64285713,5.9428573,4.642857,3.4481287e-05,0.0012376681,5.1941192e-06,2.7764589e-05,0.0,True
1991-11-04,258.19,19.4,3.7428572,8.742857,-1.1857144,78.47143,0.75714284,0.6,0.71428573,5.9857144,3.942857,0.00010794401,0.0012029409,6.1307634e-07,1.3206154e-06,8.419156e-07,True
1991-11-11,258.37,75.7,4.7285714,7.1,2.0714285,89.542854,0.62857145,0.5857143,0.5857143,7.6571426,4.5,0.0007963553,0.0011747703,0.00023698239,0.0020169728,0.0019452125,True
1991-11-18,258.59,5.7,3.5428574,6.0428576,0.95714283,83.61428,0.3857143,0.35714287,0.47142857,8.6285715,3.5142858,0.00014627725,0.0011627898,1.6700655e-05,3.5932288e-05,7.122755e-05,True
1991-11-25,258.47,2.8,1.1285714,3.642857,-1.7857143,88.74286,0.17142858,0.15714286,0.2,8.657143,1.4571428,7.236004e-05,0.0011679754,0.00012372789,0.00014180876,0.00018101186,True
1991-12-02,258.69,1.4,0.057142854,2.7428572,-2.3,93.38572,0.10000001,0.08571429,0.10000001,8.7,0.9,3.5390258e-06,0.0011826083,5.8775855e-05,7.14995e-05,0.00018814951,True
1991-12-09,258.56,4.6,-0.9428572,1.4142858,-3.1000001,88.814285,0.08571429,0.08571429,0.25714287,8.757143,0.2,3.4824014e-05,0.0011988878,0.00093586673,0.00046499074,0.002293881,True
1991-12-16,258.44,0.2,-4.1857142,0.5714286,-8.657143,80.3,0.08571429,0.071428575,0.15714286,8.7,-1.8428571,6.7949295e-06,0.0012144633,0.0018963246,9.369664e-05,8.2328916e-07,True
1991-12-23,258.94,110.899994,2.8142858,5.3,0.3857143,91.18572,0.4714286,0.4714286,0.4714286,10.057143,0.95714283,0.0016887859,0.001356136,0.0032792431,0.014226142,0.012560222,True
1991-12-30,259.01312692773115,34.8,1.6428572,4.1285715,-0.25714284,86.21429,0.35714284,0.35714284,0.37142855,10.471429,1.2857143,0.00036032498,0.0014095753,0.0014330035,0.0028510783,0.0030356273,True
1992-01-06,259.5,53.700005,3.357143,4.9857144,1.0714285,83.5,0.2,0.2,0.5,10.1,0.9,0.00086016953,0.0020858347,0.0010355087,0.0017444994,0.00093367323,True
1992-01-13,258.74,9.900001,1.6857144,4.614286,-1.6285715,84.58572,0.3,0.27142856,0.27142856,10.242857,1.6,0.00013819337,0.0023013055,0.00040218944,0.0001244247,0.0013127588,True
1992-01-20,258.59,20.199999,1.8714286,4.1,0.2857143,85.700005,0.34285715,0.3285714,0.5,10.157143,1.8142858,0.00030212104,0.0029131174,0.0013285761,0.0023074336,0.0053831674,True
1992-01-27,258.54,0.0,-4.657143,-0.4857143,-8.828572,85.88572,0.014285714,0.014285714,0.18571427,10.271428,-1.4285715,1.2777746e-05,0.0033920184,0.004089628,0.0005646851,0.00064462796,True
1992-02-03,258.19,3.7,-1.4285715,0.71428573,-3.9857144,91.87144,0.17142858,0.17142858,0.22857143,10.142858,-0.45714286,6.019324e-05,0.0037590563,0.0035836867,0.0020062365,0.00297644,True
1992-02-10,258.26,14.8,2.857143,5.714286,0.38571432,86.71429,0.49999997,0.49999997,0.5285714,10.185715,1.0571429,0.00028148293,0.003978543,0.0026084583,0.0075506773,0.0028405078,True
1992-02-17,258.51,20.0,3.2714288,5.714286,1.2857143,85.40001,0.61428577,0.5714286,0.59999996,10.314285,3.1,0.00021842867,0.0041781366,0.0011530888,0.00073127076,0.007340722,True
1992-02-24,258.89,9.4,0.7857143,2.6714287,-2.3,87.0,0.37142855,0.37142855,0.55714285,10.285714,1.0571429,0.00021586567,0.00443393,0.006701543,0.007811131,0.0035997033,True
1992-03-02,259.04,2.5,3.9285715,11.014287,-1.1428572,80.185715,0.9285714,0.84285706,0.90000004,9.971429,3.8428571,7.3090196e-05,0.0046665817,0.0007063264,0.0024951324,0.0,True
1992-03-09,258.77,7.1,5.2000003,11.057143,0.08571429,79.78571,1.0714287,0.94285715,1.0142857,9.657143,5.757143,8.891523e-05,0.0048126206,6.868726e-06,3.7671998e-05,0.0,True
1992-03-16,258.94,71.799995,2.8714287,6.6857147,-0.34285715,81.58572,1.1999999,1.1571429,1.0285714,10.457143,3.7714286,0.0009647086,0.0050494596,0.0025925408,0.0029075947,0.010112997,True
1992-03-23,258.8,30.400002,4.5,8.6285715,0.7571429,84.457146,0.9285714,0.9142857,1.0,10.485714,5.1571426,0.0005031824,0.00551375,0.0021338973,0.007676715,0.0026562847,True
1992-03-30,259.1378970450997,25.7,1.6428572,4.8714285,-0.62857145,83.57143,0.82857144,0.81428576,1.0,10.6285715,3.1142857,0.00031318516,0.006333366,0.0055658706,0.009861631,0.0139761865,True
1992-04-06,259.49,8.900001,3.914286,9.228571,-0.6571428,80.52857,1.2285713,1.2142857,1.3285714,10.328571,5.257143,0.00027531385,0.0070068464,0.0008844137,0.0051249675,6.19106e-05,True
1992-04-13,259.44,0.7,7.3142858,14.214286,1.1857144,68.25715,2.2142856,1.8857144,2.2285714,9.6,9.357142,5.1617622e-05,0.0073355883,1.1529241e-05,5.351007e-05,0.0,True
1992-04-20,259.09,23.0,5.228572,8.971429,2.3428571,78.37144,1.7285713,1.5857143,1.5714285,9.471429,6.8142858,0.0003350675,0.0072380602,0.00059468404,0.0026173014,0.0027129017,True
1992-04-27,258.98,7.2,10.114286,15.8714285,3.3285713,72.71429,2.2714283,1.9428571,2.3,9.042857,11.457143,0.00021205097,0.0070436,1.6956103e-05,9.30354e-05,0.0,True
1992-05-04,258.73,5.7,8.2,13.3,2.8285713,77.44286,1.7857143,1.542857,1.9285715,8.9,10.428572,0.00019793212,0.00680349,-7.345365000000001e-25,0.0,0.0,True
1992-05-11,258.86,31.3,9.814285,13.942858,4.5142856,78.24286,2.0857146,1.8428572,2.0142856,8.657143,12.0,0.00028862804,0.00654196,-7.345365000000001e-25,3.7252903e-09,0.0,True
1992-05-18,258.95,0.0,14.471429,20.84286,6.8428574,68.88572,3.4714284,2.642857,3.857143,8.328571,17.142857,5.364418e-06,0.0062271208,-7.345365000000001e-25,3.7252903e-09,0.0,True
1992-05-25,258.8,0.0,18.114286,24.428572,8.257143,58.18572,4.842857,2.6285713,5.057143,6.9714284,20.085714,3.5762787e-07,0.0057529286,-7.345365000000001e-25,3.7252903e-09,0.0,True
1992-06-01,258.74,0.0,17.028572,22.742859,8.328572,59.528572,4.528571,1.1714286,4.8714285,6.071429,19.971428,3.5092235e-06,0.005175516,-7.345365000000001e-25,3.7252903e-09,0.0,True
1992-06-08,258.83,42.5,17.114286,22.242859,12.457144,80.6,3.085714,1.7857143,3.1571429,6.9142857,19.6,0.0034362525,0.004656337,-7.345365000000001e-25,1.1175871e-08,0.0,True
1992-06-15,258.79,18.099998,15.857142,20.485716,10.914286,76.52857,3.1285717,2.0571427,3.3999999,7.1285715,19.22857,0.0001462698,0.004300356,-7.345365000000001e-25,7.450581e-09,0.0,True
1992-06-22,258.91,25.6,17.385715,22.357143,12.385715,73.299995,3.2142856,2.0285714,3.8714287,6.857143,19.828571,0.00019401312,0.0039662123,-7.345365000000001e-25,7.450581e-09,0.0,True
1992-06-29,258.8306268009162,0.0,18.642857,24.37143,10.971429,61.757145,4.1285715,1.9285713,4.457143,6.428571,21.757143,1.5199184e-06,0.0036315918,-7.345365000000001e-25,0.0,0.0,True
1992-07-06,258.75,22.0,18.014286,22.528574,12.785714,80.07143,3.042857,1.4571428,3.1714287,6.257143,21.314285,0.00044876337,0.0032877848,-7.345365000000001e-25,1.4901161e-08,0.0,True
1992-07-13,258.82,8.4,17.2,22.614286,11.342857,75.15715,3.0571427,2.3285716,3.4428573,7.2,19.971428,0.0001283884,0.0030487478,-7.345365000000001e-25,3.7252903e-09,0.0,True
1992-07-20,258.74,14.7,17.97143,23.457144,12.185715,77.65715,3.442857,2.6000001,3.5714285,7.0142856,20.757143,0.00013820082,0.0028405637,-7.345365000000001e-25,1.1175871e-08,0.0,True
1992-07-27,258.65,20.3,19.314285,26.071428,13.8,73.700005,3.6285713,2.7142856,3.9285715,6.885714,22.785715,0.00045871735,0.0026216358,-7.345365000000001e-25,1.3038516e-08,0.0,True
1992-08-03,258.43,5.7999997,19.7,26.628572,13.17143,70.11429,3.7714288,2.5285714,4.157143,6.457143,22.314285,3.411621e-05,0.002428472,-7.345365000000001e-25,9.313226e-09,0.0,True
1992-08-10,258.29,4.9,22.028574,29.5,14.442857,64.35714,4.1285715,1.942857,4.5571427,5.785714,23.928572,3.4496188e-06,0.0022271946,-7.345365000000001e-25,1.1175871e-08,0.0,True
1992-08-17,258.4,23.3,15.0,19.857143,11.185715,79.35714,2.3999999,1.5571429,2.4142857,5.8428574,18.171429,0.00022545457,0.0020498857,-7.345365000000001e-25,1.1175871e-08,0.0,True
1992-08-24,258.64,25.4,17.014286,22.557144,11.771429,80.614296,2.2428572,1.7857141,2.5142858,6.3285713,19.414286,0.0015268624,0.0019257739,-7.345365000000001e-25,1.1175871e-08,0.0,True
1992-08-31,258.63503808772987,46.6,18.114286,23.742859,14.242858,82.75715,2.4285715,2.0142858,2.542857,6.4428573,19.914286,0.0014183372,0.0018153116,-7.345365000000001e-25,1.4901161e-08,0.0,False
1992-09-07,258.98,30.7,11.314286,15.757143,7.4857144,85.08571,1.7285715,1.6428572,1.6571429,7.428571,13.171429,0.0003312081,0.0017343238,-7.345365000000001e-25,1.1175871e-08,0.0,True
1992-09-14,259.03,5.7000003,12.714286,18.242857,8.157144,78.5,1.6571428,1.3714286,2.0,6.9714284,15.342857,7.145107e-05,0.0016740784,-7.345365000000001e-25,5.5879354e-09,0.0,True
1992-09-21,258.68,0.0,12.457143,18.028572,7.2285714,81.042854,1.3857143,1.0571429,1.7714285,6.7,14.642858,4.7415495e-05,0.0016232207,-7.345365000000001e-25,5.5879354e-09,0.0,True
1992-09-28,258.38,0.0,13.157143,20.37143,7.5,80.78571,1.3142856,0.9285714,1.7142857,6.3142858,15.385715,1.01700425e-05,0.0015725493,-7.345365000000001e-25,9.313226e-09,0.0,True
1992-10-05,258.7,15.5,11.142858,14.885715,8.442858,83.557144,0.8285714,0.62857145,1.2571429,6.385714,12.5,0.00015549362,0.0015272424,-7.345365000000001e-25,7.450581e-09,0.0,True
1992-10-12,258.6,9.3,7.2714286,10.771429,3.9714286,86.38572,0.61428577,0.50000006,0.8000001,7.1285715,9.157143,0.00010347366,0.0014946535,-7.345365000000001e-25,1.8626451e-09,0.0,True
1992-10-19,258.79,8.1,2.7714288,8.057143,-1.6,80.12858,0.67142856,0.55714285,0.8428572,7.042857,4.7285714,4.1782856e-05,0.0014632642,-7.345365000000001e-25,6.146729e-08,1.1175871e-07,True
1992-10-26,258.88,54.4,3.8285713,7.0428576,1.0142857,91.01429,0.45714286,0.44285718,0.59999996,7.6857142,4.4714284,0.0008109808,0.0014368966,0.0006245432,0.0031675585,0.005833067,True
1992-11-02,259.29,33.1,3.0285716,6.428571,0.08571427,88.1,0.42857143,0.40000004,0.4857143,9.071428,3.5428572,0.00042419136,0.0014459938,0.0006096647,0.0027958136,6.4074993e-07,True
1992-11-09,259.08,8.2,6.5285716,9.057143,3.8857143,87.957146,0.42857146,0.4,0.59999996,9.185715,5.8428574,6.573647e-05,0.0015277043,8.611452e-06,7.196143e-05,0.0,True
1992-11-16,259.49,63.3,4.157143,6.3857145,1.5857143,89.21429,0.5571429,0.5571429,0.5714286,9.942857,3.6,0.00040205568,0.0016345456,0.0009792646,0.002374962,0.0032105073,True
1992-11-23,259.54,65.8,3.3428574,5.857143,1.2571429,88.21429,0.54285717,0.54285717,0.5285714,10.3714285,3.2285714,0.00086129457,0.0018188134,0.0024537018,0.008377483,0.009044135,True
1992-11-30,259.42309036825185,29.4,4.328572,7.5428576,1.0857143,87.51429,0.5428571,0.5428571,0.4714286,10.6,4.1857142,0.00039431453,0.0023660287,0.00031868616,0.0017790217,0.0,True
1992-12-07,259.49,24.7,3.0714285,6.1285715,-0.14285715,86.78571,0.42857143,0.42857143,0.5142857,10.442857,3.1714287,0.0001944825,0.0031536818,0.0016210703,0.0017704852,0.0073069,True
1992-12-14,259.44,43.8,2.6857142,3.7285714,1.3571428,89.68572,0.25714284,0.25714284,0.40000004,10.571428,1.7857143,0.0013289601,0.003773898,0.0048288675,0.007488435,0.003172323,True
1992-12-21,259.42,12.7,0.5571429,3.6857145,-1.8000001,92.957146,0.12857144,0.12857144,0.114285715,10.528571,1.1142857,0.0002809018,0.0047208145,0.0017985447,0.000979688,0.008068074,True
1992-12-28,259.39,4.3,-2.0142858,0.38571426,-4.157143,91.71429,0.028571429,0.028571429,0.071428575,10.442857,-0.18571429,0.00013592839,0.0057400987,0.0066196807,0.0025074724,0.00064085424,True
1993-01-04,259.18,0.0,-8.471429,-4.357143,-11.885715,83.957146,0.0,0.0,0.028571429,10.3,-2.5,4.9099326e-06,0.006472908,0.00626396,0.00021284074,4.641898e-05,True
1993-01-11,259.07,60.1,3.857143,6.6714287,-0.39999995,83.471436,0.4714286,0.4714286,0.4857143,10.571428,0.44285715,0.0010909513,0.0070623234,0.0020776817,0.0062135477,6.444752e-06,True
1993-01-18,259.44,16.4,6.3857145,10.028572,3.2000003,73.02857,0.87142855,0.85714287,0.81428576,10.757143,3.2428572,0.0014779642,0.009380557,0.00045308613,0.0018612072,0.001856532,True
1993-01-25,259.74,62.0,5.6714287,8.3,2.9285715,79.02857,1.1,1.1,0.9857143,10.471429,4.4857144,0.0011763126,0.011062965,0.00025068579,0.0001185406,0.0034626573,True
1993-02-01,259.21,43.199997,-3.7857144,0.042857137,-6.4428573,82.4,0.15714286,0.15714286,0.3,10.857142,0.31428573,5.826354e-06,0.012557484,0.020865157,0.00013842434,0.027078368,True
1993-02-08,259.0,0.5,-1.0714285,2.7285714,-5.228572,88.1,0.17142858,0.17142858,0.25714287,10.285714,-0.014285714,0.00028517842,0.013002753,0.026476491,0.011532871,4.9345195e-05,True
1993-02-15,259.17,0.1,-1.7285715,0.98571426,-3.4857142,92.12858,0.15714286,0.14285715,0.31428573,10.171429,0.114285715,0.0002585873,0.012754962,0.011722724,0.010878947,0.00014944933,True
1993-02-22,259.38,47.0,0.45714283,2.7714286,-1.6714287,79.72858,0.5142857,0.5142857,0.6571428,10.5,0.54285717,0.00035394728,0.012500539,0.010177101,0.008607192,0.019889478,True
1993-03-01,259.21,1.4,-2.5285716,1.0285715,-6.9000006,74.51429,0.24285714,0.24285714,0.62857145,10.357142,-0.114285715,5.1639974e-05,0.012363084,0.016975794,0.0024009794,0.0014019571,True
1993-03-08,259.1,3.1,-0.8142857,1.8571428,-3.3857143,79.75714,0.4,0.3857143,0.7714286,10.1,0.37142858,0.00029036403,0.0120302215,0.013367618,0.01012937,0.0047098584,True
1993-03-15,258.96,0.8,5.0428576,11.5,-0.34285715,69.22857,1.1285714,0.98571426,1.2142857,9.8,4.0285716,0.00017651916,0.011601031,0.0030866747,0.007641647,9.991229e-06,True
1993-03-22,259.39,6.8999996,8.271429,12.728571,3.914286,70.14286,1.5,1.2857143,1.5857143,9.385715,7.357143,7.285178e-05,0.011121627,2.8479666e-05,0.00024018809,3.7252903e-09,True
1993-03-29,259.0950956638001,6.0,1.7857143,5.928571,-0.7571429,70.185715,1.1571428,1.0142857,1.4571428,9.171429,4.3,0.000113256276,0.010545485,0.0011610304,0.00073491596,0.003814742,True
1993-04-05,258.99,2.6,5.8428574,11.428572,-0.27142856,70.15714,1.3857144,1.1571428,1.5857143,8.857142,6.4,0.00010950118,0.009907804,0.00077324256,0.0027375575,2.514571e-06,True
1993-04-12,259.09,13.7,5.714286,10.042857,2.1571429,68.11429,1.442857,1.2428571,1.7285715,8.842857,6.714286,0.00022266805,0.009245262,1.2147995e-06,9.471551e-06,2.1979213e-07,True
1993-04-19,259.01,36.0,8.385715,13.2,3.7000003,75.42857,1.7142857,1.4857142,1.7714285,8.457143,9.671429,0.00033001602,0.008602314,-7.345365000000001e-25,3.7252903e-08,0.0,True
1993-04-26,259.12,0.8,15.342858,22.228573,8.157144,58.100002,3.4999998,2.7142856,3.3428571,8.057143,15.814285,1.0095537e-05,0.007970475,-7.345365000000001e-25,0.0,0.0,True
1993-05-03,259.01,7.2,16.557142,22.800001,9.571428,55.328575,4.028571,2.3142855,4.157143,6.7285714,17.72857,1.4856458e-05,0.0072152987,-7.345365000000001e-25,0.0,0.0,True
1993-05-10,258.86,0.8,13.242858,18.385715,6.8428574,62.77143,2.957143,1.3571428,3.2571428,6.3142858,14.757143,1.5430152e-05,0.0065204054,-7.345365000000001e-25,7.450581e-09,0.0,True
1993-05-17,258.89,1.5999999,15.242858,21.928572,8.157144,60.74286,3.5857143,1.3285714,3.9428573,5.9428573,18.142857,4.5076013e-05,0.0057977885,-7.345365000000001e-25,7.450581e-09,0.0,True
1993-05-24,258.94,27.800001,15.342857,20.84286,10.228571,72.22857,2.8714283,1.4428571,2.9714284,6.385714,17.87143,0.00025112182,0.005143933,-7.345365000000001e-25,3.7252903e-09,0.0,True
1993-05-31,258.92042315895054,31.400002,15.114286,20.4,10.0,72.9,2.8999999,2.5,2.9428573,7.142857,17.542856,0.00036355853,0.004622966,-7.345365000000001e-25,1.4901161e-08,0.0,True
1993-06-07,258.88,49.4,16.885715,21.77143,10.828572,73.12858,3.1142857,2.6285713,3.5857143,7.5,19.714285,0.00019977987,0.004179679,-7.345365000000001e-25,0.0,0.0,True
1993-06-14,258.91,21.7,17.014286,21.728573,12.471429,69.75715,3.157143,2.6142857,3.4714284,7.357143,19.9,0.00023345649,0.0037605613,-7.345365000000001e-25,3.7252903e-09,0.0,True
1993-06-21,258.8,12.599999,14.557143,18.97143,9.557143,70.88572,2.6714284,2.3714287,2.8,8.1285715,16.757143,0.00014097989,0.003449984,-7.345365000000001e-25,3.7252903e-09,0.0,True
1993-06-28,258.74,16.5,12.914286,16.742857,9.1285715,74.828575,2.3999999,2.0571427,2.4285715,7.5857143,16.157143,0.00015054643,0.0031820089,-7.345365000000001e-25,3.7252903e-09,0.0,True
1993-07-05,258.89,14.2,18.442858,24.357143,10.6285715,62.8,3.957143,2.6857145,4.2428575,6.6285715,21.77143,0.00017356873,0.0029184744,-7.345365000000001e-25,7.450581e-09,0.0,True
1993-07-12,258.77,3.5,14.071428,18.67143,9.542857,69.557144,2.885714,2.1285713,3.0571427,6.5,17.257143,6.9245696e-05,0.0026822463,-7.345365000000001e-25,7.450581e-09,0.0,True
1993-07-19,259.0,57.7,15.657144,19.685715,11.8,76.88572,2.3714287,2.1571429,2.4285715,7.257143,17.8,0.0026359707,0.0024975985,-7.345365000000001e-25,7.450581e-09,0.0,True
1993-07-26,258.92,31.2,14.514285,18.814287,11.142858,76.27143,2.4857142,2.3428571,2.4714284,7.785714,16.77143,0.00023892522,0.0023506284,-7.345365000000001e-25,7.450581e-09,0.0,True
1993-08-02,259.39,51.3,16.614286,21.628572,11.6285715,77.37144,2.5428574,2.385714,2.5714285,8.671429,18.471428,0.0017224997,0.0022386238,-7.345365000000001e-25,1.6763806e-08,0.0,True
1993-08-09,258.99,22.7,16.914288,22.071428,12.185715,75.24286,2.5142856,2.2571428,2.7285714,8.542857,19.471428,0.00021164864,0.002136767,-7.345365000000001e-25,1.6763806e-08,0.0,True
1993-08-16,259.18,13.0,17.342857,22.528574,11.900001,69.11429,2.9571426,2.5571427,3.1571429,8.528571,19.142857,0.00032870471,0.002054803,-7.345365000000001e-25,1.3038516e-08,0.0,True
1993-08-23,259.08,11.7,14.728572,20.728573,10.1285715,73.37144,2.2142856,1.7285715,2.4285715,7.785714,19.1,0.00012814999,0.0019655228,-7.345365000000001e-25,3.7252903e-09,0.0,True
1993-08-30,258.8756417274138,13.0,11.742858,16.128572,7.371429,76.88572,1.6,1.2428571,1.9,7.6714287,14.842857,0.00011795759,0.0018979087,-7.345365000000001e-25,3.7252903e-09,0.0,True
1993-09-06,258.79,18.2,11.0,15.328572,7.8142858,81.41429,1.4,1.2714285,1.6142857,8.028571,13.014286,0.00021856278,0.0018429756,-7.345365000000001e-25,1.8626451e-09,0.0,True
1993-09-13,258.96,22.1,12.8714285,17.1,9.2,84.15715,1.1714286,1.1,1.3714286,8.685715,14.528571,0.0010992289,0.0017941967,-7.345365000000001e-25,3.7252903e-09,0.0,True
1993-09-20,258.97,27.099998,10.885715,15.371429,6.5,78.91429,1.3428572,1.2857143,1.4714286,9.185715,12.214286,0.0005828142,0.0017711967,-7.345365000000001e-25,5.5879354e-09,0.0,True
1993-09-27,259.02,7.5,13.3,16.557142,10.714286,82.44286,0.88571423,0.8142857,1.1142857,8.842857,13.971429,0.0001835376,0.0018039495,-7.345365000000001e-25,7.450581e-09,0.0,True
1993-10-04,258.8,34.0,9.757143,14.0,5.871429,82.24286,0.88571423,0.7571429,1.0714285,9.028571,11.0,0.00039380044,0.0018545538,-7.345365000000001e-25,1.8626451e-09,0.0,True
1993-10-11,259.07,7.7000003,12.0,16.671429,7.6857142,81.22858,0.90000004,0.8285714,0.9714286,9.442857,11.957143,0.00020752847,0.0019429773,-7.345365000000001e-25,7.450581e-09,0.0,True
1993-10-18,259.14,13.7,7.1714287,12.071428,4.214286,79.42857,0.78571427,0.7285714,0.9,9.528571,8.542857,0.00032013655,0.002083078,3.35489e-06,3.485009e-06,3.721565e-05,True
1993-10-25,259.09,4.8,4.142857,7.1714287,1.1,85.07143,0.39999995,0.38571426,0.5714286,9.557143,4.642857,0.0001007393,0.0022881627,4.113288e-05,0.00017562509,0.00014571846,True
1993-11-01,258.99,0.0,3.1285713,6.3428574,0.71428573,89.28571,0.2857143,0.24285717,0.34285715,9.557143,4.2714286,7.1004033e-06,0.0024741068,2.8212864e-06,8.717179e-06,6.3329935e-06,True
1993-11-08,259.01,6.8,2.6857142,5.2714286,0.55714285,93.8,0.18571429,0.18571429,0.27142859,9.557143,3.7,0.000120051205,0.0026053041,1.0865076e-05,3.854744e-05,3.3400953e-05,True
1993-11-15,258.99,27.7,3.614286,6.4428573,1.6285714,86.74286,0.37142858,0.3571429,0.3857143,10.028571,3.7285714,0.00036673248,0.0026928484,0.00043515363,0.0020581316,0.004450176,True
1993-11-22,259.1,1.1,-2.7285714,-0.12857144,-4.8857145,81.57143,0.057142857,0.057142857,0.2857143,10.442857,0.1,1.9520521e-06,0.002810806,0.003485742,5.5279583e-05,0.002898939,True
1993-11-29,259.00729969168606,3.1,-4.6571426,-1.0428572,-7.3714285,86.78571,0.0,0.0,0.12857144,10.271428,-1.4571428,5.759299e-06,0.002971992,0.00525235,0.0002795402,0.0029933155,True
1993-12-06,258.94,12.3,1.0000001,3.5571427,-2.1571429,88.24286,0.20000002,0.20000002,0.2857143,10.271428,0.18571429,0.00029955804,0.0030924082,0.004130091,0.009511085,0.0019202158,True
1993-12-13,259.6,81.3,3.642857,6.0,1.2571429,84.41429,0.59999996,0.59999996,0.5857143,10.857142,2.0285714,0.00094142556,0.003267184,0.0027799038,0.012713278,0.016166959,True
1993-12-20,259.67,37.5,3.857143,6.928571,1.8428572,84.42857,0.5,0.5,0.55714285,11.042857,2.6571429,0.000527218,0.0039906055,0.0026504595,0.0060309283,0.0056338906,True
1993-12-27,259.54,33.4,0.8000001,2.3857143,-0.37142855,90.02857,0.25714287,0.25714287,0.2857143,11.3,0.85714287,0.00026453286,0.00526312,0.023543358,0.0039865524,0.03961594,True
1994-01-03,259.69,63.7,2.8428574,4.914286,0.5142857,86.700005,0.4,0.4,0.34285715,11.075,1.45,0.003147684,0.009935953,0.023341145,0.04055529,0.010811314,True
1994-01-10,259.59,7.7,3.4714286,5.714286,1.1857144,87.17143,0.3285714,0.3285714,0.24285714,10.857142,2.4285715,0.00058050454,0.014783815,0.0030556293,0.009333231,7.0828944e-05,True
1994-01-17,259.44,20.5,2.4857144,4.9428573,0.8,84.25714,0.44285718,0.44285718,0.55714285,10.485714,2.557143,0.00021929294,0.017813995,0.00035489173,0.0011446532,0.00042838603,True
1994-01-24,259.34,24.599998,1.3285716,2.9857144,-1.0142858,82.814285,0.35714287,0.35714287,0.5428571,10.457143,0.6,0.00032939017,0.017331012,0.0018243449,0.0024796724,0.0034381934,True
1994-01-31,259.5591574109821,63.0,2.9428573,5.857143,0.25714287,85.02857,0.81428576,0.81428576,0.7428571,11.171429,2.3285713,0.002445154,0.0170772,0.0030513094,0.0065945964,0.009258732,True
1994-02-07,259.51,4.4,1.5857143,3.1857145,0.0,84.15714,0.35714284,0.35714284,0.45714286,10.3714285,1.4285715,0.00010159612,0.016777128,0.0030917781,0.0030466504,0.0011643022,True
1994-02-14,259.3,4.6,-2.2857144,0.82857144,-4.3,79.27143,0.20000002,0.20000002,0.5428571,10.314285,0.6142857,8.3357096e-05,0.016331308,0.004476672,0.001757253,0.0070782527,True
1994-02-21,259.14,5.3,-6.857143,-2.1714287,-10.928572,70.51429,0.071428575,0.071428575,0.51428574,10.228572,-1.6714286,1.847744e-06,0.015451424,0.0061748084,8.406676e-05,0.0027380884,True
1994-02-28,259.01,18.6,0.55714285,3.7857144,-3.0428574,87.4,0.34285715,0.34285715,0.5285714,10.342857,0.21428572,0.00036054105,0.014336698,0.012644087,0.016816465,0.012206577,True
1994-03-07,259.24,27.1,4.8142858,8.214286,1.5285714,77.6,1.0714287,1.0714287,0.9857143,10.385715,3.4857142,0.0005180836,0.013287529,0.00094766845,0.003725402,0.0,True
1994-03-14,259.37,38.4,7.3142858,10.928572,3.7142856,74.52857,1.2285715,1.1714286,1.1999999,10.157143,6.385714,0.0002828315,0.012587391,6.0002008e-06,5.6091696e-05,0.0,True
1994-03-21,259.74,80.1,2.4428573,5.2428575,0.71428573,82.74286,1.0285714,1.0285714,0.9857143,11.242857,3.6857142,0.004301481,0.016203262,0.0026517482,0.0067089014,0.009882618,True
1994-03-28,259.76,43.600002,5.7571425,9.285714,1.7714287,75.74286,1.3999999,1.3999999,1.3714285,10.742857,6.1571426,0.0006264746,0.017128699,0.0005700702,0.0032761395,0.0004780665,True
1994-04-04,259.39,26.6,6.7000003,10.542857,3.5142858,77.457146,1.5857143,1.5285714,1.5285714,10.214286,7.5571427,0.00047203898,0.018009894,0.00023480256,0.0012264978,0.0037929602,True
1994-04-11,259.44,17.8,4.257143,8.257143,0.5,74.78571,1.2285715,1.1857144,1.4285715,10.328571,5.6571426,0.00046382844,0.017342716,0.0019411303,0.0065867193,0.0045440607,True
1994-04-18,259.59,59.7,5.085715,9.342857,1.5571429,77.4,1.3285714,1.3000001,1.5285714,10.957143,6.928571,0.0029684305,0.021081954,5.1464354e-05,0.0005307179,3.885478e-06,True
1994-04-25,259.24,0.1,10.428572,16.957144,4.114286,64.64286,2.6142857,2.1857142,2.7285714,9.557143,12.657143,3.992021e-05,0.020087704,5.6198667e-07,2.8833747e-06,0.0,True
1994-05-02,259.17,1.3,12.257143,18.37143,7.7571435,70.22857,2.3857143,1.8571428,2.7857144,8.657143,15.3,6.516278e-05,0.017986111,-7.345365000000001e-25,3.7252903e-09,0.0,True
1994-05-09,259.07,17.8,11.085714,16.6,5.2428575,71.0,2.8142855,2.2142856,2.8428571,8.285714,13.985714,0.00012351573,0.015507393,-7.345365000000001e-25,0.0,0.0,True
1994-05-16,258.74,9.0,14.571428,20.485716,7.8142858,66.14286,3.3428571,2.257143,3.5714285,7.4,16.914286,2.117455e-05,0.013034396,-7.345365000000001e-25,3.7252903e-09,0.0,True
1994-05-23,259.04,32.9,13.014285,17.6,8.971429,78.41429,2.3142855,1.9571428,2.5142858,7.9428573,15.714286,0.00032664835,0.010928825,-7.345365000000001e-25,7.450581e-09,0.0,True
1994-05-30,259.0148001169326,17.5,11.371429,15.557143,7.585715,76.92857,2.0714288,1.8285713,2.3999999,8.9,15.1,0.00024238229,0.009395532,-7.345365000000001e-25,3.7252903e-09,0.0,False
1994-06-06,258.89,11.4,13.528572,18.685715,7.285714,69.75715,3.0285716,2.6,3.2142856,8.542857,15.742857,0.00027038157,0.008145668,-7.345365000000001e-25,7.450581e-09,0.0,True
1994-06-13,259.02,16.0,12.728571,17.800001,8.3,77.32857,2.5571425,2.2571425,2.9142857,8.657143,16.014286,0.0020752698,0.0071754158,-7.345365000000001e-25,3.7252903e-09,0.0,True
1994-06-20,258.88,4.6,14.642858,19.214285,9.942858,70.24286,2.9857142,2.3285716,3.3,7.9,16.914286,4.414469e-05,0.006415002,-7.345365000000001e-25,3.7252903e-09,0.0,True
1994-06-27,258.79,0.0,18.84286,24.5,12.800001,67.24286,4.1857142,2.5571427,4.114286,6.8714285,21.557142,1.09523535e-05,0.0057306364,-7.345365000000001e-25,1.4901161e-08,0.0,True
1994-07-04,258.84,25.8,21.428572,28.4,14.285714,63.557148,4.585714,2.542857,5.0142856,6.3142858,24.642857,0.00013393909,0.0050188974,-7.345365000000001e-25,1.4901161e-08,0.0,True
1994-07-11,258.9,17.2,17.385715,22.5,12.2,74.971436,3.142857,2.3999999,3.457143,6.785714,21.214285,0.00065998733,0.00444147,-7.345365000000001e-25,1.1175871e-08,0.0,True
1994-07-18,258.82,4.6000004,21.100002,27.114286,15.214286,67.957146,3.914286,2.5142856,4.057143,6.142857,24.257143,0.0004236102,0.0039475188,-7.345365000000001e-25,1.4901161e-08,0.0,True
1994-07-25,258.7,0.0,21.785715,29.0,14.1285715,52.957146,4.714286,1.8142856,4.942857,5.8285713,24.27143,8.1956387e-07,0.0035166964,-7.345365000000001e-25,1.1175871e-08,0.0,True
1994-08-01,258.91,8.7,24.34286,31.814285,17.742857,62.157143,4.4428573,1.2571429,4.8857145,5.214286,27.0,2.5719404e-05,0.0030855238,-7.345365000000001e-25,1.4901161e-08,0.0,True
1994-08-08,258.66,12.599999,21.714285,27.928572,16.242857,65.15714,3.7857144,1.1999999,3.9285715,5.142857,25.028572,7.374585e-05,0.0027192235,-7.345365000000001e-25,1.4901161e-08,0.0,True
1994-08-15,258.82,14.8,16.571428,22.014286,12.5,70.942856,2.6000001,1.7428571,2.8857143,5.8285713,19.0,0.00010025501,0.0024463162,-7.345365000000001e-25,1.1175871e-08,0.0,True
1994-08-22,258.91,20.9,15.014287,20.028574,9.885715,75.88572,2.3285713,1.9285715,2.457143,6.571429,17.314285,0.0002283603,0.002238281,-7.345365000000001e-25,7.450581e-09,0.0,True
1994-08-29,258.8251592445946,50.3,16.185715,20.97143,12.071428,77.4,2.085714,1.9142858,2.3428571,7.857143,18.571428,0.00030516088,0.0020678192,-7.345365000000001e-25,1.1175871e-08,0.0,True
1994-09-05,258.81,8.1,14.642858,19.071428,10.242858,78.5,1.6428572,1.4857142,1.942857,8.142858,16.514286,0.00015175343,0.0019254163,-7.345365000000001e-25,1.3038516e-08,0.0,True
1994-09-12,258.9,55.700005,12.828572,16.257143,9.328572,81.28571,1.4571428,1.4428571,1.6142856,8.9,14.185715,0.002300471,0.001816757,-7.345365000000001e-25,9.313226e-09,0.0,True
1994-09-19,259.04,18.1,11.528572,15.085715,8.771429,81.37144,1.2285715,1.2285715,1.4428571,9.657143,12.571428,0.00023040175,0.0017383248,-7.345365000000001e-25,5.5879354e-09,0.0,True
1994-09-26,259.01,0.1,12.571428,18.728573,7.585714,80.28571,1.2571429,1.0857142,1.6142857,9.314285,13.985714,9.991229e-06,0.0016814247,-7.345365000000001e-25,5.5879354e-09,0.0,True
1994-10-03,258.99,8.4,11.228571,15.2,7.5428576,84.328575,0.8285714,0.7142858,1.0714285,9.028571,13.157143,0.00011242926,0.0016262382,4.6548388e-07,6.7055225e-08,7.492304e-05,True
1994-10-10,259.0,6.1,4.7428575,9.114286,1.4142858,83.042854,0.61428577,0.58571434,0.8,9.471429,6.614286,5.9604645e-05,0.0015856028,1.7728124e-05,7.376447e-05,1.359731e-07,True
1994-10-17,258.94,0.0,6.5,14.157143,2.0428572,82.64286,0.68571424,0.61428577,0.85714287,9.185715,8.814285,7.8231096e-07,0.001546301,2.6680175e-07,1.8458813e-06,0.0,True
1994-10-24,258.86,3.2,6.2000003,10.771429,1.4714288,75.6,0.78571427,0.6571428,0.87142855,8.914286,6.4142857,2.3409724e-05,0.0015088916,-7.345365000000001e-25,1.8626451e-09,0.0,True
1994-10-31,259.0178472268123,36.3,8.842857,11.471429,5.914286,83.71429,0.7285714,0.7,0.9142857,9.328571,8.042857,0.00034260005,0.001476936,-7.345365000000001e-25,1.3038516e-08,0.0,True
1994-11-07,258.94,0.0,7.514286,12.514287,3.8142858,81.51429,0.5571429,0.54285717,0.5428571,9.771428,7.1714287,1.257658e-05,0.0014490932,-7.345365000000001e-25,1.8626451e-09,0.0,True
1994-11-14,259.07,21.699999,5.9857144,7.971429,3.5714285,87.75714,0.29999998,0.2857143,0.42857143,9.657143,5.857143,0.000121854246,0.0014293864,0.00043114027,0.0014855489,0.0015050173,True
1994-11-21,259.18,60.1,6.957143,9.714286,4.042857,87.57143,0.5428571,0.5428571,0.54285717,10.714286,6.428571,0.00054948777,0.0014172941,4.1780017e-06,8.364022e-05,0.0,True
1994-11-28,259.26,7.9,6.0,8.557143,3.757143,90.98572,0.21428573,0.21428573,0.37142858,10.3714285,5.6285715,0.00018501282,0.0014351308,1.0217939e-07,1.1846423e-06,1.1324883e-06,True
1994-12-05,259.17,12.5,4.5000005,7.1714287,1.6142857,86.814285,0.2857143,0.27142856,0.20000002,10.271428,3.6285715,8.9503825e-05,0.0014813691,-7.345365000000001e-25,3.7252903e-09,0.0,True
1994-12-12,259.3,28.5,6.157143,8.485715,2.6285713,81.64286,0.61428577,0.61428577,0.67142856,10.514286,4.8285713,0.00025342405,0.0015407056,-7.345365000000001e-25,3.7252903e-09,0.0,True
1994-12-19,259.39,6.7,1.2428572,4.285714,-0.7857143,86.41429,0.24285714,0.24285714,0.2857143,10.671429,1.8571428,0.00022573769,0.0016453564,0.00090326584,0.00063472614,0.0017123334,True
1994-12-26,259.24,5.4,-0.85714287,0.81428576,-2.7714286,87.8,0.071428575,0.071428575,0.2857143,10.242857,0.1,8.031726e-06,0.0018067211,0.0020171348,0.00021767989,0.003119059,True
1995-01-02,259.33,51.0,5.414286,7.7571425,3.357143,81.57143,0.7,0.7,0.78571427,10.96,4.24,0.0010297894,0.0020598546,0.001723596,0.006085925,0.008456863,True
1995-01-09,259.29,31.4,-7.0285716,-3.8428574,-10.342857,85.24286,0.014285714,0.014285714,0.10000001,10.5,-0.6,1.347065e-05,0.0025922805,0.0076265447,0.00039214455,0.008519199,True
1995-01-16,259.2,35.5,-0.32857147,1.6285714,-2.542857,86.82857,0.2857143,0.3,0.34285715,10.771428,0.014285714,0.00016543269,0.002988562,0.024864152,0.0043828953,0.016013611,True
1995-01-23,259.27,24.8,2.642857,5.7428575,-0.25714287,76.42857,0.59999996,0.62857145,0.5857143,10.528571,0.74285716,0.004466772,0.0042184964,0.022386482,0.023079505,0.003657736,True
1995-01-30,259.6945504703633,63.100002,3.6571429,7.0142856,0.6,84.5,0.7428571,0.7714286,0.7571429,11.357142,2.7571428,0.002165109,0.005863875,0.0055086785,0.018440137,0.013610553,True
1995-02-06,259.54,8.8,4.0857143,6.7428575,0.25714284,81.67143,0.5285715,0.54285717,0.6571428,10.657143,2.5285714,0.0001642853,0.0088791475,0.00069999124,0.0019382555,4.87417e-05,True
1995-02-13,259.6,35.199997,3.3285716,6.6285715,-0.057142846,81.814285,0.6714286,0.65714294,0.6857143,10.614285,3.1857142,0.00048935413,0.010312803,0.0014665524,0.005021127,0.0050475784,True
1995-02-20,259.44,28.1,5.585715,8.271429,3.3142858,78.8,1.0857142,1.0857142,1.0142857,10.7,4.6714287,0.0007071793,0.010868907,3.5013472e-05,0.00026746467,6.1850995e-05,True
1995-02-27,259.5,16.9,2.7285714,6.3714285,0.4142857,79.24286,0.8000001,0.7857143,0.90000004,10.457143,3.2571428,0.00023115426,0.011721298,0.0008580969,0.0009797197,0.0035351254,True
1995-03-06,259.34,15.2,3.2000003,6.642857,0.32857147,78.88572,0.98571426,0.95714283,0.9857143,10.271428,3.2571428,0.00023317337,0.012046486,0.0015397129,0.0053797886,0.0054299645,True
1995-03-13,259.37,0.4,1.9857143,7.157143,-2.3999999,74.0,1.1428572,1.0142858,1.1,9.9,3.3428571,7.016957e-05,0.011935696,0.0015388443,0.0027445108,0.00090336055,True
1995-03-20,259.25,44.8,1.9285715,5.428572,-1.1428573,79.88572,1.0285714,0.98571426,1.0714285,10.057143,2.6,0.00030887127,0.011526965,0.0019422713,0.0049010515,0.006440267,True
1995-03-27,259.45,32.3,4.5571427,8.885715,0.55714285,73.32857,1.4714286,1.4,1.5285715,10.142858,4.8,0.0005183667,0.01100491,0.0013919388,0.0043009203,0.006426327,True
1995-04-03,259.44,26.0,4.542857,8.328572,0.5857143,79.01429,1.3714286,1.3142859,1.5428572,10.585714,4.457143,0.0005309135,0.010596052,0.0070177712,0.017474119,0.014320172,True
1995-04-10,259.37,6.0,5.9428573,9.557143,2.6857145,75.457146,1.4714285,1.3000001,1.5142858,9.785714,7.3142858,0.00020352006,0.010484397,0.0002352567,0.0010119248,0.0015853867,True
1995-04-17,259.24,24.7,5.857143,9.471429,1.7,77.48572,1.3142856,1.2285715,1.5285714,9.714286,7.0571427,0.00065107644,0.010302708,0.0003387474,0.0023519062,0.0030486323,True
1995-04-24,259.43,18.9,10.400001,15.642858,5.2714286,72.28571,2.457143,2.2,2.4857142,10.228572,10.885715,0.0007247031,0.010668628,0.0002214341,0.0017998628,0.00042112544,True
1995-05-01,259.21,6.1,10.8,15.871429,6.4714284,72.328575,2.0714285,1.7714285,2.4428573,9.271428,13.085714,2.6196241e-05,0.011080831,-7.345365000000001e-25,2.7939677e-08,0.0,True
1995-05-08,259.06,0.4,13.728572,20.642857,6.1,60.4,3.4714286,2.642857,3.5,8.328571,16.828571,1.3813376e-05,0.010485701,-7.345365000000001e-25,5.5879354e-09,0.0,True
1995-05-15,259.01,7.5,7.7428575,11.571428,4.6,76.042854,1.7857143,1.4714286,1.9714286,7.9142857,10.6,0.00010378659,0.009663105,-7.345365000000001e-25,0.0,0.0,True
1995-05-22,259.06,19.0,8.914286,14.17143,3.5285714,73.32857,2.0857143,1.7428571,2.2571428,8.214286,12.428572,0.00018031895,0.008831896,-7.345365000000001e-25,0.0,0.0,True
1995-05-29,259.0402164926411,7.5,15.985715,21.785715,9.857142,72.21429,3.1999996,2.4142857,3.2714286,7.714286,18.62857,0.00011458993,0.007919952,-7.345365000000001e-25,3.7252903e-09,0.0,True
1995-06-05,259.13,42.2,11.857142,16.057142,8.842857,86.90001,1.6285715,1.5285712,2.0571427,9.1285715,14.928572,0.0015704483,0.007198468,-7.345365000000001e-25,3.7252903e-09,0.0,True
1995-06-12,259.07,5.0,12.042857,16.9,7.071429,73.35714,2.085714,1.8857143,2.6857142,9.228572,14.985714,0.00021205842,0.0066965893,-7.345365000000001e-25,0.0,0.0,True
1995-06-19,258.98,17.6,12.800001,16.97143,8.442858,79.27143,2.042857,1.8571428,2.3142858,9.085714,14.8,0.00014309585,0.006269619,-7.345365000000001e-25,3.7252903e-09,0.0,True
1995-06-26,259.11,7.7,16.242857,21.47143,10.400001,69.97143,3.142857,2.6857142,3.7285712,8.671429,18.171429,6.5267086e-05,0.00584054,-7.345365000000001e-25,1.4901161e-08,0.0,True
1995-07-03,259.01,19.5,18.27143,24.17143,11.642858,68.71429,4.0142856,2.8285716,4.428571,7.5285716,22.142857,7.049739e-05,0.0053197667,-7.345365000000001e-25,1.1175871e-08,0.0,True
1995-07-10,258.95,0.0,19.985716,25.942858,13.485715,63.47143,3.9428573,2.4428573,4.4428573,7.0,22.8,3.516674e-06,0.0048226044,-7.345365000000001e-25,7.450581e-09,0.0,True
1995-07-17,259.06,22.2,20.228573,26.414288,16.27143,77.0,3.4857144,2.3,3.7428572,6.542857,24.12857,0.00017817318,0.004308842,-7.345365000000001e-25,1.4901161e-08,0.0,True
1995-07-24,259.09,7.5,19.557144,25.47143,14.085715,72.34286,3.5,2.442857,3.8857143,6.5285716,22.642857,4.2811036e-05,0.0039021,-7.345365000000001e-25,1.1175871e-08,0.0,True
1995-07-31,258.8891454598581,16.0,20.485716,26.757143,13.642858,66.48572,3.8857143,2.1285713,4.1285715,6.3428574,23.171429,2.7284026e-05,0.0034887567,-7.345365000000001e-25,1.1175871e-08,0.0,True
1995-08-07,258.8,0.0,20.314287,27.600002,13.7,59.914288,4.0571427,1.5142858,4.385714,5.8285713,24.1,3.427267e-06,0.003095463,-7.345365000000001e-25,7.450581e-09,0.0,True
1995-08-14,258.84,9.9,19.314285,26.628572,12.257143,57.014286,3.6571429,1.1571428,3.8714287,5.5142856,22.442858,1.44690275e-05,0.0027311817,-7.345365000000001e-25,7.450581e-09,0.0,True
1995-08-21,258.89,0.1,19.542858,26.571428,13.585715,65.87143,3.0285714,1.1142857,3.5,5.3428574,21.885714,8.627772e-06,0.0024446622,-7.345365000000001e-25,1.3038516e-08,0.0,True
1995-08-28,258.77,20.9,17.085714,22.657145,13.5,76.35714,2.2857141,1.4,2.5285716,5.6571426,19.242857,0.00014443696,0.0021945909,-7.345365000000001e-25,1.1175871e-08,0.0,True
1995-09-04,258.84,20.3,11.814286,15.328572,8.857142,81.38572,1.4142857,1.2285713,1.6999999,7.0571427,13.242857,0.00013802946,0.002034977,-7.345365000000001e-25,7.450581e-09,0.0,True
1995-09-11,258.97,20.4,14.357142,20.214285,10.042857,77.72858,1.8000001,1.5714284,2.0571427,7.5142856,15.585714,4.6044588e-05,0.0018888339,-7.345365000000001e-25,7.450581e-09,0.0,True
1995-09-18,258.91,7.6000004,13.928572,20.014286,9.085714,78.22858,1.4428571,1.2428571,1.8142859,7.6857142,15.942857,0.00015370548,0.0017587915,-7.345365000000001e-25,3.7252903e-09,0.0,True
1995-09-25,258.88,18.4,12.085715,15.842858,9.042857,83.85714,0.91428566,0.81428576,1.3142856,8.514286,13.285714,0.00030049682,0.0016506836,-7.345365000000001e-25,3.7252903e-09,0.0,True
1995-10-02,259.09,62.9,8.614286,12.214286,5.8428574,84.41429,0.87142855,0.87142855,1.0571429,9.757143,9.4,0.00044952333,0.0015718266,-7.345365000000001e-25,7.450581e-09,0.0,True
1995-10-09,258.94,2.0,14.900001,20.657145,10.5,80.957146,1.1,1.0,1.3428571,9.514286,15.042857,8.814037e-05,0.0015117154,-7.345365000000001e-25,1.1175871e-08,0.0,True
1995-10-16,258.82,0.2,14.371429,18.685715,11.428572,84.52857,0.6,0.51428574,0.95714283,9.171429,14.785714,9.380281e-06,0.0014574006,-7.345365000000001e-25,3.7252903e-09,0.0,True
1995-10-23,258.99,3.1,8.3714285,13.314286,4.6857142,82.21429,0.6,0.5285714,0.8,9.0,9.914286,1.6361475e-05,0.0014142841,-7.345365000000001e-25,5.5879354e-09,0.0,True
1995-10-30,258.85323939714885,6.7,10.085714,14.014287,6.8285713,84.11428,0.5428571,0.4714286,0.62857145,8.885715,9.742857,4.3720007e-05,0.0013748333,-7.345365000000001e-25,5.5879354e-09,0.0,True
1995-11-06,259.0,28.9,2.8,5.871429,-0.21428578,79.11428,0.47142857,0.45714286,0.6571428,9.485714,4.042857,0.00019796938,0.0013417974,0.00074567116,1.5765429e-05,0.0024117958,True
1995-11-13,259.11,4.2000003,5.357143,7.542857,3.114286,88.40001,0.27142856,0.27142856,0.35714287,9.742857,4.285714,8.945167e-05,0.001314193,0.00064471224,0.0022452362,0.0,True
1995-11-20,259.14,56.0,3.4714286,6.557143,1.0,83.82857,0.3571429,0.37142858,0.45714286,10.071428,3.5714285,0.00013522059,0.0012913793,0.0023601623,0.001241941,0.010761198,True
1995-11-27,259.19,0.0,1.0142858,4.8285713,-1.9857143,85.02857,0.15714286,0.15714286,0.14285715,10.085714,1.1428572,0.000114262104,0.0012740493,0.005434706,0.007458888,9.685755e-08,True
1995-12-04,259.09,1.1,-1.9142858,-0.11428569,-2.9428573,88.314285,0.0,0.0,0.25714287,9.971429,-0.15714286,4.3585896e-06,0.0012618527,0.002734099,0.00015159883,0.0020819455,True
1995-12-11,259.06,0.0,-3.3,-1.3857143,-5.3857145,86.4,0.028571429,0.028571429,0.17142858,10.0,-1.2714286,1.4662743e-05,0.0012531057,0.0049161343,0.00089502335,0.0015671961,True
1995-12-18,259.01,2.3,-1.7571429,-0.17142859,-3.4285715,88.15715,0.028571429,0.028571429,0.3,10.0,-1.1428572,1.8805265e-05,0.0012457073,0.0075821253,0.00078270957,0.004744582,True
1995-12-25,259.07,33.3,0.10000004,3.2428572,-2.5857143,87.92857,0.11428572,0.10000001,0.27142859,10.6285715,-0.2,0.0006430447,0.0012582392,0.00914161,0.01680401,0.011894338,True
1996-01-01,259.26,1.1,-6.785714,-3.4714286,-9.485715,80.08572,0.016666668,0.0,0.14285715,10.416667,-2.2333333,1.616776e-06,0.0012648478,0.005367302,0.0,0.0043061823,True
1996-01-08,259.09,1.6,-3.757143,-1.5714285,-6.414286,87.35714,0.028571429,0.028571429,0.114285715,10.285714,-2.4571428,2.7634203e-05,0.0013056099,0.0077571413,0.0013119448,0.0003487505,True
1996-01-15,259.04,0.0,0.74285716,4.5000005,-1.4285715,91.08572,0.15714286,0.14285715,0.071428575,10.157143,-0.12857144,7.7702105e-05,0.0013437793,0.0043075257,0.004120497,6.2398612e-06,True
1996-01-22,259.0,0.0,-4.285714,-2.7285714,-5.4857144,87.84286,0.0,0.0,0.21428572,10.1,-2.4714286,6.3180923e-06,0.0013794899,0.0025539682,0.00030738302,0.0004013963,True
1996-01-29,258.97816645299616,1.8,-8.671429,-6.357143,-11.1,71.87143,0.0,0.0,0.37142858,10.1,-5.5857143,2.0861626e-07,0.0014129728,0.0044399328,0.0,0.0047069564,False
1996-02-05,258.99,0.9,-5.1142855,-0.5,-8.985715,80.1,0.028571429,0.028571429,0.25714287,10.1,-2.7,8.4117055e-06,0.0014409274,0.0070312875,0.00038998388,0.0026169382,True
1996-02-12,258.94,8.6,-5.828572,-2.5714285,-10.042857,76.34286,0.114285715,0.114285715,0.35714287,10.1285715,-2.8428571,6.315112e-05,0.0014619231,0.00828034,0.0021783765,0.005692903,True
1996-02-19,259.01,48.3,0.74285716,2.5,-0.67142856,84.94286,0.3571429,0.3571429,0.5714286,10.828571,0.042857144,0.00040122122,0.0014769137,0.017058844,0.012178345,0.020548996,True
1996-02-26,259.14,2.4,-2.7000003,1.5285714,-6.557143,77.32857,0.35714287,0.35714287,0.64285713,10.571428,0.071428575,0.00030239671,0.0015016496,0.022183679,0.009627225,0.0067492984,True
1996-03-04,259.07,1.2,-0.14285712,4.071429,-3.6000001,75.44286,0.49999997,0.48571426,0.8428572,9.971429,0.35714287,0.00050195307,0.0015633926,0.008948775,0.00882973,0.0031711124,True
1996-03-11,258.99,3.6000001,-0.5714286,2.4285715,-2.8857143,74.28571,0.61428577,0.54285717,0.87142855,9.842857,0.3,6.521493e-05,0.0016769171,0.009143233,0.0022469163,0.0057730526,True
1996-03-18,258.97,0.0,-0.85714287,1.0285715,-2.4857144,83.34286,0.34285715,0.3285714,0.6,9.7,0.114285715,0.00011137873,0.0017880797,0.008655531,0.0050493963,0.0019411817,True
1996-03-25,258.94,9.7,3.1857142,7.571429,-0.21428573,85.62858,0.7571429,0.68571424,0.95714283,9.557143,2.8,0.00022761524,0.0018816069,0.0015429712,0.0049902424,2.592802e-06,True
1996-04-01,259.14,5.0,0.3857143,4.957143,-2.8,70.48572,0.9142857,0.8142857,1.2714285,9.528571,2.2571428,5.5268407e-05,0.0019884333,0.0019099598,0.001133291,0.006349981,True
1996-04-08,259.12,1.5,3.914286,8.142858,-0.40000007,77.57143,1.0571429,0.9,1.3428571,9.242857,4.214286,0.00013908744,0.00209219,0.0033687467,0.006700337,0.0027172193,True
1996-04-15,259.24,4.7,4.0857143,8.8714285,-0.55714285,71.9,1.1857141,1.0,1.4285715,8.957143,5.7,0.00012484193,0.0021630824,0.00037370977,0.0008369405,0.0009079464,True
1996-04-22,259.11,0.0,13.685715,21.828571,4.785714,48.700005,3.7857144,2.7428572,3.357143,8.0,13.457143,3.3825636e-06,0.0021878853,2.7588436e-05,0.00018695183,0.0,True
1996-04-29,259.04677339422113,27.7,12.1,18.0,6.7000003,67.72857,2.5571427,2.0285714,2.642857,7.5285716,14.242857,0.00024263561,0.0021517575,-7.345365000000001e-25,7.450581e-09,0.0,False
1996-05-06,259.16,17.5,8.714286,12.942858,4.3,74.42857,1.8000001,1.4285715,1.9142857,7.385714,11.542857,6.6906214e-05,0.0021314472,-7.345365000000001e-25,0.0,0.0,True
1996-05-13,259.13,9.1,7.357143,9.485715,5.642857,85.457146,0.95714283,0.8142857,1.2571429,7.5,8.8,0.00020137429,0.00211709,1.2868926e-05,6.168708e-05,6.0483813e-05,True
1996-05-20,259.24,26.0,11.771429,16.542858,7.928571,79.5,2.0142858,1.7857143,2.4142857,7.785714,13.485714,0.0003695488,0.0020984784,5.676633e-08,4.917383e-07,0.0,True
1996-05-27,259.16,30.0,12.142858,16.985714,7.8428574,76.38572,2.3571427,2.2142856,2.2714286,8.342857,13.885715,0.0008557737,0.0020581856,-7.345365000000001e-25,3.7252903e-09,0.0,True
1996-06-03,259.19,10.1,14.271429,19.542858,8.957143,73.04286,2.5714285,2.1714284,2.9142857,8.228572,16.057142,0.0001347959,0.0020407364,-7.345365000000001e-25,0.0,0.0,True
1996-06-10,259.07,2.3,20.071428,26.414288,12.185715,68.71429,4.1,3.1714287,4.628571,7.542857,22.642857,6.137788e-05,0.0020046234,-7.345365000000001e-25,7.450581e-09,0.0,True
1996-06-17,258.96,0.2,15.471429,21.742859,9.242858,65.87143,3.6571429,2.3142858,4.0857143,6.457143,20.7,1.0550022e-05,0.0019197837,-7.345365000000001e-25,0.0,0.0,True
1996-06-24,258.89,1.5,11.642858,15.542857,8.3714285,72.58572,2.0428572,1.1,2.3142858,5.928571,15.214286,4.3034554e-05,0.0018381029,-7.345365000000001e-25,0.0,0.0,True
1996-07-01,258.9,20.2,13.742858,18.6,9.414286,77.75715,2.2142856,1.3571428,2.5,5.9857144,15.9,0.00023052096,0.0017720088,-7.345365000000001e-25,1.1175871e-08,0.0,True
1996-07-08,259.14,46.0,13.971429,18.34286,9.900001,79.07143,2.3857143,2.0142856,2.4428573,7.042857,15.957143,0.00085788965,0.0017084852,-7.345365000000001e-25,7.450581e-09,0.0,True
1996-07-15,259.19,6.4,16.528572,21.34286,12.300001,74.11428,2.6000001,2.242857,3.2428572,8.071428,17.87143,5.8859587e-05,0.0016517565,-7.345365000000001e-25,1.4901161e-08,0.0,True
1996-07-22,259.04,0.0,13.971429,19.7,7.6285715,66.24286,3.0714285,2.085714,3.5714285,7.142857,18.385714,1.2114644e-05,0.0015845895,-7.345365000000001e-25,0.0,0.0,True
1996-07-29,258.946261321405,14.8,17.342857,22.828571,11.985715,75.37144,2.7714286,2.1571429,3.0714285,6.9714284,19.742857,0.00022183359,0.0015094355,-7.345365000000001e-25,1.8626451e-08,0.0,True
1996-08-05,258.74,0.6,17.1,22.857143,11.442857,69.54286,2.8857143,2.0142858,3.4142857,6.6,20.257143,9.0420246e-05,0.0014455542,-7.345365000000001e-25,3.7252903e-09,0.0,True
1996-08-12,258.9,37.4,18.314287,23.685715,12.6285715,72.700005,2.7285714,1.8285712,2.9857142,6.257143,20.528572,0.0008530766,0.001378417,-7.345365000000001e-25,7.450581e-09,0.0,True
1996-08-19,259.07,24.1,16.9,21.628572,13.142858,82.74286,2.1142857,1.7571429,2.457143,7.428571,18.885714,0.0012089163,0.0013296083,-7.345365000000001e-25,3.7252903e-09,0.0,True
1996-08-26,259.01,18.900002,18.357143,24.657145,13.328572,73.4,2.6714284,1.957143,3.0142858,6.8142858,20.714285,0.00015795231,0.0012809783,-7.345365000000001e-25,7.450581e-09,0.0,True
1996-09-02,259.02,14.900001,13.685715,17.957144,10.257143,81.25715,1.5285714,1.3142856,1.8000001,7.614286,15.6285715,0.00024457276,0.0012446567,-7.345365000000001e-25,9.313226e-09,0.0,True
1996-09-09,258.97,0.6,11.8714285,17.842857,7.228572,75.74286,1.6428572,1.3142856,2.1714284,7.457143,14.228572,6.1541796e-05,0.0012138337,-7.345365000000001e-25,0.0,0.0,True
1996-09-16,259.01,14.1,10.042857,13.985715,7.057143,83.38572,1.1,0.9714286,1.2428571,7.785714,11.557143,0.00018265843,0.0011921674,-7.345365000000001e-25,1.8626451e-09,0.0,True
1996-09-23,259.07,7.2999997,9.242858,12.5,6.457143,80.72857,0.9142857,0.7428571,1.1714286,7.757143,9.942857,9.2320144e-05,0.0011752099,-7.345365000000001e-25,7.450581e-09,0.0,True
1996-09-30,258.9326146546976,14.3,10.971429,14.371429,7.7428575,86.957146,0.68571424,0.62857145,1.0428572,7.757143,11.014286,9.934604e-05,0.0011633858,-7.345365000000001e-25,7.450581e-09,0.0,True
1996-10-07,258.97,30.800001,8.485715,13.985715,4.6142855,85.27143,0.7142857,0.68571424,0.95714283,8.585714,9.8714285,0.0015281737,0.0012647286,-7.345365000000001e-25,3.7252903e-09,0.0,True
1996-10-14,258.99,0.2,9.8,14.885715,6.3285713,85.44286,0.55714285,0.4857143,0.7428571,8.328571,10.328571,3.6865473e-05,0.0011797175,-7.345365000000001e-25,1.8626451e-09,0.0,True
1996-10-21,259.03,50.399998,9.599999,12.800001,6.828572,88.18572,0.4714286,0.45714283,0.62857145,9.314285,9.4,0.0013784617,0.0013829917,-7.345365000000001e-25,3.7252903e-09,0.0,True
1996-10-28,258.92,12.9,7.4857144,12.142858,3.457143,82.38572,0.58571434,0.5714286,0.67142856,9.857142,7.642857,0.000118628144,0.001325421,-7.345365000000001e-25,7.450581e-09,0.0,True
1996-11-04,259.44,41.8,9.7,11.942858,7.9000006,82.24286,0.74285716,0.7285714,0.95714283,10.1,8.442857,0.00024916232,0.0015050918,-7.345365000000001e-25,1.1175871e-08,0.0,True
1996-11-11,259.41,18.7,7.042857,9.885714,4.0857143,82.64286,0.5714286,0.5571429,0.7428571,10.1,6.214286,0.00036741793,0.0017132238,-7.345365000000001e-25,1.8626451e-09,0.0,True
1996-11-18,259.38,25.8,3.8,6.0,2.3142858,89.84286,0.15714288,0.15714288,0.34285715,10.3,3.7571428,0.00024411082,0.001986295,0.00012447152,0.00010530278,0.0069662333,True
1996-11-25,259.31,24.7,1.6285715,3.9428573,-0.21428572,82.67143,0.3571429,0.3571429,0.3857143,10.514286,1.6,0.0003131628,0.0023205131,0.008390109,0.00843204,0.013959687,True
1996-12-02,259.68,47.6,0.82857144,1.957143,-0.58571434,89.5,0.17142858,0.17142858,0.2857143,10.614285,0.71428573,0.00044424087,0.0027285367,0.01891186,0.011930507,0.018740945,True
1996-12-09,259.59,0.8,1.3571428,4.114286,0.014285735,88.61428,0.18571429,0.18571429,0.17142858,10.428572,1.3428571,0.00040060282,0.0032849163,0.007922127,0.013101624,5.567074e-05,True
1996-12-16,259.34,7.7000003,-0.20000002,1.6285715,-2.3142858,91.07143,0.057142857,0.057142857,0.14285715,10.271428,-0.12857144,0.00012744963,0.0041003004,0.0055648033,0.0031485911,0.0024053045,True
1996-12-23,259.22,31.6,-3.6857145,-0.7999999,-5.7285714,85.57143,0.042857144,0.042857144,0.25714284,10.585714,-0.51428574,0.00023557246,0.0046377555,0.014364617,0.002059359,0.01923373,True
1996-12-30,259.3672514472417,4.1,-9.5,-5.642857,-13.957144,78.700005,0.0,0.0,0.114285715,10.314285,-3.1714287,0.0,0.005094424,0.021754708,0.0,0.0022434331,True
1997-01-06,259.41,0.3,-10.971429,-8.0,-14.257143,85.700005,0.0,0.0,0.12857144,10.3,-2.9,0.0,0.0053469986,0.02402849,0.0,0.003187921,True
1997-01-13,259.24,0.1,-5.214286,-2.957143,-7.914286,86.35714,0.028571429,0.028571429,0.10000001,10.3,-1.0285715,0.0,0.005420208,0.026253581,0.0,0.0013485588,True
1997-01-20,259.15,5.5,-0.27142856,3.5857143,-3.2857144,85.3,0.21428573,0.22857144,0.20000002,10.185715,-0.6571429,0.00023317337,0.0054182783,0.023580806,0.0089247245,0.0033545159,True
1997-01-27,259.09,10.5,1.0285715,3.4,-0.9714286,90.28571,0.18571429,0.18571429,0.22857143,10.257143,0.028571429,0.00043825805,0.005397558,0.014257062,0.012770545,0.0018054172,True
1997-02-03,259.22,0.4,-0.5428571,2.2857144,-2.9857142,85.9,0.21428572,0.2,0.29999998,10.214286,-0.1,9.150058e-05,0.0055512115,0.011090761,0.0036071409,0.004387807,True
1997-02-10,259.2,14.8,3.9714284,6.785714,0.82857144,79.48572,0.5857143,0.5857143,0.59999996,10.257143,0.7714286,0.0005106181,0.0057340562,0.010881798,0.018915182,0.009484738,True
1997-02-17,259.25,38.3,3.1571429,6.6142855,0.42857143,82.24286,0.7571429,0.75714296,0.7,10.542857,2.1857142,0.00080420077,0.006530598,0.001452673,0.0045224708,0.0048879758,True
1997-02-24,259.37,38.5,6.471429,9.071428,3.4857144,77.44286,1.1,1.0714285,1.0142857,10.642858,4.2285714,0.00048081577,0.007980153,0.0006705636,0.0028907117,0.0012628697,True
1997-03-03,259.63,40.4,7.3142858,11.7,3.7714288,73.82857,1.5285715,1.4999999,1.3571428,10.814285,6.4142857,0.0007292628,0.009445772,6.528128e-07,6.0647726e-06,5.2154064e-07,True
1997-03-10,259.29,0.0,6.5142856,12.971429,1.7,78.78571,1.0142857,0.88571423,1.0428572,9.842857,6.9857144,5.312264e-06,0.010467462,-7.345365000000001e-25,5.5879354e-09,0.0,True
1997-03-17,259.18,20.7,5.6857142,9.771429,2.6714287,84.35714,0.71428573,0.64285713,0.88571423,9.714286,6.6571426,0.00034666806,0.01035738,0.00046093692,0.0012398511,0.0031385757,True
1997-03-24,259.39,28.5,1.7142857,4.457143,-0.90000004,86.97143,0.59999996,0.59999996,0.7,10.385715,3.0142858,0.00041258335,0.010120258,0.0037939209,0.006281819,0.010768939,True
1997-03-31,259.4079053570898,21.3,6.428571,10.357142,3.1571429,73.91429,1.5999998,1.5428572,1.5857143,10.142858,6.2285714,0.00054410845,0.009984344,0.0019317751,0.0093175825,0.0033488944,True
1997-04-07,259.46,27.6,4.6142855,10.657143,0.22857141,74.21429,1.6571428,1.5285714,1.6142857,9.8714285,6.8714285,0.00038976967,0.010000043,0.0010378247,0.0043374114,0.0056971274,True
1997-04-14,259.56,3.4,6.0428576,10.957144,0.6,62.3,1.8571428,1.6285715,1.8857143,9.442857,7.4142857,8.1434846e-05,0.009858079,0.00032917658,0.0013895631,6.200001e-05,True
1997-04-21,259.37,1.0,4.414286,9.057143,-0.17142858,57.714287,1.957143,1.5714287,2.1571429,8.814285,6.885714,3.1158328e-05,0.009577617,0.00016819863,0.00045297295,0.000623174,True
1997-04-28,259.4,14.4,8.271429,12.185715,3.4428573,71.64286,1.9571428,1.5714287,1.8857143,8.271428,9.528571,0.00017404556,0.0091231465,3.7772315e-05,0.00017549843,8.307397e-06,True
1997-05-05,259.31,23.7,11.985715,16.87143,7.6857147,75.67143,2.3,1.9142858,2.3999999,8.271428,13.385715,0.0010059774,0.008610234,-7.345365000000001e-25,4.4703484e-08,0.0,True
1997-05-12,259.34,17.6,9.400001,15.271429,4.328572,71.78571,2.4428573,2.2142856,2.457143,8.528571,11.814285,0.00024678558,0.008052416,9.496439e-05,0.00049676,0.00050505996,True
1997-05-19,259.29,22.2,18.071428,24.485716,12.314286,69.557144,3.4999998,2.6571429,3.8285713,7.6857142,20.057142,0.00013072044,0.007443428,-7.345365000000001e-25,1.6391277e-07,0.0,True
1997-05-26,259.16,6.1000004,10.928572,15.328572,6.9,72.04286,2.2571428,1.9142857,2.5714285,7.9857144,14.814285,0.0018640459,0.0068435743,-7.345365000000001e-25,3.7252903e-09,0.0,True
1997-06-02,259.25,0.7,10.942857,15.914287,5.9571433,64.21429,2.8142855,1.9571427,3.2142856,7.542857,14.057143,6.477535e-05,0.0063081905,-7.345365000000001e-25,0.0,0.0,True
1997-06-09,259.19,3.4,17.385715,23.357143,9.842857,56.114285,4.357143,2.1,4.6571426,6.4857144,19.9,6.221235e-06,0.005706042,-7.345365000000001e-25,3.7252903e-09,0.0,True
1997-06-16,259.11,9.9,17.042858,22.77143,11.6285715,68.38572,3.5571427,1.6714286,3.8999999,6.0571427,20.485714,0.000112995505,0.005062826,-7.345365000000001e-25,3.7252903e-09,0.0,True
1997-06-23,259.04,27.1,13.157144,17.257143,8.814286,74.814285,2.5285716,1.8,2.7285714,6.242857,16.385714,0.00014089793,0.004565738,-7.345365000000001e-25,0.0,0.0,True
1997-06-30,259.1121656063815,37.3,15.242858,20.457144,10.228571,77.34286,2.9285715,2.3714287,3.0285716,6.857143,17.685715,0.00016576052,0.0041536316,-7.345365000000001e-25,1.1175871e-08,0.0,True
1997-07-07,258.97,11.2,15.857142,20.428572,10.942857,75.88572,2.8285713,2.1714284,3.2142856,7.0571427,19.071428,0.0001752451,0.0037676543,-7.345365000000001e-25,7.450581e-09,0.0,True
1997-07-14,258.88,7.7000003,17.87143,24.071428,11.885715,66.62858,3.485714,1.9142857,3.9,6.428571,21.657143,1.7613173e-05,0.0034223646,-7.345365000000001e-25,3.7252903e-09,0.0,True
1997-07-21,259.07,49.399998,16.642857,20.685715,12.928572,84.57143,2.0,1.8000002,2.3142858,7.6285715,18.885714,0.00062282383,0.0031263605,-7.345365000000001e-25,1.1175871e-08,0.0,True
1997-07-28,258.94,20.400002,17.014286,22.142857,13.057143,79.17143,2.6285713,2.442857,2.9714284,9.1,20.157143,0.0020539984,0.0029228702,-7.345365000000001e-25,1.1175871e-08,0.0,True
1997-08-04,258.92,12.6,17.642857,22.942858,12.728571,75.5,2.5142858,2.2571428,2.9857142,8.828571,20.142857,0.00018522143,0.002751641,-7.345365000000001e-25,1.1175871e-08,0.0,True
1997-08-11,258.99,0.1,19.728573,26.2,13.428572,65.98572,3.7000003,2.8,4.1857142,8.042857,22.885714,1.8492341e-05,0.002593711,-7.345365000000001e-25,1.1175871e-08,0.0,True
1997-08-18,258.94,3.8,19.885715,26.928572,14.042857,69.27143,3.3142858,2.1142857,3.7,6.9428573,23.185715,4.736334e-05,0.0024077222,-7.345365000000001e-25,9.313226e-09,0.0,True
1997-08-25,258.87,3.3,21.142857,27.942858,16.042858,72.557144,2.8,1.5142857,3.2142856,6.5,22.971428,0.00019294769,0.0022506788,-7.345365000000001e-25,9.313226e-09,0.0,True
1997-09-01,259.01,32.1,18.257143,25.057144,13.942858,74.67143,2.357143,1.8,2.6857142,7.0,20.857143,0.00069235265,0.0021161363,-7.345365000000001e-25,7.450581e-09,0.0,True
1997-09-08,258.94,5.2,16.885715,21.485714,13.471429,77.07143,1.6,1.2571429,2.042857,6.757143,19.142857,8.095801e-05,0.0020047054,-7.345365000000001e-25,9.313226e-09,0.0,True
1997-09-15,258.79,6.3999996,12.142858,18.157145,7.157143,71.97143,1.8714285,1.4142857,2.2,6.4714284,14.657143,8.650124e-05,0.0019107014,-7.345365000000001e-25,3.7252903e-09,0.0,True
1997-09-22,258.59,0.0,11.400001,19.5,5.1714287,68.9,1.6428572,0.91428566,1.957143,6.042857,14.6285715,4.529953e-06,0.0018156767,-7.345365000000001e-25,3.7252903e-09,0.0,True
1997-09-29,258.79695937348265,2.2,11.485715,19.214285,5.5142856,74.34286,1.3285714,0.54285717,1.6285714,5.714286,14.071428,3.8295984e-06,0.0017289445,-7.345365000000001e-25,3.7252903e-09,0.0,False
1997-10-06,258.68,6.7000003,11.971429,15.814286,8.985715,81.42857,0.9714286,0.61428577,1.3000001,5.7285714,12.471429,3.0875206e-05,0.0016559511,-7.345365000000001e-25,6.519258e-09,0.0,True
1997-10-13,258.99,55.6,11.642858,15.185715,9.228571,84.6,1.2285715,1.0571429,1.1999999,6.8,12.042857,0.0003437996,0.0015907213,-7.345365000000001e-25,1.8626451e-08,0.0,True
1997-10-20,259.02,5.7,6.871429,12.342857,2.8142858,83.04286,0.6714286,0.5714286,0.7714286,7.5,8.071428,7.511675e-05,0.0015391484,-7.345365000000001e-25,0.0,0.0,True
1997-10-27,259.07,9.700001,2.1571429,6.7999997,-1.4,80.24286,0.5,0.41428572,0.5714286,7.357143,4.042857,7.44462e-05,0.0014944226,6.957281e-05,0.00024743937,0.00035883114,True
1997-11-03,259.05,0.0,1.4,5.928571,-2.614286,79.77143,0.34285715,0.2857143,0.42857143,7.3142858,1.9571428,9.611249e-06,0.0014583915,7.393247e-05,9.988248e-05,4.8466027e-06,True
1997-11-10,258.99,14.7,6.228572,9.714286,2.6857145,81.814285,0.5857143,0.5428571,0.5857143,7.5285716,4.928571,0.00034171343,0.001426965,7.141204e-06,2.3046508e-05,0.0,True
1997-11-17,259.24,29.7,4.157143,6.8428574,1.6142857,88.84286,0.25714287,0.24285717,0.35714287,8.3,4.4714284,0.0004081279,0.0014053062,5.028929e-05,0.00021076947,0.00025067106,True
1997-11-24,259.31,0.3,0.6857143,2.7428572,-1.4142857,83.957146,0.15714286,0.14285716,0.2857143,8.528571,0.67142856,1.5869737e-05,0.0014037788,6.711483e-05,5.002506e-05,0.00023280829,True
1997-12-01,259.24,5.2,2.2857144,4.142857,0.5714286,90.25715,0.14285715,0.14285715,0.27142856,8.585714,1.9142857,9.596348e-05,0.0014168844,0.00019813719,0.000292914,0.00038585067,True
1997-12-08,259.14,13.3,0.2857143,1.6285714,-1.6428572,85.97143,0.114285715,0.08571429,0.27142856,9.2,0.34285715,0.00012476742,0.0014340729,0.00983605,0.0059835054,0.016360074,True
1997-12-15,259.39,46.2,4.0142856,6.1142855,2.3142858,88.85714,0.29999998,0.29999998,0.47142857,10.157143,3.557143,0.0008468479,0.0014785081,0.0033794641,0.011402559,0.008889832,True
1997-12-22,259.41,8.700001,-2.4285715,0.042857092,-4.6571426,86.48572,0.028571429,0.028571429,0.14285715,10.214286,-0.94285715,8.766353e-05,0.0016518012,0.010177669,0.0012827851,0.009625554,True
1997-12-29,259.4595909714649,28.0,4.3285713,6.157143,2.857143,87.14286,0.4142857,0.4142857,0.55714285,10.3714285,2.0428572,0.0010849833,0.0019741654,0.0052478993,0.0180384,0.0022246279,True
1998-01-05,259.49,13.9,5.414286,7.0285716,3.2142856,79.52857,0.25,0.25,0.7,10.35,1.75,0.0004054457,0.0023624152,0.00050693465,0.0017430596,0.0,True
1998-01-12,259.58,23.6,5.4857144,9.3,2.4285717,82.957146,0.65714294,0.65714294,0.4857143,10.585714,4.1714287,0.00044329464,0.0030148327,0.00020784423,0.0011297204,0.0010890663,True
1998-01-19,259.44,20.3,4.4,6.9428573,1.8428571,81.557144,0.58571434,0.58571434,0.55714285,10.2,3.0285714,0.00012035668,0.0038722903,0.00020916689,0.00066677295,0.0024366342,True
1998-01-26,259.35,7.2,-1.9285715,0.3285714,-3.3714287,85.200005,0.08571429,0.08571429,0.3,10.471429,0.35714287,1.8693507e-05,0.0043926686,0.008014105,0.0004040338,0.010571137,True
1998-02-02,259.39,7.5,-5.371429,-1.0428573,-10.514285,79.35714,0.042857144,0.042857144,0.29999998,10.3,-0.78571427,4.3213367e-07,0.004671961,0.0130633395,1.6137958e-05,0.005141925,True
1998-02-09,259.24,0.6,0.65714294,3.5,-2.457143,78.27143,0.45714286,0.42857143,0.55714285,10.2,-0.18571429,0.00017556548,0.0047756284,0.012498032,0.008652521,0.0022174418,True
1998-02-16,259.36,6.6,8.6,12.257143,5.0285716,71.04286,1.0285714,0.88571435,1.1285714,9.828571,4.9714284,0.00019408017,0.004806325,0.0020311389,0.007575216,0.0,True
1998-02-23,259.47,2.8,5.714286,10.099999,2.4285715,74.88572,0.91428566,0.8,0.9142857,9.585714,5.7285714,6.752461e-05,0.0048177913,1.175063e-06,4.030764e-06,5.438924e-07,True
1998-03-02,259.67,17.199999,5.914286,8.2,3.5571427,83.5,0.7714286,0.71428573,0.8714286,9.6,5.242857,0.00020174682,0.004813306,0.00058778696,0.002186859,0.004101459,True
1998-03-09,259.79,70.0,5.228572,9.042857,2.4142857,79.38572,1.2571428,1.2571428,1.1142857,10.6285715,5.0857143,0.0018515289,0.0058458373,0.001020511,0.006803589,0.0054248534,True
1998-03-16,259.54,7.7,3.3285716,6.071429,0.59999996,79.6,0.7571429,0.74285716,0.87142855,10.328571,3.3,0.00035099685,0.0065657645,0.0017748447,0.0037896633,0.00338066,True
1998-03-23,259.34,8.7,3.5714285,6.4714284,1.3428572,69.042854,1.0428572,1.0,1.2428571,10.0,4.4428573,9.211898e-05,0.0077118203,0.0006687584,0.00038451515,0.0039006844,True
1998-03-30,259.44128117014634,0.0,6.2428575,12.342857,0.7142858,67.3,1.6428572,1.3571428,1.6857141,9.542857,7.2285714,8.226931e-05,0.008092716,0.0011547861,0.003319649,0.00010139495,True
1998-04-06,259.49,27.3,10.057143,15.17143,6.4,77.71429,1.5142857,1.3857144,1.6999999,9.442857,10.5,0.0011339635,0.008001499,8.96908e-07,9.045005e-06,0.0,True
1998-04-13,259.44,17.2,6.085714,10.042857,2.5285716,80.37144,1.3714286,1.3285713,1.4142857,10.042857,7.7714286,0.0006535053,0.007967688,1.0558537e-06,6.7148358e-06,9.670854e-06,True
1998-04-20,259.39,8.6,6.414286,10.342857,1.4285715,68.685715,1.6714286,1.5,1.7285715,9.442857,8.0,0.000118911266,0.008089557,3.820374e-06,1.6342849e-05,1.4379621e-05,True
1998-04-27,259.29,15.0,11.957144,16.5,6.728572,74.72858,2.1,1.8857144,2.1714284,9.171429,13.014286,0.000510484,0.007938005,-7.345365000000001e-25,6.3329935e-08,0.0,True
1998-05-04,259.4,22.8,12.014285,16.257143,8.285715,80.3,1.7571429,1.6,2.142857,9.485714,13.828571,0.00090278685,0.007741295,-7.345365000000001e-25,3.7252903e-09,0.0,True
1998-05-11,259.36,4.2000003,14.542857,20.042858,8.3,70.12858,3.0285716,2.3999999,3.0142856,8.971429,15.842857,5.9589744e-05,0.007572122,-7.345365000000001e-25,3.7252903e-09,0.0,True
1998-05-18,259.3,2.0,15.414286,21.328571,8.242857,59.17143,3.7857144,2.4428573,3.9714284,7.5857143,18.77143,3.0383468e-05,0.00715144,-7.345365000000001e-25,7.450581e-09,0.0,True
1998-05-25,259.24,7.0,11.400001,16.0,7.2000003,72.22857,2.2142856,1.2285715,2.5142858,6.8,15.028571,5.5536628e-05,0.006680347,-7.345365000000001e-25,0.0,0.0,True
1998-06-01,259.23,32.8,15.485715,21.17143,10.585715,80.27143,2.5857143,1.8857142,3.0714285,6.857143,18.22857,0.0007221997,0.0062329248,-7.345365000000001e-25,3.7252903e-09,0.0,True
1998-06-08,259.1,7.2,17.985714,24.257143,12.028572,71.75715,3.642857,2.885714,3.8714287,7.242857,20.657143,0.0001103282,0.0057541877,-7.345365000000001e-25,1.1175871e-08,0.0,True
1998-06-15,259.14,20.8,13.828572,18.485716,9.214286,74.94286,2.3999999,1.9857142,2.7571428,7.428571,17.057142,0.00024974346,0.005294442,-7.345365000000001e-25,3.7252903e-09,0.0,True
1998-06-22,259.19,24.4,16.114286,20.77143,12.028572,79.07143,3.0,2.5,3.0571427,7.3428574,18.714285,0.00024557114,0.004911922,-7.345365000000001e-25,7.450581e-09,0.0,True
1998-06-29,259.2119272310427,6.8,17.342857,22.257143,12.542857,72.37144,3.2,2.6428573,3.3714287,7.142857,20.3,7.1160495e-05,0.0045369044,-7.345365000000001e-25,1.1175871e-08,0.0,True
1998-07-06,259.29,21.699999,14.571428,18.057142,11.885715,79.67143,2.2142856,1.7714283,2.3857143,7.042857,17.042856,0.00013201684,0.0041991547,-7.345365000000001e-25,1.1175871e-08,0.0,True
1998-07-13,259.24,49.6,13.800001,17.214285,11.057143,85.12858,2.0142858,1.8428571,2.1142857,7.5,15.542857,0.00032572448,0.003931664,-7.345365000000001e-25,1.8626451e-08,0.0,True
1998-07-20,259.19,5.6,15.957144,21.314287,10.8,72.82857,3.1,2.4999998,3.2285714,7.5571427,17.842857,0.00015209615,0.003694944,-7.345365000000001e-25,1.4901161e-08,0.0,True
1998-07-27,259.13,1.5,19.4,25.628572,13.900001,66.8,3.4714286,2.4714284,3.7,6.542857,22.2,0.00010739267,0.0034310594,-7.345365000000001e-25,1.1175871e-08,0.0,True
1998-08-03,259.04,10.599999,16.37143,21.2,12.914286,75.8,2.3857143,1.8857143,2.642857,6.5571427,18.77143,0.000305295,0.0032196715,-7.345365000000001e-25,1.3038516e-08,0.0,True
1998-08-10,258.91,0.0,18.257143,25.242859,11.514285,66.91429,3.5000002,1.8285714,3.8714287,6.071429,20.742857,1.9468367e-05,0.003021881,-7.345365000000001e-25,1.1175871e-08,0.0,True
1998-08-17,258.8,0.3,19.742857,27.357143,13.057143,64.32857,3.585714,1.2857143,3.8714287,5.428571,22.242857,2.9966235e-05,0.0027941912,-7.345365000000001e-25,7.450581e-09,0.0,True
1998-08-24,258.74,42.2,14.785714,19.928572,10.471429,74.87144,2.385714,1.1857144,2.5857143,5.6571426,17.72857,0.00018745661,0.002596788,-7.345365000000001e-25,1.4901161e-08,0.0,True
1998-08-31,259.0500835705798,43.399998,11.214286,14.814286,8.642858,84.957146,1.3428572,1.2,1.6,7.2714286,13.214286,0.00034315884,0.0024543256,-7.345365000000001e-25,9.313226e-09,0.0,True
1998-09-07,258.98,30.3,14.542857,18.1,11.228572,85.185715,1.2714287,1.1428572,1.4714286,7.6571426,16.0,0.00041899085,0.0023373067,-7.345365000000001e-25,3.7252903e-09,0.0,True
1998-09-14,259.19,64.799995,13.3,16.4,10.7,86.58572,1.2714285,1.1999999,1.4714286,8.342857,14.757143,0.0013854355,0.0022544935,-7.345365000000001e-25,1.6763806e-08,0.0,True
1998-09-21,259.59,44.2,11.3714285,15.271429,7.928571,84.18572,1.1857144,1.1571429,1.3714286,9.757143,12.285714,0.0013404489,0.002517268,-7.345365000000001e-25,3.7252903e-09,0.0,True
1998-09-28,259.54,3.3,12.757143,18.34286,8.685714,82.74286,1.0714285,0.9428572,1.3571428,9.257143,14.328571,5.660951e-05,0.0022976995,-7.345365000000001e-25,3.7252903e-09,0.0,True
1998-10-05,259.59,26.7,7.414286,10.157143,5.6857147,90.24286,0.5,0.4714286,0.59999996,9.8714285,9.414286,0.0005798936,0.0023648888,0.00034193197,0.0015931241,0.001620546,True
1998-10-12,259.64,51.699997,8.2,9.828572,6.728572,87.40001,0.61428577,0.61428577,0.71428573,10.571428,8.3,0.0024793223,0.0026788935,9.718396e-06,7.219054e-05,0.0,True
1998-10-19,259.69,17.5,9.314286,13.528572,5.7428575,80.85714,0.8714286,0.85714287,0.94285715,10.3,9.428572,0.0001590997,0.0032435507,-7.345365000000001e-25,9.313226e-09,0.0,True
1998-10-26,259.76,44.2,9.242858,11.885715,6.5,81.12858,0.94285715,0.9285714,0.90000004,10.442857,8.457143,0.00111489,0.0037773177,-7.345365000000001e-25,5.5879354e-09,0.0,True
1998-11-02,259.84,140.9,6.2714286,8.271429,4.557143,85.957146,0.8428572,0.8428572,0.71428573,11.6,5.8142858,0.011500761,0.012169801,1.864774e-05,7.589348e-05,0.00012321398,True
1998-11-09,259.72,29.4,5.3428574,8.471429,2.357143,83.34286,0.5428571,0.5428571,0.5428571,11.028571,4.5285716,0.00060756505,0.012226306,1.6121638e-05,8.4891915e-05,3.5844743e-05,True
1998-11-16,259.54,25.7,3.1857142,5.2428575,1.4714286,90.72858,0.25714287,0.25714287,0.3,10.914286,3.4142857,0.00065626204,0.014230989,0.00043301922,0.00032817945,0.00405477,True
1998-11-23,259.27,3.1,-3.5857143,-0.9714286,-6.142857,85.77143,0.042857144,0.042857144,0.17142858,10.485714,-0.042857144,2.4437904e-06,0.01498545,0.005645054,0.0001010634,0.003936164,True
1998-11-30,259.2407510768884,9.8,-0.28571433,1.0,-1.7571429,90.814285,0.042857144,0.042857144,0.2,10.314285,-0.12857144,8.3588064e-05,0.014698148,0.007901283,0.002923118,0.0045666583,True
1998-12-07,258.83,16.9,-3.4,-2.0,-4.6714287,84.1,0.014285714,0.014285714,0.3,10.357142,-0.5285714,2.0563602e-06,0.013986424,0.010651447,9.4214454e-05,0.007063035,True
1998-12-14,259.26,25.5,-1.557143,1.2857143,-5.9857144,88.21429,0.20000002,0.20000002,0.21428572,10.471429,0.17142858,0.000437133,0.013064876,0.012371751,0.015595114,0.002283357,True
1998-12-21,259.31,20.5,3.5,5.9714284,1.5714285,84.02857,0.34285712,0.34285712,0.34285715,10.614285,2.3,0.00040858984,0.012250774,0.00058293913,0.0019131042,0.0014653578,True
1998-12-28,259.49,6.0,3.6142857,5.214286,0.8714286,83.471436,0.42857143,0.41428572,0.5285714,10.357142,2.0285714,0.00014965236,0.011703879,0.0018180382,0.0032127034,0.0016869083,True
1999-01-04,259.39,15.6,2.0428572,5.2571435,-0.59999996,88.28571,0.16666667,0.16666667,0.15714286,10.266666,1.3666667,0.000106580555,0.011163525,0.00019221079,0.0012062155,0.0014177896,True
1999-01-11,259.24,16.0,3.6714287,6.2714286,1.9285715,82.9,0.4285714,0.4285714,0.41428572,10.485714,3.3428571,0.00019706786,0.010633834,0.0015970299,0.00097643957,0.0052489005,True
1999-01-18,259.3,22.0,3.1571429,5.057143,1.0,82.557144,0.45714286,0.45714286,0.62857145,10.485714,1.6714286,0.00033507496,0.0101790875,0.0053734323,0.012637245,0.0089726,True
1999-01-25,259.59,9.2,4.571429,7.971429,1.1428572,84.057144,0.45714286,0.42857146,0.35714287,10.1285715,2.7142856,0.00011719763,0.009820953,0.00023737976,0.0008895267,0.0,True
1999-02-01,259.54,18.199999,-0.5428571,2.1285713,-3.2285714,82.44286,0.20000002,0.20000002,0.41428572,10.6,0.9285714,0.00018114597,0.0095131695,0.0065873065,0.0034663025,0.013576943,True
1999-02-08,259.5,57.2,2.3428571,4.3142858,0.7428571,87.700005,0.5142857,0.5142857,0.54285717,10.571428,1.1857142,0.00039055943,0.009255782,0.007843148,0.009940129,0.01743818,True
1999-02-15,259.18,3.7,-4.8428574,-0.54285717,-9.8,82.62858,0.028571429,0.028571429,0.34285715,10.414286,-0.014285714,2.719462e-06,0.009108901,0.017170407,0.0001362618,0.0014332794,True
1999-02-22,258.97,63.4,1.3857143,3.5857143,-0.22857144,86.314285,0.5,0.5,0.5714286,10.814285,0.6142857,0.0007337406,0.008958086,0.02133436,0.020149851,0.020434197,True
1999-03-01,259.64,19.4,3.3714287,6.4857144,0.3142857,78.1,0.85714287,0.8428572,0.90000004,10.614285,2.357143,0.0011886954,0.009706177,0.016588261,0.02137107,0.008484811,True
1999-03-08,259.48,32.899998,4.2714286,7.6285715,1.8571428,83.84286,0.8000001,0.8000001,0.8142857,10.742857,4.785714,0.00086104125,0.012554191,0.00054752827,0.0030537024,0.00019699335,True
1999-03-15,259.37,2.4,4.1857142,8.614286,0.55714285,80.21429,0.8142857,0.7714286,0.9142857,10.157143,4.4714284,0.00016426295,0.015068606,0.00094314414,0.0031370446,0.0030100234,True
1999-03-22,259.29,9.400001,3.2714288,6.8142858,0.6857143,79.84286,0.9285714,0.8428572,0.95714283,9.828571,4.3714285,0.00018444657,0.014808841,0.00017562366,0.0006391406,0.0006365739,True
1999-03-29,259.28394566449504,16.6,6.785714,11.542857,2.8857143,80.12858,1.1999999,1.1,1.2142857,9.8714285,7.0285716,0.00019972026,0.01406581,0.000471416,0.0025902428,0.0026329178,False
1999-04-05,259.38,10.5,10.228572,16.37143,4.7000003,70.24286,1.9571428,1.6571426,2.0285714,9.528571,11.1,0.00018621981,0.013058424,1.8125489e-05,0.00012362562,0.0,True
1999-04-12,259.29,14.9,9.8,13.77143,6.785714,77.314285,1.6285714,1.5285714,1.7142857,9.7,10.428572,0.00026415288,0.012005731,-7.345365000000001e-25,3.5390258e-08,0.0,True
1999-04-19,259.24,19.0,4.4857144,8.757143,1.8285714,77.57143,1.442857,1.3428571,1.5,9.828571,6.6571426,0.00042283535,0.011131488,0.0014611767,0.006380243,0.0066105723,True
1999-04-26,259.12,4.4,9.814286,15.300001,3.6285717,77.98572,2.0714285,1.8285714,2.1714284,9.271428,11.642858,0.00023378432,0.010381378,5.0470942e-05,0.0002906546,0.0,True
1999-05-03,259.24,0.0,11.457144,17.557142,6.0,69.25715,2.5571427,1.9857142,2.7,8.542857,14.757143,8.195639e-06,0.009637028,-7.345365000000001e-25,2.0489097e-08,0.0,True
1999-05-10,259.04,5.7,12.685715,17.685715,7.857143,66.328575,2.7857144,2.1714284,2.8285713,7.6857142,14.242857,0.00019487739,0.008790992,-7.345365000000001e-25,3.7252903e-09,0.0,True
1999-05-17,259.09,16.300001,11.285714,15.828572,7.471429,74.38572,2.3142855,2.0285716,2.4714284,7.8714285,13.657143,0.00026345998,0.008025393,-7.345365000000001e-25,0.0,0.0,True
1999-05-24,259.19,2.6,14.757143,19.771427,8.885715,65.14286,3.0714285,2.3,3.3714287,7.5142856,16.37143,2.8908253e-05,0.0072550327,-7.345365000000001e-25,0.0,0.0,True
1999-05-31,259.1171041994395,28.1,17.0,23.914288,10.971429,70.85714,3.6571426,2.5714285,3.857143,7.242857,20.571428,0.0015212446,0.006508656,-7.345365000000001e-25,1.1175871e-08,0.0,True
1999-06-07,259.1,48.3,15.714286,20.942858,10.528572,75.48572,3.2285712,2.757143,3.4285715,7.5285716,18.857143,0.0015133992,0.005821407,-7.345365000000001e-25,7.450581e-09,0.0,True
1999-06-14,259.01,10.3,14.342857,19.2,8.8714285,72.15715,2.6571429,2.0857143,3.0285716,7.6,17.714285,0.00014781207,0.0053034574,-7.345365000000001e-25,3.7252903e-09,0.0,True
1999-06-21,259.03,20.9,15.871429,20.785715,10.757143,70.78571,3.0142858,2.2857144,3.3428571,7.0285716,18.985714,0.00013263524,0.004829034,-7.345365000000001e-25,0.0,0.0,True
1999-06-28,259.04,1.8000001,14.6285715,19.242859,9.228571,70.51429,2.9714284,2.0285714,3.1142857,6.6714287,18.042856,5.351007e-05,0.004418552,-7.345365000000001e-25,3.7252903e-09,0.0,True
1999-07-05,259.03,10.700001,20.428572,25.657145,14.028572,71.8,3.857143,2.5,3.9285715,6.1714287,22.285715,0.00011302531,0.0040241256,-7.345365000000001e-25,1.4901161e-08,0.0,True
1999-07-12,259.01,28.5,18.714285,23.557144,14.400001,75.700005,3.2,1.957143,3.4428573,6.8,21.042856,0.00036727637,0.00367447,-7.345365000000001e-25,1.8626451e-08,0.0,True
1999-07-19,259.07,16.699999,18.628572,24.571428,12.485715,72.75715,3.6000001,2.4714286,3.8857143,6.8142858,21.4,6.753951e-05,0.003370963,-7.345365000000001e-25,7.450581e-09,0.0,True
1999-07-26,259.1,3.0,17.914286,22.171429,13.557143,74.442856,2.942857,2.042857,3.0285714,6.5,20.214285,0.000103622675,0.0030847788,-7.345365000000001e-25,1.4901161e-08,0.0,True
1999-08-02,258.79,0.0,18.885715,26.128572,11.571428,56.97143,4.4285717,1.7857143,4.571429,5.785714,21.957144,2.5331974e-07,0.0028276145,-7.345365000000001e-25,3.7252903e-09,0.0,True
1999-08-09,258.68,6.2,19.428572,25.557144,13.471429,71.84286,3.3142855,1.3857143,3.4285715,5.5142856,21.942858,0.00013242662,0.0025586411,-7.345365000000001e-25,1.1175871e-08,0.0,True
1999-08-16,258.65,51.399998,15.371429,20.300001,11.571428,73.614296,2.2,1.6285714,2.4142857,5.9714284,17.442858,0.00031112134,0.0023680702,-7.345365000000001e-25,3.7252903e-09,0.0,True
1999-08-23,258.74,16.199999,13.8714285,18.357143,9.685715,76.52857,2.0285714,1.7285713,2.1857142,6.5285716,15.957143,0.00017671287,0.0022065565,-7.345365000000001e-25,1.1175871e-08,0.0,True
1999-08-30,258.8417161758058,7.2000003,16.314287,21.928572,10.842857,77.62858,2.2285712,1.6571426,2.4142857,6.1714287,18.657143,0.00011666864,0.0020639598,-7.345365000000001e-25,7.450581e-09,0.0,True
1999-09-06,258.76,5.7999997,16.4,22.84286,10.514285,71.78571,2.385714,1.5857145,2.8857143,5.857143,18.12857,2.1979213e-05,0.0019387677,-7.345365000000001e-25,1.8626451e-09,0.0,True
1999-09-13,258.79,0.1,18.742859,26.757143,13.614286,72.58572,2.542857,1.1857141,2.7857144,5.3428574,20.457144,0.0001232475,0.0018152222,-7.345365000000001e-25,9.313226e-09,0.0,True
1999-09-20,258.68,4.2,16.857143,23.585714,11.242857,73.98572,2.0428572,0.71428573,2.2714286,4.957143,19.057142,2.9027462e-05,0.0016956776,-7.345365000000001e-25,9.313226e-09,0.0,True
1999-09-27,258.48,22.1,15.5,3.0714285,12.2,82.92857,1.4714285,1.057143,1.5571429,5.3714285,16.657143,0.00018131733,0.0016030371,-7.345365000000001e-25,7.450581e-09,0.0,True
1999-10-04,259.09,35.4,12.785714,8.514286,10.757143,82.74286,1.1,0.99999994,1.4285715,6.4428573,12.857142,0.00019350648,0.0015320182,-7.345365000000001e-25,1.8626451e-08,0.0,True
1999-10-11,259.04,24.5,10.557143,12.771429,8.385715,89.62858,0.6714286,0.6,0.85714287,6.9142857,10.514286,0.00015132874,0.0014737174,-7.345365000000001e-25,1.1175871e-08,0.0,True
1999-10-18,258.97,0.4,6.2428575,11.028572,2.5,83.78571,0.58571434,0.47142857,0.71428573,6.785714,7.9428573,9.1940165e-06,0.0014261007,-7.345365000000001e-25,0.0,0.0,True
1999-10-25,258.99,2.7,7.114286,11.242858,2.8857143,81.8,0.62857145,0.5,0.71428573,6.614286,6.714286,7.044524e-05,0.0013834387,-7.345365000000001e-25,3.2037497e-07,3.1292439e-07,True
1999-11-01,259.08,12.1,9.971429,13.814286,6.3285713,83.84286,0.71428573,0.5714286,0.7571429,6.6714287,9.2,5.5141747e-05,0.0013467371,-7.345365000000001e-25,3.7252903e-09,0.0,True
1999-11-08,259.14,12.6,6.7999997,9.900001,3.9142857,87.54286,0.44285718,0.37142858,0.54285717,7.1,6.8142858,0.0001782924,0.0013139024,-7.345365000000001e-25,5.5879354e-09,0.0,True
1999-11-15,259.19,11.6,3.057143,5.9,1.3142856,87.0,0.21428572,0.21428572,0.35714287,7.8714285,3.4571428,0.0002124086,0.0012891814,2.9773939e-05,6.844103e-05,0.0001081191,True
1999-11-22,259.26,20.6,-0.7428571,0.87142855,-2.9714286,89.27143,0.071428575,0.071428575,0.24285714,8.185715,0.31428573,7.748604e-07,0.0012722239,0.0069542103,2.2020191e-05,0.015465144,True
1999-11-29,259.1601477459367,4.5,3.8714287,6.2571425,1.5,88.98572,0.22857143,0.2,0.3285714,8.342857,2.357143,0.0003369972,0.0012606308,0.005825667,0.016235199,0.0008986406,False
1999-12-06,259.29,36.3,4.3285713,6.1857142,1.7428571,80.557144,0.61428565,0.59999996,0.74285716,8.857142,2.7714286,0.00022213906,0.0012585074,0.0004898423,0.0014094766,0.0032924488,True
1999-12-13,259.2,45.6,5.8142858,7.5285716,4.1285715,81.85714,0.61428577,0.61428577,0.7285714,9.828571,4.042857,0.0007767156,0.0012796894,0.00036919684,0.0024444312,0.0014606267,True
1999-12-20,259.24,14.5,0.11428569,1.8142859,-1.7428572,84.57143,0.18571429,0.18571429,0.37142858,10.142858,0.64285713,6.7830086e-05,0.0013772547,0.0070962734,0.0011671651,0.010995351,True
1999-12-27,259.3,26.699999,0.8714286,2.8285713,-1.4142857,88.42857,0.27142859,0.27142859,0.3285714,10.242857,0.45714286,0.0004002005,0.0015238747,0.011309959,0.010796573,0.020572059,True
2000-01-03,259.32,6.1000004,2.1571429,3.2571428,0.54285717,91.57143,0.125,0.125,0.29999998,10.6,0.425,0.00032763183,0.0017188862,0.021838285,0.0131750945,0.0068986155,True
2000-01-10,259.37,14.6,2.757143,5.2714286,0.24285719,89.942856,0.25714284,0.25714284,0.24285714,10.2,2.1142857,0.0007148385,0.0024443567,0.0050952663,0.01384072,4.3205917e-05,True
2000-01-17,259.34,1.2,0.7285715,2.2142856,-1.7857143,88.25715,0.15714286,0.15714286,0.24285714,10.1,0.18571429,0.00011022389,0.0027554482,0.0019021148,0.0023180246,0.0017480403,True
2000-01-24,259.29,27.599998,-1.0714287,1.9428571,-3.5,81.77143,0.3285714,0.3285714,0.42857143,10.285714,0.5857143,0.00021915138,0.0032588094,0.0041304654,0.001237439,0.009028405,True
2000-01-31,259.41839749776085,61.7,1.6428572,3.557143,-1.7714285,81.957146,0.55714285,0.55714285,0.64285713,10.557143,1.0142857,0.0018011034,0.0040944368,0.007442304,0.011856148,0.004680056,True
2000-02-07,259.27,18.5,6.214286,8.685715,4.0,80.87144,0.75714284,0.75714284,0.8,10.414286,4.5142856,0.000186041,0.0049762055,0.00011853945,0.0007781852,4.9337745e-05,True
2000-02-14,259.34,32.3,3.8428574,6.9428573,1.3285714,77.41429,0.9285714,0.9285714,0.85714287,10.4,3.357143,0.00031461567,0.0062509775,0.0011880114,0.001677895,0.005534373,True
2000-02-21,259.44,23.4,0.9285714,3.5142858,-1.5428572,87.32857,0.4714286,0.45714286,0.5,10.6,1.7142857,0.0003084764,0.006978795,0.006211962,0.006422624,0.012515882,True
2000-02-28,259.51,34.2,3.414286,7.2714286,0.10000004,81.75714,0.82857144,0.82857144,0.7571429,10.614285,2.9285715,0.0013252646,0.008322112,0.011362479,0.02621778,0.018316101,True
2000-03-06,259.64,20.5,3.2142856,5.8,0.9285714,80.38572,0.9714285,0.9571429,0.95714283,10.6285715,3.2142856,0.0005959198,0.009854853,0.0019498667,0.004419786,0.005180467,True
2000-03-13,259.79,97.0,6.871429,9.328572,4.428571,82.38572,1.1000001,1.1000001,1.0428572,10.757143,6.1857142,0.0021436661,0.015054293,0.0004142466,0.003515033,0.0009198226,True
2000-03-20,259.64,45.899998,4.4,7.557143,2.0428572,82.12858,0.9285714,0.9285714,1.1,10.885715,5.0,0.00083495677,0.018748656,0.0010670935,0.0037179366,0.004081376,True
2000-03-27,259.49,6.2000003,6.7428575,11.642858,2.7857144,81.58571,1.1571429,1.0571429,1.1999999,10.085714,7.8,0.0002047047,0.02041994,7.1321214e-05,0.00038018078,0.0,True
2000-04-03,259.44,9.5,6.0428576,9.285714,2.9428573,82.25714,1.0571429,1.0142857,1.1428572,10.2,6.428571,0.00019197166,0.019368492,6.545725e-05,0.00036384165,0.0003561154,True
2000-04-10,259.26,2.7,5.9857144,10.785714,1.5428572,68.58572,1.6,1.3571428,1.8142856,9.6,7.9428573,0.00011460483,0.017570868,6.9822585e-07,2.3003668e-06,1.4081597e-06,True
2000-04-17,259.22,9.7,7.5285716,12.842857,2.8428574,72.200005,1.7714285,1.5428573,1.9,9.185715,8.3714285,0.00021009892,0.015574053,2.861023e-06,2.1873042e-05,2.1860003e-05,True
2000-04-24,259.19,7.9,13.471429,19.214285,8.214286,73.54286,2.4285715,2.0142858,2.4428573,8.9,14.6285715,0.00037492812,0.0136770755,-7.345365000000001e-25,8.940697e-08,0.0,True
2000-05-01,259.1,7.5,15.485715,21.171429,9.614286,77.1,2.7571428,2.2285714,2.9428573,8.242857,17.385714,0.0005673915,0.011997372,-7.345365000000001e-25,1.1175871e-08,0.0,True
2000-05-08,259.16,11.5,16.27143,23.071428,9.385714,62.94286,3.8,2.8142858,3.957143,7.571429,18.885714,5.635619e-05,0.010479137,-7.345365000000001e-25,3.7252903e-09,0.0,True
2000-05-15,259.04,0.0,16.757143,23.885715,9.542857,60.142857,4.142857,2.0142858,4.0857143,6.6571426,20.714285,5.379319e-06,0.009058796,-7.345365000000001e-25,7.450581e-09,0.0,True
2000-05-22,259.11,36.1,12.800001,18.585714,8.400001,75.9,2.6714287,1.5714284,2.8428571,6.385714,16.585714,0.0001731962,0.007789947,-7.345365000000001e-25,3.7252903e-09,0.0,True
2000-05-29,258.99493212752395,13.299999,12.357142,16.942858,7.9428573,74.34286,2.7,1.8999999,2.542857,6.542857,15.085714,7.183105e-05,0.0068713054,-7.345365000000001e-25,7.450581e-09,0.0,False
2000-06-05,259.01,17.0,16.142857,21.228573,10.285714,75.65715,3.2285714,1.8857143,3.2428572,6.257143,18.471428,0.00021123886,0.0060481206,-7.345365000000001e-25,7.450581e-09,0.0,True
2000-06-12,258.96,14.699999,16.342857,22.0,10.800001,74.85714,3.585714,2.2571428,3.6857142,6.4142857,19.62857,4.938245e-05,0.005330652,-7.345365000000001e-25,1.1175871e-08,0.0,True
2000-06-19,258.9,1.3,17.1,23.057144,9.728572,66.25715,3.9428573,1.7571428,4.0,5.9,20.657143,1.975894e-05,0.004669301,-7.345365000000001e-25,7.450581e-09,0.0,True
2000-06-26,258.84,26.2,17.328571,22.485716,13.042857,68.57143,3.8142853,1.7285715,3.6571429,5.5142856,20.4,0.00013794005,0.00406301,-7.345365000000001e-25,7.450581e-09,0.0,True
2000-07-03,258.9,15.4,13.900001,18.028572,8.414286,75.72858,2.7000003,1.3428571,2.5714285,5.428571,16.72857,0.00010165572,0.0036288202,-7.345365000000001e-25,7.450581e-09,0.0,True
2000-07-10,259.01,44.5,14.485715,18.028572,11.471429,81.97143,2.2142859,1.7857143,2.3428571,6.4857144,16.985714,0.00032284856,0.00328324,-7.345365000000001e-25,7.450581e-09,0.0,True
2000-07-17,258.94,6.6,13.214286,16.9,9.828572,79.01428,2.0714288,1.6714286,2.3142858,6.9714284,15.342857,0.00017015636,0.0030042306,-7.345365000000001e-25,3.7252903e-09,0.0,True
2000-07-24,258.99,3.6000001,14.685715,18.714285,10.971429,80.328575,2.0714285,1.4285715,2.2571428,6.571429,16.685715,0.00019918382,0.0027788281,-7.345365000000001e-25,7.450581e-09,0.0,True
2000-07-31,258.9695390063693,21.0,16.314287,20.2,13.7,81.77143,2.085714,1.7,2.3285713,7.1714287,18.142857,0.00027103722,0.0025938079,-7.345365000000001e-25,1.8626451e-08,0.0,True
2000-08-07,258.94,11.400001,17.514286,23.128572,11.8714285,71.0,2.8428574,2.2428572,2.9142857,7.385714,19.62857,0.00015676022,0.0024284944,-7.345365000000001e-25,1.1175871e-08,0.0,True
2000-08-14,258.89,4.3999996,18.442858,24.914288,12.900001,70.64286,2.6857142,1.942857,2.642857,6.8285713,20.257143,0.00012914836,0.0022839233,-7.345365000000001e-25,3.7252903e-09,0.0,True
2000-08-21,258.97,39.8,18.97143,24.600002,15.357142,78.34286,2.6,2.1,2.3428571,6.857143,21.37143,0.0010165274,0.0021427944,-7.345365000000001e-25,1.1175871e-08,0.0,True
2000-08-28,259.04,7.3,16.0,21.7,10.614286,71.057144,2.5285716,2.0571427,2.3714287,7.3142858,18.87143,5.480647e-05,0.002027899,-7.345365000000001e-25,9.313226e-09,0.0,True
2000-09-04,258.99,22.4,14.471429,18.914288,11.357142,78.67143,1.7142857,1.4714286,1.9285715,7.2,16.757143,0.00040397048,0.0019242764,-7.345365000000001e-25,3.7252903e-09,0.0,True
2000-09-11,258.94,16.3,14.785714,18.84286,11.042857,84.47143,1.3571428,1.2,1.7142857,7.7285714,15.671429,0.00035649538,0.0018559396,-7.345365000000001e-25,3.7252903e-09,0.0,True
2000-09-18,258.89,14.5,15.585715,19.757143,12.585715,80.828575,1.3285714,1.1571429,1.7142857,7.6857142,16.72857,0.0007650405,0.001797393,-7.345365000000001e-25,5.5879354e-09,0.0,True
2000-09-25,258.87,4.1,10.3714285,15.142858,6.4,82.97143,1.0857142,0.91428566,1.3285714,7.9142857,12.3,0.00012348592,0.001752615,-7.345365000000001e-25,1.8626451e-09,0.0,True
2000-10-02,258.91,4.2,14.528572,20.528574,10.228571,82.04286,1.1285715,0.9714286,1.4714286,7.957143,15.114285,6.458163e-05,0.0017152131,-7.345365000000001e-25,5.5879354e-09,0.0,True
2000-10-09,258.96,17.1,10.042857,14.042857,7.0,85.9,0.62857145,0.5714286,0.8428572,8.085714,11.428572,0.00024010241,0.0016806945,-7.345365000000001e-25,3.7252903e-09,0.0,True
2000-10-16,258.94,5.7,11.1285715,15.071428,7.4000006,82.97143,0.81428576,0.7285714,0.9142857,8.471429,10.657143,9.402633e-05,0.0016571432,-7.345365000000001e-25,7.450581e-09,0.0,True
2000-10-23,258.98,5.9,9.614286,14.857144,5.657143,87.11428,0.55714285,0.4857143,0.62857145,8.3714285,10.157143,8.185208e-05,0.0016383752,-7.345365000000001e-25,1.8626451e-09,0.0,True
2000-10-30,258.96866241427745,21.9,10.257143,12.885715,7.6,80.64286,0.82857144,0.7285714,1.1,8.428572,9.385715,0.00016981363,0.0016231984,-7.345365000000001e-25,7.450581e-09,0.0,True
2000-11-06,259.02,23.1,6.471429,9.17143,3.6714287,83.07143,0.5,0.45714283,0.64285713,8.757143,6.3714285,0.00013871491,0.0016129762,-7.345365000000001e-25,5.5879354e-09,0.0,True
2000-11-13,258.96,8.6,6.7999997,9.757143,3.9428575,80.8,0.5714286,0.50000006,0.6857143,8.6,5.6571426,0.00010059774,0.0016124994,-7.345365000000001e-25,1.8626451e-09,0.0,True
2000-11-20,258.91,7.7,4.9,7.471429,2.8,86.185715,0.3285714,0.3285714,0.44285712,8.985714,4.571429,0.00017154962,0.0016209558,-7.345365000000001e-25,0.0,0.0,True
2000-11-27,258.88,3.3,4.6285715,7.9000006,1.2571429,86.51428,0.22857144,0.22857144,0.2857143,8.857142,3.6285715,5.558133e-05,0.0016432405,0.00015104952,0.00081814453,0.0010953695,True
2000-12-04,258.94,11.099999,7.1285715,9.857142,3.9857142,87.08572,0.21428573,0.21428573,0.12857144,9.014286,5.542857,0.00011007488,0.0016771927,6.6246306e-05,0.00031656027,0.0,True
2000-12-11,259.05,20.4,6.9000006,9.585714,4.3857145,87.04286,0.4,0.4,0.34285715,9.057143,5.5142856,0.00014011562,0.0017225742,1.0728836e-06,3.7029386e-06,0.0,True
2000-12-18,259.17,38.6,4.914286,6.542857,3.5857143,86.58572,0.5142857,0.5,0.6571428,9.8714285,4.4857144,0.00023335963,0.0017770305,0.0018288238,0.0006314367,0.0055532604,True
2000-12-25,259.29,12.5,-3.0,-0.41428572,-5.3428574,89.34286,0.028571429,0.028571429,0.028571429,9.9,-0.62857145,4.1872263e-06,0.0018681809,0.006480064,0.00012955815,0.012373578,True
2001-01-01,259.27,22.9,-0.9571429,1.0,-3.6857142,87.02857,0.083333336,0.083333336,0.25714287,10.016666,-0.06666667,0.00011172891,0.0019651726,0.023501158,0.0011108927,0.009177599,True
2001-01-08,259.24,16.5,3.8714287,6.2428575,1.7571429,85.471436,0.38571426,0.35714287,0.34285715,10.3,1.5142857,0.0013496801,0.00265605,0.008669745,0.026526038,0.00030324608,True
2001-01-15,259.29,1.4000001,-2.2571428,0.51428574,-4.928571,89.64286,0.071428575,0.071428575,0.114285715,10.185715,0.12857144,1.4349818e-05,0.0026182309,0.002105219,0.00018489733,0.0021676607,True
2001-01-22,259.24,19.1,-3.3857143,-0.2,-6.828572,89.01429,0.014285714,0.014285714,0.08571429,10.114285,-1.7428571,2.3663044e-05,0.0030771196,0.0037177007,0.00094648264,0.009446204,True
2001-01-29,259.34669818886096,27.599998,2.642857,4.657143,1.1,91.0,0.37142855,0.37142855,0.40000004,10.471429,0.4,0.0005532503,0.0034064949,0.0054116817,0.01195674,0.009705264,True
2001-02-05,259.3,31.300001,-0.6857143,0.9285714,-3.0571427,90.114296,0.15714286,0.14285715,0.34285715,10.514286,0.12857144,0.0009977594,0.004130557,0.015126478,0.019010251,0.02150958,True
2001-02-12,259.39,5.0,6.371429,10.028572,3.1000001,77.6,0.8000001,0.7714286,0.84285706,10.485714,4.3285713,0.0006814003,0.0051084384,0.0011573519,0.0141422935,0.00017492846,True
2001-02-19,259.49,1.3000001,2.757143,7.714286,-0.59999996,80.814285,0.5428571,0.5,0.51428574,10.042857,3.0857143,5.708635e-05,0.0067481026,0.0006112712,0.0011426043,0.0026642121,True
2001-02-26,259.57,31.9,-0.25714287,2.9428573,-2.9714284,81.557144,0.45714286,0.44285712,0.7,10.1285715,1.3857143,0.00016285479,0.0072881505,0.0055279336,0.0017319042,0.011469357,True
2001-03-05,259.49,8.599999,-0.31428573,3.1000001,-2.957143,83.04286,0.44285712,0.42857143,0.59999996,10.157143,0.4857143,8.5264444e-05,0.007419437,0.010751451,0.0038162973,0.010999069,True
2001-03-12,259.45,13.9,5.957143,9.785714,2.5,84.61428,0.8714286,0.85714287,0.88571423,10.185715,5.357143,0.00065772235,0.0074363723,0.006152312,0.016271181,5.1930547e-06,True
2001-03-19,259.39,20.8,4.2571425,8.0,1.9857143,83.85714,0.88571435,0.88571435,0.90000004,10.428572,4.885714,0.0005143136,0.007757686,0.000636061,0.0017117783,0.0055769235,True
2001-03-26,259.28,44.0,1.3428572,3.957143,-0.4714286,85.24286,0.50000006,0.50000006,0.7571429,11.0,2.4714286,0.00066289306,0.008648582,0.007480173,0.009303261,0.024561357,True
2001-04-02,259.28,2.8,6.0285716,10.985715,0.90000004,77.35714,1.4142858,1.3285713,1.4571428,10.428572,6.1,0.0006704107,0.010606356,0.007820465,0.018380314,0.00045817718,True
2001-04-09,259.32,22.5,8.457143,13.257143,4.3,75.35714,1.6857144,1.6285715,1.6857144,9.842857,8.942857,0.00044707954,0.012380019,2.255894e-05,0.00021217205,4.947558e-05,True
2001-04-16,259.35,20.3,4.428571,8.014286,1.9714286,77.14286,1.0857142,1.0428572,1.4,9.928572,6.0,0.00043548644,0.012579113,0.0012319145,0.00554331,0.0069035403,True
2001-04-23,259.39,3.6,4.4857144,8.657143,0.9142857,74.64286,1.4142857,1.3,1.6142857,9.985714,5.9428573,0.00020615011,0.0124026835,0.00048434167,0.0020061694,0.0007915441,True
2001-04-30,259.31172326505055,17.6,10.842857,15.6285715,6.157143,77.971436,2.1000001,1.942857,2.0428572,9.742857,11.442857,0.00032825768,0.0120564625,8.588746e-06,6.86124e-05,0.0,True
2001-05-07,259.29,11.1,12.900001,17.485714,8.614286,72.27143,2.5714285,2.142857,2.6714287,9.1,14.757143,0.00010879338,0.011441991,-7.345365000000001e-25,7.450581e-09,0.0,True
2001-05-14,259.19,0.0,15.300001,21.742859,7.857143,64.41428,3.785714,2.8,3.8285713,8.3714285,17.72857,1.7732382e-06,0.010630168,-7.345365000000001e-25,0.0,0.0,True
2001-05-21,259.12,4.7,12.971429,18.042858,8.214286,72.442856,2.7142856,2.0857143,3.0571427,7.614286,15.914286,6.309152e-05,0.009578697,-7.345365000000001e-25,7.450581e-09,0.0,True
2001-05-28,259.04,8.5,15.585715,21.442858,8.314286,61.100002,3.5714288,1.9857143,3.4571426,6.785714,18.842857,8.940697e-06,0.008476928,-7.345365000000001e-25,0.0,0.0,True
2001-06-04,259.07,40.0,12.2,15.871429,9.385714,78.5,2.542857,1.6857141,2.5714285,6.8285713,14.757143,0.0003361404,0.0074681714,-7.345365000000001e-25,3.7252903e-09,0.0,True
2001-06-11,259.04,11.799999,12.1285715,16.314287,8.242857,78.04286,2.0714285,1.8,2.4857142,7.457143,14.585714,0.00017431378,0.0066870004,-7.345365000000001e-25,0.0,0.0,True
2001-06-18,258.99,9.3,15.242858,19.728573,10.185715,75.4,2.6857145,2.2714286,2.8999999,7.4142857,17.4,0.0003317967,0.00600221,-7.345365000000001e-25,3.7252903e-09,0.0,True
2001-06-25,258.91,7.5,14.414286,19.285715,9.385715,73.85714,2.9857142,2.2714286,3.2714286,7.385714,17.3,0.000109925866,0.0054325536,-7.345365000000001e-25,3.7252903e-09,0.0,True
2001-07-02,259.01,7.4,18.657145,24.428572,12.828572,70.54286,3.5857143,2.642857,3.957143,6.885714,21.8,0.00011116266,0.0049018934,-7.345365000000001e-25,1.1175871e-08,0.0,True
2001-07-09,259.09,46.2,19.27143,24.485716,13.757143,71.8,3.885714,2.4285715,3.9857142,6.6285715,21.814285,0.00021626055,0.0044133216,-7.345365000000001e-25,1.8626451e-08,0.0,True
2001-07-16,259.07,39.0,16.2,20.37143,12.614286,76.41429,2.9571426,2.542857,2.9428573,7.4,18.671429,0.0012494251,0.0040016845,-7.345365000000001e-25,3.7252903e-09,0.0,True
2001-07-23,258.99,3.0,17.285715,22.84286,11.714286,73.24286,3.057143,2.5142858,3.3285713,7.8428574,19.614286,9.7192824e-05,0.003697373,-7.345365000000001e-25,7.450581e-09,0.0,True
2001-07-30,258.90889749113006,0.4,21.514286,28.228573,14.471429,68.41429,3.9857142,2.6714287,4.428571,6.6714287,24.657143,3.2693148e-05,0.0034099966,-7.345365000000001e-25,1.3038516e-08,0.0,False
2001-08-06,258.9,21.400002,18.185715,23.84286,13.528572,80.78571,2.857143,1.9571428,2.9428573,6.1571426,20.77143,0.00024544448,0.0031348765,-7.345365000000001e-25,1.6763806e-08,0.0,True
2001-08-13,258.84,6.4,16.842857,21.642857,13.057143,75.75714,2.4571426,1.942857,2.7285714,6.385714,17.828571,8.457899e-05,0.0029249042,-7.345365000000001e-25,2.0489097e-08,0.0,True
2001-08-20,258.87,2.3,21.357143,27.414288,16.428572,75.700005,3.2000003,1.8857143,3.5285716,5.957143,23.014286,9.7706914e-05,0.0027073622,-7.345365000000001e-25,9.313226e-09,0.0,True
2001-08-27,258.79,2.6,20.942858,27.7,15.757143,76.41429,2.7428575,1.4428571,3.1857142,5.642857,22.828571,5.708635e-05,0.0025163293,-7.345365000000001e-25,7.450581e-09,0.0,True
2001-09-03,258.94,17.0,15.942858,20.67143,11.314285,73.35714,1.942857,1.1714287,2.2714286,5.5571427,17.685715,0.00012673438,0.0023407862,-7.345365000000001e-25,7.450581e-09,0.0,True
2001-09-10,259.05,76.3,12.314286,15.0,10.271429,88.24286,1.4285715,1.3571428,1.3285714,7.0142856,13.171429,0.0007929057,0.0022148192,-7.345365000000001e-25,7.450581e-09,0.0,True
2001-09-17,259.17,37.600002,11.114286,14.528572,9.185715,91.28571,1.1428572,1.1285715,1.1999999,8.685715,12.028571,0.0007482171,0.0021366924,-7.345365000000001e-25,1.1175871e-08,0.0,True
2001-09-24,259.24,17.3,11.328572,15.1285715,8.4,87.07143,1.0571429,0.9857143,1.2428571,9.428572,11.585714,0.00036129355,0.0021008775,-7.345365000000001e-25,9.313226e-09,0.0,True
2001-10-01,259.19,40.6,12.842857,17.1,9.257143,90.88572,0.85714287,0.8,1.042857,9.742857,13.114285,0.0007404685,0.0021081492,-7.345365000000001e-25,9.313226e-09,0.0,True
2001-10-08,259.13,12.0,13.857142,18.614286,9.971429,86.314285,0.9285715,0.9142858,1.1428572,9.9,13.785714,0.00049717724,0.0021883547,-7.345365000000001e-25,5.5879354e-09,0.0,True
2001-10-15,259.07,0.1,13.942858,19.585714,9.657144,82.88572,0.98571426,0.87142855,1.2285715,9.614285,13.428572,3.3155084e-06,0.0023313984,-7.345365000000001e-25,7.450581e-09,0.0,True
2001-10-22,259.04,3.3,11.271429,16.257143,7.414286,89.94286,0.5857143,0.5142857,0.6857143,9.342857,12.157143,6.855279e-05,0.0024359375,-7.345365000000001e-25,3.7252903e-09,0.0,True
2001-10-29,259.06742082920886,8.9,10.742857,13.142858,8.528571,90.82857,0.42857146,0.41428572,0.62857145,9.614285,10.085714,0.00014349073,0.0024996847,-7.345365000000001e-25,3.7252903e-09,0.0,True
2001-11-05,259.1,8.6,8.857142,11.957144,6.3142858,82.4,0.7,0.6571428,0.94285715,9.7,8.271428,6.854534e-05,0.0025441423,-7.345365000000001e-25,5.5879354e-09,0.0,True
2001-11-12,259.09,47.4,3.4714284,6.357143,0.34285712,87.21429,0.35714287,0.35714287,0.51428574,10.414286,3.6,0.0003312081,0.002585888,0.00088584423,0.0011308994,0.0018399879,True
2001-11-19,259.04,1.0,2.614286,5.6285715,0.11428572,92.61428,0.18571429,0.18571429,0.2857143,10.271428,2.8,8.175522e-05,0.002675876,0.0011717649,0.0021843351,0.0017776191,True
2001-11-26,259.02,36.9,3.6857145,5.8142858,1.5142858,92.07143,0.2857143,0.2857143,0.47142857,10.514286,3.2571428,0.0003783852,0.0027868077,0.0004780917,0.0010979995,0.0011907369,True
2001-12-03,259.08,29.6,4.642857,6.357143,3.0285716,94.35714,0.17142858,0.17142858,0.31428573,10.842857,3.3428571,0.0003516972,0.0029907897,0.00036536512,0.0014827847,0.00110095,True
2001-12-10,259.18,31.9,1.8714286,4.1285715,-0.27142859,91.057144,0.17142858,0.17142858,0.27142859,10.842857,1.9428571,0.0005053431,0.003466338,0.00015917847,6.5188855e-05,0.00065891445,True
2001-12-17,259.27,1.6,-2.3142858,0.42857143,-5.457143,88.6,0.042857144,0.042857144,0.22857143,10.314285,-0.64285713,3.1664968e-05,0.004204169,0.0025024244,0.0002908185,0.0051613264,True
2001-12-24,259.37,65.7,-2.457143,0.42857143,-6.0428576,89.28571,0.057142857,0.057142857,0.34285715,10.671429,-0.18571429,8.779764e-05,0.00467775,0.015917664,0.002004888,0.02888751,True
2001-12-31,259.35309607430673,43.9,-0.4714286,1.5,-2.4714286,87.84286,0.24285714,0.24285714,0.42857143,11.028571,0.0,0.00043519586,0.0042266175,0.03670581,0.008073598,0.020801071,True
2002-01-07,259.49,2.3,-4.8857145,-1.0857143,-9.657143,91.24286,0.071428575,0.071428575,0.17142858,10.457143,-0.31428573,3.1903386e-05,0.0052821934,0.046745487,0.001217192,0.0033035204,True
2002-01-14,259.54,0.5,-2.3428574,-0.114285715,-4.914286,94.97143,0.028571429,0.028571429,0.114285715,10.3,-0.08571429,7.0258975e-06,0.005511366,0.04804223,0.00035501644,0.0017182007,True
2002-01-21,259.49,22.800001,0.5285714,2.6857142,-2.5285716,91.48572,0.21428572,0.21428572,0.32857147,10.328571,0.45714286,0.0020317286,0.006225385,0.043600526,0.035998553,0.0014682598,True
2002-01-28,259.59,52.600002,6.2428575,9.17143,2.3428574,83.72857,1.0428572,1.0428572,0.90000004,10.642858,4.8428574,0.0021706745,0.008323818,0.004015786,0.016069762,0.00020391122,True
2002-02-04,259.54,1.3000001,8.885715,12.314286,5.457143,68.48572,1.2142857,1.1571428,1.1714286,10.342857,6.3,2.5339425e-05,0.012152739,7.226354e-06,5.0993636e-05,0.0,True
2002-02-11,259.4,44.1,7.3142858,9.571428,4.542857,85.67143,0.8571429,0.81428576,0.85714287,10.157143,6.0571427,0.0004202351,0.013133496,5.676633e-08,7.748604e-07,6.7055225e-07,True
2002-02-18,259.37,5.0,2.7857144,7.2571435,-0.4857143,78.65715,0.8428572,0.8285714,0.82857144,10.614285,3.357143,0.00041754544,0.012991548,1.0643686e-05,8.512288e-06,4.61787e-05,True
2002-02-25,259.47,78.5,1.2714285,3.7142856,-1.1714286,87.84286,0.6857143,0.6857143,0.67142856,10.971429,1.5428572,0.00087316334,0.012924969,0.0066926423,0.009858081,0.020334408,True
2002-03-04,259.44,24.0,3.757143,6.8285713,0.08571427,79.21429,1.0857142,1.0857142,1.0142857,10.814285,3.5,0.0021055117,0.020133257,0.0014227345,0.01096312,0.0012303218,True
2002-03-11,259.4,15.3,5.714286,9.814286,1.6714286,75.75714,1.3857143,1.3285714,1.3000001,10.185715,5.2714286,0.00015757978,0.020135581,0.00015839508,0.00074849837,1.0635704e-05,True
2002-03-18,259.34,16.8,5.3714285,9.185715,1.457143,86.72858,0.9571429,0.90000004,0.9142857,10.028571,5.957143,0.00031855702,0.018893205,0.0039591393,0.011359876,0.011828829,True
2002-03-25,259.29,12.4,4.7428575,7.8142858,2.8285716,80.828575,0.9142857,0.9142857,1.1,10.571428,5.214286,0.00087708235,0.01730305,0.00047759214,0.00063327514,0.0017576367,True
2002-04-01,259.2,0.0,4.857143,11.785714,-0.7571429,73.74286,1.6285715,1.3857142,1.6571428,9.885715,7.0571427,2.8125942e-05,0.016008072,0.0005604369,0.0013245773,3.5643578e-05,True
2002-04-08,259.11,0.0,5.1857142,11.385715,-0.5285714,64.67143,2.3428571,1.7857144,2.3428571,8.942857,8.6285715,6.7055225e-07,0.014373839,9.638922e-06,3.5980716e-05,3.344938e-05,True
2002-04-15,259.03,17.0,5.6142855,8.728572,1.9714286,82.77143,1.2857143,1.0142857,1.4,8.542857,7.542857,0.00028161705,0.012729406,2.6623409e-06,1.071766e-05,4.7683716e-07,True
2002-04-22,259.11,3.5,7.6,12.257143,3.0428574,83.28571,1.4428571,1.3000001,1.6285714,9.4,9.8714285,0.0001859814,0.011341326,-7.2791902999999985e-25,2.9802322e-08,0.0,True
2002-04-29,259.1840533649016,30.0,9.657144,13.400001,6.0,82.14286,1.8000001,1.7285715,1.8000001,9.3714285,11.171429,0.00031019002,0.01014439,-7.2791902999999985e-25,0.0,0.0,True
2002-05-06,259.19,24.6,9.985715,12.957144,7.5,85.41429,1.3714286,1.3000001,1.6142857,10.057143,11.085714,0.00057403743,0.009220816,-7.2791902999999985e-25,0.0,0.0,True
2002-05-13,259.14,12.5,14.742858,20.142857,9.685715,83.78571,2.5857143,2.3142855,2.8428571,10.014286,16.814285,0.00027523935,0.008569747,-7.2791902999999985e-25,3.7252903e-09,0.0,True
2002-05-20,259.09,2.8999999,14.67143,19.928572,9.185715,76.27143,2.7857144,2.3285713,3.042857,9.271428,17.757143,0.00018714368,0.007951252,-7.2791902999999985e-25,3.7252903e-09,0.0,True
2002-05-27,259.04,4.5,14.857142,19.77143,9.228571,78.25714,2.642857,2.2857141,2.8999999,8.885715,17.514286,0.00019989908,0.0073394477,-7.2791902999999985e-25,0.0,0.0,True
2002-06-03,259.1,0.3,13.314286,18.9,6.8142858,74.6,3.1285713,2.4999998,3.4285715,8.3714285,17.62857,0.00013197213,0.006794162,-7.2791902999999985e-25,3.7252903e-09,0.0,True
2002-06-10,259.14,14.2,16.285715,20.514286,11.928572,80.78571,2.542857,2.1,2.8,8.314285,18.928572,0.00043396652,0.006207794,-7.2791902999999985e-25,3.7252903e-09,0.0,True
2002-06-17,259.0,21.1,16.457144,20.828571,12.542857,82.1,2.7571428,2.4714286,2.8285713,8.814285,18.571428,0.00023307651,0.005781643,-7.2791902999999985e-25,7.450581e-09,0.0,True
2002-06-24,258.9,8.7,19.5,24.571428,14.985715,76.1,3.6857145,2.9428573,3.6714287,8.114285,23.142857,0.000626266,0.005336322,-7.2791902999999985e-25,3.7252903e-09,0.0,True
2002-07-01,258.85,7.6,14.971429,19.614286,9.942857,71.38572,3.1571429,2.2428572,3.3,7.3,18.785715,0.00011649728,0.0049219057,-7.2791902999999985e-25,7.450581e-09,0.0,True
2002-07-08,258.9,11.2,15.871429,20.142857,11.357142,79.457146,2.6571426,1.7714287,2.8142858,6.9428573,17.685715,6.54757e-05,0.0045733005,-7.2791902999999985e-25,1.4901161e-08,0.0,True
2002-07-15,258.99,42.600002,18.285715,23.84286,13.17143,80.6,3.1428568,2.3714283,3.3285713,7.285714,21.014286,0.0019587725,0.0041890293,-7.2791902999999985e-25,1.1175871e-08,0.0,True
2002-07-22,259.03,58.600002,15.514287,18.942858,12.928572,83.35714,2.1142857,1.9714286,2.2857144,9.942857,17.557142,0.005272597,0.0049888194,-7.2791902999999985e-25,1.4901161e-08,0.0,True
2002-07-29,259.0048410408207,12.0,17.4,22.028574,12.342857,78.51429,2.8,2.3714287,3.042857,9.528571,19.257143,8.5897744e-05,0.0037652478,-7.2791902999999985e-25,1.4901161e-08,0.0,True
2002-08-05,259.01,14.2,19.485716,25.257143,15.357142,79.15715,2.9857142,2.5142858,3.5,8.8714285,22.828571,0.00026997924,0.003573075,-7.2791902999999985e-25,1.4901161e-08,0.0,True
2002-08-12,258.98,30.0,17.228573,21.557144,13.314286,87.28571,1.9000002,1.8142859,2.4142857,9.585714,19.957144,0.0032455325,0.0034190938,-7.2791902999999985e-25,1.4901161e-08,0.0,True
2002-08-19,258.94,0.9,19.114286,25.085714,14.328572,78.75715,2.8142855,2.414286,3.3857143,9.757143,21.657143,7.401407e-05,0.0033063516,-7.2791902999999985e-25,1.4901161e-08,0.0,True
2002-08-26,258.89,10.4,19.514286,25.828571,14.357142,79.21429,2.6285713,2.2428572,3.1571429,8.957143,22.6,0.00016526878,0.0031875446,-7.2791902999999985e-25,9.313226e-09,0.0,True
2002-09-02,258.94,5.0,18.357143,24.285715,13.8,78.01429,2.285714,1.8285716,2.9285715,8.685715,21.585714,8.8490546e-05,0.0030734465,-7.2791902999999985e-25,5.5879354e-09,0.0,True
2002-09-09,258.88,1.9,16.842857,23.528574,11.071428,76.25715,2.2571428,1.5857143,2.6571429,8.1285715,19.185715,1.911819e-05,0.0029551983,-7.2791902999999985e-25,9.313226e-09,0.0,True
2002-09-16,258.96,20.9,13.17143,18.742859,9.357142,84.0,1.4714286,1.1571428,2.0142856,8.385715,16.157143,0.0008588284,0.002837509,-7.2791902999999985e-25,7.450581e-09,0.0,True
2002-09-23,259.02,8.9,11.414286,14.728571,8.985715,85.42857,0.9142858,0.7142858,1.1714286,8.214286,13.642858,0.00013759732,0.00274951,-7.2791902999999985e-25,9.313226e-09,0.0,True
2002-09-30,258.91665282524536,5.7999997,8.414286,13.642858,4.157143,83.02857,0.91428566,0.8,1.2428571,8.614285,10.514286,9.7975135e-05,0.0026773438,-7.2791902999999985e-25,1.8626451e-09,0.0,True
2002-10-07,258.95,30.3,10.214286,14.400001,6.557143,86.72858,0.82857144,0.7428571,1.0714285,8.842857,11.428572,0.00037812442,0.002605334,-7.2791902999999985e-25,5.5879354e-09,0.0,True
2002-10-14,258.87,3.4,5.142857,8.671429,1.957143,81.114296,0.62857145,0.5714286,0.9142857,9.242857,6.3285713,3.5896897e-05,0.0025571287,2.5340489e-05,0.000119837,0.00014635175,True
2002-10-21,258.8,28.3,7.7000003,10.757143,5.4,86.52857,0.59999996,0.5857143,0.8,9.842857,7.5857143,0.00019681454,0.0025249273,1.9073486e-06,2.9992312e-05,0.0,True
2002-10-28,258.73,60.0,8.757143,12.014285,5.328572,81.84286,1.1571429,1.1428572,1.0571429,10.642858,8.028571,0.0009541884,0.0025144517,-7.2791902999999985e-25,7.450581e-09,0.0,True
2002-11-04,258.99,32.3,5.1285715,8.5,2.614286,90.02857,0.34285715,0.32857147,0.42857143,10.928572,5.9428573,0.00096176565,0.002757579,2.1571204e-06,1.5832484e-07,0.00010236353,True
2002-11-11,259.14,33.8,2.642857,5.1714287,-0.35714287,87.34286,0.3857143,0.3857143,0.3857143,11.042857,2.8428571,0.0008928478,0.0031894296,0.0015090534,0.008000014,0.008456906,True
2002-11-18,259.23,13.099999,7.142857,9.900001,4.6142855,90.0,0.32857147,0.32857147,0.42857143,10.771428,5.9428573,0.00042542815,0.0043657795,0.00010363261,0.00084827095,0.0,True
2002-11-25,259.31,3.6,4.0,6.6714287,1.4285715,92.54286,0.17142858,0.17142858,0.22857143,10.557143,3.7428572,0.00011885166,0.0057252795,1.3930457e-05,3.799051e-05,3.837794e-05,True
2002-12-02,259.25,29.7,6.071429,7.8428574,4.142857,92.08572,0.20000002,0.20000002,0.37142858,10.771428,5.0857143,0.00076930225,0.0066462755,9.4232104e-07,5.003065e-06,2.0228326e-06,True
2002-12-09,259.2,3.4,-1.9428571,0.37142864,-3.3,87.24286,0.057142857,0.057142857,0.3,10.457143,0.62857145,3.2112002e-05,0.008044131,0.00048024315,1.1660159e-06,0.001068145,True
2002-12-16,259.15,8.0,-6.3,-3.7571428,-9.157143,89.64286,0.014285714,0.014285714,0.071428575,10.314285,-3.6571429,6.5624714e-05,0.008793585,0.0010853268,0.00029102713,0.0004949905,True
2002-12-23,259.04,25.1,-0.90000004,0.88571435,-3.0857143,93.17143,0.014285714,0.014285714,0.21428572,10.557143,-0.87142855,0.0011583567,0.0088681355,0.0031098695,9.232573e-05,0.0033375584,True
2002-12-30,259.393662687868,77.5,2.4285715,3.9857144,0.9857143,93.75715,0.14285715,0.14285715,0.27142859,11.028571,0.18571429,0.0030564517,0.011947736,0.0033720392,0.005399568,0.010521989,True
2003-01-06,259.11,53.4,-0.64285713,2.5571427,-3.4857144,87.0,0.0,0.0,0.34285715,11.7,0.3,0.0043001324,0.019410074,0.007930352,0.01709447,0.0113421045,True
2003-01-13,259.16,17.1,-6.8428574,-3.614286,-11.014285,86.1,0.028571429,0.028571429,0.2,10.471429,-1.3142858,0.00019101799,0.025550447,0.0070144734,0.0027475506,0.0075854845,True
2003-01-20,259.19,1.8,2.5142858,4.714286,0.55714285,85.314285,0.41428572,0.41428572,0.44285712,10.357142,0.6,0.0003129542,0.023721173,0.0032381783,0.0107100755,0.000647746,True
2003-01-27,259.22,18.8,3.2571428,5.228572,0.61428577,88.22858,0.3,0.3,0.42857143,10.271428,1.6428572,0.00013241172,0.02128525,0.0008712099,0.0027093198,0.0021463484,True
2003-02-03,259.23,35.0,-0.82857144,1.8142859,-2.8428574,86.67143,0.2857143,0.2857143,0.5,10.7,0.74285716,0.0002956912,0.018837266,0.008814993,0.0015167221,0.018501464,True
2003-02-10,259.2,7.1,-2.0142858,0.5,-4.542857,90.814285,0.12857144,0.12857144,0.35714287,10.514286,0.0,5.7578087e-05,0.016734958,0.018386547,0.0026381407,0.0043888837,True
2003-02-17,259.25,0.1,-5.585715,-1.5571429,-9.2,81.54286,0.042857144,0.042857144,0.44285718,10.228572,-0.62857145,1.7881393e-07,0.014855482,0.017283764,1.0356307e-05,0.0012389235,True
2003-02-24,259.37,0.0,-3.5285716,1.1428572,-7.728572,86.314285,0.34285715,0.31428573,0.45714286,10.142858,-0.5714286,0.00010341406,0.013214134,0.015703509,0.0061326325,0.0006191954,True
2003-03-03,259.34,3.9,2.1571429,7.557143,-1.7571429,85.17143,0.67142856,0.5857143,0.7428571,9.885715,0.8428571,0.00025089085,0.011808783,0.004358513,0.009168336,1.899898e-07,True
2003-03-10,259.31,10.1,4.714286,8.228571,1.3714286,83.72858,0.81428576,0.8000001,0.95714283,10.028571,3.557143,0.00015799701,0.010698877,0.00034628596,0.0010112338,0.0,True
2003-03-17,259.29,15.4,2.9428573,7.214286,-0.39999992,82.84286,0.9714286,0.92857134,1.1285714,10.142858,4.4,0.00024971366,0.009854741,8.824893e-05,0.00023387559,0.00032965094,True
2003-03-24,259.33,0.0,3.3857143,10.357142,-2.2285714,66.5,1.6142856,1.3142859,1.6714286,9.557143,5.142857,1.1384487e-05,0.009178393,0.00027952876,0.00062515587,0.00071319565,True
2003-03-31,259.25845262351214,1.3000001,8.5,15.642858,3.0571427,73.799995,1.7428571,1.4,1.9,8.8714285,9.757143,5.2794814e-05,0.008478969,1.5145257e-05,0.00011491962,0.0,True
2003-04-07,259.3,14.0,4.0142856,8.542857,-0.29999998,69.314285,1.6428572,1.4142858,1.7142857,8.785714,6.0142856,0.00016102195,0.0078019574,0.00033013025,0.00053945184,0.0017002337,True
2003-04-14,259.32,1.4,2.857143,9.242857,-3.3714287,67.91429,1.8714285,1.4142857,2.0,8.385715,5.957143,3.8541853e-05,0.007199593,0.0014059941,0.0027073305,0.0020795688,True
2003-04-21,259.19,19.599998,9.385715,16.071428,2.957143,68.98572,3.1857142,2.2285712,2.957143,7.5285716,11.6285715,0.00019818544,0.0065669417,0.00035301843,0.0034360196,0.0032721423,True
2003-04-28,259.14,7.3999996,12.6285715,18.97143,6.557143,66.328575,2.8428574,1.8142856,2.8428571,7.0571427,14.028571,2.6106834e-05,0.0059608594,2.6680175e-06,2.368167e-05,0.0,True
2003-05-05,259.12,8.5,13.7,19.757143,7.2714286,67.78571,3.357143,2.1142857,3.1571429,6.8714285,14.271428,9.484589e-05,0.0054236203,-7.2791902999999985e-25,3.7252903e-09,0.0,True
2003-05-12,259.05,20.7,14.1285715,19.828571,9.428572,78.057144,2.6000001,1.4428571,2.8,6.5285716,17.114286,0.0001173839,0.004896313,-7.2791902999999985e-25,3.7252903e-09,0.0,True
2003-05-19,259.06,24.400002,10.357142,15.400001,6.042857,78.77143,2.2,1.6571429,2.2857144,6.757143,13.542857,0.00075623393,0.0044556484,-7.2791902999999985e-25,3.7252903e-09,0.0,True
2003-05-26,259.02,8.5,13.985715,18.857143,9.614286,76.92857,2.642857,1.8714286,2.957143,6.957143,15.914286,5.3226948e-05,0.0040748715,-7.2791902999999985e-25,0.0,0.0,True
2003-06-02,258.99,8.9,17.500002,23.571428,11.742858,69.84286,3.842857,1.8428571,4.2571425,6.285714,21.12857,7.561594e-05,0.0036891028,-7.2791902999999985e-25,7.450581e-09,0.0,True
2003-06-09,258.96,30.2,20.042858,27.0,13.942858,72.64286,4.2285714,2.5285714,4.6285715,6.1571426,23.9,0.0001168102,0.0032993928,-7.2791902999999985e-25,7.450581e-09,0.0,True
2003-06-16,258.9,11.7,18.328571,24.114286,11.328572,70.17143,4.0,2.3714287,4.085714,5.9142857,22.985714,7.070601e-05,0.0029481128,-7.2791902999999985e-25,3.7252903e-09,0.0,True
2003-06-23,258.84,7.1000004,17.314287,22.542858,11.785714,71.4,3.7285714,2.1285715,3.8428571,5.6,20.428572,0.00014804304,0.0026558936,-7.2791902999999985e-25,1.1175871e-08,0.0,True
2003-06-30,258.7378618451136,2.5,17.957144,23.957144,11.17143,68.700005,4.0285716,1.2571429,4.2571425,5.1,22.114286,2.0042062e-05,0.0023916215,-7.2791902999999985e-25,7.450581e-09,0.0,True
2003-07-07,258.78,6.0,15.599999,19.285715,12.6,77.74286,2.3714287,1.5285715,2.5714285,5.357143,17.714285,7.939339e-05,0.0021645427,-7.2791902999999985e-25,1.8626451e-08,0.0,True
2003-07-14,258.64,0.0,17.37143,23.328571,10.414286,66.92857,3.8285713,1.3714286,4.0142856,5.0,20.87143,5.990267e-06,0.0019789562,-7.2791902999999985e-25,1.1175871e-08,0.0,True
2003-07-21,258.61,9.3,21.985716,29.27143,14.571428,62.100002,4.857143,1.4,5.042857,4.6714287,24.2,5.9112906e-05,0.0017708242,-7.2791902999999985e-25,7.450581e-09,0.0,True
2003-07-28,258.59,37.8,19.328571,25.457144,14.714286,77.200005,3.142857,2.0857143,3.3285713,4.9428573,22.557142,0.00012676418,0.0015917644,-7.2791902999999985e-25,7.450581e-09,0.0,True
2003-08-04,258.57,0.5,22.014286,29.114286,14.985715,64.75715,3.957143,1.6,4.3142858,4.8285713,24.557142,5.093217e-05,0.0014516339,-7.2791902999999985e-25,7.450581e-09,0.0,True
2003-08-11,258.54,0.0,23.5,32.228573,15.1285715,53.05714,5.0999994,0.84285706,5.3428574,4.242857,26.071428,0.0,0.0012943745,-7.2791902999999985e-25,7.450581e-09,0.0,True
2003-08-18,258.49,13.3,20.87143,27.84286,13.942857,59.457146,4.1142855,0.64285713,4.428571,3.9571428,23.671429,3.1411648e-05,0.0011517033,-7.2791902999999985e-25,1.1175871e-08,0.0,True
2003-08-25,258.42,1.5,17.671429,23.342855,12.728572,69.62857,2.8428574,0.55714285,3.0857143,4.0,20.685715,1.3515353e-05,0.0010476634,-7.325276e-25,7.450581e-09,0.0,True
2003-09-01,258.49,21.2,14.271429,19.957142,10.114286,74.77143,2.0428572,0.90000004,2.3428571,4.3714285,17.0,0.00019633025,0.0009699166,-7.345365000000001e-25,9.313226e-09,0.0,True
2003-09-08,258.61,4.3,13.585715,19.642857,8.1285715,76.78571,1.8857144,1.1571429,2.1142857,4.571429,15.928572,5.6505203e-05,0.0009101629,-7.345365000000001e-25,5.5879354e-09,0.0,True
2003-09-15,258.74,42.699997,12.528572,17.57143,8.185715,81.6,1.5,1.1999999,1.9,6.0142856,14.842857,0.0010540038,0.00085894763,-7.345365000000001e-25,3.7252903e-09,0.0,True
2003-09-22,258.86,0.8,17.328571,25.7,10.300001,66.92857,2.4714286,1.7857143,2.7142856,5.8428574,18.157143,2.0712614e-06,0.0008125454,-7.345365000000001e-25,7.450581e-09,0.0,True
2003-09-29,258.7043020924833,4.3,10.185715,16.242857,5.142857,80.557144,1.3000001,0.99999994,1.5,5.6714287,12.914286,0.00014270842,0.0007702261,-7.345365000000001e-25,3.7252903e-09,0.0,True
2003-10-06,258.83,25.2,9.028571,13.614286,4.7571425,86.557144,0.88571435,0.78571427,1.1,6.1714287,10.957143,0.0002772361,0.00073969364,-7.345365000000001e-25,0.0,0.0,True
2003-10-13,258.9,36.7,7.8428574,11.400001,4.957143,85.614296,0.8571429,0.8,1.0714285,7.4857144,8.8,0.00024419278,0.00071671605,-7.345365000000001e-25,5.5879354e-09,0.0,True
2003-10-20,258.93,0.0,2.8142858,8.585714,-1.3714286,82.52857,0.6,0.50000006,0.7,7.242857,5.3428574,1.3560057e-06,0.0006990507,-7.345365000000001e-25,0.0,0.0,True
2003-10-27,258.84,16.3,1.5428572,4.085715,-1.1285714,87.98572,0.29999998,0.27142859,0.5285714,7.3428574,2.9714286,0.0001055263,0.0006856099,0.00016151156,0.00031448156,0.00040570647,True
2003-11-03,258.9,15.2,5.8428574,8.614286,2.5714285,85.700005,0.5285714,0.5,0.6571428,7.5142856,4.9142857,0.00011822581,0.0006747246,2.6038715e-05,8.546561e-05,9.685755e-08,True
2003-11-10,258.94,0.2,3.6571429,8.057143,0.61428577,87.48572,0.3857143,0.3285714,0.37142858,7.6857142,4.642857,4.8726797e-06,0.00066488236,-7.345365000000001e-25,9.126961e-08,0.0,True
2003-11-17,259.0,18.2,2.5,5.657143,-0.38571438,89.5,0.27142859,0.25714287,0.2857143,7.7714286,2.8714285,0.00015579164,0.0006568432,-7.345365000000001e-25,2.0861626e-07,2.1234155e-07,True
2003-11-24,259.05,4.4,9.014286,11.7,6.2000003,85.34286,0.3857143,0.31428573,0.5,8.314285,7.0571427,3.6783516e-05,0.00065068156,-7.345365000000001e-25,9.313226e-09,0.0,True
2003-12-01,259.28,10.0,6.071429,8.457143,4.2428575,90.92857,0.20000002,0.20000002,0.2857143,8.5,5.5285716,0.00015938282,0.00064596534,-7.345365000000001e-25,1.8626451e-09,0.0,True
2003-12-08,259.34,1.7,0.4714286,3.5142858,-1.5,88.58572,0.18571429,0.18571429,0.2,8.7,2.2142856,1.6093254e-05,0.00064365566,4.0184885e-05,1.4211982e-06,0.00014125556,True
2003-12-15,259.39,62.699997,1.3571428,5.214286,-2.2714286,85.17143,0.40000004,0.40000004,0.31428573,9.285714,0.7714286,0.0005106628,0.0006441176,0.0009218568,0.0021169968,0.0061709136,True
2003-12-22,259.47,13.3,1.7285715,5.057143,-0.67142856,86.27143,0.3285714,0.3285714,0.35714287,10.157143,1.2857143,0.00024722517,0.0006566942,0.0029344957,0.004881315,0.0027875192,True
2003-12-29,259.427606985939,2.6,0.88571435,3.3857143,-2.142857,82.12858,0.25714284,0.25714284,0.4857143,10.057143,0.85714287,0.00011232495,0.000690043,0.0015283482,0.0018387288,0.00019888207,True
2004-01-05,259.49,4.8,-2.9428573,-0.057142854,-5.3285713,85.67143,0.1,0.1,0.21428572,9.95,0.2,8.419156e-07,0.0007377714,0.0022947674,1.0976568e-05,0.008306904,True
2004-01-12,259.54,47.3,3.0,5.2714286,0.4428572,86.58572,0.24285714,0.24285714,0.31428573,10.528571,0.057142857,0.0008634776,0.0007912889,0.0066663483,0.014218701,0.009486437,True
2004-01-19,259.49,63.199997,2.2285714,4.1857142,-0.22857149,82.22858,0.51428574,0.51428574,0.5714286,11.214286,1.4,0.0005824566,0.0009245798,0.005789087,0.009056525,0.018780507,True
2004-01-26,259.59,4.6000004,-1.5142858,0.9285714,-3.7285714,83.542854,0.057142857,0.057142857,0.27142856,10.585714,-0.042857144,6.907433e-05,0.0011904463,0.017574837,0.0010123923,0.0067907795,True
2004-02-02,259.49,63.4,2.2142856,3.9428573,-0.04285717,80.82857,0.5,0.5,0.7285714,10.514286,1.0714285,0.0020493492,0.0018678084,0.019473502,0.031836033,0.014304683,True
2004-02-09,259.59,40.3,7.6857142,10.242858,5.957143,74.8,0.98571426,0.98571426,1.1571429,10.6,5.7714286,0.00029610097,0.002229683,0.0020486969,0.0015430693,0.011956751,True
2004-02-16,259.69,18.099998,2.4285715,4.414286,0.39999995,86.814285,0.28571433,0.28571433,0.5857143,10.557143,1.7142857,0.000632897,0.0031064153,0.012288066,0.020285929,0.01244786,True
2004-02-23,259.49,0.2,-0.40000004,2.2428572,-2.9285715,74.84286,0.50000006,0.4857143,0.7428571,10.085714,0.7714286,4.0322542e-05,0.0040893927,0.0033834775,0.0011221431,0.0014919043,True
2004-03-01,259.34,13.0,-1.5142858,2.357143,-5.142857,75.77143,0.44285718,0.41428572,0.7571429,9.971429,0.042857144,1.796335e-05,0.0047882423,0.0056779897,0.0007647611,0.006697364,True
2004-03-08,259.28,4.3,0.08571432,2.957143,-2.757143,75.90001,0.57142854,0.5,0.8428572,9.885715,0.55714285,9.833276e-05,0.005063355,0.00935253,0.003932584,0.0077052414,True
2004-03-15,259.19,5.1,3.7571428,6.414286,0.67142856,80.328575,0.82857144,0.7285714,1.0285714,9.785714,2.7285714,0.00036150217,0.005148761,0.010304497,0.01652648,0.007965963,True
2004-03-22,259.1,29.2,9.942857,14.800001,5.542857,72.12858,1.7142856,1.5714285,1.7428571,9.614285,8.585714,0.00041930377,0.0051831976,5.2656447e-05,0.0005626846,1.9740313e-05,True
2004-03-29,259.29171354871085,0.2,2.414286,6.9428573,-1.9142858,73.5,1.0285714,0.9285714,1.3571428,9.671429,4.542857,2.6166439e-05,0.0053512678,0.00034231233,0.0005918145,0.00087932125,True
2004-04-05,259.22,9.8,8.214286,13.742858,2.5571427,68.75715,2.1000001,1.7428571,2.1571429,8.971429,8.942857,5.5208802e-05,0.0054440573,3.870896e-05,0.00024895556,0.0,True
2004-04-12,259.26,11.8,4.3,8.257143,0.7285714,84.25714,1.1714286,1.0857142,1.3571428,9.3,6.3,0.00025121868,0.0053951517,0.00023053374,0.0011663828,0.0012078322,True
2004-04-19,259.29,6.7999997,10.271429,15.714287,4.871429,64.1,2.2714286,1.857143,2.4285715,8.642858,11.685715,6.123632e-05,0.005283311,1.0359855e-05,6.1569735e-05,0.0,True
2004-04-26,259.34,10.799999,10.6285715,15.971429,5.371429,72.71429,2.1142857,1.7142857,2.2285714,8.357142,12.885715,0.00014607608,0.0051058456,-7.2791902999999985e-25,2.6077032e-08,0.0,True
2004-05-03,259.29,8.2,13.214286,18.800001,7.2000003,71.38572,2.885714,2.3,2.9714284,7.885714,15.485714,0.00021675229,0.004889779,-7.2791902999999985e-25,0.0,0.0,True
2004-05-10,259.24,39.3,10.17143,13.785714,6.614286,82.85714,1.4857143,1.3857143,1.8571428,9.314285,12.2,0.0016690642,0.0054059327,-7.2791902999999985e-25,0.0,0.0,True
2004-05-17,259.3,1.1,11.214286,15.071428,7.0285716,77.042854,1.8285714,1.5714285,2.3,9.242857,13.471429,8.4131956e-05,0.0047783256,-7.2791902999999985e-25,0.0,0.0,True
2004-05-24,259.24,9.3,10.814285,15.514287,5.2571425,70.22857,2.7142856,2.1714284,2.8142858,8.428572,14.014286,0.0001911372,0.004734181,-7.2791902999999985e-25,0.0,0.0,True
2004-05-31,259.1962034940591,0.4,12.057143,16.7,6.142857,67.34286,2.7285714,2.0142856,2.9428573,7.742857,15.442857,5.2258372e-05,0.004596442,-7.2791902999999985e-25,0.0,0.0,True
2004-06-07,259.19,12.900001,14.300001,18.800001,9.614286,78.814285,2.5285714,1.8714286,3.042857,7.428571,17.328571,0.00030112267,0.0044072643,-7.2791902999999985e-25,0.0,0.0,True
2004-06-14,259.13,7.3,17.514286,22.47143,12.314286,71.442856,3.2999997,2.585714,3.7714286,7.042857,20.3,0.00015785545,0.004183069,-7.2791902999999985e-25,1.1175871e-08,0.0,True
2004-06-21,259.08,20.4,13.5,18.87143,8.642858,70.85714,2.8428571,2.2857144,3.1571429,6.757143,16.328571,0.0002674088,0.0039428696,-7.2791902999999985e-25,3.7252903e-09,0.0,True
2004-06-28,259.04,19.6,14.714286,19.542858,10.314285,70.8,3.0142858,2.357143,3.1571429,6.7285714,16.585714,0.0001892373,0.0037190989,-7.2791902999999985e-25,7.450581e-09,0.0,True
2004-07-05,259.1,13.1,14.585715,19.528574,9.8714285,73.200005,2.8285716,2.2428572,2.9857142,6.4857144,17.142857,0.00024561584,0.0035031885,-7.2791902999999985e-25,1.1175871e-08,0.0,True
2004-07-12,259.16,22.2,14.67143,19.085714,10.114286,75.67143,2.6571429,2.1714284,3.0,6.8142858,17.1,0.0007196665,0.003303863,-7.2791902999999985e-25,1.1175871e-08,0.0,True
2004-07-19,259.2,27.9,17.085714,22.34286,12.814286,77.3,2.6714287,2.3285716,3.1,7.071429,18.542856,0.00051499903,0.0031436458,-7.284705e-25,1.1175871e-08,0.0,True
2004-07-26,259.09,20.3,17.942858,23.485716,13.257143,79.54286,2.8142858,2.5571427,3.1714284,7.742857,21.071428,0.0038214847,0.0029830262,-7.345365000000001e-25,1.1175871e-08,0.0,True
2004-08-02,259.02,1.4,17.942858,24.2,11.142858,68.74286,3.385714,2.5714285,3.9142857,7.242857,21.328571,1.7210841e-05,0.0028554797,-7.345365000000001e-25,7.450581e-09,0.0,True
2004-08-09,258.99,0.0,21.47143,28.4,14.057143,60.014286,4.585715,2.4142857,4.914286,6.0142856,24.042856,4.887581e-06,0.0026968867,-7.345365000000001e-25,1.3038516e-08,0.0,True
2004-08-16,258.9,20.5,19.614286,25.485716,13.985715,69.35714,3.042857,1.7714283,3.4428573,5.8428574,21.442858,0.00022438169,0.002523519,-7.345365000000001e-25,1.3038516e-08,0.0,True
2004-08-23,259.03,14.8,17.585714,23.17143,12.842857,71.88572,2.6857142,2.1142857,3.1142857,6.114286,19.385714,5.2958727e-05,0.0023863837,-7.345365000000001e-25,9.313226e-09,0.0,True
2004-08-30,259.09571594812644,50.1,15.185715,19.428572,12.342857,81.41429,1.6714286,1.4857142,1.9857142,6.785714,16.428572,0.0002901703,0.0022699088,-7.345365000000001e-25,1.8626451e-08,0.0,False
2004-09-06,259.12,8.2,16.1,22.942858,9.6,71.200005,2.3714287,1.8285713,2.7428572,7.0,17.77143,1.3709068e-05,0.002162777,-7.345365000000001e-25,9.313226e-09,0.0,True
2004-09-13,259.19,4.4,15.385715,21.614286,9.3714285,66.42857,2.357143,1.6714286,2.7142856,6.3142858,17.5,4.544854e-05,0.002038084,-7.345365000000001e-25,7.450581e-09,0.0,True
2004-09-20,259.22,2.9,13.328572,18.77143,7.871429,71.11428,1.7,1.1285715,2.1714284,6.0142856,14.8,3.7118793e-05,0.0019326359,-7.345365000000001e-25,1.1175871e-08,0.0,True
2004-09-27,259.25,52.5,10.542857,12.957144,8.528571,83.814285,1.1285714,1.057143,1.2714285,7.5142856,11.057143,0.0002849549,0.0018501803,-7.345365000000001e-25,5.5879354e-09,0.0,True
2004-10-04,259.09,11.700001,11.828572,16.457142,7.6,82.07143,0.95714283,0.85714287,1.2571429,7.9857144,12.2,0.00010371208,0.0017858967,-7.345365000000001e-25,1.1175871e-08,0.0,True
2004-10-11,259.0,4.0,9.5,13.857142,5.6,80.64286,0.8285715,0.7,1.1857144,7.885714,10.642858,1.1533499e-05,0.001722388,-7.345365000000001e-25,3.7252903e-09,0.0,True
2004-10-18,258.9,2.6999998,6.7571425,11.157144,2.3285716,77.62858,0.6999999,0.5714286,0.9285714,7.757143,7.4428573,5.118549e-05,0.0016674846,-7.345365000000001e-25,0.0,0.0,True
2004-10-25,258.74,16.4,11.457143,16.0,6.4857144,76.78571,0.9714286,0.88571435,1.1142857,7.9857144,9.942857,8.957833e-05,0.0016193911,-7.345365000000001e-25,7.450581e-09,0.0,True
2004-11-01,258.84,1.1,9.114286,12.400001,5.857143,85.72857,0.37142855,0.34285712,0.5714286,8.142858,9.357142,7.772446e-05,0.0015746504,-7.345365000000001e-25,1.8626451e-09,0.0,True
2004-11-08,258.92,8.299999,6.9857144,9.114285,4.914286,86.042854,0.38571426,0.3285714,0.5857143,8.214286,7.0571427,7.1942806e-05,0.0015388057,-7.345365000000001e-25,1.8626451e-09,0.0,True
2004-11-15,259.0,11.9,2.4714286,4.4,0.44285718,88.88572,0.22857144,0.22857144,0.34285715,8.885715,2.4857142,0.00020807236,0.0015073866,0.0031226703,0.0066290554,0.0074190013,True
2004-11-22,259.05,104.6,4.1714287,6.3857145,1.9714286,87.57143,0.44285718,0.44285718,0.5714286,10.1,3.5428572,0.0018810183,0.0017707571,0.011476443,0.020573484,0.026216451,True
2004-11-29,259.07217282812906,6.7,2.6571429,5.642857,-0.22857144,83.557144,0.2857143,0.2857143,0.31428573,10.314285,2.2285714,0.00038607419,0.0015735328,0.0023796444,0.0066594444,1.66744e-05,True
2004-12-06,259.0,0.70000005,2.1857142,4.257143,-0.18571432,89.1,0.12857144,0.114285715,0.25714287,10.0,2.0857143,3.3833086e-05,0.0017640442,0.0003352449,0.00063546933,1.0937452e-05,True
2004-12-13,259.04,0.0,-0.20000002,2.0857143,-2.9714284,91.17143,0.08571429,0.071428575,0.18571429,9.928572,0.8,8.940697e-06,0.0019452423,0.00014643442,9.718165e-05,0.00037080795,True
2004-12-20,259.07,25.5,0.14285721,3.1142857,-2.757143,83.700005,0.25714287,0.25714287,0.24285714,10.142858,0.057142857,7.916242e-05,0.002085656,0.004072564,0.0005922951,0.010618042,True
2004-12-27,259.09,27.2,0.94285715,3.6000001,-2.142857,87.114296,0.2857143,0.2857143,0.41428572,10.357142,0.64285713,0.0004983023,0.0022014156,0.005291195,0.011669943,0.0029356405,True
2005-01-03,259.14,22.5,3.0571427,4.957143,0.8142857,82.057144,0.15,0.15,0.5714286,10.35,0.65,0.00019144267,0.0024245009,0.0022028685,0.0043013133,0.0033589005,True
2005-01-10,259.19,11.0,6.4000006,8.285714,4.1,75.41429,0.78571427,0.7428571,0.85714287,10.171429,4.214286,0.0001648143,0.0026983693,0.000204478,0.0013234448,2.5305897e-05,True
2005-01-17,259.24,17.800001,2.6857145,5.5285716,0.0571428,81.9,0.37142858,0.3285714,0.37142855,9.985714,2.3142858,3.7282705e-05,0.0029876307,0.00030352388,0.00017187,0.00060420483,True
2005-01-24,259.29,80.0,1.8142859,3.6000001,-0.2,84.52857,0.5285714,0.48571426,0.5142857,10.814285,1.4285715,0.0011404753,0.003386438,0.005210167,0.005683789,0.017995968,True
2005-01-31,259.3268088892054,18.099998,-2.8285716,-0.9285714,-5.428571,87.15715,0.042857144,0.042857144,0.35714287,10.485714,0.057142857,0.00038863346,0.003906794,0.015600727,0.0057107247,0.0070439316,True
2005-02-07,259.29,5.4,-0.4142857,2.2857144,-3.2142856,81.614296,0.34285715,0.34285715,0.42857143,10.385715,0.5714286,0.00029429048,0.004547283,0.010581925,0.0075280517,0.0027740896,True
2005-02-14,259.37,53.5,1.1999999,4.471429,-2.0714285,83.88572,0.5285714,0.51428574,0.55714285,10.714286,0.7,0.002039425,0.0062279776,0.005053929,0.0077195503,0.005753182,True
2005-02-21,259.25,9.5,-1.6999999,0.2857143,-4.057143,84.47143,0.114285715,0.114285715,0.5142857,10.6285715,0.12857144,2.130866e-05,0.007749073,0.012394008,0.00088891014,0.010756485,True
2005-02-28,259.29,6.1,-4.285714,-1.6142857,-8.071428,85.77143,0.057142857,0.057142857,0.4857143,10.357142,0.08571429,1.1779368e-05,0.008578092,0.018937627,0.00057233684,0.01017664,True
2005-03-07,259.34,2.2,-3.6714287,-0.6857143,-7.0285716,73.957146,0.057142857,0.057142857,0.7285714,10.3,0.071428575,1.1116266e-05,0.008651264,0.021949513,0.00056752004,0.0039062463,True
2005-03-14,259.4,22.600002,1.0714285,3.7,-1.4142858,79.828575,0.6857143,0.67142856,0.8428572,10.4,0.8428571,0.00035239756,0.008505188,0.023571713,0.011107802,0.0143848285,True
2005-03-21,259.44,10.400001,6.928571,11.471429,2.7,69.38572,1.5285715,1.4428571,1.5285714,10.014286,6.3,0.000890702,0.00864698,0.0046695867,0.023559932,5.465001e-06,True
2005-03-28,259.49,6.2000003,8.514286,13.542857,3.2428572,80.61428,1.2428571,1.1,1.3571428,9.757143,9.171429,0.00017051399,0.00870084,8.46386e-06,4.383549e-05,0.0,True
2005-04-04,259.42,3.1,7.3428574,13.728572,0.42857146,58.04286,2.4428573,2.0571427,2.2428572,9.485714,9.157143,1.6644597e-05,0.008659296,-7.345365000000001e-25,3.1664968e-08,0.0,True
2005-04-11,259.3,21.1,6.914286,10.928572,1.6857144,75.971436,1.5142854,1.3714286,1.5,9.057143,8.1,0.00023956597,0.0083884895,3.307774e-05,0.00017105415,0.00020409375,True
2005-04-18,259.22,27.0,11.457144,16.914288,5.8142858,74.90001,2.085714,1.6999999,2.2857144,8.614285,12.542857,0.00011013448,0.008048892,4.9840837e-06,3.5844743e-05,0.0,True
2005-04-25,259.14,2.1,7.457143,12.685715,1.5428572,63.34286,2.3285716,1.8000001,2.4714286,8.557143,11.142858,3.7685037e-05,0.007592611,-7.345365000000001e-25,0.0,0.0,True
2005-05-02,259.2,12.9,13.314286,18.928572,6.871429,72.21429,2.7428572,2.1000001,2.8142858,8.314285,14.7,0.00014913082,0.0071028545,-7.345365000000001e-25,3.7252903e-09,0.0,True
2005-05-09,259.26,47.6,8.914286,13.657144,5.828572,78.814285,2.0285714,1.8428571,2.142857,8.3,12.042857,0.00048045814,0.006586507,3.0653817e-07,2.0191073e-06,3.4980476e-06,True
2005-05-16,259.22,19.6,8.528571,13.428572,3.2142856,74.35714,2.1285713,1.9142857,2.2571428,8.742857,11.4,0.0006905645,0.006163202,2.6680175e-07,1.5199184e-06,0.0,True
2005-05-23,259.2,7.0,11.400001,16.157145,5.6857147,75.72858,2.3,2.0142858,2.5285716,8.671429,14.1285715,0.00017219782,0.0057939515,-7.345365000000001e-25,3.7252903e-09,0.0,True
2005-05-30,259.20225548082107,13.2,18.571428,24.5,10.914286,66.700005,4.214286,3.1571429,4.214286,7.8142858,21.085714,4.2676926e-05,0.005400248,-7.345365000000001e-25,7.450581e-09,0.0,True
2005-06-06,259.24,21.4,12.742858,17.528572,7.8428574,74.457146,2.7142856,2.2428572,2.7714286,7.385714,15.885715,0.00011013448,0.0049868673,-7.345365000000001e-25,1.1175871e-08,0.0,True
2005-06-13,259.22,6.7,10.614286,15.5,5.4857144,70.42857,2.614286,1.9714286,2.8857143,7.0857143,14.285714,7.125735e-05,0.0046193376,-7.345365000000001e-25,0.0,0.0,True
2005-06-20,259.2,1.4,17.9,23.757143,10.3714285,66.97143,4.0571427,2.0142858,4.2428575,6.3428574,21.085714,4.36306e-05,0.004230477,-7.345365000000001e-25,1.1175871e-08,0.0,True
2005-06-27,259.14,6.1,19.600002,26.128572,12.3,69.27143,4.442857,1.9571428,4.3714285,5.7285714,23.814285,8.139014e-05,0.0037960038,-7.345365000000001e-25,1.4901161e-08,0.0,True
2005-07-04,259.09,4.8,17.857143,22.585714,12.285714,75.27143,3.2999997,1.7857141,3.3999999,5.928571,21.471428,0.00012418628,0.0034324229,-7.345365000000001e-25,7.450581e-09,0.0,True
2005-07-11,259.03,7.1,15.871429,20.800001,10.442857,74.24286,2.9142854,2.2142856,3.2285714,6.214286,18.942858,0.00018921494,0.0031404868,-7.345365000000001e-25,7.450581e-09,0.0,True
2005-07-18,258.99,3.6,20.214285,27.328571,12.271429,61.842857,4.4000006,2.4714286,4.6571426,5.5142856,23.614286,3.157556e-05,0.0028391182,-7.345365000000001e-25,7.450581e-09,0.0,True
2005-07-25,258.94,38.3,15.728572,20.214285,12.0,74.200005,2.4428573,1.9142857,2.7142856,5.9857144,17.27143,0.00012485683,0.0025823936,-7.345365000000001e-25,1.1175871e-08,0.0,True
2005-08-01,258.99,31.599998,19.714285,25.27143,14.500001,71.88572,3.2285712,2.7000003,3.5571427,6.4857144,21.428572,0.0001393184,0.002372913,-7.345365000000001e-25,1.1175871e-08,0.0,True
2005-08-08,259.09,13.7,14.071428,19.0,9.514285,76.07143,2.1285713,1.942857,2.4857142,6.7,16.828571,0.00012564659,0.0021770224,-7.345365000000001e-25,3.7252903e-09,0.0,True
2005-08-15,259.14,24.000002,14.057143,17.985716,10.557143,79.01429,1.6714287,1.4714286,2.1,7.1285715,15.3,0.00019392371,0.0020268336,-7.345365000000001e-25,7.450581e-09,0.0,True
2005-08-22,259.23,1.9000001,17.914286,23.242857,12.685715,76.971436,2.5285716,2.042857,3.142857,7.1,19.785715,6.0856342e-05,0.001892291,-7.345365000000001e-25,1.1175871e-08,0.0,True
2005-08-29,259.14565182066707,3.8,15.5,20.97143,9.985715,72.54286,2.0285714,1.6142857,2.5285716,6.8428574,17.814285,3.248453e-05,0.0017699674,-7.345365000000001e-25,7.450581e-09,0.0,True
2005-09-05,259.14,1.9,18.9,25.485716,12.185715,69.11429,2.7714288,1.7857143,3.1714287,6.114286,20.657143,2.4527311e-05,0.0016435757,-7.345365000000001e-25,1.1175871e-08,0.0,True
2005-09-12,259.01,7.1,18.928572,25.328571,12.5,71.58572,2.142857,1.1428571,2.4857142,5.6857142,20.457144,0.00011245906,0.0015212595,-7.345365000000001e-25,7.450581e-09,0.0,True
2005-09-19,258.98,18.6,11.6,17.242857,5.9857144,78.82857,1.4428574,1.1999999,1.7714285,6.7285714,14.571428,0.00019210577,0.0014339685,-7.345365000000001e-25,3.7252903e-09,0.0,True
2005-09-26,258.89,8.599999,12.957144,19.985716,5.8857145,76.98572,1.5142858,1.1857144,1.6857144,6.7,15.057143,6.42091e-05,0.0013528764,-7.345365000000001e-25,7.450581e-09,0.0,True
2005-10-03,258.74,20.5,11.228572,14.442858,8.271429,83.22857,0.84285706,0.78571427,1.1,7.4714284,11.942857,0.00023384392,0.0012880638,-7.345365000000001e-25,1.8626451e-09,0.0,True
2005-10-10,258.79,0.0,11.971429,17.085714,7.728572,86.71429,0.9142857,0.75714284,1.1571429,7.742857,13.214286,1.7136335e-06,0.0012364537,-7.345365000000001e-25,9.313226e-09,0.0,True
2005-10-17,258.84,0.0,8.8714285,15.471429,3.1714287,78.1,0.9,0.6999999,0.95714283,7.357143,10.9,1.7881393e-07,0.001187019,-7.345365000000001e-25,3.7252903e-09,0.0,True
2005-10-24,258.91,37.6,10.257143,13.957143,6.442857,82.77143,0.7,0.6285714,0.78571427,7.3285713,9.957143,0.00012396276,0.0011446849,-7.345365000000001e-25,7.450581e-09,0.0,True
2005-10-31,258.88799228495105,12.6,12.228571,17.828571,7.3285713,79.58572,0.7999999,0.7,0.78571427,7.9714284,11.171429,1.5057623e-05,0.0011091977,-7.345365000000001e-25,9.313226e-09,0.0,True
2005-11-07,258.87,13.7,9.3,12.1285715,5.6857142,86.27143,0.5142857,0.47142857,0.5428571,8.042857,8.928572,0.00011322647,0.0010774061,-7.345365000000001e-25,3.7252903e-09,0.0,True
2005-11-14,258.9,0.4,7.2000003,11.471429,3.2857144,84.41429,0.34285712,0.29999998,0.29999998,8.1,6.785714,2.0712614e-06,0.0010500774,-7.345365000000001e-25,0.0,0.0,True
2005-11-21,258.99,41.1,2.114286,4.328572,-0.4,88.328575,0.18571429,0.18571429,0.27142859,8.8714285,2.5285714,0.0003748834,0.0010267869,0.0014522871,0.0021426622,0.0062319525,True
2005-11-28,259.04,6.8,-0.15714286,1.5,-2.0285716,84.77143,0.14285715,0.12857144,0.29999998,9.314285,0.6142857,2.3171306e-05,0.0010091811,0.0055801584,0.0011540037,0.0054127797,True
2005-12-05,259.09,13.900001,1.3428572,3.7714288,-1.1999999,83.457146,0.18571427,0.17142858,0.18571429,9.457143,0.51428574,0.00025942922,0.0009971485,0.0063229743,0.006536547,0.00061685964,True
2005-12-12,259.14,4.9,1.3714286,3.642857,-1.8285714,90.114296,0.08571429,0.10000001,0.15714286,9.757143,1.1571429,6.559491e-05,0.0009896085,0.00081157114,0.001296211,0.0001239255,True
2005-12-19,259.2,72.9,1.8571428,3.9285715,-0.55714285,86.457146,0.3142857,0.3142857,0.34285715,10.242857,1.2428571,0.000397861,0.0009906888,0.0026003805,0.0005076714,0.010058533,True
2005-12-26,259.39,15.1,2.8142858,4.585715,0.9142857,87.08572,0.20000002,0.20000002,0.24285714,10.485714,1.8,0.00046220422,0.0010163262,0.0033105214,0.010195363,0.0031980667,True
2006-01-02,259.36,8.2,-2.057143,0.14285718,-5.157143,88.14286,0.04,0.04,0.18571429,10.38,0.12,0.00014322996,0.0010947436,0.008226179,0.00676528,0.010736935,True
2006-01-09,259.34,0.1,-2.2857144,-0.81428576,-4.328572,93.74286,0.014285714,0.014285714,0.18571429,10.271428,0.0,2.8014183e-06,0.0011917725,0.008486112,0.00011432171,0.0023071282,True
2006-01-16,259.37,0.6,-2.8857143,1.0714285,-6.3285713,86.14286,0.114285715,0.114285715,-0.028571429,10.2,-0.8142857,3.091991e-05,0.001287505,0.009105722,0.001529254,0.0014521703,True
2006-01-23,259.29,43.399998,-2.1142857,0.8714286,-5.085714,87.12858,0.114285715,0.114285715,0.24285714,10.514286,-0.87142855,0.00035870075,0.0013720617,0.010424075,0.009131409,0.008680396,True
2006-01-30,259.26243165069206,3.3,-8.214286,-3.1571429,-12.900001,82.44286,0.042857144,0.042857144,0.12857144,10.342857,-3.1142857,1.1481345e-05,0.0014786124,0.00920487,0.0004865192,0.0021377206,False
2006-02-06,259.24,5.3,-4.3285713,-0.4857143,-8.757143,90.957146,0.071428575,0.071428575,0.21428572,10.2,-1.8285714,1.6279519e-05,0.0015945211,0.0091584185,0.0007292088,0.004310049,True
2006-02-13,259.27,40.9,-0.0571428,2.1857142,-2.5,85.12858,0.3571429,0.3571429,0.3857143,10.6285715,0.0,0.000557743,0.0017134324,0.01721096,0.008297248,0.018579513,True
2006-02-20,259.34,35.3,1.9714286,4.1285715,-0.57142854,86.88572,0.42857146,0.42857146,0.44285718,10.528571,0.6,0.000882715,0.0019231513,0.012786746,0.018182252,0.008131862,True
2006-02-27,259.39,4.3,-2.7285714,-0.5571429,-5.1,85.314285,0.21428573,0.20000002,0.5,10.3,-0.014285714,1.7657876e-05,0.0024217218,0.014320062,0.0007229801,0.0061916485,True
2006-03-06,259.36,19.1,-1.6714287,1.5142858,-4.8428574,80.11428,0.38571426,0.37142855,0.61428577,10.285714,-0.028571429,4.300475e-05,0.0028706267,0.017758267,0.0018025525,0.00906134,True
2006-03-13,259.3,30.1,-2.3714287,0.6857143,-6.1285715,84.71429,0.3142857,0.3142857,0.58571434,10.6,0.014285714,0.00040928274,0.0031646043,0.022175811,0.008765662,0.013977308,True
2006-03-20,259.24,0.2,-1.5,1.1428572,-4.4,85.51429,0.35714287,0.37142855,0.6857143,10.285714,0.071428575,0.00017593801,0.0034785867,0.023220483,0.0077804886,0.003677465,True
2006-03-27,259.17,35.9,4.571429,9.157143,-0.09999997,74.94286,1.2142857,1.1571428,1.1714286,10.114285,3.7428572,0.0013588667,0.004031189,0.009045834,0.016462961,7.099286e-05,True
2006-04-03,259.19,36.3,8.314286,11.985715,4.8,78.34286,1.3714286,1.3714286,1.3142856,10.571428,7.571429,0.0008752644,0.005061291,2.9456049e-05,0.0002085194,0.0,True
2006-04-10,259.14,0.5,5.0,9.757143,0.42857143,63.8,1.7428571,1.5857142,1.8285714,10.0,6.2285714,6.9625676e-05,0.0065472126,4.2069525e-05,0.000153929,0.00017095357,True
2006-04-17,259.17,27.599998,6.971429,10.5,2.8428574,77.200005,1.3,1.2142857,1.4285715,9.742857,7.4142857,0.00040911138,0.0070209056,0.00012035029,0.00079106726,0.00077199563,True
2006-04-24,259.24,11.1,9.857142,15.142858,4.3714285,75.02857,2.0142858,1.7714287,2.085714,9.6,11.971429,0.00024613738,0.00701306,-7.345365000000001e-25,2.4214387e-07,0.0,True
2006-05-01,259.2,15.6,9.385714,13.814286,4.4,77.3,1.9142857,1.7571429,2.0714285,9.657143,11.971429,0.0008402318,0.006900549,1.0416621e-05,6.613508e-05,7.184222e-05,True
2006-05-08,259.19,0.0,14.614286,21.057144,6.4714284,56.385715,4.4,3.3714283,4.071429,8.685715,16.328571,5.915761e-06,0.006695606,6.6416607e-07,6.683171e-06,0.0,True
2006-05-15,259.17,2.6,13.842857,20.142857,5.457143,62.842857,3.4857142,2.3285716,3.457143,7.285714,17.028572,2.7760863e-05,0.0062725246,-7.345365000000001e-25,0.0,0.0,True
2006-05-22,259.14,34.3,13.17143,17.87143,9.171428,76.3,2.5714285,2.1714287,2.385714,7.457143,14.9,0.0002875477,0.005871117,-7.345365000000001e-25,1.1175871e-08,0.0,True
2006-05-29,259.08421247919784,44.3,10.928572,15.142858,6.3714285,75.84286,2.3285713,2.1285713,2.3428571,8.3714285,12.985714,0.00063987076,0.0054975227,-7.345365000000001e-25,3.7252903e-09,0.0,False
2006-06-05,259.17,15.3,8.642858,12.428572,4.828572,77.35714,1.9428571,1.7714285,2.2571428,9.1,11.714286,0.0012616292,0.0052339956,-7.345365000000001e-25,0.0,0.0,True
2006-06-12,259.12,0.0,15.5,21.642857,7.142857,65.07143,3.9857142,2.9857144,4.0857143,8.185715,19.37143,7.390976e-05,0.0050193593,-7.345365000000001e-25,0.0,0.0,True
2006-06-19,259.09,27.2,19.128572,25.157145,11.67143,71.27143,3.7999997,2.6142857,3.8285713,7.0571427,22.6,0.00035193563,0.004697904,-7.345365000000001e-25,3.7252903e-09,0.0,True
2006-06-26,259.04,12.8,19.27143,24.728573,12.642858,67.78571,3.9285712,2.6714287,4.071429,6.7,22.542856,3.1992793e-05,0.004406266,-7.345365000000001e-25,7.450581e-09,0.0,True
2006-07-03,258.99,3.4,18.214285,23.742859,11.157143,65.07143,4.1,2.0,4.4,6.285714,21.957144,1.1622906e-05,0.004072398,-7.345365000000001e-25,3.7252903e-09,0.0,True
2006-07-10,258.93,6.7000003,21.571428,27.542858,14.957144,67.92857,4.157143,1.9571428,4.3857145,5.9428573,24.357143,0.00022761524,0.003692314,-7.345365000000001e-25,1.4901161e-08,0.0,True
2006-07-17,258.86,9.3,19.885715,26.457144,12.5,63.985718,4.5,2.0428572,4.714286,5.742857,24.314285,8.1807375e-06,0.0033637509,-7.345365000000001e-25,1.1175871e-08,0.0,True
2006-07-24,258.79,1.6,24.457144,32.085716,15.485715,52.642857,5.1571426,1.1285715,5.214286,5.1571426,26.471428,2.7805567e-05,0.002998978,-7.345365000000001e-25,7.450581e-09,0.0,True
2006-07-31,258.8981861256369,8.4,23.157145,30.228573,16.5,61.31429,3.9857144,1.6428572,4.3285713,5.242857,25.571428,4.157424e-05,0.002676934,-7.345365000000001e-25,7.450581e-09,0.0,True
2006-08-07,258.92,21.6,16.742857,21.628572,12.414286,76.84286,2.6571429,1.9000002,2.9714284,5.6857142,19.357143,0.00013661385,0.0024322271,-7.345365000000001e-25,1.6763806e-08,0.0,True
2006-08-14,258.98,12.200001,14.585714,19.542858,10.514287,74.614296,2.0142856,1.5142857,2.5857143,5.8142858,17.585714,0.000113487244,0.0022452995,-7.345365000000001e-25,3.7252903e-09,0.0,True
2006-08-21,259.04,35.4,16.6,21.857143,12.1,79.48572,2.2428572,1.9714286,2.4714286,6.428571,18.257143,0.0003915429,0.0020868257,-7.345365000000001e-25,1.4901161e-08,0.0,True
2006-08-28,259.09,21.9,14.485715,19.157145,10.814285,81.75714,1.6714286,1.5142857,1.9714285,7.1,16.428572,0.00083471835,0.001958631,-7.345365000000001e-25,9.313226e-09,0.0,True
2006-09-04,259.4,13.2,16.328571,20.485716,12.785714,73.700005,2.085714,1.8285716,2.3714287,7.742857,16.485714,0.000246346,0.0018636361,-7.345365000000001e-25,1.4901161e-08,0.0,True
2006-09-11,258.94,0.2,15.814286,22.728573,9.442857,71.57143,2.2,1.6714286,2.542857,7.1714287,18.028572,3.157556e-05,0.0017812848,-7.345365000000001e-25,1.1175871e-08,0.0,True
2006-09-18,258.89,0.0,18.185715,25.485716,10.871429,65.92857,2.457143,1.5857142,2.7,6.4142857,19.671429,9.998679e-06,0.0016936213,-7.345365000000001e-25,1.1175871e-08,0.0,True
2006-09-25,258.79,0.0,16.1,23.557144,8.485715,65.72858,2.1142857,1.1285714,2.1285713,5.957143,17.742857,2.5629997e-06,0.0016110241,-7.345365000000001e-25,5.5879354e-09,0.0,True
2006-10-02,258.84,10.299999,15.471429,19.928572,11.1285715,79.0,1.1285714,0.78571427,1.4285715,6.0,16.671429,3.2015145e-05,0.0015370697,-7.345365000000001e-25,7.450581e-09,0.0,True
2006-10-09,258.81,23.5,11.771429,15.685715,8.5,81.314285,0.9714285,0.8000001,1.0857143,6.8714285,12.514286,0.00010781735,0.0014804676,-7.345365000000001e-25,7.450581e-09,0.0,True
2006-10-16,258.79,0.0,10.885714,15.414286,6.957143,86.07143,0.67142856,0.4857143,0.8142857,6.7285714,12.6,1.2814999e-05,0.0014275163,-7.345365000000001e-25,1.8626451e-09,0.0,True
2006-10-23,258.74,4.7,11.728572,16.785715,7.2428575,77.21429,0.87142855,0.61428577,0.87142855,6.542857,11.414286,5.1937997e-05,0.0013787523,-7.345365000000001e-25,5.5879354e-09,0.0,True
2006-10-30,258.6625092396004,28.5,12.614286,16.028572,8.514286,76.94286,1.0000001,0.8142857,0.9714286,7.071429,11.828571,0.00014390796,0.0013329461,-7.345365000000001e-25,9.313226e-09,0.0,True
2006-11-06,258.69,24.800001,5.9857144,8.485715,2.7714286,77.08572,0.6,0.55714285,0.7714286,7.5142856,5.6714287,0.00015379488,0.001293771,0.0006702627,0.0023821965,0.0023224317,True
2006-11-13,258.73,50.8,6.8,9.571428,3.7000003,77.12858,0.64285713,0.61428577,0.59999996,7.8714285,5.885714,0.00030009449,0.0012612417,1.4078049e-06,1.1544675e-05,0.0,True
2006-11-20,258.79,11.3,9.742858,12.857142,5.928571,77.72858,0.5285714,0.5,0.5857143,8.314285,7.9714284,9.975582e-05,0.001236707,-7.345365000000001e-25,9.313226e-09,0.0,True
2006-11-27,258.87,15.900001,8.485715,11.471429,5.1857142,79.32857,0.42857143,0.40000004,0.3857143,8.8714285,6.3142858,0.00018583238,0.0012203082,-7.345365000000001e-25,3.7252903e-09,0.0,True
2006-12-04,258.79,12.1,6.657143,9.857142,3.0571427,82.3,0.29999998,0.27142859,0.27142856,8.757143,5.257143,7.753074e-05,0.0012109205,-7.345365000000001e-25,0.0,0.0,True
2006-12-11,258.74,23.1,7.3857145,9.714286,4.6714287,76.17143,0.5857143,0.5428571,0.7428571,8.928572,5.642857,0.0001231432,0.0012062192,-7.345365000000001e-25,8.940697e-08,2.0116568e-07,True
2006-12-18,258.81,10.8,5.3,7.4857144,2.9,79.11428,0.37142855,0.34285712,0.34285715,9.185715,3.7142856,0.00015085936,0.0012103245,4.4107437e-06,2.2634864e-05,2.772361e-05,True
2006-12-25,258.77,0.4,2.8285716,4.285714,1.4428571,88.8,0.11428572,0.11428572,0.15714286,9.242857,2.4857142,3.2812357e-05,0.001226224,8.299237e-06,1.2908131e-05,2.1260232e-05,True
2007-01-01,258.89,24.8,2.8285713,5.7285714,-0.11428567,81.98572,0.35,0.33333334,0.38571426,9.316667,1.2833333,0.00021962821,0.0012474731,0.0015237955,0.004906265,0.004877884,True
2007-01-08,259.04,50.8,6.1857142,7.6857147,4.6,81.84286,0.5285714,0.5142857,0.5,9.928572,4.4714284,0.0003362894,0.0012770891,3.5802525e-05,0.00014982,2.6538968e-05,True
2007-01-15,259.29,29.4,7.5285716,10.057143,4.6571426,74.34286,0.9714285,0.9714285,0.9285714,10.071428,5.885714,0.0004799366,0.0013657212,2.3546672e-05,0.00021979585,0.00021835044,True
2007-01-22,259.6,74.9,6.285714,8.9,2.5142858,77.65715,0.9428572,0.9285714,0.6857143,10.585714,4.8285713,0.0032696128,0.0032881722,8.218062e-05,0.00011351518,0.0006918721,True
2007-01-29,259.74728816821846,28.699999,-1.5714287,0.7285715,-4.3857145,81.471436,0.27142859,0.27142859,0.45714286,10.385715,-0.34285715,0.00032813847,0.002294615,0.0029201906,0.005614048,0.008344881,True
2007-02-05,259.79,4.4,4.857143,6.8285713,2.7000003,81.38572,0.47142857,0.45714286,0.5857143,10.242857,3.2428572,0.00017726421,0.0029135048,0.000704016,0.0034157317,0.00031203032,True
2007-02-12,259.84,31.0,0.81428576,3.3285716,-1.7571429,88.41429,0.24285713,0.24285713,0.34285715,10.4,0.87142855,0.0007270798,0.0034984574,0.0062893005,0.011481844,0.014849886,True
2007-02-19,259.94,19.5,3.9714286,6.9428573,1.0571429,80.542854,0.64285713,0.62857145,0.5428571,10.6285715,3.5,0.00064110756,0.0045833588,0.00070016156,0.004468606,3.341958e-05,True
2007-02-26,259.99,22.8,5.4000006,9.1,1.6571429,82.314285,0.6999999,0.6999999,0.6571428,10.171429,4.6571426,0.00026237965,0.0059869364,2.520425e-05,0.000100299716,1.1201948e-05,True
2007-03-05,260.03,46.5,5.5142856,9.1,2.2857144,78.57143,1.0285714,1.0142857,0.8428572,10.828571,4.8714285,0.0007096678,0.0067153648,0.0006991227,0.0048345607,0.0050917827,True
2007-03-12,260.0,4.1000004,7.071429,11.971429,2.0285716,73.542854,1.2142857,1.1571429,1.1285714,10.157143,6.3,0.00013770908,0.007872969,5.888939e-05,0.0004010871,0.0,True
2007-03-19,259.95,18.8,6.1285715,10.814286,1.1857144,75.37144,1.2857143,1.1285714,1.2714285,9.742857,7.1714287,0.00020587444,0.008309022,2.6447433e-05,4.3282285e-05,0.0003095679,True
2007-03-26,259.9,23.0,4.142857,7.957143,0.22857146,79.61428,1.3285713,1.2714285,1.4,10.528571,4.5,0.00094593316,0.008381583,0.007563699,0.027477464,0.028006889,True
2007-04-02,259.84,0.3,8.057143,14.842857,0.59999996,63.0,2.4285715,1.957143,2.3714287,9.485714,9.485714,4.014373e-05,0.009173535,9.4277515e-05,0.00059344806,0.0,True
2007-04-09,259.74,2.1,7.142857,11.728572,2.4714284,69.78571,1.6999999,1.3571428,1.9,8.814285,8.885715,3.4973025e-05,0.00924021,1.1932282e-05,5.9599057e-05,6.0610473e-05,True
2007-04-16,259.6,0.0,13.028571,19.742857,4.7714286,63.157143,3.1857145,2.2142856,3.0285716,7.9857144,14.071428,7.4356794e-06,0.008871861,-7.345365000000001e-25,9.126961e-08,0.0,True
2007-04-23,259.52,2.9,9.5,15.900001,1.4571428,59.285713,2.9142857,1.3142856,2.857143,7.0,13.2,7.122755e-06,0.008234985,-7.345365000000001e-25,0.0,0.0,True
2007-04-30,259.45396861221565,0.4,14.2,20.785715,6.2000003,62.94286,3.7142856,1.2857143,3.4714284,6.4428573,17.27143,8.2314014e-05,0.0074940026,-7.345365000000001e-25,3.7252903e-09,0.0,True
2007-05-07,259.46,39.899998,12.285714,18.857143,3.957143,54.285713,3.757143,0.7571429,3.5857143,6.1571426,16.071428,0.00011961162,0.0066587552,-7.345365000000001e-25,0.0,0.0,True
2007-05-14,259.4,44.7,12.814286,17.057144,8.685715,76.07143,2.6714287,2.3714287,2.2857144,7.6,13.6285715,0.0004220307,0.0059732497,-7.345365000000001e-25,1.1175871e-08,0.0,True
2007-05-21,259.49,15.5,13.714286,19.314285,6.728572,71.557144,2.9857142,2.4857142,2.8714283,7.8714285,15.785714,0.00011391938,0.0054233074,-7.345365000000001e-25,3.7252903e-09,0.0,True
2007-05-28,259.59,33.5,18.2,23.685715,13.542857,79.64286,3.114286,2.6000001,3.3428571,7.542857,21.014286,0.0003681779,0.004918672,-7.345365000000001e-25,7.450581e-09,0.0,True
2007-06-04,259.54,8.5,13.857142,17.571428,9.357142,77.200005,2.3142855,2.0571427,2.6714287,9.385715,17.142857,0.0034336,0.0045480505,-7.345365000000001e-25,3.7252903e-09,0.0,True
2007-06-11,259.49,10.6,20.2,26.328571,13.5,72.51429,4.0000005,3.1571429,4.428571,8.357142,23.4,3.8906932e-05,0.004249543,-7.345365000000001e-25,3.7252903e-09,0.0,True
2007-06-18,259.56,38.4,18.514286,24.17143,13.414286,72.685715,3.514286,3.1714287,3.6285713,8.3714285,21.542856,0.00085665286,0.003908977,-7.345365000000001e-25,7.450581e-09,0.0,True
2007-06-25,259.61,45.9,17.457144,22.914288,12.528572,76.3,3.0571427,2.857143,3.3428571,9.5,20.414286,0.007419251,0.0061259866,-7.345365000000001e-25,7.450581e-09,0.0,True
2007-07-02,259.54,27.7,15.028572,19.071428,11.099999,71.57143,2.6285713,2.4714284,2.7428572,9.485714,16.314285,0.0003780946,0.0035221428,-7.345365000000001e-25,1.1175871e-08,0.0,True
2007-07-09,259.47,45.4,14.757143,18.84286,11.428572,75.21429,2.6857142,2.542857,2.7571428,9.528571,16.7,0.0009729862,0.0034229457,-7.345365000000001e-25,1.1175871e-08,0.0,True
2007-07-16,259.29,12.7,19.671429,25.5,13.357142,68.01429,3.7285714,3.1857145,3.9714284,9.328571,20.057142,0.0003016144,0.0033616275,-7.345365000000001e-25,1.4901161e-08,0.0,True
2007-07-23,259.14,28.5,19.314287,24.757143,13.542857,68.48572,3.385714,2.8714283,3.6285713,8.428572,22.428572,0.0049513727,0.003254734,-7.345365000000001e-25,7.450581e-09,0.0,True
2007-07-30,259.1308751327243,65.9,16.2,20.185715,12.142858,72.057144,2.7857144,2.5714285,2.8999999,9.214286,17.87143,0.0031689182,0.0031571537,-7.345365000000001e-25,1.1175871e-08,0.0,True
2007-08-06,259.09,2.5,16.642857,22.600002,9.785714,66.21429,3.1714287,2.6571429,3.3142858,8.985714,18.942858,7.31498e-05,0.003154114,-7.345365000000001e-25,3.7252903e-09,0.0,True
2007-08-13,258.99,34.0,17.414288,22.214285,13.328572,81.685715,2.057143,1.8428571,2.6714287,9.185715,20.214285,0.00022403896,0.0031163394,-7.345365000000001e-25,1.3038516e-08,0.0,True
2007-08-20,259.06,16.1,17.47143,22.857143,11.342857,68.72858,2.6285713,2.2714286,2.8999999,9.114285,19.6,0.00028547645,0.0030429587,-7.345365000000001e-25,7.450581e-09,0.0,True
2007-08-27,259.14,33.4,16.800001,21.657145,12.328572,77.5,2.1,1.9142857,2.4428573,9.685715,19.442858,0.0011504889,0.0029813126,-7.345365000000001e-25,5.5879354e-09,0.0,True
2007-09-03,259.09,20.9,13.414286,17.957144,8.928572,73.700005,1.6142857,1.4285715,1.9857142,9.171429,16.142857,0.00023046881,0.0029498488,-7.345365000000001e-25,1.1175871e-08,0.0,True
2007-09-10,259.16,27.5,12.285714,15.728572,9.514285,79.8,1.3428571,1.2857143,1.7714285,9.642858,13.428572,0.00031802058,0.0029236153,-7.345365000000001e-25,1.1175871e-08,0.0,True
2007-09-17,259.2,10.8,13.228572,17.928572,7.7285714,73.85714,1.5857142,1.4285715,1.9857142,9.657143,14.342857,0.00012911856,0.002919525,-7.345365000000001e-25,5.5879354e-09,0.0,True
2007-09-24,259.24,7.9,13.271429,18.800001,7.5428576,71.34286,1.5857143,1.4142857,1.7714285,9.5,13.9,0.00018467009,0.002908975,-7.345365000000001e-25,1.8626451e-09,0.0,True
2007-10-01,259.22,87.799995,11.442857,14.5,8.228572,84.74286,0.88571435,0.8571429,1.0285714,10.642858,12.3,0.0055484176,0.0061423704,-7.345365000000001e-25,3.7252903e-09,0.0,True
2007-10-08,259.2,0.4,11.057143,14.914286,7.471429,85.25715,0.67142856,0.6571428,0.90000004,10.3714285,12.428572,9.793043e-05,0.004165001,-7.345365000000001e-25,0.0,0.0,True
2007-10-15,259.15,0.2,9.185715,14.114286,4.042857,77.6,0.71428573,0.64285713,0.82857144,9.8714285,10.057143,2.4825335e-05,0.004880205,-7.345365000000001e-25,1.8626451e-09,0.0,True
2007-10-22,259.19,9.2,6.857143,10.300001,3.3857143,78.78571,0.67142856,0.64285713,0.7571429,9.857142,7.3714285,0.00016793609,0.0050712824,4.5980727e-07,3.091991e-07,2.2009015e-05,True
2007-10-29,259.1828560768918,2.7,5.428571,7.7428575,2.7285714,86.57143,0.3,0.3,0.5,9.828571,5.6571426,2.4288893e-05,0.005101569,4.9046107e-06,2.1867454e-05,5.9604645e-08,True
2007-11-05,259.21,10.0,7.785714,10.485715,4.2285714,83.82857,0.3571429,0.34285715,0.44285712,9.985714,7.1714287,7.669628e-05,0.0050907135,-7.345365000000001e-25,7.4505806e-08,0.0,True
2007-11-12,259.19,96.9,4.7000003,7.0,2.7,82.38572,0.65714294,0.65714294,0.55714285,10.942857,4.1571426,0.0024489015,0.0054486394,0.00270336,0.0077975113,0.01298495,True
2007-11-19,259.24,7.4,1.9142857,3.6285717,-0.07142855,87.71429,0.20000002,0.20000002,0.34285715,10.857142,1.7428571,0.0003310293,0.005693473,0.005840347,0.0068721753,0.0047684405,True
2007-11-26,259.29,19.699999,3.557143,6.457143,0.67142856,84.18572,0.2857143,0.2857143,0.31428573,10.328571,2.1142857,0.0002084449,0.0065799356,0.002272969,0.003838716,0.0059249625,True
2007-12-03,259.25,35.4,4.071429,6.357143,1.9000002,81.185715,0.5,0.5,0.4857143,10.6,2.5714285,0.0008678436,0.0072281584,0.003707216,0.007560339,0.001498837,True
2007-12-10,259.3,53.0,6.157143,8.114286,3.9,81.5,0.5285715,0.5285715,0.5,10.928572,4.5142856,0.0017282069,0.0094925165,0.00018038068,0.00068514794,0.000877019,True
2007-12-17,259.16,1.7,0.44285712,1.4857143,-0.9285716,86.38572,0.12857144,0.12857144,0.32857147,10.557143,1.2,0.00014672428,0.011485614,0.0013876869,0.00038621575,0.0033002757,True
2007-12-24,259.2,4.5,-3.5428574,-0.22857141,-6.3285713,91.21429,0.014285714,0.014285714,0.028571429,10.228572,-1.4,1.090765e-05,0.012267388,0.003527999,0.00041507557,0.0034834929,True
2007-12-31,259.2749591173553,5.4,1.457143,3.5142858,-1.1857144,83.34286,0.15714286,0.14285715,0.27142859,10.214286,-0.42857143,9.781122e-05,0.012096047,0.00513775,0.0034240782,0.00046468154,True
2008-01-07,259.5,15.9,-0.15714285,1.8857144,-3.0428574,84.72858,0.17142858,0.17142858,0.25714287,10.328571,-0.51428574,0.0002513379,0.011632271,0.003476313,0.0028115064,0.0017551854,True
2008-01-14,259.76,1.2,4.3857145,7.1857147,1.0285715,74.75715,0.45714286,0.45714286,0.4,10.314285,1.0142857,6.648153e-05,0.011083856,0.00077459356,0.0020625275,1.937151e-07,True
2008-01-21,259.97,97.40001,7.9428573,10.0,5.1,79.3,0.6714286,0.6714286,0.6714286,10.6,5.0,0.00082211196,0.0108247325,2.6498523e-05,0.00014841557,8.095056e-06,True
2008-01-28,260.19,31.3,5.3142858,7.7714286,2.9857144,77.18572,0.64285713,0.64285713,0.62857145,10.8,3.8285713,0.00045212358,0.010446988,0.00012049221,0.00032436475,0.00033170357,True
2008-02-04,260.04,5.0,2.2571428,4.957143,-0.85714287,75.11428,0.5,0.5,0.54285717,10.4,1.8428571,7.210672e-05,0.010718279,0.0011041505,0.0010653045,0.0030122772,True
2008-02-11,259.79,14.8,4.6142855,9.971429,0.57142866,76.77143,0.68571424,0.6571428,0.51428574,10.385715,3.1714287,0.00023047626,0.01081007,0.00049224356,0.0022407304,0.00039977208,True
2008-02-18,259.48,0.0,0.0,3.257143,-4.142857,76.04286,0.41428572,0.35714287,0.5285714,10.028571,1.0428572,1.8373132e-05,0.010724768,0.00044698376,0.00019227713,0.00077887997,True
2008-02-25,259.24,6.5,5.871429,9.514285,1.6285714,77.07143,0.8714286,0.78571427,0.82857144,9.828571,4.6285715,7.431209e-05,0.010513037,0.00020234358,0.0007178467,0.00011403859,True
2008-03-03,259.19,55.0,6.585715,9.400001,3.2571428,72.328575,1.1714286,1.1428571,1.0571429,10.285714,5.214286,0.001297757,0.010151975,5.8208192e-05,0.00043217652,0.0005498268,True
2008-03-10,259.26,1.7,4.6857147,8.2,1.5142858,68.54286,1.0428573,0.98571426,1.1714286,10.2,4.114286,0.00010743737,0.009909943,0.00042276722,0.00090383925,0.00086923316,True
2008-03-17,259.29,41.6,5.8142858,9.442857,1.9285715,73.42857,1.3285714,1.3142859,1.2571429,10.385715,5.4428573,0.0008363873,0.009705387,3.8544338e-05,0.00012452342,0.0009080209,True
2008-03-24,259.34,35.3,0.38571432,3.7857146,-2.6571429,82.01429,0.7285714,0.7285714,0.88571423,10.671429,2.1285715,0.0003830418,0.009596281,0.008585158,0.008350721,0.023631651,True
2008-03-31,259.26537122571483,8.5,5.085715,9.657144,0.09999997,67.74286,1.5142857,1.4,1.5285714,10.185715,4.6857142,0.00048835576,0.009788819,0.009392131,0.016863003,0.003989123,True
2008-04-07,259.29,31.3,5.5,8.685715,2.757143,81.92857,1.042857,1.0142857,1.2285715,10.157143,6.4714284,0.00060810894,0.010237716,0.00020784991,0.0009159241,0.0017238297,True
2008-04-14,259.24,15.4,5.7000003,9.257143,2.3142858,80.68572,1.1999999,1.1714286,1.3000001,10.414286,6.9714284,0.0007707104,0.011223264,0.0013026737,0.00615957,0.0048354827,True
2008-04-21,259.3,0.3,5.8857145,9.7,1.9857142,77.15715,1.4571428,1.3571428,1.6999999,10.142858,7.614286,9.994209e-05,0.012835465,8.37871e-06,4.42639e-05,5.2154064e-08,True
2008-04-28,259.36,17.900002,11.185715,17.0,4.4428573,66.25715,2.6142857,2.2857144,2.6000001,9.428572,12.742857,0.00022932142,0.0129582435,-7.345365000000001e-25,5.9604645e-08,0.0,True
2008-05-05,259.29,3.6,10.585714,16.557142,3.7714288,71.82857,2.5714285,2.2857144,2.6571429,9.314285,14.042857,0.0001938343,0.012231231,-7.345365000000001e-25,0.0,0.0,True
2008-05-12,259.22,0.0,14.542857,21.385715,5.828572,60.214287,4.2857146,3.085714,4.0142856,8.014286,18.514286,2.9802322e-08,0.011160679,-7.345365000000001e-25,0.0,0.0,True
2008-05-19,259.14,6.4,12.857142,18.142859,7.1285715,76.685715,2.5,1.7142857,2.642857,7.1571426,16.785715,0.00026863813,0.009915024,-7.345365000000001e-25,7.450581e-09,0.0,True
2008-05-26,259.01,0.3,12.757143,18.214285,6.2999997,68.72857,2.857143,1.5285714,2.9857142,6.614286,16.242857,3.6731362e-05,0.008847661,-7.345365000000001e-25,0.0,0.0,True
2008-06-02,259.1,6.2,19.071428,25.1,12.828572,73.71429,4.142857,1.2714285,4.2285714,6.142857,21.971428,0.00021968037,0.0077831596,-7.345365000000001e-25,1.4901161e-08,0.0,True
2008-06-09,259.18,2.1999998,18.128572,24.357143,10.771429,65.5,4.214286,1.6142857,4.4714284,6.2,22.042856,0.00021259487,0.006824866,-7.345365000000001e-25,0.0,0.0,True
2008-06-16,259.29,23.499998,13.357142,18.485716,8.542857,68.84286,2.9571426,1.6,3.357143,6.114286,17.7,0.00013434887,0.0059748143,-7.345365000000001e-25,0.0,0.0,True
2008-06-23,259.2,14.9,16.957144,22.942858,10.114286,63.0,4.2428575,2.4714284,4.0285716,5.957143,20.042856,0.000174433,0.0052899867,-7.345365000000001e-25,3.7252903e-09,0.0,True
2008-06-30,259.2315961003961,12.1,17.242857,22.457144,11.357142,65.84286,3.8428571,1.9285715,3.8857143,5.6714287,20.657143,0.00012920052,0.0046783313,-7.345365000000001e-25,1.4901161e-08,0.0,True
2008-07-07,259.29,30.599998,19.085714,25.67143,12.214286,63.31429,4.2714286,2.1857142,4.1857142,5.785714,22.171429,0.00022505224,0.0041294023,-7.345365000000001e-25,1.1175871e-08,0.0,True
2008-07-14,259.34,21.300001,16.2,21.17143,11.614286,73.1,2.742857,2.0714285,2.7428572,6.1,18.22857,0.0001834482,0.0037027076,-7.345365000000001e-25,7.450581e-09,0.0,True
2008-07-21,259.47,52.2,15.1,19.857143,10.885715,74.97143,2.2428572,1.757143,2.3999999,6.2714286,16.928572,0.00028920174,0.003373757,-7.345365000000001e-25,1.4901161e-08,0.0,True
2008-07-28,259.54,0.6,19.885715,26.585714,12.828572,64.4,4.2285714,2.9714284,4.3857145,6.4,21.77143,6.0155988e-05,0.0030899048,-7.345365000000001e-25,5.5879354e-09,0.0,True
2008-08-04,259.59,8.4,21.428572,27.67143,15.185715,61.414288,3.9285717,2.4857142,4.1857142,5.5857143,23.27143,0.00013248622,0.0027913302,-7.345365000000001e-25,7.450581e-09,0.0,True
2008-08-11,259.52,12.200001,18.785715,24.485716,13.042857,63.285713,3.2428572,2.1571429,3.3857143,5.5857143,20.171429,4.851818e-05,0.0025445893,-7.345365000000001e-25,1.4901161e-08,0.0,True
2008-08-18,259.48,4.2,16.757143,21.9,10.885715,64.457146,2.5571427,1.6571429,2.9857142,5.4857144,18.414286,0.00011391938,0.0023418218,-7.345365000000001e-25,7.450581e-09,0.0,True
2008-08-25,259.38,16.3,16.428572,21.414288,12.728572,71.700005,2.1571429,1.6714286,2.5,5.857143,17.528572,0.00019437075,0.0021607354,-7.345365000000001e-25,9.313226e-09,0.0,True
2008-09-01,259.29,3.4,17.171429,22.0,12.342857,71.75715,2.0,1.4285715,2.2857144,6.114286,18.342857,4.5835972e-05,0.0020155907,-7.345365000000001e-25,1.1175871e-08,0.0,True
2008-09-08,259.24,8.8,15.942858,20.814285,10.957144,71.61429,1.8,1.4285715,2.0285714,6.3,16.814285,0.00022141635,0.0018843561,-7.345365000000001e-25,1.1175871e-08,0.0,True
2008-09-15,259.2,1.3000001,13.842857,19.357143,8.728572,71.34286,1.7142857,1.2285713,2.1142857,6.0571427,16.0,4.120171e-05,0.001766339,-7.345365000000001e-25,7.450581e-09,0.0,True
2008-09-22,259.16,4.8,9.214286,14.214286,4.414286,73.64286,1.0,0.6571428,1.3142856,5.8714285,11.5,8.5935e-05,0.0016721338,-7.345365000000001e-25,0.0,0.0,True
2008-09-29,259.21390553272573,9.3,9.857142,14.457144,5.3428574,85.54286,0.8142857,0.6571428,1.1571429,6.6571426,11.228572,0.00013760477,0.0015973598,-7.345365000000001e-25,0.0,0.0,True
2008-10-06,259.09,38.8,9.257143,12.614286,5.942857,77.457146,0.8714286,0.82857144,1.0857142,7.5142856,8.985714,0.00083354115,0.0015331879,-7.345365000000001e-25,3.7252903e-09,0.0,True
2008-10-13,259.01,2.4,12.157143,17.4,6.8142858,83.35714,0.7285714,0.64285713,0.87142855,7.6285715,12.042857,5.0231814e-05,0.0014865622,-7.345365000000001e-25,9.313226e-09,0.0,True
2008-10-20,258.99,8.8,10.014287,13.985715,5.4714284,76.98572,0.6571428,0.61428577,0.8142857,7.8285713,9.571428,7.466227e-05,0.0014499575,-7.345365000000001e-25,7.450581e-09,0.0,True
2008-10-27,258.94,20.2,8.714286,12.557143,4.2714286,79.47143,0.5428572,0.4857143,0.6571428,8.028571,8.014286,0.00014193356,0.0014192462,-7.345365000000001e-25,5.5879354e-09,0.0,True
2008-11-03,258.89,6.7999997,4.1,6.414286,2.0285716,92.18572,0.21428573,0.21428573,0.34285715,8.985714,5.042857,0.00020241737,0.0013955086,0.0017538014,0.005796237,0.0058665387,True
2008-11-10,258.94,1.4,8.642858,10.828572,5.442857,89.12858,0.35714287,0.34285715,0.5285714,9.085714,7.714286,5.502999e-05,0.0013799444,3.329345e-05,0.00024662167,0.0,True
2008-11-17,259.0,6.2,7.014286,9.8714285,3.2142856,78.14286,0.44285712,0.42857143,0.59999996,9.028571,5.957143,2.9876828e-05,0.0013678744,-7.345365000000001e-25,1.8626451e-08,0.0,True
2008-11-24,258.92,52.7,2.3428571,4.6142855,-0.6999999,82.1,0.34285712,0.34285712,0.45714286,9.714286,2.6142857,0.00028659403,0.0013598278,0.002998403,0.00027945265,0.011113599,True
2008-12-01,259.04,8.0,0.9142857,3.7285714,-2.3714287,83.52857,0.12857144,0.12857144,0.22857143,10.0,0.8428571,0.00012028217,0.0013673306,0.008453443,0.005190123,0.004701443,True
2008-12-08,259.09,24.8,2.5714285,4.157143,0.42857143,84.98572,0.20000002,0.20000002,0.3,10.471429,1.3285714,0.00041940808,0.001390636,0.00961881,0.014095431,0.008443978,True
2008-12-15,259.16,4.4,0.38571432,2.2,-1.8571428,90.01428,0.114285715,0.114285715,0.17142858,10.285714,0.4,4.245341e-05,0.0014567599,0.0068743797,0.0020464435,0.0035753846,True
2008-12-22,259.24,20.699999,3.7428572,5.714286,1.7428572,84.0,0.27142859,0.27142859,0.35714287,10.3,1.7,0.00033714622,0.0015494153,0.005016639,0.009375289,0.0029527918,True
2008-12-29,259.1032631345083,2.4,-0.7714286,0.9428572,-2.8857143,85.22858,0.08571429,0.08571429,0.25714287,10.314285,0.74285716,8.2448125e-05,0.0016823784,0.00045062246,0.0005658325,0.00045904145,True
2009-01-05,259.19,10.599999,-4.7714286,-0.65714294,-9.985715,85.1,0.0,0.0,0.15714286,10.2,-3.45,3.1292439e-07,0.0018578246,0.003839612,4.604459e-06,0.011891756,True
2009-01-12,259.13,0.0,-7.2428575,-1.2714285,-13.014287,71.27143,0.057142857,0.042857144,0.114285715,10.3,-2.0,3.6507845e-07,0.0020062253,0.012436702,1.8328428e-05,0.00047355145,True
2009-01-19,259.08,10.7,1.0285714,4.1142855,-2.5714285,80.84286,0.22857143,0.22857143,0.3285714,10.242857,-0.4,0.00028443336,0.0021156296,0.01109344,0.007988842,0.0037965626,True
2009-01-26,258.99,27.9,1.0857143,4.0285716,-2.0428574,82.75715,0.3142857,0.3142857,0.25714287,10.414286,0.08571429,0.00050700456,0.0022115782,0.00734017,0.005402826,0.0054555126,True
2009-02-02,258.9,2.0,-1.8142859,-0.5285714,-3.3142858,89.057144,0.071428575,0.071428575,0.31428573,10.271428,-0.47142857,2.682209e-07,0.0023703426,0.009868888,2.5965273e-06,0.00426561,True
2009-02-09,258.99,13.3,0.82857144,4.2428575,-2.4857144,86.6,0.3,0.2857143,0.3285714,10.185715,0.014285714,0.00024352968,0.0025345832,0.007864969,0.0071219355,0.000990253,True
2009-02-16,259.04,25.3,-0.7285714,1.7714287,-3.7428572,84.21429,0.22857144,0.22857144,0.42857143,10.671429,0.028571429,0.00038048625,0.002734892,0.015827417,0.0063006394,0.022795718,True
2009-02-23,259.09,13.5,0.042857204,2.8,-3.2857144,84.17143,0.24285714,0.24285714,0.45714286,10.585714,0.24285714,0.000749588,0.0030281544,0.02231444,0.017008694,0.012501236,True
2009-03-02,259.07,21.6,4.714286,7.214286,2.0571427,84.74286,0.50000006,0.48571435,0.61428577,10.485714,2.7285714,0.0011157095,0.0044155717,0.008255834,0.015625965,0.00037980825,True
2009-03-09,259.11,13.8,3.7142856,6.9,0.21428575,82.87142,0.64285713,0.64285713,0.7,10.428572,3.2857144,0.0003181696,0.006090611,0.0005515416,0.0015184823,0.0009400733,True
2009-03-16,259.14,31.3,5.214286,7.9571433,2.4,82.042854,0.7,0.7,0.8142857,10.742857,4.385714,0.0005657524,0.0075638965,0.0015542337,0.0058011487,0.005311191,True
2009-03-23,259.19,22.800001,4.0142856,8.085714,-0.38571426,66.071434,1.2571429,1.1714286,1.4428571,10.057143,4.6714287,0.0002477169,0.0088161975,8.572851e-05,0.00031396374,0.00085528195,True
2009-03-30,259.13976363190824,24.1,3.7428572,7.2999997,0.17142858,78.700005,0.9428572,0.9142858,1.0142858,10.428572,4.0142856,0.0005841777,0.009336509,0.0023744674,0.007975802,0.0075165927,True
2009-04-06,259.1,0.1,9.8,16.157145,2.6857145,70.04286,2.142857,1.7857144,2.1571429,9.657143,10.414286,1.859665e-05,0.010116838,5.5880773e-05,0.000309743,0.0,True
2009-04-13,259.04,0.90000004,13.071428,19.742859,5.542857,67.28571,2.8,2.142857,2.7285714,8.714286,14.342857,3.129244e-05,0.009970993,-7.345365000000001e-25,6.519258e-08,0.0,True
2009-04-20,259.09,5.1,10.6,16.428572,4.157143,70.85714,2.614286,1.942857,2.5857143,8.171429,13.742857,0.00014070421,0.009413078,-7.345365000000001e-25,3.7252903e-09,0.0,True
2009-04-27,258.99,2.1,11.342857,17.7,4.0000005,63.842857,3.0,1.9714285,2.9857142,7.757143,14.057143,3.4861267e-05,0.008728676,-7.345365000000001e-25,0.0,0.0,True
2009-05-04,259.04,14.8,11.742858,17.042858,6.8285713,78.64286,2.1857145,1.7,2.6285713,7.6857142,14.842857,0.000266999,0.00798405,-7.345365000000001e-25,0.0,0.0,True
2009-05-11,259.11,37.7,11.914286,16.328571,7.1714287,74.64286,2.3142858,2.0,2.3142858,7.785714,13.714286,0.00039167702,0.0073119923,-7.345365000000001e-25,0.0,0.0,True
2009-05-18,259.14,14.5,12.814286,18.228573,6.785714,68.35714,3.0285714,2.4142857,3.1285713,7.857143,15.314285,0.00020501763,0.00668291,-7.345365000000001e-25,3.7252903e-09,0.0,True
2009-05-25,259.09,15.6,15.6285715,21.7,8.471429,69.17143,3.5571427,2.6571429,3.6571429,7.6,19.414286,0.00012370944,0.006088741,-7.345365000000001e-25,3.7252903e-09,0.0,True
2009-06-01,259.11,17.5,14.257143,19.685715,8.585714,68.957146,3.3142858,2.2428572,3.4857142,6.928571,17.4,9.932369e-05,0.005523525,-7.345365000000001e-25,7.450581e-09,0.0,True
2009-06-08,259.17,10.6,11.114286,15.800001,6.285714,68.67143,2.5857143,1.6571428,2.857143,6.571429,14.728572,0.00013239682,0.0050280914,-7.345365000000001e-25,0.0,0.0,True
2009-06-15,259.2,30.8,13.928572,19.242857,8.657144,71.957146,2.885714,2.4428573,2.9714284,6.928571,16.142857,0.00039931387,0.0045943037,-7.345365000000001e-25,7.450581e-09,0.0,True
2009-06-22,259.24,16.8,13.728572,18.77143,8.8,74.12858,2.742857,2.1714287,3.0571427,7.042857,17.357143,0.0002802387,0.004197493,-7.345365000000001e-25,0.0,0.0,True
2009-06-29,259.2745667670013,3.1000001,16.942858,21.600002,12.142858,77.27143,2.8428571,1.9428571,3.2428572,6.6,19.22857,0.00011634827,0.0038668588,-7.345365000000001e-25,1.1175871e-08,0.0,True
2009-07-06,259.29,35.6,20.485716,26.571428,13.900001,69.6,3.8428571,2.1714284,4.071429,6.042857,24.27143,0.00012593716,0.003560558,-7.345365000000001e-25,1.1175871e-08,0.0,True
2009-07-13,259.24,49.2,14.957144,19.528574,10.942858,75.62858,2.6000001,2.0142858,2.5,6.3,17.328571,0.00035576522,0.0032782704,-7.345365000000001e-25,1.8626451e-08,0.0,True
2009-07-20,259.19,22.3,18.357143,23.600002,13.214286,69.07143,3.057143,2.414286,3.2,6.385714,20.142857,0.0010627061,0.0030524954,-7.345365000000001e-25,1.4901161e-08,0.0,True
2009-07-27,259.09,36.4,18.742857,24.214285,13.214286,67.85714,3.5571425,3.1000001,3.4428573,6.9,20.014286,0.00025343895,0.0028591529,-7.345365000000001e-25,1.8626451e-08,0.0,True
2009-08-03,259.09,4.1,17.87143,23.542858,10.842857,62.457146,3.3714287,2.3428571,3.5142858,6.1,21.0,1.5571713e-05,0.0026746094,-7.345365000000001e-25,1.1175871e-08,0.0,True
2009-08-10,259.18,8.2,19.157145,26.157145,12.285714,67.47143,3.3285716,1.7857141,3.3428571,5.385714,22.257143,9.344518e-05,0.002488114,-7.345365000000001e-25,1.3038516e-08,0.0,True
2009-08-17,259.21,10.800001,18.728573,24.428572,12.714286,67.77143,2.9285715,1.4857142,3.1285713,5.4428573,20.571428,5.158782e-05,0.002326645,-7.345365000000001e-25,1.4901161e-08,0.0,True
2009-08-24,259.14,12.4,18.942858,25.67143,11.114286,61.4,3.385714,1.6571428,3.4,5.214286,20.885714,2.3886561e-05,0.0021581948,-7.345365000000001e-25,5.5879354e-09,0.0,True
2009-08-31,259.12693777161195,8.1,17.6,23.657145,11.357142,64.65714,2.614286,1.1857144,2.7571428,4.885714,19.471428,3.78564e-05,0.0019992888,-7.345365000000001e-25,3.7252903e-09,0.0,True
2009-09-07,258.98,20.699999,15.714286,21.0,11.028572,68.64286,2.2571428,1.4571428,2.3999999,5.071429,16.457144,0.000113263726,0.0018628985,-7.345365000000001e-25,9.313226e-09,0.0,True
2009-09-14,259.09,15.6,14.714286,19.77143,9.7,73.971436,1.8000002,1.0000001,2.1285713,5.1571426,16.485714,0.00012475997,0.0017476603,-7.345365000000001e-25,3.7252903e-09,0.0,True
2009-09-21,259.19,7.2999997,14.5,19.5,9.271429,81.78571,1.4,0.9142857,1.7571429,5.8142858,15.971429,0.00013238192,0.0016573891,-7.345365000000001e-25,1.3038516e-08,0.0,True
2009-09-28,259.27,0.3,13.414286,19.028574,7.5285716,75.97143,1.2428571,0.67142856,1.4428571,5.4,15.185715,1.0743737e-05,0.0015686229,-7.345365000000001e-25,5.5879354e-09,0.0,True
2009-10-05,259.24,30.0,11.185715,14.242858,7.1285715,78.35714,0.9142857,0.7571429,1.1428572,5.6857142,11.557143,0.00012610853,0.0014967099,-7.345365000000001e-25,9.313226e-09,0.0,True
2009-10-12,259.15,45.4,11.1285715,14.785714,7.3142858,84.67143,0.81428576,0.78571427,0.90000004,7.285714,11.6285715,0.00046139956,0.0014366955,-7.345365000000001e-25,9.313226e-09,0.0,True
2009-10-19,259.09,17.5,4.0000005,7.5285716,0.75714284,83.25715,0.54285717,0.54285717,0.7,8.4,4.885714,0.0002539009,0.0013917163,8.406526e-05,0.0003266614,0.00034392253,True
2009-10-26,259.04,12.0,6.428571,10.085715,2.8428574,86.0,0.44285718,0.41428572,0.51428574,8.542857,6.142857,0.00012438744,0.0013635457,5.954788e-06,2.0334497e-05,0.0,True
2009-11-02,259.2,24.8,7.085715,10.17143,3.457143,88.07143,0.34285715,0.31428573,0.44285718,8.685715,7.0571427,0.00012646616,0.0013450682,-7.345365000000001e-25,2.9802322e-08,0.0,True
2009-11-09,259.34,19.2,6.3,8.6,4.142857,85.27143,0.37142855,0.35714287,0.5,10.257143,5.5142856,0.00039242208,0.0013338849,-7.345365000000001e-25,1.8626451e-09,0.0,True
2009-11-16,259.2164667415013,14.0,7.8142858,10.428572,4.928571,82.85714,0.29999998,0.29999998,0.42857143,10.428572,6.0571427,0.00016264617,0.0013427958,8.514949e-07,4.751608e-06,4.567206e-06,True
2009-11-23,259.2329472402385,29.0,10.057143,12.742858,6.785714,73.65715,0.5857143,0.5714286,0.7285715,10.357142,7.3142858,0.00034858286,0.0013765395,-7.345365000000001e-25,3.7252903e-09,0.0,False
2009-11-30,259.39,19.8,8.1,9.985715,5.7000003,74.08572,0.7,0.7,0.85714287,10.542857,6.357143,0.00023424625,0.0014451444,-7.345365000000001e-25,3.7252903e-09,0.0,True
2009-12-07,259.48,25.9,4.1,6.6857147,0.32857147,85.12858,0.20000002,0.20000002,0.27142859,10.614285,2.9714286,0.000298962,0.0015709028,3.0256454e-06,1.0479242e-05,1.1021271e-05,True
2009-12-14,259.54,34.0,2.1714287,3.9857142,-0.071428575,88.08572,0.15714286,0.15714286,0.3285714,11.028571,2.4285715,0.0009634271,0.001799196,0.0015137196,0.00024862215,0.00479497,True
2009-12-21,259.09,8.5,-7.142857,-3.7,-10.571428,82.37144,0.0,0.0,0.17142858,10.385715,-1.4857143,2.4586916e-07,0.0022458136,0.006257636,0.0,0.005662672,True
2009-12-28,258.93,17.0,1.3285714,4.0857143,-2.0571427,84.21429,0.24285717,0.24285717,0.27142859,10.657143,0.0,0.00034111738,0.0026050843,0.008884828,0.007860325,0.006476365,True
2010-01-04,258.99,50.4,-3.3142858,-1.6571429,-5.571429,93.614296,0.0,0.0,0.18571429,11.033334,0.0,0.00038950145,0.0029485747,0.02445506,0.0008513443,0.027534507,True
2010-01-11,259.06230877315755,7.2,-7.471429,-4.6,-10.742858,88.77143,0.0,0.0,0.14285715,10.471429,0.0,0.0,0.0033741966,0.04078476,0.0,0.015186992,False
2010-01-18,259.11541567270297,10.3,-2.5857143,-0.61428577,-5.4,89.0,0.028571429,0.028571429,0.24285714,10.385715,0.014285714,0.00019314885,0.0036834255,0.051688705,0.005183939,0.0045184344,False
2010-01-25,259.26,0.7,-4.5285716,-2.7857144,-6.3714285,90.64286,0.028571429,0.028571429,0.2,10.3714285,-0.042857144,9.8496675e-05,0.0038875937,0.0521623,0.0026727393,0.0048104674,True
2010-02-01,259.29,31.6,-4.0142856,-1.1,-8.485715,80.88572,0.11428572,0.11428572,0.34285715,10.5,-0.1,0.0,0.004078023,0.061788104,0.0,0.018504027,True
2010-02-08,259.32207980797705,15.8,-1.8428572,0.88571435,-4.914286,86.34286,0.15714286,0.15714286,0.29999998,10.514286,0.0,3.309548e-05,0.0041978955,0.079918474,0.0014222339,0.013139255,True
2010-02-15,259.37526248346234,9.5,-5.8857145,-3.642857,-8.928572,87.27143,0.0,0.0,0.31428573,10.357142,0.042857144,0.0,0.0042513385,0.08701566,0.0,0.010856982,True
2010-02-22,259.39,9.2,-0.59999996,3.5142858,-5.1142855,77.92857,0.34285712,0.34285712,0.5,10.3,0.071428575,0.0002656281,0.004268028,0.08862014,0.011213543,0.001966428,True
2010-03-01,259.54,24.5,4.571429,8.228572,1.3571428,78.48572,0.87142855,0.87142855,0.8142857,10.471429,1.9857143,0.0038862824,0.006578304,0.058706556,0.06432167,0.0087628625,True
2010-03-08,259.389444823286,12.299999,-1.9142857,1.9142858,-6.1571426,72.685715,0.42857146,0.41428572,0.8428572,10.185715,0.82857144,3.2678246e-05,0.008947015,0.030185126,0.0011711437,0.009090852,True
2010-03-15,259.59,24.5,-0.0857143,3.5,-3.857143,77.314285,0.54285717,0.5285714,0.88571423,10.171429,0.9285714,0.0004913658,0.010708697,0.029764023,0.012620585,0.0057870448,True
2010-03-22,259.65,10.0,8.357142,12.17143,3.6285717,70.84286,1.3142856,1.2571429,1.1857144,10.157143,6.6857142,0.0014099777,0.012148596,0.010912895,0.024432292,0.0004224144,True
2010-03-29,259.5000497991595,23.7,9.085714,14.842857,3.7285714,72.24286,1.6428572,1.5142857,1.4428571,10.0,8.928572,0.00045336038,0.016106777,9.682065e-05,0.00044567138,0.0,True
2010-04-05,259.55,17.4,7.0428576,11.971429,2.4857144,69.08572,1.7285715,1.6142858,1.6142857,10.0,7.885714,0.0003001243,0.016037904,4.0037292e-05,0.00031322427,0.00031821802,True
2010-04-12,259.48,5.2,7.3428574,12.471429,2.3714287,70.72857,1.8142856,1.5428572,1.8285714,9.3,9.028571,9.086728e-05,0.015263237,2.5533494e-05,0.00020788051,0.00021330267,True
2010-04-19,259.29,4.1,7.514286,13.2,1.4428571,67.08572,2.1714287,1.7142857,2.1571429,8.914286,9.9,6.619096e-05,0.014092408,3.3435367e-06,2.5048852e-05,0.0,True
2010-04-26,259.22,5.0,8.471429,15.0,1.1142857,59.714287,2.7142856,2.1,2.6285713,8.014286,11.557143,8.5532665e-05,0.012599692,1.5440442e-06,6.1020255e-06,6.273389e-06,True
2010-05-03,259.09,9.5,12.8,17.814287,6.9857144,67.07143,2.5571427,1.8428571,2.5,7.242857,14.457143,7.005036e-05,0.011075601,-7.345365000000001e-25,1.1175871e-08,0.0,True
2010-05-10,259.14,11.0,7.414286,10.7,3.7428572,80.25714,1.4,1.1571428,1.6428572,7.8428574,9.714286,0.0002874732,0.009775877,3.3458073e-05,0.0002243258,0.00022045523,True
2010-05-17,259.13,11.2,8.214286,11.285714,5.014286,78.64286,1.5142857,1.3428571,1.5857143,8.557143,9.885715,0.00016894192,0.008755177,3.0086153e-07,2.8647482e-06,0.0,True
2010-05-24,259.22,23.3,12.328572,16.842857,7.657143,76.38572,2.3857143,2.1142857,2.8428571,9.028571,13.928572,0.00018846989,0.007889308,-7.345365000000001e-25,7.450581e-09,0.0,True
2010-05-31,259.13631190045385,23.9,11.614286,16.114286,6.5142856,77.65715,2.2714288,2.0571427,2.3714287,8.8714285,14.942857,0.00073421,0.007099062,-7.345365000000001e-25,0.0,0.0,True
2010-06-07,259.17,1.4,15.557143,20.97143,8.857142,69.67143,3.414286,2.8428571,3.8285713,8.914286,17.885714,8.518994e-05,0.006470166,-7.345365000000001e-25,3.7252903e-09,0.0,True
2010-06-14,259.14,20.1,17.171429,22.457144,11.3,72.17143,3.2714288,2.7428572,3.5,8.242857,20.742857,0.0001359731,0.0058224797,-7.345365000000001e-25,7.450581e-09,0.0,True
2010-06-21,259.1,0.4,12.685715,18.228573,6.285714,68.057144,3.2857144,2.2142856,3.5571427,7.4142857,17.8,2.412498e-05,0.005241558,-7.345365000000001e-25,3.7252903e-09,0.0,True
2010-06-28,259.06,0.0,16.957144,23.514286,8.214286,64.38572,4.142857,1.9142857,4.0,6.542857,21.457144,4.030764e-05,0.004709564,-7.345365000000001e-25,3.7252903e-09,0.0,True
2010-07-05,259.09,4.4,22.085714,28.285715,14.942858,62.057148,4.6714287,1.3285714,4.6285715,5.8714285,25.6,1.04010105e-05,0.0041417032,-7.345365000000001e-25,1.1175871e-08,0.0,True
2010-07-12,259.06,7.8,22.757143,29.514286,15.114286,58.142857,4.9714284,1.3714286,4.7714286,5.614286,25.72857,3.385544e-05,0.0036122203,-7.345365000000001e-25,1.1175871e-08,0.0,True
2010-07-19,259.1,13.700001,20.9,27.157145,14.014287,61.27143,4.485714,2.0714285,4.457143,5.6571426,24.414286,6.146729e-05,0.0031409264,-7.345365000000001e-25,1.1175871e-08,0.0,True
2010-07-26,259.02,23.4,18.771427,24.5,12.514287,66.58572,3.5142856,1.4142858,3.542857,5.6857142,22.0,0.000203982,0.0027579293,-7.345365000000001e-25,1.1175871e-08,0.0,True
2010-08-02,258.95,4.6,17.77143,23.485716,12.328572,69.71429,2.8142858,1.9142858,3.1714287,6.428571,19.87143,0.0001026988,0.0024968386,-7.345365000000001e-25,1.1175871e-08,0.0,True
2010-08-09,259.01,24.5,16.742857,21.285715,12.814286,75.61428,2.1285715,1.6428573,2.3857143,6.857143,18.885714,0.00024034083,0.0022770688,-7.345365000000001e-25,3.7252903e-09,0.0,True
2010-08-16,259.12,35.9,17.142857,21.228573,13.285714,79.4,1.9142857,1.5714285,2.2142856,7.4428573,19.085714,0.0004351586,0.002104178,-7.345365000000001e-25,1.4901161e-08,0.0,True
2010-08-23,259.2,25.7,18.042858,23.5,12.871429,74.9,2.457143,2.2428572,2.6000001,8.257143,19.042856,0.0007222295,0.001969643,-7.345365000000001e-25,2.0489097e-08,0.0,True
2010-08-30,259.3999466886966,65.3,14.371429,18.042858,10.585714,78.07143,1.7714288,1.6857145,1.8999999,9.542857,15.814285,0.0037300736,0.0018596053,-7.345365000000001e-25,1.4901161e-08,0.0,True
2010-09-06,259.32,6.4,11.928572,16.671429,7.457143,77.82857,1.5142858,1.4142858,1.9428571,10.085714,14.314285,9.4771385e-05,0.0017988309,-7.345365000000001e-25,3.7252903e-09,0.0,True
2010-09-13,259.4,19.699999,14.400001,18.800001,9.900001,79.14286,1.4857142,1.3428572,1.7428571,9.757143,15.4,0.00027152896,0.0017512515,-7.345365000000001e-25,7.450581e-09,0.0,True
2010-09-20,259.59,34.3,12.1285715,15.714286,8.457143,73.48572,1.3999999,1.3571428,1.6142857,10.1285715,12.728572,0.0003581643,0.0017162487,-7.345365000000001e-25,7.450581e-09,0.0,True
2010-09-27,259.54,45.2,12.614286,17.042858,8.1285715,81.78571,1.1142856,0.98571426,1.2857143,10.1,13.685715,0.0056563765,0.0024965107,-7.345365000000001e-25,5.5879354e-09,0.0,True
2010-10-04,259.39,1.4,10.528572,14.328572,6.8142858,85.67143,0.7571429,0.74285716,1.0142857,10.657143,11.1,8.738041e-05,0.0017660782,-7.345365000000001e-25,1.8626451e-09,0.0,True
2010-10-11,259.2,0.0,10.957144,17.085714,4.8285713,80.77143,0.99999994,0.8428572,1.1857144,9.857142,12.542857,2.7418137e-06,0.0019155145,-7.345365000000001e-25,5.5879354e-09,0.0,True
2010-10-18,259.04,11.0,5.557143,9.657143,1.5428572,86.8,0.4714286,0.42857143,0.61428577,9.842857,7.6285715,0.00029194355,0.002017498,-7.345365000000001e-25,0.0,0.0,True
2010-10-25,258.98,13.0,5.3857145,8.471429,2.1142857,76.814285,0.6,0.61428577,0.71428573,10.214286,5.0142856,0.00013522804,0.0021134838,-7.345365000000001e-25,1.8626451e-09,0.0,True
2010-11-01,259.11,0.3,7.871429,11.785714,3.857143,75.68572,0.5714286,0.5285714,0.59999996,9.985714,6.6714287,1.1995435e-05,0.0022189096,-7.345365000000001e-25,1.8626451e-09,0.0,True
2010-11-08,259.2873075755439,32.6,8.642858,10.814286,6.285714,85.02857,0.5,0.4857143,0.7,10.357142,7.9857144,0.00081181526,0.002306126,3.2578195e-05,6.364472e-05,0.00031748042,True
2010-11-15,259.37,78.4,8.057143,11.185715,5.1857142,81.71429,0.65714294,0.64285713,0.62857145,10.8714285,6.8142858,0.0032750517,0.0037358776,7.4999676e-05,0.0003295932,6.3765794e-05,True
2010-11-22,259.4,16.6,3.457143,5.042857,1.6714286,91.58572,0.17142858,0.17142858,0.2857143,10.9,3.9,0.00045214593,0.003650561,0.0005855447,0.0009676013,0.011780892,True
2010-11-29,259.1734492753707,12.400001,-2.0714285,0.028571436,-4.914286,90.12858,0.08571429,0.08571429,0.22857143,10.785714,0.6571429,0.000120446086,0.0047896355,0.01467027,0.0030696504,0.013155952,True
2010-12-06,259.29,13.0,-6.3857145,-3.457143,-10.042857,83.057144,0.028571429,0.028571429,0.20000002,10.457143,-0.34285715,0.0,0.0055822805,0.02711623,0.0,0.013402991,True
2010-12-13,259.2829780371753,38.0,-1.6000001,0.5428571,-4.871429,87.72857,0.114285715,0.114285715,0.3,10.914286,0.1,0.0004464388,0.005919732,0.04253236,0.012892727,0.02642703,True
2010-12-20,259.28895352863555,35.899998,-5.614286,-2.5571427,-9.857142,88.07143,0.0,0.0,0.18571429,10.742857,-0.014285714,0.0,0.0062044263,0.056780737,0.0,0.024025079,True
2010-12-27,259.2617087054307,14.1,-3.8714287,-1.6714287,-7.585715,90.971436,0.0,0.0,0.22857143,10.814285,0.1,4.8309565e-05,0.0064419582,0.080325246,1.1734664e-06,0.013940372,True
2011-01-03,259.30987878009057,6.9,-3.0428574,-0.37142864,-5.942857,87.814285,0.025,0.025,0.21428572,10.45,0.1,4.6789646e-06,0.006515704,0.09010278,0.00015950575,0.00494371,True
2011-01-10,259.38765065699505,22.7,1.4142857,5.2428575,-2.1714284,86.3,0.20000002,0.20000002,0.24285714,10.642858,0.8857143,0.0036524385,0.009656504,0.071988404,0.058067556,0.002039861,True
2011-01-17,259.54,37.9,5.7428575,8.671429,2.857143,84.47143,0.3857143,0.3857143,0.34285715,10.842857,3.7142856,0.003305398,0.021042041,0.017401496,0.040256493,0.00048564002,True
2011-01-24,259.5,11.4,0.8000001,2.2142856,-1.0,89.799995,0.11428572,0.11428572,0.3285714,10.442857,1.2,0.00020505488,0.027502768,0.0028425455,0.00093010813,0.0039290898,True
2011-01-31,259.36862532510446,13.299999,-3.1571429,-0.6571428,-6.142857,87.87144,0.057142857,0.057142857,0.24285714,10.385715,-0.028571429,3.5077333e-05,0.025570937,0.010622802,0.0009679124,0.008405503,True
2011-02-07,259.42,7.0,3.4285717,6.1714287,0.8,78.200005,0.5714286,0.55714285,0.7,10.285714,1.8428571,0.0002989173,0.022155017,0.0067217066,0.013204696,0.00214006,True
2011-02-14,259.34,17.1,2.4,5.6142855,-1.0714287,83.5,0.49999997,0.47142857,0.5,10.285714,2.1571429,0.00022861362,0.018997058,0.0014176993,0.0018396452,0.0046627037,True
2011-02-21,259.27,0.7,-1.9428571,0.028571537,-3.8285716,85.77143,0.12857144,0.12857144,0.44285712,10.328571,0.08571429,5.5789948e-05,0.016625375,0.0028762307,0.0016817488,0.0014737807,True
2011-02-28,259.12,1.5,-1.2857143,4.0142856,-6.3714285,66.48571,0.55714285,0.5285714,0.7,10.114285,-0.78571427,4.1902065e-05,0.014739662,0.0026193801,0.002305949,0.0019135028,True
2011-03-07,259.09,0.0,-0.61428577,5.228572,-5.928571,69.185715,0.9285714,0.78571427,1.0571429,9.771428,0.7714286,1.950562e-05,0.013096668,0.0012198118,0.0011772644,5.0380826e-05,True
2011-03-14,259.06,3.6999998,6.4000006,11.357142,1.2285715,67.97143,1.3142856,1.1142857,1.1857144,9.342857,4.8142858,6.812811e-05,0.011667103,0.00021281128,0.0006987788,0.0,True
2011-03-21,259.11,10.900001,4.4,8.157144,0.8714286,82.14286,0.91428566,0.7571429,0.95714283,9.314285,5.4142857,7.0273876e-05,0.010411583,9.065583e-06,2.6294962e-05,3.3143908e-05,True
2011-03-28,259.15,0.0,5.585714,11.957144,-1.2571429,67.78571,1.7,1.3285714,1.5714285,8.842857,7.928571,9.4771385e-06,0.009299986,2.1911803e-06,1.17551535e-05,7.0780516e-08,True
2011-04-04,258.99,18.1,11.071428,16.614286,5.142857,71.52857,1.9285715,1.5857143,1.8000001,8.385715,11.085714,0.00022234768,0.00831493,-7.345365000000001e-25,8.940697e-08,0.0,True
2011-04-11,259.05,0.2,10.771429,16.728573,3.9714286,66.828575,2.4142857,1.857143,2.3857143,8.114285,11.928572,8.448958e-06,0.0074496046,-7.345365000000001e-25,3.7252903e-09,0.0,True
2011-04-18,259.09,2.3,8.085714,13.542857,2.1142857,61.37143,2.0857143,1.5571429,2.142857,7.4,10.257143,6.516278e-05,0.006694585,7.1525574e-07,2.7641654e-06,2.9578805e-06,True
2011-04-25,258.97942854289323,0.0,13.714286,21.028574,4.414286,55.3,3.8714287,1.9714285,3.5142858,6.4857144,16.085714,5.9604645e-08,0.0059701577,-7.345365000000001e-25,2.2351742e-08,0.0,True
2011-05-02,258.95056662185874,11.0,10.728571,16.414286,4.8142858,71.17143,2.885714,1.6285714,2.8285713,6.1714287,14.271428,0.00013063848,0.0053111166,-7.345365000000001e-25,0.0,0.0,False
2011-05-09,258.9271615729587,1.0,11.057143,17.657145,2.7428572,56.357143,3.9857142,1.0,3.4714284,5.7285714,14.5,9.283423e-06,0.0047367364,4.546983e-06,2.6468188e-05,2.7321279e-05,True
2011-05-16,259.02,10.6,13.357142,19.242857,6.8428574,66.15714,2.9285715,0.87142855,2.8428571,5.5285716,16.571428,7.9490244e-05,0.0041811243,-7.345365000000001e-25,0.0,0.0,True
2011-05-23,258.89,4.4,15.771429,22.057144,9.042857,70.24286,3.3142858,1.4428571,3.3999999,5.571429,18.12857,7.259101e-05,0.0037554502,-7.345365000000001e-25,7.450581e-09,0.0,True
2011-05-30,258.90590334862253,0.0,15.5,21.87143,7.7714286,53.07143,4.2714286,0.8571428,4.071429,5.242857,18.157143,7.621944e-06,0.0033278018,-7.345365000000001e-25,7.450581e-09,0.0,True
2011-06-06,258.94,3.3999999,17.671429,24.628572,9.457143,61.27143,4.2714286,1.4999999,4.714286,5.242857,20.357143,9.723008e-05,0.0029301643,-7.345365000000001e-25,7.450581e-09,0.0,True
2011-06-13,258.9,10.299999,15.357142,20.17143,9.614286,69.557144,2.9571426,1.7428571,3.2,5.457143,19.12857,0.00015166402,0.002600208,-7.345365000000001e-25,3.7252903e-09,0.0,True
2011-06-20,258.84,20.5,16.014286,21.47143,10.800001,69.957146,3.2,2.2142856,3.3285713,5.3714285,18.671429,9.8474324e-05,0.0023324788,-7.345365000000001e-25,1.1175871e-08,0.0,True
2011-06-27,258.79,34.2,15.957143,21.528574,10.542857,75.942856,3.142857,2.5714285,3.1571429,6.1,18.242857,0.00016666949,0.0021238104,-7.345365000000001e-25,7.450581e-09,0.0,True
2011-07-04,258.92,21.2,15.257143,19.728573,10.885715,75.01428,2.9,2.357143,3.2428572,6.5142856,17.985714,0.00031779706,0.001927644,-7.345365000000001e-25,1.4901161e-08,0.0,True
2011-07-11,258.88,8.4,18.47143,24.557144,12.442857,69.41429,3.7,3.1142857,3.8714287,6.885714,21.585714,0.00026545674,0.0017763153,-7.345365000000001e-25,7.450581e-09,0.0,True
2011-07-18,258.83,20.9,16.9,21.442858,11.614286,68.814285,3.114286,2.7142856,2.9714284,6.885714,18.957144,0.00018513203,0.0016363338,-7.345365000000001e-25,1.8626451e-08,0.0,True
2011-07-25,258.79,7.4,14.871429,18.87143,11.17143,70.38572,2.3999999,1.9285715,2.7571428,6.742857,17.2,3.6254525e-05,0.0015236288,-7.345365000000001e-25,7.450581e-09,0.0,True
2011-08-01,258.74,17.5,15.971429,20.6,11.685715,73.72857,2.3285713,1.6857144,2.6714287,6.4,18.414286,6.508827e-05,0.0014271662,-7.345365000000001e-25,7.450581e-09,0.0,True
2011-08-08,258.82,34.800003,18.942858,24.671429,13.785714,72.91429,3.0,2.5,3.1285713,6.3285713,20.814285,0.00011961162,0.0013399199,-7.345365000000001e-25,7.450581e-09,0.0,True
2011-08-15,258.9,15.6,16.728573,20.97143,12.885715,72.65714,2.3142858,1.9285716,2.5857143,6.7,17.757143,0.00017362088,0.0012585297,-7.345365000000001e-25,1.1175871e-08,0.0,True
2011-08-22,259.01,13.8,18.557142,24.314285,11.685715,70.54286,2.6857145,2.2,2.7428572,6.7714286,20.6,3.991276e-05,0.0011874288,-7.345365000000001e-25,5.5879354e-09,0.0,True
2011-08-29,258.93744516373255,23.7,18.300001,23.428572,13.400001,75.614296,2.5142858,2.1571429,2.6714287,7.0,20.342857,0.00028906018,0.0011147708,-7.345365000000001e-25,1.3038516e-08,0.0,True
2011-09-05,258.96,10.0,16.085714,21.957142,10.085715,73.457146,1.9857143,1.642857,2.3285713,6.9,17.914286,0.000110298395,0.0010565668,-7.345365000000001e-25,5.5879354e-09,0.0,True
2011-09-12,258.99,43.1,16.528572,20.328571,12.814286,75.85714,1.8714286,1.7285715,2.0571427,7.8428574,16.9,0.00022022426,0.0010048673,-7.345365000000001e-25,9.313226e-09,0.0,True
2011-09-19,258.94,1.4,13.800001,18.1,8.771429,72.51429,1.5,1.2857143,1.8571428,7.9142857,15.585714,2.8759241e-05,0.000960432,-7.345365000000001e-25,3.7252903e-09,0.0,True
2011-09-26,258.89,0.0,13.6285715,20.185715,6.971429,72.700005,1.5,1.1999999,1.7571429,7.5142856,15.057143,1.3560057e-06,0.0009218827,-7.345365000000001e-25,9.313226e-09,0.0,True
2011-10-03,259.02,6.2,16.185715,23.928572,8.857143,71.97143,1.5285715,1.1142857,1.6428572,7.0,17.2,8.717179e-06,0.0008829981,-7.345365000000001e-25,7.450581e-09,0.0,True
2011-10-10,259.06,34.7,11.857142,15.528572,7.6,76.542854,1.0428572,0.9428572,1.2285713,7.0857143,12.3714285,0.00016030669,0.0008483678,-7.345365000000001e-25,1.1175871e-08,0.0,True
2011-10-17,259.09,20.9,7.7428575,12.485715,2.5285716,79.542854,0.7571429,0.6857143,0.7571429,8.5,8.914286,8.4131956e-05,0.0008239597,-7.345365000000001e-25,1.8626451e-09,0.0,True
2011-10-24,259.12,6.2000003,5.914286,11.614286,1.1142857,77.57143,0.64285713,0.5714286,0.67142856,8.457143,6.1857142,3.7789345e-05,0.00080075115,-7.345365000000001e-25,1.8253922e-07,1.8253922e-07,True
2011-10-31,258.96680165116123,0.8,9.342857,14.257143,4.157143,84.98572,0.50000006,0.42857146,0.5285714,8.242857,8.914286,1.5839934e-05,0.0007803142,-7.345365000000001e-25,1.1175871e-08,0.0,True
2011-11-07,258.99,0.0,8.257143,13.357142,4.1857142,86.25714,0.38571432,0.3285714,0.3285714,8.085714,8.314285,1.8924475e-06,0.00076211244,-7.345365000000001e-25,3.7252903e-09,0.0,True
2011-11-14,258.94,0.0,1.957143,7.1,-1.6857144,91.25715,0.24285714,0.18571429,0.14285715,7.928571,3.9571428,4.1872263e-06,0.00074551255,7.1525574e-07,9.4249845e-07,2.1606684e-06,True
2011-11-21,258.91,0.0,2.0714285,5.2714286,-1.0142857,89.614296,0.14285715,0.114285715,0.15714286,7.857143,2.4,5.967915e-06,0.00073078275,0.00017726989,0.00023487024,0.0003128983,True
2011-11-28,259.02,4.7,4.4428573,8.385715,0.9571429,82.12858,0.31428573,0.25714287,0.3,7.8,3.3285713,7.659197e-06,0.0007170364,3.1431515e-05,8.471869e-05,0.0,True
2011-12-05,258.89,19.400002,5.214286,8.3714285,0.9142857,79.57143,0.4142857,0.4,0.44285712,8.1285715,3.5857143,0.00019535422,0.00070393085,0.0001810108,0.00014646165,0.002347052,True
2011-12-12,259.19,34.0,3.1714287,5.557143,0.78571427,78.314285,0.5,0.5,0.4857143,9.385715,2.0,0.00015376508,0.0006922558,0.0022326764,0.0041991733,0.0032174978,True
2011-12-19,259.25,54.500004,3.2000003,5.1714287,1.4142858,80.6,0.42857143,0.42857143,0.59999996,10.285714,2.0,0.0002772957,0.0006830245,0.0071741343,0.0057992786,0.019812819,True
2011-12-26,259.37,29.300001,4.357143,6.371429,2.4857142,87.48572,0.21428573,0.21428573,0.3857143,10.457143,2.7428572,0.000538975,0.00067871064,0.009013698,0.019511646,0.0050128587,True
2012-01-02,259.43,36.0,5.3857145,7.7428575,2.5857143,83.94286,0.32,0.32,0.4714286,10.36,3.38,0.00042024255,0.0006904453,0.0021072512,0.0071815215,0.0062823296,True
2012-01-09,259.43763845670804,60.5,4.1714287,6.2000003,2.0285716,81.15714,0.6714286,0.6714286,0.61428577,11.142858,2.9714286,0.0012331754,0.0013221279,0.00206114,0.0057555456,0.0077179745,True
2012-01-16,259.4120017799037,15.500001,2.8285716,4.714286,0.3714285,82.40001,0.44285712,0.44285712,0.42857143,10.514286,2.3857143,0.00018974394,0.0009655431,0.0016322079,0.0025361646,0.002304867,True
2012-01-23,259.3,75.4,2.357143,4.714286,0.014285752,80.94286,0.45714286,0.45714286,0.44285712,10.914286,1.1571429,0.0009144321,0.0012540147,0.004130897,0.0069839843,0.0105778575,True
2012-01-30,259.4724999537392,3.6000001,-1.9285715,0.057142872,-4.014286,86.98572,0.08571429,0.08571429,0.27142859,10.6,0.15714286,1.5333295e-05,0.001739271,0.0075993366,0.00050843507,0.0033276454,True
2012-02-06,259.39,0.0,-12.114286,-8.1,-16.028572,75.84286,0.0,0.0,0.24285714,10.3,-4.1714287,4.4703484e-08,0.0021988973,0.007954966,0.0,0.00056910515,True
2012-02-13,259.23,2.0,-9.071429,-5.1,-15.085715,80.64286,0.0,0.0,0.31428573,10.285714,-3.8,2.0861626e-07,0.002484925,0.009087619,0.0,0.0032997467,True
2012-02-20,259.39,19.0,2.0142858,4.3857145,-0.34285712,82.48572,0.6,0.6,0.61428577,10.342857,0.37142858,0.0005271286,0.0026532635,0.009971903,0.012868827,0.007591523,True
2012-02-27,259.49,14.4,4.571429,7.357143,1.1714287,79.41429,0.74285716,0.74285716,0.7571429,10.171429,2.3285713,0.00034686178,0.0028631166,0.002200314,0.006971244,0.0028317831,True
2012-03-05,259.36,0.8,6.8142858,9.900001,3.8285716,84.84286,0.64285713,0.59999996,0.7714286,9.971429,5.3142858,7.621944e-05,0.0032479614,9.095669e-05,0.0007075649,0.0,True
2012-03-12,259.25,9.1,4.8285713,8.514286,1.0000001,78.01429,1.0285714,0.9285714,0.95714283,9.757143,4.6,0.00013023615,0.0035962313,0.00047162033,0.002014514,0.0020321272,True
2012-03-19,259.17,2.4,7.6714287,12.514287,3.2428572,70.08572,1.5428572,1.2571429,1.442857,9.357142,7.3428574,8.9876354e-05,0.003806159,3.661428e-06,2.3974106e-05,2.5331974e-07,True
2012-03-26,259.06,0.2,8.657144,15.642858,1.2714287,71.62858,2.0,1.5142858,1.8142856,8.7,10.0,1.2814999e-06,0.0038618147,-7.345365000000001e-25,2.104789e-07,0.0,True
2012-04-02,259.09,4.8,7.1714287,10.8714285,2.6714287,71.057144,1.7714287,1.4142857,1.8142856,8.0,8.414286,9.645522e-05,0.0038216636,5.9036984e-06,1.6050413e-05,2.7479604e-05,True
2012-04-09,259.14,13.4,3.914286,7.2000003,0.042857118,75.471436,1.1714286,0.9714285,1.1428572,7.9857144,5.614286,0.00024473667,0.0037683249,0.0004087573,0.0012118649,0.0018299855,True
2012-04-16,259.21,2.0,7.3,11.942857,2.457143,71.74286,1.7714285,1.4142857,1.8428571,7.885714,8.6285715,6.365776e-05,0.0036962554,4.8359234e-05,0.0005822554,2.2351742e-07,True
2012-04-23,259.19,13.7,7.728572,12.785714,2.3999999,66.84286,2.2714286,1.7714285,2.1285713,7.285714,9.514286,6.5006316e-05,0.0035881996,2.2814387e-05,0.00019234791,0.00019299984,True
2012-04-30,259.0794662195389,1.5,14.471429,20.300001,8.585714,62.61429,3.3285713,1.9428571,3.1285713,6.757143,14.442857,5.6311488e-05,0.0034571588,-7.345365000000001e-25,2.2351742e-07,0.0,True
2012-05-07,259.17,32.0,12.1,16.557142,7.328572,80.700005,2.3142858,1.4,2.2142856,6.4428573,15.0,0.00033901632,0.003280811,-7.345365000000001e-25,7.450581e-09,0.0,True
2012-05-14,259.04,5.9,13.2,18.542858,6.4857144,69.01429,3.085714,2.2857144,2.8,6.4142857,15.414286,0.00019572675,0.0031342432,-7.345365000000001e-25,7.450581e-09,0.0,True
2012-05-21,259.13873990893507,6.1,12.657143,18.300001,6.428571,65.37143,3.4857144,1.7571428,3.2428572,6.0,15.428572,0.0001091212,0.0029715225,-7.345365000000001e-25,3.7252903e-09,0.0,False
2012-05-28,259.11313748994763,0.0,17.814287,24.27143,9.8,58.07143,5.057143,1.0714285,4.7285714,5.357143,21.485714,4.865229e-06,0.00276009,-7.345365000000001e-25,3.7252903e-09,0.0,True
2012-06-04,259.13,51.699997,11.757143,15.957144,7.0428576,77.90001,2.3714287,1.2428572,2.3714287,5.928571,15.771428,0.00040349364,0.0025587305,-7.345365000000001e-25,3.7252903e-09,0.0,True
2012-06-11,259.19,6.8,13.757143,18.128572,8.6285715,69.42857,2.9428573,2.4428573,2.9285715,6.7,16.028572,0.00028826296,0.0024208874,-7.345365000000001e-25,0.0,0.0,True
2012-06-18,259.1,7.7,15.042857,20.057144,9.585715,77.57143,3.0142858,2.2,2.9857142,6.257143,17.742857,0.00029486418,0.0022878647,-7.345365000000001e-25,3.7252903e-09,0.0,True
2012-06-25,259.04,42.4,15.471429,19.385715,11.6285715,78.97143,3.0000002,2.3714287,2.6142857,6.5285716,18.414286,0.0019079447,0.0021825507,-7.345365000000001e-25,7.450581e-09,0.0,True
2012-07-02,258.99,9.3,17.742857,22.714285,12.1,77.27143,3.257143,2.6571426,3.2,6.5,20.142857,0.00035519898,0.0020977557,-7.345365000000001e-25,1.1175871e-08,0.0,True
2012-07-09,258.84,5.1,18.485716,23.657145,13.257143,78.85714,3.1285713,2.642857,3.0571427,6.7285714,21.428572,0.0011412054,0.0020238012,-7.345365000000001e-25,1.1175871e-08,0.0,True
2012-07-16,258.92,73.7,14.528572,18.77143,10.857142,79.700005,2.7428572,2.5285714,2.5142858,7.071429,17.171429,0.0005989373,0.0019618347,-7.345365000000001e-25,7.450581e-09,0.0,True
2012-07-23,258.99,12.4,15.17143,20.385714,10.5,73.814285,3.042857,2.6714287,3.0285716,7.571429,17.542856,0.00023432821,0.0019548163,-7.345365000000001e-25,7.450581e-09,0.0,True
2012-07-30,258.8064983274367,21.699999,20.185715,26.357143,13.142858,68.54286,4.0571427,3.257143,4.042857,6.6,22.528572,0.00022822618,0.0019337386,-7.345365000000001e-25,1.1175871e-08,0.0,False
2012-08-06,258.43,19.8,18.84286,24.47143,12.557143,68.200005,3.3571427,2.6000001,3.2857144,6.1857142,21.514286,0.00091066957,0.0018796921,-7.345365000000001e-25,7.450581e-09,0.0,True
2012-08-13,258.4,0.0,15.757143,20.87143,10.442858,67.41429,2.8142855,1.6999998,3.0142858,5.7714286,18.957144,4.197657e-05,0.001825504,-7.345365000000001e-25,7.450581e-09,0.0,True
2012-08-20,258.38,6.8,21.028574,27.528574,13.1285715,57.857143,3.9999998,2.1,3.7857144,5.285714,22.185715,0.00013892353,0.0017602518,-7.345365000000001e-25,7.450581e-09,0.0,True
2012-08-27,258.68,27.3,17.5,22.214285,12.714286,74.442856,2.6571429,1.557143,2.5285716,5.1571426,20.37143,0.0020777583,0.0016892403,-7.345365000000001e-25,7.450581e-09,0.0,True
2012-09-03,258.78,13.299999,16.085714,21.514286,10.17143,75.52857,2.0285714,1.3571428,2.1285715,5.3285713,18.157143,5.7905912e-05,0.0016352311,-7.345365000000001e-25,3.7252903e-09,0.0,True
2012-09-10,258.98,0.1,17.042858,23.142857,10.414286,69.08572,2.3714287,1.1,2.5,5.0,18.457144,9.9390745e-06,0.0015827492,-7.345365000000001e-25,7.450581e-09,0.0,True
2012-09-17,258.87,11.6,13.614286,18.428572,8.357142,75.6,1.5571429,1.1285715,1.7428571,5.285714,15.2,0.00014898181,0.001528725,-7.345365000000001e-25,9.313226e-09,0.0,True
2012-09-24,258.78,5.8,11.242857,16.242857,5.971429,72.328575,1.4285715,1.0,1.4571428,5.1714287,12.928572,6.0305e-05,0.0014807433,-7.345365000000001e-25,3.7252903e-09,0.0,True
2012-10-01,258.84,13.499999,11.914286,16.928572,7.3285713,76.07143,1.1857144,0.9142857,1.3000001,5.5857143,12.385715,0.00020790845,0.0014405623,-7.345365000000001e-25,5.5879354e-09,0.0,True
2012-10-08,258.9,19.0,11.1,15.728572,6.0714293,79.02857,1.0142858,0.87142855,1.042857,6.5,11.385715,0.0003052354,0.0014042258,-7.345365000000001e-25,5.5879354e-09,0.0,True
2012-10-15,258.99,21.9,7.414286,11.414286,3.5,81.15714,0.71428573,0.62857145,0.7571429,7.071429,8.157143,0.00021640956,0.0013794228,-7.345365000000001e-25,0.0,0.0,True
2012-10-22,258.9,1.0,12.6,18.357143,7.157143,76.64286,0.9142858,0.74285716,0.8142857,7.0571427,11.171429,2.3692846e-06,0.0013605505,-7.345365000000001e-25,3.7252903e-09,0.0,True
2012-10-29,258.9832230093401,3.5,4.557143,7.285714,1.8142856,83.1,0.3857143,0.3,0.55714285,7.042857,6.214286,1.4275312e-05,0.0013466105,0.00040938173,0.00015441515,0.0014887154,True
2012-11-05,259.01,22.7,5.9428573,8.728571,2.8,82.27143,0.5285714,0.4857143,0.5142857,7.571429,5.1571426,0.0003126189,0.0013366938,0.0008811156,0.0040178206,0.002621498,True
2012-11-12,259.08,29.9,6.971429,9.057143,4.1,83.07143,0.3857143,0.3857143,0.5,7.9857144,6.0571427,0.0009691566,0.0013343766,1.930055e-06,1.1904165e-05,0.0,True
2012-11-19,259.14,0.7,1.9714288,5.7714286,-1.3000001,90.65714,0.18571432,0.15714286,0.12857144,8.114285,2.5,1.1391938e-05,0.0013545156,2.8246925e-05,5.6859106e-05,7.317215e-05,True
2012-11-26,259.24,8.1,5.1857147,8.457144,1.4,87.58572,0.2857143,0.25714284,0.27142859,8.1285715,4.3428574,9.517372e-05,0.0013870448,5.00679e-06,1.766719e-05,0.0,True
2012-12-03,259.29,13.1,2.0000002,3.6571429,-0.39999995,88.52857,0.15714286,0.15714286,0.3,8.8,2.3285713,9.404868e-05,0.0014212132,0.00211865,8.5102394e-05,0.0077511296,True
2012-12-10,259.33,31.900002,-2.0285714,0.7714286,-5.7571435,83.61428,0.1,0.1,0.18571429,9.285714,0.1,2.938509e-05,0.0014633685,0.010843277,0.0013697203,0.019018654,True
2012-12-17,259.25,28.4,0.5714286,2.6857142,-1.8571428,88.41429,0.12857144,0.12857144,0.2,10.157143,0.41428572,0.0007115081,0.0015091002,0.022339974,0.02142964,0.004789617,True
2012-12-24,259.38,57.899998,2.957143,5.614286,0.6714286,92.74286,0.15714286,0.15714286,0.24285714,10.557143,1.7714286,0.0025847703,0.0039021522,0.006605557,0.014776416,0.0062407404,True
2012-12-31,259.4242720605447,24.9,6.0428576,8.4,3.5428574,78.814285,0.55714285,0.55714285,0.5857143,10.8,4.242857,0.00049848855,0.0023460165,0.0001919667,0.0016085245,1.654774e-05,True
2013-01-07,259.48,22.4,6.1857147,7.571429,4.414286,88.04286,0.34285712,0.34285712,0.44285712,10.557143,4.9142857,0.00022174418,0.0041365623,2.736137e-06,1.33458525e-05,9.790063e-06,True
2013-01-14,259.34,8.2,-0.35714293,1.3000001,-3.1000001,87.75715,0.10000001,0.10000001,0.2857143,10.557143,1.6714286,0.00022338331,0.0049871206,0.0018560318,2.4951994e-05,0.0041179694,True
2013-01-21,259.44,5.6000004,-5.5285716,-3.8428571,-7.6,88.91429,0.0,0.0,0.21428572,10.342857,-0.87142855,2.1606684e-07,0.005603887,0.00784375,0.0,0.016154561,True
2013-01-28,259.69,8.7,-4.457143,-2.142857,-7.2428575,85.542854,0.071428575,0.071428575,0.21428572,10.328571,-0.2857143,6.765127e-05,0.005866751,0.019977342,0.003095813,0.0031342432,True
2013-02-04,259.38,65.0,4.4571433,6.8142858,1.8142856,82.91429,0.71428573,0.71428573,0.62857145,10.914286,2.1142857,0.0012679026,0.0070170015,0.005197383,0.024613645,0.012290582,True
2013-02-11,259.29,4.7999997,-1.6285715,0.71428573,-4.357143,82.1,0.17142858,0.17142858,0.3857143,10.614285,0.45714286,7.70092e-05,0.0076439157,0.012260307,0.0011078361,0.008001447,True
2013-02-18,259.25,0.7,-1.4,0.90000004,-3.9285715,84.51428,0.14285715,0.14285715,0.42857143,10.257143,-0.042857144,0.000102341175,0.00859753,0.012908884,0.004063256,0.0029255077,True
2013-02-25,259.17,11.2,-2.5,-0.9142857,-4.0142856,88.75715,0.071428575,0.071428575,0.44285712,10.428572,-0.042857144,2.3692846e-06,0.00877136,0.020015791,0.0001091063,0.020888142,True
2013-03-04,259.04,0.3,0.29999998,2.9714284,-2.6285717,85.92857,0.5142857,0.4857143,0.55714285,10.285714,0.55714285,0.00024823844,0.008706301,0.027039805,0.012009166,0.0021039322,True
2013-03-11,259.09,10.900001,1.1142857,5.3857145,-2.5285716,84.92857,0.6857143,0.62857145,0.6714286,9.985714,2.2285714,0.00052554905,0.008584544,0.008010756,0.015753465,0.0039210655,True
2013-03-18,259.17,8.5,-2.9428573,0.64285713,-7.428571,76.11428,0.40000004,0.40000004,0.7285714,10.271428,0.08571429,8.404255e-05,0.008715749,0.010750288,0.0036843289,0.008531686,True
2013-03-25,259.24,8.200001,-3.3,-0.6571428,-5.7571425,75.12858,0.27142859,0.27142859,0.94285715,10.357142,0.22857143,1.8820167e-05,0.008778453,0.015472361,0.0008600354,0.010791544,True
2013-04-01,259.19,9.4,-2.1000001,1.3000001,-5.642857,76.75714,0.59999996,0.5857143,1.0428572,10.1,0.4,6.335974e-05,0.008690126,0.019055327,0.0031279158,0.012914892,True
2013-04-08,259.1,0.0,0.41428572,3.6285717,-3.1714287,74.200005,1.0142857,0.8571428,1.1285714,9.814285,2.0714285,0.00023132563,0.008510485,0.018070068,0.011253621,0.0030775517,True
2013-04-15,259.04,24.1,9.2,14.557143,4.1,75.84286,1.8999999,1.8142855,1.5857143,9.9,8.442857,0.00090515614,0.008331962,0.00238636,0.011146417,0.0012307912,True
2013-04-22,258.98,0.0,11.6,16.27143,6.2000003,63.700005,2.7142856,2.142857,2.4857142,9.042857,13.342857,9.87947e-06,0.008292325,6.357829e-07,6.1020255e-06,0.0,True
2013-04-29,259.0684507232532,17.5,10.985715,16.014286,5.3857145,71.78571,2.457143,2.0285714,2.2285714,8.614285,12.471429,0.00028371066,0.0080457255,1.60819e-05,0.00012971461,0.00013773888,True
2013-05-06,259.18424426869524,0.0,11.485715,16.285715,5.085714,70.35715,2.5142858,1.9428571,2.5285716,8.385715,13.342857,1.0892749e-05,0.007693246,1.4134815e-06,1.0415912e-05,0.0,True
2013-05-13,259.1374829684735,15.6,12.6,16.542858,8.471429,78.4,2.1999998,1.9571428,2.142857,8.057143,14.814285,0.00022563338,0.0072517917,-7.345365000000001e-25,3.7252903e-09,0.0,True
2013-05-20,259.34,37.3,13.285714,18.142857,7.5142856,80.72858,2.628571,2.3285716,2.5857143,8.2,15.657143,0.0011714995,0.00680279,-7.345365000000001e-25,3.7252903e-09,0.0,True
2013-05-27,259.49,55.5,8.214286,11.6285715,4.5285716,83.44286,1.5285714,1.4714286,1.6,9.985714,10.728572,0.0016587526,0.0071752667,-7.345365000000001e-25,0.0,0.0,True
2013-06-03,259.62,39.1,11.485715,15.828572,8.014286,83.41429,2.1000001,2.0285714,2.2,10.957143,13.842857,0.0009435639,0.0070226267,-7.345365000000001e-25,7.450581e-09,0.0,True
2013-06-10,259.54,3.8,14.957144,20.914288,7.6571426,71.87143,3.642857,2.9714286,3.9428573,9.471429,19.242857,3.1799078e-05,0.00806018,-7.345365000000001e-25,3.7252903e-09,0.0,True
2013-06-17,259.46,2.8,16.37143,21.84286,9.357142,70.77143,3.8285713,3.1714284,3.4857142,8.785714,19.828571,0.00011923909,0.007843293,-7.345365000000001e-25,1.1175871e-08,0.0,True
2013-06-24,259.39,1.2,19.957144,24.828571,14.371429,71.41429,4.3142858,3.3714287,4.2285714,7.9714284,23.0,0.004908927,0.007278733,-7.345365000000001e-25,1.4901161e-08,0.0,True
2013-07-01,259.29,15.900001,12.828572,16.842857,8.285714,77.114296,2.385714,1.9,2.3285713,7.571429,15.685715,0.0001872927,0.0067482963,-7.345365000000001e-25,1.1175871e-08,0.0,True
2013-07-08,259.23,2.6,17.957144,23.428572,12.114286,74.40001,3.7571428,2.5142858,3.7571428,7.042857,21.842857,0.0001245588,0.0062344074,-7.345365000000001e-25,1.1175871e-08,0.0,True
2013-07-15,259.19,0.0,15.828572,21.657145,9.457143,74.47143,3.6428568,1.1142857,3.7571428,6.242857,21.614286,9.819865e-06,0.0056547225,-7.345365000000001e-25,1.1175871e-08,0.0,True
2013-07-22,259.1,0.0,19.657145,26.957144,10.828572,63.37143,4.8428574,0.90000004,4.7428575,5.785714,24.314285,1.937151e-07,0.0050791427,-7.345365000000001e-25,7.450581e-09,0.0,True
2013-07-29,259.0692785569709,35.7,22.300001,29.542858,15.671428,70.15714,4.228572,1.9571428,3.8857143,5.9,25.3,0.00023122132,0.0044822097,-7.345365000000001e-25,1.1175871e-08,0.0,True
2013-08-05,259.01,7.5,21.685715,27.84286,14.757143,66.41429,4.328572,2.2428572,3.9285715,5.8428574,23.885714,7.098913e-05,0.0040171742,-7.345365000000001e-25,1.4901161e-08,0.0,True
2013-08-12,258.98,28.7,17.985714,23.0,12.328572,72.6,2.8999999,1.8857143,2.7857144,5.8142858,21.114286,0.0001385957,0.003613472,-7.345365000000001e-25,1.1175871e-08,0.0,True
2013-08-19,258.91,12.3,17.014286,22.628572,11.271429,68.957146,2.7999997,1.6714286,2.7142856,5.6285715,19.071428,0.00011433661,0.0032800883,-7.345365000000001e-25,5.5879354e-09,0.0,True
2013-08-26,258.86,0.2,16.757143,22.314287,10.642858,65.5,2.8285713,1.5857142,3.0,5.6285715,19.257143,3.6656857e-05,0.0029886365,-7.345365000000001e-25,1.8626451e-09,0.0,True
2013-09-02,258.93,4.6000004,15.342857,21.02857,8.900001,70.67143,2.1714284,1.1142858,2.2714286,5.4428573,17.857143,2.8528273e-05,0.0027273893,-7.345365000000001e-25,7.450581e-09,0.0,True
2013-09-09,258.97,24.8,17.928572,24.185715,12.242858,74.042854,2.3285716,1.0714285,2.3714287,5.385714,19.014286,0.0001733005,0.0025133193,-7.345365000000001e-25,1.4901161e-08,0.0,True
2013-09-16,259.02,56.9,12.099999,15.1,9.328572,87.01429,1.1714286,1.1428572,1.1428572,7.4714284,13.642858,0.00021359324,0.0023360774,-7.345365000000001e-25,5.5879354e-09,0.0,True
2013-09-23,259.07,10.5,11.785714,15.228572,8.642858,82.4,1.0285715,0.9285714,1.1857144,7.928571,12.442857,8.043647e-05,0.0021977648,-7.345365000000001e-25,9.313226e-09,0.0,True
2013-09-30,259.0713319420454,1.0,10.1,15.2,4.7714286,79.92857,1.0714285,0.88571423,1.2857143,7.571429,12.1,1.8522143e-05,0.0020777434,-7.345365000000001e-25,1.8626451e-09,0.0,True
2013-10-07,259.11,29.8,9.6285715,13.785714,4.914286,76.74286,0.95714283,0.7714286,1.0285714,7.6571426,10.3714285,0.00029859692,0.001966074,-7.345365000000001e-25,0.0,0.0,True
2013-10-14,259.19,46.7,8.542857,11.614286,5.414286,88.17143,0.55714285,0.54285717,0.59999996,9.0,9.771428,0.005775884,0.0019128397,-7.345365000000001e-25,3.7252903e-09,0.0,True
2013-10-21,259.21,17.800001,11.0,14.0,7.2714286,84.71429,0.7428571,0.6857143,0.71428573,9.742857,10.342857,0.00022131205,0.001838997,-7.345365000000001e-25,7.450581e-09,0.0,True
2013-10-28,259.27,37.3,14.528572,18.37143,10.057143,77.814285,1.0857143,1.042857,1.0142857,9.528571,12.6285715,0.0007908046,0.0018079132,-7.345365000000001e-25,1.3038516e-08,0.0,True
2013-11-04,259.14,34.4,8.471429,11.571428,4.9428573,78.72858,0.7285714,0.7,0.7,9.814285,7.957143,0.00033915043,0.0017869249,-7.345365000000001e-25,5.5879354e-09,0.0,True
2013-11-11,259.12,45.1,7.371429,10.014285,4.585714,84.957146,0.58571434,0.58571434,0.4857143,10.757143,7.1714287,0.001738742,0.002275519,2.6566643e-06,3.070198e-05,2.9444695e-05,True
2013-11-18,259.23,0.6,2.6714287,6.4428573,-0.9857144,89.40001,0.22857144,0.22857144,0.18571427,10.257143,3.5,4.0262938e-05,0.0021437705,2.4806886e-06,5.263835e-06,8.158386e-06,True
2013-11-25,259.29,14.200001,1.8571428,3.6857145,-0.7285715,92.6,0.17142858,0.17142858,0.25714287,10.485714,2.442857,0.00042495131,0.0024644807,0.0017026266,0.0028010812,0.0044348612,True
2013-12-02,259.26,14.0,2.4285715,4.7428575,-0.29999998,89.91429,0.20000002,0.20000002,0.21428572,10.3,1.6142857,0.00023502856,0.0028332025,0.0010850657,0.002291998,0.0009694807,True
2013-12-09,259.32,35.5,2.3999999,4.614286,0.2857143,85.98572,0.3,0.3,0.34285715,10.457143,1.5857143,0.00042751431,0.0032218024,0.003711638,0.008525463,0.009501062,True
2013-12-16,259.28,1.0,3.3428574,6.7714286,-0.11428567,87.457146,0.17142858,0.17142858,0.14285715,10.357142,2.3714285,4.322827e-05,0.0037134215,0.000525344,0.0013298504,9.383261e-05,True
2013-12-23,259.2752487899621,5.1,5.3,6.8,1.9714286,76.52857,0.40000004,0.40000004,0.4857143,10.185715,2.7,0.00012269616,0.004215561,0.00010330336,0.00024512783,0.0,True
2013-12-30,259.30449934523824,17.9,6.2000003,0.0,3.3428574,79.442856,0.47142863,0.47142863,0.64285713,10.357142,4.3285713,0.00048797578,0.004524462,1.9311905e-05,4.3924898e-05,0.00010374561,True
2014-01-06,259.29,15.700001,4.857143,6.8428574,1.4428571,79.47143,0.3,0.3,0.32857147,10.4,1.4,0.00021559,0.0048634857,2.8769175e-05,7.063709e-05,3.2670796e-06,True
2014-01-13,259.34,17.0,5.4714284,7.8142858,1.8285714,81.47143,0.61428565,0.59999996,0.35714287,10.4,4.0142856,0.00029428303,0.0052925497,1.0785602e-06,3.3900142e-06,7.3611736e-06,True
2014-01-20,259.39,7.8,2.7857144,4.957143,0.44285712,91.814285,0.20000002,0.20000002,0.20000002,10.314285,2.2857144,0.00014863908,0.005846329,0.00032809802,0.0011757631,0.0015677102,True
2014-01-27,259.23,19.5,-3.6285713,-1.5285715,-5.557143,93.75715,0.057142857,0.057142857,0.17142858,10.357142,-0.27142859,1.8194318e-05,0.0062355995,0.009403093,0.0008745119,0.01942861,True
2014-02-03,259.17,0.4,-0.8571429,2.4142857,-3.7142856,88.68572,0.20000002,0.20000002,0.24285714,10.357142,-0.14285715,0.00013574958,0.0063897073,0.016792893,0.006366832,0.0003434159,True
2014-02-10,259.21,3.4,4.2,7.7428575,0.62857145,77.1,0.8142857,0.7714285,0.67142856,10.157143,1.9857143,0.00032792985,0.006416954,0.0052259536,0.011395022,1.570955e-05,True
2014-02-17,259.3,18.300001,4.9857144,8.0,2.1714287,76.15715,0.92857134,0.91428566,0.7571429,10.214286,3.5714285,0.0002477616,0.0064836144,0.0005302713,0.0016918667,0.0010662191,True
2014-02-24,259.25,3.6,5.1142855,9.228572,0.9857143,77.38572,0.88571423,0.8142857,0.67142856,10.0,4.1,5.3182244e-05,0.0066194907,2.216725e-05,7.039122e-05,0.0,True
2014-03-03,259.16,5.6,5.414286,9.900001,1.0142858,77.84286,0.9142857,0.81428576,0.7285714,9.642858,5.1,7.753074e-05,0.0066374764,1.1353266e-06,3.0975789e-06,4.3213367e-07,True
2014-03-10,259.21,0.0,6.1285715,12.528572,-0.21428572,75.71429,1.2714285,1.0142857,1.0142857,9.328571,6.242857,5.1409006e-06,0.006565936,1.4759246e-07,1.5497208e-06,1.4603138e-06,True
2014-03-17,259.19,9.299999,7.2428575,12.557143,1.957143,71.814285,1.5142858,1.2428571,1.3857143,8.728572,7.6857142,8.6039305e-05,0.006419316,-7.345365000000001e-25,1.0430813e-07,0.0,True
2014-03-24,259.09,11.9,8.357142,12.67143,3.6857145,71.08572,1.6571429,1.3857143,1.5428572,8.414286,8.314285,0.00013522059,0.006236315,1.7370496e-06,1.8626451e-09,4.107505e-05,True
2014-03-31,259.1180085002174,1.3,7.014286,12.942858,1.2142857,76.35714,1.6142856,1.2428571,1.5285714,8.042857,8.4,3.9979815e-05,0.0060097277,1.1761983e-05,5.2986667e-05,1.0367483e-05,True
2014-04-07,259.10733182133845,2.1000001,12.985715,18.52857,7.2285714,73.65715,2.085714,1.5285714,1.8714286,7.4142857,13.428572,6.4596534e-05,0.00571692,-7.345365000000001e-25,3.7252903e-08,0.0,True
2014-04-14,259.09,18.0,8.771429,12.542857,4.914286,79.15714,1.7571429,1.3999999,1.5857143,7.042857,10.742857,0.00024075061,0.00543081,1.9527617e-06,1.542829e-05,4.10825e-05,True
2014-04-21,259.06,7.8,8.2,13.457144,2.5857143,73.942856,2.2999997,1.7285713,2.1142857,6.9142857,10.242857,0.00014938414,0.005150661,5.59716e-06,2.5281683e-05,0.0,True
2014-04-28,258.99,34.8,13.042857,18.857143,6.8857145,82.1,2.3714287,1.5142858,2.3,6.642857,15.557143,0.00018443167,0.004848577,-7.345365000000001e-25,5.5879354e-09,0.0,True
2014-05-05,259.04,13.099999,9.642858,14.957144,3.7714286,76.48572,2.1857142,1.5714284,2.2428572,6.8428574,13.585714,0.00022487342,0.0045616925,-7.345365000000001e-25,0.0,0.0,True
2014-05-12,259.01,31.5,11.328572,15.685715,7.142857,75.94286,2.442857,2.142857,2.1285713,7.0571427,12.757143,0.0004787445,0.004301682,-7.345365000000001e-25,3.7252903e-09,0.0,True
2014-05-19,258.97,3.4,10.67143,15.842857,5.6571426,79.85714,2.3999999,1.9142858,2.5714285,7.1,13.3714285,0.0002709329,0.004080422,-7.345365000000001e-25,0.0,0.0,True
2014-05-26,259.12248907700774,17.0,17.671429,23.87143,9.942857,68.42857,4.142857,2.7714286,3.7571428,6.4428573,20.6,5.4061413e-05,0.0038412586,-7.345365000000001e-25,3.7252903e-09,0.0,True
2014-06-02,259.0932708280017,33.9,11.571428,15.67143,6.6571426,79.28571,2.3999999,2.0571427,2.4428573,8.157143,15.528571,0.0019426346,0.003790684,-7.345365000000001e-25,0.0,0.0,True
2014-06-09,259.0456787530756,12.4,18.257143,24.728573,10.0,64.84286,4.6,3.5285716,4.3142858,7.071429,21.571428,7.458031e-05,0.0034754053,-7.345365000000001e-25,3.7252903e-09,0.0,True
2014-06-16,259.01,13.200001,15.985715,20.67143,10.7,75.814285,3.3714283,2.3428571,3.3428571,6.4428573,20.785715,0.00097192824,0.0032707676,-7.345365000000001e-25,7.450581e-09,0.0,True
2014-06-23,258.94,2.2,13.557143,18.128572,8.685715,75.61428,3.0428574,1.4857142,2.9428573,5.742857,18.042856,3.8966537e-05,0.0031042472,-7.345365000000001e-25,3.7252903e-09,0.0,True
2014-06-30,259.01201264322185,24.6,13.714286,18.728573,8.271429,81.22857,2.742857,2.0285714,2.5714285,5.8285713,17.7,0.00039337575,0.002946496,-7.345365000000001e-25,3.7252903e-09,0.0,True
2014-07-07,258.99,18.5,18.357143,24.414288,11.442858,67.12858,4.342857,2.5714285,3.9857142,5.5857143,21.442858,8.311868e-05,0.0027793571,-7.345365000000001e-25,7.450581e-09,0.0,True
2014-07-14,258.96,49.9,17.1,22.042858,12.385715,82.828575,2.8285713,2.6000001,2.8,7.9428573,20.0,0.0041357353,0.0026329607,-7.345365000000001e-25,1.4901161e-08,0.0,True
2014-07-21,259.04,6.5,21.785715,27.928572,14.814286,65.58572,4.4714284,3.4285717,4.1142855,7.2285714,24.671429,0.0007214993,0.0025182366,-7.345365000000001e-25,1.4901161e-08,0.0,True
2014-07-28,259.09,34.3,19.7,25.628572,14.042857,77.04286,3.8,3.0142858,3.7,6.9,23.428572,0.00030981004,0.0023941249,-7.345365000000001e-25,1.1175871e-08,0.0,True
2014-08-04,258.99,24.699999,19.571428,24.228573,14.657144,79.82857,3.0142856,2.614286,2.9714284,7.6,22.814285,0.0051660165,0.0029236749,-7.345365000000001e-25,1.1175871e-08,0.0,True
2014-08-11,259.07,24.300001,18.142859,23.385714,12.528572,74.22858,3.0714285,2.6142857,2.9428573,7.8142858,21.185715,0.0015293807,0.0023202896,-7.345365000000001e-25,1.4901161e-08,0.0,True
2014-08-18,259.1,19.0,15.228572,19.800001,11.442857,73.58572,2.3857143,2.2142859,2.6857142,7.6571426,17.342857,0.0003619641,0.0023391917,-7.345365000000001e-25,5.5879354e-09,0.0,True
2014-08-25,259.0232835011622,18.7,12.5,17.6,8.1,75.185715,2.1000001,1.7857143,2.3,7.4142857,15.357142,0.0001449734,0.00233908,-7.345365000000001e-25,1.8626451e-09,0.0,True
2014-09-01,258.9293165392089,14.400001,14.571428,19.1,10.057143,83.17143,1.8142859,1.6142856,2.0142858,7.8142858,16.814285,0.00047171116,0.0023324192,-7.345365000000001e-25,3.7252903e-09,0.0,True
2014-09-08,258.98,4.0,16.257143,21.357143,11.042857,86.22857,1.7857141,1.4428571,2.142857,7.8285713,18.3,0.00050928444,0.00235755,-7.345365000000001e-25,1.1175871e-08,0.0,True
2014-09-15,258.85,7.2,14.342857,17.285715,11.6,87.90001,1.2,1.0142857,1.4,7.9857144,16.185715,0.00020313263,0.0024073198,-7.345365000000001e-25,3.7252903e-09,0.0,True
2014-09-22,258.88,26.9,15.67143,20.014286,11.385715,86.12858,1.5285714,1.2857141,1.6999999,8.142858,17.285715,0.0012548119,0.0024624616,-7.345365000000001e-25,9.313226e-09,0.0,True
2014-09-29,258.9318907553409,1.9,12.957143,17.242857,8.442857,81.38572,1.1999999,1.0,1.3285714,8.271428,14.028571,3.2052398e-05,0.002525717,-7.345365000000001e-25,9.313226e-09,0.0,True
2014-10-06,258.86,1.0,13.328572,19.242859,7.957143,84.185715,1.0714285,0.8142857,1.2428571,7.8142858,15.271428,1.4454126e-05,0.0025755167,-7.345365000000001e-25,3.7252903e-09,0.0,True
2014-10-13,258.9,29.1,13.8,17.157145,10.314286,88.457146,0.87142855,0.81428576,0.8285714,8.3,14.185715,0.0005367696,0.002599731,-7.345365000000001e-25,1.3038516e-08,0.0,True
2014-10-20,258.88,13.0,13.285714,17.185715,9.471429,85.57143,0.85714287,0.8,0.82857144,8.414286,13.3,0.00022117794,0.0026895553,-7.345365000000001e-25,7.450581e-09,0.0,True
2014-10-27,258.93,28.400002,9.657144,12.985715,5.9857144,84.72858,0.6714286,0.59999996,0.64285713,9.171429,9.8,0.000640817,0.00290329,-7.345365000000001e-25,3.7252903e-09,0.0,True
2014-11-03,258.89,5.0,10.414286,14.271429,6.6857147,86.07143,0.55714285,0.5,0.55714285,8.857142,9.7,7.493049e-05,0.003259465,-7.345365000000001e-25,5.5879354e-09,0.0,True
2014-11-10,258.84,1.7,7.871429,11.228571,3.8285716,85.82857,0.35714287,0.34285715,0.4,8.885715,7.542857,6.148219e-05,0.0035259202,-7.345365000000001e-25,1.8626451e-09,0.0,True
2014-11-17,258.97,5.8,8.014286,10.414286,5.2285714,93.75714,0.25714284,0.22857141,0.27142859,8.857142,7.757143,3.46303e-05,0.0036879182,-7.345365000000001e-25,0.0,0.0,True
2014-11-24,258.9,5.4,5.442857,7.971429,2.8285716,90.328575,0.22857143,0.22857143,0.22857143,9.1285715,5.1285715,6.54012e-05,0.003768243,-7.345365000000001e-25,0.0,0.0,True
2014-12-01,258.94,0.0,0.6857143,2.5142858,-0.9285714,91.08572,0.12857144,0.12857144,0.22857143,9.014286,1.5285715,1.7285347e-06,0.0037954375,4.8648744e-06,7.3574483e-07,1.996383e-05,True
2014-12-08,258.99,6.6,0.40000004,1.8000001,-1.4857143,92.15715,0.10000001,0.10000001,0.22857143,9.028571,0.27142859,2.8669834e-05,0.0037981495,0.0006866171,0.0006329771,0.0021711625,True
2014-12-15,258.93,19.1,2.9428573,4.9,0.27142859,84.67143,0.34285712,0.34285712,0.41428572,9.557143,1.9142857,0.0003914535,0.0037860349,0.0014524574,0.0040037856,0.002753321,True
2014-12-22,259.025624001549,60.2,6.0285716,8.3,3.3999999,85.02857,0.42857143,0.42857143,0.54285717,10.1285715,4.3,0.0014569536,0.004186377,0.00031613736,0.0021246038,0.0016428828,True
2014-12-29,258.99154315814377,11.299999,1.3285714,3.5285716,-1.7571429,82.74286,0.27142859,0.27142859,0.42857143,10.228572,2.3428571,0.00016860664,0.004369065,0.0007854189,1.6525388e-05,0.0031968392,False
2015-01-05,258.97997919234643,12.5,2.2571428,4.0000005,0.28571433,85.0,0.1,0.1,0.3857143,10.3,0.05,0.0001834482,0.0049977973,0.005469481,0.005569605,0.008723814,True
2015-01-12,258.99,74.3,4.2714286,6.6714287,1.6714287,82.21429,0.6857143,0.6857143,0.59999996,10.514286,2.942857,0.0015841573,0.0058039427,0.0033444676,0.009101421,0.0042510405,True
2015-01-19,259.04,13.3,3.4857144,6.357143,-0.02857147,80.54286,0.59999996,0.5857143,0.4857143,10.457143,2.9,0.0003156811,0.007122606,0.0006195988,0.0019574221,0.0010340959,True
2015-01-26,259.09,13.0,-0.7285714,1.0428572,-3.114286,90.942856,0.114285715,0.114285715,0.25714287,10.185715,0.057142857,4.8406422e-05,0.0084907785,0.005278082,0.0015160721,0.015590791,True
2015-02-02,259.14,25.2,0.62857145,2.457143,-1.2571429,86.42857,0.34285715,0.34285715,0.3857143,10.514286,0.64285713,0.000101059675,0.0088732615,0.020534646,0.0034543667,0.015883718,True
2015-02-09,259.19,3.3,-1.5285715,1.1428572,-5.557143,83.0,0.28571427,0.28571427,0.45714286,10.214286,0.14285715,0.0002316609,0.008887246,0.028264381,0.0085570235,0.006110113,True
2015-02-16,259.09,0.0,1.0571429,5.014286,-2.2571428,87.90001,0.3857143,0.3857143,0.4,10.0,1.2571429,0.00042656064,0.008843079,0.011413233,0.01660825,3.118068e-05,True
2015-02-23,258.94,13.200001,2.0142858,5.457143,-1.9428571,80.42857,0.55714285,0.51428574,0.61428577,9.814285,1.5142857,0.00011661649,0.008964181,0.004031318,0.004407903,0.0070002414,True
2015-03-02,259.0,9.9,3.2428572,6.871429,-0.37142858,76.457146,0.95714283,0.90000004,0.7714286,9.8714285,2.6,0.00024212897,0.008955389,0.0049640113,0.0082300585,0.0037663653,True
2015-03-09,258.97,7.8,4.971429,9.028571,0.9571429,73.58572,1.1571429,1.1,1.0142858,9.8714285,4.2285714,0.00020494312,0.00884109,0.0031301293,0.00644581,0.0036553852,True
2015-03-16,259.02,2.4,3.614286,6.4428573,0.4714286,85.02857,0.8571429,0.7428571,0.8428572,9.428572,4.1714287,0.00010596216,0.00870008,0.000688076,0.0023582038,0.0020410977,True
2015-03-23,259.07,0.3,4.5285716,10.571428,-1.7285715,74.91429,1.4714285,1.2142857,1.3142856,9.014286,6.1714287,5.249679e-05,0.008483052,0.0006196499,0.0015562475,0.0023296177,True
2015-03-30,259.00985743775,49.699997,6.514286,9.857142,2.6857145,76.957146,1.4571428,1.2857143,1.2142857,8.928572,6.8285713,0.00032631308,0.008192062,0.00022143977,0.0011342857,0.00028974563,True
2015-04-06,259.1,42.4,3.0285716,7.514286,-0.88571435,76.51429,1.6857145,1.6428573,1.4285715,10.157143,4.7285714,0.00068508834,0.00793349,0.0058892285,0.015454013,0.018784747,True
2015-04-13,259.07,0.3,9.400001,14.957144,2.5714285,66.57143,2.4714286,2.0285716,2.2142856,9.114285,10.442857,7.7582896e-05,0.0077580065,0.00049928826,0.0027968325,0.0,True
2015-04-20,259.11,0.0,9.085714,15.271429,2.0428572,63.857143,2.9714284,2.2142856,2.6000001,8.071428,12.1,4.604459e-06,0.007487707,1.4191582e-07,1.186505e-06,0.0,True
2015-04-27,259.14,11.3,10.442857,16.171429,3.8285713,71.57143,2.5857143,1.8142856,2.2571428,7.257143,12.771428,0.00025880337,0.007112153,-7.345365000000001e-25,0.0,0.0,True
2015-05-04,259.12064862494435,19.2,9.3714285,14.828572,3.4714286,71.17143,2.6,2.1000001,2.4285715,7.4,12.328571,0.00021600723,0.0067098066,-7.345365000000001e-25,0.0,0.0,False
2015-05-11,259.0802506312548,0.9,13.585715,19.285715,6.942857,65.61429,3.4142857,2.3,3.042857,6.8714285,15.457143,3.7439167e-05,0.0062601566,-7.345365000000001e-25,7.450581e-09,0.0,True
2015-05-18,259.0484748265447,8.9,11.8,18.0,4.2428575,66.6,3.3714283,1.5857143,2.9142857,6.1571426,15.757143,6.7427754e-05,0.0057761073,-7.345365000000001e-25,3.7252903e-09,0.0,True
2015-05-25,259.19,0.90000004,11.828572,17.071428,5.3285713,68.78571,2.7142856,0.8285714,2.642857,5.785714,15.6285715,3.0621886e-05,0.005292304,-7.345365000000001e-25,0.0,0.0,True
2015-06-01,259.01,12.1,11.257143,16.300001,6.071429,73.04286,2.7428572,1.1285714,2.4,5.6857142,14.2,8.6441636e-05,0.004838519,-7.345365000000001e-25,0.0,0.0,True
2015-06-08,258.9723461487296,0.2,16.828571,22.614286,8.957143,62.27143,4.3714285,1.1142857,4.071429,5.4857144,19.514286,4.917383e-06,0.004380606,-7.345365000000001e-25,3.7252903e-09,0.0,True
2015-06-15,258.96488898030105,2.3,15.785714,21.157145,9.442857,67.314285,3.5571427,0.90000004,3.414286,5.3,19.471428,5.6952238e-05,0.003916919,-7.345365000000001e-25,3.7252903e-09,0.0,True
2015-06-22,258.91,17.3,12.157143,16.528572,7.214286,76.27143,2.5714285,1.1428572,2.3999999,5.357143,16.028572,0.0001565814,0.0035204366,-7.345365000000001e-25,7.450581e-09,0.0,True
2015-06-29,259.09651759935537,19.1,15.657144,20.757143,9.942858,73.62858,3.385714,2.3142855,3.0714285,5.857143,18.357143,0.00015282631,0.0032201558,-7.345365000000001e-25,7.450581e-09,0.0,True
2015-07-06,258.99,22.9,23.0,29.97143,15.057143,60.471428,6.014286,2.7428572,5.2714286,5.242857,25.72857,2.0757318e-05,0.0028793737,-7.345365000000001e-25,1.4901161e-08,0.0,True
2015-07-13,259.04,33.5,16.27143,21.77143,10.828572,72.02857,3.7,2.5,3.2428572,5.4142857,19.757143,0.000209257,0.002556488,-7.345365000000001e-25,1.1175871e-08,0.0,True
2015-07-20,259.12,22.7,19.600002,25.314287,14.400001,75.700005,3.6285713,2.3142858,3.5,5.5285716,21.8,0.00017035007,0.0023351312,-7.345365000000001e-25,1.4901161e-08,0.0,True
2015-07-27,259.05,21.5,18.857143,24.0,13.514285,71.21429,3.8714287,2.8285713,3.5142858,5.6,21.514286,0.0001629591,0.0021295398,-7.345365000000001e-25,1.4901161e-08,0.0,True
2015-08-03,259.0,4.3,16.128572,22.285715,9.528571,62.47143,3.7142856,2.1285713,3.6285713,5.385714,18.785715,1.2695789e-05,0.0019528046,-7.345365000000001e-25,1.1175871e-08,0.0,True
2015-08-10,259.09,0.1,22.728573,30.142857,15.257143,59.77143,4.6857142,1.6285715,4.642857,4.6714287,24.37143,2.7790666e-06,0.0017604306,-7.345365000000001e-25,1.1175871e-08,0.0,True
2015-08-17,259.14,30.9,20.942858,26.028574,15.857142,76.614296,3.0857143,1.3857143,3.0857143,5.1,23.385714,0.0003484115,0.001589492,-7.345365000000001e-25,1.4901161e-08,0.0,True
2015-08-24,259.1084378550989,16.8,16.714285,21.828571,11.1,73.5,2.6000001,2.242857,2.6000001,7.114286,19.2,0.00014792383,0.0014801323,-7.345365000000001e-25,5.5879354e-09,0.0,True
2015-08-31,259.12340442518484,14.0,19.428572,24.985716,13.685715,71.5,2.8428571,2.3285713,2.8428571,6.857143,20.471428,0.000469625,0.0013794228,-7.345365000000001e-25,5.5879354e-09,0.0,True
2015-09-07,259.23,30.8,13.314286,17.957142,9.571428,79.328575,1.7428571,1.557143,1.9571428,6.928571,15.9,0.00047801435,0.0012978837,-7.345365000000001e-25,3.7252903e-09,0.0,True
2015-09-14,259.1,17.9,13.571428,18.67143,8.185715,80.97143,1.6142856,1.3285713,1.7714285,6.9,15.642858,0.00011525303,0.0012377873,-7.345365000000001e-25,7.450581e-09,0.0,True
2015-09-21,259.14,17.2,13.300001,17.514286,9.557143,81.41429,1.3428571,1.1857141,1.3285714,7.3285713,14.114285,0.00019267201,0.0011890754,-7.345365000000001e-25,9.313226e-09,0.0,True
2015-09-28,259.19,4.8,11.1,15.971429,6.471429,80.82857,1.0285714,0.8714286,1.3285714,7.2714286,12.714286,6.1795115e-05,0.0011493489,-7.345365000000001e-25,3.7252903e-09,0.0,True
2015-10-05,259.23,0.8,10.2,17.014286,3.7857144,77.08572,1.1857144,0.85714287,1.3285714,6.857143,11.842857,9.23872e-07,0.001110509,-7.345365000000001e-25,0.0,0.0,True
2015-10-12,259.19,13.1,9.457144,12.685715,6.085715,83.21429,0.7428571,0.67142856,0.87142855,7.3285713,10.785714,0.000271596,0.0010787621,-7.345365000000001e-25,1.8626451e-09,0.0,True
2015-10-19,259.13,25.199999,4.7000003,6.2000003,2.757143,93.01429,0.2857143,0.2857143,0.45714286,8.3,5.9,0.00038889796,0.0010560825,0.0012094633,0.0041781887,0.004310183,True
2015-10-26,259.16,4.7999997,8.157144,11.528572,4.214286,89.25715,0.45714286,0.41428575,0.4857143,8.614285,8.3,4.1618943e-05,0.0010437891,3.1806172e-05,0.00020560063,0.0,True
2015-11-02,259.2,0.0,7.642857,12.800001,3.3142858,88.75715,0.4714286,0.40000004,0.37142858,8.4,7.7285714,3.7401915e-06,0.0010355935,-7.345365000000001e-25,1.5087426e-07,0.0,True
2015-11-09,259.24,13.0,11.785714,16.628572,7.0285716,77.58572,0.7285715,0.67142856,0.6,8.314285,9.971429,6.15865e-05,0.0010284111,-7.345365000000001e-25,7.450581e-09,0.0,True
2015-11-16,259.22,98.100006,10.642858,12.800001,7.7000003,81.799995,0.71428573,0.67142856,0.7428571,8.7,9.485714,0.001693055,0.001023449,-7.345365000000001e-25,1.3038516e-08,0.0,True
2015-11-23,259.26,32.7,6.1,8.428572,3.8,81.35714,0.6857143,0.67142856,0.6571428,9.814285,6.1285715,0.00036416948,0.0010461211,0.000781292,0.000118494034,0.0044479296,True
2015-11-30,259.2911599825201,67.7,2.9857144,5.6285715,0.45714286,85.18572,0.45714283,0.45714283,0.31428573,9.885715,2.4714286,0.002631694,0.0023051873,0.0042798803,0.009472195,0.0057091266,True
2015-12-07,259.22,11.9,7.0142856,9.728572,4.114286,80.08572,0.44285712,0.44285712,0.45714286,10.285714,5.357143,0.00013691187,0.0013652667,7.777555e-05,0.00068490766,0.0,True
2015-12-14,259.17,9.7,4.4857144,8.257143,0.74285716,83.557144,0.3285714,0.3285714,0.24285714,10.071428,3.5142858,0.00012941658,0.0017052293,8.231118e-06,3.444776e-05,3.6809593e-05,True
2015-12-21,259.25,13.6,8.814286,11.185715,5.7000003,85.35714,0.4,0.4,0.37142855,10.014286,6.7285714,0.00012280047,0.0019623414,1.1637097e-06,5.150214e-06,0.0,True
2015-12-28,259.1910022627921,5.0,9.414286,12.071428,5.928571,80.38572,0.51428574,0.50000006,0.5428571,9.8714285,7.1,2.8461218e-05,0.0021712333,-7.345365000000001e-25,3.7252903e-09,0.0,True
2016-01-04,259.1432186915893,19.5,0.61428577,2.757143,-2.2,91.35714,0.2,0.2,0.25714287,9.766666,2.9,5.6266785e-05,0.0023366213,0.00076727074,8.568168e-08,0.006293535,True
2016-01-11,259.26,32.2,-0.042857103,2.9714284,-2.5857143,88.34286,0.24285714,0.24285714,0.17142858,10.2,0.3,0.000386104,0.002460681,0.010626299,0.0083382595,0.009446003,True
2016-01-18,259.29,24.4,-0.5857143,1.6428572,-3.1857142,87.314285,0.24285714,0.24285714,0.25714287,10.457143,0.7714286,0.00018891692,0.0026237369,0.009997317,0.0038420763,0.011153292,True
2016-01-25,259.4,10.299999,-1.7285715,2.0857143,-6.6714287,84.85714,0.10000001,0.10000001,0.18571429,10.185715,-0.014285714,0.00039730966,0.0028883964,0.013251849,0.016173054,0.004101809,True
2016-02-01,259.4700954215528,29.9,6.6285715,9.400001,3.0857143,78.77143,0.85714287,0.85714287,0.7428571,10.2,4.428571,0.0005969107,0.0032301694,0.00056057883,0.00454545,0.0012018941,True
2016-02-08,259.4488189648929,26.4,5.6857142,8.357142,3.1714287,78.32857,0.82857144,0.82857144,0.7285714,10.428572,4.142857,0.0017313287,0.005008027,0.001125523,0.0044348,0.0042810626,True
2016-02-15,259.29,21.2,2.5142858,4.9714284,-0.15714286,84.58572,0.6,0.6,0.55714285,10.471429,2.6714287,0.00044488907,0.0057299957,0.0015072937,0.001986131,0.0069659688,True
2016-02-22,259.34,33.0,2.3,5.285714,-0.9714286,84.0,0.5285714,0.54285717,0.55714285,10.385715,2.5714285,0.001214467,0.007834293,0.004408013,0.008045236,0.0055917427,True
2016-02-29,259.39052262217695,4.9,0.54285717,3.8,-2.7000003,78.74286,0.64285713,0.64285713,0.7,10.428572,2.0142858,6.556511e-05,0.009447761,0.0028130554,0.0016151927,0.0020906813,True
2016-03-07,259.31428571428575,11.1,2.3857143,5.7285714,-0.9571429,81.32857,0.68571424,0.68571424,0.7,10.057143,2.6857142,0.00024367869,0.010689318,0.0021777947,0.0040178653,0.0029355176,True
2016-03-14,259.2214285714286,0.0,1.7,5.2428575,-1.5857143,79.91429,0.7714285,0.71428573,0.90000004,9.814285,2.7,4.813075e-05,0.01071278,0.0009938194,0.001435414,0.001177106,True
2016-03-21,259.17285714285714,2.6,3.9285715,7.857143,0.34285715,79.0,1.042857,0.9,1.1428572,9.442857,4.642857,9.946525e-05,0.010432988,0.00043446678,0.0013664998,0.00044071674,True
2016-03-28,259.1428571428572,17.7,6.014286,9.528572,2.7714286,79.90001,1.1714287,1.0857143,1.1285714,9.357142,6.0285716,0.00019744039,0.009988941,5.0124668e-06,2.5874004e-05,1.296401e-06,True
2016-04-04,259.1528571428572,20.0,8.828572,13.842857,4.214286,75.35714,1.8428572,1.7285715,1.5571429,9.685715,9.057143,0.00046941638,0.009497479,4.8228674e-05,0.00027063116,0.00026893243,True
2016-04-11,259.15142857142854,2.2,8.385715,13.400001,3.0571427,71.51429,2.0285714,1.7285715,1.8142856,9.1,10.514286,5.327165e-05,0.009034991,1.8732888e-07,2.5480986e-06,0.0,True
2016-04-18,259.1257142857143,10.9,8.971429,13.800001,3.8428574,73.87144,1.8857142,1.6714286,1.8000001,8.757143,10.6,0.00021207333,0.008545853,-7.345365000000001e-25,0.0,0.0,True
2016-04-25,259.08142857142855,6.7999997,5.7714286,11.114286,0.35714287,68.8,2.1428573,1.7857143,2.1857142,8.357142,9.7,7.195771e-05,0.007996328,7.4829375e-05,0.00022268854,0.0028108358,True
2016-05-02,259.08714285714285,10.8,6.8,12.428572,1.4428571,71.24286,2.3857143,2.0142856,2.2428572,8.3714285,8.914286,0.00020255148,0.0074438676,0.0011432057,0.005230535,0.0027463362,True
2016-05-09,259.05285714285714,0.0,13.1285715,18.942858,5.2285714,61.700005,4.342857,2.742857,3.7285712,7.3428574,15.271428,1.6257167e-05,0.0068420693,1.3567153e-06,1.0788441e-05,0.0,True
2016-05-16,259.0257142857143,7.8,12.257143,17.357143,6.785714,66.01429,3.6428573,1.7000002,3.457143,6.3,15.785714,2.8550625e-05,0.00614994,5.5631e-07,4.6901405e-06,7.793307e-06,True
2016-05-23,259.0114285714285,6.3,14.5,19.814287,8.3714285,67.54286,3.1857142,1.3714286,3.0714285,6.0571427,16.1,0.00013118982,0.005552031,3.4059798e-07,3.0361116e-06,0.0,True
2016-05-30,259.03285714285715,24.699999,14.757143,19.142857,10.571428,81.61428,2.357143,1.8142859,2.3142858,6.742857,17.457144,0.001794219,0.0050334334,-7.345365000000001e-25,3.7252903e-09,0.0,True
2016-06-06,259.0928571428572,26.900002,17.957144,23.47143,11.814285,78.314285,3.385714,2.857143,3.6857142,7.857143,21.27143,0.00030738115,0.00462877,-7.345365000000001e-25,1.1175871e-08,0.0,True
2016-06-13,259.0457142857143,19.9,15.742858,21.157145,10.785714,75.35714,3.257143,2.2999997,3.1714287,7.1571426,20.857143,0.00027323514,0.004236482,-7.345365000000001e-25,3.7252903e-09,0.0,True
2016-06-20,259.07428571428574,34.2,14.67143,19.27143,9.728571,79.88572,2.8428574,2.5142858,2.8428571,7.6285715,18.0,0.0012857467,0.0039483383,-7.345365000000001e-25,7.450581e-09,0.0,True
2016-06-27,259.04,17.7,19.7,25.657145,13.757143,73.57143,4.3,3.3142855,4.0571427,7.1857142,22.8,0.00012399256,0.0036810264,-7.345365000000001e-25,1.1175871e-08,0.0,True
2016-07-04,259.0257142857143,10.7,16.828571,21.728573,11.457144,70.87144,3.457143,2.4714286,3.3999999,6.8714285,20.071428,0.00012372434,0.0034196675,-7.345365000000001e-25,7.450581e-09,0.0,True
2016-07-11,258.9814285714286,0.6,18.614286,23.857143,12.771429,64.47143,4.3142858,2.2285714,3.8428571,6.1857142,21.357143,5.888939e-05,0.0031768829,-7.345365000000001e-25,1.1175871e-08,0.0,True
2016-07-18,258.9514285714286,5.1,16.942858,22.042858,11.957144,70.67143,3.1571426,1.8428571,3.3142858,5.857143,19.785715,8.5666776e-05,0.0029342398,-7.345365000000001e-25,1.4901161e-08,0.0,True
2016-07-25,258.94,19.0,21.785715,27.97143,15.400001,68.41429,4.0,2.0571427,3.7857144,5.8142858,24.3,7.583201e-05,0.00270468,-7.345365000000001e-25,1.1175871e-08,0.0,True
2016-08-01,258.9414285714286,19.5,18.542858,23.985716,13.885715,75.542854,3.0285714,2.1714284,3.1285713,6.0142856,21.928572,9.071827e-05,0.0024877638,-7.345365000000001e-25,1.1175871e-08,0.0,True
2016-08-08,258.98285714285714,14.7,17.585714,22.128572,13.114286,76.85714,2.614286,1.8428571,2.542857,6.0571427,19.357143,0.0001501292,0.0023190528,-7.345365000000001e-25,1.8626451e-08,0.0,True
2016-08-15,258.9514285714285,9.4,15.300001,20.314285,10.285714,73.1,2.457143,1.4857142,2.6000001,5.6714287,18.12857,3.9942563e-05,0.0021537095,-7.345365000000001e-25,3.7252903e-09,0.0,True
2016-08-22,258.89714285714285,6.2000003,16.757143,22.800001,10.428572,70.185715,2.8,1.2571429,2.8428571,5.2285714,19.971428,5.634129e-05,0.0019996315,-7.345365000000001e-25,1.1175871e-08,0.0,True
2016-08-29,258.83,4.6,22.485716,30.114286,14.357142,61.085716,3.857143,1.3000001,3.8,4.928571,22.928572,4.3064356e-05,0.0018434823,-7.345365000000001e-25,1.1175871e-08,0.0,True
2016-09-05,258.7257142857143,14.0,17.671429,23.728573,11.314286,68.61429,2.6000001,1.057143,2.7285714,4.8714285,20.1,7.246435e-05,0.0016905516,-7.345365000000001e-25,9.313226e-09,0.0,True
2016-09-12,258.7214285714286,0.0,19.9,27.27143,12.428572,67.9,2.7285714,1.2857143,2.8999999,4.857143,20.985714,1.2218952e-06,0.0015685782,-7.345365000000001e-25,3.7252903e-09,0.0,True
2016-09-19,258.6842857142857,25.6,18.285715,22.757143,13.728571,70.92857,2.2571428,0.91428566,2.3428571,5.042857,19.314285,0.00016233325,0.001447238,-7.345365000000001e-25,5.5879354e-09,0.0,True
2016-09-26,258.72,0.0,14.385715,19.928572,8.785714,74.457146,1.542857,0.99999994,1.5857143,5.4857144,16.328571,5.5134296e-06,0.0013615042,-7.345365000000001e-25,3.7252903e-09,0.0,True
2016-10-03,258.6642857142857,24.4,14.185715,17.957142,10.328572,80.42857,1.3,0.88571435,1.4142857,5.285714,15.4,0.00021371245,0.0012844354,-7.345365000000001e-25,9.313226e-09,0.0,True
2016-10-10,258.9214285714286,7.0,8.028571,10.8,4.7000003,88.71429,0.6857143,0.5857143,0.8142857,5.9,9.6285715,9.5143914e-05,0.0012257174,-7.345365000000001e-25,0.0,0.0,True
2016-10-17,258.9371428571429,4.7,8.085714,11.214286,4.9,91.37144,0.5285714,0.42857143,0.5857143,6.0,8.857142,7.1793795e-05,0.001178503,-7.345365000000001e-25,3.7252903e-09,0.0,True
2016-10-24,258.9942857142857,48.1,6.614286,9.057143,4.0142856,90.82857,0.47142857,0.45714286,0.5,6.785714,7.928571,0.0005298853,0.0011372417,-7.345365000000001e-25,1.8626451e-09,0.0,True
2016-10-31,259.00142857142856,2.4,8.757143,10.742858,6.514286,90.6,0.3857143,0.35714287,0.4857143,7.5,8.514286,5.182624e-05,0.0011104494,-7.345365000000001e-25,1.8626451e-09,0.0,True
2016-11-07,258.9871428571429,15.5,5.3857145,7.785714,2.4142857,86.471436,0.37142855,0.35714287,0.3857143,7.614286,5.5,0.00019335002,0.001092799,3.327642e-05,4.440546e-05,0.0011488646,True
2016-11-14,259.0057142857143,12.9,0.08571429,2.542857,-3.0714285,87.32857,0.20000002,0.20000002,0.21428572,8.257143,1.3,5.8233738e-05,0.001080662,0.0049369335,0.002033135,0.0071321055,True
2016-11-21,259.09142857142854,30.6,7.3714285,10.3714285,4.1857142,79.685715,0.57142854,0.55714285,0.54285717,8.828571,4.9142857,0.0015371069,0.001074478,0.0013477234,0.0066573676,1.6480684e-05,True
2016-11-28,259.0628571428571,0.2,3.657143,7.414286,0.21428564,87.6,0.24285714,0.22857143,0.21428572,8.728572,4.042857,1.0341406e-05,0.0010837466,2.3728326e-06,4.513189e-06,5.5022538e-06,True
2016-12-05,259.02,8.6,-0.65714294,3.9714286,-4.657143,80.15715,0.24285717,0.24285717,0.18571429,8.728572,0.114285715,6.54161e-05,0.001102142,0.00017203603,0.00045514293,0.00057560205,True
2016-12-12,259.02428571428567,23.800001,4.2428575,7.4857144,1.0571429,81.78571,0.34285712,0.31428573,0.34285715,8.828571,1.6428572,0.000120162964,0.0011235774,8.361113e-05,0.00015180372,1.4852732e-05,True
2016-12-19,259.0928571428572,2.6,2.3999999,4.4,-0.100000024,93.1,0.11428572,0.11428572,0.15714286,9.1285715,2.0285714,4.337728e-05,0.0011480674,3.2754172e-06,5.578622e-06,4.4703484e-06,True
2016-12-26,259.0857142857143,26.4,2.9142857,5.2000003,0.59999996,87.814285,0.3285714,0.3285714,0.31428573,9.242857,1.8,0.00021825731,0.0011780411,1.734779e-05,8.1470236e-05,7.929653e-05,True
2017-01-02,259.18142857142857,4.0,1.3142859,4.4428573,-1.6714287,81.200005,0.28000003,0.28000003,0.27142856,9.34,1.8,1.1578202e-05,0.0012183413,0.0002511456,2.1731481e-05,0.0022531673,True
2017-01-09,259.17,35.8,-2.3857143,-8.51495e-09,-5.371429,83.6,0.18571429,0.17142858,0.29999998,9.657143,-0.35714287,8.897483e-05,0.0012721717,0.009569957,0.0012394432,0.012955006,True
2017-01-16,259.13428571428574,45.399998,-0.071428575,1.7142859,-2.4,84.91429,0.3285714,0.3285714,0.34285715,10.014286,-0.014285714,0.00011906028,0.001329951,0.0222097,0.0032307804,0.02182423,True
2017-01-23,259.1014285714286,0.0,-4.9428573,-0.9142857,-9.342857,87.28571,0.071428575,0.071428575,0.071428575,9.828571,-0.6,0.0,0.0013911128,0.031363692,0.0,0.0007664114,True
2017-01-30,259.08142857142855,15.1,-1.0857142,2.4714286,-4.6285715,84.21429,0.22857144,0.22857144,0.20000002,9.728572,-0.62857145,0.00022310019,0.0014500692,0.030719563,0.0071576703,0.0014571771,True
2017-02-06,259.10857142857145,4.4,1.9714286,4.585714,-0.8142857,92.28571,0.27142856,0.27142856,0.3,9.8714285,0.5,0.00038929284,0.0015124083,0.019333307,0.016040474,0.0017327107,True
2017-02-13,259.14142857142855,0.4,-2.3,-0.35714287,-4.0285716,86.37144,0.15714286,0.15714286,0.40000004,9.771428,-0.47142857,1.6912818e-05,0.0016466156,0.012049198,0.000817189,0.0016095303,True
2017-02-20,259.1585714285714,18.3,3.4142857,7.871429,-1.1000001,82.34286,0.62857145,0.6,0.4857143,9.671429,1.3,0.0004925877,0.0018119067,0.005855021,0.010638809,0.00022670627,True
2017-02-27,259.7685714285714,47.1,6.428571,9.057143,3.1285717,76.700005,1.2142857,1.1714286,0.94285715,10.214286,4.9142857,0.0011626408,0.0026916265,0.00069997425,0.0027859733,0.001715906,True
2017-03-06,259.5185714285714,29.7,5.914286,9.328572,2.2571428,75.457146,1.3000001,1.2428571,0.9285714,9.957143,5.257143,0.0004659146,0.003015466,0.00054726144,0.0023323298,0.0022314265,True
2017-03-13,259.44571428571425,25.2,4.428571,8.357142,0.44285718,80.557144,1.0428572,0.99999994,0.94285715,10.1,5.0571427,0.00042389333,0.0038145185,0.0003462519,0.0018732361,0.001858741,True
2017-03-20,259.3742857142857,29.0,8.028571,12.142858,3.7142856,73.34286,1.442857,1.3285714,1.2571429,9.771428,7.6285715,0.00029692054,0.004566908,1.9902274e-05,0.00015032478,7.716939e-05,True
2017-03-27,259.3728571428572,1.1,6.557143,11.928572,0.71428573,71.67143,1.7142857,1.5285714,1.5142858,9.728572,8.2,6.232411e-05,0.005024895,3.5195123e-07,1.8309802e-06,0.0,True
2017-04-03,259.25714285714287,6.7,12.085715,17.742857,5.6,68.17143,2.2999997,1.8714285,2.0142856,8.814285,12.671429,6.1653554e-05,0.0051840916,-7.345365000000001e-25,7.450581e-09,0.0,True
2017-04-10,259.2,0.2,9.085714,13.971429,4.257143,74.22857,1.8428571,1.4142857,1.8714286,8.285714,10.8714285,1.16452575e-05,0.005126789,-7.345365000000001e-25,0.0,0.0,True
2017-04-17,259.1657142857143,18.1,7.142857,11.028572,3.7,74.057144,1.7714285,1.542857,1.6571429,7.8714285,8.971429,0.00014147162,0.0049989894,3.6727815e-06,9.108335e-06,0.00016935915,True
2017-04-24,259.13714285714286,7.2,4.7714286,9.185715,-0.34285712,70.34286,1.9142857,1.6428573,1.8428571,7.9428573,7.0571427,0.00013009459,0.004848279,0.00052528724,0.001816459,0.0017550401,True
2017-05-01,259.09714285714284,0.6,6.471429,11.457144,0.071428575,67.3,2.242857,1.6857144,2.0714285,7.385714,9.542857,4.3332577e-05,0.004645802,4.0417626e-06,1.9233674e-05,0.0,True
2017-05-08,259.0785714285714,8.900001,9.357142,12.857142,6.1714287,85.700005,1.557143,1.3142856,1.4428571,7.6,11.314285,0.00016574562,0.004437946,-7.345365000000001e-25,6.3329935e-08,0.0,True
2017-05-15,259.06857142857143,14.5,12.328572,18.328571,5.9714284,72.057144,2.8714287,2.242857,2.7714286,7.1571426,15.228572,0.00018261373,0.0042239428,-7.345365000000001e-25,0.0,0.0,True
2017-05-22,259.0585714285714,39.699997,16.2,21.814285,9.942857,69.814285,3.614286,2.642857,3.2428572,7.214286,19.457144,0.0066922903,0.0039577857,-7.345365000000001e-25,7.450581e-09,0.0,True
2017-05-29,259.03000000000003,0.2,17.842857,23.800001,10.8714285,66.02857,4.357143,2.5285716,4.2,6.571429,21.071428,5.4076314e-05,0.0036993995,-7.345365000000001e-25,7.450581e-09,0.0,True
2017-06-05,259.02,30.0,17.085714,22.571428,10.742858,71.6,3.614286,2.3857143,3.5714285,6.3142858,21.114286,0.0002258271,0.0034275725,-7.345365000000001e-25,0.0,0.0,True
2017-06-12,259.00857142857143,13.6,16.27143,21.828571,10.3714285,68.35715,3.857143,2.914286,3.4714286,6.4714284,18.842857,0.00012513995,0.0031919628,-7.345365000000001e-25,7.450581e-09,0.0,True
2017-06-19,258.9642857142857,12.400001,17.328571,22.714285,11.099999,70.700005,4.0,2.1,3.7714286,5.6714287,21.2,9.866059e-05,0.002946213,-7.345365000000001e-25,1.1175871e-08,0.0,True
2017-06-26,258.9428571428571,8.5,19.128572,25.071428,12.742858,70.88572,4.357143,2.1142857,3.8285716,5.542857,22.642857,5.4359436e-05,0.0026936606,-7.345365000000001e-25,1.4901161e-08,0.0,True
2017-07-03,259.0142857142857,34.1,16.228573,20.528574,11.357142,79.40001,2.7857144,2.2285714,2.6142857,6.6714287,18.72857,0.00021808594,0.0024975762,-7.345365000000001e-25,1.8626451e-08,0.0,True
2017-07-10,258.9528571428572,28.8,19.457144,25.0,14.3714285,73.14286,3.9571426,2.6571429,3.6857142,6.4714284,22.957144,0.0020295382,0.002316989,-7.345365000000001e-25,1.4901161e-08,0.0,True
2017-07-17,258.9871428571429,25.7,16.02857,20.7,10.757143,75.87144,2.8285716,2.4857142,2.8285713,7.3142858,19.114286,0.0022838935,0.0021574274,-7.345365000000001e-25,3.7252903e-09,0.0,True
2017-07-24,258.9957142857143,105.3,18.957142,24.457144,12.971429,73.94286,3.6142857,3.1285713,3.5857143,7.285714,22.042856,0.0011610687,0.0020206794,-7.345365000000001e-25,7.450581e-09,0.0,True
2017-07-31,259.32428571428574,57.4,17.97143,22.600002,13.457144,77.6,3.0714285,2.8428571,2.9428573,9.742857,19.457144,0.004984811,0.0032156184,-7.345365000000001e-25,1.3038516e-08,0.0,True
2017-08-07,259.1485714285714,1.9,18.84286,24.385714,13.6,71.01429,3.3714287,2.914286,3.2714286,8.8,21.571428,6.902218e-05,0.001939699,-7.345365000000001e-25,5.5879354e-09,0.0,True
2017-08-14,259.0828571428571,19.4,16.314287,20.542858,11.357142,77.98572,2.4428573,2.142857,2.4857142,9.1285715,18.985714,0.0007958412,0.0019049793,-7.345365000000001e-25,1.8626451e-08,0.0,True
2017-08-21,259.05285714285714,19.599998,17.242857,22.328571,12.571428,76.74286,2.614286,2.4142857,2.6571429,9.4,19.8,0.0014407039,0.0018900111,-7.345365000000001e-25,1.4901161e-08,0.0,True
2017-08-28,259.01714285714286,0.4,16.457144,22.185715,9.942858,73.98572,2.5857143,2.2142856,2.6571429,8.8714285,20.114286,0.00016105175,0.0018761903,-7.345365000000001e-25,7.450581e-09,0.0,True
2017-09-04,258.99142857142857,14.5,15.742858,21.77143,9.1,74.87142,2.2142856,1.8,2.3142858,8.3714285,18.72857,0.00013706088,0.0018419251,-7.345365000000001e-25,1.1175871e-08,0.0,True
2017-09-11,259.00142857142856,12.5,14.485715,18.385714,10.442857,77.042854,1.6857144,1.4571428,1.6857144,8.2,15.814285,7.010996e-05,0.0018088222,-7.345365000000001e-25,9.313226e-09,0.0,True
2017-09-18,259.03285714285715,27.4,11.142858,15.957144,6.557143,79.88572,1.457143,1.3428571,1.5571429,8.6285715,12.714286,0.00018025935,0.0017812103,-7.345365000000001e-25,5.5879354e-09,0.0,True
2017-09-25,259.0114285714285,10.799999,11.657143,15.928572,7.957143,86.471436,1.0,0.84285706,1.1142857,8.4,13.814285,0.00011897087,0.0017537996,-7.345365000000001e-25,1.8626451e-09,0.0,True
2017-10-02,259.01714285714286,23.7,13.714286,17.428572,10.071428,86.88572,0.9714286,0.88571423,1.0571429,8.6285715,14.528571,0.00034944713,0.0017339438,-7.345365000000001e-25,9.313226e-09,0.0,True
2017-10-09,259.26,59.9,10.157143,12.557143,7.7571435,82.01429,1.0142857,1.0,1.0142857,9.7,10.414286,0.000715822,0.0017380491,-7.345365000000001e-25,9.313226e-09,0.0,True
2017-10-16,259.3071428571429,4.1,13.985715,18.128572,9.914286,78.75715,0.98571426,0.9285714,1.0571429,9.414286,12.928572,4.801154e-05,0.0018563122,-7.345365000000001e-25,9.313226e-09,0.0,True
2017-10-23,259.17285714285714,13.8,12.185715,16.685715,8.2,80.40001,0.7999999,0.71428573,0.7714286,9.071428,11.957143,0.00017510355,0.0019850433,-7.345365000000001e-25,5.5879354e-09,0.0,True
2017-10-30,259.2214285714286,45.0,10.157144,12.814286,7.7571435,81.51428,0.85714287,0.82857144,0.8142857,9.385715,9.714286,0.00026890635,0.0020834506,-7.345365000000001e-25,5.5879354e-09,0.0,True
2017-11-06,259.3442857142857,9.8,7.8,10.871429,4.042857,83.957146,0.4714286,0.4571429,0.4,9.542857,7.4142857,0.00015310943,0.0021997467,-7.345365000000001e-25,3.7252903e-09,0.0,True
2017-11-13,259.29285714285714,26.0,4.785714,6.5285716,2.642857,88.90001,0.2857143,0.27142859,0.37142858,9.814285,4.785714,0.00023566186,0.002345018,0.0004386902,0.001039071,0.002747327,True
2017-11-20,259.33142857142855,40.600002,4.4,6.3285713,1.8142856,86.14286,0.3285714,0.3285714,0.35714287,9.814285,3.9142857,0.0001976639,0.0025266707,0.000566352,0.0020889714,0.0036552623,True
2017-11-27,259.59000000000003,56.5,6.2428575,8.714286,2.9,84.057144,0.41428572,0.41428572,0.42857143,10.442857,4.785714,0.0006888956,0.0028166622,0.00063751993,0.0040840823,0.0027894825,True
2017-12-04,259.5,21.8,1.2571429,3.0428574,-1.1857144,88.47143,0.20000002,0.20000002,0.27142859,10.385715,1.4571428,0.0002618581,0.003431499,0.0033715453,0.0050148442,0.009779654,True
2017-12-11,259.47285714285715,30.4,2.8999999,5.2000003,0.85714287,80.61428,0.3857143,0.3857143,0.5142857,10.357142,1.9714285,0.0005799681,0.004150234,0.0045596417,0.011259589,0.011759158,True
2017-12-18,259.4871428571429,20.9,1.6571429,3.642857,-0.6857143,83.85714,0.31428576,0.31428576,0.3285714,10.585714,1.0857143,0.00016440451,0.0050873533,0.013357452,0.0036384072,0.013324909,True
2017-12-25,259.41285714285715,0.70000005,5.1714287,6.714286,2.6857145,87.314285,0.22857144,0.22857144,0.3857143,10.114285,3.4857142,0.0005686283,0.0060067326,0.0073548667,0.01778661,0.00055385754,True
2018-01-01,259.4028571428572,35.1,4.585714,7.328572,1.9,78.62858,0.48333335,0.4666667,0.5285714,10.1,2.5666666,0.00038979203,0.0071157515,0.0005613963,0.003662862,0.003453169,True
2018-01-08,259.71714285714285,55.9,3.7142856,5.8857145,1.5285714,84.85714,0.5285715,0.5285715,0.44285712,10.8714285,3.2714286,0.0015305728,0.009061806,0.0010161911,0.0020487048,0.0042757466,True
2018-01-15,259.4028571428572,9.9,1.8285714,4.3142858,-0.5285715,88.85714,0.24285717,0.24285717,0.2857143,10.1285715,1.0285715,0.00012587756,0.011337966,0.0013336397,0.0018314682,0.0005083978,True
2018-01-22,259.38142857142856,51.5,1.2857143,3.5714285,-0.7,86.67143,0.44285712,0.44285712,0.34285715,10.7,0.74285716,0.0002927482,0.011759616,0.0073005585,0.004367998,0.016432181,True
2018-01-29,259.5585714285714,28.7,6.442857,8.442858,3.614286,85.34286,0.54285717,0.54285717,0.5,10.3714285,4.614286,0.0007696301,0.012027785,0.0021103222,0.013576623,0.0,True
2018-02-05,259.4971428571429,13.8,1.2285715,3.5,-1.8142856,84.04286,0.39999995,0.39999995,0.44285718,10.3714285,2.057143,0.00021198392,0.013003074,0.0023110765,0.00010190159,0.0075161345,True
2018-02-12,259.34714285714284,2.8,-1.8000001,0.5714286,-5.1285715,82.15714,0.21428572,0.21428572,0.37142855,10.1285715,-0.18571429,1.7233193e-05,0.013290726,0.0074640624,0.00068323314,0.0039156973,True
2018-02-19,259.2471428571429,2.3,-0.44285712,3.357143,-4.4,77.48572,0.4714286,0.4571429,0.3857143,9.957143,0.27142859,9.996444e-05,0.01302439,0.007818068,0.0047654174,0.0014948398,True
2018-02-26,259.18571428571425,1.6,-3.8142858,-0.51428574,-7.457143,72.08572,0.25714284,0.21428573,0.67142856,9.742857,-0.45714286,5.8859587e-06,0.012501076,0.0053180344,0.0002928488,0.0015107095,True
2018-03-05,259.14714285714285,0.4,-5.642857,-0.85714287,-10.3714285,68.200005,0.27142859,0.24285714,0.6857143,9.685715,-2.2142856,5.6028366e-05,0.011823799,0.004834374,0.0026032887,0.0006400235,True
2018-03-12,259.1485714285714,17.6,6.0,10.342857,2.0571427,81.557144,1.0285714,0.9571429,0.87142855,9.842857,3.5857143,0.000334993,0.011054024,0.0012629656,0.004869867,0.0023745485,True
2018-03-19,259.19571428571425,9.2,-0.35714293,2.642857,-3.614286,75.08571,0.5285714,0.5285714,0.94285715,10.242857,2.4142857,7.492304e-05,0.010339282,0.005570253,0.00010440312,0.013028249,True
2018-03-26,259.1742857142857,6.2000003,2.1000001,6.6714287,-3.3428574,76.61428,0.9714286,0.9000001,1.0714285,9.957143,3.057143,0.00031617284,0.009769112,0.008030017,0.012591248,0.0044507533,True
2018-04-02,259.23285714285714,27.6,4.2285714,8.285714,-0.25714287,79.54286,1.2428571,1.2142857,1.1999999,10.0,5.1,0.00044525415,0.0092719495,0.0005431289,0.0021447223,0.00027544424,True
2018-04-09,259.24,7.8,10.928572,17.857143,3.4428573,62.07143,2.885714,2.5285716,2.4428573,9.557143,11.0,0.0001899898,0.008878656,8.997463e-06,0.000104516745,1.0058284e-07,True
2018-04-16,259.1828571428572,15.2,12.914286,17.9,7.8428574,78.02857,2.2428572,1.9857143,2.0,9.171429,13.9,0.00080001354,0.008441925,-7.345365000000001e-25,1.8626451e-09,0.0,True
2018-04-23,259.1328571428571,3.3,15.757143,22.571428,7.7571435,67.1,3.7285714,2.9714286,3.2571428,8.485714,18.314285,3.398955e-05,0.008048743,-7.345365000000001e-25,3.7252903e-09,0.0,True
2018-04-30,259.1142857142857,7.7,12.228571,16.97143,6.1,67.52857,2.9857144,2.2857141,2.6142857,7.714286,14.728572,5.593896e-05,0.007610567,-7.345365000000001e-25,0.0,0.0,True
2018-05-07,259.06142857142856,0.0,11.642858,17.77143,3.2571428,59.54286,3.7428575,2.0142858,3.4714284,6.8142858,15.228572,2.0861626e-06,0.007073216,-7.345365000000001e-25,3.7252903e-09,0.0,True
2018-05-14,259.0257142857143,6.9,16.87143,23.157145,9.800001,63.8,4.414286,1.7714285,3.9714284,6.2714286,19.257143,6.47977e-05,0.006422095,-7.345365000000001e-25,7.450581e-09,0.0,True
2018-05-21,258.9942857142857,6.5,13.328572,18.457142,7.857143,69.58572,3.414286,1.5428572,3.5714285,6.242857,17.342857,0.00013488531,0.0057949945,-7.345365000000001e-25,3.7252903e-09,0.0,True
2018-05-28,258.96714285714285,4.7999997,18.214285,24.614286,10.357142,65.78571,4.6,1.6571429,4.214286,6.071429,21.4,2.8654933e-05,0.0051618665,-7.345365000000001e-25,1.1175871e-08,0.0,True
2018-06-04,258.95714285714286,16.800001,19.814287,25.300001,13.571428,76.17143,3.9285717,1.9428571,3.7428572,6.0571427,23.885714,0.000111326575,0.00455527,-7.345365000000001e-25,7.450581e-09,0.0,True
2018-06-11,258.9685714285714,26.1,19.328571,25.67143,12.471429,69.57143,4.385714,1.7428571,4.4714284,5.742857,24.171429,6.6541135e-05,0.004011087,-7.345365000000001e-25,3.7252903e-09,0.0,True
2018-06-18,258.9842857142857,1.2,16.542858,20.985716,11.714286,67.08572,3.3428574,1.2,3.3714287,5.571429,20.542856,1.1220574e-05,0.0035370886,-7.345365000000001e-25,3.7252903e-09,0.0,True
2018-06-25,258.94,8.4,14.871429,19.685715,10.257143,73.48572,3.1,1.3428571,2.957143,5.3142858,18.357143,5.687028e-05,0.0031598583,-7.345365000000001e-25,1.1175871e-08,0.0,True
2018-07-02,258.85285714285715,0.0,17.785715,24.214285,10.028571,55.457146,5.342857,1.1142857,5.3428574,4.9428573,21.571428,1.6093254e-06,0.0028173402,-7.345365000000001e-25,0.0,0.0,True
2018-07-09,258.7142857142857,0.6,18.628572,25.728573,9.842857,56.18571,5.114286,0.9571429,4.714286,4.6285715,22.971428,6.8098307e-06,0.0024383068,-7.345365000000001e-25,1.1175871e-08,0.0,True
2018-07-16,258.60571428571427,2.8,17.485714,23.928572,10.471429,67.685715,3.757143,1.7571428,3.9714284,4.957143,21.3,4.387647e-05,0.0021630526,-7.345365000000001e-25,7.450581e-09,0.0,True
2018-07-23,258.43142857142857,4.8,20.857143,27.357143,12.914286,55.485714,4.814286,1.3285714,4.6714287,4.5285716,23.828571,2.399087e-05,0.0018955395,-7.345365000000001e-25,1.4901161e-08,0.0,True
2018-07-30,258.3042857142857,4.2000003,24.7,32.5,15.685715,51.757145,5.6571426,1.6285714,5.285714,4.4142857,26.328571,7.033348e-06,0.0016560778,-7.345365000000001e-25,1.1175871e-08,0.0,True
2018-08-06,258.15857142857146,1.5,24.314287,31.114286,16.014286,53.385715,5.2,1.6,5.2571425,4.3142858,26.62857,1.28000975e-05,0.001446329,-7.345365000000001e-25,3.7252903e-09,0.0,True
2018-08-13,258.03000000000003,5.8999996,21.485716,28.828571,13.571428,48.728573,4.7571435,1.3000001,4.5571427,4.0571427,23.571428,2.4542212e-05,0.0012732446,-7.345365000000001e-25,1.4901161e-08,0.0,True
2018-08-20,257.9142857142857,0.3,19.885715,26.34286,13.085714,61.514286,3.4428573,0.81428576,3.3,3.942857,22.314285,4.222989e-05,0.0011449382,-7.345365000000001e-25,1.4901161e-08,0.0,True
2018-08-27,257.8014285714286,4.1,17.757143,23.428572,11.214286,59.68572,2.9999998,0.6857143,2.9428573,3.8,20.542856,1.4856458e-05,0.0010385662,-7.345365000000001e-25,3.7252903e-09,0.0,True
2018-09-03,257.74,4.1,16.142857,21.84286,9.8,69.98572,2.3857143,0.7285715,2.4714284,3.8714285,18.4,4.7519803e-05,0.00095520914,-7.345365000000001e-25,7.450581e-09,0.0,True
2018-09-10,257.6557142857143,5.7,17.157145,24.057144,10.114286,65.41428,2.5428574,1.0714285,2.5571427,3.9714286,19.185715,6.2704086e-05,0.0008851513,-7.345365000000001e-25,7.450581e-09,0.0,True
2018-09-17,257.5857142857143,0.9,16.114286,22.228573,10.342857,66.58572,2.3142858,0.59999996,2.3428571,3.7142856,18.328571,2.18153e-05,0.00082184374,-7.345365000000001e-25,1.8626451e-09,0.0,True
2018-09-24,257.54,32.3,15.642858,21.628572,9.7,65.25715,2.357143,0.7571429,2.3142858,4.071429,16.485714,0.0006825775,0.0007640496,-7.345365000000001e-25,3.7252903e-09,0.0,True
2018-10-01,257.52000000000004,0.8,9.885715,16.228573,3.9714286,64.828575,1.4571428,1.0571429,1.5857143,4.957143,11.514286,1.1704862e-05,0.00072131306,-7.345365000000001e-25,5.5879354e-09,0.0,True
2018-10-08,257.4942857142857,11.5,10.785714,16.27143,4.9428573,74.557144,1.1428572,0.8428572,1.1714286,4.7714286,11.471429,1.989305e-05,0.000685215,-7.345365000000001e-25,3.7252903e-09,0.0,True
2018-10-15,257.4942857142857,0.0,15.685715,23.5,8.028571,64.75715,1.6285714,0.9571429,1.3714286,4.3714285,14.5,1.4901161e-08,0.00065131485,-7.345365000000001e-25,5.5879354e-09,0.0,True
2018-10-22,257.4942857142857,0.8,10.514285,16.128572,4.9,78.68572,0.7857142,0.37142855,0.8142857,4.0857143,12.185715,7.644296e-06,0.00062020123,-7.345365000000001e-25,1.8626451e-09,0.0,True
2018-10-29,257.5042857142857,23.0,7.2714286,9.1285715,4.6,83.98572,0.65714294,0.4857143,0.7571429,4.571429,7.6857142,5.5275857e-05,0.00059691817,-7.345365000000001e-25,5.5879354e-09,0.0,True
2018-11-05,257.56428571428575,0.6,7.7714286,11.442858,3.957143,81.314285,0.51428574,0.3857143,0.5142857,4.7,7.114286,6.41495e-06,0.00057576597,-7.345365000000001e-25,3.7252903e-09,0.0,True
2018-11-12,257.64,7.2,10.7,14.771429,7.1,79.614296,0.61428577,0.45714283,0.42857143,4.6285715,9.085714,4.3421984e-05,0.0005559921,-7.345365000000001e-25,3.7252903e-09,0.0,True
2018-11-19,257.68,9.2,3.5571427,7.2571435,-0.27142856,84.74286,0.4,0.28571433,0.35714287,4.8,4.4428573,3.9055943e-05,0.0005379841,0.0002088717,0.00028029084,0.002303917,True
2018-11-26,257.7357142857143,1.6,1.2571429,2.9714284,-0.42857146,92.814285,0.17142859,0.14285715,0.27142859,4.9,1.7714286,5.3040683e-05,0.0005219057,0.0034363724,0.0029967092,0.0030186847,True
2018-12-03,257.9171428571429,46.9,4.7571425,7.085715,2.1000001,79.828575,0.40000004,0.34285715,0.35714287,5.1714287,3.1857142,0.00013499707,0.0005074367,0.0013797794,0.0021695811,0.00014431402,True
2018-12-10,258.8357142857143,51.600002,5.5,8.157144,2.2428572,81.27143,0.6571428,0.61428565,0.5285714,6.4857144,4.642857,0.00023628026,0.00049446523,3.8987113e-05,5.6808814e-05,0.00084890425,True
2018-12-17,259.04714285714283,5.1,0.37142855,1.5428572,-1.2428571,85.18572,0.15714288,0.12857144,0.35714287,6.9428573,0.9,2.9020011e-05,0.00048383325,0.0028152012,0.0012567546,0.004427731,True
2018-12-24,259.17857142857144,72.9,4.585715,6.728572,2.2428572,86.057144,0.42857143,0.42857143,0.3857143,7.5857143,3.142857,0.0012146756,0.00047568232,0.0013321524,0.0041871704,0.00017922744,True
2018-12-31,259.2685714285714,14.3,4.2,5.928571,2.3999999,83.87144,0.29999998,0.29999998,0.4,8.314285,3.0285714,0.00010946393,0.00047221035,8.598396e-05,0.00021766126,3.6980957e-05,True
2019-01-07,259.2085714285714,29.4,3.2000003,4.7428575,0.61428577,84.71429,0.42857146,0.41428575,0.4857143,8.542857,2.3857143,0.00030755252,0.00047385693,0.0010896637,0.002291249,0.002561573,True
2019-01-14,259.51428571428573,79.0,2.3714287,4.3,0.3857143,85.42857,0.55714285,0.55714285,0.5714286,9.357142,2.057143,0.00075137615,0.00062941015,0.0062591294,0.012654234,0.016157843,True
2019-01-21,259.5442857142857,19.8,-0.77142864,2.7,-4.1142855,79.1,0.31428573,0.29999998,0.31428573,9.357142,1.1142857,0.00016354024,0.00054151565,0.0031638031,0.0029775444,0.0022879355,True
2019-01-28,259.35,41.199997,-2.0,0.8000001,-4.928571,83.299995,0.2,0.2,0.31428573,9.3714285,-0.9714286,0.0006700605,0.00063355267,0.0041040126,0.006172182,0.008768167,True
2019-02-04,259.32714285714286,1.4,-0.071428575,2.2285714,-3.0285716,81.51429,0.31428576,0.3,0.35714287,9.471429,0.014285714,3.3646822e-05,0.0007646531,0.0077136927,0.0014539901,0.0049892254,True
2019-02-11,259.3042857142857,22.1,3.757143,6.2428575,0.9857144,75.98572,0.8285714,0.81428576,0.71428573,9.4,2.0714285,0.00060771406,0.0009115562,0.00520621,0.00939529,0.003500294,True
2019-02-18,259.4142857142857,0.6,5.7000003,12.114286,0.07142858,65.442856,1.0714285,0.9571428,0.7714286,9.328571,3.7285714,9.04575e-05,0.0011133999,0.0016889402,0.0036023408,0.00094515085,True
2019-02-25,259.2857142857143,0.3,5.085714,10.385715,0.057142854,68.557144,1.0285714,0.85714287,0.87142855,8.785714,4.4142857,3.2186508e-05,0.0013390556,8.2799364e-05,0.00033459812,9.857118e-06,True
2019-03-04,259.23,9.4,7.3714285,12.442857,2.5714285,67.54286,1.3714285,1.1714286,1.2142857,8.414286,5.9142857,0.00012607127,0.0015034676,2.8723762e-06,1.2291595e-05,1.8328428e-06,True
2019-03-11,259.22285714285715,39.8,5.957143,9.442857,2.3714287,73.87142,1.4714286,1.4142857,1.1999999,8.742857,5.257143,0.0004265681,0.0016208068,0.00056252594,0.001077177,0.006495051,True
2019-03-18,259.56428571428575,42.0,5.657143,8.900001,2.9714286,73.84286,1.3285713,1.3,1.1999999,9.642858,4.885714,0.0006553829,0.0017919615,0.0016031662,0.006661499,0.0016442388,True
2019-03-25,259.43142857142857,4.6,6.6857142,12.099999,0.9714286,74.299995,1.5142858,1.3571428,1.4714286,9.057143,7.6285715,9.801984e-05,0.0021983385,0.000117631185,0.00056124106,0.0007480234,True
2019-04-01,259.2885714285714,1.9000001,7.3142858,12.042857,2.0142858,70.08572,1.7285713,1.4285715,1.6714286,8.6285715,8.514286,5.298853e-05,0.0025087222,7.620312e-05,0.00039573386,0.0,True
2019-04-08,259.2242857142857,6.2,9.314286,14.842857,2.914286,73.28571,2.0714285,1.6142857,1.9571428,8.114285,10.957143,8.3357096e-05,0.0026640445,1.3056255e-07,8.419156e-07,0.0,True
2019-04-15,259.1842857142857,3.7999997,3.3714287,7.4000006,-1.1285714,72.57143,1.6857145,1.2428572,1.6428572,7.5142856,7.5142856,7.636845e-05,0.0027044863,0.0005999917,0.0019457117,0.002438195,True
2019-04-22,259.11428571428576,0.0,11.614286,18.828571,2.0714285,50.528572,4.2428575,2.4,3.7142856,6.6571426,13.385715,6.9513917e-06,0.002661869,5.9843063e-05,0.0004412979,0.0,True
2019-04-29,259.0857142857143,14.3,11.642858,17.057142,5.8142858,70.24286,3.0428574,1.6999999,2.7428572,6.1285715,14.0,0.00019866228,0.0025608912,-7.345365000000001e-25,1.1175871e-08,0.0,True
2019-05-06,259.06714285714287,6.3,7.8,12.471429,2.5857143,69.67143,2.3428571,1.6428572,2.5142858,6.242857,10.957143,6.918609e-05,0.0024753585,0.000112323534,0.0005226843,0.0006400645,True
2019-05-13,259.0671428571428,14.4,8.728571,13.142858,3.857143,73.5,2.4428573,1.7714285,2.2428572,6.4714284,11.485714,0.0003233701,0.0023846552,1.4753568e-05,0.00010284409,0.0,True
2019-05-20,259.0414285714286,24.2,10.814285,16.157145,4.114286,72.77143,2.7857144,1.8857143,2.7142856,6.6,13.928572,0.00028061867,0.0022865236,-7.345365000000001e-25,1.1175871e-08,0.0,True
2019-05-27,259.06857142857143,3.0,13.685715,18.285715,7.514286,73.44286,3.0285714,2.1571429,3.0142858,7.457143,17.085714,0.00047926605,0.0021908134,-7.345365000000001e-25,3.7252903e-09,0.0,True
2019-06-03,259.0257142857143,25.3,16.442858,22.414288,10.014287,68.88572,3.9285717,2.3428571,3.6857142,6.757143,19.6,0.00013937056,0.0020960346,-7.345365000000001e-25,3.7252903e-09,0.0,True
2019-06-10,259.0442857142857,18.5,18.142857,23.87143,11.0,66.62858,4.2714286,2.6571426,4.071429,6.142857,21.7,0.00018814206,0.0019701421,-7.345365000000001e-25,1.1175871e-08,0.0,True
2019-06-17,259.07,34.6,17.714285,23.057144,11.214286,74.41429,3.7857146,2.6857142,3.357143,6.3714285,21.428572,0.009664223,0.0018642992,-7.345365000000001e-25,7.450581e-09,0.0,True
2019-06-24,259.03000000000003,3.1999998,19.828571,25.957144,12.542857,64.9,5.271428,3.0142856,4.8857145,5.714286,23.814285,0.0001617074,0.001766555,-7.345365000000001e-25,3.7252903e-09,0.0,True
2019-07-01,258.9514285714286,0.1,21.800001,28.771427,12.814286,57.057148,6.2999997,1.4999999,5.557143,4.8142858,25.928572,1.847744e-06,0.0016447678,-7.345365000000001e-25,3.7252903e-09,0.0,True
2019-07-08,258.9028571428572,2.5,15.314286,20.928572,8.7,61.914288,4.0571427,0.7285714,3.614286,4.428571,20.885714,3.181398e-05,0.00152269,-7.345365000000001e-25,3.7252903e-09,0.0,True
2019-07-15,258.92,10.1,14.485715,18.7,10.957144,78.58572,2.5142858,1.1571429,2.4714284,4.785714,18.257143,0.0001180768,0.0014351681,-7.345365000000001e-25,3.7252903e-09,0.0,True
2019-07-22,258.88,6.3,17.97143,23.914288,11.457144,70.22857,3.857143,2.0142858,3.457143,4.8285713,21.214285,5.1155686e-05,0.0013594404,-7.345365000000001e-25,1.4901161e-08,0.0,True
2019-07-29,258.7657142857143,3.1,23.97143,30.657145,15.771429,55.8,5.5571427,1.5142857,5.3142858,4.3428574,26.057142,1.1667609e-05,0.001253359,-7.345365000000001e-25,1.4901161e-08,0.0,True
2019-08-05,258.6985714285714,38.6,18.928572,24.714285,13.485715,70.74286,3.185714,1.6428573,3.0857143,4.5285716,22.171429,0.00014811754,0.0011600107,-7.345365000000001e-25,7.450581e-09,0.0,True
2019-08-12,258.7085714285714,8.8,19.800001,25.428572,13.742858,63.414288,3.6000001,2.042857,3.3999999,4.6,21.5,0.00019795448,0.0010909364,-7.345365000000001e-25,7.450581e-09,0.0,True
2019-08-19,258.61857142857144,19.7,17.028572,22.714285,11.928572,67.92857,2.8285713,1.6142857,2.8285713,4.5142856,19.085714,0.00011893362,0.0010244474,-7.345365000000001e-25,7.450581e-09,0.0,True
2019-08-26,258.53000000000003,1.6,19.47143,26.928572,10.742858,58.04286,3.5714288,1.4714286,3.6000001,4.242857,21.385714,1.4543533e-05,0.00096256286,-7.345365000000001e-25,5.5879354e-09,0.0,True
2019-09-02,258.4485714285714,0.4,20.542858,27.628572,13.857142,67.42857,3.1285713,1.2714285,3.0714285,4.0857143,22.914286,5.8837235e-05,0.0008984059,-7.345365000000001e-25,3.7252903e-09,0.0,True
2019-09-09,258.33714285714285,5.2,13.957144,18.985716,8.071428,67.75714,2.0285716,0.7428571,2.1,3.942857,17.085714,4.081428e-05,0.0008466467,-7.345365000000001e-25,1.8626451e-09,0.0,True
2019-09-16,258.2214285714286,4.8,14.585715,20.257143,7.728572,68.98572,2.0142858,1.0714285,2.0428572,4.242857,16.242857,3.7893653e-05,0.0008048788,-7.345365000000001e-25,7.450581e-09,0.0,True
2019-09-23,258.07714285714286,1.6,11.8714285,18.528574,5.2714286,68.74286,1.7714287,0.8428572,1.7571429,4.071429,14.0,1.9550323e-05,0.0007675141,-7.345365000000001e-25,1.8626451e-09,0.0,True
2019-09-30,258.04285714285714,39.7,14.614286,18.185715,11.757143,79.71429,1.4142857,1.1571429,1.3428571,4.7285714,14.8714285,0.000355646,0.00073514134,-7.345365000000001e-25,1.4901161e-08,0.0,True
2019-10-07,258.88428571428574,57.2,8.814286,12.471429,5.071429,83.42857,0.9142857,0.8571429,0.88571423,6.9,10.028571,0.0016314089,0.00071260333,-7.345365000000001e-25,5.5879354e-09,0.0,True
2019-10-14,259.0342857142857,13.2,13.900001,17.042858,10.385715,76.75715,1.1714286,1.057143,1.1571429,7.5142856,12.442857,0.00052861124,0.00069898367,-7.345365000000001e-25,1.1175871e-08,0.0,True
2019-10-21,259.0542857142857,26.1,13.857142,17.642857,10.342857,80.21429,0.9714286,0.9285714,0.82857144,7.928571,13.428572,0.00023895502,0.00068831444,-7.345365000000001e-25,1.1175871e-08,0.0,True
2019-10-28,259.04714285714283,0.9,11.2,15.357142,7.0285716,80.65715,0.8,0.7,0.78571427,7.742857,11.742857,2.6866794e-05,0.000682354,-7.345365000000001e-25,5.5879354e-09,0.0,True
2019-11-04,259.0185714285714,17.4,6.142857,10.314285,2.1714287,84.614296,0.55714285,0.54285717,0.44285712,7.8285713,6.7285714,0.00015566498,0.0006790459,-7.345365000000001e-25,3.7252903e-09,0.0,True
2019-11-11,259.0542857142857,10.2,5.371429,8.2,2.2571428,86.82857,0.37142855,0.34285712,0.35714287,8.414286,5.785714,0.00017267466,0.00067993253,4.2574746e-07,3.1292439e-07,1.2695789e-05,True
2019-11-18,259.06142857142856,16.2,3.857143,6.4857144,1.1571429,85.200005,0.31428573,0.3,0.37142858,8.471429,3.6,0.00023829937,0.0006869137,3.94526e-06,1.2084842e-05,0.0,True
2019-11-25,259.06857142857143,0.7,3.0857143,5.442857,0.37142858,93.34286,0.21428573,0.21428573,0.18571429,8.657143,3.8857143,3.1873584e-05,0.00070215017,3.9679664e-05,0.00010283664,0.00010725111,True
2019-12-02,259.0842857142857,8.9,4.4,6.957143,1.4285716,85.314285,0.35714287,0.35714287,0.35714287,8.742857,3.8714285,0.0001218915,0.0007271245,1.36182425e-05,2.0204112e-05,4.65177e-05,True
2019-12-09,259.1142857142857,28.3,3.914286,6.6285715,1.1285715,81.700005,0.44285718,0.44285718,0.3857143,8.828571,2.857143,0.00017775595,0.00075758994,1.4026959e-05,4.1417778e-05,5.144626e-06,True
2019-12-16,259.2342857142857,29.3,3.4428573,5.571429,0.9714286,80.98572,0.44285712,0.44285712,0.37142855,9.328571,2.1714287,0.00040462613,0.00079488754,0.004776705,0.011505995,0.013812609,True
2019-12-23,259.2614285714285,12.0,6.871429,10.542857,2.9428573,79.82857,0.41428572,0.4,0.25714287,9.157143,4.6,0.00015206635,0.00086575747,0.00040835427,0.0025444385,0.0,True
2019-12-30,259.3128571428571,24.099998,2.7714288,5.3142858,0.028571436,76.9,0.32857147,0.32857147,0.38571426,9.357142,2.1142857,0.00022414327,0.000981316,0.00013044334,3.7465245e-05,0.00031691045,True
2020-01-06,259.2628571428572,22.6,2.3999999,5.357143,-1.457143,80.8,0.3,0.3,0.32857147,9.1,1.1,0.00019028783,0.0011208057,0.00019320419,0.00040634535,0.00030509382,True
2020-01-13,259.36285714285714,28.300001,5.1857147,7.5,2.2,82.98572,0.45714286,0.44285712,0.42857143,9.5,3.5714285,0.00033724308,0.0012701824,4.9068814e-05,0.00022822618,3.3318996e-05,True
2020-01-20,259.31857142857143,5.0,5.471429,8.414286,1.9714288,77.91429,0.6428572,0.5857143,0.47142857,9.242857,3.8,1.9341707e-05,0.0014755651,1.5974045e-05,1.7495826e-05,7.47405e-05,True
2020-01-27,259.2371428571429,6.9,0.5571429,3.6285717,-2.8428574,87.457146,0.25714287,0.21428572,0.21428572,9.114285,0.74285716,5.5879354e-05,0.001657486,7.8178586e-05,9.704195e-05,7.449463e-05,True
2020-02-03,259.3357142857143,48.7,6.8857145,8.857142,4.4,78.200005,0.9142858,0.90000004,0.7571429,9.7,5.0571427,0.00072804093,0.0018002242,6.434463e-05,0.00028101727,0.00024090335,True
2020-02-10,259.46714285714285,25.2,4.3142858,7.3714285,0.9285714,75.91429,0.9714285,0.95714283,0.7428571,9.971429,3.4571428,0.0020467192,0.0021033213,0.00019003663,0.00041585416,0.0008070916,True
2020-02-17,259.4642857142857,15.1,5.514286,8.157144,2.142857,72.88572,1.1999999,1.1714286,1.0285714,10.114285,4.0285716,0.00040842593,0.0026497245,0.0012130907,0.0036362,0.0033080876,True
2020-02-24,259.5628571428571,61.9,5.657143,8.7,2.3857143,74.185715,1.2428571,1.2428571,0.9857143,10.042857,4.5285716,0.0020012856,0.004482642,0.00016036487,0.0009318553,0.0012484267,True
2020-03-02,259.63714285714286,29.6,4.642857,7.6714287,1.5142858,75.700005,1.1571429,1.1571429,0.9285714,10.357142,4.3142858,0.0006025359,0.0051325187,0.002994895,0.010909244,0.01117938,True
2020-03-09,259.4714285714286,14.8,4.571429,7.785714,0.95714283,79.3,0.9714286,0.9714286,0.8,10.1,4.3285713,0.00051115453,0.0070037544,0.00029406662,0.0010532793,0.0006351918,True
2020-03-16,259.53000000000003,33.0,7.1857142,11.585715,2.6000001,70.42857,1.7142857,1.6428572,1.3428571,10.157143,6.857143,0.0006509125,0.0091538355,9.826252e-06,5.960092e-05,1.6741455e-05,True
2020-03-23,259.36285714285714,1.3,5.5285716,10.028572,0.71428573,64.62858,1.5714285,1.3,1.5714285,9.171429,7.3142858,5.415082e-05,0.010383077,4.8819044e-07,2.7157366e-06,9.685755e-08,True
2020-03-30,259.26714285714286,2.9,3.142857,8.828572,-4.042857,57.67143,1.9714286,1.5285714,2.0,8.485714,5.4428573,2.4795532e-05,0.010217443,0.0002718369,0.00011035614,0.0023430698,True
2020-04-06,259.2028571428572,0.4,6.071429,11.942858,-0.7714286,57.628574,2.2999997,1.7142857,2.0714285,7.957143,7.4,3.9085746e-05,0.009681188,0.00092320214,0.002030054,2.1472573e-05,True
2020-04-13,259.1428571428572,0.2,10.657143,17.442858,2.5714285,57.100002,3.1285713,1.8714285,2.6857142,6.957143,13.242857,4.693866e-06,0.008896358,3.35489e-06,2.9562041e-05,6.7427754e-07,True
2020-04-20,259.1042857142857,2.5,9.1,15.985715,1.2857143,56.05714,3.2857144,1.3714285,3.1142857,6.3285713,12.514286,3.375113e-05,0.008035362,4.4924873e-05,0.0002316311,0.00023977458,True
2020-04-27,259.06142857142856,0.0,11.2,18.128572,2.7714288,52.8,3.8857143,0.8428572,3.5285716,5.8142858,14.071428,2.0861626e-07,0.0071434155,-7.345365000000001e-25,8.940697e-08,0.0,True
2020-05-04,259.0728571428571,16.4,10.471429,14.942857,5.914286,75.40001,2.2571428,1.3285713,2.0714285,6.0285716,12.685715,0.00025302172,0.0063576177,-7.345365000000001e-25,0.0,0.0,True
2020-05-11,259.0442857142857,8.7,10.17143,16.914286,1.8714286,62.285713,3.357143,1.5,3.1857142,5.9,14.642858,4.1216612e-05,0.00568565,-7.345365000000001e-25,0.0,0.0,True
2020-05-18,259.00857142857143,0.2,9.114286,14.971429,1.7428572,62.37143,3.014286,1.4,2.942857,5.8714285,13.214286,6.943941e-06,0.0050807223,-7.345365000000001e-25,0.0,0.0,True
2020-05-25,258.99142857142857,18.2,13.842857,18.414288,7.014286,69.957146,3.0,1.4571428,2.8285713,5.5285716,16.62857,9.778142e-05,0.004518248,-7.345365000000001e-25,0.0,0.0,True
2020-06-01,258.9642857142857,0.1,13.142858,19.9,4.728572,61.985718,4.0142856,1.2142857,3.8285713,5.2714286,17.857143,7.584691e-06,0.0040344596,-7.345365000000001e-25,0.0,0.0,True
2020-06-08,258.9614285714286,13.9,13.842857,19.47143,8.0,69.4,3.2142856,1.6857141,3.1571429,5.457143,17.342857,0.0001335442,0.0035684183,-7.345365000000001e-25,3.7252903e-09,0.0,True
2020-06-15,258.9642857142857,47.2,17.157145,22.085714,12.17143,80.14286,2.9857142,2.1142857,3.1714287,6.042857,19.442858,0.0018736124,0.0032023117,-7.345365000000001e-25,0.0,0.0,True
2020-06-22,259.1,37.399998,17.414286,22.028574,12.214286,76.42857,3.6714287,2.8,3.8142858,7.0857143,21.357143,0.00021576881,0.0029298365,-7.345365000000001e-25,1.1175871e-08,0.0,True
2020-06-29,259.03714285714284,0.4,18.97143,24.957144,11.357142,64.98572,4.6571426,2.6571429,4.357143,6.0142856,23.042856,0.00010867417,0.0026730224,-7.345365000000001e-25,7.450581e-09,0.0,True
2020-07-06,258.9957142857143,7.7000003,17.885715,23.114286,13.057143,67.08572,3.942857,2.2285717,3.8428571,5.542857,20.285715,0.00012230873,0.0024483725,-7.345365000000001e-25,1.8626451e-08,0.0,True
2020-07-13,258.98857142857145,10.400001,15.285714,21.171429,9.2,71.87143,3.2,1.7,3.0714285,5.385714,18.657143,0.000120803714,0.002268143,-7.345365000000001e-25,3.7252903e-09,0.0,True
2020-07-20,258.97,19.5,16.885715,22.414288,10.042857,70.88572,3.4285715,1.8571428,3.3428571,5.3,20.77143,0.00024475157,0.0021047145,-7.345365000000001e-25,3.7252903e-09,0.0,True
2020-07-27,258.91,11.0,17.87143,23.828571,10.957143,62.257145,3.957143,1.5428572,3.642857,4.885714,21.585714,0.00012113154,0.0019430146,-7.345365000000001e-25,7.450581e-09,0.0,True
2020-08-03,258.8771428571428,16.5,19.057144,25.528574,11.885715,61.714287,4.1285715,1.4857142,3.942857,4.6857142,22.342857,8.1166625e-05,0.0017876923,-7.345365000000001e-25,1.1175871e-08,0.0,True
2020-08-10,258.82142857142856,17.8,22.128572,29.285715,13.685715,55.528572,4.642857,1.4428571,4.3142858,4.4428573,24.085714,0.00010380149,0.0016362742,-7.345365000000001e-25,7.450581e-09,0.0,True
2020-08-17,258.70714285714286,21.8,21.800001,27.385714,16.585714,73.457146,3.6285713,1.6714286,3.3428571,4.8714285,24.357143,0.00023342669,0.0015077591,-7.345365000000001e-25,1.4901161e-08,0.0,True
2020-08-24,258.6614285714286,2.1000001,20.27143,25.37143,14.885715,67.57143,3.2142856,2.0857143,3.2,5.257143,22.557142,9.0286136e-05,0.0014103726,-7.345365000000001e-25,1.1175871e-08,0.0,True
2020-08-31,258.59857142857146,21.6,15.957144,20.571428,11.357142,71.12858,2.3,1.6714286,2.3,5.257143,18.1,8.636713e-05,0.0013232231,-7.345365000000001e-25,1.6763806e-08,0.0,True
2020-09-07,258.7457142857143,4.8,14.414286,19.37143,9.5,75.32857,1.9571427,1.5571429,2.0857143,5.8142858,16.971428,8.364022e-05,0.0012500882,-7.345365000000001e-25,5.5879354e-09,0.0,True
2020-09-14,258.74142857142857,0.2,16.642857,23.957144,8.957143,68.11429,2.4,1.6000001,2.4142857,5.3,18.457144,2.7269125e-06,0.0011813194,-7.345365000000001e-25,5.5879354e-09,0.0,True
2020-09-21,258.58,0.0,15.571428,23.757143,7.1,59.857143,2.3857143,1.0857143,2.6571429,4.6571426,18.157143,7.4505806e-07,0.0011088625,-7.345365000000001e-25,3.7252903e-09,0.0,True
2020-09-28,258.49142857142857,32.5,13.142858,17.785715,8.671429,71.185715,1.4857143,0.8142857,1.5714285,5.214286,14.414286,0.0006981045,0.0010441393,-7.345365000000001e-25,1.8626451e-09,0.0,True
2020-10-05,258.51714285714286,2.3,12.285714,17.214285,6.914286,78.54286,1.1142857,0.9142857,1.1999999,5.885714,13.414286,4.9814582e-05,0.0009977147,-7.345365000000001e-25,5.5879354e-09,0.0,True
2020-10-12,258.79,26.3,10.214286,13.357142,7.357143,82.24286,0.85714287,0.8285714,0.9142857,6.4428573,10.785714,0.00020377338,0.00096069276,-7.345365000000001e-25,5.5879354e-09,0.0,True
2020-10-19,258.99857142857144,21.7,7.6571426,9.885715,5.7000003,87.9,0.55714285,0.5285715,0.6571428,7.3428574,8.342857,0.0002347827,0.00093230605,-7.345365000000001e-25,3.7252903e-09,0.0,True
2020-10-26,259.0257142857143,25.5,12.1,14.914286,8.714286,79.15715,0.82857144,0.7714286,0.78571427,7.4714284,10.9,0.00021646172,0.0009102896,-7.345365000000001e-25,9.313226e-09,0.0,True
2020-11-02,259.1171428571428,43.2,11.771429,14.099999,8.714286,81.62858,0.88571423,0.8714286,0.7428571,8.071428,10.685715,0.00032044947,0.0008938387,-7.345365000000001e-25,1.6763806e-08,0.0,True
2020-11-09,259.09857142857146,0.2,6.0,11.014285,1.3714286,82.700005,0.48571426,0.44285718,0.34285715,8.1,6.9142857,5.811453e-07,0.00088350475,-7.345365000000001e-25,0.0,0.0,True
2020-11-16,259.04285714285714,2.8,7.9857144,10.685715,4.571429,85.27143,0.47142857,0.4,0.37142858,7.9714284,7.3142858,3.4354627e-05,0.00087771565,-7.345365000000001e-25,1.8626451e-09,0.0,True
2020-11-23,259.0214285714286,11.9,6.214286,8.9,2.4428573,81.114296,0.42857146,0.4,0.34285715,8.0,5.5,4.61787e-05,0.00087431073,1.4929545e-05,5.5469573e-05,6.048754e-05,True
2020-11-30,259.00714285714287,2.2,2.614286,5.285714,-0.44285712,85.65715,0.17142859,0.15714288,0.17142858,7.9,2.557143,4.246831e-06,0.00087245554,7.859298e-05,1.3086945e-05,0.0017107055,True
2020-12-07,259.00142857142856,0.7,1.6428572,3.8428574,-0.71428573,85.38572,0.17142858,0.14285716,0.24285714,8.0,1.0142857,7.818639e-05,0.0008717254,0.0028563,0.0022527277,0.0019079819,True
2020-12-14,258.98,6.6,2.5142858,4.571429,0.37142855,90.42857,0.17142858,0.15714286,0.14285715,8.085714,1.8,0.00012084842,0.0008721128,0.002372844,0.0033930857,0.0030571334,True
2020-12-21,258.97,19.7,6.1285715,8.542857,3.0,84.5,0.25714284,0.22857144,0.08571429,8.114285,3.857143,0.00015304983,0.0008750856,0.0003635202,0.0014494676,0.0,True
2020-12-28,259.1428571428572,23.5,4.328572,6.8857145,1.6999999,84.64286,0.37142858,0.37142858,0.40000004,9.171429,3.5857143,0.0011736751,0.0008917302,0.00054468994,0.00021042302,0.0058113895,True
2021-01-04,259.11285714285714,2.8,1.2,2.5,-0.2857143,86.22857,0.23333333,0.2,0.21428572,9.133333,1.1666666,4.1626394e-05,0.0009436533,0.0075921104,0.0019962806,0.010842081,True
2021-01-11,259.0757142857143,10.4,-0.44285718,0.85714287,-2.3285716,87.88572,0.14285716,0.14285716,0.25714287,9.314285,0.5,2.488494e-06,0.0010024607,0.018347451,0.0001440607,0.00767871,True
2021-01-18,259.0571428571429,26.400002,-0.5285714,0.85714287,-2.6571429,83.0,0.20000002,0.20000002,0.31428573,9.542857,0.3,0.00014944375,0.0010575503,0.029264536,0.0048141163,0.016528443,True
2021-01-25,259.2142857142857,31.6,2.9857144,5.8857145,0.22857139,80.64286,0.55714285,0.54285717,0.5,9.742857,1.8857143,0.0009125173,0.0014041439,0.0144846495,0.031859748,0.009452276,True
2021-02-01,259.26714285714286,37.199997,-0.4571429,2.3142858,-2.8714287,87.41429,0.21428573,0.21428573,0.3,10.2,0.5285714,0.00050245225,0.0014679804,0.016835388,0.00872807,0.019874644,True
2021-02-08,259.50714285714287,58.9,0.014285768,2.6285713,-2.8285713,88.457146,0.24285714,0.24285714,0.34285715,10.8,1.4428571,0.0017153695,0.0030406043,0.0134852445,0.019117309,0.03857403,True
2021-02-15,259.34714285714284,3.7,-9.6285715,-4.285714,-16.342857,79.22858,0.028571429,0.028571429,0.2857143,10.557143,-0.028571429,0.0,0.003231801,0.041233562,0.0,0.0065130256,True
2021-02-22,259.3728571428572,5.2000003,6.6857142,11.214286,2.1857142,72.01429,1.0857143,1.0142858,0.6571428,10.1285715,3.557143,0.0015408695,0.0041558295,0.018894048,0.04545915,0.0,True
2021-03-01,259.5185714285714,3.6,7.2571425,11.957144,3.2142856,77.3,1.0714287,0.9285714,0.8,9.642858,6.0142856,0.00015246868,0.005878255,0.00043381396,0.0024411064,4.980713e-06,True
2021-03-08,259.36,1.4,2.5,7.6285715,-2.4,75.82857,0.9428572,0.8,0.87142855,9.428572,3.7,9.5799565e-05,0.006889485,0.0008990594,0.0009580534,0.0026488006,True
2021-03-15,259.3385714285714,46.4,4.557143,7.714286,1.9285715,76.17143,1.3285714,1.2857143,1.1,9.785714,4.2285714,0.0005607456,0.0071389675,0.0016227392,0.0063870586,0.006990485,True
2021-03-22,259.40857142857146,2.3,2.0142858,5.6,-1.4285715,75.12858,0.95714283,0.90000004,1.1857144,9.857142,3.3857143,0.00014033169,0.007407047,0.0017283985,0.0029635467,0.0021224543,True
2021-03-29,259.2942857142857,9.799999,7.7000003,13.2,1.8571428,68.557144,1.8857143,1.6142857,1.6714286,9.357142,7.5857143,0.00013562292,0.0075642616,0.0002520141,0.0012555327,0.00027688593,True
2021-04-05,259.23,5.5,7.785714,13.985715,2.1571429,62.74286,2.1571429,1.7,2.0571427,8.557143,9.514286,5.8680773e-05,0.007431194,5.5585588e-05,5.2584335e-05,0.00077432767,True
2021-04-12,259.2128571428572,30.1,3.5714285,8.028571,-0.22857141,76.471436,1.4285715,1.3142859,1.4285715,8.728572,5.2714286,0.00043980777,0.007232517,0.0021331366,0.0054639503,0.0062260926,True
2021-04-19,259.25714285714287,3.1000001,4.7571425,8.8714285,0.7285715,76.14286,1.5,1.3285713,1.6285714,8.657143,6.8714285,0.00016626716,0.0070219785,0.0004278308,0.001721235,0.00076692924,True
2021-04-26,259.25857142857143,2.7,6.2714286,12.242858,-0.22857143,63.54286,2.6142857,2.042857,2.542857,8.0,10.385715,6.482005e-06,0.006783314,3.956613e-06,3.237836e-05,7.450581e-09,True
2021-05-03,259.1742857142857,3.6999998,8.1,12.771429,2.4285715,64.814285,2.4428573,1.9285715,2.3714287,7.3714285,10.842857,0.0002066642,0.0064611137,-7.345365000000001e-25,7.4505806e-08,0.0,True
2021-05-10,259.13714285714286,6.7,10.657143,15.642858,4.971429,62.785713,3.3714287,2.7428572,3.042857,7.1714287,11.485714,0.00019361079,0.0061256886,-7.345365000000001e-25,0.0,0.0,True
2021-05-17,259.1114285714286,16.5,11.642858,15.357142,8.057143,81.21429,2.1,1.9285715,2.2571428,7.5285716,13.928572,0.0005426705,0.005773209,-7.345365000000001e-25,0.0,0.0,True
2021-05-24,259.08714285714285,7.7,11.385715,16.085714,6.857143,70.7,2.9714284,2.5,3.0142858,7.542857,13.785714,0.0002758652,0.0054961964,-7.345365000000001e-25,0.0,0.0,True
2021-05-31,259.10571428571427,19.7,10.828572,15.457144,5.9857144,75.08572,2.8428571,2.2571428,2.9285715,7.357143,14.014286,0.00027814507,0.005248338,-7.345365000000001e-25,0.0,0.0,True
2021-06-07,259.07714285714286,8.400001,17.742857,23.185715,11.557143,74.85714,3.7142856,2.3428571,3.457143,6.7285714,21.342857,0.00038665533,0.004960522,-7.345365000000001e-25,7.450581e-09,0.0,True
2021-06-14,259.2028571428572,21.1,17.557142,23.2,10.614286,72.08572,4.142857,2.4857142,4.042857,6.5857143,22.314285,0.0006458163,0.0047022924,-7.345365000000001e-25,7.450581e-09,0.0,True
2021-06-21,259.11285714285714,13.7,22.528574,28.385715,14.514287,64.11428,5.4000006,2.4428573,5.0,5.7714286,26.042856,0.0023741052,0.0043986514,-7.345365000000001e-25,1.1175871e-08,0.0,True
2021-06-28,259.0657142857143,13.299999,17.6,22.328571,12.271429,73.67143,3.4285715,2.3714287,3.257143,6.071429,22.185715,7.959455e-05,0.0041012987,-7.345365000000001e-25,0.0,0.0,True
2021-07-05,259.0514285714286,26.2,16.928572,21.171429,12.642858,81.35714,2.8142855,2.3857143,2.7142856,6.8,20.585714,0.00033213943,0.0038648844,-7.345365000000001e-25,1.1175871e-08,0.0,True
2021-07-12,259.03714285714284,26.5,18.028572,22.84286,13.300001,79.957146,3.0428574,2.7,3.1000001,7.6285715,21.185715,0.0014644861,0.0036696792,-7.345365000000001e-25,1.1175871e-08,0.0,True
2021-07-19,259.0342857142857,17.8,18.728573,23.34286,13.728571,76.97143,3.2999997,2.7571428,3.7,7.9428573,22.485714,0.00062169135,0.0035231784,-7.345365000000001e-25,1.1175871e-08,0.0,True
2021-07-26,258.9871428571429,9.3,18.785715,24.0,12.685715,70.442856,3.3999999,2.442857,3.2714286,6.9428573,22.642857,8.5160136e-05,0.0033851415,-7.345365000000001e-25,7.450581e-09,0.0,True
2021-08-02,258.9642857142857,5.3,17.728573,22.614286,12.771429,68.14286,3.457143,2.3285713,3.6571429,6.385714,20.914286,4.4241548e-05,0.0032257512,-7.345365000000001e-25,1.1175871e-08,0.0,True
2021-08-09,258.91857142857145,14.700001,16.285715,21.300001,11.271429,76.92857,2.5714285,2.0285714,2.7285714,6.4714284,19.285715,0.00023284554,0.0030750334,-7.345365000000001e-25,1.1175871e-08,0.0,True
2021-08-16,258.92571428571426,10.8,18.4,25.014286,11.357142,69.88572,3.3999999,2.1714284,3.4142857,6.1714287,21.557142,8.204579e-05,0.0029191002,-7.345365000000001e-25,1.4901161e-08,0.0,True
2021-08-23,258.9414285714286,11.6,16.028572,20.5,11.67143,77.814285,1.9857143,1.4285713,2.1857142,6.1714287,17.9,0.00017246604,0.002766028,-7.345365000000001e-25,1.3038516e-08,0.0,True
2021-08-30,258.9585714285714,44.0,13.900001,17.885715,10.214286,83.971436,1.8000001,1.6285714,2.0142858,7.4,16.27143,0.00046369433,0.0026319772,-7.345365000000001e-25,9.313226e-09,0.0,True
2021-09-06,258.9971428571429,0.0,14.842857,21.157145,8.828572,80.74286,1.9857143,1.6857144,2.4142857,8.1,17.857143,1.04904175e-05,0.002526708,-7.345365000000001e-25,5.5879354e-09,0.0,True
2021-09-13,258.9642857142857,2.3,17.428572,23.442858,11.528572,77.21429,2.1714287,1.7428571,2.3285713,7.385714,20.257143,6.8977475e-05,0.0024103522,-7.345365000000001e-25,7.450581e-09,0.0,True
2021-09-20,258.9485714285714,9.9,14.371429,17.685715,10.928572,80.9,1.2714285,1.0285714,1.5571429,7.357143,16.3,0.00017540157,0.0023161992,-7.345365000000001e-25,1.1175871e-08,0.0,True
2021-09-27,258.91285714285715,4.2,15.114286,19.714285,9.928572,77.88572,1.442857,1.1571429,1.6714286,7.0857143,15.914286,0.0007875189,0.0022346824,-7.345365000000001e-25,7.450581e-09,0.0,True
2021-10-04,258.89428571428573,5.0,13.257143,17.800001,8.885715,71.5,1.3571428,1.1428572,1.5571429,7.1714287,14.3714285,0.000114806,0.0021624044,-7.345365000000001e-25,5.5879354e-09,0.0,True
2021-10-11,258.89142857142855,11.6,8.942858,14.385715,3.7714286,82.12858,0.8714285,0.7285714,1.0428572,7.3285713,10.8,0.0004798472,0.0021107942,-7.345365000000001e-25,1.8626451e-09,0.0,True
2021-10-18,258.9214285714286,16.9,8.357142,12.0,3.7857144,82.35714,0.71428573,0.6571428,0.7571429,7.642857,8.957143,0.00017061085,0.00207711,-7.345365000000001e-25,3.7252903e-09,0.0,True
2021-10-25,258.9142857142857,12.6,8.857142,13.342857,4.357143,78.01429,0.9285715,0.8142857,0.87142855,7.9714284,8.485714,0.0002585128,0.002054438,-7.345365000000001e-25,7.450581e-09,0.0,True
2021-11-01,258.9328571428572,1.6,10.67143,15.3,6.0,76.557144,0.75714284,0.64285713,0.6571428,7.8428574,9.4,3.9704144e-05,0.0020432323,-7.345365000000001e-25,1.8626451e-09,0.0,True
2021-11-08,258.9714285714286,32.9,7.042857,9.1285715,5.142857,84.84286,0.5,0.47142857,0.4857143,8.714286,6.9714284,0.0007001683,0.0020510405,-7.345365000000001e-25,0.0,0.0,True
2021-11-15,258.9857142857143,0.4,4.728572,8.114286,1.2571429,88.24286,0.3,0.3,0.27142859,8.814285,5.2714286,9.275973e-06,0.0021277145,-7.345365000000001e-25,0.0,0.0,True
2021-11-22,258.9657142857143,5.5,6.1142855,7.642857,3.8428571,85.52857,0.31428573,0.27142856,0.42857143,8.7,5.542857,3.3393502e-05,0.0022204518,-7.345365000000001e-25,1.8626451e-09,0.0,True
2021-11-29,258.9642857142857,8.9,2.3714287,4.114286,-0.50000006,84.957146,0.20000002,0.20000002,0.25714287,8.714286,2.2857144,2.7790666e-05,0.0022948235,0.000797056,0.00022696145,0.002858933,True
2021-12-06,259.0928571428572,35.5,2.0571427,4.2000003,-0.64285713,85.28571,0.34285715,0.34285715,0.31428573,9.328571,1.7428571,0.00035004318,0.0023616925,0.003482041,0.0067478437,0.009450324,True
2021-12-13,259.04285714285714,5.4,1.6714286,4.285714,-1.1142857,87.35714,0.17142858,0.15714286,0.18571429,9.314285,1.1714286,0.00017706305,0.0024717376,0.006309935,0.007221557,0.003920775,True
2021-12-20,259.05,1.9,5.1,6.857143,2.142857,86.87144,0.20000002,0.17142858,0.3,9.257143,3.857143,0.000107467175,0.0026076958,0.00050616835,0.002544554,7.785857e-07,True
2021-12-27,259.0542857142857,21.4,-2.5714285,1.7714288,-7.371429,85.37144,0.08571429,0.08571429,0.17142858,9.571428,-0.18571429,0.00021645427,0.0027786344,0.0019895975,0.0011722557,0.005777456,True
2022-01-03,259.1871428571429,42.1,9.142858,11.328572,6.557143,83.25714,0.39999998,0.39999998,0.44285712,10.075,4.075,0.00057502836,0.003029868,0.0009070635,0.0048673972,0.0,True
2022-01-10,259.30571428571426,31.300001,2.2428572,3.914286,0.14285713,85.057144,0.34285715,0.3285714,0.3,10.471429,1.9714285,0.00038669258,0.0036176518,0.0026713382,0.0026518162,0.0075488016,True
2022-01-17,259.2185714285714,8.8,2.3142858,4.6142855,-0.50000006,87.799995,0.25714287,0.24285714,0.34285715,10.014286,1.5714285,0.00021127611,0.004350446,0.0032315878,0.004413938,0.00044170767,True
2022-01-24,259.25857142857143,16.5,2.7571428,4.585715,0.3857143,87.71429,0.34285715,0.34285715,0.3857143,10.028571,1.9857143,0.00037757307,0.004914865,0.0031882979,0.0069484636,0.0075635538,True
2022-01-31,259.29714285714283,22.099998,2.8428574,4.714286,1.0428572,80.91429,0.5857143,0.5857143,0.6571428,10.028571,2.1142857,0.00026865304,0.005551286,0.0020171176,0.0039504897,0.0070108287,True
2022-02-07,259.47285714285715,50.399998,3.7857144,6.014286,0.9285714,81.07143,0.78571427,0.78571427,0.7,10.457143,2.857143,0.0010263398,0.0063960776,0.002412376,0.008049853,0.0040232055,True
2022-02-14,259.5385714285714,12.7,4.471429,7.4000006,0.67142856,76.8,0.8,0.7714285,0.62857145,10.328571,3.5428572,0.00021677464,0.0081823245,0.0008079835,0.00233135,0.0017644614,True
2022-02-21,259.60571428571427,74.7,5.957143,10.071428,2.7714286,74.114296,1.457143,1.457143,1.1999999,10.6,4.714286,0.0023568347,0.009945773,0.0005306403,0.002849862,0.0046660565,True
2022-02-28,259.57428571428574,10.5,3.257143,7.0142856,-0.47142854,75.42857,1.0428572,1.0142858,1.0,10.385715,3.4142857,0.00022447109,0.013044067,0.0008440983,0.0025312584,0.0006883107,True
2022-03-07,259.33142857142855,0.0,0.22857143,4.9857144,-4.0,70.314285,0.87142855,0.7285715,0.8142857,9.685715,2.4,7.070601e-06,0.01412347,0.00034664926,0.0003421139,0.00031991303,True
2022-03-14,259.2285714285714,5.7,3.8,10.814286,-3.357143,52.200005,1.8571428,1.5142857,1.4714286,9.1,4.2714286,6.466359e-05,0.01364138,0.00013610294,0.00032358244,0.0,True
2022-03-21,259.1642857142857,1.5,5.5,11.085715,-0.54285717,67.828575,1.6285714,1.2714285,1.5857142,8.842857,6.1857142,8.98093e-05,0.01275868,5.7390757e-06,2.482161e-05,0.0,True
2022-03-28,259.1242857142857,0.0,8.171429,16.257143,-0.4571429,61.77143,2.1857142,1.6,2.0142858,8.014286,9.385715,2.9206276e-06,0.011633471,5.1089696e-08,2.7380884e-07,0.0,True
2022-04-04,259.1014285714286,23.8,2.3857143,5.8857145,-1.5428573,72.9,1.1857144,0.95714283,1.3428571,7.8285713,5.0857143,9.6835196e-05,0.010517538,0.004665108,0.0029428601,0.014179107,True
2022-04-11,259.25142857142856,27.199999,6.285714,9.8,2.6142857,72.15714,1.8999999,1.7857143,1.7857143,8.742857,6.6285715,0.0008761212,0.009571798,0.001182085,0.010434773,0.00053335726,True
2022-04-18,259.2214285714286,5.7,9.17143,15.1,2.5142858,65.14286,2.7000003,2.1285715,2.3714287,8.185715,11.942857,4.643202e-05,0.008813895,1.6870952e-05,0.00012942404,1.5869737e-06,True
2022-04-25,259.15857142857146,6.9,8.142858,12.971429,2.9285715,73.61428,2.3428574,1.7285715,2.2571428,7.3714285,11.6,0.00011096895,0.008096449,-7.345365000000001e-25,1.5832484e-07,0.0,True
2022-05-02,259.10571428571427,0.1,9.914286,15.857142,3.8285713,70.6,2.6285717,1.6285714,2.7428572,7.1571426,13.842857,2.169609e-05,0.007395521,-7.345365000000001e-25,0.0,0.0,True
2022-05-09,259.0628571428571,7.9,12.114286,18.5,4.4,67.85714,3.2714286,1.6999999,3.0857143,6.571429,16.585714,0.0001360476,0.0066930577,-7.345365000000001e-25,0.0,0.0,True
2022-05-16,259.0228571428572,0.8,15.914286,21.728573,8.414286,61.3,4.3714285,1.6,3.857143,5.885714,19.185715,4.5359135e-05,0.0059761778,-7.345365000000001e-25,3.7252903e-09,0.0,True
2022-05-23,258.95714285714286,8.5,17.2,22.814285,11.057143,68.24286,3.9285715,2.0285716,3.7,5.757143,20.442858,0.00011213124,0.005311176,-7.345365000000001e-25,7.450581e-09,0.0,True
2022-05-30,258.9057142857143,7.1,12.400001,16.585714,7.114286,68.15714,3.1000001,1.6428572,2.9714284,5.542857,16.042856,6.80536e-05,0.004739903,-7.345365000000001e-25,0.0,0.0,True
2022-06-06,258.86285714285714,5.2,14.814286,21.328571,6.642857,67.25715,3.7571428,1.6428572,3.7714286,5.357143,18.842857,0.00011689216,0.0042400733,-7.345365000000001e-25,7.450581e-09,0.0,True
2022-06-13,258.83714285714285,3.1999998,17.085714,22.757143,10.814286,64.72857,3.9714284,1.1428572,3.8714287,5.0285716,20.742857,0.00013695657,0.003778182,-7.345365000000001e-25,3.7252903e-09,0.0,True
2022-06-20,258.7842857142857,25.6,18.585714,25.885715,9.485715,58.34286,5.114286,0.88571423,4.6142855,4.785714,22.72857,0.0001578927,0.0033360124,-7.345365000000001e-25,7.450581e-09,0.0,True
2022-06-27,258.7942857142857,13.5,19.914288,26.571428,11.942857,62.92857,5.071429,1.4714285,4.6142855,4.7,24.4,4.1604042e-05,0.0029287487,-7.345365000000001e-25,1.4901161e-08,0.0,True
2022-07-04,258.65857142857146,9.6,19.228573,25.442858,11.8,62.328575,4.7428565,1.442857,4.3285713,4.5285716,23.6,0.00010738522,0.002598755,-7.345365000000001e-25,7.450581e-09,0.0,True
2022-07-11,258.67,11.900001,15.528572,20.457144,11.1285715,70.4,3.3714287,1.4857143,3.3857143,4.571429,19.514286,7.82907e-05,0.0023293197,-7.345365000000001e-25,7.450581e-09,0.0,True
2022-07-18,258.63428571428574,0.0,18.242857,25.514286,9.685715,56.17143,4.6428566,1.0857142,4.3142858,4.214286,21.87143,1.8432736e-05,0.0021078885,-7.345365000000001e-25,3.7252903e-09,0.0,True
2022-07-25,258.5185714285714,30.9,22.84286,30.114286,14.3,54.92857,5.514286,1.2142857,4.8428574,4.0285716,24.87143,4.220009e-05,0.0018719658,-7.345365000000001e-25,1.1175871e-08,0.0,True
2022-08-01,258.4528571428572,19.199999,18.085714,24.0,11.785714,66.28571,3.657143,1.3285714,3.4714284,4.0857143,21.985714,0.00015003979,0.0016737133,-7.345365000000001e-25,1.1175871e-08,0.0,True
2022-08-08,258.3828571428571,4.0,19.985716,27.542858,11.142858,57.100002,4.6857142,1.4571428,4.3714285,3.942857,23.5,2.9101968e-05,0.0015134737,-7.345365000000001e-25,7.450581e-09,0.0,True
2022-08-15,258.2657142857143,9.8,20.857143,28.728573,11.985715,54.37143,4.685714,0.6999999,4.5,3.7,23.62857,1.5184283e-05,0.0013583973,-7.345365000000001e-25,1.3038516e-08,0.0,True
2022-08-22,258.15714285714284,6.9,20.085714,26.328571,13.67143,66.17143,3.1857145,1.1428572,3.2714286,3.942857,23.028572,7.742643e-05,0.0012278333,-7.345365000000001e-25,5.5879354e-09,0.0,True
2022-08-29,258.0542857142857,1.0,19.414288,25.67143,12.557143,67.814285,3.1142857,1.1,3.2285714,4.071429,22.585714,0.00013825297,0.001125373,-7.345365000000001e-25,5.5879354e-09,0.0,True
2022-09-05,257.90857142857146,0.0,16.914286,23.614286,9.142858,61.8,2.9714286,0.9285715,3.1571429,4.0142856,20.028572,1.1727214e-05,0.0010437071,-7.345365000000001e-25,1.1175871e-08,0.0,True
2022-09-12,257.83857142857147,9.6,16.571428,22.0,11.814286,76.4,2.0571427,1.2571429,2.1285713,4.571429,18.928572,0.0027055591,0.00097141415,-7.345365000000001e-25,5.5879354e-09,0.0,True
2022-09-19,257.78285714285715,41.8,12.314286,16.285715,9.1,79.328575,1.5285715,1.3857144,1.5714285,5.9142857,14.228572,0.0002670139,0.0009197518,-7.345365000000001e-25,7.450581e-09,0.0,True
2022-09-26,257.82428571428574,4.2,10.514285,15.800001,5.1142855,76.957146,1.2714287,1.1285714,1.3857143,6.6285715,12.857142,5.3808093e-05,0.00087789446,-7.345365000000001e-25,1.8626451e-09,0.0,True
2022-10-03,258.22,37.7,9.5,13.757143,5.5428576,81.25714,1.0571429,1.0142857,1.1,7.3428574,10.742857,0.00027261674,0.0008435771,-7.345365000000001e-25,7.450581e-09,0.0,True
2022-10-10,258.79,0.9,11.300001,17.014286,4.585714,74.200005,1.2285713,1.0285715,1.2142857,7.242857,12.328571,3.0398369e-06,0.00081502646,-7.345365000000001e-25,9.313226e-09,0.0,True
2022-10-17,258.7285714285714,12.2,12.6285715,17.328571,8.028571,80.54286,1.0142857,0.8000001,0.9714286,6.928571,13.342857,4.8957765e-05,0.00078985095,-7.345365000000001e-25,3.7252903e-09,0.0,True
2022-10-24,258.87857142857143,24.4,12.457144,16.328571,7.5285716,82.65715,0.82857144,0.78571427,0.7285715,7.5571427,12.885715,0.0013341308,0.000770092,-7.345365000000001e-25,7.450581e-09,0.0,True
2022-10-31,258.96,1.6,14.857142,19.657145,9.542857,76.14286,0.95714283,0.78571427,0.6857143,7.4142857,14.214286,1.6495585e-05,0.0007548481,-7.345365000000001e-25,7.450581e-09,0.0,True
2022-11-07,258.9371428571429,2.1,9.6,13.2,5.1857142,76.12858,0.71428573,0.5857143,0.64285713,7.1,9.857142,1.43274665e-05,0.00074290484,-7.345365000000001e-25,3.7252903e-09,0.0,True
2022-11-14,258.8757142857143,1.1,8.385715,13.471429,4.157143,76.1,0.6571428,0.5428572,0.51428574,6.957143,8.728572,9.387732e-06,0.0007327795,-7.345365000000001e-25,3.7252903e-09,0.0,True
2022-11-21,258.93,27.199999,2.3285716,5.6285715,-0.9285714,86.78571,0.2857143,0.27142859,0.21428572,7.7,3.942857,0.00019709766,0.00072444975,0.0017245384,2.7591363e-05,0.0072615854,True
2022-11-28,258.97571428571433,4.7,4.928571,7.7714286,1.4714286,82.88572,0.27142859,0.27142859,0.15714286,7.9714284,3.4857142,0.00014122576,0.000718914,0.003012169,0.0072165057,4.117191e-05,True
2022-12-05,258.97571428571433,12.9,1.1,2.1285715,-1.0643687e-08,93.6,0.08571429,0.08571429,0.25714287,8.142858,1.9428571,4.850328e-05,0.00071546435,0.004863654,0.0013626106,0.013316374,True
2022-12-12,258.99857142857144,11.5,-0.95714283,0.74285716,-3.2,88.200005,0.10000001,0.10000001,0.2,8.557143,0.6571429,9.7334385e-05,0.0007143095,0.014389333,0.0042979307,0.008673653,True
2022-12-19,258.9414285714286,5.8,-4.9857144,0.3142857,-9.8714285,80.64286,0.057142857,0.057142857,0.10000001,8.514286,-1.9714285,0.000114902854,0.00071587414,0.016211174,0.00435574,0.00014404207,True
2022-12-26,259.19571428571425,75.5,7.714286,10.2,4.142857,86.35714,0.3857143,0.3857143,0.29999998,9.457143,3.4571428,0.001368463,0.0007253438,0.0018673454,0.013159096,0.0,True
