,GWL,HYRAS_pr,HYRAS_tas,HYRAS_tasmax,HYRAS_tasmin,HYRAS_hurs,DWD_evapo_p,DWD_evapo_r,DWD_evapo_fao,DWD_soil_moist,DWD_soil_temp5cm,ERA5_sro,ERA5_ssro,ERA5_sdwe,ERA5_sm,ERA5_sf,GWL_flag
1991-01-07,108.33,16.7,7.1285715,9.428572,4.7000003,80.9,0.95714283,0.95714283,0.88571423,10.8,5.5285716,0.000550583,0.0010151938,2.0379111e-06,1.5992671e-05,1.8179417e-06,True
1991-01-14,108.43,19.3,7.1142855,9.542857,4.3142858,71.557144,0.9000001,0.88571435,1.1428572,10.514286,5.1,0.00036908686,0.0014077798,4.8762276e-06,4.0233135e-07,3.873557e-05,True
1991-01-21,108.53,4.7,-0.5142857,2.0714285,-3.1285717,76.35714,0.25714287,0.25714287,0.54285717,10.171429,-1.1895247e-17,8.830428e-05,0.0018539727,0.0008463065,0.0006056577,0.0040556826,True
1991-01-28,108.59,0.1,0.5714286,2.642857,-1.1428572,76.21429,0.24285714,0.24285714,0.59999996,10.2,0.071428575,4.0099025e-05,0.0021934807,0.0024992172,0.0015993938,7.522851e-05,True
1991-02-04,108.59,0.0,-3.3428574,0.65714294,-7.214286,69.65714,0.071428575,0.071428575,0.4857143,10.085714,-1.3571428,5.811453e-06,0.00243707,0.0016455309,0.00029211678,4.13917e-05,True
1991-02-11,108.59,10.400001,-4.8,-1.4857143,-8.528571,74.057144,0.028571429,0.028571429,0.55714285,10.157143,-2.2714286,5.312264e-06,0.0026027784,0.005261245,0.00013904087,0.0129713155,True
1991-02-18,108.59,8.400001,-1.4142858,1.8857144,-4.9857144,79.35714,0.21428572,0.21428572,0.61428577,10.3,-0.014285714,9.124726e-05,0.0027043,0.018962974,0.003947668,0.012252498,True
1991-02-25,108.6,0.9,3.7857144,10.942857,-1.1285714,77.85714,0.7142858,0.67142856,0.88571423,10.057143,0.6571429,0.00042925775,0.0027733073,0.006980334,0.019997973,0.0,True
1991-03-04,108.62,5.7999997,5.142857,9.857142,1.2428572,80.814285,0.62857145,0.5857143,0.9428572,9.914286,3.6,0.00011790544,0.0028965771,0.00017975058,0.00071853027,0.0,True
1991-03-11,108.55,2.8999999,9.742857,14.300001,5.785714,77.057144,0.87142855,0.8285714,1.2428571,9.842857,8.657143,0.00016222894,0.00302016,1.5497208e-06,1.0667369e-05,0.0,True
1991-03-18,108.51,0.0,9.885715,17.257143,3.3142858,72.38572,1.2571429,1.0428572,1.6714286,9.571428,10.014286,4.425645e-06,0.0031006709,-7.345365000000001e-25,0.0,0.0,True
1991-03-25,108.52,15.1,10.342857,13.385715,7.7000003,79.72858,1.0857143,1.0714285,1.4571428,10.142858,10.228572,0.00034831464,0.003139317,-7.345365000000001e-25,9.313226e-09,0.0,True
1991-04-01,108.47,0.2,5.571429,11.271429,6.386212e-09,62.785713,1.6142856,1.3571428,1.9857142,9.771428,7.6857142,2.0816922e-05,0.0031882972,-7.345365000000001e-25,2.0302832e-07,2.30968e-07,True
1991-04-08,108.43,2.4,10.142858,15.657143,5.4857144,67.28571,1.8714286,1.5571429,2.3,9.085714,11.514286,4.555285e-05,0.0031840205,-7.345365000000001e-25,2.2351742e-08,0.0,True
1991-04-15,108.42,0.0,12.428572,19.7,4.8714285,56.057148,2.6999996,2.0285714,3.2571428,8.3714285,13.757143,8.821487e-06,0.003124103,-7.345365000000001e-25,0.0,0.0,True
1991-04-22,108.4,9.5,4.7714286,10.428572,-0.27142856,63.957146,1.9714285,1.5285714,2.2714286,7.6857142,10.1285715,7.852912e-05,0.003027372,0.00013682389,0.0005056001,0.0005895421,True
1991-04-29,108.38,3.8,8.528571,14.242857,2.7428572,65.78571,2.2142856,1.6142857,2.542857,7.5,11.828571,8.1539154e-05,0.0029325262,1.3050579e-05,7.2766095e-05,3.5017729e-06,True
1991-05-06,108.37,6.7,7.714286,12.271429,3.457143,78.814285,1.4571428,1.2285715,1.9428571,7.8,11.057143,0.00016650558,0.002827689,-7.345365000000001e-25,7.0780516e-08,2.6077032e-08,True
1991-05-13,108.36,2.6000001,11.7,17.2,5.085715,65.685715,2.3857143,1.7857143,2.8857143,7.5,14.342857,3.771484e-05,0.0027019307,-7.345365000000001e-25,0.0,0.0,True
1991-05-20,108.34,11.9,11.028572,15.828572,5.7285714,64.37143,2.0714285,1.6999999,2.8285713,7.5,13.885715,0.00018817186,0.002575688,-7.345365000000001e-25,0.0,0.0,True
1991-05-27,108.34,0.5,13.800001,19.328571,7.471429,58.414284,2.957143,1.8428571,3.642857,6.5285716,17.571428,2.7604401e-05,0.0024343878,-7.345365000000001e-25,0.0,0.0,True
1991-06-03,108.32,0.1,16.385715,22.800001,8.042857,49.87143,3.9857142,1.6142857,4.857143,5.7285714,20.257143,8.940697e-08,0.0022728518,-7.345365000000001e-25,0.0,0.0,True
1991-06-10,108.37,10.0,14.1,18.585714,9.5,68.685715,2.3857143,1.5142858,2.8857143,5.742857,17.171429,0.00011193752,0.002109103,-7.345365000000001e-25,3.7252903e-09,0.0,True
1991-06-17,108.34,12.4,16.357143,21.02857,11.942857,65.4,3.0714285,2.0571427,3.7428572,5.6285715,19.1,8.0809e-05,0.0019727796,-7.345365000000001e-25,7.450581e-09,0.0,True
1991-06-24,108.34,24.4,16.614286,21.157145,11.157144,73.25714,2.9428573,2.557143,3.4142857,6.571429,19.314285,0.00014101714,0.0018507764,-7.345365000000001e-25,3.7252903e-09,0.0,True
1991-07-01,108.39,9.2,17.442858,22.728573,12.2,69.71429,3.357143,2.6714287,4.042857,6.114286,20.528572,0.0001784563,0.0017265156,-7.345365000000001e-25,7.450581e-09,0.0,True
1991-07-08,108.31,0.1,24.757143,30.685715,17.342857,55.757145,5.1714287,2.6857145,6.142857,5.4,26.985714,8.940697e-07,0.0015837997,-7.345365000000001e-25,7.450581e-09,0.0,True
1991-07-15,108.3,18.4,23.228573,29.314287,17.228573,63.57143,4.114286,1.7571429,5.1857142,5.1571426,26.485714,7.0631504e-05,0.0014310256,-7.345365000000001e-25,1.4901161e-08,0.0,True
1991-07-22,108.28,4.5,19.228573,24.9,13.785714,62.471428,3.4428573,1.9857143,4.2,5.0142856,23.528572,2.5741756e-05,0.0013112128,-7.345365000000001e-25,7.450581e-09,0.0,True
1991-07-29,108.25,15.8,19.600002,25.4,13.714286,65.328575,3.3285713,2.1285713,4.1857142,5.142857,22.314285,7.042289e-05,0.0012065023,-7.345365000000001e-25,1.1175871e-08,0.0,True
1991-08-05,108.23,18.800001,21.300001,26.914288,15.571428,69.314285,3.0,2.0285714,3.6285717,5.457143,23.6,8.084625e-05,0.0011118725,-7.345365000000001e-25,7.450581e-09,0.0,True
1991-08-12,108.21,4.7,23.242859,30.057144,16.457144,63.81429,3.6428568,1.5857143,4.5285716,4.857143,26.014286,1.08629465e-05,0.0010186061,-7.345365000000001e-25,1.1175871e-08,0.0,True
1991-08-19,108.18,0.0,20.128572,27.057144,13.728571,58.957146,3.5142858,0.55714285,4.4,4.4714284,24.285715,6.6161156e-06,0.0009279698,-7.345365000000001e-25,7.450581e-09,0.0,True
1991-08-26,108.16,0.5,20.942858,28.328571,13.357142,57.62857,3.0000002,0.6999999,4.1,4.1857142,23.414286,1.180172e-05,0.00084828585,-7.345365000000001e-25,3.7252903e-09,0.0,True
1991-09-02,108.13,0.0,19.457144,26.97143,11.5,53.11429,3.2285714,0.4714286,4.3285713,4.042857,22.37143,8.940697e-08,0.00077691674,-7.345365000000001e-25,1.8626451e-09,0.0,True
1991-09-09,108.11,0.0,17.214285,25.428572,9.257143,59.37143,2.4714284,0.25714287,3.2,3.8428571,21.12857,1.2367964e-06,0.000713788,-7.345365000000001e-25,3.7252903e-09,0.0,True
1991-09-16,108.09,34.3,17.97143,24.5,11.514285,70.942856,1.8142859,0.75714284,2.6000001,4.357143,19.428572,6.625056e-05,0.0006674379,-7.345365000000001e-25,7.450581e-09,0.0,True
1991-09-23,108.07,15.0,16.800001,23.614286,11.8714285,71.8,1.8571427,1.042857,2.4857142,4.3428574,19.014286,3.6247075e-05,0.0006269291,-7.345365000000001e-25,9.313226e-09,0.0,True
1991-09-30,108.07,30.800001,15.057143,19.47143,11.828572,79.88572,1.2142857,1.0571429,1.6857144,5.642857,16.085714,0.00013270974,0.00059423596,-7.345365000000001e-25,5.5879354e-09,0.0,True
1991-10-07,108.06,11.400001,12.871429,18.300001,8.442858,78.5,0.9857143,0.84285724,1.5142858,5.9857144,14.042857,0.00013012439,0.00056850165,-7.345365000000001e-25,7.450581e-09,0.0,True
1991-10-14,108.05,2.2,12.757143,17.1,9.442858,84.8,0.61428577,0.5,1.1142857,6.5857143,13.771428,6.297231e-05,0.0005452782,-7.345365000000001e-25,3.7252903e-09,0.0,True
1991-10-21,108.05,12.0,9.400001,13.842857,6.585714,77.44286,0.9714286,0.9142857,1.2428571,6.8428574,10.7,0.00011114776,0.0005252883,2.4977186e-07,8.8103116e-07,1.527369e-06,True
1991-10-28,108.04,1.2,5.728572,9.757143,2.5,78.90001,0.4714286,0.3857143,0.7714286,6.9,6.7,5.751848e-06,0.00050866604,9.082613e-08,6.7427754e-07,0.0,True
1991-11-04,108.04,21.9,6.585715,11.371429,2.3285713,80.22858,0.75714284,0.7,0.8428572,6.8285713,6.5,0.00011469424,0.00049319863,1.8732888e-07,1.123175e-06,1.0915101e-06,True
1991-11-11,108.01,12.9,6.6857142,9.1285715,3.7000003,78.35714,0.7428571,0.7428571,1.0428572,7.757143,6.357143,0.00020261854,0.00048013031,-7.345365000000001e-25,2.4028122e-07,3.6135316e-07,True
1991-11-18,108.01,41.2,5.857143,8.642858,3.5,87.85714,0.44285718,0.42857143,0.5714286,9.528571,5.428571,0.0006666109,0.0004703477,3.0086153e-07,1.4081597e-06,2.1643937e-06,True
1991-11-25,108.02,5.5,3.2285714,5.9714284,1.2428571,84.185715,0.2857143,0.2857143,0.42857143,10.014286,3.7,0.00016206503,0.00046551228,1.1353266e-07,1.1343509e-06,5.2526593e-07,True
1991-12-02,108.01,0.0,1.2857143,3.357143,-0.8714286,87.957146,0.10000001,0.071428575,0.29999998,9.971429,1.1857142,5.736947e-07,0.00046291947,1.0785602e-06,1.385808e-06,2.361834e-06,True
1991-12-09,108.0,0.1,0.4857143,2.5,-1.2857143,80.3,0.14285715,0.12857144,0.40000004,9.8714285,0.32857144,1.9654632e-05,0.00046171993,0.00030981927,0.00012932345,0.0006161593,True
1991-12-16,108.01,4.5,-5.6285715,-2.0714288,-9.1285715,80.07143,0.0,0.0,0.17142858,9.8,-2.7714286,1.0743737e-05,0.00046126917,0.00041530246,0.000116761774,0.0,True
1991-12-23,108.04,45.7,7.0142856,9.714286,3.6714287,85.92857,0.8000001,0.8000001,0.7428571,11.114285,2.1571429,0.0012810826,0.00046241283,0.00027948333,0.0026128646,0.0021235682,True
1991-12-30,108.05,1.5,2.3,4.928571,0.12857151,84.25715,0.3142857,0.3142857,0.37142858,10.442857,1.5857143,0.00013250858,0.00048340857,9.148462e-05,0.00019847043,0.0002831146,True
1992-01-06,108.05,0.4,3.557143,5.728572,1.0285715,81.08572,0.1,0.1,0.5714286,10.2,0.2,3.7148595e-05,0.0005236864,6.784712e-05,0.000117642805,2.3748726e-05,True
1992-01-13,108.06,24.099998,4.214286,6.6857142,2.2571428,86.14286,0.3285714,0.3285714,0.4,10.414286,2.7,0.0005007386,0.00056836754,1.2147995e-06,4.0233135e-06,9.227544e-06,True
1992-01-20,108.08,10.6,2.857143,4.6,1.1428572,80.22858,0.35714287,0.35714287,0.5142857,10.285714,1.9,0.0001514405,0.00064433366,0.00041580768,0.0006284155,0.003107939,True
1992-01-27,108.05,0.0,-2.2714286,0.014285735,-4.7000003,77.08571,0.028571429,0.028571429,0.4857143,10.314285,-0.67142856,1.0229647e-05,0.0007303655,0.0021557354,0.0004791133,0.00055989623,True
1992-02-03,108.02,1.5,-0.4857143,1.9285715,-2.7857144,86.57143,0.14285715,0.14285715,0.47142857,10.2,-0.7,4.0389597e-05,0.0008149147,0.0014047112,0.0015644655,0.00013795123,True
1992-02-10,108.11,26.9,3.2857144,6.7428575,0.1571428,87.44286,0.42857143,0.42857143,0.5142857,10.542857,0.6857143,0.00035396218,0.00089836866,0.00029070606,0.0011369232,0.00032114983,True
1992-02-17,108.12,10.2,5.6714287,8.271429,3.4428575,78.87142,0.7285714,0.7285714,1.0142857,10.442857,4.0571427,0.00035466254,0.0010109469,0.0002806868,9.618886e-05,0.003033325,True
1992-02-24,108.11,0.0,2.1857145,5.9714284,-1.2571429,73.314285,0.47142857,0.45714286,0.85714287,10.142858,1.4285715,6.184727e-05,0.001160048,0.0022046622,0.0027511735,0.0005285479,True
1992-03-02,108.1,2.7,6.2000003,13.571428,0.78571427,73.5,0.8142857,0.71428573,1.0857143,9.8714285,5.4428573,5.5104494e-05,0.0012977868,0.00012909799,0.00053846464,0.0,True
1992-03-09,108.09,0.1,7.9,13.985715,2.614286,69.28571,1.1285714,0.95714283,1.4857142,9.514286,7.3285713,1.7434359e-05,0.0014001504,8.1175847e-07,4.876405e-06,0.0,True
1992-03-16,108.18,36.600002,6.871429,10.557143,3.7428572,70.47143,1.5428572,1.4714286,1.5857143,9.728572,7.1,0.0010319129,0.0014708415,7.493155e-07,1.5515834e-06,6.86571e-06,True
1992-03-23,108.23,12.0,8.328571,12.928572,4.057143,75.01429,1.1571428,1.1142856,1.5285714,10.214286,8.057143,0.00049974024,0.0015818551,1.6121637e-06,8.4117055e-06,4.0084124e-06,True
1992-03-30,108.26,32.7,5.042857,8.571428,1.7,76.37144,1.1999999,1.1999999,1.3857143,10.785714,6.6,0.00062949955,0.0020057485,0.0008828413,0.0027194936,0.0030075088,True
1992-04-06,108.35,2.7,7.7714286,12.614286,3.3285713,66.24286,1.4857143,1.4142857,2.0714285,10.214286,8.928572,0.00021505356,0.0024220347,4.5413064e-05,0.00029409118,5.066395e-07,True
1992-04-13,108.37,0.4,10.157144,16.800001,3.5428574,51.414284,2.6714284,2.2285714,3.3,9.485714,11.914286,9.223819e-06,0.0027388185,5.676633e-08,9.611249e-07,0.0,True
1992-04-20,108.3696175604848,14.4,8.514286,12.7,4.871429,68.98572,2.0,1.7714285,2.3714287,8.742857,10.385715,0.00023181736,0.0028383657,6.3010623e-07,3.7457794e-06,3.773719e-06,True
1992-04-27,108.385,12.7,14.014287,20.414288,7.1857147,65.54286,2.6285717,2.0857143,3.2285714,8.214286,14.8714285,0.000110939145,0.0028362274,-7.345365000000001e-25,2.7939677e-08,0.0,True
1992-05-04,108.42,20.6,10.614286,15.942858,6.042857,72.22858,1.8857143,1.6714287,2.4142857,8.142858,13.142858,0.00027190894,0.0027955621,-7.345365000000001e-25,0.0,0.0,True
1992-05-11,108.44,6.6,13.842857,19.285715,8.2,63.557148,2.8142858,2.2857141,3.3428571,7.642857,15.985714,7.350743e-05,0.0027298927,-7.345365000000001e-25,3.7252903e-09,0.0,True
1992-05-18,108.42,0.0,18.485716,25.414288,9.385715,52.971428,4.042857,2.7428572,5.071429,6.928571,20.542856,1.3411045e-07,0.0026226565,-7.345365000000001e-25,7.450581e-09,0.0,True
1992-05-25,108.39,7.5,18.628572,25.27143,10.614286,52.200005,4.285714,1.9142857,5.1571426,5.9,21.671429,3.774464e-05,0.0024575442,-7.345365000000001e-25,7.450581e-09,0.0,True
1992-06-01,108.48,21.2,18.928572,25.328571,13.314286,59.885715,3.757143,1.3428571,4.3142858,5.7,22.22857,2.3052096e-05,0.0022841096,-7.345365000000001e-25,7.450581e-09,0.0,True
1992-06-08,108.54206540370409,55.7,16.385714,20.800001,13.0,78.77143,2.2285714,2.0142856,2.957143,7.5857143,19.9,0.00074495375,0.00214234,-7.345365000000001e-25,3.7252903e-09,0.0,True
1992-06-15,108.65,2.3,17.87143,23.242857,11.942858,69.4,2.9285715,2.4428573,3.5857143,8.257143,21.028572,5.3182244e-05,0.0020310879,-7.345365000000001e-25,1.1175871e-08,0.0,True
1992-06-22,108.52,1.1,17.800001,22.742859,12.300001,63.642857,3.4285715,2.7428572,4.142857,7.614286,21.62857,0.00014090538,0.0019019321,-7.345365000000001e-25,3.7252903e-09,0.0,True
1992-06-29,108.49,5.1,19.4,25.357143,13.2,66.98572,3.2857144,2.6857142,4.1142855,8.185715,22.6,0.00023593009,0.0017895773,-7.345365000000001e-25,7.450581e-09,0.0,True
1992-07-06,108.44,24.2,19.157145,23.800001,15.057143,74.828575,2.8,2.3428571,3.542857,7.757143,23.071428,0.00019544363,0.0016637743,-7.345365000000001e-25,1.1175871e-08,0.0,True
1992-07-13,108.42,17.3,18.442858,23.257143,14.0,74.72858,2.7142856,2.4999998,3.4142857,8.642858,21.014286,0.00012384355,0.0015772283,-7.345365000000001e-25,1.1175871e-08,0.0,True
1992-07-20,108.37,0.6,21.7,27.228573,16.042858,65.200005,3.3,2.5714285,4.2285714,8.342857,24.27143,1.5296042e-05,0.0014855042,-7.345365000000001e-25,1.1175871e-08,0.0,True
1992-07-27,108.39,36.399998,22.042858,29.014286,15.614286,60.485718,3.9714284,3.0714285,5.1,7.6857142,25.814285,5.247444e-05,0.0013771877,-7.345365000000001e-25,7.450581e-09,0.0,True
1992-08-03,108.31,7.4,23.514286,30.600002,16.671429,58.600002,3.9857142,2.4714286,5.1142855,6.5571427,26.2,2.515316e-05,0.0012643039,-7.345365000000001e-25,7.450581e-09,0.0,True
1992-08-10,108.29,2.7,23.542858,31.34286,16.214285,56.37143,3.8142858,1.4571428,4.8142858,5.8428574,26.928572,4.506111e-05,0.001156196,-7.345365000000001e-25,1.1175871e-08,0.0,True
1992-08-17,108.25,15.400001,18.157145,23.442858,12.771429,69.50001,2.6857142,1.5571429,3.3,5.7285714,21.457144,5.1662326e-05,0.0010746717,-7.345365000000001e-25,1.1175871e-08,0.0,True
1992-08-24,108.21,7.7,21.828571,28.2,15.971429,71.14286,2.7714286,1.7999998,3.5285716,5.757143,24.12857,5.0872564e-05,0.0010022447,-7.345365000000001e-25,7.450581e-09,0.0,True
1992-08-31,108.19,32.8,20.985716,28.1,15.742858,69.3,2.8428574,1.9857143,3.7142856,5.8428574,22.87143,0.00027430058,0.0009374693,-7.345365000000001e-25,9.313226e-09,0.0,True
1992-09-07,108.17,17.6,13.485715,19.414288,9.042857,72.3,2.0714285,1.9285716,2.5714285,7.2,15.885715,8.802116e-05,0.000887081,-7.345365000000001e-25,7.450581e-09,0.0,True
1992-09-14,108.15,3.7,15.657144,21.528574,11.0,70.64286,1.7285715,1.4428571,2.457143,7.1285715,18.142857,5.3443015e-05,0.0008408651,-7.345365000000001e-25,3.7252903e-09,0.0,True
1992-09-21,108.14,4.8,16.528572,22.77143,11.328572,78.11428,1.5571429,1.2142857,2.2285714,6.8714285,18.62857,5.3338706e-05,0.000801675,-7.345365000000001e-25,9.313226e-09,0.0,True
1992-09-28,108.1,5.6,16.042858,23.34286,10.528572,72.571434,1.3142856,1.0142857,2.1142857,6.7285714,17.471428,4.068762e-05,0.00076411664,-7.345365000000001e-25,7.450581e-09,0.0,True
1992-10-05,108.07,3.7,14.17143,18.07143,11.385715,79.91429,0.8714286,0.7571429,1.4857142,7.0,15.271428,5.6132674e-05,0.0007327646,-7.345365000000001e-25,9.313226e-09,0.0,True
1992-10-12,108.05,1.0999999,10.6285715,14.228572,8.042857,77.22858,0.6857143,0.55714285,1.1,7.4,12.271428,4.2036176e-05,0.00070795417,-7.345365000000001e-25,3.7252903e-09,0.0,True
1992-10-19,108.03,5.5,5.2571425,10.871429,0.88571435,76.200005,0.68571424,0.5714286,1.0714285,7.4714284,7.3285713,2.9876828e-05,0.0006849021,6.925492e-07,2.1960586e-06,3.1888485e-06,True
1992-10-26,108.07,74.3,6.857143,10.728571,3.8,83.34286,0.8714286,0.84285706,0.8428572,8.528571,7.2,0.00048413873,0.0006647259,1.9300552e-07,1.4565885e-06,3.9488077e-07,True
1992-11-02,108.1,19.2,5.357143,8.457143,2.614286,85.87142,0.47142857,0.47142857,0.6571428,10.5,5.8285713,0.00022023916,0.0006500706,-7.345365000000001e-25,1.5459955e-07,2.4214387e-07,True
1992-11-09,108.09,4.8,8.3,11.657144,5.1714287,85.17143,0.38571432,0.3571429,0.5857143,10.2,7.4714284,7.3194504e-05,0.0006406307,-7.345365000000001e-25,1.0430813e-07,0.0,True
1992-11-16,108.18,55.800003,6.557143,9.428572,3.8857143,83.01429,0.6999999,0.6999999,0.6857143,10.9,6.0857143,0.0020362437,0.00064715,5.222502e-07,2.2985041e-06,2.4177134e-06,True
1992-11-23,108.25,24.6,7.2999997,10.257143,3.8,79.48572,0.74285716,0.74285716,0.85714287,10.885715,6.1571426,0.0004938096,0.0006438345,5.449568e-07,3.5874546e-06,3.2819808e-06,True
1992-11-30,108.42,20.7,8.5,12.314286,5.2000003,84.08572,0.5428571,0.5428571,0.6714286,10.642858,7.3,0.0011273175,0.00088460743,-7.345365000000001e-25,9.313226e-09,0.0,True
1992-12-07,108.5,15.5,6.9,10.285714,3.5285716,79.72858,0.57142866,0.57142866,0.78571427,10.6285715,5.542857,0.0003414154,0.00085160136,2.2712207e-05,0.00010918826,0.00026394054,True
1992-12-14,108.49,7.2000003,3.7285714,5.3428574,2.2714286,80.27143,0.31428573,0.31428573,0.61428577,10.528571,2.9857142,0.00020800531,0.0010529757,6.487256e-05,0.00015618093,6.3702464e-06,True
1992-12-21,108.47,9.2,1.9142857,3.9714286,-0.30000004,91.88572,0.057142857,0.057142857,0.18571427,10.357142,1.2285714,0.00014299154,0.0012661666,7.004965e-06,1.1432916e-05,0.0,True
1992-12-28,108.44,0.3,0.9428572,3.1000001,-0.57142854,79.200005,0.071428575,0.071428575,0.45714286,10.4,1.5571429,9.778142e-05,0.0014651343,1.3283321e-06,1.4156103e-06,1.8030405e-06,True
1993-01-04,108.42,0.0,-5.642857,-1.4714286,-8.857142,68.88572,0.0,0.0,0.3285714,10.3,-2.9666667,4.4703484e-08,0.001652427,1.9073486e-06,7.8231096e-08,0.0,True
1993-01-11,108.43,30.8,6.471429,8.757143,1.9,80.35714,0.58571434,0.58571434,0.82857144,10.3,0.6142857,0.00034815818,0.0018034726,4.8819044e-07,1.7527491e-06,0.0,True
1993-01-18,108.57,3.9,7.3,12.742858,2.357143,77.87142,0.8000001,0.7571429,0.8428572,10.3714285,4.3428574,0.0003806427,0.0019807145,-7.345365000000001e-25,1.8626451e-09,0.0,True
1993-01-25,108.6,8.2,9.228571,11.285714,6.7000003,71.27143,1.1571429,1.1285714,1.5285714,10.028571,6.742857,0.0002513975,0.0021969378,7.549922e-07,5.9604645e-08,4.3153763e-05,True
1993-02-01,108.65,12.1,2.7428572,4.7428575,0.5714286,81.64286,0.41428572,0.41428572,0.67142856,10.142858,2.4857142,0.0002811551,0.002402626,0.00094308174,0.0029947944,0.003203459,True
1993-02-08,108.62,0.3,0.35714284,2.2571428,-1.6285715,88.47143,0.1,0.1,0.4857143,10.2,0.1,1.2934208e-05,0.0026842654,0.00022296111,0.00024709664,4.336238e-06,True
1993-02-15,108.59,0.0,0.7571429,2.2,-0.64285713,84.3,0.12857144,0.12857144,0.61428577,10.1285715,0.62857145,1.7210841e-06,0.0029109567,5.103293e-05,8.7328255e-05,2.6717782e-05,True
1993-02-22,108.57,10.9,2.7000003,5.214286,0.67142856,76.87144,0.7428571,0.7285715,1.0571429,10.185715,1.1285714,0.0003183484,0.003044054,0.0022513752,0.0053282212,0.0077485964,True
1993-03-01,108.56,1.6,-0.5857143,4.057143,-5.4428573,68.0,0.4,0.4,0.9142857,10.157143,-0.028571429,4.8212707e-05,0.0031549707,0.0030563332,0.0022177082,0.0035948344,True
1993-03-08,108.53,5.2000003,2.1571429,5.4857144,-0.32857147,69.47143,0.7571429,0.7,1.1285714,9.942857,0.6571429,0.000257276,0.0032537878,0.004343277,0.006742118,0.006207403,True
1993-03-15,108.51,0.0,7.057143,15.3,0.1285714,61.84286,1.2428571,1.0428572,1.5571429,9.571428,6.857143,4.3794513e-05,0.0033359006,0.0006450528,0.0021626428,0.0,True
1993-03-22,108.51,13.0,11.1285715,17.128572,5.571429,70.814285,1.5428572,1.2857143,1.8714286,9.057143,10.642858,0.00011745095,0.0033799484,1.6632534e-06,1.750514e-05,0.0,True
1993-03-29,108.49,0.0,3.9285715,9.228572,-0.21428572,59.27143,1.5428572,1.2714285,1.7571429,8.814285,7.4,5.8472157e-05,0.0033799633,4.3114025e-05,5.5780634e-05,0.00014632195,True
1993-04-05,108.51,11.9,7.785714,13.714286,2.1571429,70.12858,1.5,1.3,1.8571428,8.428572,9.014286,0.00022141635,0.0033417195,1.7909777e-05,8.188188e-05,0.0,True
1993-04-12,108.49450692790248,18.0,9.771429,14.1285715,5.714286,68.957146,1.6285714,1.4714286,2.1142857,8.414286,10.971429,0.00011789799,0.0032866225,-7.345365000000001e-25,1.9185245e-07,0.0,True
1993-04-19,108.475,5.7,10.928572,16.428572,5.4000006,71.12858,1.8571428,1.6857141,2.5142858,8.5,12.142858,5.7466328e-05,0.0032173619,-7.345365000000001e-25,5.5879354e-09,0.0,True
1993-04-26,108.45,0.2,16.342857,23.7,8.342857,55.31429,3.4714282,2.5571427,3.957143,7.7,18.185715,5.7667494e-06,0.0031072795,-7.345365000000001e-25,0.0,0.0,True
1993-05-03,108.44,0.8,17.228573,23.314287,11.385715,60.385715,3.542857,2.2,4.0857143,6.7285714,19.385714,7.146597e-05,0.0029423535,-7.345365000000001e-25,7.450581e-09,0.0,True
1993-05-10,108.43,24.3,14.485715,19.442858,9.514287,68.02857,2.742857,1.942857,3.0857143,6.6,16.9,0.00023728609,0.0028039515,-7.345365000000001e-25,3.7252903e-09,0.0,True
1993-05-17,108.41,4.2000003,15.6,21.385715,9.7,68.22857,2.7857144,1.9714285,3.3857143,6.6714287,19.257143,9.818375e-05,0.0026551336,-7.345365000000001e-25,0.0,0.0,True
1993-05-24,108.4,18.599998,17.0,23.17143,10.571428,62.957146,3.3285713,2.4285715,4.1285715,6.4428573,20.957144,0.00016395748,0.0024922192,-7.345365000000001e-25,3.7252903e-09,0.0,True
1993-05-31,108.38,23.8,18.171429,24.0,12.371429,65.98572,3.7714286,2.8,4.1142855,6.071429,21.971428,0.00014707446,0.0023146719,-7.345365000000001e-25,7.450581e-09,0.0,True
1993-06-07,108.37,4.9,19.157145,24.785715,13.271429,69.91429,3.1285717,2.0428572,3.9714284,5.8,22.442858,7.599592e-05,0.002162546,-7.345365000000001e-25,3.7252903e-09,0.0,True
1993-06-14,108.35,10.8,18.47143,23.457144,13.714286,66.61429,3.0714288,1.5714287,4.0857143,5.1571426,22.27143,5.660951e-05,0.0019944087,-7.345365000000001e-25,0.0,0.0,True
1993-06-21,108.33,31.5,18.2,23.27143,12.171428,69.14286,3.357143,2.3285716,3.9142857,5.2714286,21.2,0.00057323277,0.0018623695,-7.345365000000001e-25,1.1175871e-08,0.0,True
1993-06-28,108.32,13.2,16.928572,21.785715,12.442858,63.885715,3.2571428,2.142857,3.7142856,6.071429,21.014286,0.00013399124,0.0017340928,-7.345365000000001e-25,7.450581e-09,0.0,True
1993-07-05,108.29,0.0,21.77143,28.857143,13.585715,54.657143,4.4285707,1.7999998,5.4857144,5.3428574,25.185715,2.5644898e-05,0.0016000122,-7.345365000000001e-25,1.1175871e-08,0.0,True
1993-07-12,108.27,13.2,16.942858,22.442858,11.400001,58.757145,3.2571428,1.3000001,3.9285715,5.1714287,21.1,3.3661723e-05,0.0014660507,-7.345365000000001e-25,7.450581e-09,0.0,True
1993-07-19,108.27,25.9,18.27143,23.328571,14.342857,75.07143,2.7428572,2.2714286,3.2714286,5.9142857,20.757143,0.00029045343,0.0013690516,-7.345365000000001e-25,1.4901161e-08,0.0,True
1993-07-26,108.26,20.0,17.842857,22.800001,13.828572,64.35714,3.2285714,2.6571426,4.1285715,5.8714285,20.557142,8.459389e-05,0.0012824908,-7.345365000000001e-25,1.1175871e-08,0.0,True
1993-08-02,108.25,17.6,19.614286,25.800001,13.871429,68.24286,3.2857144,2.7714286,4.0,5.9142857,22.214285,0.0065561086,0.001202397,-7.345365000000001e-25,1.6763806e-08,0.0,True
1993-08-09,108.22,10.7,20.442858,26.742859,13.785714,61.100002,3.3,2.4714286,4.285714,5.571429,23.942858,2.0608306e-05,0.0011220351,-7.345365000000001e-25,7.450581e-09,0.0,True
1993-08-16,108.23,7.2999997,20.34286,27.057144,14.214286,64.91429,3.4,2.4714286,4.1714287,5.3285713,23.071428,0.00013376772,0.0010496825,-7.345365000000001e-25,9.313226e-09,0.0,True
1993-08-23,108.21,2.8,20.600002,28.300001,14.214286,59.857143,3.242857,1.7428571,4.242857,4.7,23.8,6.198883e-06,0.0009772554,-7.345365000000001e-25,1.1175871e-08,0.0,True
1993-08-30,108.2,1.1,14.257143,20.742859,7.414286,64.42857,1.957143,1.0142857,2.8142858,4.7714286,18.214285,3.477931e-05,0.000916861,-7.345365000000001e-25,5.5879354e-09,0.0,True
1993-09-06,108.19,8.8,13.771429,19.34286,9.085714,70.24286,1.7428571,1.0714285,2.2857144,4.7,16.928572,8.34018e-05,0.00086762756,-7.345365000000001e-25,0.0,0.0,True
1993-09-13,108.17,37.2,15.257143,20.257143,11.428572,81.9,1.5999998,1.3999999,1.8857143,5.6857142,17.257143,0.00049094856,0.0008280352,-7.345365000000001e-25,5.5879354e-09,0.0,True
1993-09-20,108.16,3.3,14.742857,20.757143,9.714286,70.72857,1.8714286,1.6571428,2.5285716,6.5857143,16.157143,4.3675303e-05,0.00079354644,-7.345365000000001e-25,5.5879354e-09,0.0,True
1993-09-27,108.16,20.7,14.942858,19.257143,12.571428,82.22858,1.0857142,0.9714285,1.6,6.957143,16.614286,0.0007983148,0.0007613003,-7.345365000000001e-25,7.450581e-09,0.0,True
1993-10-04,108.15,33.0,11.6285715,15.471429,8.342857,85.314285,0.78571427,0.71428573,1.0428572,8.428572,12.885715,0.0012596399,0.0007414669,-7.345365000000001e-25,5.5879354e-09,0.0,True
1993-10-11,108.13,21.2,13.585714,18.557144,9.571428,80.12858,1.0285715,0.9857144,1.3428571,9.542857,14.428572,0.0002532974,0.0007317215,-7.345365000000001e-25,5.5879354e-09,0.0,True
1993-10-18,108.15,24.3,9.771429,13.6285715,6.857143,81.78571,0.84285706,0.84285706,1.0571429,10.0,11.028571,0.00025648624,0.0007319376,-7.345365000000001e-25,5.5879354e-09,0.0,True
1993-10-25,108.16,27.6,5.857143,7.414286,4.5285716,87.34286,0.42857143,0.4,0.5857143,10.228572,7.2714286,0.00045917183,0.00074344873,-7.345365000000001e-25,3.7252903e-09,0.0,True
1993-11-01,108.1850083268936,0.0,4.3714285,7.9428573,1.1,81.91429,0.31428573,0.3,0.61428577,10.185715,5.1857142,2.9057264e-07,0.00078680366,-7.345365000000001e-25,3.9115548e-08,1.0058284e-07,True
1993-11-08,108.17,10.2,6.285714,7.971429,4.457143,89.28571,0.18571429,0.17142858,0.45714286,10.142858,5.9857144,0.00018351525,0.00084175915,-7.345365000000001e-25,6.7055225e-08,0.0,True
1993-11-15,108.17,17.0,5.7428575,8.685714,2.9142857,85.71429,0.5285714,0.5285714,0.5142857,10.285714,5.9142857,0.0002451539,0.0008947104,7.8337536e-07,3.2000244e-06,1.0088086e-05,True
1993-11-22,108.18,0.0,-0.09999999,2.057143,-1.6857145,68.5,0.22857143,0.21428572,0.6857143,10.228572,0.9142857,3.412366e-06,0.00095871836,7.078761e-05,4.7646463e-06,0.0005708337,True
1993-11-29,108.2,0.6,-2.0428572,0.014285718,-4.0285716,77.5,0.014285714,0.014285714,0.35714287,10.214286,-1.2428571,1.9073486e-06,0.001032576,0.0005873555,9.4940886e-05,0.0009553693,True
1993-12-06,108.16,1.5,2.7714288,5.8285713,-0.8428572,84.01428,0.17142858,0.17142858,0.35714287,10.142858,-0.54285717,6.254017e-05,0.001098372,0.0006744464,0.0014619734,8.717179e-05,True
1993-12-13,108.27,34.5,6.714286,9.657143,3.457143,80.02857,0.9285714,0.9285714,0.87142855,10.6285715,3.8428571,0.001034528,0.0011603683,3.6302066e-05,0.00018176623,0.00015825033,True
1993-12-20,108.48,69.8,7.657143,9.8,4.4,82.15715,0.75714284,0.75714284,0.8,11.1,5.6,0.0060914382,0.005786188,4.546983e-06,2.8064474e-05,4.131347e-06,True
1993-12-27,108.87,20.7,3.2714288,5.6,1.6000001,82.87144,0.6571428,0.6571428,0.64285713,11.157143,3.2142856,0.004193194,0.004807599,0.001305126,0.0010162443,0.0060917176,True
1994-01-03,109.07,22.5,5.642857,8.171429,2.5857143,81.44286,0.7,0.7,0.64285713,10.575,3.25,0.0009482056,0.005533427,0.0019700017,0.007983681,0.0030371845,True
1994-01-10,109.2,14.400001,5.2571425,7.228572,3.0142858,84.34286,0.42857143,0.42857143,0.5857143,10.785714,4.4142857,0.00043777376,0.007103905,5.355903e-05,0.0004000701,1.3113022e-06,True
1994-01-17,109.2,6.2999997,5.4714284,8.171429,2.9142857,80.61428,0.50000006,0.50000006,0.62857145,10.3,4.3142858,9.4249845e-05,0.0086424425,0.0002445891,5.279295e-05,0.002240628,True
1994-01-24,109.08,8.8,1.2,4.2285714,-2.1428573,83.37144,0.24285713,0.24285713,0.37142855,10.285714,0.3857143,0.00022416562,0.009101145,0.001820059,0.0024318546,0.0005094148,True
1994-01-31,109.15,8.2,5.428571,8.528571,2.7285714,73.77143,1.1142857,1.1142857,1.1,10.485714,4.2,0.0005388558,0.009210199,8.6222375e-05,0.00039600022,0.00021478906,True
1994-02-07,109.12,12.6,4.714286,6.428571,2.4857144,88.01429,0.31428573,0.31428573,0.47142857,10.5,3.8428571,0.0004412681,0.009497881,1.8886158e-05,5.9412792e-05,0.0,True
1994-02-14,109.15,2.8,1.8285714,4.857143,-0.64285713,71.685715,0.42857143,0.42857143,0.82857144,10.342857,2.5142858,0.00012282282,0.009954162,0.0004208315,0.00015058741,0.0010561347,True
1994-02-21,109.03,11.3,-2.0,2.4285715,-5.9714284,65.6,0.25714284,0.25714284,0.8,10.142858,-0.2857143,3.322959e-06,0.010097884,0.0020154316,0.00015744008,0.008840002,True
1994-02-28,108.99,9.5,6.414286,11.271429,2.2571428,83.84286,0.62857145,0.62857145,0.8142857,10.3714285,3.6714287,0.0005290434,0.00994245,0.0022817794,0.010055102,0.000312984,True
1994-03-07,108.95,7.8,8.085714,12.528572,4.285714,73.64286,1.2,1.1857144,1.4,10.3,7.9857144,0.00029998273,0.009790935,4.9386704e-06,3.7344173e-05,0.0,True
1994-03-14,108.94,10.1,10.157143,13.757143,6.471429,74.08572,1.2571429,1.1714286,1.5285714,9.885715,9.642858,0.00026718527,0.009683058,-7.345365000000001e-25,1.4901161e-08,0.0,True
1994-03-21,108.97,39.0,7.1857142,9.785714,4.542857,77.14286,1.5,1.4857142,1.5,10.142858,7.571429,0.0007497147,0.00952328,5.449568e-07,3.941357e-06,4.0121377e-06,True
1994-03-28,109.08,4.4,10.571428,14.685715,6.785714,67.12858,1.8571428,1.7571428,2.142857,10.014286,10.571428,0.00010101497,0.009743042,-7.345365000000001e-25,1.6950071e-07,0.0,True
1994-04-04,109.06,17.6,9.257143,14.385714,5.2428575,73.92857,1.7999998,1.6999998,1.9,9.757143,10.228572,0.0003810376,0.0097426325,1.3073285e-05,9.419769e-05,0.00019218773,True
1994-04-11,109.05,25.1,5.7428575,10.457144,2.3428574,78.75714,1.5142857,1.4857142,1.6714286,10.2,8.085714,0.00023382902,0.009528235,2.402351e-05,9.961054e-05,1.2665987e-06,True
1994-04-18,109.28,32.8,7.4857144,10.942858,4.4428573,76.77143,1.4428571,1.4000002,1.5285714,10.685715,8.942857,0.0011666268,0.010139041,4.5413064e-08,1.0300428e-06,1.4901161e-07,True
1994-04-25,109.37,10.0,12.057143,18.67143,5.328572,70.3,2.2,1.942857,2.7,9.657143,14.585714,0.00017592311,0.010149851,-7.345365000000001e-25,0.0,0.0,True
1994-05-02,109.36,0.1,14.942858,21.2,8.642858,65.61429,3.0142856,2.3428574,3.5,8.9,18.042856,2.4989247e-05,0.009803027,-7.345365000000001e-25,3.7252903e-09,0.0,True
1994-05-09,109.25,27.7,13.8714285,18.757143,8.842857,69.47143,2.4857144,2.1142857,2.8285713,8.285714,16.185715,0.0003040135,0.009211756,-7.345365000000001e-25,0.0,0.0,True
1994-05-16,109.26,5.7999997,15.457144,21.071428,9.3714285,72.65714,2.9285715,2.3,3.2285714,7.9428573,18.342857,4.1410327e-05,0.008557081,-7.345365000000001e-25,3.7252903e-09,0.0,True
1994-05-23,109.23,36.7,15.057143,19.128572,10.971429,81.52857,2.1857142,2.0142858,2.4714284,8.857142,17.9,0.0015854165,0.007928625,-7.345365000000001e-25,3.7252903e-09,0.0,True
1994-05-30,109.24,19.2,14.257143,19.1,10.214286,75.557144,2.4285715,2.2142856,2.9142857,9.3714285,17.814285,0.00029411912,0.007466398,-7.345365000000001e-25,0.0,0.0,True
1994-06-06,109.2,17.0,15.728572,21.7,10.028572,68.72857,3.2571428,2.885714,3.542857,8.642858,18.7,0.00033472478,0.007012941,-7.345365000000001e-25,7.450581e-09,0.0,True
1994-06-13,109.18,26.4,14.971429,20.228573,9.928572,71.442856,3.0428574,2.6714287,3.4285715,8.6,18.3,0.0002668649,0.0065799057,-7.345365000000001e-25,3.7252903e-09,0.0,True
1994-06-20,109.14,7.4,19.228573,25.228573,12.885715,65.21429,3.7714288,2.8142858,4.4428573,7.7,22.114286,2.2552907e-05,0.0061126873,-7.345365000000001e-25,3.7252903e-09,0.0,True
1994-06-27,109.09,36.3,22.428572,28.414288,16.27143,64.34286,4.514286,2.7285714,5.1714287,6.571429,25.942858,0.00036161393,0.0055491626,-7.345365000000001e-25,1.4901161e-08,0.0,True
1994-07-04,109.06,3.2,24.357143,29.785715,18.657145,73.314285,4.2,2.6857142,4.6571426,6.742857,27.914286,9.7595155e-05,0.0050052702,-7.345365000000001e-25,1.1175871e-08,0.0,True
1994-07-11,108.99,7.0,20.685715,26.114286,14.685715,63.57143,3.957143,2.4857142,4.7714286,6.357143,25.071428,0.00029061735,0.004505627,-7.345365000000001e-25,1.1175871e-08,0.0,True
1994-07-18,108.94,11.6,23.171429,28.800001,16.942858,70.87144,3.6857142,1.8714286,4.2,5.6857142,26.714285,0.00015200675,0.0040463954,-7.345365000000001e-25,7.450581e-09,0.0,True
1994-07-25,108.91,12.6,22.52857,28.157145,16.857143,71.17143,3.4,2.242857,4.0,6.114286,25.671429,0.00028014183,0.0036782548,-7.345365000000001e-25,1.4901161e-08,0.0,True
1994-08-01,108.89,6.2,24.157145,31.157145,17.814287,68.14286,3.8428571,1.8857143,4.7428575,5.6,27.885714,1.628697e-05,0.0033013895,-7.345365000000001e-25,1.1175871e-08,0.0,True
1994-08-08,108.83,3.8000002,24.27143,30.814285,17.857143,68.37143,3.6428573,1.6571428,4.5,5.3285713,27.571428,0.000115156174,0.002962254,-7.345365000000001e-25,1.1175871e-08,0.0,True
1994-08-15,108.85,30.5,18.257143,23.785715,13.857142,75.542854,2.7857144,2.1857142,3.3714287,6.3,22.414286,5.567074e-05,0.0026959106,-7.345365000000001e-25,7.450581e-09,0.0,True
1994-08-22,108.81,20.9,18.67143,24.300001,12.842857,71.84286,2.7285714,2.1285713,3.4428573,6.1857142,21.357143,0.00015610456,0.0024608523,-7.345365000000001e-25,1.1175871e-08,0.0,True
1994-08-29,108.78,7.7,18.214285,23.914288,14.271429,77.700005,2.2999997,1.8285713,2.9142857,6.614286,21.942858,7.507205e-05,0.002258651,-7.345365000000001e-25,3.7252903e-09,0.0,True
1994-09-05,108.78,4.7,16.77143,22.814287,11.414286,74.92857,1.9714288,1.4714286,2.6857142,6.2,19.928572,1.4677644e-05,0.0020812824,-7.345365000000001e-25,7.450581e-09,0.0,True
1994-09-12,108.81,57.5,15.900001,19.628572,13.071428,84.54286,1.6714286,1.6000001,1.7714285,7.542857,17.528572,0.002517581,0.0019443557,-7.345365000000001e-25,3.7252903e-09,0.0,True
1994-09-19,108.79,21.1,12.442858,16.185715,10.285714,80.057144,1.3142856,1.2714287,1.7571429,9.0,14.6285715,0.0030737221,0.0018478557,-7.345365000000001e-25,0.0,0.0,True
1994-09-26,108.76,3.9,16.142857,21.300001,11.414286,78.34286,1.3428572,1.1857144,2.0142858,8.971429,16.757143,5.6654215e-05,0.0017770529,-7.345365000000001e-25,7.450581e-09,0.0,True
1994-10-03,108.74,13.5,14.857142,19.614286,11.485715,84.200005,1.0,0.90000004,1.4285715,8.942857,16.77143,0.0001481995,0.0017165691,-7.345365000000001e-25,3.7252903e-09,0.0,True
1994-10-10,108.74,0.1,6.4000006,12.485715,1.5714285,76.314285,0.8000001,0.6714286,1.1,9.2,9.4,1.5854836e-05,0.0016680509,-7.345365000000001e-25,0.0,0.0,True
1994-10-17,108.72,0.0,9.3714285,16.97143,3.8,80.057144,0.8,0.5857143,1.1285714,9.014286,11.285714,3.3900142e-06,0.0016188994,-7.345365000000001e-25,0.0,0.0,True
1994-10-24,108.7,4.3,8.571428,14.114286,3.7714286,77.28571,0.8,0.7000001,1.0571429,8.728572,9.642858,5.3294003e-05,0.0015735477,-7.345365000000001e-25,3.7252903e-09,0.0,True
1994-10-31,108.68,15.8,11.300001,14.571428,8.042857,77.37144,1.0142857,0.9714286,1.3571428,9.157143,10.3,0.0002099052,0.0015354455,-7.345365000000001e-25,9.313226e-09,0.0,True
1994-11-07,108.7,0.3,10.114286,14.757143,6.5,83.17143,0.4571429,0.41428572,0.7,9.457143,9.6,6.360561e-05,0.0015003756,-7.345365000000001e-25,1.8626451e-09,0.0,True
1994-11-14,108.68,6.8,9.67143,12.214286,6.7285714,88.58572,0.3,0.27142859,0.5714286,9.642858,9.3714285,0.00015347451,0.0014728382,-7.345365000000001e-25,0.0,0.0,True
1994-11-21,108.67,16.699999,10.571428,12.828572,8.514286,87.68572,0.5714286,0.5714286,0.7285714,9.985714,9.671429,0.00029568374,0.0014520735,-7.345365000000001e-25,1.8626451e-09,0.0,True
1994-11-28,108.65,10.9,8.171429,10.242858,6.071429,88.47143,0.21428573,0.18571429,0.41428572,10.142858,8.385715,0.0002316609,0.0014431924,-7.345365000000001e-25,0.0,0.0,True
1994-12-05,108.66,25.9,6.1857147,9.042857,2.5,86.98572,0.25714284,0.25714284,0.35714287,10.3,4.8142858,0.0010853857,0.0014533475,-7.345365000000001e-25,3.7252903e-09,0.0,True
1994-12-12,108.66,6.8999996,8.828572,11.142858,5.9857144,78.314285,0.64285713,0.62857145,0.9285714,10.457143,6.9142857,0.0002437979,0.0014973804,-7.345365000000001e-25,3.7252903e-09,0.0,True
1994-12-19,108.67,4.7,3.9428573,6.971429,1.3000001,82.97143,0.3285714,0.31428573,0.44285712,10.114285,3.8714285,0.0001103431,0.0016025826,3.0199687e-06,6.068498e-06,8.948147e-06,True
1994-12-26,108.65,3.9,1.2285715,2.9285715,-0.27142859,81.35714,0.18571427,0.17142858,0.5285714,10.214286,0.94285715,1.822412e-05,0.0017238632,0.00031260648,6.888993e-05,0.0027026273,True
1995-01-02,108.74,20.0,6.971429,9.285714,4.642857,80.200005,0.94000006,0.94000006,0.95714283,10.44,6.36,0.0005835444,0.0018441975,0.00048648176,0.0027189106,0.0035402179,True
1995-01-09,108.78,7.6,-3.557143,-1.0000001,-6.228572,82.64286,0.028571429,0.028571429,0.20000002,10.357142,-0.3857143,2.4452806e-05,0.0020553991,0.0046394835,0.00044097938,0.00594176,True
1995-01-16,108.76,10.900001,1.0428572,3.457143,-0.9571429,82.71429,0.4142857,0.37142855,0.45714286,10.614285,0.042857144,0.0006110519,0.0023812205,0.0056623165,0.0068682004,0.003521517,True
1995-01-23,108.84,33.399998,4.3857145,7.642857,0.6999999,80.5,0.85714287,0.8428572,0.7714286,10.557143,1.8142858,0.0013169572,0.0028001666,0.002531483,0.0053746086,3.0584633e-06,True
1995-01-30,109.18,37.7,7.1285715,10.257143,3.4857142,77.51428,1.3285713,1.3285713,1.1571429,11.385715,5.5285716,0.0024004802,0.004643649,0.00016144344,0.0011209603,0.0010736249,True
1995-02-06,109.37,5.5,5.5285716,9.457144,0.6714286,80.814285,0.5,0.47142857,0.62857145,10.485714,3.8857143,8.583069e-05,0.0067142844,6.1705e-06,1.7534941e-05,0.0,True
1995-02-13,109.4,13.5,7.728572,11.357142,4.0,78.94286,0.9285714,0.9285714,1.0285714,10.171429,6.714286,0.0003131628,0.007985666,3.803344e-07,2.7362257e-06,2.488494e-06,True
1995-02-20,109.46,12.2,8.657144,11.328572,5.5,74.4,1.1857144,1.1714286,1.2571429,10.428572,7.114286,0.00040844083,0.00842163,-7.345365000000001e-25,1.8812716e-07,1.7881393e-07,True
1995-02-27,109.47,10.3,5.1,9.657144,1.8428572,75.11428,0.98571426,0.95714283,1.1142857,10.4,5.457143,0.0011321604,0.008961044,0.0007322402,0.0032349173,0.0039322004,True
1995-03-06,109.41,7.8,5.5,9.6285715,2.2142859,71.6,1.2714285,1.2428571,1.4142857,10.1,5.4714284,0.0002014786,0.009939,0.0003062146,0.0014042202,0.0013057515,True
1995-03-13,109.29,1.1,5.6714287,11.400001,0.54285717,66.34286,1.4142858,1.2857143,1.6142856,9.828571,6.257143,4.942715e-05,0.010234505,0.0002944356,0.00080803037,0.0001505278,True
1995-03-20,109.39,43.8,5.5285716,9.3,2.642857,77.41429,1.3142859,1.2857143,1.3285714,10.142858,6.257143,0.0012874082,0.010064416,2.7270544e-05,0.00010389462,0.00015789643,True
1995-03-27,109.69,11.0,6.557143,12.17143,1.957143,73.38572,1.5142858,1.442857,1.6285714,10.328571,7.9857144,0.00039358437,0.010023296,0.00017128672,0.00061671436,0.0009115562,True
1995-04-03,109.77,9.1,6.428571,10.714286,2.0142858,75.24286,1.6857145,1.6142857,1.7714285,10.214286,7.0571427,0.00046926737,0.010008268,0.002755801,0.0071902983,0.007062096,True
1995-04-10,109.55,1.2,10.157143,14.814286,6.0285716,66.9,1.942857,1.6142857,2.2571428,9.485714,12.414286,4.5999885e-05,0.010054506,2.9802322e-06,2.1560118e-05,7.804483e-06,True
1995-04-17,109.52187760068436,14.1,8.900001,12.757143,4.285714,69.685715,1.6714286,1.4285715,1.9,8.985714,10.6285715,0.00019796193,0.009840198,3.6898115e-07,3.2428652e-06,5.9604645e-08,True
1995-04-24,109.425,14.4,11.8,16.571428,6.2999997,74.185715,2.0142858,1.8428571,2.3285713,9.571428,12.842857,0.0006836504,0.009535059,-7.345365000000001e-25,3.501773e-07,3.2782555e-07,True
1995-05-01,109.4741305331529,29.9,12.67143,17.042858,9.257143,82.5,1.8000001,1.6857144,2.1857142,9.742857,15.657143,0.0003502369,0.009225786,-7.345365000000001e-25,5.5879354e-09,0.0,True
1995-05-08,109.45,1.8,16.757143,24.328571,8.157143,58.328575,3.6428568,2.857143,4.2428575,8.928572,19.757143,1.92523e-05,0.008783929,-7.345365000000001e-25,5.5879354e-09,0.0,True
1995-05-15,109.48,18.099998,10.857142,15.757143,6.228572,64.84286,2.457143,1.8714286,2.9857142,8.271428,15.6,0.0002872646,0.008181475,-7.345365000000001e-25,0.0,0.0,True
1995-05-22,109.86,40.6,11.171428,15.785714,6.2000003,78.84286,2.2285714,2.0142858,2.4428573,9.242857,14.785714,0.0006450787,0.0076751336,-7.345365000000001e-25,3.7252903e-09,0.0,True
1995-05-29,109.73,34.5,18.185715,23.942858,12.014285,71.87143,3.0714285,2.6285713,3.4714284,8.971429,21.0,0.00095727295,0.007174298,-7.345365000000001e-25,1.1175871e-08,0.0,True
1995-06-05,109.7315898555107,33.100002,14.457144,17.957144,11.942858,82.114296,1.8428571,1.7714285,2.3714287,10.142858,17.528572,0.00036729872,0.0068228245,-7.345365000000001e-25,3.7252903e-09,0.0,True
1995-06-12,110.1,15.200001,14.17143,18.657145,10.042857,73.1,2.2285714,2.0428572,2.8714287,9.8,18.142857,0.00013288856,0.0065358877,-7.345365000000001e-25,0.0,0.0,True
1995-06-19,109.71,19.0,15.300001,19.2,11.614286,79.28571,2.2428572,2.1714287,2.5142858,9.857142,17.542856,0.00024044514,0.006232962,-7.345365000000001e-25,7.450581e-09,0.0,True
1995-06-26,109.65,16.4,17.87143,22.414288,12.714286,73.02857,3.2285714,2.642857,3.6714284,9.114285,21.285715,4.555285e-05,0.005878009,-7.345365000000001e-25,7.450581e-09,0.0,True
1995-07-03,109.49,5.7,22.071428,28.228573,15.342857,63.5,4.457143,3.2857144,5.057143,7.8428574,25.242857,4.890561e-05,0.005411148,-7.345365000000001e-25,1.1175871e-08,0.0,True
1995-07-10,109.42,1.5,21.800001,28.199999,13.985715,63.67143,4.042857,2.4285715,4.7714286,7.0142856,25.357143,1.244247e-05,0.004927866,-7.345365000000001e-25,1.1175871e-08,0.0,True
1995-07-17,109.4,15.399999,22.27143,28.557144,17.514286,72.17143,3.6999996,2.642857,4.5142856,6.6571426,26.27143,0.00017847121,0.0044092163,-7.345365000000001e-25,1.1175871e-08,0.0,True
1995-07-24,109.76,51.7,22.485716,29.271427,16.9,70.442856,3.8142858,2.642857,4.6571426,7.3,25.928572,0.0045580193,0.003970258,-7.345365000000001e-25,1.1175871e-08,0.0,True
1995-07-31,109.8,14.6,21.9,27.857143,15.814286,71.38572,3.6857142,2.8142858,4.4,7.757143,25.442858,9.433925e-05,0.0035842583,-7.345365000000001e-25,1.1175871e-08,0.0,True
1995-08-07,109.56,4.5,22.571428,29.37143,15.414286,63.07143,3.8857143,2.357143,4.7714286,6.6857142,26.357143,0.00015836954,0.003217116,-7.345365000000001e-25,5.5879354e-09,0.0,True
1995-08-14,109.51,18.7,20.17143,26.185715,14.957144,73.44286,2.7428572,1.8,3.5,6.542857,23.357143,0.000372231,0.0029293895,-7.345365000000001e-25,7.450581e-09,0.0,True
1995-08-21,109.47,4.6,20.2,26.585714,14.314286,70.957146,2.9428573,1.9,3.7714286,6.542857,23.428572,3.4093857e-05,0.0026878119,-7.345365000000001e-25,7.450581e-09,0.0,True
1995-08-28,109.37,28.899998,18.428572,23.228573,15.114286,79.74286,2.1714284,1.7857143,2.7,6.8428574,21.114286,0.00021788478,0.002477698,-7.345365000000001e-25,1.3038516e-08,0.0,True
1995-09-04,109.41,17.7,13.2,17.242857,10.328572,80.12858,1.4857142,1.3857143,1.9285715,8.028571,15.542857,0.00018797815,0.0023295954,-7.345365000000001e-25,5.5879354e-09,0.0,True
1995-09-11,109.29,5.6000004,15.500001,21.128572,10.571428,78.94286,1.6999999,1.5714285,2.2,8.142858,16.828571,0.0001757592,0.0022008717,-7.345365000000001e-25,1.4901161e-08,0.0,True
1995-09-18,109.33,39.0,14.67143,19.942858,10.314286,81.64286,1.3142856,1.2,1.9,9.057143,16.828571,0.0001898557,0.0020896494,-7.345365000000001e-25,0.0,0.0,True
1995-09-25,109.44,49.9,12.928572,17.314287,10.042857,83.92857,0.9142857,0.90000004,1.4,10.042857,14.8714285,0.0016447753,0.0020160154,-7.345365000000001e-25,7.450581e-09,0.0,True
1995-10-02,109.34,11.799999,11.914286,16.157145,8.014286,79.12858,1.0714285,1.0285715,1.6571429,10.057143,12.6285715,0.00021526217,0.0019664094,-7.345365000000001e-25,9.313226e-09,0.0,True
1995-10-09,109.3,13.7,15.585715,21.4,11.328572,86.48572,0.9285715,0.8714286,1.3428571,10.228572,16.285715,6.122887e-05,0.0019377172,-7.345365000000001e-25,5.5879354e-09,0.0,True
1995-10-16,109.24,0.3,14.742858,17.800001,12.2,88.87142,0.4857143,0.42857146,0.88571423,9.885715,15.8714285,4.0084124e-06,0.0019085705,-7.345365000000001e-25,3.7252903e-09,0.0,True
1995-10-23,109.18,0.8,10.685715,16.042858,6.4,81.75714,0.68571424,0.5714286,1.0714285,9.614285,12.342857,1.1757016e-05,0.0018814504,-7.345365000000001e-25,1.8626451e-09,0.0,True
1995-10-30,109.2,16.3,12.400001,16.842857,8.814286,88.42857,0.5142857,0.4857143,0.6857143,9.657143,12.228572,0.00026661158,0.0018545985,-7.345365000000001e-25,3.7252903e-09,0.0,True
1995-11-06,109.16,14.799999,4.357143,8.271429,1.3285714,80.3,0.5285714,0.5142857,0.67142856,10.328571,6.3,0.0004932806,0.0018397644,6.890297e-05,2.4562702e-05,0.00022889487,True
1995-11-13,109.12,2.5,6.114286,9.7,2.8142858,82.22858,0.27142859,0.27142859,0.5857143,10.1285715,4.9714284,2.7745962e-05,0.0018533841,0.00017287617,0.00053285994,0.00033859164,True
1995-11-20,109.19,39.5,5.714286,8.685715,3.2142856,86.72858,0.4857143,0.4857143,0.51428574,10.685715,5.785714,0.0014890358,0.0018872991,0.00048290548,0.0009160377,0.0018298253,True
1995-11-27,109.34,3.1,3.6571429,7.2000003,0.7,82.98572,0.20000002,0.17142858,0.35714287,10.3,2.6,2.0951033e-05,0.0020636916,0.00041281042,0.0007963944,0.0,True
1995-12-04,109.29,6.5,2.7428572,4.285714,0.64285713,87.328575,0.15714286,0.15714286,0.40000004,10.185715,2.442857,0.00019017607,0.0022919178,4.892122e-05,8.8941306e-05,4.401803e-05,True
1995-12-11,109.23,1.2,-0.62857145,0.9857143,-2.457143,82.62858,0.028571429,0.028571429,0.41428572,10.114285,-0.114285715,3.1739473e-06,0.0024986044,0.0001692261,7.127598e-05,0.00016968139,True
1995-12-18,109.18,2.7,0.88571423,2.1285713,-0.64285713,82.57143,0.12857144,0.08571429,0.5857143,10.114285,-0.15714286,9.907037e-05,0.0026547834,0.0026295923,0.0020568725,0.004181735,True
1995-12-25,109.18194891788356,46.800003,5.514286,7.9428573,3.2142856,91.71429,0.32857147,0.32857147,0.44285718,11.1285715,2.2428572,0.002215594,0.0036394745,0.0006385474,0.0023829713,3.0755997e-05,True
1996-01-01,109.37,4.0,-2.2714286,0.04285717,-4.3714285,82.62858,0.016666668,0.016666668,0.29999998,10.783334,-0.41666666,7.0519745e-05,0.0037387386,0.0005506334,0.0002564676,0.0012354925,True
1996-01-08,109.315,2.8999999,-0.41428572,1.7714287,-2.7714288,86.35714,0.071428575,0.071428575,0.3,10.3,-0.85714287,5.798042e-05,0.004595548,0.001083567,0.0008101184,0.00018448755,True
1996-01-15,109.25,0.0,2.457143,5.1285715,0.4857143,89.685715,0.17142858,0.15714286,0.3285714,10.242857,0.21428572,2.1487474e-05,0.005034864,0.00031722727,0.00053482875,6.2808394e-06,True
1996-01-22,109.22,0.0,-0.4571429,0.62857145,-1.1285714,82.41429,0.028571429,0.028571429,0.5428571,10.2,-0.37142858,1.5795231e-06,0.005218111,0.00013454187,5.697459e-05,6.310642e-05,True
1996-01-29,109.16,1.0,-1.4142857,0.11428572,-3.057143,75.38572,0.014285714,0.014285714,0.78571427,10.185715,-1.1714286,8.612871e-06,0.005268663,0.00071972323,4.1956082e-05,0.0011461563,True
1996-02-05,109.12,3.8,-1.4714286,1.7571429,-4.785714,75.328575,0.20000002,0.18571429,0.64285713,10.142858,-1.0,5.9716403e-05,0.005244456,0.0017860617,0.00046650693,0.00242842,True
1996-02-12,109.09,12.7,-0.45714286,2.5142858,-3.4428573,80.98572,0.24285714,0.24285714,0.61428577,10.242857,-1.3,0.00022014976,0.0051898435,0.003042857,0.002753118,0.001448553,True
1996-02-19,109.22,26.7,2.642857,4.614286,1.1857144,86.17143,0.5857143,0.5857143,0.67142856,10.742857,0.35714287,0.0008824989,0.005230099,0.0060639493,0.009778306,0.011093926,True
1996-02-26,109.29,2.3,0.14285721,4.8857145,-3.7142856,73.94286,0.45714283,0.42857143,0.88571423,10.414286,0.24285714,8.3602965e-05,0.005452387,0.004615415,0.003663985,0.0035574734,True
1996-03-04,109.24,0.4,1.9714286,8.0,-2.957143,71.4,0.84285706,0.7285714,1.0714285,9.857142,2.642857,5.3159893e-05,0.005817175,0.0012029978,0.0019425489,0.0014703684,True
1996-03-11,109.18,0.2,2.142857,6.2571425,-1.3714286,68.92857,1.0000001,0.8428572,1.3999999,9.557143,2.4571428,4.9598515e-05,0.005952902,0.0008902663,0.001535058,0.0005838834,True
1996-03-18,109.14,0.1,2.557143,7.014286,-2.3142858,72.185715,0.82857144,0.6571428,1.2285715,9.171429,3.8,1.6197562e-05,0.0059229285,0.00043794088,0.0007025525,0.00045073777,True
1996-03-25,109.1,8.200001,9.3714285,15.114286,4.457143,76.12858,1.2142857,1.0857142,1.6285714,9.028571,10.042857,0.000118136406,0.005827144,1.0410945e-05,5.9027225e-05,0.0,True
1996-04-01,109.1,10.1,3.8857143,9.014285,0.2857143,71.814285,1.4714285,1.3285714,1.5857143,9.085714,7.3285713,0.00034540892,0.005693391,0.00067500275,0.0012425166,0.0023093894,True
1996-04-08,109.06,4.7999997,6.014286,11.085715,0.9142857,74.42857,1.4857142,1.1999999,1.6714286,8.771428,7.9857144,6.584823e-05,0.0055372044,0.00060299464,0.0017090254,0.00084142014,True
1996-04-15,109.04,4.7,7.657143,13.228572,2.457143,68.700005,1.7142857,1.3714286,2.0142858,8.471429,10.842857,5.2541494e-05,0.0053403378,2.4693352e-06,1.6840175e-05,2.5369227e-06,True
1996-04-22,109.01,0.0,14.971429,23.357143,5.3428574,51.142857,3.2999997,2.3428571,3.8999999,7.6285715,16.0,1.4901161e-08,0.0050769523,-7.345365000000001e-25,3.054738e-07,0.0,True
1996-04-29,109.01,7.1,13.7,19.9,8.071428,67.61429,2.6285713,1.9285715,3.1571429,6.7714286,16.757143,7.429719e-05,0.0047497526,-7.345365000000001e-25,0.0,0.0,True
1996-05-06,109.05,28.9,11.3714285,17.457144,6.214286,72.77143,2.3714287,1.8999999,2.7857144,7.0,15.471429,0.00041083992,0.0044432655,-7.345365000000001e-25,0.0,0.0,True
1996-05-13,109.0,4.6,10.542857,13.6285715,8.057143,79.27143,1.4571428,1.1285715,1.8000001,7.1,13.1285715,0.00022189319,0.004166223,-7.345365000000001e-25,3.7252903e-09,0.0,True
1996-05-20,109.35,53.5,13.014285,17.557142,9.742857,85.08572,1.8,1.6714286,2.2571428,7.7285714,15.685715,0.00030636787,0.003959447,-7.345365000000001e-25,7.450581e-09,0.0,True
1996-05-27,109.34,26.3,14.257143,18.528574,10.257143,78.957146,2.5857143,2.385714,2.5285716,8.3714285,16.814285,0.00033080578,0.0037435591,-7.345365000000001e-25,1.1175871e-08,0.0,True
1996-06-03,109.29,25.1,16.085714,21.657145,10.114286,70.51429,2.9285715,2.4714284,3.6142857,8.342857,19.442858,0.0008485019,0.0035313219,-7.345365000000001e-25,0.0,0.0,True
1996-06-10,109.29,24.800001,21.542858,28.014286,13.857144,68.67143,4.085715,3.1,5.214286,7.785714,25.028572,8.289516e-05,0.0033124909,-7.345365000000001e-25,7.450581e-09,0.0,True
1996-06-17,109.22,0.0,19.37143,25.528574,11.800001,60.04286,4.442857,2.6,5.2999997,6.9428573,24.757143,3.0249357e-06,0.00306575,-7.345365000000001e-25,0.0,0.0,True
1996-06-24,109.14,27.2,14.828572,19.4,10.914286,72.87143,2.7142856,1.7571429,2.9714284,6.6285715,19.357143,0.00018554926,0.0028264523,-7.345365000000001e-25,3.7252903e-09,0.0,True
1996-07-01,109.09,9.5,16.6,21.928572,11.142858,70.328575,2.9428573,2.1857142,3.357143,6.4857144,19.72857,8.800626e-05,0.0026432872,-7.345365000000001e-25,1.1175871e-08,0.0,True
1996-07-08,109.05,46.0,16.342857,21.128572,12.542857,75.85714,2.7999997,2.3142858,3.2142856,6.5285716,19.171429,0.00056651235,0.0024667084,-7.345365000000001e-25,1.8626451e-08,0.0,True
1996-07-15,109.13,8.900001,19.242857,24.714285,12.885715,72.14286,3.2285712,2.6571429,3.9857142,8.471429,21.614286,0.0001848638,0.0023292229,-7.345365000000001e-25,1.1175871e-08,0.0,True
1996-07-22,109.04,0.0,17.557142,23.885715,10.014285,57.4,4.042857,2.5142856,5.0,7.3,23.214285,4.4703484e-08,0.0021707863,-7.345365000000001e-25,3.7252903e-09,0.0,True
1996-07-29,109.0,34.7,19.4,26.228573,13.642858,72.98572,3.1857145,2.4285715,4.0,6.885714,23.014286,4.7713518e-05,0.0020099282,-7.345365000000001e-25,1.1175871e-08,0.0,True
1996-08-05,108.98,0.3,19.77143,26.17143,13.457144,66.34286,3.3999996,2.2285714,4.357143,6.3428574,23.557142,1.8820167e-05,0.0018623397,-7.345365000000001e-25,7.450581e-09,0.0,True
1996-08-12,108.94,23.2,19.657145,25.67143,14.614286,75.35714,2.6571426,2.0428572,3.457143,6.542857,22.757143,0.00017479062,0.0017259121,-7.345365000000001e-25,7.450581e-09,0.0,True
1996-08-19,108.92,3.2,18.614286,24.628572,13.6,76.02857,2.5857143,1.9571427,3.3,7.1857142,21.157143,8.869171e-05,0.0016189963,-7.345365000000001e-25,1.4901161e-08,0.0,True
1996-08-26,108.89,7.8,19.814285,26.0,14.714287,73.75714,2.3857143,1.7142857,3.3428571,6.4714284,22.7,0.00012297928,0.0015108064,-7.345365000000001e-25,9.313226e-09,0.0,True
1996-09-02,108.87,15.6,15.300001,20.414288,11.857142,74.6,1.9285713,1.5857143,2.5857143,6.9857144,18.157143,0.00010729581,0.0014227182,-7.345365000000001e-25,7.450581e-09,0.0,True
1996-09-09,108.84,0.3,13.971429,20.97143,7.914286,69.685715,2.0142856,1.3428571,2.8428571,6.571429,17.571428,5.26011e-06,0.0013419837,-7.345365000000001e-25,7.450581e-09,0.0,True
1996-09-16,108.81,17.8,11.957144,16.885715,8.185715,81.700005,1.1714286,0.90000004,1.5857143,6.3285713,14.671429,0.000105544925,0.0012708679,-7.345365000000001e-25,1.8626451e-09,0.0,True
1996-09-23,108.8,7.6000004,11.085714,15.214287,7.414286,81.78571,1.0285715,0.7428571,1.6,6.7714286,13.271428,0.00014264882,0.0012126565,-7.345365000000001e-25,3.7252903e-09,0.0,True
1996-09-30,108.79,2.0,12.442858,18.685715,7.3857145,78.57143,1.0000001,0.75714284,1.7857143,7.428571,13.242857,4.8682094e-05,0.0011623949,-7.345365000000001e-25,5.5879354e-09,0.0,True
1996-10-07,108.76,5.2,10.571428,16.385715,5.9428573,81.98572,0.78571427,0.65714294,1.2857143,7.6857142,12.0,4.117191e-05,0.0011143237,-7.345365000000001e-25,5.5879354e-09,0.0,True
1996-10-14,108.74,0.0,12.171428,17.214285,8.457143,84.314285,0.6,0.45714286,1.0571429,7.785714,12.5,1.0818243e-05,0.0010748729,-7.345365000000001e-25,3.7252903e-09,0.0,True
1996-10-21,108.75,54.2,10.328572,14.285714,6.728572,88.057144,0.6857143,0.6571428,0.8428572,9.457143,11.2,0.0006046891,0.0010391101,-7.345365000000001e-25,7.450581e-09,0.0,True
1996-10-28,108.73,2.1,10.271429,15.528572,5.3857145,77.471436,0.78571427,0.7285715,1.1714286,10.071428,10.057143,6.130338e-05,0.0010149777,-7.345365000000001e-25,5.5879354e-09,0.0,True
1996-11-04,108.71,8.799999,10.914286,14.828572,8.171429,75.542854,0.88571423,0.8428572,1.4428571,9.814285,9.885715,0.00012002885,0.0009964854,-7.345365000000001e-25,7.450581e-09,0.0,True
1996-11-11,108.77,37.300003,9.214286,12.3,6.585714,84.457146,0.6857143,0.6714286,1.0,10.157143,8.3714285,0.0004235953,0.000983499,-7.345365000000001e-25,7.450581e-09,0.0,True
1996-11-18,108.87,53.2,5.3142858,6.957143,3.7857144,87.92857,0.24285714,0.22857144,0.55714285,10.757143,5.957143,0.000819698,0.0011031702,0.00027129197,0.0002943948,0.006851867,True
1996-11-25,108.94,12.4,2.8285716,5.7571435,0.07142856,84.41429,0.4857143,0.4857143,0.5857143,10.614285,2.7,0.00046409667,0.0010627657,0.0029453153,0.008846469,0.0038132332,True
1996-12-02,108.96,14.3,3.7857144,5.8142858,2.0857143,84.4,0.40000004,0.40000004,0.61428577,10.657143,2.4,0.0007035956,0.0012063459,0.0027807837,0.008133134,0.007993806,True
1996-12-09,108.95,0.4,2.9857142,5.3857145,0.9142857,83.08572,0.17142858,0.17142858,0.5,10.314285,1.9142857,4.313886e-05,0.0015113801,0.0006513709,0.0012163818,1.039356e-06,True
1996-12-16,108.89,6.7999997,1.1714287,3.3,-1.3285714,89.15715,0.12857142,0.12857142,0.31428573,10.3,0.114285715,0.0001039654,0.0018383488,0.0008150396,0.000563113,0.0014024824,True
1996-12-23,108.96,42.7,2.8428574,5.2714286,0.55714285,87.22858,0.10000001,0.10000001,0.42857143,10.7,1.2142857,0.0012118593,0.0021176413,0.00091365405,0.001017211,0.0071567297,True
1996-12-30,109.09,5.7,-8.814286,-5.7000003,-11.557143,76.25714,0.0,0.0,0.2857143,10.614285,-1.8571428,6.7055225e-08,0.0026166886,0.0076134773,0.0,0.0051502064,True
1997-01-06,109.01,4.8999996,-7.085715,-5.0142856,-9.5,86.28571,0.0,0.0,0.2857143,10.4,-0.6,1.0430813e-07,0.003089875,0.013822011,0.0,0.0049819164,True
1997-01-13,108.97,0.1,-4.428571,-2.2285714,-5.942857,82.25714,0.0,0.0,0.3,10.3,-0.014285714,8.34465e-07,0.0033700392,0.015583277,3.558211e-05,0.00016244128,True
1997-01-20,108.93,4.7,-3.9,-0.29999998,-7.714286,91.457146,0.028571429,0.042857144,0.15714286,10.3714285,0.0,0.00033199787,0.0035090372,0.011564987,0.0091938,0.0,True
1997-01-27,109.06,10.099999,2.957143,4.928571,1.2142857,93.04286,0.12857144,0.12857144,0.35714287,10.357142,0.22857143,0.00032112002,0.0036154687,0.0023785261,0.005471317,0.0006269589,True
1997-02-03,109.06,0.0,0.7571429,2.7714286,-1.1857144,82.12858,0.25714287,0.25714287,0.54285717,10.228572,0.12857144,2.1234155e-05,0.0038513616,0.0012049107,0.00093770213,0.0005095154,True
1997-02-10,108.99,2.2,4.1857142,10.271429,-0.85714287,75.38572,0.7714285,0.75714284,0.95714283,10.157143,1.9714285,0.00012041628,0.004065007,0.00031946955,0.00083941594,3.556907e-05,True
1997-02-17,109.04,32.5,5.7571425,9.7,2.5285716,77.85714,1.1,1.1,1.1142857,10.528571,5.0571427,0.0016381517,0.0042473227,0.00051220827,0.0011438988,0.0017841123,True
1997-02-24,109.14,9.299999,8.728571,12.528572,4.6714287,69.7,1.442857,1.3571428,1.6571429,10.257143,6.614286,0.0002270639,0.004813552,0.000100147154,0.00070195645,1.6126782e-05,True
1997-03-03,109.72,97.6,8.971429,14.8,4.8857145,75.67143,1.5857142,1.542857,1.5,10.6,8.857142,0.002554819,0.0073671564,-7.345365000000001e-25,1.7136335e-07,0.0,True
1997-03-10,109.71,0.9,8.728571,14.5,3.957143,76.82857,1.1,1.0,1.3999999,10.085714,9.385715,7.854402e-05,0.0072747394,-7.345365000000001e-25,1.8626451e-09,0.0,True
1997-03-17,109.69,5.3,9.685715,14.842857,5.4,78.25714,1.2,1.0285715,1.5428572,9.528571,10.028571,8.700788e-05,0.007603951,-7.345365000000001e-25,5.5879354e-09,0.0,True
1997-03-24,109.78,11.9,6.285714,10.371429,2.914286,77.71429,1.1285714,1.0571429,1.3285714,9.4,7.714286,0.000273861,0.0075338185,2.2973332e-05,0.00010997057,0.00012006983,True
1997-03-31,109.71,7.1,8.542857,12.957144,5.0428576,76.44286,1.557143,1.457143,1.7714285,9.442857,9.742857,0.0002297014,0.007394418,1.793816e-06,1.2898818e-05,3.1664968e-07,True
1997-04-07,109.62,5.9,8.671429,14.614286,3.114286,61.55714,2.2428572,1.9142857,2.6142857,8.928572,10.771428,0.0001603812,0.0071940497,2.1003541e-07,2.9616058e-06,3.1031668e-06,True
1997-04-14,109.6,0.2,8.3,15.271429,0.55714285,59.657143,2.2142856,1.7,2.5857143,8.342857,11.1285715,3.0189753e-05,0.0069223866,-7.345365000000001e-25,2.9802322e-07,1.0058284e-07,True
1997-04-21,109.48,0.0,6.714286,12.400001,1.1285715,57.9,2.3428574,1.6571429,2.7285714,7.6,11.342857,4.6558678e-05,0.006603688,1.9300552e-07,8.08388e-07,1.2479722e-06,True
1997-04-28,109.39,10.6,11.099999,17.27143,4.4857144,65.32857,2.357143,1.7714287,2.8,7.0142856,13.342857,0.00016623735,0.0062207505,-7.345365000000001e-25,3.9115548e-07,0.0,True
1997-05-05,109.35,14.1,14.571428,20.085714,9.142858,70.6,2.7714286,2.1714284,3.2285714,7.071429,16.185715,0.00021238625,0.0058376268,-7.345365000000001e-25,7.450581e-09,0.0,True
1997-05-12,109.36,30.099998,11.2,16.128572,6.9857144,75.82857,2.4285715,2.1571429,2.5,7.1571426,14.028571,0.00021210313,0.005449228,3.6898115e-07,2.3767352e-06,2.3432076e-06,True
1997-05-19,109.32507571346292,10.8,18.542858,25.257143,11.657143,74.77143,3.2000003,2.2571428,3.7714286,6.8428574,21.414286,0.00012259185,0.0050650835,-7.345365000000001e-25,1.1175871e-08,0.0,True
1997-05-26,109.265,8.5,14.17143,19.885715,9.085714,66.51429,3.0714285,2.3,3.6571429,6.6857142,18.214285,8.408725e-05,0.004685901,-7.345365000000001e-25,3.7252903e-09,0.0,True
1997-06-02,109.19,0.0,14.457143,19.7,7.457143,54.12857,3.9285712,1.8142856,4.571429,5.757143,18.971428,1.3411045e-07,0.004281543,-7.345365000000001e-25,0.0,0.0,True
1997-06-09,109.14,12.599999,19.27143,25.528574,12.885715,65.22857,3.6142862,1.5285714,4.385714,5.614286,22.285715,6.338954e-05,0.003885299,-7.345365000000001e-25,0.0,0.0,True
1997-06-16,109.15,48.2,19.585714,24.814287,14.3714285,69.91429,3.5714285,2.4142857,4.2571425,6.0142856,23.114286,0.00010186434,0.0035000741,-7.345365000000001e-25,3.7252903e-09,0.0,True
1997-06-23,109.17,40.6,14.800001,19.057144,11.6,80.62858,2.542857,2.3142858,2.5857143,7.0,18.714285,0.00029815733,0.0031935647,-7.345365000000001e-25,1.1175871e-08,0.0,True
1997-06-30,109.18,22.1,15.971429,20.742857,12.342857,79.3,2.585714,2.4428573,3.042857,8.3714285,19.2,0.00062021613,0.0029556975,-7.345365000000001e-25,3.7252903e-09,0.0,True
1997-07-07,109.18,21.199999,16.671429,21.67143,12.657144,78.957146,2.5142856,2.3428571,3.0714285,8.914286,20.214285,0.00016664714,0.0027464852,-7.345365000000001e-25,3.7252903e-09,0.0,True
1997-07-14,109.25,16.199999,19.9,26.571428,13.485715,69.685715,3.5714285,2.8285713,4.4714284,8.1285715,24.114286,3.938377e-05,0.0025506243,-7.345365000000001e-25,1.1175871e-08,0.0,True
1997-07-21,109.25,36.0,17.885715,23.085714,13.6285715,81.51429,2.5142858,2.2142856,3.0857143,8.242857,21.8,0.00016590953,0.0023629963,-7.345365000000001e-25,1.1175871e-08,0.0,True
1997-07-28,109.21,8.900001,20.114286,25.885715,14.828572,70.27143,3.2571428,2.785714,4.2285714,8.614285,23.3,0.00011147559,0.0022133738,-7.345365000000001e-25,1.1175871e-08,0.0,True
1997-08-04,109.15,4.4,19.52857,25.071428,14.185715,73.57143,2.6571429,2.0142858,3.5714285,8.0,22.928572,4.4375658e-05,0.0020565838,-7.345365000000001e-25,7.450581e-09,0.0,True
1997-08-11,109.1,6.7,22.7,29.785715,16.214285,62.600002,3.7571428,2.5142858,5.2285714,7.042857,25.485714,2.965331e-06,0.0019005835,-7.345365000000001e-25,1.1175871e-08,0.0,True
1997-08-18,109.05,11.3,22.1,29.757143,15.542857,66.98572,3.2857144,1.6142856,4.542857,6.242857,25.714285,8.530915e-06,0.0017271265,-7.345365000000001e-25,5.5879354e-09,0.0,True
1997-08-25,109.0,2.5,22.928572,31.27143,16.0,67.97143,2.942857,1.0714285,4.1285715,5.785714,25.685715,5.081296e-06,0.0015747324,-7.345365000000001e-25,7.450581e-09,0.0,True
1997-09-01,108.99,24.1,19.4,25.185715,14.957144,78.18572,2.1714287,1.4714286,2.9428573,6.1571426,22.285715,0.00011823326,0.0014506727,-7.345365000000001e-25,1.4901161e-08,0.0,True
1997-09-08,108.96,5.1,18.37143,24.057144,14.328572,78.58572,1.8428571,1.3142859,2.5714285,6.0857143,21.6,0.00012178719,0.0013582557,-7.345365000000001e-25,9.313226e-09,0.0,True
1997-09-15,108.92,6.2999997,14.314285,21.957144,8.2,70.11429,2.0714285,1.4428571,2.8428571,5.957143,18.057142,0.00010636449,0.001268886,-7.345365000000001e-25,5.5879354e-09,0.0,True
1997-09-22,108.89,0.0,14.557143,23.185715,7.857143,70.814285,1.7571429,0.9571429,2.7142856,5.8142858,17.685715,4.8458576e-05,0.0011880994,-7.345365000000001e-25,1.8626451e-09,0.0,True
1997-09-29,108.84,0.0,14.0,23.242857,6.6,70.50001,1.4857143,0.51428574,2.4428573,5.5,16.62857,1.4901161e-08,0.0011140257,-7.345365000000001e-25,5.5879354e-09,0.0,True
1997-10-06,108.82,0.0,14.2,21.885715,8.357142,73.04286,1.2428571,0.54285717,2.1,5.1571426,16.171429,1.0684133e-05,0.0010517538,-7.345365000000001e-25,7.450581e-09,0.0,True
1997-10-13,108.79,45.100002,14.6,18.428572,11.657143,78.51428,1.3428572,1.0571429,1.8571428,6.0,15.1,0.000659734,0.0009988174,-7.345365000000001e-25,1.3038516e-08,0.0,True
1997-10-20,108.79,10.3,8.471429,12.5,5.542857,88.1,0.4857143,0.44285712,0.7571429,7.6714287,10.271428,8.697808e-05,0.0009608716,-7.345365000000001e-25,0.0,0.0,True
1997-10-27,108.76,0.1,5.1285715,9.428572,1.557143,75.32857,0.5714286,0.45714286,0.94285715,7.7285714,6.9142857,4.4107437e-06,0.00092700124,-7.345365000000001e-25,0.0,0.0,True
1997-11-03,108.74,0.0,2.2285714,8.8,-2.5857143,70.61429,0.59999996,0.47142857,1.0285714,7.4428573,3.857143,4.4703484e-08,0.000897333,-7.345365000000001e-25,0.0,0.0,True
1997-11-10,108.71,32.3,8.885715,12.571428,5.3428574,82.5,0.5714286,0.5714286,0.8142857,8.157143,7.357143,0.00032912195,0.00087194145,-7.345365000000001e-25,0.0,0.0,True
1997-11-17,108.71,10.900001,6.2571425,9.285714,3.114286,85.77143,0.27142859,0.24285714,0.51428574,9.114285,6.5,0.00020205975,0.00085221976,-7.345365000000001e-25,0.0,0.0,True
1997-11-24,108.69,5.6,3.3714287,6.1285715,0.7571429,82.91429,0.25714284,0.22857144,0.5,9.428572,3.1571429,5.067885e-05,0.0008382946,-7.345365000000001e-25,1.4714897e-07,1.527369e-07,True
1997-12-01,108.68,11.4,5.0,7.728572,2.5142858,85.74286,0.27142856,0.27142856,0.41428572,9.471429,4.5571427,0.00011625141,0.00082770735,-7.345365000000001e-25,9.313226e-09,7.450581e-09,True
1997-12-08,108.67,9.5,0.54285717,2.557143,-1.2571429,88.98572,0.12857144,0.12857144,0.2857143,9.828571,0.8428571,7.195026e-05,0.00082007796,0.0073322514,0.003314333,0.010445356,True
1997-12-15,108.69,25.5,6.4857144,8.785714,4.3285713,82.12858,0.4857143,0.47142854,0.7571429,10.4,4.571429,0.0017763227,0.0008161068,0.0011977014,0.0072465166,0.00082439184,True
1997-12-22,108.72,25.0,1.1,2.7142856,-0.64285713,86.48572,0.08571429,0.08571429,0.45714286,10.642858,0.14285715,0.000986591,0.0008799732,0.0024580387,0.0019109733,0.008973137,True
1997-12-29,108.78,13.0,7.0285716,9.257143,4.857143,84.27143,0.5428571,0.5285714,0.78571427,10.557143,4.4857144,0.00040240586,0.0009304285,0.0016814811,0.008553846,0.00035969168,True
1998-01-05,108.81,18.1,7.5,10.342857,4.414286,75.057144,0.15,0.15,1.1714286,10.35,2.3,0.0010787249,0.0011121556,8.8600886e-05,0.00029622763,3.054738e-07,True
1998-01-12,108.84,2.2,6.1,11.314286,2.6285713,76.98572,0.6571428,0.6571428,0.7285714,10.157143,4.857143,2.4870038e-05,0.0013472736,-7.345365000000001e-25,6.2584877e-07,0.0,True
1998-01-19,108.84,21.599998,5.457143,8.514286,1.6857144,81.34286,0.58571434,0.5714286,0.62857145,10.285714,3.7142856,0.0008441657,0.0015851781,3.9112e-05,0.00026893988,0.0004950091,True
1998-01-26,108.88,7.5,0.7428571,2.5,-0.50000006,80.17143,0.24285714,0.24285714,0.62857145,10.514286,0.75714284,9.474158e-05,0.0018950626,0.002757697,0.0006963089,0.0046362206,True
1998-02-02,108.88,0.7,-4.3285713,-0.62857145,-7.4428573,80.114296,0.028571429,0.028571429,0.3857143,10.242857,-1.3428571,1.3515353e-05,0.0022686124,0.0034974474,0.0006544255,0.00040497258,True
1998-02-09,108.84,0.2,-0.29999998,6.2571435,-5.5428576,76.42857,0.44285712,0.42857143,0.59999996,10.1,-1.4,4.4956803e-05,0.0025393367,0.0023058823,0.0020085666,7.715076e-05,True
1998-02-16,108.81,0.0,7.2285714,14.828572,0.82857144,71.54286,0.90000004,0.7428571,1.2285715,9.728572,3.1571429,2.1830201e-05,0.0027117357,0.00029335136,0.0010656025,0.0,True
1998-02-23,108.8,17.7,7.714286,13.557143,2.857143,77.78571,0.87142855,0.7428571,1.0571429,9.528571,6.742857,0.00031595677,0.002803579,6.18753e-07,4.5280904e-06,0.0,True
1998-03-02,108.77,8.200001,7.4857144,10.585714,3.6571429,77.72857,0.95714283,0.88571423,1.2428571,9.8714285,6.8285713,9.9897385e-05,0.0028714687,1.7256964e-06,1.1634082e-05,1.7508864e-05,True
1998-03-09,108.86,21.0,9.085714,13.514287,5.971429,64.27143,1.9857142,1.8714286,2.5285716,9.942857,7.714286,0.00091566145,0.0029613897,1.561074e-05,1.5394762e-05,0.00012277812,True
1998-03-16,108.86,7.7,5.3142858,8.485715,1.8857144,76.21429,0.8714285,0.8,1.1,10.171429,6.042857,0.00027246773,0.0032371804,4.7433943e-05,0.000121537596,1.5649945e-05,True
1998-03-23,108.83,8.3,5.8857145,9.614286,2.4142857,70.61428,1.2571429,1.1428573,1.3857143,10.0,7.4,0.0002296567,0.0036026984,5.909375e-06,8.927658e-06,0.000119291246,True
1998-03-30,108.82,0.0,8.714286,15.428572,1.8857143,61.528572,1.8142856,1.5285714,2.3999999,9.642858,9.657143,1.0237098e-05,0.0038991794,3.455934e-05,0.0001064688,1.6316772e-06,True
1998-04-06,108.8,25.9,12.042857,18.185715,7.8142858,74.24286,1.8428571,1.7142857,2.2571428,9.414286,12.9,0.00027374923,0.0040147007,-7.345365000000001e-25,2.5331974e-07,0.0,True
1998-04-13,108.93400099395691,26.7,7.7428575,12.071428,4.728572,78.47143,1.5857143,1.542857,1.7,10.142858,10.428572,0.0005249828,0.004062772,3.5762787e-07,1.8104911e-06,3.5203993e-06,True
1998-04-20,108.865,33.3,7.3714285,11.928572,2.0428572,73.27143,1.6428572,1.5571429,1.9142857,10.1,9.3,0.00049613416,0.0042139366,1.2261527e-06,9.201467e-06,8.47131e-06,True
1998-04-27,108.94,18.1,14.085714,19.77143,8.814286,71.42857,2.357143,2.1285713,2.8428571,9.771428,15.828571,0.00352107,0.004445821,5.676633e-08,1.244247e-06,0.0,True
1998-05-04,108.93,1.3,11.971429,16.371428,7.871429,77.0,1.757143,1.6285715,2.2428572,9.957143,14.642858,0.0015044361,0.0046447143,-7.345365000000001e-25,0.0,0.0,True
1998-05-11,108.91,0.3,16.842857,23.557144,9.028571,60.200005,3.057143,2.4285712,4.214286,9.285714,18.62857,3.0472875e-05,0.0049109533,-7.345365000000001e-25,7.450581e-09,0.0,True
1998-05-18,108.87,0.0,18.542858,25.157145,10.842857,52.285713,4.2714286,2.7571428,5.3285713,7.6857142,22.042856,1.566112e-05,0.004806109,-7.345365000000001e-25,3.7252903e-09,0.0,True
1998-05-25,108.83,5.4,14.228572,20.157145,7.8428574,63.8,2.8428571,1.2571428,3.5142858,6.742857,19.457144,5.799532e-05,0.004551634,-7.345365000000001e-25,0.0,0.0,True
1998-06-01,108.77653907022876,17.6,16.9,22.385715,12.400001,74.07143,2.7714286,2.1142857,3.5,6.757143,20.2,0.0030395389,0.004311949,-7.345365000000001e-25,7.450581e-09,0.0,True
1998-06-08,108.805,12.0,20.77143,27.414288,14.585715,66.42857,3.6857142,2.8428571,4.5142856,7.142857,24.085714,0.00022991002,0.0040244684,-7.345365000000001e-25,1.1175871e-08,0.0,True
1998-06-15,108.78,26.1,14.757143,19.157145,10.785714,76.14286,2.4142857,2.2,2.9142857,7.8142858,18.585714,0.00032888353,0.003772378,-7.345365000000001e-25,3.7252903e-09,0.0,True
1998-06-22,108.76,15.400001,19.142857,24.585714,13.685715,69.15714,3.642857,2.9142857,4.2,7.4428573,22.185715,3.4421682e-05,0.0035514608,-7.345365000000001e-25,1.1175871e-08,0.0,True
1998-06-29,108.73,2.5,20.014286,25.542858,15.042857,64.942856,3.642857,2.457143,4.4,6.5285716,24.214285,2.9623508e-05,0.0032878742,-7.345365000000001e-25,1.1175871e-08,0.0,True
1998-07-06,108.69,0.4,18.085714,22.7,13.742857,65.17143,2.8,1.6285714,3.6285713,6.3142858,21.657143,2.3186207e-05,0.0030498356,-7.345365000000001e-25,1.1175871e-08,0.0,True
1998-07-13,108.68,14.299999,16.685715,21.300001,12.885715,73.15715,2.4285715,1.8428572,2.9857144,5.785714,19.014286,0.00012764335,0.0028552637,-7.345365000000001e-25,1.1175871e-08,0.0,True
1998-07-20,108.66,23.499998,18.942858,24.214285,13.2,70.67143,3.2285712,2.2285714,3.9142857,5.642857,21.114286,9.094179e-05,0.002665706,-7.345365000000001e-25,7.450581e-09,0.0,True
1998-07-27,108.64,7.2,21.028574,27.442858,15.728572,67.91429,3.3857143,2.0,4.2714286,5.285714,24.8,2.4318695e-05,0.0024487749,-7.345365000000001e-25,1.1175871e-08,0.0,True
1998-08-03,108.61,23.8,18.057142,23.485716,14.271429,76.314285,2.5857143,1.942857,3.2857144,5.428571,21.3,0.00027003884,0.0022612289,-7.345365000000001e-25,9.313226e-09,0.0,True
1998-08-10,108.59,0.0,22.628572,30.67143,14.0,58.47143,3.7,1.7714285,5.1285715,5.0571427,24.8,1.6987324e-06,0.0020859987,-7.345365000000001e-25,1.1175871e-08,0.0,True
1998-08-17,108.56,1.7,23.071428,31.442858,15.214286,55.81429,3.7,0.8714286,5.1571426,4.7,25.785715,1.4483929e-05,0.0018928647,-7.345365000000001e-25,5.5879354e-09,0.0,True
1998-08-24,108.53,11.1,18.357143,23.9,13.5,68.62858,2.6142857,1.2714287,3.457143,4.742857,21.27143,0.00010879338,0.0017287359,-7.345365000000001e-25,1.4901161e-08,0.0,True
1998-08-31,108.5,3.1,14.285714,20.214285,8.7,66.72857,1.9714285,1.2714287,2.8428571,4.8,17.62857,9.134412e-06,0.0016106814,-7.345365000000001e-25,1.8626451e-09,0.0,True
1998-09-07,108.5,29.4,17.142859,21.9,13.414286,78.52857,1.4714288,1.2571429,2.2142856,5.285714,18.528572,0.00028191507,0.0015096068,-7.345365000000001e-25,5.5879354e-09,0.0,True
1998-09-14,108.52,23.3,14.971429,19.4,12.342857,80.6,1.6285715,1.5142858,2.0142858,6.9142857,16.828571,0.0003143549,0.0014261752,-7.345365000000001e-25,1.1175871e-08,0.0,True
1998-09-21,108.52,14.5,13.242858,17.857143,9.257143,75.700005,1.5428572,1.4714286,2.0571427,9.057143,14.042857,0.00029879808,0.0013624504,-7.345365000000001e-25,9.313226e-09,0.0,True
1998-09-28,108.49,3.3000002,14.714287,20.77143,9.928572,77.9,1.2857143,1.1,2.1,8.971429,16.385714,2.3379922e-05,0.0013055652,-7.345365000000001e-25,5.5879354e-09,0.0,True
1998-10-05,108.47,13.6,11.471429,14.400001,9.114286,88.3,0.5714286,0.55714285,0.9857143,9.485714,13.5,0.00019977987,0.0012613684,-7.345365000000001e-25,1.8626451e-09,0.0,True
1998-10-12,108.45,24.9,11.014287,13.642858,9.114286,83.84286,0.7428571,0.7285714,1.1142857,10.442857,11.657143,0.00036046654,0.0012297258,-7.345365000000001e-25,7.450581e-09,0.0,True
1998-10-19,108.44,10.4,11.542857,15.857142,8.342857,82.65714,0.8428572,0.8428572,1.1857144,10.157143,12.171429,0.00012475252,0.0012076274,-7.345365000000001e-25,9.313226e-09,0.0,True
1998-10-26,108.5,40.399998,10.614286,14.442857,6.5,78.185715,1.0142858,0.9714286,1.2571429,10.514286,10.142858,0.0029353052,0.0011891127,-7.345365000000001e-25,1.8626451e-09,0.0,True
1998-11-02,109.25,72.5,9.271429,12.442858,6.0428576,80.3,1.2142857,1.2142857,1.2428571,11.6,8.771428,0.006948337,0.0038736388,-7.345365000000001e-25,1.1175871e-08,0.0,True
1998-11-09,109.3,18.0,7.642857,10.457144,4.414286,80.457146,0.55714285,0.55714285,0.88571423,10.885715,6.9142857,0.00035779178,0.0017266348,-7.345365000000001e-25,5.5879354e-09,0.0,True
1998-11-16,109.4,27.9,5.2571425,8.6,2.7000003,85.799995,0.3857143,0.3857143,0.51428574,10.928572,5.6571426,0.0006714165,0.0022008866,2.0674297e-05,8.243881e-05,0.00021402538,True
1998-11-23,109.3,3.1000001,-2.2857144,0.9142857,-5.1714287,80.314285,0.071428575,0.071428575,0.35714287,10.514286,0.37142858,1.2561679e-05,0.0028908253,0.0016333546,0.0001199916,0.0022626147,True
1998-11-30,109.12,5.1,1.0,2.6000001,-0.7571429,84.457146,0.12857142,0.12857142,0.40000004,10.385715,-0.18571429,0.00012499094,0.0035322607,0.0029134182,0.002729727,0.0041066855,True
1998-12-07,109.01,13.1,-0.15714289,1.2714285,-1.3857144,82.5,0.10000001,0.10000001,0.55714285,10.3,-0.08571429,9.179115e-06,0.0039038062,0.0051884823,0.0002294369,0.007555764,True
1998-12-14,109.05,17.1,3.1857142,4.9857144,0.58571434,87.15714,0.20000002,0.20000002,0.5285714,10.685715,0.95714283,0.0010128766,0.00417196,0.008164712,0.015420608,0.0043458603,True
1998-12-21,109.01,3.4,3.6571429,7.5,0.7571429,85.057144,0.27142859,0.27142859,0.35714287,10.3,2.9285715,6.854534e-05,0.0046636835,7.417089e-05,0.00016563945,0.00045720488,True
1998-12-28,108.94,5.3,5.3428574,7.8857145,1.7857143,74.542854,0.42857143,0.42857143,0.9285714,10.228572,2.057143,8.842349e-05,0.0051902086,0.0005715745,0.0010728892,0.0006329119,True
1999-01-04,108.89,6.5,4.142857,6.7999997,0.98571426,86.200005,0.1,0.1,0.42857143,10.1,2.1333334,0.00011450797,0.005446829,7.845107e-06,1.9762665e-05,2.9802322e-08,True
1999-01-11,109.21,22.099998,5.5285716,9.414286,2.6857145,82.21429,0.4857143,0.4857143,0.6571428,10.414286,4.5142856,0.00038300455,0.0055562705,0.0001580772,4.2671338e-05,0.0034913719,True
1999-01-18,109.12,4.0,5.1714287,8.257143,2.0,72.78571,0.5857143,0.5714286,1.1142857,10.342857,2.5,0.0002667606,0.0057802573,0.0034092267,0.008337215,0.0055940785,True
1999-01-25,109.01,7.0,3.5285716,8.757143,-0.6285714,83.557144,0.37142858,0.35714287,0.42857143,10.014286,2.5,1.8030405e-05,0.0061033815,0.00017160461,0.00046475977,1.1995435e-06,True
1999-02-01,109.29,23.3,0.90000015,4.1,-1.4,79.84286,0.31428573,0.31428573,0.64285713,10.657143,1.9,0.00067164004,0.0064614117,0.00087758474,0.00034272298,0.0026905537,True
1999-02-08,109.4,19.0,3.3142858,5.057143,1.3142859,82.74286,0.6428572,0.6428572,0.7571429,10.357142,1.4428571,0.00037724525,0.0072995797,0.0017533132,0.0031704903,0.005546797,True
1999-02-15,109.26,2.0,-2.614286,1.0428572,-5.7428575,80.92857,0.1,0.1,0.54285717,10.385715,0.08571429,1.9818544e-05,0.007963039,0.0078580035,0.0008701086,0.005227372,True
1999-02-22,109.62,43.7,4.4,6.6714287,1.7428571,87.01428,0.75714284,0.75714284,0.7571429,10.771428,2.2857144,0.0023954138,0.010430843,0.0045783976,0.013643136,0.0057666264,True
1999-03-01,109.73,6.6000004,4.1285715,8.257143,0.24285714,78.22858,0.88571423,0.87142855,1.1428572,10.457143,3.6857142,0.0003195107,0.013906084,0.0017329738,0.0037833415,0.003561996,True
1999-03-08,109.71,28.0,6.057143,9.3,3.7,80.88572,1.0428572,1.0285714,1.0714285,10.285714,6.7285714,0.00088562816,0.016035482,2.061753e-05,0.00019586645,0.00012001768,True
1999-03-15,109.99,23.3,8.414286,13.871429,3.5285716,80.24286,1.0285714,0.98571426,1.3285714,10.5,8.742857,0.000956513,0.020518273,1.3181141e-05,8.7482855e-05,5.699694e-07,True
1999-03-22,109.79,10.6,5.8,10.028572,2.3999999,70.21429,1.2428571,1.1142857,1.6,9.757143,7.7285714,0.00020082295,0.021848843,4.7116052e-07,2.1830201e-06,2.387911e-06,True
1999-03-29,109.89,28.800001,8.471429,12.300001,5.1571426,81.28571,1.0428572,0.9857143,1.4428571,10.1285715,9.385715,0.0026587695,0.020087086,1.1410032e-06,6.938353e-06,7.644296e-06,True
1999-04-05,109.71239333552138,0.6,11.985715,17.942858,6.6857147,71.21429,1.8142859,1.6142856,2.3999999,9.885715,12.985714,8.365512e-05,0.018325888,1.8165225e-07,1.270324e-06,0.0,True
1999-04-12,109.75,18.0,10.757143,15.3714285,6.8142858,74.67143,1.7285715,1.6142856,2.0571427,9.814285,12.571428,0.0002451688,0.016581044,-7.345365000000001e-25,1.8626451e-09,0.0,True
1999-04-19,109.79,23.9,6.1857147,10.900001,2.8428571,80.42857,1.4714286,1.4714286,1.5285714,10.114285,8.914286,0.00031657517,0.014882997,1.1239733e-06,5.4985285e-06,5.6289136e-06,True
1999-04-26,109.63,6.3,12.571428,18.128572,6.3,69.61429,2.357143,2.1857142,2.857143,10.042857,14.242857,0.00019320846,0.013380691,-7.345365000000001e-25,2.6077032e-07,0.0,True
1999-05-03,109.48,1.8,15.257143,21.87143,8.114286,67.64286,3.0857143,2.4714284,3.857143,9.1,18.071428,3.567338e-05,0.011914395,-7.345365000000001e-25,3.7252903e-09,0.0,True
1999-05-10,109.6,39.8,15.442858,20.257143,11.5,75.42857,2.3714287,2.114286,2.9142857,8.914286,17.971428,0.0002527982,0.010484882,-7.345365000000001e-25,7.450581e-09,0.0,True
1999-05-17,109.74,23.2,14.1,18.314287,9.914286,72.78571,2.357143,2.0571427,2.7,9.642858,17.285715,0.00019608438,0.009295553,-7.345365000000001e-25,7.450581e-09,0.0,True
1999-05-24,109.64454600043533,7.7999997,14.871429,19.557142,9.485715,73.27143,2.3428571,1.9142857,2.957143,8.914286,17.657143,0.00015262514,0.0082574785,-7.345365000000001e-25,0.0,0.0,True
1999-05-31,109.46,5.6000004,20.614286,27.042858,13.242858,63.914288,3.871429,2.7,5.071429,7.928571,23.885714,1.1399388e-05,0.007309176,-7.345365000000001e-25,7.450581e-09,0.0,True
1999-06-07,109.39,36.3,17.742857,24.34286,12.857142,70.27143,3.3142855,2.8142858,4.2428575,7.642857,21.614286,0.00032140315,0.006391734,-7.345365000000001e-25,7.450581e-09,0.0,True
1999-06-14,109.32,1.0,16.485714,21.314287,12.1,70.1,2.7285712,2.242857,3.4857142,7.9857144,20.442858,0.00023260713,0.0056955516,-7.345365000000001e-25,0.0,0.0,True
1999-06-21,109.24,10.7,17.328571,22.585714,11.471429,64.35714,3.2714288,2.3285713,4.0857143,7.3714285,21.671429,8.493662e-05,0.0050738975,-7.345365000000001e-25,7.450581e-09,0.0,True
1999-06-28,109.16,4.2,17.514286,23.7,10.757143,63.05714,3.6142857,2.4857142,4.4857144,7.114286,21.6,0.00010165572,0.0045247152,-7.345365000000001e-25,7.450581e-09,0.0,True
1999-07-05,109.1,28.2,22.385715,28.314287,16.0,67.442856,4.1142855,2.7285714,5.1285715,6.4714284,25.27143,0.000121861696,0.0040279627,-7.345365000000001e-25,1.1175871e-08,0.0,True
1999-07-12,109.08,22.800001,20.028574,24.485716,16.4,79.08572,2.5142856,2.2285714,3.1285713,8.0,22.571428,0.00050762296,0.0036292896,-7.345365000000001e-25,1.4901161e-08,0.0,True
1999-07-19,109.06,9.6,21.285715,27.157145,15.542857,66.82857,3.6857145,3.1285713,4.857143,8.314285,24.242857,6.978959e-05,0.0033235326,-7.345365000000001e-25,1.4901161e-08,0.0,True
1999-07-26,109.02,11.299999,19.614286,24.6,14.714286,68.1,3.371429,2.642857,4.1857142,7.5,23.285715,8.46535e-05,0.0030252635,-7.345365000000001e-25,1.1175871e-08,0.0,True
1999-08-02,108.96,0.0,22.0,29.100002,14.285714,52.600002,4.285714,2.1857142,5.8857145,6.2285714,25.428572,5.9083104e-06,0.002738379,-7.345365000000001e-25,7.450581e-09,0.0,True
1999-08-09,108.92,10.2,22.100002,28.728573,16.800001,72.15715,3.2285714,2.0714285,4.214286,5.9857144,25.12857,0.00014260411,0.002467692,-7.345365000000001e-25,1.1175871e-08,0.0,True
1999-08-16,108.91,12.1,17.6,22.285715,13.728571,74.0,2.2142856,1.7571429,3.042857,6.6571426,20.671429,0.00016719103,0.0022665337,-7.345365000000001e-25,1.4901161e-08,0.0,True
1999-08-23,108.86,3.4,16.9,23.142857,11.285714,68.01429,2.642857,1.8857142,3.6285713,6.3285713,20.071428,5.0976872e-05,0.0020952672,-7.345365000000001e-25,1.3038516e-08,0.0,True
1999-08-30,108.82,3.7,20.042858,26.2,14.542857,73.67143,2.1285713,1.4142857,3.1142857,6.0,22.414286,0.00026012957,0.0019304603,-7.345365000000001e-25,5.5879354e-09,0.0,True
1999-09-06,108.79,3.1,18.185715,24.914288,12.014285,70.78571,2.357143,1.4571428,3.3428571,5.6,21.27143,2.2880733e-05,0.0017939359,-7.345365000000001e-25,5.5879354e-09,0.0,True
1999-09-13,108.79,0.0,20.800001,29.414288,13.742858,67.88572,2.4714284,1.2285713,3.7142856,5.285714,22.571428,1.0669231e-05,0.0016622841,-7.345365000000001e-25,1.3038516e-08,0.0,True
1999-09-20,108.76,4.3999996,18.1,24.814287,12.385715,70.41429,1.7142856,0.6571428,2.8,4.8428574,20.814285,2.5570393e-05,0.0015362352,-7.345365000000001e-25,7.450581e-09,0.0,True
1999-09-27,108.71,37.7,17.714285,3.2285714,13.742858,78.15715,1.6285715,1.1428572,2.1857142,5.385714,19.1,0.00013684481,0.0014426783,-7.345365000000001e-25,5.5879354e-09,0.0,True
1999-10-04,108.69,22.4,14.17143,9.800001,12.371429,78.92857,1.2142857,1.1571429,1.8000001,6.6714287,14.928572,0.00030147284,0.0013690516,-7.345365000000001e-25,1.6763806e-08,0.0,True
1999-10-11,108.66,4.7,11.142858,15.485715,7.8428574,81.42857,0.7285714,0.6571428,1.2714285,7.3,12.385715,7.5899065e-05,0.0013109744,-7.345365000000001e-25,5.5879354e-09,0.0,True
1999-10-18,108.64,0.3,8.242857,14.771429,3.8142858,75.471436,0.8285714,0.64285713,1.4142857,7.1571426,10.857142,5.811453e-06,0.0012609512,-7.345365000000001e-25,1.8626451e-09,0.0,True
1999-10-25,108.62,16.5,9.085714,13.542857,4.714286,78.18572,0.64285713,0.55714285,1.1428572,7.1714287,9.242857,0.00016794354,0.0012130365,-7.345365000000001e-25,0.0,0.0,True
1999-11-01,108.60622362953605,7.2999997,10.900001,17.057142,5.4428573,83.34286,0.72857136,0.67142856,0.87142855,7.7285714,10.928572,4.5247376e-05,0.0011730716,-7.345365000000001e-25,1.8626451e-09,0.0,True
1999-11-08,108.59,14.2,8.585714,12.585714,5.8285713,85.35714,0.45714286,0.45714286,0.6571428,8.571428,9.114285,0.00022070855,0.0011388883,-7.345365000000001e-25,3.7252903e-09,0.0,True
1999-11-15,108.65,26.8,4.9857144,7.0,3.7,82.18572,0.37142858,0.3571429,0.6857143,9.442857,5.3285713,0.00038556755,0.0011151135,1.8278757e-06,4.6379864e-07,2.027303e-05,True
1999-11-22,108.59,14.6,0.25714284,1.9285715,-1.8142859,85.98572,0.17142858,0.17142858,0.45714286,9.585714,0.94285715,3.2141805e-05,0.0011021495,0.0028958092,0.00072067976,0.007541403,True
1999-11-29,108.57,2.7,3.5571427,7.6285715,0.34285715,85.15715,0.22857144,0.20000002,0.37142858,9.985714,2.0428572,0.00026342273,0.0010950565,0.0066946633,0.014208661,0.008541591,True
1999-12-06,108.59,15.799999,5.4,8.414286,2.3428571,78.52857,0.5,0.4857143,0.88571423,10.057143,3.7142856,0.0003478527,0.0010944009,0.00041693164,0.0015617479,0.00053473935,True
1999-12-13,108.59,44.7,7.571429,9.842857,5.2000003,78.6,0.7857143,0.7714286,1.1142857,10.271428,5.4428573,0.0004273802,0.0011160746,4.9613773e-05,0.000327548,2.656132e-06,True
1999-12-20,108.86,63.9,0.35714287,3.0142858,-1.9142858,89.41429,0.2,0.2,0.35714287,10.985714,1.2142857,0.0012275428,0.0013894513,0.006421742,0.0013082754,0.024420626,True
1999-12-27,109.09,27.599998,1.1285714,4.357143,-2.0857143,85.75714,0.54285717,0.54285717,0.5285714,10.885715,1.7,0.0037692934,0.003581874,0.013432571,0.022798091,0.00044127554,True
2000-01-03,109.26,7.3,3.1000001,4.8428574,1.3142856,87.442856,0.22500001,0.22500001,0.42857143,11.0,1.15,0.0004009232,0.0029040426,0.008416352,0.008957738,0.012037236,True
2000-01-10,109.19,12.400001,5.1714287,7.6714287,2.2428572,87.74286,0.2857143,0.2857143,0.44285718,10.3,3.6714287,0.00054962933,0.00398919,0.0010596514,0.004769845,0.0011831932,True
2000-01-17,109.15,0.0,1.7285715,3.9857144,-0.27142856,81.457146,0.21428572,0.21428572,0.4714286,10.314285,0.94285715,5.2556396e-05,0.005001314,0.00075891474,0.0009355899,0.00048091635,True
2000-01-24,109.11,8.8,1.6285715,4.285714,-0.1571429,82.042854,0.35714287,0.35714287,0.61428577,10.2,1.3142858,0.00034018606,0.0058239475,0.0007025344,0.00073437765,0.0022193566,True
2000-01-31,109.07,7.2000003,1.7285715,4.8142858,-2.0714285,77.12858,0.5714286,0.55714285,0.7428571,10.314285,1.1571429,0.0005173236,0.006386444,0.0012560572,0.0019320138,7.4096024e-06,True
2000-02-07,109.07,3.2,7.4000006,11.3714285,3.7428572,73.92857,0.7,0.7,1.0857142,10.228572,5.4428573,0.00010228157,0.007094674,1.8165225e-06,1.0591e-05,0.0,True
2000-02-14,109.1,24.6,5.428571,9.185715,1.8142859,78.85714,0.9142857,0.9142857,0.94285715,10.5,5.357143,0.00047823787,0.00764668,1.8051693e-05,6.1998144e-05,8.747727e-05,True
2000-02-21,109.27,22.7,4.157143,7.4714284,1.4428571,79.92857,0.85714287,0.85714287,0.9285714,10.614285,3.8428571,0.0010973439,0.00844799,0.0016380379,0.0046500005,0.0070591494,True
2000-02-28,109.32,10.6,6.3428574,11.185715,1.4428571,75.75715,0.95714283,0.95714283,1.2142857,10.242857,5.5285716,0.00029883534,0.010532841,0.00079936074,0.0025087278,1.0039657e-05,True
2000-03-06,109.4,27.8,5.1714287,8.757143,2.3142858,71.98572,1.3000001,1.2857143,1.4571428,10.5,5.742857,0.00088562816,0.011828631,1.31981715e-05,3.9988197e-05,5.2317977e-05,True
2000-03-13,109.42,0.7,9.057143,12.642858,5.5285716,73.67143,1.3142856,1.2285715,1.6857144,9.914286,9.0,0.0002015084,0.01307407,3.7181944e-06,2.431497e-05,0.0,True
2000-03-20,109.4,9.5,7.328572,10.157143,4.7000003,74.58572,1.1,1.0714285,1.4857142,9.828571,8.1285715,0.0003543645,0.013118789,3.803344e-07,2.7064234e-06,2.6784837e-06,True
2000-03-27,109.34,1.8000001,9.214286,15.300001,3.8571432,70.37143,1.3857143,1.2285713,1.9714286,9.6285715,10.642858,5.543232e-05,0.0127715245,1.70299e-08,2.4214387e-07,5.736947e-07,True
2000-04-03,109.44,41.9,7.585714,12.342857,2.557143,77.17143,1.3142859,1.2857143,1.6571429,10.4,8.6285715,0.0020431802,0.012738094,0.00028355917,0.0015615337,0.0015421696,True
2000-04-10,109.46,15.0,8.285714,13.928572,3.0857143,61.785713,2.1285713,1.8857143,2.6714287,9.942857,11.342857,0.0002568364,0.012306467,3.7636075e-06,2.6080757e-05,5.5879354e-08,True
2000-04-17,109.42,16.0,9.3714285,13.557143,5.657143,74.185715,1.8285714,1.7428571,2.0857143,9.514286,11.542857,0.00020575523,0.011928059,-7.345365000000001e-25,3.9115548e-08,0.0,True
2000-04-24,109.36,11.1,14.014287,20.414288,8.3,71.28571,2.2714286,1.9428571,2.9285715,9.071428,15.942857,0.000112235546,0.011302449,-7.345365000000001e-25,0.0,0.0,True
2000-05-01,109.29,2.6,16.300001,22.4,9.971429,74.34286,2.4714284,1.9714286,3.0571427,8.557143,18.542856,0.00012266636,0.010403745,-7.345365000000001e-25,1.1175871e-08,0.0,True
2000-05-08,109.28,18.1,18.042858,24.7,12.1,74.457146,2.9142857,2.4714284,3.6142857,8.314285,21.214285,0.0001628995,0.00947123,-7.345365000000001e-25,1.1175871e-08,0.0,True
2000-05-15,109.26,31.0,19.814287,26.071428,13.071428,66.37143,3.6428568,2.7142856,4.428571,8.042857,23.085714,0.00016839802,0.008452907,-7.345365000000001e-25,1.1175871e-08,0.0,True
2000-05-22,109.23,16.0,14.114286,19.157145,9.3714285,73.42857,2.6571429,2.2714286,2.957143,7.8142858,18.2,0.0001623109,0.0075005293,-7.345365000000001e-25,7.450581e-09,0.0,True
2000-05-29,109.22,10.799999,14.985715,20.457142,9.057143,69.828575,2.885714,2.2857144,3.3857143,7.428571,18.057142,5.3316355e-05,0.0067247152,-7.345365000000001e-25,3.7252903e-09,0.0,True
2000-06-05,109.28,56.5,18.785715,25.014286,11.814286,74.38572,3.2714286,2.7571428,4.1142855,7.9142857,21.657143,0.00024664402,0.0060262904,-7.345365000000001e-25,3.7252903e-09,0.0,True
2000-06-12,109.2252783231349,0.1,19.028574,24.442858,13.142858,65.52857,3.557143,2.5857143,4.4428573,7.457143,22.885714,0.00015683472,0.0053589568,-7.345365000000001e-25,7.450581e-09,0.0,True
2000-06-19,109.23,0.0,19.985716,26.785715,11.714286,55.885715,4.285714,2.1428573,5.285714,6.3428574,24.5,1.3485551e-05,0.004735671,-7.345365000000001e-25,7.450581e-09,0.0,True
2000-06-26,109.14,12.1,18.5,23.97143,13.67143,64.457146,3.5571427,1.5428572,4.2714286,5.7,22.942858,2.7649105e-05,0.0041438416,-7.345365000000001e-25,7.450581e-09,0.0,True
2000-07-03,109.1,12.800001,18.885715,24.914288,10.985715,59.8,3.9428573,1.9857142,4.785714,5.5857143,22.885714,2.3052096e-05,0.0036571696,-7.345365000000001e-25,7.450581e-09,0.0,True
2000-07-10,109.09,35.6,17.328571,21.87143,13.842857,77.42857,2.885714,2.4285715,3.142857,6.757143,20.514286,0.0005174875,0.0032599643,-7.345365000000001e-25,1.4901161e-08,0.0,True
2000-07-17,109.15,39.300003,13.871429,18.37143,10.857142,81.15715,2.1857142,2.1142857,2.5285716,8.214286,17.171429,0.0003951043,0.0029782876,-7.345365000000001e-25,7.450581e-09,0.0,True
2000-07-24,109.11,6.5,17.942858,23.2,11.7,72.957146,3.0142858,2.442857,3.6714287,8.142858,21.842857,0.00015334785,0.002744764,-7.345365000000001e-25,3.7252903e-09,0.0,True
2000-07-31,109.09,17.7,18.214285,23.328571,14.142858,81.47143,2.642857,2.5285716,3.1714287,8.914286,21.242857,0.00032015145,0.002544701,-7.345365000000001e-25,7.450581e-09,0.0,True
2000-08-07,109.11,23.2,18.9,24.4,13.785714,78.14286,2.5857143,2.3285713,3.3,9.2,22.057142,8.225441e-05,0.0023757368,-7.345365000000001e-25,7.450581e-09,0.0,True
2000-08-14,109.06,0.2,21.185715,28.542858,14.471429,71.48572,3.0857143,2.4142857,4.2285714,8.542857,24.928572,6.891787e-05,0.0022171661,-7.345365000000001e-25,7.450581e-09,0.0,True
2000-08-21,109.03,21.5,21.957144,27.785715,17.085714,76.9,2.8142858,2.3142855,3.4714284,8.014286,24.928572,0.00011526048,0.002049163,-7.345365000000001e-25,1.3038516e-08,0.0,True
2000-08-28,108.99,4.6,18.9,25.514286,13.685715,73.08572,2.6857142,2.1857142,3.6000001,8.414286,22.542856,8.326769e-05,0.0019034967,-7.345365000000001e-25,5.5879354e-09,0.0,True
2000-09-04,108.97,22.0,16.357143,21.84286,12.557143,80.457146,1.8142856,1.6285714,2.3857143,8.528571,19.342857,0.000104010105,0.001781337,-7.345365000000001e-25,9.313226e-09,0.0,True
2000-09-11,108.94,9.3,16.014286,21.87143,10.542857,80.5,1.7285713,1.5142858,2.457143,8.814285,18.2,4.3794513e-05,0.0016864538,-7.345365000000001e-25,3.7252903e-09,0.0,True
2000-09-18,108.93,30.2,16.914286,22.071428,13.057143,82.68572,1.6,1.3857143,2.0714285,8.814285,19.757143,0.0003183335,0.001586549,-7.345365000000001e-25,1.1175871e-08,0.0,True
2000-09-25,108.9,9.3,14.014285,19.142857,10.157143,86.314285,1.1428571,1.0714285,1.6,9.742857,16.171429,0.0024982393,0.0015131012,-7.345365000000001e-25,9.313226e-09,0.0,True
2000-10-02,108.89,21.4,16.042858,21.257143,12.1,86.21429,1.0000001,0.94285715,1.5142858,9.857142,17.185715,0.00018849969,0.0014562905,-7.345365000000001e-25,9.313226e-09,0.0,True
2000-10-09,108.88,17.5,11.028572,15.885715,7.6285715,84.51429,0.78571427,0.7571429,1.0857143,10.142858,13.171429,0.0002065748,0.0014133081,-7.345365000000001e-25,3.7252903e-09,0.0,True
2000-10-16,108.87,8.4,11.971429,15.700002,8.485715,85.4,0.8714285,0.84285706,1.1285714,10.428572,12.328571,0.00031802058,0.0013821796,-7.345365000000001e-25,3.7252903e-09,0.0,True
2000-10-23,108.86,3.9,11.2,15.014287,8.257143,90.65715,0.4571429,0.42857143,0.7285714,10.142858,12.157143,6.0245395e-05,0.0013641939,-7.345365000000001e-25,3.7252903e-09,0.0,True
2000-10-30,108.85,20.5,12.442858,16.228573,8.914286,77.37142,0.9142858,0.9142858,1.3714286,10.1,11.714286,0.0001282394,0.0013512075,-7.345365000000001e-25,9.313226e-09,0.0,True
2000-11-06,108.91,20.6,9.485715,13.557143,6.857143,80.07143,0.7285714,0.7285714,0.9142857,10.414286,9.085714,0.00046622753,0.0013445094,-7.345365000000001e-25,1.8626451e-09,0.0,True
2000-11-13,108.88,29.3,8.271429,12.471429,4.8714285,79.557144,0.59999996,0.5857143,0.9142857,10.314285,7.357143,0.0002976656,0.0013609529,-7.345365000000001e-25,1.8626451e-09,0.0,True
2000-11-20,108.94,9.6,5.7571425,9.742857,2.7857144,85.67143,0.34285718,0.3285714,0.44285718,10.8,6.214286,0.00024735183,0.0014138892,-7.345365000000001e-25,0.0,0.0,True
2000-11-27,108.92,11.5,6.585715,9.285714,3.1285713,86.57143,0.38571432,0.38571432,0.42857143,10.457143,5.8142858,0.00030197948,0.00152646,-7.345365000000001e-25,0.0,0.0,True
2000-12-04,108.9,2.1999998,7.857143,11.957144,4.5,91.01429,0.22857144,0.22857144,0.2857143,10.342857,6.6571426,0.00015200675,0.0016876385,-7.345365000000001e-25,0.0,0.0,True
2000-12-11,108.87,7.9,8.8714285,12.357142,5.1,82.557144,0.47142854,0.47142854,0.59999996,10.314285,6.8714285,0.00015810132,0.0018669665,-7.345365000000001e-25,0.0,0.0,True
2000-12-18,108.86,25.9,7.3,9.528572,5.3142858,80.85714,0.6285714,0.61428565,0.94285715,10.228572,6.071429,0.00023866445,0.0020337105,1.4418647e-06,4.058704e-06,6.8880618e-06,True
2000-12-25,108.86357275917386,5.4,0.18571432,2.2714286,-1.7285715,86.200005,0.10000001,0.10000001,0.35714287,10.357142,0.9,0.00026986748,0.0022441521,1.3113022e-06,2.2333115e-06,8.6054206e-07,True
2001-01-01,108.92,7.6,1.7714285,4.2714286,-0.55714285,88.58572,0.20000003,0.20000003,0.2857143,10.45,0.26666668,0.0001578927,0.0025164634,0.0023353894,0.0004925858,0.0059964173,True
2001-01-08,108.915,19.1,6.571429,9.542857,3.3,84.98572,0.5428571,0.5428571,0.61428577,10.671429,3.557143,0.0005332157,0.002806455,0.00085445814,0.0055632014,3.7252903e-09,True
2001-01-15,108.99,9.6,1.1857144,3.757143,-0.9714286,76.42857,0.3,0.3,0.64285713,10.514286,1.0857143,0.00028062612,0.003301315,2.459685e-05,4.0171668e-05,5.26011e-05,True
2001-01-22,109.0,14.4,0.12857144,3.7428572,-3.3428574,82.44286,0.15714286,0.15714286,0.31428573,10.285714,-0.44285715,0.00013498962,0.0038708523,0.0003757193,0.00076579116,0.0015715472,True
2001-01-29,109.03,20.4,5.6714287,9.642858,1.9428571,83.40001,0.64285713,0.64285713,0.5428571,10.8,2.5857143,0.00037811697,0.0043021217,0.00010757787,0.0009003449,3.2633543e-06,True
2001-02-05,109.09,34.1,4.085715,7.057143,1.0714285,84.41429,0.61428565,0.61428565,0.55714285,10.585714,2.3857143,0.0007922873,0.0049817935,0.0017605679,0.009802533,0.0095483735,True
2001-02-12,109.19,9.5,7.8428574,13.0,3.3142858,76.48572,0.9142857,0.90000004,1.0714285,10.328571,6.9,9.922683e-05,0.005871102,1.7353466e-05,0.00021177717,0.0,True
2001-02-19,109.19,10.0,4.8,9.585714,1.1,79.41429,0.8285714,0.8142857,0.7285714,10.285714,5.042857,0.00020714104,0.0067906007,0.00018578484,0.00039290637,0.00073430315,True
2001-02-26,109.18,15.1,2.4714286,5.7999997,-0.22857141,80.4,0.71428573,0.71428573,0.85714287,10.228572,3.0857143,0.00029683113,0.0071371347,0.0008857477,0.00072839484,0.0037807375,True
2001-03-05,109.16,15.0,3.4285715,7.5,-0.17142855,76.62858,0.88571423,0.88571423,1.0428572,10.3714285,2.8428571,0.00079051405,0.007363528,0.00292866,0.00824707,0.0061308295,True
2001-03-12,109.21,25.9,9.071428,11.6285715,6.057143,87.614296,0.8571429,0.8571429,0.94285715,10.685715,8.342857,0.0018988252,0.0083621815,0.00026663145,0.0011575036,0.0,True
2001-03-19,109.33,30.400002,8.842857,12.471429,6.2000003,80.22858,1.4,1.4,1.4142857,11.014286,9.514286,0.00094515085,0.01001405,2.3274194e-07,1.186505e-06,3.4309924e-06,True
2001-03-26,109.53,63.0,7.9000006,11.785714,4.471429,87.41429,1.1,1.1,1.0857142,11.3714285,8.9,0.0035782754,0.016935661,0.00012551603,0.0009847041,0.00095347315,True
2001-04-02,109.55,5.8,9.0,15.2,3.3285716,74.37144,1.6714286,1.5857143,1.9714286,10.328571,10.042857,0.00016934425,0.0226902,2.24227e-06,1.2399629e-05,2.5331974e-07,True
2001-04-09,109.5,12.5,9.828572,14.771429,5.657143,75.57143,1.7857141,1.6999999,1.9857142,9.771428,11.028571,0.0002309084,0.021472797,-7.345365000000001e-25,1.8626451e-09,0.0,True
2001-04-16,109.55243189929637,32.6,6.642857,10.542857,3.4142857,76.01429,1.6857144,1.6,1.6999999,9.985714,9.314285,0.000467211,0.019092597,0.000608904,0.0038600713,0.004599659,True
2001-04-23,109.52,16.800001,5.9857144,10.457144,1.5571429,76.67143,1.5142858,1.4857143,1.6999999,10.314285,8.728572,0.00029299408,0.01685772,0.00018787952,0.0008710399,2.3480505e-05,True
2001-04-30,109.52,17.5,12.571428,17.47143,7.8142858,75.91429,2.2571428,2.1714284,2.4142857,10.085714,13.685715,0.00024592876,0.0150434,1.1637097e-06,1.1283904e-05,0.0,True
2001-05-07,109.46,0.90000004,14.485715,18.67143,9.885715,74.52857,2.5142856,2.0714288,2.7857144,9.357142,16.885714,8.7186694e-05,0.013329349,-7.345365000000001e-25,1.4901161e-08,0.0,True
2001-05-14,109.44,4.2,17.6,23.885715,10.1285715,61.014286,3.8285716,2.9571426,4.342857,8.457143,19.2,6.043911e-05,0.011709377,-7.345365000000001e-25,0.0,0.0,True
2001-05-21,109.41,33.4,14.800001,20.085714,10.0,74.328575,2.8999999,2.542857,3.1857142,8.6,17.7,0.00020438433,0.01013799,-7.345365000000001e-25,7.450581e-09,0.0,True
2001-05-28,109.38,0.0,19.628572,26.228573,11.842857,58.585716,4.357143,2.742857,5.1,7.4857144,22.77143,5.9604645e-07,0.008701399,-7.345365000000001e-25,3.7252903e-09,0.0,True
2001-06-04,109.31728928672386,12.2,16.157145,20.885715,11.328572,64.15714,3.457143,1.8571427,4.042857,6.6,20.085714,7.726252e-05,0.007397078,-7.345365000000001e-25,3.7252903e-09,0.0,True
2001-06-11,109.325,21.9,13.985715,18.4,10.314286,78.814285,2.3428571,1.7142859,2.5857143,6.8,17.757143,0.00015623868,0.0064423755,-7.345365000000001e-25,3.7252903e-09,0.0,True
2001-06-18,109.29,24.4,16.842857,22.300001,11.428572,72.64286,3.2428572,2.6000001,3.642857,6.9714284,20.1,0.00031087548,0.005656339,-7.345365000000001e-25,7.450581e-09,0.0,True
2001-06-25,109.25,0.0,17.828571,24.142857,10.042857,61.54286,4.071429,2.5142858,4.7285714,6.3714285,21.842857,4.2691827e-06,0.004973404,-7.345365000000001e-25,3.7252903e-09,0.0,True
2001-07-02,109.18451750220628,14.9,21.02857,27.857143,14.157144,65.74286,4.1,2.5142858,5.0142856,6.2285714,24.828571,0.00016444921,0.004327096,-7.345365000000001e-25,7.450581e-09,0.0,True
2001-07-09,109.21218567387382,17.6,21.314287,27.057142,15.085715,61.600002,4.4714284,2.4285715,5.1857142,5.5142856,24.442858,4.3421984e-05,0.0037781224,-7.345365000000001e-25,1.4901161e-08,0.0,True
2001-07-16,109.16337090503714,20.8,18.042858,23.214285,13.7,73.28571,3.1142857,2.0714285,3.557143,5.642857,21.27143,0.00034695864,0.003340438,-7.345365000000001e-25,1.1175871e-08,0.0,True
2001-07-23,109.1200987646797,2.6,19.314287,25.142857,13.142858,65.48572,3.4857144,2.614286,4.3857145,6.1857142,21.914286,2.373755e-05,0.0030079335,-7.345365000000001e-25,7.450581e-09,0.0,True
2001-07-30,109.04686378678625,0.0,23.828571,31.728573,16.1,60.42857,4.1142855,2.085714,5.414286,5.4428573,27.085714,1.0877848e-06,0.0026716366,-7.345365000000001e-25,1.1175871e-08,0.0,True
2001-08-06,109.01,15.7,21.828571,27.985714,16.242857,67.65714,3.5285716,1.6,4.4428573,5.242857,24.828571,5.0731003e-05,0.0023623556,-7.345365000000001e-25,1.1175871e-08,0.0,True
2001-08-13,108.99,7.9,18.071428,24.185715,13.1,72.685715,3.0142858,2.0285714,3.5142858,5.285714,21.585714,4.889071e-05,0.0021459982,-7.345365000000001e-25,1.4901161e-08,0.0,True
2001-08-20,108.94,8.9,22.914288,29.828571,16.87143,69.1,3.357143,1.6285715,4.2571425,4.8285713,25.457144,9.1820955e-05,0.0019258708,-7.345365000000001e-25,7.450581e-09,0.0,True
2001-08-27,108.92,0.0,22.800001,30.6,15.985715,66.78571,3.2857144,1.2428571,4.428571,4.6714287,25.614286,4.2170286e-06,0.0017411634,-7.345365000000001e-25,7.450581e-09,0.0,True
2001-09-03,108.92,16.1,16.97143,22.957142,11.114286,70.957146,2.3,1.0714285,3.042857,4.6571426,20.62857,2.8043985e-05,0.0015775561,-7.345365000000001e-25,7.450581e-09,0.0,True
2001-09-10,108.91,18.5,13.028572,16.528572,10.657144,87.1,1.4857143,1.3428571,1.4857142,5.0,15.142858,0.00023375452,0.0014709309,-7.345365000000001e-25,1.1175871e-08,0.0,True
2001-09-17,108.94,39.3,12.5,16.485714,10.228571,83.442856,1.4142858,1.3428571,1.6428572,6.1571426,14.085714,0.00025454164,0.0013848394,-7.345365000000001e-25,1.1175871e-08,0.0,True
2001-09-24,109.08,26.8,11.328572,16.671429,6.7000003,83.84286,1.0999999,1.0571429,1.4857143,8.514286,13.342857,0.0005019456,0.0013135299,-7.345365000000001e-25,7.450581e-09,0.0,True
2001-10-01,108.95991165677972,7.6000004,14.028572,19.357143,9.342857,84.685715,1.1428572,1.0571429,1.5285714,9.085714,15.071428,0.00013291836,0.0012612045,-7.345365000000001e-25,3.7252903e-09,0.0,True
2001-10-08,108.88290654332616,25.0,15.428573,20.614286,11.885715,85.24286,1.2571429,1.1999999,1.6,9.5,16.671429,0.001175791,0.0012176707,-7.345365000000001e-25,7.450581e-09,0.0,True
2001-10-15,108.82977453108654,0.3,13.785714,21.12857,8.557143,84.542854,0.9714285,0.9,1.3571428,9.757143,15.1285715,2.9057264e-07,0.0011876598,-7.345365000000001e-25,3.7252903e-09,0.0,False
2001-10-22,108.81778882123288,8.900001,13.3,18.77143,9.6285715,85.42857,0.7714286,0.67142856,1.1,9.4,14.271428,8.1948936e-05,0.0011641756,-7.345365000000001e-25,7.450581e-09,0.0,True
2001-10-29,108.7642684710206,13.400001,12.442857,16.514286,9.214286,89.78571,0.58571434,0.5714286,0.7428571,9.857142,12.785714,0.000113129616,0.001147151,-7.345365000000001e-25,1.8626451e-09,0.0,True
2001-11-05,108.76,2.0,8.185715,14.742858,4.057143,84.90001,0.55714285,0.5428571,0.7714286,9.914286,9.271428,2.5689602e-05,0.0011329204,-7.345365000000001e-25,3.7252903e-09,0.0,True
2001-11-12,108.76,29.8,3.8142858,7.7714286,-0.18571435,84.44286,0.5714286,0.5714286,0.5285714,10.557143,5.0,0.00039112568,0.0011232421,1.3850984e-06,1.1790544e-06,3.3788383e-06,True
2001-11-19,108.74,5.8,1.6142857,4.471429,-1.1571429,87.07143,0.24285714,0.24285714,0.41428572,10.342857,1.9857143,0.00015237927,0.001127243,1.8846422e-05,2.0500273e-05,4.049018e-05,True
2001-11-26,108.72,20.3,4.785714,6.4000006,2.9857144,89.35714,0.3,0.3,0.4857143,10.442857,3.8,0.00048434734,0.0011440068,0.00013870852,0.0005272869,0.000581393,True
2001-12-03,108.81,36.7,7.585715,9.485715,5.6,92.957146,0.21428573,0.21428573,0.3857143,11.385715,6.642857,0.00087364763,0.0017340481,2.2627059e-05,0.00011700392,2.21394e-05,True
2001-12-10,108.84,4.0,3.9857142,7.228572,1.2714285,81.24286,0.34285715,0.3285714,0.5428571,10.5,4.0142856,0.00014400482,0.0015377402,-7.345365000000001e-25,5.364418e-07,5.2154064e-08,True
2001-12-17,108.81,0.0,-1.4714286,1.5,-4.6285715,76.8,0.114285715,0.114285715,0.51428574,10.1285715,-0.44285715,8.46386e-06,0.0018568337,6.1790146e-05,2.3543835e-06,0.00045618787,True
2001-12-24,108.79,10.5,-2.1571429,1.4857143,-6.6571426,83.8,0.12857144,0.12857144,0.35714287,10.157143,-0.5857143,1.3336539e-05,0.002090834,0.005048383,0.00041462108,0.011972696,True
2001-12-31,109.11,76.1,1.0428572,3.5,-1.3285714,88.78571,0.34285712,0.34285712,0.4,10.8,0.08571429,0.0034348592,0.004400328,0.01817482,0.016211215,0.037596248,True
2002-01-07,109.28,0.2,-6.428571,-2.3,-10.400001,82.35714,0.0,0.0,0.15714286,10.442857,-0.042857144,0.0,0.0033712015,0.032278053,0.0,0.00040394813,True
2002-01-14,109.2,0.9,-2.5714285,-0.5285714,-4.957143,92.40001,0.028571429,0.028571429,0.21428572,10.3,0.028571429,0.00012691319,0.004057668,0.029919216,0.0056801084,3.154576e-05,True
2002-01-21,109.16,2.3,1.6000001,3.7285717,-1.1999999,89.08572,0.25714287,0.25714287,0.4,10.2,0.75714284,0.00077174604,0.00445763,0.01838411,0.024460528,0.00034370646,True
2002-01-28,109.25,18.6,8.885715,11.842857,4.728572,79.114296,1.1142857,1.1142857,1.1285714,10.257143,6.142857,0.0005423054,0.0051742047,0.00047516823,0.0023780018,1.1995435e-06,True
2002-02-04,109.32646989109318,0.0,8.657143,14.614286,3.9285715,73.82857,0.9714285,0.9142857,1.0857142,10.028571,7.285714,1.5199184e-06,0.006475143,-7.2791902999999985e-25,3.1292439e-07,0.0,True
2002-02-11,109.38278779982464,33.1,9.114286,11.7,5.957143,79.75714,0.9857144,0.9857144,1.1857144,10.228572,7.542857,0.0008033216,0.007180661,3.0653817e-07,4.541129e-06,4.3325126e-06,True
2002-02-18,109.51901665667916,32.6,5.571429,9.885715,2.2714286,74.9,1.0571429,1.0285714,1.3000001,10.642858,5.957143,0.00172434,0.009019271,1.1353266e-08,2.2351742e-08,1.2777746e-06,True
2002-02-25,109.6854903772797,40.0,4.714286,7.2571435,1.2428572,80.97143,1.1428572,1.1428572,0.94285715,10.742857,3.9285715,0.0016992465,0.011986412,0.00024750686,0.0012287423,0.0013967939,True
2002-03-04,109.79,11.8,5.6857147,9.771429,2.4428573,76.37142,1.3000001,1.3000001,1.2857143,10.5,6.4428573,0.00036554039,0.016317837,0.00013193631,0.00045550242,0.00044123456,True
2002-03-11,109.76,4.2,7.1714287,13.357142,0.9142857,73.18572,1.3714286,1.2428571,1.5,9.885715,7.785714,7.207692e-05,0.017665789,3.3469427e-05,0.00017987937,0.0,True
2002-03-18,109.72,13.8,10.542857,17.228573,4.6714287,71.57143,1.5714285,1.3285714,1.8857144,9.4,10.985714,8.9898705e-05,0.016691513,-7.2791902999999985e-25,1.7136335e-07,0.0,True
2002-03-25,110.12,71.0,7.914286,10.385715,5.4,79.75714,1.3142856,1.3142856,1.1142857,10.714286,9.028571,0.0053169727,0.019436195,8.742015e-07,1.3876706e-06,4.9360096e-06,True
2002-04-01,110.1130132148485,0.0,6.785714,13.957144,-0.44285712,63.885715,1.8714286,1.5571429,2.2285714,9.771428,9.142858,5.5879354e-07,0.018059604,1.3623919e-06,4.2375177e-06,1.0058284e-06,True
2002-04-08,110.02,0.0,10.185715,16.571428,3.4857144,48.542854,3.142857,2.357143,3.7714286,8.685715,12.528571,4.4703484e-08,0.016802818,-7.2791902999999985e-25,2.0489097e-08,0.0,True
2002-04-15,109.91,15.5,8.471429,13.428572,3.3142858,66.200005,1.9571428,1.4857142,2.3142858,8.014286,10.757143,9.524822e-05,0.014889933,-7.2791902999999985e-25,0.0,0.0,True
2002-04-22,109.86,13.6,9.685715,14.871429,4.914286,80.07143,1.6857141,1.5285714,1.9857142,8.857142,11.8,0.00018027425,0.013028488,-7.2791902999999985e-25,0.0,0.0,True
2002-04-29,109.79,7.9,12.957144,18.2,8.157144,71.15714,2.4571426,2.2285714,2.6857142,8.728572,14.257143,0.00012359023,0.011314549,-7.2791902999999985e-25,0.0,0.0,True
2002-05-06,110.27,78.1,9.542857,12.800001,6.5142856,86.471436,1.5,1.4142857,1.5,10.042857,12.385715,0.0021317303,0.010962486,-7.2791902999999985e-25,0.0,0.0,True
2002-05-13,110.21,15.200001,16.328571,22.657145,10.3,74.44286,2.9285715,2.7142856,3.4714284,10.242857,18.328571,0.00031803548,0.009190954,-7.2791902999999985e-25,0.0,0.0,True
2002-05-20,110.07037200854256,1.1,17.414288,23.314287,11.471429,66.75714,3.4,2.7285712,3.8857143,9.4,20.7,8.9496374e-05,0.008517034,-7.2791902999999985e-25,7.450581e-09,0.0,True
2002-05-27,109.96,16.2,15.17143,20.114286,10.371429,76.22858,2.6285717,2.2571428,2.9714284,8.8714285,18.87143,0.0003130883,0.007828847,-7.2791902999999985e-25,0.0,0.0,True
2002-06-03,109.81,0.2,16.342857,22.77143,8.885715,59.728573,3.6142857,2.7857144,4.5142856,8.571428,20.2,3.6507845e-06,0.0071983486,-7.2791902999999985e-25,7.450581e-09,0.0,True
2002-06-10,109.82,26.2,17.4,22.47143,12.885715,74.88572,2.6571429,2.3142858,3.2571428,8.285714,20.657143,0.00025067478,0.006502606,-7.2791902999999985e-25,1.1175871e-08,0.0,True
2002-06-17,109.68,2.3,21.228573,26.985714,14.6285715,67.74286,3.8571427,2.828571,4.714286,7.9714284,23.328571,0.00011128187,0.005891219,-7.2791902999999985e-25,1.1175871e-08,0.0,True
2002-06-24,109.61,28.9,23.600002,29.785715,17.671429,70.84286,4.514286,3.1714287,5.1285715,6.9142857,27.414286,0.00020235032,0.0052423775,-7.2791902999999985e-25,1.4901161e-08,0.0,True
2002-07-01,109.55,4.0,18.714285,24.87143,11.385715,55.67143,4.4,2.3285713,5.2000003,6.3714285,23.785715,5.7965517e-06,0.004639402,-7.2791902999999985e-25,3.7252903e-09,0.0,True
2002-07-08,109.48,5.4,18.628572,24.214285,13.142858,69.071434,3.357143,1.7428571,3.9857142,5.9428573,21.4,4.8071146e-05,0.0041353256,-7.2791902999999985e-25,1.4901161e-08,0.0,True
2002-07-15,109.52,39.6,19.414288,24.314287,14.814286,77.54286,2.8857143,1.7714285,3.2,6.1285715,22.442858,0.00021074712,0.003696464,-7.2791902999999985e-25,1.4901161e-08,0.0,True
2002-07-22,109.92,71.0,17.828571,22.457142,13.085715,74.4,2.957143,2.5857143,3.3428571,9.185715,21.22857,0.005015515,0.003400907,-7.2791902999999985e-25,1.1175871e-08,0.0,True
2002-07-29,109.68,5.5,20.5,26.185715,14.957144,69.08572,3.2714288,2.5142858,4.1142855,8.214286,23.057142,2.039224e-05,0.0031507388,-7.2791902999999985e-25,1.1175871e-08,0.0,True
2002-08-05,109.56,15.7,20.285715,26.4,15.485715,75.71429,3.0714285,2.7285714,3.8,8.1285715,23.985714,0.0002027601,0.0029114708,-7.2791902999999985e-25,7.450581e-09,0.0,True
2002-08-12,109.49,13.799999,17.957144,23.114286,14.257143,81.557144,2.0285716,1.9142859,2.6571429,8.8714285,20.714285,0.00021290779,0.0027061403,-7.2791902999999985e-25,1.4901161e-08,0.0,True
2002-08-19,109.41,0.0,21.457144,28.357143,15.057143,69.9,3.2714286,2.5,4.1857142,8.514286,24.3,5.9604645e-06,0.002525404,-7.2791902999999985e-25,1.3038516e-08,0.0,True
2002-08-26,109.36,4.6,20.128572,26.114286,14.900001,75.5,2.4857142,2.0142858,3.3,8.314285,23.442858,0.000120066106,0.0023391023,-7.2791902999999985e-25,7.450581e-09,0.0,True
2002-09-02,109.37,25.0,19.128572,23.128572,15.914286,81.85714,1.9000002,1.642857,2.3285713,8.657143,21.842857,0.0002271682,0.002194047,-7.2791902999999985e-25,9.313226e-09,0.0,True
2002-09-09,109.31,15.6,18.257143,24.914288,12.757143,74.11428,2.2857144,1.8285713,3.0285716,8.285714,21.142857,4.9069524e-05,0.0020613,-7.2791902999999985e-25,5.5879354e-09,0.0,True
2002-09-16,109.29,5.4,14.7,20.714285,9.971429,73.542854,1.8857143,1.5285714,2.5142858,8.357142,17.87143,9.827316e-05,0.0019387528,-7.2791902999999985e-25,3.7252903e-09,0.0,True
2002-09-23,109.28,22.5,13.67143,19.02857,8.914286,79.6,1.2857143,1.1142857,1.7571429,8.271428,16.514286,0.0001911968,0.0018305928,-7.2791902999999985e-25,3.7252903e-09,0.0,True
2002-09-30,109.24,19.5,10.071428,14.942858,6.1285715,79.314285,1.0285714,0.90000004,1.4857142,9.528571,11.8714285,0.00019578636,0.0017507002,-7.2791902999999985e-25,3.7252903e-09,0.0,True
2002-10-07,109.23,29.5,11.900001,17.842857,7.1714287,82.88572,0.9857144,0.9285714,1.3285714,9.685715,13.585714,0.00062417984,0.0016793758,-7.2791902999999985e-25,5.5879354e-09,0.0,True
2002-10-14,109.21,1.1,9.528572,13.642858,6.0,79.314285,0.8000001,0.7285714,1.2857143,10.0,10.485714,3.2186508e-05,0.0016291663,-7.2791902999999985e-25,3.7252903e-09,0.0,True
2002-10-21,109.3,38.8,10.2,13.900001,6.571429,87.62858,0.74285716,0.74285716,0.8142857,10.614285,10.5,0.0007962957,0.0015968382,-7.2791902999999985e-25,7.450581e-09,0.0,True
2002-10-28,109.26,16.4,11.871429,16.2,8.314286,75.65715,1.5142858,1.4857142,1.7285715,10.642858,10.842857,0.00068017095,0.0015997738,-7.2791902999999985e-25,9.313226e-09,0.0,True
2002-11-04,109.35,37.5,11.1285715,13.785714,8.685714,88.42857,0.54285717,0.54285717,0.6857143,10.828571,10.685715,0.0020317137,0.0018159822,-7.2791902999999985e-25,7.450581e-09,0.0,True
2002-11-11,109.49,39.8,6.7285714,9.414286,3.3857143,86.8,0.5285714,0.5285714,0.62857145,11.2,7.3428574,0.0021826997,0.0026014298,-7.2791902999999985e-25,3.5576522e-07,3.427267e-07,True
2002-11-18,109.66,27.5,8.271429,11.985715,5.2000003,87.25714,0.38571426,0.38571426,0.5285714,11.185715,7.8285713,0.0010224134,0.0029732361,-7.2791902999999985e-25,1.8626451e-09,0.0,True
2002-11-25,109.62,6.8999996,7.0285716,10.1285715,4.0285716,88.88572,0.24285714,0.24285714,0.35714287,10.557143,6.6571426,0.00015096366,0.0040880293,-7.2791902999999985e-25,0.0,0.0,True
2002-12-02,109.54,6.8,7.8428574,10.528572,5.2571425,87.91429,0.29999998,0.29999998,0.37142858,10.571428,7.5,0.00011932105,0.004874654,-7.2791902999999985e-25,0.0,0.0,True
2002-12-09,109.52,0.9,2.957143,4.714286,1.7714287,78.92857,0.18571427,0.18571427,0.7,10.328571,3.5142858,4.0009618e-05,0.0052799135,4.314241e-07,1.4528632e-07,2.2947788e-06,True
2002-12-16,109.45,5.4,0.42857143,3.3,-2.1428573,79.52857,0.08571429,0.08571429,0.3857143,10.257143,-0.47142857,0.00012357533,0.0054567605,2.2820063e-06,3.6172569e-06,2.3543835e-06,True
2002-12-23,109.47,26.2,5.114286,7.5142856,2.2142856,85.57143,0.24285714,0.24285714,0.47142857,10.714286,2.0428572,0.00094103813,0.005718559,6.759167e-05,0.00015560724,0.00015356019,True
2002-12-30,109.51,15.8,8.6285715,10.685715,6.3428574,89.84286,0.35714287,0.35714287,0.4714286,10.8,6.4714284,0.00038166344,0.0059043616,3.5762787e-07,1.6149133e-06,0.0,True
2003-01-06,109.74,65.6,3.7714286,7.4000006,0.45714298,87.75714,0.3,0.3,0.5857143,10.9,6.3,0.0015719235,0.007399522,0.002011424,5.3737313e-05,0.0068834573,True
2003-01-13,109.67,7.7999997,-6.3857145,-3.0857143,-10.057143,79.78571,0.0,0.0,0.2857143,10.485714,-1.6,4.23193e-06,0.010430977,0.0070591597,6.2752515e-05,0.0063941665,True
2003-01-20,109.71,2.6999998,2.457143,5.3285713,-0.3571429,89.328575,0.35714287,0.35714287,0.32857147,10.314285,0.15714286,0.00032234192,0.011238873,0.005818134,0.011949897,1.6685575e-05,True
2003-01-27,109.68,18.2,4.157143,7.3,1.0857143,86.71429,0.44285718,0.42857146,0.45714286,10.314285,2.057143,0.00042749196,0.01125548,0.0007247698,0.0026915502,0.001988411,True
2003-02-03,109.78,24.6,1.2571429,3.6000001,-0.74285716,84.971436,0.5,0.5,0.55714285,10.442857,1.4285715,0.0005888641,0.011466011,0.0034769205,0.0038340576,0.0068175904,True
2003-02-10,109.78,4.4,1.2285715,3.957143,-1.1571429,82.88572,0.40000004,0.40000004,0.64285713,10.385715,0.4857143,0.00014099479,0.012008958,0.0061104693,0.0044818018,0.006330423,True
2003-02-17,109.73,0.0,-2.0285716,1.6142857,-5.2999997,68.02857,0.21428572,0.2,0.9285714,10.157143,-0.24285714,1.2487173e-05,0.012269951,0.0039800406,0.0005482137,0.00017756969,True
2003-02-24,109.66,0.0,0.5428571,7.057143,-4.9,66.64286,0.7142858,0.61428565,1.1142857,9.8714285,0.2,4.5493245e-05,0.012095235,0.002369506,0.0023530088,4.3213367e-07,True
2003-03-03,109.59,2.9,5.4428573,11.828572,0.5714286,74.77143,0.8,0.71428573,1.1,9.7,4.857143,0.00015719235,0.011665337,0.0002516962,0.0008014068,2.9429793e-07,True
2003-03-10,109.56,5.1,7.9857144,13.585715,2.5857143,71.02857,1.3285714,1.2285713,1.5714285,9.914286,7.885714,8.393079e-05,0.011073545,1.8846421e-06,9.026378e-06,0.0,True
2003-03-17,109.51,10.4,6.7428575,12.900001,1.7714285,62.21429,1.8428572,1.5714285,2.1714284,9.328571,7.757143,8.1695616e-05,0.010374561,-7.2791902999999985e-25,2.2351742e-08,0.0,True
2003-03-24,109.46,0.0,6.2571435,14.728572,-1.0571429,57.67143,1.957143,1.4857143,2.3857143,8.714286,8.457143,4.4703484e-08,0.009620182,-7.2791902999999985e-25,0.0,0.0,True
2003-03-31,109.43,2.3,12.642858,20.157145,5.928571,65.557144,2.0142856,1.5428572,2.6142857,8.157143,13.242857,9.223819e-06,0.008801565,-7.2791902999999985e-25,0.0,0.0,True
2003-04-07,109.39,12.1,6.3285713,11.685715,1.1285715,59.828575,2.2,1.7714283,2.3999999,7.742857,9.514286,0.00019262731,0.008001111,1.9272169e-05,4.1071326e-06,0.00023823977,True
2003-04-14,109.35,0.1,6.714286,13.028572,-0.47142866,55.328575,2.2857141,1.6,2.642857,7.1571426,9.7,6.1392784e-06,0.0072689652,9.780271e-05,0.00027067587,6.234646e-05,True
2003-04-21,109.32,0.5,13.471429,20.785715,5.942857,50.17143,3.8142855,1.8999999,4.428571,6.071429,15.1,5.684793e-06,0.006511219,1.5326908e-07,2.4177134e-06,0.0,True
2003-04-28,109.29,7.8999996,15.328572,22.27143,8.114285,62.971428,3.0714285,1.2428572,3.357143,5.757143,16.7,2.3245811e-05,0.0058014616,-7.2791902999999985e-25,0.0,0.0,True
2003-05-05,109.29,1.9000001,15.685715,22.442858,8.571428,63.957146,3.385714,1.5857142,3.4857142,5.5857143,16.914286,5.4121017e-05,0.0051767454,-7.2791902999999985e-25,3.7252903e-09,0.0,True
2003-05-12,109.26,12.5,17.328571,23.642857,11.957144,72.35714,3.242857,1.542857,3.7285714,5.4714284,20.342857,6.4097345e-05,0.004565753,-7.2791902999999985e-25,3.7252903e-09,0.0,True
2003-05-19,109.25,41.0,12.642858,17.414286,7.8,74.77143,2.3714287,1.7714287,2.5142858,5.7285714,15.814285,0.00018931925,0.0040645897,-7.2791902999999985e-25,7.450581e-09,0.0,True
2003-05-26,109.28,16.1,15.2,19.67143,11.228571,77.27143,2.6000001,2.1571429,2.7857144,6.4142857,17.257143,0.00011047721,0.0036750734,-7.2791902999999985e-25,1.1175871e-08,0.0,True
2003-06-02,109.24,4.3,20.585714,26.757143,14.371429,73.67143,3.6000001,2.5285714,4.1142855,5.885714,23.12857,8.598715e-05,0.0033095777,-7.2791902999999985e-25,7.450581e-09,0.0,True
2003-06-09,109.22,7.0,22.857143,29.857143,16.442858,66.97143,4.3714285,2.3428571,5.1857142,5.1,27.028572,1.899898e-05,0.0029414073,-7.2791902999999985e-25,1.1175871e-08,0.0,True
2003-06-16,109.2,14.9,23.185715,30.628572,17.028572,66.71429,4.6571426,2.042857,5.3428574,4.6571426,27.22857,8.470565e-05,0.0025812387,-7.2791902999999985e-25,1.1175871e-08,0.0,True
2003-06-23,109.15,3.4,21.542858,27.857143,15.0,59.457146,4.9000006,1.442857,5.285714,4.4142857,25.057142,3.8295984e-05,0.002278544,-7.2791902999999985e-25,7.450581e-09,0.0,True
2003-06-30,109.11,13.099999,22.285715,29.657145,15.214286,61.5,4.585715,0.8142857,5.3142858,4.2714286,26.442858,3.4064054e-05,0.0020048171,-7.2791902999999985e-25,7.450581e-09,0.0,True
2003-07-07,109.11,26.7,18.028572,23.085714,13.871429,72.88572,3.2857144,2.3428571,3.5857143,4.957143,21.057142,0.00011249632,0.0017978996,-7.2791902999999985e-25,1.4901161e-08,0.0,True
2003-07-14,109.03,0.0,21.914288,28.314287,14.300001,53.12857,5.2,1.3714285,5.7714286,4.257143,25.928572,1.4901161e-07,0.0016098917,-7.2791902999999985e-25,7.450581e-09,0.0,True
2003-07-21,108.98,10.3,24.300001,31.642857,15.871429,51.700005,4.8857145,1.1142857,5.8428574,4.1285715,26.242857,4.1805208e-05,0.0014139116,-7.2791902999999985e-25,7.450581e-09,0.0,True
2003-07-28,108.96,15.6,21.84286,28.042858,16.185715,67.42857,3.642857,1.6857144,4.2714286,4.1714287,24.971428,3.1724572e-05,0.0012625828,-7.2791902999999985e-25,7.450581e-09,0.0,True
2003-08-04,108.91,7.0,23.5,31.085714,15.2,59.57143,4.2999997,1.6571428,5.071429,3.9857142,26.057142,8.910894e-06,0.0011350289,-7.2791902999999985e-25,7.450581e-09,0.0,True
2003-08-11,108.86,0.0,27.67143,36.87143,18.671429,48.8,5.1285715,0.45714286,6.057143,3.5714285,29.042856,1.2218952e-06,0.0010041222,-7.2791902999999985e-25,7.450581e-09,0.0,True
2003-08-18,108.82,8.3,24.47143,32.9,16.914286,50.899998,4.4857144,0.8000001,5.585714,3.442857,26.785715,1.7791986e-05,0.00089265406,-7.2791902999999985e-25,1.1175871e-08,0.0,True
2003-08-25,108.78,0.0,21.800001,29.34286,14.342857,55.514286,3.7714286,0.3285714,4.785714,3.3285713,24.985714,7.599592e-07,0.0008025244,-7.325276e-25,7.450581e-09,0.0,True
2003-09-01,108.75,17.699999,17.828571,24.47143,12.285714,67.22857,2.6714284,1.1857144,3.2571428,3.6571429,20.942858,5.0723553e-05,0.00072642416,-7.345365000000001e-25,1.1175871e-08,0.0,True
2003-09-08,108.73,7.6,16.300001,23.385715,10.042857,63.257145,2.3428571,1.3285714,3.2,3.7857144,18.785715,4.9605966e-05,0.00067264587,-7.345365000000001e-25,5.5879354e-09,0.0,True
2003-09-15,108.71,7.0,15.185715,21.485716,9.914286,68.65714,2.0285714,1.3999999,2.8,4.114286,17.3,4.656613e-05,0.00062728673,-7.345365000000001e-25,5.5879354e-09,0.0,True
2003-09-22,108.68,0.2,18.0,28.67143,8.828572,60.885715,2.3,1.057143,3.3714287,3.5285714,19.814285,4.172325e-07,0.0005848184,-7.345365000000001e-25,1.8626451e-09,0.0,True
2003-09-29,108.66,10.1,13.17143,20.47143,7.428571,68.700005,1.5714284,0.7999999,2.3857143,3.4714286,15.885715,3.299117e-05,0.0005467683,-7.345365000000001e-25,5.5879354e-09,0.0,True
2003-10-06,108.64,32.2,12.67143,17.671429,8.528571,77.71429,1.1285714,0.84285706,1.6285714,4.0142856,13.6285715,5.6937337e-05,0.00051858276,-7.345365000000001e-25,5.5879354e-09,0.0,True
2003-10-13,108.62,39.899998,11.057143,14.785714,7.914286,76.5,1.0142858,0.9285715,1.5428572,6.257143,11.385715,0.00019666553,0.0004974529,3.40598e-08,7.5623393e-07,7.227063e-07,True
2003-10-20,108.6,12.0,6.4857144,11.942858,1.8000001,68.64286,0.9857143,0.7714286,1.6285714,6.1285715,8.571428,3.5345554e-05,0.0004765913,-7.345365000000001e-25,0.0,0.0,True
2003-10-27,108.6,4.2,3.4857144,7.7000003,0.0142857,79.057144,0.5285714,0.4714286,0.82857144,6.742857,5.1714287,6.5132976e-05,0.0004595071,3.8039117e-05,0.00010417588,0.00011881441,True
2003-11-03,108.54,8.5,7.557143,11.785714,3.3857143,81.42857,0.72857136,0.67142856,0.88571423,7.1285715,7.0285716,0.00012645125,0.00044479966,2.9859088e-06,1.3459474e-05,1.8626451e-08,True
2003-11-10,108.54,0.0,6.914286,13.057143,1.9285716,77.27143,0.55714285,0.44285718,0.81428576,7.3142858,6.3,9.685755e-08,0.0004312992,-7.345365000000001e-25,1.8626451e-09,0.0,True
2003-11-17,108.54,24.699999,5.942857,8.7,3.1000001,86.98572,0.3285714,0.3,0.4714286,7.5142856,5.614286,0.00012880564,0.00041938573,-7.345365000000001e-25,3.7252903e-09,0.0,True
2003-11-24,108.52,1.1,7.714286,11.271429,4.4,87.21429,0.27142859,0.25714287,0.4,8.271428,6.8428574,3.324449e-05,0.00040934235,-7.345365000000001e-25,1.8626451e-09,0.0,True
2003-12-01,108.52,22.2,6.4714284,9.185715,3.9428573,88.22858,0.24285719,0.21428572,0.3285714,8.9,6.1571426,0.00029431283,0.0004004836,-7.345365000000001e-25,1.15484e-07,1.4901161e-07,True
2003-12-08,108.49,0.1,3.2285714,5.571429,0.9571429,83.98572,0.17142858,0.14285715,0.34285715,9.1285715,3.2,1.00284815e-05,0.00039376318,-7.345365000000001e-25,3.1664968e-08,1.8626451e-08,True
2003-12-15,108.49,5.7000003,3.0142858,6.857143,-0.5285714,83.185715,0.5857143,0.5857143,0.41428572,9.342857,2.0285714,0.00019566715,0.00038853288,5.4949805e-06,5.87292e-06,0.00010493025,True
2003-12-22,108.47,13.1,3.5428574,6.9428573,0.35714284,81.971436,0.4714286,0.4714286,0.51428574,9.985714,2.2285714,6.5900385e-05,0.00038440526,0.00024546328,0.0004814826,0.0007423349,True
2003-12-29,108.45,3.1,1.8714286,5.857143,-1.9857143,76.02857,0.31428573,0.31428573,0.5,10.1,0.71428573,2.5436282e-05,0.00038129836,0.00028793016,0.00033481047,5.058199e-05,True
2004-01-05,108.48,5.1,-0.9285714,1.1428572,-3.8428574,81.07143,0.25,0.2,0.4,10.1,0.35,8.523464e-06,0.00037889928,0.004021883,0.00028113835,0.009019559,True
2004-01-12,108.44,45.0,5.3285713,7.857143,3.1285713,88.58571,0.45714283,0.45714283,0.44285712,10.671429,1.8142858,0.0012644082,0.00037743896,0.0023637158,0.008858914,5.4541975e-05,True
2004-01-19,108.54,33.0,4.3,7.0285716,2.0714285,82.1,0.7714286,0.7714286,0.6571428,11.1285715,3.6571429,0.0014793947,0.00065707415,0.00015492666,0.0001831092,0.0037770346,True
2004-01-26,108.59,10.7,0.45714286,3.4142857,-1.9142858,80.94286,0.24285717,0.24285717,0.3857143,10.642858,0.27142859,0.0002946928,0.0004357919,0.003008008,0.0029912796,0.004916329,True
2004-02-02,108.61,5.1,4.4428573,6.6285715,1.6857144,75.28571,0.8571429,0.82857144,1.1714286,10.3,2.2428572,0.0003504902,0.0005014166,0.009458122,0.01568085,0.011467047,True
2004-02-09,108.61,7.0,8.957143,13.314286,5.1714287,65.52857,1.4285715,1.3000001,1.8142856,9.8,6.6714287,0.0001270324,0.0005792156,4.9409413e-05,0.00018699281,0.00033787638,True
2004-02-16,108.64,8.9,3.7857144,6.914286,1.0142857,83.01428,0.51428574,0.51428574,0.59999996,10.042857,3.7142856,0.00019302964,0.00066536665,0.0022995586,0.004794657,0.005323358,True
2004-02-23,108.65,5.6,2.1571429,5.928571,-0.64285713,73.185715,0.74285716,0.6571428,0.9714286,10.0,2.1857142,0.00010120869,0.00075659156,0.0007381837,0.000731742,0.0018917322,True
2004-03-01,108.62,5.1000004,-0.3857143,3.7857144,-3.957143,71.52857,0.64285713,0.62857145,0.95714283,9.928572,0.2857143,3.7670135e-05,0.00084137917,0.0029251236,0.001397809,0.0029192343,True
2004-03-08,108.6,5.5,2.2428572,6.228572,-1.3285714,76.51429,0.8142857,0.7571429,1.0,9.842857,1.7,0.00015821308,0.000916712,0.0026330664,0.0050623287,0.0030733794,True
2004-03-15,108.58,6.3,4.6714287,8.971429,0.35714293,79.75715,0.9714286,0.9142857,1.1428572,9.942857,4.2285714,0.00024206936,0.0009846911,0.0020688374,0.0055498704,0.0048020035,True
2004-03-22,108.56,5.8,12.0,17.957144,6.514286,66.52857,2.0714285,1.8714286,2.3857143,9.428572,11.228572,0.00032357872,0.0010540932,1.1529241e-05,9.021349e-05,1.6391277e-07,True
2004-03-29,108.55,0.70000005,4.7999997,9.771429,0.04285715,63.34286,1.4142857,1.2142857,1.8714286,9.285714,6.742857,4.5858324e-05,0.0011272356,7.328533e-06,1.6467646e-05,2.251938e-05,True
2004-04-05,108.55,12.0,11.585715,17.57143,5.4714284,58.885715,2.442857,2.0,2.8999999,8.714286,12.014286,7.11903e-05,0.0011849329,7.606688e-07,5.180016e-06,0.0,True
2004-04-12,108.57,6.1,6.7571435,11.885715,1.8142856,71.98571,1.8428571,1.6285715,1.9285715,8.8,9.014286,0.00025236607,0.0012229905,7.0390246e-07,4.2691827e-06,4.258007e-06,True
2004-04-19,108.56,0.7,11.728571,18.171429,5.1142855,57.07143,2.7,2.085714,3.2285714,8.185715,13.357142,3.2283366e-05,0.0012441874,-7.2791902999999985e-25,4.8428774e-08,0.0,True
2004-04-26,108.54,0.0,13.142858,19.542858,5.7714286,61.157143,2.8999999,1.8857144,3.2714286,7.2,15.8714285,6.571412e-06,0.0012395233,-7.2791902999999985e-25,1.8626451e-09,0.0,True
2004-05-03,108.52,3.5,15.642858,22.257143,9.2,64.75715,2.914286,1.8142856,3.4142857,6.385714,18.2,0.00010062754,0.0012122691,-7.2791902999999985e-25,3.7252903e-09,0.0,True
2004-05-10,108.53,40.3,10.6285715,13.800001,8.028571,81.799995,1.6428572,1.4142858,1.6142857,7.5142856,12.885715,0.0004891157,0.0011860579,-7.2791902999999985e-25,0.0,0.0,True
2004-05-17,108.51,0.0,13.742857,19.671429,7.142857,66.67143,2.8857143,2.2285714,3.3285713,8.057143,16.885714,2.668798e-05,0.0011683479,-7.2791902999999985e-25,0.0,0.0,True
2004-05-24,108.5,1.1,14.585715,21.285715,7.3,58.714287,3.5857146,2.5714285,4.1285715,7.1857142,19.485714,1.8760562e-05,0.0011283457,-7.2791902999999985e-25,0.0,0.0,True
2004-05-31,108.47,5.8,15.371429,22.100002,6.571429,50.471428,3.957143,2.3428571,4.8285713,6.457143,19.742857,3.758073e-05,0.001078397,-7.2791902999999985e-25,0.0,0.0,True
2004-06-07,108.45,19.0,15.385715,21.785715,9.228571,77.0,2.542857,1.9142858,3.042857,6.8714285,18.757143,4.8294663e-05,0.0010278001,-7.2791902999999985e-25,0.0,0.0,True
2004-06-14,108.44,15.8,20.0,26.828571,13.342857,68.51429,3.9142857,2.7,4.7000003,6.614286,22.942858,8.7060034e-05,0.00097225606,-7.2791902999999985e-25,7.450581e-09,0.0,True
2004-06-21,108.41,5.8999996,16.728573,22.185715,10.714286,63.42857,3.4428573,2.2571428,4.2428575,6.0285716,20.428572,1.7978251e-05,0.00091750175,-7.2791902999999985e-25,3.7252903e-09,0.0,True
2004-06-28,108.38,1.6999999,19.285715,25.285715,12.728571,53.68572,4.414285,2.1,5.3142858,5.357143,20.957144,3.0517578e-05,0.00086496025,-7.2791902999999985e-25,7.450581e-09,0.0,True
2004-07-05,108.34,11.700001,18.171429,24.028574,12.528572,59.757145,3.8285713,1.6857144,4.428571,4.9428573,21.22857,4.87566e-05,0.0008030236,-7.2791902999999985e-25,1.1175871e-08,0.0,True
2004-07-12,108.34,22.3,17.185715,22.114286,13.028572,69.74286,3.0142858,2.2999997,3.7857144,5.5,19.62857,0.00018233061,0.00075327605,-7.2791902999999985e-25,7.450581e-09,0.0,True
2004-07-19,108.32,3.6,20.685715,26.557144,15.428573,67.91429,3.457143,2.5857143,4.2428575,5.3142858,22.285715,8.6553395e-05,0.00071325153,-7.284705e-25,1.1175871e-08,0.0,True
2004-07-26,108.3,17.3,21.728573,27.957144,15.971429,70.34286,3.642857,2.8,4.3857145,5.0285716,25.1,0.0001437515,0.00066868216,-7.345365000000001e-25,1.1175871e-08,0.0,True
2004-08-02,108.27,0.0,21.514286,29.100002,13.471429,55.257145,4.3,2.4,5.2714286,4.5,24.785715,1.1399388e-06,0.0006259531,-7.345365000000001e-25,1.1175871e-08,0.0,True
2004-08-09,108.25,1.4,24.357143,31.785715,17.128572,56.357143,4.1,1.2285713,5.542857,4.214286,26.385714,1.3910234e-05,0.00057688355,-7.345365000000001e-25,7.450581e-09,0.0,True
2004-08-16,108.23,26.3,20.485716,26.642857,16.014286,74.85714,2.857143,2.0285714,3.4285715,5.1857142,22.6,0.00012084842,0.00053702295,-7.345365000000001e-25,2.0489097e-08,0.0,True
2004-08-23,108.22,24.699999,19.214285,25.157145,14.328572,75.08572,2.7571428,2.4142857,3.2285714,5.571429,21.257143,4.6223402e-05,0.00050950795,-7.345365000000001e-25,9.313226e-09,0.0,True
2004-08-30,108.24,39.2,17.514286,22.27143,14.142858,79.90001,2.1,1.9857142,2.4714284,6.5857143,18.942858,0.00051008165,0.0004852116,-7.345365000000001e-25,1.4901161e-08,0.0,True
2004-09-06,108.21,0.0,18.814287,26.328571,11.885715,69.08572,2.6571426,2.0428574,3.5714285,6.571429,21.028572,9.23872e-07,0.00046303868,-7.345365000000001e-25,9.313226e-09,0.0,True
2004-09-13,108.2,6.0,18.585714,25.4,12.257143,63.8,2.757143,2.0428572,3.5285714,5.9,21.028572,2.373755e-05,0.000436835,-7.345365000000001e-25,7.450581e-09,0.0,True
2004-09-20,108.18,4.5,14.685715,20.928572,8.942858,74.67143,1.6714287,1.1571428,2.2,5.928571,17.22857,2.1532178e-05,0.00041604787,-7.345365000000001e-25,5.5879354e-09,0.0,True
2004-09-27,108.17,20.9,12.900001,15.814286,10.528572,79.614296,1.257143,1.1142857,1.6857144,6.2714286,14.071428,0.0003393665,0.00040160865,-7.345365000000001e-25,1.3038516e-08,0.0,True
2004-10-04,108.16,2.3,14.614286,19.7,10.571428,82.51429,1.057143,0.88571423,1.4428571,6.8,15.471429,6.200373e-05,0.00039112568,-7.345365000000001e-25,7.450581e-09,0.0,True
2004-10-11,108.15,29.7,12.657144,16.514286,9.542857,80.1,0.9285715,0.81428576,1.3428571,7.6285715,13.842857,0.00020419806,0.00037985295,-7.345365000000001e-25,1.8626451e-09,0.0,True
2004-10-18,108.12,21.5,9.1285715,13.942857,5.471429,83.65715,0.8142857,0.7714286,0.95714283,8.814285,10.257143,0.000161767,0.0003708452,-7.345365000000001e-25,1.8626451e-09,0.0,True
2004-10-25,108.12,10.9,12.814286,18.985716,7.3,82.35714,0.87142855,0.81428576,1.0571429,9.257143,11.985714,8.767098e-05,0.0003639832,-7.345365000000001e-25,5.5879354e-09,0.0,True
2004-11-01,108.131599873436,33.0,10.928572,13.771429,8.357142,89.58571,0.44285718,0.44285718,0.59999996,9.971429,11.157143,0.00029157847,0.00035839528,-7.345365000000001e-25,5.5879354e-09,0.0,False
2004-11-08,108.1,7.9,9.157143,12.1,6.5,87.07143,0.3857143,0.35714287,0.5,9.942857,9.671429,0.00012212992,0.00035538524,-7.345365000000001e-25,0.0,0.0,True
2004-11-15,108.1,18.6,2.7000003,5.2428575,0.44285718,88.35714,0.2857143,0.2857143,0.35714287,10.242857,3.2714286,0.00018019974,0.00035393983,0.002519074,0.004606148,0.0058215447,True
2004-11-22,108.1,12.2,5.5142856,8.242857,2.2571428,78.72858,0.64285713,0.64285713,0.85714287,10.228572,4.457143,0.00021269172,0.0003548488,0.00027527128,0.0014077257,9.108335e-05,True
2004-11-29,108.1,3.5,4.9428573,7.857143,1.7285715,88.44286,0.28571433,0.25714287,0.31428573,10.228572,4.571429,9.034574e-05,0.00035880506,1.5781039e-06,1.3560057e-05,7.450581e-09,True
2004-12-06,108.08,2.6,3.8285716,5.7428575,1.9,89.72857,0.15714286,0.15714286,0.25714287,10.242857,3.642857,2.0705163e-05,0.0003662631,-7.345365000000001e-25,1.1920929e-07,0.0,True
2004-12-13,108.07,0.0,-0.22857141,0.9285714,-1.8000001,88.27143,0.057142857,0.057142857,0.2857143,10.2,0.62857145,2.3841858e-07,0.00037563592,3.8374037e-06,1.4901161e-06,1.6827136e-05,True
2004-12-20,108.06,19.3,0.71428573,3.3,-1.7285715,87.200005,0.3142857,0.3142857,0.31428573,10.485714,0.12857144,0.00029310584,0.000385724,0.0018968014,0.00091596134,0.00766002,True
2004-12-27,108.05,8.9,2.7285714,5.2571435,0.21428573,85.64286,0.2857143,0.2857143,0.42857143,10.5,1.4571428,0.00037232786,0.00039981306,0.0032048908,0.008269604,0.0023369677,True
2005-01-03,108.05,6.1,3.7000003,5.8857145,1.3428572,85.42857,0.2,0.2,0.5,10.375,0.625,0.00023072213,0.00043070316,0.0021500986,0.0047091786,0.0037391484,True
2005-01-10,108.04,7.7000003,7.228572,11.028571,3.3714287,78.48572,0.8285714,0.81428564,0.7571429,10.2,4.9857144,0.00021145493,0.00048234314,2.0674297e-05,0.000116087496,0.0,True
2005-01-17,108.04,3.4,2.9,6.428571,-0.27142856,84.67143,0.38571426,0.35714287,0.4,10.114285,2.6857142,4.0113926e-05,0.0005514845,-7.345365000000001e-25,1.15484e-07,1.4528632e-07,True
2005-01-24,108.07,14.5,3.8142858,6.8285713,1.0714285,76.91429,0.7999999,0.7999999,0.87142855,10.442857,2.7142856,0.00043049455,0.00062054396,0.00045466423,0.00031561963,0.0032395609,True
2005-01-31,108.06,5.1,-2.4428573,-0.25714287,-5.114286,73.64286,0.042857144,0.042857144,0.64285713,10.242857,-0.14285715,8.497387e-05,0.00070621073,0.005986225,0.0010377504,0.0072287507,True
2005-02-07,108.07,1.7,1.6428572,4.7000003,-0.67142856,78.71429,0.50000006,0.4857143,0.61428577,10.171429,0.47142857,0.0002778694,0.0007971078,0.003946554,0.006871393,0.00071553886,True
2005-02-14,108.09,27.199999,4.457143,8.171429,1.3000001,82.314285,0.82857144,0.82857144,0.75714284,10.514286,2.7571428,0.00083646923,0.0009151846,0.0010527429,0.002734173,0.005213961,True
2005-02-21,108.11,15.099999,-0.17142858,1.6428572,-1.9714286,81.471436,0.18571427,0.18571427,0.6571428,10.585714,0.32857144,3.671646e-05,0.0011437386,0.011313484,0.0015098304,0.014369559,True
2005-02-28,108.15,13.7,-3.1714287,0.67142856,-7.3,78.314285,0.10000001,0.10000001,0.62857145,10.342857,0.14285715,6.502122e-05,0.0013759881,0.021015514,0.0032092724,0.012098711,True
2005-03-07,108.16,2.6999998,-3.3857143,1.6142857,-8.8,68.74286,0.3,0.3,0.85714287,10.228572,0.1,9.457022e-05,0.001555033,0.01890888,0.0046756435,0.0037739612,True
2005-03-14,108.18,5.8,3.114286,6.8714285,-0.71428573,75.685715,1.1,1.0857143,1.1571429,10.114285,2.2571428,0.0007839352,0.0017231852,0.008558716,0.01878794,0.0034156293,True
2005-03-21,108.25,0.0,11.671428,17.857143,5.8142858,62.94286,2.1571429,1.7857143,2.6285713,9.471429,11.457143,7.31349e-05,0.0020596609,0.00047348227,0.002890529,0.0,True
2005-03-28,108.29,8.2,11.885714,16.957144,7.2000003,76.78571,1.3428572,1.2285713,1.8142856,9.271428,12.571428,0.0009050071,0.0023396835,-7.345365000000001e-25,2.2910535e-07,0.0,True
2005-04-04,108.31,13.4,11.214286,17.542858,5.2000003,65.37143,1.9857142,1.7714285,2.4285715,9.657143,12.857142,0.0001282692,0.0025478005,-7.345365000000001e-25,0.0,0.0,True
2005-04-11,108.32,17.2,8.814286,13.257143,4.1,75.12858,1.7857144,1.6714287,1.8428571,9.414286,10.7,0.00036039948,0.002708912,-7.345365000000001e-25,3.091991e-07,3.7252903e-07,True
2005-04-18,108.32,35.699997,12.285714,18.7,6.9000006,71.442856,1.9714286,1.7142857,2.357143,9.1285715,13.6,0.0002514273,0.002825044,-7.345365000000001e-25,7.264316e-08,0.0,True
2005-04-25,108.34,26.4,9.857142,14.514287,5.2285714,77.88572,1.7857143,1.6999999,1.9571428,10.357142,12.8,0.00087222457,0.0030878559,-7.345365000000001e-25,0.0,0.0,True
2005-05-02,108.36,3.5,16.585714,23.77143,9.471429,66.67143,3.2571428,2.8142858,3.6571429,9.8,18.27143,6.6146255e-05,0.0033990443,-7.345365000000001e-25,7.450581e-09,0.0,True
2005-05-09,108.37,26.8,11.6285715,16.242857,7.9428573,76.557144,2.3285716,2.2714286,2.457143,9.6,14.485714,0.00043572485,0.0035237595,-7.345365000000001e-25,9.313226e-09,0.0,True
2005-05-16,108.38,13.6,11.7,17.6,5.357143,65.58572,2.7714286,2.4428573,3.1571429,9.328571,14.942857,0.00016053021,0.003529586,-7.345365000000001e-25,0.0,0.0,True
2005-05-23,108.37,14.9,14.414286,20.17143,8.957143,72.5,2.6714287,2.3999999,3.1142857,9.271428,17.485714,0.00025518239,0.0034713522,-7.345365000000001e-25,0.0,0.0,True
2005-05-30,108.36,1.0,21.042858,28.300001,12.728572,62.014286,4.428571,3.5428574,5.0,8.6285715,24.185715,1.8537045e-05,0.003340587,-7.345365000000001e-25,7.450581e-09,0.0,True
2005-06-06,108.34,3.8999999,16.585714,22.7,10.214286,61.67143,3.785714,2.8,4.342857,7.428571,21.142857,8.34167e-05,0.0031630024,-7.345365000000001e-25,3.7252903e-09,0.0,True
2005-06-13,108.3,0.0,13.614286,19.67143,6.2571425,57.74286,3.442857,1.9571428,3.9428573,6.3285713,18.8,9.283423e-06,0.0029875785,-7.345365000000001e-25,0.0,0.0,True
2005-06-20,108.27,2.0,20.642857,27.042858,13.242858,61.2,4.342857,1.2714285,4.8285713,5.9142857,23.757143,7.0899725e-05,0.0028027818,-7.345365000000001e-25,7.450581e-09,0.0,True
2005-06-27,108.25,6.4,24.885714,32.07143,17.614286,57.44286,5.2714286,1.0857143,6.057143,5.642857,28.042856,5.5596232e-05,0.0025488734,-7.345365000000001e-25,1.4901161e-08,0.0,True
2005-07-04,108.24,27.3,21.528574,27.914288,16.257143,68.65714,3.7714286,2.5285716,4.6714287,6.214286,24.314285,0.00034309924,0.0023237392,-7.345365000000001e-25,1.1175871e-08,0.0,True
2005-07-11,108.25,29.5,16.957144,23.085714,11.328572,72.08572,3.1714287,2.6285713,3.7142856,6.8,20.214285,0.00015631318,0.0021612942,-7.345365000000001e-25,1.1175871e-08,0.0,True
2005-07-18,108.23,3.3,23.071428,30.985716,14.900001,59.87143,4.7571425,3.3000004,5.6142855,6.142857,26.014286,2.5764108e-05,0.0019851401,-7.345365000000001e-25,1.1175871e-08,0.0,True
2005-07-25,108.21,16.9,18.857143,23.385715,14.742858,67.700005,3.1857145,2.1142857,3.7714286,5.614286,21.37143,9.3370676e-05,0.0018194765,-7.345365000000001e-25,1.8626451e-08,0.0,True
2005-08-01,108.2,15.799999,22.142857,28.97143,15.428572,65.42857,3.914286,2.6142857,4.8285713,5.742857,24.8,2.9824674e-05,0.0016750172,-7.345365000000001e-25,7.450581e-09,0.0,True
2005-08-08,108.19,12.5,16.685715,21.928572,11.985715,71.67143,2.7428572,2.1714284,3.2,5.8,20.028572,0.00017815828,0.0015451834,-7.345365000000001e-25,7.450581e-09,0.0,True
2005-08-15,108.17,30.8,16.357143,22.685715,11.1285715,74.685715,2.6857145,2.0285714,3.1857142,5.4714284,19.585714,0.00010789931,0.0014348254,-7.345365000000001e-25,7.450581e-09,0.0,True
2005-08-22,108.15,5.3,19.17143,24.6,14.6285715,76.01428,2.5714285,2.0714285,3.2,6.0,21.057142,0.00014461577,0.0013397187,-7.345365000000001e-25,1.3038516e-08,0.0,True
2005-08-29,108.16,3.5,17.77143,24.128572,12.085715,70.71429,2.5428574,1.9142857,3.3,6.257143,20.385714,6.2935054e-05,0.0012596548,-7.345365000000001e-25,7.450581e-09,0.0,True
2005-09-05,108.13,0.5,21.9,29.114286,15.228572,65.35714,3.142857,1.8428572,4.142857,5.5142856,23.942858,2.488494e-06,0.0011718795,-7.345365000000001e-25,1.1175871e-08,0.0,True
2005-09-12,108.1,11.1,20.642857,27.0,15.571428,72.4,2.0285714,1.1142857,3.0142858,5.6285715,22.485714,0.00021286309,0.0010893047,-7.345365000000001e-25,7.450581e-09,0.0,True
2005-09-19,108.09,24.3,15.028572,19.77143,10.471429,74.40001,1.6285714,1.3428572,2.1857142,6.9142857,16.942858,0.00014653802,0.0010353029,-7.345365000000001e-25,7.450581e-09,0.0,True
2005-09-26,108.05,0.0,14.428572,22.414288,7.7714286,72.54286,1.6571429,1.2285713,2.3428571,6.757143,16.914286,8.6426735e-07,0.00098221,-7.345365000000001e-25,3.7252903e-09,0.0,True
2005-10-03,108.08,37.0,13.057143,16.300001,10.071428,82.0,0.91428566,0.7857142,1.4285715,7.0,14.571428,0.0006260276,0.00093782693,-7.345365000000001e-25,9.313226e-09,0.0,True
2005-10-10,108.05,0.2,14.685715,19.985716,10.728571,83.68572,0.87142855,0.7428571,1.3857143,8.057143,15.071428,4.8950315e-05,0.0009069368,-7.345365000000001e-25,1.3038516e-08,0.0,True
2005-10-17,108.04,0.0,11.457143,18.84286,5.8142858,77.28571,0.9285714,0.7285714,1.4714286,7.742857,12.928572,8.940697e-08,0.0008762181,-7.345365000000001e-25,0.0,0.0,True
2005-10-24,108.02,8.8,11.642858,16.257143,7.0285716,80.62858,0.82857144,0.75714284,1.2142857,7.8,12.114285,3.4086406e-05,0.0008493811,-7.345365000000001e-25,7.450581e-09,0.0,True
2005-10-31,108.0,3.3,13.300001,19.47143,8.542857,82.971436,0.7714286,0.6285714,1.1285714,7.8428574,12.928572,9.022653e-06,0.0008256212,-7.345365000000001e-25,5.5879354e-09,0.0,True
2005-11-07,107.99,14.5,11.228571,15.985715,6.6285715,83.62858,0.65714294,0.64285713,0.7714286,8.1285715,11.0,0.00019430369,0.0008045584,-7.345365000000001e-25,1.8626451e-09,0.0,True
2005-11-14,107.98,0.0,7.1,12.385715,2.5285716,85.0,0.35714287,0.31428573,0.4857143,8.342857,7.571429,1.5497208e-06,0.00078656524,-7.345365000000001e-25,0.0,0.0,True
2005-11-21,107.96,11.5,2.3999999,4.928571,-0.82857144,88.92857,0.3,0.3,0.41428572,8.442857,3.5,0.00011563301,0.00077147037,4.6400797e-05,7.700361e-05,0.00039412454,True
2005-11-28,107.95,8.2,1.2857143,3.6714287,-0.9714286,78.17143,0.35714287,0.34285715,0.7,8.828571,0.8857143,3.093481e-05,0.0007587001,0.0026423703,0.0012060497,0.00599527,True
2005-12-05,107.94,8.5,3.5,6.5285716,0.5571429,81.5,0.34285715,0.34285715,0.51428574,9.242857,1.8714286,0.00017127395,0.00074738264,0.0029111418,0.0047765765,1.475215e-05,True
2005-12-12,107.92,7.5,2.1571429,4.5285716,-0.42857146,84.3,0.24285714,0.22857144,0.41428572,9.614285,1.8571428,6.484985e-05,0.000738129,0.00014717806,0.00027131103,0.00012302026,True
2005-12-19,107.91,20.000002,2.857143,4.571429,0.9142857,83.1,0.42857143,0.42857143,0.5857143,9.885715,1.3285714,0.00020284206,0.0007315576,0.0007194621,9.954348e-05,0.0043687634,True
2005-12-26,107.91,12.299999,2.4142857,4.1285715,0.58571434,89.37144,0.20000002,0.20000002,0.3857143,10.1285715,1.3714286,0.00020770729,0.00072786957,0.0029628617,0.0049453527,0.0027913973,True
2006-01-02,107.92332498526126,18.8,-0.10000001,2.3142858,-2.6285713,88.17143,0.08,0.08,0.31428573,10.34,0.26,0.00029215962,0.000730142,0.007466464,0.011835009,0.013836928,True
2006-01-09,107.9,0.5,0.11428571,2.1,-2.2857144,84.22858,0.18571429,0.18571429,0.41428572,10.257143,0.15714286,4.440546e-05,0.000744991,0.004125164,0.0018725619,0.00063639134,True
2006-01-16,107.89,5.2,-3.357143,-0.59999996,-5.928571,87.65715,0.028571429,0.028571429,0.18571429,10.2,-1.3285714,4.4822693e-05,0.0007724613,0.0051140958,0.0024094284,0.004284732,True
2006-01-23,107.88,11.900001,1.7285715,4.114286,-1.2857143,85.15715,0.3,0.3,0.5142857,10.314285,-0.2,0.000578925,0.0008106679,0.0020346697,0.00610454,0.0013303459,True
2006-01-30,107.87,5.3,-3.6857145,0.44285718,-7.657143,72.74286,0.14285715,0.14285715,0.5857143,10.242857,-2.2285714,6.571412e-06,0.0008838549,0.0044781025,0.0003055483,0.006090451,True
2006-02-06,107.88,0.1,-3.2714286,-0.85714287,-5.785714,87.02857,0.071428575,0.071428575,0.34285715,10.185715,-2.3,4.8533082e-05,0.0009631291,0.004435732,0.0023852773,0.0009073019,True
2006-02-13,107.88,6.9,1.2857143,3.8857143,-1.3142856,79.28571,0.5857143,0.5857143,0.67142856,10.028571,-0.014285714,0.0002283305,0.0010366812,0.0026307276,0.0039824545,0.0024082921,True
2006-02-20,107.9,34.6,5.8142858,9.271429,2.6714287,79.15715,0.9,0.9,0.9857143,10.514286,2.4,0.0009104237,0.0011400282,0.0006185089,0.0025628842,4.2386353e-05,True
2006-02-27,107.89,1.1,1.9,4.428571,-0.65714294,71.07143,0.62857145,0.6,1.0428572,10.171429,1.3428571,6.5416098e-06,0.0013512,0.00014109838,9.0124086e-05,0.00042954832,True
2006-03-06,107.96,22.9,0.27142859,3.3714287,-2.2857144,82.01429,0.5714286,0.5714286,0.90000004,10.514286,0.1,0.0002668053,0.0015468225,0.00807136,0.005846398,0.020189904,True
2006-03-13,108.0,23.1,2.1857145,5.957143,-1.3285714,76.957146,0.7142857,0.7142857,1.0857143,10.814285,1.5142857,0.0020417646,0.0028556436,0.005238908,0.014682917,0.0033009574,True
2006-03-20,108.05,0.8,2.642857,8.171429,-1.8142856,64.28571,1.2714285,1.1571429,1.6571428,10.0,2.8857143,4.194677e-05,0.0026459917,0.0013311136,0.0019284673,3.6720186e-05,True
2006-03-27,108.06,18.8,8.328572,12.442857,4.785714,77.314285,1.4428571,1.3714286,1.6571429,9.814285,8.542857,0.00028398633,0.0031014457,0.00041535354,0.0020667296,0.001832474,True
2006-04-03,108.11,18.3,11.1285715,15.300001,7.3857145,74.042854,1.9142857,1.9,2.2,10.014286,10.6,0.00028724968,0.0033389032,-7.345365000000001e-25,1.4901161e-07,0.0,True
2006-04-10,108.12,10.4,6.9000006,11.942857,1.8857144,64.22858,1.957143,1.7571428,2.142857,9.957143,9.228572,0.0002475381,0.0035081655,1.7711094e-06,7.1264803e-06,1.2286007e-05,True
2006-04-17,108.14,8.9,9.3714285,13.285714,5.4857144,76.685715,1.5714285,1.5142858,1.9,9.885715,9.914286,0.00017757714,0.0036101043,1.1069434e-06,5.7090074e-06,4.656613e-07,True
2006-04-24,108.14,1.2,13.157143,20.7,5.2714286,60.228573,2.8857143,2.3857143,3.4142857,9.214286,15.942857,5.5283308e-05,0.0036579892,-7.345365000000001e-25,0.0,0.0,True
2006-05-01,108.14,8.3,12.285714,17.014286,7.8285713,67.314285,2.1000001,1.8714286,2.7285714,8.785714,14.614285,0.0003657192,0.0036078393,-7.345365000000001e-25,5.5879354e-09,0.0,True
2006-05-08,108.13,0.0,17.37143,24.514286,9.900001,50.228573,4.3285713,3.0285716,5.042857,7.8428574,19.542856,3.8295984e-06,0.0035056025,-7.345365000000001e-25,3.7252903e-09,0.0,True
2006-05-15,108.12,3.4,15.657144,22.414288,8.771429,66.4,3.257143,2.0714285,3.7857144,7.1,18.671429,0.00011114776,0.0033496767,-7.345365000000001e-25,3.7252903e-09,0.0,True
2006-05-22,108.12,20.4,16.185715,21.071428,12.314285,72.25715,3.042857,2.7,3.4571426,7.5142856,17.614286,0.00024075806,0.003199488,-7.345365000000001e-25,1.4901161e-08,0.0,True
2006-05-29,108.13,31.7,14.557143,18.4,10.085715,71.22857,2.8857143,2.5285716,3.1571429,7.9428573,16.071428,0.00064035505,0.0030558705,-7.345365000000001e-25,1.4901161e-08,0.0,True
2006-06-05,108.16,11.9,11.085714,16.1,6.6285715,72.828575,2.457143,2.2285714,2.7714286,9.428572,14.485714,0.00026478618,0.002941981,-7.345365000000001e-25,0.0,0.0,True
2006-06-12,108.15,0.0,17.242857,24.385715,8.685715,54.528572,4.6285715,3.3428571,5.2714286,8.457143,21.042856,3.7550926e-06,0.0028042793,-7.345365000000001e-25,3.7252903e-09,0.0,True
2006-06-19,108.13,2.3,22.485716,30.100002,14.542857,60.128574,4.6857142,2.457143,5.6,6.857143,25.77143,1.4424324e-05,0.0026048198,-7.345365000000001e-25,7.450581e-09,0.0,True
2006-06-26,108.1,28.9,21.34286,27.728573,15.314286,65.442856,4.257143,1.9571428,4.785714,6.1714287,24.942858,0.00010924041,0.0024098307,-7.345365000000001e-25,1.1175871e-08,0.0,True
2006-07-03,108.14,8.7,21.857143,27.957142,15.842857,64.47143,4.8142858,2.7285712,5.585714,6.1571426,25.414286,0.00022773445,0.0022293627,-7.345365000000001e-25,1.1175871e-08,0.0,True
2006-07-10,108.18,59.4,23.142857,29.485716,17.171429,68.67143,4.285714,2.457143,5.085714,6.114286,26.142857,0.000115439296,0.0020434484,-7.345365000000001e-25,1.4901161e-08,0.0,True
2006-07-17,108.17,7.6,23.928572,30.357143,17.085714,56.74286,5.571429,2.4142857,6.071429,5.6571426,27.27143,1.1712313e-05,0.0018647611,-7.345365000000001e-25,9.313226e-09,0.0,True
2006-07-24,108.09,10.1,25.77143,34.385715,17.485714,57.44286,5.2428575,1.0285715,6.071429,5.2714286,28.242857,7.2419643e-06,0.0016719103,-7.345365000000001e-25,1.1175871e-08,0.0,True
2006-07-31,108.05,6.5,25.4,32.54286,19.300001,62.24286,4.457143,1.4,5.285714,5.0142856,28.185715,4.1112304e-05,0.0015032217,-7.345365000000001e-25,7.450581e-09,0.0,True
2006-08-07,108.05,51.0,18.614286,24.528574,14.071428,72.814285,2.957143,2.1571429,3.7714286,5.457143,21.428572,7.6659024e-05,0.0013763234,-7.345365000000001e-25,5.5879354e-09,0.0,True
2006-08-14,108.06,37.2,15.828572,20.300001,12.67143,78.24286,2.2285714,1.9714286,2.6142857,6.6,18.8,0.00022625178,0.0012761429,-7.345365000000001e-25,3.7252903e-09,0.0,True
2006-08-21,108.04,23.0,18.4,24.642857,13.614286,75.85714,2.8,2.6000001,3.357143,7.642857,20.12857,0.00022868812,0.0011979192,-7.345365000000001e-25,1.3038516e-08,0.0,True
2006-08-28,108.04,48.1,16.314287,20.714285,12.6285715,81.6,2.0714285,1.942857,2.3857143,8.0,18.657143,0.00080759823,0.0011268109,-7.345365000000001e-25,1.6763806e-08,0.0,True
2006-09-04,108.03,7.4,17.671429,23.17143,13.042857,75.01429,2.3999999,2.114286,3.0714285,9.257143,18.72857,7.18534e-05,0.0010772422,-7.345365000000001e-25,9.313226e-09,0.0,True
2006-09-11,108.05,0.0,18.828571,26.057144,12.328572,70.5,2.6571429,2.0,3.4,8.328571,21.642857,5.9753656e-06,0.0010261685,-7.345365000000001e-25,7.450581e-09,0.0,True
2006-09-18,108.01,5.1,19.014286,23.800001,14.571428,78.08572,1.7285713,1.2857143,2.3,7.714286,21.185715,0.00028133392,0.0009759143,-7.345365000000001e-25,9.313226e-09,0.0,True
2006-09-25,108.0,20.0,18.2,24.742859,13.042857,77.71429,1.7571429,1.2857143,2.3999999,7.642857,19.857143,4.182756e-05,0.0009394586,-7.345365000000001e-25,7.450581e-09,0.0,True
2006-10-02,107.98,44.4,16.428572,21.214285,12.900001,85.6,1.1428572,1.0428572,1.6,8.614285,18.085714,0.00085846335,0.00090739876,-7.345365000000001e-25,7.450581e-09,0.0,True
2006-10-09,108.13,44.0,13.071428,17.885715,8.757143,82.27143,1.1999999,1.1428571,1.5142858,10.228572,14.171429,0.0046669915,0.002494894,-7.345365000000001e-25,5.5879354e-09,0.0,True
2006-10-16,108.12,0.0,13.6285715,19.1,9.271429,83.18572,0.9285715,0.78571427,1.3285714,9.585714,14.928572,1.40070915e-05,0.00089570135,-7.345365000000001e-25,1.8626451e-09,0.0,True
2006-10-23,108.14,40.100002,13.7,18.857143,9.857142,81.84286,0.9714285,0.8428572,1.1571429,9.357142,13.957143,0.00023699552,0.00090233237,-7.345365000000001e-25,3.7252903e-09,0.0,True
2006-10-30,108.17,3.2,14.285714,19.142857,9.714286,79.44286,0.9714285,0.9428571,1.3000001,10.185715,13.685715,0.0002841577,0.00091097504,-7.345365000000001e-25,9.313226e-09,0.0,True
2006-11-06,108.18,4.6,6.6857147,10.442857,2.7714286,79.3,0.67142856,0.64285713,0.9142857,9.814285,7.5,5.3599477e-05,0.00093025714,5.222502e-07,2.5592744e-06,2.5816262e-06,True
2006-11-13,108.14,10.2,6.9000006,10.8,2.5285716,83.9,0.6999999,0.6571428,0.8000001,9.657143,7.1,0.00012543797,0.0009541735,-7.345365000000001e-25,1.15484e-07,0.0,True
2006-11-20,108.14,10.1,10.8714285,15.071428,7.114286,83.12858,0.62857145,0.61428577,0.71428573,9.757143,9.542857,0.00012749434,0.0009801909,-7.345365000000001e-25,5.5879354e-09,0.0,True
2006-11-27,108.19,10.900001,9.67143,13.314286,6.0,83.97143,0.5,0.5,0.64285713,10.185715,8.114285,0.0003193915,0.0010159612,-7.345365000000001e-25,1.8626451e-09,0.0,True
2006-12-04,108.19,15.0,7.328572,11.0,3.957143,87.542854,0.41428572,0.41428572,0.44285712,10.171429,6.7285714,0.00013101101,0.001072973,-7.345365000000001e-25,0.0,0.0,True
2006-12-11,108.21,12.0,8.171429,11.142858,5.3428574,79.21429,0.6,0.6,1.0,10.414286,6.9,0.00014649332,0.0011328086,-7.345365000000001e-25,3.7252903e-09,0.0,True
2006-12-18,108.2,6.6,4.8285713,8.3,1.8285714,83.9,0.3,0.3,0.40000004,10.214286,3.642857,0.00011579692,0.0012032837,-7.345365000000001e-25,2.4400651e-07,3.3900142e-07,True
2006-12-25,108.19,0.1,2.0,4.7714286,-0.59999996,81.557144,0.27142856,0.25714284,0.45714286,10.1285715,1.5142857,1.5348196e-06,0.0012779608,2.22524e-06,6.016344e-07,2.5656074e-05,True
2007-01-01,108.2,13.2,3.7857144,7.357143,0.08571427,79.54286,0.35,0.31666666,0.71428573,10.016666,1.2166667,0.00021649897,0.0013478398,1.8664769e-05,3.553182e-05,9.894371e-06,True
2007-01-08,108.19,5.5,7.6,9.314286,5.414286,79.52857,0.7857143,0.7857143,1.0142857,10.242857,5.6714287,0.00024258345,0.0014200658,8.1175847e-07,4.708767e-06,4.2691827e-06,True
2007-01-15,108.2,1.4,8.942858,11.742858,5.3,75.75714,1.0,0.9714285,1.2571429,10.014286,7.3285713,0.00017473102,0.0015310496,1.7597561e-07,2.0861626e-07,1.385808e-06,True
2007-01-22,108.21,19.5,9.242858,11.314286,6.328572,78.18572,1.2285715,1.2142857,1.2857143,10.171429,7.2714286,0.0010824502,0.0016805679,2.5544847e-07,1.2367964e-06,5.327165e-07,True
2007-01-29,108.21,10.5,-0.7000001,2.0142858,-3.9714286,77.14286,0.25714287,0.25714287,0.7,10.285714,0.7714286,0.00027285516,0.0019287243,0.007139825,0.008925235,0.012563672,True
2007-02-05,108.22,1.8,5.1714287,7.6,2.2285714,83.57143,0.4857143,0.4714286,0.5857143,10.071428,4.3714285,0.00017695129,0.0022190064,0.00094090187,0.003364632,0.0,True
2007-02-12,108.26,37.8,5.6714287,8.3,3.414286,83.77143,0.7428571,0.7428571,0.78571427,10.571428,4.642857,0.0009216741,0.0025735274,0.0001309145,0.00054896995,0.00044110417,True
2007-02-19,108.34,9.0,5.928571,10.314286,1.2428572,76.85714,0.88571423,0.88571423,1.0142857,10.685715,5.7285714,0.00041171908,0.0033061728,2.0435878e-07,2.543442e-06,2.644956e-07,True
2007-02-26,108.41,13.8,7.2571435,12.285714,3.2428572,81.08572,1.0142857,0.9714286,1.0714285,10.057143,7.1,0.0002766326,0.00414519,1.362392e-07,1.1250377e-06,1.6540289e-06,True
2007-03-05,108.48,34.7,8.7,12.400001,5.1,73.557144,1.7142857,1.7142857,1.6571429,10.585714,7.8428574,0.0014986172,0.004738994,1.07856025e-07,1.1026859e-06,4.5448542e-07,True
2007-03-12,108.54,11.7,7.7000003,13.857142,1.9428571,70.828575,1.4571428,1.4,1.5285715,10.1285715,8.242857,0.00017572194,0.0057466626,-7.345365000000001e-25,1.8626451e-09,0.0,True
2007-03-19,108.57,10.3,7.785714,13.471429,2.4714286,72.12858,1.457143,1.2571429,1.6857144,9.728572,9.014286,0.00018505752,0.006229028,1.8346876e-05,3.1985343e-05,0.00056468695,True
2007-03-26,108.61,37.7,4.971429,8.771429,1.6857144,77.47143,1.3714286,1.3285714,1.5,10.485714,5.6285715,0.000818789,0.0063709393,0.0043623275,0.016139042,0.015997116,True
2007-04-02,108.65,1.7,9.857142,16.028572,4.0285716,65.21429,2.0142856,1.6999999,2.3999999,9.771428,11.257143,0.00013127923,0.0069451407,0.0001191355,0.00075756386,0.0,True
2007-04-09,108.64,0.0,9.785714,17.257143,2.4285715,58.157143,2.6000001,2.0285714,2.9428573,8.942857,12.528571,2.5250018e-05,0.007216528,4.5413064e-08,9.3877316e-07,2.8684735e-07,True
2007-04-16,108.64,0.0,16.642859,24.685715,8.571428,52.62857,3.5857143,2.3999999,4.4428573,7.8714285,17.5,1.4901161e-08,0.0070032477,-7.345365000000001e-25,1.8626451e-09,0.0,True
2007-04-23,108.63,0.0,13.328572,21.67143,4.457143,52.285713,3.4714284,1.3999999,3.9142857,6.9,17.542856,1.8030405e-06,0.006585829,-7.345365000000001e-25,0.0,0.0,True
2007-04-30,108.56,0.0,18.585714,26.357143,10.957144,49.399998,4.3714285,1.0571429,5.085714,6.2714286,20.957144,2.0861626e-07,0.0060523897,-7.345365000000001e-25,3.7252903e-09,0.0,True
2007-05-07,108.54,5.3,15.5,21.34286,8.642858,48.82857,3.9285715,0.71428573,4.457143,5.9428573,18.528572,3.5241246e-05,0.0054544285,-7.345365000000001e-25,7.450581e-09,0.0,True
2007-05-14,108.54,34.4,16.042858,20.67143,11.257143,67.28571,3.5285714,2.6857145,3.6857142,6.4857144,17.171429,0.0010860264,0.004974246,-7.345365000000001e-25,1.4901161e-08,0.0,True
2007-05-21,108.53,17.599998,15.371429,21.614286,8.942858,74.02857,2.8857143,2.3857143,3.6142857,7.3142858,17.985714,0.00023691356,0.0045741424,-7.345365000000001e-25,7.450581e-09,0.0,True
2007-05-28,108.54,33.2,20.214285,26.142857,14.957144,70.08572,3.914286,3.0142856,4.428571,6.542857,23.6,0.00054581463,0.0041716546,-7.345365000000001e-25,7.450581e-09,0.0,True
2007-06-04,108.6,26.0,15.485715,20.157145,10.771429,75.614296,2.8142855,2.4857142,3.2142856,8.442857,18.657143,0.0005029887,0.003896378,-7.345365000000001e-25,7.450581e-09,0.0,True
2007-06-11,108.56,7.3,21.9,28.057144,15.514287,67.58572,4.185714,3.4142857,5.1714287,7.7,25.242857,8.6814165e-05,0.0036669523,-7.345365000000001e-25,7.450581e-09,0.0,True
2007-06-18,108.6,29.7,20.228573,26.257143,14.957144,71.17143,4.071429,3.7571428,4.585714,7.7714286,23.514286,0.00025483966,0.0034344196,-7.345365000000001e-25,7.450581e-09,0.0,True
2007-06-25,108.64,31.4,19.714285,25.114286,14.485715,73.22858,3.7428572,3.4285715,4.157143,8.885715,22.6,0.0018237457,0.0032129139,-7.345365000000001e-25,1.8626451e-08,0.0,True
2007-07-02,108.64,21.8,16.528572,21.385715,12.7,73.057144,3.114286,2.857143,3.4142857,9.057143,18.642857,0.00019350648,0.0030522346,-7.345365000000001e-25,1.4901161e-08,0.0,True
2007-07-09,108.69,28.599998,16.728573,21.542858,12.6,73.4,3.2142856,3.0142858,3.5142858,9.4,18.77143,0.00026308,0.0029227287,-7.345365000000001e-25,1.8626451e-08,0.0,True
2007-07-16,108.68,7.4,21.114286,27.957142,14.442858,64.57143,4.157143,3.3999999,5.142857,8.957143,22.8,6.814301e-05,0.0027804077,-7.345365000000001e-25,7.450581e-09,0.0,True
2007-07-23,108.67,19.4,20.785715,26.185715,16.342857,72.12858,3.385714,2.8428571,3.9714284,8.1285715,24.014286,0.0003785491,0.0026086122,-7.345365000000001e-25,1.1175871e-08,0.0,True
2007-07-30,108.64,5.4,18.928572,24.100002,13.985715,66.78571,3.642857,2.9285715,4.2428575,8.014286,21.457144,6.6936016e-05,0.0024620742,-7.345365000000001e-25,1.4901161e-08,0.0,True
2007-08-06,108.66,4.3,19.34286,26.428572,11.985715,60.728573,3.6714287,2.7285717,4.7999997,7.5285716,22.12857,3.1530857e-05,0.0023150146,-7.345365000000001e-25,3.7252903e-09,0.0,True
2007-08-13,108.74,68.9,17.628572,20.914288,14.471429,84.200005,2.0,1.8999999,2.3857143,9.4,20.328571,0.00045743585,0.0021911636,-7.345365000000001e-25,1.1175871e-08,0.0,True
2007-08-20,108.76,4.8,19.34286,25.014286,14.014285,68.057144,2.9857142,2.5857143,3.8285713,9.057143,22.285715,4.647672e-05,0.002080381,-7.345365000000001e-25,9.313226e-09,0.0,True
2007-08-27,108.73,0.3,19.857143,26.67143,14.085715,66.314285,2.7571428,2.1714284,3.8,8.357142,22.342857,7.838011e-06,0.0019681528,-7.345365000000001e-25,7.450581e-09,0.0,True
2007-09-03,108.68,12.7,16.614286,21.142857,11.985715,65.57143,2.0,1.4857142,3.0285716,7.8,19.557142,0.00015379488,0.0018520504,-7.345365000000001e-25,7.450581e-09,0.0,True
2007-09-10,108.66,5.8,13.285714,17.6,8.442858,76.48572,1.3857143,1.1714286,1.9714285,8.085714,15.442857,6.381422e-05,0.0017689243,-7.345365000000001e-25,3.7252903e-09,0.0,True
2007-09-17,108.64,10.2,15.428572,22.028574,8.985715,71.685715,1.9142857,1.4857142,2.5571427,7.857143,17.485714,6.41197e-05,0.0016887039,-7.345365000000001e-25,9.313226e-09,0.0,True
2007-09-24,108.59,10.5,13.8714285,21.385715,7.214286,74.557144,1.7285715,1.4142858,2.2142856,8.142858,16.357143,0.000116601586,0.0016051456,-7.345365000000001e-25,1.8626451e-09,0.0,True
2007-10-01,108.38,15.0,12.67143,18.1,7.214286,76.185715,1.2285715,1.1,1.8285714,8.742857,14.257143,0.0002027899,0.0015334338,-7.345365000000001e-25,1.8626451e-09,0.0,True
2007-10-08,108.4074466977938,5.7,14.685715,20.2,10.3714285,79.6,1.1,0.9571429,1.6,9.342857,16.27143,3.9711595e-05,0.0014744923,-7.345365000000001e-25,5.5879354e-09,0.0,True
2007-10-15,108.4003643132097,0.0,10.642858,17.714285,4.8142858,76.87144,0.94285715,0.7285714,1.4,9.0,12.771428,9.000301e-06,0.0014205277,-7.345365000000001e-25,3.7252903e-09,0.0,True
2007-10-22,108.37188705202183,6.8,7.7571435,12.957143,3.357143,78.557144,0.7857143,0.6428572,1.1,8.6285715,9.571428,3.8199127e-05,0.0013718233,-7.345365000000001e-25,1.6577542e-07,3.6135316e-07,True
2007-10-29,108.34098183341712,0.5,7.9000006,10.742858,4.9714284,73.6,0.55714285,0.42857143,1.0714285,8.428572,7.9,3.7103891e-06,0.0013320148,-7.345365000000001e-25,2.0675361e-07,0.0,True
2007-11-05,108.33,1.6,7.328572,11.585715,3.0285716,81.3,0.47142857,0.3857143,0.6857143,8.385715,7.6571426,1.9863248e-05,0.0012957752,-7.345365000000001e-25,1.8626451e-09,0.0,True
2007-11-12,108.33341475052008,25.8,6.9857144,9.657143,4.3142858,78.67143,0.9571429,0.9285714,1.1,8.814285,6.5285716,0.0004274249,0.0012626946,6.351017e-05,0.0005433671,0.00055835396,True
2007-11-19,108.30660350228224,8.1,1.9142857,4.557143,-0.55714285,79.84286,0.37142858,0.3571429,0.59999996,9.828571,2.0142858,0.00017425418,0.0012377575,0.0011980761,0.0012437962,0.0024883691,True
2007-11-26,108.27669639837468,24.0,4.642857,7.0428576,2.0142856,83.94286,0.34285715,0.34285715,0.5285714,10.1285715,3.5285714,0.00055567175,0.0012246594,0.00043636275,0.0013561863,0.00022668391,True
2007-12-03,108.27,25.4,5.1,7.9428573,2.4,80.88572,0.7,0.6857143,0.8142857,10.171429,3.7428572,0.00049066544,0.00123927,8.854412e-05,0.00021854043,6.135553e-05,True
2007-12-10,108.29845582080983,21.1,8.057143,10.014285,5.8428574,77.91429,0.8714285,0.8714285,1.1142857,10.614285,6.457143,0.0006956458,0.0013082102,1.4191582e-07,1.6726553e-06,1.0281801e-06,True
2007-12-17,108.33995187695838,0.9,2.1714287,3.857143,0.07142859,70.97143,0.31428573,0.31428573,0.82857144,10.457143,2.0,0.00012939423,0.0015480518,3.9339066e-06,1.212582e-06,1.0833144e-05,True
2007-12-24,108.3225364782288,0.0,-3.9142857,-1.3857144,-5.9714284,85.22858,0.028571429,0.028571429,0.18571429,10.2,-1.7428571,1.6391277e-07,0.0018534586,1.0643686e-05,2.6524067e-06,1.4521182e-05,True
2007-12-31,108.30036349201114,3.7,0.1285714,2.1857142,-2.0857143,88.85714,0.12857144,0.12857144,0.31428573,10.171429,-0.9714286,0.00011330843,0.0020694882,0.00022876263,0.0002973713,0.00038779527,False
2008-01-07,108.23,21.599998,2.5142858,5.2571425,-0.7285714,75.04286,0.41428572,0.41428572,0.7285714,10.3,-0.3,0.00026407838,0.0022180974,0.000109587396,0.00015266612,4.5515597e-05,True
2008-01-14,108.27892632940043,1.8000001,4.585715,8.814286,0.15714288,80.61428,0.44285712,0.44285712,0.59999996,10.342857,1.4,3.142655e-05,0.0023573413,2.196857e-06,1.08629465e-05,1.8626451e-07,True
2008-01-21,108.22070525872286,12.4,9.285714,11.5,6.6714287,70.5,1.1142857,1.0714285,1.5285714,10.114285,6.0571427,0.0001823157,0.0025040656,-7.345365000000001e-25,2.5518239e-07,0.0,True
2008-01-28,108.24784940768902,6.1,4.5,8.557143,0.28571427,68.8,0.84285706,0.8285714,1.0142857,10.014286,3.5857143,0.00019656867,0.0026541129,-7.345365000000001e-25,0.0,0.0,True
2008-02-04,108.2631158729896,24.9,2.957143,6.8142858,-0.4142857,78.34286,0.6714286,0.65714294,0.8,10.1285715,2.3142858,0.0005156547,0.0028232858,0.0005744355,0.0012697577,0.0016878583,True
2008-02-11,108.29,8.9,5.5,11.0,0.9285715,68.42857,1.0428572,1.0000001,1.1999999,10.142858,4.0142856,0.00017799437,0.0030692294,6.434463e-05,0.00041463412,0.0,True
2008-02-18,108.31627897221766,0.0,1.3142856,7.100001,-2.914286,67.01429,0.7285714,0.59999996,0.9857143,9.857142,1.9428571,5.364418e-07,0.003339082,1.2034461e-05,1.167506e-05,2.3599714e-05,True
2008-02-25,108.3293459641949,1.5,7.5285716,12.614286,2.7571428,72.0,1.0714285,0.9142858,1.3142856,9.528571,5.9142857,8.5011125e-05,0.0035015792,3.6841348e-06,1.4940277e-05,0.0,True
2008-03-03,108.35751938927548,36.5,9.228571,12.457144,4.8142858,73.28571,1.6571429,1.6285714,1.6,9.8,8.228572,0.0009867549,0.003621079,-7.345365000000001e-25,1.1175871e-08,0.0,True
2008-03-10,108.38,7.8999996,5.0142856,9.528571,0.51428574,70.057144,1.2571429,1.1714286,1.3714286,10.171429,5.385714,0.00014519691,0.003913626,0.00015966666,0.0003742408,0.0004030615,True
2008-03-17,108.40039548083064,39.9,9.385715,12.257143,6.6285715,71.5,1.7428572,1.7142857,1.9857142,10.3,8.514286,0.0008235797,0.004345827,4.1666485e-06,3.9650127e-05,2.4557114e-05,True
2008-03-24,108.49867850950214,30.1,2.5,6.3142858,-0.8714286,75.02857,1.1999999,1.1999999,1.3142856,10.328571,3.9857142,0.00067947805,0.0052653775,0.0026247785,0.004519703,0.010673743,True
2008-03-31,108.53067508839376,3.8,7.914286,13.171428,2.9714284,61.914284,1.9142857,1.7571429,2.4142857,9.957143,7.3142858,0.00032155216,0.0065667555,0.0023251204,0.007395327,0.0015134849,True
2008-04-07,108.5821824989318,16.2,7.542857,11.471429,3.9142857,71.37144,1.5142858,1.3857143,1.8714286,9.457143,8.714286,0.00034290552,0.007287711,5.5069017e-05,0.00017542765,0.00063957646,True
2008-04-14,108.67,34.4,7.828572,11.942858,3.9857144,76.471436,1.4428571,1.4142857,1.8285714,10.357142,8.985714,0.0008436516,0.0077922195,9.972708e-05,0.0004777424,0.0,True
2008-04-21,108.73441892715428,18.1,9.0,13.585715,5.3857145,73.71429,1.942857,1.8857143,2.1714284,10.228572,10.6285715,0.00056518614,0.0086386055,2.4034864e-05,0.0001571998,0.00015391782,True
2008-04-28,108.74775169603588,5.5,13.300001,19.214285,7.4714284,64.5,2.642857,2.3285716,3.2285714,9.9,14.914286,0.00016552955,0.009161696,-7.345365000000001e-25,1.1920929e-07,0.0,True
2008-05-05,108.79,3.2,13.328572,20.214285,6.714286,58.085716,3.5857143,2.885714,4.0,8.742857,16.042856,8.3073974e-05,0.009029351,-7.345365000000001e-25,0.0,0.0,True
2008-05-12,108.82939876342688,0.0,17.842857,25.100002,9.728571,45.857143,5.1857142,2.8714283,5.714286,7.257143,19.971428,1.3411045e-07,0.008435942,-7.345365000000001e-25,7.450581e-09,0.0,True
2008-05-19,108.85106182936482,22.6,17.485714,23.37143,11.757143,60.971428,3.4428573,1.7714285,4.2285714,6.571429,19.914286,7.207692e-05,0.007624753,-7.345365000000001e-25,1.1175871e-08,0.0,True
2008-05-26,108.85738107366444,2.6,16.814287,21.800001,11.971429,61.34286,3.0285714,1.4142857,3.7571428,6.3714285,18.528572,2.168119e-05,0.006887011,-7.345365000000001e-25,3.7252903e-09,0.0,False
2008-06-02,108.94,40.0,21.742859,28.17143,15.685715,68.28571,4.014286,2.2285714,4.6285715,6.4428573,23.857143,0.00063405186,0.006118886,-7.345365000000001e-25,1.4901161e-08,0.0,True
2008-06-09,108.95739506090896,27.1,18.414288,24.157145,14.114286,77.38572,2.9285715,2.3714287,3.5,7.071429,21.12857,0.00035516918,0.005486086,-7.345365000000001e-25,3.7252903e-09,0.0,True
2008-06-16,108.98474272612732,12.9,15.842857,21.728573,10.742858,67.2,3.1857142,2.5857143,3.9142857,6.7,19.814285,0.000102855265,0.004960075,-7.345365000000001e-25,3.7252903e-09,0.0,True
2008-06-23,108.91244345941652,1.0,20.428572,26.514286,13.757143,64.685715,4.4,2.8999999,4.8714285,6.0285716,23.157143,6.465614e-05,0.0044963807,-7.345365000000001e-25,3.7252903e-09,0.0,True
2008-06-30,108.89072946869469,5.8999996,21.414288,27.857143,15.371429,63.04286,4.5,2.642857,5.2000003,5.6714287,24.885714,2.7529895e-05,0.0040251687,-7.345365000000001e-25,1.1175871e-08,0.0,True
2008-07-07,108.88,15.900001,20.7,26.87143,14.114286,63.385715,4.4142857,2.0714285,4.8428574,5.4714284,24.4,8.442998e-05,0.003584206,-7.345365000000001e-25,1.1175871e-08,0.0,True
2008-07-14,108.8541500058557,9.900001,19.100002,24.9,13.742858,63.228573,3.7,1.8714286,4.4714284,5.357143,21.242857,8.010864e-05,0.0032181963,-7.345365000000001e-25,7.450581e-09,0.0,True
2008-07-21,108.84534499445134,11.7,18.27143,24.157145,13.285714,65.74286,3.4428573,2.0142858,4.157143,5.1714287,20.77143,6.221235e-05,0.00289575,-7.345365000000001e-25,1.1175871e-08,0.0,False
2008-07-28,108.78462147578648,1.2,20.87143,28.085714,14.0,64.557144,3.9714284,1.5571429,4.6857142,4.7285714,22.9,1.5050173e-05,0.002614081,-7.345365000000001e-25,9.313226e-09,0.0,True
2008-08-04,108.85,27.0,23.042858,28.87143,17.642859,67.52857,3.8285713,2.2428572,4.3857145,4.9142857,25.185715,3.5606325e-05,0.0023297742,-7.345365000000001e-25,1.8626451e-08,0.0,True
2008-08-11,108.76472022421883,14.8,20.571428,26.414288,15.300001,70.34286,3.5714285,2.4999998,4.042857,5.0857143,23.071428,0.00011315942,0.0020995215,-7.345365000000001e-25,1.1175871e-08,0.0,True
2008-08-18,108.72361853370136,14.4,18.385715,23.985716,13.185715,69.64286,2.9285715,2.2999997,3.7142856,6.242857,20.657143,0.0005131811,0.001923345,-7.345365000000001e-25,1.1175871e-08,0.0,True
2008-08-25,108.71771671173803,19.2,17.585714,23.185715,13.114286,73.85714,2.3857143,1.9857143,3.1142857,6.3285713,19.642857,0.00011603534,0.0017687827,-7.345365000000001e-25,9.313226e-09,0.0,True
2008-09-01,108.60655496685015,17.3,19.27143,25.742857,13.328572,71.42857,2.5857143,1.8714286,3.357143,5.857143,21.671429,6.4969063e-06,0.0016378015,-7.345365000000001e-25,9.313226e-09,0.0,True
2008-09-08,108.63,26.699999,17.342857,22.2,13.17143,78.64286,1.9857143,1.6857144,2.3857143,6.7,19.257143,0.00022476912,0.0015182942,-7.345365000000001e-25,7.450581e-09,0.0,True
2008-09-15,108.57761309306451,12.900001,15.142858,19.97143,10.257143,78.98572,1.5285714,1.2714285,1.957143,7.042857,17.242857,0.00012655556,0.0014249533,-7.345365000000001e-25,3.7252903e-09,0.0,False
2008-09-22,108.56344862429118,1.1,10.657143,15.971429,5.4,68.185715,1.3,1.0285715,2.042857,7.1,12.685715,8.016825e-06,0.0013461933,-7.345365000000001e-25,0.0,0.0,True
2008-09-29,108.56980255875274,0.5,11.6285715,17.671429,6.1,74.457146,1.1428572,0.85714287,1.8571428,6.8142858,12.742857,6.3553452e-06,0.001276277,-7.345365000000001e-25,3.7252903e-09,0.0,True
2008-10-06,108.48,18.5,11.214286,15.328572,7.714286,76.457146,1.2428571,1.1571429,1.7857143,6.8428574,11.157143,0.000101298094,0.0012159199,-7.345365000000001e-25,7.450581e-09,0.0,True
2008-10-13,108.36779188549347,1.2,13.942858,19.114286,9.971429,84.057144,0.7714285,0.64285713,1.1857144,7.1714287,13.9,1.2129545e-05,0.0011631027,-7.345365000000001e-25,5.5879354e-09,0.0,True
2008-10-20,108.31449310525451,15.3,10.642858,16.800001,5.5,82.17143,0.8000001,0.7,1.0857142,7.5857143,11.414286,7.7590346e-05,0.0011152476,-7.345365000000001e-25,7.450581e-09,0.0,False
2008-10-27,108.2982083514266,23.5,9.414286,13.871429,5.5428576,81.1,0.6571428,0.6285714,0.87142855,8.4,9.442857,0.0002887547,0.0010732785,-7.345365000000001e-25,3.7252903e-09,0.0,True
2008-11-03,108.37,23.3,7.428571,9.771429,5.157143,88.457146,0.37142858,0.35714287,0.54285717,9.657143,7.3428574,0.00041390955,0.0010422021,0.00073968794,0.0027259756,0.0026873797,True
2008-11-10,108.32506205531423,0.8,10.457144,14.085715,6.3857145,80.457146,0.5714286,0.5428571,0.90000004,9.614285,8.957143,2.1249056e-05,0.0010224432,1.1466798e-05,0.00010597892,0.0,True
2008-11-17,108.26397638753386,5.2,6.8285713,10.542857,3.0,82.18572,0.44285712,0.3857143,0.6,9.414286,6.6714287,6.388128e-05,0.0010071546,-7.345365000000001e-25,0.0,0.0,True
2008-11-24,108.264712464884,13.1,4.8,7.1714287,2.1142857,80.58572,0.61428565,0.5857143,0.78571427,9.585714,4.1571426,0.00023175776,0.0009956211,0.00076019764,0.0010827631,0.004134059,True
2008-12-01,108.28,0.6,1.3714286,4.7428575,-1.6,83.27143,0.24285717,0.24285717,0.2857143,9.985714,0.78571427,3.784895e-05,0.000987485,0.0024422975,0.0019861087,0.000382334,True
2008-12-08,108.25829166107316,21.3,4.257143,5.9428573,1.9142857,84.3,0.42857143,0.42857143,0.61428565,10.157143,2.3285713,0.00038449466,0.0009841174,0.00050124666,0.0016218927,0.00019847974,True
2008-12-15,108.30339412469738,4.2,1.0142858,3.0142858,-0.95714283,89.457146,0.114285715,0.114285715,0.24285714,10.4,0.3857143,9.517372e-05,0.0009955019,0.0025725875,0.0017072111,0.0041618273,True
2008-12-22,108.26693027060406,11.2,4.2714286,5.642857,2.4714286,89.28571,0.31428573,0.31428573,0.47142857,10.228572,2.2142856,0.00045815855,0.0010225996,0.0021591415,0.0057885423,0.0029660277,True
2008-12-29,108.25837896069378,0.4,0.64285713,2.8857143,-1.5714285,76.557144,0.17142858,0.15714286,0.55714285,10.1,1.1285714,2.0988286e-05,0.0010899678,1.7370496e-05,2.733618e-05,1.3150275e-06,True
2009-01-05,108.22,5.2,-2.9142857,-0.14285716,-5.9714284,82.85714,0.0,0.0,0.27142856,10.15,-1.7,3.8594007e-05,0.0011826158,0.0009550764,2.9919669e-05,0.003792785,True
2009-01-12,108.17557290003964,0.0,-8.185715,-3.557143,-12.1285715,78.12858,0.0,0.0,0.2,10.285714,-4.571429,8.5011125e-06,0.0012677312,0.0035011768,0.00044715963,9.968132e-05,True
2009-01-19,108.20631708903603,15.8,-0.14285715,3.7285714,-4.4142857,85.91429,0.29999998,0.29999998,0.34285715,10.257143,-1.7714286,0.00023150444,0.0013400614,0.0029402403,0.00400877,0.0016070083,True
2009-01-26,108.23599298040732,11.3,2.3,6.457143,-1.2428572,79.971436,0.59999996,0.59999996,0.51428574,10.414286,0.24285714,0.0005290881,0.0014132932,0.00032121228,0.00076701306,0.00020764768,True
2009-02-02,108.21,0.0,0.35714287,2.7428572,-2.1714287,71.65715,0.34285715,0.32857147,0.82857144,10.171429,-0.25714287,3.7401915e-06,0.0015542135,0.00024888062,0.0001223106,0.00037643313,True
2009-02-09,108.1912918399902,19.7,2.0142858,5.585714,-1.0000001,84.98572,0.35714287,0.32857147,0.5,10.157143,-0.114285715,0.00031512976,0.001701653,0.00042709283,0.0006369874,0.0019319057,True
2009-02-16,108.17124107698072,28.7,1.1142857,4.057143,-1.7571429,78.44286,0.7142858,0.7142858,0.81428576,10.4,0.17142858,0.00027492642,0.0018702075,0.0055317143,0.0030093882,0.01161572,True
2009-02-23,108.3835152893485,17.5,1.1857144,3.7714286,-1.6428572,79.91429,0.42857146,0.42857146,0.71428573,10.528571,0.34285715,0.000972867,0.0021848679,0.0059193713,0.0126212705,0.004428804,False
2009-03-02,108.46,1.4,6.1,9.442858,2.5,76.52857,0.84285706,0.8285714,1.0285715,10.142858,4.428571,0.000164181,0.0028840825,0.00043936571,0.0015456378,2.7418137e-06,True
2009-03-09,108.6287126670677,47.600002,4.914286,8.142858,1.4857143,78.71429,1.0714285,1.0571429,1.1142857,10.642858,5.0,0.0012496412,0.004703298,0.00059052877,0.002375247,0.0025834516,True
2009-03-16,108.63037166153528,9.5,7.1285715,10.17143,3.4428573,76.27143,1.1,1.1,1.2714285,10.3714285,6.8,0.00038202107,0.005640276,4.270531e-05,0.00024791434,1.8365681e-06,True
2009-03-23,108.65148579129368,4.2,4.957143,10.657144,-1.0428572,62.128574,1.6714286,1.4,1.7857143,9.671429,6.928571,9.945035e-05,0.0070020705,1.3169788e-06,4.284084e-06,4.656613e-06,True
2009-03-30,108.70022521300088,14.4,6.1857147,9.457143,2.0857143,74.74286,1.3285714,1.3000001,1.5285714,9.942857,6.4857144,0.00041042268,0.0073077455,7.201376e-05,0.00049721263,0.00048601255,True
2009-04-06,108.75,0.0,12.6,19.014286,6.1285715,64.21429,2.442857,1.9571428,2.7285714,9.514286,13.0,4.827976e-06,0.0073536932,2.2138867e-07,2.0936131e-06,0.0,True
2009-04-13,108.71987395241808,0.0,14.942858,22.928572,7.0285716,59.642857,2.957143,2.2428572,3.2142856,8.5,16.814285,6.0349703e-06,0.007151723,-7.345365000000001e-25,0.0,0.0,False
2009-04-20,108.6473540968541,30.0,13.1285715,18.7,7.1142855,69.9,2.5714285,2.0714285,2.6857142,8.114285,15.142858,0.00041974336,0.006801188,-7.345365000000001e-25,3.7252903e-09,0.0,True
2009-04-27,108.68660762243512,2.1999998,13.142858,19.457144,6.085714,61.914288,3.1714284,2.3285713,3.2,7.6,16.242857,3.244728e-05,0.0064263195,-7.345365000000001e-25,0.0,0.0,False
2009-05-04,108.69,5.5,12.171428,17.528572,6.371429,72.01429,2.4428573,1.857143,2.7428572,7.242857,15.142858,0.0001391992,0.00605572,-7.345365000000001e-25,3.7252903e-09,0.0,True
2009-05-11,108.64580071823634,22.5,15.057143,21.428572,8.685715,72.328575,2.9857142,2.457143,3.2571428,6.542857,17.3,0.00025618076,0.0056551322,-7.345365000000001e-25,1.1175871e-08,0.0,True
2009-05-18,108.65309847021383,38.3,15.285714,20.242859,10.885715,79.57143,2.4857142,2.2142856,2.8285713,7.242857,17.685715,0.0005940944,0.0052917525,-7.345365000000001e-25,7.450581e-09,0.0,True
2009-05-25,108.69056139153184,3.3,19.528574,26.800001,11.442858,66.314285,4.171428,3.185714,4.442857,6.8714285,22.442858,5.8606267e-05,0.0049386844,-7.345365000000001e-25,1.1175871e-08,0.0,True
2009-06-01,108.66,4.3,16.085714,20.957144,10.414286,64.11429,3.714286,2.457143,3.9285715,6.385714,20.3,2.7246773e-05,0.0045726076,-7.345365000000001e-25,7.450581e-09,0.0,True
2009-06-08,108.70934554220092,24.1,15.214286,20.614286,9.714286,62.18572,3.5714288,2.085714,4.0285716,5.885714,19.814285,0.0001488775,0.0042003766,-7.345365000000001e-25,0.0,0.0,True
2009-06-15,108.71939328592649,17.2,17.571428,23.27143,11.385715,67.685715,3.9285715,3.1714284,4.3142858,6.042857,20.571428,0.00024864823,0.003856793,-7.345365000000001e-25,7.450581e-09,0.0,True
2009-06-22,108.69286206142368,7.3,17.114286,22.314287,10.8714285,67.61428,3.6000001,2.8428571,3.9714284,6.1,21.0,8.521229e-05,0.0035216138,-7.345365000000001e-25,3.7252903e-09,0.0,True
2009-06-29,108.7468398247944,19.8,20.27143,25.571428,14.871429,68.38572,3.942857,2.7285714,4.3,5.6714287,22.971428,0.000102728605,0.0032193959,-7.345365000000001e-25,1.1175871e-08,0.0,True
2009-07-06,108.68,36.2,22.485716,29.100002,16.314287,71.24286,4.214286,2.8285713,4.6714287,5.5285716,26.342857,9.275973e-05,0.0029202327,-7.345365000000001e-25,1.4901161e-08,0.0,True
2009-07-13,108.79525443715752,48.2,17.34286,22.257143,12.8714285,71.700005,3.1000001,2.5714285,3.457143,5.7,20.057142,8.609146e-05,0.00266321,-7.345365000000001e-25,7.450581e-09,0.0,True
2009-07-20,108.8983420011089,23.5,19.414288,24.642857,15.014287,73.957146,3.3714287,3.0571427,3.6857142,7.3428574,21.742857,0.00032635033,0.00244648,-7.345365000000001e-25,1.1175871e-08,0.0,True
2009-07-27,108.97968152186452,12.4,20.485716,26.7,14.3,66.88572,3.9714286,3.3999999,4.4142857,7.142857,23.057142,0.00013700128,0.0022437945,-7.345365000000001e-25,1.4901161e-08,0.0,True
2009-08-03,108.94,8.4,19.642857,25.571428,13.371429,64.74286,3.6428573,2.642857,4.2428575,6.457143,23.557142,2.6419759e-05,0.0020457134,-7.345365000000001e-25,7.450581e-09,0.0,True
2009-08-10,108.85275802698972,7.2,21.414288,27.4,15.385715,66.57143,3.5428574,2.1714284,4.1714287,5.9428573,24.428572,0.00013945997,0.0018687248,-7.345365000000001e-25,1.3038516e-08,0.0,True
2009-08-17,108.85743156931228,4.4,21.214285,27.285715,15.271429,70.3,3.3,2.3428571,3.857143,6.114286,23.928572,0.00013265014,0.0017281994,-7.345365000000001e-25,1.1175871e-08,0.0,True
2009-08-24,108.80240149064744,1.5,21.457144,29.199999,13.614286,64.35714,3.5285716,2.0285714,4.1142855,5.1714287,24.542856,7.367134e-05,0.0015900657,-7.345365000000001e-25,1.1175871e-08,0.0,True
2009-08-31,108.73238382939392,17.3,19.385715,25.84286,13.257143,66.32857,3.0142856,1.3142855,3.6142857,4.8,22.385714,2.322346e-05,0.0014714822,-7.345365000000001e-25,3.7252903e-09,0.0,True
2009-09-07,108.68,12.6,17.142857,23.042858,12.085715,71.14286,2.5142858,1.6571429,3.0285714,5.0857143,19.157143,0.00013643503,0.0013648346,-7.345365000000001e-25,1.1175871e-08,0.0,True
2009-09-14,108.60731281733676,4.8,16.142857,22.47143,9.842857,69.185715,2.1142857,1.3428571,2.7857144,4.8285713,18.77143,2.797693e-05,0.0012749359,-7.345365000000001e-25,7.450581e-09,0.0,True
2009-09-21,108.5443383249903,0.0,16.857143,21.300001,13.0,80.74286,1.2857143,0.7857143,1.7571429,4.4428573,17.957144,3.6731362e-05,0.0012046918,-7.345365000000001e-25,1.3038516e-08,0.0,True
2009-09-28,108.4832973107986,0.0,15.771429,23.414288,9.228571,72.85714,1.7,0.78571427,2.2428572,4.1285715,18.385714,1.4603138e-06,0.00113938,-7.345365000000001e-25,5.5879354e-09,0.0,True
2009-10-05,108.42890058919124,2.4,13.957144,18.914288,8.442858,69.57143,1.2714285,0.3857143,1.9285715,3.942857,15.842857,4.4323504e-05,0.0010761544,-7.345365000000001e-25,5.5879354e-09,0.0,True
2009-10-12,108.46887060153722,36.8,15.471429,19.271427,11.342857,79.01429,1.2285715,0.9428572,1.5714285,4.885714,15.457143,0.00019334257,0.0010253564,-7.345365000000001e-25,1.4901161e-08,0.0,True
2009-10-19,108.44588271948362,10.4,5.6,9.8,1.4000002,77.314285,0.7714285,0.68571424,0.95714283,6.214286,7.4142857,0.00012694299,0.0009843037,-7.345365000000001e-25,4.6007335e-07,5.6251884e-07,True
2009-10-26,108.41,2.6000001,9.171428,13.614286,4.714286,82.14286,0.5857143,0.4857143,0.9142857,6.4428573,8.942857,4.017353e-05,0.00094842166,-7.345365000000001e-25,1.1920929e-07,0.0,True
2009-11-02,108.33365473642364,7.8,8.285714,12.514285,4.071429,85.48572,0.44285718,0.35714287,0.6571428,6.5571427,8.828571,0.00016443431,0.00091667473,-7.345365000000001e-25,1.8626451e-09,0.0,True
2009-11-09,108.33860772646494,24.4,7.4428573,10.585714,4.6285715,82.15715,0.65714294,0.64285713,0.8142857,7.9,7.385714,0.00025083125,0.00088935345,-7.345365000000001e-25,3.3527613e-08,1.937151e-07,True
2009-11-16,108.26919028112415,15.299999,8.0,11.657144,4.1285715,87.48572,0.37142858,0.3571429,0.5428571,9.285714,7.1285715,0.000133425,0.0008691028,-7.345365000000001e-25,1.73226e-07,0.0,False
2009-11-23,108.27,9.700001,9.528572,13.785714,5.8142858,80.34286,0.62857145,0.61428577,0.8428572,9.8714285,8.157143,8.742511e-05,0.0008537024,-7.345365000000001e-25,3.7252903e-09,0.0,True
2009-11-30,108.24487800205743,9.8,9.542857,12.1285715,6.3428574,71.75715,0.8571428,0.8285714,1.3142856,9.8714285,7.857143,0.0002783984,0.00084174424,-7.345365000000001e-25,3.7252903e-09,0.0,True
2009-12-07,108.26,18.3,6.071429,9.042857,2.4,85.41429,0.37142858,0.35714287,0.44285718,10.242857,5.357143,0.00016579777,0.00083480775,-7.345365000000001e-25,3.7252903e-09,0.0,True
2009-12-14,108.20098523039736,18.4,3.9428573,6.357143,1.0428572,79.12858,0.47142857,0.47142857,0.6571428,10.585714,4.0285716,0.00035924464,0.0008378923,0.00017550445,4.4878572e-05,0.00056819245,True
2009-12-21,108.2276318303214,12.1,-3.8571432,-0.94285727,-7.428571,72.64286,0.014285714,0.014285714,0.47142857,10.314285,-1.1,5.453825e-06,0.0008605495,0.0016431297,0.00017293915,0.0065362193,True
2009-12-28,108.28848669034734,36.6,2.9285715,6.6714287,-0.20000002,86.58572,0.41428572,0.41428572,0.47142857,10.885715,0.057142857,0.0022791028,0.0010579862,0.005523205,0.014506621,0.009287152,True
2010-01-04,108.29,21.8,2.5,5.2571435,0.21428572,85.15714,0.26666668,0.26666668,0.5428571,11.133333,1.9,0.0005542487,0.0010469183,0.0019950527,0.0024637952,0.005272601,True
2010-01-11,108.44041744239284,16.6,-2.957143,-1.5857143,-4.3714285,83.38572,0.0,0.0,0.45714286,10.3714285,-0.51428574,1.9073486e-06,0.0012907609,0.009412481,8.345395e-05,0.014413841,True
2010-01-18,108.52147132092172,8.1,0.55714285,2.5857143,-1.6285714,84.92857,0.14285715,0.14285715,0.45714286,10.457143,0.0,0.0011110604,0.0017237812,0.01677239,0.015967328,0.0028608628,False
2010-01-25,108.4782846230235,7.7,0.18571427,1.2857143,-1.3285714,88.5,0.114285715,0.114285715,0.41428572,10.385715,0.042857144,0.00010600686,0.0017794147,0.0058000996,0.002943484,0.006756671,True
2010-02-01,108.53,6.7,-1.7428571,0.35714287,-5.1857142,83.542854,0.10000001,0.10000001,0.62857145,10.4,-0.042857144,8.708984e-05,0.0021129027,0.015726391,0.0012964383,0.016867,True
2010-02-08,108.62855508983004,18.599998,2.7857144,4.9428573,0.40000004,85.44286,0.37142855,0.37142855,0.6571428,10.442857,0.64285713,0.0020486861,0.003124565,0.010814292,0.021519993,0.00090549886,True
2010-02-15,108.64202009568916,9.5,-2.9428573,-0.7571429,-5.2285714,80.75714,0.0,0.0,0.61428577,10.357142,-0.15714286,2.3402274e-05,0.0037380755,0.0093299495,0.0010532197,0.011658113,True
2010-02-22,108.71180399376172,8.4,2.0142858,5.914286,-1.457143,81.07143,0.5714286,0.5714286,0.8142857,10.3,0.47142857,0.00042194128,0.0044467673,0.0070063216,0.0119270235,0.0008674003,True
2010-03-01,108.74363833240696,13.4,9.014286,13.057143,5.5,68.11429,1.6857144,1.6714286,2.1142857,10.214286,7.1714287,0.00046105683,0.004998356,0.00021354358,0.0020103902,1.1175871e-08,True
2010-03-08,108.60584259845784,5.8,0.3285714,4.357143,-3.9428573,64.12858,0.91428566,0.88571423,1.4714286,9.971429,2.642857,1.9013882e-05,0.0056593493,0.003004551,0.0004313346,0.008436117,True
2010-03-15,108.69,4.5,1.7,4.8714285,-1.8428572,66.042854,0.90000004,0.84285706,1.5714285,9.885715,1.6571429,0.00016447902,0.005996816,0.0051656733,0.0057639815,0.0015904717,True
2010-03-22,108.66746195069908,4.4,10.071428,15.6285715,4.357143,68.62858,1.7714285,1.6142857,2.1285713,9.585714,9.928572,0.00032430887,0.006068729,0.00023138523,0.0013979096,2.2985041e-06,True
2010-03-29,108.6921561968035,10.1,11.085715,16.814287,6.2571435,72.61428,1.8428571,1.6142857,2.0857143,9.357142,11.442857,0.00025483966,0.0060551763,-7.345365000000001e-25,1.09896064e-07,0.0,True
2010-04-05,108.6682685286393,9.5,8.428572,13.157144,3.5857143,71.057144,1.9714285,1.8571428,2.2285714,9.2,9.685715,0.0008098185,0.0060430616,-7.345365000000001e-25,0.0,0.0,False
2010-04-12,108.6683004415648,2.2,9.842857,15.6285715,3.5285716,64.3,2.2,1.7857144,2.5857143,8.657143,11.814285,5.3420663e-05,0.0060013235,-7.345365000000001e-25,2.8312206e-07,5.289912e-07,True
2010-04-19,108.61,6.5,10.757143,16.957144,4.3142858,63.17143,2.4857142,1.9428571,2.957143,8.142858,12.471429,8.478761e-05,0.00588125,-7.345365000000001e-25,2.5890768e-07,0.0,True
2010-04-26,108.55759394528708,3.8,12.357142,19.985716,3.8,49.17143,3.5857143,2.5,4.0,7.1714287,15.557143,1.4767051e-05,0.005633518,-7.345365000000001e-25,0.0,0.0,True
2010-05-03,108.53017878018152,2.4,14.257143,20.171429,8.085714,70.12858,2.8428571,1.6428572,3.1857142,6.5,17.2,0.000100925565,0.0053038597,-7.345365000000001e-25,3.7252903e-09,0.0,True
2010-05-10,108.58593349766036,28.5,10.042857,14.014287,6.5428576,78.98572,1.7428571,1.4857143,2.0714285,7.2285714,12.385715,0.00030522048,0.005020462,-7.345365000000001e-25,0.0,0.0,True
2010-05-17,108.6174307787877,15.8,10.942857,14.742858,7.8714285,76.814285,1.8285713,1.6714284,2.4142857,8.085714,12.857142,0.0002706945,0.0047573596,-7.345365000000001e-25,0.0,0.0,True
2010-05-24,108.69,17.7,13.800001,19.157145,7.971429,74.61428,2.9428573,2.4142857,3.2857144,7.957143,16.571428,0.00036080182,0.0045143217,-7.345365000000001e-25,3.7252903e-09,0.0,True
2010-05-31,108.81111426156856,48.5,15.8714285,20.628572,11.428572,79.54286,2.8714287,2.5857143,2.8714287,8.114285,18.557142,0.0005877316,0.0042759776,-7.345365000000001e-25,3.7252903e-09,0.0,True
2010-06-07,108.86019425388282,5.8,18.185715,24.442858,12.257143,68.4,3.6857142,3.1714287,4.3285713,8.257143,20.742857,8.21203e-05,0.004089169,-7.345365000000001e-25,7.450581e-09,0.0,True
2010-06-14,108.87453077800964,23.4,19.885715,25.557144,14.6285715,73.68572,3.7714283,3.3142855,4.3285713,7.9428573,23.585714,0.00014515221,0.0038630813,-7.345365000000001e-25,1.1175871e-08,0.0,True
2010-06-21,108.75725195405528,4.2,15.814286,20.071428,11.485715,68.48572,2.9857142,2.4714284,3.6285713,7.9428573,18.928572,9.929389e-05,0.0036563724,-7.345365000000001e-25,7.450581e-09,0.0,True
2010-06-28,108.72,0.0,19.67143,27.242859,11.057143,61.68571,4.8857145,3.1714287,5.214286,7.1285715,24.214285,1.9222498e-06,0.0034210905,-7.345365000000001e-25,7.450581e-09,0.0,True
2010-07-05,108.67,0.8,24.185715,31.085714,16.614286,61.82857,5.0,1.8428572,5.4,5.9428573,28.185715,2.6360154e-05,0.0031205341,-7.345365000000001e-25,1.1175871e-08,0.0,True
2010-07-12,108.71117768237822,0.90000004,24.457142,32.04286,16.47143,57.200005,5.3714285,1.2714285,5.914286,5.4142857,28.357143,8.374453e-06,0.0028058663,-7.345365000000001e-25,7.450581e-09,0.0,True
2010-07-19,108.63964233424991,8.5,22.214285,29.071428,14.885715,61.17143,4.857143,1.9142858,5.2714286,5.4428573,26.428572,3.9368868e-05,0.0025038794,-7.345365000000001e-25,1.1175871e-08,0.0,True
2010-07-26,108.62161828142764,38.9,19.67143,25.114286,14.314286,74.42857,3.3142858,1.7428571,3.642857,5.571429,23.342857,0.00027787685,0.0022567362,-7.345365000000001e-25,1.1175871e-08,0.0,True
2010-08-02,108.76892722487338,26.1,18.557144,23.557144,13.842857,77.700005,2.8428571,2.4857144,3.1714284,6.714286,21.571428,0.0007748604,0.0020913482,-7.345365000000001e-25,1.1175871e-08,0.0,False
2010-08-09,109.04,18.199999,18.1,23.37143,12.8714285,73.62858,2.8285716,2.5142858,3.5,7.3714285,21.242857,0.00029557943,0.001940161,-7.345365000000001e-25,3.7252903e-09,0.0,True
2010-08-16,109.16171621805034,31.400002,18.685715,23.257143,14.271429,77.22858,2.5428574,2.2,3.1571429,7.757143,21.514286,0.0010802746,0.0018089041,-7.345365000000001e-25,1.4901161e-08,0.0,True
2010-08-23,109.36936400125572,15.2,19.814285,25.571428,14.785714,76.22858,2.7571428,2.3857143,3.457143,8.457143,21.542856,0.0006502569,0.0017133951,-7.345365000000001e-25,1.6763806e-08,0.0,True
2010-08-30,109.49134088983917,49.5,17.128572,21.47143,13.071428,77.65715,2.5142856,2.4142857,2.7857144,9.157143,19.314285,0.00030711293,0.0016286224,-7.345365000000001e-25,1.4901161e-08,0.0,True
2010-09-06,109.59,3.3,15.17143,20.97143,9.242857,71.02857,2.3428571,2.0285716,3.142857,9.714286,18.242857,4.9620867e-06,0.001561828,-7.345365000000001e-25,7.450581e-09,0.0,True
2010-09-13,109.51884609906936,34.2,15.914286,20.5,11.785714,81.200005,1.6714286,1.6142857,2.1571429,9.714286,17.971428,0.0009832531,0.0015054047,-7.345365000000001e-25,5.5879354e-09,0.0,True
2010-09-20,109.39876734699163,4.2,13.214286,18.742857,8.042857,75.92857,1.6285715,1.4857141,2.2,9.671429,15.6285715,9.788573e-05,0.0014643744,-7.345365000000001e-25,1.1175871e-08,0.0,True
2010-09-27,109.24947134871026,7.0,13.242858,19.285715,7.5,81.41429,1.3000001,1.1142858,1.7571429,9.4,15.642858,0.00014895201,0.001426138,-7.345365000000001e-25,1.8626451e-09,0.0,True
2010-10-04,109.10513748510137,9.8,13.014287,17.1,9.1,86.85714,0.9857143,0.9428571,1.3428571,9.8714285,14.171429,0.00017562509,0.0014053062,-7.345365000000001e-25,1.8626451e-09,0.0,True
2010-10-11,108.97575351267848,0.1,13.657143,19.257143,8.571428,75.4,1.1428572,0.9714286,1.7428571,9.757143,14.7,6.388128e-05,0.0013824701,-7.345365000000001e-25,5.5879354e-09,0.0,True
2010-10-18,108.80617508158755,9.0,6.9428573,11.5,2.8857143,87.01429,0.6,0.5285715,0.88571435,9.528571,9.6,0.00015829504,0.0013604835,-7.345365000000001e-25,1.8626451e-09,0.0,True
2010-10-25,108.76,10.6,5.285714,9.614286,0.8000001,87.57143,0.61428577,0.61428577,0.7428571,10.014286,6.614286,0.0001924485,0.00134933,-7.345365000000001e-25,3.7252903e-09,0.0,True
2010-11-01,108.67459434639328,0.0,7.914286,14.228572,2.457143,80.14286,0.67142856,0.59999996,0.78571427,9.928572,7.9142857,3.9190054e-06,0.0013414025,-7.345365000000001e-25,1.8626451e-09,0.0,True
2010-11-08,108.72206669640197,35.0,11.114286,13.585714,8.357142,79.700005,0.7571429,0.64285713,1.2285715,9.8714285,10.228572,0.00045207143,0.0013360679,-7.345365000000001e-25,7.450581e-09,0.0,True
2010-11-15,108.64,29.400002,10.828572,14.728572,7.057143,77.057144,1.042857,1.042857,1.3428571,10.471429,9.514286,0.00082267076,0.0013523847,-7.345365000000001e-25,7.450581e-09,0.0,True
2010-11-22,108.6367415494805,9.5,5.557143,7.142857,3.8142858,86.47143,0.2857143,0.2857143,0.51428574,10.671429,5.857143,0.00027380884,0.0014714897,5.506334e-07,1.9408762e-06,9.49949e-06,True
2010-11-29,108.7520487003501,17.8,1.6285715,3.1857145,0.1714286,89.17143,0.21428573,0.21428573,0.37142858,10.542857,2.0857143,0.00021228194,0.001700379,0.003379731,0.0008094441,0.010670703,True
2010-12-06,108.72474917971046,21.4,-2.5285716,-0.31428576,-5.2571425,86.88572,0.042857144,0.042857144,0.3,10.557143,0.37142858,0.000273332,0.0019813254,0.011404974,0.002139002,0.0112449005,True
2010-12-13,109.0172025027787,49.0,1.5,2.9285717,-0.22857141,88.85714,0.25714284,0.25714284,0.42857143,11.214286,0.8428571,0.002247423,0.0042437613,0.014399824,0.019814951,0.010044433,True
2010-12-20,109.15,33.2,-1.6999999,1.2714285,-4.6857142,87.4,0.10000001,0.10000001,0.3857143,10.6,-0.18571429,0.0002007857,0.0041977316,0.016961887,0.0050998814,0.028908942,True
2010-12-27,109.25256414764696,30.7,-1.6714287,0.5428571,-4.9714284,93.5,0.042857144,0.042857144,0.24285714,11.357142,0.15714286,0.00079562515,0.005804032,0.03349691,0.010637794,0.02178115,True
2011-01-03,109.3038115262143,2.2,-1.1285714,0.62857145,-3.4428573,91.84286,0.0,0.0,0.24285714,10.575,0.275,1.4901161e-07,0.007613577,0.04477643,0.0,0.0028867386,True
2011-01-10,109.45632350654674,30.4,3.557143,7.014286,-0.37142864,88.78571,0.34285712,0.34285712,0.42857143,10.685715,2.9857142,0.0043022335,0.013369873,0.022290956,0.04755774,7.687509e-05,True
2011-01-17,109.35,5.0,7.4857144,10.657144,4.3714285,84.042854,0.62857145,0.62857145,0.67142856,10.657143,5.957143,0.0007769391,0.0183912,0.00019601414,0.0009859763,0.0,True
2011-01-24,109.31296988733467,5.7000003,1.8285714,3.9428573,-0.5428571,79.314285,0.3,0.3,0.5714286,10.228572,1.8428571,7.6942146e-05,0.021047108,0.0016992035,0.00047268718,0.0035869293,True
2011-01-31,109.3068933465079,7.0,-0.62857145,1.2142857,-2.5142858,81.98572,0.22857143,0.22857143,0.5714286,10.228572,0.014285714,0.00015889108,0.019914858,0.007135306,0.0017603524,0.0067648888,True
2011-02-07,109.25247661216476,3.7,3.2714286,5.8428574,0.37142855,80.200005,0.61428577,0.5857143,0.85714287,10.171429,1.6428572,0.00020483136,0.018144652,0.004060791,0.0077254083,0.00050539896,True
2011-02-14,109.19,8.1,6.2428575,9.985715,2.857143,83.957146,0.64285713,0.64285713,0.7285714,9.985714,5.242857,0.00017604232,0.01630731,5.8662325e-05,0.0002229549,2.4214387e-07,True
2011-02-21,109.1193160369116,2.9,3.3857143,5.1285715,1.5857143,81.28571,0.41428572,0.38571432,0.71428573,9.985714,3.4571428,5.1036477e-05,0.014685303,6.1358725e-05,3.6470592e-05,0.00053167343,True
2011-02-28,109.08989174909011,6.4,2.6571429,6.157143,-1.3142859,79.64286,0.54285717,0.5285714,0.8,10.1,2.2857144,0.00013570487,0.013239548,0.0004335585,0.0008394364,0.00045434758,True
2011-03-07,109.08,0.0,3.8285713,9.657144,-1.0857142,59.657143,1.7,1.4571428,1.9,9.671429,4.6714287,1.0281801e-06,0.011912368,2.1281696e-05,5.9001148e-05,2.2538006e-06,True
2011-03-14,109.0926347394112,0.6,8.828572,14.17143,3.1285717,64.64286,1.4714286,1.1999999,1.7857143,9.028571,8.1285715,1.782924e-05,0.010692,1.1580331e-06,6.6794455e-06,0.0,True
2011-03-21,109.0337435755453,12.4,7.7428575,12.342857,2.9,71.8,1.5571429,1.2714285,1.6857141,8.828571,8.685715,0.00013306737,0.009591691,-7.345365000000001e-25,1.7136335e-07,2.1979213e-07,True
2011-03-28,109.10522891871776,0.2,9.6285715,17.485714,2.1285715,63.42857,2.0857146,1.6285715,2.2714286,8.414286,11.1285715,5.1409006e-06,0.0085905865,-7.345365000000001e-25,4.656613e-08,0.0,True
2011-04-04,109.05602205915756,16.8,12.514285,18.914288,5.9428573,74.5,2.1571429,1.8428571,2.2285714,7.9857144,13.7,8.3073974e-05,0.0076942816,-7.345365000000001e-25,9.313226e-09,0.0,True
2011-04-11,109.05946282473846,1.5,14.2,21.428572,6.8285713,60.9,3.214286,2.357143,3.2428572,7.3714285,16.357143,2.2053719e-06,0.0068698674,-7.345365000000001e-25,3.7252903e-09,0.0,True
2011-04-18,109.0315925788534,8.4,9.828572,16.214285,2.8428571,60.157143,2.6857145,1.6428572,2.7857144,6.542857,13.357142,3.5256147e-05,0.00611794,-7.345365000000001e-25,0.0,0.0,True
2011-04-25,108.99,0.0,16.357143,24.914288,7.285714,54.257145,3.914286,0.9714286,4.042857,5.9714284,18.585714,2.4735928e-06,0.0054166093,-7.345365000000001e-25,0.0,0.0,True
2011-05-02,108.89,1.5,14.271429,20.542858,8.271429,65.1,3.2857144,1.1571428,3.4714284,5.742857,17.257143,5.492568e-05,0.0047841445,-7.345365000000001e-25,3.7252903e-09,0.0,True
2011-05-09,108.87915581468614,0.0,14.742858,22.514286,5.5428576,46.100002,4.428571,0.7428571,4.642857,5.5285716,18.1,1.4275312e-05,0.00422585,-7.345365000000001e-25,0.0,0.0,True
2011-05-16,108.8382469108899,7.4,15.657144,22.02857,9.271429,62.600002,3.3999999,0.9142857,3.6285717,5.428571,19.342857,1.01700425e-05,0.003684856,-7.345365000000001e-25,3.7252903e-09,0.0,True
2011-05-23,108.80715086238172,0.8,18.414288,26.014286,10.142858,61.114285,4.2,1.0142857,4.6714287,5.2714286,21.4,7.368624e-06,0.0032402202,-7.345365000000001e-25,7.450581e-09,0.0,False
2011-05-30,108.80428920290272,1.8,17.514286,25.314287,9.442857,53.914284,4.8142853,0.7285714,5.1285715,5.0285716,21.342857,4.634261e-06,0.002814591,-7.345365000000001e-25,3.7252903e-09,0.0,True
2011-06-06,108.79,21.0,19.057142,24.128572,13.971429,67.01429,3.8285713,2.2285712,4.3714285,5.357143,21.057142,0.00021357834,0.0024853498,-7.345365000000001e-25,1.4901161e-08,0.0,True
2011-06-13,108.76859042849918,33.3,17.071428,21.857143,11.842857,69.32857,3.042857,2.242857,3.642857,5.714286,20.742857,0.0001797378,0.0022344291,-7.345365000000001e-25,0.0,0.0,True
2011-06-20,108.80596698113553,16.4,17.671429,22.528574,13.042857,74.957146,3.2714286,2.7142856,3.5571427,5.5571427,20.614286,0.00014580041,0.0020207912,-7.345365000000001e-25,1.1175871e-08,0.0,True
2011-06-27,108.78596295822884,11.0,19.685715,25.542858,14.1285715,68.85714,3.8857143,2.957143,4.5142856,5.4714284,21.557142,7.380545e-05,0.001843892,-7.345365000000001e-25,1.4901161e-08,0.0,True
2011-07-04,108.83,11.0,18.728573,24.728573,12.2,64.5,4.0142856,2.7428572,4.542857,4.7,22.557142,0.00010757148,0.0016602203,-7.345365000000001e-25,7.450581e-09,0.0,True
2011-07-11,108.87745233584668,25.9,20.285715,27.442858,14.1,69.64286,4.2,2.4428573,4.6571426,4.5142856,24.085714,0.00021056086,0.0014996156,-7.345365000000001e-25,7.450581e-09,0.0,True
2011-07-18,108.98653492639797,24.8,18.114286,23.67143,12.428572,71.21429,3.5571425,2.8,3.957143,5.9,21.0,0.0007007569,0.0013738945,-7.345365000000001e-25,7.450581e-09,0.0,True
2011-07-25,109.07791387091191,13.3,16.257143,20.885715,12.214286,75.71429,2.5571427,2.3285713,3.2142856,6.5142856,19.214285,0.00031113625,0.0012830496,-7.345365000000001e-25,7.450581e-09,0.0,True
2011-08-01,109.18,3.7,17.628572,22.828571,12.814286,76.07143,2.6142857,2.1571429,3.1571426,6.6285715,21.014286,0.00023076683,0.0012075305,-7.345365000000001e-25,9.313226e-09,0.0,True
2011-08-08,109.14293069299248,25.0,20.557144,26.37143,15.242858,73.957146,3.2000003,2.7714288,3.9142857,6.3285713,22.757143,0.00021150708,0.0011374578,-7.345365000000001e-25,1.1175871e-08,0.0,True
2011-08-15,109.09735501999435,47.0,18.428572,24.028574,13.442858,74.314285,2.9285715,2.5571427,3.4714284,6.642857,20.7,0.00015159696,0.001076594,-7.345365000000001e-25,7.450581e-09,0.0,True
2011-08-22,109.0542913194694,1.7,22.228573,29.014286,15.542857,72.75715,3.3714287,2.6857145,4.142857,6.1,25.014286,3.5211444e-05,0.0010182709,-7.345365000000001e-25,9.313226e-09,0.0,True
2011-08-29,109.02962001458248,23.3,20.242859,26.542858,14.942858,75.057144,3.0285714,2.4857142,3.5142858,6.1857142,23.328571,0.00020354986,0.00095796585,-7.345365000000001e-25,9.313226e-09,0.0,True
2011-09-05,108.91,15.8,18.4,24.642857,12.614286,74.314285,2.4142857,1.8857142,3.0142858,6.357143,21.685715,6.043166e-05,0.00090947,-7.345365000000001e-25,5.5879354e-09,0.0,True
2011-09-12,108.87539240476151,11.3,18.685715,23.542858,14.1,75.12858,2.3857143,2.0428572,2.9142857,6.6,20.114286,4.2259693e-05,0.0008663386,-7.345365000000001e-25,1.3038516e-08,0.0,True
2011-09-19,108.76200196258236,6.6,15.642858,20.814287,10.114286,77.25715,1.7714285,1.4285715,2.2285714,6.385714,18.457144,7.674098e-05,0.0008267909,-7.345365000000001e-25,7.450581e-09,0.0,True
2011-09-26,108.71200213685653,0.0,15.157144,23.214285,8.342857,76.34286,1.7142857,1.2142857,2.2142856,6.3142858,17.9,6.2584877e-07,0.00079230964,-7.345365000000001e-25,3.7252903e-09,0.0,True
2011-10-03,108.62,0.0,17.4,25.800001,10.457143,75.58572,1.7142857,1.0571429,2.3,5.742857,19.3,0.0,0.0007557273,-7.345365000000001e-25,5.5879354e-09,0.0,True
2011-10-10,108.59076386993144,18.2,13.728571,17.985714,9.414286,78.02857,1.3571428,1.1142857,1.7142857,5.8,14.957143,0.00019707531,0.0007244721,-7.345365000000001e-25,9.313226e-09,0.0,True
2011-10-17,108.60419121669406,2.2,10.814286,15.657144,6.5,76.65715,0.9714286,0.8142857,1.4571428,6.357143,12.228572,2.8371811e-05,0.00070232153,-7.345365000000001e-25,5.5879354e-09,0.0,True
2011-10-24,108.61502075668368,22.4,6.214286,11.7,1.2428572,85.22858,0.67142856,0.58571434,0.8428572,7.1714287,8.014286,0.00021294504,0.0006816089,1.362392e-07,1.1250377e-06,1.1175871e-06,True
2011-10-31,108.51295986296924,0.0,10.0,15.442858,5.3428574,84.814285,0.54285717,0.42857146,0.7285714,7.0571427,9.728572,1.1742115e-05,0.00066430867,-7.345365000000001e-25,3.3527613e-08,0.0,True
2011-11-07,108.53456820931568,0.0,9.842857,14.585715,5.857143,85.21429,0.40000004,0.32857147,0.64285713,6.9857144,10.0,4.8726797e-06,0.00064872205,-7.345365000000001e-25,1.8626451e-09,0.0,True
2011-11-14,108.44,0.0,5.9428573,8.171429,3.1285713,88.64286,0.21428573,0.18571429,0.4857143,6.957143,6.6714287,1.6093254e-06,0.0006355271,-7.345365000000001e-25,1.1175871e-08,3.3527613e-08,True
2011-11-21,108.45648347984309,0.0,3.7857144,7.3285713,-0.014285735,88.97143,0.18571429,0.15714286,0.2857143,6.9,4.3714285,2.1457672e-06,0.00062344223,2.5090717e-06,5.578622e-06,5.9455633e-06,True
2011-11-28,108.44058176725278,0.1,2.9714286,6.6285715,0.18571427,92.74286,0.20000002,0.12857144,0.21428572,6.885714,3.4857142,4.604459e-06,0.0006121695,8.5149495e-08,5.122274e-07,0.0,True
2011-12-05,108.54,28.7,6.642857,10.67143,2.7714286,87.057144,0.5714286,0.55714285,0.61428577,7.2285714,5.7714286,0.00048449636,0.00060161203,-7.345365000000001e-25,1.1175871e-08,2.2351742e-08,True
2011-12-12,108.49213814855706,31.8,5.2000003,8.242857,1.8857144,83.94286,0.64285713,0.64285713,0.6571428,9.714286,4.6,0.00079645216,0.0005927533,1.8108459e-06,7.6610595e-06,8.3856285e-06,True
2011-12-19,108.48284062269984,32.600002,5.2714286,7.928571,2.1857142,79.72858,0.82857144,0.82857144,0.9714286,10.471429,4.042857,0.0014106184,0.00085837394,0.0007112821,0.00035714358,0.003005378,True
2011-12-26,108.55908982394354,20.0,5.414286,7.0,3.7428572,85.51429,0.3,0.3,0.59999996,10.642858,3.5428572,0.00069345534,0.000637725,0.0021503142,0.007215325,0.0044638924,True
2012-01-02,108.60466902073762,21.4,7.0428576,9.214286,4.7714286,85.542854,0.4,0.4,0.6857143,10.32,4.24,0.0008405298,0.00072318316,9.852364e-05,0.0005867891,0.00047334284,True
2012-01-09,108.64407924396964,26.6,6.057143,8.428572,3.6857145,79.72858,0.9714285,0.9714285,0.9857143,10.842857,5.0142856,0.0028764904,0.0010724515,3.0375662e-05,0.00013689324,0.00014832988,False
2012-01-16,108.69,0.1,2.8285716,5.6142855,0.057142872,85.88572,0.4857143,0.4857143,0.3857143,10.242857,3.2,7.4632466e-05,0.0014747009,1.2954076e-05,1.8777326e-05,2.6144087e-05,True
2012-01-23,108.78155870301948,32.8,3.9,7.3285713,0.3142858,83.51429,0.8142857,0.8142857,0.61428577,10.614285,2.9857142,0.0014353096,0.0020427927,7.787205e-05,0.00044574402,0.00042249635,True
2012-01-30,108.68255951789484,3.8,1.8571428,3.914286,-0.15714286,83.94286,0.2857143,0.2857143,0.4714286,10.4,1.6571429,0.00011292845,0.0028159618,0.00019049644,7.651001e-05,0.0014006943,True
2012-02-06,108.7,0.0,-7.2428575,-3.257143,-11.1,60.842857,0.0,0.0,0.7,10.3,-3.0285714,8.195639e-08,0.0035135224,0.0019007921,0.0,0.0008678436,True
2012-02-13,108.71071083648224,0.6,-7.9000006,-3.8714287,-12.528572,69.14286,0.0,0.0,0.5857143,10.214286,-5.457143,9.0897083e-07,0.0038638562,0.002319103,2.7494505e-05,0.0024071932,True
2012-02-20,108.661547033697,9.2,3.114286,5.9428573,0.3857143,83.17143,0.8,0.8,0.7428571,10.242857,0.4857143,0.00039598346,0.0040116087,0.0030690092,0.006653769,0.0035253353,True
2012-02-27,108.71556037754662,0.3,4.8285713,8.828572,0.84285706,78.94286,0.90000004,0.8285715,0.88571423,10.014286,3.1857142,0.00010239333,0.004126571,0.00024280662,0.0006977357,8.940697e-08,True
2012-03-05,108.77552395531572,3.3,8.014286,11.114286,5.428571,82.72857,0.82857144,0.7285714,1.0428572,9.685715,7.0857143,7.3075294e-05,0.004248813,2.071971e-06,1.286529e-05,1.1697412e-06,True
2012-03-12,108.74282004504477,2.6,6.2428575,11.471429,0.67142856,71.22857,1.4142857,1.2428571,1.3428571,9.357142,6.8,9.7319484e-05,0.004308328,1.0785602e-06,4.524365e-06,3.7327409e-06,True
2012-03-19,108.67400023246432,3.6,8.928572,15.485715,2.3857143,70.14286,1.7571429,1.4,1.7714285,8.885715,9.457143,4.556775e-05,0.0043093637,-7.345365000000001e-25,1.3038516e-07,0.0,True
2012-03-26,108.68,0.0,10.900001,19.34286,2.1857142,57.94286,2.6857145,2.0428572,2.6714287,8.314285,11.614285,3.1292439e-07,0.004236184,-7.345365000000001e-25,0.0,0.0,True
2012-04-02,108.54,0.0,10.0,16.84286,2.857143,56.957146,2.542857,1.7714285,2.5571427,7.3142858,12.6285715,8.791685e-06,0.004108034,-7.345365000000001e-25,0.0,0.0,True
2012-04-09,108.4969294923851,5.2000003,8.014286,12.428572,2.4285715,71.67143,1.6714287,1.3714286,1.7285715,6.8285713,10.3,9.36687e-05,0.0039663315,3.9963497e-06,2.539903e-05,4.0227547e-05,True
2012-04-16,108.51289756918658,5.4,9.057143,14.17143,3.457143,69.814285,2.1571429,1.6714286,2.2285714,6.6571426,10.557143,0.00012704358,0.0038154647,1.2261527e-06,1.5608966e-05,0.0,True
2012-04-23,108.4919235465684,18.3,9.071428,14.2,3.9428573,69.057144,2.5285716,1.9714286,2.4857142,6.3285713,11.0,0.00018686801,0.0036424994,-7.345365000000001e-25,0.0,0.0,True
2012-04-30,108.49890860563248,10.1,15.400001,21.7,8.671429,64.65714,3.5,2.085714,3.4285715,6.1714287,15.8,4.220009e-05,0.0034604296,-7.345365000000001e-25,3.7252903e-09,0.0,True
2012-05-07,108.47,15.8,14.385715,19.657145,8.457143,73.12858,3.1285717,1.9,3.142857,6.0,17.5,0.0016314387,0.0032438263,-7.345365000000001e-25,3.7252903e-09,0.0,True
2012-05-14,108.5704922491499,13.9,15.900001,22.171429,8.9,65.685715,4.0285716,2.9285712,3.9857142,5.9857144,18.742857,6.0766935e-05,0.0030528829,-7.345365000000001e-25,7.450581e-09,0.0,True
2012-05-21,108.56052113456926,19.9,14.585715,20.600002,8.657144,69.87144,3.4714286,2.5000002,3.6571429,5.571429,17.657143,0.00018315017,0.0028551295,-7.345365000000001e-25,3.7252903e-09,0.0,True
2012-05-28,108.54977282646666,0.8,19.485716,25.785715,13.1285715,60.642857,4.8285713,1.7285715,4.9,5.1571426,22.4,1.3783574e-05,0.0026546195,-7.345365000000001e-25,7.450581e-09,0.0,True
2012-06-04,108.55,24.7,17.914288,23.442858,12.514287,71.75715,3.5142856,1.6571429,3.6714287,5.071429,21.0,9.346753e-05,0.0024382398,-7.345365000000001e-25,7.450581e-09,0.0,True
2012-06-11,108.60542204901088,23.7,16.1,20.928572,11.3,71.04286,3.2714288,2.6142857,3.5714285,5.4,19.257143,9.140372e-05,0.0022725463,-7.345365000000001e-25,3.7252903e-09,0.0,True
2012-06-18,108.61895172725936,17.9,17.528572,23.328571,12.157144,75.68572,3.6714287,2.942857,3.7285714,5.857143,20.714285,0.00015307963,0.0021243542,-7.345365000000001e-25,7.450581e-09,0.0,True
2012-06-25,108.68797835171458,9.2,18.67143,23.942858,13.2,72.571434,3.9428575,3.1571429,3.942857,5.1857142,22.142857,0.00011698902,0.001962334,-7.345365000000001e-25,7.450581e-09,0.0,False
2012-07-02,108.8,24.8,21.028574,26.785715,15.271429,74.54286,3.9285715,2.9428575,4.214286,4.9142857,23.914286,0.00025947392,0.0018012822,-7.345365000000001e-25,1.1175871e-08,0.0,True
2012-07-09,108.78075388699742,17.6,20.77143,25.942858,15.6,73.25715,4.028571,3.2142856,4.1714287,5.214286,24.257143,0.00040870905,0.0016692877,-7.345365000000001e-25,1.1175871e-08,0.0,False
2012-07-16,108.80092758476688,25.3,17.328571,22.085714,13.328572,74.42857,3.614286,3.1714287,3.7,5.3285713,20.242857,0.00019973516,0.0015472993,-7.345365000000001e-25,1.1175871e-08,0.0,False
2012-07-23,108.82042286111556,7.2999997,17.857143,22.628572,12.771429,68.828575,3.7000003,2.7285714,3.8142858,5.0,20.557142,6.940961e-05,0.0014463216,-7.345365000000001e-25,7.450581e-09,0.0,True
2012-07-30,108.76352968465662,18.900002,22.0,28.671429,14.8,68.442856,4.3,2.9714286,4.642857,4.5142856,24.77143,3.7550926e-05,0.0013362244,-7.345365000000001e-25,1.1175871e-08,0.0,True
2012-08-06,108.7,6.7,20.942858,26.642857,15.314286,70.42857,3.8571432,2.7142856,4.1857142,4.257143,24.385714,9.307265e-05,0.0012326986,-7.345365000000001e-25,1.1175871e-08,0.0,True
2012-08-13,108.52986116036138,0.1,19.042858,25.47143,11.742858,63.37143,3.8142858,2.0,4.2714286,3.857143,22.885714,1.9073486e-06,0.0011408329,-7.345365000000001e-25,1.1175871e-08,0.0,True
2012-08-20,108.47134074631953,8.5,24.042858,31.985716,16.228573,62.700005,4.214286,1.7142859,4.785714,3.7714286,25.814285,0.0002951622,0.0010498688,-7.345365000000001e-25,1.1175871e-08,0.0,True
2012-08-27,108.31745746683865,11.5,20.957144,27.014286,14.742858,69.41429,3.2857146,1.8428571,3.6000001,4.142857,23.671429,5.2452087e-05,0.000968799,-7.345365000000001e-25,9.313226e-09,0.0,True
2012-09-03,108.29,4.7000003,17.985714,23.757143,12.457144,73.77143,2.3,1.442857,2.5857143,4.257143,20.057142,1.7613173e-05,0.0009045005,-7.345365000000001e-25,9.313226e-09,0.0,True
2012-09-10,108.31220001289444,0.0,18.585714,27.17143,10.042857,63.257145,2.8999999,1.0142857,3.5285716,4.0,21.142857,2.2351742e-07,0.0008454919,-7.345365000000001e-25,9.313226e-09,0.0,True
2012-09-17,108.29354628955132,12.7,15.014287,21.357143,9.157144,78.38572,1.8857143,1.3285714,2.2428572,4.385714,17.77143,5.7697296e-05,0.0007924959,-7.345365000000001e-25,7.450581e-09,0.0,True
2012-09-24,108.28014815289536,15.9,14.214286,20.785715,7.7428575,73.90001,1.8428571,1.4714286,2.1857142,4.5285716,16.614286,9.454787e-05,0.00074831396,-7.345365000000001e-25,5.5879354e-09,0.0,True
2012-10-01,108.28250078966693,12.7,12.814286,18.357143,8.2,82.57143,1.2714285,1.042857,1.5,4.857143,14.442857,0.0001367554,0.0007132739,-7.345365000000001e-25,5.5879354e-09,0.0,True
2012-10-08,108.26421774835974,16.0,13.428572,18.957144,6.8857145,79.52857,1.3571428,1.2142857,1.6428572,4.9857144,14.142858,0.00012473762,0.00068180263,-7.345365000000001e-25,1.1175871e-08,0.0,False
2012-10-15,108.23,16.2,10.114286,14.371429,5.4714284,85.74286,0.8428572,0.8,0.94285715,6.1571426,11.428572,0.00014983118,0.0006567091,-7.345365000000001e-25,1.8626451e-09,0.0,True
2012-10-22,108.2,0.0,11.957144,18.742859,6.371429,84.88572,0.84285706,0.6857143,0.9714286,6.428571,12.471429,1.1622906e-06,0.0006345883,-7.345365000000001e-25,3.7252903e-09,0.0,True
2012-10-29,108.21,19.7,5.957143,8.671429,3.0,86.5,0.4714286,0.42857146,0.6857143,6.7,7.5,0.00011302531,0.0006140098,0.001561829,0.001635585,0.005320918,True
2012-11-05,108.24,60.8,8.085714,12.442858,4.714286,83.42857,0.8428572,0.8285714,0.85714287,8.0,7.9,0.0017478615,0.00059799105,0.00074662484,0.0035451837,1.3411045e-07,True
2012-11-12,108.29,15.6,7.4714284,10.400001,3.8428571,90.12858,0.44285712,0.4285714,0.4857143,9.614285,7.7285714,0.00016394258,0.00058954954,6.81196e-08,1.2833625e-06,0.0,True
2012-11-19,108.3,0.0,4.6,7.571429,1.5714285,92.41429,0.22857144,0.21428573,0.31428573,9.642858,5.4,2.30968e-06,0.0005873367,-7.345365000000001e-25,0.0,0.0,True
2012-11-26,108.28,6.0,6.3857145,10.014287,1.9285715,90.200005,0.35714287,0.3285714,0.4,9.5,6.2285714,8.9362264e-05,0.00058757514,-7.345365000000001e-25,1.8626451e-09,0.0,True
2012-12-03,108.27,26.6,3.1857145,5.357143,0.88571435,89.07143,0.32857147,0.31428573,0.35714287,10.3,3.4857142,0.00039820373,0.0005910173,0.0012283495,0.0011429172,0.0064540803,True
2012-12-10,108.32,20.9,0.44285712,2.614286,-2.5857143,88.12858,0.29999998,0.29999998,0.37142855,10.357142,0.94285715,0.00037281215,0.0006101057,0.0067878566,0.0060723405,0.010279149,True
2012-12-17,108.34,31.4,2.3428571,5.2428575,-0.7857142,89.34286,0.34285715,0.34285715,0.34285715,10.5,1.9571428,0.00082203746,0.00066563487,0.007062367,0.012371274,0.002452664,True
2012-12-24,108.43,23.2,6.6857147,9.214286,3.4857142,88.77143,0.44285718,0.44285718,0.5428571,11.014286,4.957143,0.0008027181,0.00087238103,9.838172e-05,0.00043667108,0.00022112578,True
2012-12-31,108.55,20.699999,8.242857,10.814286,5.5285716,77.71429,0.87142855,0.87142855,1.0142857,10.7,6.8,0.00096929073,0.0009703338,5.9604645e-08,1.0523945e-06,1.3411045e-07,True
2013-01-07,108.61,5.6,6.1,8.185715,3.5857143,88.814285,0.41428572,0.41428572,0.47142857,10.2,5.5285716,0.00017851591,0.0016718954,-7.345365000000001e-25,0.0,0.0,True
2013-01-14,108.62,4.3999996,1.0428572,2.3,-0.7714286,87.9,0.18571429,0.18571429,0.35714287,10.228572,2.3,5.2779913e-05,0.0020598695,0.0025666724,0.00016333163,0.00679766,True
2013-01-21,108.61,10.8,-1.5285715,0.12857142,-3.142857,86.71429,0.014285714,0.014285714,0.37142858,10.3714285,0.057142857,9.328872e-05,0.0023355484,0.011070104,0.0008964315,0.011415906,True
2013-01-28,108.58,4.0,0.02857147,1.9285715,-2.0285714,87.14286,0.17142858,0.17142858,0.40000004,10.342857,0.114285715,0.00031486154,0.0025263354,0.0148530975,0.010772452,0.0009084828,True
2013-02-04,108.64,28.2,6.8142858,9.542857,4.0,82.685715,1.0142857,1.0142857,1.0428572,10.8,5.285714,0.001908727,0.0031507984,0.0009079604,0.00806006,0.0016536079,True
2013-02-11,108.71,10.2,0.32857147,2.9714286,-2.614286,84.1,0.35714287,0.35714287,0.5857143,10.657143,1.2714286,0.00017310679,0.0041164905,0.0035829034,0.0014868379,0.0065668337,True
2013-02-18,108.72,3.8,0.7285714,3.3285716,-2.1000001,81.58572,0.34285712,0.34285712,0.61428577,10.285714,0.21428572,0.000118643045,0.005116172,0.0057412274,0.005216943,0.004399985,True
2013-02-25,108.73,4.1,-1.0428572,1.0571429,-3.1571429,80.34286,0.18571429,0.18571429,0.7285714,10.228572,0.071428575,7.176399e-05,0.00557293,0.0053450265,0.0014154576,0.0067628287,True
2013-03-04,108.71,1.7,2.357143,5.7999997,-1.1571429,79.87144,0.7428571,0.6999999,0.87142855,10.157143,1.1285714,0.0001835972,0.0057740137,0.0034252745,0.00768476,1.6529113e-05,True
2013-03-11,108.7,4.3,7.7000003,13.142858,2.6142857,77.48572,1.2714285,1.1571428,1.2571429,9.685715,8.085714,6.8590045e-05,0.0058362037,0.00018453598,0.00089554675,1.0430813e-05,True
2013-03-18,108.68,16.7,0.9714286,4.5,-3.1857145,78.12858,0.71428573,0.67142856,0.9714285,9.985714,2.0714285,0.00027821958,0.0058102906,0.001925565,0.0024836343,0.003546279,True
2013-03-25,108.69,11.3,3.4857142,7.057143,0.3,73.11429,1.3714286,1.3142856,1.4571428,10.1,4.4,0.00019347668,0.005760953,0.00066427956,0.001168469,0.0025723688,True
2013-04-01,108.69,0.1,2.0428572,6.1,-2.0285716,66.17143,1.2857143,1.1,1.5142858,9.685715,3.6714287,5.5633485e-05,0.0057298318,0.0013016632,0.0018093046,0.00069013797,True
2013-04-08,108.7,0.4,4.571429,8.471429,0.7,63.61429,1.6714286,1.3285714,1.9142857,9.171429,6.0857143,2.4557114e-05,0.0056182668,0.0001968713,0.00062937103,9.919703e-05,True
2013-04-15,108.7,26.1,12.3714285,17.571428,7.6,73.34286,2.8,2.6142857,2.5285716,9.571428,12.2,0.00085170567,0.0054932907,2.5488082e-06,2.1643937e-05,0.0,True
2013-04-22,108.69,1.1,13.985715,18.0,10.085714,62.5,2.6714284,2.1142857,2.7285714,8.942857,15.285714,4.74751e-05,0.0053230748,-7.345365000000001e-25,0.0,0.0,True
2013-04-29,108.67,21.5,12.171428,17.957144,6.7999997,74.57143,2.5,2.057143,2.457143,8.7,14.485714,0.0006372854,0.005150743,-7.345365000000001e-25,3.7252903e-09,0.0,True
2013-05-06,108.71,32.8,13.485715,18.171429,8.8714285,82.057144,2.4142857,2.1571429,2.3,9.142858,15.385715,0.00095169246,0.005037904,-7.345365000000001e-25,0.0,0.0,True
2013-05-13,108.74,11.6,14.028572,18.37143,10.142858,78.12858,2.7571428,2.6,2.6714287,8.828571,16.571428,0.0002668053,0.0049983934,-7.345365000000001e-25,3.7252903e-09,0.0,True
2013-05-20,108.74,14.799999,13.214286,17.314287,9.457144,80.85714,2.3714287,2.0714285,2.457143,8.671429,15.728572,0.00031733513,0.0049352422,-7.345365000000001e-25,7.450581e-09,0.0,True
2013-05-27,108.75,29.3,9.714286,13.828572,5.7714286,81.48572,2.1142857,2.0571427,2.042857,9.514286,12.485714,0.00059206784,0.0048691705,-7.345365000000001e-25,4.0978193e-08,4.8428774e-08,True
2013-06-03,109.18,101.3,12.842857,17.27143,8.385715,77.24286,2.8,2.7,2.6285713,10.728572,15.6,0.005889021,0.00848747,-7.345365000000001e-25,7.450581e-09,0.0,True
2013-06-10,109.25,14.3,17.77143,23.485716,11.514287,70.17143,4.2142854,3.4571426,4.214286,9.314285,21.457144,0.00015439093,0.007756524,-7.345365000000001e-25,7.450581e-09,0.0,True
2013-06-17,109.17,4.3,19.157145,25.857143,12.314286,71.28571,4.4714284,3.7571428,4.5,8.6285715,22.77143,0.00015735626,0.0077761337,-7.345365000000001e-25,3.7252903e-09,0.0,True
2013-06-24,109.09,14.799999,21.300001,26.385715,15.800001,69.02857,4.7999997,3.7285712,4.7285714,7.3285713,24.885714,0.0041778833,0.00724937,-7.345365000000001e-25,1.1175871e-08,0.0,True
2013-07-01,109.03,15.900001,15.0,19.87143,9.985715,76.37144,3.142857,2.5142858,3.0714285,7.0142856,19.042856,0.00022295117,0.0067743137,-7.345365000000001e-25,3.7252903e-09,0.0,True
2013-07-08,108.98,7.3,20.600002,25.942858,14.7,71.185715,4.528571,3.2714288,4.542857,6.6571426,23.671429,0.00012657046,0.0062956437,-7.345365000000001e-25,1.1175871e-08,0.0,True
2013-07-15,108.93,0.0,20.385715,26.828571,13.17143,61.54286,5.1142855,1.642857,5.2714286,5.6714287,25.342857,2.0861626e-07,0.0057061836,-7.345365000000001e-25,1.4901161e-08,0.0,True
2013-07-22,108.88,0.0,24.100002,31.257143,16.242857,54.12857,5.9428573,0.7,5.9714284,5.357143,27.142857,4.917383e-07,0.00506784,-7.345365000000001e-25,1.1175871e-08,0.0,True
2013-07-29,108.82077848742284,32.8,24.042858,30.442858,18.042858,73.057144,4.2000003,1.1285715,4.2285714,5.428571,26.971428,0.00032009184,0.00446485,-7.345365000000001e-25,1.1175871e-08,0.0,True
2013-08-05,108.86,0.1,24.114286,30.985716,16.785715,62.82857,4.9,2.6285713,4.957143,5.8,26.528572,1.335144e-05,0.0039983615,-7.345365000000001e-25,1.1175871e-08,0.0,True
2013-08-12,108.85,37.5,20.085714,25.857143,14.914286,74.700005,3.2857144,2.3999999,3.4428573,5.8285713,23.72857,0.00010968745,0.003572762,-7.345365000000001e-25,1.1175871e-08,0.0,True
2013-08-19,108.82,14.7,18.714285,25.585714,12.071428,70.27143,3.5571427,2.085714,3.6571429,5.3714285,22.657143,6.939471e-05,0.0032148436,-7.345365000000001e-25,9.313226e-09,0.0,True
2013-08-26,108.8,24.4,17.800001,23.285715,12.785714,77.28571,2.7285712,1.6714286,2.9428573,5.5285716,20.985714,0.00017392635,0.0029020011,-7.345365000000001e-25,3.7252903e-09,0.0,True
2013-09-02,108.77,0.8,17.528572,23.328571,12.142858,74.34286,2.5428574,1.8714285,2.9142857,6.2,20.685715,3.5777688e-05,0.0026628375,-7.345365000000001e-25,3.7252903e-09,0.0,True
2013-09-09,108.75,25.6,19.9,26.128572,14.257143,74.32857,2.8571432,2.0142858,3.1714287,5.7,22.142857,0.00030705333,0.0024289489,-7.345365000000001e-25,9.313226e-09,0.0,True
2013-09-16,108.78,40.300003,14.185715,17.228573,11.6285715,88.6,1.4571428,1.4142858,1.4571428,7.257143,15.942857,0.00036405027,0.0022569,-7.345365000000001e-25,7.450581e-09,0.0,True
2013-09-23,108.77,7.4,13.671428,18.185715,9.371429,84.92857,1.5142858,1.4,1.6714286,8.228572,15.414286,0.0007791072,0.002144657,-7.345365000000001e-25,7.450581e-09,0.0,True
2013-09-30,108.75,2.8000002,14.585715,19.571428,10.014285,80.85714,1.4714288,1.1857144,1.8142856,7.8142858,17.142857,1.4409423e-05,0.002055414,-7.345365000000001e-25,1.8626451e-09,0.0,True
2013-10-07,108.77,45.0,12.342857,16.47143,8.728572,83.07143,1.1,0.94285715,1.4285715,8.342857,14.3714285,0.00048487633,0.0019784197,-7.345365000000001e-25,1.8626451e-09,0.0,True
2013-10-14,108.82,35.0,9.742857,13.257143,6.214286,89.62858,0.7428571,0.7285714,0.88571423,10.142858,11.571428,0.0004904866,0.0019274205,-7.345365000000001e-25,1.8626451e-09,0.0,True
2013-10-21,108.91,19.199999,13.057143,16.942858,9.457144,89.72858,0.9571429,0.9571429,0.95714283,10.485714,13.457143,0.00026594102,0.0019037575,-7.345365000000001e-25,7.450581e-09,0.0,True
2013-10-28,108.97,14.4,15.242858,20.514286,11.1,82.88572,1.2428572,1.2428572,1.3857143,10.271428,14.785714,0.00024944544,0.001897879,-7.345365000000001e-25,1.1175871e-08,0.0,True
2013-11-04,108.99,12.0,9.457143,13.914286,4.7571425,84.542854,0.9714286,0.9714286,0.9714286,10.3,10.057143,0.00074385107,0.0019080937,-7.345365000000001e-25,5.5879354e-09,0.0,True
2013-11-11,109.02,24.8,9.714286,12.6285715,6.514286,85.5,0.87142855,0.87142855,0.9142857,10.757143,9.742857,0.0011049956,0.0019969717,-7.345365000000001e-25,2.2351742e-08,1.8626451e-08,True
2013-11-18,109.07,1.7,4.785714,7.3142858,2.1857142,89.6,0.3,0.3,0.45714286,10.385715,5.4428573,5.0053e-05,0.0023201257,-7.345365000000001e-25,3.7252903e-09,0.0,True
2013-11-25,109.11,27.6,4.3,6.1,1.9857143,89.35714,0.37142858,0.37142858,0.44285712,10.671429,4.542857,0.00061792135,0.0027526394,2.7145657e-05,1.6961247e-05,0.00072227046,True
2013-12-02,109.1,2.1999998,1.9857142,4.8,-0.8142857,90.82857,0.25714287,0.25714287,0.27142859,10.271428,1.9857143,0.00012344122,0.003333658,0.00069957686,0.0011235755,0.0006435774,True
2013-12-09,109.07,2.7,3.5857143,5.871429,1.2,84.6,0.45714286,0.45714286,0.5857143,10.171429,2.7857144,0.000108242035,0.0037926286,0.00022882507,0.0006775502,0.0005257465,True
2013-12-16,109.03,4.2,1.7,5.214286,-1.0285715,93.94286,0.12857142,0.12857142,0.14285715,10.171429,1.9428571,4.9069524e-05,0.004100062,6.470226e-05,9.390898e-05,7.1525574e-07,True
2013-12-23,109.01,8.8,4.7285714,7.0,0.25714284,89.3,0.41428572,0.41428572,0.41428572,10.228572,3.3,0.00015182793,0.0042811856,1.0745866e-05,2.996996e-05,0.0,True
2013-12-30,109.08,29.199999,6.085715,0.0,2.6714287,84.57143,0.5285714,0.5285714,0.55714285,10.9,5.1571426,0.0010372922,0.004502669,-7.345365000000001e-25,1.9930303e-07,7.4505806e-08,True
2014-01-06,109.12,10.2,5.5,8.785714,1.0857143,86.9,0.3,0.3,0.3857143,10.6,2.7,0.00022532791,0.0052130297,-7.345365000000001e-25,5.029142e-08,0.0,True
2014-01-13,109.13,12.2,6.0,10.114286,1.9857143,88.65715,0.6285714,0.6285714,0.42857143,10.271428,5.257143,0.00016961992,0.00582584,-7.345365000000001e-25,1.7508864e-07,3.427267e-07,True
2014-01-20,109.13,4.5,4.3428574,6.957143,1.3000001,90.68572,0.37142858,0.35714287,0.35714287,10.3714285,3.9857142,0.00013205409,0.0061963648,-7.345365000000001e-25,2.1606684e-07,7.0780516e-08,True
2014-01-27,109.13,12.099999,4.2285714,5.642857,2.6714287,87.57143,0.5285714,0.5285714,0.5428571,10.342857,3.5285714,0.0003931597,0.006415181,6.6774235e-05,0.00016921386,0.0011228397,True
2014-02-03,109.11,5.6,2.4285715,6.085715,-1.0285714,83.92857,0.54285717,0.54285717,0.4857143,10.228572,2.357143,0.00012800097,0.006683938,0.0007772957,0.0011039656,0.00040296093,True
2014-02-10,109.11,9.4,5.214286,9.085714,0.87142855,79.18572,0.90000004,0.90000004,0.9857143,10.2,4.0142856,0.00021637976,0.0069240406,8.009161e-05,0.0002690591,7.227063e-07,True
2014-02-17,109.12,25.0,6.2000003,9.800001,2.3428574,79.51428,1.0428572,1.0428572,0.9714286,10.471429,5.4142857,0.0005890131,0.0070469975,1.0161173e-06,4.8540533e-06,3.5390258e-07,True
2014-02-24,109.13,2.1,6.557143,11.928572,1.2571429,79.37144,1.1142857,1.0714285,0.9857143,10.1,6.4857144,8.829683e-05,0.007419139,-7.345365000000001e-25,2.2351742e-08,0.0,True
2014-03-03,109.13,11.799999,6.5,11.0,2.6285713,80.38572,1.0714287,0.9714286,0.9857143,9.957143,7.0142856,0.00022731721,0.007600814,-7.345365000000001e-25,2.514571e-07,2.9429793e-07,True
2014-03-10,109.1,0.0,7.571429,14.900001,0.5714286,70.37143,1.5714285,1.3000001,1.5857143,9.542857,7.6714287,4.0382147e-06,0.0075698793,-7.345365000000001e-25,4.8428774e-08,0.0,True
2014-03-17,109.08,0.1,10.071428,16.914288,3.7000003,64.72858,1.9714285,1.5285714,2.1000001,8.785714,9.914286,1.5236437e-05,0.0074093714,-7.345365000000001e-25,5.5879354e-09,0.0,True
2014-03-24,109.05,14.4,9.8714285,15.17143,4.2428575,71.75715,2.0714285,1.6428573,1.957143,8.1285715,10.728572,0.000148803,0.007170871,1.1353266e-08,9.872019e-08,7.1153045e-07,True
2014-03-31,109.03,0.4,9.528571,17.114286,2.1285715,64.07143,2.357143,1.7142857,2.4,7.7,11.142858,8.448958e-06,0.006862305,6.81196e-08,6.3329935e-07,1.4901161e-08,True
2014-04-07,109.02,3.7,14.685715,21.542858,7.914286,68.38572,2.4142857,1.557143,2.5,6.8428574,15.8714285,3.8832426e-05,0.0064485,-7.345365000000001e-25,3.7252903e-09,0.0,True
2014-04-14,109.0,0.0,12.657143,18.37143,6.414286,60.485718,3.0571427,1.4142857,3.1714284,6.2285714,15.514286,1.73226e-05,0.006014563,-7.345365000000001e-25,1.8626451e-09,0.0,True
2014-04-21,108.98,0.4,9.857142,16.085714,2.9285715,65.22858,2.5857146,0.68571424,2.5,5.885714,12.9,3.7536025e-05,0.005564064,-7.345365000000001e-25,0.0,0.0,True
2014-04-28,108.96,11.5,14.842857,21.028574,9.028571,71.77143,2.9571424,1.0857142,3.0,5.9857144,17.342857,0.00013710558,0.005098209,-7.345365000000001e-25,3.7252903e-09,0.0,True
2014-05-05,108.96,18.2,12.214286,17.385715,7.357143,78.4,2.2857144,1.8285714,2.3428571,6.9,15.185715,0.00011700392,0.0046956837,-7.345365000000001e-25,0.0,0.0,True
2014-05-12,108.99,25.4,13.914286,18.585714,9.3714285,74.1,3.2571428,2.9714284,3.0857143,6.8428574,15.657143,0.00020756572,0.0042995363,-7.345365000000001e-25,7.450581e-09,0.0,True
2014-05-19,109.02,4.4,13.642858,19.514286,7.5285716,65.98571,3.5285716,2.7,3.7142856,6.4857144,16.9,2.9735267e-05,0.003942162,-7.345365000000001e-25,0.0,0.0,True
2014-05-26,109.01,25.2,18.028572,24.628572,11.328572,67.77143,4.0857143,2.914286,4.157143,5.542857,21.657143,0.00032275915,0.003556937,-7.345365000000001e-25,0.0,0.0,True
2014-06-02,108.96,0.1,15.1285715,20.585714,9.457144,69.48572,3.0142856,2.1571429,3.2428572,5.4857144,18.914286,1.7635524e-05,0.0032409877,-7.345365000000001e-25,3.7252903e-09,0.0,True
2014-06-09,108.92,14.0,20.4,28.6,11.285714,62.3,4.8,2.3142858,4.9857144,4.9,23.328571,4.695356e-05,0.002938293,-7.345365000000001e-25,7.450581e-09,0.0,True
2014-06-16,108.86,0.1,21.014286,26.97143,14.357142,57.27143,5.3857145,0.91428566,5.428571,4.5285716,25.257143,1.0251999e-05,0.002616115,-7.345365000000001e-25,7.450581e-09,0.0,True
2014-06-23,108.79,0.1,18.2,24.414288,10.371429,56.54286,4.9571424,0.59999996,4.9857144,4.214286,23.171429,5.7667494e-06,0.0023355782,-7.345365000000001e-25,7.450581e-09,0.0,True
2014-06-30,108.74,19.0,18.1,23.728573,11.457144,63.157143,4.171428,1.2714285,4.2714286,4.3,22.22857,9.191036e-05,0.0020712912,-7.345365000000001e-25,7.450581e-09,0.0,True
2014-07-07,108.71,21.1,20.642857,27.585714,13.542857,64.87143,4.7428575,2.4142857,4.714286,4.428571,23.642857,8.712709e-05,0.0018571913,-7.345365000000001e-25,1.1175871e-08,0.0,True
2014-07-14,108.73,73.6,17.428572,21.34286,14.585715,85.84286,2.7285714,2.6142857,2.6000001,7.042857,19.9,0.0007845089,0.0017009005,-7.345365000000001e-25,1.4901161e-08,0.0,True
2014-07-21,108.7,30.6,22.757143,29.157145,16.057142,66.957146,4.614286,3.6285713,4.6857142,6.885714,26.028572,0.0002619326,0.0015650913,-7.345365000000001e-25,1.1175871e-08,0.0,True
2014-07-28,108.71,20.5,21.84286,27.800001,16.442858,72.24286,4.1285715,3.457143,4.285714,7.7714286,25.0,0.0006544739,0.0014397055,-7.345365000000001e-25,1.4901161e-08,0.0,True
2014-08-04,108.73,9.3,20.442858,25.600002,16.114286,79.328575,3.157143,2.7857144,3.3285713,8.3714285,23.985714,0.00018858165,0.0013399348,-7.345365000000001e-25,1.1175871e-08,0.0,True
2014-08-11,108.71,15.000001,20.514286,26.114286,15.257143,73.34286,3.5428574,2.8428571,3.857143,7.7285714,24.37143,0.00012804568,0.0012549609,-7.345365000000001e-25,7.450581e-09,0.0,True
2014-08-18,108.72,20.0,16.571428,20.542858,12.8,76.98572,2.6285717,2.4,2.857143,8.057143,19.357143,0.00015093386,0.0011815727,-7.345365000000001e-25,9.313226e-09,0.0,True
2014-08-25,108.7,14.6,14.942857,20.585714,9.357142,72.3,2.4571426,2.0142856,2.857143,7.8428574,18.757143,4.7445297e-05,0.0011199042,-7.345365000000001e-25,3.7252903e-09,0.0,True
2014-09-01,108.73,24.7,17.428572,22.17143,13.271429,82.02857,2.142857,2.0285716,2.4714284,9.028571,19.842857,0.00054164976,0.0010671914,-7.345365000000001e-25,7.450581e-09,0.0,True
2014-09-08,108.71,0.0,18.414288,23.328571,14.2,80.185715,2.042857,1.6571428,2.4428573,9.157143,20.814285,2.039969e-05,0.0010266379,-7.345365000000001e-25,9.313226e-09,0.0,True
2014-09-15,108.75,29.7,15.914286,20.314287,12.1,83.62858,1.6571429,1.4,1.9,8.814285,19.042856,0.0003864467,0.0009890273,-7.345365000000001e-25,7.450581e-09,0.0,True
2014-09-22,108.77,31.5,17.685715,23.628572,12.571428,83.700005,1.7571428,1.5428572,2.1285713,8.828571,19.857143,0.000260666,0.0009597987,-7.345365000000001e-25,5.5879354e-09,0.0,True
2014-09-29,108.78,0.8,14.5,20.5,9.214286,80.75714,1.5428572,1.3428571,1.8571428,9.214286,16.514286,1.5988946e-05,0.0009360686,-7.345365000000001e-25,7.450581e-09,0.0,True
2014-10-06,108.74,1.8,15.271429,21.0,10.385715,84.328575,1.1428572,0.9571429,1.5285714,8.357142,17.557142,1.0430813e-05,0.00091391057,-7.345365000000001e-25,5.5879354e-09,0.0,True
2014-10-13,108.69,19.099998,15.6,19.642857,11.928572,90.28571,1.0000001,0.9714286,1.0285714,8.671429,16.37143,0.0024435222,0.0008970201,-7.345365000000001e-25,5.5879354e-09,0.0,True
2014-10-20,108.67,15.599999,15.542857,20.300001,10.942858,87.57143,1.1142857,1.0857143,1.1142857,9.428572,16.057142,0.00039963424,0.0008853972,-7.345365000000001e-25,5.5879354e-09,0.0,True
2014-10-27,108.65,8.400001,10.514287,14.828572,6.457143,84.07143,0.78571427,0.78571427,0.9285714,9.571428,11.557143,7.909536e-05,0.0008828044,-7.345365000000001e-25,5.5879354e-09,0.0,True
2014-11-03,108.63,1.9000001,10.6,15.257143,6.8714285,89.75714,0.5285714,0.47142857,0.62857145,9.385715,11.114285,8.069724e-05,0.00088682026,-7.345365000000001e-25,3.7252903e-09,0.0,True
2014-11-10,108.61,6.7000003,8.171429,11.814286,4.428571,90.84286,0.44285712,0.42857143,0.44285712,9.814285,8.942857,0.00028294325,0.0008947179,-7.345365000000001e-25,0.0,0.0,True
2014-11-17,108.62,37.399998,9.142858,11.514285,7.0285716,92.08571,0.35714287,0.35714287,0.44285712,10.185715,9.157143,0.0005173385,0.00091688335,-7.345365000000001e-25,0.0,0.0,True
2014-11-24,108.64,10.9,6.571429,8.971429,4.114286,94.814285,0.25714287,0.25714287,0.27142859,10.471429,7.2714286,0.00012676418,0.0009837747,-7.345365000000001e-25,1.8626451e-09,0.0,True
2014-12-01,108.65,0.1,5.3428574,6.3428574,4.1142855,85.200005,0.25714287,0.25714287,0.5714286,10.042857,5.0857143,5.234778e-05,0.0010839477,-7.345365000000001e-25,0.0,0.0,True
2014-12-08,108.62,4.8,3.3,4.585715,1.6714286,92.42857,0.2,0.2,0.31428573,10.0,3.4285715,9.649992e-05,0.0011761189,2.9461723e-06,7.0612878e-06,9.1940165e-06,True
2014-12-15,108.6,17.7,6.2428575,8.185714,3.8,86.67143,0.50000006,0.51428574,0.6571428,10.185715,5.0,0.00031911582,0.0012576953,2.162797e-06,7.95722e-06,5.3197145e-06,True
2014-12-22,108.61,9.6,7.457143,9.385715,4.857143,85.04286,0.5857143,0.5857143,0.8142857,10.542857,6.4857144,0.00046619773,0.0013682172,-7.345365000000001e-25,5.9604645e-08,3.3527613e-08,True
2014-12-29,108.61,16.3,2.2142856,4.857143,-2.3714287,85.4,0.35714284,0.35714284,0.51428574,10.357142,3.2571428,0.00016251206,0.0015794411,0.0039619943,0.0011029094,0.015876286,True
2015-01-05,108.67,24.8,1.3714286,3.8285713,-0.9428572,93.01429,0.15,0.15,0.24285714,10.55,0.6,0.0020397305,0.0027007684,0.012375888,0.014968438,0.00511558,True
2015-01-12,108.75,15.9,5.7000003,8.442858,2.2571428,83.12858,0.9142857,0.9142857,0.88571423,10.528571,4.571429,0.0006502569,0.0025361776,0.0017900297,0.005476648,2.115965e-06,True
2015-01-19,108.83,33.8,4.657143,7.8142858,0.9285714,84.24286,0.74285716,0.7285715,0.71428573,10.614285,4.214286,0.00059375167,0.0035628527,1.0785602e-06,4.7627836e-06,2.566725e-06,True
2015-01-26,108.89,11.1,1.1714286,2.614286,-0.5714286,91.28571,0.27142859,0.27142859,0.37142858,10.428572,1.1571429,0.00018876791,0.0047353655,0.001885329,0.0020055324,0.009450499,True
2015-02-02,108.93,19.3,2.4714286,4.4857144,0.5142857,88.61428,0.59999996,0.59999996,0.5285714,10.557143,1.8571428,0.0006362274,0.0056211054,0.0059078024,0.007276969,0.00948621,True
2015-02-09,108.96,0.90000004,-0.42857143,2.7285714,-3.1857145,75.1,0.44285718,0.44285718,0.8,10.242857,0.24285714,8.904934e-05,0.006805368,0.008205783,0.0028064176,0.0012735613,True
2015-02-16,108.95,0.0,1.3000001,4.4428573,-1.3428572,89.48572,0.34285715,0.31428573,0.47142857,10.014286,1.4571428,0.00013942271,0.0074028075,0.00281645,0.0062155984,5.1036477e-07,True
2015-02-23,108.93,8.0,2.4857144,6.1857147,-1.6142856,84.114296,0.7,0.62857145,0.7285714,9.9,2.357143,0.00018247962,0.0075773895,0.00047487306,0.001522053,0.0021769106,True
2015-03-02,108.9,9.0,5.2714286,9.228571,1.0142858,79.5,1.1714287,1.1571429,1.0,10.2,5.0571427,0.00046384335,0.0075616837,0.0005167155,0.0014402494,1.10939145e-05,True
2015-03-09,108.87,0.4,5.2999997,12.0,-0.74285716,71.457146,1.5,1.3857143,1.3857143,9.928572,6.742857,5.5484474e-05,0.0076202154,6.352152e-06,2.2990629e-05,1.6130507e-06,True
2015-03-16,108.85,2.9,5.457143,10.785714,-0.21428572,73.11429,1.4714285,1.1999999,1.4285715,9.342857,7.4,2.077967e-05,0.0076293126,-7.345365000000001e-25,1.0058284e-06,5.5879354e-07,True
2015-03-23,108.83,0.3,7.9428573,14.485715,1.5428572,71.01429,1.7142857,1.2714287,1.7142857,8.728572,9.757143,6.4969063e-06,0.007451959,-7.345365000000001e-25,8.754432e-08,0.0,True
2015-03-30,108.82,13.1,8.728572,13.3714285,3.8857143,73.38572,1.9571427,1.6999999,1.8428571,8.285714,9.742857,0.00023949891,0.007180229,-7.345365000000001e-25,1.8626451e-09,0.0,True
2015-04-06,108.82,23.0,6.2428575,10.8,1.0571429,70.97143,2.1285713,2.0285714,1.8428571,9.0,8.0,0.0003697276,0.0068809018,2.0379111e-06,7.990748e-06,9.156764e-06,True
2015-04-13,108.82,0.5,11.228571,18.34286,4.057143,64.25715,2.9285715,2.2714286,2.7714286,8.457143,13.542857,1.1451542e-05,0.006567575,1.9300552e-07,1.0896474e-06,0.0,True
2015-04-20,108.8,0.0,13.014285,20.142857,4.8714285,52.628574,3.7,2.585714,3.5714285,7.4428573,15.557143,7.4505806e-08,0.006189458,-7.345365000000001e-25,0.0,0.0,True
2015-04-27,108.82,8.8,12.942858,20.257143,4.9428573,66.557144,3.2571425,1.8714286,3.042857,6.642857,16.285715,0.000109791756,0.0057461336,-7.345365000000001e-25,0.0,0.0,True
2015-05-04,108.82,19.6,12.485715,17.028572,7.785714,78.3,2.4857142,1.9142857,2.442857,7.3285713,15.028571,0.0005263835,0.0053482354,-7.345365000000001e-25,0.0,0.0,True
2015-05-11,108.82,0.1,16.557142,22.5,10.257143,62.8,4.0,2.2857144,3.9285715,7.0142856,19.357143,1.6503036e-05,0.0049817786,-7.345365000000001e-25,7.450581e-09,0.0,True
2015-05-18,108.81,9.7,16.157145,22.428572,9.614286,69.07143,3.9857142,1.8999999,3.7142856,6.5285716,20.328571,0.0001591742,0.0045943707,-7.345365000000001e-25,7.450581e-09,0.0,True
2015-05-25,108.79,7.8999996,14.228572,19.714285,8.357142,64.3,3.185714,1.4285715,3.3,6.357143,18.028572,4.081428e-05,0.0042330697,-7.345365000000001e-25,0.0,0.0,True
2015-06-01,108.77,9.3,14.300001,19.34286,7.857143,70.71429,3.3,1.557143,2.9857142,6.0571427,18.042856,3.8594007e-05,0.003896214,-7.345365000000001e-25,3.7252903e-09,0.0,True
2015-06-08,108.74,22.1,21.0,27.699999,13.457144,60.628574,5.2571425,1.7857143,5.3142858,5.542857,23.542856,1.7136335e-05,0.0035397187,-7.345365000000001e-25,7.450581e-09,0.0,True
2015-06-15,108.73,1.0,19.328571,24.67143,13.885715,66.34286,3.9857144,1.6428572,4.071429,5.742857,22.214285,1.9587576e-05,0.0031998754,-7.345365000000001e-25,3.7252903e-09,0.0,True
2015-06-22,108.73,32.800003,15.514285,19.742859,11.457144,73.28571,2.9571426,1.7857143,2.9285715,6.0142856,19.242857,0.00017048419,0.0028875023,-7.345365000000001e-25,3.7252903e-09,0.0,True
2015-06-29,108.73,7.0,18.300001,24.857143,11.528572,70.15714,4.3714285,3.1714287,4.257143,5.8285713,22.285715,5.2779913e-05,0.0026412383,-7.345365000000001e-25,7.450581e-09,0.0,True
2015-07-06,108.68,0.6,27.214285,34.885715,18.628572,53.757145,6.7428565,1.7571429,6.7428575,4.7714286,29.328571,1.16974115e-05,0.0023501143,-7.345365000000001e-25,1.4901161e-08,0.0,True
2015-07-13,108.65,2.2,20.97143,27.428572,13.657144,54.18572,5.3857145,1.0142857,5.285714,4.3142858,24.985714,1.475215e-05,0.002073206,-7.345365000000001e-25,7.450581e-09,0.0,True
2015-07-20,108.6,4.3,24.728573,31.185715,18.27143,60.100002,5.157143,0.8428572,5.214286,4.0142856,26.785715,1.4230609e-05,0.0018455237,-7.345365000000001e-25,1.1175871e-08,0.0,True
2015-07-27,108.6,16.9,22.34286,28.34286,15.471429,59.985718,4.914286,1.7142856,4.928571,3.9571428,25.342857,1.0162592e-05,0.0016366839,-7.345365000000001e-25,7.450581e-09,0.0,True
2015-08-03,108.57,4.0,18.97143,25.657145,11.957144,60.11429,4.2999997,0.78571427,4.457143,3.7428572,21.985714,1.4364719e-05,0.0014718473,-7.345365000000001e-25,9.313226e-09,0.0,True
2015-08-10,108.53,21.4,24.699999,32.5,17.9,65.942856,4.9,1.0285714,4.7999997,3.8,26.62857,4.2647123e-05,0.0013129413,-7.345365000000001e-25,1.1175871e-08,0.0,True
2015-08-17,108.53,7.0,21.614286,26.77143,17.1,75.38572,3.4857144,1.3714286,3.5285716,4.214286,24.77143,0.00010187179,0.0011805892,-7.345365000000001e-25,1.8626451e-08,0.0,True
2015-08-24,108.52,8.3,18.185715,24.87143,11.814286,71.02857,3.0142856,1.6714286,3.2142856,4.385714,21.285715,7.714331e-05,0.0010902584,-7.345365000000001e-25,5.5879354e-09,0.0,True
2015-08-31,108.52,3.1000001,22.77143,30.114286,15.67143,64.814285,3.885714,2.0,4.2714286,4.1857142,23.714285,1.9967556e-05,0.0010019988,-7.345365000000001e-25,3.7252903e-09,0.0,True
2015-09-07,108.51,4.8,15.571428,20.800001,10.028572,70.34286,2.0857143,1.1142857,2.357143,3.9,19.071428,3.656745e-05,0.0009249374,-7.345365000000001e-25,5.5879354e-09,0.0,True
2015-09-14,108.49,9.7,16.27143,23.228573,10.1,70.42857,2.3285713,1.0285714,2.7571428,3.7,18.414286,9.2335045e-05,0.00086541474,-7.345365000000001e-25,5.5879354e-09,0.0,True
2015-09-21,108.51,44.8,14.314286,19.142857,9.728571,83.314285,1.5,1.1857144,1.6285714,4.714286,16.114286,0.00024342537,0.0008180216,-7.345365000000001e-25,7.450581e-09,0.0,True
2015-09-28,108.47,6.4,13.67143,18.528574,9.257143,75.41429,1.5285714,1.2285715,1.9714285,5.0285716,15.1,7.355213e-05,0.000778012,-7.345365000000001e-25,9.313226e-09,0.0,True
2015-10-05,108.46,13.4,12.885715,19.0,7.357143,69.21429,1.6285715,1.1714287,2.2285714,4.642857,13.9,0.00010922551,0.0007385835,-7.345365000000001e-25,3.7252903e-09,0.0,True
2015-10-12,108.43,1.1,12.428572,16.457144,8.471429,82.17143,1.0142857,0.7857143,1.2285715,4.957143,13.9,5.5246055e-05,0.00070767105,-7.345365000000001e-25,7.450581e-09,0.0,True
2015-10-19,108.4,2.7,6.3,9.028571,3.457143,86.42857,0.5,0.45714286,0.7,5.1285715,8.585714,4.7579408e-05,0.00068227947,-7.345365000000001e-25,2.6077032e-08,2.2351742e-08,True
2015-10-26,108.37,0.2,10.17143,14.1285715,6.142857,87.828575,0.6,0.4857143,0.7285714,5.0571427,10.642858,3.0368567e-05,0.00066137314,-7.345365000000001e-25,5.5879354e-09,0.0,True
2015-11-02,108.34,0.1,8.257143,10.942857,4.8142858,91.78571,0.34285715,0.25714287,0.54285717,5.0142856,9.142858,3.799796e-05,0.00064142793,-7.345365000000001e-25,1.8626451e-09,0.0,True
2015-11-09,108.3,0.2,11.742858,16.714285,7.214286,87.828575,0.65714294,0.4857143,0.7428571,4.928571,10.885715,8.568168e-06,0.0006227046,-7.345365000000001e-25,3.7252903e-09,0.0,True
2015-11-16,108.27,1.5,10.928572,14.2,6.8142858,74.97143,0.8571429,0.64285713,1.2571429,4.6571426,10.171429,1.6413629e-05,0.00060547143,-7.345365000000001e-25,5.5879354e-09,0.0,True
2015-11-23,108.29,59.899998,8.542857,11.214286,5.585714,82.48572,0.87142855,0.7714286,1.1428572,6.4857144,8.485714,0.005824998,0.0006759912,4.3221884e-05,5.396828e-05,0.00023922697,True
2015-11-30,108.25,15.0,4.1714287,6.6571426,1.2285715,87.957146,0.61428577,0.61428577,0.6571428,8.228572,4.0,0.00024949014,0.0005826801,0.0007436105,0.0029525496,0.002733741,True
2015-12-07,108.24,1.5,7.4000006,11.314286,3.3,88.57143,0.4285714,0.4142857,0.34285715,8.785714,6.885714,0.00014208257,0.0005798191,3.2243274e-06,4.6649948e-05,0.0,True
2015-12-14,108.22,7.2,5.042857,8.357142,1.4142857,89.32857,0.31428573,0.29999998,0.3857143,8.857142,4.8,8.407235e-05,0.00058115274,-7.345365000000001e-25,5.2154064e-08,0.0,True
2015-12-21,108.21,11.5,9.028571,12.614286,5.1714287,89.51429,0.4,0.4,0.37142855,9.114285,7.4857144,0.00023403764,0.0005860701,-7.345365000000001e-25,1.8626451e-09,0.0,True
2015-12-28,108.19,0.3,8.857142,12.914286,4.7428575,83.07143,0.5142857,0.5,0.62857145,9.1,7.114286,4.798174e-06,0.0005962327,-7.345365000000001e-25,0.0,0.0,True
2016-01-04,108.17,17.6,4.3,7.2714286,1.2428572,92.98572,0.2,0.2,0.25714287,9.033334,3.3666666,0.00026760995,0.00060950965,2.1003541e-07,1.3262033e-06,2.4959445e-06,True
2016-01-11,108.18,32.1,5.1142855,7.6285715,1.7142857,91.442856,0.4857143,0.4857143,0.40000004,10.328571,4.5,0.0008992255,0.0006303936,5.8639616e-06,3.0297786e-05,2.9601157e-05,True
2016-01-18,108.25,8.0,1.6571429,4.1857142,-0.87142855,85.957146,0.6,0.6,0.5,10.5,2.3142858,0.00022363663,0.000688754,0.0045707454,0.0002747923,0.010914069,True
2016-01-25,108.28,2.3,-0.114285745,3.8142858,-3.614286,88.22858,0.24285714,0.22857143,0.2857143,10.071428,0.1,0.00022055209,0.0007868111,0.007920731,0.008296972,0.00030107796,True
2016-02-01,108.28,11.4,9.071428,12.685715,5.928571,78.98572,1.0714285,1.042857,1.1571429,10.114285,6.6,0.00063855946,0.00089395046,0.00028839565,0.0025319345,3.6988407e-05,True
2016-02-08,108.29,22.3,6.714286,10.342857,3.1000001,82.614296,1.0285715,1.0285715,0.9714286,10.342857,6.1714287,0.00063399225,0.001086615,6.3578285e-05,0.00031873584,0.00031825155,True
2016-02-15,108.34,18.0,5.1857142,7.8,2.357143,82.700005,0.94285715,0.94285715,0.87142855,10.657143,5.0142856,0.0009459257,0.001458168,0.00015832696,0.0004946012,0.0005159527,True
2016-02-22,108.38,20.1,5.2428575,7.7571435,2.557143,80.32857,0.98571426,0.9714286,1.0571429,10.285714,4.8142858,0.00026232004,0.0020150766,0.00017534551,0.00065246783,0.00059869513,True
2016-02-29,108.46,9.0,2.8285716,7.3142858,-0.84285724,75.057144,1.0,0.9714286,1.0,10.471429,4.1,0.0011052787,0.0026369467,0.0027906497,0.004960237,0.0073509775,True
2016-03-07,108.49,14.6,3.9428573,7.1571426,0.5714286,84.22858,0.95714283,0.95714283,0.88571423,10.457143,4.4,0.0005081445,0.0033118427,0.000671381,0.0024449509,0.0005058199,True
2016-03-14,108.49,0.5,3.9428573,9.257143,-0.7428571,74.72858,1.3714286,1.2428571,1.3714286,10.071428,5.3428574,2.5600195e-05,0.0039983317,0.00015364942,0.0004923083,0.0002419129,True
2016-03-21,108.48,3.2,5.1714287,9.642858,1.0285714,72.11429,1.4285715,1.2,1.4142857,9.428572,6.6714287,5.0470233e-05,0.0044220015,5.1884426e-06,1.6560778e-05,3.580004e-06,True
2016-03-28,108.46,15.299999,7.8857145,12.585714,2.4714284,74.75714,1.6571429,1.4571428,1.6142857,9.114285,8.8,0.0002090931,0.004545562,-7.345365000000001e-25,3.4458935e-07,0.0,True
2016-04-04,108.49,28.4,10.514287,14.757143,6.1,82.52857,1.7857143,1.6571429,1.5714285,9.471429,11.4,0.00041401386,0.004550725,-7.345365000000001e-25,1.8626451e-09,0.0,True
2016-04-11,108.51,3.6999998,10.528571,15.728572,4.957143,71.34286,2.3,2.0428574,2.3,9.414286,12.585714,0.00022360682,0.004588075,-7.345365000000001e-25,0.0,0.0,True
2016-04-18,108.55,47.1,10.757143,15.114286,7.1,81.62858,2.0571427,2.0142858,1.9571428,9.685715,13.0,0.0022451133,0.0050967336,-7.345365000000001e-25,3.7252903e-09,0.0,True
2016-04-25,108.63,15.4,8.842857,14.1,3.0428574,70.27143,2.5285716,2.242857,2.3857143,9.457143,12.314285,0.00015494227,0.005097598,4.5072466e-06,3.633648e-05,6.4279884e-05,True
2016-05-02,108.65,6.7999997,8.357142,14.842857,2.3142858,71.52857,2.7142856,2.4714284,2.5714285,9.428572,11.085714,0.00026251376,0.005348943,6.5792174e-06,3.568642e-05,7.431954e-06,True
2016-05-09,108.65,5.5,15.114286,22.085714,7.1571426,59.485714,4.4857144,3.442857,4.285714,8.428572,17.342857,8.5145235e-05,0.005286172,-7.345365000000001e-25,7.450581e-09,0.0,True
2016-05-16,108.62,15.0,13.271429,16.714285,9.971429,79.04286,2.3999999,1.8142856,2.1285715,7.928571,16.442858,0.00030104816,0.0050862804,-7.345365000000001e-25,3.7252903e-09,0.0,True
2016-05-23,108.6,11.7,14.842857,20.414288,9.3714285,71.457146,3.4285715,2.5142858,3.3714287,7.614286,17.657143,0.00022041798,0.0048795864,-7.345365000000001e-25,0.0,0.0,True
2016-05-30,108.66,38.9,16.4,21.171429,12.400001,80.942856,2.957143,2.4857142,3.0285716,7.928571,19.528572,0.005762011,0.005577214,-7.345365000000001e-25,1.1175871e-08,0.0,True
2016-06-06,108.74,25.9,18.128572,22.985716,13.642858,79.61428,2.9714284,2.8428574,3.3285713,9.457143,20.814285,0.0002862513,0.004520923,-7.345365000000001e-25,3.7252903e-09,0.0,True
2016-06-13,108.83,32.2,17.985714,23.214285,13.771429,78.185715,3.4571426,3.1714284,3.5571427,9.5,21.971428,0.00033455342,0.00442823,-7.345365000000001e-25,7.450581e-09,0.0,True
2016-06-20,108.92,16.4,15.471429,20.085714,10.914286,83.314285,2.9285715,2.8999999,2.7999997,9.985714,18.785715,0.00046604872,0.0043431744,-7.345365000000001e-25,7.450581e-09,0.0,True
2016-06-27,108.98,23.1,21.214285,27.042858,15.014287,74.92857,4.385714,3.8000004,4.3857145,9.157143,24.2,0.0022324622,0.004244484,-7.345365000000001e-25,1.1175871e-08,0.0,True
2016-07-04,108.96,7.0,19.057144,23.485716,14.5,76.314285,3.6714284,3.0285716,3.457143,8.357142,22.814285,6.955862e-05,0.004089676,-7.345365000000001e-25,1.1175871e-08,0.0,True
2016-07-11,108.89,1.9,21.34286,27.34286,14.542857,64.47143,5.042857,3.1714287,4.957143,7.0571427,25.442858,1.4647841e-05,0.0038861409,-7.345365000000001e-25,1.1175871e-08,0.0,True
2016-07-18,108.84,11.8,18.67143,24.385714,13.014287,71.1,3.7142854,2.1714284,3.8428571,6.6,22.471428,5.3927302e-05,0.0036388412,-7.345365000000001e-25,3.7252903e-09,0.0,True
2016-07-25,108.8,25.2,23.285715,29.5,17.485714,72.92857,4.2571425,2.4857142,4.5285716,6.4857144,26.72857,0.00014682114,0.003371723,-7.345365000000001e-25,1.1175871e-08,0.0,True
2016-08-01,108.75,1.3,21.485716,27.114286,15.557143,70.02857,3.9428573,2.3285713,4.2285714,6.2714286,25.3,3.1217933e-05,0.003116101,-7.345365000000001e-25,1.1175871e-08,0.0,True
2016-08-08,108.72,16.8,19.5,25.128572,14.657144,75.52857,3.2571428,2.3714287,3.4285715,6.4714284,22.571428,0.00013898313,0.0028868318,-7.345365000000001e-25,1.3038516e-08,0.0,True
2016-08-15,108.67,2.8,18.442858,24.942858,12.442857,71.17143,3.357143,2.1571429,3.6285717,5.928571,22.27143,4.8972666e-05,0.0026637018,-7.345365000000001e-25,7.450581e-09,0.0,True
2016-08-22,108.63,5.4,18.742859,24.757143,13.2,73.200005,2.9285715,1.4714285,3.2285714,5.5,22.557142,7.067621e-05,0.0024388433,-7.345365000000001e-25,5.5879354e-09,0.0,True
2016-08-29,108.6,0.0,24.114286,32.614285,15.928572,62.27143,4.114286,1.1571429,4.7714286,5.142857,25.2,5.066395e-07,0.0022342056,-7.345365000000001e-25,1.3038516e-08,0.0,True
2016-09-05,108.56,4.0,20.128572,26.84286,13.871429,67.21429,2.9714284,0.6428572,3.3142858,4.928571,23.085714,2.6091933e-05,0.002029419,-7.345365000000001e-25,9.313226e-09,0.0,True
2016-09-12,108.52,0.0,20.828571,29.157145,13.314286,67.34286,3.057143,0.7,3.4714284,4.785714,22.914286,1.1920929e-07,0.0018631667,-7.345365000000001e-25,1.1175871e-08,0.0,True
2016-09-19,108.53,25.0,18.97143,24.385715,13.857142,73.67143,2.1285715,0.62857145,2.5,4.9857144,21.242857,0.00014737248,0.0017049313,-7.345365000000001e-25,5.5879354e-09,0.0,True
2016-09-26,108.48,12.1,15.014287,21.757143,8.885715,77.17143,1.7142859,1.057143,1.942857,5.385714,17.614286,1.0758638e-05,0.001592204,-7.345365000000001e-25,1.8626451e-09,0.0,True
2016-10-03,108.46,10.099999,15.485715,20.87143,10.400001,79.88572,1.5714287,1.0714285,1.8571428,5.2285714,17.22857,6.80089e-05,0.0014889464,-7.345365000000001e-25,1.1175871e-08,0.0,True
2016-10-10,108.43,2.3000002,9.1,13.371429,5.0,86.07143,0.7714285,0.55714285,0.9714286,5.142857,11.7,1.2606382e-05,0.0014093444,-7.345365000000001e-25,0.0,0.0,True
2016-10-17,108.4,3.1,9.328572,15.0,4.3428574,85.21429,0.7714286,0.5,0.9714286,5.0142856,10.985714,2.963841e-05,0.0013390183,-7.345365000000001e-25,3.7252903e-09,0.0,True
2016-10-24,108.4,43.7,9.442857,12.314285,6.6714287,91.74286,0.6714286,0.64285713,0.6571428,6.1714287,10.571428,0.00042477995,0.0012777448,-7.345365000000001e-25,3.7252903e-09,0.0,True
2016-10-31,108.38,0.0,9.371429,14.614286,4.942857,89.22858,0.5714286,0.50000006,0.6,7.4428573,10.571428,0.00011795759,0.0012283176,-7.345365000000001e-25,0.0,0.0,True
2016-11-07,108.37,16.1,5.6285715,9.8,1.1714287,90.41429,0.44285718,0.40000007,0.47142857,7.6285715,7.3714285,0.00020708144,0.0011870638,-7.345365000000001e-25,1.6763806e-08,1.7508864e-07,True
2016-11-14,108.36,18.5,3.5571427,6.414286,0.9,86.97143,0.4714286,0.4714286,0.5,8.885715,4.214286,0.0002829209,0.0011564121,5.2338555e-06,1.6441569e-05,2.0820647e-05,True
2016-11-21,108.35,14.4,8.342857,11.6285715,4.657143,83.74286,0.7285714,0.7285714,0.8142857,9.642858,7.042857,0.0002014935,0.0011366755,9.1961454e-07,5.7294965e-06,5.476177e-07,True
2016-11-28,108.34,0.0,7.057143,9.1285715,4.342857,85.700005,0.31428573,0.3,0.5285714,9.614285,6.5857143,3.5390258e-05,0.0011242032,-7.345365000000001e-25,3.7252903e-09,2.1606684e-07,True
2016-12-05,108.32,0.1,0.34285715,3.8285716,-3.2285714,83.12858,0.25714284,0.24285713,0.35714287,9.428572,1.1,5.066395e-06,0.0011152625,-7.345365000000001e-25,1.322478e-07,8.940697e-08,True
2016-12-12,108.3,1.2,1.9,4.914286,-1.1,91.12858,0.18571427,0.17142858,0.2857143,9.3714285,1.1285714,1.5944242e-05,0.0011085346,1.28348665e-05,2.5039539e-05,2.6896596e-05,True
2016-12-19,108.28,0.0,2.7285714,4.857143,0.55714285,93.12858,0.17142858,0.14285715,0.25714287,9.3,2.557143,5.00679e-06,0.0011022761,1.1693863e-06,2.1234155e-06,2.0116568e-07,True
2016-12-26,108.26,5.5,4.0857143,5.8142858,1.7714285,90.35714,0.2857143,0.27142859,0.45714286,9.357142,2.9857142,7.0780516e-05,0.001096487,2.8950828e-07,6.854534e-07,1.7881393e-07,True
2017-01-02,108.24,1.1,-0.68571436,2.0714285,-2.9714284,94.90001,0.14,0.14,0.12857142,9.34,1.4,1.4156103e-06,0.0010911971,0.0002274797,1.8240884e-05,0.003072612,True
2017-01-09,108.21,4.6,-1.7571429,0.4142857,-4.5,86.557144,0.18571429,0.18571429,0.34285715,9.442857,-0.5857143,3.0890107e-05,0.0010870174,0.007042936,0.0006854478,0.007855155,True
2017-01-16,108.19,14.0,1.5714285,4.142857,-0.45714286,85.9,0.50000006,0.50000006,0.5714286,9.9,0.25714287,0.00031039864,0.0010837093,0.008560124,0.010285711,0.010605313,True
2017-01-23,108.18,0.0,-4.328572,-0.31428573,-7.857143,74.8,0.114285715,0.1,0.45714286,9.814285,-1.8428571,7.003546e-07,0.0010873899,0.00926603,3.9093196e-05,5.8852136e-05,True
2017-01-30,108.16,2.9,-1.7428572,2.5285716,-6.228572,82.02857,0.2,0.2,0.41428572,9.8,-1.7285714,0.00019733608,0.0010972396,0.0074039698,0.0060539506,0.0001675412,True
2017-02-06,108.15,4.4,4.8857145,8.257143,1.1428572,87.67143,0.54285717,0.54285717,0.5285714,10.028571,2.1571429,0.00031512976,0.0011152327,0.00075479347,0.0026195645,2.9057264e-07,True
2017-02-13,108.13,2.5,2.5142858,5.6142855,-0.3857143,79.685715,0.6285715,0.6,0.7571429,9.842857,2.0714285,4.9211085e-05,0.0011606142,4.37271e-05,8.206256e-05,2.0105392e-05,True
2017-02-20,108.12,8.7,5.071429,10.900001,-0.2857142,82.3,0.8428572,0.77142864,0.7571429,9.6285715,4.757143,0.00016719103,0.0012164786,4.927317e-06,1.7862767e-05,0.0,True
2017-02-27,108.11,13.6,8.514286,13.071428,4.2571425,73.57143,1.5999998,1.5285715,1.5857143,9.4,7.9,0.00019269437,0.001277402,-7.345365000000001e-25,4.1909516e-07,3.1664968e-07,True
2017-03-06,108.12,21.6,7.142857,11.400001,2.8285713,74.8,1.6571429,1.6285714,1.4571428,9.842857,7.357143,0.0010457337,0.0013685077,-7.345365000000001e-25,4.9360096e-07,4.656613e-07,True
2017-03-13,108.15,12.3,7.785714,12.657144,2.914286,73.41429,1.5285714,1.457143,1.5,10.014286,8.571428,0.00046521425,0.0015604049,1.7597561e-07,1.1175871e-06,1.0766089e-06,True
2017-03-20,108.17,3.9,9.971429,15.485715,4.957143,75.4,1.8285713,1.5571429,1.6999999,9.357142,10.814285,0.00030080974,0.0018606558,-7.345365000000001e-25,7.450581e-09,0.0,True
2017-03-27,108.18,9.700001,9.585715,14.414286,4.457143,69.01429,2.0857143,1.7714287,2.1142857,9.242857,10.814285,0.00012404472,0.0021181032,-7.345365000000001e-25,1.8626451e-09,0.0,True
2017-04-03,108.16,3.4,13.357142,20.785715,6.014286,64.6,2.9285715,2.2285714,2.7571428,8.214286,15.185715,3.208965e-05,0.002291292,-7.345365000000001e-25,0.0,0.0,True
2017-04-10,108.14,0.0,11.2,18.742859,3.5,64.814285,2.7857144,1.8857143,2.742857,7.3428574,14.485714,8.046627e-06,0.0023449436,-7.345365000000001e-25,1.8626451e-09,0.0,True
2017-04-17,108.12,5.5,10.614286,15.1,5.5,65.67143,2.3857143,1.3571428,2.3857143,6.614286,13.5,0.00010133535,0.0023160204,-7.345365000000001e-25,0.0,0.0,True
2017-04-24,108.11,3.0,6.8142858,12.928572,0.37142855,64.61429,2.5285714,1.6142857,2.3,6.4428573,10.814285,5.2846968e-05,0.002273649,2.2513526e-05,0.00010600686,0.000109368935,True
2017-05-01,108.1,7.9,9.114286,13.785714,4.542857,67.9,2.3285713,1.3714285,2.385714,6.5857143,11.9,0.00022099912,0.0022129714,8.1175847e-07,5.8040023e-06,4.7124922e-06,True
2017-05-08,108.09,16.1,11.528572,16.0,7.7000003,83.17143,2.042857,1.7142857,1.9571428,7.4714284,13.957143,0.00025364757,0.0021500662,-7.345365000000001e-25,1.4901161e-08,0.0,True
2017-05-15,108.08,9.3,14.742858,21.628572,8.585714,73.14286,3.414286,2.8428571,3.357143,7.4857144,17.9,8.2463026e-05,0.0020794645,-7.345365000000001e-25,3.7252903e-09,0.0,True
2017-05-22,108.07,16.5,16.728573,23.042858,9.1,68.88572,3.8428574,2.7428572,3.7857144,7.2,20.2,0.00040270388,0.001985021,-7.345365000000001e-25,0.0,0.0,True
2017-05-29,108.06,0.2,21.52857,28.47143,13.257143,58.857143,5.3142858,2.9428573,5.2000003,6.3,24.485714,1.0639429e-05,0.0018830001,-7.345365000000001e-25,7.450581e-09,0.0,True
2017-06-05,108.07,27.4,19.87143,26.285715,14.157144,70.61429,4.1714287,2.4714286,4.1,5.9,24.72857,0.00021104515,0.0017560571,-7.345365000000001e-25,7.450581e-09,0.0,True
2017-06-12,108.06,6.7,17.957144,24.242859,10.6285715,66.88572,4.457143,3.0428574,4.3714285,5.9428573,21.442858,9.5665455e-05,0.0016499832,-7.345365000000001e-25,7.450581e-09,0.0,True
2017-06-19,108.03,2.7,20.685715,26.914288,13.300001,59.628574,5.342857,1.8142856,5.2428575,5.071429,25.157143,0.000105947256,0.0015259013,-7.345365000000001e-25,7.450581e-09,0.0,True
2017-06-26,108.01,0.0,24.442858,30.9,16.542858,55.957146,6.2571435,1.0000001,6.0142856,4.6285715,27.571428,9.171665e-05,0.0013998449,-7.345365000000001e-25,1.1175871e-08,0.0,True
2017-07-03,108.01,12.5,19.17143,24.385715,15.685715,73.1,3.8571432,2.4142854,3.8857143,5.042857,22.357143,0.00012819469,0.0012950599,-7.345365000000001e-25,1.4901161e-08,0.0,True
2017-07-10,107.99,10.5,24.085714,31.285715,16.671429,61.77143,5.3857145,2.7714286,5.442857,4.785714,26.642857,7.201731e-05,0.0011965856,-7.345365000000001e-25,7.450581e-09,0.0,True
2017-07-17,107.99,10.1,19.285715,25.128572,13.285714,68.071434,3.9714284,2.7,4.071429,5.1285715,23.12857,4.9605966e-05,0.0011072755,-7.345365000000001e-25,7.450581e-09,0.0,True
2017-07-24,107.98,14.900001,22.357143,28.042858,16.828571,66.12858,4.6857142,2.7714288,4.7714286,4.7285714,25.5,0.00014254451,0.001017347,-7.345365000000001e-25,1.1175871e-08,0.0,True
2017-07-31,108.03,41.2,19.571428,24.67143,15.057143,78.67143,3.4428573,3.0142858,3.3,6.5285716,21.857143,0.00034314394,0.00095344335,-7.345365000000001e-25,1.8626451e-08,0.0,True
2017-08-07,107.99,3.4,21.485716,27.757143,15.457144,70.97143,3.942857,3.1857145,4.0571427,5.9714284,24.87143,4.374981e-05,0.0008918494,-7.345365000000001e-25,3.7252903e-09,0.0,True
2017-08-14,108.01,40.6,17.642859,21.814287,13.800001,82.12858,2.4714284,2.142857,2.5,6.5285716,20.857143,0.00045195222,0.0008413419,-7.345365000000001e-25,1.1175871e-08,0.0,True
2017-08-21,107.98,6.1,19.47143,25.942858,13.985715,72.98572,3.2857144,2.8999999,3.542857,6.857143,23.328571,0.00011725724,0.0008016899,-7.345365000000001e-25,7.450581e-09,0.0,True
2017-08-28,107.96,1.1,21.257143,28.34286,14.6285715,70.814285,3.4142857,2.4857142,3.7714286,6.0571427,24.971428,4.567206e-06,0.0007583201,-7.345365000000001e-25,7.450581e-09,0.0,True
2017-09-04,107.95,13.400001,17.528572,23.642857,12.185715,77.557144,2.4428573,1.8285714,2.6571429,5.885714,21.542856,9.204447e-05,0.00071816146,-7.345365000000001e-25,7.450581e-09,0.0,True
2017-09-11,107.92,1.7,16.47143,21.242859,11.857142,72.28571,2.1714284,1.6285714,2.5857143,5.6571426,18.957144,2.630055e-05,0.00068796426,-7.345365000000001e-25,1.1175871e-08,0.0,True
2017-09-18,108.0,48.700005,12.585715,18.028572,8.671429,79.957146,1.7142857,1.6142856,1.9571428,6.9714284,14.814285,0.0056005716,0.00066384673,-7.345365000000001e-25,7.450581e-09,0.0,True
2017-09-25,107.94,1.0,12.842857,19.600002,7.3,82.15715,1.4857142,1.2714287,1.8142856,7.3714285,15.957143,1.7181039e-05,0.0006449446,-7.345365000000001e-25,3.7252903e-09,0.0,True
2017-10-02,107.91,26.9,15.071428,21.242859,10.257143,82.74286,1.3714285,1.1714286,1.6142857,6.9857144,17.757143,8.480251e-05,0.00062752515,-7.345365000000001e-25,7.450581e-09,0.0,True
2017-10-09,107.94,12.3,11.942857,16.028572,8.3714285,82.57143,1.2142857,1.1999999,1.4,8.042857,13.142858,0.001244396,0.0006149262,-7.345365000000001e-25,3.7252903e-09,0.0,True
2017-10-16,107.91,0.5,13.6,20.34286,8.585714,85.328575,1.0,0.87142855,1.1999999,7.928571,14.4,3.8057566e-05,0.0006064102,-7.345365000000001e-25,7.450581e-09,0.0,True
2017-10-23,107.89,6.6,12.342857,18.685715,7.9714284,82.41429,0.9714286,0.85714287,1.1428572,7.714286,13.542857,7.0258975e-05,0.00059743226,-7.345365000000001e-25,5.5879354e-09,0.0,True
2017-10-30,107.89,9.2,10.657143,14.542857,6.057143,84.114296,0.9,0.84285706,0.9285714,7.7285714,11.671429,0.00012861192,0.0005920157,-7.345365000000001e-25,1.8626451e-09,0.0,True
2017-11-06,107.87,6.1,8.142858,12.971429,3.8714287,85.28571,0.61428577,0.5285715,0.62857145,7.9428573,9.014286,0.00019238889,0.00058759004,-7.345365000000001e-25,1.8626451e-09,0.0,True
2017-11-13,107.92,38.6,6.1571426,7.928571,4.0,91.14286,0.44285718,0.44285718,0.5,9.028571,6.8714285,0.0043390244,0.001671873,4.9335616e-05,0.00018514134,0.00042653084,True
2017-11-20,107.91,3.4,3.7428572,6.614286,1.4142857,87.057144,0.40000004,0.40000004,0.5285714,9.471429,4.385714,0.00016254932,0.00062027574,0.000119504475,0.0002913177,7.7039e-05,True
2017-11-27,107.95,36.5,7.228572,11.357142,3.0857143,82.94286,0.6999999,0.6999999,0.7571429,9.785714,6.457143,0.001017794,0.0006808564,4.7967546e-06,4.127249e-05,3.4794211e-06,True
2017-12-04,107.99,12.7,1.5,3.114286,-0.28571433,90.82857,0.3,0.3,0.37142855,10.157143,2.1285715,0.0003184229,0.0008076355,0.0016623792,0.0015294515,0.006171014,True
2017-12-11,108.02,29.5,3.7142856,6.714286,1.0571429,83.37144,0.5428571,0.5428571,0.67142856,9.985714,2.6285715,0.00084611773,0.000987716,0.002030418,0.009113003,0.0051493533,True
2017-12-18,108.09,21.3,3.4857142,5.4857144,1.1857144,83.85714,0.6285714,0.6285714,0.61428577,10.657143,2.6,0.0004670322,0.0012532696,0.0010275273,0.0013318826,0.0053206757,True
2017-12-25,108.17,9.9,5.3285713,6.414286,3.9285715,93.51429,0.22857143,0.22857143,0.41428572,10.4,4.5,0.0004862398,0.0017107651,0.0016872599,0.0052956585,7.1089715e-05,True
2018-01-01,108.23,14.7,6.2000003,9.3714285,2.9,79.71429,0.7166667,0.7166667,0.9714286,10.316667,4.0666666,0.00077388436,0.0022809058,0.00024847756,0.0018152054,0.0016982406,True
2018-01-08,108.3,26.599998,8.0,10.085715,6.2571425,82.88572,0.88571435,0.88571435,0.9428572,10.9,6.8,0.003919199,0.0042125583,8.287884e-07,7.765368e-06,1.6391277e-07,True
2018-01-15,108.36,12.9,4.642857,7.6285715,1.7714285,84.057144,0.44285712,0.44285712,0.51428574,10.228572,4.257143,7.135421e-05,0.0047036484,-7.345365000000001e-25,1.4901161e-08,2.9802322e-08,True
2018-01-22,108.45,44.1,4.6857147,7.457143,1.7857143,85.68572,0.9571429,0.9571429,0.6857143,10.8714285,3.7428572,0.0022219494,0.0056262612,0.0010739622,0.0034901667,0.0049664006,True
2018-01-29,108.63,10.2,8.242857,10.1285715,6.1285715,83.27143,0.65714294,0.65714294,0.82857144,10.6,7.1857142,0.00017298758,0.008209921,0.00022044635,0.0016390719,0.0,True
2018-02-05,108.7,14.8,3.9,5.9714284,1.8857143,85.78571,0.67142856,0.67142856,0.6857143,10.385715,4.257143,0.00043405592,0.009834088,0.00046524548,0.0002365224,0.0022210479,True
2018-02-12,108.72,0.6,1.1714287,3.757143,-1.3857144,81.1,0.5142857,0.5142857,0.62857145,10.157143,1.3,4.4107437e-05,0.010525547,0.0015833832,0.0014651846,0.0014500171,True
2018-02-19,108.73,17.4,1.4571428,4.9,-1.8857143,81.08572,0.64285713,0.61428577,0.61428577,10.314285,1.6,0.00026085973,0.010578871,0.0026406844,0.004089676,0.0061137564,True
2018-02-26,108.72,0.0,-0.85714287,2.6285713,-3.7142856,56.042854,0.68571424,0.62857145,1.4428571,9.957143,0.54285717,1.3455749e-05,0.010328434,0.002880897,0.0006127171,0.00024605542,True
2018-03-05,108.71,2.7,-0.68571424,4.3,-4.9428573,65.057144,0.5428571,0.5,1.1714286,9.8,-0.31428573,7.964671e-05,0.009997025,0.002002262,0.0029794835,0.0015106313,True
2018-03-12,108.68,5.4,8.314286,12.7,4.042857,81.471436,1.2857143,1.2285715,1.2428571,9.642858,7.5285716,0.0001950115,0.009548761,8.84022e-05,0.00047329627,2.2351742e-08,True
2018-03-19,108.65,7.0,4.542857,7.9857144,1.3857144,75.57143,0.95714283,0.9428572,1.2857143,9.685715,5.5285716,0.00014001131,0.009083867,0.0009205512,0.00010156259,0.0036581233,True
2018-03-26,108.64,4.1,3.414286,8.457143,-2.0,75.62858,1.3571427,1.2142859,1.2714285,9.585714,5.2714286,0.00013051927,0.008638665,0.0019562074,0.003878601,0.001011163,True
2018-04-02,108.64,14.7,8.1285715,13.014285,2.5857143,73.314285,1.8857144,1.7857143,1.7857143,9.514286,9.328571,0.00023052841,0.008173764,2.8814587e-05,0.00022322126,7.450581e-09,True
2018-04-09,108.64,5.1,13.1285715,19.685715,5.8857145,60.68572,2.9714286,2.5,2.9285715,8.914286,13.271428,6.619096e-05,0.0076863915,-7.345365000000001e-25,7.264316e-08,0.0,True
2018-04-16,108.63,18.8,13.300001,19.357143,6.8714285,73.92857,2.7,2.2857144,2.542857,8.571428,15.828571,0.00011560321,0.0071601495,-7.345365000000001e-25,1.8626451e-09,0.0,True
2018-04-23,108.61,2.3,17.9,26.228573,9.242858,61.457146,4.2,2.9857142,3.9142857,7.571429,20.357143,1.5094876e-05,0.006576434,-7.345365000000001e-25,7.450581e-09,0.0,True
2018-04-30,108.6,5.7999997,14.6285715,20.757143,7.928571,65.07143,3.8714287,2.2142856,3.6571429,6.6857142,18.185715,4.516542e-05,0.0059759393,-7.345365000000001e-25,3.7252903e-09,0.0,True
2018-05-07,108.58,0.0,15.228572,21.37143,8.3,56.3,4.2999997,1.2,4.2714286,6.0857143,18.0,2.0861626e-07,0.005391501,-7.345365000000001e-25,3.7252903e-09,0.0,True
2018-05-14,108.61,29.3,16.385715,22.085714,10.285714,72.32857,3.6142857,1.3714286,3.2714286,6.1571426,19.828571,0.00030899793,0.004803121,-7.345365000000001e-25,3.7252903e-09,0.0,True
2018-05-21,108.7,25.5,15.1,20.657145,9.985715,76.38572,3.4142854,2.6285717,3.1714287,7.1285715,19.028572,0.00012356043,0.004354574,-7.345365000000001e-25,7.450581e-09,0.0,True
2018-05-28,108.74,19.1,20.042858,26.9,13.814285,75.1,4.171428,2.8428571,4.1285715,6.7,24.257143,0.0005546212,0.003930129,-7.345365000000001e-25,1.1175871e-08,0.0,True
2018-06-04,108.77,22.3,21.485716,27.357143,14.957144,70.01429,4.7142854,2.9714286,4.857143,6.4857144,26.028572,8.007884e-05,0.0035189614,-7.345365000000001e-25,3.7252903e-09,0.0,True
2018-06-11,108.82,33.6,22.142857,28.857143,16.814287,73.91429,4.371429,2.9428573,4.6571426,6.614286,26.942858,5.698204e-05,0.0031345338,-7.345365000000001e-25,0.0,0.0,True
2018-06-18,108.93,0.9,18.5,22.9,14.228572,69.88572,3.6142857,2.7571428,3.5857143,7.3285713,22.985714,4.0218234e-05,0.0028251335,-7.345365000000001e-25,1.1175871e-08,0.0,True
2018-06-25,108.89,0.0,18.457142,24.742859,11.285714,62.100002,4.571429,2.4142857,4.571429,5.928571,23.9,2.771616e-06,0.0025261045,-7.345365000000001e-25,0.0,0.0,True
2018-07-02,108.8,0.0,21.614286,28.428572,13.985715,51.657143,6.028572,1.3857143,5.8714285,5.1571426,24.928572,3.0249357e-06,0.0022510663,-7.345365000000001e-25,1.1175871e-08,0.0,True
2018-07-09,108.68,6.7,21.614286,28.02857,14.685715,60.414288,5.1,1.8142856,4.8714285,5.0142856,25.557142,5.711615e-05,0.0019778162,-7.345365000000001e-25,1.1175871e-08,0.0,True
2018-07-16,108.6,4.5,20.9,27.685715,14.542857,59.77143,4.6428576,1.2,4.8142858,4.6285715,25.185715,1.1332333e-05,0.0017584115,-7.345365000000001e-25,7.450581e-09,0.0,True
2018-07-23,108.57,24.7,22.171429,29.185715,15.528572,64.91429,4.8285713,1.3428572,4.7571425,4.571429,26.257143,6.6787004e-05,0.0015501827,-7.345365000000001e-25,1.1175871e-08,0.0,True
2018-07-30,108.51,0.0,25.7,33.614285,17.228573,55.414284,5.8285713,1.3285714,5.571429,4.4142857,28.1,4.2930245e-05,0.0013809949,-7.345365000000001e-25,7.450581e-09,0.0,True
2018-08-06,108.46,3.2,26.7,34.214287,18.757143,54.914288,5.942857,1.2857143,5.7428575,4.1714287,29.0,1.8328428e-06,0.0012243018,-7.345365000000001e-25,7.450581e-09,0.0,True
2018-08-13,108.41,3.2,22.457144,29.9,15.585715,56.84286,4.7000003,0.9714286,4.8142858,3.8714285,26.042856,2.9042363e-05,0.0010865182,-7.345365000000001e-25,9.313226e-09,0.0,True
2018-08-20,108.37,0.4,21.814285,29.328571,14.714286,62.04286,4.214286,0.9,4.285714,3.857143,25.242857,5.453825e-06,0.0009831563,-7.345365000000001e-25,1.1175871e-08,0.0,True
2018-08-27,108.34,10.4,19.985716,26.157145,13.642858,63.471428,3.4142857,0.9142858,3.5142858,3.7857144,23.385714,2.8729439e-05,0.0008891672,-7.345365000000001e-25,1.3038516e-08,0.0,True
2018-09-03,108.31,2.9,18.057144,23.528574,12.657144,68.75715,2.4857144,0.84285706,2.7857144,3.9714286,20.9,4.5984983e-05,0.00082147866,-7.345365000000001e-25,1.1175871e-08,0.0,True
2018-09-10,108.28,6.5,18.885715,26.84286,11.785714,66.85714,2.8428571,1.1714286,3.1571429,4.0571427,21.87143,1.4349818e-05,0.0007638112,-7.345365000000001e-25,7.450581e-09,0.0,True
2018-09-17,108.25,3.1,18.62857,26.328571,11.585714,66.22857,2.7571428,0.9,2.8714287,3.8285713,21.471428,5.826354e-06,0.00070472807,-7.345365000000001e-25,5.5879354e-09,0.0,True
2018-09-24,108.22,17.9,17.785715,25.385715,11.357142,66.5,2.5571427,0.98571426,2.8428571,3.9,19.6,9.740889e-05,0.00065330416,-7.345365000000001e-25,9.313226e-09,0.0,True
2018-10-01,108.19,0.0,11.757143,19.47143,4.471429,63.628574,1.7142857,1.1714286,2.2,4.2285714,14.8,6.996095e-06,0.0006139502,-7.345365000000001e-25,0.0,0.0,True
2018-10-08,108.16,0.2,12.642858,19.84286,5.957143,75.814285,1.3285714,0.7714285,1.6285714,3.8714285,14.728572,4.9620867e-06,0.0005804226,-7.345365000000001e-25,3.7252903e-09,0.0,True
2018-10-15,108.13,0.0,15.585715,24.47143,8.3714285,75.057144,1.4142857,0.4857143,1.6571429,3.6,16.414286,1.4901161e-08,0.00054933876,-7.345365000000001e-25,5.5879354e-09,0.0,True
2018-10-22,108.1,0.0,12.400001,20.27143,5.714286,74.114296,1.2,0.28571433,1.3857143,3.4285715,14.514286,1.4901161e-08,0.00052089244,-7.345365000000001e-25,3.7252903e-09,0.0,True
2018-10-29,108.08,9.9,9.400001,11.585714,7.0,79.08571,0.8,0.34285712,1.0857142,3.4285715,10.957143,7.413328e-05,0.00049865246,7.2093235e-07,4.377216e-06,5.9083104e-06,True
2018-11-05,108.06,1.5,8.314286,12.571428,3.8,82.78571,0.61428565,0.4,0.7285714,3.9285715,8.6,9.447336e-06,0.00048078597,2.5544847e-07,1.7248094e-06,0.0,True
2018-11-12,108.03,16.3,10.457144,15.185715,6.5,86.47143,0.64285713,0.45714283,0.5714286,3.9142857,10.728572,3.2112002e-05,0.0004633814,-7.345365000000001e-25,9.313226e-09,0.0,True
2018-11-19,108.02,0.9,5.642857,9.114285,1.6857144,78.68572,0.5,0.4,0.74285716,4.257143,5.928571,6.7725778e-06,0.00044744462,1.9300552e-07,2.3469329e-07,2.2239983e-06,True
2018-11-26,108.0,6.7,3.6714287,6.8857145,0.5285715,83.44286,0.34285715,0.2857143,0.44285712,4.1571426,3.6142857,3.8728118e-05,0.0004329607,8.0608186e-07,1.9241124e-06,1.937151e-07,True
2018-12-03,107.98,64.600006,6.928571,9.214286,3.8142858,90.328575,0.5285714,0.5,0.42857143,4.8,6.3142858,0.00095129013,0.0004203841,-7.345365000000001e-25,2.3841858e-07,2.9802322e-08,True
2018-12-10,108.01,16.6,8.142858,10.442857,5.085714,84.57143,0.8142857,0.8142857,0.78571427,7.2285714,7.642857,0.00026376545,0.0004092753,9.650276e-08,1.1883676e-06,2.413988e-06,True
2018-12-17,107.99,4.3999996,1.5857143,3.3428574,-0.27142856,82.0,0.25714287,0.24285717,0.5285714,7.6714287,1.4285715,4.5880675e-05,0.0004004389,0.0007150627,0.0016508605,0.0032970943,True
2018-12-24,108.03,51.7,7.0285716,10.171428,3.7285714,87.57143,0.7428571,0.7428571,0.62857145,8.357142,5.8428574,0.0010578558,0.00039383024,0.0004781655,0.0017734785,0.0,True
2018-12-31,108.08,1.5000001,1.2857143,3.1000001,-0.27142859,93.65714,0.14285715,0.14285715,0.25714287,9.142858,2.0142858,6.7569315e-05,0.00038939714,2.843993e-05,0.00014002435,0.00017000735,True
2019-01-07,108.09,15.4,2.957143,4.6285715,0.5142857,90.35714,0.42857146,0.42857146,0.35714287,9.2,2.9,0.0004171133,0.0003870502,0.0011869272,0.003943365,0.0046731345,True
2019-01-14,108.1,25.8,3.5,5.457143,1.1857144,86.28571,0.6571428,0.6571428,0.54285717,9.842857,2.9285715,0.00085579604,0.00049471855,0.0018829731,0.006163923,0.005339615,True
2019-01-21,108.14,1.5,1.0000001,4.0142856,-2.457143,80.87144,0.48571426,0.48571426,0.5285714,9.971429,2.1142857,8.010864e-05,0.0004163012,0.00028837862,0.0003136918,0.0003477037,True
2019-01-28,108.16,6.3,0.5857143,2.7000003,-2.0142858,81.5,0.3857143,0.3857143,0.61428577,9.814285,-0.057142857,0.00015702844,0.0004627481,0.00092545577,0.001854632,0.0038175434,True
2019-02-04,108.15,5.0,2.2428572,5.285714,-0.4142857,82.75715,0.5714286,0.5428571,0.59999996,9.957143,1.3142858,0.00020472705,0.0005104467,0.0029567594,0.0034736488,0.0037771873,True
2019-02-11,108.13,8.400001,4.471429,9.1285715,0.6,77.457146,1.042857,1.0285715,0.9857143,9.857142,3.8428571,0.00022748113,0.00056779385,0.0010664349,0.0025901739,1.501292e-06,True
2019-02-18,108.11,0.0,3.8714287,13.2,-2.5571427,75.28571,0.95714283,0.8714286,0.78571427,9.685715,4.957143,1.9297004e-06,0.0006347075,1.2528329e-05,3.1098723e-05,6.4074993e-07,True
2019-02-25,108.09,0.0,6.6285715,13.285714,0.37142855,65.14286,1.3571427,1.0714285,1.4571428,9.185715,6.9428573,9.581447e-06,0.00069946796,2.4977186e-07,1.5776604e-06,0.0,True
2019-03-04,108.08,6.4,9.285714,15.328572,4.257143,70.1,1.6571428,1.4285715,1.6857144,8.785714,8.742857,0.0002309531,0.0007497594,-7.345365000000001e-25,1.4901161e-08,0.0,True
2019-03-11,108.09,17.5,8.914286,12.242858,5.2571425,69.12858,2.0142858,1.9142858,1.9428571,8.728572,8.342857,0.00031109154,0.000792712,3.3492134e-07,1.4267862e-06,4.9695373e-06,True
2019-03-18,108.11,24.8,7.728572,11.557143,4.014286,75.34286,1.8142859,1.7714285,1.6,9.3714285,7.8142858,0.0007021725,0.00085703284,1.0388238e-06,6.346032e-06,2.7380884e-06,True
2019-03-25,108.13,1.5,7.585715,15.228572,0.20000002,65.48572,2.1714284,1.8285713,1.9857142,9.0,9.742857,1.989305e-05,0.0010080785,-7.345365000000001e-25,1.6950071e-07,1.6391277e-07,True
2019-04-01,108.13,0.0,9.771429,16.914286,2.2142856,63.8,2.4285715,1.8000001,2.3714287,8.214286,11.357142,6.8843365e-06,0.0011322424,-7.345365000000001e-25,7.8231096e-08,5.5879354e-08,True
2019-04-08,108.12,9.4,9.228571,14.042857,4.285714,78.942856,1.7714287,1.442857,1.7285715,8.1,11.457143,0.00022061169,0.0012007058,3.2356806e-07,1.9539148e-06,1.9147992e-06,True
2019-04-15,108.11,1.0,7.7714286,12.599999,2.9,68.15714,2.1571429,1.7571429,2.1142857,8.0,10.457143,0.00016878545,0.001245439,0.00013340655,0.00076971203,0.0009007007,True
2019-04-22,108.11,2.8,15.400001,23.028574,6.785714,50.785713,4.3714285,2.6857145,4.2428575,6.9857144,16.257143,6.9245696e-05,0.0012615994,1.630329e-05,0.00014360622,0.0,True
2019-04-29,108.09,20.3,11.542857,18.257143,5.2428575,72.814285,2.857143,1.7714287,2.6285713,6.4428573,14.785714,0.0001949817,0.0012439489,-7.345365000000001e-25,0.0,0.0,True
2019-05-06,108.1,10.6,9.785714,15.371429,4.214286,73.34286,2.542857,1.8285716,2.4285715,6.4714284,13.3,0.00017498434,0.00122419,3.8601104e-07,1.6801059e-06,2.130866e-06,True
2019-05-13,108.11,18.7,10.814286,15.857142,5.0,73.65715,2.8,2.3285713,2.5,7.0285716,13.614285,0.00045277178,0.0012034029,-7.345365000000001e-25,4.5448542e-07,0.0,True
2019-05-20,108.09,17.900002,13.257143,19.428572,6.8,67.828575,3.2285714,2.5571427,3.3142858,6.6714287,16.62857,0.00017371774,0.001175046,-7.345365000000001e-25,3.7252903e-09,0.0,True
2019-05-27,108.17,33.8,15.242858,20.87143,8.942858,74.38572,3.5714288,2.9714286,3.3428571,7.885714,19.557142,0.002641037,0.00131464,-7.345365000000001e-25,7.450581e-09,0.0,True
2019-06-03,108.18,1.0,18.34286,25.271427,11.042857,68.14286,4.157143,2.9714286,4.285714,6.957143,22.057142,2.8088689e-05,0.0011490509,-7.345365000000001e-25,7.450581e-09,0.0,True
2019-06-10,108.14,29.5,18.514286,25.242857,11.171428,67.04286,4.3142858,2.6571429,4.328572,5.9,22.542856,0.00024290383,0.0011043549,-7.345365000000001e-25,1.1175871e-08,0.0,True
2019-06-17,108.23,16.199999,18.328571,23.914288,12.585714,73.6,3.9285715,3.0142858,3.8857143,6.357143,22.014286,0.00037442148,0.001066953,-7.345365000000001e-25,3.7252903e-09,0.0,True
2019-06-24,108.26,8.200001,21.800001,28.214285,14.985715,68.571434,5.142857,3.042857,4.914286,6.0285716,25.614286,2.771616e-05,0.0010204613,-7.345365000000001e-25,1.4901161e-08,0.0,True
2019-07-01,108.25,0.0,25.957144,33.357143,16.857143,55.771427,6.628571,2.1714284,6.4714284,5.257143,29.157143,2.9802322e-08,0.0009576902,-7.345365000000001e-25,7.450581e-09,0.0,True
2019-07-08,108.19,3.1,20.528574,27.157145,12.985715,53.414288,5.5714293,1.3142855,5.428571,4.6714287,26.071428,5.7667494e-06,0.0008837953,-7.345365000000001e-25,7.450581e-09,0.0,True
2019-07-15,108.22,35.8,17.042858,22.657145,11.614286,71.8,3.6857145,1.7571429,3.5142858,4.785714,22.028572,0.00010600686,0.00082308054,-7.345365000000001e-25,7.450581e-09,0.0,True
2019-07-22,108.15,1.5,21.428572,28.957142,13.471429,64.0,5.2999997,1.8285713,4.8428574,4.3714285,25.928572,5.866587e-05,0.0007709488,-7.345365000000001e-25,7.450581e-09,0.0,True
2019-07-29,108.13,26.1,25.4,32.757145,17.842857,60.485714,5.2428575,1.4142858,5.1285715,4.5142856,27.814285,8.08686e-05,0.00071270764,-7.345365000000001e-25,1.1175871e-08,0.0,True
2019-08-05,108.08,0.8,21.314287,28.428572,14.685715,61.100002,4.3857145,2.1,4.4428573,4.7,25.3,3.6746264e-05,0.0006653592,-7.345365000000001e-25,0.0,0.0,True
2019-08-12,108.07,39.8,20.814287,27.028574,15.442858,74.61428,3.5571427,2.914286,3.6571429,5.7,24.1,0.000203453,0.0006232485,-7.345365000000001e-25,1.1175871e-08,0.0,True
2019-08-19,108.05,3.5,19.228573,25.414288,14.085715,69.328575,3.2857144,2.385714,3.642857,5.5,22.071428,0.00012609363,0.0005869195,-7.345365000000001e-25,3.7252903e-09,0.0,True
2019-08-26,108.02,0.1,20.157145,27.857143,12.157143,66.12858,3.2999997,1.7285715,3.7571428,5.242857,23.085714,3.3974648e-06,0.00055447966,-7.345365000000001e-25,7.450581e-09,0.0,True
2019-09-02,108.0,5.1000004,23.071428,30.47143,16.2,61.2,3.6571429,1.4142857,4.1285715,4.6571426,25.714285,2.2523105e-05,0.0005180463,-7.345365000000001e-25,3.7252903e-09,0.0,True
2019-09-09,107.98,23.300001,15.242858,21.17143,9.542857,69.48572,2.2714286,0.9428572,2.542857,4.571429,19.514286,0.00011315942,0.00048662722,-7.345365000000001e-25,3.7252903e-09,0.0,True
2019-09-16,107.96,0.0,17.357143,24.757143,10.428572,71.057144,2.457143,1.3285714,2.642857,4.6857142,20.114286,1.1920929e-07,0.0004639998,-7.345365000000001e-25,7.450581e-09,0.0,True
2019-09-23,107.94,10.200001,14.285714,21.042858,7.514286,64.07143,2.2285714,0.91428566,2.5714285,4.285714,17.87143,8.198619e-05,0.00043971837,-7.345365000000001e-25,1.8626451e-09,0.0,True
2019-09-30,107.93,21.7,15.528572,19.142857,11.328572,81.91429,1.6000001,1.4,1.7428572,4.9857144,16.642857,9.723008e-05,0.00042193383,-7.345365000000001e-25,1.4901161e-08,0.0,True
2019-10-07,107.94,44.199997,11.528572,15.3714285,7.2571435,86.15715,1.0142857,0.92857134,1.1142857,5.714286,13.042857,0.0011785626,0.00040832907,-7.345365000000001e-25,7.450581e-09,0.0,True
2019-10-14,107.93,22.9,14.242858,20.214285,9.242857,82.814285,1.3571428,1.2285715,1.3428571,7.3428574,14.214286,0.0002514124,0.0003985837,-7.345365000000001e-25,9.313226e-09,0.0,True
2019-10-21,107.91,28.0,14.271429,18.714285,11.257143,86.6,1.0285714,1.0142857,1.0857142,7.857143,14.828571,0.00030589104,0.00038985163,-7.345365000000001e-25,9.313226e-09,0.0,True
2019-10-28,107.89,2.1,12.357142,17.285715,8.242857,86.5,0.78571427,0.7,0.87142855,8.142858,13.671429,2.554059e-05,0.00038408488,-7.345365000000001e-25,1.8626451e-09,0.0,True
2019-11-04,107.87,19.3,9.714286,13.17143,6.6714287,83.51428,0.7714286,0.7285714,0.90000004,8.414286,9.914286,0.00015717745,0.0003798604,-7.345365000000001e-25,7.450581e-09,0.0,True
2019-11-11,107.89,21.7,6.285714,8.971429,3.2857144,89.85714,0.47142857,0.47142857,0.4714286,9.028571,7.5285716,0.00014466047,0.00037718564,-7.345365000000001e-25,0.0,7.450581e-09,True
2019-11-18,107.87,3.5,3.9428573,6.9857144,0.82857144,88.21429,0.4,0.4,0.45714286,9.057143,5.1285715,0.00010563433,0.0003760904,-7.345365000000001e-25,1.5646219e-07,3.5762787e-07,True
2019-11-25,107.86,0.6,3.542857,6.728572,0.24285717,92.8,0.22857143,0.22857143,0.31428573,9.142858,4.457143,1.6659498e-05,0.00037700683,4.5413063e-07,1.3057142e-06,1.1771917e-06,True
2019-12-02,107.85,9.3,6.1285715,9.571428,2.557143,83.25715,0.61428577,0.6,0.5857143,9.285714,5.957143,0.00010339171,0.00037914515,1.07856025e-07,2.7380884e-07,1.4193356e-06,True
2019-12-09,107.84,5.5,4.071429,7.642857,1.3285713,86.18572,0.5285714,0.5285714,0.5285714,9.328571,3.7571428,0.00012655556,0.0003824383,5.052203e-07,1.3262033e-06,1.4901161e-08,True
2019-12-16,107.85,26.3,5.5285716,8.771429,2.3999999,85.14286,0.7,0.7,0.61428577,10.0,4.5857143,0.0004801005,0.00038780272,0.00015553975,0.0011143349,0.0010899119,True
2019-12-23,107.86,8.7,6.728572,10.042857,3.2428572,90.22858,0.41428572,0.41428572,0.37142855,10.1285715,6.0142856,0.0002129823,0.0004053563,4.666192e-06,1.623109e-05,0.0,True
2019-12-30,107.89,13.1,3.357143,5.8142858,0.34285715,87.62858,0.35714287,0.35714287,0.35714287,10.185715,3.9571428,0.0002944395,0.0004416108,-7.345365000000001e-25,1.4901161e-07,5.5879354e-08,True
2020-01-06,107.89,2.4,2.0285714,4.9714284,-1.2571429,91.6,0.1,0.1,0.31428573,10.0,0.5,5.5015087e-05,0.00049900264,1.9527617e-06,6.8992376e-06,8.068979e-06,True
2020-01-13,107.9,0.70000005,5.557143,8.857142,1.5714285,86.41429,0.5428571,0.5428571,0.4857143,9.857142,4.614286,6.701052e-05,0.0005556941,2.9518492e-07,1.4640391e-06,0.0,True
2020-01-20,107.9,0.1,5.9714284,10.0,0.9285714,78.42857,0.74285716,0.7,0.61428577,9.6285715,4.614286,2.2023916e-05,0.0006071329,9.071259e-06,9.668991e-06,4.531443e-05,True
2020-01-27,107.89,6.5,0.7571429,4.257143,-1.9857143,89.6,0.27142859,0.22857143,0.31428573,9.542857,1.2142857,7.8842044e-05,0.0006523952,2.5312105e-05,3.522262e-05,5.5655837e-06,True
2020-02-03,107.91,55.9,9.3,12.1,6.728572,81.88572,1.2714287,1.2714287,1.0857142,10.2,7.714286,0.0026957542,0.0014982745,0.00024795532,0.0014328323,0.0013849661,True
2020-02-10,108.0,19.6,4.8428574,11.1285715,-0.4714286,75.61428,1.3285714,1.3142856,1.1285714,10.6285715,5.0857143,0.003425911,0.0013734102,2.3160662e-06,6.152317e-06,6.2324107e-06,True
2020-02-17,108.08,18.400002,7.6714287,12.257143,3.3857143,72.85714,1.4714286,1.4571428,1.5285714,10.457143,6.5,0.0006043166,0.0012000129,3.4059798e-07,1.9911677e-06,1.8402934e-06,True
2020-02-24,108.16,21.0,8.071428,11.485715,4.6571426,71.17143,1.7142856,1.642857,1.6428572,10.042857,7.2285714,0.0004169345,0.0015695244,2.2706531e-07,1.6856939e-06,1.66893e-06,True
2020-03-02,108.26,33.5,6.8142858,10.642858,3.2000003,73.9,1.5714285,1.5428572,1.5,10.514286,6.6,0.0018029585,0.0020661056,0.00094790687,0.0042641647,0.0043864176,True
2020-03-09,108.35,17.6,6.457143,10.071428,3.2285714,79.01429,1.3285714,1.3285714,1.2285715,10.6285715,6.757143,0.0012783408,0.003014721,1.4833042e-05,7.5511634e-05,3.6545098e-06,True
2020-03-16,108.42,6.8,9.414286,14.6285715,3.9714286,71.98572,1.942857,1.8000001,1.8428571,10.214286,9.757143,0.0004979372,0.0044017658,1.70299e-08,5.438924e-07,0.0,True
2020-03-23,108.46,14.1,8.957143,14.842857,3.5428574,65.5,2.1285713,1.7428572,2.142857,9.442857,10.685715,0.00012513995,0.005195789,-7.345365000000001e-25,1.8626451e-09,0.0,True
2020-03-30,108.48,0.0,6.1285715,11.928572,-0.057142854,49.700005,2.5285716,1.9285716,2.6571429,8.714286,8.142858,7.2568655e-06,0.0053319708,5.165736e-07,4.749745e-07,3.9860606e-06,True
2020-04-06,108.47,0.0,7.8857145,15.771429,-0.9000001,54.100002,2.7857144,2.0,2.6714287,7.8714285,10.3714285,1.9669533e-06,0.005241677,1.0615304e-06,3.7550926e-06,6.146729e-07,True
2020-04-13,108.46,0.1,14.328572,23.557144,4.9857144,55.485718,3.585714,1.8,3.4285715,6.8428574,15.928572,4.4703484e-06,0.0049896315,-7.345365000000001e-25,9.313226e-09,0.0,True
2020-04-20,108.44,0.0,13.242858,21.285715,5.0285716,54.971428,3.857143,1.1,3.6857142,6.2285714,16.057142,4.23193e-06,0.004674278,-7.345365000000001e-25,3.7252903e-09,0.0,True
2020-04-27,108.41,0.4,15.028572,22.9,6.5428576,46.3,4.785714,0.59999996,4.6857142,5.8,17.87143,0.0,0.0042944252,-7.345365000000001e-25,0.0,0.0,True
2020-05-04,108.38,9.6,12.714286,17.685715,7.6857147,72.12858,2.7857144,1.5142857,2.7142856,6.0,15.257143,0.00016154349,0.003939271,-7.345365000000001e-25,0.0,0.0,True
2020-05-11,108.36,26.1,13.900001,21.214285,6.157143,62.07143,3.6285713,1.3571428,3.4857142,5.9,17.971428,0.00066009164,0.0036102012,4.5413064e-08,2.3841858e-07,1.437962e-06,True
2020-05-18,108.39,0.1,12.1285715,18.585714,4.4857144,61.67143,3.557143,2.4285715,3.5714285,6.5285716,16.328571,3.6358833e-06,0.003306605,1.7597561e-07,1.2181699e-06,0.0,True
2020-05-25,108.37,5.6,17.671429,23.828571,10.3714285,63.47143,4.042857,2.0142856,4.0142856,5.642857,20.742857,9.082258e-05,0.0030019507,-7.345365000000001e-25,7.450581e-09,0.0,True
2020-06-01,108.33,0.0,16.857143,23.642857,8.557143,50.028572,5.2142863,1.3,5.2714286,5.1285715,20.571428,7.1525574e-07,0.0027246848,-7.345365000000001e-25,0.0,0.0,True
2020-06-08,108.39,31.9,16.314287,21.800001,10.957144,70.72858,3.4857142,1.7571428,3.357143,5.5,19.514286,0.00018856674,0.002455324,-7.345365000000001e-25,7.450581e-09,0.0,True
2020-06-15,108.42,11.6,17.228573,21.442858,13.2,76.90001,3.057143,2.1142857,2.8,5.542857,19.9,0.00021964312,0.0022699982,-7.345365000000001e-25,7.450581e-09,0.0,True
2020-06-22,108.47,16.2,18.67143,24.614286,13.014285,72.685715,3.957143,2.9714284,4.142857,6.0142856,22.242857,0.0006568283,0.0021068081,-7.345365000000001e-25,1.1175871e-08,0.0,True
2020-06-29,108.39,8.1,21.457144,28.114286,14.5,63.414288,5.3857145,2.9285715,5.328572,5.142857,24.785715,6.522238e-05,0.001919061,-7.345365000000001e-25,1.1175871e-08,0.0,True
2020-07-06,108.38,3.1000001,20.885715,26.585714,14.228572,59.17143,5.2428575,2.0714288,5.2428575,4.757143,23.585714,2.2545457e-05,0.001750879,-7.345365000000001e-25,1.1175871e-08,0.0,True
2020-07-13,108.34,0.1,19.814287,26.642857,11.67143,53.61429,5.1857147,1.2142857,5.1714287,4.242857,23.471428,2.4989247e-05,0.0015894696,-7.345365000000001e-25,5.5879354e-09,0.0,True
2020-07-20,108.37,11.6,19.885715,25.84286,13.728571,65.84286,4.1,1.6714286,4.1142855,4.285714,23.342857,8.304417e-05,0.0014514029,-7.345365000000001e-25,0.0,0.0,True
2020-07-27,108.28,0.5,21.857143,28.814287,14.142858,52.9,5.1857142,1.0285714,5.3428574,3.942857,25.142857,2.732873e-05,0.0013152659,-7.345365000000001e-25,7.450581e-09,0.0,True
2020-08-03,108.22,5.4,22.728573,29.9,14.457144,53.657143,4.842857,0.85714287,4.9,3.8857143,25.4,1.5214086e-05,0.0011831596,-7.345365000000001e-25,1.1175871e-08,0.0,True
2020-08-10,108.19,0.0,24.242859,32.342857,15.071428,54.57143,5.0571427,1.5142858,5.428571,4.2714286,25.614286,9.3877316e-07,0.0010672659,-7.345365000000001e-25,7.450581e-09,0.0,True
2020-08-17,108.15,15.400001,24.47143,31.257143,19.142857,65.91429,3.8999999,1.7285715,4.257143,4.2,26.7,3.33488e-05,0.0009612441,-7.345365000000001e-25,1.4901161e-08,0.0,True
2020-08-24,108.12,6.8999996,22.385715,29.185715,16.071428,62.07143,4.085714,2.0857143,4.3857145,4.114286,24.985714,9.355694e-05,0.00088083,-7.345365000000001e-25,9.313226e-09,0.0,True
2020-08-31,108.1,22.8,17.985714,22.785715,12.8714285,68.4,2.642857,1.1714287,3.0142858,4.114286,20.5,6.0901046e-05,0.0008144602,-7.345365000000001e-25,3.7252903e-09,0.0,True
2020-09-07,108.09,1.4,17.357143,23.728573,11.17143,67.27143,2.6285713,1.642857,2.7857144,4.742857,20.22857,1.0550022e-05,0.0007640794,-7.345365000000001e-25,7.450581e-09,0.0,True
2020-09-14,108.06,0.2,19.485716,28.028574,11.571428,64.38572,2.8428571,1.1285714,3.142857,4.142857,21.8,3.0994415e-06,0.0007100925,-7.345365000000001e-25,7.450581e-09,0.0,True
2020-09-21,108.01,0.0,19.0,27.014286,11.828572,60.81429,2.6142857,0.6,3.1857142,3.7857144,21.37143,1.0430813e-07,0.00065978616,-7.345365000000001e-25,9.313226e-09,0.0,True
2020-09-28,108.02,33.2,13.885715,18.514286,9.1285715,75.21429,1.7,0.98571426,1.8285714,4.457143,16.142857,0.00014401972,0.000618577,-7.345365000000001e-25,5.5879354e-09,0.0,True
2020-10-05,107.98,7.0,13.471429,17.785715,9.485715,78.15715,1.2571428,1.1142857,1.7428571,5.214286,14.057143,7.053465e-05,0.00059164315,-7.345365000000001e-25,3.7252903e-09,0.0,True
2020-10-12,107.95,12.0,12.0,15.614286,8.685715,80.77143,1.1571429,1.0857142,1.4142857,5.4714284,12.542857,0.00010995567,0.0005677417,-7.345365000000001e-25,1.1175871e-08,0.0,True
2020-10-19,107.93,2.8,8.514285,12.242858,4.8428574,85.38572,0.65714294,0.5714286,0.7714286,5.6,10.042857,6.467104e-05,0.0005476847,-7.345365000000001e-25,1.8626451e-09,0.0,True
2020-10-26,107.92,15.200001,12.571428,17.214285,7.971429,83.057144,1.0,0.85714287,0.94285715,5.8,12.742857,0.00012643635,0.0005285889,-7.345365000000001e-25,5.5879354e-09,0.0,True
2020-11-02,107.93,15.7,13.428572,16.428572,10.1285715,78.65715,1.1285714,1.0571429,1.3428571,6.6285715,12.271428,0.00016488135,0.0005119592,-7.345365000000001e-25,1.4901161e-08,0.0,True
2020-11-09,107.9,0.3,7.2714286,12.742857,3.0,85.71429,0.4857143,0.40000004,0.5428571,6.8,8.342857,9.283423e-06,0.00049782544,-7.345365000000001e-25,0.0,0.0,True
2020-11-16,107.88,7.8,9.514285,13.114286,5.7428575,88.75714,0.61428565,0.54285717,0.5285714,6.742857,9.228572,3.3974648e-05,0.00048583,-7.345365000000001e-25,1.8626451e-09,0.0,True
2020-11-23,107.86,2.7,5.3857145,9.657144,1.1,85.82857,0.5,0.44285712,0.44285712,6.757143,6.3142858,3.9175153e-05,0.00047502667,-7.345365000000001e-25,0.0,0.0,True
2020-11-30,107.84,6.6,1.6142857,4.6714287,-1.3142859,90.62858,0.20000002,0.14285715,0.2,6.714286,2.8428571,1.1473894e-06,0.0004658848,2.5885445e-06,2.849847e-07,0.00026667118,True
2020-12-07,107.83,11.7,3.0285716,4.714286,1.2142857,89.38572,0.27142859,0.25714287,0.3857143,7.4142857,1.8857143,0.00025081635,0.00045774877,0.0030796812,0.004269583,0.0050796866,True
2020-12-14,107.81,5.5,3.5142858,6.0,0.3285714,88.25714,0.2857143,0.27142859,0.2857143,7.8428574,3.0142858,0.00019942224,0.0004511401,0.0009870245,0.0016938988,0.00026165694,True
2020-12-21,107.79,5.0,5.5428576,8.885715,2.2714286,94.97143,0.24285713,0.24285713,0.22857143,8.014286,5.1285715,0.00015090406,0.0004466772,4.944347e-05,0.00020372309,0.0,True
2020-12-28,107.81,41.6,6.2571425,9.071428,2.9285715,85.457146,0.6285714,0.6285714,0.64285713,9.114285,5.5,0.0010524988,0.00044570863,0.00015448389,0.00021116622,0.00053138286,True
2021-01-04,107.8,8.7,2.3857143,4.0,0.64285713,88.87144,0.4333333,0.4333333,0.37142858,9.466666,2.6,0.00010660291,0.00045734644,0.0010085844,0.00076775625,0.0036970824,True
2021-01-11,107.79,2.8000002,0.6428572,2.5142858,-1.457143,86.828575,0.29999998,0.27142859,0.31428573,9.328571,0.75714284,7.1659684e-05,0.00047978014,0.0067307837,0.0016394258,0.0066632405,True
2021-01-18,107.79,10.8,1.2571429,3.2714288,-0.78571427,85.471436,0.34285715,0.34285715,0.4714286,9.8,0.37142858,0.00036852062,0.00050836056,0.009800707,0.008118993,0.011461541,True
2021-01-25,107.81,23.0,4.3142858,7.4714284,0.7571429,79.457146,0.8428572,0.82857144,0.8,9.757143,2.9142857,0.00058597326,0.0005541593,0.005045857,0.011461189,0.00562717,True
2021-02-01,107.87,40.3,5.1,7.6571426,2.4142857,87.61428,0.7,0.7,0.64285713,10.528571,3.7714286,0.0027874038,0.0009545386,0.0021952277,0.007741658,0.002799753,True
2021-02-08,108.0,31.3,6.8857145,9.214286,4.257143,88.77143,0.6571428,0.6571428,0.61428577,11.042857,6.642857,0.0016823336,0.0016407743,5.8157104e-05,6.3730404e-05,0.0010654218,True
2021-02-15,108.07,4.7,-4.8142858,-0.4428572,-9.757143,70.41429,0.14285715,0.14285715,0.6571428,10.528571,-0.17142858,1.5437603e-05,0.0023189262,0.0035057238,0.00043730624,0.0035539642,True
2021-02-22,108.1,2.6,6.9857144,13.985715,0.6714286,80.75715,1.1142857,1.042857,0.87142855,10.0,5.857143,0.00011552125,0.0029145107,0.0005087512,0.00350279,0.0,True
2021-03-01,108.1,0.1,7.6142855,15.728572,0.9142857,72.957146,1.3857143,1.1428572,1.3142856,9.5,7.6285715,2.6747584e-06,0.0032310486,1.0161173e-06,6.550923e-06,0.0,True
2021-03-08,108.09,4.5,4.5285716,11.142858,-1.5714285,68.9,1.3571427,1.1428572,1.3000001,9.171429,6.2285714,5.041063e-05,0.0033538267,2.8950828e-07,5.532056e-07,8.791685e-07,True
2021-03-15,108.1,36.7,6.6285715,10.485715,3.5,74.042854,1.7571428,1.6857141,1.5571429,9.185715,7.0285716,0.0005636513,0.0033833906,2.3404757e-05,0.00017067231,0.0003253594,True
2021-03-22,108.13,5.7,4.0857143,7.471429,0.8428572,72.700005,1.2714285,1.2142857,1.2714285,9.457143,5.5571427,0.00022386014,0.0034636706,0.00021295888,0.00063610263,0.0006401427,True
2021-03-29,108.13,0.4,8.771429,15.842858,1.5857143,65.24286,2.4714284,2.0285714,2.2428572,8.857142,10.714286,3.1597912e-05,0.003628157,3.224895e-05,0.00015995838,0.0,True
2021-04-05,108.12,5.6,10.185715,17.9,1.8428572,58.357143,2.7,2.0285714,2.7,7.857143,12.885715,5.4985285e-05,0.0036543459,1.3856661e-05,2.0749867e-06,0.0003163442,True
2021-04-12,108.1,8.700001,6.4,11.728572,0.9857143,66.24286,2.1714287,1.8,2.1,7.2714286,8.742857,0.00023648143,0.003608115,0.00097191904,0.0030339882,0.0028617382,True
2021-04-19,108.1,0.4,5.7999997,10.928572,0.085714236,68.92857,1.8857144,1.4285715,1.8714286,7.1714287,9.142858,4.4941902e-05,0.00352934,1.6831216e-05,8.4934756e-05,6.471947e-05,True
2021-04-26,108.09,0.0,10.385714,17.814287,1.9285715,55.785713,3.6857142,2.1857142,3.6285713,6.457143,14.4,3.427267e-06,0.0034209415,1.1353266e-07,1.611188e-06,0.0,True
2021-05-03,108.07,11.0,9.885715,15.585715,2.9857142,65.22857,2.9142857,1.8000001,2.6714287,6.114286,13.585714,0.00011602789,0.0032673627,-7.345365000000001e-25,3.7252903e-09,0.0,True
2021-05-10,108.12,14.7,11.771429,17.628572,5.2000003,69.15714,3.2714286,2.4428573,2.8999999,6.642857,13.742857,0.00030229986,0.0031319857,-7.345365000000001e-25,2.0675361e-07,1.9744039e-07,True
2021-05-17,108.12,25.0,12.3,17.228573,8.157144,79.72858,2.5857143,2.2428572,2.5,6.9,15.2,0.0004105866,0.0029914454,-7.345365000000001e-25,3.7252903e-09,0.0,True
2021-05-24,108.17,7.2000003,12.67143,18.228573,7.614286,69.9,3.2571428,2.8142855,3.3142858,7.071429,15.142858,0.00014695525,0.0028645098,-7.345365000000001e-25,3.7252903e-09,0.0,True
2021-05-31,108.18,6.4,13.800001,19.014286,8.271429,64.4,3.7857146,2.6857142,3.8285713,6.5571427,16.385714,8.505583e-05,0.0027371272,-7.345365000000001e-25,0.0,0.0,True
2021-06-07,108.2,39.5,19.1,24.714285,13.1,71.74286,3.7,2.3142858,3.7714286,6.114286,22.071428,0.0002670884,0.002577372,-7.345365000000001e-25,1.1175871e-08,0.0,True
2021-06-14,108.21,9.1,20.442858,27.414288,13.857142,68.65714,4.8142858,3.2142856,4.9,6.242857,24.828571,0.00011603534,0.0024498552,-7.345365000000001e-25,3.7252903e-09,0.0,True
2021-06-21,108.22,40.4,24.642857,31.800001,16.342857,61.84286,5.8142858,2.5714285,5.585714,5.3428574,28.585714,0.00016518682,0.0022619665,-7.345365000000001e-25,1.1175871e-08,0.0,True
2021-06-28,108.36,52.1,19.77143,25.442858,15.042857,79.07143,3.9857142,3.4,3.585714,6.5857143,24.22857,0.0021135136,0.0021157712,-7.345365000000001e-25,0.0,0.0,True
2021-07-05,108.48,26.300001,18.014286,23.228573,13.6285715,79.057144,3.3428571,3.0571427,3.2857144,7.742857,21.87143,0.00051576644,0.002004899,-7.345365000000001e-25,1.1175871e-08,0.0,True
2021-07-12,108.59,46.8,19.071428,24.514286,14.17143,79.61428,3.357143,3.1714287,3.357143,8.271428,22.742857,0.00078873336,0.0019256622,-7.345365000000001e-25,1.1175871e-08,0.0,True
2021-07-19,108.78,13.0,19.314287,24.385715,14.085715,79.0,3.3999999,3.042857,3.3857143,9.457143,22.414286,0.005974695,0.0037604198,-7.345365000000001e-25,1.4901161e-08,0.0,True
2021-07-26,108.65,1.6000001,20.642857,27.257143,14.185715,68.442856,4.2285714,3.357143,4.6,7.885714,25.585714,2.2016466e-05,0.001902774,-7.345365000000001e-25,5.5879354e-09,0.0,True
2021-08-02,108.55,16.0,19.2,24.67143,14.057143,72.28571,3.7428572,2.8999999,3.8714287,7.242857,23.142857,5.300343e-05,0.0018383414,-7.345365000000001e-25,1.3038516e-08,0.0,True
2021-08-09,108.47,13.099999,17.728573,22.9,13.242858,77.328575,2.9285717,2.585714,3.0857143,7.4428573,20.828571,0.0001258105,0.0017715693,-7.345365000000001e-25,1.1175871e-08,0.0,True
2021-08-16,108.41,6.0,21.642857,28.828571,14.514287,71.14286,3.8857143,2.5571427,4.1142855,6.571429,25.528572,4.300475e-05,0.0016964301,-7.345365000000001e-25,1.1175871e-08,0.0,True
2021-08-23,108.39,18.4,18.328571,23.0,14.285714,78.62858,2.5571427,1.7142857,2.7571428,6.1,21.5,0.00023828447,0.0016203001,-7.345365000000001e-25,1.1175871e-08,0.0,True
2021-08-30,108.34,16.800001,15.828572,19.699999,12.428572,80.72858,2.057143,1.5999998,2.1571429,6.2714286,18.8,0.00026857853,0.001559481,-7.345365000000001e-25,7.450581e-09,0.0,True
2021-09-06,108.31,0.0,17.642857,25.457144,10.3714285,73.35714,2.7428572,1.7714287,3.1857142,6.4428573,20.471428,8.806586e-06,0.0015030652,-7.345365000000001e-25,7.450581e-09,0.0,True
2021-09-13,108.27,2.4,19.014286,26.042858,12.557143,74.87144,2.614286,1.5142857,2.7714286,5.8,22.62857,4.1916966e-05,0.0014343113,-7.345365000000001e-25,3.7252903e-09,0.0,True
2021-09-20,108.24,17.9,16.885715,21.957142,12.157143,79.38572,1.7857143,1.2285713,1.9857143,5.8,19.9,0.00016124547,0.0013810545,-7.345365000000001e-25,3.7252903e-09,0.0,True
2021-09-27,108.2,2.3,15.5,22.328571,8.857142,76.65715,1.8285713,1.1857144,2.1,5.571429,18.557142,5.4985285e-05,0.0013309419,-7.345365000000001e-25,9.313226e-09,0.0,True
2021-10-04,108.18,16.2,13.971429,19.357143,9.3714285,77.67143,1.5714285,1.1,1.6714286,5.4428573,16.842857,0.00013435632,0.0012849495,-7.345365000000001e-25,5.5879354e-09,0.0,True
2021-10-11,108.15,6.6,10.67143,16.185715,6.1285715,82.62858,1.0714285,0.81428576,1.2714285,5.785714,12.742857,0.00012424588,0.0012471899,-7.345365000000001e-25,3.7252903e-09,0.0,True
2021-10-18,108.12,4.7000003,8.485715,13.414286,3.6714287,88.75715,0.7428571,0.5714286,0.78571427,5.857143,10.785714,8.6434186e-05,0.0012165308,-7.345365000000001e-25,0.0,0.0,True
2021-10-25,108.1,21.500002,9.742858,16.27143,3.5285716,80.88572,1.0714284,0.9285714,1.1142857,6.4857144,10.4,0.00029347092,0.0011898056,-7.345365000000001e-25,5.5879354e-09,0.0,True
2021-11-01,108.08,7.7999997,9.157143,14.842857,4.042857,88.92857,0.6571428,0.5428571,0.6857143,6.6285715,10.228572,9.577721e-05,0.0011673197,-7.345365000000001e-25,3.7252903e-09,0.0,True
2021-11-08,108.05,14.8,6.6285715,9.771429,3.4142857,91.14286,0.51428574,0.50000006,0.45714286,7.5,7.6857142,0.00018363446,0.0011524558,-7.345365000000001e-25,1.8626451e-09,0.0,True
2021-11-15,108.03,4.9,4.6714287,7.642857,2.0857143,90.814285,0.2857143,0.27142856,0.44285712,7.6,5.4,7.5891614e-05,0.0011425689,-7.345365000000001e-25,3.7252903e-09,0.0,True
2021-11-22,108.01,3.5,6.371429,8.142858,3.9285715,87.37144,0.31428576,0.2857143,0.5142857,7.642857,6.1285715,5.735457e-05,0.0011362359,-7.345365000000001e-25,0.0,0.0,True
2021-11-29,107.99,3.7,2.0285714,4.8285713,-0.4857143,84.557144,0.35714287,0.31428573,0.42857143,7.6714287,2.3,6.6682696e-05,0.001132451,0.00019649098,0.000118402764,0.0027068667,True
2021-12-06,107.99,30.9,4.2000003,6.8285713,1.6142857,84.542854,0.61428577,0.59999996,0.6,8.3714285,3.442857,0.00088690966,0.0011371002,0.0012508972,0.0058888644,0.0037078597,True
2021-12-13,107.97,3.3999999,4.057143,6.3142858,1.5857143,85.07143,0.3857143,0.3857143,0.47142857,8.914286,2.857143,0.00032436848,0.0012001768,0.001140146,0.003061356,0.0027640052,True
2021-12-20,107.96,0.0,4.7000003,6.8428574,2.2857144,88.38572,0.20000002,0.17142858,0.34285715,8.828571,3.942857,2.9116869e-05,0.0013299882,0.000164997,0.0004268419,0.0,True
2021-12-27,107.95,21.1,2.8714287,6.6714287,-0.37142852,88.67143,0.27142856,0.25714287,0.34285715,9.085714,2.057143,0.0006633401,0.0014672801,2.4256253e-05,4.932657e-05,0.0,True
2022-01-03,107.98,22.0,10.285714,13.528572,7.0428576,84.88572,0.775,0.775,0.71428573,10.025,8.825,0.0011339933,0.0018394887,5.1089696e-08,1.3653189e-06,0.0,True
2022-01-10,108.11,31.099998,3.914286,6.9000006,0.7428573,84.25714,0.7142858,0.7142858,0.5857143,10.671429,3.6285715,0.0018476918,0.0039582774,0.0005448886,0.0012824293,0.0020298325,True
2022-01-17,108.15,0.1,0.9285714,3.7142856,-1.6428572,87.92857,0.2857143,0.27142859,0.32857147,10.228572,1.0571429,3.0703843e-05,0.0039852187,0.0005718867,0.0006810818,0.00040866807,True
2022-01-24,108.16,2.1,3.2857144,5.8428574,0.22857141,82.64286,0.5285715,0.50000006,0.5285714,9.971429,2.5142858,0.00014485419,0.004693158,0.00034164247,0.0007018242,0.00041427836,True
2022-01-31,108.15,1.9,2.5,4.7571425,-0.34285715,84.94286,0.61428577,0.58571434,0.61428577,9.857142,2.2571428,0.00020951778,0.005033307,0.00021371388,0.0005842615,0.00044405088,True
2022-02-07,108.16,33.5,6.1285715,8.271429,3.8,78.88572,1.0142858,1.0142858,0.9714286,10.085714,4.885714,0.0019751713,0.0054590255,5.0856954e-05,0.00032117218,0.00022717193,True
2022-02-14,108.23,4.6,4.871429,10.414286,-0.65714294,77.61428,1.0714285,1.042857,0.82857144,10.185715,4.614286,8.3096325e-05,0.0061399564,7.0390246e-07,3.002584e-06,1.1064112e-06,True
2022-02-21,108.24,10.1,8.885715,12.057143,6.1,68.62858,1.8428572,1.7714285,1.9571428,9.814285,7.4714284,0.00039295107,0.006802708,-7.345365000000001e-25,5.3457916e-07,4.209578e-07,True
2022-02-28,108.24,5.2,5.428571,10.271429,0.9142857,71.92857,1.4285715,1.3428571,1.2714285,9.714286,5.742857,0.00013175607,0.00712955,4.3710074e-07,9.406358e-07,1.3783574e-06,True
2022-03-07,108.23,0.0,2.5857143,8.414286,-2.9714286,57.97143,1.5,1.2,1.5142858,9.185715,4.6285715,1.6391277e-07,0.0072612017,8.5149495e-08,4.172325e-07,5.401671e-07,True
2022-03-14,108.21,1.0,6.7571435,14.614286,-0.88571423,51.542854,2.1000001,1.6285714,2.085714,8.514286,7.6571426,2.321601e-05,0.0071683377,-7.345365000000001e-25,5.9232116e-07,0.0,True
2022-03-21,108.19,5.3999996,8.857142,13.857142,4.4428573,67.42857,1.7714285,1.3857143,1.8571428,8.328571,9.2,0.00012423098,0.006974183,-7.345365000000001e-25,1.8626451e-09,0.0,True
2022-03-28,108.18,0.0,10.1285715,19.957144,0.61428577,54.3,2.7999997,1.942857,2.6285713,7.4142857,11.957143,5.9604645e-08,0.0066714585,-7.345365000000001e-25,0.0,0.0,True
2022-04-04,108.17,14.400001,5.3857145,8.971429,1.4571428,75.1,1.4714286,1.2285715,1.3428571,7.5285716,7.7285714,0.0003541112,0.006336458,0.0024086465,0.002843205,0.007258244,True
2022-04-11,108.26,62.399998,8.185715,12.7,3.7142856,72.28571,2.2857144,2.1285717,2.0857143,8.614285,9.357142,0.0041228235,0.007295504,0.0021066042,0.012350585,0.009126335,True
2022-04-18,108.3,0.0,12.985715,20.17143,5.3285713,59.385715,3.5571427,2.757143,3.2857144,8.314285,16.214285,3.4093857e-05,0.006213613,8.4508036e-05,0.0008053873,0.0,True
2022-04-25,108.33,23.099998,11.514285,16.87143,5.371429,64.32857,3.0428574,2.2142859,2.957143,7.3,14.742857,0.0001617223,0.006125957,-7.345365000000001e-25,2.4214387e-08,0.0,True
2022-05-02,108.36,14.9,11.757143,17.642859,6.142857,74.12858,2.885714,2.242857,2.6142857,7.5571427,15.342857,0.0002804324,0.0059388876,-7.345365000000001e-25,0.0,0.0,True
2022-05-09,108.36,10.0,14.742858,21.714285,7.6571426,71.21429,3.4857142,2.457143,3.2857144,7.114286,18.414286,0.00014336407,0.0056974366,-7.345365000000001e-25,3.7252903e-09,0.0,True
2022-05-16,108.34,1.6,19.02857,25.814287,10.642858,60.11429,4.942857,2.3571427,4.6285715,6.1571426,22.4,3.5136938e-05,0.005353041,-7.345365000000001e-25,7.450581e-09,0.0,True
2022-05-23,108.33,23.3,20.142857,27.557144,12.085715,63.085716,4.9857144,2.1571426,4.7999997,5.6857142,24.22857,5.0097704e-05,0.0049366355,-7.345365000000001e-25,1.1175871e-08,0.0,True
2022-05-30,108.31,2.8,15.285714,20.5,9.285714,60.44286,4.028571,1.4857142,3.9857142,5.3285713,20.171429,3.619492e-05,0.004531145,-7.345365000000001e-25,0.0,0.0,True
2022-06-06,108.28,11.2,18.528574,24.87143,11.957144,63.87143,4.1857147,1.3428571,4.2285714,5.142857,22.242857,0.00010487437,0.00412032,-7.345365000000001e-25,7.450581e-09,0.0,True
2022-06-13,108.29,7.5,18.885715,25.9,11.442857,65.22857,4.542857,2.1857142,4.6285715,5.285714,22.757143,8.247793e-05,0.0037534162,-7.345365000000001e-25,7.450581e-09,0.0,True
2022-06-20,108.25,0.0,22.857143,31.214285,12.514285,51.2,6.285714,1.2714285,6.085714,4.742857,26.685715,2.9206276e-06,0.0033311993,-7.345365000000001e-25,7.450581e-09,0.0,True
2022-06-27,108.26,45.1,21.042858,27.142857,14.8,70.65715,4.571429,2.357143,4.3142858,5.0285716,25.27143,0.00013935566,0.002943553,-7.345365000000001e-25,1.4901161e-08,0.0,True
2022-07-04,108.27,6.8999996,21.228573,28.142857,13.5,62.357143,5.1857142,3.3142858,5.1857142,5.285714,25.22857,8.610636e-05,0.0026292875,-7.345365000000001e-25,1.1175871e-08,0.0,True
2022-07-11,108.21,0.1,19.142857,25.085714,12.442857,58.44286,4.785714,1.5,4.6714287,4.3714285,24.357143,4.7832727e-06,0.0023281947,-7.345365000000001e-25,7.450581e-09,0.0,True
2022-07-18,108.16,0.0,22.128572,30.414288,12.3,49.085716,6.071429,0.6428571,5.7999997,3.942857,26.414286,1.7881393e-07,0.002054058,-7.345365000000001e-25,0.0,0.0,True
2022-07-25,108.11,5.0,25.357143,33.2,17.071428,54.44286,6.0571427,1.3571428,6.042857,3.8714285,27.714285,3.2007694e-05,0.0017947257,-7.345365000000001e-25,1.1175871e-08,0.0,True
2022-08-01,108.06,0.0,23.085714,29.600002,15.914286,50.857143,5.142857,0.84285724,5.4857144,3.642857,26.257143,8.493662e-06,0.001584962,-7.345365000000001e-25,7.450581e-09,0.0,True
2022-08-08,108.02,0.7,24.085714,32.04286,15.642858,46.55714,5.6,0.9428572,5.8428574,3.5142858,27.042856,2.7120113e-06,0.0014001653,-7.345365000000001e-25,7.450581e-09,0.0,True
2022-08-15,107.99,0.1,23.857143,31.62857,15.357142,41.87143,5.857143,0.7,6.2428575,3.2857144,25.557142,2.6971102e-06,0.0012314692,-7.345365000000001e-25,7.450581e-09,0.0,True
2022-08-22,107.96,2.8,22.27143,29.485716,15.357142,58.014286,3.7428572,1.0285714,4.1,3.6142857,25.0,3.7893653e-05,0.0011031553,-7.345365000000001e-25,3.7252903e-09,0.0,True
2022-08-29,108.03,18.9,22.642857,30.257143,15.571428,58.642857,3.957143,1.2714285,4.2285714,3.8142858,25.22857,8.365512e-05,0.0009981617,-7.345365000000001e-25,7.450581e-09,0.0,True
2022-09-05,107.99,15.099999,20.071428,26.857143,13.971429,65.700005,3.2571428,1.4142858,3.4285715,4.114286,22.885714,3.4183264e-05,0.00091519207,-7.345365000000001e-25,1.8626451e-09,0.0,True
2022-09-12,107.97,18.300001,18.714285,24.97143,13.828572,74.72857,2.6857142,1.9285715,2.7857144,4.4857144,21.214285,0.00015561283,0.00084479153,-7.345365000000001e-25,1.4901161e-08,0.0,True
2022-09-19,108.09,56.8,15.028571,20.114286,10.985715,78.328575,1.8142859,1.7142859,1.9571428,6.2,17.27143,0.00038301945,0.00079524517,-7.345365000000001e-25,1.3038516e-08,0.0,True
2022-09-26,108.08,12.5,12.157144,17.957144,6.6857147,79.12858,1.5142857,1.3142859,1.6571428,6.6285715,15.085714,0.000106431544,0.0007558316,-7.345365000000001e-25,0.0,0.0,True
2022-10-03,108.11,41.7,11.242858,15.142858,7.5285716,85.91429,1.2142857,1.1857144,1.1999999,8.057143,13.042857,0.0040768683,0.00085360557,-7.345365000000001e-25,7.450581e-09,0.0,True
2022-10-10,108.14,0.0,13.457144,20.514286,7.1,79.0,1.3285713,1.1999999,1.5428572,8.528571,15.142858,0.00013008714,0.00070132315,-7.345365000000001e-25,3.7252903e-09,0.0,True
2022-10-17,108.13,18.9,14.685715,19.271427,10.714286,86.52857,1.0571429,1.0,1.1142857,8.614285,15.8714285,0.0031396002,0.0006842911,-7.345365000000001e-25,9.313226e-09,0.0,True
2022-10-24,108.14,27.9,15.314286,19.742857,11.400001,86.37144,1.0285714,1.0285714,1.0285714,9.514286,16.028572,0.0017617196,0.0006766319,-7.345365000000001e-25,7.450581e-09,0.0,True
2022-10-31,108.14,1.3000001,14.571428,21.457144,9.642858,86.6,0.9285714,0.8714286,0.82857144,9.514286,15.9,1.04904175e-05,0.00067736953,-7.345365000000001e-25,3.7252903e-09,0.0,True
2022-11-07,108.12,8.4,10.057143,14.300001,5.0,84.68572,0.78571427,0.7571429,0.6857143,9.471429,11.485714,0.00015196204,0.00068202615,-7.345365000000001e-25,0.0,0.0,True
2022-11-14,108.14,22.8,8.242857,12.328572,4.585714,91.457146,0.44285718,0.4142857,0.41428572,9.728572,9.314285,0.0001733303,0.0006896779,-7.345365000000001e-25,3.7252903e-09,0.0,True
2022-11-21,108.17,35.0,8.785714,11.800001,6.328572,87.08572,0.74285716,0.7285715,0.5714286,10.3714285,8.7,0.0006378293,0.00070525706,-7.345365000000001e-25,1.8626451e-09,0.0,True
2022-11-28,108.21,7.5,6.285714,9.771429,1.9142857,86.94286,0.45714286,0.45714286,0.42857143,10.285714,6.6,0.00015495718,0.00075737387,-7.345365000000001e-25,0.0,0.0,True
2022-12-05,108.22,5.3,4.6142855,5.8142858,3.2857144,88.40001,0.25714287,0.25714287,0.42857143,10.214286,4.5285716,0.00022819638,0.00084774196,1.7597561e-07,4.0233135e-07,1.0989606e-06,True
2022-12-12,108.21,0.1,1.1,3.0714285,-1.5285714,86.700005,0.18571429,0.18571429,0.34285715,10.085714,1.8285714,2.8461218e-05,0.0009548813,0.00033174243,3.8698316e-05,0.0010111183,True
2022-12-19,108.18,3.2,-3.3857143,-0.90000004,-6.514286,84.72858,0.028571429,0.028571429,0.22857143,10.228572,-1.1571429,4.517287e-05,0.0010597408,0.0053701345,0.0024278425,0.0060588606,True
2022-12-26,108.24,40.2,9.857142,12.5,6.9000006,87.08572,0.7714286,0.7714286,0.59999996,10.714286,6.1571426,0.0010289028,0.0012973323,0.00055377826,0.00451706,0.0,True
