,GWL,HYRAS_pr,HYRAS_tas,HYRAS_tasmax,HYRAS_tasmin,HYRAS_hurs,DWD_evapo_p,DWD_evapo_r,DWD_evapo_fao,DWD_soil_moist,DWD_soil_temp5cm,ERA5_sro,ERA5_ssro,ERA5_sdwe,ERA5_sm,ERA5_sf,GWL_flag
1991-01-07,671.79,46.7,3.3857143,6.5,0.5285714,82.08572,0.6571428,0.6571428,0.62857145,11.014286,2.5142858,0.003637299,0.02156768,0.019793358,0.036001697,0.0066643767,True
1991-01-14,672.6,33.0,3.3857143,7.142857,0.5714286,78.61428,0.55714285,0.55714285,0.6857143,10.614285,2.6285715,0.00041212142,0.028516918,0.006173974,0.0064124465,0.009270471,True
1991-01-21,673.13,4.5,-4.1857142,-0.18571427,-8.285714,87.75715,0.057142857,0.057142857,0.29999998,10.385715,-0.17142858,6.4626336e-05,0.027890705,0.009531424,0.0028321892,0.004414212,True
1991-01-28,673.06,0.0,-5.9714284,-2.0,-8.785714,86.88572,0.0,0.0,0.3285714,10.3,-0.27142859,3.8720667e-05,0.024813823,0.010406017,0.0018983372,0.00028703734,True
1991-02-04,672.78,0.0,-7.7714286,-1.2285713,-12.67143,81.200005,0.014285714,0.014285714,0.3,10.271428,-1.7714286,3.9234757e-05,0.021093242,0.0074607474,0.0020362493,0.00021221489,True
1991-02-11,672.52,8.0,-7.3857145,-3.1714287,-11.842857,80.314285,0.042857144,0.042857144,0.41428572,10.342857,-1.4428571,3.605336e-05,0.017796114,0.008018301,0.0014199466,0.0075732917,True
1991-02-18,672.29,17.9,-4.7428575,-0.39999995,-9.400001,83.685715,0.10000001,0.10000001,0.5428571,10.457143,-0.114285715,5.183369e-05,0.015138514,0.02124162,0.0028816555,0.02186374,True
1991-02-25,672.05,2.2,1.2857143,9.057143,-4.5142856,77.814285,0.7714286,0.7428571,0.85714287,10.1285715,0.24285714,0.00092843175,0.0130744055,0.013442812,0.025982946,0.00029628724,True
1991-03-04,671.83,9.9,2.6000001,8.514286,-1.0000001,88.52857,0.54285717,0.4857143,0.7571429,9.914286,1.5428572,0.00010801852,0.011656992,0.0008230039,0.0029153079,1.7136335e-07,True
1991-03-11,671.69,7.4,6.7428575,13.314286,2.5285716,79.37144,0.9428571,0.8285714,1.1857144,9.814285,6.242857,0.00017081201,0.010571264,1.882939e-05,8.983165e-05,0.0,True
1991-03-18,671.53,11.0,6.228572,13.357142,0.4428572,77.85714,1.2,1.0285714,1.4,9.557143,7.757143,0.00018837303,0.009629801,5.676633e-08,4.954636e-07,0.0,True
1991-03-25,671.42,44.3,7.457143,11.857142,4.0857143,85.14286,1.0285714,1.0285714,1.2428571,10.471429,8.3,0.0011508614,0.008895762,8.727823e-05,0.00043430738,0.00042708218,True
1991-04-01,671.4796882822561,6.0,1.9142858,6.3428574,-1.6999999,78.8,0.87142855,0.82857144,1.2714285,10.3714285,4.642857,0.00017155707,0.00853651,0.00071970624,0.0012135748,0.0017192401,True
1991-04-08,671.3199999999999,38.6,6.4714284,10.442857,2.7857144,78.799995,1.3571428,1.2714287,1.5571429,10.242857,8.657143,0.00055933,0.008190498,0.00011234624,0.00061281584,0.00021312758,True
1991-04-15,671.29,1.7,8.057143,15.328572,1.2428571,67.77143,2.2142856,1.9428571,2.4714284,9.742857,10.814285,4.786253e-05,0.007873431,3.7919908e-06,2.3419037e-05,0.0,True
1991-04-22,671.26,29.900002,1.9142858,6.6714287,-2.2571428,70.64286,1.4285715,1.2571428,1.7714285,9.457143,6.5142856,0.00014655292,0.0074945763,0.004616641,0.006354451,0.011832889,True
1991-04-29,671.24,21.5,4.857143,10.685715,-0.71428573,73.78571,1.7857143,1.6,2.1285713,9.328571,8.9,0.0006393343,0.0071291625,0.0031453655,0.011512075,0.0069201924,True
1991-05-06,671.22,25.4,4.8,7.8857145,2.5714285,87.8,1.0428572,1.057143,1.3714286,10.214286,7.642857,0.0005470365,0.006866552,0.00029121127,0.0014226399,0.0017108172,True
1991-05-13,671.23,86.0,7.7714286,11.928572,3.3857143,81.82857,1.6571429,1.6285714,1.9714286,10.657143,10.614285,0.012120403,0.014576957,8.3605446e-05,0.00055705756,9.552017e-05,True
1991-05-20,672.3168074989284,27.6,5.642857,10.271429,1.8000001,81.41429,1.6857141,1.7142857,2.0142858,11.242857,9.828571,0.0014262497,0.012569085,0.0009734006,0.0057464056,0.005469188,False
1991-05-27,671.9100000000001,14.1,9.657143,15.014287,3.6000001,68.6,2.5857143,2.3,3.1142857,9.985714,14.142858,0.00044505298,0.01608593,1.5576681e-05,0.00014415011,1.6707927e-05,True
1991-06-03,672.45,15.4,13.428572,19.242857,5.6285715,58.385715,3.5,2.957143,3.9142857,9.085714,17.4,0.00010226667,0.015034802,3.40598e-08,4.2840838e-07,0.0,True
1991-06-10,672.33,54.8,11.099999,14.557143,7.642857,80.17143,2.1714284,2.0428572,2.2714286,9.314285,14.4,0.0006235838,0.013503499,-7.345365000000001e-25,0.0,0.0,True
1991-06-17,672.6,138.1,13.485715,18.942858,9.314286,76.27143,2.7285714,2.4857142,3.1571429,9.814285,17.314285,0.010934204,0.02086734,1.1353266e-08,0.0,2.1979213e-06,True
1991-06-24,676.79,24.0,14.557143,19.828571,8.428572,76.37144,3.085714,3.057143,3.6857142,11.057143,17.342857,0.001659669,0.020105071,1.4021283e-06,1.4178455e-05,1.1488795e-05,True
1991-07-01,673.75,38.0,13.928572,19.442858,8.942858,75.92857,3.0857146,2.9999998,3.5571427,10.414286,18.257143,0.0021950603,0.019297756,-7.345365000000001e-25,3.7252903e-09,0.0,True
1991-07-08,673.88,8.400001,20.957142,26.457144,13.242858,65.38572,4.2428575,3.4714284,5.042857,9.114285,24.0,3.0696392e-05,0.017180093,-7.345365000000001e-25,1.1175871e-08,0.0,True
1991-07-15,673.74,51.100002,19.414288,24.814285,14.457144,76.28571,3.3714283,3.085714,4.142857,9.1285715,23.428572,0.001046285,0.014692865,-7.345365000000001e-25,1.1175871e-08,0.0,True
1991-07-22,673.53,20.3,17.728573,21.985716,12.942858,72.62857,3.1571429,2.7285714,3.8,9.285714,21.9,0.00025698543,0.01286789,-7.345365000000001e-25,1.1175871e-08,0.0,True
1991-07-29,673.27,59.9,15.328572,20.357143,11.0,80.957146,2.6000001,2.3714287,3.1000001,9.528571,19.171429,0.0017551482,0.011468053,-7.345365000000001e-25,1.1175871e-08,0.0,True
1991-08-05,673.07,46.9,16.342857,21.057144,12.142858,81.22857,2.2142856,2.0142858,2.6714287,10.114285,19.614286,0.00138513,0.010544628,-7.345365000000001e-25,3.7252903e-09,0.0,True
1991-08-12,672.98,21.300001,19.814287,26.142857,13.314286,72.200005,3.1000001,2.6142857,3.8428571,9.257143,23.414286,0.004908532,0.009804815,-7.345365000000001e-25,1.1175871e-08,0.0,True
1991-08-19,672.87,0.3,17.457144,23.771427,11.885715,69.28571,3.0142858,2.3,3.7714286,8.6,22.6,0.00086677074,0.009156227,-7.345365000000001e-25,0.0,0.0,True
1991-08-26,672.69,7.4,17.77143,24.057144,11.114286,71.42857,2.4285715,1.7571428,3.0857143,7.928571,20.957144,8.814037e-05,0.008457251,-7.345365000000001e-25,7.450581e-09,0.0,True
1991-09-02,672.46,0.0,15.400001,22.257143,8.7,67.15714,2.4714284,1.4714286,3.1571429,7.3428574,19.3,9.208918e-06,0.0077162758,-7.345365000000001e-25,5.5879354e-09,0.0,True
1991-09-09,672.18,0.0,14.385715,22.128572,7.7571435,69.41429,2.3285716,0.9285714,2.9142857,6.742857,19.257143,4.604459e-06,0.0069303215,-7.345365000000001e-25,3.7252903e-09,0.0,True
1991-09-16,671.91,27.199999,15.5,19.914286,11.842857,80.97143,1.3571428,1.0285715,1.9142857,7.3285713,17.428572,0.0001905784,0.0062332302,-7.345365000000001e-25,7.450581e-09,0.0,True
1991-09-23,671.66,37.9,14.342857,20.542858,9.585714,80.92857,1.6142857,1.4285715,1.9857142,7.4857144,16.842857,0.00054799765,0.005664535,-7.345365000000001e-25,7.450581e-09,0.0,True
1991-09-30,671.47,45.4,11.714286,16.857143,7.785714,83.42857,1.1142857,1.0285715,1.4714286,9.028571,13.6,0.00073441863,0.005155541,-7.345365000000001e-25,3.7252903e-09,0.0,True
1991-10-07,671.33,5.8999996,10.014287,15.685715,5.6142855,82.15715,1.0285715,0.9714285,1.3857143,9.657143,12.4,0.00017522275,0.004828371,-7.345365000000001e-25,3.7252903e-09,0.0,True
1991-10-14,671.24,3.2,10.8714285,16.385714,6.371429,85.78571,0.7,0.61428577,1.0571429,9.542857,12.342857,0.00012502074,0.0045857355,-7.345365000000001e-25,5.5879354e-09,0.0,True
1991-10-21,671.15,26.4,6.085715,9.757143,4.0,86.88572,0.7142858,0.7142858,0.88571423,9.814285,8.142858,0.0003432855,0.0043888837,0.0008770852,0.0017235111,0.0052837543,True
1991-10-28,671.07,0.1,2.2571428,7.1714287,-1.6714287,85.957146,0.31428573,0.28571433,0.5714286,9.842857,3.8714285,6.656349e-05,0.0042532384,0.0018061853,0.0036202185,4.146248e-05,True
1991-11-04,670.99,18.6,4.657143,9.214286,1.3857144,88.65715,0.48571426,0.45714286,0.64285713,9.728572,4.5857143,0.00019301474,0.0041418225,8.5382235e-05,0.00025719777,1.5646219e-07,True
1991-11-11,670.93,39.399998,2.2428572,5.142857,-0.35714284,85.5,0.44285718,0.42857146,0.6857143,10.671429,3.0428572,0.00055910647,0.004057996,0.0021044584,0.005721582,0.008273989,True
1991-11-18,670.88,57.0,2.3428571,6.085715,-1.057143,87.98572,0.29999998,0.2857143,0.5714286,11.3,2.142857,0.00082912296,0.0041387454,0.007288138,0.0054879803,0.021588542,True
1991-11-25,670.93,7.6000004,1.0571429,3.042857,-0.028571436,93.51429,0.17142858,0.18571429,0.3,10.885715,1.3571428,0.00044623017,0.0047059916,0.012898377,0.0120098125,0.0020375662,True
1991-12-02,670.97,0.1,-0.7571429,5.142857,-3.7285714,89.542854,0.11428572,0.11428572,0.22857143,10.242857,0.37142858,0.00016352534,0.005551167,0.0046603,0.0069431104,9.686872e-05,True
1991-12-09,670.97,3.6,-3.5142858,-0.61428577,-6.7000003,91.042854,0.0,0.0,0.25714287,10.271428,-0.41428572,9.387732e-06,0.006165527,0.0035365252,0.00041551515,0.0026363805,True
1991-12-16,670.94,0.3,-7.8428574,-0.38571426,-12.328572,83.814285,0.014285714,0.014285714,0.15714286,10.228572,-2.8857143,3.0308962e-05,0.0064387694,0.0036970605,0.0014288183,2.5816262e-06,True
1991-12-23,671.09,119.4,3.2142856,5.6142855,0.14285715,91.08571,0.5428571,0.5428571,0.59999996,11.428572,0.67142856,0.031112865,0.013357252,0.01684983,0.037467644,0.04346479,True
1991-12-30,671.36,15.8,-1.957143,1.4857142,-4.7571435,88.78571,0.18571429,0.18571429,0.3285714,10.8714285,0.12857144,0.00026144087,0.01792264,0.024039712,0.0026073586,0.024547491,True
1992-01-06,671.5189894893066,0.6,-1.0142858,4.4428573,-5.5285716,80.75714,0.0,0.0,0.55714285,10.4,0.0,0.00023941696,0.01946184,0.028709872,0.008794857,0.00037104264,False
1992-01-13,671.565,0.3,0.7857143,5.1285715,-1.9857142,83.97143,0.2857143,0.25714287,0.47142857,10.171429,0.2,0.00034505874,0.01842732,0.019203022,0.011347642,0.0045298375,True
1992-01-20,671.48,13.0,-1.0857143,1.4714286,-3.0428574,87.25714,0.11428572,0.11428572,0.37142855,10.242857,-0.08571429,0.00010897964,0.01727032,0.015336814,0.004897684,0.011260651,True
1992-01-27,671.32,0.0,-6.8857145,-1.0714285,-10.985715,85.957146,0.014285714,0.014285714,0.2857143,10.314285,0.057142857,7.460266e-05,0.016059414,0.020372618,0.0036405474,0.00035905465,True
1992-02-03,671.19,8.9,-1.9285715,4.1857142,-6.214286,81.90001,0.34285715,0.34285715,0.4857143,10.171429,0.028571429,0.00017818063,0.0147601515,0.013086785,0.008716537,0.0048963428,True
1992-02-10,671.11,51.4,0.5714286,4.2571425,-2.6857142,89.47143,0.4857143,0.4857143,0.5285714,10.9,0.25714287,0.0015916899,0.013683751,0.028510626,0.023707237,0.029647704,True
1992-02-17,671.39,75.3,1.2714285,4.3428574,-0.9857143,89.88572,0.4714286,0.4714286,0.7,10.985714,1.0714285,0.0026602745,0.016199946,0.011963509,0.019024992,0.019657135,True
1992-02-24,671.5,0.0,-4.542857,1.8000001,-9.914286,80.64286,0.35714287,0.35714287,0.7571429,10.6,0.27142859,0.0002226606,0.02072069,0.019134624,0.009329651,0.0017014854,True
1992-03-02,671.59,2.5,2.2571428,10.642858,-2.5571427,76.48572,0.8428572,0.74285716,1.0428572,9.971429,2.7857144,0.00034940988,0.020376146,0.0035805532,0.010674799,0.00018187612,True
1992-03-09,671.55,0.1,4.571429,11.6,-0.22857144,79.5,1.0714285,0.9285714,1.2285715,9.7,5.428571,6.494671e-05,0.019035436,0.00019412949,0.0006877221,9.641051e-06,True
1992-03-16,671.5,72.2,3.6285713,7.3857145,0.9714286,80.14286,1.1714286,1.0857142,1.2571429,10.1285715,4.4857144,0.0028218925,0.018942803,0.001252935,0.0022936016,0.007062167,True
1992-03-23,671.73,71.399994,4.571429,9.1,0.9285714,83.700005,1.1,1.0714285,1.2571429,10.842857,4.857143,0.005872339,0.022140436,0.0019900345,0.008554511,0.01049301,True
1992-03-30,672.31,24.599998,0.78571427,4.1,-1.7714287,87.057144,0.7714286,0.7714286,1.1285714,11.057143,2.357143,0.00070720166,0.033378802,0.0120891845,0.020042634,0.026066143,True
1992-04-06,672.92,32.9,3.2000003,7.8714285,-0.38571432,83.3,1.0428572,1.057143,1.3857143,10.885715,4.757143,0.0018793792,0.03319315,0.006333124,0.020920604,0.0107416995,True
1992-04-13,673.19,4.7999997,6.2000003,11.585715,0.8142857,64.67143,2.0571427,1.8571428,2.357143,10.171429,7.785714,0.0001296252,0.03251256,0.0005609762,0.0024770908,1.6391277e-07,True
1992-04-20,673.3409291347369,20.8,4.3,7.9428573,1.5714285,78.67143,1.5,1.3428571,1.7142857,9.671429,7.0142856,0.0005634874,0.027498186,0.0020363955,0.0076067764,0.008041415,False
1992-04-27,673.1949999999999,24.3,11.599999,17.571428,5.414286,69.07143,2.7285714,2.385714,3.1285713,9.528571,13.257143,0.0008305758,0.02263087,7.9512596e-05,0.00056018494,0.0,True
1992-05-04,672.93,24.9,7.871429,11.442857,4.8428574,84.11428,1.3571428,1.3142859,1.7,9.957143,10.457143,0.0012258515,0.019447453,-7.345365000000001e-25,2.0489097e-08,0.0,True
1992-05-11,672.69,4.2,11.528572,15.985715,7.214286,71.87143,2.4571426,2.0428572,2.9285715,9.357142,13.985714,0.000115185976,0.017179862,-7.345365000000001e-25,0.0,0.0,True
1992-05-18,672.42,0.0,15.685715,22.77143,6.7428575,59.27143,3.7714283,2.757143,4.3714285,8.2,18.8,1.206994e-06,0.014602475,-7.345365000000001e-25,0.0,0.0,True
1992-05-25,672.16,2.0,13.957144,20.34286,6.142857,59.085716,3.4857142,1.9857142,3.8714287,7.071429,17.485714,0.00010903925,0.012003742,-7.345365000000001e-25,3.7252903e-09,0.0,True
1992-06-01,671.9,7.5,16.671429,22.5,9.0,61.357143,3.0285716,1.7714283,3.8285713,6.785714,18.914286,8.495897e-05,0.009915292,-7.345365000000001e-25,0.0,0.0,True
1992-06-08,671.6094098460899,95.100006,13.6285715,18.628572,9.271429,78.3,2.4714284,2.142857,2.9714286,8.357142,17.742857,0.0005877465,0.008338526,-7.345365000000001e-25,0.0,0.0,False
1992-06-15,671.685,12.1,14.071428,19.185715,9.185715,76.07143,2.357143,2.1285713,3.0571427,9.414286,17.2,0.00024466217,0.0072634146,-7.345365000000001e-25,3.7252903e-09,0.0,True
1992-06-22,671.39,38.0,15.114286,19.585714,10.528572,76.77143,2.5714285,2.2142856,3.042857,9.171429,18.5,0.00026513636,0.0063997284,-7.345365000000001e-25,3.7252903e-09,0.0,True
1992-06-29,671.34,72.600006,15.528572,21.114286,10.471429,71.08572,3.0714288,2.8285716,3.6142857,10.014286,19.285715,0.004469335,0.00597398,-7.345365000000001e-25,7.450581e-09,0.0,True
1992-07-06,671.38,40.4,15.757143,20.714285,11.557143,77.41429,2.5,2.2857146,3.1285713,9.742857,19.928572,0.0025315136,0.0053212494,-7.345365000000001e-25,0.0,0.0,True
1992-07-13,671.43,34.8,14.614286,19.185715,10.871429,81.1,2.2142856,2.142857,2.8428571,10.457143,18.028572,0.0010418147,0.005116105,-7.345365000000001e-25,3.7252903e-09,0.0,True
1992-07-20,671.46,7.4,19.071428,24.642857,13.071428,72.07143,3.1714287,2.6857145,4.042857,9.671429,22.27143,0.00019529462,0.005021259,-7.345365000000001e-25,1.1175871e-08,0.0,True
1992-07-27,671.46,71.899994,19.300001,24.728573,13.557143,74.85714,3.3714287,3.042857,4.0857143,9.814285,23.37143,0.00056988746,0.0048365965,-7.345365000000001e-25,1.3038516e-08,0.0,True
1992-08-03,671.44,31.5,20.628572,27.328571,14.285714,66.3,3.9,3.2,4.7428575,8.814285,24.5,2.169609e-05,0.004576832,-7.345365000000001e-25,1.3038516e-08,0.0,True
1992-08-10,671.43,7.2,20.085714,27.042858,14.071428,73.82857,3.4142857,2.585714,4.1285715,8.414286,24.685715,0.00020777434,0.004284762,-7.345365000000001e-25,1.1175871e-08,0.0,True
1992-08-17,671.39,11.1,15.757143,21.228573,10.514287,73.21429,2.642857,2.0142858,3.2571428,8.085714,19.914286,9.928644e-05,0.003995076,-7.345365000000001e-25,3.7252903e-09,0.0,True
1992-08-24,671.33,18.0,19.728573,26.2,13.985715,70.07143,3.1571426,2.2857144,3.7285714,7.614286,22.9,6.937981e-05,0.0036787167,-7.345365000000001e-25,0.0,0.0,True
1992-08-31,671.26,56.399998,18.642857,27.085714,12.8714285,68.21429,3.057143,2.457143,3.7428572,7.4714284,21.77143,0.00056909025,0.0033761114,-7.345365000000001e-25,5.5879354e-09,0.0,True
1992-09-07,671.18,24.4,10.257143,15.514287,5.514286,76.24286,1.9142857,1.8285714,2.2142856,8.728572,13.5,0.0005477518,0.0031321123,-7.345365000000001e-25,0.0,0.0,True
1992-09-14,671.12,25.7,13.857142,17.657145,10.3,84.52857,1.4285715,1.3285714,1.7571429,8.557143,16.214285,0.0002982542,0.0029745176,-7.345365000000001e-25,1.8626451e-09,0.0,True
1992-09-21,671.07,0.2,14.157143,20.685715,8.514285,80.57143,1.5571429,1.3428572,2.1285713,8.6,17.3,7.2449446e-05,0.0028459132,-7.345365000000001e-25,0.0,0.0,True
1992-09-28,671.01,14.700001,13.185715,19.528574,8.157144,81.64286,1.1571429,0.9857143,1.6428572,8.271428,15.442857,0.00010616332,0.0027333498,-7.345365000000001e-25,3.7252903e-09,0.0,True
1992-10-05,670.96,32.7,10.528571,14.085715,8.385715,89.41429,0.61428577,0.6,0.95714283,9.271428,12.471429,0.0004210323,0.0026488528,-7.345365000000001e-25,1.8626451e-09,0.0,True
1992-10-12,670.91,14.9,9.357142,12.314286,7.142857,88.25715,0.57142854,0.57142854,0.87142855,9.671429,10.842857,0.0012520775,0.002600968,-7.345365000000001e-25,1.8626451e-09,0.0,True
1992-10-19,670.87,34.7,3.2285714,6.785714,0.5571429,89.65714,0.50000006,0.48571435,0.7571429,9.928572,5.5285716,0.000245288,0.0025919527,0.0025071474,0.004465943,0.010019645,True
1992-10-26,670.85,69.700005,4.0142856,7.3714285,0.9285715,88.41429,0.7571429,0.7571429,0.67142856,11.028571,4.5285716,0.0016666204,0.0031898692,0.002999828,0.010583036,0.005738519,True
1992-11-02,671.06,65.4,4.3714285,7.428571,1.8571428,90.04286,0.42857146,0.42857146,0.55714285,11.328571,4.6571426,0.0016266555,0.0039699823,0.00032944907,0.001349315,0.0003846567,True
1992-11-09,671.19,21.7,5.2428575,9.900001,1.2142857,91.542854,0.34285715,0.34285715,0.4857143,10.8,5.9857144,0.0007745996,0.005730897,1.4776275e-05,8.322485e-05,0.0,True
1992-11-16,671.37,101.1,2.6857145,5.6714287,0.22857141,91.92857,0.37142858,0.37142858,0.45714286,11.3714285,3.4571428,0.0025732368,0.009693071,0.006437211,0.010536974,0.01636748,True
1992-11-23,671.12,78.200005,4.285714,6.457143,1.5,87.1,0.5142857,0.5142857,0.5285714,11.457143,3.6571429,0.010516282,0.028934933,0.0056371177,0.014369357,0.0074877236,True
1992-11-30,673.77,74.5,5.5,10.114286,1.4285715,88.21429,0.44285718,0.44285718,0.4857143,11.3,5.357143,0.0015082508,0.04772632,6.09273e-05,0.00021728687,0.0,True
1992-12-07,674.87,52.4,3.1857145,7.6714287,-0.9571429,85.9,0.3142857,0.3142857,0.45714286,11.414286,3.2857144,0.0012614429,0.0385959,0.004545984,0.0020287056,0.014596462,True
1992-12-14,675.03,43.0,-0.014285718,1.3714286,-1.3857144,89.042854,0.15714286,0.15714286,0.3285714,11.157143,0.45714286,0.00026638806,0.03228543,0.019946644,0.004989324,0.017311834,True
1992-12-21,674.86,1.8,-0.9571429,4.057143,-4.6285715,85.38572,0.114285715,0.114285715,0.21428572,10.4,0.12857144,0.00033208728,0.026846997,0.017360177,0.0153175555,5.2154064e-08,True
1992-12-28,674.57,0.0,-3.1000001,-0.32857147,-4.6857142,88.942856,0.042857144,0.042857144,0.24285714,10.271428,-0.34285715,7.379055e-05,0.022759423,0.007384567,0.0035923477,2.2042543e-05,True
1993-01-04,674.22,0.0,-9.042857,-5.1142855,-11.6,81.92857,0.0,0.0,0.20000002,10.266666,-3.5666666,8.352101e-06,0.019475415,0.005815296,0.00044582784,4.772097e-06,True
1993-01-11,674.11,27.7,3.4428575,6.957143,-0.95714283,75.57143,0.44285712,0.44285712,0.64285713,10.457143,-0.4,0.0006958172,0.016759194,0.0029743796,0.0047320556,0.0,True
1993-01-18,674.05,8.9,4.114286,9.685715,-0.04285717,81.38572,0.61428577,0.6285715,0.6714286,10.357142,1.7714286,0.00036132336,0.015104972,0.00021658625,0.00068402104,0.0,True
1993-01-25,673.87,18.2,5.3142858,8.657144,2.3857143,73.91429,0.88571423,0.84285706,1.0857143,10.171429,3.6285715,0.0011654794,0.013985224,0.00024926662,8.425675e-05,0.0053470507,True
1993-02-01,673.57,26.6,0.3857143,2.7142856,-1.6142857,91.28571,0.14285715,0.14285715,0.3857143,10.7,0.8142857,0.0006633997,0.013098694,0.014229502,0.016774997,0.020750314,True
1993-02-08,673.37,0.0,0.11428571,5.7428575,-4.1,80.08571,0.42857143,0.4142857,0.4857143,10.185715,0.4857143,0.00017899275,0.012766324,0.0051417463,0.0071698707,2.2348017e-05,True
1993-02-15,672.99,0.0,-0.9714286,3.8857143,-4.0285716,88.457146,0.17142858,0.12857144,0.44285712,9.971429,0.51428574,3.5390258e-05,0.012478828,0.0009756088,0.0016399659,2.0883977e-05,True
1993-02-22,672.71,36.5,-1.7857143,0.45714283,-3.4714284,88.37144,0.21428572,0.21428572,0.55714285,10.528571,0.071428575,9.88096e-05,0.012071237,0.01920854,0.003217686,0.04916823,True
1993-03-01,672.41,2.1,-6.9,-1.2428572,-11.900001,79.62858,0.10000001,0.10000001,0.59999996,10.485714,0.1,6.0006976e-05,0.0115536,0.047031067,0.003279183,0.0027200915,True
1993-03-08,672.11,18.2,-2.9,0.82857144,-5.785714,82.77143,0.2,0.2,0.6857143,10.428572,0.08571429,0.00015414506,0.010969609,0.045819078,0.0074218772,0.02236611,True
1993-03-15,671.82,0.0,0.8142857,9.857142,-6.0285716,71.52857,1.0857143,1.0,1.3714286,10.157143,1.6,0.0015131384,0.010424845,0.037591916,0.04394315,2.30968e-07,True
1993-03-22,671.67,17.4,7.8142858,14.27143,2.7857144,77.08571,1.442857,1.2714285,1.7428571,9.685715,8.414286,0.00082280487,0.01153297,0.0022481056,0.01189765,0.0,True
1993-03-29,671.58,22.3,-0.6714286,2.9428573,-3.4714284,84.41429,0.5428571,0.5285714,0.9714285,9.957143,3.5714285,0.00046649575,0.012178227,0.0056534666,0.0043131057,0.013691913,True
1993-04-05,671.55,14.3,4.3285713,10.3714285,-1.0142858,73.94286,1.3571428,1.2142857,1.7285715,9.757143,6.0285716,0.00052756816,0.012398079,0.002719266,0.0090064965,0.0016324483,True
1993-04-12,671.5406562895398,17.1,5.542857,9.385715,2.614286,82.314285,1.2857143,1.2428571,1.3571428,10.214286,7.6857142,0.00082617253,0.012972869,0.00014068966,0.0009038709,7.669069e-05,True
1993-04-19,671.46,19.6,6.7714286,11.114286,2.3142858,79.814285,1.4857142,1.4428571,1.7142857,10.328571,8.942857,0.00049009174,0.013979964,1.4816012e-06,9.551644e-06,4.827976e-06,True
1993-04-26,671.39,0.1,13.357142,21.100002,5.4857144,58.5,3.385714,2.7285714,3.7,9.314285,15.728572,1.4230609e-05,0.013741657,-7.345365000000001e-25,5.2154064e-08,0.0,True
1993-05-03,671.35,9.3,12.957144,19.242857,6.214286,71.24286,2.8714283,2.3142858,3.0285716,8.214286,16.485714,0.00024499744,0.012691312,-7.345365000000001e-25,0.0,0.0,True
1993-05-10,671.3,7.0,11.185715,15.871429,6.657143,80.71429,2.0000002,1.5857142,2.3857143,8.385715,14.1,0.00023271143,0.011600837,-7.345365000000001e-25,0.0,0.0,True
1993-05-17,671.26,38.6,12.857142,19.114286,6.828572,73.1,2.6000001,2.2,3.0285716,8.257143,16.87143,0.00023436546,0.0104285255,-7.345365000000001e-25,0.0,0.0,True
1993-05-24,671.19,29.0,13.942858,20.87143,6.6,68.25715,3.2,2.6857142,3.7857144,8.471429,18.27143,0.00051546097,0.009299889,-7.345365000000001e-25,0.0,0.0,True
1993-05-31,671.13,22.9,16.242857,22.357143,10.400001,67.88572,3.5428574,3.0857143,4.0142856,8.585714,19.914286,0.00020901859,0.008216485,-7.345365000000001e-25,0.0,0.0,True
1993-06-07,671.1,15.0,15.757143,21.4,10.042857,74.0,2.785714,2.4857142,3.6142857,9.085714,19.414286,0.00039210916,0.007309608,-7.345365000000001e-25,0.0,0.0,True
1993-06-14,671.05,25.2,15.042857,20.314285,10.271429,76.828575,2.9285715,2.6285713,3.457143,8.771428,19.542856,0.00019827485,0.006538853,-7.345365000000001e-25,3.7252903e-09,0.0,True
1993-06-21,671.02,57.0,15.257143,19.928572,10.271429,80.38572,2.9857142,2.8285716,3.2857144,9.342857,18.87143,0.0025993139,0.0059554726,-7.345365000000001e-25,7.450581e-09,0.0,True
1993-06-28,671.07,60.800003,13.985715,18.27143,10.528572,77.71429,2.3,2.3,2.6857142,10.585714,17.72857,0.0025231838,0.005890146,-7.345365000000001e-25,0.0,0.0,True
1993-07-05,671.1,56.0,17.814287,24.114286,10.485715,69.24286,3.6571429,3.2428572,4.2999997,9.5,22.028572,0.00012478232,0.0053174347,-7.345365000000001e-25,3.7252903e-09,0.0,True
1993-07-12,671.13,84.5,12.157144,17.257143,7.542857,80.77143,2.5,2.414286,2.8714287,10.528571,17.242857,0.006016284,0.0059295595,-7.345365000000001e-25,0.0,0.0,True
1993-07-19,671.46,67.5,14.785714,18.7,10.785714,84.47143,2.3,2.3285716,2.5571427,11.5,17.2,0.007728435,0.010322414,-7.345365000000001e-25,7.450581e-09,0.0,True
1993-07-26,672.05,35.5,13.514287,17.914288,10.028572,78.41429,2.5571427,2.4857142,2.8714287,10.928572,17.685715,0.0034220368,0.013959184,-7.345365000000001e-25,3.7252903e-09,0.0,True
1993-08-02,672.82,64.6,17.557142,23.17143,12.071428,74.35714,3.0857143,2.985714,3.6285713,10.814285,20.485714,0.0020143315,0.017035194,-7.345365000000001e-25,1.3038516e-08,0.0,True
1993-08-09,673.29,29.099998,17.442858,23.385715,12.114286,74.700005,2.8714283,2.7428572,3.5571427,10.5,21.214285,0.0010595322,0.016552396,-7.345365000000001e-25,7.450581e-09,0.0,True
1993-08-16,673.43,34.3,17.300001,23.27143,11.657143,75.44286,2.8714287,2.7142856,3.5285716,10.457143,20.971428,0.0030633062,0.0164043,-7.345365000000001e-25,1.4901161e-08,0.0,True
1993-08-23,673.23,21.2,18.185715,24.34286,12.385715,76.77143,2.7285714,2.357143,3.4285715,9.657143,22.285715,0.00038550794,0.014604323,-7.345365000000001e-25,1.1175871e-08,0.0,True
1993-08-30,673.04,74.399994,10.5,14.357142,7.071429,84.82857,1.2428572,1.2857144,1.6571429,11.042857,13.857142,0.0015884489,0.014245853,-7.345365000000001e-25,1.8626451e-09,0.0,True
1993-09-06,672.87,40.7,9.071428,14.0,5.228572,83.24286,1.3857144,1.4428571,1.7428571,11.242857,13.057143,0.004637398,0.01545015,-7.345365000000001e-25,0.0,0.0,True
1993-09-13,672.88,42.2,13.17143,19.814287,8.785714,83.471436,1.642857,1.642857,2.1285713,11.114285,15.357142,0.0012451261,0.018121846,-7.345365000000001e-25,1.8626451e-09,0.0,True
1993-09-20,672.75,7.8,12.1,17.871428,7.914286,79.52857,1.542857,1.5142858,2.0285714,10.714286,14.585714,6.440282e-05,0.017519057,-7.345365000000001e-25,0.0,0.0,True
1993-09-27,672.62,20.4,13.185715,18.185715,9.7,83.200005,1.2285713,1.1285714,1.6285714,10.1,15.714286,0.0003118068,0.016042463,-7.345365000000001e-25,3.7252903e-09,0.0,True
1993-10-04,672.41,26.599998,8.314286,12.685715,4.5142856,85.185715,0.7285714,0.74285716,1.1857144,10.685715,10.471429,0.0036138147,0.014718309,-7.345365000000001e-25,1.8626451e-09,0.0,True
1993-10-11,672.2,21.0,10.300001,15.7,6.057143,83.057144,0.95714283,0.9285714,1.1999999,10.585714,12.257143,0.0003683865,0.0134892985,-7.345365000000001e-25,0.0,0.0,True
1993-10-18,672.03,45.4,8.8,13.614286,6.4857144,86.0,0.8000001,0.8000001,1.1,10.6285715,10.3,0.00033385307,0.012747832,-7.345365000000001e-25,1.8626451e-09,0.0,True
1993-10-25,671.97,60.100002,3.2000003,4.585714,1.9857142,94.314285,0.21428573,0.21428573,0.45714286,11.085714,4.6714287,0.0013666674,0.012868062,0.002822666,0.008434096,0.010564674,True
1993-11-01,672.2030426150435,0.2,3.3142858,6.471429,1.1857144,89.62858,0.25714284,0.25714284,0.5285714,10.528571,4.0,5.786121e-05,0.012107827,0.0005308674,0.0023241732,0.0,True
1993-11-08,672.19,11.400001,5.071429,9.514285,1.9285715,92.78571,0.25714287,0.25714287,0.41428572,10.285714,5.8,0.00034684688,0.011947237,1.2755394e-05,5.677156e-05,0.0,True
1993-11-15,672.31,30.7,3.6000001,7.114286,1.7285715,87.957146,0.3857143,0.3857143,0.5285714,10.528571,4.1571426,0.0004912168,0.011696041,0.0009832382,0.00032777712,0.015399907,True
1993-11-22,672.1,5.8,-4.7285714,-2.7000003,-6.557143,85.77143,0.0,0.0,0.31428573,10.685715,0.4857143,1.4796853e-05,0.011477433,0.01999854,0.0007300284,0.006431248,True
1993-11-29,671.83,0.3,-6.085714,-2.3428571,-8.471429,89.685715,0.014285714,0.014285714,0.21428572,10.3,-0.37142858,7.9631805e-05,0.011202149,0.016000243,0.0039788634,0.0011419058,True
1993-12-06,671.6,2.7,-0.09999999,4.1142855,-4.1857142,88.64286,0.17142858,0.15714286,0.34285715,10.257143,-0.17142858,0.00026763976,0.010839842,0.010916693,0.010584308,0.00052712485,True
1993-12-13,671.45,60.1,3.6571429,6.7714286,0.9285714,81.314285,0.67142856,0.67142856,0.8428572,10.9,1.4714285,0.0006631911,0.010502011,0.008927958,0.013092568,0.026091874,True
1993-12-20,671.36,60.0,4.4,7.071429,1.4142857,85.457146,0.7285715,0.7285715,0.7,11.114285,3.0142858,0.0027192459,0.013861723,0.016545262,0.031583726,0.01222593,True
1993-12-27,671.68,44.0,-0.18571427,2.6714287,-2.1571429,85.52857,0.42857146,0.42857146,0.64285713,11.171429,1.6285714,0.00083328784,0.019339085,0.015880665,0.0015496239,0.031251427,True
1994-01-03,672.32,70.4,1.1857141,4.7428575,-3.2714286,89.01429,0.39999998,0.39999998,0.45714286,10.575,1.1,0.0016074181,0.021366283,0.029189304,0.021812074,0.017100748,True
1994-01-10,672.99,10.6,2.2285714,5.5142856,0.042857137,89.40001,0.32857138,0.32857138,0.4,10.714286,2.3428571,0.0012223572,0.027448721,0.019495226,0.016776823,0.0018180981,True
1994-01-17,673.46,34.6,1.9142858,4.6571426,-0.84285724,87.72858,0.2857143,0.29999998,0.45714286,10.528571,2.057143,0.0010856241,0.030347295,0.007977168,0.010607367,0.008678693,True
1994-01-24,673.44,38.0,-4.471429,0.29999998,-9.228571,88.57143,0.114285715,0.114285715,0.27142859,10.457143,-0.24285714,0.0014210045,0.03032507,0.008347909,0.006796565,0.000563629,True
1994-01-31,673.55,34.899998,1.6857144,5.2999997,-0.94285715,81.58572,0.7571429,0.7571429,0.7714286,11.185715,1.4428571,0.0014003813,0.0330707,0.0127372965,0.007949,0.024977837,True
1994-02-07,673.82,17.3,2.3142858,6.7714286,-1.0571429,81.5,0.4,0.4,0.67142856,10.385715,2.057143,0.0004569441,0.03208738,0.011284624,0.015107162,0.0011256933,True
1994-02-14,673.73,26.1,-3.2000003,-0.45714286,-5.471429,87.61428,0.15714286,0.17142858,0.42857143,10.7,0.4857143,9.851903e-05,0.02813366,0.019531181,0.002558224,0.022692673,True
1994-02-21,673.47,8.2,-5.3428574,-0.17142855,-10.7,86.68572,0.08571429,0.08571429,0.44285712,10.385715,0.12857144,0.00014013052,0.023917034,0.021555759,0.006953297,0.0048950836,True
1994-02-28,673.18,12.1,3.5142858,8.714286,-0.41428572,82.471436,0.75714284,0.75714284,0.90000004,10.314285,2.9142857,0.00061184913,0.020255297,0.009865908,0.02004539,0.00048644096,True
1994-03-07,672.98,36.7,4.928571,9.542857,1.1999999,79.88572,1.0714285,1.0714285,1.0571429,10.528571,5.742857,0.0009670332,0.018006362,0.00064558076,0.0024793576,0.0010425374,True
1994-03-14,672.95,14.5,8.028571,13.099999,4.0857143,81.700005,1.2428571,1.2428571,1.4714286,10.142858,8.5,0.00027628243,0.016807199,1.9442468e-05,0.00015658699,0.0,True
1994-03-21,673.0,54.5,5.142857,8.0,3.1714287,80.98572,1.4,1.3571428,1.4285715,10.257143,5.5142856,0.001287438,0.016406603,0.001794588,0.005934106,0.006398406,True
1994-03-28,673.08,34.7,8.5,13.428572,3.9428573,71.91429,1.8857144,1.8142856,2.1,10.385715,9.228572,0.0010092705,0.016104028,9.348279e-05,0.00052951835,0.00019785017,True
1994-04-04,673.2054281268962,29.7,5.785714,11.714286,1.6142858,84.04286,1.4571428,1.3714286,1.5857143,10.3,8.285714,0.00043605268,0.01615563,0.0013794161,0.0034904387,0.006795205,False
1994-04-11,673.315,32.8,2.114286,6.3285713,-0.74285716,80.828575,1.1571429,1.1428572,1.4571428,10.442857,5.1285715,0.0004531592,0.015651152,0.0042653596,0.009780593,0.011737082,True
1994-04-18,674.25,116.4,3.857143,5.7142863,1.3714286,91.54286,0.77142847,0.77142847,0.91428566,11.3,4.8142858,0.0035068095,0.025037214,0.018513843,0.046872627,0.043123703,True
1994-04-25,675.05,32.9,9.057143,14.557143,2.9428573,78.02857,1.8285714,1.7428571,2.3,10.3,11.342857,0.0013318807,0.039955422,0.00040627093,0.0021476224,1.4901161e-07,True
1994-05-02,675.11,8.6,10.742857,16.957144,4.557143,73.72858,2.5714285,2.3285713,2.857143,10.057143,14.714286,0.0009927899,0.0353257,2.1003541e-07,1.553446e-06,0.0,True
1994-05-09,674.89,19.7,10.071428,15.6285715,4.3142858,78.14286,2.3,2.0428572,2.457143,9.542857,13.485714,0.00045260787,0.027223714,-7.345365000000001e-25,0.0,0.0,True
1994-05-16,674.6,4.5,13.5,19.557142,6.857143,71.700005,2.7,2.4142857,3.3714287,9.257143,16.3,0.00017814338,0.021378964,-7.345365000000001e-25,0.0,0.0,True
1994-05-23,674.27,109.1,12.271429,15.971429,8.785715,87.40001,1.8000001,1.8142856,1.942857,10.042857,15.342857,0.007784687,0.022015966,-7.345365000000001e-25,3.7252903e-09,0.0,True
1994-05-30,674.24,76.299995,11.314286,16.014286,7.857143,86.814285,2.1714284,2.1285713,2.3,10.642858,15.671429,0.0014925599,0.016847834,-7.345365000000001e-25,0.0,0.0,True
1994-06-06,674.62,33.0,12.585715,18.128572,7.2000003,75.37142,2.8571432,2.7571433,3.1571429,10.357142,16.12857,0.0011760294,0.01653602,-7.345365000000001e-25,3.7252903e-09,0.0,True
1994-06-13,674.9,50.6,11.2,16.37143,6.8714285,80.71429,2.2142856,2.1285713,2.7285714,10.614285,14.671429,0.002458945,0.017335534,-7.345365000000001e-25,0.0,0.0,True
1994-06-20,674.98,17.1,15.928572,20.957144,10.328572,70.457146,3.2,2.742857,3.9285715,9.657143,19.071428,0.00041259825,0.017302543,-7.345365000000001e-25,0.0,0.0,True
1994-06-27,674.86,5.7,20.028574,25.814287,13.414286,70.75715,3.8,3.0714285,4.7428575,8.971429,23.314285,0.002319187,0.015727937,-7.345365000000001e-25,7.450581e-09,0.0,True
1994-07-04,674.65,89.4,20.957144,27.87143,14.1285715,72.74286,4.1,3.1857142,5.042857,8.328571,25.571428,0.00376039,0.014172703,-7.345365000000001e-25,1.1175871e-08,0.0,True
1994-07-11,674.88,50.2,16.97143,21.214285,12.828572,76.0,3.142857,2.9714286,3.5857143,9.8,21.1,0.0011680126,0.0125052035,-7.345365000000001e-25,1.1175871e-08,0.0,True
1994-07-18,675.05,18.7,19.685715,25.84286,13.471429,73.17143,3.4857142,2.957143,4.1857142,8.985714,24.042856,0.00016824901,0.011237428,-7.345365000000001e-25,1.1175871e-08,0.0,True
1994-07-25,674.79,18.4,18.97143,25.014286,13.385715,76.07143,3.1285713,2.742857,3.9428573,9.514286,23.028572,0.0014602989,0.010053843,-7.345365000000001e-25,7.450581e-09,0.0,True
1994-08-01,674.42,17.2,20.757143,27.857143,14.757143,73.8,3.4714284,3.0714288,4.4,8.9,25.12857,0.0006110519,0.008925363,-7.345365000000001e-25,1.1175871e-08,0.0,True
1994-08-08,674.0,9.1,21.071428,28.585714,14.271429,71.97143,3.757143,2.8857143,4.542857,8.485714,25.6,9.779632e-05,0.007855527,-7.345365000000001e-25,1.1175871e-08,0.0,True
1994-08-15,673.6,24.0,16.457144,22.34286,11.885715,77.57143,2.7571428,2.4,3.3857143,8.6,20.77143,0.0037693977,0.0069070905,-7.345365000000001e-25,3.7252903e-09,0.0,True
1994-08-22,673.19,50.800003,16.571428,22.27143,11.385714,79.0,2.6285713,2.3714287,3.0,8.957143,19.614286,0.00084385276,0.006208837,-7.345365000000001e-25,9.313226e-09,0.0,True
1994-08-29,672.82,41.5,15.771429,20.77143,12.057143,83.828575,2.1857142,1.9571428,2.6000001,9.842857,19.9,0.001417622,0.00623852,-7.345365000000001e-25,3.7252903e-09,0.0,True
1994-09-05,672.47,37.600002,14.271429,19.742859,9.285714,86.37144,1.6999999,1.5714287,2.1571429,9.942857,18.214285,0.0010480583,0.00548023,-7.345365000000001e-25,5.5879354e-09,0.0,True
1994-09-12,672.17,66.4,14.042857,19.34286,10.1285715,84.08572,1.8285713,1.8,2.1714284,10.385715,16.814285,0.0022786558,0.0052975193,-7.345365000000001e-25,5.5879354e-09,0.0,True
1994-09-19,671.98,36.399998,8.828572,12.2,6.4857144,86.1,1.0571429,1.0428572,1.3000001,10.942857,11.7,0.002332911,0.0056185722,-7.345365000000001e-25,-1.8626451e-09,0.0,True
1994-09-26,671.88,14.7,13.800001,19.757143,7.857143,85.02857,1.1571428,1.1142857,1.7285713,10.1,14.757143,0.00091822445,0.006058313,-7.345365000000001e-25,5.5879354e-09,0.0,True
1994-10-03,671.78,21.0,12.971429,17.714285,9.6285715,91.27143,0.84285706,0.82857144,1.2428571,10.3,14.857142,0.00032150745,0.0064088553,-7.345365000000001e-25,7.450581e-09,0.0,True
1994-10-10,671.67,5.7000003,3.857143,10.085714,-0.24285717,78.15715,0.75714284,0.7428571,1.0857143,10.528571,7.0857143,0.00018666685,0.0067799017,0.0001303355,0.0003765151,0.0004801564,True
1994-10-17,671.56,0.1,8.142858,17.0,1.8857144,83.48572,0.90000004,0.7714285,1.0714285,9.8714285,10.528571,3.0472875e-06,0.0069309548,1.6604152e-05,0.000103030354,0.0,True
1994-10-24,671.47,9.3,6.371429,13.042857,2.1571429,87.37144,0.68571424,0.6,0.85714287,9.6285715,8.828571,8.08388e-05,0.006811537,-7.345365000000001e-25,6.146729e-08,0.0,True
1994-10-31,671.39,34.9,7.085715,11.185715,3.1142857,83.85714,0.8142857,0.8142857,1.0571429,10.428572,7.714286,0.00024846196,0.0066494644,-7.345365000000001e-25,1.8626451e-09,0.0,True
1994-11-07,671.31,8.4,7.914286,13.642858,3.642857,90.57143,0.45714283,0.44285712,0.61428577,10.114285,8.542857,8.72463e-05,0.0064720884,-7.345365000000001e-25,0.0,0.0,True
1994-11-14,671.24,55.899998,5.5285716,8.271429,2.4714284,94.07143,0.31428573,0.3,0.45714286,10.814285,6.9857144,0.0006223768,0.006315477,1.4038313e-05,5.9161335e-05,6.213412e-05,True
1994-11-21,671.22,50.0,6.6,10.228571,3.8428571,90.44286,0.4857143,0.4857143,0.62857145,10.728572,7.042857,0.0011230633,0.0068576112,2.3007393e-05,0.0001333002,0.00012963265,True
1994-11-28,671.28,3.5,5.3,8.585714,2.4428573,91.92857,0.22857144,0.22857144,0.35714287,10.342857,6.571429,0.00017598271,0.008044884,1.9243785e-06,6.3385814e-06,0.0,True
1994-12-05,671.37,23.0,2.3428571,5.914286,-0.88571435,91.1,0.20000002,0.20000002,0.37142855,10.3714285,2.9714286,0.00019709766,0.008945115,5.9491113e-06,1.3636425e-05,1.50464475e-05,True
1994-12-12,671.45,34.7,4.7285714,7.6857147,1.8714286,89.457146,0.41428572,0.41428572,0.51428574,11.028571,4.385714,0.0018505156,0.010069087,7.8905197e-07,2.2873282e-06,0.0,True
1994-12-19,671.49,18.7,0.3857143,3.6285713,-2.4857142,91.44286,0.15714288,0.15714288,0.25714287,10.542857,1.6428572,0.0002322644,0.011528999,0.001844531,0.0013919882,0.0044107214,True
1994-12-26,671.3784618140711,20.1,-2.642857,-1.2714287,-3.714286,90.52857,0.014285714,0.014285714,0.31428573,10.671429,0.31428573,7.1793795e-05,0.012474567,0.01530268,0.00086402334,0.015802033,False
1995-01-02,671.56,91.8,2.1714287,4.8428574,-0.41428572,90.04286,0.58000004,0.58000004,0.5428571,10.9,2.66,0.0021990538,0.015438728,0.009472336,0.016939782,0.025820218,True
1995-01-09,671.88,19.9,-7.914286,-4.1428576,-13.071428,89.27143,0.0,0.0,0.15714286,10.714286,0.35714287,0.0,0.017921872,0.030193778,0.0,0.008091953,True
1995-01-16,672.25,36.9,-5.0285716,-1.0428572,-8.914286,90.18572,0.114285715,0.114285715,0.3,11.085714,0.22857143,3.7059188e-05,0.017610885,0.07697134,0.0003200285,0.053840764,True
1995-01-23,672.19,35.699997,-0.7714286,4.457143,-6.8285713,88.02857,0.5,0.5142857,0.59999996,10.457143,0.8428571,0.0014263317,0.01650533,0.08911981,0.019150633,0.010244973,True
1995-01-30,672.8,59.2,3.2285714,5.9428573,-0.5285714,83.35714,0.90000004,0.90000004,0.90000004,11.071428,2.6571429,0.005485952,0.02149883,0.06929513,0.044817198,0.018810626,True
1995-02-06,674.02,4.5,1.957143,5.8285713,-1.9142857,87.41429,0.4,0.4,0.62857145,10.5,1.9285715,0.0011498034,0.030646354,0.046571452,0.030292317,0.00025862828,True
1995-02-13,674.36,35.9,4.7714286,9.814286,1.1,82.40001,0.9142857,0.88571435,0.9857143,10.385715,4.9142857,0.0021608174,0.049716257,0.009430874,0.0260975,0.00039975718,True
1995-02-20,674.3,51.6,3.5142858,7.2000003,3.40598e-08,82.17143,0.84285724,0.82857144,1.0571429,10.828571,3.7714286,0.00080116093,0.04350862,0.0036301273,0.007626407,0.010155279,True
1995-02-27,674.28,45.5,1.6714287,5.5285716,-1.1999999,87.41429,0.6571428,0.64285713,0.7571429,10.757143,2.6,0.0011523142,0.033595465,0.0064840713,0.009801479,0.018806674,True
1995-03-06,674.53,21.900002,0.5857143,5.8142858,-4.0285716,79.25714,0.8285714,0.8142857,1.0571429,10.528571,2.0,0.000353083,0.027908698,0.009988518,0.0119007025,0.015230592,True
1995-03-13,674.56,0.3,0.7571429,7.471429,-5.2000003,74.77143,1.1714286,1.0571429,1.2428571,10.157143,3.1,0.00032149255,0.023856007,0.009656679,0.014193265,0.001640223,True
1995-03-20,674.34,66.399994,2.2,5.585715,-0.6857143,83.67143,0.95714283,0.94285715,1.1285714,10.442857,3.642857,0.0021701679,0.021069497,0.0053251074,0.0067093316,0.026932456,True
1995-03-27,674.25,41.2,2.8714287,7.9857144,-1.2428571,79.314285,1.2571429,1.2142857,1.5142858,10.857142,4.2,0.0016074032,0.019501098,0.017121598,0.031617716,0.018268079,True
1995-04-03,674.5,53.4,0.8714286,5.428571,-4.7571425,80.37144,1.0142857,1.0142857,1.4571428,11.057143,3.5285714,0.0024569929,0.022580154,0.021843564,0.03482922,0.034595508,True
1995-04-10,675.13,4.3,7.214286,12.257143,2.3857143,72.71429,1.7428571,1.557143,2.0142858,9.8714285,9.557143,0.00047664344,0.031112738,0.0016380945,0.008462625,0.0032404363,True
1995-04-17,675.2063704413074,21.0,3.5714285,6.471429,1.1857144,84.457146,1.0142858,0.9571429,1.2285715,9.928572,5.9,0.00052399933,0.029076166,0.0014132885,0.0052855443,0.006113559,True
1995-04-24,675.125,7.3999996,9.6285715,16.485714,3.5285716,74.67143,2.2142856,1.9285715,2.4428573,9.742857,10.742857,0.00028656423,0.025108658,0.0005455698,0.0037953965,0.0008025095,True
1995-05-01,674.75,87.9,9.228572,13.300001,5.828572,86.84286,1.4428571,1.4428571,1.8285713,10.457143,11.971429,0.0035553575,0.023508713,3.5195123e-07,3.1329691e-06,0.0,True
1995-05-08,674.64,18.4,13.042857,20.557144,4.414286,62.785713,3.4714284,2.9285715,3.7714286,9.471429,16.828571,2.6419759e-05,0.019978188,-7.345365000000001e-25,0.0,0.0,True
1995-05-15,674.49,68.9,7.585715,11.857142,3.6285717,81.442856,1.6714286,1.6428572,1.8571428,10.1,11.7,0.005205378,0.018583447,0.001183453,0.0050248615,0.0069434755,True
1995-05-22,674.4,20.0,8.657143,12.985715,4.4857144,79.35714,1.9000002,1.8428571,2.2857144,10.8,12.057143,0.0006625578,0.016103014,0.0002532062,0.0020237304,2.7215108e-05,True
1995-05-29,674.33,33.9,15.257143,21.585714,8.142858,70.57143,3.1571426,2.8285713,3.6571429,9.957143,18.757143,0.0053254664,0.015512176,2.78155e-07,2.592802e-06,0.0,True
1995-06-05,673.5354007373843,111.0,10.985715,14.514287,8.400001,88.14286,1.4285715,1.4571428,1.8857143,11.357142,14.757143,0.02601032,0.044192716,-7.345365000000001e-25,0.0,0.0,True
1995-06-12,674.85,95.200005,10.0,13.585715,6.9000006,87.91429,1.4285715,1.4285715,1.9571428,11.3714285,13.771428,0.0032750815,0.04407064,-7.345365000000001e-25,0.0,0.0,True
1995-06-19,676.09,48.100002,12.457144,17.0,8.485715,79.41429,2.2428572,2.2142856,2.7857144,11.085714,15.185715,0.001627788,0.039831586,-7.345365000000001e-25,0.0,0.0,True
1995-06-26,676.3,33.8,14.028572,18.385714,9.528572,79.68572,2.3999999,2.2285714,2.9714284,10.242857,17.671429,0.0014975369,0.033236668,-7.345365000000001e-25,7.450581e-09,0.0,True
1995-07-03,676.17,23.6,18.428572,24.5,11.828572,67.042854,4.042857,3.4142857,4.528571,9.342857,22.2,0.0001244098,0.026211455,-7.345365000000001e-25,7.450581e-09,0.0,True
1995-07-10,675.92,0.1,18.34286,24.542858,11.971429,70.3,3.6,2.9428573,4.2714286,9.057143,22.928572,2.4452806e-05,0.019828409,-7.345365000000001e-25,1.1175871e-08,0.0,True
1995-07-17,675.64,31.300001,18.914286,24.77143,13.357142,74.25715,3.3428571,3.1,4.2714286,8.971429,23.528572,0.00016984344,0.015058227,-7.345365000000001e-25,1.1175871e-08,0.0,True
1995-07-24,675.2,13.5,20.0,25.485716,14.514285,72.77143,3.2714286,2.7285714,4.071429,8.7,23.557142,0.0011490881,0.011796489,-7.345365000000001e-25,1.8626451e-08,0.0,True
1995-07-31,674.9,26.6,19.485716,25.485716,13.757143,76.057144,3.4142857,2.7857144,4.1285715,8.528571,23.12857,0.0008056462,0.009501666,-7.345365000000001e-25,7.450581e-09,0.0,True
1995-08-07,674.43,29.1,18.4,26.114286,11.185715,68.1,3.4285715,2.3714287,4.214286,7.7,24.114286,3.8340688e-05,0.007867865,-7.345365000000001e-25,1.1175871e-08,0.0,True
1995-08-14,674.0,71.1,17.000002,21.457142,13.471429,85.557144,2.0142858,1.8714286,2.5285714,8.514286,20.171429,0.00065127015,0.0067251623,-7.345365000000001e-25,7.450581e-09,0.0,True
1995-08-21,673.6,12.9,15.957144,21.285715,11.028571,81.52857,2.1142857,1.8571428,2.8,8.6,19.442858,0.0007952601,0.0059247985,-7.345365000000001e-25,5.5879354e-09,0.0,True
1995-08-28,673.18,96.7,15.285714,19.814287,12.828572,85.5,2.0571427,1.9285715,2.4142857,9.328571,18.4,0.009218246,0.0060803145,-7.345365000000001e-25,1.1175871e-08,0.0,True
1995-09-04,672.95,55.5,8.771429,12.057143,6.514286,87.42857,1.2142857,1.2571429,1.5142858,11.085714,11.4,0.0032902956,0.0070853755,-7.345365000000001e-25,0.0,0.0,True
1995-09-11,672.83,9.6,11.957144,18.914288,6.1,79.38572,1.6285714,1.6,2.2142856,10.1285715,14.442857,0.0004542172,0.007018402,-7.345365000000001e-25,0.0,0.0,True
1995-09-18,672.64,26.300001,12.314286,16.97143,7.9,87.1,1.1857144,1.1428572,1.6714286,10.271428,14.885715,0.00026203692,0.0073821843,-7.345365000000001e-25,1.8626451e-09,0.0,True
1995-09-25,672.42,31.6,9.385715,13.957144,5.7000003,88.828575,0.90000004,0.8714286,1.2857143,10.185715,12.571428,0.0010880828,0.008018337,-7.345365000000001e-25,0.0,0.0,True
1995-10-02,672.25,34.6,8.228572,12.842857,4.1714287,83.88572,0.95714283,0.9428572,1.4,10.414286,10.285714,0.0012801737,0.008724205,9.678659e-06,4.8985705e-05,4.6718866e-05,True
1995-10-09,672.11,0.70000005,13.7,20.757143,8.785714,85.07143,1.1142857,1.0142857,1.5571429,9.957143,15.414286,7.776916e-05,0.009620354,1.4759246e-07,1.3764948e-06,0.0,True
1995-10-16,672.0,0.2,12.5,18.071428,8.614286,89.957146,0.71428573,0.61428577,1.1571429,9.571428,14.8714285,2.413988e-06,0.009677716,-7.345365000000001e-25,5.5879354e-09,0.0,True
1995-10-23,671.87,0.8,8.6,14.857142,4.542857,86.87142,0.6,0.51428574,0.95714283,9.314285,11.428572,1.257658e-05,0.0093741715,-7.345365000000001e-25,1.8626451e-09,0.0,True
1995-10-30,671.71,12.0,9.7,16.071428,4.6,85.200005,0.7285714,0.64285713,0.90000004,9.171429,11.114285,6.765127e-05,0.008949719,-7.345365000000001e-25,1.8626451e-09,0.0,True
1995-11-06,671.54,38.8,1.8428572,5.142857,-0.8857144,89.57143,0.3,0.3,0.55714285,10.728572,5.1,0.0010744855,0.00851734,0.0045859814,0.0017169155,0.012764793,True
1995-11-13,671.4,4.2,3.3428574,10.0,-1.4428571,87.12858,0.34285715,0.3285714,0.4857143,10.3,3.2285714,0.00021715462,0.008263186,0.005416297,0.010257592,0.00033787638,True
1995-11-20,671.91,103.0,2.1714284,5.514286,-1.2,92.67143,0.21428573,0.21428573,0.4,11.242857,4.0285716,0.0019560903,0.008693308,0.006914667,0.0007291697,0.026272807,True
1995-11-27,672.99,0.1,-1.4142858,5.7428575,-5.7714286,89.34286,0.14285715,0.14285715,0.22857143,10.528571,0.95714283,0.0003864169,0.008894831,0.018267887,0.016013486,2.1979213e-07,True
1995-12-04,672.77,16.2,0.11428572,2.5,-2.0857143,93.114296,0.08571429,0.10000001,0.2857143,10.4,1.2,0.00046163797,0.00982219,0.0117883,0.008077117,0.0091307685,True
1995-12-11,672.4,0.3,-3.8857143,0.18571427,-6.6857147,89.700005,0.028571429,0.028571429,0.2,10.3,-0.31428573,8.435547e-05,0.010942809,0.010270772,0.0036314838,0.001181975,True
1995-12-18,672.06,17.7,-3.4714286,-0.7999999,-6.071429,91.34286,0.014285714,0.014285714,0.25714287,10.442857,-0.14285715,0.00020372123,0.011120573,0.015305565,0.0046417788,0.014796179,True
1995-12-25,671.82,145.3,3.9428573,6.1142855,1.5,93.52857,0.3285714,0.3285714,0.4,11.357142,1.5857143,0.0063653886,0.017867565,0.009875133,0.021354858,0.0036706962,True
1996-01-01,674.2235876041865,16.5,-4.7571435,-1.7571429,-8.014286,92.37144,0.0,0.0,0.18571429,11.216666,0.5,8.571148e-05,0.033101812,0.016178386,0.0030885302,0.017363455,True
1996-01-08,675.315,8.0,-2.4,1.1571429,-5.514286,94.114296,0.042857144,0.057142857,0.21428572,10.328571,0.24285714,0.00022927672,0.029924229,0.013080313,0.006830387,0.00062973425,True
1996-01-15,674.66,0.2,0.2571428,4.8142858,-2.142857,91.5,0.15714286,0.15714286,0.25714287,10.3,0.4857143,0.00014132261,0.024812698,0.00530961,0.0068526138,4.015863e-06,True
1996-01-22,673.97,0.2,-3.9857144,0.24285714,-7.357143,92.02857,0.028571429,0.028571429,0.27142859,10.2,-0.4857143,1.8626451e-05,0.020734847,0.0018654665,0.0009921882,1.3273209e-05,True
1996-01-29,673.29,0.0,-3.2285714,-0.9142857,-5.928571,90.35714,0.014285714,0.014285714,0.35714287,10.157143,-1.5571429,1.1891127e-05,0.017528906,0.001289731,0.00041233003,0.000117819756,True
1996-02-05,672.73,4.6,-3.8285716,0.91428566,-7.0285716,85.200005,0.12857144,0.114285715,0.44285718,10.1285715,-1.1428572,2.0310283e-05,0.014979824,0.00192544,0.0004342366,0.0033874884,True
1996-02-12,672.24,21.900002,-3.7285714,0.47142857,-8.714286,86.94286,0.15714286,0.17142858,0.45714286,10.2,-1.5,4.734099e-05,0.012957193,0.0064754714,0.0024577286,0.008227259,True
1996-02-19,671.85,60.0,-0.9142857,1.4714286,-3.0285716,90.84286,0.31428573,0.34285715,0.5428571,10.8,0.042857144,6.3829124e-05,0.011344492,0.03519539,0.0011673309,0.046481777,True
1996-02-26,671.56,5.7000003,-4.7714286,1.4857142,-9.542857,78.37144,0.2857143,0.2857143,0.7285715,10.457143,0.042857144,0.00010614097,0.01005546,0.05506696,0.006721314,0.0045183524,True
1996-03-04,671.35,1.1,-3.757143,2.9714286,-8.828572,80.057144,0.4142857,0.42857137,0.85714287,10.057143,0.37142858,0.0002514422,0.009042732,0.040264685,0.014709173,0.008105777,True
1996-03-11,671.22,0.4,-1.9,3.7142856,-7.7999997,74.52857,0.5285714,0.5142857,1.0428572,9.885715,0.55714285,0.00029525906,0.0083107725,0.033152796,0.016238216,0.001256071,True
1996-03-18,671.11,0.1,-1.3000001,4.5142856,-6.9428573,81.47143,0.5,0.44285718,0.95714283,9.742857,1.1714286,0.00043120235,0.007776715,0.015142174,0.019851046,0.0016357452,True
1996-03-25,671.21,40.8,5.285714,11.357142,0.94285715,84.34286,1.1428573,1.0857142,1.3714286,9.928572,5.8,0.0007392466,0.00759539,0.0011411735,0.0038878564,8.614361e-05,True
1996-04-01,671.31,25.1,1.1428572,5.5285716,-2.3857143,81.97143,0.8142857,0.8285714,1.1857144,10.485714,4.385714,0.0005905628,0.007358268,0.005271554,0.005127916,0.015507471,True
1996-04-08,671.4379527869761,10.5,2.6000001,7.7999997,-2.257143,80.35714,0.9714286,0.9285714,1.5,10.257143,4.5142856,0.0004965216,0.0075496063,0.010433259,0.01725083,0.009893797,True
1996-04-15,671.425,40.9,4.4,9.0,0.8428572,83.042854,1.2,1.1428571,1.5142858,10.1285715,7.7285714,0.0012101084,0.007975228,0.0021965674,0.0062019024,0.008114733,True
1996-04-22,671.45,0.1,10.642858,19.37143,1.1142857,58.114285,3.142857,2.4714286,3.3285713,9.357142,13.3,7.63759e-05,0.009075798,0.00054113637,0.0028343927,-3.7252903e-09,True
1996-04-29,671.45,12.7,11.457144,16.5,6.957143,78.32857,2.0714285,1.6999998,2.3285713,8.528571,14.285714,0.00023744255,0.008918278,1.1353266e-07,1.1399388e-06,0.0,True
1996-05-06,671.41,5.5,9.800001,14.599999,4.871429,78.0,1.9857143,1.7285715,2.3857143,9.142858,13.042857,0.00028388202,0.008554988,-7.345365000000001e-25,0.0,0.0,True
1996-05-13,671.34,37.8,9.657144,13.014287,6.214286,85.9,1.3285713,1.2428571,1.7285715,9.414286,12.157143,0.0021177381,0.008754119,-7.345365000000001e-25,0.0,0.0,True
1996-05-20,671.26,25.6,12.357142,16.914286,8.171429,84.68572,1.8142856,1.7857144,2.3142858,10.685715,14.928572,0.0006599575,0.0079188645,-7.345365000000001e-25,0.0,0.0,True
1996-05-27,670.8893607799213,64.2,11.442857,16.37143,7.0,80.971436,2.4285715,2.414286,2.5857143,10.914286,14.671429,0.0039325133,0.008104473,-7.345365000000001e-25,3.7252903e-09,0.0,True
1996-06-03,671.235,5.5,14.0,19.614286,7.8142858,72.24286,2.9571426,2.7285712,3.3428571,10.485714,17.742857,0.00089915097,0.0107821,-7.345365000000001e-25,0.0,0.0,True
1996-06-10,671.25,4.0,19.114286,25.728573,12.1285715,71.700005,3.7285714,3.1285713,4.4,9.442857,22.457144,0.00018316507,0.010503821,-7.345365000000001e-25,1.1175871e-08,0.0,True
1996-06-17,671.22,3.2,17.128572,23.5,10.185715,63.67143,3.985714,2.9714286,4.5,8.971429,22.542856,0.0007262379,0.009813495,-7.345365000000001e-25,0.0,0.0,True
1996-06-24,671.16,49.4,13.17143,17.671429,8.814286,79.34286,2.5285714,2.0142856,2.9285715,9.028571,17.471428,0.0033169985,0.009515211,-7.345365000000001e-25,0.0,0.0,True
1996-07-01,671.11,20.0,13.542857,17.657145,8.685715,77.314285,2.5714285,2.4428573,2.9714284,9.757143,16.914286,0.00054097176,0.008655466,-7.345365000000001e-25,0.0,0.0,True
1996-07-08,671.05,78.5,13.328572,18.185715,9.014286,82.27143,2.3285716,2.2714286,2.642857,10.3714285,16.77143,0.0071579367,0.0131708905,-7.345365000000001e-25,3.7252903e-09,0.0,True
1996-07-15,671.16,26.900002,15.385715,20.714285,9.957144,77.34286,2.7857144,2.5285716,3.5,10.9,18.857143,0.0028571486,0.020697482,-7.345365000000001e-25,0.0,0.0,True
1996-07-22,671.16,0.0,14.742858,20.957144,7.614286,63.985714,3.4571426,2.642857,3.9571426,8.985714,20.9,4.976988e-06,0.019806862,-7.345365000000001e-25,0.0,0.0,True
1996-07-29,671.14,28.5,18.071428,24.442858,11.957144,72.1,3.4714284,2.857143,4.142857,8.242857,21.785715,0.00012414157,0.01643639,-7.345365000000001e-25,7.450581e-09,0.0,True
1996-08-05,671.1,47.8,16.2,22.071428,11.400001,80.40001,2.7285714,2.414286,3.357143,9.157143,20.585714,0.00040733814,0.013531394,-7.345365000000001e-25,1.8626451e-09,0.0,True
1996-08-12,671.05,37.1,16.614286,21.800001,12.528571,83.17143,2.2857141,2.1714284,2.8999999,10.1,20.385714,0.0010306984,0.011331014,-7.345365000000001e-25,3.7252903e-09,0.0,True
1996-08-19,670.98,9.6,15.257143,20.77143,10.17143,80.68572,2.2142856,2.0714285,2.9285715,10.671429,18.27143,0.0002309084,0.00985802,-7.345365000000001e-25,3.7252903e-09,0.0,True
1996-08-26,670.98,30.1,15.771429,20.914288,11.842857,83.87144,1.8857144,1.8285714,2.542857,10.285714,19.6,0.0018980503,0.008771598,-7.345365000000001e-25,0.0,0.0,True
1996-09-02,670.97,49.4,12.157143,15.971429,8.585714,83.35714,1.4142858,1.4142858,1.9571428,10.785714,15.342857,0.0038173273,0.008617938,-7.345365000000001e-25,1.8626451e-09,0.0,True
1996-09-09,670.98,1.3,9.771429,14.985715,5.4428573,81.25714,1.2571429,1.1571429,1.9571428,10.2,13.285714,8.1680715e-05,0.0077185705,4.9386705e-07,3.0733645e-06,3.3527613e-06,True
1996-09-16,670.98,44.1,8.342857,13.285714,4.3,84.814285,1.2142857,1.1428572,1.6428572,10.457143,11.757143,0.0014220774,0.0078449175,1.291434e-05,8.920953e-05,9.148568e-05,True
1996-09-23,670.97,18.3,8.928572,12.414286,4.6571426,88.65715,0.7714285,0.7714285,1.2285715,10.342857,10.9,0.00022154301,0.007259436,7.720221e-07,5.317852e-06,0.0,True
1996-09-30,670.96,2.9,8.842857,15.085715,3.757143,82.38572,0.9714286,0.9714285,1.4857142,10.4,10.771428,0.0002567172,0.0072053075,-7.345365000000001e-25,7.450581e-09,0.0,True
1996-10-07,670.94,19.3,7.928571,12.6,4.3285713,85.314285,0.8,0.78571427,1.2142857,10.428572,10.285714,0.00043673813,0.007148877,-7.345365000000001e-25,1.8626451e-09,0.0,True
1996-10-14,670.91,6.5,9.1,14.300001,5.6,85.1,0.6571428,0.62857145,1.0428572,10.228572,10.6285715,3.3155084e-05,0.007209681,-7.345365000000001e-25,0.0,0.0,True
1996-10-21,670.89,70.0,7.6285715,10.271429,4.5142856,91.3,0.5428571,0.55714285,0.7285714,11.142858,8.571428,0.0024662018,0.008305103,-7.345365000000001e-25,3.7252903e-09,0.0,True
1996-10-28,671.0,18.7,6.728572,12.814286,1.8000001,84.91429,0.67142856,0.6714286,0.87142855,10.8,7.9857144,0.00016853213,0.011751786,-7.345365000000001e-25,1.8626451e-09,0.0,True
1996-11-04,671.07,30.4,6.5285716,12.599999,2.6000001,81.700005,0.7714285,0.7714286,0.90000004,10.514286,7.1,0.000994578,0.013488136,6.1932064e-06,2.4678186e-05,2.4400651e-05,True
1996-11-11,671.15,18.7,5.928571,10.900001,1.5857143,80.24286,0.58571434,0.5857143,0.8428572,10.457143,5.5142856,0.00036278367,0.014017642,-7.345365000000001e-25,4.004687e-07,0.0,True
1996-11-18,671.17,31.900002,3.0000002,5.642857,1.4571428,92.85714,0.22857144,0.22857144,0.40000004,10.971429,3.5285714,0.00083065033,0.014434293,0.0029103074,0.0039534755,0.010384072,True
1996-11-25,671.27,33.8,-1.2142857,2.6000001,-5.457143,90.0,0.29999998,0.3142857,0.35714287,10.642858,1.2857143,0.00016909838,0.015712984,0.015571713,0.0037827678,0.023783669,True
1996-12-02,671.3,83.799995,-0.29999998,1.2714285,-2.5857143,93.52857,0.15714286,0.17142858,0.24285714,11.385715,0.5,0.00019946694,0.015703812,0.061321586,0.0027624778,0.07072461,True
1996-12-09,671.32,0.4,-2.857143,2.1857142,-5.7999997,90.91429,0.114285715,0.114285715,0.18571429,10.614285,0.32857144,2.6375055e-06,0.015250467,0.09829463,0.00012874231,0.0016241111,True
1996-12-16,671.33,14.599999,-1.7714287,1.1,-4.7000003,95.98572,0.08571429,0.08571429,0.17142858,10.3714285,0.24285714,0.00013887137,0.014488086,0.09893729,0.0023726225,0.0010655671,True
1996-12-23,671.39,53.9,1.2,4.0142856,-1.4428571,94.85714,0.11428572,0.11428572,0.22857143,10.857142,0.6857143,0.0009840801,0.013619788,0.09127177,0.01924283,0.0050770193,True
1996-12-30,671.67,4.1,-10.557143,-7.4428573,-12.771429,85.5,0.0,0.0,0.2,10.8,0.08571429,1.4901161e-08,0.013346754,0.09138879,0.0,0.0030050091,True
1997-01-06,672.2989762018683,0.5,-6.3428574,-3.7714286,-9.557143,90.97143,0.0,0.0,0.20000002,10.3,0.0,5.9604645e-08,0.013129346,0.09356156,0.0,0.003264051,True
1997-01-13,672.355,0.2,-5.8142858,-1.457143,-8.642858,90.28571,0.0,0.0,0.17142858,10.3,0.014285714,0.0,0.012660511,0.095163025,0.0,0.0001590997,True
1997-01-20,672.18,3.0,-3.2714286,5.2714286,-8.785714,83.37144,0.15714286,0.17142858,0.24285714,10.171429,0.08571429,4.3854117e-05,0.012008138,0.09520213,0.0010926407,0.00028307363,True
1997-01-27,671.83,1.1,0.6571428,4.0142856,-1.6428572,92.28571,0.15714286,0.15714286,0.3285714,10.157143,0.25714287,0.00039491057,0.011259362,0.08537725,0.020237867,0.00014048815,True
1997-02-03,671.55,0.2,-2.7428572,0.62857145,-5.428571,89.42857,0.042857144,0.057142857,0.35714287,10.085714,-0.042857144,4.8831105e-05,0.010610752,0.0744537,0.0024409257,5.4061413e-05,True
1997-02-10,671.31,9.1,1.0714285,8.157144,-3.9857144,71.442856,0.7285714,0.67142856,0.8142857,9.971429,0.78571427,0.00049059093,0.010078631,0.06762613,0.018399598,0.0025376007,True
1997-02-17,671.2,49.7,1.9285715,6.1857142,-1.7428572,88.14286,0.6571428,0.6714286,0.7285715,10.714286,2.1142857,0.0034218505,0.013479106,0.038976096,0.036667872,0.017577954,True
1997-02-24,671.27,21.0,4.328572,9.314286,-0.24285714,73.82857,1.0857142,1.042857,1.2857143,10.6,3.6285715,0.0017602742,0.017377779,0.027536813,0.030905116,0.005834218,True
1997-03-03,671.36,40.8,6.285714,12.028572,1.557143,78.21429,1.3142856,1.2714287,1.4,10.485714,6.1,0.0023176372,0.029524297,0.005950672,0.019444613,0.009422533,True
1997-03-10,671.48,5.2000003,5.5428576,11.857142,1.3,82.6,0.94285715,0.9285714,1.1428572,10.185715,6.742857,0.00029152632,0.030434549,0.0002715474,0.0012319535,7.396191e-05,True
1997-03-17,671.57,11.1,7.2571435,12.571428,2.3857143,77.957146,1.3714285,1.2,1.4714286,9.671429,8.242857,0.0003215745,0.026158534,3.5308656e-06,2.0127743e-05,0.0,True
1997-03-24,671.51,38.0,2.8857143,7.6,-0.7285714,85.700005,0.9142858,0.8571429,1.0714285,10.0,4.9428573,0.00089901686,0.022098958,0.005393488,0.010857886,0.014347587,True
1997-03-31,671.42,32.2,4.6,8.6,1.0285715,82.8,1.0428572,1.0142857,1.3571428,10.428572,5.8428574,0.0019556656,0.02013132,0.0038235132,0.010463459,0.011466626,True
1997-04-07,671.34,20.7,5.214286,11.214286,-0.27142856,72.52857,1.8714284,1.7571429,1.8142856,10.157143,7.9142857,0.0012518466,0.020056173,0.0012420019,0.0062874705,0.0019340627,True
1997-04-14,671.29,3.4,5.642857,12.457144,-1.3571428,63.54286,2.1142857,1.9,2.3,9.757143,8.542857,0.00015425682,0.018726677,0.00051767484,0.0015043225,0.00157208,True
1997-04-21,671.25,11.299999,2.4142857,8.414286,-2.5428574,69.9,1.5285715,1.3142856,1.8428571,9.3714285,7.0142856,0.00026024133,0.01746086,0.002377913,0.0045736954,0.008246563,True
1997-04-28,671.19,30.4,6.914286,12.642858,1.4714286,71.01429,2.1285713,1.8857144,2.2714286,9.228572,10.157143,0.00065116584,0.01568406,0.0011386417,0.0036312342,0.00012798607,True
1997-05-05,671.15,34.7,9.828572,16.37143,4.8857145,79.1,2.3285716,2.1,2.5571427,9.842857,12.928572,0.0012804419,0.014687084,6.584894e-07,6.146729e-06,0.0,True
1997-05-12,671.11,38.6,7.642857,14.657144,2.1857142,78.22858,2.1571429,1.9285715,2.4142857,9.657143,11.414286,0.0002904907,0.0134849325,6.4526284e-05,0.00032669678,0.00032318383,True
1997-05-19,671.2167510375041,19.800001,15.757143,23.914288,8.142858,70.91429,3.3428571,2.6285713,3.7857144,8.742857,19.857143,0.00021208078,0.012341216,1.1920929e-07,1.3299286e-06,0.0,True
1997-05-26,671.065,16.8,12.1285715,16.77143,6.928571,72.9,2.6571429,2.2,3.0,8.471429,16.0,0.00031536818,0.011090137,-7.345365000000001e-25,0.0,0.0,True
1997-06-02,671.01,5.4,11.142858,16.257143,5.6,61.957146,3.0714285,2.0428572,3.3142858,7.3714285,16.22857,1.0564923e-05,0.009853542,-7.345365000000001e-25,0.0,0.0,True
1997-06-09,670.97,27.9,15.928572,22.157145,9.957143,74.828575,3.0,2.4428573,3.585714,7.3714285,19.6,0.00041803718,0.008733004,-7.345365000000001e-25,3.7252903e-09,0.0,True
1997-06-16,670.93,44.3,17.328571,23.228573,12.157143,74.12858,3.2285714,2.7571428,3.5,7.3428574,21.1,0.00023339689,0.0077076703,-7.345365000000001e-25,3.7252903e-09,0.0,True
1997-06-23,670.89,63.9,11.957144,16.142857,9.314286,85.0,2.2428572,2.2,2.3857143,8.642858,16.22857,0.002077952,0.0075984,-7.345365000000001e-25,0.0,0.0,True
1997-06-30,670.87,42.2,13.1,17.128572,10.17143,86.35714,2.1285713,2.1714287,2.4428573,10.385715,16.414286,0.010139465,0.009192936,-7.345365000000001e-25,0.0,0.0,True
1997-07-07,670.89,96.299995,13.7,17.585714,10.099999,82.27143,2.0571427,2.0571427,2.5285716,11.028571,16.87143,0.006198898,0.010549031,-7.345365000000001e-25,0.0,0.0,True
1997-07-14,671.18,18.0,16.442858,22.97143,10.114286,73.37144,2.9,2.7857144,3.7142856,10.4,20.342857,0.00035189837,0.01600872,-7.345365000000001e-25,3.7252903e-09,0.0,True
1997-07-21,671.39,85.2,14.414286,18.985714,10.257143,84.22858,2.2142856,2.1571426,2.6285713,10.9,18.257143,0.008429468,0.024353027,-7.345365000000001e-25,3.7252903e-09,0.0,True
1997-07-28,673.6,40.0,15.942858,21.185715,11.085714,81.40001,2.6285713,2.5857143,3.2,10.457143,20.0,0.0014858022,0.030081294,-7.345365000000001e-25,7.450581e-09,0.0,True
1997-08-04,673.77,19.4,15.957144,21.557144,10.657144,79.71429,2.4857142,2.2714286,3.0571427,9.857142,19.957144,0.00037579238,0.026647083,-7.345365000000001e-25,0.0,0.0,True
1997-08-11,673.37,18.9,18.885714,24.800001,12.814286,74.6,2.8999999,2.4142857,3.5714285,9.271428,22.414286,0.0008484423,0.02222082,-7.345365000000001e-25,1.4901161e-08,0.0,True
1997-08-18,672.81,4.3999996,18.428572,24.7,12.742858,76.75715,2.7,2.1000001,3.4857142,8.3714285,23.028572,0.00010212511,0.017982952,-7.345365000000001e-25,7.450581e-09,0.0,True
1997-08-25,672.28,0.2,18.171429,26.457144,10.828572,71.02857,2.757143,2.0285714,3.5714285,8.042857,22.885714,1.17868185e-05,0.014581904,-7.345365000000001e-25,3.7252903e-09,0.0,True
1997-09-01,671.85,51.100002,15.728572,22.357143,11.157143,82.71429,2.1142857,1.9428571,2.6285713,8.857142,19.37143,0.00047332793,0.011931047,-7.345365000000001e-25,5.5879354e-09,0.0,True
1997-09-08,671.56,10.0,16.37143,22.071428,12.028572,82.85714,1.7714285,1.5571429,2.2428572,9.1285715,20.0,0.00025722384,0.010138206,-7.345365000000001e-25,9.313226e-09,0.0,True
1997-09-15,671.34,35.2,12.514287,19.47143,7.5,79.01429,1.8142856,1.6000001,2.2714286,9.357142,16.742857,0.00019878149,0.008800253,-7.345365000000001e-25,1.8626451e-09,0.0,True
1997-09-22,671.21,3.9999998,12.142858,19.67143,6.1,81.35714,1.642857,1.4142857,1.9857143,9.042857,16.257143,3.747642e-05,0.0077570453,-7.345365000000001e-25,1.8626451e-09,0.0,True
1997-09-29,671.09,0.2,10.485715,19.342855,4.1714287,80.17143,1.4142857,1.1,1.7428571,8.528571,15.085714,4.4703484e-08,0.0069017336,-7.345365000000001e-25,1.8626451e-09,0.0,True
1997-10-06,671.0,0.0,12.014285,19.257143,6.4428573,76.21429,1.2714285,0.98571426,1.7285715,8.171429,14.728572,8.006394e-05,0.0061819255,-7.345365000000001e-25,7.450581e-09,0.0,True
1997-10-13,670.91,78.9,12.0,16.27143,8.5,79.72858,1.1142857,0.95714283,1.4857142,9.2,13.171429,0.0027772635,0.0055766627,2.367156e-06,1.0659918e-05,8.388981e-05,True
1997-10-20,670.87,36.1,6.071429,10.571428,2.3857143,91.557144,0.5714286,0.5857143,0.71428573,10.842857,8.6285715,0.000514403,0.005251318,0.0006320079,0.0025441796,0.002447866,True
1997-10-27,670.84,0.6,3.4857142,7.285714,0.9714286,87.04286,0.35714287,0.34285715,0.64285713,10.071428,5.9,9.715557e-06,0.005115561,1.5888896e-05,4.8832968e-05,5.5056065e-05,True
1997-11-03,670.82,0.0,-0.41428572,7.414286,-5.5428576,75.08572,0.5285714,0.47142857,0.67142856,9.8714285,2.0428572,4.61936e-07,0.004992388,2.457982e-05,2.4942681e-05,4.0978193e-08,True
1997-11-10,670.79,10.0,5.5,12.114286,0.78571427,84.08571,0.5285715,0.51428574,0.6857143,9.828571,5.8428574,4.954636e-05,0.0048605874,2.1117073e-06,8.326024e-06,8.121133e-07,True
1997-11-17,670.76,17.900002,2.9714286,6.7285714,-0.88571435,89.4,0.2857143,0.2857143,0.42857143,10.1285715,3.857143,0.00014384091,0.004732564,2.0384789e-05,3.9219856e-05,4.798919e-05,True
1997-11-24,670.73,5.5,0.9714286,4.571429,-1.9285716,90.85714,0.17142858,0.15714286,0.32857147,10.1,1.5428572,5.0082803e-05,0.004608169,9.4447816e-05,0.00014777482,0.00023948401,True
1997-12-01,670.71,10.7,2.142857,5.6142855,-1.3428572,91.8,0.20000002,0.20000002,0.29999998,10.114285,2.2428572,0.0001322329,0.0044899434,9.349414e-05,0.0001284182,0.0009463355,True
1997-12-08,670.69,35.6,-2.2428572,0.84285724,-5.4,91.28571,0.057142857,0.057142857,0.22857143,10.685715,0.64285713,7.659942e-05,0.0043841153,0.010909728,0.0036126357,0.013579357,True
1997-12-15,670.7,84.1,2.3714287,5.1714287,0.0285714,91.88572,0.2857143,0.2857143,0.31428573,11.271428,2.2857144,0.0017677099,0.0048688427,0.0091634365,0.011406872,0.022762805,True
1997-12-22,670.85,77.7,-0.48571435,1.7142857,-3.2714288,92.27143,0.08571429,0.10000001,0.22857143,11.071428,0.5,0.0020455122,0.006901853,0.020062707,0.014287904,0.019801222,True
1997-12-29,671.27,31.5,2.8714287,5.714286,0.41428572,87.85714,0.35714284,0.35714284,0.61428577,10.9,2.0857143,0.0012766421,0.009879589,0.014305359,0.024658712,0.007606577,True
1998-01-05,671.45,32.8,2.5142858,7.071429,-1.6714286,82.58571,0.2,0.2,0.62857145,10.45,0.2,0.0005207062,0.013586536,0.0068271956,0.009104457,0.0005848445,True
1998-01-12,671.64,6.5,3.414286,11.214286,-0.8000001,75.77143,0.62857145,0.61428577,0.55714285,10.514286,2.2571428,0.0002886653,0.014687479,0.0016508272,0.0045765974,0.0011650659,True
1998-01-19,671.71,30.2,1.6142857,5.714286,-2.457143,87.85714,0.4714286,0.4714286,0.42857143,10.357142,1.3714286,0.00032250583,0.014937371,0.0023942562,0.0021076929,0.011588167,True
1998-01-26,671.65,24.0,-3.3,-1.3714286,-4.428571,88.471436,0.028571429,0.028571429,0.35714287,10.785714,0.2857143,1.8924475e-06,0.014630638,0.026823515,4.498288e-05,0.021016307,True
1998-02-02,671.52,0.0,-4.857143,-0.9285714,-9.1,84.87144,0.0,0.0,0.32857147,10.3,0.057142857,5.9515238e-05,0.014093742,0.027804926,0.003057262,0.00023659691,True
1998-02-09,671.34,0.8,-3.9714286,3.7857144,-9.957143,76.814285,0.35714287,0.32857147,0.5285714,10.171429,-0.2,0.00020076334,0.013345055,0.02101799,0.010249339,0.0021421984,True
1998-02-16,671.23,1.5,3.957143,13.5,-2.0714285,70.97143,1.0285714,0.90000004,1.1285714,9.828571,2.0,0.00031372905,0.012534,0.0056984425,0.014291568,0.0,True
1998-02-23,671.14,21.699999,4.042857,12.17143,-0.3142857,78.77143,0.90000004,0.7714286,0.9714286,9.7,4.957143,0.0004721284,0.011849828,0.00060854637,0.0019389763,0.0034508593,True
1998-03-02,671.08,22.2,4.2714286,7.971429,1.2857143,83.700005,0.7714286,0.7714286,0.90000004,10.185715,4.8285713,0.000245288,0.01133728,0.0024989105,0.0050717928,0.008934664,True
1998-03-09,671.03,58.600002,5.214286,10.457144,0.8142857,69.38572,1.5857143,1.5285714,1.8000001,10.6285715,4.857143,0.001745984,0.010982268,0.001992044,0.006858336,0.006776724,True
1998-03-16,671.14,41.9,0.38571432,3.2857144,-2.7857144,86.21429,0.5285715,0.51428574,0.8142857,10.8,2.0,0.0012982339,0.012213863,0.0077748187,0.013119778,0.01852272,True
1998-03-23,671.24,44.3,1.4142858,4.357143,-1.1714286,82.828575,0.71428573,0.7285714,0.9714286,10.842857,3.6714287,0.0005887598,0.016393915,0.008753765,0.010564525,0.028506078,True
1998-03-30,671.31,0.1,3.4857144,10.885715,-3.857143,71.98572,1.3428571,1.2285715,1.6857144,10.3714285,4.757143,0.00073337555,0.018877536,0.016344825,0.027755134,0.0018250085,True
1998-04-06,671.45,23.0,8.785714,14.714287,4.571429,76.12858,1.5285714,1.4,1.9285715,9.7,10.285714,0.0003323108,0.018296637,9.169465e-05,0.00069864467,0.0,True
1998-04-13,671.49,34.0,4.471429,10.242857,0.22857144,79.44286,1.5285714,1.4428571,1.6857144,9.9,7.5,0.00040608644,0.017317146,0.0024424735,0.0048739165,0.02140826,True
1998-04-20,671.46,11.0,4.2285714,9.685715,-0.55714285,73.62858,1.5857143,1.5142858,1.8857143,9.9,6.3142858,0.0006272048,0.016182974,0.0064941985,0.018674467,0.0034119003,True
1998-04-27,671.38,12.200001,11.328572,17.928572,5.1,73.3,2.5,2.1714287,2.8428571,9.185715,13.785714,0.0002104491,0.015174344,0.00012329078,0.0009251125,0.0,True
1998-05-04,671.29,45.4,8.457143,13.114286,4.8428574,82.799995,1.6428573,1.5142858,1.9285715,9.685715,11.728572,0.0012904555,0.014060922,1.6734713e-05,0.00010365993,0.000101447105,True
1998-05-11,671.23,1.2,13.6,20.714285,5.557143,64.42857,3.2142856,2.5571427,3.7,9.514286,16.571428,1.4990568e-05,0.013129428,-7.345365000000001e-25,4.0978193e-08,0.0,True
1998-05-18,671.17,3.8999999,13.914286,20.600002,6.728572,58.600002,3.6571429,2.6142857,3.9428573,7.9714284,18.857143,3.9711595e-05,0.011727229,-7.345365000000001e-25,0.0,0.0,True
1998-05-25,671.12,11.7,11.285714,16.942858,5.0142856,67.457146,2.4285715,1.4714288,2.8999999,7.285714,15.957143,0.00019827485,0.010318391,-7.345365000000001e-25,0.0,0.0,True
1998-06-01,670.7886005806218,15.9,13.914286,20.128572,9.057143,73.15715,2.857143,2.1857142,3.2571428,7.1571426,17.757143,0.00027263165,0.009056583,-7.345365000000001e-25,3.7252903e-09,0.0,True
1998-06-08,671.02,17.8,18.042858,25.528574,11.657144,68.1,3.557143,2.9142857,4.214286,7.214286,22.0,0.00030368567,0.007880211,-7.345365000000001e-25,7.450581e-09,0.0,True
1998-06-15,670.95,97.5,11.014285,16.571428,6.328572,79.72858,2.1571429,2.085714,2.5,9.6,15.385715,0.0029634535,0.007102497,-7.345365000000001e-25,3.7252903e-09,0.0,True
1998-06-22,670.95,2.3999999,16.157145,22.300001,10.271429,66.3,3.542857,2.9714284,4.157143,9.6285715,19.571428,7.507205e-05,0.0065839067,-7.345365000000001e-25,3.7252903e-09,0.0,True
1998-06-29,670.92,17.7,17.628572,22.957142,12.914286,75.01429,3.2142856,2.7285714,3.7571428,8.671429,22.12857,0.00010659546,0.006109044,-7.345365000000001e-25,7.450581e-09,0.0,True
1998-07-06,670.88,36.8,15.928572,19.97143,12.1,78.64286,2.5714285,2.3285713,3.0285716,8.928572,19.242857,0.0006547943,0.0056883097,-7.345365000000001e-25,7.450581e-09,0.0,True
1998-07-13,670.85,36.7,14.842857,19.442858,10.828572,77.64286,2.7285714,2.5142856,2.8999999,9.271428,17.257143,0.0038349181,0.005700849,-7.345365000000001e-25,1.1175871e-08,0.0,True
1998-07-20,670.82,7.5,17.47143,23.042858,11.6,70.88572,3.5,2.8714283,4.0,8.6,20.357143,0.00031918287,0.0051933452,-7.345365000000001e-25,7.450581e-09,0.0,True
1998-07-27,670.79,31.8,19.385715,24.7,14.485715,76.97143,3.042857,2.5857143,3.357143,8.242857,22.785715,0.0013334602,0.0049692765,-7.345365000000001e-25,7.450581e-09,0.0,True
1998-08-03,670.77,21.9,16.485714,20.814285,12.871429,82.35714,2.3285713,2.2857146,2.8142858,9.214286,19.0,0.00021332502,0.0048197284,-7.345365000000001e-25,7.450581e-09,0.0,True
1998-08-10,670.76,5.2,18.4,26.128572,11.5,71.8,3.4142857,2.9285715,3.9714284,8.785714,22.414286,5.121529e-05,0.004660487,-7.345365000000001e-25,1.8626451e-09,0.0,True
1998-08-17,670.73,4.9,20.042858,27.685715,13.614286,66.08572,3.5428574,2.7142856,4.2428575,7.642857,24.014286,0.00015811622,0.0043844134,-7.345365000000001e-25,3.7252903e-09,0.0,True
1998-08-24,670.71,63.9,15.685715,19.828571,12.357142,79.92857,2.1571426,1.8714286,2.4428573,7.8285713,18.842857,0.0048732013,0.0042367205,-7.345365000000001e-25,7.450581e-09,0.0,True
1998-08-31,670.7,2.3000002,12.0,17.171429,6.9428573,75.17143,1.7,1.4285715,2.3428571,8.485714,15.271428,0.00014735758,0.004023351,-7.345365000000001e-25,1.8626451e-09,0.0,True
1998-09-07,670.68,71.5,14.857142,20.357143,10.242858,85.457146,1.6142856,1.5285714,1.9285715,8.885715,16.9,0.0027227253,0.0039777234,-7.345365000000001e-25,7.450581e-09,0.0,True
1998-09-14,670.7,86.9,11.8714285,16.0,8.642858,83.314285,1.4285715,1.3857143,1.8285714,10.514286,14.357142,0.0037837476,0.0065616295,1.1977695e-06,1.1321157e-05,1.6570091e-05,True
1998-09-21,670.79,27.400002,9.8,13.542857,6.2428575,82.957146,1.3142856,1.3000001,1.5285714,10.842857,11.057143,0.0026429594,0.010190964,4.7116052e-07,5.9772283e-06,0.0,True
1998-09-28,670.95,12.299999,11.814286,18.442858,7.1285715,83.0,1.1857144,1.0571429,1.5428572,9.942857,13.742857,5.543232e-05,0.012692459,-7.345365000000001e-25,0.0,0.0,True
1998-10-05,670.92,38.0,9.914286,13.528572,6.957143,89.557144,0.6857143,0.6714286,0.98571426,10.814285,12.028571,0.00111866,0.01238437,-7.345365000000001e-25,1.8626451e-09,0.0,True
1998-10-12,670.9,44.4,8.7,11.3714285,6.6714287,89.0,0.59999996,0.59999996,0.88571423,10.985714,9.814285,0.00095301867,0.01219321,-7.345365000000001e-25,3.7252903e-09,0.0,True
1998-10-19,670.95,24.3,9.385715,13.728572,6.3714285,84.67143,0.7857143,0.7857143,1.0714285,10.485714,10.357142,0.00097088516,0.013677828,-7.345365000000001e-25,1.8626451e-09,0.0,True
1998-10-26,670.99,57.800003,7.3,12.271429,3.0142858,79.84286,1.0285715,1.0142857,1.0285715,10.671429,8.085714,0.003255397,0.016078971,1.1813073e-05,5.776249e-05,0.00032536313,True
1998-11-02,672.23,72.2,6.6,10.285714,3.1571429,80.58572,0.9857143,0.9857143,1.2142857,11.528571,6.1571426,0.0044095814,0.02736307,0.00061854295,0.0028328113,0.0028673895,True
1998-11-09,671.76,67.0,4.1857142,8.285714,0.48571435,85.0,0.5142857,0.5142857,0.6857143,11.242857,4.457143,0.0020705909,0.051902086,0.00037622452,0.0010874365,0.00077054463,True
1998-11-16,673.47,85.5,2.2714286,5.285714,0.20000002,89.200005,0.35714287,0.35714287,0.41428572,11.414286,3.1,0.0028844327,0.04740315,0.0059212903,0.0027957056,0.034145337,True
1998-11-23,674.2,7.2,-7.214286,-3.0,-11.514287,85.971436,0.0,0.0,0.22857143,10.842857,0.34285715,2.0340085e-06,0.037432313,0.03700837,0.00010312721,0.008036986,True
1998-11-30,674.0,16.2,-2.4285715,0.8,-5.4428573,90.12858,0.042857144,0.042857144,0.25714287,10.385715,0.08571429,3.6619604e-05,0.02810575,0.042865675,0.0015925858,0.01383771,True
1998-12-07,673.44,55.7,-4.557143,-2.3142858,-6.7571435,90.314285,0.0,0.0,0.31428573,10.557143,0.15714286,2.9802322e-08,0.0216714,0.05778562,0.0,0.034251016,True
1998-12-14,672.96,53.8,-0.48571423,2.4,-4.557143,88.82857,0.22857143,0.22857143,0.42857143,11.057143,0.47142857,0.0024690256,0.017690927,0.087159,0.032732844,0.015913554,True
1998-12-21,673.44,7.8,0.4857143,6.057143,-2.8142858,81.28571,0.2857143,0.2857143,0.4,10.385715,0.8,0.0003386289,0.015344493,0.06262309,0.0123533625,0.0050245672,True
1998-12-28,673.72,2.8999999,-0.22857141,4.714286,-5.4857144,79.299995,0.25714287,0.25714287,0.61428577,10.271428,0.34285715,0.00013568997,0.014363296,0.06340312,0.0068641156,0.0038502514,True
1999-01-04,673.47,10.4,1.6000001,7.7428575,-2.2428572,79.814285,0.16666667,0.16666667,0.3857143,10.1,0.46666667,0.00071017444,0.013452619,0.052345254,0.023932002,0.0005463548,True
1999-01-11,673.21,45.1,2.2857144,6.7285714,-0.9285714,83.614296,0.4857143,0.47142857,0.5428571,10.485714,2.2142856,0.0018876046,0.016038552,0.023054752,0.023085643,0.008865658,True
1999-01-18,673.03,23.300001,-1.4142858,3.757143,-5.914286,79.91429,0.44285712,0.4142857,0.6,10.414286,0.37142858,0.00018437952,0.017943516,0.030746773,0.0075555537,0.013588954,True
1999-01-25,672.75,1.8,-0.71428573,8.657144,-6.857143,72.88572,0.42857143,0.37142858,0.44285712,10.028571,0.34285715,0.00039036572,0.01780454,0.018462023,0.016216658,4.4703484e-08,True
1999-02-01,672.4,59.0,-4.642857,-1.042857,-7.8428574,87.77143,0.15714286,0.15714286,0.3857143,11.028571,0.5,0.00074300915,0.017374374,0.040957775,0.0023506228,0.04925924,True
1999-02-08,672.12,53.7,-1.2142857,1.1714286,-4.6,89.98572,0.3,0.3,0.4857143,10.928572,0.27142859,0.00037869066,0.016747437,0.0690289,0.00902975,0.049971882,True
1999-02-15,671.91,21.4,-8.6,-3.6000001,-13.414286,86.64286,0.014285714,0.014285714,0.34285715,10.985714,0.2,0.0,0.016026407,0.118995346,0.0,0.025176667,True
1999-02-22,672.54,138.8,0.88571435,3.0,-2.2714286,91.328575,0.29999998,0.29999998,0.4857143,11.485714,0.5285714,0.0076564476,0.023414157,0.14221111,0.030387193,0.050195333,True
1999-03-01,677.72,20.3,-0.34285715,4.0857143,-4.5285716,86.328575,0.5142857,0.5,0.7285714,11.071428,0.6142857,0.00042127073,0.03196886,0.1661623,0.013582027,0.024902914,True
1999-03-08,677.8,39.4,1.957143,6.1,-0.91428566,83.78571,0.84285706,0.84285706,0.95714283,10.514286,2.7428572,0.002610162,0.04113795,0.1356704,0.03981889,0.021526758,True
1999-03-15,677.38,15.900001,5.3428574,12.400001,0.21428572,78.38572,1.1285714,1.1,1.3857143,10.685715,6.042857,0.0045386925,0.047537662,0.11096488,0.07749654,0.00241692,True
1999-03-22,677.11,25.3,1.6000001,6.228572,-1.7571429,81.3,1.0571429,0.9714285,1.1571429,9.985714,4.214286,0.0009966642,0.059279867,0.05771225,0.024805563,0.0097848885,True
1999-03-29,676.7,13.6,5.1571426,10.514285,1.4285715,78.8,1.2571429,1.1571429,1.4285715,10.114285,6.6714287,0.00257802,0.04811325,0.03794543,0.046161562,0.010315042,True
1999-04-05,676.5962541501757,11.0,7.9857144,14.1285715,3.057143,75.22858,1.6,1.3857143,1.8142856,9.585714,9.528571,0.0009927154,0.047209606,0.0051294565,0.017435502,0.0,True
1999-04-12,676.2650000000001,48.4,6.6,11.8714285,2.4,81.042854,1.4285715,1.3999999,1.6428572,10.585714,8.714286,0.0010510832,0.036858946,7.456825e-05,0.00041273423,0.00015717372,True
1999-04-19,676.06,59.1,2.3714287,6.442857,0.34285715,87.77143,1.3000001,1.2857144,1.3857143,10.642858,5.2285714,0.0011695772,0.028931968,0.0069227787,0.016773894,0.024278216,True
1999-04-26,675.85,17.7,8.7,13.742858,3.4857144,77.27143,2.0000002,1.9714286,2.1571429,10.385715,10.642858,0.0005162358,0.024094008,0.0015471777,0.008232076,4.1276217e-06,True
1999-05-03,675.74,20.0,12.585715,18.97143,5.414286,72.84286,2.6000001,2.3,2.8428571,9.828571,14.928572,0.00048570335,0.02069366,7.322856e-07,6.303191e-06,0.0,True
1999-05-10,675.47,71.8,12.971429,18.257143,8.1285715,79.27143,2.1,1.9857142,2.3999999,9.8714285,15.485714,0.001189284,0.017680384,-7.345365000000001e-25,3.7252903e-09,0.0,True
1999-05-17,678.45,115.9,11.257143,14.6,8.242857,84.057144,1.6571428,1.6571429,1.8857144,11.542857,13.785714,0.0052041337,0.022578657,-7.345365000000001e-25,0.0,0.0,True
1999-05-24,680.22,136.20001,11.357142,15.928572,7.4,84.9,1.8999999,1.8999999,2.3,11.085714,13.928572,0.025135294,0.051305115,-7.345365000000001e-25,0.0,0.0,True
1999-05-31,680.53,25.2,18.614286,25.9,11.142858,64.24286,4.0142856,3.4714284,4.3714285,9.8714285,21.428572,0.00035066903,0.049694493,-7.345365000000001e-25,3.7252903e-09,0.0,True
1999-06-07,679.87,97.9,14.828572,21.1,10.1,76.21429,3.0285718,2.914286,3.3714287,9.785714,18.914286,0.0040757135,0.03052169,-7.345365000000001e-25,3.7252903e-09,0.0,True
1999-06-14,679.52,54.9,13.114286,17.714285,8.485715,80.32857,2.2428572,2.2142856,2.6000001,10.885715,16.585714,0.0030199066,0.023119144,-7.345365000000001e-25,3.7252903e-09,0.0,True
1999-06-21,679.22,40.2,12.685715,17.742857,8.271429,82.02857,2.3428571,2.2714286,2.7714286,10.514286,17.014286,0.0035284758,0.019549444,-7.345365000000001e-25,3.7252903e-09,0.0,True
1999-06-28,678.78,18.0,13.500001,19.571428,7.314286,72.0,3.0857143,2.9714286,3.3428571,10.4,17.357143,0.00038340688,0.017041817,-7.345365000000001e-25,0.0,0.0,True
1999-07-05,678.34,6.3,19.185715,25.97143,11.842857,65.51429,4.142857,3.6285717,4.5571427,9.485714,22.62857,0.00017644465,0.014918208,-7.345365000000001e-25,1.1175871e-08,0.0,True
1999-07-12,677.85,58.7,15.185715,18.742857,12.871429,88.614296,1.6285714,1.6571426,1.8571428,10.385715,18.1,0.0030828714,0.013013564,-7.345365000000001e-25,1.1175871e-08,0.0,True
1999-07-19,677.45,42.1,17.485714,23.042858,11.928572,74.08572,3.3000004,3.142857,3.6571429,11.014286,20.428572,0.0011700764,0.01199948,-7.345365000000001e-25,1.1175871e-08,0.0,True
1999-07-26,676.99,37.7,16.071428,20.87143,10.528572,76.87144,2.6857145,2.4142857,3.2142856,10.242857,19.385714,0.00042299926,0.011126474,-7.345365000000001e-25,7.450581e-09,0.0,True
1999-08-02,676.52,0.0,18.185715,24.300001,11.585715,65.28571,3.4857144,2.785714,3.9285715,9.2,22.071428,1.9684434e-05,0.010210574,-7.345365000000001e-25,7.450581e-09,0.0,True
1999-08-09,675.99,21.1,19.057144,25.228573,13.571428,75.82857,2.9571426,2.7285712,3.5142858,8.571428,22.657143,0.00016488135,0.009151638,-7.345365000000001e-25,1.1175871e-08,0.0,True
1999-08-16,675.47,39.3,14.571428,18.542858,11.085715,83.78571,1.9428571,1.9,2.3285713,9.728572,17.885714,0.00472112,0.0083319545,-7.345365000000001e-25,5.5879354e-09,0.0,True
1999-08-23,674.98,21.3,14.085715,19.5,9.942857,79.02857,2.3142855,2.1428573,2.6714287,9.971429,18.057142,0.00017078221,0.007813759,-7.345365000000001e-25,1.8626451e-09,0.0,True
1999-08-30,674.5,33.4,16.185715,21.37143,12.17143,85.8,1.757143,1.5857143,2.2285714,9.585714,19.5,0.0012277514,0.0073584765,-7.345365000000001e-25,0.0,0.0,True
1999-09-06,674.04,9.1,14.914286,20.314287,9.285714,77.42857,1.9142858,1.7,2.7285714,9.3,18.142857,5.8613718e-05,0.006962359,-7.345365000000001e-25,7.450581e-09,0.0,True
1999-09-13,673.6,4.1,16.642857,23.985716,9.942857,77.200005,2.2857144,1.8857144,2.8999999,8.9,19.528572,1.731515e-05,0.0065230057,-7.345365000000001e-25,7.450581e-09,0.0,True
1999-09-20,673.15,3.1999998,15.557143,21.542858,11.157144,83.5,1.5714285,1.2857143,2.1142857,8.357142,18.257143,0.00020430982,0.006055087,-7.345365000000001e-25,7.450581e-09,0.0,True
1999-09-27,672.73,31.900002,14.1285715,2.8285716,10.214286,82.57143,1.4285715,1.3428572,1.8285713,9.2,16.657143,0.0018929467,0.0057119206,-7.345365000000001e-25,0.0,0.0,True
1999-10-04,672.33,56.699997,10.400001,8.171429,8.071429,87.41429,1.0999999,1.0999999,1.2714285,10.842857,12.328571,0.001809299,0.0054446086,-7.345365000000001e-25,1.8626451e-09,0.0,True
1999-10-11,672.01,5.5,7.171429,12.17143,3.642857,85.057144,0.8142857,0.8,1.0857142,10.542857,9.6285715,0.00026724488,0.0059358627,3.0199687e-06,1.52513385e-05,1.4513731e-05,True
1999-10-18,671.74,0.0,6.0428576,11.614286,1.957143,83.87142,0.67142856,0.5857143,0.90000004,9.928572,9.0,2.6077032e-06,0.00652498,-7.345365000000001e-25,8.381903e-08,1.937151e-07,True
1999-10-25,671.49,7.0,7.5,12.042857,3.2714288,85.78571,0.5714286,0.5285714,0.78571427,9.8,7.7,0.00020256639,0.0065839216,-7.345365000000001e-25,1.2293458e-07,0.0,True
1999-11-01,671.3973648554759,12.900001,9.285714,16.985716,4.4857144,81.471436,0.8714285,0.8714286,0.9142857,10.028571,10.4,0.000138022,0.0064923763,-7.345365000000001e-25,1.8626451e-09,0.0,True
1999-11-08,671.2349999999999,32.4,6.4000006,9.7,4.2000003,89.34286,0.41428572,0.41428572,0.59999996,10.728572,7.3428574,0.00059482455,0.0063920617,5.484195e-05,0.00011936389,0.00029317662,True
1999-11-15,671.1,58.600002,-0.65714294,1.1714286,-1.6142857,94.92857,0.17142858,0.17142858,0.3,11.328571,1.9428571,0.0010006055,0.0074045137,0.020128433,0.012959527,0.035630062,True
1999-11-22,671.07,49.0,-4.057143,-1.5142858,-6.714286,88.21429,0.014285714,0.014285714,0.3285714,10.714286,0.5,5.877018e-05,0.008781679,0.032887466,0.0022926256,0.023862962,True
1999-11-29,671.04,29.5,-3.0857143,2.7000003,-6.7000003,88.64286,0.20000002,0.20000002,0.27142859,10.742857,0.21428572,9.961426e-06,0.0094938055,0.061947487,0.00051981956,0.020519398,True
1999-12-06,671.1,37.699997,0.85714287,4.6285715,-3.6000001,77.71429,0.35714287,0.35714287,0.61428577,10.6285715,1.1285714,0.0015037581,0.010620594,0.04983194,0.028478444,0.01186911,True
1999-12-13,671.3,26.5,2.2,5.442857,-0.9857143,84.957146,0.4857143,0.4857143,0.64285713,10.585714,1.9285715,0.0012085736,0.012594722,0.03338741,0.026585048,0.006394785,True
1999-12-20,671.99,78.6,-2.257143,0.9857144,-5.7571425,90.75714,0.11428572,0.11428572,0.37142858,11.328571,0.54285717,0.0062711835,0.024570294,0.039143585,0.018339107,0.031143177,True
1999-12-27,673.52,57.699997,-2.2857144,2.3142858,-7.3857145,85.057144,0.47142857,0.47142857,0.4,11.142858,0.6571429,0.0017724559,0.032473877,0.038750812,0.010235835,0.022136256,True
2000-01-03,674.26,25.9,-2.0142858,0.4857143,-4.414286,92.71429,0.025,0.025,0.31428573,11.55,0.3,3.232062e-05,0.030643515,0.07393519,0.0014157183,0.03167106,True
2000-01-10,674.31,12.4,0.028571436,4.114286,-4.1285715,89.75714,0.21428572,0.21428572,0.31428573,10.328571,0.6142857,0.00033928454,0.027615204,0.076066524,0.009941472,0.00076986104,True
2000-01-17,673.96,2.7,-3.3857143,0.4285715,-6.7999997,86.114296,0.042857144,0.042857144,0.3,10.314285,-0.22857143,5.364418e-07,0.023752712,0.0732905,2.5056303e-05,0.0017529503,True
2000-01-24,673.53,36.8,-3.2714286,-0.20000002,-5.5,89.614296,0.12857144,0.12857144,0.3857143,10.742857,-0.014285714,4.9471855e-05,0.02013348,0.09534702,0.00073966756,0.042423386,True
2000-01-31,673.12,16.0,-4.2857146,2.0285716,-10.0,78.82857,0.44285712,0.44285712,0.5857143,10.6,0.75714284,0.0038980097,0.018195197,0.11115092,0.031365708,0.0008447394,True
2000-02-07,673.74,13.5,3.0428574,8.328572,-0.5142857,79.58572,0.71428573,0.71428573,0.7714286,10.414286,2.7857144,0.0017749965,0.017070219,0.07359132,0.03369901,0.0012204163,True
2000-02-14,674.45,62.100002,2.2428572,5.4857144,0.042857144,87.32857,0.6857143,0.6857143,0.6857143,10.842857,2.4857142,0.007840358,0.037088603,0.045185238,0.030655708,0.017670829,True
2000-02-21,676.76,53.9,-0.21428564,2.8,-2.357143,89.98572,0.42857143,0.42857143,0.5714286,11.3,1.3714286,0.0016348064,0.05073133,0.052014362,0.01475754,0.04199785,True
2000-02-28,674.97,13.9,1.8285714,7.2428575,-3.057143,77.200005,0.87142855,0.85714287,1.0285714,10.6,2.8428571,0.0019414797,0.044970512,0.060311526,0.032740284,0.00041444972,True
2000-03-06,674.9,30.5,1.4714286,5.585714,-1.3428571,76.25714,0.87142855,0.87142855,1.0857143,10.714286,2.9285715,0.0013529807,0.03826917,0.036255553,0.018581854,0.011973131,True
2000-03-13,674.75,13.8,6.714286,11.242857,2.6000001,74.08572,1.3714285,1.3142856,1.5,10.214286,6.2285714,0.004458457,0.057844788,0.012261607,0.03348419,0.0,True
2000-03-20,674.98,92.799995,2.5571427,5.228572,0.4857143,87.01429,0.8,0.8,0.88571423,11.0,3.9285715,0.0042836964,0.05249667,0.007579378,0.015257968,0.022101473,True
2000-03-27,676.43,29.400002,5.214286,11.471429,0.81428576,77.02857,1.3714285,1.2714285,1.6,10.257143,7.4857144,0.0004541576,0.04788553,0.0021410952,0.008267717,0.006177027,True
2000-04-03,676.31,23.6,4.0285716,9.014285,0.20000003,79.61428,1.3571428,1.3142856,1.4857142,10.6,5.6285715,0.0006387904,0.035684973,0.00566675,0.015530126,0.011208639,True
2000-04-10,676.03,15.8,5.428571,11.5,-0.38571426,71.35714,1.8142859,1.6714286,1.9285715,10.228572,8.6,0.00060494244,0.028222151,0.00075628643,0.0026840698,0.0016875826,True
2000-04-17,675.74,29.099998,6.1857147,11.17143,1.9285715,81.41429,1.6714286,1.6714287,1.7142857,10.214286,9.142858,0.00040788949,0.022869423,0.00035381317,0.0016387198,0.0014879405,True
2000-04-24,675.39,10.700001,10.328572,16.928572,3.914286,72.74286,2.3285713,2.0,2.4428573,9.785714,12.914286,0.00032697618,0.01889196,4.0020263e-06,2.4661422e-05,0.0,True
2000-05-01,675.3391063122968,2.1,13.5,20.157145,7.2999997,73.72857,2.414286,2.0142856,2.8857143,9.214286,15.9,0.00061650574,0.015605204,-7.345365000000001e-25,3.7252903e-09,0.0,False
2000-05-08,674.9,4.9,14.014287,21.728573,7.1,76.12858,2.9285715,2.6428573,3.2285714,9.1285715,17.757143,0.0015181452,0.013240531,-7.345365000000001e-25,0.0,0.0,True
2000-05-15,674.36,24.6,16.185715,22.885715,8.985715,69.41429,3.3,2.8428574,3.5857143,9.214286,19.385714,0.005208567,0.011908688,-7.345365000000001e-25,0.0,0.0,True
2000-05-22,673.96,43.1,11.585715,17.028572,6.6,73.471436,2.7428572,2.6000001,3.0,9.857142,15.5,0.00051793456,0.01025746,-7.345365000000001e-25,0.0,0.0,True
2000-05-29,673.71,14.7,12.971429,18.657145,7.0428576,76.08572,2.6571429,2.357143,2.957143,9.585714,16.214285,0.00020568073,0.009325676,-7.345365000000001e-25,0.0,0.0,True
2000-06-05,673.44,65.8,15.471429,21.9,9.042857,74.32857,3.2428572,3.0571427,3.6857142,10.8,18.814285,0.0039123595,0.010037586,-7.345365000000001e-25,3.7252903e-09,0.0,True
2000-06-12,673.3507242152474,15.299999,16.828571,22.214285,10.728571,72.9,3.3142853,2.9571426,3.7285714,10.114285,20.485714,0.00045610964,0.008114167,-7.345365000000001e-25,7.450581e-09,0.0,False
2000-06-19,673.0699999999999,16.3,16.828571,23.385715,10.3714285,67.200005,3.957143,3.5285714,4.1857142,9.6,21.414286,0.003249392,0.0076472387,-7.345365000000001e-25,1.1175871e-08,0.0,True
2000-06-26,672.72,36.7,15.800001,21.057144,10.914286,71.51429,3.3142858,2.7857144,3.6285713,8.671429,20.285715,0.00037275255,0.0072273985,-7.345365000000001e-25,3.7252903e-09,0.0,True
2000-07-03,672.41,50.199997,16.385714,22.085714,9.485715,68.200005,3.7857146,2.9714286,3.9285715,8.014286,20.557142,9.378046e-05,0.0068143383,-7.345365000000001e-25,3.7252903e-09,0.0,True
2000-07-10,672.15,53.9,14.442858,18.52857,10.928572,82.74286,2.7714288,2.5142858,2.7285714,9.014286,18.014286,0.00085543096,0.00635802,-7.345365000000001e-25,7.450581e-09,0.0,True
2000-07-17,672.05,94.7,10.114286,13.67143,7.1285715,85.21429,2.042857,2.0285714,2.0714285,10.7,13.557143,0.0051380247,0.011763647,-7.345365000000001e-25,3.7252903e-09,0.0,True
2000-07-24,672.4,15.199999,15.285714,21.028574,9.357142,72.5,2.8714287,2.5285714,3.2714286,9.814285,19.157143,0.0009930283,0.012453742,-7.345365000000001e-25,3.7252903e-09,0.0,True
2000-07-31,672.55,68.8,15.0,19.84286,11.071428,82.37144,2.857143,2.8142858,2.957143,10.214286,18.7,0.002887562,0.012571886,-7.345365000000001e-25,7.450581e-09,0.0,True
2000-08-07,672.68,121.899994,15.328572,19.228573,11.585714,85.799995,1.9285715,1.8428571,2.3,10.642858,18.057142,0.014398657,0.020914085,-7.345365000000001e-25,3.7252903e-09,0.0,True
2000-08-14,676.13,3.2,18.171429,25.5,11.542857,71.34286,3.2857144,2.8142855,3.9857142,9.914286,21.842857,9.0420246e-05,0.026720144,-7.345365000000001e-25,7.450581e-09,0.0,True
2000-08-21,676.18,36.4,20.142857,27.114286,13.6,72.15715,3.3714287,2.8428571,3.8857143,8.957143,23.114286,0.0025542825,0.023201242,-7.345365000000001e-25,3.7252903e-09,0.0,True
2000-08-28,675.45,9.400001,16.285715,23.185715,10.471429,75.314285,2.542857,2.2142856,3.0142858,9.114285,20.428572,0.00023823977,0.018538214,-7.345365000000001e-25,3.7252903e-09,0.0,True
2000-09-04,674.75,48.0,12.828572,17.714287,9.814285,85.84286,1.6857144,1.6285714,1.9714286,10.1,16.6,0.0033126324,0.015136056,-7.345365000000001e-25,1.8626451e-09,0.0,True
2000-09-11,674.13,18.800001,12.7,19.071428,7.0285716,80.72858,1.9,1.7857143,2.2285714,10.557143,15.828571,0.001626432,0.013982937,-7.345365000000001e-25,1.8626451e-09,0.0,True
2000-09-18,673.59,26.9,13.742857,19.528574,9.342857,85.57143,1.5999998,1.4571428,1.9857142,9.857142,17.214285,0.00047415495,0.012533404,-7.345365000000001e-25,5.5879354e-09,0.0,True
2000-09-25,674.44,93.7,11.428572,17.385715,6.6714287,87.471436,1.0285715,1.0428572,1.4571428,10.971429,13.428572,0.009818107,0.01984056,-7.345365000000001e-25,1.8626451e-09,0.0,True
2000-10-02,675.4,25.699999,12.971429,19.085714,8.8,83.828575,1.2,1.0857142,1.6,10.228572,15.842857,0.0004492551,0.014229342,-7.345365000000001e-25,3.7252903e-09,0.0,True
2000-10-09,675.02,27.2,6.8714285,10.071428,4.257143,90.64286,0.55714285,0.5714286,0.78571427,11.014286,9.6285715,0.00059087574,0.013908803,9.275618e-06,4.1626394e-05,4.8339367e-05,True
2000-10-16,674.4,22.699999,9.642858,14.457143,5.4714284,87.08572,0.71428573,0.71428573,0.87142855,10.757143,10.057143,0.00082215667,0.014545329,1.6178403e-06,8.100644e-06,0.0,True
2000-10-23,673.81,7.4,9.114286,13.571428,6.1285715,90.11428,0.5714286,0.55714285,0.7428571,10.157143,10.9,0.00010769069,0.015504293,-7.345365000000001e-25,7.450581e-09,0.0,True
2000-10-30,673.33,20.2,8.928572,13.1285715,5.3,83.52857,0.6571428,0.6571428,0.9285714,10.157143,9.414286,0.000115036964,0.015041374,-7.345365000000001e-25,1.8626451e-09,0.0,True
2000-11-06,672.91,27.6,5.085715,10.6285715,1.4,82.85714,0.67142856,0.68571424,0.7714286,10.571428,6.571429,0.0015088841,0.014256462,5.02382e-06,1.25057995e-05,4.897639e-05,True
2000-11-13,672.54,2.1,4.5285716,10.5,-0.14285718,79.35714,0.6,0.61428577,0.67142856,10.328571,5.1714287,7.0631504e-06,0.013534687,1.4600299e-05,3.478676e-05,5.5879354e-08,True
2000-11-20,672.21,41.2,2.1000001,5.9714284,-0.7285714,91.14286,0.27142859,0.27142859,0.35714287,10.842857,3.6714287,0.0015605912,0.012969732,0.0066576516,0.0058728456,0.016511284,True
2000-11-27,671.96,32.2,2.7285714,6.5000005,-0.31428573,90.88572,0.32857147,0.32857147,0.44285718,10.757143,3.2285714,0.0008739382,0.0131916925,0.0067804996,0.011290232,0.0045511946,True
2000-12-04,671.8,0.5,3.6285713,9.357142,0.071428575,90.21429,0.2714286,0.2714286,0.31428573,10.414286,4.1857142,0.00041629374,0.016181812,0.0017062199,0.0050571337,1.3038516e-07,True
2000-12-11,671.72,6.1,6.0285716,11.242858,2.0285716,78.74286,0.44285712,0.44285712,0.5285714,10.228572,4.8714285,6.4872205e-05,0.017130427,0.00019091651,0.00048901886,0.0,True
2000-12-18,671.65,17.6,3.8714287,6.9857144,0.9428572,75.8,0.5142857,0.5142857,0.7571429,10.285714,3.442857,0.00017897785,0.01644817,0.0043764794,0.0013294313,0.01273999,True
2000-12-25,671.6964324172615,2.9,-0.5285714,3.5714285,-3.7000003,84.58571,0.1,0.1,0.31428573,10.4,0.47142857,0.00023645908,0.015443511,0.007589386,0.006216068,5.8870763e-05,False
2001-01-01,671.51,13.099999,-1.3571428,2.8857143,-6.0285716,86.07143,0.15,0.15,0.27142859,10.3,0.13333334,0.00010444224,0.014445029,0.0067003793,0.0030272622,0.0071757995,True
2001-01-08,671.345,66.7,1.9428571,4.571429,-0.61428565,89.557144,0.27142859,0.27142859,0.3857143,11.2,0.5714286,0.0005747676,0.013475105,0.011032275,0.0069279056,0.02584501,True
2001-01-15,671.19,2.8,-3.2428572,-0.0142857,-5.728572,87.92857,0.114285715,0.114285715,0.34285715,10.8,0.15714286,8.3349645e-05,0.012806244,0.029137379,0.0030995514,0.0018632151,True
2001-01-22,671.13,4.4,-2.357143,3.457143,-6.8857145,83.74286,0.18571429,0.18571429,0.3,10.285714,-0.3,0.0002721399,0.01226338,0.022875542,0.01174725,0.0032367483,True
2001-01-29,671.09,15.7,1.1714286,5.7428575,-2.457143,80.51429,0.55714285,0.55714285,0.59999996,10.485714,0.55714285,0.0007236302,0.011789605,0.010248854,0.013284681,0.0012944378,True
2001-02-05,671.09,52.9,0.14285715,2.8714287,-2.7857144,82.457146,0.40000004,0.40000004,0.59999996,10.714286,0.55714285,0.0013364181,0.011736058,0.0143876355,0.01694836,0.023519982,True
2001-02-12,671.21,0.8,4.142857,11.457144,-0.5571429,71.22857,0.9285714,0.90000004,1.0285714,10.357142,4.142857,0.0005185306,0.012887478,0.005100239,0.012064526,0.00021163002,True
2001-02-19,671.35,5.7,1.3285714,5.871429,-1.6285715,85.82857,0.67142856,0.59999996,0.67142856,9.957143,2.9571428,7.329881e-05,0.014615275,0.0006496282,0.0015737563,0.00025896356,True
2001-02-26,671.47,58.0,-2.6142857,0.8000001,-5.514286,87.17143,0.3142857,0.2857143,0.55714285,10.642858,0.9285714,0.00030620396,0.014498346,0.02944252,0.0054838415,0.053838443,True
2001-03-05,671.43,66.4,-0.04285717,4.642857,-4.0857143,82.11428,0.59999996,0.59999996,0.7714286,10.8714285,0.62857145,0.0010276139,0.014623262,0.048701502,0.018951975,0.015365627,True
2001-03-12,671.74,51.7,4.957143,9.042857,1.9,88.57143,0.82857144,0.82857144,0.9714286,11.157143,5.1,0.0035807192,0.023629852,0.021393474,0.0463325,6.455928e-06,True
2001-03-19,673.55,42.8,6.1142855,9.642858,2.9,79.457146,1.4,1.4,1.2714285,11.028571,7.114286,0.0014641732,0.047057763,0.0017110733,0.008500852,0.007384084,True
2001-03-26,674.92,76.6,7.571429,11.457144,4.1857142,84.21429,1.1999999,1.1999999,1.3142856,11.428572,7.928571,0.0030480325,0.04768484,0.00011178993,0.0006241035,0.0006933622,True
2001-04-02,675.53,13.5,5.1714287,11.714286,0.014285741,79.200005,1.4571428,1.4,1.5857143,10.542857,8.071428,0.00028917938,0.04000535,0.0001808632,0.00076699816,0.00055165216,True
2001-04-09,675.3,67.6,5.8428574,11.0,2.0857143,80.38572,1.5142858,1.4714286,1.6857144,10.385715,8.814285,0.0014697313,0.03130608,0.00063323404,0.0036626458,0.005275484,True
2001-04-16,675.0536048349339,71.3,2.4857142,4.785714,0.7,83.6,0.92857134,0.94285715,1.0714285,10.8714285,5.042857,0.0016707778,0.027579501,0.0039715427,0.010603875,0.019346964,False
2001-04-23,675.335,52.5,1.8714286,4.7000003,-0.9142857,86.57143,1.0428572,1.0428572,1.2285715,11.085714,3.8714285,0.001090847,0.025991403,0.014258583,0.026868619,0.0331788,True
2001-04-30,675.63,7.8,9.214286,16.0,3.0,70.08572,2.542857,2.3285713,2.5857143,10.142858,11.485714,0.00074377656,0.027528249,0.0027799606,0.017167613,0.0,True
2001-05-07,675.63,15.5,12.157143,17.814285,6.8,76.67143,2.3428571,1.9714285,2.6142857,9.257143,15.042857,0.00056767464,0.025601298,6.18753e-07,6.7055225e-06,0.0,True
2001-05-14,675.4,0.90000004,13.557143,19.614286,6.7571435,65.12858,3.1,2.4857142,3.4285715,8.828571,15.9,7.7307224e-05,0.021671817,-7.345365000000001e-25,0.0,0.0,True
2001-05-21,675.04,31.899998,12.285714,17.914286,6.557143,74.328575,2.6714287,2.4714284,2.957143,9.714286,15.7,0.002154082,0.017700993,-7.345365000000001e-25,0.0,0.0,True
2001-05-28,674.64,10.9,16.485714,22.528574,9.985715,66.97143,3.7857144,3.0285714,4.142857,8.842857,20.157143,6.791204e-05,0.014673278,-7.345365000000001e-25,0.0,0.0,True
2001-06-04,673.7636265800214,58.699997,12.328572,17.47143,8.728572,74.85714,2.9285715,2.5428574,3.0714285,8.442857,17.071428,0.0014055967,0.012266852,9.565127e-06,7.132441e-05,8.783117e-05,False
2001-06-11,674.03,99.5,11.642858,15.428572,8.042857,82.17143,2.1285713,1.9571428,2.4142857,10.014286,14.942857,0.0034243092,0.011855409,2.0322345e-06,1.8201768e-05,0.0,True
2001-06-18,674.43,51.3,13.257143,19.157145,7.514286,72.34286,3.0142858,2.985714,3.3142858,10.728572,17.071428,0.0026866272,0.013268232,-7.345365000000001e-25,0.0,0.0,True
2001-06-25,674.47,4.1,14.814286,21.128572,7.7571435,64.61429,3.742857,3.2142856,4.0142856,10.142858,19.285715,0.00040103495,0.0146533325,-7.345365000000001e-25,3.7252903e-09,0.0,True
2001-07-02,674.34,23.1,17.742857,23.84286,11.671428,69.21429,3.7714288,3.2142856,4.085714,9.185715,22.27143,0.0031414926,0.014602058,-7.345365000000001e-25,7.450581e-09,0.0,True
2001-07-09,674.09,11.0,17.828571,24.5,11.171428,67.75715,3.9571426,3.0857143,4.2714286,8.414286,21.714285,0.0012755543,0.013452195,-7.345365000000001e-25,7.450581e-09,0.0,True
2001-07-16,673.72,39.399998,15.557143,20.085714,10.971429,79.4,2.6571429,2.3142855,2.9285715,8.685715,19.257143,0.0047784746,0.012821056,-7.345365000000001e-25,3.7252903e-09,0.0,True
2001-07-23,673.37,28.6,13.985715,18.857143,9.67143,78.85714,2.6571429,2.457143,3.0285716,10.028571,17.914286,0.0004441142,0.011539109,-7.345365000000001e-25,3.7252903e-09,0.0,True
2001-07-30,673.0,0.6,19.52857,26.885714,12.557143,66.8,3.7428572,2.9857142,4.5,8.9,23.842857,6.097555e-05,0.010797121,-7.345365000000001e-25,9.313226e-09,0.0,True
2001-08-06,672.63,72.4,18.800001,24.685715,13.271429,72.42857,3.3142858,2.7571428,3.642857,8.442857,22.642857,0.0018231124,0.009806089,-7.345365000000001e-25,9.313226e-09,0.0,True
2001-08-13,672.34,42.2,15.042857,20.628572,10.142858,76.24286,2.7,2.457143,3.0714285,9.257143,19.428572,0.001425162,0.009076387,-7.345365000000001e-25,1.8626451e-09,0.0,True
2001-08-20,672.08,16.5,18.84286,25.685715,13.085714,74.957146,2.9428573,2.7142856,3.5142858,8.757143,22.842857,0.00013335049,0.008410059,-7.345365000000001e-25,5.5879354e-09,0.0,True
2001-08-27,671.84,0.2,18.37143,25.785715,11.557143,74.51429,2.9,2.3285713,3.5714285,8.357142,22.357143,7.148087e-05,0.0077463686,-7.345365000000001e-25,7.450581e-09,0.0,True
2001-09-03,671.61,23.4,13.728571,18.657145,9.442857,82.328575,1.7714288,1.4857142,2.0571427,8.328571,17.685715,0.00025121868,0.0070573688,-7.345365000000001e-25,1.8626451e-09,0.0,True
2001-09-10,671.42,101.9,9.985715,12.857142,7.8714285,85.8,1.3571428,1.3428572,1.4142857,9.957143,12.1285715,0.005701691,0.010056123,-7.345365000000001e-25,5.5879354e-09,0.0,True
2001-09-17,671.8,61.5,8.728572,11.828572,6.057143,85.85714,1.0571429,1.0999999,1.3000001,10.942857,10.3,0.004066184,0.011172943,1.0217939e-07,5.643815e-07,1.0691583e-06,True
2001-09-24,671.88,27.9,9.142858,12.557143,5.971429,88.72858,0.94285715,0.94285715,1.1428572,11.114285,10.885715,0.0005149245,0.016200662,6.2442965e-08,5.3457916e-07,0.0,True
2001-10-01,671.94,16.6,10.885714,16.642857,5.6714287,82.314285,0.9857143,0.95714283,1.4142857,10.642858,12.485714,0.00032529235,0.017540738,-7.345365000000001e-25,0.0,0.0,True
2001-10-08,671.93,18.0,12.471429,19.52857,7.7714286,82.6,1.2857143,1.2428571,1.6142857,10.314285,14.4,0.00023296475,0.016895145,-7.345365000000001e-25,1.8626451e-09,0.0,True
2001-10-15,671.8,1.2,11.514287,20.100002,6.114286,81.67143,1.0999999,0.9857143,1.3285714,9.985714,14.171429,1.5594065e-05,0.015758455,-7.345365000000001e-25,0.0,0.0,True
2001-10-22,671.63,22.2,11.028572,17.814287,6.1857147,85.88572,0.84285706,0.75714284,1.0857143,9.7,13.2,0.0014905408,0.014316127,-7.345365000000001e-25,1.8626451e-09,0.0,True
2001-10-29,671.47,25.7,9.485715,14.342857,5.2714286,85.34286,0.7571429,0.7571429,0.87142855,10.4,10.485714,0.0003437698,0.0129740015,-7.345365000000001e-25,3.7252903e-09,0.0,True
2001-11-05,671.35,13.5,5.871429,12.585715,1.1428572,80.37144,0.7,0.68571424,0.82857144,10.257143,7.5571427,0.00020332634,0.011934511,5.336035e-07,1.6540289e-06,1.7695129e-06,True
2001-11-12,671.36,41.2,1.6285714,4.642857,-0.6285715,86.02857,0.4857143,0.4857143,0.55714285,10.828571,3.5142858,0.0016121939,0.011751518,0.0029377823,0.0009143371,0.005845774,True
2001-11-19,671.2,13.1,-2.2857144,1.4000002,-5.285714,91.9,0.10000001,0.10000001,0.31428573,10.542857,0.47142857,0.00010985136,0.010946736,0.009581293,0.004605131,0.007892281,True
2001-11-26,671.14,61.3,-0.27142859,2.7,-2.757143,90.700005,0.18571429,0.18571429,0.3285714,10.942857,0.41428572,0.0007405728,0.010667019,0.018304154,0.012211164,0.030809542,True
2001-12-03,671.27,60.9,4.2285714,5.857143,2.3857143,93.042854,0.20000002,0.20000002,0.31428573,11.471429,3.0428572,0.0036007464,0.018851861,0.016789487,0.030593498,0.0073435158,True
2001-12-10,673.77,12.6,0.7571429,3.1000001,-0.98571426,87.3,0.21428573,0.21428573,0.3857143,10.742857,2.4285715,0.0007368922,0.03162965,0.0018640927,0.0037410483,0.0014539696,True
2001-12-17,674.25,4.5,-6.8428574,-3.5142858,-10.6285715,82.328575,0.0,0.0,0.21428572,10.3714285,-1.4857143,3.3453107e-06,0.031831875,0.005056239,0.00013196096,0.004902024,True
2001-12-24,673.83,27.4,-6.371429,-2.557143,-12.2,84.700005,0.014285714,0.014285714,0.25714287,10.342857,-0.82857144,8.419156e-07,0.026793078,0.011853667,3.5248697e-05,0.016185373,True
2001-12-31,673.6,93.1,-1.057143,1.9142858,-4.9428573,83.3,0.3285714,0.3285714,0.54285717,11.042857,0.114285715,0.0055714995,0.018896423,0.03719233,0.013539601,0.03399284,True
2002-01-07,675.39,0.1,-9.157143,-1.0714285,-14.028572,84.17143,0.0,0.0,0.18571429,10.528571,-0.2,3.7252903e-08,0.018866502,0.04266121,2.0619482e-06,9.4115734e-05,True
2002-01-14,675.25,0.4,-6.228572,0.55714285,-11.071428,88.78571,0.028571429,0.028571429,0.17142858,10.271428,-0.34285715,2.8677285e-05,0.016724698,0.04123083,0.0015052427,0.00044409186,True
2002-01-21,674.68,13.0,-1.4,2.5428574,-5.857143,84.87144,0.25714287,0.25714287,0.45714286,10.214286,-0.17142858,0.00023813546,0.014776677,0.038300306,0.007960513,0.004339315,True
2002-01-28,674.07,31.6,5.1,8.314286,1.3285714,77.72858,0.9142858,0.9142858,0.94285715,10.285714,2.442857,0.0021209791,0.0137094185,0.019984325,0.034226477,8.048117e-05,True
2002-02-04,673.87,0.2,4.5000005,12.842857,-0.34285715,71.42857,0.9285715,0.82857144,0.95714283,10.071428,4.1714287,5.4828823e-05,0.012733497,0.0011242004,0.0021894034,0.0,True
2002-02-11,673.52,34.8,4.5,7.9714284,0.7571429,80.71429,0.7714285,0.7571429,0.88571423,10.414286,4.0857143,0.0008397475,0.012534492,0.0029774564,0.010166695,0.010076553,True
2002-02-18,673.14,4.2000003,3.414286,7.214286,0.41428575,77.77143,0.9,0.8000001,0.9857143,10.028571,3.9285715,5.5119395e-05,0.013067655,0.00023441656,0.0008012764,0.0010313205,True
2002-02-25,672.8,60.9,1.0142858,3.8142858,-2.4857142,84.9,0.7285714,0.71428573,0.7,10.671429,1.5571429,0.0013485327,0.01375699,0.0163999,0.0175591,0.04007151,True
2002-03-04,673.47,50.8,3.2000003,7.285714,-0.40000004,80.54286,0.9714286,0.9714286,0.95714283,11.042857,3.6285715,0.0017615706,0.025010921,0.0063646976,0.024338698,0.0037269108,True
2002-03-11,674.59,0.4,5.2428575,12.0,-0.84285724,71.54286,1.5,1.3285713,1.4571428,10.042857,6.4428573,0.00015187263,0.027451187,0.0006223917,0.0027567204,1.2904406e-05,True
2002-03-18,674.44,9.5,7.3142858,16.2,0.21428573,69.557144,1.7428571,1.3714286,1.7857143,9.257143,9.6285715,4.568696e-05,0.0242161,5.131676e-06,2.5492162e-05,0.0,True
2002-03-25,674.45,84.9,4.8142858,7.4857144,2.9857144,84.42857,0.98571426,0.98571426,1.0714285,11.385715,6.1857142,0.009980321,0.02936048,0.0015960989,0.0006619226,0.0059464984,True
2002-04-01,674.2778931850079,0.0,3.8714287,11.471429,-3.1285713,66.3,1.8142855,1.5285714,1.9571428,10.042857,6.542857,9.8861754e-05,0.028750002,0.001997136,0.0045829564,5.353242e-06,True
2002-04-08,674.26,0.1,6.357143,12.557143,-1.1714286,59.957146,2.2428572,1.7142857,2.3,9.014286,9.414286,4.708767e-06,0.024135888,1.4742215e-05,0.000104792416,1.2852252e-06,True
2002-04-15,673.75,35.0,5.4857144,10.342857,0.88571435,77.22858,1.4571428,1.1857141,1.6285714,8.771428,8.228572,0.00046294928,0.019326039,0.00067972566,0.0020563602,0.006607767,True
2002-04-22,673.33,3.4,6.057143,11.342857,0.7571429,77.98572,1.3714286,1.2285713,1.7142857,9.142858,8.242857,0.00016386807,0.01587262,0.001065873,0.0044825412,6.5416098e-06,True
2002-04-29,672.95,52.399998,9.3,14.428572,3.7142856,75.4,2.3,2.1285713,2.3714287,10.028571,11.6285715,0.0012777075,0.013578646,2.1514438e-06,1.5322119e-05,0.0,True
2002-05-06,672.64,30.5,8.571428,12.385715,5.4857144,81.35714,1.6142857,1.4142858,1.8571428,10.085714,11.414286,0.00060257316,0.012226582,1.5099844e-06,9.696931e-06,1.15484e-05,True
2002-05-13,672.42,31.600002,13.385715,19.6,7.057143,72.22857,2.8,2.5285716,2.9428573,9.828571,15.671429,0.00027181208,0.011189297,1.7597561e-07,2.041459e-06,0.0,True
2002-05-20,672.24,62.0,14.228572,20.942858,8.071428,67.12858,3.2857144,2.8714287,3.6714287,9.842857,17.785715,0.0056671947,0.010992326,-7.2791902999999985e-25,0.0,0.0,True
2002-05-27,672.25,67.100006,11.5,17.714285,6.1285715,80.48572,2.3714287,2.2714286,2.642857,10.428572,15.885715,0.004321009,0.010397203,-7.2791902999999985e-25,0.0,0.0,True
2002-06-03,672.4,7.1000004,13.400001,19.142857,5.6857142,69.74286,3.142857,2.757143,3.357143,10.3,17.042856,0.00017922372,0.009870432,-7.2791902999999985e-25,0.0,0.0,True
2002-06-10,672.82,119.5,14.242858,19.27143,10.414286,79.07143,2.4428573,2.3,2.7,10.157143,17.414286,0.0036766753,0.011201218,-7.2791902999999985e-25,0.0,0.0,True
2002-06-17,674.51,0.5,19.085714,25.442858,10.885715,65.48572,4.4428573,3.8,4.6857142,9.714286,22.214285,5.696714e-05,0.011699863,-7.2791902999999985e-25,1.1175871e-08,0.0,True
2002-06-24,674.86,32.8,21.757143,29.085714,14.985715,71.48572,4.4999995,3.7,4.7000003,8.614285,25.685715,0.0006321147,0.011234529,-7.2791902999999985e-25,3.7252903e-09,0.0,True
2002-07-01,674.45,13.8,15.5,21.300001,9.028571,70.14286,3.7428572,3.3999999,3.9142857,9.528571,20.985714,0.00018745661,0.01026547,-7.2791902999999985e-25,3.7252903e-09,0.0,True
2002-07-08,673.93,48.800003,15.471429,21.228573,10.571428,78.71429,3.042857,2.8857143,3.2857144,9.242857,19.685715,0.00029495358,0.009256028,-7.2791902999999985e-25,3.7252903e-09,0.0,True
2002-07-15,673.48,31.9,17.014286,22.671429,12.442857,79.11428,2.7857144,2.6000001,3.2142856,9.2,20.514286,0.0003412813,0.008294925,-7.2791902999999985e-25,7.450581e-09,0.0,True
2002-07-22,673.57,49.4,15.885714,21.028574,11.414286,80.24286,2.7285714,2.5714285,3.0857143,10.328571,19.528572,0.004993193,0.009615496,-7.2791902999999985e-25,7.450581e-09,0.0,True
2002-07-29,673.71,11.8,16.628572,22.114286,11.142858,77.22858,2.8142855,2.4285715,3.2571428,9.614285,19.985714,0.0002856329,0.0072347894,-7.2791902999999985e-25,1.1175871e-08,0.0,True
2002-08-05,673.33,35.6,17.642857,23.542858,12.871429,76.685715,2.9857142,2.8142855,3.4714286,10.1,21.171429,0.007661015,0.011609636,-7.2791902999999985e-25,7.450581e-09,0.0,True
2002-08-12,673.4,204.9,13.471429,16.785715,10.957143,91.54286,1.6142857,1.6285715,1.7857143,11.314285,16.914286,0.042144388,0.028534234,-7.2791902999999985e-25,3.7252903e-09,0.0,True
2002-08-19,676.83,0.0,16.114286,23.714285,9.642858,76.77143,2.8142858,2.4571426,3.4142857,10.271428,20.514286,0.00013189763,0.03441576,-7.2791902999999985e-25,7.450581e-09,0.0,True
2002-08-26,676.97,81.9,16.671429,23.571428,10.7,81.61428,2.4,2.2571428,2.8285713,10.028571,21.114286,0.00034938008,0.027774908,-7.2791902999999985e-25,9.313226e-09,0.0,True
2002-09-02,676.46,28.6,15.7,20.528574,11.728571,87.328575,1.5857143,1.4714286,2.0857143,9.985714,18.857143,0.00037098676,0.021453284,-7.2791902999999985e-25,9.313226e-09,0.0,True
2002-09-09,675.91,37.7,14.957144,21.114286,9.828572,80.77143,1.9571428,1.9142857,2.3999999,10.385715,18.1,0.0005683005,0.017401695,-7.2791902999999985e-25,1.8626451e-09,0.0,True
2002-09-16,675.4,7.6,11.085715,16.571428,6.8428574,78.41429,1.5714285,1.4714285,1.9428571,10.3714285,14.928572,0.0022815317,0.01479996,-7.2791902999999985e-25,0.0,0.0,True
2002-09-23,674.93,68.1,11.400001,15.728572,7.471429,88.41429,1.1142857,1.0428572,1.3428571,10.671429,14.285714,0.0017990544,0.013472304,-7.2791902999999985e-25,1.8626451e-09,0.0,True
2002-09-30,675.15,45.7,5.0428576,9.385714,1.3428572,87.72858,0.74285716,0.74285716,0.9714286,11.6,7.1857142,0.0014716163,0.01366628,0.0008750473,0.0038760845,0.0038329586,True
2002-10-07,675.72,43.0,8.514286,13.514287,4.042857,86.314285,0.8428572,0.8,1.1285714,10.642858,10.814285,0.0016871467,0.014412589,7.169587e-06,4.612282e-05,0.0,True
2002-10-14,675.66,32.199997,6.8142858,10.67143,2.7000003,89.74286,0.55714285,0.55714285,0.81428576,10.614285,8.242857,0.00058626384,0.0156845,-7.2791902999999985e-25,1.6763806e-08,0.0,True
2002-10-21,675.59,47.199997,7.6714287,12.285714,4.214286,87.75714,0.85714287,0.85714287,0.85714287,11.357142,8.814285,0.002323456,0.021272413,9.309678e-06,5.0654635e-05,5.6281686e-05,True
2002-10-28,675.7,8.0,8.8,13.414286,4.857143,74.15715,1.2571429,1.2428572,1.4571428,10.714286,8.8,0.00027161092,0.02521447,1.930055e-06,1.1175871e-05,1.0613352e-05,True
2002-11-04,675.53,80.899994,7.8571434,12.414286,4.1,85.27143,0.5857143,0.55714285,0.7714286,10.8714285,8.485714,0.0029797405,0.024505988,2.9177893e-06,1.08946115e-05,3.4190714e-05,True
2002-11-11,676.0,62.100002,3.2285714,5.9857144,0.4857143,91.65715,0.45714286,0.45714286,0.45714286,11.571428,4.5571427,0.0033573657,0.03349652,0.0037355537,0.01122383,0.011511162,True
2002-11-18,677.15,22.4,4.828572,10.257143,1.0857143,88.97143,0.3857143,0.3857143,0.44285718,11.014286,5.542857,0.0006326884,0.04888665,0.00037432284,0.0011123549,0.0,True
2002-11-25,677.25,19.4,4.957143,9.285714,1.2714285,85.87144,0.3285714,0.3285714,0.42857143,10.971429,4.928571,0.00078472495,0.040997796,5.330358e-05,0.00014037453,0.00011799857,True
2002-12-02,676.94,29.7,4.0142856,6.3857145,2.2142859,93.88572,0.22857141,0.22857141,0.2857143,10.957143,4.8,0.000747025,0.033052735,0.0001839967,0.00029091164,0.0015124604,True
2002-12-09,676.57,7.7,0.09999997,1.4,-0.90000004,91.457146,0.08571429,0.08571429,0.2857143,10.557143,1.2714286,6.29127e-05,0.02808658,0.002996371,0.0018258747,0.0032420233,True
2002-12-16,676.15,37.199997,-2.0,2.0857143,-5.142857,91.185715,0.08571429,0.071428575,0.20000002,10.342857,-0.67142856,0.00018148124,0.023538046,0.0020973512,0.0013153628,0.00041759014,True
2002-12-23,675.78,31.1,2.8857143,5.1714287,0.0,91.0,0.18571429,0.18571429,0.34285715,11.0,1.4142857,0.0019330531,0.020271309,0.0013937269,0.00249153,0.0008523986,True
2002-12-30,675.65,41.3,5.428571,7.8857145,2.4714284,89.92857,0.35714287,0.35714287,0.4857143,10.8,4.042857,0.0005890131,0.018388137,8.4877014e-05,0.00024532154,9.742379e-05,True
2003-01-06,676.2854553182336,54.0,2.9714284,6.1285715,1.0142857,83.8,0.4,0.4,0.6571428,10.8,5.8,0.0011695772,0.018472508,0.0014021738,0.00033792853,0.0056356266,False
2003-01-13,675.99,15.099999,-9.257143,-6.1142855,-13.357142,83.74286,0.0,0.0,0.25714287,10.514286,-0.7,1.7881393e-07,0.02125705,0.0062711067,0.0,0.006533224,True
2003-01-20,675.94,0.7,-1.1,3.8,-5.285714,87.85714,0.3142857,0.3142857,0.32857147,10.314285,-0.014285714,0.00016380847,0.020576134,0.010065215,0.0069109704,0.0027335174,True
2003-01-27,675.49,42.699997,0.4857143,3.0285716,-1.7857143,90.07143,0.22857144,0.22857144,0.4,10.557143,0.2,0.00020356476,0.018875793,0.01628018,0.005660694,0.025241714,True
2003-02-03,675.1,75.7,-3.1857145,0.18571429,-6.642857,87.92857,0.25714287,0.25714287,0.45714286,10.942857,0.34285715,0.001800485,0.01713369,0.040011883,0.008074075,0.044744384,True
2003-02-10,674.73,32.5,-2.7,-0.44285718,-5.4428573,90.41429,0.042857144,0.042857144,0.35714287,11.171429,0.15714286,7.4505806e-08,0.015731849,0.08862909,0.0,0.035477977,True
2003-02-17,674.35,0.6,-6.657143,-3.8714287,-9.442857,83.6,0.0,0.0,0.41428572,10.357142,0.17142858,0.0,0.014300786,0.0973047,0.0,0.00030532852,True
2003-02-24,674.0,0.0,-7.285714,1.4142858,-13.914286,80.34286,0.25714284,0.24285714,0.5428571,10.228572,0.2,2.7872622e-05,0.012911543,0.09542865,0.0017003603,5.915761e-06,True
2003-03-03,673.73,9.099999,1.8999999,10.057143,-4.0857143,71.314285,0.9714286,0.8714286,1.0571429,9.971429,1.0714285,0.0012520999,0.011651836,0.07896255,0.035231203,0.0017711334,True
2003-03-10,673.63,7.1,3.1142857,9.671428,-1.7428571,73.92857,1.2142857,1.1,1.3285714,9.985714,3.9571428,0.0027189553,0.011831589,0.034141928,0.04881022,0.0016344339,True
2003-03-17,673.94,9.400001,3.0857143,8.814286,-1.4714286,65.58572,1.3571427,1.2285713,1.5571429,9.828571,4.6714287,0.0006622374,0.014319792,0.004939437,0.00983165,0.0002369918,True
2003-03-24,674.31,0.0,3.557143,12.242858,-3.4428573,65.88572,1.8857144,1.4857143,1.8142856,9.3,6.3142858,4.7653913e-05,0.015890464,0.0009816261,0.0022302456,0.0,True
2003-03-31,674.14,13.8,8.785714,16.528572,1.7428571,70.828575,1.9714286,1.557143,2.0428572,8.6285715,10.814285,0.00013376027,0.015010282,4.969892e-05,0.00019979477,0.0,True
2003-04-07,673.82,25.5,2.0571427,7.1857142,-2.2714286,80.57143,1.2,1.0571429,1.3857143,9.085714,5.4,0.00034925342,0.013735846,0.0026825382,0.0042960383,0.009035539,True
2003-04-14,673.48,3.0,4.285714,9.742858,-1.7,70.97143,1.6714286,1.4571428,1.8571428,9.228572,6.4428573,0.0002226159,0.012521818,0.0037600766,0.00923289,0.005533822,True
2003-04-21,673.07,3.2,9.742858,16.171429,1.5285714,60.4,3.0,2.3142858,2.8428571,8.3,12.1285715,2.2776425e-05,0.011165708,2.9512814e-05,0.00026702695,5.029142e-06,True
2003-04-28,672.75,10.6,11.014287,18.728573,4.157143,69.814285,2.8714283,2.142857,2.9714284,7.7,14.071428,0.000119805336,0.009855993,-7.2791902999999985e-25,3.2037497e-07,0.0,True
2003-05-05,672.41,16.1,13.514287,21.17143,5.7000003,64.85714,3.4285712,2.5142858,3.3285713,7.114286,15.8714285,0.0002129525,0.008632466,-7.2791902999999985e-25,0.0,0.0,True
2003-05-12,672.09,20.3,16.014286,21.757143,10.757143,74.38572,2.9714286,2.1142857,3.1857142,6.928571,18.685715,0.00031713396,0.0074937046,-7.2791902999999985e-25,7.450581e-09,0.0,True
2003-05-19,671.83,46.9,10.014285,16.185715,4.6285715,76.41429,2.3285713,2.1285713,2.5571427,8.157143,13.457143,0.0003446713,0.006668031,-7.2791902999999985e-25,1.4901161e-08,9.313226e-09,True
2003-05-26,671.6,35.6,11.771429,16.185715,7.3428574,82.25715,2.3142858,2.0285714,2.3857143,8.414286,14.857142,0.000520356,0.0060370117,-7.2791902999999985e-25,0.0,0.0,True
2003-06-02,671.56,33.5,17.142857,23.128572,11.528572,76.21429,3.1571429,2.6714287,3.5285716,8.228572,20.12857,0.0002882257,0.0055944845,-7.2791902999999985e-25,3.7252903e-09,0.0,True
2003-06-09,671.5518108459678,23.4,20.157145,26.77143,14.0,72.185715,3.9857144,3.1857142,4.6142855,7.7714286,23.885714,9.377301e-05,0.005106926,-7.2791902999999985e-25,7.450581e-09,0.0,False
2003-06-16,671.49,11.5,20.914288,27.857143,14.657144,69.91429,4.5,3.4714284,4.6857142,7.0571427,25.5,0.00012181699,0.0046099275,-7.2791902999999985e-25,1.1175871e-08,0.0,True
2003-06-23,671.35,9.2,19.67143,25.800001,12.357142,62.58572,4.7285714,3.0142858,4.7000003,6.614286,23.071428,0.00011917949,0.004139498,-7.2791902999999985e-25,7.450581e-09,0.0,True
2003-06-30,671.25,21.9,20.47143,27.757143,13.857142,68.328575,4.2714286,2.5714285,4.5285716,5.857143,24.542856,0.000114142895,0.003692858,-7.2791902999999985e-25,7.450581e-09,0.0,True
2003-07-07,671.15,29.9,14.257143,20.028574,10.1,81.74286,2.7714286,2.4285715,3.0285716,7.1,18.257143,0.0005009994,0.0033439845,-7.2791902999999985e-25,7.450581e-09,0.0,True
2003-07-14,671.08,0.1,18.728573,25.571428,11.1,62.5,4.457143,2.6857145,4.642857,6.2,23.77143,8.9854e-06,0.0030229017,-7.2791902999999985e-25,3.7252903e-09,0.0,True
2003-07-21,671.0,50.8,19.300001,26.828571,11.814286,70.4,4.1857142,2.9571426,4.2428575,5.9,23.2,0.002684161,0.0026899427,-7.2791902999999985e-25,3.7252903e-09,0.0,True
2003-07-28,670.95,73.0,18.171429,24.5,12.8714285,77.91429,3.4571426,2.9142857,3.7142856,6.2285714,22.428572,0.0009810477,0.0024350584,-7.2791902999999985e-25,1.1175871e-08,0.0,True
2003-08-04,670.94,2.1999998,18.514286,25.885715,11.1285715,73.85714,3.6857142,2.7571428,4.0571427,6.4,22.814285,1.4811754e-05,0.0022285208,-7.2791902999999985e-25,7.450581e-09,0.0,True
2003-08-11,670.9,0.0,22.600002,32.100002,14.357142,61.485718,4.842857,1.9285716,5.0,5.2,26.471428,5.3942204e-06,0.0020032004,-7.2791902999999985e-25,7.450581e-09,0.0,True
2003-08-18,670.85,21.5,20.357143,27.542858,14.300001,73.17143,3.6000001,1.8571428,3.857143,5.0285716,24.12857,0.00013017654,0.0017930344,-7.2791902999999985e-25,3.7252903e-09,0.0,True
2003-08-25,670.82,0.0,18.4,26.428572,11.557143,70.17143,3.3285716,1.6428572,3.7714286,5.0142856,23.042856,6.943941e-06,0.00162559,-7.325276e-25,9.313226e-09,0.0,True
2003-09-01,670.78,55.5,14.900001,20.928572,9.857142,78.42857,2.4428573,1.2857143,2.3999999,5.3285713,18.7,0.00024386495,0.0014640018,-7.345365000000001e-25,7.450581e-09,0.0,True
2003-09-08,670.75,5.5,12.257143,19.314287,6.285714,75.85714,1.9285713,1.5857143,2.2285714,5.957143,15.742857,3.941357e-05,0.0013564155,-7.345365000000001e-25,1.8626451e-09,0.0,True
2003-09-15,670.73,25.599998,11.242857,16.3,6.571429,81.51429,1.5142858,1.2714287,1.7857143,6.0142856,13.8714285,0.0004041046,0.0012686178,-7.345365000000001e-25,1.8626451e-09,0.0,True
2003-09-22,670.71,0.0,14.485715,24.628572,7.085714,72.88572,2.285714,1.6285714,2.6285713,5.6,18.028572,4.4703484e-08,0.0011848658,-7.345365000000001e-25,3.7252903e-09,0.0,True
2003-09-29,670.7,28.099998,10.900001,17.142857,6.3285713,82.24286,1.3999999,1.0571429,1.6428572,5.542857,14.157143,0.00014191866,0.0011114031,-7.345365000000001e-25,1.8626451e-09,0.0,True
2003-10-06,670.68,111.4,9.742858,14.742858,5.214286,87.185715,0.91428566,0.8714285,1.0857142,7.114286,11.328571,0.0022489727,0.0010550618,7.667996e-05,0.00035589933,0.0006103739,True
2003-10-13,671.0,64.1,7.1571426,11.028572,3.1571429,88.51429,0.84285706,0.8714285,0.9142857,10.6285715,8.685715,0.0039039254,0.002427727,0.000364349,0.0024762899,0.0021515265,True
2003-10-20,671.16,7.5,4.142857,10.328572,-0.78571427,79.72858,0.71428573,0.6857143,0.9285714,9.842857,6.357143,5.1371753e-05,0.0010660961,1.2885956e-06,5.4091215e-06,1.5646219e-07,True
2003-10-27,671.18,11.7,0.14285718,4.7999997,-3.1857145,84.82857,0.37142855,0.34285715,0.5857143,10.2,2.7714286,0.00012584403,0.0011004657,0.0020939964,0.0010873582,0.004048981,True
2003-11-03,671.11,18.7,3.9714286,9.585714,-1.2571429,84.97143,0.64285713,0.64285713,0.67142856,10.228572,4.3,0.00046434999,0.0011385977,0.001362653,0.00358269,0.00111828,True
2003-11-10,671.04,0.1,3.1714287,10.428572,-1.3000001,80.57143,0.48571426,0.45714286,0.55714285,10.057143,4.0285716,1.514703e-05,0.0012015775,0.00014016742,0.00045801327,3.4049153e-06,True
2003-11-17,670.97,43.300003,3.6000001,8.257143,0.17142856,88.48572,0.31428573,0.29999998,0.41428572,10.3714285,4.285714,0.0006990433,0.0012875199,3.810156e-05,0.00010340661,0.0003284365,True
2003-11-24,670.95,0.0,5.085715,12.928572,0.42857143,82.87144,0.3857143,0.35714287,0.45714286,10.185715,4.3285713,1.9520521e-05,0.0014544055,8.029597e-05,0.00024797954,1.1175871e-07,True
2003-12-01,670.94,43.800003,2.614286,5.8428574,-0.31428576,94.21429,0.18571429,0.17142858,0.3,10.6,3.142857,0.0003335774,0.0016408786,0.0146793695,0.008807208,0.034616586,True
2003-12-08,670.95,3.3,1.5714285,5.642857,-1.7,82.58572,0.12857144,0.12857144,0.3285714,10.428572,1.9,0.0004464835,0.0018583387,0.015070382,0.017080264,0.0005014688,True
2003-12-15,670.97,22.4,0.82857144,5.5285716,-3.557143,81.74286,0.4142857,0.4,0.5714286,10.528571,0.42857143,0.0017321035,0.0026488677,0.007244252,0.007391935,0.015195966,True
2003-12-22,670.96,36.0,-1.0857143,3.057143,-5.214286,87.6,0.21428572,0.21428572,0.32857147,10.8,0.5714286,0.00030317903,0.0028793663,0.022527104,0.0071350913,0.020559382,True
2003-12-29,671.02,7.9,-4.3857145,1.4857142,-9.957144,82.0,0.11428572,0.11428572,0.31428573,10.514286,-0.1,0.00012408197,0.0035653412,0.029553,0.004527649,0.004172504,True
2004-01-05,671.03,14.0,-3.1571429,-1.6428572,-4.9,89.27143,0.0,0.0,0.31428573,10.45,0.0,0.0,0.00411544,0.036811404,0.0,0.015299922,True
2004-01-12,671.03,63.0,1.9142857,4.2285714,-0.64285713,90.90001,0.41428572,0.41428572,0.45714286,11.057143,0.6571429,0.0028880462,0.0063603073,0.042963214,0.030350877,0.012191314,True
2004-01-19,673.18,115.6,1.5142858,4.042857,-0.8,87.42857,0.5,0.5,0.5285714,11.657143,1.5285715,0.009970196,0.018316269,0.02528421,0.017902216,0.024961576,True
2004-01-26,674.71,26.8,-5.1857147,-0.9285714,-9.457144,89.042854,0.042857144,0.042857144,0.2857143,11.085714,0.2,4.5746565e-06,0.01537995,0.060919303,7.518381e-05,0.033197183,True
2004-02-02,674.33,26.5,-0.24285705,2.957143,-4.7999997,75.27143,0.5857143,0.5428571,0.9857143,10.485714,0.51428574,0.00018238276,0.014966123,0.08157564,0.00971237,0.01757364,True
2004-02-09,673.69,9.400001,2.9714284,9.071428,-0.82857144,70.24286,1.1571428,1.0714287,1.3142856,9.928572,2.9714286,0.0010347813,0.014500089,0.059499253,0.031739406,0.014238257,True
2004-02-16,673.21,24.7,-0.09999999,3.414286,-2.9714286,82.77143,0.41428572,0.41428572,0.64285713,10.314285,0.71428573,0.00019855797,0.014131404,0.06706934,0.008715188,0.01719451,True
2004-02-23,673.69,20.2,-0.07142854,4.2428575,-3.3285716,82.614296,0.34285715,0.29999998,0.7714286,10.157143,0.55714285,0.0004119575,0.013889089,0.060560185,0.016150363,0.015372153,True
2004-03-01,672.57,3.1000001,-6.2428575,-1.0571429,-11.371429,79.21429,0.08571429,0.08571429,0.6571428,10.5,0.14285715,2.8118491e-05,0.013724737,0.06335998,0.0011761915,0.0061107874,True
2004-03-08,672.22,10.5,-0.9285715,3.2,-5.228572,78.3,0.50000006,0.50000006,0.88571423,10.271428,0.3857143,0.00031629205,0.013348907,0.064472355,0.011330795,0.008769002,True
2004-03-15,671.9,2.7,0.44285718,6.6571426,-5.014286,77.27143,0.84285724,0.8,1.1857144,10.157143,2.2857144,0.00092190504,0.012837723,0.057188004,0.026569862,0.004561059,True
2004-03-22,671.81,11.500001,7.9428573,15.285714,2.5714285,68.957146,2.0714285,1.7714285,2.0571427,9.571428,9.242857,0.0023747832,0.015418008,0.014635818,0.039210003,4.123524e-05,True
2004-03-29,672.26,47.0,0.12857144,3.5857146,-3.4428573,83.28571,0.71428573,0.71428573,1.0285714,10.657143,2.142857,0.0006247312,0.018695273,0.020238746,0.018653238,0.031889834,True
2004-04-05,672.73,11.4,7.5,14.285714,0.82857144,69.34286,2.0571427,1.7714287,2.042857,9.714286,9.057143,0.00063218176,0.01854445,0.0022886992,0.012447445,0.0,True
2004-04-12,672.8508342110398,45.300003,3.0857143,6.5142856,-0.057142872,81.75714,1.3714286,1.3285714,1.3285713,10.257143,5.4714284,0.0007531792,0.018208355,0.002100621,0.0074949935,0.008256858,True
2004-04-19,673.105,12.8,7.6142855,13.457144,1.4285715,70.37143,2.085714,1.8285713,2.1285715,9.714286,9.828571,0.00022035837,0.017879613,0.00027576514,0.0011215527,0.0008204058,True
2004-04-26,673.16,4.8,9.528571,15.942858,2.4,67.5,2.5857143,2.1571429,2.7,9.342857,12.542857,0.000276722,0.016437903,0.000103609906,0.0006690975,0.0,True
2004-05-03,672.97,5.2,11.528572,18.257143,4.8285713,69.78571,2.7428572,2.2,2.7857144,8.657143,14.971429,0.0010888726,0.014621429,-7.2791902999999985e-25,2.8312206e-07,0.0,True
2004-05-10,672.69,76.3,6.2000003,9.985715,3.4714286,84.12858,1.5,1.4285715,1.5571429,9.342857,9.257143,0.0010795146,0.013194561,0.00043331442,0.0025488548,0.0025369376,True
2004-05-17,672.5,2.9,10.17143,15.942857,4.0857143,72.61429,2.4571426,2.1285713,2.6714287,9.514286,13.4,0.00025768578,0.012505583,5.6879862e-06,4.7463924e-05,0.0,True
2004-05-24,672.32,25.800001,11.67143,17.571428,5.428572,67.1,3.1285713,2.6714287,3.1714287,9.385715,15.585714,0.0007854998,0.011681594,-7.2791902999999985e-25,3.7252903e-09,0.0,True
2004-05-31,671.9409342689455,26.3,11.685715,17.557142,5.1,69.21429,3.0285716,2.6714287,3.1571429,9.2,15.8714285,0.0007274002,0.010792315,-7.2791902999999985e-25,0.0,0.0,True
2004-06-07,671.995,61.7,11.8714285,16.314287,7.7571435,82.24286,2.0857143,2.0428572,2.4714284,10.414286,14.8714285,0.0030650422,0.011080429,-7.2791902999999985e-25,0.0,0.0,True
2004-06-14,671.85,21.900002,16.27143,22.114286,10.428572,70.4,3.542857,3.1142857,3.6571429,9.742857,19.514286,0.0012696534,0.010010049,-7.2791902999999985e-25,3.7252903e-09,0.0,True
2004-06-21,671.87,29.5,13.542857,17.97143,9.1,76.01429,2.7857144,2.614286,2.8714287,9.671429,17.057142,0.000550963,0.009609431,-7.2791902999999985e-25,3.7252903e-09,0.0,True
2004-06-28,671.78,43.9,16.242857,21.314285,11.114286,70.58572,3.6000001,3.1285713,3.4857142,9.2,18.757143,0.0009076148,0.009191245,-7.2791902999999985e-25,3.7252903e-09,0.0,True
2004-07-05,671.67,36.699997,15.885715,21.014286,10.528572,68.957146,3.5857143,2.8142855,3.642857,8.185715,19.442858,0.00021283329,0.008618034,-7.2791902999999985e-25,0.0,0.0,True
2004-07-12,671.59,66.4,13.514285,18.057142,10.371429,84.15715,2.5428574,2.4857142,2.5857143,9.171429,17.014286,0.0060281754,0.009369098,-7.2791902999999985e-25,3.7252903e-09,0.0,True
2004-07-19,671.57,26.199999,17.157145,22.528574,12.085715,74.01429,3.2714286,2.8999999,3.642857,9.314285,19.77143,0.0006761849,0.008644305,-7.284705e-25,5.5879354e-09,0.0,True
2004-07-26,671.62,82.3,18.671429,24.042858,14.228572,79.17143,3.0714285,2.8285713,3.3428571,9.157143,22.27143,0.00394696,0.00895042,-7.345365000000001e-25,7.450581e-09,0.0,True
2004-08-02,671.96,0.1,17.714285,24.27143,10.557143,68.38572,3.6857145,2.8857143,4.0285716,8.5,21.742857,4.672259e-05,0.008849867,-7.345365000000001e-25,3.7252903e-09,0.0,True
2004-08-09,672.27,0.4,19.557144,26.042858,13.342857,72.58572,3.4285712,2.4428573,3.9714284,7.5285716,23.828571,0.00018822402,0.008365236,-7.345365000000001e-25,5.5879354e-09,0.0,True
2004-08-16,672.2,32.800003,17.085714,22.84286,12.5,78.15715,2.7,2.3,3.0142858,7.857143,20.342857,0.0016883537,0.0077872425,-7.345365000000001e-25,9.313226e-09,0.0,True
2004-08-23,671.99,32.100002,16.414286,21.685715,12.142858,77.114296,2.357143,2.1285713,2.8,8.385715,18.942858,0.00039057434,0.007318601,-7.345365000000001e-25,3.7252903e-09,0.0,True
2004-08-30,671.73,21.5,14.942858,19.542858,11.7,79.52857,2.1,1.9714286,2.4857142,8.742857,17.171429,0.0013970733,0.007429056,-7.345365000000001e-25,9.313226e-09,0.0,True
2004-09-06,671.53,0.2,15.785715,22.47143,9.585715,74.85714,2.4428573,1.9142857,2.8714287,8.3,19.1,1.4178455e-05,0.0067065507,-7.345365000000001e-25,3.7252903e-09,0.0,True
2004-09-13,671.37,6.1,15.5,22.357143,9.342857,72.58572,2.357143,1.7428571,2.7142856,7.4714284,18.7,0.000149481,0.00633052,-7.345365000000001e-25,3.7252903e-09,0.0,True
2004-09-20,671.24,9.6,12.428572,17.47143,8.157144,82.185715,1.4,1.1571428,1.6714286,7.5571427,15.342857,0.00015092641,0.0059860423,-7.345365000000001e-25,0.0,0.0,True
2004-09-27,671.14,83.1,9.042857,11.814286,7.014286,86.37144,0.98571426,0.9,1.1714286,8.614285,10.8,0.0047731027,0.006754741,7.884843e-06,5.7497993e-05,5.9518963e-05,True
2004-10-04,671.08,15.099999,12.285714,16.9,8.614286,83.11428,1.0142857,0.9285714,1.3857143,9.528571,13.214286,0.00023256242,0.0060845315,4.143942e-07,4.3213367e-06,0.0,True
2004-10-11,671.04,54.4,11.942857,16.328571,8.828572,84.88572,0.88571435,0.8571429,1.1857144,9.8,12.914286,0.00031942874,0.0064251423,-7.345365000000001e-25,0.0,0.0,True
2004-10-18,671.03,31.900002,6.714286,10.8,3.8142858,84.65714,0.7285714,0.7428571,0.85714287,10.642858,7.9428573,0.00031279027,0.006536871,1.1251086e-05,5.067885e-05,5.8926642e-05,True
2004-10-25,671.06,21.6,11.571428,17.142857,7.085715,83.14286,0.82857144,0.82857144,0.94285715,10.471429,11.142858,5.5626035e-05,0.006609842,1.7881393e-06,1.0142103e-05,0.0,True
2004-11-01,670.9836311531084,9.8,8.5,11.771429,5.7999997,90.27143,0.41428572,0.41428572,0.55714285,10.514286,9.185715,0.00028437376,0.0066393763,-7.345365000000001e-25,1.1175871e-08,0.0,False
2004-11-08,671.06,22.5,5.9428573,8.442858,4.157143,92.48572,0.29999998,0.3142857,0.42857143,10.385715,7.3714285,0.0002259314,0.006655976,0.0006580069,0.00045841374,0.003949877,True
2004-11-15,671.01,11.7,-0.9428572,1.5,-2.9428573,87.200005,0.17142858,0.17142858,0.32857147,10.442857,1.4285715,5.9187412e-05,0.0066422075,0.006419403,0.0022240598,0.010102391,True
2004-11-22,670.97,12.8,1.2285715,4.142857,-2.5285716,79.25715,0.44285712,0.44285712,0.6571428,10.314285,1.2714286,0.0012994483,0.006628081,0.010899714,0.017086085,0.015996633,True
2004-11-29,670.93,5.0,2.5285716,5.6285715,-0.51428574,85.74286,0.25714287,0.25714287,0.37142855,10.385715,2.442857,0.0006456524,0.007973067,0.00277081,0.009419743,2.5697052e-05,True
2004-12-06,670.9,0.2,0.17142858,3.142857,-2.3428574,90.98572,0.12857144,0.12857144,0.21428572,10.271428,1.2428571,3.2380223e-05,0.008976743,0.0005635307,0.00072355196,0.0001121331,True
2004-12-13,670.88,0.0,-3.1285713,0.27142856,-5.585714,90.87144,0.0,0.0,0.114285715,10.1285715,-0.3857143,3.97861e-06,0.009251818,0.00021734124,0.00019895285,6.971881e-06,True
2004-12-20,670.85,48.4,-1.1,3.5571427,-4.7285714,79.02857,0.2857143,0.27142856,0.37142855,10.557143,-0.3857143,7.433444e-05,0.009159587,0.0093554715,0.00010742061,0.03370371,True
2004-12-27,670.82,20.699999,-0.18571422,2.2428572,-3.3714287,82.6,0.17142858,0.17142858,0.45714286,10.728572,0.2857143,0.0003514439,0.008959234,0.02893491,0.01418961,0.01714303,True
2005-01-03,670.81,22.3,-0.90000004,1.5,-3.6714287,87.685715,0.025,0.025,0.37142858,10.7,0.175,0.0005323589,0.008762091,0.04364638,0.010338329,0.018452559,True
2005-01-10,670.85,5.8,4.114286,8.0,0.27142859,69.71429,0.64285713,0.6571428,0.7428571,10.3,1.8714286,0.001439698,0.0091913715,0.03253209,0.029077101,5.6240708e-05,True
2005-01-17,670.98,8.8,0.2,5.5285716,-3.8428574,73.84286,0.3571429,0.3571429,0.3857143,10.171429,0.71428573,0.00044299662,0.011870734,0.010855385,0.0077069756,0.00031440333,True
2005-01-24,671.0,36.0,-0.21428572,2.5714285,-2.8285713,84.614296,0.37142855,0.37142855,0.5714286,10.685715,0.21428572,0.0028598234,0.01716248,0.016741231,0.008500883,0.031978447,True
2005-01-31,671.08,33.2,-9.442857,-5.8142858,-13.585715,85.57143,0.014285714,0.014285714,0.2857143,10.657143,0.057142857,0.0,0.020258054,0.038740646,0.0,0.01564115,True
2005-02-07,671.1,20.4,-2.9857144,0.64285713,-6.1571426,90.27143,0.10000001,0.10000001,0.32857147,10.714286,0.1,5.9604645e-08,0.019426443,0.0715228,0.0,0.031489696,True
2005-02-14,671.3,78.5,0.9285714,5.1,-2.7857144,82.38572,0.6857143,0.6857143,0.62857145,10.685715,0.62857145,0.004637055,0.01977653,0.0682278,0.029492095,0.02197576,True
2005-02-21,673.36,28.0,-4.1857142,-1.9571428,-6.3428574,89.48572,0.014285714,0.014285714,0.45714286,11.114285,0.2,0.0,0.01808475,0.08577905,0.0,0.028976906,True
2005-02-28,673.62,10.799999,-6.785714,-2.957143,-10.385714,83.557144,0.0,0.0,0.5285714,10.471429,0.1,0.0,0.017560989,0.100760765,0.0,0.008647993,True
2005-03-07,673.08,8.0,-6.571429,-1.0142857,-12.342857,75.27143,0.14285715,0.14285715,0.67142856,10.285714,0.1,1.4901161e-08,0.016411394,0.10539167,0.0,0.009814106,True
2005-03-14,672.53,16.8,-0.85714287,3.2428572,-5.571429,80.67143,0.6999999,0.6857143,0.95714283,10.385715,0.25714287,1.3962388e-05,0.014959507,0.13018686,0.0007855054,0.02903318,True
2005-03-21,672.02,1.6999999,8.3714285,14.071428,3.7,69.457146,1.7571429,1.5,1.9857142,9.728572,5.3142858,0.008493125,0.018466756,0.0876807,0.1072388,7.5623393e-06,True
2005-03-28,673.0567609642582,44.0,9.17143,14.442858,4.2428575,82.72858,1.3142856,1.2571429,1.5285714,9.885715,9.785714,0.0036162138,0.03554458,0.008969318,0.034382254,0.0,True
2005-04-04,672.7,24.7,8.057143,13.914286,2.6142857,71.34286,1.9857142,1.8285714,1.9714286,10.5,10.028571,0.00051932037,0.038268857,0.000110211826,0.00048052333,0.0,True
2005-04-11,673.13,32.8,6.457143,10.471429,2.5714285,76.65715,1.5571429,1.4571428,1.7714285,10.142858,8.414286,0.00034818053,0.030483633,0.0010143803,0.0029447414,0.0046155155,True
2005-04-18,673.05,27.7,8.314286,13.6428585,3.1000001,76.75715,1.9571428,1.7571429,2.0142858,10.085714,10.6,0.0003385991,0.02387406,0.00025958676,0.0016037244,1.668185e-05,True
2005-04-25,673.02,61.2,6.6857147,10.914286,2.5857143,82.17143,1.5,1.4857142,1.6142857,11.1285715,9.028571,0.0014609471,0.020711869,9.596915e-05,0.00043278933,0.00042822212,True
2005-05-02,673.19,16.1,13.728572,19.87143,7.8857145,69.07143,3.0714285,2.7571428,3.1000001,10.214286,15.1285715,0.0001835525,0.01815182,4.3710074e-07,5.0105155e-06,0.0,True
2005-05-09,673.25,75.2,8.3,12.285714,5.4428573,85.471436,1.8285713,1.8285713,1.8714286,10.542857,11.028571,0.0019015372,0.016955487,0.00012282531,0.00080985203,0.0010151062,True
2005-05-16,673.2731090256298,18.8,9.557143,15.328572,3.7857144,74.57143,2.3999999,2.2,2.6142857,10.1285715,12.714286,0.002956085,0.015127346,3.7216007e-05,0.00022461638,0.0,True
2005-05-23,673.13,19.8,12.028572,17.128572,7.057143,77.27143,2.3142858,2.157143,2.6285713,10.342857,14.571428,0.0022279173,0.014519364,-7.345365000000001e-25,1.4901161e-08,0.0,True
2005-05-30,672.94,13.6,18.042858,25.34286,10.028572,62.728573,4.4714284,3.8285716,4.571429,9.8714285,21.2,0.00018905848,0.013214067,-7.345365000000001e-25,3.7252903e-09,0.0,True
2005-06-06,672.66,36.0,14.028572,19.128572,8.657144,71.54286,3.1000001,2.6285713,3.2857144,8.8714285,18.014286,0.0005144626,0.012144424,-7.345365000000001e-25,0.0,0.0,True
2005-06-13,672.4,8.2,10.814285,16.1,5.285714,70.200005,2.6714284,2.357143,3.042857,8.485714,15.057143,0.00013181567,0.011046834,-7.345365000000001e-25,0.0,0.0,True
2005-06-20,672.16,57.5,17.357143,23.014286,11.67143,72.28571,3.7714286,3.2714288,3.9285715,8.914286,20.857143,0.0011000186,0.010057166,-7.345365000000001e-25,3.7252903e-09,0.0,True
2005-06-27,671.95,14.2,21.485716,28.4,14.442858,66.62858,5.0142856,3.3285716,5.0142856,7.4857144,25.542856,4.7579408e-05,0.008884601,-7.345365000000001e-25,1.4901161e-08,0.0,True
2005-07-04,671.78,64.4,18.185715,23.985716,12.942858,75.814285,3.442857,2.8,3.6857142,7.757143,21.528572,0.004029453,0.0078623,-7.345365000000001e-25,7.450581e-09,0.0,True
2005-07-11,671.61,60.800003,12.5,16.685715,8.228572,85.1,2.0428572,2.0285714,2.2857144,9.542857,15.814285,0.004785359,0.0074294135,-7.345365000000001e-25,3.7252903e-09,0.0,True
2005-07-18,671.52,29.7,19.157145,25.800001,12.842857,68.57143,4.157143,3.7,4.5,9.4,22.157143,0.0006478578,0.0067609847,-7.345365000000001e-25,1.1175871e-08,0.0,True
2005-07-25,671.45,35.2,16.057142,20.17143,12.442858,78.37142,2.5857143,2.5,3.0857143,9.3714285,18.514286,0.0010388494,0.0064033866,-7.345365000000001e-25,7.450581e-09,0.0,True
2005-08-01,671.39,3.4,19.642857,25.214285,14.1285715,74.82857,3.2714286,3.042857,3.7,9.3714285,22.171429,0.0027102754,0.00614094,-7.345365000000001e-25,1.1175871e-08,0.0,True
2005-08-08,671.33,76.7,13.528572,17.428572,10.028572,81.6,2.1142857,2.1,2.457143,10.085714,16.7,0.004086897,0.006286636,-7.345365000000001e-25,3.7252903e-09,0.0,True
2005-08-15,671.28,26.900002,13.900001,19.585714,8.428572,76.24286,2.6428568,2.3142858,2.9714284,9.485714,17.714285,0.001145944,0.0067678243,-7.345365000000001e-25,0.0,0.0,True
2005-08-22,671.25,133.8,15.085715,18.957142,11.3714285,86.72858,1.7142857,1.6428572,2.1857142,10.314285,17.157143,0.009713829,0.012886204,-7.345365000000001e-25,3.7252903e-09,0.0,True
2005-08-29,674.64,24.699999,15.271429,19.957144,10.942858,82.64286,2.0142858,1.8999999,2.4714284,10.728572,17.585714,0.0025484338,0.022191666,-7.345365000000001e-25,0.0,0.0,True
2005-09-05,676.08,0.0,18.214285,24.585714,12.271429,78.4,2.457143,2.0714285,3.1142857,9.357142,21.4,5.969405e-05,0.01919718,-7.345365000000001e-25,7.450581e-09,0.0,True
2005-09-12,675.54,45.2,16.614286,22.014286,11.957144,80.14286,2.1285715,1.8285716,2.457143,9.285714,19.72857,0.0005015433,0.016572095,-7.345365000000001e-25,0.0,0.0,True
2005-09-19,674.78,17.6,12.257143,16.057142,8.842857,83.11428,1.1571429,1.1142857,1.7142857,10.257143,13.785714,0.0008842498,0.014447622,-7.345365000000001e-25,3.7252903e-09,0.0,True
2005-09-26,674.09,0.0,11.742858,18.085714,6.2714286,81.25714,1.4714288,1.2714285,1.8142856,9.857142,14.057143,5.1110983e-06,0.012952752,-7.345365000000001e-25,0.0,0.0,True
2005-10-03,673.41,68.9,10.342857,13.357142,7.785714,87.64286,0.67142856,0.6571428,1.0285714,10.557143,11.671429,0.0026160926,0.012225129,-7.345365000000001e-25,3.7252903e-09,0.0,True
2005-10-10,673.02,1.8000001,11.2,15.428572,7.657143,88.52857,0.82857144,0.8,1.1285714,10.857142,12.842857,0.0008015856,0.011366308,-7.345365000000001e-25,1.8626451e-09,0.0,True
2005-10-17,672.63,0.1,8.414286,15.228572,2.957143,82.24286,0.94285715,0.8142857,1.1285714,9.985714,10.885715,4.5448542e-07,0.01123751,-7.345365000000001e-25,0.0,0.0,True
2005-10-24,672.3,9.5,9.157144,14.67143,4.357143,85.22858,0.68571424,0.64285713,0.85714287,9.814285,9.885715,2.6397407e-05,0.01077529,-7.345365000000001e-25,0.0,0.0,True
2005-10-31,671.98,0.1,11.142858,18.34286,5.1,74.14286,0.9285715,0.8142857,1.0285714,9.657143,11.057143,2.9802322e-07,0.01015804,-7.345365000000001e-25,1.8626451e-09,0.0,True
2005-11-07,671.69,13.5,8.614286,13.057143,4.5,87.51429,0.51428574,0.50000006,0.5714286,9.8714285,8.757143,0.0002837777,0.009482242,-7.345365000000001e-25,1.8626451e-09,0.0,True
2005-11-14,671.46,0.0,5.014286,10.142858,0.84285724,84.91429,0.4142857,0.39999995,0.42857143,10.028571,5.885714,2.3394823e-06,0.008846454,-7.345365000000001e-25,0.0,0.0,True
2005-11-21,671.28,22.0,0.7142858,3.8714287,-2.3714287,85.6,0.27142859,0.24285717,0.40000004,10.185715,2.0,0.00010371208,0.008268967,0.0069849435,0.001065027,0.024154413,True
2005-11-28,671.16,18.1,-4.071429,-1.1714287,-7.514286,81.97143,0.042857144,0.042857144,0.3857143,10.542857,0.4,1.17868185e-05,0.0077619404,0.026243607,0.00076579675,0.010225318,True
2005-12-05,671.07,14.700001,-0.6857143,3.2142856,-4.4857144,85.700005,0.18571427,0.18571427,0.3,10.542857,0.6,0.00024667382,0.0072949976,0.028421124,0.0089422,0.0022796467,True
2005-12-12,670.99,1.5,-1.6285714,0.5428571,-3.8857143,87.65715,0.12857144,0.12857144,0.27142859,10.457143,0.34285715,5.7175756e-05,0.006892875,0.026957234,0.0028023925,0.005398251,True
2005-12-19,670.92,53.0,-2.0714285,0.057142872,-4.457143,87.25714,0.114285715,0.114285715,0.35714287,10.757143,-0.057142857,7.0504844e-05,0.006562978,0.04124946,0.0014594793,0.042239405,True
2005-12-26,670.86,14.6,-2.1571429,-0.042857144,-4.557143,93.84286,0.057142857,0.057142857,0.20000002,10.571428,0.08571429,8.940697e-08,0.006272882,0.073469035,0.0,0.014391528,True
2006-01-02,670.83,54.4,-4.1714287,-1.3857144,-7.9000006,89.471436,0.08,0.08,0.20000002,10.58,0.2,8.561462e-05,0.0060051084,0.09265639,0.002121102,0.022369035,True
2006-01-09,670.82,0.4,-5.8,-2.142857,-8.942857,89.52857,0.014285714,0.014285714,0.15714286,10.471429,0.15714286,0.0,0.0057517365,0.10347384,0.0,0.0012620799,True
2006-01-16,670.75,4.7,-7.871429,-1.2285715,-12.785714,75.042854,0.014285714,0.014285714,0.18571427,10.228572,-0.21428572,0.0,0.005516857,0.10327916,0.0,7.8231096e-07,True
2006-01-23,670.87,41.2,-0.88571423,1.9714286,-4.357143,89.34286,0.27142859,0.27142859,0.31428573,10.8,0.114285715,7.529557e-05,0.0052921697,0.12894416,0.0018191412,0.034613773,True
2006-01-30,670.93,0.0,-4.9714284,0.27142856,-9.971429,80.37144,0.114285715,0.1,0.3857143,10.285714,-0.5857143,1.4901161e-08,0.0050746426,0.13802144,0.0,0.0011290424,True
2006-02-06,671.01,1.5,-4.5142856,0.32857138,-8.642858,83.84286,0.22857143,0.21428572,0.37142858,10.114285,-0.4857143,0.0,0.004868351,0.13775434,0.0,0.0015371032,True
2006-02-13,671.02,21.2,-3.8142858,-0.12857144,-7.1285715,87.62858,0.15714286,0.15714286,0.45714286,10.3714285,0.057142857,5.9604645e-08,0.00467214,0.15849221,0.0,0.03145562,True
2006-02-20,671.03,42.7,2.4714284,5.9000006,-1.7,79.94286,0.6999999,0.6999999,0.71428573,10.8714285,0.3857143,0.00063848495,0.004486926,0.1649248,0.021992734,0.003856305,True
2006-02-27,671.61,7.7999997,-1.2428572,1.1428572,-3.4285715,87.25714,0.14285715,0.14285715,0.54285717,10.314285,0.27142859,9.025633e-05,0.0043646097,0.15340395,0.004007183,0.007661948,True
2006-03-06,671.62,89.4,-2.9714286,0.67142856,-7.1142855,85.542854,0.17142858,0.17142858,0.5714286,11.114285,0.028571429,4.61936e-07,0.004292242,0.18196984,0.0,0.06423656,True
2006-03-13,671.77,58.5,-2.2571428,1.4714286,-6.7428575,86.57143,0.41428572,0.41428572,0.7285714,11.4,0.12857144,0.0012762174,0.0044177473,0.22853424,0.01676266,0.023790456,True
2006-03-20,671.96,0.0,-1.8714286,3.1142857,-6.785714,77.41429,0.6571428,0.61428577,1.1,10.314285,0.32857144,0.00011378527,0.0044403896,0.23134162,0.005753979,1.3373792e-05,True
2006-03-27,672.28,24.0,6.3714285,10.942858,2.3714287,81.47143,1.2285715,1.2142857,1.3857143,10.042857,3.857143,0.0092356205,0.013030715,0.18698913,0.10392279,0.0012374148,True
2006-04-03,675.63,48.6,7.4000006,11.642858,4.1285715,80.48572,1.6571429,1.6571429,1.6571429,10.685715,7.5142856,0.010292321,0.068360575,0.07700037,0.10146899,0.00016088411,True
2006-04-10,676.94,55.1,3.6714287,8.185715,-0.5285714,82.12858,1.3285713,1.3142856,1.4857142,11.085714,5.1285715,0.0018704161,0.07599604,0.021738473,0.03098125,0.024916854,True
2006-04-17,676.8523700989883,26.1,5.571429,9.471429,1.9142857,83.957146,1.3428571,1.3714285,1.4714286,11.042857,5.6714287,0.0027995855,0.045866773,0.013351327,0.033466153,0.010616314,False
2006-04-24,676.595,4.8,10.728571,17.057144,4.7571425,70.58572,2.7285714,2.4142857,2.7142856,9.8,12.971429,0.00017894804,0.038747363,4.2012758e-05,0.00027538836,0.0,True
2006-05-01,676.4308944223417,48.4,8.785714,12.871429,4.8,81.65715,1.6857144,1.6000001,1.8285714,10.271428,11.385715,0.0009957328,0.029297233,0.00019279549,0.0007382985,0.0009707473,False
2006-05-08,676.045,4.5,13.1285715,19.742859,5.7000003,64.61429,3.6000001,2.8999999,3.3999999,9.342857,16.414286,7.586181e-05,0.023039281,2.8434253e-05,0.00024014711,0.0,True
2006-05-15,675.63,46.5,11.457143,17.5,5.5,74.799995,2.8142855,2.5571427,2.9142857,9.1,14.657143,0.0011440068,0.018269986,2.7020772e-06,2.0381063e-05,1.9896775e-05,True
2006-05-22,675.36,31.4,14.314286,19.485716,9.957144,73.84286,3.0,2.8857143,3.0571427,9.928572,15.714286,0.0013907254,0.015100017,-7.345365000000001e-25,0.0,0.0,True
2006-05-29,675.04,57.9,12.142858,15.514287,8.842857,78.557144,2.2285714,2.1857142,2.0857143,9.814285,13.642858,0.0045591816,0.013793588,-7.345365000000001e-25,7.450581e-09,0.0,True
2006-06-05,675.3184995578179,37.8,6.7000003,10.557143,3.1285717,84.3,1.7571428,1.7714285,1.7714285,10.971429,9.957143,0.0018172339,0.013985507,0.00014813173,0.00093897805,0.0009041354,False
2006-06-12,674.73,0.0,13.271429,19.514286,5.4857144,60.74286,4.0142856,3.242857,4.0857143,9.557143,16.814285,5.9485435e-05,0.0150634125,3.0086153e-07,2.8163195e-06,0.0,True
2006-06-19,674.53,7.3999996,20.328571,27.028574,13.271429,62.44286,4.857143,3.6714287,4.9857144,7.957143,23.385714,0.00011768937,0.013681993,-7.345365000000001e-25,7.450581e-09,0.0,True
2006-06-26,674.23,17.0,20.157145,25.928572,14.742858,71.957146,4.0857143,3.057143,4.3142858,7.5571427,23.328571,6.122887e-05,0.01190649,-7.345365000000001e-25,7.450581e-09,0.0,True
2006-07-03,673.87,21.9,18.885714,24.357143,12.857142,70.14286,3.914286,3.0142858,4.457143,7.6714287,22.428572,0.00017476082,0.010205612,-7.345365000000001e-25,7.450581e-09,0.0,True
2006-07-10,673.48,22.2,19.242859,25.071428,13.757143,74.38572,3.657143,2.8285713,3.957143,7.7,23.185715,0.00042702258,0.008657284,-7.345365000000001e-25,1.1175871e-08,0.0,True
2006-07-17,673.08,5.5,20.37143,26.9,13.842857,67.48572,4.657143,3.0285716,4.857143,7.1,24.657143,0.0001244694,0.0074280277,-7.345365000000001e-25,7.450581e-09,0.0,True
2006-07-24,672.69,19.300001,22.414288,30.100002,14.442858,58.68572,5.085714,2.042857,5.1857142,6.114286,25.428572,3.2767653e-05,0.0062750503,-7.345365000000001e-25,7.450581e-09,0.0,True
2006-07-31,671.9705899576546,56.300003,21.600002,28.442858,15.614286,69.37144,4.171428,2.2285714,4.3857145,6.242857,24.585714,0.000118136406,0.005312592,-7.345365000000001e-25,3.7252903e-09,0.0,True
2006-08-07,671.92,94.3,14.085714,17.6,11.7,86.85714,1.9571428,1.8714286,2.0714285,8.814285,16.842857,0.0017962232,0.0046872348,-7.345365000000001e-25,5.5879354e-09,0.0,True
2006-08-14,671.77,59.300003,12.342857,16.4,9.385715,84.057144,1.7428571,1.7142857,2.0571427,10.328571,14.885715,0.0011645779,0.0043794885,-7.345365000000001e-25,0.0,0.0,True
2006-08-21,671.6,20.1,15.771429,21.014286,10.8,77.92857,2.6714287,2.5142858,2.8857143,9.942857,18.042856,0.00025507808,0.0042113885,-7.345365000000001e-25,1.8626451e-09,0.0,True
2006-08-28,671.44,67.9,13.300001,18.085714,9.557143,83.37144,1.9714288,1.9428571,2.1285713,10.342857,15.8,0.0020617396,0.0046372637,-7.345365000000001e-25,3.7252903e-09,0.0,True
2006-09-04,671.39,23.6,14.214286,19.385715,9.785714,76.78571,2.142857,2.0,2.4428573,10.7,15.6,0.0016748011,0.0045746937,-7.345365000000001e-25,1.1175871e-08,0.0,True
2006-09-11,671.39,8.400001,16.985714,23.442858,10.757143,77.38572,2.4857142,2.1285713,2.8999999,9.6285715,19.685715,0.00021392107,0.004797764,-7.345365000000001e-25,1.8626451e-09,0.0,True
2006-09-18,671.33,30.0,16.1,21.028574,11.5,81.24286,1.6571429,1.4,2.0,9.257143,18.471428,0.0007161349,0.0047759935,-7.345365000000001e-25,1.8626451e-09,0.0,True
2006-09-25,671.29,40.1,15.014285,20.671429,9.785714,83.51429,1.5714284,1.4142857,1.8857143,9.914286,17.27143,0.0071706176,0.0076887533,-7.345365000000001e-25,5.5879354e-09,0.0,True
2006-10-02,671.24,28.800001,13.771429,17.642857,10.385715,87.97143,1.057143,1.0285714,1.2571429,10.714286,15.342857,0.00061680377,0.0061845556,-7.345365000000001e-25,1.8626451e-09,0.0,True
2006-10-09,671.21,29.8,10.657143,16.1,6.5,81.37144,1.1285714,1.1285714,1.3714286,10.814285,11.8714285,0.004029125,0.006748222,-7.345365000000001e-25,3.7252903e-09,0.0,True
2006-10-16,671.13,0.1,10.957143,16.228573,6.5142856,87.34286,0.88571423,0.7714285,1.1,9.914286,12.742857,2.0481646e-05,0.0074924603,-7.345365000000001e-25,1.8626451e-09,0.0,True
2006-10-23,671.09,5.2,10.971429,17.1,6.0285716,83.01429,0.88571423,0.7428571,0.9714286,9.6,11.928572,3.695488e-06,0.0074867085,-7.345365000000001e-25,1.8626451e-09,0.0,True
2006-10-30,671.09,15.2,12.357142,17.514286,7.7714286,80.71429,1.0142857,0.9571429,1.0285714,9.657143,11.614285,0.0002316907,0.007288672,-7.345365000000001e-25,3.7252903e-09,0.0,True
2006-11-06,671.01,5.2,3.4428573,8.414286,-1.0285715,77.87144,0.61428577,0.6,0.7571429,9.714286,4.3142858,0.00025001168,0.00706657,0.0046230783,0.0053488724,0.009783842,True
2006-11-13,670.96,24.699999,6.328572,10.857142,1.5857143,77.542854,0.7,0.65714294,0.7714286,9.828571,5.0285716,0.0011192262,0.0073178634,0.0010007109,0.0044759866,0.00016217306,True
2006-11-20,670.89,10.400001,8.242857,13.142858,4.0,84.62858,0.50000006,0.50000006,0.45714286,10.071428,7.1285715,0.00049645454,0.007480383,1.4259702e-05,9.6321106e-05,1.4565885e-06,True
2006-11-27,670.87,19.0,6.3428574,11.900001,1.6428572,79.057144,0.45714286,0.45714286,0.54285717,10.185715,5.0857143,0.0007850975,0.008494407,0.0009158055,0.0024294518,0.0026092976,True
2006-12-04,670.81,21.1,4.3142858,8.1,0.8000001,87.34286,0.3,0.2857143,0.29999998,10.042857,4.242857,0.00030593574,0.009281367,8.493946e-05,0.00022632256,0.0,True
2006-12-11,670.81,46.899998,4.0142856,8.185715,0.25714287,88.1,0.35714287,0.37142855,0.32857147,10.857142,3.9,0.0005661845,0.009566426,0.007884031,0.003550604,0.02500274,True
2006-12-18,670.92,6.3,1.7714287,5.785714,-1.6000001,80.78571,0.3285714,0.3285714,0.3285714,10.385715,1.1142857,0.00054341555,0.010490522,0.014832832,0.014363455,0.0011959374,True
2006-12-25,670.7103540440964,0.0,-2.7285714,0.27142856,-5.471429,85.1,0.114285715,0.114285715,0.22857143,10.214286,-0.3857143,3.363192e-05,0.011831529,0.007864413,0.0015054308,0.0001789555,True
2007-01-01,670.895,25.399998,1.8285714,6.2000003,-2.3285716,72.442856,0.38333336,0.35,0.51428574,10.1,-0.28333333,0.00031629205,0.012220047,0.00446193,0.0051646233,3.9808452e-05,True
2007-01-08,670.88,22.7,4.071429,6.057143,1.9142858,83.700005,0.5,0.5,0.59999996,10.571428,2.3428571,0.0009859055,0.012271546,0.010414186,0.019347947,0.019795105,True
2007-01-15,670.98,8.9,6.428571,10.114286,2.8428571,80.41429,0.8,0.78571427,0.82857144,10.271428,4.742857,0.0014925301,0.015343502,0.00038324084,0.002369728,2.644956e-06,True
2007-01-22,671.03,25.6,6.714286,9.614286,3.757143,76.21429,0.9857144,0.9428572,1.0,10.185715,4.9428573,0.0012644678,0.018412575,3.5115652e-05,2.7524307e-05,0.0015262105,True
2007-01-29,671.11,16.800001,-3.5285716,-1.1714287,-6.1714287,87.58572,0.15714286,0.15714286,0.47142857,10.6,0.54285717,4.23193e-06,0.019626327,0.018106768,0.000106755644,0.026008368,True
2007-02-05,671.09,25.1,0.30000004,4.2857146,-3.5571427,85.27143,0.5,0.4857143,0.45714286,10.157143,1.1285714,0.00045070052,0.018981583,0.018345362,0.016806157,0.001052402,True
2007-02-12,671.12,49.1,2.7428572,6.0,-0.14285718,87.6,0.64285713,0.64285713,0.55714285,10.714286,2.4714286,0.0016779751,0.01860068,0.0122415675,0.018995794,0.011867523,True
2007-02-19,671.34,12.0,3.2,8.285714,-1.6142857,76.042854,0.85714287,0.8714286,0.87142855,10.742857,3.3285713,0.00044874847,0.020077102,0.0016934588,0.004395101,0.0011605285,True
2007-02-26,671.56,15.0,5.0,10.6285715,0.7,77.21429,1.0714285,0.9714286,1.0714285,9.971429,5.3285713,0.0002520606,0.020967036,0.00041882764,0.0013180543,0.004585102,True
2007-03-05,671.69,49.4,5.557143,9.514285,2.1000001,79.0,1.4,1.4,1.1428572,10.728572,5.1571426,0.0014101267,0.020470038,0.0020954723,0.010119852,0.00629241,True
2007-03-12,671.78,8.6,4.1857142,9.971429,-0.9285714,77.71429,1.2714285,1.2428571,1.2428571,10.2,5.714286,0.00026049465,0.021769628,0.0009836413,0.0025032647,0.0036640912,True
2007-03-19,671.87,24.9,5.9428573,12.142858,0.3857143,75.41429,1.442857,1.2714287,1.5428572,9.728572,7.3142858,0.00017407537,0.020650148,0.00065904006,0.0016875677,0.0060753934,True
2007-03-26,671.71,36.100002,1.2428572,4.857143,-1.8142856,82.91429,0.9285714,0.91428566,1.2142857,10.314285,2.3142858,0.00056234,0.018713266,0.02239674,0.025084091,0.033858113,True
2007-04-02,671.63,0.4,6.0,12.971429,-0.44285718,71.27143,1.7428571,1.5142858,1.9,9.757143,8.042857,0.0004035458,0.016925588,0.0033010812,0.014667949,0.0019526258,True
2007-04-09,671.49,16.0,6.6285715,13.328572,0.2857143,75.64286,2.1571429,1.8714286,1.8571428,9.471429,9.8,0.0002733022,0.015557401,0.00043888888,0.0022645239,0.0019138902,True
2007-04-16,671.46,0.0,12.071428,20.442858,2.057143,65.8,3.6,2.6571426,3.1000001,8.4,15.228572,4.917383e-07,0.013958029,1.3623919e-06,1.0823831e-05,0.0,True
2007-04-23,671.39,0.0,10.514285,19.37143,0.4857143,65.47143,3.2714288,1.8571428,3.042857,7.214286,15.571428,2.1249056e-05,0.012114696,-7.345365000000001e-25,0.0,0.0,True
2007-04-30,671.28,0.0,13.742858,21.9,5.414286,65.57143,3.7714288,1.3000001,3.542857,6.428571,17.7,9.223819e-06,0.010308117,-7.345365000000001e-25,0.0,0.0,True
2007-05-07,671.19,47.600002,10.757143,16.085714,4.828572,74.52857,2.7857146,1.042857,2.6142857,6.4857144,14.657143,0.0005659461,0.008740947,-7.345365000000001e-25,0.0,0.0,True
2007-05-14,671.1,21.4,14.371429,19.585714,8.214286,69.12858,3.6857142,3.1285713,3.5142858,8.8714285,15.857142,0.0014167577,0.008004345,-7.345365000000001e-25,7.450581e-09,0.0,True
2007-05-21,671.05,55.0,11.828572,18.014286,4.7285714,76.91429,3.0,2.6857142,3.1142857,9.514286,15.8,0.0017110258,0.0076598674,-7.345365000000001e-25,0.0,0.0,True
2007-05-28,671.01,66.2,16.47143,22.600002,9.528572,74.12858,3.5571427,3.0,3.7142856,8.914286,20.557142,0.00096678734,0.0066553354,-7.345365000000001e-25,0.0,0.0,True
2007-06-04,671.56,54.4,11.185715,15.728572,6.2428575,83.200005,2.1571429,2.1285715,2.4285715,10.857142,14.514286,0.005871862,0.012404799,3.9242565e-05,0.0002869591,0.00027943403,True
2007-06-11,672.24,52.600002,17.47143,23.600002,11.014285,78.042854,3.5,3.0714283,4.042857,9.714286,21.27143,0.00034667552,0.009638853,-7.345365000000001e-25,2.9802322e-08,0.0,True
2007-06-18,672.19,32.8,17.157145,23.02857,11.414286,76.84286,3.7142856,3.5571427,3.8857143,10.085714,20.885714,0.0040914714,0.010395534,-7.345365000000001e-25,3.7252903e-09,0.0,True
2007-06-25,671.96,39.6,17.27143,22.585714,11.814286,75.8,3.8428571,3.5857143,3.8285716,10.085714,21.0,0.006075278,0.009827778,-7.345365000000001e-25,7.450581e-09,0.0,True
2007-07-02,671.73,41.1,13.771429,18.428572,9.271429,77.5,2.957143,2.7714286,3.1142857,10.1,17.114286,0.0017381385,0.010683544,-7.345365000000001e-25,0.0,0.0,True
2007-07-09,671.59,56.4,13.428572,17.685715,9.842857,84.47143,2.4428573,2.4142857,2.3999999,10.728572,15.657143,0.0072545856,0.017554224,-7.345365000000001e-25,3.7252903e-09,0.0,True
2007-07-16,671.61,11.3,16.514286,23.228573,9.642858,72.91429,3.9142857,3.4142854,3.957143,10.2,19.542856,0.000535205,0.023540914,-7.345365000000001e-25,7.450581e-09,0.0,True
2007-07-23,671.72,59.8,19.571428,25.2,13.914286,76.6,3.8142858,3.4285715,4.071429,9.442857,23.285715,0.0068639666,0.0220832,-7.345365000000001e-25,1.1175871e-08,0.0,True
2007-07-30,671.84,31.800001,16.285715,21.328571,10.614286,75.3,3.357143,3.1,3.6714287,10.114285,19.957144,0.0062568337,0.022229597,-7.345365000000001e-25,1.1175871e-08,0.0,True
2007-08-06,671.74,30.699999,15.042857,21.642857,7.2428575,76.24286,3.2000003,2.9,3.4285715,9.885715,19.557142,0.00018179417,0.017402992,-7.345365000000001e-25,7.450581e-09,0.0,True
2007-08-13,671.92,81.1,14.428572,18.485716,10.342857,87.64286,1.9,1.9,2.2,11.114285,17.828571,0.0047852546,0.020681992,-7.345365000000001e-25,0.0,0.0,True
2007-08-20,672.43,23.2,15.7,21.1,10.8,82.27143,2.2714286,2.1000001,2.6857142,10.2,19.185715,0.001367107,0.02070795,-7.345365000000001e-25,1.8626451e-09,0.0,True
2007-08-27,672.67,3.9,16.028572,22.157145,9.742858,80.78571,2.5714288,2.2857146,2.9714284,9.8714285,19.928572,0.00037188828,0.019253142,-7.345365000000001e-25,9.313226e-09,0.0,True
2007-09-03,672.52,77.5,13.457144,18.071428,9.485715,87.28571,1.3857142,1.3714285,1.7714285,10.542857,16.4,0.0031025857,0.018274486,-7.345365000000001e-25,1.8626451e-09,0.0,True
2007-09-10,672.36,31.3,9.714286,13.67143,5.3428574,87.8,1.1142857,1.1142857,1.3428572,10.8,11.8,0.0015408546,0.019291863,-7.345365000000001e-25,0.0,0.0,True
2007-09-17,672.24,17.8,12.6285715,18.785715,5.2999997,81.84286,1.7714285,1.6428572,2.1,10.214286,15.2,0.000507012,0.01950591,-7.345365000000001e-25,5.5879354e-09,0.0,True
2007-09-24,672.19,26.400002,10.900001,18.37143,3.7857144,83.314285,1.6285714,1.4714288,1.8571428,10.314285,14.457143,0.001038745,0.018393934,-7.345365000000001e-25,1.8626451e-09,0.0,True
2007-10-01,672.11,35.5,9.485715,13.585715,6.3,87.12858,0.9285714,0.9285714,1.2142857,10.742857,11.314285,0.00060890615,0.01713895,-7.345365000000001e-25,0.0,0.0,True
2007-10-08,672.09,1.2,12.6285715,18.557144,7.7000003,86.37144,1.1142857,0.9857144,1.4142857,9.971429,15.085714,5.0589442e-05,0.015896298,-7.345365000000001e-25,5.5879354e-09,0.0,True
2007-10-15,672.01,0.0,7.7999997,14.057143,1.4857142,87.057144,0.84285706,0.7142858,1.0428572,9.6,11.0,2.7269125e-06,0.014465377,-7.345365000000001e-25,3.7252903e-09,0.0,True
2007-10-22,671.94,11.8,4.5142856,8.528571,0.09999997,85.44286,0.68571436,0.6,0.78571427,9.642858,6.8142858,0.00024645776,0.012959443,0.0014611313,0.0007081218,0.005065631,True
2007-10-29,671.64,0.6,3.7428572,6.914286,0.8285715,87.042854,0.37142855,0.32857147,0.61428577,9.742857,4.6,7.529557e-05,0.011669584,0.0013834692,0.0041782204,2.59839e-05,True
2007-11-05,671.44,12.5,4.3714285,9.2,-1.2428571,89.685715,0.4857143,0.4571429,0.5,9.671429,5.428571,9.6559525e-05,0.010568567,2.6504198e-05,0.00011513755,0.0,True
2007-11-12,671.28,47.8,2.8714287,5.0428576,0.7428571,90.4,0.62857145,0.64285713,0.5142857,10.585714,3.0428572,0.0034423769,0.011226051,0.010795111,0.015039174,0.039685436,True
2007-11-19,671.18,22.7,-4.7999997,-1.0857143,-9.314286,92.01429,0.10000001,0.10000001,0.24285714,10.957143,0.6,2.0191073e-05,0.009546623,0.042952757,0.00095842406,0.023470359,True
2007-11-26,671.12,12.0,0.88571423,4.0285716,-2.2428572,94.58572,0.20000002,0.20000002,0.27142859,10.428572,1.4142857,0.0009916574,0.009690329,0.033229306,0.029617313,0.014856577,True
2007-12-03,671.12,31.0,1.7714285,4.6142855,-1.6714286,85.75715,0.48571426,0.48571426,0.45714286,10.5,1.4714285,0.0018192977,0.012559496,0.027931973,0.025692824,0.004250977,True
2007-12-10,671.21,56.4,3.7142856,6.1,0.8,88.68572,0.6571428,0.6571428,0.44285718,11.014286,3.142857,0.0017939135,0.02595473,0.009218886,0.021807032,0.015749067,True
2007-12-17,671.46,24.1,-2.3,-0.87142855,-3.9142857,89.542854,0.071428575,0.071428575,0.3285714,11.014286,0.31428573,0.00011694431,0.033696726,0.03681367,0.0022870284,0.03502834,True
2007-12-24,671.93,0.0,-7.3285713,-0.6285714,-11.5,84.07143,0.042857144,0.042857144,0.028571429,10.271428,-1.2285714,5.7421625e-05,0.028982982,0.037373416,0.0030086786,7.711351e-07,True
2007-12-31,671.96,8.6,-3.2428572,1.3714286,-8.585714,88.25715,0.11428572,0.11428572,0.18571429,10.242857,-1.2,0.00011629611,0.023599297,0.034362253,0.0054094084,0.01264498,True
2008-01-07,671.91,24.4,-2.2714286,0.91428566,-6.4428573,87.957146,0.21428572,0.21428572,0.24285714,10.657143,-0.44285715,0.0014877468,0.019545585,0.042753242,0.01251645,0.007227298,True
2008-01-14,672.12,3.6,1.0,5.7714286,-3.8000004,86.54286,0.41428572,0.41428572,0.31428573,10.614285,0.22857143,0.0003323257,0.016904071,0.031957097,0.012866015,0.00416572,True
2008-01-21,672.02,14.299999,4.0,7.1857147,0.27142856,82.78571,0.7428571,0.7428571,0.5428571,10.3714285,2.0285714,0.00084715337,0.015663736,0.019237807,0.027529417,0.0020121932,True
2008-01-28,671.77,9.400001,1.4714286,6.5428576,-3.2,73.42857,0.87142855,0.8428572,0.6571428,10.4,1.3285714,0.0007074699,0.015474871,0.0052000396,0.0051912107,0.0030527897,True
2008-02-04,671.64,21.4,-0.44285706,5.3285713,-5.857143,86.12858,0.5285715,0.51428574,0.45714286,10.171429,0.98571426,0.0002474934,0.015356995,0.0067396676,0.0053252187,0.012932509,True
2008-02-11,671.46,5.2,1.557143,6.7428575,-3.414286,75.3,0.9857143,0.9285715,0.7714286,10.185715,1.9,0.0009962916,0.015631758,0.006902025,0.010645421,0.00376283,True
2008-02-18,671.31,0.0,-2.2142856,5.0285716,-7.9428573,74.17143,0.6999999,0.5857143,0.67142856,9.814285,0.4857143,5.39124e-05,0.015583716,0.0022386482,0.0023810677,9.159371e-05,True
2008-02-25,671.24,2.8,5.0,11.885715,-1.2428572,74.27143,1.3142856,1.1,1.1142857,9.457143,4.757143,0.000101298094,0.015166588,0.00044423057,0.0012999065,6.6943467e-06,True
2008-03-03,671.14,38.2,6.8285713,10.585714,1.5428572,79.47143,1.4857143,1.4428571,1.2571429,9.414286,6.571429,0.0012649745,0.014340743,4.7076315e-05,4.42788e-05,0.0021894425,True
2008-03-10,671.09,11.9,-0.74285716,4.514286,-6.5,78.4,0.8000001,0.7714286,0.9714286,9.971429,2.4571428,0.00014647841,0.013771616,0.0053496077,0.0057525877,0.0063830353,True
2008-03-17,671.07,37.699997,5.857143,9.314286,2.0285716,80.64286,1.3428572,1.3428572,1.2714287,10.585714,5.9,0.0026317611,0.0133971125,0.00066167966,0.0029794462,0.0018609427,True
2008-03-24,671.08,31.0,-1.1142857,2.2714286,-4.3142858,83.828575,0.7714285,0.7714285,0.88571423,10.6,1.8857143,0.00016068667,0.014081322,0.0135596935,0.0047472045,0.031903803,True
2008-03-31,671.1,11.2,2.9285715,7.785714,-2.0,77.57143,1.4428571,1.3285713,1.3999999,10.157143,4.2,0.0011824071,0.014505006,0.024954563,0.036787514,0.014868423,True
2008-04-07,671.2,43.0,3.357143,6.6285715,0.17142855,85.67143,1.1,1.0714285,1.1428572,10.257143,5.1714287,0.0018984228,0.022641808,0.0037829932,0.0102050975,0.015226558,True
2008-04-14,671.46,19.9,6.2428575,12.1285715,-0.07142859,76.87144,1.6571429,1.6142857,1.7142857,10.4,8.057143,0.001772508,0.02804102,0.0024026348,0.010080017,0.0011420064,True
2008-04-21,671.88,71.8,6.085714,10.971429,0.61428577,81.87144,1.6714286,1.6142857,1.8000001,10.285714,8.428572,0.0011763275,0.026764333,0.0024396805,0.011568168,0.010771845,True
2008-04-28,673.13,31.4,8.6,13.571428,3.2142856,80.94286,2.1714284,2.1142857,2.0571427,11.0,11.471429,0.0065493807,0.04642737,2.7134305e-05,0.00018851459,0.00015810132,True
2008-05-05,673.88,0.8,9.285714,15.900001,1.9,70.97143,2.8714287,2.5285714,2.8999999,9.9,13.357142,0.00043442845,0.03557837,-7.345365000000001e-25,1.15484e-07,0.0,True
2008-05-12,673.73,6.0,12.3714285,19.77143,3.4857142,63.3,4.2428575,3.1714284,3.8142855,8.428572,16.77143,1.5512109e-05,0.02577217,-7.345365000000001e-25,0.0,0.0,True
2008-05-19,673.36,35.9,13.2,19.028574,7.1285715,73.557144,2.7,2.1714287,3.1142857,7.857143,16.842857,0.0005008131,0.01865317,-7.345365000000001e-25,0.0,0.0,True
2008-05-26,672.92,0.70000005,12.357142,16.914286,7.2000003,78.74286,1.9714286,1.8714286,2.5571427,8.571428,14.428572,5.0470233e-05,0.0145882815,-7.345365000000001e-25,0.0,0.0,True
2008-06-02,672.55,13.299999,18.228573,25.571428,10.214286,73.6,3.985714,3.2428572,3.7571428,7.7,21.7,0.0030952469,0.011732034,-7.345365000000001e-25,3.7252903e-09,0.0,True
2008-06-09,672.09,22.0,13.685715,17.385715,9.857142,88.44286,1.8428571,1.7428572,2.1571429,8.757143,17.12857,0.003161937,0.009893507,-7.345365000000001e-25,0.0,0.0,True
2008-06-16,671.87,24.0,12.257143,16.642857,7.7285714,82.28571,2.2142856,2.1571429,2.5285714,9.357142,16.242857,0.0026778653,0.008927755,-7.345365000000001e-25,3.7252903e-09,0.0,True
2008-06-23,671.63,1.8,18.1,24.314287,10.642858,72.78572,4.0285716,3.4571426,4.4714284,8.742857,21.12857,0.00010408461,0.008276112,-7.345365000000001e-25,7.450581e-09,0.0,True
2008-06-30,671.45,7.8999996,19.057144,25.028574,12.042857,76.21429,3.9,3.0714285,3.9714284,7.785714,23.385714,0.00021440536,0.0075096786,-7.345365000000001e-25,7.450581e-09,0.0,True
2008-07-07,671.29,32.8,17.442858,24.028574,10.714286,76.542854,3.628571,3.0714283,3.8,7.742857,21.885714,0.0010916293,0.0067460537,-7.345365000000001e-25,7.450581e-09,0.0,True
2008-07-14,671.18,72.6,15.328572,19.7,10.957144,80.57143,2.8428571,2.742857,3.057143,8.657143,18.471428,0.0054875016,0.0074613392,-7.345365000000001e-25,7.450581e-09,0.0,True
2008-07-21,671.08,45.2,15.014287,19.77143,9.8,80.47143,2.9,2.9285715,3.2,9.914286,18.414286,0.002384156,0.0060708076,-7.345365000000001e-25,3.7252903e-09,0.0,True
2008-07-28,671.06,16.0,15.914286,21.942858,9.557143,82.21429,2.9142857,2.7428572,3.3428571,9.328571,19.828571,0.0026199147,0.006763786,-7.345365000000001e-25,7.450581e-09,0.0,True
2008-08-04,671.02,41.8,19.628572,24.957144,14.214286,77.042854,3.4285715,3.0857143,3.8857143,8.5,23.3,0.00078024715,0.007211335,-7.345365000000001e-25,9.313226e-09,0.0,True
2008-08-11,671.0,36.9,16.914286,23.114286,10.914286,81.64286,3.1000001,2.7428572,3.3285713,8.5,21.014286,0.00081983954,0.0072389767,-7.345365000000001e-25,3.7252903e-09,0.0,True
2008-08-18,670.96,63.1,14.728572,20.157145,10.0,83.1,2.2428572,2.2285714,2.5857143,10.6,18.085714,0.0061594397,0.011215322,-7.345365000000001e-25,3.7252903e-09,0.0,True
2008-08-25,671.06,24.1,14.614286,19.985716,9.142858,83.5,2.1571429,2.1285715,2.4428573,10.542857,18.014286,0.0011374354,0.009760782,-7.345365000000001e-25,1.8626451e-09,0.0,True
2008-09-01,671.09,3.8999999,16.528572,22.84286,10.0,82.91429,2.3999999,1.9857143,2.8142858,9.642858,20.6,0.00048018992,0.010124505,-7.345365000000001e-25,7.450581e-09,0.0,True
2008-09-08,671.06,57.5,16.157145,21.885715,10.971429,82.971436,2.0714285,1.9142858,2.4285715,9.514286,18.9,0.0015227944,0.009773806,-7.345365000000001e-25,1.8626451e-09,0.0,True
2008-09-15,671.04,10.700001,12.285714,17.214285,7.614286,87.1,1.3000001,1.2571428,1.6142857,9.8714285,15.1285715,0.0013851225,0.009649858,-7.345365000000001e-25,1.8626451e-09,0.0,True
2008-09-22,671.01,0.5,6.857143,11.914286,0.85714287,85.185715,0.95714283,0.91428566,1.3285714,10.042857,9.9,7.882714e-05,0.010157734,-7.345365000000001e-25,0.0,0.0,True
2008-09-29,670.97,2.5,7.585714,12.757143,2.3,86.457146,0.9,0.78571427,1.3000001,9.757143,9.814285,3.7118793e-05,0.010126539,-7.345365000000001e-25,0.0,0.0,True
2008-10-06,670.93,33.2,8.3714285,11.842857,4.8285713,84.02857,1.0,0.91428566,1.2428571,9.814285,8.985714,0.00045541674,0.00978468,1.2795131e-05,6.684475e-05,7.041544e-05,True
2008-10-13,670.89,0.1,11.7,18.085714,5.6714287,87.37144,1.0000001,0.88571423,1.1857144,9.771428,12.885715,5.9224665e-05,0.009417307,6.698427e-07,5.096197e-06,0.0,True
2008-10-20,670.84,32.8,9.528571,14.957144,4.2285714,89.21429,0.88571435,0.8000001,0.9428572,10.171429,11.1,0.0015249997,0.009032868,-7.345365000000001e-25,3.7252903e-09,0.0,True
2008-10-27,670.82,9.700001,7.2000003,11.414286,2.7142856,89.72858,0.5285714,0.5142857,0.64285713,10.271428,8.057143,0.00016009808,0.0087680295,5.909375e-06,2.5952235e-05,2.6248395e-05,True
2008-11-03,670.83,17.4,4.257143,8.7,-0.2714286,95.85714,0.37142855,0.37142855,0.40000004,10.914286,5.3142858,0.0011537969,0.008684374,0.0025553193,0.006911764,0.007204108,True
2008-11-10,670.79,0.5,6.357143,12.114286,0.8428572,88.58572,0.44285718,0.41428572,0.5,10.214286,6.957143,1.8805265e-05,0.008995548,7.196835e-05,0.00043816306,0.0,True
2008-11-17,670.78,17.7,3.2285714,6.942857,-1.3000001,92.34286,0.31428573,0.31428573,0.3285714,10.4,4.4,0.00037370622,0.00902193,2.803689e-05,7.659942e-05,9.75281e-05,True
2008-11-24,670.78,32.8,1.2571429,3.5142858,-1.457143,89.75715,0.34285712,0.3285714,0.42857143,10.914286,2.1571429,0.0014055222,0.010303132,0.0075395675,5.722046e-05,0.024600055,True
2008-12-01,670.75,8.8,-4.557143,1.0714287,-9.885714,93.52857,0.15714286,0.15714286,0.17142858,10.514286,0.34285715,0.00016109645,0.010138303,0.022432527,0.006579321,0.0065935142,True
2008-12-08,670.77,18.0,0.14285715,3.0571427,-2.871429,90.457146,0.31428573,0.31428573,0.27142859,10.557143,0.5714286,0.00023400784,0.010390438,0.02640706,0.0060576405,0.015157161,True
2008-12-15,670.8,16.8,-3.1714287,0.15714288,-6.4857144,95.314285,0.057142857,0.057142857,0.12857142,10.757143,0.25714287,7.510185e-05,0.010354884,0.040151097,0.003547065,0.011652689,True
2008-12-22,670.81,36.3,0.34285712,1.5285715,-1.4857143,98.27143,0.114285715,0.114285715,0.18571427,10.714286,0.9285714,0.0022852197,0.0110732615,0.048219055,0.024084099,0.022436649,True
2008-12-29,671.14,2.5,-2.8714287,-0.82857144,-5.928571,90.814285,0.057142857,0.057142857,0.2857143,10.471429,6.344132000000001e-17,0.00026147813,0.014865182,0.035390217,0.007574057,0.001937069,True
2009-01-05,671.17,3.0,-5.085715,-1.8857144,-8.7,92.27143,0.05,0.05,0.15714286,10.35,-2.0,3.129244e-05,0.016956463,0.03584903,0.0012499858,0.0046173222,True
2009-01-12,671.23,0.3,-7.714286,-2.7142856,-12.1285715,86.9,0.028571429,0.028571429,0.114285715,10.3,-2.6714287,2.4989247e-05,0.016411819,0.036064927,0.0012491643,0.00026378408,True
2009-01-19,671.2,20.7,-1.9142858,3.5285716,-7.3857145,86.92857,0.25714284,0.25714284,0.25714284,10.271428,-0.9285714,0.00014571846,0.015377395,0.03222847,0.005409833,0.0034081563,True
2009-01-26,671.19,17.9,-1.2714285,3.0714285,-5.8428574,90.12858,0.3285714,0.3285714,0.27142859,10.828571,0.014285714,0.000211142,0.014149122,0.042639297,0.005541818,0.014606167,True
2009-02-02,671.16,0.0,-2.6714287,0.071428575,-4.9,86.87142,0.071428575,0.071428575,0.42857143,10.3,-1.0857143,1.1131167e-05,0.0130324215,0.04136166,0.0005745664,0.00038708374,True
2009-02-09,671.11,14.200001,0.11428569,4.9,-4.7999997,89.52857,0.42857143,0.41428572,0.3857143,10.214286,0.028571429,0.0003437698,0.012030043,0.032535985,0.01577775,0.012306377,True
2009-02-16,671.05,20.5,-3.3142858,-0.22857144,-7.142857,89.58572,0.24285714,0.24285714,0.44285718,10.6285715,0.071428575,6.620586e-05,0.011231728,0.050138514,0.0021266807,0.027191985,True
2009-02-23,671.0,36.4,-4.4857144,-0.78571427,-10.242858,93.32857,0.15714286,0.15714286,0.31428573,10.885715,0.0,3.0308962e-05,0.010558002,0.090190135,0.0009914525,0.05708335,True
2009-03-02,670.92,11.2,0.5285715,5.057143,-4.2428575,90.02857,0.6571428,0.6571428,0.62857145,10.6,0.22857143,0.00090666115,0.009894669,0.121234216,0.029719636,0.015058519,True
2009-03-09,671.01,43.2,0.41428572,3.0857143,-3.142857,93.1,0.5857143,0.5857143,0.5428571,10.7,0.44285715,0.0006483793,0.009497561,0.11155044,0.015933732,0.048800025,True
2009-03-16,671.28,27.0,2.1142857,5.3714285,-1.2285715,89.27143,0.8571428,0.84285706,0.78571427,10.857142,2.2714286,0.0028848425,0.01242505,0.13841927,0.041938603,0.0183503,True
2009-03-23,671.42,10.099999,0.7285715,6.214286,-4.6571426,74.9,1.2285715,1.1,1.2571429,9.985714,2.7,0.0014558434,0.020027615,0.09989662,0.026407387,0.001183033,True
2009-03-30,671.71,40.1,2.2142856,5.471429,-0.4857143,92.62858,0.82857144,0.82857144,0.78571427,10.885715,2.8142858,0.0039718226,0.031780288,0.09154655,0.04642106,0.027817726,True
2009-04-06,672.31,10.5,8.142858,14.1285715,3.114286,82.328575,1.6857144,1.5285714,1.8714286,10.142858,9.014286,0.007986993,0.084224924,0.036802236,0.066416726,0.0,True
2009-04-13,672.7608799114686,0.0,10.414286,19.014286,1.6571429,67.0,3.0142858,2.3571432,2.7857144,9.1285715,13.728572,0.00017802417,0.05100987,0.0013881354,0.006823348,0.0,True
2009-04-20,673.48,6.8,9.571428,16.928572,2.4428573,72.78572,2.6714287,2.1571429,2.542857,8.2,12.728572,0.00012531132,0.029207096,4.5696893e-06,2.6332214e-05,0.0,True
2009-04-27,673.24,0.1,9.557143,16.985714,0.65714294,68.57143,2.985714,1.942857,2.7428572,7.4428573,13.6,6.194413e-05,0.020233579,4.189355e-06,2.1234155e-05,2.1398067e-05,True
2009-05-04,672.8,31.599998,7.8428574,11.871429,2.3142858,85.41429,1.7428572,1.5857143,1.7571429,7.4857144,11.5,0.001961626,0.015354954,3.7806374e-06,2.7440488e-05,2.6494265e-05,True
2009-05-11,672.3,18.8,12.442858,18.84286,5.471429,76.200005,3.0142856,2.6285713,2.9428573,7.9428573,15.1285715,0.00016131997,0.012707859,-7.345365000000001e-25,3.3527613e-08,0.0,True
2009-05-18,671.88,47.3,13.685715,19.428572,7.6285715,84.38572,2.1714284,2.1142857,2.5571427,9.114285,16.471428,0.0015607625,0.010907419,-7.345365000000001e-25,0.0,0.0,True
2009-05-25,671.63,18.9,17.457144,24.814287,8.8714285,71.21429,3.942857,3.4857142,4.0571427,9.0,20.171429,0.00022789836,0.009507246,-7.345365000000001e-25,7.450581e-09,0.0,True
2009-06-01,671.5894687320935,34.8,12.171428,17.428572,6.5,73.828575,2.9857142,2.8142855,3.2714286,9.514286,16.957144,0.006867379,0.0084958,-7.345365000000001e-25,0.0,0.0,True
2009-06-08,671.3399999999999,33.6,12.928572,18.214285,6.971429,75.92857,3.0857143,2.6285713,3.2428572,8.928572,17.528572,0.00018952787,0.007558152,-7.345365000000001e-25,0.0,0.0,True
2009-06-15,671.27,33.7,15.428572,20.214285,10.228572,73.88572,3.5571427,3.1857145,3.5714285,8.828571,18.614286,0.0008618757,0.006815031,-7.345365000000001e-25,0.0,0.0,True
2009-06-22,671.1,97.6,13.928572,18.728573,8.857143,83.32857,2.8,2.5285716,2.8285713,9.085714,17.971428,0.0021422952,0.006155193,-7.345365000000001e-25,0.0,0.0,True
2009-06-29,671.26,29.400002,14.742858,18.914288,10.742857,89.07143,2.1285713,2.142857,2.642857,10.714286,17.77143,0.0022439957,0.0070419163,-7.345365000000001e-25,3.7252903e-09,0.0,True
2009-07-06,671.37,28.7,18.685715,24.285715,12.771429,80.814285,3.142857,3.0142858,3.9285715,10.228572,22.514286,0.0035508275,0.00755056,-7.345365000000001e-25,1.1175871e-08,0.0,True
2009-07-13,671.5,17.7,14.342857,19.028574,9.771429,81.114296,2.5285716,2.4142857,2.7,10.1,17.22857,0.0003837198,0.008006267,-7.345365000000001e-25,3.7252903e-09,0.0,True
2009-07-20,671.54,56.7,16.37143,21.485716,11.228571,83.5,2.7714286,2.614286,3.0,10.742857,19.642857,0.006989032,0.009271108,-7.345365000000001e-25,7.450581e-09,0.0,True
2009-07-27,671.53,40.0,17.514286,24.67143,10.014285,75.471436,3.7999997,3.5285716,3.8999999,10.2,21.028572,0.0011686236,0.009560898,-7.345365000000001e-25,7.450581e-09,0.0,True
2009-08-03,671.47,21.2,16.457144,22.257143,10.142858,80.64286,2.785714,2.5857143,3.0714285,9.9,20.814285,0.002503857,0.009265922,-7.345365000000001e-25,1.1175871e-08,0.0,True
2009-08-10,671.39,6.2,17.728573,23.685715,11.2,80.0,2.8999999,2.5571427,3.6142857,9.814285,21.328571,0.00025999546,0.00886558,-7.345365000000001e-25,7.450581e-09,0.0,True
2009-08-17,671.3,19.6,18.6,24.671429,12.328572,77.48572,3.1571429,2.8,3.642857,9.3714285,22.12857,0.001759693,0.008432619,-7.345365000000001e-25,7.450581e-09,0.0,True
2009-08-24,671.22,8.2,18.314285,25.085714,10.585715,78.41429,3.0285714,2.4142857,3.4428573,8.471429,22.414286,0.00014784932,0.007930085,-7.345365000000001e-25,1.8626451e-09,0.0,True
2009-08-31,671.13,6.5,16.557142,23.300001,8.928572,79.37144,2.6000001,2.142857,2.9428573,8.3,20.585714,6.124377e-05,0.0074184164,-7.345365000000001e-25,3.7252903e-09,0.0,True
2009-09-07,671.07,41.8,14.185715,20.485716,8.571428,80.5,2.2428572,2.0285714,2.457143,8.857142,17.671429,0.00022682548,0.0068753213,-7.345365000000001e-25,5.5879354e-09,0.0,True
2009-09-14,671.0,4.1,12.414286,18.085714,6.3142858,82.614296,1.6857141,1.3571428,2.0142856,8.6,16.471428,0.00011000782,0.0063436627,-7.345365000000001e-25,1.8626451e-09,0.0,True
2009-09-21,670.93,4.7,14.214286,18.87143,9.942858,90.52857,1.0714285,0.91428566,1.5285714,8.657143,16.028572,0.00042526424,0.0058977455,-7.345365000000001e-25,1.8626451e-09,0.0,True
2009-09-28,670.88,0.0,13.214286,19.757143,7.214286,89.17143,1.3857143,1.0285715,1.7285715,8.214286,17.114286,6.5416098e-06,0.005513698,-7.345365000000001e-25,3.7252903e-09,0.0,True
2009-10-05,670.84,0.6,11.428572,17.07143,5.2000003,83.12858,1.2,0.85714287,1.5285714,7.757143,14.6285715,2.2873282e-05,0.00515946,-7.345365000000001e-25,1.8626451e-09,0.0,True
2009-10-12,670.79,54.1,13.271429,16.942858,9.914286,84.957146,1.0571429,0.9,1.2857143,8.3714285,13.971429,0.0024923831,0.0048839226,4.5980727e-07,7.301569e-07,2.1480024e-05,True
2009-10-19,670.76,34.2,1.7285715,4.9000006,-1.4285715,88.21429,0.48571435,0.45714286,0.64285713,10.071428,4.042857,0.0007274151,0.0046582,0.004273114,0.007455731,0.013529472,True
2009-10-26,670.75,11.599999,6.557143,12.085714,1.042857,90.44286,0.4714286,0.44285718,0.64285713,10.014286,7.0285716,0.00030666962,0.004757084,0.0017596937,0.0064077657,0.0,True
2009-11-02,670.73,26.4,6.542857,12.542857,1.4142857,85.98572,0.55714285,0.54285717,0.6571428,9.942857,7.4714284,0.00079924986,0.0050688237,2.9887471e-05,0.00011542998,0.00053510815,True
2009-11-09,670.72,24.1,3.2285714,6.857143,-0.31428578,91.1,0.45714286,0.45714286,0.45714286,10.614285,4.1714287,0.0006022006,0.005758889,0.000552694,0.0013427995,0.0040599927,True
2009-11-16,670.71,17.4,5.3428574,9.214286,0.59999996,91.92857,0.31428573,0.31428573,0.4,10.442857,4.5857143,0.0002873838,0.0068773553,0.0013964744,0.0033603646,4.3168664e-05,True
2009-11-23,670.71,14.0,7.642857,13.571428,2.3142858,83.42857,0.61428577,0.62857145,0.61428577,10.457143,6.4857144,0.00049060583,0.0077883005,1.7239934e-05,0.00011224486,0.0,True
2009-11-30,670.73,38.4,4.8142858,9.042857,1.0285715,85.98572,0.50000006,0.50000006,0.5,10.285714,4.5857143,0.0003270656,0.008520037,0.00096782047,0.00036694668,0.020509712,True
2009-12-07,670.75,31.5,0.29999998,3.614286,-4.157143,95.72857,0.18571429,0.18571429,0.17142858,10.742857,1.6,0.00072319806,0.00884638,0.034949165,0.020220429,0.021838477,True
2009-12-14,670.03,35.2,-0.21428572,2.0000002,-2.8142858,92.90001,0.21428572,0.21428572,0.25714287,11.1,1.4857143,0.0015242547,0.012118407,0.024689516,0.013286304,0.020652067,True
2009-12-21,671.15,8.7,-7.471429,-3.6857145,-11.171428,87.057144,0.014285714,0.014285714,0.20000002,10.428572,-0.2857143,0.0,0.016011544,0.03296029,0.0,0.01243186,True
2009-12-28,671.18,15.200001,0.55714285,4.6857142,-3.2714286,86.828575,0.31428573,0.31428573,0.3285714,10.614285,0.057142857,0.0003695786,0.01589337,0.04069431,0.008554108,0.0068681613,True
2010-01-04,671.39,47.0,-2.3571432,2.1142857,-7.3857145,92.51429,0.2,0.2,0.20000002,10.866667,0.93333334,0.00095193833,0.01623188,0.03319427,0.021092514,0.015088286,True
2010-01-11,671.5,5.8999996,-6.3428574,-4.3428574,-9.1,93.77143,0.0,0.0,0.17142858,10.385715,-0.3,5.3197145e-06,0.016695857,0.03720426,0.00023740344,0.009876348,True
2010-01-18,671.59,14.7,-1.7857143,1.1857144,-5.2428575,94.04286,0.114285715,0.114285715,0.22857143,10.457143,0.0,0.00012284517,0.016299695,0.04683787,0.0032509938,0.007253792,True
2010-01-25,671.49,4.0,-3.6000001,1.1857144,-8.1285715,92.02857,0.071428575,0.071428575,0.17142858,10.342857,-0.042857144,4.8682094e-05,0.015399717,0.051502205,0.0024378505,0.006470576,True
2010-02-01,671.38,24.0,-4.6714287,-2.5285716,-7.714286,91.91429,0.014285714,0.014285714,0.3,10.542857,-0.028571429,7.450581e-09,0.014266469,0.06944392,0.0,0.03454259,True
2010-02-08,671.17,27.2,-1.1142857,2.3,-5.714286,91.72858,0.3,0.3,0.37142858,10.671429,0.15714286,8.136779e-05,0.013054334,0.102623574,0.004227938,0.029650431,True
2010-02-15,671.08,9.9,-7.1714287,-4.014286,-11.5,88.88572,0.0,0.0,0.32857147,10.585714,0.1,0.0,0.011882089,0.11958021,0.0,0.010949805,True
2010-02-22,671.01,9.700001,-1.5571429,4.614286,-8.314286,84.52857,0.5285714,0.5285714,0.5857143,10.328571,0.17142858,5.8323145e-05,0.010805756,0.12487477,0.0030938238,0.009283394,True
2010-03-01,670.94,3.5000002,3.7428572,8.928572,-0.6714286,71.21429,1.4428571,1.3285714,1.2571429,10.028571,2.442857,0.00096413493,0.009851143,0.112020716,0.040777687,0.00049552694,True
2010-03-08,671.03,10.5,-3.042857,-0.18571427,-6.1285715,76.02857,0.25714287,0.24285714,0.85714287,10.057143,0.94285715,0.00019988418,0.009338774,0.09003111,0.0054132547,0.013911009,True
2010-03-15,671.1,14.6,-2.9428573,0.3142857,-6.5285716,78.98572,0.34285715,0.35714287,0.85714287,10.285714,0.028571429,1.578033e-05,0.009106658,0.09874614,0.0005162023,0.0131561905,True
2010-03-22,671.1,22.300001,4.914286,10.457143,-1.2,75.21429,1.5285715,1.4714286,1.4142857,10.2,5.5142856,0.0039501935,0.010764793,0.09394409,0.06465358,0.010885555,True
2010-03-29,671.67,14.1,7.5428576,15.242858,1.6,75.85714,2.057143,1.8714287,1.9,9.642858,9.5,0.0040037706,0.01961194,0.020078693,0.051950477,0.00012306124,True
2010-04-05,672.4,11.7,4.414286,9.300001,-0.90000004,74.47143,1.5714285,1.4000002,1.6,9.342857,6.928571,0.00029449165,0.026248038,0.0013627155,0.004360158,0.00323461,True
2010-04-12,671.79,0.7,6.1857147,12.8714285,-0.9857143,70.65714,1.9857143,1.5857142,2.1857142,8.8,9.214286,4.4062734e-05,0.023979396,0.0001426992,0.0008495208,3.7796795e-05,True
2010-04-19,672.38,12.400001,5.6571426,11.028571,-0.62857145,80.22858,1.6714286,1.3714286,1.8857143,8.928572,8.685715,0.00017338991,0.020301454,2.4880681e-05,0.00012114644,9.1947615e-05,True
2010-04-26,671.95,7.3,9.400001,16.285715,2.2428572,68.200005,2.8142858,2.2571428,2.8142858,8.214286,12.914286,0.00010249019,0.016724318,6.81196e-08,7.748604e-07,0.0,True
2010-05-03,671.6,46.7,11.385715,16.914286,5.428571,77.200005,2.5285716,2.0571427,2.5857143,7.9142857,14.828571,0.00093626976,0.01386407,2.1741503e-06,1.835823e-05,3.1556934e-05,True
2010-05-10,671.47,31.5,8.042857,12.014287,3.6714287,88.77143,1.2428571,1.2714285,1.4857142,9.571428,10.342857,0.00047557056,0.012021944,1.6575768e-06,1.5377998e-05,1.3075769e-06,True
2010-05-17,671.27,15.6,7.914286,11.728572,4.857143,87.37144,1.3285714,1.3571428,1.6999999,10.528571,10.5,0.0032455698,0.01107128,5.1089696e-08,6.2957406e-07,6.556511e-07,True
2010-05-24,671.4733236116062,12.0,10.1285715,15.228572,3.257143,78.87144,2.385714,2.1571429,2.7000003,10.157143,13.214286,0.0004567504,0.010615319,2.3217428e-06,1.6216189e-05,1.5731901e-05,True
2010-05-31,671.165,59.6,13.957144,18.885714,9.571428,75.042854,2.9,2.6857145,3.3428571,9.828571,16.428572,0.0017729178,0.010505773,-7.345365000000001e-25,1.4901161e-08,0.0,True
2010-06-07,671.94,73.4,13.728572,18.2,8.842857,83.52857,2.6857142,2.5714285,3.042857,10.842857,16.542856,0.005569324,0.017931037,-7.345365000000001e-25,0.0,0.0,True
2010-06-14,673.23,13.0,18.07143,23.714285,12.900001,73.97143,3.5142858,2.9428573,3.9142857,9.4,21.9,0.00027297437,0.016785279,-7.345365000000001e-25,7.450581e-09,0.0,True
2010-06-21,673.48,103.9,11.242858,13.914286,9.5,92.75714,1.1428572,1.2142857,1.4285715,11.071428,13.771428,0.008039936,0.022376046,-7.345365000000001e-25,7.450581e-09,0.0,True
2010-06-28,674.15,0.0,15.342857,21.857143,6.442857,69.9,3.9285715,3.3142858,4.2285714,9.928572,20.2,1.4141202e-05,0.022527516,-7.345365000000001e-25,7.450581e-09,0.0,True
2010-07-05,674.07,1.3000001,20.485716,26.814287,13.114286,69.61429,4.2714286,3.4,4.8714285,8.414286,24.928572,0.00019340217,0.019465946,-7.345365000000001e-25,1.1175871e-08,0.0,True
2010-07-12,673.64,38.5,20.528574,27.9,12.071428,64.700005,4.8142858,3.1571429,5.1,7.542857,25.214285,9.2446804e-05,0.015829243,-7.345365000000001e-25,1.1175871e-08,0.0,True
2010-07-19,673.13,52.199997,19.4,24.914288,12.814286,76.614296,3.7285717,2.8714287,4.1571426,7.6285715,23.971428,0.0009543896,0.012643628,-7.345365000000001e-25,7.450581e-09,0.0,True
2010-07-26,672.67,86.9,16.500002,21.914288,11.485715,82.21429,2.8142858,2.542857,3.2428572,9.585714,20.5,0.01671344,0.016589247,-7.345365000000001e-25,3.7252903e-09,0.0,True
2010-08-02,672.32,54.4,14.7,20.128572,8.957144,84.057144,2.414286,2.385714,2.6571429,10.914286,18.342857,0.0042656064,0.0112282485,-7.345365000000001e-25,7.450581e-09,0.0,True
2010-08-09,672.62,83.99999,13.942858,18.27143,9.771429,85.64286,2.1714284,2.1571429,2.4857142,11.314285,17.6,0.0048048645,0.021998666,-7.345365000000001e-25,0.0,0.0,True
2010-08-16,675.59,31.599998,15.214286,19.2,10.357142,85.15715,2.1428573,2.0142858,2.3428571,10.542857,18.685715,0.0004962981,0.02375038,-7.345365000000001e-25,7.450581e-09,0.0,True
2010-08-23,675.4,23.300001,17.285715,22.457144,12.242858,81.88572,2.3714287,2.1714284,2.857143,10.171429,19.642857,0.00040961802,0.021568634,-7.345365000000001e-25,9.313226e-09,0.0,True
2010-08-30,674.79,83.899994,14.914286,18.928572,10.914286,81.457146,2.3142858,2.2285717,2.5,10.342857,17.342857,0.0053678006,0.021620795,-7.345365000000001e-25,1.1175871e-08,0.0,True
2010-09-06,674.46,1.1,11.071428,17.2,4.5142856,81.457146,1.8285714,1.7142857,2.2714286,10.457143,15.1,0.0014587194,0.022453934,-7.345365000000001e-25,0.0,0.0,True
2010-09-13,674.25,22.099998,12.257143,17.485714,7.1285715,87.75715,1.4142857,1.3285713,1.6857144,10.1285715,15.285714,0.003636986,0.021349952,-7.345365000000001e-25,0.0,0.0,True
2010-09-20,674.0,9.5,10.728571,15.742857,5.7857146,83.58572,1.3285713,1.2142857,1.6857144,10.057143,13.557143,4.4733286e-05,0.019373737,-7.345365000000001e-25,3.7252903e-09,0.0,True
2010-09-27,673.63,29.5,10.185715,16.014286,4.8714285,85.3,1.3285713,1.1714286,1.5714285,10.157143,13.7,0.0027086735,0.017531745,-7.345365000000001e-25,1.8626451e-09,0.0,True
2010-10-04,673.29,6.7,9.942857,15.842857,3.9857144,87.457146,0.9142857,0.88571423,1.1999999,10.271428,11.685715,0.00010713935,0.015516192,-7.345365000000001e-25,1.8626451e-09,0.0,True
2010-10-11,672.79,1.6,10.514285,14.800001,6.4428573,90.71429,0.71428573,0.7,1.0285714,10.014286,12.514286,0.00020945072,0.014152512,-7.345365000000001e-25,3.7252903e-09,0.0,True
2010-10-18,672.33,16.099998,5.1,7.214286,1.9428571,90.77143,0.37142855,0.34285715,0.62857145,9.957143,7.214286,0.00014087558,0.012862235,-7.345365000000001e-25,0.0,0.0,True
2010-10-25,671.98,56.1,3.9285715,7.4428573,0.29999998,86.71429,0.5,0.5,0.6857143,10.785714,4.8714285,0.0011793971,0.011822835,0.0017997877,0.0044702627,0.0057344623,True
2010-11-01,671.71,0.0,5.414286,12.6285715,-0.3142857,83.1,0.64285713,0.64285713,0.6714286,10.4,6.042857,2.9087067e-05,0.011241972,0.0005172207,0.0013306905,1.1764467e-05,True
2010-11-08,671.55,13.299999,8.614285,11.085714,5.657143,85.457146,0.5285714,0.48571435,0.8142857,10.028571,7.9428573,0.00019518286,0.010728762,1.8187931e-05,6.133318e-05,0.00011541322,True
2010-11-15,671.45,30.0,6.971429,11.599999,2.0428572,84.51429,0.7714286,0.7714286,0.64285713,10.342857,6.9142857,0.0006545633,0.0102126,3.6642665e-05,0.00014138035,4.5308843e-05,True
2010-11-22,671.31,25.6,1.2428571,4.1857142,-1.5,95.85714,0.14285715,0.14285715,0.24285714,10.728572,2.7142856,0.0005954802,0.009943485,0.0049721114,0.0069772303,0.021051511,True
2010-11-29,671.25,13.400001,-2.0428572,-0.2714286,-5.585714,91.557144,0.10000001,0.10000001,0.25714284,10.728572,0.7285714,2.7738512e-05,0.009933636,0.03169763,0.0007210281,0.029490788,True
2010-12-06,671.18,51.8,-5.414286,-1.6285714,-11.67143,91.71429,0.028571429,0.028571429,0.2,10.885715,0.4,0.00011245161,0.009889118,0.048950616,0.00042781606,0.021219574,True
2010-12-13,671.39,41.3,-0.0285714,3.2857144,-2.7857144,92.8,0.17142858,0.17142858,0.21428572,11.428572,0.8,0.0017143786,0.0109984055,0.067905545,0.016276952,0.041278925,True
2010-12-20,671.75,30.199999,-5.714286,-2.142857,-11.114286,88.17143,0.10000001,0.10000001,0.24285714,10.757143,0.22857143,1.6234815e-05,0.010621622,0.10085288,9.1383234e-05,0.020652741,True
2010-12-27,672.05,17.5,-3.3428574,0.05714294,-8.214286,92.24286,0.08571429,0.08571429,0.18571429,10.9,0.2857143,6.838143e-05,0.010584861,0.11931547,0.0020572953,0.017765816,True
2011-01-03,671.56,11.4,-2.757143,-0.27142859,-5.785714,95.72857,0.025,0.025,0.17142858,10.525,0.2,7.4505806e-08,0.010379955,0.13402317,0.0,0.0068684593,True
2011-01-10,671.9,16.6,-0.3428572,4.2000003,-5.1857142,88.54286,0.2857143,0.2857143,0.25714287,10.414286,0.9285714,0.0004685223,0.010050684,0.13316804,0.014262665,0.0009492114,True
2011-01-17,673.04,49.7,3.8,7.4000006,0.71428573,89.97143,0.4857143,0.4857143,0.31428573,10.985714,3.4,0.007303424,0.02361004,0.091042146,0.06651263,0.00051600486,True
2011-01-24,676.07,12.7,-3.4285715,-0.41428575,-7.6,88.24286,0.08571429,0.08571429,0.29999998,10.4,0.7,0.00015514344,0.026493698,0.06617832,0.0044894237,0.014224354,True
2011-01-31,671.42,9.0,-3.6571429,-2.2857144,-5.085714,94.0,0.057142857,0.057142857,0.24285714,10.3714285,0.12857144,0.0,0.025431655,0.07960738,0.0,0.01088056,True
2011-02-07,675.17,1.0,-0.22857139,4.1285715,-4.4,80.457146,0.61428577,0.5714286,0.6571428,10.185715,0.85714287,0.00033697486,0.02236478,0.076269366,0.017911198,0.00080789626,True
2011-02-14,674.44,0.6,3.8142858,10.114286,-1.9714286,71.5,0.87142855,0.75714284,0.94285715,9.728572,3.5714285,0.0007863492,0.01932653,0.045443848,0.034845084,4.5970082e-06,True
2011-02-21,673.8,11.5,0.2857143,3.0714285,-1.8285714,95.24286,0.18571429,0.15714286,0.42857143,9.642858,1.6857142,0.00043849647,0.017753497,0.018337375,0.016320476,0.006452676,True
2011-02-28,673.22,17.0,-1.9857142,2.8428574,-7.4857144,90.314285,0.34285712,0.3285714,0.5285714,10.057143,0.7,0.00057536364,0.016851015,0.018672535,0.014197186,0.012684107,True
2011-03-07,672.7,0.0,-0.5,4.1,-4.542857,77.6,0.87142855,0.8000001,1.0714285,9.928572,1.7571429,0.00024718046,0.01620891,0.009495939,0.0096686855,1.994893e-05,True
2011-03-14,672.22,0.7,5.114286,11.571428,-1.0714285,71.828575,1.5142857,1.2142856,1.4428571,9.414286,5.9428573,0.00011783093,0.015590273,0.0018655403,0.0049522575,0.0,True
2011-03-21,671.92,37.999996,4.357143,8.428572,0.15714288,81.457146,1.2142857,1.1142857,1.1714286,10.014286,6.042857,0.0011535734,0.015147209,0.00012157077,0.0003735833,0.00027216226,True
2011-03-28,671.69,6.4,6.8428574,13.414286,0.67142856,72.51429,1.9285715,1.7,1.9142857,9.742857,8.914286,8.414686e-05,0.014456958,2.6384989e-05,0.00011533685,0.0,True
2011-04-04,671.55,29.5,9.3714285,16.685715,2.0857143,78.71429,2.1571429,1.8999999,2.0285714,9.528571,11.985714,0.00028525293,0.013547309,5.1089696e-08,6.8731606e-07,0.0,True
2011-04-11,671.42,0.0,10.657143,18.014286,2.9285715,71.042854,3.0428574,2.5571427,2.7,9.3,14.514286,1.9133091e-05,0.012348764,-7.345365000000001e-25,-1.8626451e-09,0.0,True
2011-04-18,671.31,2.8,5.285714,11.7,-1.9428571,71.97143,2.0857143,1.7,2.0714285,8.742857,9.685715,0.0002071634,0.011072613,0.00063799677,0.0021326058,0.0022401586,True
2011-04-25,671.22,1.3,12.042857,19.9,2.3999999,64.5,3.542857,2.542857,3.3,7.614286,16.157143,4.1246414e-05,0.009758934,6.0058774e-06,4.9168244e-05,0.0,True
2011-05-02,670.85,25.8,8.857142,15.657144,1.0571429,83.34286,2.3285713,1.7428572,2.3714287,7.0,14.142858,0.00016739964,0.0085697025,-7.345365000000001e-25,0.0,0.0,True
2011-05-09,670.51,1.3,10.442857,17.942858,1.4000002,62.54286,3.7285712,2.4857142,3.5142856,6.7285714,15.114285,8.9243054e-05,0.007529266,-7.345365000000001e-25,0.0,0.0,True
2011-05-16,671.05,48.4,12.157143,17.628572,6.014286,75.957146,2.7857146,1.7714285,2.7142856,6.4142857,16.057142,0.00058878213,0.006510563,-7.345365000000001e-25,0.0,0.0,True
2011-05-23,670.97,9.9,14.800001,21.642857,7.2714286,72.457146,3.3999999,2.6857142,3.8142858,6.6285715,18.314285,5.927682e-05,0.0057742074,-7.345365000000001e-25,3.7252903e-09,0.0,True
2011-05-30,670.95,21.3,14.442858,21.185715,6.7571435,71.942856,3.8285718,2.4285715,3.7857144,6.4714284,18.885714,0.000813663,0.0051226392,-7.345365000000001e-25,0.0,0.0,True
2011-06-06,670.91,27.1,14.514287,19.414288,9.3,84.04286,2.6571429,2.2571428,2.9142857,7.7714286,18.014286,0.0031517,0.0054029003,-7.345365000000001e-25,1.1175871e-08,0.0,True
2011-06-13,670.85,28.7,12.757143,16.957144,8.271429,84.828575,2.0142856,1.757143,2.4428573,7.8142858,16.542856,0.00042922795,0.004377775,-7.345365000000001e-25,0.0,0.0,True
2011-06-20,670.85,48.7,15.242858,20.4,10.285714,77.75714,3.0,2.7857146,3.5285716,8.228572,18.4,0.0020346418,0.0045149103,-7.345365000000001e-25,0.0,0.0,True
2011-06-27,670.85,25.5,16.957144,22.414288,11.271429,72.92857,3.6285713,3.114286,3.8857143,8.785714,19.857143,0.00019759685,0.004013531,-7.345365000000001e-25,3.7252903e-09,0.0,True
2011-07-04,670.84,44.3,14.928572,20.714285,8.257143,76.02857,3.457143,2.942857,3.5142858,8.957143,19.757143,0.0065262467,0.0058190823,-7.345365000000001e-25,0.0,0.0,True
2011-07-11,670.82,39.3,18.157145,24.800001,12.400001,75.957146,3.8857143,3.5428574,4.3714285,8.828571,22.314285,0.004988946,0.004132107,-7.345365000000001e-25,1.1175871e-08,0.0,True
2011-07-18,670.8,59.3,15.014287,20.385715,9.157143,80.72858,2.7857144,2.7,2.8428571,10.1285715,18.914286,0.0007893443,0.004173383,-7.345365000000001e-25,3.7252903e-09,0.0,True
2011-07-25,671.11,96.2,11.914286,16.157145,7.9857144,87.22858,1.9428571,1.9857142,2.0857143,11.171429,15.3,0.009117939,0.008052893,-7.345365000000001e-25,3.7252903e-09,0.0,True
2011-08-01,671.27,17.1,14.428572,19.742859,9.514285,82.51429,2.3714287,2.242857,2.7714286,10.528571,18.485714,0.0010629445,0.0075003803,-7.345365000000001e-25,0.0,0.0,True
2011-08-08,671.38,60.9,17.057142,22.757143,11.67143,83.542854,2.6000001,2.5285716,3.0,10.742857,20.142857,0.0015943348,0.008952633,-7.345365000000001e-25,5.5879354e-09,0.0,True
2011-08-15,671.52,58.800003,15.742857,21.214285,10.342857,77.542854,2.8714287,2.6714284,3.2714286,10.485714,19.385714,0.002388604,0.0098058805,-7.345365000000001e-25,7.450581e-09,0.0,True
2011-08-22,671.55,6.7999997,20.47143,27.728573,13.442857,77.21429,3.5285716,3.0857143,4.0142856,9.957143,24.157143,0.0001424849,0.0100337565,-7.345365000000001e-25,9.313226e-09,0.0,True
2011-08-29,671.51,20.2,17.428572,24.7,10.142858,75.957146,3.2142856,2.7857144,3.5142858,9.314285,22.114286,0.0007336736,0.009501159,-7.345365000000001e-25,7.450581e-09,0.0,True
2011-09-05,671.45,102.5,15.814286,22.171429,9.971429,84.38572,1.9999999,1.7571429,2.3428571,9.328571,19.514286,0.007955216,0.0098230615,-7.345365000000001e-25,3.7252903e-09,0.0,True
2011-09-12,671.6,5.9,16.257143,21.800001,10.885715,77.98572,2.3,2.1,2.7285714,9.914286,18.642857,0.00016848743,0.008720301,-7.345365000000001e-25,1.1175871e-08,0.0,True
2011-09-19,671.69,44.7,13.114286,18.257143,8.114286,85.6,1.5571429,1.4857143,1.8714286,10.042857,16.528572,0.0020216107,0.008501604,-7.345365000000001e-25,0.0,0.0,True
2011-09-26,671.66,0.0,11.485715,18.885714,4.6,85.35714,1.5285714,1.3571428,1.8571428,10.114285,15.6,2.8297305e-05,0.008465625,-7.345365000000001e-25,3.7252903e-09,0.0,True
2011-10-03,671.4466515860863,0.0,13.400001,20.457142,6.957143,89.07143,1.4428571,1.1857144,1.7571429,9.257143,17.257143,5.2154064e-07,0.008287676,-7.345365000000001e-25,7.450581e-09,0.0,False
2011-10-10,671.45,50.4,9.457144,13.457144,5.042857,86.614296,1.1999999,1.1,1.1714286,9.928572,12.3714285,0.0040229484,0.009271532,0.00012469292,0.0007854048,0.0008253306,True
2011-10-17,671.25,6.3,7.7428575,11.971429,4.6285715,88.814285,0.8428572,0.8285714,0.9857143,10.571428,9.757143,0.00015029311,0.0088607,4.7513417e-06,6.7288056e-05,0.0,True
2011-10-24,671.19,11.200001,3.8142858,10.414286,-1.8285714,86.64286,0.6428572,0.59999996,0.74285716,10.542857,6.0571427,0.00021382421,0.009558849,0.0005247536,0.0013667401,0.001562912,True
2011-10-31,671.09,0.8,6.285714,12.514285,0.47142857,89.17143,0.51428574,0.49999997,0.61428577,10.2,7.8,1.4215708e-05,0.009521946,5.421752e-05,0.000214234,0.0,True
2011-11-07,670.99,0.3,6.942857,13.728571,1.4,92.58572,0.45714283,0.38571426,0.47142857,9.957143,8.571428,2.8461218e-06,0.009286076,4.0871757e-07,2.4605542e-06,0.0,True
2011-11-14,670.91,0.0,3.257143,7.971429,-0.6857143,94.87144,0.2857143,0.20000002,0.34285715,9.757143,5.8285713,3.3825636e-06,0.008945234,-7.345365000000001e-25,0.0,0.0,True
2011-11-21,670.85,0.0,0.34285715,7.642857,-4.785714,90.51428,0.3285714,0.27142856,0.2,9.642858,2.7857144,1.6391277e-07,0.008529335,1.4134815e-06,2.6114285e-06,3.3974648e-06,True
2011-11-28,670.81,0.8,0.61428577,5.7571435,-4.3857145,90.02857,0.27142859,0.22857141,0.29999998,9.514286,1.9,1.937151e-06,0.008070588,8.29356e-06,1.4312565e-05,1.8663704e-05,True
2011-12-05,670.79,33.9,4.8142858,9.728572,-0.014285768,84.48572,0.5,0.48571426,0.4857143,9.671429,4.214286,0.0014935136,0.0075999647,8.1590246e-05,3.2886863e-05,0.0013695061,True
2011-12-12,670.84,86.2,3.0285716,5.585714,0.5285714,90.557144,0.3857143,0.3857143,0.44285718,11.228572,2.4714286,0.0023107976,0.008282006,0.0058952514,0.012274053,0.013453901,True
2011-12-19,671.11,41.2,1.0857142,3.357143,-2.5571427,89.057144,0.47142857,0.47142857,0.41428572,11.142858,1.3285714,0.0006916225,0.008219637,0.007819141,0.002008915,0.018859167,True
2011-12-26,671.5096575063199,39.5,0.28571433,2.6857142,-2.4428573,94.057144,0.15714286,0.15714286,0.20000002,11.1285715,0.51428574,0.0017825514,0.010658659,0.04312207,0.012692042,0.039637156,False
2012-01-02,671.4849999999999,37.2,1.5,5.3428574,-1.6714287,90.814285,0.24000001,0.24000001,0.29999998,10.6,0.34,0.0035415292,0.017288059,0.05201978,0.031658474,0.024208155,True
2012-01-09,672.58,53.6,1.6,3.3714287,-0.12857144,89.38572,0.48571426,0.48571426,0.45714286,11.314285,1.2857143,0.002152428,0.03502444,0.052571513,0.011109294,0.050759457,True
2012-01-16,673.29,3.0,-2.4857144,0.64285713,-7.0428576,91.25715,0.21428573,0.21428573,0.21428572,10.557143,0.32857144,0.00024177879,0.037533276,0.08521512,0.004861323,0.009884868,True
2012-01-23,673.52,56.2,1.1142858,5.057143,-2.4857142,86.8,0.6,0.6,0.4857143,11.114285,0.64285713,0.005705014,0.03456115,0.088290416,0.037570532,0.030076124,True
2012-01-30,673.75,13.9,-2.2428572,0.4,-5.1,94.77143,0.1,0.1,0.25714287,11.0,0.37142858,4.5984983e-05,0.036396116,0.09722613,0.0015105177,0.01824186,True
2012-02-06,673.9,1.5,-13.314286,-9.314286,-18.300001,83.1,0.0,0.0,0.25714287,10.328571,-0.14285715,0.0,0.032333344,0.103192106,0.0,0.004282955,True
2012-02-13,673.74,4.5,-12.842857,-9.471429,-18.77143,84.57143,0.0,0.0,0.2857143,10.3,-0.67142856,0.0,0.025809161,0.10462277,0.0,0.005365122,True
2012-02-20,673.62,18.400002,-1.5714285,0.8714286,-5.6285715,90.814285,0.28571427,0.27142856,0.41428572,10.542857,-0.028571429,3.2782555e-05,0.020508371,0.1272384,0.001647396,0.031679202,True
2012-02-27,673.52,5.8,-0.4,5.457143,-5.7000003,85.64286,0.7,0.6714286,0.67142856,10.171429,0.4,0.0005787313,0.016682737,0.12868738,0.024121849,0.0048275217,True
2012-03-05,673.32,5.2,4.214286,10.7,-1.3428571,82.97143,1.0285715,0.9285715,1.0428572,9.8714285,4.5571427,0.0024618655,0.014945328,0.089680076,0.0562592,0.0020448826,True
2012-03-12,673.25,5.2,1.3000001,5.642857,-3.8428574,85.22858,0.9714285,0.88571435,0.85714287,9.8,3.4142857,0.00045123696,0.013941444,0.063926205,0.0152447745,0.007982463,True
2012-03-19,673.15,15.200001,5.5,14.242858,-1.6285714,76.185715,1.7714285,1.542857,1.6285714,9.457143,7.9,0.0033647716,0.01734551,0.035578914,0.043818817,0.00203358,True
2012-03-26,672.95,0.0,6.728572,15.028572,-1.3571428,75.685715,2.142857,1.8000001,1.8999999,9.2,9.428572,0.0006284863,0.027699403,0.005051721,0.015817951,1.6950071e-06,True
2012-04-02,672.75,1.1,6.8857145,13.842857,-0.59999996,69.814285,2.3142858,1.8142856,2.1285715,8.357142,10.485714,9.344518e-05,0.02546867,0.00011877787,0.00047422014,9.579398e-05,True
2012-04-09,672.46,16.6,5.4428573,9.585714,0.9571429,86.41429,1.0571429,1.0,1.1999999,8.7,7.6,0.00026124716,0.02038636,0.0010694946,0.0018366594,0.0051246006,True
2012-04-16,672.19,44.9,5.542857,9.014286,1.8571428,84.91429,1.2571429,1.2428571,1.3714286,9.414286,7.0142856,0.0004676953,0.016611814,0.0006223633,0.0036139525,0.0009827055,True
2012-04-23,671.9,20.300001,5.085715,10.557143,-1.1428572,78.72858,1.9142858,1.9285715,1.8571428,9.771428,8.171429,0.00026039034,0.014151834,0.00013254938,0.00053501874,1.1637807e-05,True
2012-04-30,671.57,6.0,12.142858,20.157145,2.8857143,66.85714,3.8857138,3.3857143,3.2999997,9.271428,14.485714,0.00015343726,0.012315609,7.935365e-05,0.0005891584,0.00058028847,True
2012-05-07,671.51,9.6,11.1285715,16.428572,5.1714287,76.77143,2.7857144,2.457143,2.642857,8.114285,15.357142,0.00014656782,0.010682546,-7.345365000000001e-25,1.8626451e-08,0.0,True
2012-05-14,671.38,24.3,12.457144,19.114286,4.5,72.62858,3.3571432,2.7000003,3.2571428,7.9,16.157143,0.00024689734,0.009294115,-7.345365000000001e-25,3.7252903e-09,0.0,True
2012-05-21,671.3,7.0,10.7,17.614286,3.6000001,73.38572,3.0142858,2.7,2.9428573,8.142858,14.242857,0.0004143417,0.008125231,0.00036009154,0.002289489,0.0021926612,True
2012-05-28,671.1719582621541,7.6,14.514287,20.47143,7.857143,71.314285,3.6714287,2.8999999,3.6571429,7.6285715,18.657143,0.00048107654,0.007214658,4.5413064e-08,6.072223e-07,0.0,True
2012-06-04,671.165,65.3,14.928572,20.014286,10.085714,78.957146,3.142857,2.757143,3.2999997,7.214286,18.285715,0.0011939853,0.006464906,-7.345365000000001e-25,0.0,0.0,True
2012-06-11,671.1,61.4,12.885715,17.828571,8.442858,84.85714,2.3428574,2.3285713,2.4285715,8.885715,16.171429,0.0016389787,0.0059903115,-7.345365000000001e-25,3.7252903e-09,0.0,True
2012-06-18,671.16,45.100002,15.757143,21.77143,8.085714,75.542854,3.9714286,3.5,3.9142857,9.828571,19.4,0.0011859387,0.006601475,-7.345365000000001e-25,1.1175871e-08,0.0,True
2012-06-25,671.23,40.1,17.300001,22.428572,11.314286,78.57143,3.7714288,3.457143,3.7,9.028571,21.642857,0.0034446716,0.006258458,-7.345365000000001e-25,1.4901161e-08,0.0,True
2012-07-02,671.21,13.5,19.014286,25.100002,12.957144,77.72858,3.8571432,3.4428573,4.0,8.957143,22.657143,0.000172019,0.0062620193,-7.345365000000001e-25,7.450581e-09,0.0,True
2012-07-09,671.34,55.6,17.642857,23.100002,12.457144,83.17143,3.1571426,3.085714,3.4857144,10.014286,21.514286,0.0018227398,0.0061100125,-7.345365000000001e-25,1.1175871e-08,0.0,True
2012-07-16,671.31,17.2,14.771429,19.228573,11.185715,78.67143,3.0000002,2.7428572,3.0714285,9.614285,18.442858,0.00037141144,0.0058948696,-7.345365000000001e-25,7.450581e-09,0.0,True
2012-07-23,671.25,28.800001,14.985715,19.714285,10.085714,75.91429,3.1285717,2.6285713,3.357143,8.885715,18.3,0.000612773,0.00563585,-7.345365000000001e-25,3.7252903e-09,0.0,True
2012-07-30,671.15,12.7,18.34286,24.9,11.1285715,77.22858,3.5714288,2.9714286,3.8142858,8.171429,21.942858,0.00024332106,0.005342528,-7.345365000000001e-25,7.450581e-09,0.0,True
2012-08-06,671.08,17.7,18.457142,24.97143,12.057143,78.15715,3.3571427,2.9428573,3.6714284,8.042857,22.114286,0.00397107,0.0052883774,-7.345365000000001e-25,1.1175871e-08,0.0,True
2012-08-13,671.02,0.0,15.914286,22.457144,8.614286,75.74286,3.1285717,2.5857143,3.6142857,8.042857,20.742857,1.2129545e-05,0.0048161373,-7.345365000000001e-25,7.450581e-09,0.0,True
2012-08-20,670.95,30.8,19.300001,27.37143,10.471429,73.88572,3.7000003,3.142857,3.8714287,7.885714,23.042856,0.0002257824,0.0045527294,-7.345365000000001e-25,1.1175871e-08,0.0,True
2012-08-27,670.9,58.3,18.000002,23.657145,12.271429,80.1,2.885714,2.8,3.142857,8.742857,21.27143,0.002857551,0.0042713657,-7.345365000000001e-25,9.313226e-09,0.0,True
2012-09-03,670.9,77.9,14.400001,18.885714,10.157143,86.37142,1.5857143,1.5857143,1.8714285,10.042857,16.9,0.0013960898,0.004171096,-7.345365000000001e-25,7.450581e-09,0.0,True
2012-09-10,670.95,0.0,15.371429,21.742859,8.6285715,82.557144,2.0714288,1.8999999,2.3285713,9.6,18.528572,0.0001192987,0.0041482076,-7.345365000000001e-25,7.450581e-09,0.0,True
2012-09-17,670.92,26.0,11.17143,17.485716,4.8857145,84.61428,1.6428572,1.5285714,1.8714285,9.814285,15.085714,0.00032779574,0.0041403174,-7.345365000000001e-25,0.0,0.0,True
2012-09-24,670.9,72.9,11.271429,17.257143,4.857143,87.92857,1.4714286,1.4857143,1.5,10.085714,14.428572,0.0022757053,0.0041466802,-7.345365000000001e-25,1.8626451e-09,0.0,True
2012-10-01,671.0,31.4,11.1,16.085714,6.0,87.700005,1.0285715,1.0142858,1.3000001,10.314285,12.842857,0.0005036965,0.0045021847,-7.345365000000001e-25,1.8626451e-09,0.0,True
2012-10-08,671.05,39.0,11.042857,16.428572,5.2000003,86.94286,1.1285714,1.0857142,1.2857143,10.185715,12.571428,0.000440225,0.0050316975,-7.345365000000001e-25,3.7252903e-09,0.0,True
2012-10-15,671.12,46.0,9.357142,12.657144,6.228572,92.24286,0.6571428,0.67142856,0.7714286,11.214286,10.557143,0.0035542697,0.009393953,4.5242764e-06,1.3420358e-05,6.458163e-05,True
2012-10-22,671.29,0.0,10.042857,17.714285,3.457143,84.38572,1.0571429,0.9714286,1.0285714,10.114285,11.257143,2.0116568e-06,0.009803049,1.1148907e-05,5.2047893e-05,0.0,True
2012-10-29,671.43,24.9,3.3714287,5.8428574,0.42857143,96.057144,0.22857144,0.21428573,0.41428572,10.3,6.2285714,0.00022383034,0.010351934,0.0065870625,0.0009754114,0.023223579,True
2012-11-05,671.43,47.9,4.8285713,10.085714,0.71428573,86.314285,0.82857144,0.82857144,0.62857145,10.914286,5.6285715,0.0028518215,0.010676943,0.008884333,0.022278242,0.00051249564,True
2012-11-12,671.42,29.7,5.0142856,8.5,1.4142857,89.65715,0.40000004,0.40000004,0.45714286,11.185715,5.3142858,0.0024775267,0.013089851,0.00063064555,0.0015972257,0.0011539571,True
2012-11-19,671.49,0.0,2.7428572,8.2,-0.7571429,92.48572,0.25714284,0.27142859,0.27142859,10.528571,4.4,2.9355288e-06,0.016435556,2.635093e-05,9.393878e-05,9.313226e-08,True
2012-11-26,671.6,1.7,4.6,9.214286,0.82857144,87.457146,0.2857143,0.27142859,0.42857143,10.2,4.571429,7.733703e-06,0.016726486,2.628281e-06,6.0126185e-06,4.4703484e-08,True
2012-12-03,671.55,43.2,-0.20000003,1.8000001,-3.1571429,93.15715,0.08571429,0.08571429,0.22857143,11.0,2.057143,0.00016023219,0.015827797,0.023183987,0.00034999847,0.043771278,True
2012-12-10,671.43,35.4,-3.5714285,-0.8000001,-9.242858,94.614296,0.14285715,0.14285715,0.21428572,10.8714285,0.47142857,0.00016184151,0.014663346,0.063647576,0.002136888,0.04627063,True
2012-12-17,671.3,31.6,-2.2714286,1.6285715,-6.4714284,92.25714,0.21428572,0.21428572,0.20000002,10.885715,0.6142857,0.00057253987,0.013517991,0.093080275,0.015144942,0.010333303,True
2012-12-24,671.45,40.9,2.5714285,5.3714285,-0.9714286,89.98572,0.37142855,0.37142855,0.35714287,11.157143,2.1142857,0.0035340488,0.015411064,0.08515032,0.0409718,0.013856813,True
2012-12-31,673.41,30.0,3.757143,7.614286,0.24285714,82.185715,0.5714286,0.5714286,0.5285714,10.928572,3.0142858,0.0027067065,0.026622675,0.043381732,0.033712734,0.005546972,True
2013-01-07,674.5,45.1,2.1714287,4.4428573,-0.65714294,93.057144,0.2714286,0.2714286,0.27142859,10.742857,1.9571428,0.0021035224,0.045090593,0.023891693,0.022616394,0.0024667457,True
2013-01-14,674.62,10.8,-0.4857143,1.3428571,-2.6142857,94.32857,0.14285715,0.14285715,0.20000002,10.5,0.9,8.562207e-05,0.04637777,0.017209558,0.0028670914,0.0149549395,True
2013-01-21,674.48,15.9,-4.8,-2.4142857,-7.9428573,92.01428,0.0,0.0,0.22857143,10.5,0.071428575,1.2546778e-05,0.034178898,0.033907704,0.00064034015,0.018917829,True
2013-01-28,674.09,8.8,-3.4857144,0.014285684,-9.1,86.5,0.2,0.2,0.34285715,10.314285,0.114285715,4.4748187e-05,0.025136992,0.040435772,0.0027213413,0.0077938065,True
2013-02-04,673.77,80.5,2.9285715,5.6285715,0.25714284,87.614296,0.68571424,0.68571424,0.62857145,11.3714285,2.5428572,0.0044264197,0.02338498,0.02265791,0.044721328,0.02717496,True
2013-02-11,674.23,29.0,-4.4857144,-1.1285714,-9.714286,90.08572,0.12857142,0.12857142,0.34285715,11.328571,0.54285717,0.0004579425,0.022565655,0.046359703,0.0062989704,0.039172713,True
2013-02-18,675.13,9.5,-3.9428573,-0.27142856,-9.2,88.65715,0.14285715,0.14285715,0.37142855,10.542857,0.2,1.6540289e-06,0.021693952,0.06807009,8.4575266e-05,0.012955539,True
2013-02-25,674.83,9.1,-6.114286,-2.3285716,-10.557143,83.92857,0.08571429,0.08571429,0.5142857,10.314285,0.2,1.4901161e-08,0.01985021,0.078133665,0.0,0.010342911,True
2013-03-04,674.45,0.7,-1.5857143,1.3571428,-5.1571426,89.38572,0.29999998,0.2857143,0.5714286,10.242857,0.22857143,0.00028797984,0.017491698,0.07600733,0.016543422,0.0025833547,True
2013-03-11,674.04,6.7,4.3857145,11.942858,-1.2571429,77.98572,1.2857143,1.1714286,1.1857144,9.857142,4.8142858,0.002574101,0.016048007,0.03200454,0.05993922,1.8924475e-05,True
2013-03-18,673.84,18.2,-0.78571427,4.8714285,-5.6857147,79.25714,0.5428571,0.5142857,0.95714283,10.028571,1.8571428,0.00025375187,0.01564604,0.006908945,0.0056155566,0.012335993,True
2013-03-25,673.75,7.7999997,0.87142855,5.1285715,-2.414286,81.0,0.9428572,0.9142857,1.1571429,10.1,2.9571428,0.00040635467,0.015693776,0.007245836,0.012402941,0.0072658844,True
2013-04-01,673.57,43.5,-1.4142857,2.0857143,-5.457143,89.614296,0.42857143,0.45714286,0.7714286,10.557143,0.6142857,0.0005399585,0.015396066,0.011741445,0.0124363955,0.020777807,True
2013-04-08,673.35,3.4,1.0428572,3.3857143,-1.0,84.299995,0.57142866,0.55714285,1.0285714,10.342857,2.0714285,0.0003546402,0.015017144,0.005144914,0.01223661,0.000426583,True
2013-04-15,673.16,14.1,8.742857,14.657144,3.3142858,74.0,2.5,2.357143,2.2571428,10.271428,9.414286,0.00032825768,0.014529854,0.00027942657,0.0014173836,2.6848167e-05,True
2013-04-22,673.19,36.3,9.828572,14.342857,5.4428573,81.74286,1.7428572,1.557143,1.9714286,9.914286,11.457143,0.0006777942,0.01367034,0.00032245545,0.002166545,0.0022123456,True
2013-04-29,673.12,1.6,10.457144,16.228573,4.2428575,78.40001,2.1285715,1.8857144,2.1857142,9.842857,13.1285715,0.00038338453,0.012953773,1.4015606e-05,0.000108763576,0.0,True
2013-05-06,672.92,8.6,11.542857,16.328571,6.328572,83.6,1.9,1.7571429,2.3857143,9.614285,13.742857,0.001358822,0.0122471675,-7.345365000000001e-25,3.7252903e-09,0.0,True
2013-05-13,672.71,52.2,10.885715,15.057143,6.6142855,82.1,2.0285714,1.9,2.0857143,10.271428,13.542857,0.0044445246,0.011958182,8.5149495e-08,5.699694e-07,8.6426735e-07,True
2013-05-20,672.7703974108458,5.0,11.385715,16.685715,6.371429,78.67143,2.5428574,2.2714286,2.6142857,9.914286,14.585714,0.00030449033,0.012261473,-7.345365000000001e-25,3.1292439e-07,0.0,True
2013-05-27,672.33,47.9,6.2999997,10.342857,3.0714285,85.5,1.6142857,1.5571429,1.7428571,10.057143,9.442857,0.0010268092,0.012368217,8.482592e-05,0.0006090738,0.0006626509,True
2013-06-03,670.78,153.8,8.171429,11.585714,5.1285715,88.71429,1.6428572,1.6285714,1.6,11.271428,10.742857,0.02857691,0.04061117,7.6123647e-06,7.248297e-05,1.2516975e-06,True
2013-06-10,676.3,70.399994,14.142858,19.828571,7.1571426,74.85714,3.442857,3.0285714,3.5714285,10.085714,17.657143,0.00101915,0.050849065,-7.345365000000001e-25,1.4901161e-08,0.0,True
2013-06-17,677.37,17.800001,17.057144,23.828571,9.985715,75.01429,3.9714284,3.5857143,4.0857143,10.085714,20.4,0.0013712645,0.034110405,-7.345365000000001e-25,0.0,0.0,True
2013-06-24,677.27,31.4,17.4,23.071428,11.8714285,77.471436,3.9428573,3.2714288,3.6714287,8.6285715,22.042856,0.00042868406,0.024340212,-7.345365000000001e-25,7.450581e-09,0.0,True
2013-07-01,676.9,24.5,11.400001,15.371429,7.1714287,81.65715,2.357143,2.1142857,2.5,9.242857,15.357142,0.000780493,0.018865645,-7.345365000000001e-25,0.0,0.0,True
2013-07-08,676.29,8.099999,17.657145,22.328571,12.7,78.47143,3.5285714,2.9714284,3.7571428,9.0,20.8,0.00025478005,0.01575797,-7.345365000000001e-25,1.1175871e-08,0.0,True
2013-07-15,676.07,0.0,17.157143,23.34286,9.599999,68.42857,4.414285,2.757143,4.4428573,7.3142858,22.87143,9.23872e-06,0.013174303,-7.345365000000001e-25,0.0,0.0,True
2013-07-22,675.55,0.0,19.542858,26.985716,10.571428,65.11428,5.1571426,1.6,4.9714284,6.2285714,24.185715,1.0341406e-05,0.010731682,-7.345365000000001e-25,7.450581e-09,0.0,True
2013-07-29,675.15,16.9,20.957142,28.728573,12.957144,69.457146,4.328572,1.9285715,4.542857,6.5142856,24.571428,0.0008533299,0.00870391,-7.345365000000001e-25,1.4901161e-08,0.0,True
2013-08-05,674.65,1.1,20.34286,28.285715,11.5,67.12858,4.4428573,3.4142857,4.6285715,7.257143,23.942858,2.5197864e-05,0.007205993,-7.345365000000001e-25,1.1175871e-08,0.0,True
2013-08-12,674.15,36.0,17.828571,23.37143,11.942857,78.557144,2.8428571,2.4857142,3.2714286,7.928571,21.77143,0.0047239065,0.0062134415,-7.345365000000001e-25,7.450581e-09,0.0,True
2013-08-19,673.65,9.3,16.542858,23.0,9.814286,72.94286,3.2142856,2.6285717,3.385714,7.7714286,20.985714,0.00092694163,0.005362764,-7.345365000000001e-25,0.0,0.0,True
2013-08-26,673.15,16.4,14.271429,20.514286,8.071428,80.07143,2.3285713,1.942857,2.6000001,7.8714285,18.357143,0.00030568242,0.0047756582,-7.345365000000001e-25,1.8626451e-09,0.0,True
2013-09-02,672.75,28.4,13.5,19.328571,7.057143,81.88572,1.9571428,1.7571429,2.2285714,8.9,17.328571,0.00033405423,0.004358478,-7.345365000000001e-25,1.8626451e-09,0.0,True
2013-09-09,672.4,19.6,16.514286,23.37143,9.557143,77.77143,2.642857,2.2428572,2.8,8.6,20.057142,0.0011929125,0.004003741,-7.345365000000001e-25,3.7252903e-09,0.0,True
2013-09-16,672.05,101.3,11.0,13.885715,8.042857,90.6,1.0714285,1.0857142,1.1428572,10.828571,12.657143,0.0050004274,0.0047618747,-7.345365000000001e-25,3.7252903e-09,0.0,True
2013-09-23,671.89,23.4,10.257143,15.671428,5.0,84.74286,1.5000001,1.4714286,1.6285714,11.071428,12.985714,0.0020800233,0.0059981793,-7.345365000000001e-25,3.7252903e-09,0.0,True
2013-09-30,671.83,8.2,12.457143,16.857143,8.0,90.12858,1.1428572,1.0000001,1.4,10.028571,15.157143,0.0014936626,0.0060514584,-7.345365000000001e-25,3.7252903e-09,0.0,True
2013-10-07,671.75,20.9,10.657144,14.800001,6.5,92.1,0.7285714,0.67142856,0.9714286,10.228572,12.3,0.00028277934,0.0065057203,-7.345365000000001e-25,1.8626451e-09,0.0,True
2013-10-14,671.35,26.800001,6.857143,11.442857,3.4714286,90.328575,0.61428577,0.61428577,0.78571427,10.957143,8.785714,0.0010920465,0.0068762153,0.0014706964,0.004728576,0.0053039603,True
2013-10-21,671.47,34.4,10.3,15.928572,4.9714284,83.64286,1.0,1.0,1.0714285,11.014286,10.8714285,0.0047523975,0.010163188,9.891533e-05,0.000783924,0.0,True
2013-10-28,671.37,16.1,12.342857,18.942858,6.6285715,80.72858,1.1285715,1.1,1.1714286,10.242857,12.457143,0.00035329163,0.010435246,-7.345365000000001e-25,3.874302e-07,0.0,True
2013-11-04,671.39,30.3,7.1857147,10.885715,3.2571428,89.1,0.7142858,0.7000001,0.6571428,10.542857,7.9428573,0.0010568947,0.010567963,1.0728836e-06,6.0610473e-06,8.214265e-06,True
2013-11-11,671.37,44.2,6.571429,9.728571,2.9,86.91429,0.7,0.7,0.71428573,11.085714,6.8,0.0019856542,0.013815813,0.0021693422,0.0021603797,0.013262663,True
2013-11-18,671.42,2.2,1.7714285,4.0,-0.11428571,90.78571,0.20000002,0.21428572,0.4,10.6,2.7714286,0.0003119111,0.015784793,0.0065852064,0.009958558,0.0011909418,True
2013-11-25,671.49,26.1,0.78571427,2.3714287,-1.2714285,94.0,0.17142858,0.17142858,0.2857143,10.514286,2.057143,0.00054451823,0.016580425,0.0046823197,0.005855968,0.00982869,True
2013-12-02,671.55,10.299999,-4.328572,-0.4,-9.1,90.27143,0.114285715,0.114285715,0.20000002,10.4,0.014285714,4.2527914e-05,0.01663246,0.0114838965,0.0018347371,0.011190388,True
2013-12-09,671.5,4.0,-1.3857143,2.9428573,-5.9428573,82.42857,0.3857143,0.3857143,0.35714287,10.271428,0.25714287,0.0001680404,0.01630199,0.0166622,0.006791264,0.011281639,True
2013-12-16,671.39,5.1,-2.2714286,4.6142855,-7.042857,87.74286,0.18571429,0.18571429,0.071428575,10.228572,0.057142857,0.00024592876,0.015588179,0.013438338,0.011345377,0.003236208,True
2013-12-23,671.31,3.1999998,0.9142857,4.928571,-4.8142858,84.42857,0.32857147,0.31428573,0.2857143,10.185715,0.55714285,0.0002027154,0.014744237,0.0072439737,0.006733855,4.4949353e-05,True
2013-12-30,671.22,10.8,1.7714288,0.0,-2.5285716,86.75714,0.3571429,0.34285715,0.27142859,10.5,1.3714286,0.00039826334,0.013913445,0.007679491,0.007928669,0.011944424,True
2014-01-06,671.0276172111896,11.799999,1.2714287,5.6285715,-3.9428573,84.78571,0.2,0.2,0.31428573,10.3,0.2,0.00033551455,0.013274357,0.006086656,0.005451644,0.0008778237,False
2014-01-13,671.12,17.4,4.1285715,8.442858,-1.0,85.14286,0.5428571,0.5428571,0.4,10.3,3.3428571,0.0005288422,0.012813248,0.0017230341,0.004034877,0.00056570023,True
2014-01-20,671.08,22.3,0.8571429,3.1571429,-1.6000001,95.41429,0.20000002,0.20000002,0.24285714,10.657143,1.5857143,0.00048606098,0.012585938,0.007658289,0.008266527,0.011179958,True
2014-01-27,671.2,18.8,0.61428577,2.457143,-1.3571428,91.14286,0.34285715,0.34285715,0.3857143,10.5,1.1,0.00022432208,0.012521729,0.009586732,0.0034053456,0.022119489,True
2014-02-03,671.11,4.8,-0.91428566,2.457143,-4.3714285,89.62858,0.27142859,0.27142859,0.32857147,10.385715,0.34285715,0.00038835406,0.012488402,0.017433671,0.013759665,0.0025480613,True
2014-02-10,671.13,7.0,2.2142856,7.571429,-3.5857143,79.85714,0.7,0.6857143,0.71428573,10.171429,1.6142857,0.0003568232,0.01241231,0.005705334,0.009019084,0.000271298,True
2014-02-17,671.11,16.4,2.857143,7.442857,-1.6857144,81.457146,0.84285724,0.8,0.8142857,10.242857,2.8142858,0.00035849214,0.012404658,0.0026417573,0.004441712,0.0028234497,True
2014-02-24,671.1,8.7,2.6142857,8.071428,-2.3285713,82.57143,0.85714287,0.8000001,0.7571429,10.1,3.7714286,0.00018952042,0.012346059,0.0006928387,0.0015072636,0.0007887706,True
2014-03-03,671.08,7.2000003,2.1428573,6.9857144,-2.4714286,83.314285,0.9285715,0.8857144,0.8142857,10.028571,4.1571426,0.00031062216,0.012186743,0.0021773179,0.0045721717,0.0061254315,True
2014-03-10,671.05,7.1,3.7857144,9.6285715,-1.7142857,78.91429,1.3571428,1.1857141,1.2285715,9.842857,5.242857,0.0003232956,0.011977203,0.0014145431,0.0045714676,0.0018228292,True
2014-03-17,671.03,2.3999999,6.614286,13.985715,3.40598e-08,70.88572,2.0,1.6142856,1.7428571,9.085714,7.6714287,9.114295e-05,0.011657454,2.640202e-05,0.00011782162,3.7774444e-06,True
2014-03-24,670.99,27.8,6.042857,12.142858,-0.6,74.17143,1.9999999,1.5714284,1.7142857,8.771428,8.457143,0.000432387,0.011133224,0.0032377073,0.005340496,0.020720918,True
2014-03-31,670.95,0.0,4.8285713,13.328572,-2.957143,72.957146,2.1,1.7285715,1.8857143,9.071428,8.428572,0.00035678595,0.0105859935,0.0048860935,0.015473427,0.00028232858,True
2014-04-07,670.93,0.2,10.057143,17.4,2.8857143,74.6,2.0714285,1.6142857,1.9571428,8.228572,12.9,0.00058554113,0.010003135,1.58151e-05,0.00011899136,0.0,True
2014-04-14,670.89,17.5,8.757143,14.442858,2.8285716,72.78571,2.2999997,1.8428571,2.085714,7.6714287,11.842857,0.0005085692,0.009476975,4.5356296e-06,2.1062791e-05,0.00010917708,True
2014-04-21,670.87,14.8,4.557143,10.614286,-1.4142858,78.200005,1.5857143,1.2571429,1.6857144,7.1714287,8.542857,0.0002656281,0.0090084,0.00087149936,0.0036027506,0.0035602823,True
2014-04-28,670.85,41.100002,10.528571,16.442858,4.1857142,79.38572,2.4285715,2.0142856,2.357143,7.5,13.728572,0.00046555698,0.008517757,1.4168875e-05,0.00011978857,0.0,True
2014-05-05,670.85,25.5,7.785714,12.871429,3.9,85.52857,1.8,1.6285714,1.7714285,9.142858,11.514286,0.0008487031,0.00816711,2.395539e-06,1.215376e-05,1.4774501e-05,True
2014-05-12,670.85,32.2,11.271429,15.742858,6.3857145,76.02857,2.9,2.7428572,2.5857143,8.942857,13.571428,0.00049358606,0.007886715,2.724784e-07,2.6673079e-06,0.0,True
2014-05-19,670.87,23.4,8.714286,14.5,3.3142858,74.15715,2.457143,2.2,2.6857142,9.185715,12.228572,0.0005743131,0.007816903,1.41859055e-05,0.000101778656,9.0792775e-05,True
2014-05-26,670.95,15.7,15.014287,22.157145,6.6714287,69.0,3.8142855,2.9714286,3.7142856,8.1285715,18.914286,0.00019831955,0.007726565,-7.345365000000001e-25,2.719462e-07,0.0,True
2014-06-02,671.02,57.100002,11.314286,15.857142,6.457143,78.51429,2.2428572,1.9142857,2.5285716,8.3714285,14.842857,0.002598025,0.007432103,-7.345365000000001e-25,0.0,0.0,True
2014-06-09,671.3775829518207,5.1000004,16.77143,24.914288,7.514286,65.24286,4.5,3.357143,4.428571,7.542857,20.542856,8.800626e-05,0.007058561,-7.345365000000001e-25,3.7252903e-09,0.0,True
2014-06-16,671.04,7.8,18.142857,23.928572,11.185715,64.700005,4.6714287,2.5714288,4.7999997,6.3428574,22.842857,6.006658e-05,0.0064849034,-7.345365000000001e-25,7.450581e-09,0.0,True
2014-06-23,671.05,27.1,15.0,21.828571,7.457143,68.22858,4.1142855,1.4142857,4.0571427,5.714286,20.328571,0.00010481477,0.0058908537,-7.345365000000001e-25,0.0,0.0,True
2014-06-30,670.99,33.1,14.471429,19.657145,7.8,76.38572,3.2285714,2.2428572,3.142857,6.5,18.8,0.0007914305,0.0053358227,-7.345365000000001e-25,0.0,0.0,True
2014-07-07,670.95,14.9,16.428572,22.885715,9.3,75.27143,3.6000004,3.3285713,3.7285714,7.357143,20.27143,0.00015561283,0.004901193,-7.345365000000001e-25,7.450581e-09,0.0,True
2014-07-14,670.95,123.5,13.814286,17.27143,11.114286,88.38572,2.1285713,2.1142857,2.2857144,9.328571,16.6,0.003970474,0.0054171383,-7.345365000000001e-25,1.1175871e-08,0.0,True
2014-07-21,671.07,68.9,18.52857,25.514286,11.228571,73.51428,4.085714,3.3714287,4.1,8.814285,23.22857,0.000418894,0.004701838,-7.345365000000001e-25,7.450581e-09,0.0,True
2014-07-28,671.27,84.7,17.128572,21.642857,12.885715,82.299995,2.7285714,2.7,3.0857143,10.857142,20.685715,0.02229467,0.01936043,-7.345365000000001e-25,3.7252903e-09,0.0,True
2014-08-04,674.08,31.2,16.557142,21.057144,11.842857,85.37144,2.3857143,2.3714283,2.5,11.242857,20.157143,0.00074578077,0.014747113,-7.345365000000001e-25,1.1175871e-08,0.0,True
2014-08-11,673.97,34.5,17.285715,22.97143,11.0,80.91429,2.7857144,2.6857145,3.0714285,10.357142,21.2,0.00026272237,0.015491888,-7.345365000000001e-25,1.1175871e-08,0.0,True
2014-08-18,674.62,32.0,13.028571,17.5,9.214286,81.314285,2.2,2.1571429,2.457143,10.7,16.357143,0.0009788871,0.0144659355,-7.345365000000001e-25,1.8626451e-09,0.0,True
2014-08-25,673.9,14.5,12.671428,17.0,7.957143,78.3,2.0428574,1.8571427,2.2428572,9.914286,16.72857,0.00027358532,0.0135100335,-7.345365000000001e-25,0.0,0.0,True
2014-09-01,673.3,37.3,14.014287,18.27143,9.685715,87.58572,1.6142856,1.6142856,1.7714285,10.657143,16.542856,0.0019902438,0.012693122,-7.345365000000001e-25,7.450581e-09,0.0,True
2014-09-08,672.77,1.8000001,14.800001,20.857143,9.400001,84.557144,1.6714287,1.5428572,2.1714284,10.3714285,17.571428,0.00015935302,0.0122515485,-7.345365000000001e-25,5.5879354e-09,0.0,True
2014-09-15,672.39,36.0,13.1285715,17.328571,9.485715,87.94286,1.3000001,1.2571429,1.7142857,10.428572,15.985714,0.0016615838,0.012175202,-7.345365000000001e-25,3.7252903e-09,0.0,True
2014-09-22,671.93,38.0,14.3714285,20.614286,8.3,84.35714,1.5857143,1.5285714,1.9857143,10.457143,17.171429,0.0028584301,0.012198955,-7.345365000000001e-25,3.7252903e-09,0.0,True
2014-09-29,671.87,10.400001,10.457144,17.557142,3.5857143,85.38572,1.3714286,1.3142856,1.5714285,10.471429,13.571428,0.0004543066,0.01215449,-7.345365000000001e-25,5.5879354e-09,0.0,True
2014-10-06,671.55,9.9,12.057143,16.985716,7.1285715,90.40001,0.8428572,0.82857144,1.2428571,10.314285,14.6,0.00010681152,0.012126677,-7.345365000000001e-25,1.8626451e-09,0.0,True
2014-10-13,671.4,10.7,13.371429,19.300001,7.285714,84.8,1.1285714,1.0285714,1.2571429,10.071428,14.971429,0.00017426908,0.011672676,-7.345365000000001e-25,0.0,0.0,True
2014-10-20,671.37,16.5,12.828572,18.742859,7.5,82.700005,1.1714286,1.1714286,1.2714285,10.514286,13.857142,0.001671046,0.011081293,-7.345365000000001e-25,3.7252903e-09,0.0,True
2014-10-27,671.32,40.2,6.571429,10.1,2.4428573,89.54286,0.67142856,0.67142856,0.71428573,11.357142,7.8714285,0.0034682378,0.012617901,0.0008380356,0.0038906652,0.0038925335,True
2014-11-03,671.17,0.70000005,7.5,14.971429,1.8428572,83.35714,0.64285713,0.61428577,0.6857143,10.285714,8.414286,3.454089e-05,0.013785422,3.071626e-05,0.00011940114,0.0,True
2014-11-10,671.13,19.8,5.3285713,10.114286,0.9714286,88.799995,0.50000006,0.47142857,0.51428574,10.714286,6.457143,0.00070784986,0.013629004,0.002950572,0.008530946,0.0092886835,True
2014-11-17,671.1,15.799999,5.728572,9.657143,2.2428572,93.48572,0.3571429,0.34285715,0.3857143,10.585714,6.928571,0.00094005466,0.0134778395,0.00021067119,0.0009418428,2.4065375e-06,True
2014-11-24,671.05,14.200001,4.585715,9.785714,0.1285714,92.62858,0.34285715,0.34285715,0.2857143,10.785714,5.3142858,0.00054222345,0.014712557,7.6787815e-05,0.00024527125,0.00023232773,True
2014-12-01,671.03,2.1,3.0,4.642857,1.6285715,97.6,0.12857144,0.11428572,0.24285714,10.2,4.0,4.1931868e-05,0.015438803,3.5478956e-06,1.3619661e-05,0.0,True
2014-12-08,671.0,6.5,1.2,2.1571429,0.41428572,96.200005,0.114285715,0.114285715,0.2857143,10.3,1.9428571,0.00015185773,0.014952593,0.002252312,0.002412958,0.008624874,True
2014-12-15,670.95,3.3,3.2428572,6.142857,-0.21428572,79.057144,0.4142857,0.4,0.5857143,10.242857,2.4571428,0.0002463162,0.014162682,0.005034719,0.005928848,0.001882039,True
2014-12-22,670.9,42.4,4.6857147,7.0285716,2.4857142,86.34286,0.47142857,0.47142857,0.54285717,10.685715,4.071429,0.0016282201,0.014157668,0.0015601658,0.004644541,0.004180614,True
2014-12-29,670.87,30.8,-0.5,2.7571428,-6.6142855,79.67143,0.34285712,0.32857138,0.64285713,10.657143,1.3142858,0.00015115738,0.01346837,0.012648786,0.000909226,0.03495136,True
2015-01-05,670.96,49.8,-2.3714287,1.4571428,-6.714286,89.77143,0.0,0.0,0.22857143,11.3,0.4,0.0044860393,0.016747415,0.049155235,0.012958866,0.020686727,True
2015-01-12,671.25,18.1,3.3142858,7.057143,-5.534717e-08,75.17143,0.8285715,0.8285715,0.9428572,10.728572,2.4571428,0.006565228,0.027997635,0.027324524,0.042121995,0.009178568,True
2015-01-19,671.88,31.9,1.457143,5.7428575,-2.5857143,80.9,0.49999997,0.48571426,0.5857143,10.814285,1.3,0.0004836321,0.038977526,0.015544068,0.008986814,0.022538211,True
2015-01-26,672.47,8.9,-1.8285714,0.08571428,-3.542857,89.24286,0.071428575,0.071428575,0.34285715,10.514286,0.2857143,7.396191e-05,0.03327073,0.025366431,0.0031787492,0.014675129,True
2015-02-02,672.5,33.4,-1.2142857,0.29999998,-3.4714286,88.44286,0.2857143,0.2857143,0.45714286,11.028571,0.25714287,1.6391277e-07,0.026620306,0.06450728,0.0,0.053845856,True
2015-02-09,672.13,1.7,-5.6,-2.7285714,-10.8,83.67143,0.014285714,0.014285714,0.44285712,10.585714,0.17142858,1.4901161e-08,0.021258943,0.089571,0.0,0.007129796,True
2015-02-16,671.83,0.0,-4.7285714,3.8857143,-11.357142,84.51429,0.42857146,0.41428575,0.45714286,10.2,0.12857144,8.817762e-05,0.017314129,0.09157136,0.005802484,1.8328428e-05,True
2015-02-23,671.64,15.3,-1.4428571,3.8857143,-7.3,82.3,0.5142857,0.48571426,0.5857143,10.114285,0.17142858,0.0001019761,0.014438294,0.08652507,0.0055951867,0.0111310445,True
2015-03-02,671.46,31.0,-0.071428575,3.857143,-5.914286,85.957146,0.7000001,0.7000001,0.62857145,10.542857,0.87142855,0.0015677288,0.012631275,0.097453296,0.020865262,0.019377548,True
2015-03-09,671.41,4.1,0.67142856,7.1285715,-5.2000003,75.14286,1.3285714,1.2714287,1.0857142,10.457143,2.5714285,0.0004933104,0.011070877,0.09140621,0.023327652,0.006519001,True
2015-03-16,671.47,4.4,2.357143,8.542857,-3.5428574,76.15715,1.3857144,1.1714286,1.2714285,9.642858,4.5,0.0013449565,0.010572962,0.055605225,0.04148544,5.9127808e-05,True
2015-03-23,671.87,18.800001,5.071429,12.214286,-0.7714286,76.37142,1.6,1.3142856,1.4428571,9.185715,7.4428573,0.0018945485,0.01271154,0.01241659,0.03300244,0.0026671514,True
2015-03-30,672.27,33.5,5.828572,10.614286,1.6571429,79.48572,1.6571429,1.5142858,1.4714286,9.171429,7.3,0.00251773,0.017836258,0.0009407543,0.0040893126,0.0007945597,True
2015-04-06,672.45,35.7,2.642857,6.2428575,-0.94285715,80.52857,1.3999999,1.3857143,1.2571429,10.571428,4.114286,0.0016281083,0.026935168,0.008471727,0.014081944,0.024968304,True
2015-04-13,672.57,0.3,7.857143,15.300001,0.44285712,64.27143,2.8142858,2.3714287,2.5857143,9.671429,10.614285,0.00026996434,0.032633424,0.002857299,0.010259572,1.1622906e-05,True
2015-04-20,672.76,24.300001,9.342857,15.642858,1.542857,63.557148,3.1285713,2.5142856,2.7428572,9.028571,12.671429,0.00041522086,0.027018234,3.5308656e-06,2.691336e-05,7.1525574e-07,True
2015-04-27,672.7,39.0,9.857142,17.671429,1.1142857,68.12858,3.2857144,2.7142856,2.9714284,8.328571,14.357142,0.00025704503,0.021141477,-7.345365000000001e-25,9.313226e-08,0.0,True
2015-05-04,672.53,100.0,9.971429,14.071428,5.8,85.91429,1.8000001,1.7857143,1.7571429,10.357142,12.328571,0.003039822,0.018510059,6.9481985e-06,4.132092e-05,4.060194e-05,True
2015-05-11,672.87,11.6,13.314286,19.7,6.914286,72.057144,3.3428571,3.257143,3.1714287,10.714286,16.585714,0.0010103211,0.016122565,-7.345365000000001e-25,1.1175871e-08,0.0,True
2015-05-18,673.45,50.6,14.0,19.428572,8.0,76.971436,3.2000003,3.1285713,3.1142857,10.171429,17.842857,0.008882239,0.017698124,-7.345365000000001e-25,0.0,0.0,True
2015-05-25,673.6442044486179,46.5,9.557143,13.17143,6.285714,83.42857,1.642857,1.742857,1.7142857,10.757143,12.585714,0.003250435,0.02651354,-7.345365000000001e-25,0.0,0.0,True
2015-06-01,673.535,11.599999,12.771429,18.27143,6.4714284,71.957146,3.2285714,2.9714284,3.3285713,9.885715,16.3,0.0010798126,0.026054889,-7.345365000000001e-25,0.0,0.0,True
2015-06-08,673.47,23.999998,19.285715,25.542858,11.914286,71.17143,4.571429,3.8857143,4.642857,8.585714,23.0,0.0001784265,0.022658646,-7.345365000000001e-25,0.0,0.0,True
2015-06-15,673.38,42.1,15.814286,20.828571,10.67143,83.74286,2.6857145,2.6571429,3.0571427,9.214286,19.5,0.0031655878,0.018812232,-7.345365000000001e-25,3.7252903e-09,0.0,True
2015-06-22,673.15,52.699997,13.071428,17.114286,9.228571,82.67143,2.2142856,2.3,2.4285715,10.3714285,16.085714,0.0016385913,0.01606097,-7.345365000000001e-25,0.0,0.0,True
2015-06-29,673.05,7.0,15.342857,21.457144,8.585714,71.77143,3.857143,3.3714287,3.8285713,9.814285,19.885714,0.0022122413,0.014533728,-7.345365000000001e-25,0.0,0.0,True
2015-07-06,673.04,11.3,22.657145,30.242859,13.985715,67.84286,5.6,4.1,5.342857,8.014286,26.657143,2.6762486e-05,0.013097227,-7.345365000000001e-25,1.1175871e-08,0.0,True
2015-07-13,672.95,7.8,18.47143,24.142857,11.314286,68.6,4.5285716,2.5285716,4.1,7.0857143,22.985714,8.764863e-05,0.011411212,-7.345365000000001e-25,3.7252903e-09,0.0,True
2015-07-20,672.75,12.5,20.97143,28.300001,13.528572,69.78572,4.9,1.8571428,4.7714286,6.357143,25.114286,0.000100299716,0.009705022,-7.345365000000001e-25,7.450581e-09,0.0,True
2015-07-27,672.45,39.0,18.714285,24.742859,12.614286,74.92857,4.1142855,2.2857144,3.8857143,6.6857142,23.3,0.0003232211,0.008229405,-7.345365000000001e-25,1.1175871e-08,0.0,True
2015-08-03,672.2,10.9,15.514287,20.814287,9.085714,76.71429,3.1285717,1.8285714,3.1142857,6.742857,19.257143,0.00011512637,0.007101804,-7.345365000000001e-25,0.0,0.0,True
2015-08-10,671.92,22.7,21.585714,29.814285,12.957144,72.21429,4.6285715,2.0285716,4.542857,6.385714,25.257143,0.00012591481,0.0061001033,-7.345365000000001e-25,1.1175871e-08,0.0,True
2015-08-17,671.63,32.0,18.557144,24.757143,13.028572,80.3,3.0142858,1.8285714,3.0857143,6.885714,22.328571,0.00034118444,0.00525707,-7.345365000000001e-25,7.450581e-09,0.0,True
2015-08-24,671.45,31.0,14.642858,20.628572,8.757143,83.25715,2.3428571,1.9285715,2.5571427,7.8142858,18.485714,0.00020503998,0.0046904087,-7.345365000000001e-25,1.8626451e-09,0.0,True
2015-08-31,671.32,0.0,19.157145,27.057144,10.957144,69.48572,3.8285713,2.8,3.857143,7.3285713,22.342857,5.6400895e-05,0.0041759387,-7.345365000000001e-25,0.0,0.0,True
2015-09-07,671.2,29.6,12.428572,16.928572,8.357142,85.02857,1.6571429,1.442857,1.8142856,7.8,16.057142,0.0004594773,0.003761895,-7.345365000000001e-25,3.7252903e-09,0.0,True
2015-09-14,671.11,21.3,11.828572,18.142857,5.0142856,81.62858,1.9571428,1.4428571,1.9428571,7.4,15.6,0.000113777816,0.0034683794,-7.345365000000001e-25,0.0,0.0,True
2015-09-21,671.02,14.800001,11.514285,17.4,6.1285715,87.15715,1.4285715,1.2285715,1.4,7.6714287,14.514286,0.00016513467,0.0032350495,-7.345365000000001e-25,1.8626451e-09,0.0,True
2015-09-28,670.95,15.8,9.228571,13.6,4.0857143,84.78571,1.0714285,0.9285714,1.3714286,8.028571,11.971429,0.00042366982,0.003055513,-7.345365000000001e-25,0.0,0.0,True
2015-10-05,670.88,7.7,9.585714,15.6285715,3.357143,78.15715,1.3571428,1.1,1.6428572,7.5571427,11.614285,4.3563545e-05,0.0028934926,-7.345365000000001e-25,0.0,0.0,True
2015-10-12,670.83,6.6,9.842857,12.900001,6.8142858,91.65714,0.7142857,0.6571428,0.8428572,8.114285,11.6,8.5800886e-05,0.00276459,-7.345365000000001e-25,3.7252903e-09,0.0,True
2015-10-19,670.8,51.9,4.428571,6.714286,1.5714285,94.01429,0.4142857,0.3857143,0.5428571,8.842857,6.4,0.0006040633,0.0026680082,0.00010529586,0.00032623112,0.00038652122,True
2015-10-26,670.77,0.6,7.0,12.1,3.0428574,87.28571,0.65714294,0.5857143,0.7571429,8.471429,8.257143,4.4852495e-06,0.0026056692,1.7909777e-05,6.791577e-05,0.0,True
2015-11-02,670.75,13.4,6.8,12.142858,3.1571429,94.185715,0.50000006,0.42857143,0.5,8.357142,8.2,0.00025321543,0.002552919,-7.345365000000001e-25,3.4458935e-07,0.0,True
2015-11-09,670.73,0.0,9.914286,17.642857,3.2714286,79.92857,0.8714286,0.7,0.82857144,8.142858,9.585714,7.160008e-06,0.0025086254,-7.345365000000001e-25,1.8626451e-09,0.0,True
2015-11-16,670.72,0.6,7.857143,13.314286,2.6857142,81.62858,0.9428572,0.74285716,0.8000001,7.8142858,8.2,6.181002e-05,0.0024667159,-7.345365000000001e-25,1.8626451e-09,0.0,True
2015-11-23,670.7,78.6,5.642857,8.385715,0.6857143,83.41429,0.7142857,0.61428565,0.82857144,9.385715,6.3285713,0.0043641776,0.0024291202,0.006695804,0.0026398841,0.023781672,True
2015-11-30,670.75,15.9,0.38571426,2.7000003,-1.7571429,87.700005,0.3142857,0.3142857,0.54285717,10.428572,1.3857143,0.00079733133,0.0028011203,0.024087684,0.024532387,0.01310496,True
2015-12-07,670.87,11.4,2.8714287,8.228571,-2.0428572,91.65714,0.40000004,0.40000004,0.21428572,10.228572,3.7571428,0.0008061975,0.0035749823,0.0024674733,0.009499988,0.0,True
2015-12-14,670.93,8.6,1.0714285,6.8142858,-4.2285714,85.91429,0.31428573,0.31428573,0.2,10.114285,1.7571429,0.00018705428,0.003899023,0.00041903768,0.00048440322,7.8976154e-07,True
2015-12-21,670.93,20.900002,4.8857145,10.271429,-0.42857143,90.01429,0.34285712,0.3285714,0.22857143,10.314285,3.6142857,0.00045078993,0.004555151,0.00010374614,0.00024290755,0.0,True
2015-12-28,670.95,0.0,3.9142857,10.814285,-1.8857143,79.02857,0.4857143,0.42857146,0.3,9.957143,3.2571428,4.61936e-07,0.005131319,7.845107e-06,1.7967075e-05,0.0,True
2016-01-04,670.93,30.2,1.457143,4.942857,-2.5,94.21429,0.23333333,0.23333333,0.17142858,9.866667,1.0333333,0.00036008656,0.005463481,0.0011162417,0.0013083033,0.0070570856,True
2016-01-11,670.9,60.7,2.7714286,5.2428575,-0.29999998,94.22857,0.35714287,0.35714287,0.2857143,11.157143,1.9571428,0.0013177246,0.0057778955,0.006497275,0.009099875,0.005610764,True
2016-01-18,671.24,27.9,-3.0,-0.21428572,-7.0,85.64286,0.25714284,0.25714284,0.42857143,11.242857,0.5285714,0.00015437603,0.007856846,0.026772391,0.0017090868,0.04434417,True
2016-01-25,671.28,5.2000003,-3.042857,2.0285714,-9.314286,87.65715,0.22857141,0.22857141,0.25714287,10.5,0.2857143,0.00014957786,0.009459861,0.048831854,0.0069600753,0.0061104745,True
2016-02-01,671.35,60.9,5.871429,9.842857,1.8714286,84.42857,0.8714286,0.85714287,0.7,10.671429,3.3142858,0.0077799857,0.019363046,0.024518263,0.04986,0.004902821,True
2016-02-08,672.73,30.0,3.1857142,7.9000006,-0.45714283,84.557144,0.81428576,0.81428576,0.71428573,11.0,3.2571428,0.0015763193,0.028455235,0.0133248735,0.02272085,0.027272034,True
2016-02-15,674.63,23.300001,2.1714287,5.657143,-0.91428566,80.15714,0.7714285,0.75714284,0.8,10.685715,2.7571428,0.00072184205,0.033100285,0.006611614,0.008550076,0.0075974353,True
2016-02-22,673.92,16.2,3.0428574,5.857143,0.10000004,82.52857,0.85714287,0.85714287,0.91428566,10.571428,2.9571428,0.0006023124,0.03127551,0.005221764,0.012251683,0.007163953,True
2016-02-29,673.72,51.5,2.1287374e-09,3.3714287,-4.3,87.85714,0.5714286,0.5714286,0.61428577,10.785714,2.3285713,0.0004904866,0.027681,0.008989947,0.009514561,0.028939366,True
2016-03-07,673.42,31.2,0.057142854,3.357143,-3.2000003,87.17143,0.6285714,0.6285714,0.6857143,11.114285,1.2571429,0.0009570271,0.024880536,0.029106248,0.013147861,0.030659351,True
2016-03-14,673.22,0.4,0.47142857,4.414286,-4.642857,81.442856,0.85714287,0.81428576,0.95714283,10.257143,2.3142858,0.00060375035,0.022459522,0.025286306,0.024112422,0.0016960613,True
2016-03-21,673.1,6.3,2.1571429,8.642858,-2.5,78.37144,1.3000001,1.1571428,1.3571428,9.9,4.5285716,0.00035199523,0.02061943,0.0071522337,0.014850417,0.0040974542,True
2016-03-28,673.0,19.1,4.1857142,8.728571,-1.3285714,77.314285,1.3142856,1.1999999,1.3428571,9.7,5.8714285,0.00037564337,0.018827744,0.00069572247,0.0024062134,0.0014142804,True
2016-04-04,672.9,2.0,10.5,17.114286,4.571429,74.65715,2.142857,1.8285713,2.0428572,9.328571,11.3714285,6.185472e-05,0.017039523,1.753512e-05,0.00011654571,0.0,True
2016-04-11,672.72,16.9,7.071429,11.514287,2.2142856,82.11428,1.5571429,1.3714285,1.5857143,9.085714,9.771428,0.00022362173,0.015117481,2.7270544e-05,0.00014068745,0.0001485534,True
2016-04-18,672.45,53.7,7.728572,12.642858,2.7285714,86.48572,1.557143,1.5285714,1.5,9.942857,10.142858,0.0010208935,0.0134218335,2.5567555e-05,8.759089e-05,0.0009550601,True
2016-04-25,672.25,26.099998,6.157143,12.314286,-0.11428572,78.08572,2.2714286,2.1,2.1142857,10.228572,10.585714,0.00027552247,0.012210712,0.0012871254,0.0039785616,0.008447863,True
2016-05-02,672.15,33.6,4.6142855,9.842857,-0.8142857,79.64286,1.9714286,1.8999999,1.8571428,10.442857,8.185715,0.00082844496,0.011381909,0.00402924,0.01380454,0.008980028,True
2016-05-09,672.2,15.2,10.5,18.428572,1.6571429,69.5,3.6285713,3.057143,3.1857142,9.657143,14.328571,0.00045895576,0.010804176,1.5031724e-05,0.00011696294,0.0,True
2016-05-16,672.4722818835902,79.7,9.571428,13.6285715,5.6285715,83.6,1.6285715,1.5857142,1.7142857,10.1285715,12.528571,0.005432576,0.014540806,1.5837805e-06,9.42871e-06,1.24536455e-05,True
2016-05-23,672.4,44.9,11.114286,17.057144,5.0,75.3,2.9857144,2.885714,2.9428573,10.414286,14.614285,0.0016079247,0.016552031,4.7967546e-06,5.157292e-05,9.009987e-05,True
2016-05-30,672.82,59.999996,14.385715,20.02857,8.171429,78.72858,3.0,2.9,3.1857142,10.657143,17.37143,0.004357949,0.02096057,4.2745046e-06,4.587695e-05,0.0,True
2016-06-06,673.18,54.7,14.314286,19.114286,10.471429,83.0,2.4714286,2.457143,2.7714288,11.028571,17.4,0.0027898103,0.020934671,-7.345365000000001e-25,0.0,0.0,True
2016-06-13,673.67,66.9,14.414286,19.014286,9.8714285,83.17143,2.7142856,2.714286,2.7142856,11.0,17.928572,0.0026045814,0.0250656,-7.345365000000001e-25,0.0,0.0,True
2016-06-20,673.95,65.7,12.928572,17.528572,8.942858,81.97143,2.7000003,2.7142856,2.8285713,11.328571,16.1,0.0034758449,0.029264435,-7.345365000000001e-25,0.0,0.0,True
2016-06-27,674.19,23.2,18.428572,24.414286,12.185715,76.78571,4.1,3.7857144,4.0571427,10.257143,22.042856,0.00020687282,0.028945684,-7.345365000000001e-25,7.450581e-09,0.0,True
2016-07-04,674.95,31.899998,17.300001,22.357143,11.814286,75.54286,3.6285713,3.2857144,3.7857144,9.857142,21.385714,0.00023958087,0.02422686,-7.345365000000001e-25,7.450581e-09,0.0,True
2016-07-11,674.77,18.6,19.028574,25.300001,11.328572,69.9,4.7571425,3.8,4.3857145,8.585714,23.714285,4.61936e-05,0.019183658,-7.345365000000001e-25,7.450581e-09,0.0,True
2016-07-18,674.55,61.800003,14.214286,19.285715,9.257143,82.14286,2.6285713,2.5285714,2.7142856,9.9,18.22857,0.0057614297,0.016604647,-7.345365000000001e-25,0.0,0.0,True
2016-07-25,674.43,62.0,19.485716,25.84286,13.214286,80.27143,3.757143,3.2714286,3.7142856,8.828571,24.028572,0.00026987493,0.013951659,-7.345365000000001e-25,7.450581e-09,0.0,True
2016-08-01,674.34,31.599998,18.171429,23.300001,13.914286,81.42857,3.1999996,2.7857144,3.4142857,9.2,22.3,0.0020912886,0.0123704,-7.345365000000001e-25,1.1175871e-08,0.0,True
2016-08-08,674.32,75.5,16.642857,22.2,10.457144,78.91429,3.2428572,2.957143,3.2999997,9.728572,20.357143,0.011130273,0.013783969,-7.345365000000001e-25,5.5879354e-09,0.0,True
2016-08-15,673.94,16.9,14.728572,19.828571,9.257143,82.18572,2.5857143,2.2857144,2.7,9.6285715,19.014286,0.00043146312,0.0104727,-7.345365000000001e-25,3.7252903e-09,0.0,True
2016-08-22,674.85,20.9,16.342857,22.128572,11.17143,82.42857,2.5142858,2.3285716,2.7714286,9.057143,20.514286,0.00044439733,0.009909466,-7.345365000000001e-25,1.8626451e-09,0.0,True
2016-08-29,674.65,21.4,19.285715,26.314285,12.1,78.85714,3.385714,2.6,3.542857,8.328571,23.042856,0.00014550984,0.009224758,-7.345365000000001e-25,7.450581e-09,0.0,True
2016-09-05,674.37,16.400002,16.928572,22.34286,11.814286,82.62858,2.4285715,1.7714287,2.542857,8.014286,20.671429,0.00017018616,0.008481912,-7.345365000000001e-25,1.1175871e-08,0.0,True
2016-09-12,673.99,4.8,17.071428,24.185715,10.5,78.58572,2.6285713,1.7571429,2.9142857,7.7285714,20.528572,6.7293644e-05,0.0077581555,-7.345365000000001e-25,3.7252903e-09,0.0,True
2016-09-19,673.63,57.6,14.814286,19.800001,10.614286,86.828575,1.7142856,1.1571428,1.7857143,8.1285715,18.342857,0.0019549578,0.007355459,-7.345365000000001e-25,5.5879354e-09,0.0,True
2016-09-26,673.33,4.3,11.2,18.142857,4.7428575,84.92857,1.4285715,1.2285715,1.6857144,8.985714,14.7,9.521842e-06,0.0066082105,-7.345365000000001e-25,1.8626451e-09,0.0,True
2016-10-03,673.05,8.2,12.485715,17.842857,6.371429,80.98572,1.5428572,1.3142856,1.6428572,8.5,15.328571,0.00020734966,0.00624945,-7.345365000000001e-25,1.8626451e-09,0.0,True
2016-10-10,672.67,0.5,5.8428574,9.728572,1.4,86.9,0.64285713,0.5285715,0.8428572,8.542857,8.914286,3.4183264e-05,0.005941063,-7.345365000000001e-25,2.7380884e-07,2.7567148e-07,True
2016-10-17,672.33,17.5,6.9428573,12.742858,1.3428571,86.200005,0.7,0.62857145,0.88571423,8.557143,8.8714285,0.00010792911,0.0056577027,1.0785602e-06,4.304573e-06,4.2542815e-06,True
2016-10-24,672.02,23.9,7.2714286,11.342857,3.0285716,88.15715,0.71428573,0.71428573,0.71428573,9.1285715,8.4,0.00042273104,0.0054047406,9.752455e-06,3.934838e-05,4.247576e-05,True
2016-10-31,671.72,10.2,6.9428573,12.157143,1.957143,92.92857,0.5142857,0.4857143,0.5285714,9.8,8.857142,0.00010049343,0.0052292347,6.414595e-07,4.1071326e-06,0.0,True
2016-11-07,671.49,37.8,4.3857145,9.0,0.1571429,88.814285,0.51428574,0.50000006,0.5285714,9.9,5.5285716,0.00036462396,0.005091034,0.00085933437,0.0010553189,0.005317755,True
2016-11-14,671.35,33.7,0.51428574,3.257143,-2.6571429,91.04286,0.29999998,0.29999998,0.35714287,10.685715,2.0428572,0.0005972758,0.005025767,0.009610511,0.008420913,0.016787946,True
2016-11-21,671.35,33.7,4.728572,8.814286,0.6571428,89.557144,0.5285714,0.5285714,0.44285718,10.771428,4.5571427,0.00076182187,0.0054447353,0.0037416844,0.012678424,0.0003418289,True
2016-11-28,671.37,0.5,4.2000003,6.7000003,1.4285715,90.98572,0.27142859,0.27142859,0.37142855,10.257143,5.0142856,7.395446e-05,0.0064854324,0.00015345642,0.0005109478,8.1371516e-05,True
2016-12-05,671.43,0.0,-1.1714287,3.8142858,-6.1,81.614296,0.24285717,0.22857144,0.2857143,10.085714,0.028571429,1.6912818e-06,0.0071199536,8.74542e-05,4.2030588e-05,2.5987625e-05,True
2016-12-12,671.42,0.8,0.44285712,7.971429,-5.5,74.97143,0.42857143,0.37142855,0.37142855,9.928572,0.4,3.7774444e-05,0.007243134,8.4133375e-05,8.5501e-05,0.0003129542,True
2016-12-19,671.35,2.4,-0.81428576,3.6571429,-4.8428574,88.28571,0.17142859,0.14285715,0.12857144,9.857142,0.25714287,9.953976e-06,0.007192388,0.000541897,0.000308292,0.0023845471,True
2016-12-26,671.23,2.6000001,0.9857143,4.6142855,-2.3857143,91.24286,0.2857143,0.25714287,0.2857143,9.8,0.95714283,0.00014736503,0.0070847273,0.0013202145,0.0021638684,1.0430813e-07,True
2017-01-02,671.15,6.5,-2.4285715,2.6571429,-7.228572,85.85714,0.22,0.22,0.15714286,9.74,0.08,7.674098e-06,0.006932929,0.00035913786,0.00013421103,0.0034977198,True
2017-01-09,671.07,14.4,-6.1142855,-2.5428574,-10.928572,88.21429,0.014285714,0.014285714,0.22857143,10.157143,-0.34285715,5.528331e-06,0.0067660213,0.017918337,0.0003096424,0.025595944,True
2017-01-16,671.0,25.8,-2.0142858,0.17142855,-4.957143,88.58571,0.21428573,0.21428573,0.41428572,10.6285715,0.0,0.00020982325,0.006582454,0.038831465,0.0044279825,0.03311405,True
2017-01-23,670.95,0.0,-10.014285,-5.0285716,-14.971429,84.700005,0.028571429,0.028571429,0.25714287,10.414286,-0.15714286,0.0,0.0064080134,0.05604834,0.0,0.0007041544,True
2017-01-30,670.91,11.2,-5.9,0.6142856,-11.942857,83.72857,0.2857143,0.27142856,0.29999998,10.242857,-0.25714287,0.00020298362,0.0062375143,0.054487444,0.005229462,0.00030282512,True
2017-02-06,671.7,32.9,2.7571428,5.857143,-1.0714285,89.07143,0.4714286,0.4714286,0.4714286,10.728572,1.4571428,0.004157737,0.007076837,0.03141646,0.031737816,0.0024347827,True
2017-02-13,673.0,0.9,-0.7571429,2.5142858,-3.1000001,88.82857,0.2714286,0.2714286,0.44285718,10.285714,0.71428573,0.00036659092,0.007910326,0.016880864,0.0138021745,0.0014765449,True
2017-02-20,672.83,26.999998,2.2428572,8.5,-2.9428573,81.14286,0.8428572,0.78571427,0.7714286,10.314285,2.1571429,0.0007238537,0.009378962,0.005113102,0.008921152,0.0014127828,True
2017-02-27,672.47,18.2,4.857143,10.085714,0.18571438,78.11428,1.4,1.3428571,1.1714286,10.357142,4.8142858,0.0012260154,0.01295732,0.0018368221,0.0052872524,0.003999412,True
2017-03-06,672.19,47.8,4.157143,10.214286,-0.6714286,77.64286,1.4857142,1.5,1.2142857,10.614285,4.5285716,0.0007698983,0.015599005,0.0026307446,0.006809663,0.010291304,True
2017-03-13,672.42,41.0,4.042857,9.1,-1.5285715,81.22858,1.3285714,1.2714285,1.0571429,10.942857,5.6571426,0.005758539,0.032072224,0.0039690733,0.013606932,0.008690566,True
2017-03-20,673.93,32.3,7.442857,13.514287,1.557143,78.02857,1.8571428,1.6,1.5,9.942857,9.014286,0.0008048266,0.032931328,5.8202517e-05,0.00028155185,0.0,True
2017-03-27,674.1,11.3,6.9000006,11.685715,3.0571427,81.04286,1.5571429,1.3714285,1.5285714,9.771428,9.071428,0.00022622943,0.0280298,6.6303073e-06,4.701689e-05,4.5843422e-05,True
2017-04-03,673.83,3.2,9.67143,17.1,1.8285714,74.957146,2.5714285,2.0142856,2.2,8.8714285,13.2,0.00013001263,0.023331799,-7.345365000000001e-25,1.7136335e-07,0.0,True
2017-04-10,673.36,7.3,7.9714284,14.642858,0.071428575,75.9,2.4285715,1.9428571,2.1571429,8.557143,11.8,0.00015376508,0.019046545,4.5980727e-07,2.3841858e-06,2.3916364e-06,True
2017-04-17,672.82,30.4,7.3285713,12.157143,0.64285713,77.8,1.9,1.4285715,1.6999999,8.042857,10.885715,0.0007307902,0.015555367,5.308787e-05,0.00020628422,0.00061059,True
2017-04-24,672.46,7.7999997,2.8142858,8.542857,-2.8999999,74.685715,1.8285713,1.5714284,1.8714286,8.8714285,6.4428573,0.0003438443,0.013271742,0.005009101,0.012313487,0.0129170995,True
2017-05-01,672.2328797841075,97.4,3.614286,7.828572,-0.87142855,86.74286,1.5285714,1.5714285,1.4714286,10.485714,6.4,0.0019527227,0.011975147,0.005750645,0.021655787,0.022451758,True
2017-05-08,672.0250000000001,71.2,8.242857,12.928572,3.3714287,86.6,1.9,1.9,1.7714285,10.742857,11.157143,0.0025270134,0.014474474,0.00026427564,0.0017581359,2.4437904e-05,True
2017-05-15,672.97,15.0,11.528572,18.185715,4.642857,76.0,2.9285717,2.8285716,3.0571427,10.457143,14.828571,0.00016884506,0.019521914,-7.345365000000001e-25,3.091991e-07,0.0,True
2017-05-22,673.1,6.7,13.342857,19.942858,4.2000003,73.41429,3.5285716,3.0285714,3.3857143,9.542857,17.542856,0.0001951456,0.01898387,-7.345365000000001e-25,0.0,0.0,True
2017-05-29,673.8,1.0999999,17.257143,24.042858,8.228571,64.185715,4.771428,3.5142858,4.5285716,8.271428,21.2,2.6285648e-05,0.016400367,-7.345365000000001e-25,3.7252903e-09,0.0,True
2017-06-05,673.37,51.6,17.37143,22.928572,12.014287,76.35714,3.4857144,2.8857143,3.8285713,7.9428573,21.77143,0.0003940612,0.013583474,-7.345365000000001e-25,7.450581e-09,0.0,True
2017-06-12,672.9,22.400002,15.071428,20.942858,7.714286,70.92857,3.885714,3.2428572,3.7285712,8.471429,19.1,0.00020009279,0.011499979,-7.345365000000001e-25,3.7252903e-09,0.0,True
2017-06-19,672.57,23.6,18.228573,24.142857,11.842857,66.02857,4.928571,3.0571427,4.7000003,7.3285713,23.3,8.493662e-05,0.009657674,-7.345365000000001e-25,7.450581e-09,0.0,True
2017-06-26,672.24,10.1,21.600002,27.485716,15.0,66.17143,5.414285,2.614286,5.1,6.5285716,25.242857,8.286536e-05,0.008060552,-7.345365000000001e-25,1.1175871e-08,0.0,True
2017-07-03,671.93,46.399998,15.714286,20.428572,11.557143,77.02857,3.5428574,3.0,3.5,7.571429,20.014286,0.003764145,0.0068641603,-7.345365000000001e-25,3.7252903e-09,0.0,True
2017-07-10,671.67,29.599998,19.600002,26.485716,12.257143,71.65714,4.6571426,3.5999997,4.428571,7.3428574,23.7,7.234514e-05,0.0059856325,-7.345365000000001e-25,1.1175871e-08,0.0,True
2017-07-17,671.51,22.3,16.1,21.642857,10.414286,75.71429,3.6285717,2.9428573,3.6714287,7.7714286,20.7,0.00028132647,0.005264245,-7.345365000000001e-25,7.450581e-09,0.0,True
2017-07-24,671.36,49.4,18.27143,23.928572,12.242858,75.942856,3.8,3.1,3.8428571,7.5571427,22.314285,0.00026249886,0.0046492666,-7.345365000000001e-25,7.450581e-09,0.0,True
2017-07-31,671.35,59.800003,15.957144,20.828571,11.185715,82.957146,2.957143,2.8571432,2.7714286,9.6,18.72857,0.004053563,0.0050370693,-7.345365000000001e-25,7.450581e-09,0.0,True
2017-08-07,671.44,7.5,19.685715,25.228573,12.657144,76.942856,3.7857144,3.4714286,3.7428572,9.057143,23.928572,0.00014923513,0.0040155128,-7.345365000000001e-25,3.7252903e-09,0.0,True
2017-08-14,671.37,50.6,14.471429,19.242859,10.357142,85.71429,2.1857142,2.1285715,2.3857143,9.842857,18.214285,0.0009365231,0.0038060248,-7.345365000000001e-25,3.7252903e-09,0.0,True
2017-08-21,671.3,58.3,16.928572,23.214285,10.771429,78.17143,3.142857,3.0142858,3.3857143,9.842857,21.742857,0.0027374625,0.0036453754,-7.345365000000001e-25,7.450581e-09,0.0,True
2017-08-28,671.32,7.5,18.171429,25.542858,11.185715,75.75715,3.2571428,2.7000003,3.4428573,9.014286,22.828571,3.283471e-05,0.0034877881,-7.345365000000001e-25,7.450581e-09,0.0,True
2017-09-04,671.35,128.7,14.014285,19.285715,8.671429,84.3,2.0142858,1.8285713,2.0857143,9.9,18.114286,0.0024916679,0.0042206943,-7.345365000000001e-25,0.0,0.0,True
2017-09-11,672.35,14.8,12.414286,16.671429,7.942857,83.21429,1.5857142,1.5285714,1.8571428,9.971429,15.442857,0.0011095852,0.0040875003,-7.345365000000001e-25,0.0,0.0,True
2017-09-18,672.97,34.9,9.685715,14.67143,5.6142855,81.62858,1.4285715,1.4142857,1.6,10.057143,11.957143,0.0005071759,0.0043612495,-7.345365000000001e-25,1.8626451e-09,0.0,True
2017-09-25,672.9,13.0,9.414286,15.214286,4.1285715,85.114296,1.3857143,1.2571429,1.5428572,9.857142,13.1,0.0005930066,0.005128786,-7.345365000000001e-25,0.0,0.0,True
2017-10-02,672.65,14.5,12.085714,18.000002,6.5285716,85.51429,1.2285715,1.1428572,1.4285715,9.528571,15.4,0.00073836744,0.0056257546,-7.345365000000001e-25,1.8626451e-09,0.0,True
2017-10-09,672.4,48.0,9.214286,13.300001,5.285714,83.88572,1.1857145,1.1857145,1.3000001,10.6,10.8,0.0038622916,0.008133456,-7.345365000000001e-25,0.0,0.0,True
2017-10-16,672.23,0.0,11.514287,18.557142,5.3428574,78.41429,1.2142857,1.0857142,1.3714286,9.842857,12.614285,7.495284e-06,0.008333586,-7.345365000000001e-25,1.8626451e-09,0.0,True
2017-10-23,672.07,17.8,10.214286,16.428572,4.571429,78.54286,1.2285715,1.042857,1.1714286,9.4,12.314285,0.0003542751,0.008768462,3.7068412e-06,2.2588298e-05,4.170835e-05,True
2017-10-30,671.88,9.200001,7.071429,11.914286,1.4714286,82.38572,0.87142855,0.82857144,0.90000004,9.8,8.842857,0.0012101531,0.009092353,4.4902167e-06,2.2852793e-05,1.1969358e-05,True
2017-11-06,671.7,24.4,5.3857145,10.6285715,-0.09999999,84.47143,0.5714286,0.51428574,0.64285713,10.0,6.4142857,0.0010995269,0.009245016,0.0002955028,0.00086417235,0.0025985464,True
2017-11-13,671.53,92.100006,3.614286,5.057143,1.8857143,91.67143,0.4,0.4,0.44285712,10.971429,4.3714285,0.0036660582,0.014851004,0.0015379759,0.0027294978,0.008529209,True
2017-11-20,672.85,16.2,0.0,2.1285713,-1.9142858,89.88572,0.22857141,0.22857141,0.37142855,10.771428,1.3571428,0.00016326457,0.021569595,0.008503147,0.005295906,0.013420891,True
2017-11-27,673.55,17.6,3.6857145,7.8857145,-0.61428577,78.62858,0.64285713,0.62857145,0.59999996,10.585714,3.642857,0.00079734623,0.02150847,0.0074763526,0.013202816,0.00817287,True
2017-12-04,673.15,11.3,-1.2714287,0.17142858,-3.1000001,85.25714,0.14285716,0.14285716,0.40000004,10.585714,0.7714286,5.9500337e-05,0.0206189,0.014552071,0.0018929727,0.016232178,True
2017-12-11,672.95,52.1,-0.67142856,3.0,-4.214286,87.68572,0.2857143,0.2857143,0.35714287,10.685715,0.35714287,0.00033387542,0.019216008,0.029512797,0.005755812,0.02017387,True
2017-12-18,672.73,32.0,-0.7571429,1.7142857,-3.6571429,87.64286,0.3142857,0.3142857,0.37142858,11.185715,0.4857143,0.00026391447,0.017642409,0.054132007,0.002676241,0.034210738,True
2017-12-25,672.67,15.1,0.42857143,2.3,-1.1714287,93.82857,0.20000002,0.20000002,0.18571429,10.7,0.82857144,0.0007774979,0.016401686,0.07255161,0.017164456,0.0071263015,True
2018-01-01,672.92,30.7,1.1428572,5.0,-3.0285716,83.957146,0.38333336,0.38333336,0.45714286,10.75,1.1833333,0.0031294823,0.017578013,0.07386168,0.03093574,0.025875513,True
2018-01-08,673.92,44.6,3.7285714,7.5142856,0.58571434,88.685715,0.67142856,0.67142856,0.5,11.285714,3.642857,0.017566197,0.051291168,0.040161405,0.053868502,0.00721056,True
2018-01-15,676.3,3.5,0.81428576,4.8714285,-2.9428573,84.685715,0.34285715,0.32857147,0.34285715,10.3,1.8428571,0.000239335,0.04959449,0.012178393,0.008780181,0.00038713962,True
2018-01-22,676.17,110.3,1.6428572,4.3,-0.88571435,88.8,0.59999996,0.59999996,0.5142857,11.671429,1.2571429,0.006127879,0.039487086,0.026353376,0.021483518,0.047768977,True
2018-01-29,677.25,0.8,4.214286,7.8,0.47142857,82.828575,0.6571428,0.6285714,0.5857143,10.771428,3.1285715,0.0009652525,0.034801126,0.022884186,0.02874621,4.419312e-05,True
2018-02-05,677.45,13.200001,0.7857143,3.5142858,-1.2857143,84.0,0.42857143,0.4142857,0.55714285,10.357142,2.0428572,0.0003168881,0.03330162,0.010513414,0.0061069876,0.009500835,True
2018-02-12,676.9,10.900001,-1.6857144,0.44285712,-4.071429,86.314285,0.18571429,0.17142858,0.42857143,10.314285,0.35714287,0.00011496246,0.028856121,0.013988665,0.0051326547,0.018553954,True
2018-02-19,676.35,52.3,-2.8428574,0.9285714,-7.514286,89.28571,0.14285715,0.12857144,0.4,11.071428,0.2857143,0.0012961552,0.024037063,0.02354652,0.01188845,0.013543803,True
2018-02-26,676.04,0.70000005,-5.8857145,-4.414286,-7.971429,79.65715,0.014285714,0.014285714,0.5428571,10.514286,0.042857144,0.0,0.021144703,0.025831386,0.0,0.0024743788,True
2018-03-05,675.76,3.8000002,-4.2714286,0.35714287,-9.257143,76.85714,0.4857143,0.47142857,0.7714286,10.3,0.2,0.0003299117,0.018618777,0.020384958,0.01676713,0.002666816,True
2018-03-12,675.4,7.6,5.071429,9.357142,1.3428572,77.442856,1.1999999,1.1,1.1142857,9.957143,4.571429,0.00024241209,0.016387887,0.0035507907,0.008195752,0.00018365309,True
2018-03-19,674.99,8.599999,1.7285715,5.4857144,-2.414286,83.471436,0.87142855,0.7999999,0.9142857,9.857142,4.1285715,0.00021253526,0.014693834,0.001470299,0.0017572548,0.006488189,True
2018-03-26,674.62,5.0,0.028571436,5.285714,-5.085715,74.87144,1.0,0.90000004,1.1999999,9.814285,2.7857144,0.00017287582,0.013336442,0.006166339,0.008393684,0.0067288317,True
2018-04-02,674.2,41.7,4.4,9.214286,-0.6,82.74286,1.542857,1.5,1.3000001,9.985714,6.4857144,0.0011156797,0.012301937,0.00088912534,0.004526494,0.0024259537,True
2018-04-09,673.87,0.9,9.214286,17.571428,1.2714285,67.62858,2.8428574,2.3714287,2.4714284,9.285714,11.957143,4.8547983e-05,0.011303164,6.679126e-05,0.0004888568,0.0,True
2018-04-16,673.58,10.9,9.771429,16.27143,2.5142858,72.08572,2.6857142,2.1142857,2.3999999,8.314285,13.8,0.0001604855,0.010338321,-7.345365000000001e-25,2.0675361e-07,0.0,True
2018-04-23,673.27,8.4,13.914286,22.257143,4.3857145,63.82857,4.214286,2.9428573,3.5285716,7.3714285,17.714285,5.595386e-05,0.009299278,-7.345365000000001e-25,0.0,0.0,True
2018-04-30,673.54,3.9,12.728571,19.271427,5.085714,69.957146,3.8142858,1.9714285,3.3142858,6.542857,17.142857,7.775426e-05,0.008215964,-7.345365000000001e-25,3.7252903e-09,0.0,True
2018-05-07,672.57,0.1,12.942857,17.800001,8.171429,71.27143,3.0285716,0.7714286,2.9142857,6.071429,16.257143,1.5452504e-05,0.007282354,-7.345365000000001e-25,7.450581e-09,0.0,True
2018-05-14,672.25,29.7,12.914286,19.171429,5.942857,76.42857,3.2285714,1.3,3.0142858,6.242857,17.442858,0.000605613,0.006366469,-7.345365000000001e-25,3.7252903e-09,0.0,True
2018-05-21,671.97,30.4,11.857142,16.128572,7.7428575,83.314285,2.2571428,2.1857142,2.2142856,8.4,15.271428,0.0018844754,0.0057441667,-7.345365000000001e-25,0.0,0.0,True
2018-05-28,671.71,7.6,16.885715,23.67143,10.0,73.614296,3.857143,3.3857143,3.9428573,8.342857,21.328571,0.00022502244,0.0053250566,-7.345365000000001e-25,0.0,0.0,True
2018-06-04,671.5,10.9,17.5,23.957144,10.0,76.6,4.2428575,3.757143,4.142857,8.042857,22.928572,0.0001911372,0.0048985854,-7.345365000000001e-25,3.7252903e-09,0.0,True
2018-06-11,671.37,83.1,18.214287,25.071428,11.857142,79.07143,3.7428572,3.2285714,4.1,7.928571,23.328571,0.0007916093,0.004492283,-7.345365000000001e-25,0.0,0.0,True
2018-06-18,671.29,50.5,14.742858,20.014286,9.1285715,80.14286,3.1285713,2.8285713,3.242857,9.214286,20.057142,0.0016305298,0.004231222,-7.345365000000001e-25,0.0,0.0,True
2018-06-25,671.2,0.8,15.442857,21.328571,8.614285,68.98572,4.0857143,3.2000003,4.1,8.014286,21.77143,6.954372e-05,0.0039345548,-7.345365000000001e-25,3.7252903e-09,0.0,True
2018-07-02,671.15,9.400001,16.5,22.128572,9.528571,71.78571,3.957143,2.6000001,4.042857,7.457143,20.985714,6.5013766e-05,0.0036751777,-7.345365000000001e-25,1.1175871e-08,0.0,True
2018-07-09,671.07,45.3,16.657145,22.257143,10.542857,81.74286,3.414286,2.9142857,3.042857,7.7714286,21.642857,0.00071436167,0.0034076571,-7.345365000000001e-25,3.7252903e-09,0.0,True
2018-07-16,670.99,12.7,17.028572,23.485716,10.385714,73.1,3.7714286,2.6857145,3.8285713,7.2,22.285715,9.5807016e-05,0.0031864047,-7.345365000000001e-25,3.7252903e-09,0.0,True
2018-07-23,670.89,18.5,17.885715,24.257143,11.742858,77.04286,3.5714283,2.614286,3.5285714,6.957143,22.328571,0.00033712387,0.0029472187,-7.345365000000001e-25,3.7252903e-09,0.0,True
2018-07-30,670.85,0.0,20.128572,28.057144,10.971429,67.42857,4.8,3.0000002,4.3142858,6.757143,24.9,8.6426735e-06,0.0027285516,-7.345365000000001e-25,3.7252903e-09,0.0,True
2018-08-06,670.82,4.5,22.614286,30.600002,14.071428,66.25715,5.1142855,2.4857142,4.8428574,5.885714,26.971428,9.69097e-05,0.0024815649,-7.345365000000001e-25,7.450581e-09,0.0,True
2018-08-13,670.8,18.1,18.314287,26.085714,10.528572,70.62858,3.6714284,2.1285713,3.6142857,5.9428573,23.428572,9.88543e-05,0.002251789,-7.345365000000001e-25,3.7252903e-09,0.0,True
2018-08-20,670.75,1.9,18.414288,25.714285,11.042857,72.61429,3.6142857,1.8999999,3.6857142,5.9,23.385714,6.610155e-05,0.0020680279,-7.345365000000001e-25,9.313226e-09,0.0,True
2018-08-27,670.72,12.3,16.457144,23.414288,9.5,71.91429,2.8142858,1.7428571,3.0714285,6.0,20.514286,0.00019871444,0.0018905178,-7.345365000000001e-25,1.8626451e-09,0.0,True
2018-09-03,670.65,36.0,14.3,18.114286,9.971429,85.74286,1.6999999,1.5571429,1.8857143,7.1857142,17.528572,0.000979498,0.0017593056,-7.345365000000001e-25,0.0,0.0,True
2018-09-10,670.64,18.8,15.071428,22.4,8.042857,78.34286,2.3285713,2.0714285,2.6714287,7.757143,19.014286,8.882582e-05,0.0016700774,-7.345365000000001e-25,0.0,0.0,True
2018-09-17,670.6,25.199999,16.285715,23.17143,9.771429,78.114296,2.3857143,2.042857,2.6714287,7.4428573,20.071428,0.00018896163,0.001574561,-7.345365000000001e-25,1.8626451e-09,0.0,True
2018-09-24,670.65,29.6,14.585715,21.5,7.928571,76.11428,2.1714287,1.9,2.3428571,7.4857144,18.0,0.002441004,0.0014913529,-7.345365000000001e-25,3.7252903e-09,0.0,True
2018-10-01,670.56,33.8,9.614286,16.614286,1.957143,78.38572,1.5428572,1.3000001,1.6857144,7.714286,13.457143,0.005011566,0.0014188588,-7.345365000000001e-25,1.8626451e-09,0.0,True
2018-10-08,670.65,0.0,10.442857,16.6,4.257143,83.47143,1.1571428,0.9714286,1.3714286,7.957143,13.142858,4.887581e-05,0.0013737231,-7.345365000000001e-25,4.079193e-07,3.9488077e-07,True
2018-10-15,670.65,0.0,12.571428,21.100002,5.4,78.957146,1.4428571,1.1285714,1.4,7.357143,15.1285715,4.0233135e-07,0.0013399497,-7.345365000000001e-25,1.8626451e-09,0.0,True
2018-10-22,670.67,0.1,8.114285,15.400001,1.9,82.27143,1.0714285,0.7428571,0.9857143,6.8714285,12.542857,1.1920929e-07,0.0013059303,-7.345365000000001e-25,1.8626451e-09,0.0,True
2018-10-29,670.65,40.8,6.042857,9.957144,1.9714286,88.5,0.6285714,0.48571426,0.7,7.4714284,8.385715,0.0006205514,0.0012818426,0.0023693016,0.007955857,0.012018807,True
2018-11-05,670.65,0.3,6.057143,10.828572,1.9,86.90001,0.5285714,0.51428574,0.59999996,8.671429,7.0142856,0.00013509393,0.0012736991,0.0010216236,0.0043842606,0.0,True
2018-11-12,670.63,1.2,7.328572,13.6285715,1.6428573,87.78571,0.59999996,0.51428574,0.4857143,8.414286,8.685715,2.4199486e-05,0.001280874,7.7826635e-06,3.5217032e-05,0.0,True
2018-11-19,670.62,0.8,2.0714285,5.785714,-0.9142857,88.057144,0.21428573,0.21428573,0.44285718,8.328571,4.042857,1.0378659e-05,0.0012938902,4.81492e-05,9.3504786e-07,0.00045968592,True
2018-11-26,670.6,8.1,0.04285717,4.557143,-4.4428573,91.35714,0.21428573,0.17142858,0.24285714,8.342857,1.6857142,5.545467e-05,0.0013057142,0.00043415456,0.00061551854,0.002992317,True
2018-12-03,670.57,37.0,3.0285716,6.3285713,-0.14285715,91.25714,0.3857143,0.3857143,0.3285714,9.014286,3.3285713,0.0018300414,0.0013173595,0.0044590123,0.008305559,0.0054145753,True
2018-12-10,670.57,63.5,4.9714284,7.3,2.3285713,88.90001,0.5714286,0.5714286,0.5285714,10.071428,4.957143,0.0015813112,0.0020614266,0.0011521748,0.0012793615,0.014579687,True
2018-12-17,670.65,5.0,-2.8142858,-0.12857144,-7.3571434,84.9,0.08571429,0.08571429,0.22857143,10.285714,0.27142859,6.349385e-05,0.0020409971,0.019396123,0.0020527467,0.01028819,True
2018-12-24,670.65,46.100002,3.5285716,6.7428575,0.18571433,86.14286,0.55714285,0.55714285,0.47142857,10.728572,2.6142857,0.008464932,0.0076896027,0.011925312,0.022027032,0.0011734255,True
2018-12-31,670.72,10.1,-1.2142857,2.4857144,-3.957143,92.88572,0.15714286,0.15714286,0.12857142,10.885715,0.47142857,6.8984926e-05,0.006996967,0.00262542,0.0015098825,0.010260511,True
2019-01-07,670.79,49.0,-1.2714287,0.014285709,-3.3714287,91.457146,0.114285715,0.114285715,0.27142859,11.0,0.32857144,8.483976e-05,0.008479185,0.03172043,0.0022149011,0.06252057,True
2019-01-14,670.87,69.3,-1.1285715,0.7571429,-3.4142857,92.02857,0.22857143,0.22857143,0.3,11.557143,0.24285714,0.00041659176,0.008745611,0.11353165,0.004467696,0.087995455,True
2019-01-21,671.05,4.6,-3.6285717,1.1571429,-9.328572,82.328575,0.27142856,0.27142856,0.37142858,10.8,0.32857144,3.5762787e-07,0.008809678,0.15888624,0.0,0.0048264675,True
2019-01-28,671.09,6.8999996,-3.6714287,-0.5,-7.785714,83.328575,0.21428572,0.21428572,0.40000004,10.357142,0.12857144,1.6391277e-07,0.008844435,0.16339855,0.0,0.013302319,True
2019-02-04,671.0,19.099998,-2.7000003,1.7714287,-9.142858,84.85714,0.25714287,0.25714287,0.37142858,10.657143,0.27142859,1.2218952e-05,0.008709706,0.18003948,0.00015772507,0.017576654,True
2019-02-11,670.95,19.0,-1.3,4.328572,-7.5000005,80.87144,0.6714286,0.6714286,0.59999996,10.6,0.55714285,0.00015559793,0.008477271,0.19452904,0.00524316,0.012883946,True
2019-02-18,671.03,0.0,-0.7,8.471429,-7.857143,71.700005,1.0428572,0.9571429,0.6857143,10.257143,1.3142858,3.3788383e-05,0.008179568,0.2034878,0.0018631406,0.0043426603,True
2019-02-25,671.05,0.90000004,2.642857,8.385715,-2.557143,72.34286,1.1857144,1.0,1.0,9.7,2.9571428,0.0006376356,0.007860705,0.18777846,0.028453978,2.6077032e-08,True
2019-03-04,671.4,13.4,5.3857145,11.214286,0.5285715,71.52857,1.6285714,1.3857143,1.4285715,9.514286,5.242857,0.004902467,0.013862185,0.13605957,0.07440459,0.00037319213,True
2019-03-11,671.81,31.2,5.142857,9.3,0.88571423,74.97143,1.4714286,1.4142857,1.2857143,9.742857,4.928571,0.006726928,0.040092856,0.06510164,0.06753424,0.007639941,True
2019-03-18,673.07,52.399998,4.6142855,8.742857,0.94285715,75.71429,1.7142857,1.6714287,1.5571429,10.442857,4.7285714,0.0056933165,0.09304744,0.030060893,0.047416434,0.019781914,True
2019-03-25,674.1,2.5,4.2428575,11.885715,-2.957143,69.38572,1.9714286,1.6999999,1.6428572,9.785714,6.9857144,0.00032308698,0.062067598,0.0051573175,0.010886669,0.0015236065,True
2019-04-01,674.15,0.0,6.071429,12.871429,-0.8,67.700005,2.142857,1.6714286,2.0857143,9.057143,8.757143,7.198751e-05,0.034514405,0.0012072893,0.0036406126,0.0016654581,True
2019-04-08,673.74,20.0,6.3857145,11.757143,0.61428565,77.828575,1.7714287,1.4428571,1.7,8.6,10.0,0.0004322827,0.023359224,0.0026271513,0.0120368395,0.012126841,True
2019-04-15,673.3,12.5,5.1571426,8.585714,1.9,83.72858,1.2142857,1.1285715,1.4,9.357142,7.7714286,0.0011752099,0.01812882,0.000353904,0.0017079748,0.0018450171,True
2019-04-22,672.77,0.1,10.742858,19.071428,0.5285715,60.385715,3.8285713,2.814286,3.2428572,8.485714,14.157143,2.682209e-05,0.015120462,6.3277424e-05,0.0004957095,0.0,True
2019-04-29,672.34,27.099998,8.285714,14.214286,1.6142857,75.3,2.642857,1.9142858,2.1857142,7.6857142,12.557143,0.0002912134,0.012520269,1.4271055e-05,8.352287e-05,0.00012445822,True
2019-05-06,671.95,24.0,5.4857144,10.357142,0.14285715,83.82857,1.8285714,1.6142857,1.7857143,8.357142,9.514286,0.00047421455,0.01072105,0.0011026518,0.0039417744,0.006040901,True
2019-05-13,671.67,33.2,7.5428576,12.242857,2.2285714,79.67143,2.2142856,2.0,1.9857142,8.914286,10.685715,0.000568226,0.009460062,0.00038291726,0.002320841,0.00022485852,True
2019-05-20,671.5,86.9,8.514286,13.685715,3.0857143,79.52857,2.2285714,1.9142857,2.2571428,9.2,12.228572,0.007959098,0.012084007,2.3643175e-05,0.00012264773,6.0144812e-05,True
2019-05-27,673.81,60.9,11.885715,17.114286,6.2571435,81.41429,2.7142856,2.542857,2.5571427,10.728572,15.914286,0.0057392865,0.020089544,-7.345365000000001e-25,5.9604645e-08,0.0,True
2019-06-03,676.87,20.0,13.900001,20.142857,7.114286,72.3,3.357143,2.9285715,3.5285716,10.114285,18.042856,0.00082942843,0.017893098,-7.345365000000001e-25,0.0,0.0,True
2019-06-10,676.2,26.5,15.985715,23.385715,8.242857,69.48572,3.9714286,3.1857142,3.9428573,8.471429,20.942858,0.00013451278,0.016961172,-7.345365000000001e-25,7.450581e-09,0.0,True
2019-06-17,675.49,14.1,15.914286,21.142857,9.414286,76.87144,3.6142857,3.142857,3.5857143,8.928572,20.385714,0.00637573,0.015549041,-7.345365000000001e-25,7.450581e-09,0.0,True
2019-06-24,674.83,25.4,18.47143,23.957144,12.414286,73.6,3.9142857,3.6000001,4.157143,9.142858,22.614286,0.0006226301,0.013269216,-7.345365000000001e-25,1.1175871e-08,0.0,True
2019-07-01,674.24,24.7,23.0,30.800001,13.542857,61.0,5.9714284,4.428571,5.9,8.0,27.457144,4.8428774e-06,0.011571772,-7.345365000000001e-25,1.1175871e-08,0.0,True
2019-07-08,673.74,24.3,17.728573,23.214285,12.271429,71.44286,4.3,2.7857144,4.0857143,7.2714286,23.571428,0.00042535365,0.009835444,-7.345365000000001e-25,7.450581e-09,0.0,True
2019-07-15,673.17,20.4,14.357142,19.37143,9.242858,74.8,3.0142858,2.3285716,3.3285713,7.6857142,19.242857,0.0015490651,0.008538313,-7.345365000000001e-25,7.450581e-09,0.0,True
2019-07-22,672.55,11.900001,18.47143,25.428572,10.771429,69.51429,4.7999997,3.214286,4.542857,7.1571426,24.342857,2.2098422e-05,0.0075175315,-7.345365000000001e-25,1.1175871e-08,0.0,True
2019-07-29,672.17,58.5,20.828571,27.242859,13.900001,70.8,4.4999995,2.4428573,4.3857145,7.1,25.385714,0.007305667,0.00685028,-7.345365000000001e-25,1.1175871e-08,0.0,True
2019-08-05,671.91,40.1,17.614286,23.27143,11.828572,75.314285,3.4285715,2.857143,3.5857143,8.214286,22.328571,0.00018854439,0.005934447,-7.345365000000001e-25,0.0,0.0,True
2019-08-12,671.73,56.7,17.885715,23.142857,12.6285715,81.314285,3.0571427,2.9285715,3.0142858,9.1,22.014286,0.004240088,0.0054924563,-7.345365000000001e-25,7.450581e-09,0.0,True
2019-08-19,671.57,44.0,16.028572,21.542858,10.300001,76.85714,2.7857144,2.7285714,3.0571427,9.714286,19.814285,0.00034682453,0.00521224,-7.345365000000001e-25,3.7252903e-09,0.0,True
2019-08-26,671.67,38.0,15.928572,21.028574,10.2,83.58572,2.1714284,2.1857142,2.4857142,10.442857,19.72857,0.0020359904,0.0059745386,-7.345365000000001e-25,7.450581e-09,0.0,True
2019-09-02,671.69,22.5,17.957144,23.77143,11.0,78.21429,2.7285714,2.5428574,2.9142857,9.571428,22.585714,0.0018753856,0.0053876042,-7.345365000000001e-25,1.8626451e-09,0.0,True
2019-09-09,671.51,46.8,10.842857,15.457144,6.157143,86.3,1.5,1.4999999,1.6428572,9.7,15.485714,0.0014139265,0.0066862553,-7.345365000000001e-25,1.8626451e-09,0.0,True
2019-09-16,671.4,0.1,15.014285,21.84286,7.9857144,80.01429,2.3428571,2.0,2.6142857,9.328571,18.957144,1.1309981e-05,0.007518679,-7.345365000000001e-25,7.450581e-09,0.0,True
2019-09-23,671.27,24.0,11.342857,17.514286,4.957143,76.78571,1.7142857,1.3857143,2.0,8.557143,16.514286,0.00018951297,0.0080659315,-7.345365000000001e-25,1.8626451e-09,0.0,True
2019-09-30,671.17,38.1,13.028572,16.942858,8.028571,81.77143,1.5,1.4714286,1.7142857,9.4,14.957143,0.00022751093,0.007828914,-7.345365000000001e-25,3.7252903e-09,0.0,True
2019-10-07,671.12,69.9,8.928572,12.985715,3.614286,86.38572,0.9857144,0.9571429,1.1142857,10.271428,11.1285715,0.0037852526,0.009535953,-7.345365000000001e-25,3.7252903e-09,0.0,True
2019-10-14,671.55,43.899998,10.928572,17.300001,4.714286,78.37142,1.2714287,1.2,1.4,10.5,11.971429,0.0011073276,0.011083163,-7.345365000000001e-25,5.5879354e-09,0.0,True
2019-10-21,672.02,9.1,10.742857,17.37143,4.914286,82.5,1.0857142,1.0285714,1.0428572,10.085714,12.785714,0.00021357834,0.012546331,-7.345365000000001e-25,3.7252903e-09,0.0,True
2019-10-28,672.2,8.200001,10.842857,16.142857,5.5285716,86.94286,0.8428572,0.7571429,0.85714287,9.8,12.728572,0.00019918382,0.012365289,-7.345365000000001e-25,1.8626451e-09,0.0,True
2019-11-04,672.1,47.2,7.285714,9.657143,5.0,90.12858,0.5714286,0.5714286,0.61428577,10.757143,8.214286,0.0005091131,0.011951409,-7.345365000000001e-25,0.0,0.0,True
2019-11-11,671.94,15.5,2.614286,5.8428574,-1.5571429,91.314285,0.35714287,0.37142855,0.4,10.771428,4.6714287,0.00039502978,0.011635855,3.0659496e-05,5.7091936e-05,0.00014665723,True
2019-11-18,671.75,7.2999997,1.7857143,4.857143,-1.6857144,87.85714,0.34285715,0.34285715,0.3857143,10.514286,2.8285713,0.0005851984,0.011487171,0.0025209018,0.0034654327,0.006286077,True
2019-11-25,671.52,0.2,2.2,6.114286,-1.8285714,91.1,0.31428573,0.31428573,0.3,10.228572,3.8428571,0.000120803714,0.011848643,0.001636857,0.0027838424,3.200397e-05,True
2019-12-02,671.3,26.7,3.1857145,6.0285716,-0.42857143,87.11428,0.37142852,0.37142852,0.42857143,10.428572,3.7428572,0.00066515803,0.012525678,0.0005411761,0.0005296208,0.0019597113,True
2019-12-09,671.2,12.1,1.3142859,4.9,-2.6571429,81.0,0.45714286,0.44285718,0.4857143,10.3,1.3142858,0.00022056699,0.012992144,0.0012601557,0.0016212221,0.0023034774,True
2019-12-16,671.15,12.5,1.4714286,5.428571,-4.2428575,82.64286,0.5142857,0.5142857,0.48571426,10.542857,1.9,0.0004875958,0.013016485,0.0103985695,0.011154627,0.015870374,True
2019-12-23,671.13,21.199999,4.0142856,9.657144,-0.48571426,84.52857,0.5428571,0.5142857,0.45714286,10.414286,4.0,0.00095304847,0.013141096,0.003960581,0.007647073,0.00309306,True
2019-12-30,671.15,12.4,0.58571434,4.142857,-3.1285717,88.61428,0.3,0.3,0.25714287,10.914286,1.7571429,0.0014525056,0.020568952,0.0021382514,0.0037898254,0.0016042814,True
2020-01-06,671.27,4.6000004,-0.25714284,5.0,-4.6857142,85.65715,0.4,0.4,0.18571427,10.4,-0.1,0.00028151274,0.023424365,0.0012743757,0.0012870915,0.0010525435,True
2020-01-13,671.22,2.7,1.4142858,6.0428576,-3.8428574,77.92857,0.48571426,0.47142857,0.5,10.114285,1.3285714,0.00012552738,0.022124164,0.0015389408,0.0019011982,0.0012638308,True
2020-01-20,671.15,16.5,1.4571428,6.1857142,-3.8428574,77.24286,0.54285717,0.48571426,0.4857143,10.0,1.5,0.00010792911,0.020086147,0.003552346,0.0011878815,0.009339467,True
2020-01-27,671.12,4.9,-0.7857143,5.057143,-4.457143,85.67143,0.37142855,0.34285715,0.3,10.042857,0.37142858,0.00010932982,0.017877258,0.0057256334,0.005719533,1.8589199e-06,True
2020-02-03,671.05,70.2,5.8,8.185715,3.0,85.34286,0.9428572,0.9428572,0.71428573,10.785714,4.4,0.004987061,0.020930208,0.00589541,0.017090345,0.013577286,True
2020-02-10,671.45,14.799999,1.7285715,8.271429,-3.5714285,72.74286,1.0571429,1.0428572,0.9857143,11.028571,2.3857143,0.00229536,0.022826366,0.010195749,0.011463376,0.015949596,True
2020-02-17,672.15,37.5,4.057143,8.914286,-0.7,74.52857,1.1428572,1.1428572,1.0571429,10.914286,3.7428572,0.0012687743,0.026881933,0.0070411307,0.0140174385,0.012871295,True
2020-02-24,672.65,8.4,5.642857,9.3,1.7714287,67.35714,1.5285714,1.4571428,1.5857143,10.228572,5.0,0.00066800416,0.028281301,0.0019866796,0.004692763,0.0025721043,True
2020-03-02,672.95,52.300003,3.3857143,7.571429,-0.28571424,74.25715,1.2571429,1.2428571,1.2428571,10.514286,3.8,0.00065561384,0.026977412,0.009350101,0.0148796905,0.02028612,True
2020-03-09,673.13,30.5,2.2714286,5.6285715,-1.5857143,81.957146,1.0142857,1.0142857,0.9285714,10.6285715,3.5714285,0.0009966344,0.025354266,0.0070184357,0.012848716,0.0120688565,True
2020-03-16,673.49,19.2,5.914286,11.528572,0.21428569,75.22858,1.6285714,1.5285714,1.4714286,10.428572,7.0,0.0009797812,0.027676083,0.001167059,0.0071062203,0.0023900867,True
2020-03-23,673.85,1.2,5.3857145,11.942858,-0.67142856,72.77143,1.5142858,1.3000001,1.6714286,9.828571,8.3,0.00033535063,0.026117481,0.000120594384,0.00012652762,0.00048357993,True
2020-03-30,673.8,9.7,1.0,6.6714287,-4.7000003,68.47143,1.4571428,1.2142857,1.5857142,9.5,4.9428573,4.348159e-05,0.022597805,0.000509597,0.000296114,0.0025160275,True
2020-04-06,673.42,0.0,4.0285716,12.1,-4.914286,61.84286,2.4714284,1.9285715,2.2571428,8.985714,7.885714,3.4496188e-05,0.018768065,0.00090056943,0.0022273622,7.4990094e-06,True
2020-04-13,672.99,0.9,10.814286,19.52857,0.81428576,58.68572,3.4571426,2.5571427,3.0571427,7.8142858,14.385715,2.3767352e-05,0.015202045,3.8714634e-06,3.1810254e-05,0.0,True
2020-04-20,672.55,2.4,10.2,17.742857,1.8571428,60.485714,3.4285715,1.8000001,3.1857142,6.9857144,14.771428,6.6012144e-06,0.012306362,1.6632534e-06,7.782131e-06,8.016825e-06,True
2020-04-27,672.22,0.2,11.6285715,18.9,3.142857,56.257145,3.9285715,1.3000001,3.6285713,6.3285713,15.985714,1.938641e-05,0.009999588,-7.345365000000001e-25,0.0,0.0,True
2020-05-04,671.87,52.1,9.157143,14.114286,3.914286,80.971436,2.1285715,1.8428572,1.9714286,7.614286,12.342857,0.0013261884,0.00835713,-7.345365000000001e-25,0.0,0.0,True
2020-05-11,671.81,24.6,11.828572,18.928572,4.057143,74.11428,3.2000003,2.3142855,3.1000001,7.6571426,16.471428,0.00017783046,0.007193029,2.1945863e-05,3.20971e-05,0.0016551279,True
2020-05-18,671.73,9.7,9.3714285,13.928572,3.3142858,77.42857,2.3428574,1.9857143,2.3999999,8.185715,12.9,0.0001693964,0.0063200966,0.0003030811,0.0018817261,0.00022881478,True
2020-05-25,671.6,17.4,13.914286,20.228573,6.614286,68.92857,3.4428573,2.614286,3.457143,7.571429,18.214285,0.00019623339,0.005551748,-7.345365000000001e-25,3.7252903e-07,0.0,True
2020-06-01,671.45,0.0,11.785714,17.757143,3.8000004,62.37143,3.7428572,2.6285713,3.957143,7.0142856,17.12857,9.328127e-06,0.004898466,-7.345365000000001e-25,3.7252903e-09,0.0,True
2020-06-08,671.17,61.7,12.757143,17.571428,7.1714287,75.57143,2.7857144,2.1,2.9142857,7.1,16.7,0.00031550974,0.004305832,-7.345365000000001e-25,0.0,0.0,True
2020-06-15,671.3,67.0,13.428572,17.242857,9.428572,85.12858,2.5142858,2.3428571,2.5142858,8.8,16.671429,0.0010792315,0.0039219186,-7.345365000000001e-25,0.0,0.0,True
2020-06-22,671.81,96.2,13.928572,18.800001,9.571428,84.3,2.6142857,2.4857142,2.5142858,9.842857,17.685715,0.0018278211,0.003810279,-7.345365000000001e-25,3.7252903e-09,0.0,True
2020-06-29,672.35,35.4,17.357143,23.285715,10.385715,73.5,4.285714,3.7857144,4.1,8.771428,21.957144,0.0031924993,0.003469482,-7.345365000000001e-25,1.1175871e-08,0.0,True
2020-07-06,672.38,12.5,17.342857,22.428572,10.942858,74.22857,4.0714283,3.8000004,3.9142857,8.9,21.542856,0.00021959841,0.0032849386,-7.345365000000001e-25,1.1175871e-08,0.0,True
2020-07-13,672.11,46.1,16.028572,22.228573,7.971429,68.98572,4.642857,3.3428571,4.1714287,7.9714284,21.814285,0.0004018247,0.0031061023,-7.345365000000001e-25,3.7252903e-09,0.0,True
2020-07-20,672.02,39.3,15.614286,21.085714,9.742857,76.77143,3.2714286,2.4714284,2.9857142,8.142858,20.385714,0.00087815523,0.0029516593,-7.345365000000001e-25,0.0,0.0,True
2020-07-27,671.99,7.7,18.214285,24.285715,11.657143,75.54286,3.9,2.5714285,3.8142858,7.4428573,22.928572,0.0012543648,0.0028448626,-7.345365000000001e-25,7.450581e-09,0.0,True
2020-08-03,671.63,103.1,19.52857,26.4,13.457144,76.85714,3.9428575,2.4428573,3.8714287,7.6,23.62857,0.0072004795,0.0057410896,-7.345365000000001e-25,7.450581e-09,0.0,True
2020-08-10,671.7,3.1,17.485714,24.4,9.657143,74.942856,3.7571428,3.3714283,3.8285713,8.928572,21.857143,0.0014023036,0.004944861,-7.345365000000001e-25,7.450581e-09,0.0,True
2020-08-17,671.57,5.9,19.085714,25.542858,12.6,78.328575,3.1285717,2.6285717,3.3857143,7.7,24.1,0.00016486645,0.0032300875,-7.345365000000001e-25,7.450581e-09,0.0,True
2020-08-24,671.4,2.8,18.142859,24.242859,12.414286,74.1,3.085714,2.5857143,3.2714286,7.6285715,22.2,0.00017084181,0.0031866133,-7.345365000000001e-25,3.7252903e-09,0.0,True
2020-08-31,671.23,94.4,14.442858,18.97143,8.485715,78.27143,2.2428572,1.8428571,2.3285716,8.228572,18.142857,0.006249517,0.007824816,-7.345365000000001e-25,3.7252903e-09,0.0,True
2020-09-07,671.27,24.4,13.885715,18.97143,8.7,81.72858,2.0285716,1.9428571,2.2285714,9.814285,17.671429,0.0016298443,0.0046886504,-7.345365000000001e-25,0.0,0.0,True
2020-09-14,671.25,0.0,15.485715,23.357143,7.714286,80.82857,2.3999999,2.0285714,2.742857,8.857142,20.314285,3.2782555e-07,0.005350955,-7.345365000000001e-25,7.450581e-09,0.0,True
2020-09-21,671.15,1.8,15.900001,22.485716,9.357142,84.328575,2.0857143,1.6857144,2.2714286,7.928571,20.657143,0.00016406178,0.005493559,-7.345365000000001e-25,1.8626451e-09,0.0,True
2020-09-28,671.05,74.1,10.17143,14.528572,5.871429,85.24286,1.2428571,1.2571429,1.3142856,9.0,13.328571,0.00095015764,0.005622141,-7.345365000000001e-25,1.8626451e-09,0.0,True
2020-10-05,671.07,21.599998,10.1,14.642858,5.057143,83.200005,1.1285715,1.0857143,1.2571429,9.3,12.028571,0.00052618235,0.0056018904,-7.345365000000001e-25,1.8626451e-09,0.0,True
2020-10-12,671.07,39.399998,8.357143,11.742858,5.5285716,85.57143,0.95714283,0.94285715,1.0428572,9.9,10.157143,0.0016949475,0.006085776,-7.345365000000001e-25,1.8626451e-09,0.0,True
2020-10-19,671.1,17.3,4.9428573,9.1,1.0285715,86.88572,0.5428571,0.5428571,0.71428573,10.085714,7.3428574,0.00036874413,0.007322319,-7.345365000000001e-25,0.0,0.0,True
2020-10-26,671.15,34.5,8.9,15.357142,2.5142858,83.685715,0.82857144,0.81428576,0.82857144,10.1285715,10.271428,0.0013560131,0.008598924,-7.345365000000001e-25,1.8626451e-09,0.0,True
2020-11-02,671.14,28.0,8.6285715,12.928572,4.1714287,83.6,0.8,0.8,0.82857144,10.928572,8.885715,0.00077202916,0.011001781,-7.345365000000001e-25,1.8626451e-09,0.0,True
2020-11-09,671.38,8.7,6.2428575,11.942858,2.2714286,89.54286,0.42857143,0.42857143,0.47142857,10.442857,7.6714287,0.0003593117,0.014810793,-7.345365000000001e-25,0.0,0.0,True
2020-11-16,671.33,3.9,6.1714287,12.885715,0.81428576,85.200005,0.62857145,0.54285717,0.4857143,10.071428,7.3714285,6.0267746e-05,0.015440643,-7.345365000000001e-25,0.0,0.0,True
2020-11-23,671.23,7.6,2.5,8.071428,-2.6714287,83.08572,0.4857143,0.47142857,0.3285714,10.1,4.285714,0.00020723045,0.01485502,0.00031657447,0.0003472194,0.0007757433,True
2020-11-30,671.15,0.7,-1.2142857,3.0857143,-4.4857144,90.72857,0.18571429,0.15714286,0.2,9.985714,1.3,5.3942204e-06,0.014013208,0.00026350928,0.00027283654,9.616837e-05,True
2020-12-07,671.07,23.2,-1.2,1.3285714,-4.214286,93.1,0.12857144,0.12857144,0.21428572,10.414286,0.22857143,8.074939e-05,0.013060629,0.012177427,0.0019933712,0.030215573,True
2020-12-14,670.99,17.199999,-0.51428574,1.7857143,-3.8,92.62858,0.17142858,0.17142858,0.18571429,10.7,0.62857145,0.00032362342,0.012069546,0.03535456,0.010331791,0.011808809,True
2020-12-21,670.87,6.6,2.3428571,8.828572,-2.142857,88.64286,0.22857144,0.24285714,0.10000001,10.414286,2.357143,0.00084352493,0.011242233,0.02122232,0.019946262,0.0,True
2020-12-28,670.95,47.9,2.057143,5.371429,-1.7714285,84.17143,0.38571426,0.38571426,0.4857143,10.771428,2.9857142,0.0007754266,0.011204816,0.0075130006,0.011634674,0.0121111125,True
2021-01-04,671.15,0.2,-1.4428571,1.1142857,-4.7428575,84.74286,0.26666668,0.26666668,0.3,10.6,0.4,7.9251826e-05,0.01179786,0.01154404,0.0033689924,0.0030122139,True
2021-01-11,671.13,5.1,-4.571429,-2.0142858,-8.457143,84.48572,0.028571429,0.028571429,0.24285714,10.414286,-0.028571429,1.3530254e-05,0.011821382,0.014530483,0.00062786415,0.005188737,True
2021-01-18,671.1,70.3,-2.5285716,-0.54285717,-6.042857,90.557144,0.114285715,0.114285715,0.2857143,11.242857,0.114285715,7.1823597e-06,0.011584625,0.05931773,0.0,0.07625817,True
2021-01-25,671.1,17.7,-0.5285714,3.6285713,-5.8857145,81.37144,0.5714286,0.5714286,0.47142857,10.728572,0.2,8.8989735e-05,0.011168398,0.094367705,0.003556257,0.022426397,True
2021-02-01,671.19,74.1,1.5,3.6000001,-1.0142857,90.84286,0.40000004,0.40000004,0.42857143,11.285714,1.3857143,0.009722203,0.013918415,0.10363067,0.04525873,0.012482461,True
2021-02-08,675.67,63.7,4.3,7.9,1.1,87.75714,0.7,0.7,0.5714286,11.1285715,4.457143,0.005794093,0.05237169,0.042577323,0.06151848,0.0061496086,True
2021-02-15,677.15,14.1,-6.285714,-1.9285715,-11.471429,73.48572,0.10000001,0.10000001,0.5714286,10.614285,0.2857143,2.9295683e-05,0.053010613,0.036743205,0.0010926779,0.012979407,True
2021-02-22,676.72,2.3,4.8285713,13.471429,-2.3,74.82857,1.3,1.1999999,0.95714283,10.071428,4.6,0.0010603517,0.037146322,0.01696473,0.034892347,0.0,True
2021-03-01,676.15,2.1,4.7714286,12.857142,-1.6714287,72.057144,1.4571428,1.1857144,1.1571429,9.485714,6.2,0.00014436245,0.028976321,0.0012076469,0.0038909204,0.0,True
2021-03-08,675.74,12.099999,2.4714286,8.442857,-3.2,73.88572,1.1285715,0.9857143,1.0571429,9.242857,4.6571426,0.00021971762,0.023204736,0.00012771289,0.00028301962,0.00021243468,True
2021-03-15,675.29,37.1,3.3142858,7.3714285,-0.12857142,75.21429,1.4,1.3714286,1.4428571,9.657143,4.357143,0.0005078912,0.01902739,0.0037456069,0.004916141,0.028331678,True
2021-03-22,674.74,16.199999,-0.9285714,2.4428573,-3.3428571,80.51429,0.5142857,0.5,0.9285714,10.471429,1.3857143,0.00039741397,0.016416088,0.03260397,0.012998702,0.027966678,True
2021-03-29,674.24,4.3999996,5.057143,12.657144,-2.2714286,66.85714,2.2285714,1.9571428,1.9714285,9.714286,6.9714284,0.0010805875,0.014885843,0.014857848,0.03571096,0.00013499707,True
2021-04-05,673.95,7.7,6.7000003,14.557143,-1.9857143,66.200005,2.542857,2.0714285,2.2857144,8.785714,10.757143,7.852912e-05,0.013851643,0.00035018582,0.0014579296,0.0056601316,True
2021-04-12,673.74,22.800001,3.142857,8.785714,-2.5,70.51429,1.7428571,1.442857,1.8428571,8.6285715,6.457143,0.0004697293,0.012810618,0.010799771,0.019012015,0.024925835,True
2021-04-19,673.35,1.5,1.5285715,6.4000006,-3.8999999,76.114296,1.3142856,1.1285714,1.5571429,8.7,5.385714,0.00023551285,0.011829436,0.004431157,0.0096466765,0.001001507,True
2021-04-26,673.99,0.90000004,7.057143,14.785714,-1.4,61.84286,3.0142858,2.3142855,2.8428571,8.014286,11.8,5.4121017e-05,0.010889597,0.00012821243,0.00078363344,0.0,True
2021-05-03,672.57,37.8,7.5,12.900001,2.9857144,77.92857,2.2,1.8714286,2.1857142,8.057143,11.357142,0.0008178577,0.009827971,0.00044367995,0.002441775,0.00321351,True
2021-05-10,672.51,41.800003,10.0,15.942858,2.5428574,67.957146,3.3142858,3.0714285,2.8857143,9.6,12.157143,0.0010914057,0.009083554,0.000116705894,0.00088257715,0.0,True
2021-05-17,672.35,76.7,8.8,13.457144,4.957143,81.92857,2.1285713,2.142857,2.2,10.257143,12.342857,0.0015050322,0.009095132,-7.345365000000001e-25,1.2293458e-07,0.0,True
2021-05-24,672.72,65.3,8.342857,13.214286,4.428571,81.54286,2.4142857,2.4571426,2.2285714,10.785714,11.8,0.0016654432,0.008951858,-7.345365000000001e-25,0.0,0.0,True
2021-05-31,673.29,26.9,10.0,15.214286,2.8142858,68.41429,3.3285713,3.057143,3.1857142,10.242857,14.1,0.0004246384,0.009916358,-7.345365000000001e-25,0.0,0.0,True
2021-06-07,673.49,73.3,15.385715,20.885714,9.257143,75.5,3.2000003,2.8285713,3.3142858,9.471429,19.042856,0.006209433,0.013404101,-7.345365000000001e-25,0.0,0.0,True
2021-06-14,673.79,3.0,16.9,23.428572,9.857142,72.37143,4.071429,3.6571429,4.2,10.157143,21.62857,0.002830103,0.012789711,-7.345365000000001e-25,1.1175871e-08,0.0,True
2021-06-21,673.73,23.2,20.685715,27.814287,12.328572,65.78571,5.328572,4.2285714,5.1571426,8.242857,26.1,0.00019201636,0.0134283155,-7.345365000000001e-25,1.1175871e-08,0.0,True
2021-06-28,673.65,29.0,17.514286,23.2,11.300001,78.38572,3.9714284,3.785714,4.057143,9.7,22.428572,0.011647761,0.013972774,-7.345365000000001e-25,7.450581e-09,0.0,True
2021-07-05,673.37,47.800003,15.028572,20.300001,10.300001,81.38572,3.1,3.0285714,3.0142858,10.428572,19.214285,0.0030988604,0.01305674,-7.345365000000001e-25,3.7252903e-09,0.0,True
2021-07-12,672.95,72.9,16.228573,21.714285,9.928572,83.27143,3.1142857,3.1142857,3.2,10.985714,20.114286,0.008073643,0.019598559,-7.345365000000001e-25,7.450581e-09,0.0,True
2021-07-19,672.83,44.9,15.357142,19.271427,11.385715,87.5,2.357143,2.3,2.3714287,11.185715,18.928572,0.003947556,0.027216882,-7.345365000000001e-25,1.1175871e-08,0.0,True
2021-07-26,672.85,51.0,17.642857,24.4,10.971429,78.74286,3.5428574,3.1285713,3.8285716,9.8714285,23.042856,0.0023247227,0.030385807,-7.345365000000001e-25,7.450581e-09,0.0,True
2021-08-02,672.74,40.9,16.47143,21.34286,11.985715,82.85714,2.8857143,2.8714287,3.142857,10.428572,20.6,0.00809826,0.02611646,-7.345365000000001e-25,3.7252903e-09,0.0,True
2021-08-09,672.7,32.2,14.528572,19.628572,10.785714,83.957146,2.385714,2.4142857,2.5142858,11.085714,18.085714,0.002479449,0.02258493,-7.345365000000001e-25,3.7252903e-09,0.0,True
2021-08-16,672.7,50.399998,19.828571,26.485716,12.485715,76.042854,3.628571,3.1000001,3.8428571,9.8714285,23.87143,0.00016823411,0.019785747,-7.345365000000001e-25,1.1175871e-08,0.0,True
2021-08-23,672.64,16.4,15.514287,20.757143,10.800001,81.28571,2.4428573,2.2428572,2.7428572,10.042857,19.8,0.0008457601,0.017141208,-7.345365000000001e-25,7.450581e-09,0.0,True
2021-08-30,672.53,75.4,11.985715,15.228572,9.014285,89.62858,1.4857143,1.3857144,1.5571429,10.1285715,15.4,0.0069518685,0.019808374,-7.345365000000001e-25,5.5879354e-09,0.0,True
2021-09-06,673.95,6.3,13.442858,20.385715,5.7000003,80.37144,2.3999999,2.0857143,2.6571429,9.971429,17.685715,8.048117e-05,0.015194885,-7.345365000000001e-25,3.7252903e-09,0.0,True
2021-09-13,674.05,2.4,15.442858,22.814287,8.657144,80.314285,2.3714287,1.8857143,2.5285716,8.928572,20.085714,1.8820167e-05,0.014574118,-7.345365000000001e-25,1.8626451e-09,0.0,True
2021-09-20,673.85,21.0,13.585715,19.17143,7.957143,86.35714,1.5285715,1.3714285,1.6999999,9.385715,17.514286,0.00040262938,0.013281554,-7.345365000000001e-25,3.7252903e-09,0.0,True
2021-09-27,673.32,4.8999996,12.442857,18.885715,5.4857144,84.17143,1.6714287,1.4571428,1.8142856,9.442857,16.0,8.7961555e-05,0.011938319,-7.345365000000001e-25,1.8626451e-09,0.0,True
2021-10-04,672.65,8.3,11.985715,17.757143,6.428571,82.38572,1.4285715,1.3000001,1.4714286,9.342857,15.3714285,0.00019721687,0.010691971,-7.345365000000001e-25,1.8626451e-09,0.0,True
2021-10-11,672.4,7.6,7.5428576,11.514285,3.5714285,86.38572,0.88571423,0.82857144,1.0428572,9.442857,10.414286,0.00023607165,0.009688139,-7.345365000000001e-25,1.8626451e-09,0.0,True
2021-10-18,672.05,9.8,5.2999997,12.271429,-0.54285717,86.557144,0.8142857,0.71428573,0.87142855,9.471429,8.842857,0.00025625527,0.00892365,-7.345365000000001e-25,0.0,0.0,True
2021-10-25,671.7,21.3,6.957143,12.828572,0.7000001,80.828575,1.0285715,0.91428566,0.9857143,9.257143,8.814285,0.000106565654,0.008301988,-7.345365000000001e-25,0.0,0.0,True
2021-11-01,671.45,20.2,6.285714,13.585715,-0.057142835,87.38572,0.7142858,0.61428577,0.6571428,9.185715,8.414286,0.00015688688,0.0077479705,-7.345365000000001e-25,1.8626451e-09,0.0,True
2021-11-08,671.27,25.0,3.0571427,6.914286,-1.5714287,90.471436,0.51428574,0.51428574,0.42857143,10.042857,4.7,0.00024115294,0.007275656,0.0003944068,0.0008322373,0.0010929275,True
2021-11-15,671.15,4.5,3.1285717,8.557143,-0.9571429,92.52857,0.35714287,0.34285712,0.35714287,9.771428,4.3714285,0.000100925565,0.0069049373,8.936723e-05,0.00026690215,0.0,True
2021-11-22,671.07,0.5,2.0285716,5.657143,-0.9428572,94.185715,0.24285714,0.24285714,0.24285714,9.7,3.3857143,1.28000975e-05,0.006598033,8.838518e-06,2.1699816e-05,6.121397e-05,True
2021-11-29,670.99,8.2,-0.59999996,0.88571435,-2.9857142,91.85714,0.14285715,0.12857144,0.31428573,9.742857,0.6857143,1.1980534e-05,0.0063176528,0.0023587544,0.00022508763,0.013403524,True
2021-12-06,670.93,56.0,0.42857146,2.7428572,-2.6285713,90.84286,0.37142855,0.37142855,0.31428573,10.514286,1.1,0.0018849522,0.006302394,0.022407737,0.016511085,0.028022986,True
2021-12-13,670.9,37.3,-0.94285715,2.0,-6.1142855,92.24286,0.21428573,0.21428573,0.2,10.9,0.37142858,0.00014234334,0.005944051,0.05091394,0.00393112,0.040314823,True
2021-12-20,670.93,0.0,-1.1285715,1.3428571,-4.2428575,94.92857,0.12857144,0.12857144,0.114285715,10.314285,0.4857143,0.00016196072,0.0058877766,0.056755934,0.0076231007,0.00010942295,True
2021-12-27,670.92,18.6,0.7571429,4.3142858,-3.2285714,86.457146,0.24285714,0.24285714,0.29999998,10.428572,0.9714286,0.0008940995,0.005895734,0.047991224,0.019821469,3.0733645e-06,True
2022-01-03,671.3,25.7,6.8142858,10.685715,2.8571432,82.07143,0.625,0.625,0.59999996,11.175,5.55,0.00865978,0.018149056,0.009616432,0.03517211,0.0,True
2022-01-10,671.69,30.6,-0.25714287,2.4428573,-4.8857145,88.042854,0.42857143,0.42857143,0.41428572,10.785714,1.5428572,0.00041420758,0.018808067,0.012182559,0.0013099778,0.025786407,True
2022-01-17,671.95,0.70000005,-2.8142858,1.8000001,-8.214286,86.5,0.29999998,0.2857143,0.22857143,10.357142,-0.042857144,0.00016796589,0.018723257,0.02152973,0.0076802317,0.0028415583,True
2022-01-24,670.87,6.8,-1.1,1.1142857,-3.8999999,86.814285,0.2714286,0.24285717,0.35714287,10.2,0.18571429,0.00012820959,0.017833866,0.023919066,0.0061003193,0.014767706,True
2022-01-31,671.65,13.1,-0.51428574,3.4,-4.8857145,84.02857,0.64285713,0.5857143,0.45714286,10.157143,0.64285713,0.00037056953,0.016589612,0.025686355,0.012197111,0.021679793,True
2022-02-07,671.47,33.9,2.057143,4.4857144,-0.54285717,86.44286,0.68571424,0.67142856,0.5857143,10.6285715,1.6142857,0.001970224,0.016671501,0.040794026,0.023598691,0.027336072,True
2022-02-14,671.55,16.5,1.2571429,7.7571435,-4.785714,73.72858,0.98571426,0.95714283,0.8,10.485714,1.5571429,0.0010401383,0.018943354,0.029247466,0.021692375,0.0029438771,True
2022-02-21,671.7,25.6,4.8285713,8.1285715,1.3857143,79.15714,1.2857143,1.2571429,1.1428572,10.228572,4.0285716,0.0021212325,0.029210307,0.0072318427,0.019844308,0.0059407204,True
2022-02-28,672.13,10.6,1.5714287,6.0,-2.8428574,77.08571,1.1428573,1.1,0.9285714,10.042857,3.0428572,0.0006161183,0.032078385,0.0061633075,0.011168309,0.010775518,True
2022-03-07,672.25,0.0,-0.9285714,5.571429,-6.6857147,65.9,1.0714285,0.9,1.1142857,9.514286,2.2571428,6.557256e-05,0.028742291,0.0027618806,0.0029745977,2.3953617e-05,True
2022-03-14,672.05,0.0,2.5714285,11.728571,-5.657143,61.67143,1.9142858,1.4857143,1.6142857,8.928572,5.1571426,2.8282404e-05,0.02400332,0.0007067238,0.0015141647,0.0,True
2022-03-21,671.8,2.4,5.471429,11.300001,-0.8142857,73.78571,1.4857143,1.1571428,1.5,8.414286,7.071429,0.0001212433,0.019590825,1.4685449e-05,8.103624e-05,0.0,True
2022-03-28,671.57,0.0,6.8714285,16.828571,-3.2428572,57.17143,2.871429,2.0,2.357143,7.571429,10.057143,2.8312206e-07,0.015972257,-7.345365000000001e-25,3.1106174e-07,0.0,True
2022-04-04,671.39,37.5,2.8,6.4428573,-1.8714286,81.44286,0.9714286,0.8,1.2142857,8.114285,5.6857142,0.0002983138,0.013208576,0.008801676,0.0043208823,0.022708945,True
2022-04-11,671.25,29.3,5.957143,11.3714285,1.0428572,75.24286,2.0428574,1.9428571,1.8857143,9.314285,7.714286,0.00199949,0.011385158,0.004701177,0.023041055,0.0071898177,True
2022-04-18,671.19,0.9,9.342857,16.442858,0.7285715,64.942856,3.1000001,2.4714284,2.7571428,8.742857,13.385715,5.082041e-05,0.01030305,0.00017414207,0.0014031045,0.0,True
2022-04-25,671.15,14.099999,7.7000003,13.185715,1.7714285,70.84286,2.4142857,1.8999999,2.4285715,8.0,11.985714,0.00019979477,0.009295061,7.379623e-08,7.394701e-07,0.0,True
2022-05-02,671.09,16.8,8.1285715,13.857142,1.4714286,76.3,2.4142857,2.1285713,2.3857143,8.514286,12.228572,0.00030308962,0.008412793,-7.345365000000001e-25,0.0,0.0,True
2022-05-09,671.04,38.9,11.185715,16.128572,6.4000006,83.37142,2.2285712,2.1000001,2.3142858,9.114285,14.342857,0.00046552718,0.0076532364,-7.345365000000001e-25,0.0,0.0,True
2022-05-16,671.01,27.7,16.042858,22.442858,9.171428,70.47143,4.157143,3.7000003,3.8999999,8.6285715,19.957144,0.00047053397,0.0069838166,-7.345365000000001e-25,3.7252903e-09,0.0,True
2022-05-23,670.95,31.800001,17.528572,24.585714,8.671429,67.828575,4.642857,3.8571432,4.357143,8.0,21.928572,0.002442658,0.006322764,-7.345365000000001e-25,3.7252903e-09,0.0,True
2022-05-30,670.95,13.400001,11.728572,16.942858,6.1857142,75.47143,2.9,2.4428573,3.0571427,8.2,17.0,0.0015433282,0.005802721,-7.345365000000001e-25,3.7252903e-09,0.0,True
2022-06-06,670.95,75.2,15.642858,22.300001,9.028571,79.75714,3.442857,2.8999999,3.4714284,7.8714285,19.814285,0.001133278,0.0054339394,-7.345365000000001e-25,7.450581e-09,0.0,True
2022-06-13,670.95,28.199999,15.028571,20.957144,8.342857,74.77143,3.642857,3.4285715,3.7857144,8.6285715,19.757143,0.0041159242,0.0064754337,-7.345365000000001e-25,3.7252903e-09,0.0,True
2022-06-20,671.0,5.6,20.057144,27.485716,10.5,61.47143,5.8,3.7285714,5.1857142,7.214286,24.72857,9.8615885e-05,0.0049425215,-7.345365000000001e-25,7.450581e-09,0.0,True
2022-06-27,670.95,36.9,19.042858,24.614286,12.871429,75.82857,4.0142856,3.3428571,4.157143,7.1,23.314285,0.0010403991,0.0046562552,-7.345365000000001e-25,1.1175871e-08,0.0,True
2022-07-04,670.92,30.9,17.642857,23.085714,11.214286,80.042854,3.6,3.1999996,3.642857,7.8,21.785715,0.0057406425,0.0060922205,-7.345365000000001e-25,7.450581e-09,0.0,True
2022-07-11,670.9,5.0,16.042858,21.442858,9.5,69.88572,3.8285713,2.8571427,3.9857144,7.285714,21.72857,0.00019556284,0.004263766,-7.345365000000001e-25,3.7252903e-09,0.0,True
2022-07-18,670.87,0.0,18.957142,26.942858,9.228571,58.42857,5.628571,2.457143,5.1,6.071429,24.671429,8.746982e-06,0.0040230155,-7.345365000000001e-25,3.7252903e-09,0.0,True
2022-07-25,670.84,37.1,21.242859,29.128572,12.400001,68.200005,5.2571425,2.4142857,4.7999997,5.5857143,25.62857,0.00014987588,0.0037021711,-7.345365000000001e-25,1.4901161e-08,0.0,True
2022-08-01,670.8,23.8,18.4,24.028574,12.528571,74.87144,3.9714284,2.5571427,3.7142856,6.2,22.971428,0.0006734878,0.0034197718,-7.345365000000001e-25,7.450581e-09,0.0,True
2022-08-08,670.77,15.0,19.057142,24.957144,12.114286,73.97143,4.2142854,2.4285715,3.8,5.9142857,23.914286,8.1926584e-05,0.0031448156,-7.345365000000001e-25,7.450581e-09,0.0,True
2022-08-15,670.77,8.2,17.742857,24.685715,9.300001,62.714287,4.514286,1.8428572,4.4,5.3428574,22.485714,2.1338463e-05,0.0028614476,-7.345365000000001e-25,5.5879354e-09,0.0,True
2022-08-22,670.75,141.0,17.028572,22.828571,10.771429,80.700005,2.885714,2.1857142,2.8285713,7.2,21.22857,0.02506341,0.0071145743,-7.345365000000001e-25,1.8626451e-09,0.0,True
2022-08-29,670.9,27.6,17.728573,24.157145,10.457143,75.328575,2.957143,2.6571429,3.1571429,8.142858,21.985714,0.00022244453,0.002513595,-7.345365000000001e-25,7.450581e-09,0.0,True
2022-09-05,670.95,19.0,15.885715,22.114286,9.557143,80.442856,2.4142857,2.3714283,2.6857142,8.885715,19.814285,0.0001828745,0.002437979,-7.345365000000001e-25,7.450581e-09,0.0,True
2022-09-12,670.9,22.7,14.8,20.414288,9.157143,82.685715,2.1714284,2.142857,2.2,8.857142,18.142857,0.00024065375,0.002357401,-7.345365000000001e-25,7.450581e-09,0.0,True
2022-09-19,670.85,32.2,12.528572,16.757143,8.7,83.08572,1.6857141,1.6428572,1.6857144,9.271428,15.0,0.0018015206,0.002382964,-7.345365000000001e-25,5.5879354e-09,0.0,True
2022-09-26,670.8,22.400002,8.842857,14.314286,3.114286,83.72858,1.3142859,1.2285715,1.4857142,9.185715,12.357142,0.00012812763,0.002484396,-7.345365000000001e-25,0.0,0.0,True
2022-10-03,670.8,64.5,8.6,11.371429,5.357143,91.1,0.9142857,0.9142857,0.9142857,10.414286,10.471429,0.007646665,0.006495483,-7.345365000000001e-25,7.450581e-09,0.0,True
2022-10-10,671.15,5.8,10.914286,16.77143,5.3857145,86.67143,1.0857142,1.0285714,1.1857144,9.957143,13.4,6.534159e-05,0.0055731684,-7.345365000000001e-25,0.0,0.0,True
2022-10-17,671.17,21.9,12.557143,17.457144,8.042857,87.15714,1.1,1.0714285,1.0714285,10.1,14.228572,0.0002860427,0.0065385997,-7.345365000000001e-25,7.450581e-09,0.0,True
2022-10-24,671.09,37.5,12.357142,17.142857,6.857143,88.87144,1.0142858,1.0,0.88571423,10.3,14.185715,0.003173083,0.0067649633,-7.345365000000001e-25,1.8626451e-09,0.0,True
2022-10-31,671.05,1.3000001,11.928572,21.285715,5.3857145,81.92857,1.2142857,1.1571429,0.9142857,10.271428,13.8714285,1.0848045e-05,0.007021345,-7.345365000000001e-25,0.0,0.0,True
2022-11-07,671.05,14.1,7.1,11.257143,0.9857144,86.0,0.61428577,0.6,0.6,10.0,9.2,0.00028871745,0.007264562,-7.345365000000001e-25,0.0,0.0,True
2022-11-14,670.98,4.9,5.3714285,11.400001,0.042857133,88.91429,0.5714286,0.5714286,0.44285718,10.142858,7.542857,0.00015062094,0.007284522,-7.345365000000001e-25,0.0,0.0,True
2022-11-21,670.95,43.8,5.228572,8.742857,1.1,87.71429,0.6571428,0.64285713,0.44285718,10.528571,6.042857,0.00096707046,0.0073190033,9.2057955e-05,0.0001883991,0.00093232095,True
2022-11-28,670.95,12.5,2.9857144,7.457143,-2.1000001,86.78571,0.3857143,0.3857143,0.35714287,10.657143,3.6285715,0.00040141493,0.008094549,0.00037837596,0.00085423887,0.00019806251,True
2022-12-05,671.05,11.3,1.1285715,2.3857143,-0.6571428,94.08571,0.114285715,0.114285715,0.3,10.542857,1.9428571,0.0004530102,0.009624638,0.00017164435,0.00018578395,0.00035868213,True
2022-12-12,671.05,7.1,-2.8714287,0.64285713,-6.3428574,88.42857,0.071428575,0.071428575,0.15714286,10.357142,0.42857143,1.359731e-05,0.010797448,0.0042616925,0.00030782446,0.009591423,True
2022-12-19,671.05,31.9,-3.8285713,-0.7,-8.400001,90.84286,0.042857144,0.042857144,0.12857142,10.828571,0.25714287,0.000370346,0.010867558,0.018081252,0.004090175,0.01611847,True
2022-12-26,671.1,46.5,6.7000003,9.757143,3.4428573,87.08571,0.5857143,0.5857143,0.5,10.857142,4.6571426,0.0032642782,0.013744049,0.0071007637,0.022857077,0.0,True
