,GWL,HYRAS_pr,HYRAS_tas,HYRAS_tasmax,HYRAS_tasmin,HYRAS_hurs,DWD_evapo_p,DWD_evapo_r,DWD_evapo_fao,DWD_soil_moist,DWD_soil_temp5cm,ERA5_sro,ERA5_ssro,ERA5_sdwe,ERA5_sm,ERA5_sf,GWL_flag
1991-01-07,56.48,22.0,5.7571425,8.085714,3.2285714,76.22857,0.87142855,0.87142855,0.9714286,10.457143,3.8,0.002532877,0.0009896085,1.6291937e-06,1.1637807e-05,5.2526593e-07,True
1991-01-14,56.32,7.7,4.914286,7.4428573,2.7857144,77.8,0.8285713,0.7999999,0.9714286,10.1,3.7,0.00016497076,0.0010173768,4.700252e-06,9.313226e-09,4.0773302e-05,True
1991-01-21,56.19,1.0,-0.7285715,2.9714284,-4.5285716,75.15715,0.22857144,0.21428572,0.42857143,10.0,-1.1428572,6.580353e-05,0.0012242943,6.4021064e-05,7.965788e-05,0.00010811165,True
1991-01-28,56.21,0.4,1.3714286,2.4857142,0.4714286,89.34286,0.18571429,0.17142858,0.37142858,9.985714,0.17142858,3.5613775e-05,0.0013958514,9.876206e-05,0.0001526475,0.00024705753,True
1991-02-04,56.19,0.2,-3.857143,-0.6,-7.228572,67.42857,0.071428575,0.057142857,0.61428577,9.9,-2.1714287,8.955598e-06,0.00153438,0.00046656813,9.092875e-05,0.0007658377,True
1991-02-11,56.15,7.3,-6.8142858,-3.7428572,-10.271429,81.72858,0.0,0.0,0.3857143,9.942857,-3.4142857,9.164214e-07,0.0016440973,0.0037908156,3.3501536e-05,0.009967528,True
1991-02-18,56.15,11.7,-2.914286,-0.4857143,-6.4428573,85.75714,0.08571429,0.08571429,0.3857143,10.228572,-0.114285715,3.3840537e-05,0.001726076,0.014265259,0.0017894898,0.009957761,True
1991-02-25,56.28,2.9,3.957143,8.4,-0.9714286,77.21429,0.78571427,0.7428571,0.8428572,10.042857,0.8428571,0.00045207888,0.0017868727,0.0066040754,0.016695222,2.2303313e-05,True
1991-03-04,56.34,0.2,2.5142858,6.3142858,-0.7285715,75.07143,0.8428572,0.7142858,1.0285714,9.8,1.8857143,4.3436885e-06,0.0018719211,8.319105e-05,0.00014909357,6.878376e-05,True
1991-03-11,56.22,1.3,7.442857,11.357142,3.5571427,79.44286,0.8,0.6857143,1.0428572,9.471429,5.714286,2.656877e-05,0.0019607842,2.6169278e-06,1.8989667e-05,0.0,True
1991-03-18,56.16,0.6,10.157143,15.400001,5.8285713,75.67143,1.1714286,0.95714283,1.3857143,9.057143,9.471429,5.0053e-05,0.002013281,-7.345365000000001e-25,5.5879354e-09,0.0,True
1991-03-25,56.23,17.400002,7.7428575,10.900001,4.857143,80.47143,1.1857144,1.1571429,1.1714286,9.4,8.3714285,0.0006620288,0.0020374134,-7.345365000000001e-25,7.450581e-09,0.0,True
1991-04-01,56.22,0.4,4.928571,9.028571,0.12857144,67.25715,1.3857143,1.1857145,1.6,9.157143,6.071429,5.8159232e-05,0.0020732582,6.9822585e-07,2.4009496e-06,2.5480986e-06,True
1991-04-08,56.18,3.3,9.542857,14.257143,5.5428576,70.25715,1.8714284,1.6142858,2.0285714,8.942857,9.6285715,8.684397e-05,0.002095081,-7.345365000000001e-25,6.146729e-08,0.0,True
1991-04-15,56.15,0.0,11.814285,17.928572,4.214286,57.5,2.9,2.2142856,2.9857142,8.157143,12.414286,4.5523047e-06,0.0020773932,-7.345365000000001e-25,3.7252903e-09,0.0,True
1991-04-22,56.13,7.7,2.957143,7.9428573,-1.5428572,69.42857,1.557143,1.3285713,1.7571429,7.5571427,7.3428574,0.00010918081,0.0020347536,0.00017475514,0.00056222826,0.0007535666,True
1991-04-29,56.11,2.5,7.471429,12.557143,1.2571429,71.58572,1.6714284,1.2714287,2.0428572,7.3,9.6285715,7.50646e-05,0.0019937754,2.4517378e-05,0.00015451573,0.0,True
1991-05-06,56.1,10.6,7.1571426,10.914286,3.3142858,78.8,1.3857143,1.1714287,1.7142857,7.385714,9.214286,0.00013983995,0.0019453987,-7.345365000000001e-25,8.940697e-08,0.0,True
1991-05-13,56.09,5.2,10.67143,15.071428,4.328572,68.057144,2.2571428,1.6857144,2.4714284,7.071429,12.271428,1.9788742e-05,0.0018941313,-7.345365000000001e-25,3.7252903e-09,0.0,True
1991-05-20,56.07,9.4,9.828572,14.585715,4.1714287,72.64286,2.3285713,1.842857,2.4428573,6.742857,12.0,0.00017163157,0.0018327385,-7.345365000000001e-25,3.7252903e-09,0.0,True
1991-05-27,56.09,5.0,11.3714285,15.142858,7.6714287,68.78571,2.6857145,1.7714287,3.0714285,6.0285716,13.685715,4.094094e-05,0.0017640516,-7.345365000000001e-25,3.7252903e-09,0.0,True
1991-06-03,56.02,3.1,13.67143,18.814287,7.5285716,65.57143,3.0428574,1.2857143,3.5571427,5.4857144,16.857143,8.2962215e-05,0.0016868636,-7.345365000000001e-25,3.7252903e-09,0.0,True
1991-06-10,55.99,11.9,13.214286,17.857143,7.5,66.957146,2.8142855,1.4857142,3.2142856,5.3142858,15.428572,7.894635e-05,0.0016016662,-7.345365000000001e-25,0.0,0.0,True
1991-06-17,55.99,10.8,13.957144,17.857143,9.957143,70.3,2.7999997,1.757143,3.1,5.4428573,15.357142,9.122491e-05,0.0015217364,-7.345365000000001e-25,7.450581e-09,0.0,True
1991-06-24,55.98,19.5,15.485715,19.800001,11.057143,72.14286,3.1142857,2.4714286,3.357143,5.5857143,17.471428,0.00015760213,0.0014433265,-7.345365000000001e-25,7.450581e-09,0.0,True
1991-07-01,56.07,37.899998,15.6285715,19.5,11.314286,76.057144,2.7714283,2.357143,2.8999999,6.357143,16.742857,0.0045131594,0.0013741851,-7.345365000000001e-25,7.450581e-09,0.0,True
1991-07-08,55.99,4.2,23.185715,28.657145,15.185715,60.228573,5.214286,3.514286,5.7000003,6.0285716,24.357143,1.4454126e-06,0.0013041645,-7.345365000000001e-25,1.4901161e-08,0.0,True
1991-07-15,55.97,14.1,20.414288,25.528574,14.357142,70.8,3.985714,2.0571427,4.1714287,5.285714,23.814285,9.396672e-05,0.0012240186,-7.345365000000001e-25,1.1175871e-08,0.0,True
1991-07-22,55.87,5.2,16.557142,21.071428,12.728571,73.87142,3.0571425,1.6857144,3.4571426,5.071429,19.714285,4.760921e-05,0.0011626258,-7.345365000000001e-25,1.1175871e-08,0.0,True
1991-07-29,55.83,10.0,19.228573,25.557144,11.457144,69.02857,3.6000001,1.8571428,3.957143,4.9142857,21.485714,0.00016455352,0.0011020303,-7.345365000000001e-25,1.1175871e-08,0.0,True
1991-08-05,55.89,37.4,20.857143,25.885715,15.642858,74.942856,3.1000001,1.5142858,3.4142857,4.757143,22.642857,0.00028829277,0.0010422543,-7.345365000000001e-25,7.450581e-09,0.0,True
1991-08-12,55.98,26.300001,20.5,25.600002,15.871429,73.28571,3.1714282,1.9571428,3.4428573,5.0142856,22.357143,0.00022509694,0.0009896085,-7.345365000000001e-25,1.4901161e-08,0.0,True
1991-08-19,55.98,4.0,16.814287,22.357143,10.8,72.52857,2.6571429,1.6571428,3.0714285,4.8714285,19.171429,9.149313e-05,0.0009457916,-7.345365000000001e-25,1.1175871e-08,0.0,True
1991-08-26,55.94,3.0,17.642857,22.77143,12.314286,72.37143,2.542857,1.4,3.0714285,4.642857,19.214285,3.579259e-05,0.00090511143,-7.345365000000001e-25,7.450581e-09,0.0,True
1991-09-02,55.85,1.5,17.028572,23.528574,9.742857,67.828575,2.6,0.8,3.0714285,4.285714,19.185715,8.746982e-06,0.0008653775,-7.345365000000001e-25,5.5879354e-09,0.0,True
1991-09-09,55.79,5.3,16.014286,21.557144,11.028572,69.8,2.0428574,0.51428574,2.6142857,4.0285716,17.942858,2.4825335e-05,0.000822857,-7.345365000000001e-25,5.5879354e-09,0.0,True
1991-09-16,55.79,5.1,14.357142,21.628572,6.9,68.8,1.942857,0.47142857,2.2428572,3.9714286,16.3,5.596876e-05,0.0007871762,-7.345365000000001e-25,9.313226e-09,0.0,True
1991-09-23,55.79,4.4,14.328572,19.857143,9.828572,74.72858,1.6285714,0.88571435,2.0857143,4.1571426,15.657143,6.471574e-05,0.0007545203,-7.345365000000001e-25,7.450581e-09,0.0,True
1991-09-30,55.8,12.6,14.785714,19.285715,11.557143,78.700005,1.2428571,0.82857144,1.7428571,4.7,14.971429,0.0001231283,0.0007270649,-7.345365000000001e-25,1.1175871e-08,0.0,True
1991-10-07,55.85,7.9999995,12.242858,16.385715,8.457143,81.74286,1.1428572,0.81428576,1.3571428,4.9,12.285714,5.502999e-05,0.00070338696,-7.345365000000001e-25,3.7252903e-09,0.0,True
1991-10-14,55.88,4.1000004,13.457144,19.228573,8.271429,81.48572,0.9857143,0.59999996,1.2714285,4.8428574,13.285714,7.213652e-05,0.00068061054,-7.345365000000001e-25,5.5879354e-09,0.0,True
1991-10-21,55.88,8.3,8.257143,12.914286,4.328572,78.314285,1.0999999,0.87142855,1.3285714,4.957143,8.828571,5.64754e-05,0.0006601885,-7.345365000000001e-25,1.1175871e-08,3.3527613e-08,True
1991-10-28,55.88,1.1,5.0285716,9.414286,-0.028571453,79.114296,0.61428577,0.41428572,0.7714286,4.9714284,5.3428574,6.854534e-06,0.0006424561,-7.345365000000001e-25,2.6077032e-08,0.0,True
1991-11-04,55.95,18.699999,5.371429,9.057143,1.5,76.557144,0.8000001,0.61428577,1.0714285,4.9857144,4.4857144,0.00017152727,0.00062609464,3.2356806e-07,6.8731606e-07,7.301569e-07,True
1991-11-11,56.13,38.8,5.9857144,8.514285,3.5142858,85.3,0.7142857,0.67142856,0.7,6.5285716,5.3428574,0.00039604306,0.00061216205,-7.345365000000001e-25,5.5879354e-09,0.0,True
1991-11-18,56.13,4.6000004,4.9000006,7.2714286,2.9857142,81.542854,0.40000004,0.3857143,0.5857143,7.614286,4.242857,7.57128e-05,0.000602901,-7.345365000000001e-25,1.8626451e-09,0.0,True
1991-11-25,56.13,4.7999997,2.2,4.357143,-0.22857144,89.82857,0.17142858,0.15714286,0.18571429,7.785714,1.9285715,5.866587e-05,0.0005973093,1.0161173e-06,2.4270266e-06,1.1596829e-05,True
1991-12-02,56.14,0.3,1.4428571,3.8857143,-0.24285714,94.057144,0.071428575,0.071428575,0.071428575,7.885714,1.4714285,7.972121e-07,0.00059370697,1.3533093e-05,9.868294e-06,0.00020865351,True
1991-12-09,56.14,1.6,0.8714286,3.142857,-1.3714286,88.08572,0.11428572,0.10000001,0.2857143,7.9,0.6142857,2.2366643e-05,0.0005909279,0.00024012725,0.0005122628,0.0005025044,True
1991-12-16,56.15,0.0,-0.64285713,2.557143,-4.1142855,75.88572,0.12857144,0.114285715,0.34285715,7.8714285,-1.5,2.0861626e-06,0.000588838,0.00018831094,3.5107136e-05,5.1371753e-06,True
1991-12-23,56.38,45.9,4.714286,7.9000006,1.7142857,87.67143,0.5857143,0.5857143,0.61428577,9.142858,1.4,0.00047670305,0.00058757886,0.0006678218,0.0039959587,0.0037660003,True
1991-12-30,56.39,13.6,3.642857,5.6714287,1.5857143,85.0,0.4571429,0.4571429,0.5285714,9.685715,2.0,0.00017363578,0.00059196353,9.6343814e-05,0.0006263498,0.00052896515,True
1992-01-06,56.42,18.7,5.285714,6.957143,3.1571429,83.200005,0.2,0.2,0.8142857,9.5,1.6,0.00038683414,0.00060755014,3.0142921e-06,1.3241544e-05,5.662441e-07,True
1992-01-13,56.41,4.7,2.614286,5.3714285,-0.64285713,86.44286,0.3285714,0.3285714,0.41428572,9.771428,2.0428572,0.00014993548,0.0006387681,1.1421385e-05,2.0233914e-05,7.554144e-05,True
1992-01-20,56.4,11.3,3.7714288,6.0142856,2.3857143,84.71429,0.47142857,0.44285718,0.7285714,9.857142,2.9285715,0.00028403848,0.00069535524,3.0029387e-05,5.8293343e-05,0.00018719584,True
1992-01-27,56.37,0.4,-3.8857143,-1.557143,-6.585714,89.08572,0.028571429,0.028571429,0.21428572,10.114285,-2.0714285,2.130866e-06,0.000766173,0.0002447764,0.00010074861,0.00035879388,True
1992-02-03,56.39,3.1,0.7285715,1.7285715,-0.5714286,92.97143,0.21428572,0.21428572,0.3857143,10.057143,-0.32857144,6.542355e-05,0.0008463338,0.0007471925,0.001095131,0.0020180903,True
1992-02-10,56.38,7.1,4.8428574,7.657143,2.1,83.77143,0.61428577,0.6,0.7,10.028571,1.8,0.00016061962,0.000919275,0.00031524044,0.0013617929,1.4360994e-05,True
1992-02-17,56.41,10.599999,4.8,7.3,2.757143,83.35714,0.6857143,0.6857143,0.8000001,10.042857,4.042857,0.00020593405,0.0009928718,0.00022547018,9.5060095e-06,0.0018989183,True
1992-02-24,56.41,3.7,2.5857143,5.0,-0.5714286,84.24286,0.55714285,0.5428571,0.7285714,10.1,1.7,0.000104792416,0.0010773316,0.001379331,0.002851732,0.0011730939,True
1992-03-02,56.35,1.5,6.3,11.771429,1.8142859,75.814285,0.94285715,0.82857144,1.1285714,9.928572,4.8285713,1.5608966e-05,0.0011614785,1.48614245e-05,6.620027e-05,0.0,True
1992-03-09,56.3,3.5,6.657143,11.6,2.0428572,79.48572,1.0857143,0.9428572,1.1857144,9.542857,6.357143,0.00011950731,0.0012290254,-7.345365000000001e-25,1.9185245e-07,0.0,True
1992-03-16,56.53,39.7,3.957143,7.9857144,0.90000004,79.04286,1.357143,1.3428572,1.1142857,10.3,4.3142858,0.0015699193,0.0018583462,0.00087964535,0.0013740249,0.0037192106,True
1992-03-23,56.49,19.9,6.414286,9.985715,3.142857,79.47143,1.0142857,1.0,1.1999999,10.342857,6.2285714,0.00045363605,0.0014493987,0.00041217465,0.002067361,7.1302056e-05,True
1992-03-30,56.42,11.3,2.9428573,6.3142858,0.31428576,81.52857,0.95714283,0.95714283,1.1142857,10.3714285,4.071429,0.00021471828,0.0016911328,0.00046552363,0.0015374795,0.0022823364,True
1992-04-06,56.37,13.1,6.0,10.357142,1.7285715,77.457146,1.3714286,1.3571428,1.5714285,10.185715,6.6,0.00023660064,0.0019421205,8.744285e-05,0.0007213317,0.0,True
1992-04-13,56.38,5.3999996,8.8714285,14.614286,2.7142856,67.457146,2.2142856,1.8857143,2.2857144,9.528571,10.642858,3.2126904e-05,0.0021414682,4.5413064e-08,5.8859587e-07,0.0,True
1992-04-20,56.38,18.300001,6.2000003,9.8714285,3.057143,77.17143,1.8714286,1.7571428,1.8428571,9.528571,7.6571426,0.0003668964,0.0022480935,1.7046928e-05,0.00014235452,0.00014138594,True
1992-04-27,56.36,11.5,11.5,16.014286,5.914286,69.057144,2.3,1.9714285,2.5,8.985714,11.985714,0.00021945685,0.0023123696,4.5413064e-08,6.817281e-07,0.0,True
1992-05-04,56.29,0.9,9.642858,14.271429,4.4,71.27143,1.9714288,1.6857141,2.2857144,8.757143,11.4,0.00016499311,0.0023370534,-7.345365000000001e-25,1.8626451e-09,0.0,True
1992-05-11,56.27,12.1,10.457144,14.67143,5.5142856,75.5,2.2142856,1.9142857,2.4714284,8.457143,12.542857,0.00029245764,0.0023319796,-7.345365000000001e-25,1.1175871e-08,0.0,True
1992-05-18,56.21,0.0,15.614286,21.114286,8.485715,65.814285,3.457143,2.5714285,3.957143,8.157143,17.27143,1.04010105e-05,0.002301976,-7.345365000000001e-25,-3.7252903e-09,0.0,True
1992-05-25,56.09,0.0,19.457144,25.628572,10.928572,51.44286,5.042857,2.457143,5.442857,6.8142858,20.928572,4.4703484e-08,0.0022098422,-7.345365000000001e-25,0.0,0.0,True
1992-06-01,55.99,0.0,18.84286,24.614286,9.857142,51.857143,4.8428574,1.1,5.2999997,5.928571,20.571428,3.6731362e-06,0.002080299,-7.345365000000001e-25,1.1175871e-08,0.0,True
1992-06-08,55.87,6.7999997,20.285715,26.100002,15.328572,60.04286,4.214286,1.6,5.1142855,6.0,21.471428,0.00015735626,0.0019450784,-7.345365000000001e-25,3.7252903e-09,0.0,True
1992-06-15,55.73,12.7,17.642857,22.857143,12.1,64.34286,3.4714286,1.5,4.2571425,5.9142857,20.314285,0.00011894107,0.0018175393,-7.345365000000001e-25,7.450581e-09,0.0,True
1992-06-22,55.63,15.9,17.528572,23.514286,11.685715,62.25714,3.7857144,1.4142857,4.2571425,5.7,20.885714,9.8109245e-05,0.0016966686,-7.345365000000001e-25,7.450581e-09,0.0,True
1992-06-29,55.56,0.0,20.128572,26.571428,10.514285,49.557148,4.7000003,1.0285714,5.2428575,5.257143,23.085714,1.0430813e-07,0.001567781,-7.345365000000001e-25,0.0,0.0,True
1992-07-06,55.51,15.8,19.100002,24.27143,13.0,68.057144,3.557143,1.0857142,3.7,5.257143,22.22857,0.00018899143,0.0014322996,-7.345365000000001e-25,1.4901161e-08,0.0,True
1992-07-13,55.57,2.1,18.9,24.857143,11.771429,63.4,3.5285714,2.2714286,4.0571427,5.642857,21.528572,3.97712e-05,0.001338996,-7.345365000000001e-25,7.450581e-09,0.0,True
1992-07-20,55.61,2.4,19.800001,25.514286,13.1285715,62.657143,3.7,2.5,4.2428575,5.4428573,21.171429,0.00012999773,0.0012560561,-7.345365000000001e-25,1.4901161e-08,0.0,True
1992-07-27,55.6,3.0,20.77143,27.714285,14.800001,62.899998,3.8999999,2.5714285,4.4857144,5.3142858,23.514286,0.00027182698,0.0011663064,-7.345365000000001e-25,1.1175871e-08,0.0,True
1992-08-03,55.55,3.1,20.800001,27.628572,13.085715,57.957146,4.0142856,2.1714284,4.8857145,4.9428573,22.7,3.4749508e-05,0.0010872632,-7.345365000000001e-25,7.450581e-09,0.0,True
1992-08-10,55.5,0.0,22.728573,29.885715,14.728572,54.600002,4.428571,1.2142857,5.2428575,4.571429,23.828571,6.6012144e-06,0.0010057688,-7.345365000000001e-25,1.1175871e-08,0.0,True
1992-08-17,55.51,30.900002,16.385715,20.84286,12.6285715,71.15714,2.642857,1.4999999,3.1714287,4.6857142,18.928572,0.00021101534,0.0009356886,-7.345365000000001e-25,1.4901161e-08,0.0,True
1992-08-24,55.57,20.900002,17.742857,22.585714,12.900001,71.38572,2.3714287,1.7285715,2.9714284,4.857143,19.328571,0.00017412007,0.0008863956,-7.345365000000001e-25,7.450581e-09,0.0,True
1992-08-31,55.62,18.400002,18.528574,24.085714,15.142858,78.28571,2.3999999,1.9714286,2.7428572,5.042857,19.985714,0.0003478229,0.0008438602,-7.345365000000001e-25,9.313226e-09,0.0,True
1992-09-07,55.62,9.8,12.7,17.300001,9.1285715,76.22857,1.8428571,1.742857,2.2714286,5.9142857,14.042857,0.00018252432,0.0008098185,-7.345365000000001e-25,1.1175871e-08,0.0,True
1992-09-14,55.61,4.8,13.557143,19.528574,8.542857,72.78571,1.8285713,1.4428571,2.3285713,5.6714287,16.028572,2.0846725e-05,0.000778988,-7.345365000000001e-25,7.450581e-09,0.0,True
1992-09-21,55.61,0.0,13.657144,18.742859,8.485715,72.17143,1.5285714,1.0714285,2.1285713,5.2285714,15.228572,1.23381615e-05,0.0007510036,-7.345365000000001e-25,7.450581e-09,0.0,True
1992-09-28,55.61,0.0,14.942858,21.47143,9.185715,75.90001,1.3571428,0.88571423,1.9714286,4.857143,15.942857,1.1399388e-06,0.0007241443,-7.345365000000001e-25,5.5879354e-09,0.0,True
1992-10-05,55.61,11.0,11.042857,15.6285715,7.6714287,72.51429,1.0142858,0.6285714,1.7285715,4.6857142,12.8,1.7903745e-05,0.0006990582,-7.345365000000001e-25,1.8626451e-09,0.0,True
1992-10-12,55.7,13.7,7.7000003,11.342857,4.3428574,85.88572,0.64285713,0.5285714,0.78571427,5.7,9.314285,0.00015013665,0.0006804466,-7.345365000000001e-25,1.8626451e-09,0.0,True
1992-10-19,55.71,0.7,4.957143,9.8714285,0.61428565,74.34286,0.7285714,0.59999996,1.0285715,5.6285715,5.4142857,3.528595e-05,0.000662826,-7.345365000000001e-25,0.0,0.0,True
1992-10-26,55.78,32.3,4.6857142,7.9857144,1.6714286,87.64286,0.50000006,0.4571429,0.5285714,6.1571426,5.114286,0.00033660233,0.0006474033,7.691838e-06,4.346855e-05,6.6146255e-05,True
1992-11-02,55.83,15.6,4.214286,8.142858,0.5428572,83.91429,0.45714286,0.44285712,0.5,7.6857142,4.042857,0.00012302399,0.00063584,4.7513417e-06,2.4521723e-05,0.0,True
1992-11-09,55.89,3.9,7.4428573,10.342857,4.7571435,84.21429,0.5,0.5,0.7714286,8.014286,6.571429,4.953146e-05,0.0006268397,-7.345365000000001e-25,2.6077032e-07,0.0,True
1992-11-16,56.02,21.2,4.8285713,7.6,2.0285714,87.34286,0.61428577,0.61428577,0.6,8.9,4.0571427,0.0002662614,0.00062042475,8.4207175e-05,0.00043846853,0.00049164146,True
1992-11-23,56.18,30.1,4.8428574,6.928571,2.8,85.14286,0.59999996,0.59999996,0.64285713,9.485714,3.6714287,0.00040222704,0.0006169081,0.00023450737,0.0010676868,0.0013170391,True
1992-11-30,56.34,22.1,6.1142855,9.185715,3.3428574,83.58572,0.61428565,0.61428565,0.59999996,10.028571,4.428571,0.0009676218,0.00062170625,4.236471e-05,0.0003583301,0.0,True
1992-12-07,56.36,15.2,4.5285716,7.642857,1.7,80.51428,0.49999997,0.48571426,0.67142856,9.9,3.4285715,0.00025442243,0.00064425915,0.0011476846,0.0026001204,0.0065277517,True
1992-12-14,56.46,17.5,4.042857,4.7714286,2.4428573,88.52857,0.34285715,0.34285715,0.45714286,10.271428,2.5714285,0.000835225,0.00068606436,0.0015049038,0.0039722417,3.2410026e-07,True
1992-12-21,56.51,19.9,2.9857144,5.871429,0.41428572,89.52857,0.18571429,0.17142858,0.17142858,10.428572,1.7285714,0.00045768917,0.0007773563,5.2576972e-05,8.634664e-05,0.0003614202,True
1992-12-28,56.46,3.5,-2.457143,-0.8000001,-4.157143,90.12858,0.028571429,0.028571429,0.18571429,10.4,-0.51428574,6.0662627e-05,0.0009442419,0.0006082342,7.192977e-05,0.0006754957,True
1993-01-04,56.32,0.0,-5.857143,-3.4428573,-8.171429,82.8,0.0,0.0,0.22857143,10.266666,-2.0,5.1409006e-07,0.0011357069,0.0013111092,1.9706786e-06,0.0005333908,True
1993-01-11,56.46,21.7,5.2571435,8.114285,1.3285714,83.51429,0.5428571,0.55714285,0.61428577,10.457143,0.7,0.00062552094,0.0012977421,0.00033259392,0.0013470892,1.0430813e-07,True
1993-01-18,56.49,9.599999,7.4428573,11.242858,4.4428573,72.15715,1.0428572,1.0285715,1.2428571,10.528571,3.9,0.00021469593,0.0015437305,-7.345365000000001e-25,1.2852252e-07,0.0,True
1993-01-25,56.52,22.0,6.157143,8.828571,3.3428571,79.04286,1.3285713,1.3142855,1.2285715,10.257143,5.0571427,0.000307858,0.001855351,2.6634762e-05,7.197261e-06,0.0007338412,True
1993-02-01,56.48,6.5,-1.7428572,1.5857143,-4.114286,83.04286,0.2,0.2,0.35714287,10.657143,0.31428573,0.00012484193,0.002131708,0.005246588,0.0007982515,0.0068883635,True
1993-02-08,56.38,1.8000001,0.5714286,2.9,-2.1714287,92.21429,0.14285715,0.14285715,0.27142859,10.3,0.071428575,0.00015767664,0.002409868,0.004519338,0.005285632,0.00043125078,True
1993-02-15,56.31,0.3,-0.18571429,1.0571429,-0.8714286,96.02857,0.08571429,0.08571429,0.34285715,10.214286,0.37142858,3.720075e-05,0.002641067,0.00069932145,0.0012753122,0.00038602203,True
1993-02-22,56.26,21.0,1.8285714,4.071429,-0.44285718,82.5,0.6999999,0.68571424,0.7571429,10.442857,1.1571429,0.00027994812,0.0028279945,0.0019506159,0.001965396,0.007911578,True
1993-03-01,56.22,0.6,-0.9571429,2.3285713,-4.071429,76.5,0.35714287,0.34285715,0.7571429,10.285714,-0.18571429,4.9479306e-05,0.0030059963,0.0051038377,0.0020651333,0.0004630871,True
1993-03-08,56.22,2.7,0.5428571,3.357143,-2.2857144,81.957146,0.5285714,0.5,0.78571427,10.042857,0.62857145,0.00010943413,0.003163509,0.0030109712,0.0050167814,0.0030293465,True
1993-03-15,56.22,1.2,5.571429,12.014287,-0.38571426,75.54286,1.0571429,0.91428566,1.0857142,9.714286,4.9714284,2.0623207e-05,0.0032595173,0.00027124086,0.0008722693,3.3527613e-08,True
1993-03-22,56.21,3.3,8.742857,12.957143,4.8,73.14286,1.5285714,1.3428572,1.7142857,9.271428,7.8714285,7.4125826e-05,0.0032897964,5.336035e-07,6.467104e-06,0.0,True
1993-03-29,56.21,2.9,2.357143,7.585715,-0.94285715,73.542854,1.4571428,1.2571429,1.4714286,8.9,5.1,7.855892e-05,0.0032678246,0.00010175932,0.00011381693,0.0006437972,True
1993-04-05,56.2,0.4,6.571429,11.67143,0.84285706,67.64286,1.4999999,1.1714286,1.8714286,8.414286,6.928571,2.1584332e-05,0.0032205358,0.00014654796,0.00049319677,1.0345131e-05,True
1993-04-12,56.25,15.5,5.4857144,9.857142,1.7714287,70.457146,1.6428572,1.3714285,1.9,8.228572,7.0857143,0.00014786422,0.0031581,1.70299e-08,9.0152025e-07,0.0,True
1993-04-19,56.25,13.8,8.785714,13.971429,3.5,72.52857,1.9714285,1.6,2.0142858,7.714286,10.014286,0.00011867285,0.0030722246,-7.345365000000001e-25,0.0,0.0,True
1993-04-26,56.22,4.7999997,15.700002,22.4,8.6285715,63.05714,3.6285713,2.7,3.6571429,7.3285713,16.057142,1.180917e-05,0.0029626936,-7.345365000000001e-25,3.7252903e-09,0.0,True
1993-05-03,56.12,0.0,17.342857,24.285715,9.742857,56.18571,4.242857,1.9857143,4.4142857,6.1714287,18.5,6.5118074e-06,0.0027903542,-7.345365000000001e-25,7.450581e-09,0.0,True
1993-05-10,56.07,2.5,13.157144,18.97143,6.4857144,66.27143,3.1142857,0.98571426,3.385714,5.785714,15.514286,3.0703843e-05,0.0026267692,-7.345365000000001e-25,7.450581e-09,0.0,True
1993-05-17,55.97,0.5,16.428572,23.228573,9.085714,59.485714,3.957143,1.0428572,4.1571426,5.5142856,18.842857,6.763637e-05,0.0024399012,-7.345365000000001e-25,3.7252903e-09,0.0,True
1993-05-24,56.04,35.3,16.842857,22.128572,11.6285715,71.67143,3.0714288,1.2142857,3.3999999,6.1,18.428572,0.0003642738,0.0022575855,-7.345365000000001e-25,3.7252903e-09,0.0,True
1993-05-31,56.15,28.5,14.571428,19.77143,9.471429,77.314285,2.8,2.457143,2.957143,7.0571427,17.22857,0.00043208897,0.0021246672,-7.345365000000001e-25,1.1175871e-08,0.0,True
1993-06-07,56.13,13.1,17.157145,22.37143,10.571428,68.58572,3.3428571,2.7285714,3.8999999,7.214286,20.171429,0.00014726818,0.002002433,-7.345365000000001e-25,7.450581e-09,0.0,True
1993-06-14,56.17,35.100002,17.314287,22.514286,12.371429,72.62858,3.3428574,2.6714284,3.5714285,7.042857,20.457144,0.00035621226,0.0018759519,-7.345365000000001e-25,3.7252903e-09,0.0,True
1993-06-21,56.21,31.099998,14.285714,18.5,9.942857,77.042854,2.6857145,2.4285715,2.7857144,7.885714,16.8,0.00046917796,0.0017869547,-7.345365000000001e-25,1.1175871e-08,0.0,True
1993-06-28,56.2,5.0,13.271429,17.9,9.457144,74.24286,2.6000001,2.257143,3.0285716,7.4142857,16.485714,9.924173e-05,0.0017109737,-7.345365000000001e-25,3.7252903e-09,0.0,True
1993-07-05,56.17,3.1,18.285715,24.300001,10.457144,67.6,3.7857146,2.7,4.214286,6.385714,21.785715,3.913045e-05,0.0016272813,-7.345365000000001e-25,1.1175871e-08,0.0,True
1993-07-12,56.16,4.3,15.17143,20.100002,10.428572,69.071434,3.0857143,2.2571428,3.5142858,6.1571426,17.742857,6.1407685e-05,0.0015455186,-7.345365000000001e-25,7.450581e-09,0.0,True
1993-07-19,56.11,33.7,15.985715,20.228573,12.071428,81.04286,2.4571426,2.1857142,2.6285713,6.457143,18.671429,0.00031582266,0.0014775619,-7.345365000000001e-25,7.450581e-09,0.0,True
1993-07-26,56.11,29.0,15.457144,20.47143,11.8,77.685715,2.7142854,2.5714285,3.0857143,7.214286,17.542856,0.00023776293,0.0014186949,-7.345365000000001e-25,1.8626451e-08,0.0,True
1993-08-02,56.55,88.0,17.428572,22.142857,12.528572,81.28571,2.6571429,2.5142858,2.6571429,8.585714,19.028572,0.0016279444,0.0013686568,-7.345365000000001e-25,1.1175871e-08,0.0,True
1993-08-09,56.49,20.5,17.242857,21.97143,13.542857,80.87144,2.3857143,2.1857142,2.5857143,8.742857,19.6,0.0002828315,0.0013296828,-7.345365000000001e-25,1.1175871e-08,0.0,True
1993-08-16,56.4,22.8,17.457144,23.257143,11.614286,73.41429,3.0142858,2.614286,3.2714286,8.685715,19.3,0.00059366226,0.0013002232,-7.345365000000001e-25,1.6763806e-08,0.0,True
1993-08-23,56.31,6.6000004,14.2,19.385715,10.1,76.957146,2.114286,1.6999999,2.5285716,8.085714,18.685715,0.000681445,0.001266405,-7.345365000000001e-25,7.450581e-09,0.0,True
1993-08-30,56.19,9.799999,12.414286,17.585714,8.342857,79.700005,1.6857141,1.3999999,2.0571427,8.014286,15.314285,9.971857e-05,0.0012434572,-7.345365000000001e-25,7.450581e-09,0.0,True
1993-09-06,56.19,7.1,12.042857,16.157143,8.528571,84.48572,1.457143,1.3571428,1.6857144,8.171429,13.885715,0.00018286705,0.0012261271,-7.345365000000001e-25,1.1175871e-08,0.0,True
1993-09-13,56.18,19.3,13.514287,17.985714,9.242857,85.28571,1.2,1.1142857,1.6285714,8.985714,15.0,0.0011543185,0.0012135729,-7.345365000000001e-25,7.450581e-09,0.0,True
1993-09-20,56.14,17.3,11.028571,15.800001,6.957143,81.67143,1.3000001,1.2571429,1.5714285,9.542857,12.414286,0.0004924536,0.0012361184,-7.345365000000001e-25,5.5879354e-09,0.0,True
1993-09-27,56.14,6.6,13.614286,16.557142,11.271429,87.17143,0.84285706,0.7714286,1.1571429,9.328571,14.028571,0.0002245605,0.0013241097,-7.345365000000001e-25,7.450581e-09,0.0,True
1993-10-04,56.16,6.4,10.685715,14.971429,7.057143,80.700005,0.9714286,0.85714287,1.3285714,9.3,11.6,0.00018385053,0.0014247,-7.345365000000001e-25,5.5879354e-09,0.0,True
1993-10-11,56.16,7.7000003,12.371429,17.628572,7.6857147,84.52857,0.9285715,0.81428576,1.0714285,9.428572,12.528571,0.00025132298,0.0015152246,-7.345365000000001e-25,7.450581e-09,0.0,True
1993-10-18,56.17,6.0,7.928571,13.228572,4.257143,79.48572,0.84285706,0.8,0.9857143,9.585714,9.014286,0.00018337369,0.0016195774,-7.345365000000001e-25,5.5879354e-09,0.0,True
1993-10-25,56.17,2.3,4.957143,8.442858,1.7285715,84.457146,0.44285718,0.42857143,0.5857143,9.428572,5.5142856,4.2527914e-05,0.0017423332,-7.345365000000001e-25,1.8626451e-09,0.0,True
1993-11-01,56.17,0.6,4.157143,6.785714,1.6142857,91.91429,0.22857143,0.21428573,0.3857143,9.4,4.857143,1.0214746e-05,0.0018486083,-7.345365000000001e-25,0.0,0.0,True
1993-11-08,56.18,5.2999997,3.4,4.6142855,1.9714286,97.65715,0.14285715,0.15714286,0.2857143,9.3714285,3.7571428,4.5888126e-05,0.0019280538,-7.345365000000001e-25,1.8626451e-09,0.0,True
1993-11-15,56.26,22.5,5.0285716,7.785714,3.0142858,88.01429,0.38571432,0.37142855,0.4857143,9.757143,4.4142857,0.00026685,0.0019854978,-7.345365000000001e-25,3.7252903e-09,0.0,True
1993-11-22,56.27,7.3999996,-2.1714287,-0.25714287,-4.114286,87.77143,0.057142857,0.057142857,0.31428573,10.257143,0.1,2.3841858e-06,0.0020401254,0.0011031004,3.3937395e-06,0.0054878704,True
1993-11-29,56.21,1.6,-4.6,-1.3714286,-7.928571,87.700005,0.014285714,0.014285714,0.21428572,10.242857,-1.1571429,2.4661422e-06,0.002108395,0.00634756,0.000111319125,0.002578605,True
1993-12-06,56.3,3.1,2.5,4.542857,-1.0857143,87.457146,0.25714284,0.25714284,0.42857143,10.171429,0.85714287,0.00021202862,0.0021685362,0.0031645808,0.008119771,0.0006036088,True
1993-12-13,56.47,41.1,4.6142855,6.8428574,2.5857143,84.01429,0.67142856,0.67142856,0.7571429,10.685715,2.9857142,0.00075240433,0.0022495687,0.000612327,0.004586505,0.0073121265,True
1993-12-20,56.57,24.0,4.785714,7.6,2.642857,84.15715,0.5857143,0.5857143,0.7571429,10.757143,3.142857,0.000326477,0.002520159,0.0010711409,0.0037331507,0.00080265105,True
1993-12-27,56.61,37.6,1.2857143,2.6000001,0.32857147,94.14286,0.2714286,0.2714286,0.25714284,10.985714,1.0142857,0.00041691214,0.0030023307,0.009837855,0.0065329224,0.029349267,True
1994-01-03,56.64,35.100002,2.8285716,4.785714,0.8714286,90.58572,0.4,0.4,0.27142859,11.025,1.625,0.0025964454,0.0056294277,0.010016526,0.025825132,0.006408017,True
1994-01-10,56.68,10.6,4.3428574,6.1285715,2.3428571,87.61428,0.34285712,0.34285712,0.3857143,10.657143,2.8714285,0.0004022494,0.00798136,0.0006937129,0.004187323,0.0,True
1994-01-17,56.58,13.0,3.6571429,5.8142858,1.7571429,83.61428,0.51428574,0.51428574,0.5857143,10.3714285,3.142857,0.00019236654,0.010389581,1.7608914e-05,4.4681132e-05,0.00014201552,True
1994-01-24,56.59,19.3,3.0714285,4.7000003,0.88571435,86.72858,0.51428574,0.51428574,0.5857143,10.457143,1.3571428,0.00046733767,0.010810502,0.0010509207,0.003817184,0.0036952645,True
1994-01-31,56.77,71.5,4.471429,7.428571,1.8142859,85.41429,0.9857143,0.9857143,0.6857143,11.185715,3.2285714,0.0027083904,0.012890704,0.00029068333,0.0018833969,0.002009172,True
1994-02-07,56.71,1.4000001,2.0714285,3.8,0.7285714,82.58572,0.45714286,0.44285718,0.61428577,10.271428,1.6428572,2.8304756e-05,0.015002929,0.000422648,0.00047971308,0.0008122474,True
1994-02-14,56.53,2.1,-0.57142866,2.4857142,-2.5142858,75.78571,0.24285714,0.24285714,0.6571428,10.171429,0.71428573,0.00012413412,0.015082382,0.00063598726,0.00060307607,0.0012376085,True
1994-02-21,56.3,4.4,-4.914286,-0.71428573,-8.8714285,71.328575,0.10000001,0.08571429,0.67142856,10.142858,-2.3,5.364418e-07,0.014512435,0.0017934811,1.8499792e-05,0.006327197,True
1994-02-28,56.23,13.4,-0.47142854,3.0714285,-5.142857,87.57143,0.24285714,0.24285714,0.5,10.271428,-0.2,0.00021210313,0.013668805,0.007889396,0.010689706,0.0054569617,True
1994-03-07,56.5,11.9,5.1,8.5,2.2714286,82.25714,1.0285715,1.0142858,0.9857143,10.385715,3.2285714,0.00036215037,0.012723386,0.00030112834,0.0013109762,3.6768615e-06,True
1994-03-14,56.47,13.4,7.728572,11.142858,4.6,79.54286,1.3000001,1.2428571,1.2285715,10.185715,6.6571426,0.00016850233,0.011928171,8.5149495e-08,1.6409904e-06,0.0,True
1994-03-21,56.65,46.100002,2.9142857,6.2571435,1.2142857,88.01429,1.1571429,1.1571429,0.90000004,11.1285715,4.142857,0.0007988289,0.011218324,0.00085523014,0.0034565646,0.00632238,True
1994-03-28,56.64,27.6,6.714286,10.257143,2.557143,76.51428,1.542857,1.542857,1.5857143,10.671429,6.6,0.00067124516,0.010840669,0.00040419897,0.0028505065,2.6002526e-06,True
1994-04-04,56.54,18.2,7.8857145,12.485715,4.414286,78.82857,1.7714287,1.7142857,1.7571429,10.1285715,8.228572,0.00039890409,0.010675482,2.4977185e-06,2.0461157e-05,4.5120716e-05,True
1994-04-11,56.47,14.5,5.8857145,9.885715,1.5714285,78.02857,1.4,1.3714286,1.4857142,10.1,7.1714287,0.00045205653,0.010478511,0.00037905716,0.0017213877,0.0017275736,True
1994-04-18,56.54,36.7,6.7714286,10.928572,3.2428572,77.74286,1.5285714,1.4714286,1.7142857,10.757143,8.385715,0.0017278641,0.012530394,3.973643e-07,5.99958e-06,0.0,True
1994-04-25,56.36,0.7,12.185715,18.428572,5.0,61.585716,2.8142855,2.2857141,3.1142857,9.442857,13.457143,1.4737248e-05,0.01259201,-7.345365000000001e-25,3.7252903e-09,0.0,True
1994-05-02,56.19,0.2,12.900001,18.314285,9.085714,72.8,2.4857142,1.9142858,2.7571428,8.442857,15.957143,1.591444e-05,0.011907376,-7.345365000000001e-25,3.7252903e-09,0.0,True
1994-05-09,56.22,18.1,12.528572,17.585714,6.471429,70.65714,3.0285716,2.2571428,3.1142857,7.8714285,14.814285,0.00012294948,0.0109506175,-7.345365000000001e-25,3.7252903e-09,0.0,True
1994-05-16,56.2,4.1,15.571428,21.157145,8.900001,65.84286,3.4714284,2.0,3.7142856,6.9428573,17.5,8.8617206e-05,0.009766839,-7.345365000000001e-25,7.450581e-09,0.0,True
1994-05-23,56.28,29.2,13.471429,18.485714,8.771429,80.84286,2.4428573,1.9285715,2.6714287,7.6571426,16.314285,0.000261724,0.00862959,-7.345365000000001e-25,3.7252903e-09,0.0,True
1994-05-30,56.29,6.1,12.6,17.057142,8.528571,76.07143,2.2142856,1.9142858,2.7428572,8.457143,15.971429,0.0001424104,0.007689208,-7.345365000000001e-25,0.0,0.0,True
1994-06-06,56.23,8.5,14.17143,19.057144,8.3714285,71.21429,2.9857144,2.5285714,3.2285712,8.071428,16.257143,0.0002502799,0.006826453,-7.345365000000001e-25,3.7252903e-09,0.0,True
1994-06-13,56.23,27.9,13.6,18.214285,9.428572,78.68572,2.5714285,2.2571428,2.8714287,8.214286,16.828571,0.003214851,0.006118715,-7.345365000000001e-25,3.7252903e-09,0.0,True
1994-06-20,56.21,8.1,14.485715,19.028574,9.328572,72.04286,3.0285716,2.414286,3.3999999,7.6857142,17.114286,4.55454e-05,0.0055468604,-7.345365000000001e-25,3.7252903e-09,0.0,True
1994-06-27,56.1,0.1,18.742859,24.285715,12.385715,63.214287,4.2428575,2.6285717,4.8142858,6.742857,21.414286,1.6853213e-05,0.005016595,-7.345365000000001e-25,7.450581e-09,0.0,True
1994-07-04,56.03,30.0,22.057144,28.957144,13.542857,58.77143,4.8428574,2.2285714,5.5,5.8714285,24.928572,6.055832e-05,0.004444018,-7.345365000000001e-25,1.1175871e-08,0.0,True
1994-07-11,56.12,16.9,18.414288,23.614286,13.400001,75.62858,3.2142856,2.3,3.7,6.4142857,22.014286,0.00020955503,0.0039570034,-7.345365000000001e-25,1.1175871e-08,0.0,True
1994-07-18,56.0,1.4,22.157145,28.057144,15.328572,61.71429,4.342857,2.2857144,4.8714285,5.642857,25.114286,0.000107601285,0.0035318658,-7.345365000000001e-25,1.1175871e-08,0.0,True
1994-07-25,55.89,0.0,23.328571,31.014286,13.185715,47.100002,5.2428575,0.9571429,5.5142856,5.042857,25.471428,7.4505806e-08,0.003138505,-7.345365000000001e-25,7.450581e-09,0.0,True
1994-08-01,55.79,4.3,25.728573,32.914288,18.085714,57.97143,4.628571,0.78571427,5.2999997,4.8,27.814285,2.9206276e-05,0.0027556196,-7.345365000000001e-25,1.1175871e-08,0.0,True
1994-08-08,55.75,7.1,22.228573,29.214285,15.571428,60.51429,4.0857143,1.0571429,4.571429,4.8142858,25.685715,5.619228e-05,0.0024299026,-7.345365000000001e-25,1.1175871e-08,0.0,True
1994-08-15,55.88,41.8,17.014286,22.17143,13.214286,73.38572,2.7,1.6142857,2.9714284,5.571429,19.657143,0.00021523237,0.0021814778,-7.345365000000001e-25,1.1175871e-08,0.0,True
1994-08-22,55.92,23.4,15.685715,21.257143,10.357142,74.40001,2.3714283,2.0428572,2.8142858,6.742857,17.942858,0.00017729402,0.0020025522,-7.345365000000001e-25,1.1175871e-08,0.0,True
1994-08-29,55.94,26.5,17.114286,21.571428,12.957144,77.1,2.2142856,2.042857,2.6285713,7.957143,19.057142,0.00026769936,0.0018501431,-7.345365000000001e-25,7.450581e-09,0.0,True
1994-09-05,55.94,11.6,15.814286,20.185715,11.528572,80.67143,1.7571428,1.5999998,2.1142857,8.285714,17.27143,0.00011470914,0.0017232597,-7.345365000000001e-25,1.3038516e-08,0.0,True
1994-09-12,55.98,17.7,13.828572,17.357143,10.900001,81.799995,1.5142857,1.5142857,1.8857143,8.8714285,14.9,0.00026996434,0.0016238317,-7.345365000000001e-25,7.450581e-09,0.0,True
1994-09-19,56.04,9.2,12.742858,16.028572,9.971429,83.72857,1.3714286,1.3428572,1.5714285,9.728572,13.585714,0.00025388598,0.0015411377,-7.345365000000001e-25,1.1175871e-08,0.0,True
1994-09-26,56.04,1.4,12.457144,18.27143,7.8428574,87.27143,1.1,0.98571426,1.4142858,9.642858,14.314285,1.2092292e-05,0.0014793798,-7.345365000000001e-25,5.5879354e-09,0.0,True
1994-10-03,56.05,9.299999,11.228571,14.757143,7.6,84.08572,0.87142855,0.74285716,1.1285714,9.328571,13.014286,0.000100024045,0.0014225617,-7.345365000000001e-25,1.1175871e-08,0.0,True
1994-10-10,56.07,7.0,4.8285713,10.442858,0.85714287,84.8,0.64285713,0.61428577,0.7714286,9.457143,7.285714,2.5227666e-05,0.0013766959,-7.345365000000001e-25,0.0,0.0,True
1994-10-17,56.1,0.3,7.2142863,13.7,2.6714287,85.0,0.5714286,0.4857143,0.7285714,9.257143,8.771428,1.7359853e-06,0.0013338253,-7.345365000000001e-25,1.8626451e-09,0.0,True
1994-10-24,56.12,6.5,7.357143,12.028571,2.3857143,72.71429,0.90000004,0.7714285,1.2142857,8.942857,6.8714285,1.8291175e-05,0.001292184,-7.345365000000001e-25,0.0,0.0,True
1994-10-31,56.22,31.400002,9.7,13.071428,6.6,84.94286,0.7999999,0.7571429,0.78571427,9.142858,8.771428,0.00040596724,0.0012555197,-7.345365000000001e-25,1.3038516e-08,0.0,True
1994-11-07,56.19,0.0,8.228571,12.428572,4.5,82.90001,0.5857143,0.5714286,0.6857143,9.857142,7.4142857,6.057322e-06,0.0012243688,-7.345365000000001e-25,0.0,0.0,True
1994-11-14,56.15,4.4,6.057143,8.114286,3.457143,85.02857,0.37142858,0.3285714,0.64285713,9.642858,5.742857,6.887317e-05,0.0012013391,3.2527107e-06,1.129508e-05,1.1868775e-05,True
1994-11-21,56.28,26.6,7.9857144,10.828572,4.8857145,88.542854,0.62857145,0.62857145,0.55714285,10.585714,6.9857144,0.0002656728,0.0011830255,-7.345365000000001e-25,3.1292439e-07,0.0,True
1994-11-28,56.25,4.4,7.1714287,9.342857,4.7714286,93.471436,0.27142859,0.27142859,0.2857143,10.342857,6.357143,9.6559525e-05,0.0011708662,-7.345365000000001e-25,7.450581e-09,0.0,True
1994-12-05,56.21,3.7,5.371429,8.014286,2.5714285,87.87142,0.25714287,0.25714287,0.22857143,10.228572,4.0,3.46601e-05,0.0011635646,-7.345365000000001e-25,5.5879354e-09,0.0,True
1994-12-12,56.32,21.5,7.4857144,9.6285715,3.8857143,84.54286,0.6857143,0.6857143,0.61428577,10.471429,5.5285716,0.00019520521,0.0011587664,-7.345365000000001e-25,5.5879354e-09,0.0,True
1994-12-19,56.32,3.8000002,2.0428572,5.0,-0.15714285,88.828575,0.2857143,0.2857143,0.22857143,10.542857,2.0142858,9.725988e-05,0.0011598393,0.00030312085,0.0005348958,0.00087911636,True
1994-12-26,56.28,1.8,0.25714284,1.8571428,-1.8428572,91.22858,0.08571429,0.08571429,0.22857143,10.2,0.22857143,1.1712313e-05,0.0011698753,0.00037953968,0.00023309328,0.0013753213,True
1995-01-02,56.47,30.4,5.514286,8.485715,3.114286,84.91429,0.78,0.78,0.68571424,10.84,4.58,0.0006027594,0.0011955947,0.0006067696,0.0022155307,0.003557846,True
1995-01-09,56.39,14.1,-5.6,-3.1857142,-8.771429,89.700005,0.028571429,0.028571429,0.1,10.385715,-1.0285715,0.00010231137,0.0012736619,0.003304737,0.0016065296,0.0043918937,True
1995-01-16,56.51,4.0,1.6142857,3.5714285,-0.4857143,86.614296,0.4142857,0.4142857,0.3285714,10.542857,0.0,0.00028079748,0.0013734847,0.0047575803,0.0066329483,0.0034176297,True
1995-01-23,56.56,27.5,3.6571429,6.9000006,0.85714287,79.01429,0.71428573,0.71428573,0.64285713,10.3714285,0.82857144,0.0004444942,0.0015046075,0.001116798,0.0019536763,0.00011584908,True
1995-01-30,56.63,35.8,4.4857144,7.5,1.8285714,87.02857,0.8285714,0.8142857,0.5857143,11.042857,3.3285713,0.0016421303,0.0017545447,0.0016646669,0.010785945,0.010826293,True
1995-02-06,56.55,5.5,5.642857,7.8,2.2142856,82.52857,0.64285713,0.64285713,0.6857143,10.5,3.4,0.00011962652,0.0025373474,0.000107413245,0.00045738742,5.446002e-05,True
1995-02-13,56.55,23.6,4.228572,7.357143,0.82857144,83.314285,0.7714286,0.7714286,0.64285713,10.557143,3.4,0.0007546991,0.0033118129,0.0025724797,0.008338096,0.008155875,True
1995-02-20,56.6,27.7,6.3142858,9.342857,3.614286,79.557144,1.2428572,1.2285715,1.0,10.514286,5.3285713,0.0007821992,0.0043061376,9.020169e-06,0.00012054294,0.0,True
1995-02-27,56.47,5.6000004,3.9714286,7.3285713,1.4142858,80.5,0.8571429,0.8571429,0.9142857,10.257143,3.7571428,0.00012218952,0.0053522736,3.4684226e-06,8.853152e-06,2.5451183e-05,True
1995-03-06,56.43,3.8,4.8142858,8.528571,1.8857144,78.08572,1.1714287,1.1,1.1428572,10.057143,4.1285715,0.0001231432,0.006015472,6.1392784e-05,0.0002683755,0.000551153,True
1995-03-13,56.36,0.0,3.4428573,8.457143,-0.59999996,74.71429,1.2142859,1.0285714,1.2142857,9.685715,3.9857142,3.6492944e-05,0.0062107965,0.00020283177,0.000692036,0.00044132397,True
1995-03-20,56.42,18.3,2.8857143,6.4428573,-0.07142855,79.57143,1.1571428,1.1285714,1.1714286,9.714286,3.0857143,0.00023813546,0.0061726496,0.0007475047,0.0037997644,0.003830295,True
1995-03-27,56.58,31.099998,5.1857142,9.614286,1.3714286,75.41429,1.6857144,1.5428572,1.5142858,9.828571,5.6,0.0005893856,0.0060735345,0.00017849037,0.00035788864,0.0026193187,True
1995-04-03,56.49,15.0,5.4428573,8.828572,2.0,80.42857,1.4714286,1.4142858,1.4142857,10.271428,5.1,0.00044438243,0.005989738,0.004550576,0.012285724,0.0107997395,True
1995-04-10,56.4,11.5,6.4857144,10.2,2.8285716,76.34286,1.6285714,1.4999999,1.6285714,9.657143,7.7285714,0.00029960275,0.006080784,8.5149495e-08,1.6447157e-06,0.0,True
1995-04-17,56.42,13.5,6.585715,10.542857,2.4142857,80.700005,1.4,1.3142859,1.4571428,9.5,8.057143,0.00039830804,0.006155066,1.6501972e-05,0.00014117733,0.00022597611,True
1995-04-24,56.42,11.5,11.099999,16.885715,5.085714,71.35715,2.6571426,2.3999999,2.8714287,9.942857,11.614285,0.001219824,0.00636705,4.9653507e-05,0.0004185401,0.00033029914,True
1995-05-01,56.32,1.4000001,11.042857,16.028572,5.9857144,69.15714,2.3285713,1.8714286,2.7,8.9,13.742857,2.3752451e-05,0.0066201165,-7.345365000000001e-25,5.5879354e-09,0.0,True
1995-05-08,56.27,7.7,14.142858,20.671429,6.442857,61.17143,3.4714286,2.5285714,3.5285716,7.8428574,17.2,2.4557114e-05,0.00640586,-7.345365000000001e-25,3.7252903e-09,0.0,True
1995-05-15,56.29,5.8,8.671429,12.728571,5.1,74.75714,1.9428569,1.542857,2.2,7.357143,11.414286,8.262694e-05,0.006095685,-7.345365000000001e-25,0.0,0.0,True
1995-05-22,56.24,5.4,10.0,15.142858,4.6,69.77143,2.3,1.8285714,2.7142856,7.3428574,13.542857,8.264184e-05,0.005754113,-7.345365000000001e-25,0.0,0.0,True
1995-05-29,56.22,4.1,17.385715,23.185715,10.557143,67.814285,3.5285716,2.4,3.6285713,6.8142858,19.37143,0.00011205673,0.0053218603,-7.345365000000001e-25,1.1175871e-08,0.0,True
1995-06-05,56.29,34.1,13.185715,16.685715,10.042857,85.07143,1.7857143,1.6142856,2.1714284,8.014286,16.171429,0.0009531379,0.0049545616,-7.345365000000001e-25,0.0,0.0,True
1995-06-12,56.28,10.200001,12.942858,17.828571,7.6714287,74.614296,2.2999997,2.0285716,3.0,8.3,16.12857,0.0001271069,0.004641548,-7.345365000000001e-25,0.0,0.0,True
1995-06-19,56.22,7.8,13.442858,17.9,9.514285,79.299995,2.2999997,2.0571427,2.642857,8.271428,15.742857,0.00011584163,0.0043602213,-7.345365000000001e-25,1.1175871e-08,0.0,True
1995-06-26,56.13,15.0,17.157145,22.2,11.028572,73.35714,3.2999997,2.7285714,3.6571429,7.7285714,19.1,6.905198e-05,0.004079871,-7.345365000000001e-25,7.450581e-09,0.0,True
1995-07-03,56.02,7.7,18.957144,25.185715,11.971429,65.61429,4.171428,2.7285717,4.6,6.571429,22.77143,0.00012129545,0.0037339032,-7.345365000000001e-25,7.450581e-09,0.0,True
1995-07-10,55.97,0.0,20.800001,26.685715,14.042857,63.17143,4.1,2.142857,4.857143,5.9857144,23.114286,3.2931566e-06,0.0034099743,-7.345365000000001e-25,1.1175871e-08,0.0,True
1995-07-17,56.07,56.6,21.27143,27.642859,15.814286,75.971436,3.6857145,1.9428571,4.2285714,5.7,24.671429,0.00014567375,0.0030859709,-7.345365000000001e-25,1.1175871e-08,0.0,True
1995-07-24,56.05,3.8,20.571428,26.585714,14.414286,68.51429,3.642857,2.2571428,3.9857142,5.6285715,23.157143,3.736466e-05,0.002825193,-7.345365000000001e-25,1.1175871e-08,0.0,True
1995-07-31,55.96,2.0,22.057144,28.300001,14.157143,57.642857,4.285714,1.5,4.8285713,5.214286,24.085714,2.8714538e-05,0.002555579,-7.345365000000001e-25,1.1175871e-08,0.0,True
1995-08-07,55.85,0.0,21.614286,28.514286,13.885715,54.67143,4.2714286,0.6999999,4.8714285,4.9,24.671429,1.1920929e-06,0.0022876188,-7.345365000000001e-25,9.313226e-09,0.0,True
1995-08-14,55.78,0.0,20.514286,27.828571,11.571428,50.114285,3.9714284,0.61428577,4.3714285,4.6714287,23.528572,5.9604645e-06,0.0020414367,-7.345365000000001e-25,7.450581e-09,0.0,True
1995-08-21,55.77,0.1,21.27143,28.285715,13.271429,60.92857,3.1571429,0.5857143,3.457143,4.6571426,23.028572,6.2584877e-06,0.0018415004,-7.345365000000001e-25,1.1175871e-08,0.0,True
1995-08-28,55.76,15.8,18.042858,24.17143,13.8,72.47143,2.5714288,1.2714285,2.857143,4.9714284,20.257143,8.536875e-05,0.0016637743,-7.345365000000001e-25,1.1175871e-08,0.0,True
1995-09-04,55.78,13.9,12.514287,16.914286,9.114286,79.8,1.6285714,1.3142856,1.8571428,5.714286,14.542857,9.2580914e-05,0.0015424192,-7.345365000000001e-25,1.1175871e-08,0.0,True
1995-09-11,55.81,12.9,15.928572,21.27143,11.228571,74.28571,1.9999999,1.7,2.3285713,6.1857142,16.77143,5.1289797e-05,0.0014365315,-7.345365000000001e-25,7.450581e-09,0.0,True
1995-09-18,55.86,1.2,15.328572,21.242859,10.3,73.41429,1.5142858,1.2,1.9714286,6.242857,16.985714,0.00011482835,0.001341179,-7.345365000000001e-25,7.450581e-09,0.0,True
1995-09-25,55.89,24.4,13.314285,17.242857,10.057143,82.057144,1.0428572,0.90000004,1.4,7.0285716,14.457143,0.0001438111,0.0012606159,-7.345365000000001e-25,7.450581e-09,0.0,True
1995-10-02,55.99,30.4,9.285714,13.428572,6.514286,82.471436,1.0428572,1.0285714,1.1714286,8.328571,10.1285715,0.00022733212,0.0011964515,-7.345365000000001e-25,5.5879354e-09,0.0,True
1995-10-09,55.99,3.0,16.157145,22.128572,11.271429,79.200005,1.1714286,1.0285714,1.4,8.485714,15.742857,3.938377e-05,0.0011395738,-7.345365000000001e-25,5.5879354e-09,0.0,True
1995-10-16,56.02,0.1,14.842857,18.785715,11.67143,85.814285,0.5857143,0.45714286,0.81428576,8.242857,15.428572,1.49309635e-05,0.0010885522,-7.345365000000001e-25,3.7252903e-09,0.0,True
1995-10-23,56.03,1.4,9.528571,14.742858,5.3857145,79.90001,0.72857136,0.62857145,0.8428572,8.157143,10.485714,6.0349703e-06,0.0010463148,-7.345365000000001e-25,5.5879354e-09,0.0,True
1995-10-30,56.06,3.4,9.842857,15.442858,5.042857,84.01429,0.5857143,0.4857143,0.64285713,8.057143,9.828571,1.5571713e-05,0.0010068342,-7.345365000000001e-25,7.450581e-09,0.0,True
1995-11-06,56.09,16.4,3.8142858,6.957143,0.41428572,81.51429,0.5714286,0.55714285,0.5714286,8.5,4.385714,0.00015567988,0.0009733215,0.00050824595,0.00049648806,0.0013420917,True
1995-11-13,56.09,8.9,5.9,7.857143,3.5285716,89.42857,0.3,0.27142859,0.40000004,9.042857,5.1,5.9515238e-05,0.00094456226,0.00015521617,0.00075190887,0.0,True
1995-11-20,56.17,19.0,4.257143,7.828572,0.9428572,82.21429,0.44285712,0.40000004,0.45714286,9.214286,3.7285714,0.00015291572,0.00091888756,9.315355e-05,0.00016563386,0.00054086,True
1995-11-27,56.22,0.0,2.7142856,6.457143,-0.8857144,84.471436,0.21428573,0.17142858,0.22857143,9.528571,1.4571428,5.5730343e-06,0.0008967072,0.0001683519,0.00035503693,0.0,True
1995-12-04,56.22,0.4,-1.0571429,0.18571427,-1.9714286,88.01429,0.014285714,0.014285714,0.35714287,9.571428,-0.24285714,5.558133e-06,0.0008781627,0.0003815492,3.575906e-05,0.0008363798,True
1995-12-11,56.2,1.3,-2.0285716,-1.1,-4.0142856,88.02857,0.028571429,0.014285714,0.3,9.614285,-1.5428572,1.26212835e-05,0.00086208433,0.0015170517,0.00066115335,0.0013278946,True
1995-12-18,56.2,1.1,-1.6285715,-0.21428573,-2.8714287,90.17143,0.028571429,0.028571429,0.27142859,9.6,-1.4,1.5027821e-05,0.00084769726,0.0020447175,0.00022481382,0.0021411702,True
1995-12-25,56.28,18.7,0.27142859,3.1857142,-2.914286,90.057144,0.11428572,0.10000001,0.22857143,10.085714,-0.7285714,0.00030107796,0.0008345172,0.0027513618,0.004756596,0.003729567,True
1996-01-01,56.27,1.5,-7.157143,-4.0,-9.571428,83.65715,0.016666668,0.016666668,0.14285715,10.3,-2.9333334,3.427267e-07,0.0008240938,0.0033878032,0.0,0.002245631,True
1996-01-08,56.23,0.2,-3.3428571,-1.2285715,-6.057143,87.6,0.028571429,0.028571429,0.22857143,10.242857,-3.0428572,1.8052757e-05,0.0008166954,0.0041039274,0.0010315366,0.00033091754,True
1996-01-15,56.23,0.0,0.4857143,3.2714288,-1.5714285,91.77143,0.1,0.1,0.1,10.142858,-0.31428573,2.7604401e-05,0.0008106008,0.0020754337,0.0019079875,2.5995076e-05,True
1996-01-22,56.21,0.0,-3.6000001,-1.7857143,-4.7571425,88.58572,0.0,0.0,0.3,10.1,-2.8285713,3.3676624e-06,0.00080548227,0.0015762363,0.00015882775,0.0006685443,True
1996-01-29,56.17,0.5,-8.5,-5.5,-11.5,71.72857,0.0,0.0,0.44285712,10.071428,-6.5857143,7.4505806e-08,0.0008010566,0.0048677865,0.0,0.008406222,True
1996-02-05,56.09,2.0,-5.6857147,-2.0142858,-9.585714,83.700005,0.0,0.0,0.25714287,10.057143,-3.5,2.168119e-06,0.0007968992,0.009827858,0.00013037212,0.0031870566,True
1996-02-12,56.06,5.8,-6.7000003,-3.2714288,-11.1,73.64286,0.15714286,0.12857142,0.45714286,10.1,-3.8857143,0.000119268894,0.00079301745,0.010343977,0.003861308,0.002652809,True
1996-02-19,56.39,19.0,1.3571428,3.0285716,-0.2,85.94286,0.40000004,0.40000004,0.5142857,10.442857,0.028571429,0.00046533346,0.0007894039,0.008346943,0.013018245,0.008685783,True
1996-02-26,56.33,7.2999997,-1.8714286,2.0714285,-5.8857145,78.6,0.3857143,0.3857143,0.6571428,10.485714,0.12857144,0.00015087426,0.00079093874,0.009158674,0.00725876,0.007503424,True
1996-03-04,56.34,0.4,0.5285714,3.9857144,-2.0285716,76.5,0.54285717,0.4857143,0.7714286,9.928572,0.42857143,5.4329634e-05,0.0008033961,0.0019847837,0.0025538467,0.0008645691,True
1996-03-11,56.32,1.1,0.3285714,3.3,-2.142857,72.04286,0.7571429,0.65714294,1.1428572,9.657143,0.37142858,4.991889e-05,0.00082521886,0.0013891062,0.0012645461,0.0018146373,True
1996-03-18,56.32,0.2,0.071428604,1.9,-1.8000001,76.85714,0.40000004,0.3,0.9714285,9.485714,0.028571429,2.1114945e-05,0.0008495599,0.0014702593,0.0012458414,0.00064910203,True
1996-03-25,56.37,6.0,3.057143,6.571429,-0.81428576,87.457146,0.7428571,0.64285713,0.81428576,9.271428,2.8714285,0.00010420382,0.0008697584,0.00017268884,0.0006139241,5.9232116e-07,True
1996-04-01,56.41,4.7999997,0.8714286,5.1857142,-1.7142859,75.61428,1.0714285,0.94285715,1.1999999,9.114285,2.5714285,9.556115e-05,0.00088442117,0.0009549175,0.0016900785,0.004396692,True
1996-04-08,56.37,0.0,4.9000006,10.257143,-0.5571429,71.61428,1.3285713,1.042857,1.6285715,8.714286,5.3714285,4.7668815e-05,0.0008952394,0.000885515,0.0026403572,0.00040093064,True
1996-04-15,56.33,6.6,5.285714,10.1,0.17142865,67.77143,1.4142857,1.1285714,1.6,8.385715,6.7,0.000101432204,0.0009004101,0.00012908096,0.0005537998,0.00063468516,True
1996-04-22,56.28,0.0,15.085715,22.985716,5.1285715,46.57143,3.957143,2.7285714,3.6571429,7.4,14.457143,8.493662e-07,0.00089262426,7.28312e-06,5.8004633e-05,0.0,True
1996-04-29,56.27,15.4,12.985715,18.47143,8.2,67.442856,2.5857143,1.9571428,2.7714286,7.0,14.757143,0.00014901906,0.0008713454,-7.345365000000001e-25,0.0,0.0,True
1996-05-06,56.25,8.6,9.614286,14.142858,4.3714285,71.35714,1.942857,1.4428571,2.1857142,6.6857142,12.157143,5.143881e-05,0.00085600466,-7.345365000000001e-25,3.7252903e-09,0.0,True
1996-05-13,56.28,16.5,8.314286,10.585715,6.0285716,83.17143,1.1999999,0.9,1.4,6.6857142,9.842857,0.00014308095,0.00084068626,-7.345365000000001e-25,0.0,0.0,True
1996-05-20,56.31,10.9,12.714286,17.4,8.485715,74.01429,2.2142856,1.8285714,2.8,6.785714,14.285714,0.00024609268,0.00082594156,-7.345365000000001e-25,3.7252903e-09,0.0,True
1996-05-27,56.3,18.2,12.842857,17.757143,8.842857,80.4,2.4285715,2.2571428,2.457143,7.4428573,14.814285,0.00054525584,0.00080630183,-7.345365000000001e-25,1.1175871e-08,0.0,True
1996-06-03,56.21,4.1000004,14.714287,18.942858,9.742857,75.457146,2.5142858,2.0857143,2.9142857,7.428571,16.37143,0.00010871887,0.00079101324,-7.345365000000001e-25,0.0,0.0,True
1996-06-10,56.09,1.0,21.171429,27.257143,12.971429,68.14286,4.142857,3.1000001,4.6857142,6.857143,23.085714,3.3274293e-05,0.0007729009,-7.345365000000001e-25,7.450581e-09,0.0,True
1996-06-17,56.0,3.6,16.34286,22.114286,9.400001,64.04286,3.6714284,2.1857145,4.2714286,5.785714,20.714285,1.1950731e-05,0.0007444769,-7.345365000000001e-25,7.450581e-09,0.0,True
1996-06-24,55.97,3.1,12.6285715,16.37143,9.457144,72.200005,2.1571429,0.95714283,2.7,5.2,15.7,4.6521425e-05,0.0007182956,-7.345365000000001e-25,3.7252903e-09,0.0,True
1996-07-01,55.94,6.2,14.442858,19.385715,9.414286,74.41429,2.2999997,1.1142857,2.7714286,5.1285715,16.457144,0.00016795099,0.00069703907,-7.345365000000001e-25,7.450581e-09,0.0,True
1996-07-08,56.01,22.5,15.142858,19.37143,10.728572,76.74286,2.6571426,2.142857,2.9285715,5.8714285,16.914286,0.0003232509,0.00067798793,-7.345365000000001e-25,7.450581e-09,0.0,True
1996-07-15,55.97,1.8000001,16.571428,20.87143,12.828572,77.457146,2.614286,2.1000001,3.1000001,6.4,18.328571,2.4482608e-05,0.0006594062,-7.345365000000001e-25,1.4901161e-08,0.0,True
1996-07-22,55.92,2.2,15.571428,21.5,8.642858,63.11429,3.3285713,1.9142857,3.8285713,5.642857,19.057142,6.9737434e-06,0.0006379038,-7.345365000000001e-25,0.0,0.0,True
1996-07-29,55.9,17.6,18.128572,23.314287,12.685715,73.185715,2.9142857,1.9285715,3.3142855,5.614286,20.428572,0.00016784668,0.00061251223,-7.345365000000001e-25,7.450581e-09,0.0,True
1996-08-05,55.84,5.4,17.9,23.585714,11.942857,69.34286,2.9428573,1.8,3.6000001,5.242857,20.757143,4.144013e-05,0.0005913973,-7.345365000000001e-25,9.313226e-09,0.0,True
1996-08-12,55.83,19.9,19.114286,24.828571,13.828572,71.88572,3.1,1.8571428,3.5714285,5.071429,21.385714,0.0003605038,0.0005686283,-7.345365000000001e-25,1.1175871e-08,0.0,True
1996-08-19,55.86,15.4,17.9,22.800001,13.800001,82.1,2.2285714,1.6857141,2.5857143,5.742857,20.0,0.0003271103,0.00055259466,-7.345365000000001e-25,1.8626451e-09,0.0,True
1996-08-26,55.78,10.8,19.857143,26.742857,13.571428,66.97143,3.1142857,1.9,3.5,5.042857,21.814285,8.4728e-05,0.0005350709,-7.345365000000001e-25,3.7252903e-09,0.0,True
1996-09-02,55.8,17.1,14.671428,19.600002,10.485715,78.9,1.7142857,1.3142856,2.142857,5.7714286,16.828571,0.0010306984,0.00052170455,-7.345365000000001e-25,3.7252903e-09,0.0,True
1996-09-09,55.8,2.9,12.357142,18.728573,6.7000003,70.5,1.8285714,1.3285714,2.2142856,5.5571427,15.257143,3.221631e-05,0.0005103424,-7.345365000000001e-25,3.7252903e-09,0.0,True
1996-09-16,55.85,19.6,11.2,15.871429,8.014286,82.057144,1.3,1.0571429,1.5285714,5.714286,12.8,0.00017020106,0.0005014241,-7.345365000000001e-25,7.450581e-09,0.0,True
1996-09-23,55.87,5.4,9.785714,14.1,5.8142858,77.65715,1.1,0.82857144,1.6428572,5.7285714,10.957143,7.314235e-05,0.0004939139,-7.345365000000001e-25,5.5879354e-09,0.0,True
1996-09-30,55.93,10.2,12.114286,15.7,9.171428,83.94286,0.8000001,0.6857143,1.1,5.8428574,11.928572,0.00015726686,0.0004884377,-7.345365000000001e-25,9.313226e-09,0.0,True
1996-10-07,56.03,23.8,9.114286,15.042857,5.285714,83.85714,0.7714286,0.7,0.95714283,6.885714,10.657143,0.0008198917,0.00048530847,-7.345365000000001e-25,3.7252903e-09,0.0,True
1996-10-14,56.07,1.2,10.242858,15.557143,5.5,84.542854,0.5714286,0.45714283,0.78571427,6.7714286,10.514286,9.074807e-06,0.00048550963,-7.345365000000001e-25,0.0,0.0,True
1996-10-21,56.09,21.9,9.957144,13.5,6.6714287,88.557144,0.48571426,0.44285712,0.6,7.6857142,10.1,0.00042690337,0.00048732758,-7.345365000000001e-25,3.7252903e-09,0.0,True
1996-10-28,56.12,12.2,8.685715,12.557143,4.7428575,83.52857,0.5714286,0.54285717,0.7,8.414286,8.142858,0.00019749999,0.0004942864,-7.345365000000001e-25,7.450581e-09,0.0,True
1996-11-04,56.14,14.0,10.885715,13.057143,8.942858,81.97143,0.88571435,0.8714286,1.0285714,8.985714,9.542857,0.00017046928,0.00051077455,-7.345365000000001e-25,1.3038516e-08,0.0,True
1996-11-11,56.15,9.6,7.585715,10.657144,4.8428574,82.14286,0.6571428,0.64285713,0.85714287,9.285714,6.742857,0.00018696487,0.0005377382,-7.345365000000001e-25,3.7252903e-09,0.0,True
1996-11-18,56.16,20.1,4.3857145,6.142857,2.7857144,90.5,0.17142858,0.17142858,0.3285714,9.685715,4.1714287,0.00021080673,0.00057237595,1.7881393e-06,8.288771e-07,0.0002658777,True
1996-11-25,56.28,17.4,2.6000001,5.0142856,0.7285715,81.67143,0.45714286,0.44285712,0.4857143,10.157143,2.1,0.00041969866,0.0006233081,0.0033144895,0.009156,0.016250812,True
1996-12-02,56.42,22.8,1.3428571,2.457143,-0.4714286,91.01429,0.24285714,0.21428572,0.27142859,10.342857,0.8857143,0.0006379336,0.00071528554,0.01126798,0.017900325,0.013724353,True
1996-12-09,56.35,1.4,2.2571428,4.642857,0.90000004,87.700005,0.20000002,0.20000002,0.31428573,10.257143,1.8428571,0.00019352138,0.00088879466,0.0006848176,0.002944434,8.862466e-06,True
1996-12-16,56.3,3.2,0.4857143,2.0428572,-1.3428572,90.02857,0.10000001,0.10000001,0.2857143,10.171429,-0.15714286,5.2690506e-05,0.001129657,0.00062811375,0.0008623041,0.0011624359,True
1996-12-23,56.26,6.7999997,-2.7571428,0.14285718,-5.3857145,85.61428,0.057142857,0.057142857,0.24285714,10.3714285,-0.94285715,0.00011743605,0.0013186336,0.003653248,0.0005254857,0.0057678074,True
1996-12-30,56.12,4.0,-8.814286,-4.6142855,-12.928572,84.12858,0.0,0.0,0.028571429,10.242857,-4.6857142,1.7136335e-07,0.0014766902,0.0056912275,0.0,0.002711188,True
1997-01-06,56.08,1.9,-11.457144,-8.342857,-15.471429,84.78571,0.0,0.0,0.15714286,10.3,-3.6,1.6391277e-07,0.0016068742,0.008103802,0.0,0.0015370399,True
1997-01-13,56.08,0.3,-3.9,-2.3142858,-6.4000006,87.91429,0.028571429,0.028571429,0.22857143,10.214286,-1.7571429,6.488711e-05,0.0017063245,0.008949377,0.0030288175,0.001146026,True
1997-01-20,56.11,5.0,0.9142858,5.014286,-2.2857144,83.91429,0.22857144,0.18571429,0.15714286,10.1285715,-1.0857143,0.00024266541,0.0017789602,0.0044257813,0.0047193356,0.00014543906,True
1997-01-27,56.21,9.2,1.1999999,3.5857143,-0.88571435,89.01429,0.22857143,0.21428573,0.22857143,10.1285715,-0.028571429,0.00015890598,0.0018453822,0.0016129471,0.0019086488,0.0022489168,True
1997-02-03,56.29,0.0,0.81428576,3.142857,-1.7714285,87.51429,0.2857143,0.27142856,0.25714284,10.042857,-0.17142858,6.92755e-05,0.0019433126,0.0008557297,0.002102673,0.00029724836,True
1997-02-10,56.3,0.6,5.2428575,8.214286,1.8285714,76.814285,0.7285715,0.6714286,0.78571427,9.928572,1.1714286,9.380281e-05,0.0020525083,0.00020599933,0.0007130783,0.00016342849,True
1997-02-17,56.44,19.800001,3.9428573,7.1714287,1.5714285,80.14286,0.8428572,0.8142857,0.8428572,10.2,2.5714285,0.0004735142,0.002169177,0.00010536398,0.00051830895,0.00065660477,True
1997-02-24,56.48,17.0,7.5142856,10.585715,4.3428574,75.8,1.2428572,1.2142857,1.2142857,10.328571,5.042857,0.00043585896,0.0024083108,2.5096393e-05,0.00018411502,3.6720186e-05,True
1997-03-03,56.55,26.8,8.028571,12.171428,5.1714287,71.37144,1.7285715,1.6571428,1.5428572,10.5,7.0,0.0011937618,0.0028223693,-7.345365000000001e-25,1.8626451e-08,0.0,True
1997-03-10,56.39,0.0,7.014286,13.514287,1.5,77.07143,1.1,0.88571423,1.0714285,9.614285,7.3,2.7790666e-06,0.0033390075,-7.345365000000001e-25,0.0,0.0,True
1997-03-17,56.36,6.6,5.285714,8.314286,3.3285716,89.64286,0.6571428,0.5714286,0.7714286,9.4,6.4857144,0.00013654679,0.0036085993,0.0005871852,0.000769997,0.004626088,True
1997-03-24,56.39,12.9,2.0857143,5.0,-0.90000004,83.38572,0.7714286,0.7571429,0.8428572,9.957143,3.1,0.0004599318,0.0037445277,0.0020060823,0.0054848604,0.0031424947,True
1997-03-31,56.38,7.9,7.1714287,11.371429,3.2285717,72.72857,1.8428571,1.7285713,1.7857143,9.814285,6.928571,0.00021267682,0.0039243177,0.00023704483,0.0012859423,4.5202672e-05,True
1997-04-07,56.37,14.599999,5.6285715,11.557143,1.0571429,73.65714,1.7714285,1.6428572,1.6857144,9.614285,7.242857,0.00025323033,0.0040634573,0.00022201311,0.0018056482,0.0020050853,True
1997-04-14,56.27,1.2,6.857143,11.585715,1.8714286,64.35714,1.9428571,1.6714286,2.0428572,9.228572,7.928571,4.0128827e-05,0.0041094646,4.435153e-05,0.00022806413,0.0,True
1997-04-21,56.22,0.2,4.871429,10.528572,0.04285717,62.12857,2.1142857,1.6571429,2.3,8.471429,7.8428574,2.3022294e-05,0.0040684715,5.0578797e-06,2.9020011e-05,3.425777e-05,True
1997-04-28,56.23,4.3,9.442857,14.228572,4.0857143,67.27143,2.2571428,1.7142857,2.5285716,7.785714,10.2,7.967651e-05,0.0039677247,6.9822585e-07,4.4927e-06,3.054738e-07,True
1997-05-05,56.33,23.3,12.2,16.7,7.957143,81.37144,2.2285714,1.8571428,2.1857142,7.5857143,13.742857,0.0016053915,0.0038548857,-7.345365000000001e-25,0.0,0.0,True
1997-05-12,56.31,14.6,10.928572,16.557142,5.571429,70.22858,2.6285713,2.3,2.8428571,7.9,12.928572,0.00021570176,0.0037208274,-7.345365000000001e-25,3.7252903e-09,0.0,True
1997-05-19,56.27,11.5,18.585714,24.5,12.457143,71.87143,3.4714286,2.6285713,3.9,7.1571426,20.242857,0.0001507923,0.0035594925,-7.345365000000001e-25,1.1175871e-08,0.0,True
1997-05-26,56.37,11.3,11.228571,15.800001,7.142857,77.78571,2.2571428,1.9285715,2.4428573,7.757143,15.342857,0.0012601465,0.0034057796,-7.345365000000001e-25,0.0,0.0,True
1997-06-02,56.3,4.6,12.028572,16.442858,6.5285716,64.557144,3.0285716,2.2428572,3.357143,7.3,14.857142,8.7454915e-05,0.0032556206,-7.345365000000001e-25,3.7252903e-09,0.0,True
1997-06-09,56.16,8.0,19.042858,24.7,10.900001,54.057148,4.8142853,2.2142856,5.214286,6.242857,20.957144,2.913177e-06,0.0030523315,-7.345365000000001e-25,7.450581e-09,0.0,True
1997-06-16,56.11,2.6,18.114286,23.47143,12.471429,66.62858,3.6285713,1.5428572,4.1285715,5.742857,20.985714,6.2048435e-05,0.0028168932,-7.345365000000001e-25,0.0,0.0,True
1997-06-23,55.99,20.4,14.571428,19.728573,8.8,70.314285,2.8857143,1.8000001,3.2571428,5.7285714,17.5,0.00013622642,0.002626717,-7.345365000000001e-25,7.450581e-09,0.0,True
1997-06-30,56.03,12.1,16.928572,22.514286,11.242858,75.6,3.2,2.4142857,3.4142857,5.8714285,18.742857,0.00011108816,0.0024607405,-7.345365000000001e-25,1.1175871e-08,0.0,True
1997-07-07,56.01,6.8,17.685715,22.442858,11.957144,72.5,3.2142856,2.1571429,3.6285713,5.9142857,20.671429,7.2300434e-05,0.002288483,-7.345365000000001e-25,1.1175871e-08,0.0,True
1997-07-14,55.96,0.0,19.985716,26.157145,12.757143,58.4,3.9857144,1.5142858,4.7999997,5.242857,22.928572,3.516674e-06,0.0021139309,-7.345365000000001e-25,3.7252903e-09,0.0,True
1997-07-21,56.04,65.4,17.671429,21.814285,14.17143,85.01429,2.1571429,1.8000001,2.3857143,6.5285716,19.87143,0.0013516098,0.001959674,-7.345365000000001e-25,1.4901161e-08,0.0,True
1997-07-28,56.08,7.0999994,18.685715,24.042858,14.485715,76.6,2.9571426,2.7,3.3,8.214286,21.457144,0.0002959445,0.0018547624,-7.345365000000001e-25,1.1175871e-08,0.0,True
1997-08-04,56.05,23.0,18.585714,24.27143,13.514287,76.57143,2.6714284,2.357143,3.1714284,8.142858,21.057142,0.00016792119,0.001767151,-7.345365000000001e-25,7.450581e-09,0.0,True
1997-08-11,55.99,0.0,21.942858,28.571428,14.157144,61.54286,3.9285715,2.8285713,4.4428573,7.4,23.857143,3.4436584e-05,0.0016855374,-7.345365000000001e-25,1.1175871e-08,0.0,True
1997-08-18,55.93,0.1,21.9,29.042858,14.985715,61.92857,3.6000001,1.9428571,4.0,6.257143,24.22857,7.688999e-06,0.0015863925,-7.345365000000001e-25,1.3038516e-08,0.0,True
1997-08-25,55.86,0.1,23.17143,30.028574,16.457144,63.057148,3.157143,1.1857144,3.642857,5.757143,24.157143,3.6515296e-05,0.0014926493,-7.345365000000001e-25,7.450581e-09,0.0,True
1997-09-01,55.83,22.3,20.02857,26.085714,15.371429,73.37144,2.4571426,1.7571429,2.9428573,6.3428574,21.8,0.00033688545,0.0014126971,-7.345365000000001e-25,1.3038516e-08,0.0,True
1997-09-08,55.84,5.9,17.585714,22.47143,14.214286,78.6,1.6857141,1.3142856,2.142857,6.1571426,19.7,6.29127e-05,0.001345545,-7.345365000000001e-25,1.3038516e-08,0.0,True
1997-09-15,55.79,2.1,13.742857,19.242857,9.5,69.28571,1.9857143,1.4428571,2.5142858,5.8285713,15.214286,4.055351e-05,0.001286976,-7.345365000000001e-25,7.450581e-09,0.0,True
1997-09-22,55.78,0.0,12.1285715,19.5,6.2714286,70.1,1.6,0.8,2.0,5.428571,14.771428,5.2303076e-06,0.0012279302,-7.345365000000001e-25,3.7252903e-09,0.0,True
1997-09-29,55.77,4.0,11.785714,19.714285,5.0285716,76.314285,1.2857143,0.3857143,1.5,5.2,14.185715,3.5464764e-06,0.0011747405,-7.345365000000001e-25,3.7252903e-09,0.0,True
1997-10-06,55.79,5.4,12.871429,16.757143,9.528571,79.700005,1.0857142,0.61428577,1.4857142,5.0571427,13.328571,3.8534403e-05,0.0011271611,-7.345365000000001e-25,8.381903e-09,0.0,True
1997-10-13,55.86,26.400002,12.914286,16.942858,10.085715,79.07143,1.3142856,1.0857142,1.4714286,5.7714286,12.671429,0.0001489371,0.0010859147,-7.345365000000001e-25,1.4901161e-08,0.0,True
1997-10-20,55.94,3.1,8.1,13.957144,3.5142858,79.58572,0.71428573,0.5857143,0.8,6.3428574,8.785714,3.1895936e-05,0.0010503978,-7.345365000000001e-25,1.8626451e-09,0.0,True
1997-10-27,55.94,5.3999996,2.957143,8.014286,-0.71428573,79.328575,0.5428571,0.47142857,0.5857143,6.2714286,4.4428573,2.796948e-05,0.0010161102,-7.345365000000001e-25,9.49949e-08,2.2724271e-07,True
1997-11-03,55.96,0.1,2.1,6.4000006,-1.8714286,80.27143,0.35714287,0.24285714,0.4857143,6.2714286,2.5857143,3.7103891e-06,0.0009866729,2.599898e-06,9.570271e-06,1.2762845e-05,True
1997-11-10,56.03,11.1,7.457143,11.2,3.9,79.64286,0.59999996,0.54285717,0.8142857,6.542857,5.3142858,0.00020672381,0.00095992535,9.3096776e-07,3.470108e-06,0.0,True
1997-11-17,56.14,34.7,4.8142858,7.914286,1.7285715,90.08572,0.2714286,0.24285717,0.34285715,7.3428574,5.071429,0.0004104823,0.00093669444,-7.345365000000001e-25,0.0,0.0,True
1997-11-24,56.13,0.0,0.11428572,2.0285716,-1.4714286,86.51429,0.18571429,0.17142858,0.45714286,7.742857,0.78571427,5.1259995e-06,0.00091964006,0.0001840194,9.00235e-05,0.0007116683,True
1997-12-01,56.13,4.7,2.6571429,4.5142856,0.94285715,90.957146,0.18571427,0.15714286,0.29999998,7.7714286,1.8714286,5.5976212e-05,0.000907287,0.00035658904,0.0005617272,5.6669116e-05,True
1997-12-08,56.17,7.0,1.4714286,2.857143,-0.81428576,87.6,0.12857142,0.12857142,0.37142855,8.357142,0.5285714,0.00013933331,0.0008973107,0.0019225109,0.0041484144,0.0049253777,True
1997-12-15,56.27,21.8,5.5142856,7.928572,3.5857143,86.0,0.37142855,0.35714287,0.5857143,9.357142,4.3,0.0003067553,0.0008897558,0.00013685794,0.0009698197,0.00010893494,True
1997-12-22,56.26,19.7,-3.4428573,-1.057143,-5.8,84.942856,0.028571429,0.028571429,0.3857143,9.757143,-1.7571429,0.00022438169,0.0008889809,0.0003612382,0.000101819634,0.0016653538,True
1997-12-29,56.36,13.8,5.1714287,7.142857,2.857143,87.5,0.44285718,0.44285718,0.59999996,9.985714,2.1857142,0.0003142506,0.0008995831,0.00044877757,0.001850266,0.00020870566,True
1998-01-05,56.43,22.8,6.4714284,8.6285715,3.6857145,79.07143,0.3,0.3,0.7428571,10.0,2.4,0.00034858286,0.0009351969,2.6333899e-05,0.00011803396,0.0,True
1998-01-12,56.49,18.1,7.085715,10.414286,4.071429,81.0,0.65714294,0.65714294,0.5428571,10.6,5.0,0.0004492998,0.0010256618,-7.345365000000001e-25,9.313226e-08,0.0,True
1998-01-19,56.41,12.1,5.7000003,8.285714,3.1571429,79.1,0.64285713,0.6285714,0.64285713,10.1,3.8714285,0.00013387203,0.0012097806,-7.345365000000001e-25,0.0,0.0,True
1998-01-26,56.39,8.4,-0.8000001,1.1571429,-2.1000001,87.58572,0.18571429,0.18571429,0.3857143,10.3,0.51428574,0.000100560486,0.0013846755,0.0020507914,0.0006527286,0.0046358183,True
1998-02-02,56.3,6.8,-2.8285716,0.20000003,-6.6,78.51429,0.057142857,0.057142857,0.40000004,10.3,-1.1428572,7.109344e-05,0.0015493557,0.0037698292,0.0016754288,0.0031493194,True
1998-02-09,56.32,2.0,2.857143,5.2285714,0.54285717,74.72858,0.5714286,0.5428571,0.78571427,10.142858,0.071428575,0.00012205541,0.0016921684,0.002946445,0.004898958,0.0009796247,True
1998-02-16,56.32,0.9,10.242857,12.828572,7.7428575,72.15714,1.0571429,0.9428572,1.4428571,9.8,6.6857142,4.374236e-05,0.0018090904,7.0157505e-05,0.00042629987,0.0,True
1998-02-23,56.29,0.1,7.0428576,11.257143,3.5857143,74.57143,1.0,0.84285724,0.9857143,9.385715,6.3714285,2.4594367e-05,0.0018997192,-7.345365000000001e-25,1.8626451e-09,0.0,True
1998-03-02,56.33,11.1,6.828572,9.342857,4.5285716,80.14286,0.95714295,0.88571423,1.1285714,9.228572,6.0285716,0.0001450926,0.0019618869,0.000112590336,0.0005200766,0.0008158274,True
1998-03-09,56.6,43.8,5.4428573,9.7,2.0,79.91429,1.3428572,1.3571427,1.1285714,10.342857,5.6,0.0007574111,0.002015829,0.00012583392,0.0009749513,0.0007663518,True
1998-03-16,56.47,2.9,4.0285716,7.1285715,1.0142858,78.34286,0.9142858,0.88571423,1.0857142,10.171429,4.0571427,0.0001346618,0.0022131652,0.00010005633,0.00030072965,0.0002142191,True
1998-03-23,56.34,4.0,4.4,8.014286,1.6714287,69.84286,1.2857143,1.1857144,1.4,9.814285,5.4,6.569922e-05,0.002434671,0.00013102803,0.00011614896,0.0010151267,True
1998-03-30,56.28,0.0,7.728572,13.085715,2.0714285,64.85714,1.7428572,1.4,1.9714286,9.242857,8.228572,3.257394e-05,0.0025768057,0.00024816536,0.00079681166,0.0,True
1998-04-06,56.31,23.3,10.585714,14.942858,7.1,79.957146,1.4857143,1.3571428,1.5142858,9.2,10.842857,0.00046224892,0.0026351959,-7.345365000000001e-25,3.3155084e-07,0.0,True
1998-04-13,56.39,17.5,6.8428574,10.7,3.5857143,79.65715,1.3999999,1.3428571,1.4571428,9.8714285,8.314285,0.00044429302,0.0027249977,-7.345365000000001e-25,0.0,0.0,True
1998-04-20,56.31,6.3999996,7.6,12.257143,1.8571428,64.700005,1.9714285,1.6714284,2.1285713,9.257143,9.057143,9.766221e-05,0.002894394,-7.345365000000001e-25,0.0,0.0,True
1998-04-27,56.3,10.7,12.857142,17.028572,8.157144,77.42857,2.1285713,1.8714285,2.2285714,8.971429,13.685715,0.00035652518,0.0029889345,-7.345365000000001e-25,3.7252903e-09,0.0,True
1998-05-04,56.31,9.1,12.8714285,17.414286,9.142858,80.12858,2.0714285,1.8285714,2.1571429,9.057143,15.085714,0.0003412962,0.0030469075,-7.345365000000001e-25,7.450581e-09,0.0,True
1998-05-11,56.24,0.5,15.914286,21.257143,9.342857,67.84286,3.0714285,2.4,3.2714286,8.571428,16.514286,5.2422285e-05,0.003097415,-7.345365000000001e-25,7.450581e-09,0.0,True
1998-05-18,56.14,0.4,15.357142,22.157145,7.142857,57.4,3.9142857,2.357143,4.342857,7.257143,19.028572,3.3676624e-06,0.0030188635,-7.345365000000001e-25,7.450581e-09,0.0,True
1998-05-25,56.08,8.3,12.257143,16.885715,7.571429,67.35714,2.4714284,1.2428571,2.9285715,6.457143,15.657143,3.954768e-05,0.00289727,-7.345365000000001e-25,0.0,0.0,True
1998-06-01,56.06,18.6,16.885714,22.585714,11.442857,76.971436,2.8285716,1.7142857,3.142857,6.4,19.1,0.00013116002,0.0027864575,-7.345365000000001e-25,3.7252903e-09,0.0,True
1998-06-08,56.06,12.0,18.185715,24.242859,12.1,70.71429,3.6857145,2.7428572,4.042857,6.6857142,20.87143,0.00010551512,0.0026440248,-7.345365000000001e-25,1.1175871e-08,0.0,True
1998-06-15,56.06,10.1,15.114286,20.485716,9.557143,71.21429,2.742857,2.1142857,3.0142858,6.885714,18.12857,0.00018653274,0.0024962947,-7.345365000000001e-25,7.450581e-09,0.0,True
1998-06-22,56.03,9.5,17.042858,22.042858,12.457144,75.542854,3.1714287,2.4142857,3.1857142,6.457143,19.5,0.00020565093,0.002362989,-7.345365000000001e-25,1.1175871e-08,0.0,True
1998-06-29,56.13,36.399998,17.47143,22.328571,13.257143,75.88572,3.2857146,2.7285714,3.3285716,6.6714287,20.528572,0.00025980175,0.0022364184,-7.345365000000001e-25,7.450581e-09,0.0,True
1998-07-06,56.14,14.9,14.771429,18.414288,12.014287,78.92857,2.357143,1.9285715,2.3428571,6.6714287,17.242857,0.00017760694,0.002124913,-7.345365000000001e-25,1.1175871e-08,0.0,True
1998-07-13,56.14,28.900002,14.542857,18.285715,11.057143,80.542854,2.3428571,2.1142857,2.357143,6.7714286,16.514286,0.0002823621,0.0020340905,-7.345365000000001e-25,1.4901161e-08,0.0,True
1998-07-20,56.11,11.4,17.114286,22.271427,11.142858,69.200005,3.357143,2.6000001,3.642857,6.857143,18.571428,8.544326e-05,0.0019498914,-7.345365000000001e-25,7.450581e-09,0.0,True
1998-07-27,56.13,26.1,19.814287,26.114286,13.942858,64.01429,3.6857145,2.4428573,3.8,6.0142856,22.614286,8.817017e-05,0.0018445477,-7.345365000000001e-25,1.1175871e-08,0.0,True
1998-08-03,56.09,13.5,17.042858,21.857143,13.357142,73.828575,2.614286,1.8714285,2.7714286,5.8428574,19.442858,0.00019977987,0.0017548352,-7.345365000000001e-25,9.313226e-09,0.0,True
1998-08-10,56.02,0.3,19.4,25.300001,13.042857,59.485714,3.5714285,1.557143,3.9142857,5.4428573,20.72857,1.3068318e-05,0.0016711503,-7.345365000000001e-25,1.1175871e-08,0.0,True
1998-08-17,55.95,0.0,20.557144,27.84286,13.585715,56.971428,3.6142852,0.9857144,4.0285716,4.9714284,22.171429,9.819865e-06,0.0015680268,-7.345365000000001e-25,9.313226e-09,0.0,True
1998-08-24,55.93,25.400002,15.257143,20.485716,11.085714,72.97143,2.5142858,1.1999999,2.6000001,5.0285716,17.971428,0.000655964,0.001480177,-7.345365000000001e-25,1.1175871e-08,0.0,True
1998-08-31,56.01,17.9,12.471429,16.557142,10.028572,83.0,1.4714286,1.3571427,1.8571428,6.5285716,14.1285715,0.00021925569,0.0014171153,-7.345365000000001e-25,5.5879354e-09,0.0,True
1998-09-07,56.06,16.8,15.971429,19.77143,12.114286,81.1,1.4142857,1.2142857,1.7285715,6.885714,16.72857,0.0003151521,0.0013626367,-7.345365000000001e-25,1.1175871e-08,0.0,True
1998-09-14,56.08,15.499999,14.742858,18.614286,11.814286,80.22857,1.4285713,1.2714285,1.8000001,7.428571,15.771428,0.00020836294,0.0013183877,-7.345365000000001e-25,7.450581e-09,0.0,True
1998-09-21,56.13,11.7,12.614286,16.642857,8.485715,82.457146,1.2,1.1571429,1.3285714,8.642858,13.257143,0.00018943846,0.0012869611,-7.345365000000001e-25,5.5879354e-09,0.0,True
1998-09-28,56.12,1.0,12.971429,18.285715,9.1,83.90001,0.9714286,0.8285714,1.3285714,8.528571,14.557143,3.5375357e-05,0.0012608692,-7.345365000000001e-25,1.8626451e-09,0.0,True
1998-10-05,56.11,6.2999997,7.8142858,10.114286,5.8857145,84.11428,0.59999996,0.54285717,1.0142857,8.828571,9.6285715,0.00017979741,0.0012392625,6.073997e-07,5.427748e-06,5.3420663e-06,True
1998-10-12,56.17,25.3,8.8,10.928572,6.7000003,85.9,0.75714284,0.71428573,0.82857144,9.614285,8.942857,0.00038618594,0.0012250468,-7.345365000000001e-25,1.2852252e-07,0.0,True
1998-10-19,56.17,8.0,10.0,14.471429,6.1714287,78.72857,0.94285715,0.92857134,1.1142857,9.6,9.857142,0.00010199845,0.0012181923,-7.345365000000001e-25,1.1175871e-08,0.0,True
1998-10-26,56.19,25.8,10.314286,13.271429,7.5285716,78.28571,1.0,0.9857143,1.1,9.857142,9.242857,0.001134485,0.0012171268,-7.345365000000001e-25,9.313226e-09,0.0,True
1998-11-02,56.61,111.4,7.014286,9.285714,5.157143,83.12858,0.94285715,0.94285715,0.87142855,11.314285,6.5285716,0.00517267,0.0050164014,-7.345365000000001e-25,3.7252903e-09,0.0,True
1998-11-09,56.62,17.2,5.914286,9.314286,2.6000001,83.200005,0.6,0.6,0.59999996,10.914286,5.071429,0.0015920401,0.0017727166,-7.345365000000001e-25,5.5879354e-09,0.0,True
1998-11-16,56.56,10.6,3.9857144,6.728572,1.9142858,90.1,0.25714287,0.25714287,0.32857147,10.685715,4.0857143,0.00024570525,0.0024628341,1.7694065e-05,1.4781952e-05,0.00031348318,True
1998-11-23,56.36,0.70000005,-3.614286,-1.1857144,-5.6285715,87.02857,0.08571429,0.08571429,0.22857143,10.314285,-0.42857143,3.0994415e-06,0.003163956,0.0012226219,2.028048e-05,0.0017499216,True
1998-11-30,56.34,2.5,0.22857144,1.4428571,-1.2,90.8,0.071428575,0.071428575,0.25714287,10.285714,-0.41428572,4.9687922e-05,0.0036104023,0.002217571,0.0013220422,0.0015822873,True
1998-12-07,56.31255669368077,7.6000004,-2.5571427,-1.1,-3.957143,82.97143,0.028571429,0.028571429,0.44285718,10.3,-1.1571429,5.811453e-07,0.0038543046,0.0039413543,1.5515834e-06,0.0055362023,True
1998-12-14,56.44,10.400001,-1.3142856,1.9857143,-5.557143,85.52857,0.21428573,0.21428573,0.25714284,10.414286,-0.24285714,0.0008158684,0.0039738268,0.0052142823,0.0072430726,0.0002353862,True
1998-12-21,56.5,11.6,5.1142855,8.042857,3.3857143,81.27143,0.41428575,0.41428575,0.44285712,10.671429,2.857143,0.00027811527,0.0041289404,2.4012157e-05,0.00021236204,0.00011024624,True
1998-12-28,56.44,6.3,4.8142858,6.5428576,2.1857142,80.042854,0.5428571,0.5428571,0.7571429,10.314285,2.4571428,0.00013685226,0.0044193044,0.0007707051,0.0018570684,0.001767993,True
1999-01-04,56.41,2.6999998,3.0,6.4,-0.071428575,85.685715,0.2,0.2,0.2857143,10.2,1.7666667,7.0013106e-05,0.004641488,6.1307634e-07,1.2852252e-06,0.0,True
1999-01-11,56.43,15.0,4.557143,7.371429,2.8857143,83.1,0.48571426,0.47142857,0.67142856,10.257143,3.8,0.0002091676,0.004782237,0.00040505614,0.00031106733,0.0027984492,True
1999-01-18,56.46,12.799999,4.0857143,6.2428575,1.6,81.25715,0.5,0.5,0.7571429,10.357142,2.0857143,0.00032169372,0.0049252734,0.0026576575,0.007596381,0.00513722,True
1999-01-25,56.4,5.7,6.142857,9.428572,2.0142858,81.814285,0.5,0.47142857,0.55714285,10.114285,3.7285714,4.9993396e-05,0.0051918104,1.116026e-05,5.4353848e-05,5.5879354e-07,True
1999-02-01,56.41,8.0,0.21428569,2.957143,-2.2571428,84.88572,0.25714287,0.25714287,0.42857143,10.342857,1.1142857,0.00030833483,0.005412452,0.0031280348,0.0040131863,0.008396421,True
1999-02-08,56.51,19.9,2.957143,4.785714,1.4714288,89.0,0.65714294,0.65714294,0.5428571,10.4,1.7571429,0.00030931085,0.005659595,0.0018460636,0.004795799,0.0047551244,True
1999-02-15,56.41,1.1,-3.4714286,0.07142859,-7.642857,84.71429,0.057142857,0.057142857,0.31428573,10.314285,-0.1,4.671514e-06,0.006038949,0.005980123,0.00020006113,0.0027865209,True
1999-02-22,56.6,34.1,2.8,5.071429,0.8428572,85.3,0.64285713,0.64285713,0.62857145,10.6,0.9,0.0006178841,0.0062937737,0.0060171173,0.014021322,0.009651694,True
1999-03-01,56.53,13.5,4.5285716,7.371429,1.9428571,80.57143,0.94285715,0.9285714,0.9142857,10.385715,3.3,0.00074741244,0.0067839697,0.002109925,0.0059539285,0.0045795105,True
1999-03-08,56.52,18.8,5.8,9.17143,3.457143,80.48572,0.9142857,0.9142857,1.0,10.642858,5.8428574,0.0010437146,0.0078537315,2.9575258e-06,2.8118491e-05,2.5331974e-07,True
1999-03-15,56.36,3.2,3.5,6.614286,0.58571434,81.92857,0.7857142,0.7285714,0.95714283,10.057143,4.3285713,7.544458e-05,0.009196602,2.562432e-05,0.00013385527,0.0001343824,True
1999-03-22,56.27,3.2,4.6714287,8.214286,2.0428572,77.85714,1.0428572,0.9714286,1.1857144,9.757143,5.1285715,0.00017021596,0.009404093,3.1164714e-06,2.068095e-05,1.9870698e-05,True
1999-03-29,56.26,4.4,7.785714,12.871429,2.9857144,78.57143,1.3857143,1.2428572,1.4142857,9.614285,7.8428574,0.00016380847,0.009223871,7.046972e-05,0.0004495643,0.00046144612,True
1999-04-05,56.25,0.3,11.242858,18.057142,4.414286,70.61428,2.0857143,1.7428572,2.1714284,9.214286,11.914286,1.4379621e-05,0.008889534,1.8789655e-06,1.459755e-05,0.0,True
1999-04-12,56.27,19.9,10.3714285,14.414286,7.857143,79.78571,1.6999999,1.557143,1.8714286,9.228572,11.271428,0.00024463236,0.008464836,-7.345365000000001e-25,7.450581e-09,0.0,True
1999-04-19,56.25,5.3,5.371429,9.928572,2.2714286,74.47143,1.6857141,1.5428572,1.8000001,9.171429,7.8714285,0.0002619177,0.008017845,0.00058596476,0.0028664153,0.0029378943,True
1999-04-26,56.25,20.0,11.257143,16.814287,4.8857145,74.042854,2.2285717,1.9142857,2.3999999,8.7,12.614285,0.0001886636,0.007557288,7.203647e-06,4.766509e-05,0.0,True
1999-05-03,56.22,0.0,11.857142,17.800001,6.1285715,66.41428,2.6714287,1.9714285,3.0857143,7.9857144,15.0,1.873076e-05,0.0070839226,-7.345365000000001e-25,0.0,0.0,True
1999-05-10,56.19,2.4,13.3714285,18.37143,7.328572,61.714287,3.1857142,2.3428571,3.4714284,7.0,14.885715,0.000117108226,0.0065377504,-7.345365000000001e-25,3.7252903e-09,0.0,True
1999-05-17,56.19,13.1,11.471429,16.242857,7.6,74.314285,2.4571426,2.142857,2.6000001,7.257143,14.285714,0.00017677248,0.0060357302,-7.345365000000001e-25,3.7252903e-09,0.0,True
1999-05-24,56.18,1.0,15.771429,20.97143,8.528571,62.557148,3.3857143,2.3428571,3.9857142,6.5857143,17.357143,1.2904406e-05,0.0054947212,-7.345365000000001e-25,3.7252903e-09,0.0,True
1999-05-31,56.09,27.599998,17.457144,23.9,10.8,69.37143,3.7571425,2.2857144,3.8857143,6.114286,20.857143,0.00012047589,0.004966043,-7.345365000000001e-25,7.450581e-09,0.0,True
1999-06-07,56.23,35.5,16.228573,21.2,11.6,74.52857,3.4285715,2.6857145,3.7142856,6.4,19.6,0.00020194799,0.0044778287,-7.345365000000001e-25,7.450581e-09,0.0,True
1999-06-14,56.22,3.1,14.942857,19.514286,8.885715,72.14286,2.8142858,2.0285716,3.3428571,6.3142858,18.428572,4.7914684e-05,0.0040667504,-7.345365000000001e-25,0.0,0.0,True
1999-06-21,56.17,8.9,16.642857,22.37143,10.471429,67.957146,3.357143,2.3857143,3.8999999,5.7285714,20.342857,0.00012032688,0.003669314,-7.345365000000001e-25,3.7252903e-09,0.0,True
1999-06-28,56.03,15.8,15.200002,20.042858,8.900001,67.200005,3.0428574,1.8428571,3.4428573,5.385714,18.6,3.6284328e-05,0.0033164397,-7.345365000000001e-25,3.7252903e-09,0.0,True
1999-07-05,56.03,10.0,20.814287,26.62857,14.657144,70.64286,4.0142856,2.2,4.3857145,5.0571427,22.914286,8.8483095e-05,0.003001675,-7.345365000000001e-25,1.4901161e-08,0.0,True
1999-07-12,56.0,20.0,20.100002,25.457144,14.242857,66.71429,3.8714287,1.7,4.257143,5.1714287,22.414286,0.00015098602,0.0027117357,-7.345365000000001e-25,1.1175871e-08,0.0,True
1999-07-19,55.97,28.1,20.314287,26.84286,13.342857,64.07143,3.9285712,2.1285715,4.542857,5.2,22.457144,4.6014786e-05,0.0024492368,-7.345365000000001e-25,1.1175871e-08,0.0,True
1999-07-26,55.95,7.9,19.27143,24.328571,15.0,65.91429,3.2857144,1.8285714,4.0857143,4.8285713,21.214285,7.4878335e-05,0.0022203997,-7.345365000000001e-25,1.1175871e-08,0.0,True
1999-08-02,55.83,0.0,21.242859,28.114286,11.971429,46.67143,4.785714,0.9142858,4.957143,4.3714285,22.714285,1.3411045e-07,0.0020105913,-7.345365000000001e-25,3.7252903e-09,0.0,True
1999-08-09,55.79,14.0,21.17143,28.014286,13.585715,60.84286,3.7285714,0.9,3.942857,4.3,22.9,3.3199787e-05,0.0017975643,-7.345365000000001e-25,1.1175871e-08,0.0,True
1999-08-16,55.86,34.0,16.028572,21.428572,11.814286,71.42857,2.4857142,1.5714285,2.8999999,4.6857142,18.428572,0.0008198321,0.0016478896,-7.345365000000001e-25,7.450581e-09,0.0,True
1999-08-23,55.96,9.9,15.028572,19.257143,11.800001,75.4,2.0142858,1.6714287,2.3714287,5.1857142,16.557142,0.00012814999,0.0015308037,-7.345365000000001e-25,1.1175871e-08,0.0,True
1999-08-30,55.93,5.8999996,17.857143,23.4,12.0,68.01429,2.357143,1.6000001,2.8714287,4.8142858,19.214285,4.800409e-05,0.0014248267,-7.345365000000001e-25,7.450581e-09,0.0,True
1999-09-06,55.89,2.6,17.328571,24.2,10.385715,65.1,2.642857,1.4571428,3.2428572,4.4428573,18.757143,8.1807375e-06,0.0013273358,-7.345365000000001e-25,7.450581e-09,0.0,True
1999-09-13,55.82,0.0,20.457144,27.985716,13.585715,64.47143,2.7,0.8142857,3.2428572,4.042857,21.028572,6.392598e-06,0.0012297854,-7.345365000000001e-25,1.1175871e-08,0.0,True
1999-09-20,55.79,6.8,17.571428,24.257143,11.571428,65.11429,2.142857,0.4142857,2.7428572,3.8857143,19.071428,1.12354755e-05,0.0011391491,-7.345365000000001e-25,7.450581e-09,0.0,True
1999-09-27,55.85,15.500001,16.642857,3.3285716,13.2,77.75715,1.5714285,1.0,1.8857143,4.1714287,17.37143,0.00023800135,0.0010715723,-7.345365000000001e-25,7.450581e-09,0.0,True
1999-10-04,55.98,31.5,13.457143,8.928572,10.900001,79.12858,1.2571429,1.0714285,1.5428572,4.8428574,13.8,0.00023932755,0.0010176152,-7.345365000000001e-25,1.4901161e-08,0.0,True
1999-10-11,55.98,6.7,11.642858,14.900001,8.985715,84.057144,0.8,0.6857143,1.0571429,5.1714287,11.528571,0.00010077655,0.00097382814,-7.345365000000001e-25,1.6763806e-08,0.0,True
1999-10-18,56.03,0.9,7.457143,12.800001,3.357143,79.75714,0.64285713,0.47142857,0.85714287,5.142857,8.771428,4.61936e-06,0.000937663,-7.345365000000001e-25,3.7252903e-09,0.0,True
1999-10-25,56.024945072752594,4.7,7.7571435,12.042857,3.3142858,76.24286,0.7285714,0.5142857,1.0,5.0857143,7.357143,7.5131655e-05,0.0009052083,-7.345365000000001e-25,0.0,0.0,True
1999-11-01,56.06761505519163,6.1,11.228572,14.800001,7.8,78.21429,0.7571429,0.54285717,1.0428572,5.1571426,9.8,3.2767653e-05,0.00087649375,-7.345365000000001e-25,1.1175871e-08,0.0,True
1999-11-08,56.09947870382221,7.7000003,8.042857,11.900001,5.142857,82.4,0.48571426,0.3571429,0.7428571,5.4428573,7.6285715,0.00011289865,0.00085075945,-7.345365000000001e-25,7.450581e-09,0.0,True
1999-11-15,56.11,2.7,2.9,6.2999997,0.08571427,87.48572,0.25714284,0.21428573,0.34285715,5.9,4.1285715,2.0578504e-05,0.0008291602,5.392801e-07,2.015382e-06,2.6002526e-06,True
1999-11-22,56.11031313379674,3.8000002,0.042857144,2.0285716,-2.2,88.68572,0.14285716,0.14285716,0.29999998,6.242857,0.54285717,1.2122095e-05,0.00081013143,0.0017524277,0.00032833405,0.004394252,False
1999-11-29,56.148756025155855,0.5,5.8142858,8.1,2.7428572,84.38572,0.27142859,0.22857143,0.5428571,6.571429,3.4285715,7.1547925e-05,0.0007936135,0.0013528948,0.004283579,0.00015529245,True
1999-12-06,56.24405402414144,20.3,5.4,7.5285716,2.8,78.02857,0.8,0.78571427,0.9714286,7.4428573,3.6571429,0.00018134713,0.00077824295,0.00015689645,0.0009524338,0.0016102232,False
1999-12-13,56.28,25.8,6.7428575,8.971429,4.585715,80.51429,0.6857143,0.6571428,0.81428576,8.728572,4.9714284,0.00054846704,0.00076545775,5.605675e-05,0.00073603913,0.0001646392,True
1999-12-20,56.31461450434615,6.9,1.1428572,2.957143,-0.5857143,83.38572,0.25714287,0.25714287,0.5,9.357142,0.87142855,0.00017879903,0.00075888634,0.0011417298,0.0009630695,0.0026526153,True
1999-12-27,56.36410137728028,21.3,2.4,4.342857,-0.25714287,83.64286,0.31428573,0.31428573,0.5428571,9.514286,0.54285717,0.00033070892,0.00075983256,0.0020376388,0.004932545,0.007155299,True
2000-01-03,56.386080236315166,1.9,3.142857,4.7428575,0.88571435,90.057144,0.125,0.1,0.3857143,9.95,0.525,0.00015811622,0.0007714182,0.002436984,0.004687961,0.00054334477,False
2000-01-10,56.37,2.7,4.1,6.642857,1.7571429,86.37144,0.31428573,0.29999998,0.37142855,9.828571,2.8285713,0.00012020767,0.0008013025,1.66893e-05,0.0001410991,1.0803342e-07,True
2000-01-17,56.29941066284013,2.2,0.90000004,3.1714287,-1.8000001,88.61428,0.22857144,0.21428572,0.24285714,9.8,0.42857143,3.3080578e-05,0.00084477663,9.73429e-05,0.0003231354,0.00033305958,True
2000-01-24,56.35714236995192,12.0,-0.22857141,2.7857144,-2.9285715,80.78571,0.42857143,0.42857143,0.55714285,9.9,1.0,0.00015810877,0.0008896142,0.001340094,0.00047086366,0.003979616,True
2000-01-31,56.47486751895881,16.2,3.2571428,5.2571425,-0.0571428,79.74286,0.7285714,0.7285714,0.87142855,10.242857,1.6571429,0.00056122243,0.0009393245,0.0018242712,0.004050715,0.0008039959,True
2000-02-07,56.42,4.4,7.357143,9.385714,4.857143,76.91429,0.84285706,0.8285714,1.0428572,10.242857,5.5142856,0.00012648106,0.001025401,2.0946775e-06,2.7410686e-05,0.0,True
2000-02-14,56.40332959334965,15.5,5.071429,8.1,2.5857143,76.98572,1.0857143,1.0857143,1.0142857,10.185715,4.142857,0.0003491938,0.001150161,0.0001123065,0.0004142467,0.00094889104,False
2000-02-21,56.41551796116727,7.9,1.9857143,5.1142855,-0.3857143,85.114296,0.5714286,0.5714286,0.59999996,10.3,2.3428571,0.00033169985,0.0013041943,0.0012254204,0.0023428593,0.003701754,True
2000-02-28,56.39150627551809,15.7,4.571429,8.5,0.78571427,81.52857,0.9142857,0.90000004,0.9428572,10.357142,3.557143,0.0003881827,0.0015159622,0.00088867685,0.0033736303,0.0014676414,True
2000-03-06,56.39,13.3,4.2714286,7.228572,1.6857144,76.47143,1.1857144,1.1571429,1.2285715,10.3,3.9857142,0.00042045116,0.0017882362,0.00015966666,0.00044435356,0.0006966032,True
2000-03-13,56.48232812767788,31.699999,7.5,10.2,4.7285714,81.74286,1.1857144,1.2,1.1428572,10.671429,6.9714284,0.0012740493,0.0021212026,0.000101435755,0.0010505132,0.00082088634,False
2000-03-20,56.63953127338785,27.0,4.8428574,7.614286,2.1571429,82.98572,1.0857142,1.0857142,1.0857142,10.657143,5.8428574,0.0006198883,0.0027577952,8.387792e-05,0.0005098544,0.00049840286,True
2000-03-27,56.55392352714029,6.7,6.8142858,11.3714285,3.1571429,83.1,1.1,1.0428572,1.1999999,10.057143,7.9714284,0.00016060472,0.003568545,1.5951339e-06,1.0667369e-05,0.0,True
2000-04-03,56.43,5.2,6.928571,10.057143,3.2285714,81.5,1.1428572,1.0571429,1.3571428,10.042857,7.2285714,0.00014073402,0.004055612,5.693663e-06,5.3767115e-05,5.158037e-05,True
2000-04-10,56.347266355458295,2.7,5.785714,10.985715,1.2142857,73.200005,1.5857143,1.2857143,1.8000001,9.5,8.114285,7.535517e-05,0.004304081,-7.345365000000001e-25,1.4901161e-08,0.0,True
2000-04-17,56.34,6.3,7.9857144,13.314286,2.6571429,72.8,1.8428572,1.5857143,1.9571428,9.014286,8.914286,0.00023717433,0.0043466836,-7.345365000000001e-25,0.0,0.0,True
2000-04-24,56.286298566906815,14.8,14.3,20.100002,8.571428,73.62858,2.5285716,2.0714288,2.6000001,8.685715,15.357142,0.00035738945,0.0042826533,-7.345365000000001e-25,3.7252903e-09,0.0,False
2000-05-01,56.31,18.4,16.685715,21.814287,10.985715,74.08572,3.0571427,2.3714287,3.3,7.9142857,18.171429,9.474158e-05,0.0041625947,-7.345365000000001e-25,7.450581e-09,0.0,True
2000-05-08,56.22447002982123,0.0,17.142857,23.9,8.971429,54.628574,4.171428,2.642857,4.3857145,6.957143,19.342857,3.1590462e-06,0.0039922446,-7.345365000000001e-25,3.7252903e-09,0.0,True
2000-05-15,56.149172846477065,0.0,17.857143,25.142857,8.442858,52.014286,4.3142858,1.4571428,4.6714287,6.0142856,21.028572,0.0,0.0037431568,-7.345365000000001e-25,3.7252903e-09,0.0,True
2000-05-22,56.115,13.4,13.642858,20.2,8.857142,72.72857,2.8142855,1.3285714,3.0714285,5.8714285,17.528572,0.0001218766,0.0034730658,-7.345365000000001e-25,7.450581e-09,0.0,True
2000-05-29,56.09,13.4,13.614286,18.457144,9.028571,69.62858,3.0142858,1.9428571,3.0857143,5.9428573,15.985714,5.851686e-05,0.003267169,-7.345365000000001e-25,7.450581e-09,0.0,True
2000-06-05,56.05600524724369,7.7,17.171429,22.285715,10.242858,66.685715,3.4,1.5714285,3.8714287,5.642857,19.0,0.000112727284,0.003034912,-7.345365000000001e-25,7.450581e-09,0.0,False
2000-06-12,56.02442473237743,6.1,17.528572,23.285715,11.057143,66.41429,3.8714283,2.0142858,4.3142858,5.6,20.014286,5.8978796e-05,0.0028028563,-7.345365000000001e-25,1.1175871e-08,0.0,True
2000-06-19,55.99008863202282,3.5,18.128572,24.34286,10.514285,60.342857,4.1714287,1.1999999,4.542857,5.1571426,20.757143,2.3335218e-05,0.002557665,-7.345365000000001e-25,7.450581e-09,0.0,True
2000-06-26,55.89,9.4,18.614286,23.87143,14.271429,62.828575,4.042857,1.5714285,4.4142857,5.114286,21.028572,0.00011302531,0.0023128018,-7.345365000000001e-25,3.7252903e-09,0.0,True
2000-07-03,55.87,15.8,14.900001,19.014286,9.971429,67.35714,2.6714287,1.2,3.2428572,5.042857,16.614286,5.891919e-05,0.002131857,-7.345365000000001e-25,7.450581e-09,0.0,True
2000-07-10,55.86,15.700001,15.842857,20.314287,12.285714,75.74286,2.457143,1.7714287,2.8714287,5.3714285,18.057142,0.00012215972,0.0019737259,-7.345365000000001e-25,7.450581e-09,0.0,True
2000-07-17,55.87371623087167,4.3,14.814286,19.014286,10.471429,73.62858,2.4285715,1.6000001,2.8857143,5.285714,16.8,9.0658665e-05,0.0018376783,-7.345365000000001e-25,3.7252903e-09,0.0,True
2000-07-24,55.81,14.6,15.7,20.5,11.614286,76.814285,2.2571428,1.3142859,2.7428572,5.0285716,17.585714,6.107986e-05,0.0017202199,-7.345365000000001e-25,1.4901161e-08,0.0,True
2000-07-31,55.98535129353658,52.2,16.842857,20.685715,14.471429,83.37144,2.1714287,1.6142856,2.2857144,5.742857,19.12857,0.00041230023,0.0016151443,-7.345365000000001e-25,1.1175871e-08,0.0,False
2000-08-07,55.96977807766672,21.300001,17.97143,23.585714,12.8,71.942856,3.042857,2.2999997,3.357143,6.3142858,20.385714,0.00010471791,0.0015209168,-7.345365000000001e-25,1.1175871e-08,0.0,True
2000-08-14,56.00440786673056,2.2,18.571428,24.585714,12.014287,71.942856,2.7142856,1.7285715,3.1142857,5.757143,20.328571,4.992634e-05,0.0014352575,-7.345365000000001e-25,7.450581e-09,0.0,False
2000-08-21,56.0,26.6,19.157145,24.328571,15.757143,77.90001,2.6857142,2.1571426,2.9285715,6.0142856,21.642857,0.0002944544,0.0013501719,-7.345365000000001e-25,7.450581e-09,0.0,True
2000-08-28,56.01473925753769,0.0,16.514286,22.171429,11.1,66.25715,2.7,2.085714,3.3285713,6.257143,19.157143,6.765127e-06,0.001277335,-7.345365000000001e-25,1.1175871e-08,0.0,True
2000-09-04,55.99579736776142,18.4,14.857142,20.27143,10.528572,76.85714,1.8714285,1.5714285,2.0714285,6.1285715,17.442858,0.00024598837,0.0012091547,-7.345365000000001e-25,5.5879354e-09,0.0,True
2000-09-11,56.04086746784778,14.0,15.614286,19.600002,12.457144,83.74286,1.3285714,1.1857144,1.7142857,6.5857143,16.414286,0.00015079975,0.0011605993,-7.345365000000001e-25,9.313226e-09,0.0,True
2000-09-18,56.03,6.0,15.314286,19.557144,12.2,82.40001,1.3285714,1.1285714,1.7142857,6.7,16.757143,0.0011653751,0.0011184216,-7.345365000000001e-25,9.313226e-09,0.0,True
2000-09-25,55.99352642491225,1.8,11.014285,16.757143,5.7428575,76.328575,1.2857143,1.0571429,1.8,6.714286,12.6,6.908178e-05,0.0010827854,-7.345365000000001e-25,5.5879354e-09,0.0,True
2000-10-02,56.04253071746591,3.1999998,15.6,21.242859,11.014285,79.65715,1.2571429,1.0285715,1.5571429,6.9142857,15.6285715,0.00015611947,0.0010511056,-7.345365000000001e-25,5.5879354e-09,0.0,False
2000-10-09,56.06861041889204,10.8,10.857142,15.17143,7.785714,85.457146,0.68571424,0.59999996,0.95714283,6.9857144,12.3,0.00022737682,0.001023069,-7.345365000000001e-25,1.8626451e-09,0.0,False
2000-10-16,56.08,7.0,12.042857,16.228573,8.442858,82.07143,0.82857144,0.75714284,1.0428572,7.3285713,11.271428,9.585917e-05,0.0010035038,-7.345365000000001e-25,7.450581e-09,0.0,True
2000-10-23,56.06029063095543,1.9000001,11.2,16.77143,6.8285713,84.34286,0.6,0.50000006,0.7428571,7.3,10.828571,2.8401613e-05,0.0009870678,-7.345365000000001e-25,3.7252903e-09,0.0,True
2000-10-30,56.06841685886726,5.7999997,11.042857,13.942858,8.642858,78.0,0.9428572,0.85714287,1.3142856,7.257143,10.142858,5.8159232e-05,0.00097275525,-7.345365000000001e-25,9.313226e-09,0.0,False
2000-11-06,56.09816920327465,14.1,7.557143,10.957143,4.6714287,80.84286,0.5285714,0.47142854,0.8142857,7.4857144,7.042857,0.00013186038,0.0009596199,-7.345365000000001e-25,3.7252903e-09,0.0,False
2000-11-13,56.1,3.1,8.242857,11.171428,5.5285716,75.72858,0.67142856,0.58571434,0.9142857,7.5571427,6.5857143,8.414686e-05,0.00094904006,-7.345365000000001e-25,3.7252903e-09,0.0,True
2000-11-20,56.12,9.9,5.9428573,8.900001,3.6714287,84.35714,0.37142855,0.34285715,0.44285718,7.9,5.428571,0.00014910847,0.00094077736,-7.345365000000001e-25,0.0,0.0,True
2000-11-27,56.1321103084448,2.8,5.2571425,8.714286,1.6428572,87.700005,0.21428573,0.21428573,0.25714287,7.9714284,4.142857,4.272163e-05,0.0009353906,-7.345365000000001e-25,0.0,0.0,True
2000-12-04,56.1735042781836,7.6,8.1285715,11.471429,5.0285716,89.700005,0.24285714,0.24285714,0.21428572,8.214286,6.214286,5.5015087e-05,0.00093333423,-7.345365000000001e-25,3.7252903e-09,0.0,True
2000-12-11,56.18,7.1,8.3,11.057143,5.7285714,85.34286,0.4,0.4,0.42857143,8.228572,6.0285716,0.000120691955,0.00093351305,-7.345365000000001e-25,0.0,0.0,True
2000-12-18,56.22302858774845,14.4,6.157143,8.028571,4.614286,84.67143,0.61428565,0.61428565,0.71428573,9.028571,5.4,0.00020756572,0.00093623996,5.366121e-05,0.00022949651,0.0002858378,True
2000-12-25,56.24445690883084,8.0,-1.9714286,0.25714284,-3.9857144,87.700005,0.028571429,0.028571429,0.17142858,9.3,-0.7714286,1.2218952e-06,0.0009486079,0.0014508452,5.2005053e-06,0.009633429,False
2001-01-01,56.22644287612493,8.700001,-0.61428577,1.2857143,-3.2714288,87.87144,0.083333336,0.083333336,0.29999998,9.5,-0.083333336,0.00021289289,0.0009670481,0.012179415,0.0028162375,0.0051150844,True
2001-01-08,56.31,13.700001,4.5285716,7.2428575,2.2142856,86.828575,0.41428572,0.41428572,0.27142856,9.728572,1.7857143,0.00083281845,0.0009984747,0.0026847634,0.012310887,0.0,True
2001-01-15,56.25590169490319,0.3,-0.67142856,1.3285714,-2.3285713,91.61428,0.08571429,0.08571429,0.22857143,9.742857,0.32857144,9.454787e-06,0.0011055022,0.00012002672,2.9535964e-05,0.00042090565,False
2001-01-22,56.21967297491834,4.3,-2.5714285,-0.64285713,-5.3,91.61428,0.014285714,0.014285714,0.17142858,9.7,-1.8285714,3.1888485e-06,0.0012273714,0.0010093962,0.00012903474,0.0037389547,True
2001-01-29,56.35587559692752,24.0,3.6571429,6.228572,1.4857142,90.18572,0.41428572,0.3857143,0.37142858,9.9,0.5714286,0.0004886091,0.0013373271,0.0016534271,0.0058619343,0.0045410395,True
2001-02-05,56.45,27.5,-0.82857144,0.94285715,-3.3428574,91.57143,0.15714286,0.14285715,0.3,10.157143,0.114285715,0.00048211217,0.0014887005,0.0069175162,0.013801781,0.017416928,True
2001-02-12,56.54606300895893,7.1,7.4000006,11.085714,3.5285716,78.75715,0.8571429,0.84285724,0.85714287,10.285714,4.6285715,0.0005361885,0.0018328875,0.0006150178,0.008370075,0.00027170777,True
2001-02-19,56.43742060999183,4.3999996,2.8428571,6.914286,-0.44285718,89.27143,0.4714286,0.44285718,0.41428572,9.985714,3.3714285,7.8350306e-05,0.0023703948,0.00062953855,0.002059415,0.0026100315,True
2001-02-26,56.406626472254615,14.3,0.81428576,3.9285715,-1.5571429,82.3,0.55714285,0.54285717,0.64285713,9.985714,1.8285714,0.00015330315,0.0027528554,0.003319252,0.0011726227,0.008076824,True
2001-03-05,56.39,3.8,0.14285715,3.3857143,-2.1714284,85.0,0.5285715,0.4857143,0.61428577,9.971429,0.55714285,0.000110939145,0.0030279234,0.0057632015,0.00416103,0.005593665,True
2001-03-12,56.31677519067499,4.0,7.3,10.471429,3.6571429,82.685715,0.9428571,0.91428566,0.9571429,9.857142,5.9,0.00035734475,0.0032272115,0.0022610028,0.0073142257,9.3504786e-07,True
2001-03-19,56.40168747008513,24.6,3.7857144,7.4,1.5857143,85.85714,0.91428566,0.91428566,0.82857144,9.971429,4.9,0.00047387183,0.0034407973,0.00056074344,0.0022428706,0.00505013,False
2001-03-26,56.516036377966,31.599998,0.54285717,2.8857143,-1.4285715,84.01429,0.62857145,0.62857145,0.82857144,10.571428,1.7571429,0.00039100647,0.0038163364,0.0053134533,0.0054130834,0.014749583,True
2001-04-02,56.55,4.9,7.0,11.400001,1.7285715,73.0,1.5714285,1.4571428,1.7285715,10.228572,6.571429,0.00039953738,0.0044619367,0.004182475,0.009794999,0.00012793392,True
2001-04-09,56.43555171372078,10.6,9.185715,14.157144,4.4857144,73.88572,1.8571428,1.7142857,1.8857143,9.671429,9.671429,0.00031083077,0.005081527,2.0379111e-06,2.2763386e-05,0.0,False
2001-04-16,56.4042351508022,7.7,4.6714287,8.014286,2.0714285,82.65715,1.1999999,1.1285714,1.2428571,9.571428,6.542857,0.0003412217,0.0054342374,0.00038669223,0.0024038851,0.00279456,True
2001-04-23,56.37379543710339,5.0,5.614286,9.971429,1.5714285,74.44286,1.6,1.4571428,1.8142856,9.642858,7.0571427,0.00014686584,0.0056483075,7.2286246e-05,0.0004349798,2.2944063e-05,True
2001-04-30,56.33,13.5,11.671428,16.885715,6.142857,76.42857,2.2857144,2.0571427,2.3142858,9.457143,12.3,0.00031350553,0.005701609,1.2488593e-07,1.3299286e-06,0.0,True
2001-05-07,56.25676753714302,0.2,12.957144,18.014286,7.971429,68.78572,2.7714286,2.3,3.1857142,8.857142,15.185715,0.000115171075,0.0055842698,-7.345365000000001e-25,7.450581e-09,0.0,True
2001-05-14,56.21538728997154,0.1,16.142857,22.800001,7.457143,59.714287,3.9857144,2.8857143,4.1,8.0,18.585714,1.7136335e-06,0.00539127,-7.345365000000001e-25,0.0,0.0,True
2001-05-21,56.13212568192378,3.7,13.514285,18.9,8.400001,68.828575,2.957143,2.1142857,3.3999999,7.071429,16.62857,3.963709e-05,0.0051001683,-7.345365000000001e-25,7.450581e-09,0.0,True
2001-05-28,56.06,2.1,16.1,22.014286,8.342857,62.17143,3.6142857,1.6571426,3.8428571,6.3,19.242857,2.3692846e-05,0.004758388,-7.345365000000001e-25,7.450581e-09,0.0,True
2001-06-04,56.089328961092775,39.2,12.5,16.442858,9.0,81.15715,2.5142858,1.6142857,2.457143,6.5142856,15.042857,0.0003618002,0.004418753,-7.345365000000001e-25,3.7252903e-09,0.0,True
2001-06-11,56.09115716449708,12.9,12.342857,16.714285,8.542857,78.44286,2.3285716,1.957143,2.6000001,6.8,15.457143,0.00016290694,0.0041361377,-7.345365000000001e-25,7.450581e-09,0.0,True
2001-06-18,56.05689873248958,14.0,15.1285715,20.385715,9.528571,74.82857,2.8857143,2.3857143,3.1000001,6.5571427,18.057142,0.00016886741,0.0038535,-7.345365000000001e-25,7.450581e-09,0.0,True
2001-06-25,56.06,6.5,14.828572,19.757143,9.728572,74.14286,3.057143,2.2142856,3.2285714,6.3714285,17.928572,9.805709e-05,0.0035841167,-7.345365000000001e-25,7.450581e-09,0.0,True
2001-07-02,56.04137653477256,20.300001,19.071428,24.814287,12.442857,70.85714,3.6999996,2.5142858,3.9428573,6.042857,22.142857,0.00020438433,0.0033119693,-7.345365000000001e-25,7.450581e-09,0.0,True
2001-07-09,55.99444940232539,32.2,20.742859,26.300001,14.371429,68.08572,4.1285715,2.2999997,4.2428575,5.9,22.942858,0.000264287,0.0030443743,-7.345365000000001e-25,1.4901161e-08,0.0,True
2001-07-16,56.04269378468906,14.9,17.071428,20.97143,13.300001,72.57143,3.2285714,2.7,3.6142857,6.4428573,19.62857,0.0005007237,0.002815023,-7.345365000000001e-25,7.450581e-09,0.0,False
2001-07-23,56.06,3.0,18.642857,24.214285,12.471429,68.02857,3.3142855,2.557143,3.8,6.4142857,20.957144,7.252395e-05,0.0026347786,-7.345365000000001e-25,7.450581e-09,0.0,True
2001-07-30,56.01043211432066,4.0,22.128572,29.142857,14.785714,64.75715,4.142857,2.4857142,4.585714,5.5571427,25.142857,6.890297e-05,0.0024532676,-7.345365000000001e-25,1.3038516e-08,0.0,True
2001-08-06,55.93350228985787,21.0,18.1,24.100002,12.785715,75.9,2.942857,2.0000002,3.1285713,5.1714287,20.9,0.00026009977,0.0022818446,-7.345365000000001e-25,1.6763806e-08,0.0,False
2001-08-13,55.97942721328465,15.1,16.842857,21.6,13.1285715,76.64286,2.5857143,2.0142856,2.6857142,5.4714284,18.27143,0.00018022954,0.0021518022,-7.345365000000001e-25,1.6763806e-08,0.0,True
2001-08-20,55.935,1.0,22.042858,28.128572,16.428572,68.8,3.2857146,1.9285715,3.7142856,5.214286,23.514286,9.8615885e-05,0.0020237565,-7.345365000000001e-25,7.450581e-09,0.0,True
2001-08-27,55.83,8.0,21.985716,28.428572,15.728572,68.700005,2.8999999,1.3285714,3.3857143,4.8285713,23.657143,7.118285e-05,0.00190112,-7.345365000000001e-25,7.450581e-09,0.0,True
2001-09-03,55.83,9.1,16.128572,21.071428,11.2,73.814285,1.9857143,1.1999999,2.4857142,4.9428573,18.171429,0.00010535121,0.0017885715,-7.345365000000001e-25,1.1175871e-08,0.0,True
2001-09-10,56.07,44.5,12.871429,16.228573,9.900001,88.11428,1.5857142,1.4571428,1.4857142,6.3142858,14.442857,0.0012957901,0.0017042756,-7.345365000000001e-25,1.3038516e-08,0.0,True
2001-09-17,56.13,16.0,11.971429,15.77143,9.285714,87.14286,1.2142857,1.1999999,1.4,8.328571,13.242857,0.00035777688,0.0016452149,-7.345365000000001e-25,9.313226e-09,0.0,True
2001-09-24,56.19,26.1,11.957144,15.228572,9.1,86.07143,1.0571429,1.0142858,1.2285715,9.242857,12.571428,0.0003875941,0.0016085282,-7.345365000000001e-25,1.1175871e-08,0.0,True
2001-10-01,56.35,27.6,13.328572,16.985714,10.014285,90.08572,0.84285706,0.82857144,1.0,9.8,13.814285,0.0034698397,0.0015923679,-7.345365000000001e-25,5.5879354e-09,0.0,True
2001-10-08,56.21,3.3000002,14.328572,18.77143,10.657144,85.74286,0.9428572,0.9285715,1.1714286,9.828571,14.328571,0.00022131205,0.0016521811,-7.345365000000001e-25,9.313226e-09,0.0,True
2001-10-15,56.17,0.6,14.828572,19.757143,10.285714,78.98572,1.0142857,0.88571435,1.2428571,9.557143,14.1285715,5.9753656e-06,0.0017663091,-7.345365000000001e-25,7.450581e-09,0.0,True
2001-10-22,56.11,8.9,11.6285715,15.328572,8.271429,89.17143,0.5285714,0.45714286,0.7,9.342857,12.357142,7.466972e-05,0.0018514618,-7.345365000000001e-25,5.5879354e-09,0.0,True
2001-10-29,56.13,8.7,10.528571,13.042857,8.014285,89.91429,0.4571429,0.4571429,0.5857143,9.471429,10.414286,0.00012199581,0.0019107908,-7.345365000000001e-25,1.3038516e-08,0.0,True
2001-11-05,56.146584781663954,8.7,10.3714285,13.228572,7.871429,79.11428,0.8142857,0.7714286,1.042857,9.557143,9.271428,4.3317676e-05,0.0019523054,-7.345365000000001e-25,7.450581e-09,0.0,True
2001-11-12,56.16,12.4,4.7714286,7.2428575,1.8000001,85.07143,0.44285718,0.44285718,0.5,10.057143,4.3714285,0.00043465197,0.0019869506,2.5283724e-05,6.0716644e-05,7.0005655e-05,True
2001-11-19,56.12,3.6000001,4.4428573,7.057143,1.7285715,89.74286,0.21428573,0.21428573,0.27142859,10.1285715,3.8714285,2.861023e-05,0.0020438507,3.2844997e-05,9.633973e-05,9.0911984e-05,True
2001-11-26,56.13,10.5,4.6714287,7.014286,2.0285716,90.314285,0.34285712,0.3285714,0.35714287,10.242857,3.942857,0.00027658045,0.002108395,4.3579512e-05,9.294413e-05,0.000112073496,True
2001-12-03,56.23312286226275,15.3,3.3857143,5.157143,1.7428571,93.51429,0.20000002,0.20000002,0.25714287,10.542857,3.5142858,0.00033228844,0.0021973476,5.954788e-06,2.1642074e-05,6.8061054e-06,True
2001-12-10,56.38,17.3,2.4428573,4.542857,0.02857147,92.02857,0.15714286,0.15714286,0.27142859,10.671429,2.2,0.0008647591,0.0025775656,8.072172e-06,1.2330711e-05,6.293133e-05,True
2001-12-17,56.28,3.0,-0.57142866,1.3857143,-2.8285716,88.15714,0.071428575,0.071428575,0.21428572,10.285714,-0.22857143,2.3126602e-05,0.002942346,0.00036390056,0.00017573312,0.0012771487,True
2001-12-24,56.41,21.400002,-1.0142858,1.6714286,-3.8714287,86.557144,0.10000001,0.10000001,0.3857143,10.557143,-0.1,0.00026043504,0.0033036545,0.0050443183,0.0031724125,0.016066194,True
2001-12-31,56.5,23.1,0.29999998,2.4428573,-1.4714286,88.314285,0.31428573,0.31428573,0.4,10.828571,0.028571429,0.0010527298,0.0032421052,0.0074518323,0.013102952,0.009364154,True
2002-01-07,56.41,2.4,-1.9285715,1.2857143,-5.928571,83.72858,0.12857144,0.12857144,0.24285714,10.3714285,-0.75714284,0.00024618208,0.004662931,0.007959355,0.0060917195,0.0007401705,True
2002-01-14,56.38,2.0,-0.40000004,1.1571429,-1.8000001,95.971436,0.042857144,0.042857144,0.17142858,10.285714,-0.22857143,8.351356e-05,0.0054160953,0.0046187583,0.0025712848,0.0012921095,True
2002-01-21,56.33,10.2,2.5714285,4.657143,-0.08571427,86.67143,0.29999998,0.29999998,0.41428572,10.257143,0.41428572,0.00028086454,0.0058715716,0.002485752,0.0041763373,0.00041133538,True
2002-01-28,56.53,30.1,7.971429,10.585714,4.8142858,75.91429,1.2285715,1.2142857,1.2142857,10.428572,5.7,0.00069999695,0.006164722,4.0133796e-06,3.6763027e-05,0.0,True
2002-02-04,56.42,3.2,9.985715,13.17143,6.5285716,67.15714,1.3142856,1.2428571,1.5571429,10.3,7.2,3.8430095e-05,0.0067206174,-7.2791902999999985e-25,0.0,0.0,True
2002-02-11,56.48,30.5,8.8,11.042857,6.2714286,80.44286,1.0142858,1.0,1.1,10.028571,7.114286,0.00033996254,0.0071197003,-7.2791902999999985e-25,5.5879354e-09,0.0,True
2002-02-18,56.45,5.0,2.8142858,7.3428574,-0.8857142,78.27143,0.9142857,0.8714286,0.74285716,10.3714285,3.7571428,0.00012513995,0.007270023,1.9584384e-06,2.4493784e-06,5.4500997e-06,True
2002-02-25,56.53,36.300003,2.4,5.7999997,-0.10000001,81.64286,0.9285715,0.9285715,0.9857143,10.671429,2.0428572,0.0007310137,0.0074656084,0.00334302,0.010357266,0.01471382,True
2002-03-04,56.60280406660277,10.6,4.9428573,8.1285715,1.6571429,78.314285,1.2142857,1.1999999,1.1571429,10.671429,4.3,0.00076563656,0.009075083,0.0003918239,0.004777031,0.00056945905,False
2002-03-11,56.47,12.8,7.414286,10.642858,4.557143,71.87143,1.5142857,1.442857,1.6142856,10.171429,6.2714286,0.00018587708,0.01042565,1.33060275e-05,0.00010354258,0.0,True
2002-03-18,56.39,6.5,5.9428573,9.357142,2.3428574,83.01428,0.9428572,0.9,1.0857142,10.057143,5.957143,0.0001437217,0.010555185,0.00019285225,0.00077497214,0.0008127764,True
2002-03-25,56.39,10.1,4.7571425,8.042857,2.3428574,79.700005,1.0285715,1.0285715,1.1285714,10.171429,5.5857143,0.00019060075,0.010343127,3.5967147e-05,5.1420182e-05,0.0002296567,True
2002-04-01,56.24,0.0,6.2428575,12.785714,-6.81196e-08,65.442856,1.6571429,1.3714286,1.6857144,9.742857,7.9,4.455447e-06,0.009991601,6.442411e-05,0.00018896349,1.065433e-05,True
2002-04-08,56.23,0.0,6.5,12.542857,0.2857143,56.714287,2.4428573,1.8285714,2.5857143,8.8,9.2,1.7881393e-07,0.009415396,1.5951339e-06,5.008653e-06,6.4074993e-06,True
2002-04-15,56.42,30.3,6.8428574,10.157143,2.9428573,79.74286,1.2428571,0.98571426,1.4,8.414286,8.242857,0.00041513145,0.00875701,3.7465776e-07,2.0805746e-06,0.0,True
2002-04-22,56.52,9.8,8.785714,13.085715,4.6571426,83.328575,1.5,1.3714286,1.6714286,9.457143,10.785714,0.00026711822,0.00820028,-7.2791902999999985e-25,0.0,0.0,True
2002-04-29,56.41,25.0,10.571428,14.17143,7.1857147,80.94286,1.8714286,1.7571428,2.0,9.271428,11.9,0.00027299672,0.0077125505,-7.2791902999999985e-25,3.7252903e-09,0.0,True
2002-05-06,56.46,26.6,11.542857,13.957143,8.971429,83.87144,1.4999999,1.442857,1.7285715,9.942857,12.114285,0.00043170154,0.0072855875,-7.2791902999999985e-25,0.0,0.0,True
2002-05-13,56.42,6.0,16.085714,21.600002,11.014285,75.200005,2.8285713,2.4857142,3.4857142,9.857142,17.4,0.0005554855,0.0069196373,-7.2791902999999985e-25,3.7252903e-09,0.0,True
2002-05-20,56.39,5.6,15.400001,19.97143,10.142858,73.12858,2.9285715,2.385714,3.1571429,9.014286,18.285715,0.0001565665,0.006501943,-7.2791902999999985e-25,3.7252903e-09,0.0,True
2002-05-27,56.23,9.799999,16.057142,20.914288,10.571428,74.01429,2.9142857,2.5,3.2142856,8.585714,18.7,0.00022770464,0.0060568005,-7.2791902999999985e-25,3.7252903e-09,0.0,True
2002-06-03,56.23,1.8000001,14.914286,19.885715,8.8714285,69.1,3.2571428,2.542857,3.6714287,7.9857144,18.542856,7.190555e-05,0.0056287497,-7.2791902999999985e-25,7.450581e-09,0.0,True
2002-06-10,56.17,23.7,17.300001,20.942858,14.028572,79.71429,2.8571432,2.2428572,3.1000001,7.5285716,20.014286,0.00024290383,0.005183965,-7.2791902999999985e-25,1.1175871e-08,0.0,True
2002-06-17,56.28,28.1,16.828571,20.942858,12.642858,80.8,2.885714,2.5,3.1142857,7.928571,19.028572,0.0001462996,0.0048311353,-7.2791902999999985e-25,7.450581e-09,0.0,True
2002-06-24,56.21,16.1,19.657145,24.814285,14.457144,70.77143,3.8714287,3.0285718,4.428571,7.428571,22.942858,8.183718e-05,0.004421778,-7.2791902999999985e-25,1.1175871e-08,0.0,True
2002-07-01,56.18,10.8,15.271429,19.47143,10.6,73.41429,3.1714284,2.2428572,3.2857144,6.8,18.642857,0.00012297928,0.0040426403,-7.2791902999999985e-25,7.450581e-09,0.0,True
2002-07-08,56.15,3.5,16.585714,20.87143,11.900001,77.114296,2.7714283,1.7857143,2.9142857,6.6714287,18.214285,7.2062016e-05,0.0037467182,-7.2791902999999985e-25,1.4901161e-08,0.0,True
2002-07-15,56.14,33.7,19.6,25.285715,14.271429,72.6,3.5000002,2.5714285,3.7714286,6.9857144,22.1,0.0002180934,0.0034178123,-7.2791902999999985e-25,1.1175871e-08,0.0,True
2002-07-22,56.63,84.9,16.1,19.300001,13.414286,86.200005,2.1714287,2.042857,2.1571429,9.642858,18.1,0.010546878,0.006392002,-7.2791902999999985e-25,2.2351742e-08,0.0,True
2002-07-29,56.59,6.0,18.77143,23.571428,13.585714,74.14286,3.0142856,2.5857143,3.3714283,9.314285,19.9,0.00012739003,0.003077343,-7.2791902999999985e-25,1.1175871e-08,0.0,True
2002-08-05,56.45,33.4,20.928572,26.785715,16.128572,75.8,3.2142856,2.6714284,3.5,8.842857,23.671429,0.00028507411,0.0029376522,-7.2791902999999985e-25,3.7252903e-09,0.0,True
2002-08-12,56.53,48.399998,19.0,23.642857,15.085715,84.42857,2.1857142,2.0714285,2.5,9.785714,21.657143,0.0006828308,0.002826117,-7.2791902999999985e-25,1.3038516e-08,0.0,True
2002-08-19,56.63,0.0,20.885714,26.428572,15.457144,73.44286,3.0142858,2.6000001,3.6000001,9.885715,22.671429,1.8805265e-05,0.002728738,-7.2791902999999985e-25,1.1175871e-08,0.0,True
2002-08-26,56.44,30.9,20.9,27.071428,15.357142,75.02857,2.9571426,2.4142857,3.4428573,8.842857,23.842857,0.00012860447,0.0026144087,-7.2791902999999985e-25,9.313226e-09,0.0,True
2002-09-02,56.4,0.0,19.300001,25.34286,13.985715,72.3,2.5571427,1.8714287,3.1714287,8.271428,22.72857,7.636845e-06,0.002500452,-7.2791902999999985e-25,9.313226e-09,0.0,True
2002-09-09,56.26,0.4,18.37143,24.757143,12.1,70.07143,2.4714286,1.5,2.9285715,7.542857,20.27143,1.2904406e-05,0.0023854896,-7.2791902999999985e-25,1.3038516e-08,0.0,True
2002-09-16,56.18,2.6,14.900001,20.814287,9.757143,77.84286,1.6571429,1.0571429,2.0857143,7.3,17.657143,4.735589e-05,0.0022689402,-7.2791902999999985e-25,7.450581e-09,0.0,True
2002-09-23,56.16,20.8,12.900001,16.300001,10.8,83.62858,1.0571429,0.71428573,1.2857143,7.1714287,14.714286,0.00015739352,0.0021735653,-7.2791902999999985e-25,7.450581e-09,0.0,True
2002-09-30,56.21,3.3,10.185715,15.071428,5.142857,82.72858,0.95714283,0.7714286,1.2142857,7.4428573,11.857142,6.210059e-05,0.002091065,-7.2791902999999985e-25,1.8626451e-09,0.0,True
2002-10-07,56.21,14.0,10.914286,15.67143,6.542857,86.35714,0.94285715,0.78571427,1.0571429,7.6285715,12.3714285,0.000243783,0.0020084828,-7.2791902999999985e-25,7.450581e-09,0.0,True
2002-10-14,56.24,5.4,5.4000006,9.2,1.8142856,77.814285,0.67142856,0.59999996,1.1714286,8.257143,6.6,5.5529177e-05,0.0019378662,-7.2791902999999985e-25,0.0,0.0,True
2002-10-21,56.2,10.9,8.071428,11.6,5.085714,85.814285,0.61428577,0.5857143,0.82857144,8.757143,7.928571,0.00025493652,0.001878351,-7.2791902999999985e-25,3.7252903e-09,0.0,True
2002-10-28,56.21,36.7,9.414286,13.057143,6.057143,83.82857,1.1857141,1.1857141,1.0285714,9.8714285,8.528571,0.00059100986,0.0018321201,-7.2791902999999985e-25,1.1175871e-08,0.0,True
2002-11-04,56.39,23.8,5.4,8.471429,2.4857144,89.14286,0.4,0.38571426,0.45714286,10.657143,5.8142858,0.00076171756,0.0018086061,0.00013189089,0.00033173524,0.001280047,True
2002-11-11,56.49,21.300001,2.7714288,5.7285714,0.3857143,88.971436,0.41428572,0.41428572,0.37142858,10.771428,2.9714286,0.00093396753,0.001855582,0.0006778808,0.0023239814,0.0015249364,True
2002-11-18,56.52,21.5,7.7714286,10.171428,5.3142858,90.557144,0.3285714,0.3285714,0.3857143,10.671429,6.5,0.00047680736,0.002053365,2.4994215e-05,0.00020528771,0.0,True
2002-11-25,56.49,9.1,3.2142856,5.728572,0.65714294,94.64286,0.14285715,0.14285715,0.18571429,10.514286,3.4,0.000105306506,0.002447486,4.5356296e-06,1.02017075e-05,1.109764e-05,True
2002-12-02,56.47,18.8,6.0285716,7.9428573,4.2714286,93.85714,0.18571429,0.18571429,0.25714287,10.657143,5.357143,0.00058624893,0.0028790832,8.5149495e-08,1.3932586e-06,0.0,True
2002-12-09,56.46,0.90000004,-1.6714287,0.22857141,-3.2714288,86.92857,0.071428575,0.071428575,0.3857143,10.4,0.74285716,8.285046e-06,0.0035070255,8.6523236e-05,0.0,0.00019242987,True
2002-12-16,56.32,2.0,-6.214286,-3.8,-8.928572,84.84286,0.0,0.0,0.21428572,10.3,-4.042857,4.030764e-05,0.0040302128,0.00019219944,6.0871243e-06,0.00016787648,True
2002-12-23,56.27,10.6,-0.85714287,0.5428571,-2.7285714,93.700005,0.0,0.0,0.15714286,10.428572,-1.0428572,7.805228e-05,0.004312858,0.003255691,0.00011250563,0.010516129,True
2002-12-30,56.27,42.2,2.3999999,4.2285714,0.38571426,91.75714,0.11428572,0.11428572,0.27142859,10.814285,-0.37142858,0.0009829849,0.004469745,0.007056151,0.014295224,0.011309888,True
2003-01-06,56.67,32.5,-2.1714287,1.3571428,-6.071429,92.35714,0.0,0.0,0.24285714,11.4,-0.1,0.0018194467,0.0073452443,0.007750233,0.008777402,0.008767232,True
2003-01-13,56.57,7.5,-5.8428574,-3.3714287,-9.357142,89.44286,0.042857144,0.042857144,0.15714286,10.442857,-0.62857145,0.0002399236,0.008657716,0.0097345,0.0061305948,0.004897028,True
2003-01-20,56.59,2.8,4.6,6.6,2.4428573,82.14286,0.5285714,0.50000006,0.59999996,10.271428,1.2714286,0.00024554133,0.009470485,0.0008639835,0.0082137305,2.8733164e-05,True
2003-01-27,56.47,6.2,4.8428574,7.285714,2.2,88.42857,0.37142858,0.37142858,0.42857143,10.171429,2.7428572,5.4188073e-05,0.009843588,6.305604e-05,0.00038197264,0.00033719093,True
2003-02-03,56.57,21.5,1.70299e-08,2.6000001,-2.8857143,86.61428,0.37142858,0.37142858,0.44285712,10.457143,1.1142857,0.0007039383,0.009823225,0.0042742547,0.002044702,0.008673552,True
2003-02-10,56.43,5.4,-1.0142858,1.1,-3.5714285,89.328575,0.17142859,0.17142859,0.37142858,10.314285,-0.014285714,9.432435e-05,0.009725809,0.0073262057,0.002353046,0.0037466437,True
2003-02-17,56.3,0.2,-3.9714286,-0.25714284,-7.285714,76.38572,0.08571429,0.08571429,0.5142857,10.214286,-1.1714286,6.482005e-06,0.009577438,0.006596469,0.00030916557,0.0006307252,True
2003-02-24,56.21,0.0,-1.4857143,1.9857142,-4.785714,87.98572,0.31428573,0.2857143,0.45714286,10.142858,-0.94285715,5.9604645e-05,0.009363152,0.0054551875,0.0031674448,0.00038549677,True
2003-03-03,56.26,2.6000001,1.8428572,6.6285715,-1.9285716,82.88572,0.61428565,0.5571429,0.59999996,9.842857,0.67142856,9.229779e-05,0.009065859,0.0010958683,0.0026176982,0.00020421296,True
2003-03-10,56.35,8.2,5.1285715,8.171429,1.8285714,82.21429,0.85714287,0.81428576,0.9857143,9.942857,3.6714287,0.00016027689,0.008709617,0.00019057024,0.0006061103,0.0002402179,True
2003-03-17,56.36,8.3,4.0142856,8.428572,0.21428572,81.0,1.0285714,1.0142857,1.0428572,10.1285715,5.071429,0.00022203475,0.008338772,1.4259702e-05,3.927946e-05,5.986169e-05,True
2003-03-24,56.3,0.1,4.1857142,10.1,-1.557143,63.557148,1.5571429,1.2571429,1.6714286,9.585714,5.242857,6.7204237e-06,0.007994555,7.077626e-05,0.00016926974,0.00018482655,True
2003-03-31,56.27,1.6,8.614286,15.185715,2.5428574,73.1,1.7571428,1.4,1.8285713,8.8714285,9.7,6.143749e-05,0.0075744614,2.5147483e-06,2.0658597e-05,0.0,True
2003-04-07,56.25,13.4,4.7714286,9.3,0.21428572,66.77143,1.9428571,1.6285714,1.9285715,8.528571,6.7,0.00015933812,0.0071178004,2.5448346e-05,9.201467e-07,0.00027655065,True
2003-04-14,56.25,0.1,4.3,9.957144,-2.4285715,64.442856,1.9714288,1.4857142,2.0,8.028571,6.4,3.8795173e-05,0.0066659227,0.0008536691,0.0021275338,0.0020190962,True
2003-04-21,56.22,4.2,12.014285,18.285715,5.2714286,53.128574,3.485714,2.3428571,3.6571429,7.0142856,12.1285715,4.016608e-05,0.006152354,5.994524e-06,7.5055286e-05,3.0696392e-05,True
2003-04-28,56.21,2.6999998,13.900001,19.257143,7.1285715,56.87143,2.9714286,1.5857142,3.1142857,6.5,14.528571,4.9963593e-05,0.005614631,-7.2791902999999985e-25,4.8428774e-08,0.0,True
2003-05-05,56.2,8.3,15.114286,20.77143,8.028571,61.74286,3.5714285,1.9999999,3.6571429,6.4428573,14.971429,0.00010706484,0.005130939,-7.2791902999999985e-25,7.450581e-09,0.0,True
2003-05-12,56.18,4.3,14.342857,19.84286,8.771429,69.14286,2.7428572,1.2,3.0,6.071429,17.3,3.235042e-05,0.00463365,-7.2791902999999985e-25,3.7252903e-09,0.0,True
2003-05-19,56.15,10.099999,11.914286,16.7,6.7999997,71.52857,2.4714286,1.6285715,2.7714286,5.957143,14.657143,0.00015360117,0.004202217,-7.2791902999999985e-25,3.7252903e-09,0.0,True
2003-05-26,56.11,0.2,15.585715,20.528574,10.614286,69.34286,2.957143,1.7571429,3.457143,6.0285716,17.042856,3.0174851e-05,0.0038193166,-7.2791902999999985e-25,1.1175871e-08,0.0,True
2003-06-02,56.04,1.3,19.757143,26.071428,11.914286,54.67143,4.2428575,1.4285715,5.0285716,5.4714284,22.085714,3.7178397e-06,0.0034140348,-7.2791902999999985e-25,0.0,0.0,True
2003-06-09,55.95,22.5,21.385714,28.2,14.7,64.98572,4.428571,2.2571428,5.042857,5.5285716,24.085714,5.288422e-05,0.0029973835,-7.2791902999999985e-25,7.450581e-09,0.0,True
2003-06-16,55.89,0.0,18.800001,24.285715,11.300001,61.100002,4.1142855,2.0714285,4.457143,5.3428574,22.885714,2.811104e-05,0.002646096,-7.2791902999999985e-25,0.0,0.0,True
2003-06-23,55.9,17.5,17.985714,23.571428,12.157144,64.84286,3.8142855,1.8714286,4.157143,5.042857,20.528572,7.4371696e-05,0.0023536608,-7.2791902999999985e-25,1.1175871e-08,0.0,True
2003-06-30,55.85,0.3,18.671429,24.414288,11.485715,60.385715,4.1,0.95714283,4.4428573,4.742857,21.842857,7.033348e-06,0.0021042079,-7.2791902999999985e-25,3.7252903e-09,0.0,True
2003-07-07,55.81,6.1,16.528572,20.314287,13.542857,77.21429,2.642857,1.4285715,2.8,4.6857142,18.6,7.4349344e-05,0.0018910915,-7.2791902999999985e-25,1.4901161e-08,0.0,True
2003-07-14,55.8,4.4,18.285715,24.27143,11.185715,64.0,3.9142857,1.2142857,4.0571427,4.4857144,21.042856,3.887713e-05,0.0017229766,-7.2791902999999985e-25,1.1175871e-08,0.0,True
2003-07-21,55.75,9.9,23.814287,30.314285,16.27143,56.485718,5.028571,1.0857143,5.2000003,4.3142858,25.014286,5.235523e-05,0.0015440583,-7.2791902999999985e-25,1.1175871e-08,0.0,True
2003-07-28,55.76,34.4,20.642857,26.2,16.014286,72.47143,3.385714,2.0714285,3.5857143,4.4428573,23.62857,8.2075596e-05,0.0013862923,-7.2791902999999985e-25,7.450581e-09,0.0,True
2003-08-04,55.79,0.2,23.27143,29.77143,15.8,57.47143,4.142857,1.0714285,4.5,4.1571426,25.414286,3.2931566e-06,0.0012533888,-7.2791902999999985e-25,3.7252903e-09,0.0,True
2003-08-11,55.64,0.0,24.128572,31.757143,15.1285715,46.214287,5.114286,0.4857143,5.3428574,3.8857143,25.957144,0.0,0.0011129752,-7.2791902999999985e-25,7.450581e-09,0.0,True
2003-08-18,55.37,11.9,21.328571,27.814287,14.400001,54.585716,4.1571426,0.54285717,4.6571426,3.7,23.642857,2.5838614e-05,0.0009911805,-7.2791902999999985e-25,9.313226e-09,0.0,True
2003-08-25,55.34,2.1,18.4,23.77143,12.400001,67.98572,2.8428574,0.5428571,3.1142857,3.7857144,20.62857,3.0517578e-05,0.000907816,-7.325276e-25,1.1175871e-08,0.0,True
2003-09-01,55.34,16.6,14.6285715,19.885715,10.5,74.35714,2.1000001,0.9571429,2.5142858,4.1857142,17.257143,0.00012034178,0.0008423105,-7.345365000000001e-25,9.313226e-09,0.0,True
2003-09-08,55.39,18.5,15.485716,21.485716,9.685715,71.78571,2.0857143,1.3285714,2.3714287,4.357143,16.77143,5.7011843e-05,0.00079023093,-7.345365000000001e-25,3.7252903e-09,0.0,True
2003-09-15,55.99,69.399994,14.1,19.2,9.5,81.6,1.5428572,1.2428571,1.8285714,5.4857144,15.957143,0.003247112,0.0007448271,-7.345365000000001e-25,3.7252903e-09,0.0,True
2003-09-22,56.06,1.3,18.4,26.128572,11.885714,66.87143,2.4714284,1.8000001,2.8,5.2285714,18.642857,2.5331974e-07,0.00070752203,-7.345365000000001e-25,5.5879354e-09,0.0,True
2003-09-29,56.01,9.4,11.728572,18.157145,6.2999997,74.057144,1.4285715,1.1,1.7571429,4.928571,13.571428,0.00010329485,0.00067356974,-7.345365000000001e-25,5.5879354e-09,0.0,True
2003-10-06,56.01,17.9,10.114286,14.514287,5.328572,84.84286,0.92857134,0.82857144,1.0285714,5.428571,11.385715,0.00017368793,0.0006476566,-7.345365000000001e-25,3.7252903e-09,0.0,True
2003-10-13,56.09,11.599999,9.314286,12.971429,6.2428575,82.35714,0.9857143,0.91428566,1.1142857,6.3428574,9.614285,0.00013966113,0.0006268993,-7.345365000000001e-25,5.5879354e-09,0.0,True
2003-10-20,56.09,0.2,3.5142858,10.2,-1.8428572,81.34286,0.5857143,0.47142857,0.5714286,6.242857,5.9,2.0116568e-07,0.000608623,-7.345365000000001e-25,1.15484e-07,2.5704503e-07,True
2003-10-27,56.08,5.2,2.7142856,6.3428574,-0.6714285,83.700005,0.42857143,0.37142855,0.5428571,6.2714286,3.6571429,8.545816e-05,0.0005937442,2.7054832e-05,0.00013440847,0.00015804917,True
2003-11-03,56.08,7.1,7.1,10.214286,3.914286,82.85714,0.55714285,0.51428574,0.7428571,6.4714284,5.4857144,9.532273e-05,0.00058122724,6.817636e-06,2.554804e-05,0.0,True
2003-11-10,56.13,0.0,4.942857,8.114286,2.142857,88.07143,0.35714287,0.31428573,0.5142857,6.742857,4.9857144,2.4810433e-06,0.00056957453,-7.345365000000001e-25,3.7252903e-09,0.0,True
2003-11-17,56.12,12.799999,4.3142858,7.2428575,1.5142858,86.68572,0.31428573,0.25714287,0.4,6.8142858,3.2142856,0.00011897087,0.0005592704,-7.345365000000001e-25,3.7252903e-09,0.0,True
2003-11-24,56.16,2.9,10.842857,13.257143,8.157144,83.71429,0.42857143,0.38571426,0.5857143,7.6285715,8.157143,4.7326088e-05,0.0005506873,-7.345365000000001e-25,7.450581e-09,0.0,True
2003-12-01,56.17,4.5,7.157143,9.285714,5.214286,92.01429,0.20000002,0.18571429,0.22857143,7.8714285,6.3,5.2571297e-05,0.0005432144,-7.345365000000001e-25,0.0,0.0,True
2003-12-08,56.19,2.0,2.557143,5.2000003,0.18571432,88.42857,0.21428572,0.21428572,0.2857143,8.057143,2.9714286,1.2055039e-05,0.000536941,8.34465e-07,1.6763806e-08,2.8796494e-06,True
2003-12-15,56.17,37.6,2.4142857,5.7571425,-1.2,85.542854,0.42857143,0.41428572,0.25714287,8.6285715,1.0857143,0.0003633052,0.000531584,9.554908e-05,0.00021247566,0.000799302,True
2003-12-22,56.35,7.6,3.357143,6.357143,0.48571426,83.14286,0.3857143,0.3857143,0.44285712,9.671429,1.8428571,0.000111579895,0.00052784383,0.00034404368,0.0008287281,0.001003325,True
2003-12-29,56.32,1.4,3.5857143,5.8428574,0.6714286,77.17143,0.34285715,0.3285714,0.7,9.685715,1.4142857,0.00010305643,0.0005266592,0.00034112023,0.00075240433,1.405552e-05,True
2004-01-05,56.28,4.0,-2.5714285,-0.3571429,-4.785714,89.85714,0.1,0.1,0.14285715,9.7,0.45,1.013279e-06,0.00052782893,0.0006218127,1.706183e-06,0.003049478,True
2004-01-12,56.31,28.099998,3.0142858,5.6571426,-0.15714289,90.52857,0.25714287,0.25714287,0.27142859,10.185715,1.5860330000000003e-17,0.00038658828,0.00053182244,0.0019614298,0.006533237,0.003194891,True
2004-01-19,56.49,47.7,3.257143,5.1714287,0.8428572,86.042854,0.55714285,0.55714285,0.5428571,10.985714,1.8714286,0.0006830171,0.00054581463,0.0015826793,0.0053588133,0.007537164,True
2004-01-26,56.48,4.5,-1.5428572,0.38571426,-3.2142856,85.48572,0.08571429,0.08571429,0.3285714,10.514286,-0.18571429,3.0092895e-05,0.000601545,0.004227712,0.00058021955,0.006290972,True
2004-02-02,56.41,25.5,2.8142858,4.857143,0.48571423,85.01429,0.5857143,0.5714286,0.7,10.5,1.2428571,0.0017770454,0.0013431162,0.007852463,0.01576925,0.008564953,True
2004-02-09,56.51,16.4,8.742857,11.271429,6.6,80.91429,1.1142857,1.1,1.1999999,10.671429,6.9142857,0.00023083389,0.00085062534,0.0002366645,0.00022629276,0.0017705113,True
2004-02-16,56.5,8.1,2.9428573,4.8285713,0.22857152,89.8,0.32857147,0.32857147,0.45714286,10.5,2.2571428,0.00027899444,0.001081273,0.0029420513,0.008262886,0.0070545822,True
2004-02-23,56.39,0.0,0.87142855,4.042857,-2.0142858,69.74286,0.67142856,0.64285713,0.94285715,10.028571,1.1571429,1.1652708e-05,0.0013246313,0.00029879523,0.00027906895,0.00032427162,True
2004-03-01,56.31,4.3999996,-0.31428573,3.2428572,-4.0,78.12858,0.6285714,0.5857143,0.71428573,9.8,0.14285715,4.6171248e-05,0.0015189871,0.0030923798,0.0015717465,0.006521996,True
2004-03-08,56.27,5.1,0.64285713,4.071429,-2.5571427,75.200005,0.7428571,0.6571428,0.9714286,9.614285,1.0571429,0.00012752414,0.0016608089,0.0020848173,0.004517412,0.0023549758,True
2004-03-15,56.23,4.6,5.157143,7.871429,2.2,80.92857,1.0,0.88571423,1.1142857,9.471429,3.8714285,0.00014814734,0.0017686859,0.0021810418,0.005719835,0.0037405305,True
2004-03-22,56.22,20.2,10.357142,14.6285715,6.071429,77.38572,1.8000001,1.6571429,1.6714286,9.242857,9.357142,0.00025248528,0.0018467382,9.1961454e-07,1.7784536e-05,0.0,True
2004-03-29,56.31,0.8,3.8714287,8.5,-0.6999999,73.200005,1.1714287,1.0,1.3285714,9.271428,5.5285716,1.7531216e-05,0.0019109696,5.993389e-05,0.00016201846,0.00021216273,True
2004-04-05,56.31,4.5,9.557143,14.985715,4.257143,62.642857,2.3285716,1.8999999,2.5571427,8.585714,9.4,3.604591e-05,0.001952827,5.4382144e-06,4.379265e-05,0.0,True
2004-04-12,56.31,21.7,5.357143,9.5,1.9714286,86.114296,1.2571429,1.1571429,1.1428572,8.757143,7.357143,0.0002681762,0.0019679144,2.2195634e-06,1.9360334e-05,1.8797815e-05,True
2004-04-19,56.3,1.8,11.0,16.77143,4.057143,66.185715,2.3999999,1.9,2.3999999,8.185715,12.557143,8.1926584e-05,0.001964271,-7.2791902999999985e-25,1.9930303e-07,0.0,True
2004-04-26,56.26,5.8,11.457143,16.800001,5.514286,73.92857,2.1142857,1.6857145,2.1285713,7.7714286,13.485714,8.124113e-05,0.0019361526,-7.2791902999999985e-25,1.8626451e-09,0.0,True
2004-05-03,56.23,15.9,14.5,19.914288,9.242858,65.97143,3.1571426,2.3428571,3.357143,7.1857142,15.785714,6.8455935e-05,0.0018928349,-7.2791902999999985e-25,3.7252903e-09,0.0,True
2004-05-10,56.28,37.9,12.457144,15.885714,9.071428,86.5,1.7285715,1.5428572,1.8285714,8.2,14.142858,0.0031247735,0.0018484741,-7.2791902999999985e-25,3.7252903e-09,0.0,True
2004-05-17,56.31,0.5,11.542857,15.414286,7.5,79.17143,1.842857,1.4857142,2.0857143,8.185715,14.071428,2.3469329e-05,0.0018271506,-7.2791902999999985e-25,0.0,0.0,True
2004-05-24,56.29,3.9,11.457144,16.87143,5.357143,67.22858,2.9285715,2.2857144,3.2714286,7.4,14.542857,5.440414e-05,0.0017848238,-7.2791902999999985e-25,3.7252903e-09,0.0,True
2004-05-31,56.24179265056114,1.6,13.257143,18.914286,6.6,65.07143,3.0285716,2.0142858,3.442857,6.6857142,16.171429,6.0617924e-05,0.0017327815,-7.2791902999999985e-25,0.0,0.0,True
2004-06-07,56.285,15.4,15.442858,20.014286,10.857142,76.21429,2.7714286,1.7571428,3.1000001,6.3,18.62857,0.00018654019,0.0016681105,-7.2791902999999985e-25,0.0,0.0,True
2004-06-14,56.27285714285715,14.6,17.357143,22.114286,12.3714285,77.41429,3.2428572,2.4,3.542857,6.1714287,20.414286,0.00014037639,0.001604259,-7.2791902999999985e-25,1.4901161e-08,0.0,True
2004-06-21,56.26285714285715,14.099999,14.1,19.457144,9.214286,73.21429,3.0714288,2.3428574,3.4428573,5.9857144,16.914286,0.00017299503,0.0015364736,-7.2791902999999985e-25,1.4901161e-08,0.0,True
2004-06-28,56.271428571428565,13.8,15.285714,20.114286,10.871429,74.37144,3.0142858,2.385714,3.2285714,6.042857,16.985714,0.00018285215,0.0014717281,-7.2791902999999985e-25,1.1175871e-08,0.0,True
2004-07-05,56.23285714285714,18.1,15.042857,20.114286,10.514287,77.328575,2.9714284,2.3285713,3.2142856,5.8428574,17.7,0.00026537478,0.0014090985,-7.2791902999999985e-25,1.1175871e-08,0.0,True
2004-07-12,56.24428571428572,22.0,15.67143,19.814287,11.0,75.62858,2.9,2.2714286,3.0857143,6.042857,18.1,0.0004606843,0.0013513193,-7.2791902999999985e-25,1.4901161e-08,0.0,True
2004-07-19,56.28714285714285,27.7,17.457144,22.428572,13.357142,80.4,2.8571427,2.3857143,3.1714287,6.1714287,19.328571,0.00065262616,0.0013032556,-7.284705e-25,1.3038516e-08,0.0,True
2004-07-26,56.40285714285714,25.3,18.057142,23.414288,13.17143,80.75714,2.8285713,2.5714283,3.1142857,7.2,21.214285,0.0042205676,0.0012601614,-7.345365000000001e-25,1.3038516e-08,0.0,True
2004-08-02,56.32857142857143,0.1,18.985716,25.0,11.6285715,67.97143,3.4857142,2.642857,3.857143,6.6857142,21.842857,3.0465424e-05,0.0012248531,-7.345365000000001e-25,7.450581e-09,0.0,True
2004-08-09,56.19428571428572,0.0,23.357143,29.885714,15.300001,53.885715,4.8714285,2.3857143,5.071429,5.4428573,24.528572,1.5795231e-06,0.0011761263,-7.345365000000001e-25,1.6763806e-08,0.0,True
2004-08-16,56.13428571428572,22.4,20.814287,27.014286,14.728572,68.15714,3.3,1.6285715,3.5857143,5.1,22.5,0.00019985437,0.0011195317,-7.345365000000001e-25,9.313226e-09,0.0,True
2004-08-23,56.16285714285714,17.599998,18.228573,24.185715,13.1,70.74286,2.914286,2.0285714,3.1714287,5.0857143,20.171429,7.3075294e-05,0.0010751337,-7.345365000000001e-25,9.313226e-09,0.0,True
2004-08-30,56.24,39.3,15.871429,20.34286,12.585715,84.314285,1.8571428,1.6000001,1.9285715,5.614286,17.357143,0.00020383298,0.0010390356,-7.345365000000001e-25,9.313226e-09,0.0,True
2004-09-06,56.33857142857143,2.9,16.757143,23.67143,9.942857,72.328575,2.4142857,1.7714285,2.6571429,6.0285716,18.314285,1.5333295e-05,0.0010057762,-7.345365000000001e-25,7.450581e-09,0.0,True
2004-09-13,56.24714285714286,11.0,16.185715,22.2,9.885715,64.61429,2.4142857,1.6714286,2.7571428,5.3,18.014286,8.028746e-05,0.0009633228,-7.345365000000001e-25,5.5879354e-09,0.0,True
2004-09-20,56.21428571428572,9.0,14.371429,20.1,8.7,67.01429,1.942857,1.1999999,2.3428571,4.928571,15.528571,2.8938055e-05,0.00092654675,-7.345365000000001e-25,1.1175871e-08,0.0,True
2004-09-27,56.25714285714286,12.8,11.857142,15.1,9.542857,85.21429,1.2857141,1.1285714,1.3142856,6.042857,12.085714,0.00012477487,0.00089820474,-7.345365000000001e-25,1.6763806e-08,0.0,True
2004-10-04,56.28714285714285,11.3,12.514285,17.485716,8.257143,83.457146,1.0,0.8714286,1.1571429,6.714286,12.785714,0.00011949241,0.00087565184,-7.345365000000001e-25,7.450581e-09,0.0,True
2004-10-11,56.26,1.5999999,10.028572,15.142858,5.7714286,79.87144,0.90000004,0.7285714,1.1142857,6.6857142,11.157143,3.9301813e-05,0.00085163116,-7.345365000000001e-25,3.7252903e-09,0.0,True
2004-10-18,56.23285714285714,1.9000001,8.0,12.357142,4.0142856,78.314285,0.75714284,0.59999996,1.0142857,6.5285716,8.1,5.5268407e-05,0.0008299649,-7.345365000000001e-25,3.7252903e-09,0.0,True
2004-10-25,56.24714285714286,7.5,12.528572,16.928572,7.8285713,74.28571,1.0714287,0.90000004,1.2428571,6.757143,10.542857,9.255856e-05,0.0008114502,-7.345365000000001e-25,7.450581e-09,0.0,True
2004-11-01,56.25142857142857,2.9,9.757143,12.357142,7.1714287,88.54286,0.4,0.2857143,0.54285717,6.8142858,10.071428,2.707541e-05,0.0007939413,-7.345365000000001e-25,3.7252903e-09,0.0,True
2004-11-08,56.25714285714286,2.3000002,7.728572,10.400001,5.371429,86.71429,0.44285712,0.37142858,0.55714285,6.928571,7.5571427,5.337596e-05,0.0007799268,-7.345365000000001e-25,1.8626451e-09,0.0,True
2004-11-15,56.29,10.7,3.7428572,6.4857144,1.0142858,91.057144,0.2857143,0.2857143,0.29999998,7.6,3.5285714,0.00014796108,0.00076738,3.0483518e-06,2.0889565e-05,2.0332634e-05,True
2004-11-22,56.44857142857143,45.600002,5.214286,7.428571,2.5714285,90.68572,0.5428571,0.5285714,0.4,9.071428,4.285714,0.0005771965,0.00075758994,0.001996381,0.006691629,0.007214807,True
2004-11-29,56.51857142857143,4.2,3.4,6.585714,0.7,87.65715,0.32857147,0.32857147,0.2857143,9.657143,2.8,9.068847e-05,0.0007550493,0.00015988803,0.0006680675,2.9876828e-05,True
2004-12-06,56.462857142857146,0.0,3.914286,5.7571435,1.6142857,90.700005,0.14285715,0.12857144,0.29999998,9.6,3.057143,1.0788441e-05,0.00076112896,5.1714123e-06,2.1966174e-05,0.0,True
2004-12-13,56.42285714285714,0.1,1.9000002,3.857143,-0.0857143,92.77143,0.08571429,0.071428575,0.29999998,9.5,1.7142857,1.3977289e-05,0.0007710904,3.535407e-05,2.9776245e-05,0.00016773492,True
2004-12-20,56.42714285714286,10.9,1.9857143,5.014286,-0.9714286,83.48572,0.34285715,0.31428573,0.24285714,9.542857,0.71428573,0.00015369058,0.0007820204,0.0009805929,0.00074183755,0.0031117313,True
2004-12-27,56.47571428571428,9.9,2.3714287,5.471429,-0.7857143,86.700005,0.3857143,0.3857143,0.41428572,9.828571,1.1714286,0.00022242218,0.00079578906,0.0010593618,0.0036269892,0.0010875091,True
2005-01-03,56.49428571428571,11.5,4.2428575,6.1,1.9000002,84.6,0.22500001,0.22500001,0.5714286,10.025,1.225,0.00017663836,0.00082084537,0.00044586544,0.0016196389,0.0015304945,True
2005-01-10,56.52285714285715,2.4,7.914286,9.971429,5.642857,74.38572,0.9714285,0.9285714,1.2142857,10.014286,5.4428573,6.1012805e-05,0.0008582771,2.9518492e-07,4.2170286e-06,0.0,True
2005-01-17,56.46857142857142,9.4,4.1,6.928571,1.4285715,83.88572,0.4571429,0.4,0.45714286,9.742857,2.9857142,2.5063753e-05,0.00090315193,8.662541e-06,2.0900741e-05,2.8029084e-05,True
2005-01-24,56.62857142857143,33.6,2.4714284,5.085715,0.34285715,87.27143,0.62857145,0.62857145,0.44285712,10.457143,1.9,0.00056642294,0.00095416605,0.0008771079,0.0025270786,0.004922699,True
2005-01-31,56.58714285714286,5.2,-1.0857142,0.9285714,-3.9428573,89.01429,0.08571429,0.08571429,0.34285715,10.314285,0.071428575,0.00015440956,0.001053527,0.0038778612,0.0045323726,0.0037336498,True
2005-02-07,56.56571428571429,1.8,1.1857144,3.9714286,-1.5428572,81.1,0.44285718,0.42857146,0.54285717,10.171429,0.98571426,7.978827e-05,0.0011676773,0.0005208935,0.0011839531,1.7881393e-06,True
2005-02-14,56.56714285714286,26.8,1.7285715,5.542857,-1.6857144,83.200005,0.64285713,0.64285713,0.61428577,10.471429,0.87142855,0.0007802546,0.0012896806,0.0005041304,0.00036535412,0.0028022155,True
2005-02-21,56.60285714285715,4.1,-0.21428572,1.6285714,-2.1000001,84.18572,0.21428572,0.21428572,0.54285717,10.4,0.14285715,6.172806e-05,0.0014470816,0.00494085,0.0022589602,0.0055612735,True
2005-02-28,56.52428571428572,8.7,-2.3142858,-0.12857144,-5.2000003,85.72858,0.10000001,0.10000001,0.51428574,10.328571,0.071428575,3.9100647e-05,0.0016123652,0.008362691,0.0018604845,0.009897415,True
2005-03-07,56.44857142857143,5.8,-2.3,0.37142855,-5.3714285,77.38572,0.057142857,0.057142857,0.67142856,10.3,0.028571429,3.7916005e-05,0.0017506778,0.014585302,0.001982199,0.006983962,True
2005-03-14,56.49571428571429,14.099999,1.7714287,4.657143,-0.8142857,81.62858,0.8714286,0.8714286,0.90000004,10.3,1.2571429,0.0004786253,0.0018660948,0.00781548,0.013440762,0.0055733994,True
2005-03-21,56.49857142857143,4.3,7.4428573,11.6,3.4,69.0,1.5285714,1.4142857,1.7428571,9.942857,7.1571426,0.00017732382,0.0020252243,0.0005425328,0.0041415114,8.940697e-07,True
2005-03-28,56.462857142857146,8.1,9.285714,14.442857,4.642857,78.02857,1.3,1.1428572,1.6,9.642858,9.557143,9.767711e-05,0.0022008717,6.81196e-08,6.1653554e-07,0.0,True
2005-04-04,56.43571428571429,0.70000005,8.6,15.342857,0.9857144,53.67143,2.642857,2.1285713,2.6142857,9.2,9.285714,6.0647726e-05,0.0023088679,-7.345365000000001e-25,0.0,0.0,True
2005-04-11,56.425714285714285,5.1000004,7.728572,12.342857,2.4,73.78571,1.7571429,1.5428572,1.7428571,8.528571,8.985714,0.00015582144,0.002333127,6.1307633e-06,5.143881e-05,5.6337565e-05,True
2005-04-18,56.42142857142857,9.5,12.857142,18.47143,7.428571,71.41429,2.2428572,1.7285715,2.3999999,7.9714284,13.457143,2.105534e-05,0.0023184195,7.322856e-07,6.5155327e-06,0.0,True
2005-04-25,56.39428571428572,1.3000001,7.914286,14.0,1.0571429,54.61429,2.7285714,1.8428571,3.0,7.385714,11.5,2.3826957e-05,0.0022653267,-7.345365000000001e-25,0.0,0.0,True
2005-05-02,56.36571428571428,2.8000002,14.585715,20.614286,8.328571,67.88572,2.8428571,1.8428571,3.0857143,7.0,15.285714,0.00010415912,0.002197504,-7.345365000000001e-25,3.7252903e-09,0.0,True
2005-05-09,56.41142857142857,33.3,9.942857,14.942858,6.6142855,80.08571,2.2,1.8428571,2.3142858,7.2,13.1,0.00038708746,0.0021227375,-7.345365000000001e-25,3.7252903e-09,0.0,True
2005-05-16,56.44857142857143,23.1,9.471429,14.385714,4.8285713,78.0,2.1857142,1.8857143,2.2142856,7.742857,12.042857,0.00029093772,0.0020620376,-7.345365000000001e-25,0.0,0.0,True
2005-05-23,56.42714285714286,8.4,12.842857,17.557144,7.3142858,70.92857,2.5571427,2.1428573,2.8428571,7.642857,15.085714,0.00016717613,0.0019970536,-7.345365000000001e-25,3.7252903e-09,0.0,True
2005-05-30,56.36571428571428,12.6,19.37143,25.300001,12.6,63.857143,4.2428575,2.9571426,4.5,6.742857,21.514286,8.3595514e-05,0.0019134656,-7.345365000000001e-25,7.450581e-09,0.0,True
2005-06-06,56.39,19.5,13.414286,17.814287,8.928572,74.84286,2.6857142,2.1857145,2.6857142,6.6714287,15.914286,0.00018756837,0.0018311068,-7.345365000000001e-25,7.450581e-09,0.0,True
2005-06-13,56.31714285714286,4.7,11.971429,17.27143,6.2571435,67.48572,2.7999997,2.114286,3.2,6.285714,15.085714,5.337596e-05,0.001755558,-7.345365000000001e-25,3.7252903e-09,0.0,True
2005-06-20,56.22857142857144,0.1,19.300001,25.642857,10.971429,60.728573,4.2428575,1.8714286,4.7571425,5.4714284,21.77143,6.2435865e-06,0.0016644746,-7.345365000000001e-25,7.450581e-09,0.0,True
2005-06-27,56.11714285714286,1.4,20.228573,27.457144,12.8,63.071434,4.5285716,1.7142857,4.8428574,5.0142856,23.971428,7.06017e-05,0.0015501231,-7.345365000000001e-25,7.450581e-09,0.0,True
2005-07-04,56.05857142857143,10.2,19.071428,24.628572,12.757143,68.77143,3.642857,1.3428571,3.8285713,4.928571,22.428572,6.234646e-05,0.0014481992,-7.345365000000001e-25,7.450581e-09,0.0,True
2005-07-11,56.09857142857143,26.1,17.171429,21.614286,13.171428,77.34286,2.957143,2.085714,2.9428573,5.457143,20.042856,0.00029048324,0.0013687164,-7.345365000000001e-25,3.7252903e-09,0.0,True
2005-07-18,56.06142857142857,2.0,21.242859,28.014286,13.828572,60.142857,4.2857146,2.0428572,4.585714,4.885714,24.1,4.749e-05,0.001281783,-7.345365000000001e-25,1.1175871e-08,0.0,True
2005-07-25,56.09142857142857,37.600002,16.37143,20.814285,13.0,77.11428,2.5571427,2.0285714,2.6857142,5.8142858,18.22857,0.00029484928,0.0012083426,-7.345365000000001e-25,1.4901161e-08,0.0,True
2005-08-01,56.19,17.3,19.385714,24.728573,14.528572,73.91429,3.2142854,2.7571428,3.4285715,6.3714285,21.842857,0.00015414506,0.001149185,-7.345365000000001e-25,1.1175871e-08,0.0,True
2005-08-08,56.16285714285714,16.2,15.0,20.271427,10.257143,77.58572,2.2857144,2.0857143,2.7285714,6.214286,17.785715,0.0001642257,0.0010896102,-7.345365000000001e-25,3.7252903e-09,0.0,True
2005-08-15,56.19714285714286,12.9,15.300001,18.957144,12.257143,78.6,1.7285713,1.5142858,2.2285714,6.571429,16.1,0.00019356608,0.0010447055,-7.345365000000001e-25,1.4901161e-08,0.0,True
2005-08-22,56.16571428571428,0.0,19.085714,24.97143,13.071428,72.8,2.742857,2.1285713,3.1142857,6.385714,20.957144,4.74751e-05,0.0010011345,-7.345365000000001e-25,7.450581e-09,0.0,True
2005-08-29,56.10142857142857,3.1999998,16.571428,21.828571,11.457144,72.0,2.1714284,1.6285714,2.5857143,5.757143,18.7,3.6485493e-05,0.0009572208,-7.345365000000001e-25,3.7252903e-09,0.0,True
2005-09-05,56.04571428571428,2.6,19.300001,26.17143,11.971429,67.24286,2.742857,1.7285715,3.1571429,5.071429,20.885714,3.8690865e-05,0.0009114966,-7.345365000000001e-25,1.1175871e-08,0.0,True
2005-09-12,55.99285714285714,4.2999997,19.914288,26.300001,13.914286,70.24286,2.3,1.0,2.5857143,4.6714287,20.971428,8.325279e-05,0.0008639321,-7.345365000000001e-25,9.313226e-09,0.0,True
2005-09-19,56.06285714285714,25.4,12.342857,18.128572,6.8285713,77.6,1.5285714,1.1857144,1.7857143,5.6,15.314285,0.00020356476,0.00082966685,-7.345365000000001e-25,1.8626451e-09,0.0,True
2005-09-26,56.10142857142858,18.0,14.599999,21.814287,7.9000006,74.74286,1.5285715,1.1285714,1.7571429,5.785714,15.928572,9.739399e-05,0.0007976815,-7.345365000000001e-25,1.8626451e-09,0.0,True
2005-10-03,56.12285714285714,22.1,11.842857,15.6285715,8.514286,85.84286,0.92857134,0.84285706,1.1142857,6.4857144,12.8,0.00021998584,0.0007715523,-7.345365000000001e-25,5.5879354e-09,0.0,True
2005-10-10,56.05142857142857,0.0,12.985715,18.828571,8.5,85.42857,0.94285715,0.7428571,1.1571429,6.6714287,13.6,2.3841858e-07,0.000750944,-7.345365000000001e-25,9.313226e-09,0.0,True
2005-10-17,56.07142857142857,0.0,9.414286,16.328571,3.957143,79.4,0.9000001,0.67142856,0.9857143,6.3,11.271428,8.940697e-08,0.00073007494,-7.345365000000001e-25,3.7252903e-09,0.0,True
2005-10-24,56.16571428571429,24.0,10.514287,14.714286,6.2714286,83.814285,0.74285716,0.6285714,0.8,6.3428574,10.285714,0.0002181083,0.00071235,-7.345365000000001e-25,7.450581e-09,0.0,True
2005-10-31,56.17333333333334,1.1,12.942858,18.171429,8.657144,81.18572,0.84285706,0.75714284,0.9142857,7.242857,11.485714,2.8155744e-05,0.00069800764,-7.345365000000001e-25,9.313226e-09,0.0,True
2005-11-07,56.174,9.9,10.328572,13.885715,6.657143,86.57143,0.5857143,0.5571429,0.5285714,7.385714,9.485714,0.00012308359,0.0006854981,-7.345365000000001e-25,3.7252903e-09,0.0,True
2005-11-14,56.15428571428571,0.5,8.400001,11.814286,4.6857142,85.057144,0.37142855,0.31428573,0.4714286,7.4428573,7.4428573,4.142523e-06,0.0006752908,-7.345365000000001e-25,0.0,0.0,True
2005-11-21,56.22428571428571,21.7,2.9857144,4.8714285,0.7,91.457146,0.24285714,0.24285714,0.2857143,8.328571,3.0714285,0.00030475855,0.00066744536,0.00022051448,0.00038926862,0.0015091747,True
2005-11-28,56.28857142857142,4.2,0.47142857,2.857143,-1.6142857,84.02857,0.21428573,0.18571429,0.4,8.771428,0.8428571,1.835823e-05,0.00066218525,0.0034987244,0.0008200444,0.0068764687,True
2005-12-05,56.262857142857136,6.9,2.0428572,4.6571426,-0.5857143,84.457146,0.22857143,0.20000002,0.32857147,8.942857,0.3857143,0.0002539307,0.0006590858,0.0036504099,0.006055655,0.0002165027,True
2005-12-12,56.30714285714286,8.5,2.3285713,4.785714,-0.74285716,92.557144,0.114285715,0.114285715,0.21428572,9.285714,1.6,9.88543e-05,0.0006599799,0.00034910726,0.0007996019,1.4364719e-05,True
2005-12-19,56.39142857142857,29.1,2.957143,4.8285713,0.6714286,90.25714,0.4,0.4,0.44285712,9.857142,1.9,0.0010380521,0.000668861,0.0019280683,0.0015735552,0.008532528,True
2005-12-26,56.46,10.2,3.9142857,5.9000006,1.6285715,90.8,0.25714287,0.25714287,0.3,10.3,2.6285715,0.00035236776,0.00070043653,0.0013609501,0.0073366165,0.0022606403,True
2006-01-02,56.401428571428575,9.0,-0.7285715,1.1714287,-3.3428571,87.34286,0.04,0.04,0.3,10.3,0.12,0.00019346178,0.00076618046,0.0057938495,0.0075874776,0.009926751,True
2006-01-09,56.40714285714286,0.3,-1.5428572,0.07142855,-2.957143,91.85714,0.028571429,0.028571429,0.24285714,10.257143,-0.1,1.2561679e-05,0.0008453503,0.0046460913,0.00034649298,0.0010995828,True
2006-01-16,56.32285714285714,0.8,-1.2285715,2.6571429,-4.8142858,85.17143,0.15714288,0.14285715,0.15714286,10.171429,-1.1,5.3867698e-05,0.00092916936,0.0031972555,0.0021560155,2.2947788e-06,True
2006-01-23,56.37285714285714,19.0,-1.8000001,1.1000001,-4.714286,84.24286,0.12857144,0.12857144,0.35714287,10.428572,-1.2857143,0.00046037138,0.0010090247,0.0033679008,0.0069952793,0.0057627335,True
2006-01-30,56.29714285714285,1.5,-6.957143,-1.8714286,-11.928572,81.64286,0.014285714,0.014285714,0.2,10.314285,-4.214286,6.213784e-06,0.0011287853,0.0024709303,0.00018060952,0.0016845167,True
2006-02-06,56.25714285714286,4.7,-2.1857142,0.24285714,-5.085715,92.71429,0.057142857,0.057142857,0.2857143,10.214286,-1.9857143,2.2917986e-05,0.0012600049,0.0037636927,0.00075624697,0.005038347,True
2006-02-13,56.387142857142855,13.4,1.5285714,3.7000003,-0.6285715,88.200005,0.4714286,0.4714286,0.45714286,10.557143,0.042857144,0.00045663118,0.0013893247,0.004007964,0.0076920874,0.005638182,True
2006-02-20,56.45,17.599998,2.8142858,5.7999997,0.057142876,87.71429,0.4857143,0.4857143,0.5285714,10.271428,0.8857143,0.00040987134,0.0015752017,0.0018080019,0.004729748,0.0014051907,True
2006-02-27,56.48142857142857,0.70000005,-0.7,2.057143,-2.8714287,77.828575,0.34285715,0.34285715,0.7285715,10.2,-0.042857144,4.6804547e-05,0.001831457,0.0030310098,0.0011319239,0.0043501332,True
2006-03-06,56.39142857142857,8.9,0.028571425,3.2857144,-3.1142857,78.94286,0.5714286,0.55714285,0.82857144,10.1,-0.042857144,8.0779195e-05,0.0020787418,0.0057689915,0.0025117416,0.007321816,True
2006-03-13,56.36571428571428,20.6,-1.7857143,1.457143,-4.8142858,83.38572,0.3,0.3,0.5857143,10.271428,0.0,0.00012718141,0.0022577196,0.014863775,0.0042197183,0.019912314,True
2006-03-20,56.33285714285714,0.4,-0.3571429,2.557143,-3.2857144,83.78571,0.3285714,0.3142857,0.7571429,10.2,0.028571429,0.0002558604,0.0023975372,0.017827885,0.012147959,0.0017581135,True
2006-03-27,56.46428571428572,28.400002,4.857143,10.042857,0.24285711,76.44286,1.3285714,1.2428572,1.2428571,10.1,4.4142857,0.0020443946,0.0031729117,0.003609379,0.008104339,8.498132e-05,True
2006-04-03,56.51714285714286,14.5,9.157143,13.157144,4.9,78.328575,1.557143,1.557143,1.6,10.428572,8.471429,0.0004066527,0.0030685812,2.9348191e-06,3.504567e-05,0.0,True
2006-04-10,56.41428571428571,2.2,5.9857144,10.514285,1.8714286,67.32857,1.8571427,1.6857144,1.957143,9.928572,6.928571,0.00010264665,0.0037435144,3.3038002e-06,2.0008534e-05,2.0764768e-05,True
2006-04-17,56.37,8.0,7.857143,11.414286,3.7,76.35714,1.5000001,1.4142858,1.6,9.5,8.314285,0.00029540062,0.0041113496,-7.345365000000001e-25,1.9930303e-07,0.0,True
2006-04-24,56.37714285714286,9.2,10.742857,15.442857,5.6,75.114296,1.8142856,1.6285715,2.0285714,9.357142,12.157143,0.00016203523,0.004232228,-7.345365000000001e-25,0.0,0.0,True
2006-05-01,56.41142857142857,30.4,10.714286,15.585715,5.7000003,75.17143,2.1142857,1.9142858,2.2428572,9.314285,12.928572,0.00017009676,0.004237935,-7.345365000000001e-25,5.5879354e-09,0.0,True
2006-05-08,56.37571428571429,0.0,16.257143,22.585714,8.6285715,52.728573,4.4714284,3.3285716,4.2999997,8.428572,17.042856,6.3478947e-06,0.004132755,-7.345365000000001e-25,0.0,0.0,True
2006-05-15,56.285714285714285,2.0,14.957144,21.685715,6.3285713,59.07143,3.6714284,2.2285714,3.6714287,6.9857144,17.928572,1.0415912e-05,0.0039154664,-7.345365000000001e-25,0.0,0.0,True
2006-05-22,56.28,20.2,14.242858,18.857143,10.17143,74.42857,2.742857,2.1571429,2.8999999,6.8,15.6285715,0.00023703277,0.003705293,-7.345365000000001e-25,1.4901161e-08,0.0,True
2006-05-29,56.33,32.5,11.400001,15.571428,7.057143,79.5,2.5285716,2.2571428,2.3428571,7.2714286,13.742857,0.00038009882,0.003522642,-7.345365000000001e-25,7.450581e-09,0.0,True
2006-06-05,56.39857142857142,19.9,10.357142,14.385715,5.8,77.042854,2.1428573,1.9142857,2.4142857,7.785714,13.057143,0.00028982013,0.003358297,-7.345365000000001e-25,3.7252903e-09,0.0,True
2006-06-12,56.291428571428575,0.0,17.4,23.614286,9.071428,61.785713,4.1285715,2.9714284,4.5142856,7.0857143,20.571428,1.6227365e-05,0.0031920448,-7.345365000000001e-25,0.0,0.0,True
2006-06-19,56.21857142857142,18.0,19.557144,25.514286,12.928572,72.5,3.6999996,2.2,3.9285715,6.1857142,22.914286,0.0006120354,0.0029769242,-7.345365000000001e-25,7.450581e-09,0.0,True
2006-06-26,56.16142857142857,6.7,20.228573,25.34286,13.971429,66.52857,4.0857143,2.6285717,4.285714,5.9714284,23.085714,4.23342e-05,0.00279741,-7.345365000000001e-25,7.450581e-09,0.0,True
2006-07-03,56.06571428571429,0.0,19.085714,24.757143,12.014287,60.3,4.4,1.5,4.542857,5.5857143,22.5,1.5497208e-06,0.002593279,-7.345365000000001e-25,3.7252903e-09,0.0,True
2006-07-10,55.99142857142857,19.6,22.785715,28.928572,15.828572,65.185715,4.657143,1.6857144,4.7999997,5.2285714,25.257143,9.292364e-05,0.002362132,-7.345365000000001e-25,1.4901161e-08,0.0,True
2006-07-17,55.93142857142857,0.0,21.34286,28.34286,13.185715,57.014286,4.7285714,1.4571428,5.057143,4.9714284,25.0,3.4719706e-06,0.0021574497,-7.345365000000001e-25,7.450581e-09,0.0,True
2006-07-24,55.85428571428572,3.8,25.47143,33.314285,15.985715,51.24286,5.3142858,0.7714286,5.428571,4.614286,27.2,1.6629696e-05,0.0019344687,-7.345365000000001e-25,3.7252903e-09,0.0,True
2006-07-31,55.78857142857142,2.8999999,24.528574,31.328571,17.814287,58.05714,4.3,1.3571428,4.5,4.614286,26.62857,4.5508146e-05,0.0017369092,-7.345365000000001e-25,1.1175871e-08,0.0,True
2006-08-07,55.75571428571429,8.9,18.67143,24.542858,13.285714,70.5,3.1142857,1.8999999,3.357143,4.757143,20.828571,0.000104129314,0.0015884563,-7.345365000000001e-25,1.3038516e-08,0.0,True
2006-08-14,55.75714285714286,16.7,16.128572,21.428572,11.542857,71.61429,2.2857144,1.4285716,2.7142856,4.5571427,19.142857,4.811585e-05,0.0014719069,-7.345365000000001e-25,3.7252903e-09,0.0,True
2006-08-21,55.82571428571429,20.6,17.5,23.214285,13.228571,81.12858,2.4285715,2.0714285,2.457143,5.457143,19.414286,0.00017279387,0.0013694391,-7.345365000000001e-25,1.6763806e-08,0.0,True
2006-08-28,55.88,24.0,15.742858,20.642857,11.971429,81.41429,1.8142856,1.6142857,2.1,6.0571427,17.685715,0.0002758801,0.0012850463,-7.345365000000001e-25,7.450581e-09,0.0,True
2006-09-04,55.934285714285714,13.0,17.157145,21.328571,14.1285715,74.85714,2.2285712,1.9571427,2.5857143,6.757143,17.285715,0.00021956861,0.0012158304,-7.345365000000001e-25,2.0489097e-08,0.0,True
2006-09-11,55.90571428571428,2.0,16.671429,23.128572,11.157144,73.48572,2.1571429,1.6142857,2.5,6.3714285,18.114286,3.1873584e-05,0.0011534616,-7.345365000000001e-25,1.4901161e-08,0.0,True
2006-09-18,55.86142857142857,0.0,19.485716,26.7,12.1,62.94286,2.6857142,1.5285714,3.0285714,5.642857,19.857143,2.3841858e-07,0.0010884777,-7.345365000000001e-25,7.450581e-09,0.0,True
2006-09-25,55.80714285714286,1.3,17.528572,24.84286,10.814285,62.74286,2.2857144,0.9857144,2.6714287,5.1571426,18.257143,1.5944242e-06,0.001027815,-7.345365000000001e-25,9.313226e-09,0.0,True
2006-10-02,55.78428571428572,5.8,16.757143,21.914288,12.3714285,76.15715,1.3285714,0.8,1.6142857,4.9857144,17.514286,7.6174736e-05,0.00097408146,-7.345365000000001e-25,7.450581e-09,0.0,True
2006-10-09,55.81285714285714,11.799999,13.271429,17.5,9.985715,78.48572,1.0571429,0.7857142,1.3857143,5.3428574,13.385715,6.363541e-05,0.00093209,-7.345365000000001e-25,1.1175871e-08,0.0,True
2006-10-16,55.84857142857143,0.3,11.67143,16.0,8.071428,86.0,0.6,0.4,0.8142857,5.2714286,13.0,4.865229e-06,0.00089496374,-7.345365000000001e-25,3.7252903e-09,0.0,True
2006-10-23,55.87857142857143,5.0,12.985715,18.214285,7.9000006,77.0,0.90000004,0.5714286,1.0142857,5.114286,12.028571,3.800541e-05,0.00086117536,-7.345365000000001e-25,7.450581e-09,0.0,True
2006-10-30,55.89714285714285,15.2,13.1285715,16.914286,9.442857,78.12858,1.0857142,0.82857144,1.2142857,5.4428573,12.385715,0.0001212433,0.00082938373,-7.345365000000001e-25,1.3038516e-08,0.0,True
2006-11-06,55.94857142857143,7.2000003,7.285714,10.17143,4.042857,78.11428,0.7285715,0.6571428,1.0,6.0142856,6.571429,8.457899e-05,0.00080224127,2.4244899e-05,8.8110566e-05,8.5391104e-05,True
2006-11-13,56.00571428571429,12.7,7.142857,10.228571,3.9285715,83.28571,0.6999999,0.6571428,0.67142856,6.3714285,6.6857142,0.00016485155,0.00077899545,-7.345365000000001e-25,3.3527613e-08,0.0,True
2006-11-20,56.07,8.7,10.142858,13.414286,6.2714286,80.87144,0.5428571,0.5,0.6571428,6.957143,8.3714285,0.000102467835,0.0007586032,-7.345365000000001e-25,1.8626451e-09,0.0,True
2006-11-27,56.13142857142857,9.3,9.1,12.457144,4.7714286,82.457146,0.4857143,0.4285714,0.55714285,7.542857,6.9142857,0.0001989901,0.00074180216,-7.345365000000001e-25,3.7252903e-09,0.0,True
2006-12-04,56.16,3.9,7.5,11.214286,4.0285716,84.07143,0.34285715,0.32857147,0.37142855,7.614286,5.7714286,4.1216612e-05,0.00072897226,-7.345365000000001e-25,3.7252903e-09,0.0,True
2006-12-11,56.191428571428574,10.5,8.400001,11.428572,5.0428576,75.88572,0.68571424,0.64285713,0.9714286,7.6714287,6.3,0.00014330447,0.00071852654,-7.345365000000001e-25,3.7252903e-09,0.0,True
2006-12-18,56.21571428571429,4.0,6.828572,8.757143,4.414286,79.87144,0.44285712,0.42857143,0.67142856,8.057143,4.885714,7.4878335e-05,0.0007104352,-7.345365000000001e-25,3.7252903e-09,0.0,True
2006-12-25,56.23,1.3000001,4.614286,5.8857145,3.4857144,92.328575,0.12857144,0.12857144,0.29999998,8.171429,3.8,1.7642975e-05,0.00070471317,-7.345365000000001e-25,0.0,0.0,True
2007-01-01,56.25285714285714,11.8,4.071429,6.957143,1.0857143,85.114296,0.41666666,0.38333333,0.55714285,8.283334,2.15,0.00016334653,0.0007004589,0.0007195473,0.0035700016,0.003516551,True
2007-01-08,56.294285714285714,21.9,6.9428573,8.571428,5.3142858,84.35714,0.61428577,0.61428577,0.6571428,8.842857,5.457143,0.00086174905,0.0006972477,1.0728836e-06,7.916242e-06,0.0,True
2007-01-15,56.33428571428571,14.6,8.8,11.428572,5.5142856,73.62858,1.2285713,1.1714286,1.3714286,9.1285715,6.742857,0.00077569485,0.00070400536,-7.345365000000001e-25,1.1175871e-08,0.0,True
2007-01-22,56.462857142857146,51.4,6.8,9.785714,3.4428573,79.74286,1.0571429,1.0571429,0.95714283,10.057143,5.3428574,0.0021580756,0.0012119785,1.3056255e-07,7.450581e-09,2.6337802e-06,True
2007-01-29,56.47285714285714,11.7,-0.5,2.2428572,-3.642857,81.35714,0.37142855,0.37142855,0.47142857,10.057143,-0.057142857,0.0002643019,0.0008549616,0.0014049893,0.00402911,0.0047046915,True
2007-02-05,56.49,2.9,5.7000003,7.4714284,3.5857143,85.25715,0.58571434,0.5571429,0.6571428,10.0,4.4857144,8.095801e-05,0.000999637,7.532892e-05,0.0006506406,6.7681074e-05,True
2007-02-12,56.44857142857143,18.1,0.5857143,3.1714287,-1.9428571,89.57143,0.22857144,0.22857144,0.37142858,10.057143,0.8428571,0.00035304576,0.0011525452,0.004552103,0.008423077,0.011062857,True
2007-02-19,56.51571428571429,7.3999996,4.8857145,7.5,2.0142858,82.44286,0.6857143,0.61428577,0.67142856,10.328571,4.042857,0.000396356,0.0013546646,0.00033265067,0.003139521,0.0,True
2007-02-26,56.43857142857143,12.0,5.8,9.428572,2.3142858,81.67143,0.7285715,0.7142858,0.8,10.1,4.742857,0.00029978156,0.0016586706,1.7029898e-06,8.618459e-06,0.0,True
2007-03-05,56.50857142857143,24.1,5.928571,9.028571,2.9142857,80.98572,1.1,1.1,1.0428572,10.614285,5.5857143,0.0006457642,0.0019790083,4.35341e-05,0.0005209502,0.0005095415,True
2007-03-12,56.41,3.0,8.1285715,12.971429,2.8857143,75.08572,1.3000001,1.1857141,1.3142856,10.028571,7.1285715,0.00010012835,0.0025028214,8.0040525e-07,8.519739e-06,0.0,True
2007-03-19,56.32714285714286,7.3,6.8428574,11.757143,2.2,77.15715,1.4285715,1.2285715,1.2714285,9.614285,7.7,0.00013911724,0.0028840974,-7.345365000000001e-25,1.8626451e-09,0.0,True
2007-03-26,56.46,35.5,6.0142856,10.528572,1.8000001,74.6,1.6428572,1.5428572,1.7285715,10.328571,6.0142856,0.002029486,0.0041444898,0.0012662695,0.008519813,0.008323476,True
2007-04-02,56.39714285714285,0.0,9.571428,16.657145,2.5285716,57.828575,2.5857143,2.0142858,2.5857143,9.285714,10.285714,8.419156e-06,0.0037233308,6.1307634e-07,5.5134296e-06,0.0,True
2007-04-09,56.35,2.5,7.6,12.3,2.7000003,72.64286,1.7000002,1.2857143,1.8000001,8.571428,9.385715,4.4599175e-05,0.0039189234,-7.345365000000001e-25,0.0,0.0,True
2007-04-16,56.29857142857144,0.0,14.028572,21.414286,5.3428574,60.971428,3.2142854,2.2,3.142857,7.6857142,14.342857,1.0043383e-05,0.0038921013,-7.345365000000001e-25,3.7252903e-09,0.0,True
2007-04-23,56.24285714285714,1.1,9.8,16.328571,1.8571428,58.4,2.8999999,1.2142857,2.8714287,6.8428574,12.985714,8.568168e-06,0.0037510917,-7.345365000000001e-25,-1.8626451e-09,0.0,True
2007-04-30,56.19,0.2,14.7,22.02857,6.1285715,59.657143,3.757143,1.1,3.5142858,6.3285713,17.514286,5.4612756e-05,0.0035708025,-7.345365000000001e-25,0.0,0.0,True
2007-05-07,56.10857142857143,26.300001,13.057143,20.5,4.0857143,54.385715,3.7999997,0.64285713,3.5285716,6.042857,16.928572,0.00020088255,0.0033298805,-7.345365000000001e-25,0.0,0.0,True
2007-05-14,56.29714285714285,41.3,13.071428,17.528572,8.828572,80.24286,2.8428574,2.5,2.3714287,7.1714287,14.257143,0.001087755,0.0031334609,-7.345365000000001e-25,1.4901161e-08,0.0,True
2007-05-21,56.33428571428571,7.7000003,14.371429,20.2,7.5285716,72.52857,3.2142856,2.642857,3.2571428,7.357143,16.8,0.00022765994,0.0029858276,-7.345365000000001e-25,3.7252903e-09,0.0,True
2007-05-28,56.291428571428575,39.0,18.142857,24.028574,12.971429,80.685715,3.0714285,2.5571427,3.142857,7.257143,21.4,0.0005790293,0.0028309003,-7.345365000000001e-25,7.450581e-09,0.0,True
2007-06-04,56.370000000000005,16.699999,14.7,18.728573,9.971429,79.35714,2.3857143,2.0714285,2.4428573,8.742857,18.157143,0.0015614033,0.0027724802,-7.345365000000001e-25,7.450581e-09,0.0,True
2007-06-11,56.23571428571428,0.0,21.657145,27.714285,14.471429,68.9,4.3,3.2285714,4.6,7.742857,24.3,1.6748905e-05,0.0026384667,-7.345365000000001e-25,3.7252903e-09,0.0,True
2007-06-18,56.16428571428571,50.9,19.0,24.614286,13.757143,75.22858,3.5571427,3.1,3.7571428,7.4714284,22.357143,0.00047275424,0.0024981722,-7.345365000000001e-25,7.450581e-09,0.0,True
2007-06-25,56.25571428571429,22.7,18.042858,23.528574,13.1,76.78571,3.2285712,3.0142858,3.4857142,8.685715,21.071428,0.0045036003,0.0028143302,-7.345365000000001e-25,7.450581e-09,0.0,True
2007-07-02,56.28,21.8,15.342857,19.742859,10.928572,77.18572,2.8714287,2.6857145,2.7857144,8.757143,17.328571,0.0012113377,0.0023321062,-7.345365000000001e-25,1.1175871e-08,0.0,True
2007-07-09,56.31,19.3,15.400001,20.2,11.5,78.1,2.8999999,2.6857142,3.042857,8.914286,17.742857,0.00033079088,0.0022962838,-7.345365000000001e-25,1.4901161e-08,0.0,True
2007-07-16,56.30142857142857,14.8,19.914288,26.285715,13.714286,72.07143,3.8,3.2428572,4.0,8.757143,20.757143,0.00016498566,0.002276197,-7.345365000000001e-25,1.1175871e-08,0.0,True
2007-07-23,56.17,16.6,20.085714,25.414288,13.914286,66.97143,3.6285717,2.9142857,3.9142857,7.8285713,23.385714,0.0038563013,0.0022048429,-7.345365000000001e-25,1.1175871e-08,0.0,True
2007-07-30,56.191428571428574,23.1,16.5,20.785715,12.228572,75.47143,2.9857142,2.7285714,2.9142857,8.6,18.6,0.0015046522,0.0021572262,-7.345365000000001e-25,1.4901161e-08,0.0,True
2007-08-06,56.14571428571429,3.0,17.5,23.314287,10.785714,67.15714,3.3714287,2.7714286,3.7142856,8.414286,19.742857,2.6717782e-05,0.002171412,-7.345365000000001e-25,7.450581e-09,0.0,True
2007-08-13,56.10142857142857,12.4,18.7,23.685715,14.285714,81.51429,2.357143,2.0285716,2.6857145,8.3,21.6,0.00012776256,0.002152115,-7.345365000000001e-25,7.450581e-09,0.0,True
2007-08-20,56.10428571428572,13.0,18.0,23.657145,11.485715,71.07143,2.857143,2.442857,3.0714285,8.328571,20.442858,0.00013826787,0.0021115094,-7.345365000000001e-25,1.1175871e-08,0.0,True
2007-08-27,56.42142857142857,69.7,17.457144,22.5,13.442857,82.685715,2.1571429,1.9857142,2.3285713,9.171429,20.185715,0.0013601482,0.002064243,-7.345365000000001e-25,1.1175871e-08,0.0,True
2007-09-03,56.51,21.400002,13.814286,18.300001,9.185715,79.84286,1.7428571,1.5428572,1.9285715,8.857142,16.542856,0.0006363392,0.002031386,-7.345365000000001e-25,9.313226e-09,0.0,True
2007-09-10,56.45857142857143,15.5,13.542857,17.77143,10.457144,80.08572,1.6142857,1.5,1.9142857,9.214286,14.828571,0.00021413714,0.0020094737,-7.345365000000001e-25,1.1175871e-08,0.0,True
2007-09-17,56.42142857142857,4.4,13.985715,18.442858,9.457143,76.200005,1.6285715,1.4999999,2.0,9.3714285,14.885715,7.5519085e-05,0.0020021498,-7.345365000000001e-25,1.1175871e-08,0.0,True
2007-09-24,56.31285714285714,6.3,13.928572,19.857143,8.271429,73.64286,1.6571428,1.442857,1.9571428,9.214286,14.614285,0.00010792911,0.001987137,-7.345365000000001e-25,7.450581e-09,0.0,True
2007-10-01,56.35,37.5,12.571428,15.742858,9.457144,86.1,0.94285715,0.9285715,1.1428572,10.3,13.457143,0.0026962906,0.0020233318,-7.345365000000001e-25,1.1175871e-08,0.0,True
2007-10-08,56.38857142857143,1.4000001,10.828572,15.214286,7.1285715,88.5,0.6857143,0.64285713,0.8285714,10.328571,12.457143,0.0001707375,0.002160214,-7.345365000000001e-25,1.8626451e-09,0.0,True
2007-10-15,56.271428571428565,0.2,9.171428,14.428572,4.328572,78.67143,0.75714284,0.67142856,0.85714287,9.8714285,10.3714285,1.30832195e-05,0.0024205223,-7.345365000000001e-25,1.8626451e-09,0.0,True
2007-10-22,56.23714285714285,9.6,7.5285716,11.885715,3.2714286,81.042854,0.7285714,0.6999999,0.78571427,9.785714,8.157143,0.0001250282,0.0025706142,-7.345365000000001e-25,3.7252903e-09,0.0,True
2007-10-29,56.22428571428571,7.0,6.5428576,9.1,3.3,88.0,0.3857143,0.3571429,0.51428574,9.714286,6.6857142,6.1541796e-05,0.0026515722,-7.345365000000001e-25,1.8626451e-09,0.0,True
2007-11-05,56.25857142857143,8.0,8.8,11.614286,5.2000003,88.11428,0.4142857,0.4142857,0.51428574,10.014286,8.171429,0.00016713142,0.0027024373,-7.345365000000001e-25,7.450581e-09,0.0,True
2007-11-12,56.42,37.4,5.1285715,7.5714293,2.957143,86.828575,0.78571427,0.78571427,0.59999996,10.714286,4.9,0.0007266477,0.002767764,0.0004034326,0.0015819613,0.0025125071,True
2007-11-19,56.50285714285714,9.2,2.8857143,4.714286,0.82857144,90.5,0.22857144,0.22857144,0.34285715,10.685715,2.5285714,0.00034184754,0.0031153336,0.00062038784,0.001694642,0.000838235,True
2007-11-26,56.37285714285714,2.9,3.6000001,6.071429,0.9428572,87.35714,0.34285715,0.34285715,0.37142855,10.242857,2.7,0.00011519343,0.0036546513,9.375527e-05,0.00025015138,0.0004181154,True
2007-12-03,56.4,14.9,4.8142858,7.5428576,2.2000003,83.700005,0.62857145,0.62857145,0.59999996,10.428572,3.3428571,0.00037026405,0.0040555745,0.00012933073,0.00032763928,6.4373016e-06,True
2007-12-10,56.5,17.1,7.1,9.328572,4.928571,82.92857,0.6428571,0.6428571,0.71428573,10.714286,5.5285716,0.0006593168,0.0044774413,-7.345365000000001e-25,4.5634806e-07,0.0,True
2007-12-17,56.43714285714286,0.8,1.5142858,2.7285714,-0.2857143,87.22858,0.15714286,0.15714286,0.31428573,10.3714285,1.7857143,9.833276e-05,0.005198598,7.7531455e-05,7.0668757e-06,0.0004477203,True
2007-12-24,56.355714285714285,0.0,-2.6857145,-1.2428572,-4.457143,93.557144,0.0,0.0,0.17142858,10.2,-1.1,6.452203e-06,0.0057842657,0.0004711662,6.511435e-05,0.0001077503,True
2007-12-31,56.34,0.90000004,2.2714286,4.3142858,0.08571429,85.57143,0.20000002,0.18571429,0.35714287,10.157143,-0.028571429,1.5988946e-05,0.0060187355,0.000243976,0.00043771788,6.631017e-07,True
2008-01-07,56.33142857142857,12.8,-0.04285717,1.6571429,-2.1142857,86.185715,0.18571427,0.18571427,0.37142855,10.185715,-0.45714286,0.00024966896,0.0060473233,0.001367149,0.0017091315,0.002148781,True
2008-01-14,56.387142857142855,0.3,5.0285716,8.057143,1.8285714,77.42857,0.5714286,0.5571429,0.5857143,10.228572,1.6857142,2.4482608e-05,0.006005451,9.407884e-05,0.00048883446,0.0,True
2008-01-21,56.43428571428571,47.5,8.171429,10.328572,4.785714,83.64286,0.77142864,0.7571429,0.67142856,10.557143,5.928571,0.0021508709,0.007156931,1.5894572e-07,1.5776604e-06,0.0,True
2008-01-28,56.635714285714286,24.199999,6.214286,8.400001,3.8285713,83.44286,0.75714284,0.74285716,0.6857143,10.914286,4.8428574,0.00052690506,0.008075751,-7.345365000000001e-25,3.7252903e-08,2.9802322e-08,True
2008-02-04,56.57428571428572,5.5,3.5,5.8,1.2571429,78.65715,0.67142856,0.6571428,0.7,10.357142,2.7285714,8.845329e-05,0.01044479,0.000204864,0.00049158,0.0007478446,True
2008-02-11,56.49142857142857,6.9,5.2428575,10.285714,1.3571428,81.314285,0.67142856,0.67142856,0.5,10.214286,4.0571427,0.00014910102,0.011140384,3.9844286e-05,0.00022865646,0.0,True
2008-02-18,56.41714285714285,0.1,1.1,4.3,-2.2857144,80.057144,0.4285714,0.38571426,0.45714286,10.0,1.5428572,1.7687678e-05,0.011054568,6.215913e-06,2.0017847e-05,3.477186e-05,True
2008-02-25,56.364285714285714,4.2,6.6,9.0,3.1285713,79.58572,0.91428566,0.8714286,0.9142857,9.757143,5.457143,8.532405e-05,0.010780312,3.076735e-06,1.8045306e-05,0.0,True
2008-03-03,56.401428571428575,29.2,6.7571435,10.1285715,2.8857143,77.40001,1.3142856,1.2714285,1.1428572,10.071428,5.6857142,0.0014261156,0.01032944,-7.345365000000001e-25,0.0,2.7567148e-07,True
2008-03-10,56.401428571428575,2.1,5.8714285,9.3,2.4714284,72.37143,1.2285715,1.1285714,1.2714285,10.114285,5.1571426,6.686151e-05,0.009879999,9.201822e-06,3.398396e-05,3.575906e-05,True
2008-03-17,56.355714285714285,21.1,5.828572,9.428572,2.2428572,77.21429,1.4571428,1.4285716,1.2571429,10.071428,5.957143,0.00042109936,0.009441219,6.1307634e-07,1.1175871e-07,4.177913e-05,True
2008-03-24,56.37571428571429,15.8,1.3285714,5.2714286,-1.7285715,81.08572,0.95714283,0.95714283,0.94285715,10.385715,2.942857,0.0004325807,0.009084709,0.0018658808,0.0038481746,0.007491011,True
2008-03-31,56.36,4.4,5.7285714,10.385715,0.8714286,72.34286,1.7,1.557143,1.6142857,10.014286,5.8285713,0.00019359589,0.008856624,0.0014299949,0.0037930496,0.00067900494,True
2008-04-07,56.42857142857143,28.6,6.4428573,10.485715,3.0428574,84.42857,1.1428572,1.1142857,1.2285715,9.885715,7.7,0.00041418523,0.008606032,3.9112e-06,2.6620924e-05,4.1246414e-05,True
2008-04-14,56.49857142857143,15.4,6.357143,9.857142,2.8285713,82.38572,1.2857143,1.257143,1.2571429,10.185715,7.7714286,0.00034962595,0.008398391,5.1941192e-06,2.3875386e-05,0.0,True
2008-04-21,56.46,3.6999998,6.957143,10.871429,3.2142856,77.24286,1.6000001,1.4428571,1.6857144,10.042857,8.4,0.00010597706,0.008228295,-7.345365000000001e-25,4.284084e-08,0.0,True
2008-04-28,56.33714285714286,14.7,12.3714285,18.885715,5.1142855,63.757145,3.0142858,2.5142858,3.0,9.057143,13.928572,9.859353e-05,0.007964566,-7.345365000000001e-25,3.7252903e-09,0.0,True
2008-05-05,56.38142857142857,12.0,12.071428,17.657145,5.3428574,72.8,2.6857142,2.3285713,2.6000001,8.914286,15.3,0.0004002601,0.007593952,-7.345365000000001e-25,3.7252903e-09,0.0,True
2008-05-12,56.27571428571429,0.0,16.285715,23.514286,7.2428575,55.714287,4.3285713,3.0285716,4.1,7.642857,19.671429,0.0,0.0070894435,-7.345365000000001e-25,0.0,0.0,True
2008-05-19,56.221428571428575,15.099999,13.014287,18.685715,7.2428575,75.51428,2.6,1.6000001,2.4142857,6.8142858,17.614286,0.00019863248,0.006501369,-7.345365000000001e-25,3.7252903e-09,0.0,True
2008-05-26,56.18714285714286,1.5,13.857142,19.9,6.6714287,62.142857,3.2857146,1.5857142,3.2,6.3,17.428572,2.1398067e-05,0.005954914,-7.345365000000001e-25,3.7252903e-09,0.0,True
2008-06-02,56.09571428571429,0.1,20.257143,26.914288,13.328572,60.857143,4.657143,0.90000004,4.9714284,5.8285713,21.9,1.4856458e-05,0.0053563565,-7.345365000000001e-25,1.4901161e-08,0.0,True
2008-06-09,56.044285714285714,10.2,19.985716,27.328571,12.114286,55.77143,4.9857144,0.9714286,5.1285715,5.6,23.3,1.2457371e-05,0.0047114566,-7.345365000000001e-25,0.0,0.0,True
2008-06-16,55.98571428571428,17.3,13.642858,19.085714,8.385715,71.41429,3.3142858,1.3428571,3.4857142,5.6,18.457144,5.596131e-05,0.004128933,-7.345365000000001e-25,7.450581e-09,0.0,True
2008-06-23,55.962857142857146,23.1,17.485714,23.600002,10.328572,64.12858,4.4714284,2.1571429,4.342857,5.5,20.457144,2.2530556e-05,0.003653802,-7.345365000000001e-25,7.450581e-09,0.0,True
2008-06-30,55.97857142857144,2.3000002,17.385715,22.814287,10.728571,66.14286,4.0142856,1.7428571,3.9714284,5.3142858,20.7,2.5987625e-05,0.0032187253,-7.345365000000001e-25,7.450581e-09,0.0,True
2008-07-07,55.951428571428565,36.0,19.485716,26.142857,12.571428,66.85714,4.342857,2.0428574,4.0857143,5.6285715,22.614286,0.00027506053,0.0028352812,-7.345365000000001e-25,1.1175871e-08,0.0,True
2008-07-14,55.99714285714286,19.6,16.5,21.428572,11.785714,76.8,2.885714,2.242857,2.957143,6.1,18.942858,0.00018268824,0.0025557429,-7.345365000000001e-25,1.1175871e-08,0.0,True
2008-07-21,56.00857142857143,23.8,15.371429,19.885715,11.228571,80.12858,2.2857144,1.8285714,2.3142858,6.1714287,17.528572,0.00014293194,0.0023388937,-7.345365000000001e-25,1.4901161e-08,0.0,True
2008-07-28,56.00714285714286,2.3,21.428572,28.328571,13.714286,63.8,4.6285715,3.1285713,4.6714287,5.957143,22.842857,1.718849e-05,0.002138786,-7.345365000000001e-25,5.5879354e-09,0.0,True
2008-08-04,55.92714285714286,14.5,21.985716,27.828571,15.985715,63.228573,4.2999997,2.5142858,4.4428573,5.1285715,23.9,8.063018e-05,0.0019204393,-7.345365000000001e-25,1.1175871e-08,0.0,True
2008-08-11,55.89571428571429,8.2,18.77143,24.357143,12.728571,68.54286,3.3285713,2.0428572,3.457143,5.2714286,20.671429,7.855892e-05,0.0017520264,-7.345365000000001e-25,1.6763806e-08,0.0,True
2008-08-18,55.885714285714286,12.1,16.785715,22.34286,10.900001,70.04286,2.6571429,1.6285715,2.7857144,5.0857143,19.12857,5.324185e-05,0.001616627,-7.345365000000001e-25,1.1175871e-08,0.0,True
2008-08-25,55.89428571428572,27.6,16.800001,21.457144,13.0,77.17143,2.2714286,1.6857141,2.5857143,5.5142856,18.3,0.0007483661,0.00149519,-7.345365000000001e-25,1.1175871e-08,0.0,True
2008-09-01,55.93714285714286,1.8000001,17.357143,21.785715,12.557143,75.14286,2.1,1.542857,2.3999999,6.0142856,18.814285,3.1650066e-05,0.0013992563,-7.345365000000001e-25,1.3038516e-08,0.0,True
2008-09-08,55.94285714285714,20.1,16.328571,21.114286,11.085715,73.54286,2.0285714,1.5857143,2.3285713,5.857143,17.685715,7.981062e-05,0.0013093799,-7.345365000000001e-25,9.313226e-09,0.0,True
2008-09-15,55.94857142857143,0.3,14.514287,20.257143,9.014286,72.5,1.8428572,1.2142859,2.2285714,5.457143,16.814285,6.660819e-06,0.0012284145,-7.345365000000001e-25,5.5879354e-09,0.0,True
2008-09-22,55.92285714285715,5.3,10.757143,16.028572,5.957143,77.457146,1.0571429,0.6571428,1.3428571,5.142857,13.1285715,2.0638108e-05,0.0011602938,-7.345365000000001e-25,3.7252903e-09,0.0,True
2008-09-29,55.96714285714285,9.0,10.714286,15.885715,6.714286,86.971436,0.88571423,0.68571436,1.1285714,5.7,12.428572,9.445846e-05,0.0011040121,-7.345365000000001e-25,0.0,0.0,True
2008-10-06,56.11571428571428,41.9,9.728572,13.1285715,6.414286,81.41429,1.0285714,0.9571429,1.1857144,6.8714285,9.814285,0.0002549067,0.001054816,-7.345365000000001e-25,9.313226e-09,0.0,True
2008-10-13,56.12571428571429,0.1,12.471429,17.914288,6.614286,84.457146,0.78571427,0.64285713,0.95714283,7.242857,12.428572,1.43274665e-05,0.0010124557,-7.345365000000001e-25,1.8626451e-09,0.0,True
2008-10-20,56.11142857142857,5.8,10.914286,14.714286,6.9714284,80.14286,0.8285714,0.74285716,1.0285714,7.3714285,10.471429,7.4893236e-05,0.00097450614,-7.345365000000001e-25,9.313226e-09,0.0,True
2008-10-27,56.11714285714286,6.5,9.457144,13.7,5.114286,82.58572,0.61428577,0.5714286,0.7714286,7.5285716,8.8714285,0.00012023747,0.00094127655,-7.345365000000001e-25,5.5879354e-09,0.0,True
2008-11-03,56.18285714285714,17.5,4.957143,6.7714286,3.0,91.75714,0.24285717,0.21428572,0.35714287,8.457143,5.6,0.00012357533,0.00091356784,-7.345365000000001e-25,3.7252903e-09,0.0,True
2008-11-10,56.16571428571428,1.2,9.385715,11.742858,6.3,90.27143,0.35714287,0.35714287,0.5428571,8.728572,8.4,3.580749e-05,0.00089176744,-7.345365000000001e-25,7.450581e-09,0.0,True
2008-11-17,56.14571428571429,2.5,7.914286,10.642858,4.7000003,81.12858,0.5285715,0.50000006,0.7428571,8.7,6.885714,2.7477741e-05,0.00087206066,-7.345365000000001e-25,3.7252903e-09,0.0,True
2008-11-24,56.201428571428565,19.6,2.9285715,5.157143,0.44285718,87.41429,0.47142857,0.44285712,0.4857143,9.328571,3.1142857,0.0002529472,0.0008552894,0.0020087503,0.00046037138,0.0069089085,True
2008-12-01,56.205714285714286,14.3,1.8714286,4.0,-0.82857144,88.6,0.18571429,0.18571429,0.29999998,9.7,1.3857143,0.00020691752,0.0008424595,0.0034786633,0.0072356053,0.004788395,True
2008-12-08,56.31714285714286,3.4,3.1857142,5.0285716,0.85714287,88.557144,0.21428573,0.21428573,0.34285715,10.157143,1.9428571,0.00020052493,0.00083420426,0.0022952955,0.0071537327,0.0032960884,True
2008-12-15,56.294285714285714,3.6000001,1.3857144,2.7285714,-0.21428575,91.700005,0.12857144,0.12857144,0.22857143,10.171429,0.78571427,4.798174e-05,0.00083085895,0.001173167,0.0020112395,0.0022031441,True
2008-12-22,56.285714285714285,5.9,4.414286,6.414286,2.0142858,87.41429,0.35714287,0.35714287,0.45714286,10.2,2.6857142,9.856373e-05,0.0008313507,0.00023799283,0.0006296858,1.3697892e-05,True
2008-12-29,56.294285714285714,2.2,0.24285719,2.1714287,-1.7428572,88.08572,0.1,0.1,0.22857143,10.2,1.2571429,1.8715858e-05,0.0008346364,5.7509966e-05,1.4081597e-06,0.00020150468,True
2009-01-05,56.25571428571429,14.0,-4.114286,-0.6,-8.757143,92.07143,0.0,0.0,0.1,10.2,-3.45,1.9863248e-05,0.00084118545,0.0036684105,0.00041075423,0.014415801,True
2009-01-12,56.22857142857144,0.0,-5.7571425,-0.7714286,-12.085714,77.814285,0.1,0.1,0.2,10.285714,-2.1857142,7.1525574e-07,0.0008493215,0.014119517,3.394857e-05,0.0006515272,True
2009-01-19,56.27571428571429,2.2,1.9714286,3.9428573,-0.4714286,84.90001,0.27142859,0.27142859,0.41428572,10.2,-0.12857144,0.0002732575,0.00085785985,0.007884185,0.010797717,2.425909e-05,True
2009-01-26,56.347142857142856,9.8,1.4142858,4.3857145,-1.3714286,86.185715,0.3285714,0.3285714,0.3,10.214286,0.15714286,0.00022423267,0.000870876,0.0018826042,0.0035829954,0.0027917512,True
2009-02-02,56.34,0.4,-1.2857143,0.11428571,-2.7285714,89.47143,0.08571429,0.08571429,0.4,10.242857,-0.5285714,4.336238e-06,0.0009013936,0.0022424231,0.00021559186,0.0019866899,True
2009-02-09,56.32428571428572,9.9,1.7714287,4.3,-0.59999996,88.17143,0.31428573,0.2857143,0.37142858,10.171429,0.014285714,0.0001231879,0.0009412989,0.001518556,0.0025038216,0.00031954423,True
2009-02-16,56.39428571428572,13.4,-0.08571427,2.357143,-3.0857143,89.700005,0.25714287,0.25714287,0.37142855,10.457143,0.014285714,0.0003387183,0.0009854212,0.007633601,0.0074049532,0.01582846,True
2009-02-23,56.44857142857143,9.900001,1.0285714,3.2428572,-1.5857143,87.87144,0.29999998,0.29999998,0.44285718,10.428572,0.41428572,0.00053204596,0.0010510683,0.006665718,0.010406295,0.0032107234,True
2009-03-02,56.46571428571429,12.099999,5.442857,7.614286,3.0428574,87.28571,0.59999996,0.59999996,0.67142856,10.357142,4.1857142,0.00039303303,0.0012024343,0.00028240113,0.0010166597,5.4374337e-05,True
2009-03-09,56.40571428571428,11.5,4.7999997,8.028571,1.3428571,83.9,0.7285715,0.7285715,0.8,10.285714,4.4714284,0.00024786592,0.0014707968,3.0653817e-07,1.8142164e-06,0.0,True
2009-03-16,56.434285714285714,13.2,6.085715,8.8714285,3.3714287,85.94286,0.7714285,0.7714285,0.85714287,10.457143,5.7,0.0004031211,0.0017617047,-7.345365000000001e-25,1.1175871e-08,0.0,True
2009-03-23,56.36142857142857,11.1,4.8857145,9.442858,0.37142855,71.185715,1.5000001,1.357143,1.4428571,9.985714,6.1714287,0.00020314008,0.002099149,9.96249e-06,3.4015626e-05,3.62508e-05,True
2009-03-30,56.41428571428571,9.1,4.4,8.385715,0.61428565,80.3,1.0857142,1.0857142,1.1285714,10.185715,5.1,0.00024203956,0.0023621842,0.00018697126,0.00081644766,0.0008221157,True
2009-04-06,56.364285714285714,0.0,10.300001,17.242857,2.6714287,69.14286,2.142857,1.7714287,2.1857142,9.557143,11.185715,8.046627e-07,0.0025815144,6.414595e-07,4.913658e-06,0.0,True
2009-04-13,56.35428571428572,5.0,13.714286,20.928572,6.4,67.75715,2.8999999,2.2,2.8428571,8.6285715,14.828571,5.3822994e-05,0.002675064,-7.345365000000001e-25,1.8626451e-09,0.0,True
2009-04-20,56.29571428571428,0.4,11.785714,18.84286,4.4,62.18572,2.957143,2.042857,3.0714285,7.5857143,14.542857,2.8312206e-07,0.0026401132,-7.345365000000001e-25,0.0,0.0,True
2009-04-27,56.24857142857143,0.8,12.400001,19.34286,4.642857,64.942856,3.2285712,1.6857141,3.0714285,6.928571,14.742857,3.0830503e-05,0.002555266,-7.345365000000001e-25,3.7252903e-09,0.0,True
2009-05-04,56.25,18.6,12.7,19.085714,7.157143,77.114296,2.5142858,1.5285714,2.6285713,6.7714286,16.142857,0.0002901554,0.002455473,-7.345365000000001e-25,3.7252903e-09,0.0,True
2009-05-11,56.25,13.7,12.542857,17.385715,6.928571,73.37144,2.5857143,2.0000002,2.5714285,6.714286,14.3714285,0.00027167797,0.002364695,-7.345365000000001e-25,7.450581e-09,0.0,True
2009-05-18,56.21428571428572,13.4,13.385715,19.185715,6.614286,63.457146,3.4857142,2.3714287,3.4428573,6.4714284,16.214285,0.00021188706,0.0022625923,-7.345365000000001e-25,0.0,0.0,True
2009-05-25,56.17857142857143,3.6999998,15.785714,22.185715,8.414286,68.67143,3.5857143,2.3,3.8,6.357143,19.657143,4.144013e-05,0.0021544918,-7.345365000000001e-25,0.0,0.0,True
2009-06-01,56.151428571428575,12.4,15.714286,22.171429,9.185715,65.72857,3.7714286,2.0857143,4.0,5.857143,18.4,6.560981e-05,0.0020311996,-7.345365000000001e-25,7.450581e-09,0.0,True
2009-06-08,56.08857142857143,15.4,11.771429,17.171429,6.071429,70.78571,2.8285716,1.5,3.0142858,5.714286,15.442857,0.00017946959,0.0019119382,-7.345365000000001e-25,3.7252903e-09,0.0,True
2009-06-15,56.105714285714285,13.200001,14.3,19.37143,8.728572,73.9,2.957143,2.357143,3.1000001,6.0,16.414286,0.00025105476,0.0018109828,-7.345365000000001e-25,7.450581e-09,0.0,True
2009-06-22,56.07571428571429,7.3,14.514287,20.028574,8.971429,72.3,3.1285713,2.3142855,3.3714287,5.757143,18.114286,3.8400292e-05,0.0017051995,-7.345365000000001e-25,3.7252903e-09,0.0,True
2009-06-29,56.04142857142857,12.7,17.957144,22.985716,12.257143,74.58571,3.2,1.9714286,3.4857142,5.4,20.057142,0.00010550022,0.0016033798,-7.345365000000001e-25,7.450581e-09,0.0,True
2009-07-06,55.97857142857144,5.1,21.428572,28.0,14.857142,72.14286,4.1142855,1.8,4.4,4.885714,25.157143,3.5718083e-05,0.0015060082,-7.345365000000001e-25,1.1175871e-08,0.0,True
2009-07-13,55.93714285714286,29.0,15.642858,20.614286,11.114286,77.557144,3.0,2.142857,2.9857142,5.0571427,18.585714,0.000110678375,0.0014058203,-7.345365000000001e-25,1.8626451e-08,0.0,True
2009-07-20,55.95285714285715,42.0,19.428572,25.34286,13.642858,69.65714,3.5,2.5285714,3.7,5.071429,21.428572,0.003258407,0.001318723,-7.345365000000001e-25,1.1175871e-08,0.0,True
2009-07-27,56.04285714285714,25.400002,19.2,25.0,13.214286,70.50001,3.6714287,3.0428574,3.7142856,5.571429,20.7,0.00035713613,0.0012434646,-7.345365000000001e-25,1.1175871e-08,0.0,True
2009-08-03,55.98857142857143,6.8,18.87143,25.185715,11.142858,63.457146,3.6714287,2.3714287,3.9428573,4.9857144,21.77143,1.707673e-05,0.0011719912,-7.345365000000001e-25,7.450581e-09,0.0,True
2009-08-10,55.90714285714286,0.5,20.614286,27.84286,13.057143,63.67143,3.6428573,1.5142857,3.9285715,4.4,23.185715,2.4437904e-06,0.0010976493,-7.345365000000001e-25,1.1175871e-08,0.0,True
2009-08-17,55.83428571428572,1.8,18.985716,24.97143,12.942858,67.057144,3.1857142,1.057143,3.5142858,4.242857,21.171429,2.2187829e-05,0.0010307208,-7.345365000000001e-25,1.1175871e-08,0.0,True
2009-08-24,55.785714285714285,14.0,19.657145,26.485716,11.342857,61.728573,3.6000001,1.2857143,3.8999999,4.1714287,21.328571,3.1337142e-05,0.00096132606,-7.345365000000001e-25,7.450581e-09,0.0,True
2009-08-31,55.76857142857143,1.0,18.071428,24.614286,11.1285715,64.22857,2.8428571,1.0,3.2,3.942857,20.042856,8.679926e-06,0.00089749694,-7.345365000000001e-25,3.7252903e-09,0.0,True
2009-09-07,55.74142857142857,8.2,16.428572,22.2,11.828572,70.61429,2.442857,1.3857143,2.8428574,4.042857,17.2,6.3464046e-05,0.0008431822,-7.345365000000001e-25,1.3038516e-08,0.0,True
2009-09-14,55.74142857142857,6.3,15.685715,21.87143,9.542857,72.57143,1.9571428,0.9142857,2.2142856,3.9285715,17.4,3.5092235e-05,0.00079751015,-7.345365000000001e-25,7.450581e-09,0.0,True
2009-09-21,55.771428571428565,0.5,14.828572,21.385715,8.1285715,75.5,1.6714284,0.85714287,1.9857142,4.0285716,16.62857,4.2557716e-05,0.0007602349,-7.345365000000001e-25,9.313226e-09,0.0,True
2009-09-28,55.74285714285714,0.3,13.714286,20.228573,6.4857144,72.97143,1.3428571,0.38571432,1.6857144,3.8285713,15.6285715,3.606081e-06,0.000722982,-7.345365000000001e-25,7.450581e-09,0.0,True
2009-10-05,55.77571428571429,13.4,11.385715,14.485715,6.8428574,78.72858,1.1,0.90000004,1.3571428,4.1714287,11.857142,6.645173e-05,0.00069300085,-7.345365000000001e-25,7.450581e-09,0.0,True
2009-10-12,55.95142857142857,58.7,10.771429,14.214286,7.3428574,87.02857,0.87142855,0.8142857,0.87142855,6.071429,11.585714,0.0031056106,0.0006676614,-7.345365000000001e-25,5.5879354e-09,0.0,True
2009-10-19,56.09428571428572,15.599999,4.8142858,8.900001,1.1,84.12858,0.67142856,0.61428577,0.7,7.1857142,5.8428574,0.0001487732,0.0006479919,-7.345365000000001e-25,1.8626451e-09,0.0,True
2009-10-26,56.151428571428575,13.8,7.471429,10.271429,4.8857145,88.17143,0.4714286,0.42857143,0.59999996,7.5285716,6.8142858,0.00013477355,0.0006334558,-7.345365000000001e-25,3.7252903e-09,0.0,True
2009-11-02,56.17428571428571,19.900002,7.471429,10.3,4.428571,88.85714,0.37142855,0.34285715,0.45714286,7.8142858,7.5285716,0.00019884855,0.00062254816,-7.345365000000001e-25,1.8626451e-09,0.0,True
2009-11-09,56.34571428571429,23.9,6.6,9.028571,4.3714285,89.47143,0.37142858,0.37142858,0.42857143,9.814285,6.114286,0.00048358738,0.0006152019,-7.345365000000001e-25,1.8626451e-09,0.0,True
2009-11-16,56.35428571428572,10.9,8.442858,10.900001,5.7714286,87.1,0.3571429,0.3571429,0.45714286,10.3,7.0,0.00029800832,0.00061459094,-7.345365000000001e-25,5.5879354e-09,0.0,True
2009-11-23,56.29714285714287,13.9,10.771429,13.742858,7.428571,76.34286,0.67142856,0.6571428,0.9142857,10.228572,8.114285,0.00013205409,0.00062158704,-7.345365000000001e-25,7.450581e-09,0.0,True
2009-11-30,56.37714285714286,14.7,9.057143,11.057143,6.957143,75.64286,0.7857142,0.7714285,0.95714283,10.342857,7.1285715,0.00026585162,0.00063574314,-7.345365000000001e-25,5.5879354e-09,0.0,True
2009-12-07,56.355714285714285,13.3,4.471429,7.0428576,1.0571429,89.457146,0.22857144,0.22857144,0.24285714,10.442857,3.4571428,0.00025425106,0.0006627366,2.1571205e-07,1.5199184e-06,1.4901161e-06,True
2009-12-14,56.46571428571429,23.2,2.7714286,4.557143,0.4857143,91.91429,0.14285715,0.14285715,0.24285714,10.9,2.8428571,0.002010718,0.0010585338,9.44762e-05,2.6710331e-06,0.0005877614,True
2009-12-21,56.37285714285714,6.0,-5.9428573,-2.5571427,-9.271429,84.35714,0.0,0.0,0.15714286,10.342857,-1.7571429,5.364418e-07,0.0008896664,0.0020253886,5.412847e-06,0.0049550086,True
2009-12-28,56.39,14.9,1.3857143,4.1,-1.6999999,87.58572,0.2857143,0.2857143,0.27142859,10.542857,0.042857144,0.0003734231,0.0010447465,0.0053437892,0.008371348,0.00519675,True
2010-01-04,56.46714285714285,25.7,-2.957143,-1.8428571,-4.257143,92.65715,0.0,0.0,0.18571429,10.733334,0.0,2.4810433e-06,0.0012065992,0.01843155,3.791973e-05,0.025892831,True
2010-01-11,56.425714285714285,8.0,-6.7571435,-4.0,-10.414286,90.28571,0.014285714,0.014285714,0.12857142,10.414286,0.0,0.0,0.0013679415,0.030773202,0.0,0.012365114,True
2010-01-18,56.40714285714285,4.7,-1.7428572,-0.50000006,-3.614286,90.88572,0.028571429,0.028571429,0.27142859,10.328571,0.014285714,0.00011622906,0.0015002564,0.039384972,0.004621979,0.003656149,True
2010-01-25,56.50571428571429,3.7,-5.471429,-3.5857143,-7.614286,86.84286,0.028571429,0.028571429,0.24285714,10.328571,-0.042857144,0.00021207333,0.0016160086,0.032847665,0.005716253,0.00092343614,True
2010-02-01,56.35857142857143,10.5,-3.5571427,-0.35714284,-7.928571,84.14286,0.17142858,0.17142858,0.34285715,10.385715,-0.12857144,5.684793e-05,0.0017498955,0.03773609,0.0019241609,0.014976583,True
2010-02-08,56.32714285714285,6.5,-1.5571429,0.78571427,-4.2428575,86.77143,0.22857143,0.22857143,0.35714287,10.357142,0.0,0.000115156174,0.0018728897,0.05034813,0.0042091124,0.011357769,True
2010-02-15,56.29857142857143,6.6,-4.7285714,-2.4142857,-7.8428574,88.52857,0.0,0.0,0.31428573,10.314285,0.1,0.0,0.0019855723,0.05571542,0.0,0.011313029,True
2010-02-22,56.29714285714285,4.5,-0.24285714,3.4714284,-4.542857,80.200005,0.41428572,0.41428572,0.55714285,10.271428,0.1,0.0010649562,0.0020816326,0.05468493,0.01987316,0.0002731681,True
2010-03-01,56.58571428571429,11.5,4.1285715,8.042857,1.5142858,81.74286,0.8714286,0.85714287,0.90000004,10.285714,2.0285714,0.0027475655,0.003211461,0.016640186,0.04268031,0.0028931499,True
2010-03-08,56.60142857142857,11.3,-1.1714286,2.9857144,-5.7571425,74.32857,0.61428577,0.5714286,0.7571429,10.114285,0.98571426,5.160272e-05,0.0038810968,0.0054415464,0.0011986122,0.011053652,True
2010-03-15,56.51428571428572,6.6000004,0.27142853,3.8857143,-3.257143,84.42857,0.62857145,0.59999996,0.6857143,10.071428,1.4142857,0.0004298389,0.0048593357,0.00523796,0.010104885,0.0013016723,True
2010-03-22,56.54,6.3999996,8.728571,12.828572,3.8,74.98572,1.4428571,1.3714286,1.3714286,10.042857,7.785714,0.00020089746,0.0054017156,0.0002319756,0.0011499207,0.0003796406,True
2010-03-29,56.401428571428575,7.4,9.685715,15.17143,4.0,74.44286,1.7428571,1.6,1.6285714,9.971429,9.857142,0.00081221014,0.005755149,-7.345365000000001e-25,6.3329935e-08,0.0,True
2010-04-05,56.39714285714285,14.6,8.1,13.042857,3.2857144,69.5,1.8714285,1.7428572,1.8142856,9.885715,8.857142,0.00038476288,0.006042056,-7.345365000000001e-25,1.8626451e-09,0.0,True
2010-04-12,56.37857142857143,0.4,8.528571,14.17143,3.4428573,68.98572,1.9428571,1.6142857,2.0714285,9.142858,9.914286,3.3453107e-05,0.00622312,-7.345365000000001e-25,0.0,0.0,True
2010-04-19,56.32714285714286,0.0,8.342857,15.157144,1.4,63.028572,2.357143,1.8,2.3999999,8.428572,10.714286,1.9073486e-06,0.0061338395,-7.345365000000001e-25,0.0,0.0,True
2010-04-26,56.30428571428571,8.8,8.885715,15.085714,1.6428573,60.94286,2.6714284,2.0714285,2.5142858,7.6,11.428572,0.00011046231,0.005906284,-7.345365000000001e-25,0.0,0.0,True
2010-05-03,56.31428571428571,11.6,13.0,18.27143,6.928571,70.25715,2.6714287,1.8714287,2.6285713,6.9714284,14.742857,0.00012363493,0.0056073517,-7.345365000000001e-25,3.7252903e-09,0.0,True
2010-05-10,56.364285714285714,16.5,8.114285,11.800001,4.1714287,78.82857,1.557143,1.2714285,1.6714286,7.571429,10.485714,0.00023782253,0.005310014,-7.345365000000001e-25,0.0,0.0,True
2010-05-17,56.417142857142856,25.0,9.285714,12.771429,5.871429,78.114296,1.7285713,1.5285714,1.8285714,8.242857,10.7,0.00022377819,0.005041212,-7.345365000000001e-25,0.0,0.0,True
2010-05-24,56.49285714285714,26.0,12.7,17.7,7.9857144,81.32857,2.385714,2.0714288,2.2714286,8.785714,14.885715,0.00019006431,0.004778184,-7.345365000000001e-25,7.450581e-09,0.0,True
2010-05-31,56.40714285714286,19.099998,11.7,16.414286,6.1,77.07143,2.4857142,2.1714284,2.457143,8.5,15.428572,0.0003126189,0.0044973716,-7.345365000000001e-25,3.7252903e-09,0.0,True
2010-06-07,56.34571428571429,5.0,16.157145,21.9,9.242858,69.54286,3.5571427,2.8714287,3.7142856,8.442857,18.742857,0.00011102855,0.0042368323,-7.345365000000001e-25,7.450581e-09,0.0,True
2010-06-14,56.29571428571428,19.2,17.628572,22.800001,10.957144,73.58572,3.2714286,2.642857,3.3714283,7.857143,20.985714,3.296137e-05,0.003938988,-7.345365000000001e-25,3.7252903e-09,0.0,True
2010-06-21,56.191428571428574,1.1,13.942858,19.642857,7.6857147,67.457146,3.5714285,2.257143,3.6571429,6.885714,18.842857,1.2382865e-05,0.0036353618,-7.345365000000001e-25,3.7252903e-09,0.0,True
2010-06-28,56.09571428571429,0.2,17.928572,25.014286,8.714286,64.24286,4.3285713,1.6285714,4.1857142,5.957143,22.357143,1.27106905e-05,0.0033311993,-7.345365000000001e-25,3.7252903e-09,0.0,True
2010-07-05,56.012857142857136,4.1,22.84286,29.457144,15.142858,61.514286,5.028571,0.97142845,5.0142856,5.4142857,26.314285,8.285046e-06,0.0029872283,-7.345365000000001e-25,7.450581e-09,0.0,True
2010-07-12,55.917142857142856,7.5,23.728573,30.957142,15.442858,58.44286,5.142857,0.98571426,5.085714,5.285714,26.471428,2.7909875e-05,0.0026508495,-7.345365000000001e-25,7.450581e-09,0.0,True
2010-07-19,55.85714285714285,5.7,21.800001,28.37143,13.742858,62.11429,4.8142858,1.6,4.6,5.2714286,25.428572,4.8443675e-05,0.0023422837,-7.345365000000001e-25,1.1175871e-08,0.0,True
2010-07-26,55.794285714285714,4.1,19.828571,25.87143,12.971429,64.38572,3.8285713,1.1285714,3.7714286,5.042857,23.157143,4.374981e-05,0.0020802096,-7.345365000000001e-25,7.450581e-09,0.0,True
2010-08-02,55.76,14.700001,18.77143,24.985716,12.400001,67.98572,3.2,1.8285713,3.3142858,5.285714,21.142857,5.8561563e-05,0.0018845871,-7.345365000000001e-25,1.1175871e-08,0.0,True
2010-08-09,55.78857142857142,10.9,17.828571,22.814285,13.157144,77.72858,2.3714287,1.642857,2.4714284,5.457143,20.342857,7.408857e-05,0.0017206669,-7.345365000000001e-25,1.1175871e-08,0.0,True
2010-08-16,55.90285714285714,47.2,17.928572,22.157145,13.971429,82.85714,2.1142857,1.6428572,2.0857143,6.071429,20.214285,0.00030049682,0.0015882552,-7.345365000000001e-25,7.450581e-09,0.0,True
2010-08-23,55.98571428571428,11.5,18.628572,24.285715,13.114286,77.21429,2.6571426,2.385714,2.7,7.257143,19.985714,0.00021697581,0.0014811233,-7.345365000000001e-25,1.4901161e-08,0.0,True
2010-08-30,56.097142857142856,65.1,14.428572,17.614286,10.914286,84.17143,1.8285713,1.7142857,1.8571428,8.671429,16.328571,0.002540931,0.001387693,-7.345365000000001e-25,7.450581e-09,0.0,True
2010-09-06,56.23142857142857,7.0999994,12.614286,18.085714,7.6857147,81.21429,1.6857144,1.5428572,1.957143,9.6285715,15.357142,7.733703e-05,0.0013364553,-7.345365000000001e-25,7.450581e-09,0.0,True
2010-09-13,56.23857142857143,37.600002,15.271429,20.100002,10.728571,80.57143,1.6,1.4571428,1.8571428,9.485714,16.328571,0.0003322959,0.0012956113,-7.345365000000001e-25,1.4901161e-08,0.0,True
2010-09-20,56.32714285714286,17.3,12.957144,16.542858,9.657143,77.6,1.5857142,1.557143,1.8142859,10.1285715,13.657143,0.0010906309,0.0012684688,-7.345365000000001e-25,1.4901161e-08,0.0,True
2010-09-27,56.291428571428575,74.3,13.442858,18.028572,8.757143,85.185715,1.1714286,1.0285714,1.2857143,10.185715,14.585714,0.0036688298,0.0029232576,-7.345365000000001e-25,5.5879354e-09,0.0,True
2010-10-04,56.58857142857143,0.2,10.842857,14.900001,6.9000006,83.200005,0.88571423,0.8428572,1.1571429,10.585714,11.428572,3.0487776e-05,0.0013956726,-7.345365000000001e-25,1.1175871e-08,0.0,True
2010-10-11,56.41428571428571,0.0,11.7,17.414286,6.4857144,81.85714,1.0,0.8428572,1.1285714,9.771428,13.085714,1.847744e-06,0.0016029775,-7.345365000000001e-25,3.7252903e-09,0.0,True
2010-10-18,56.31428571428571,7.7000003,6.214286,10.542857,2.0428572,90.21429,0.5142857,0.4714286,0.55714285,9.7,8.3,0.00014130771,0.0017285869,-7.345365000000001e-25,3.7252903e-09,0.0,True
2010-10-25,56.29857142857143,8.2,6.571429,10.085715,3.142857,80.6,0.7714286,0.7571429,0.87142855,10.042857,6.114286,0.00012288988,0.0018120855,-7.345365000000001e-25,3.7252903e-09,0.0,True
2010-11-01,56.24285714285714,2.8999999,8.3714285,11.528572,4.6142855,82.1,0.54285717,0.5285714,0.67142856,9.9,7.5571427,1.8522143e-05,0.0018737987,-7.345365000000001e-25,3.7252903e-09,0.0,True
2010-11-08,56.33142857142857,23.699999,8.571428,10.871429,5.457143,89.200005,0.61428577,0.61428577,0.62857145,10.471429,8.485714,0.0018768534,0.0019958466,-7.345365000000001e-25,9.313226e-09,0.0,True
2010-11-15,56.42714285714286,20.5,8.314286,11.214286,5.6714287,83.87142,0.67142856,0.67142856,0.67142856,10.6285715,7.1285715,0.0005459264,0.0020923242,-7.345365000000001e-25,7.450581e-09,0.0,True
2010-11-22,56.44714285714286,27.2,4.3714285,5.7285714,2.7142856,94.38572,0.18571429,0.18571429,0.3,10.8,4.9,0.00074274093,0.0024610013,-7.345365000000001e-25,0.0,0.0,True
2010-11-29,56.49428571428571,3.3,-1.5142858,0.34285718,-3.9142857,91.74286,0.11428572,0.11428572,0.24285714,10.6,0.6857143,8.376688e-05,0.003130868,0.002307432,0.00023105554,0.00449067,True
2010-12-06,56.34857142857143,9.7,-4.642857,-2.2857144,-8.328572,82.98572,0.042857144,0.042857144,0.25714287,10.3714285,-0.7714286,1.3589859e-05,0.0038417727,0.008908641,0.00052946433,0.0113117285,True
2010-12-13,56.45142857142857,22.4,-1.1714286,0.95714295,-4.4428573,91.9,0.17142858,0.17142858,0.25714287,10.585714,0.028571429,0.0006430149,0.004259765,0.014383032,0.017679151,0.013022691,True
2010-12-20,56.51857142857143,16.3,-6.228572,-3.6142857,-10.928572,93.02857,0.0,0.0,0.15714286,10.542857,-0.14285715,3.7252903e-08,0.004851386,0.016232627,0.0,0.01618651,True
2010-12-27,56.46714285714285,23.5,-4.9,-2.2571428,-9.1285715,92.48572,0.0,0.0,0.17142858,10.6285715,0.0,0.00012648106,0.005382523,0.032128964,0.0,0.01800643,True
2011-01-03,56.47571428571428,1.7,-2.2857144,-0.10000001,-4.1714287,92.1,0.025,0.025,0.2,10.375,0.1,0.00020466745,0.005667269,0.042157024,0.008578673,0.002060648,True
2011-01-10,56.60714285714285,15.9,1.9285716,5.2428575,-1.5428573,86.700005,0.25714287,0.25714287,0.25714287,10.457143,0.98571426,0.0030884594,0.0074258074,0.020964185,0.037684567,0.0007571764,True
2011-01-17,56.65714285714286,15.9,6.3857145,9.057143,3.8857143,87.41429,0.4571429,0.4571429,0.3857143,10.657143,4.428571,0.0006040484,0.009586014,0.00069922494,0.0023702588,3.2037497e-06,True
2011-01-24,56.55428571428571,3.9,1.6,3.114286,0.14285715,91.5,0.17142858,0.17142858,0.31428573,10.342857,1.5428572,0.0001296848,0.012481056,0.0004718247,0.0005838536,0.0014138483,True
2011-01-31,56.50142857142857,7.8,-1.8857144,0.042857137,-3.957143,92.37144,0.10000001,0.10000001,0.24285714,10.328571,-0.028571429,0.00014178455,0.012940191,0.0019603116,0.0006463807,0.002446957,True
2011-02-07,56.44428571428572,8.4,4.8857145,6.957143,2.9428573,82.08571,0.6999999,0.68571424,0.8428572,10.385715,2.4285715,0.00019706786,0.012754247,0.0011989616,0.0033282042,0.0008929521,True
2011-02-14,56.45,10.7,2.1142857,4.7428575,-1.0428572,82.21429,0.55714285,0.54285717,0.61428577,10.242857,2.3857143,0.00012212992,0.0123365745,0.0019695703,0.0002946034,0.0075906627,True
2011-02-21,56.44,3.6999998,-1.8428572,-0.028571436,-3.542857,76.614296,0.14285715,0.14285715,0.67142856,10.242857,-0.042857144,8.113682e-05,0.011807084,0.006909785,0.0026480854,0.0028148554,True
2011-02-28,56.33857142857143,0.4,-1.7571429,3.2571428,-6.228572,66.87143,0.59999996,0.55714285,0.87142855,10.085714,-0.9714286,4.388392e-05,0.011224359,0.0045938604,0.0022923015,8.195639e-06,True
2011-03-07,56.30571428571428,0.0,-0.34285715,5.6142855,-5.0,76.51429,0.8714286,0.71428573,0.78571427,9.714286,0.6571429,2.8431416e-05,0.010566577,0.0011207887,0.0016318355,2.4914742e-05,True
2011-03-14,56.317142857142855,4.5,6.6857142,11.785714,1.3142856,71.200005,1.3714285,1.1571429,1.2714285,9.271428,5.2714286,0.00010973215,0.009846933,0.00011789231,0.0004657209,0.0,True
2011-03-21,56.36142857142857,8.400001,4.2285714,8.485715,0.44285718,86.24286,0.88571423,0.74285716,0.87142855,9.285714,5.542857,9.5166266e-05,0.009131849,6.81196e-08,1.0430813e-06,1.3783574e-07,True
2011-03-28,56.34142857142857,0.0,5.928571,12.1,-0.4428572,70.02857,1.7,1.3285714,1.6142857,8.757143,7.957143,4.3660402e-06,0.00842192,-7.345365000000001e-25,2.6077032e-08,0.0,True
2011-04-04,56.32857142857143,14.599999,11.142858,17.07143,5.1857142,74.61428,2.0,1.6428573,1.8714286,8.228572,11.342857,0.00018174946,0.0077339634,-7.345365000000001e-25,3.7252903e-09,0.0,True
2011-04-11,56.35142857142857,0.8,10.742858,16.557142,4.571429,71.57143,2.3285713,1.7714287,2.2428572,7.9714284,11.828571,1.5541911e-05,0.0070789307,-7.345365000000001e-25,7.450581e-09,0.0,True
2011-04-18,56.291428571428575,0.2,8.757143,14.871429,2.2428572,66.37143,2.1857142,1.6857145,2.2,7.2714286,11.242857,6.4745545e-05,0.006456509,-7.345365000000001e-25,0.0,0.0,True
2011-04-25,56.24857142857143,0.0,14.571428,22.657145,5.057143,54.42857,3.9285712,2.0285714,3.642857,6.3714285,16.5,0.0,0.0058189332,-7.345365000000001e-25,0.0,0.0,True
2011-05-02,56.237142857142864,12.5,11.857142,18.37143,6.085715,65.07143,3.2,1.4571428,3.2,5.9428573,15.142858,9.88543e-05,0.0052003413,-7.345365000000001e-25,0.0,0.0,True
2011-05-09,56.17142857142857,0.0,12.300001,19.728573,3.4857144,51.471428,4.214286,0.7714285,4.0285716,5.571429,15.228572,5.1110983e-06,0.004644312,-7.345365000000001e-25,0.0,0.0,True
2011-05-16,56.09571428571429,3.7,13.771429,20.214285,6.957143,68.92857,3.042857,0.85714287,3.0142858,5.4142857,16.957144,5.7682395e-05,0.004106365,-7.345365000000001e-25,7.450581e-09,0.0,True
2011-05-23,56.06285714285714,6.0,16.385715,22.77143,9.414286,72.42857,3.2999997,1.2857143,3.4285715,5.428571,18.471428,5.0865114e-05,0.0037037581,-7.345365000000001e-25,1.1175871e-08,0.0,True
2011-05-30,55.99,0.8,15.685715,22.0,7.571429,58.8,4.2999997,0.8,4.214286,5.1571426,18.285715,5.4612756e-06,0.0032935888,-7.345365000000001e-25,0.0,0.0,True
2011-06-06,55.92142857142857,7.5,18.9,26.5,10.114286,61.514286,4.6714287,1.1428572,4.928571,5.0142856,21.685715,6.094575e-05,0.0029012784,-7.345365000000001e-25,7.450581e-09,0.0,True
2011-06-13,55.93571428571429,20.4,16.27143,21.385714,10.071428,71.15714,3.3285713,1.9285713,3.3285713,5.257143,20.257143,0.0005815625,0.002573289,-7.345365000000001e-25,7.450581e-09,0.0,True
2011-06-20,55.91285714285714,7.5,16.528572,22.100002,11.085714,70.685715,3.542857,2.2,3.5142858,5.0142856,19.642857,7.579476e-05,0.002304621,-7.345365000000001e-25,1.1175871e-08,0.0,True
2011-06-27,55.925714285714285,29.5,16.442858,22.528574,10.528572,76.85714,3.4142854,2.642857,3.4714284,5.5285716,19.057142,0.0036081523,0.0020875484,-7.345365000000001e-25,1.1175871e-08,0.0,True
2011-07-04,55.96142857142858,34.3,16.0,20.428572,11.657144,78.18572,3.042857,2.3428571,3.0714285,5.857143,18.714285,0.00030207634,0.0018923655,-7.345365000000001e-25,1.4901161e-08,0.0,True
2011-07-11,56.02571428571429,9.6,19.214285,25.328571,12.842857,73.057144,3.7571428,3.2142856,3.8428571,6.6285715,22.257143,0.002409622,0.0017518923,-7.345365000000001e-25,7.450581e-09,0.0,True
2011-07-18,56.01428571428572,19.8,17.800001,22.87143,12.342857,71.1,3.3428571,2.8857143,3.2714286,6.542857,19.971428,0.0016565323,0.0016216934,-7.345365000000001e-25,1.8626451e-08,0.0,True
2011-07-25,55.962857142857146,0.5,15.842857,19.814287,11.985715,70.82857,2.6571429,2.0714285,2.9142857,6.0142856,18.142857,3.952533e-05,0.0015187114,-7.345365000000001e-25,1.1175871e-08,0.0,True
2011-08-01,55.93,13.400001,16.714285,21.385715,11.8,76.92857,2.385714,1.7428572,2.5142858,6.142857,19.314285,9.6701086e-05,0.0014326945,-7.345365000000001e-25,1.6763806e-08,0.0,True
2011-08-08,55.93571428571429,13.099999,19.585714,25.47143,13.6,73.200005,3.1428568,2.6000001,3.357143,6.4428573,21.6,0.00011025369,0.0013524145,-7.345365000000001e-25,1.1175871e-08,0.0,True
2011-08-15,55.93857142857143,21.1,17.457144,22.114286,13.6,74.442856,2.4142857,2.0285714,2.8999999,7.0142856,18.428572,0.00021924078,0.001276128,-7.345365000000001e-25,1.1175871e-08,0.0,True
2011-08-22,55.92714285714286,10.6,18.571428,24.4,11.385714,70.85714,2.7428572,2.2285714,3.1000001,6.928571,20.785715,3.0584633e-05,0.0012082234,-7.345365000000001e-25,1.3038516e-08,0.0,True
2011-08-29,56.067142857142855,38.7,18.557144,23.47143,14.1285715,78.52857,2.4428573,2.1714284,2.6714284,7.4428573,20.471428,0.0074476674,0.0011411235,-7.345365000000001e-25,9.313226e-09,0.0,True
2011-09-05,56.09,13.3,16.571428,22.042858,10.771429,76.54286,1.9714285,1.6285714,2.2571428,7.3714285,18.085714,0.00018128008,0.0010910332,-7.345365000000001e-25,9.313226e-09,0.0,True
2011-09-12,56.11714285714286,18.8,17.1,21.071428,13.542857,78.814285,1.9714286,1.8428571,2.1571429,8.1,17.442858,0.0003310889,0.0010480955,-7.345365000000001e-25,1.4901161e-08,0.0,True
2011-09-19,56.07142857142857,0.7,14.328572,18.485716,10.085714,73.08572,1.6142856,1.3714286,2.0714285,8.214286,16.028572,1.3619661e-05,0.0010127127,-7.345365000000001e-25,3.7252903e-09,0.0,True
2011-09-26,56.03000000000001,0.0,14.157144,20.914288,7.071429,74.35714,1.5857143,1.2428571,1.7714285,7.8142858,15.7,5.5134296e-06,0.0009823292,-7.345365000000001e-25,3.7252903e-09,0.0,True
2011-10-03,55.99857142857143,0.0,15.928572,24.571428,7.8142858,76.77143,1.4428571,1.0285715,1.6428572,7.242857,17.5,1.6391277e-06,0.00095139444,-7.345365000000001e-25,3.7252903e-09,0.0,True
2011-10-10,56.00285714285714,26.3,12.514285,16.185715,8.1285715,80.12858,1.1,0.9714286,1.2428571,7.214286,13.028571,0.00015183538,0.00092333555,-7.345365000000001e-25,1.1175871e-08,0.0,True
2011-10-17,56.15,12.5,8.185715,13.614286,2.7428572,82.72858,0.8,0.7285714,0.7714286,8.3714285,9.4,0.00017891824,0.0009023696,-7.345365000000001e-25,5.5879354e-09,0.0,True
2011-10-24,56.114285714285714,1.8000001,6.428571,12.214286,1.7285715,81.87144,0.6857143,0.59999996,0.7714286,8.271428,6.757143,3.0308962e-05,0.0008829236,-7.345365000000001e-25,3.7252903e-09,0.0,True
2011-10-31,56.10285714285715,0.2,9.728571,14.985715,4.285714,87.971436,0.50000006,0.4,0.5142857,8.114285,9.542857,2.2500753e-06,0.000866279,-7.345365000000001e-25,3.7252903e-09,0.0,True
2011-11-07,56.105714285714285,0.1,7.9857144,11.985715,4.2714286,91.51429,0.3571429,0.28571433,0.35714287,8.0,8.428572,1.5348196e-06,0.00085134804,-7.345365000000001e-25,1.8626451e-09,0.0,True
2011-11-14,56.10142857142858,0.3,1.9428571,5.6,-1.5571429,93.97143,0.20000002,0.15714286,0.2,7.885714,3.6571429,3.4570694e-06,0.0008381009,5.165736e-07,2.2351742e-08,2.0179898e-05,True
2011-11-21,56.10285714285715,0.1,2.6000001,5.614286,-0.25714287,94.22858,0.08571429,0.08571429,0.18571429,7.8142858,2.5142858,5.297363e-06,0.0008261278,6.536075e-05,9.7673386e-05,9.843707e-05,True
2011-11-28,56.10285714285715,0.70000005,5.042857,8.171429,1.5714285,87.02857,0.35714284,0.3,0.4857143,7.785714,3.9142857,5.5879354e-06,0.0008149296,9.894371e-06,3.8592145e-05,1.5381724e-05,True
2011-12-05,56.12428571428571,9.700001,5.557143,9.042857,1.3714286,82.94286,0.51428574,0.48571426,0.5142857,7.9428573,4.0285716,0.00012281537,0.0008034259,-7.345365000000001e-25,1.3038516e-08,0.0,True
2011-12-12,56.23,22.5,4.071429,6.714286,1.7142857,81.457146,0.58571434,0.58571434,0.62857145,9.0,2.5714285,0.00017297268,0.00079301745,5.7146663e-05,0.00018474087,0.0002322346,True
2011-12-19,56.39,33.3,3.9428573,5.957143,1.8857143,84.042854,0.5,0.4857143,0.59999996,9.842857,2.6142857,0.0004386902,0.0007845983,0.0029523997,0.008320112,0.012282543,True
2011-12-26,56.455714285714286,10.5,5.6285715,7.828572,3.7428572,91.85714,0.2857143,0.2857143,0.37142855,10.185715,3.8428571,0.00038027763,0.0007858053,0.0014688685,0.004892787,0.0007172562,True
2012-01-02,56.4,7.8,6.557143,9.114286,3.7428572,85.828575,0.44,0.44,0.4857143,10.18,4.6,0.00024348497,0.0008093193,3.0943327e-05,0.0001533255,0.00014706701,True
2012-01-09,56.49285714285714,33.399998,5.085714,7.1285715,3.1285717,84.457146,0.8,0.8,0.6571428,10.9,3.9142857,0.00054623187,0.00085920095,1.07856025e-07,1.5385449e-06,0.0,True
2012-01-16,56.48,4.8,3.4285715,5.2000003,1.1285715,88.67143,0.5,0.5,0.41428572,10.4,3.0714285,0.000101298094,0.0009726286,1.5724273e-06,1.1306256e-06,1.1332333e-05,True
2012-01-23,56.47571428571428,43.1,2.8857143,5.1,0.35714284,87.74286,0.5285715,0.5285715,0.41428572,10.728572,1.7857143,0.0007613078,0.0011205375,0.0004487946,0.0022518933,0.0032330863,True
2012-01-30,56.54857142857143,1.7,-2.1285715,-0.34285715,-3.957143,85.0,0.10000001,0.10000001,0.37142858,10.557143,0.014285714,7.83056e-05,0.0014027283,0.0026150942,0.0003849864,0.003716182,True
2012-02-06,56.32285714285714,0.4,-10.828572,-6.7428575,-15.0,74.57143,0.0,0.0,0.24285714,10.3,-5.5857143,1.4156103e-07,0.0017444342,0.0038016352,0.0,0.0007949248,True
2012-02-13,56.18714285714286,0.70000005,-7.0428576,-3.1857145,-13.085715,82.91429,0.0,0.0,0.2857143,10.3,-4.6,2.1606684e-07,0.0019881278,0.004567186,0.0,0.0020163544,True
2012-02-20,56.24571428571429,8.1,2.7428572,5.7571425,-0.32857147,86.57143,0.74285716,0.7285715,0.61428577,10.242857,0.62857145,0.0003759116,0.0021547675,0.0020815758,0.0057178475,0.0009104684,True
2012-02-27,56.35142857142857,5.6,5.4857144,8.385715,1.8571428,83.98572,0.88571423,0.85714287,0.78571427,10.142858,3.4,0.00022437423,0.0023151636,0.00024717193,0.0015188623,0.0012822784,True
2012-03-05,56.362857142857145,0.1,6.8857145,9.328572,4.557143,82.44286,0.7428571,0.67142856,0.88571423,9.942857,6.1,4.403293e-05,0.0025043413,3.462746e-07,4.5839697e-06,0.0,True
2012-03-12,56.28714285714285,5.0,5.585714,9.271429,1.9428571,78.3,1.1142857,1.0,1.1142857,9.642858,5.428571,0.0001078397,0.0026640967,-7.345365000000001e-25,1.0617077e-07,1.0803342e-07,True
2012-03-19,56.22285714285714,1.6,7.8428574,12.485715,3.5,76.01429,1.4571428,1.1857144,1.3571428,9.242857,7.885714,0.00016430765,0.0027667955,-7.345365000000001e-25,0.0,0.0,True
2012-03-26,56.18428571428571,0.0,9.057143,16.4,1.7142857,75.84286,1.8142859,1.3571428,1.6999999,8.6,10.271428,1.6465783e-06,0.0028012544,-7.345365000000001e-25,0.0,0.0,True
2012-04-02,56.18571428571429,3.5,7.6714287,11.67143,3.5,74.75715,1.8714286,1.5,1.8142856,7.9,8.8714285,5.4210424e-05,0.0027836412,-7.345365000000001e-25,0.0,0.0,True
2012-04-09,56.26714285714286,15.0,4.0285716,7.328572,-0.12857144,78.62858,1.2857143,1.0714285,1.1714286,7.857143,5.8142858,0.0002181083,0.002753809,8.089201e-06,3.806129e-05,5.753152e-05,True
2012-04-16,56.27571428571429,5.2999997,8.314286,13.385715,2.6285713,72.685715,1.8571428,1.4428571,1.8142856,7.542857,9.485714,8.640811e-05,0.002712682,1.3907751e-06,1.9762665e-05,0.0,True
2012-04-23,56.26857142857143,3.9,8.8714285,14.457144,3.0285716,66.24286,2.5,1.9,2.4285715,6.857143,10.714286,7.362664e-05,0.002644375,-7.345365000000001e-25,0.0,0.0,True
2012-04-30,56.23714285714285,1.0,14.742858,20.87143,9.057143,65.34286,3.2428572,1.7714285,3.0571427,6.257143,14.928572,0.00010165572,0.0025652796,-7.345365000000001e-25,7.450581e-09,0.0,True
2012-05-07,56.19714285714286,7.5,12.785714,18.014286,7.657143,76.48572,2.5,1.3285713,2.5571427,5.8714285,15.314285,8.109212e-05,0.0024585202,-7.345365000000001e-25,0.0,0.0,True
2012-05-14,56.22285714285714,14.2,13.714286,19.228573,6.542857,70.700005,3.1714284,2.057143,2.8857143,5.785714,15.742857,5.9843063e-05,0.0023610592,-7.345365000000001e-25,1.1175871e-08,0.0,True
2012-05-21,56.19428571428572,2.4,13.828572,19.9,7.142857,63.014286,3.6714284,1.3999999,3.6285713,5.4714284,15.928572,0.00011333823,0.0022421405,-7.345365000000001e-25,0.0,0.0,True
2012-05-28,56.07285714285714,0.0,19.34286,26.742859,11.457144,51.87143,5.3571424,0.64285713,5.3285713,5.071429,22.2,1.4975667e-06,0.0020812303,-7.345365000000001e-25,3.7252903e-09,0.0,True
2012-06-04,56.03428571428572,39.7,11.514285,15.485715,7.0,77.28571,2.4857142,1.1714287,2.3857143,5.5285716,15.928572,0.00033776462,0.0019271672,-7.345365000000001e-25,3.7252903e-09,0.0,True
2012-06-11,56.11142857142857,6.7,14.471429,19.328571,8.185715,72.12858,3.242857,2.4714284,2.9857142,5.8428574,16.9,0.00012141466,0.0018208176,-7.345365000000001e-25,3.7252903e-09,0.0,True
2012-06-18,56.05857142857143,4.9,15.67143,21.042858,9.785714,77.08572,3.1714284,1.9857142,2.9857142,5.1714287,18.385714,0.00019316375,0.0017094463,-7.345365000000001e-25,1.1175871e-08,0.0,True
2012-06-25,56.02428571428572,17.699999,15.985715,20.0,11.728572,77.90001,3.2,2.2285714,2.9857142,5.2714286,18.77143,0.00037415326,0.0016124547,-7.345365000000001e-25,1.1175871e-08,0.0,True
2012-07-02,56.02,14.799999,17.928572,23.242859,12.028572,79.1,3.2571428,2.6714287,3.2571428,5.5285716,20.442858,0.0017254725,0.0015304312,-7.345365000000001e-25,7.450581e-09,0.0,True
2012-07-09,55.97714285714285,16.7,19.442858,24.942858,13.985715,80.185715,3.242857,2.6285713,3.3428574,5.642857,22.157143,0.0001861155,0.0014584512,-7.345365000000001e-25,1.1175871e-08,0.0,True
2012-07-16,55.99428571428571,35.8,15.257143,19.957144,11.585715,82.18572,2.8857143,2.6285713,2.7571428,5.714286,18.071428,0.00057402253,0.0013981238,-7.345365000000001e-25,1.1175871e-08,0.0,True
2012-07-23,56.137142857142855,25.5,15.685715,21.485716,10.471429,75.07143,3.2428575,2.8142858,3.1571426,6.4857144,18.2,0.00045850873,0.0013542175,-7.345365000000001e-25,1.1175871e-08,0.0,True
2012-07-30,56.06285714285714,13.099999,20.814285,27.542858,13.328572,68.828575,4.157143,3.2714286,4.2285714,5.742857,23.114286,9.058416e-05,0.0013008788,-7.345365000000001e-25,1.1175871e-08,0.0,True
2012-08-06,56.01857142857143,13.799999,19.27143,25.242859,13.17143,71.457146,3.3428574,2.6142857,3.4142857,5.542857,21.885714,0.0011007637,0.0012502894,-7.345365000000001e-25,1.1175871e-08,0.0,True
2012-08-13,56.00428571428571,3.8,15.914286,21.77143,10.257143,72.75715,2.9428573,1.8142859,3.042857,5.0285716,19.428572,1.898408e-05,0.0012020916,-7.345365000000001e-25,3.7252903e-09,0.0,True
2012-08-20,55.94571428571429,13.7,20.957144,28.057144,12.814285,64.25715,3.957143,1.8714286,3.9714284,4.5857143,22.442858,7.1525574e-05,0.0011491552,-7.345365000000001e-25,1.1175871e-08,0.0,True
2012-08-27,55.90571428571428,8.8,17.642857,22.685715,12.728572,76.5,2.6000001,1.4285715,2.6714287,4.457143,20.557142,0.00022311509,0.0010974854,-7.345365000000001e-25,5.5879354e-09,0.0,True
2012-09-03,55.87428571428571,2.6,16.071428,22.285715,9.928572,79.12858,2.0857143,1.2714285,2.1,4.5571427,18.77143,2.257526e-05,0.0010556504,-7.345365000000001e-25,3.7252903e-09,0.0,True
2012-09-10,55.83428571428572,0.3,17.514286,24.02857,10.585714,71.6,2.3285713,0.9285715,2.6285713,4.257143,18.814285,7.122755e-06,0.0010151789,-7.345365000000001e-25,9.313226e-09,0.0,True
2012-09-17,55.83714285714286,11.599999,14.185715,19.528574,8.714286,78.957146,1.6857144,1.0714287,1.8285714,4.4142857,15.971429,0.00010678172,0.0009756386,-7.345365000000001e-25,9.313226e-09,0.0,True
2012-09-24,55.81571428571429,2.3,11.714286,17.185715,6.1857147,72.62858,1.5,0.9,1.6999999,4.2,13.457143,5.786121e-05,0.00093925744,-7.345365000000001e-25,7.450581e-09,0.0,True
2012-10-01,55.83571428571429,8.0,12.614286,17.9,8.485715,78.799995,1.2571429,0.9142857,1.4285715,4.6571426,13.042857,0.00011757016,0.00090932846,-7.345365000000001e-25,7.450581e-09,0.0,True
2012-10-08,55.92714285714286,33.0,11.3714285,16.385715,6.7714286,83.40001,1.0428572,0.87142855,1.0714285,5.6714287,11.742857,0.0009870231,0.00088178366,-7.345365000000001e-25,9.313226e-09,0.0,True
2012-10-15,56.06285714285714,17.5,8.214286,12.457144,4.257143,83.457146,0.7571429,0.67142856,0.85714287,6.3714285,8.685715,0.00019793212,0.00086218864,-7.345365000000001e-25,1.8626451e-09,0.0,True
2012-10-22,56.11,0.5,13.2,18.828571,8.242857,82.11428,0.87142867,0.6999999,0.95714283,6.3714285,11.771428,1.0415912e-05,0.0008457303,-7.345365000000001e-25,7.450581e-09,0.0,True
2012-10-29,56.09857142857143,6.6000004,5.471429,8.857142,2.2285714,84.87144,0.4714286,0.37142855,0.5285714,6.2714286,6.928571,2.5644898e-05,0.00083342195,4.3539776e-06,1.0674819e-05,0.00013366714,True
2012-11-05,56.142857142857146,8.9,6.414286,9.528571,3.2285714,84.14286,0.54285717,0.5285714,0.5857143,6.4857144,5.7285714,0.00016263872,0.0008236468,2.0623207e-05,0.00012748875,0.0,True
2012-11-12,56.142857142857146,8.6,7.928571,10.085714,5.114286,85.78571,0.50000006,0.4571429,0.59999996,6.785714,7.042857,0.00012470782,0.0008157939,-7.345365000000001e-25,4.4703484e-08,0.0,True
2012-11-19,56.13142857142857,1.8000001,2.0142858,5.414286,-1.1999999,96.17143,0.15714286,0.12857144,0.15714286,6.9857144,2.9285715,2.2128224e-05,0.0008100718,5.6119192e-05,0.00011885911,0.00014413893,True
2012-11-26,56.14571428571429,8.9,6.1571426,9.014285,2.7428572,88.38572,0.31428573,0.27142856,0.35714287,7.071429,4.9142857,0.00013877451,0.0008063838,4.898934e-06,2.8584152e-05,0.0,True
2012-12-03,56.17428571428572,4.1,2.9142857,4.585715,1.0,90.75714,0.18571429,0.18571429,0.27142859,7.614286,2.7285714,4.2580068e-05,0.00080458075,0.00091356324,0.00055146404,0.004602261,True
2012-12-10,56.20857142857143,17.9,-1.557143,1.2571429,-4.8428574,88.32857,0.114285715,0.114285715,0.24285714,8.2,1.5860330000000003e-17,0.00013719499,0.00080587715,0.0057683503,0.004576117,0.015375756,True
2012-12-17,56.31714285714286,15.699999,0.7285715,2.857143,-2.0714285,91.12858,0.11428572,0.11428572,0.18571427,9.214286,0.32857144,0.0006690696,0.0008111298,0.011613528,0.014288595,0.0023916736,True
2012-12-24,56.44714285714286,21.900002,2.542857,4.7999997,0.88571435,93.78571,0.114285715,0.114285715,0.2857143,9.885715,1.4,0.001049988,0.0008842945,0.0020999114,0.0065436754,0.0038987957,True
2012-12-31,56.487142857142864,6.1,6.642857,9.228571,3.557143,80.057144,0.64285713,0.64285713,0.7,10.3714285,4.5,0.00011859834,0.00080393255,3.3166674e-05,0.00048282556,8.5681677e-07,True
2013-01-07,56.44714285714286,15.3,7.071429,8.328571,5.1857147,91.5,0.4,0.4,0.45714286,10.4,5.9142857,0.00034932792,0.0011007935,-7.345365000000001e-25,2.9802322e-08,0.0,True
2013-01-14,56.47571428571428,9.9,0.91428566,2.2,-1.1857141,91.28571,0.12857144,0.12857144,0.24285714,10.571428,2.1857142,0.00036023557,0.001304321,0.0006612937,2.4326146e-06,0.0016669966,True
2013-01-21,56.385714285714286,5.9,-4.3142858,-2.5285716,-6.471429,88.08572,0.0,0.0,0.2857143,10.3,-1.2142857,2.8312206e-07,0.001592949,0.0030969153,0.0,0.007410396,True
2013-01-28,56.34625,5.3999996,-4.157143,-1.3000001,-7.7571435,86.0,0.10000001,0.10000001,0.22857143,10.3,-0.7285714,0.0001412481,0.0018298104,0.0089765275,0.005018972,0.002878219,True
2013-02-04,56.527142857142856,26.199999,5.2000003,7.6285715,2.1857142,85.52857,0.8428572,0.8428572,0.71428573,10.814285,2.3857143,0.0023404583,0.0020777062,0.0016040745,0.009864468,0.005631365,True
2013-02-11,56.51714285714286,5.5,-0.44285712,1.8285714,-3.1285713,86.92857,0.24285714,0.24285714,0.3857143,10.528571,0.5285714,0.00010726601,0.0026389584,0.0043745777,0.001072444,0.0064277984,True
2013-02-18,56.41285714285714,4.5,-0.8428572,1.6571429,-3.4285715,89.71429,0.17142858,0.17142858,0.32857147,10.242857,-0.15714286,8.7291e-05,0.0032179952,0.0056223925,0.0030125398,0.0010593385,True
2013-02-25,56.42142857142857,7.5,-1.1285714,0.27142859,-2.5142858,90.21429,0.12857142,0.12857142,0.44285712,10.328571,-0.042857144,0.00011472404,0.0035854056,0.00990011,0.00468722,0.013561182,True
2013-03-04,56.42714285714286,0.90000004,1.557143,4.9000006,-1.4285715,87.58572,0.61428565,0.5714286,0.64285713,10.185715,1.0571429,0.0002117157,0.003816247,0.006046607,0.009789679,0.00054786727,True
2013-03-11,56.362857142857145,15.0,1.2285715,5.2000003,-2.2285714,82.28571,0.6571428,0.58571434,0.7714286,9.985714,2.442857,7.349253e-05,0.0039706975,0.0046166466,0.0016098935,0.016533963,True
2013-03-18,56.3725,8.4,-2.4,1.4142857,-6.9857144,77.814285,0.45714286,0.44285718,0.88571423,10.242857,0.1,0.00010895729,0.0040772557,0.014233958,0.0055713337,0.006360404,True
2013-03-25,56.38857142857143,7.1000004,-2.6285713,0.47142863,-5.557143,73.314285,0.25714287,0.25714287,1.0857142,10.285714,0.12857144,3.7804246e-05,0.0041385964,0.016740832,0.0018511098,0.009226579,True
2013-04-01,56.32857142857143,2.6000001,-0.7571429,2.8857143,-4.114286,76.957146,0.84285724,0.7714285,1.1,10.0,0.3857143,0.00013703108,0.0041769147,0.012269849,0.0069771726,0.0035467036,True
2013-04-08,56.3,0.0,1.8714286,6.1,-2.6000001,71.28571,1.2714285,1.0857142,1.4,9.642858,2.9571428,0.0001218915,0.0041770637,0.004281345,0.006184701,0.00041280687,True
2013-04-15,56.41142857142857,14.8,9.8714285,15.300001,4.6285715,77.457146,1.8999999,1.7714285,1.9142857,9.5,9.171429,0.00029300153,0.0041442215,0.00017466431,0.0010159463,4.245341e-05,True
2013-04-22,56.37714285714286,0.0,12.071428,17.257143,5.857143,63.37143,2.9857144,2.3,2.7428572,8.671429,13.914286,1.2412667e-05,0.004080124,-7.345365000000001e-25,3.7252903e-08,0.0,True
2013-04-29,56.33571428571429,14.400001,11.6285715,16.97143,5.4857144,71.814285,2.5285714,2.042857,2.6,8.114285,13.057143,0.00016479194,0.003980741,-7.345365000000001e-25,7.450581e-09,0.0,True
2013-05-06,56.27857142857143,1.5,12.528572,18.47143,4.4428573,61.57143,3.0571427,2.2285714,3.0142858,7.5857143,14.571428,1.3113022e-06,0.0038451254,-7.345365000000001e-25,0.0,0.0,True
2013-05-13,56.30714285714286,25.7,13.385715,17.800001,8.228572,80.44286,2.442857,2.0857143,2.3142858,7.214286,15.914286,0.0003129691,0.0036813915,-7.345365000000001e-25,7.450581e-09,0.0,True
2013-05-20,56.25857142857143,12.0,14.485715,19.957142,8.471429,79.07143,2.7714288,2.2285714,2.8714287,7.142857,16.72857,0.00014409423,0.0035172552,-7.345365000000001e-25,7.450581e-09,0.0,True
2013-05-27,56.37857142857143,69.5,9.6285715,13.1285715,6.071429,86.25715,1.7428572,1.6142857,1.6714286,9.314285,12.257143,0.0022113323,0.00398162,-7.345365000000001e-25,3.7252903e-09,0.0,True
2013-06-03,56.535,22.5,13.385715,18.228573,9.742857,83.57143,2.414286,2.3,2.4714284,10.471429,15.657143,0.00040281564,0.003374055,-7.345365000000001e-25,1.4901161e-08,0.0,True
2013-06-10,56.37285714285714,0.0,16.2,22.785715,8.614286,66.12858,4.028571,3.1571426,4.4142857,9.071428,20.342857,1.44690275e-05,0.0034266934,-7.345365000000001e-25,0.0,0.0,True
2013-06-17,56.25142857142857,6.7999997,17.1,23.228573,9.557143,70.21429,4.0142856,3.2,3.9714286,8.271428,20.528572,0.00012777746,0.0033201948,-7.345365000000001e-25,7.450581e-09,0.0,True
2013-06-24,56.15857142857143,2.2,20.728573,26.128572,14.957144,69.77143,4.428571,3.4714284,4.7428575,7.8142858,23.485714,0.0024372563,0.0031514168,-7.345365000000001e-25,1.1175871e-08,0.0,True
2013-07-01,56.10875,13.299999,13.642858,17.77143,8.757143,77.814285,2.5285714,2.0285716,2.6285713,7.3142858,16.614286,0.00013118982,0.0030080378,-7.345365000000001e-25,1.1175871e-08,0.0,True
2013-07-08,56.05142857142857,4.4,18.97143,25.042858,12.757143,71.38572,3.857143,2.542857,4.042857,6.6857142,22.7,0.00011488795,0.0028712526,-7.345365000000001e-25,7.450581e-09,0.0,True
2013-07-15,55.99142857142857,0.0,16.814285,23.1,10.328572,71.8,3.6285717,1.0857143,3.8142858,5.9,21.914286,7.5101852e-06,0.0026976913,-7.345365000000001e-25,7.450581e-09,0.0,True
2013-07-22,55.888571428571424,0.0,20.685715,28.62857,11.185715,59.61429,4.8714285,0.7285714,5.0285716,5.542857,24.757143,4.917383e-07,0.002518028,-7.345365000000001e-25,7.450581e-09,0.0,True
2013-07-29,55.84428571428571,18.3,23.385714,30.957142,16.585714,67.557144,4.5000005,1.6,4.6,5.5285716,26.22857,0.00031471252,0.0023067594,-7.345365000000001e-25,1.1175871e-08,0.0,True
2013-08-05,55.870000000000005,10.6,22.385715,29.0,15.457144,65.51429,4.457143,2.1,4.5,5.4714284,24.542856,0.0003837645,0.0021398142,-7.345365000000001e-25,1.1175871e-08,0.0,True
2013-08-12,55.83571428571429,11.5,18.328571,23.514286,12.714286,73.34286,3.0571427,1.7857141,3.1571429,5.5142856,21.742857,9.666383e-05,0.0019960105,-7.345365000000001e-25,1.1175871e-08,0.0,True
2013-08-19,55.82,26.4,17.657145,24.057144,11.414286,71.75715,2.8142855,1.6285714,2.8714287,5.357143,19.685715,0.003940463,0.0018722117,-7.345365000000001e-25,9.313226e-09,0.0,True
2013-08-26,55.86,0.0,17.77143,24.042858,11.014287,62.200005,3.2428572,1.6857144,3.6285713,5.285714,20.257143,1.9222498e-05,0.0017638355,-7.345365000000001e-25,0.0,0.0,True
2013-09-02,55.75428571428571,2.9,16.1,21.857143,9.785714,71.557144,2.3,0.82857144,2.457143,4.8285713,18.757143,4.1782856e-05,0.0016555935,-7.345365000000001e-25,1.3038516e-08,0.0,True
2013-09-09,55.74714285714286,31.4,18.300001,23.657145,13.1,74.57143,2.3428571,0.9285714,2.6000001,5.0285716,19.214285,0.00024747849,0.0015697777,-7.345365000000001e-25,1.1175871e-08,0.0,True
2013-09-16,55.88142857142857,12.3,13.1285715,16.942858,9.514287,86.14286,1.3142859,1.2285715,1.3857143,6.542857,14.728572,0.000286296,0.0014963523,-7.345365000000001e-25,9.313226e-09,0.0,True
2013-09-23,55.93,9.7,12.67143,16.428572,9.157144,83.25714,1.1428572,0.9857144,1.3285714,6.6,13.4,0.00014315546,0.0014406741,-7.345365000000001e-25,9.313226e-09,0.0,True
2013-09-30,55.971428571428575,5.5,10.228572,15.057143,5.1714287,82.557144,1.0428572,0.85714287,1.2285715,6.5571427,12.0,0.000121474266,0.0013974011,-7.345365000000001e-25,1.8626451e-09,0.0,True
2013-10-07,55.97714285714285,15.099999,10.357142,14.842857,5.8428574,75.21429,1.0142857,0.8,1.3714286,6.4714284,10.757143,0.0003157109,0.0013551265,-7.345365000000001e-25,0.0,0.0,True
2013-10-14,56.11571428571428,38.1,10.428572,13.842857,7.1142855,89.814285,0.6571428,0.62857145,0.6857143,7.7285714,11.157143,0.008636475,0.002575174,-7.345365000000001e-25,7.450581e-09,0.0,True
2013-10-21,56.23285714285714,13.5,11.485715,14.785714,7.957143,85.75714,0.7857143,0.7571429,0.85714287,8.885715,10.914286,0.00038149953,0.0013584048,-7.345365000000001e-25,9.313226e-09,0.0,True
2013-10-28,56.18714285714286,11.2,14.714286,18.957144,10.2,79.314285,1.1428572,1.0857143,1.2428572,8.957143,13.0,0.00018490851,0.00142245,-7.345365000000001e-25,1.3038516e-08,0.0,True
2013-11-04,56.167142857142856,15.2,9.314286,12.585715,5.914286,79.814285,0.7714286,0.7428571,0.8428572,9.2,8.671429,0.0003466606,0.0014826953,-7.345365000000001e-25,5.5879354e-09,0.0,True
2013-11-11,56.33857142857143,21.5,8.000001,10.728571,5.1857142,85.62858,0.6714286,0.6714286,0.5857143,10.314285,7.742857,0.0010252893,0.0015925094,-7.345365000000001e-25,3.7252903e-09,0.0,True
2013-11-18,56.29571428571428,0.1,3.5857143,6.7000003,0.14285715,92.47143,0.22857144,0.21428573,0.25714287,10.014286,4.571429,3.5211444e-05,0.0019054189,-7.345365000000001e-25,0.0,0.0,True
2013-11-25,56.33,13.8,2.6714287,4.828572,-0.5,93.11428,0.20000002,0.20000002,0.22857143,10.3,3.057143,0.00026889145,0.0022125542,0.00010750407,0.0003890898,0.0004629083,True
2013-12-02,56.33857142857143,7.6000004,3.4428573,5.8,0.90000004,92.37144,0.24285717,0.24285717,0.2857143,10.257143,2.6285715,0.00011719018,0.0024928004,3.0778705e-05,9.798817e-05,8.117408e-06,True
2013-12-09,56.42142857142857,25.3,3.1714287,5.0285716,0.85714287,91.9,0.4,0.4,0.3,10.442857,2.2714286,0.0004491806,0.0027421117,0.0012052797,0.004105564,0.0042797215,True
2013-12-16,56.46857142857142,0.5,3.614286,6.5428576,0.24285719,92.14286,0.17142858,0.17142858,0.18571427,10.4,3.2714286,2.2485852e-05,0.0030612424,4.361357e-05,0.00015064515,2.9802322e-08,True
2013-12-23,56.40285714285714,3.6999998,6.0285716,7.4000006,3.0714285,76.90001,0.44285712,0.44285712,0.7,10.171429,3.5428572,5.555153e-05,0.0034065023,1.7029898e-06,7.001683e-06,0.0,True
2013-12-30,56.40285714285714,10.5,6.957143,0.0,3.7857144,79.94286,0.5428571,0.5428571,0.8142857,10.214286,5.0857143,0.00013457239,0.0036340132,-7.345365000000001e-25,1.1175871e-08,0.0,True
2014-01-06,56.41857142857143,13.5,4.9000006,7.3714285,1.5428572,82.72858,0.3,0.3,0.42857143,10.3,1.9,0.00023022294,0.0037762,-7.345365000000001e-25,1.8626451e-09,0.0,True
2014-01-13,56.451428571428565,5.4,6.214286,8.885715,2.8714287,82.27143,0.71428573,0.71428573,0.55714285,10.3714285,4.7285714,0.00021971762,0.003915131,-7.345365000000001e-25,1.8626451e-09,0.0,True
2014-01-20,56.4075,3.9,2.7714288,5.057143,0.55714285,93.08571,0.21428572,0.20000002,0.24285714,10.314285,2.7857144,0.00015634298,0.004142694,8.3883606e-05,0.00030356273,0.0005007647,True
2014-01-27,56.37285714285714,10.5,-5.2714286,-3.114286,-7.7714286,89.52857,0.057142857,0.057142857,0.25714287,10.3,-1.0571429,2.9712915e-05,0.0043729246,0.0037543091,0.0011275467,0.009417947,True
2014-02-03,56.34285714285715,0.3,-1.3857144,1.7142857,-4.5142856,87.542854,0.18571429,0.18571429,0.31428573,10.3,-0.6142857,9.468198e-05,0.004530318,0.00694435,0.0044273324,0.0010957606,True
2014-02-10,56.39714285714285,4.8,4.9,8.6,1.6714286,75.700005,0.94285715,0.88571423,0.90000004,10.1,2.2428572,0.00020694733,0.0046044514,0.0014349165,0.004433807,0.0,True
2014-02-17,56.42125,9.5,5.971429,9.457144,2.6857145,75.07143,1.0857143,1.0428572,1.0285714,10.014286,4.385714,0.00029835105,0.0046662316,3.8657868e-06,2.0271167e-05,0.0,True
2014-02-24,56.38,1.8,5.8428574,10.171428,1.5285715,78.457146,0.99999994,0.91428566,0.87142855,9.842857,4.9142857,7.1659684e-05,0.0047978684,-7.345365000000001e-25,3.5390258e-08,0.0,True
2014-03-03,56.34142857142857,1.4,5.928571,11.342857,0.88571435,78.828575,0.9714286,0.8142857,0.8428572,9.457143,5.742857,8.212775e-05,0.0048674718,-7.345365000000001e-25,0.0,0.0,True
2014-03-10,56.30571428571428,0.1,6.114286,13.042857,-0.44285712,80.814285,1.1857144,0.95714283,1.0285714,9.085714,6.785714,4.4703484e-06,0.004853435,-7.345365000000001e-25,1.8626451e-09,0.0,True
2014-03-17,56.30428571428571,3.2,7.2428575,12.828572,2.1857145,77.557144,1.5,1.2285715,1.3000001,8.542857,7.9857144,5.8308244e-05,0.004783012,-7.345365000000001e-25,5.5879354e-09,0.0,True
2014-03-24,56.30714285714286,2.9,9.1285715,13.914286,3.6571429,72.942856,1.6714286,1.4142857,1.7285715,8.228572,8.942857,7.787347e-05,0.004689105,-7.345365000000001e-25,0.0,0.0,True
2014-03-31,56.285714285714285,0.0,7.428571,13.985715,1.4142858,78.24286,1.4857142,1.1285715,1.5428572,7.8142858,8.742857,1.8797815e-05,0.004560657,-7.345365000000001e-25,0.0,0.0,True
2014-04-07,56.29,6.4,12.057143,17.585714,6.8285713,79.57143,1.8428571,1.4142858,1.8428571,7.3714285,12.757143,6.3464046e-05,0.004390888,-7.345365000000001e-25,3.7252903e-09,0.0,True
2014-04-14,56.28285714285715,10.6,9.485715,13.457144,5.1714287,79.614296,1.8571428,1.5714285,1.8142856,7.142857,11.157143,0.00016129017,0.0042127073,-7.345365000000001e-25,1.8626451e-09,0.0,True
2014-04-21,56.29571428571428,9.3,9.342857,15.67143,2.414286,74.442856,2.5142858,1.9571428,2.3428571,6.885714,11.385715,0.00019651651,0.0040209442,-7.345365000000001e-25,3.7252903e-09,0.0,True
2014-04-28,56.26571428571429,1.0,14.1285715,20.67143,7.3428574,79.27143,2.6,1.6857141,2.6571429,6.5571427,16.4,2.8654933e-05,0.0038119927,-7.345365000000001e-25,3.7252903e-09,0.0,True
2014-05-05,56.20857142857143,4.5,10.585715,15.800001,4.6714287,71.62858,2.3714283,1.5428572,2.4142857,6.385714,14.457143,0.00010962039,0.0035815835,-7.345365000000001e-25,0.0,0.0,True
2014-05-12,56.20285714285715,20.1,12.142858,16.757143,8.442858,78.67143,2.542857,2.1142857,2.3,6.5857143,13.457143,0.00033524632,0.0033705533,-7.345365000000001e-25,1.1175871e-08,0.0,True
2014-05-19,56.20285714285715,2.1,11.542857,17.314287,5.7999997,78.64286,2.5,1.8857143,2.457143,6.571429,14.328571,6.368756e-05,0.0031836033,-7.345365000000001e-25,0.0,0.0,True
2014-05-26,56.12571428571429,1.9,18.67143,25.614286,10.1,68.185715,4.328572,2.7142856,4.3714285,6.0142856,21.8,2.2485852e-05,0.0029773116,-7.345365000000001e-25,3.7252903e-09,0.0,True
2014-06-02,56.271428571428565,43.1,11.914286,16.842857,5.7428575,78.057144,2.7142856,2.2,2.5571427,7.357143,16.385714,0.0006196052,0.0027910545,-7.345365000000001e-25,1.1175871e-08,0.0,True
2014-06-09,56.19428571428572,15.7,18.885715,26.242857,10.142858,67.057144,4.571429,3.3714287,4.585714,6.4428573,22.285715,6.787479e-05,0.0026207864,-7.345365000000001e-25,7.450581e-09,0.0,True
2014-06-16,56.15714285714286,23.599998,16.6,21.77143,10.685715,79.0,3.385714,2.4714284,3.3,5.9714284,21.157143,0.00012950599,0.00243935,-7.345365000000001e-25,7.450581e-09,0.0,True
2014-06-23,56.09,1.8,14.457144,19.7,9.028571,75.6,3.2285712,1.5571429,3.2,5.257143,18.614286,2.1204352e-05,0.0022896454,-7.345365000000001e-25,7.450581e-09,0.0,True
2014-06-30,56.08142857142857,30.3,14.642858,20.17143,8.971429,82.17143,2.8857143,2.2,2.8142858,5.5,18.471428,0.00030337274,0.0021514967,-7.345365000000001e-25,7.450581e-09,0.0,True
2014-07-07,56.06142857142857,2.8,18.914288,25.442858,11.585715,70.828575,4.4428573,2.7,4.1857142,5.1857142,22.085714,5.917251e-05,0.002015926,-7.345365000000001e-25,7.450581e-09,0.0,True
2014-07-14,56.09428571428571,28.7,18.714285,24.957142,13.67143,82.88572,3.2714286,2.8999999,3.1714284,6.7,21.642857,0.007126704,0.0021349937,-7.345365000000001e-25,1.4901161e-08,0.0,True
2014-07-21,55.99,1.1,23.014286,29.785717,14.842857,62.27143,4.7571425,3.2428572,4.9714284,5.9142857,25.485714,1.2025237e-05,0.0017966703,-7.345365000000001e-25,1.1175871e-08,0.0,True
2014-07-28,56.03428571428572,39.9,21.17143,27.128572,15.928573,75.07143,3.9714286,2.6285713,3.8428574,5.757143,24.27143,0.0010996312,0.0016946122,-7.345365000000001e-25,1.4901161e-08,0.0,True
2014-08-04,56.38285714285714,60.6,20.385714,25.557144,14.957144,79.25715,3.3285716,2.5285714,3.1285713,6.3428574,23.957144,0.0039031506,0.0024386644,-7.345365000000001e-25,7.450581e-09,0.0,True
2014-08-11,56.365,10.700001,18.685715,24.228573,12.157144,74.92857,3.2142856,2.5714285,3.2000003,6.614286,22.057142,0.00019134581,0.0015887544,-7.345365000000001e-25,1.4901161e-08,0.0,True
2014-08-18,56.26428571428572,13.3,16.071428,20.914288,12.1285715,75.24286,2.6857145,2.3428571,2.8857143,6.214286,18.485714,0.0001975596,0.0015466362,-7.345365000000001e-25,1.1175871e-08,0.0,True
2014-08-25,56.20428571428572,6.8,13.142858,18.785715,8.157144,77.200005,2.2571428,1.8571428,2.4142857,6.071429,16.071428,9.396672e-05,0.0015098602,-7.345365000000001e-25,7.450581e-09,0.0,True
2014-09-01,56.12428571428571,8.900001,15.028572,20.657145,9.028571,81.4,1.9428571,1.6,2.1285713,5.928571,17.657143,9.705126e-05,0.0014711395,-7.345365000000001e-25,7.450581e-09,0.0,True
2014-09-08,56.05428571428571,0.2,17.228573,23.385715,10.914286,82.68572,2.0285714,1.5285714,2.3142858,5.9428573,19.185715,6.120652e-05,0.0014356375,-7.345365000000001e-25,3.7252903e-09,0.0,True
2014-09-15,56.04571428571428,10.0,15.400001,19.100002,11.928572,88.58571,1.357143,1.0571429,1.4285715,5.9857144,17.185715,9.392947e-05,0.0014003217,-7.345365000000001e-25,1.1175871e-08,0.0,True
2014-09-22,56.05285714285714,4.2,16.571428,21.37143,12.099999,83.14286,1.7142859,1.3142856,1.8714286,6.1285715,18.042856,0.0002233684,0.001365535,-7.345365000000001e-25,7.450581e-09,0.0,True
2014-09-29,56.03285714285715,5.0,13.657144,18.642857,8.257143,80.17143,1.2714285,0.9714286,1.5,6.285714,14.814285,3.385544e-05,0.0013337657,-7.345365000000001e-25,7.450581e-09,0.0,True
2014-10-06,56.06,4.3,14.142858,19.828571,8.585714,85.58572,1.1142857,0.7571427,1.2428571,6.1571426,16.028572,6.633997e-05,0.0013043582,-7.345365000000001e-25,3.7252903e-09,0.0,True
2014-10-13,56.13428571428572,18.800001,14.17143,17.800001,10.857142,88.971436,0.94285715,0.8428572,0.88571423,6.5857143,14.642858,0.0005467683,0.0012796149,-7.345365000000001e-25,9.313226e-09,0.0,True
2014-10-20,56.165,19.1,13.514287,17.914286,9.1285715,88.614296,0.85714287,0.7714286,0.8428572,6.8428574,13.814285,0.00017261505,0.0012656674,-7.345365000000001e-25,9.313226e-09,0.0,True
2014-10-27,56.21571428571429,8.2,10.657143,14.485715,6.957143,87.38572,0.71428573,0.6571428,0.71428573,7.6,10.957143,0.00022751838,0.0012657717,-7.345365000000001e-25,1.8626451e-09,0.0,True
2014-11-03,56.19571428571429,4.0,10.414286,14.7,6.0428576,90.314285,0.55714285,0.5,0.5285714,7.5571427,10.285714,3.311038e-05,0.0012835935,-7.345365000000001e-25,3.7252903e-09,0.0,True
2014-11-10,56.17285714285714,0.1,8.057143,11.957144,3.8,88.5,0.4142857,0.35714287,0.42857143,7.542857,8.3,4.5761466e-05,0.0013054833,-7.345365000000001e-25,3.7252903e-09,0.0,True
2014-11-17,56.17428571428572,3.6000001,8.857142,11.014285,6.585715,94.314285,0.24285714,0.22857141,0.3285714,7.5285716,8.3714285,1.7479062e-05,0.0013264194,-7.345365000000001e-25,3.7252903e-09,0.0,True
2014-11-24,56.16625,5.1,5.9857144,8.271429,3.6142857,91.25715,0.2857143,0.24285714,0.2857143,7.6857142,5.7285714,5.964935e-05,0.0013443679,-7.345365000000001e-25,0.0,0.0,True
2014-12-01,56.19428571428572,0.0,0.9857143,2.5428574,-0.67142856,88.457146,0.15714286,0.114285715,0.37142858,7.757143,1.7857143,1.2367964e-06,0.0013577417,8.1175847e-07,2.0489097e-08,2.875924e-06,True
2014-12-08,56.18,2.8000002,0.9714286,2.5857143,-0.9714286,91.08572,0.14285715,0.14285715,0.25714287,7.8142858,0.35714287,6.969273e-05,0.001368016,3.3810025e-05,5.7104975e-05,6.594509e-05,True
2014-12-15,56.21857142857142,15.8,3.5857143,6.042857,0.21428572,86.314285,0.4142857,0.38571426,0.44285712,8.257143,2.357143,0.00026227534,0.0013775155,1.2715657e-05,5.795434e-05,4.5999885e-05,True
2014-12-22,56.30428571428571,25.5,6.928571,9.414286,4.1857142,88.200005,0.55714285,0.55714285,0.59999996,9.071428,5.2,0.00037929416,0.0014015734,5.676633e-08,9.592623e-07,0.0,True
2014-12-29,56.36142857142857,9.8,1.9857143,4.042857,-0.8,88.14286,0.3428571,0.3428571,0.41428572,9.685715,2.857143,0.00010381639,0.001476258,0.0007060028,7.92928e-06,0.0040130503,True
2015-01-05,56.32714285714286,4.1,3.6285717,5.285714,1.8428572,87.38572,0.15,0.15,0.54285717,9.65,0.2,0.00023251772,0.0015931576,0.001666086,0.0069041625,0.0028674528,True
2015-01-12,56.36142857142857,29.6,5.457143,7.7000003,2.8714287,84.08572,0.84285724,0.84285724,0.6857143,10.057143,3.8285713,0.0005723238,0.0017397776,5.9979302e-05,0.00030336715,0.00024505705,True
2015-01-19,56.46,6.8,4.2,7.014286,0.75714284,81.52857,0.67142856,0.67142856,0.5857143,10.2,3.5428572,0.00014524162,0.0020156577,2.228646e-05,5.6415796e-05,0.0006992854,True
2015-01-26,56.345,6.0,-0.10000001,1.3285714,-1.957143,93.67143,0.12857144,0.12857144,0.22857143,9.985714,0.14285715,0.00016060472,0.0023573115,0.001757951,0.0019507557,0.0033136532,True
2015-02-02,56.39,13.8,1.6142857,3.557143,-0.58571434,89.02857,0.42857143,0.42857143,0.44285712,10.185715,1.0142857,0.00017037988,0.002631858,0.00409619,0.0031711347,0.00909207,True
2015-02-09,56.37571428571429,3.3,-0.42857143,2.5,-3.742857,87.61428,0.3857143,0.3857143,0.44285718,10.057143,0.2857143,0.0001969114,0.002888091,0.008420763,0.0080898125,0.0034730658,True
2015-02-16,56.35714285714285,0.1,1.8000001,4.9428573,-1.1285714,90.64286,0.40000004,0.3857143,0.42857143,9.857142,1.9285715,5.0738454e-05,0.003115587,0.00047743888,0.002017619,1.0166317e-05,True
2015-02-23,56.32428571428572,5.2,2.8428574,6.714286,-1.0571429,82.38572,0.68571424,0.62857145,0.6714286,9.642858,2.2142856,8.028746e-05,0.0033106506,0.0002613976,0.000671342,0.0027677268,True
2015-03-02,56.32142857142857,7.5,4.0285716,8.214286,0.11428571,77.40001,1.0714285,1.0142858,0.91428566,9.657143,3.4285715,0.00019037724,0.003424801,0.0007099821,0.0023339633,0.00026223436,True
2015-03-09,56.32285714285714,5.0,6.4428573,10.599999,2.6142857,74.57143,1.2714285,1.1571428,1.2142857,9.6285715,5.4714284,0.00011315197,0.0034896657,5.55345e-05,0.00021184981,9.33893e-05,True
2015-03-16,56.29857142857143,1.4,4.857143,8.228572,1.2857143,84.057144,0.91428566,0.78571427,0.9285714,9.214286,5.3,4.386902e-05,0.003530331,1.0359855e-05,6.5272674e-05,6.463751e-05,True
2015-03-23,56.29571428571428,6.7,5.0285716,11.557143,-1.2285715,71.54286,1.6142856,1.2857143,1.4857142,8.814285,7.1285715,8.222461e-05,0.0035179853,2.3785092e-06,5.4314733e-06,1.0002404e-05,True
2015-03-30,56.3,19.599998,7.014286,10.857142,2.9142857,79.91429,1.4857142,1.3142859,1.3285714,8.642858,7.6571426,0.0004606396,0.003474027,9.820575e-07,5.925074e-06,0.0,True
2015-04-06,56.41571428571429,14.3,3.9714284,9.285714,-0.8,77.557144,1.8999999,1.8285713,1.4857142,9.657143,5.9428573,0.0005611479,0.0034507737,0.00082774955,0.0053273886,0.0055160224,True
2015-04-13,56.32714285714286,1.4,9.757143,15.685715,2.7142856,70.12858,2.5285714,2.0142856,2.3285713,8.828571,11.114285,2.0235777e-05,0.003472209,1.3533093e-05,0.000111473724,0.0,True
2015-04-20,56.26857142857143,0.1,9.485715,16.5,1.8142859,64.328575,2.957143,2.1571429,2.7999997,7.757143,12.285714,3.5911798e-06,0.0034180582,-7.345365000000001e-25,1.8626451e-09,0.0,True
2015-04-27,56.23857142857143,14.3,10.428572,17.085714,3.3142858,76.24286,2.6,1.7571428,2.3,6.957143,13.185715,0.00019800663,0.00331638,-7.345365000000001e-25,0.0,0.0,True
2015-05-04,56.24285714285714,9.1,9.885715,15.957143,3.414286,70.71429,2.8857143,2.2714286,2.7285714,6.928571,12.9,0.0001283139,0.0032099783,-7.345365000000001e-25,0.0,0.0,True
2015-05-11,56.20857142857143,3.1,13.742858,19.928572,6.2285714,69.47143,3.457143,2.2285714,3.0714285,6.4142857,15.657143,6.3955784e-05,0.0030772462,-7.345365000000001e-25,3.7252903e-09,0.0,True
2015-05-18,56.151428571428575,0.5,11.67143,17.885715,3.957143,69.42857,3.1142857,1.3857144,2.8714287,5.8,15.114285,2.592802e-05,0.0029269755,-7.345365000000001e-25,3.7252903e-09,0.0,True
2015-05-25,56.08571428571429,0.8,12.042857,18.285715,4.1714287,70.814285,2.9857142,0.7857142,2.9714284,5.457143,16.342857,1.3574958e-05,0.0027629584,-7.345365000000001e-25,3.7252903e-09,0.0,True
2015-06-01,56.03142857142858,9.7,12.257143,17.842857,5.9000006,70.77143,3.0,1.0428572,2.9285715,5.3285713,15.042857,5.9083104e-05,0.0025896206,-7.345365000000001e-25,3.7252903e-09,0.0,True
2015-06-08,55.957142857142856,0.0,16.928572,23.27143,7.9857144,60.414288,4.5142856,0.7285714,4.4428573,5.1285715,19.614286,2.875924e-06,0.0024048835,-7.345365000000001e-25,7.450581e-09,0.0,True
2015-06-15,55.87428571428571,1.9,16.1,22.542858,8.642858,65.38572,3.8285713,0.7571429,3.6285713,4.9857144,20.157143,7.750094e-05,0.0021981895,-7.345365000000001e-25,3.7252903e-09,0.0,True
2015-06-22,55.83,9.9,13.014287,18.228573,7.4000006,75.5,2.7857144,1.1285714,2.6857142,5.0142856,16.77143,0.00015096366,0.0020234361,-7.345365000000001e-25,3.7252903e-09,0.0,True
2015-06-29,55.83714285714286,6.4,16.6,22.1,10.985715,74.07143,3.4428573,2.0571427,3.3714287,5.1857142,19.114286,0.00016127527,0.0018908232,-7.345365000000001e-25,1.1175871e-08,0.0,True
2015-07-06,55.78,16.7,23.67143,31.2,15.214286,58.285713,5.9999995,2.2571428,5.857143,4.8285713,25.814285,4.3913722e-05,0.0017287135,-7.345365000000001e-25,7.450581e-09,0.0,True
2015-07-13,55.77,21.5,16.857143,22.6,11.142858,74.457146,3.6142857,2.4714284,3.4142857,4.9142857,19.957144,0.00016925484,0.0015748143,-7.345365000000001e-25,1.4901161e-08,0.0,True
2015-07-20,55.815714285714286,27.900002,19.142857,24.9,13.485715,77.51428,3.6285713,2.4857142,3.5142858,4.9428573,21.785715,0.0061977208,0.0014692247,-7.345365000000001e-25,7.450581e-09,0.0,True
2015-07-27,55.84,19.7,18.885714,24.685715,12.757143,72.38572,3.9714284,3.0142856,3.7,4.9428573,21.7,0.00011423975,0.0013630688,-7.345365000000001e-25,1.4901161e-08,0.0,True
2015-08-03,55.79714285714285,2.8999999,16.757143,23.62857,9.528572,64.35714,3.8428574,2.2428572,3.857143,4.9,19.12857,1.4573336e-05,0.0012729391,-7.345365000000001e-25,7.450581e-09,0.0,True
2015-08-10,55.73,4.9,22.614286,30.5,14.185715,61.857143,4.614286,1.6285714,4.6857142,4.3142858,24.37143,1.1771917e-05,0.0011721998,-7.345365000000001e-25,7.450581e-09,0.0,True
2015-08-17,55.707142857142856,59.199997,21.5,27.27143,16.685715,78.82857,3.2142856,1.5000001,3.1571429,4.757143,23.857143,0.0012026057,0.0010802448,-7.345365000000001e-25,1.4901161e-08,0.0,True
2015-08-24,55.95857142857143,27.1,17.500002,23.100002,11.771429,76.471436,2.842857,2.2428572,2.7285714,6.785714,20.37143,0.00096842647,0.0010225922,-7.345365000000001e-25,5.5879354e-09,0.0,True
2015-08-31,55.93571428571429,12.4,19.457144,25.314287,13.771429,74.25714,2.7857144,2.3142855,2.9142857,6.5142856,20.742857,0.00035473704,0.0009749755,-7.345365000000001e-25,1.8626451e-09,0.0,True
2015-09-07,55.93,13.5,14.1,18.800001,9.557143,81.35714,1.9428571,1.6857144,2.0428572,6.5857143,16.671429,0.00021138787,0.00093741715,-7.345365000000001e-25,1.1175871e-08,0.0,True
2015-09-14,55.92714285714286,15.4,14.271429,19.4,9.2,84.58572,1.6714286,1.3714285,1.7142857,6.5571427,16.428572,0.00017822534,0.00090848655,-7.345365000000001e-25,0.0,0.0,True
2015-09-21,56.0,18.3,13.900001,18.085714,10.185715,84.67143,1.3999999,1.2857143,1.4285715,6.9857144,14.828571,0.00020359457,0.00088606775,-7.345365000000001e-25,1.3038516e-08,0.0,True
2015-09-28,55.97428571428571,2.6,11.571428,17.142857,6.142857,83.85714,1.1285714,0.9000001,1.3428571,6.885714,13.6,5.2541494e-05,0.00086800754,-7.345365000000001e-25,1.8626451e-09,0.0,True
2015-10-05,55.93714285714286,0.0,10.271429,18.157145,3.1142857,80.1,1.1714287,0.8,1.2714285,6.4857144,12.671429,6.854534e-07,0.00084877014,-7.345365000000001e-25,1.8626451e-09,0.0,True
2015-10-12,55.96714285714285,12.3,9.271429,12.542857,6.0,84.02857,0.81428576,0.7,0.9285714,6.9428573,10.785714,0.0004602149,0.00083449483,-7.345365000000001e-25,3.7252903e-09,0.0,True
2015-10-19,56.06857142857143,35.4,6.2714286,7.857143,4.914286,94.1,0.37142858,0.35714287,0.5142857,8.1285715,7.1,0.0005631596,0.0008287132,-7.345365000000001e-25,0.0,0.0,True
2015-10-26,56.12428571428571,1.3000001,8.857142,12.614286,4.5285716,90.457146,0.5,0.4857143,0.55714285,8.557143,9.228572,3.0443072e-05,0.00084046274,-7.345365000000001e-25,5.5879354e-09,0.0,True
2015-11-02,56.0975,0.3,7.3142858,12.514287,2.8428574,93.6,0.37142855,0.3285714,0.34285715,8.357142,7.9714284,1.6540289e-06,0.0008613765,-7.345365000000001e-25,3.7252903e-09,0.0,True
2015-11-09,56.10714285714285,5.5,11.042857,15.628572,6.8714285,86.52857,0.7428571,0.6857143,0.67142856,8.385715,10.1,0.00018335134,0.0008817762,-7.345365000000001e-25,3.7252903e-09,0.0,True
2015-11-16,56.16428571428571,35.6,11.457143,13.3714285,8.3714285,84.67143,0.78571427,0.7714286,0.9142857,8.828571,10.385715,0.0011325553,0.0009033233,-7.345365000000001e-25,1.6763806e-08,0.0,True
2015-11-23,56.33285714285714,16.9,6.9,9.185715,4.7571425,85.01429,0.77142864,0.77142864,0.7714286,9.8,6.7285714,0.00065368414,0.0009791553,0.00033989406,0.00018017925,0.0020247437,True
2015-11-30,56.294285714285714,30.0,4.1285715,7.4000006,1.2142857,86.700005,0.54285717,0.54285717,0.4714286,9.685715,3.1571429,0.0019482672,0.00112506,0.0010175819,0.0035395678,0.0017007217,True
2015-12-07,56.38285714285714,1.2,8.400001,10.614286,5.8428574,79.314285,0.55714285,0.57142866,0.82857144,9.971429,6.2714286,9.87798e-05,0.0013638884,3.0369986e-06,3.8415194e-05,0.0,True
2015-12-14,56.32714285714286,12.5,5.142857,8.728572,1.4857142,86.21429,0.42857143,0.4,0.37142855,9.828571,4.2714286,0.00025433302,0.0016622618,-7.345365000000001e-25,4.4703484e-08,1.6763806e-07,True
2015-12-21,56.33714285714286,5.2,9.757143,11.757143,7.3,86.314285,0.4714286,0.45714286,0.5285714,9.814285,7.4142857,9.5024705e-05,0.0019143075,-7.345365000000001e-25,1.359731e-07,0.0,True
2015-12-28,56.315714285714286,3.1999998,10.5,13.042857,7.014286,79.97143,0.64285713,0.59999996,0.9142857,9.685715,8.042857,3.0696392e-05,0.0021361858,-7.345365000000001e-25,1.1175871e-08,0.0,True
2016-01-04,56.29857142857143,4.6,0.1714286,2.142857,-2.4285715,86.65715,0.23333333,0.23333333,0.41428572,9.633333,3.3,5.927682e-05,0.002306141,0.00013667061,0.0,0.0016556866,True
2016-01-11,56.29857142857143,18.5,-1.2142857,1.5857143,-3.857143,88.07143,0.24285714,0.24285714,0.31428573,9.914286,-0.47142857,0.00032524765,0.0024324208,0.0056016445,0.006921826,0.008364394,True
2016-01-18,56.43571428571429,11.700001,-0.3428572,1.7571428,-2.9428573,92.85714,0.22857143,0.22857143,0.22857143,10.1285715,0.6142857,0.00019845366,0.0025819987,0.0037219524,0.002229154,0.0062296316,True
2016-01-25,56.38142857142857,5.0,-1.4142857,2.4857144,-7.142857,91.700005,0.12857144,0.12857144,0.20000002,10.042857,-0.3857143,0.00029700994,0.0028199926,0.006659854,0.012059417,0.005586244,True
2016-02-01,56.425714285714285,13.2,7.6,10.099999,4.042857,80.14286,1.0,1.0,0.94285715,10.071428,5.142857,0.00032165647,0.003081508,4.3153763e-05,0.0006446615,0.0,True
2016-02-08,56.471428571428575,11.1,6.6428576,9.585714,4.2428575,78.87142,0.9857143,0.9857143,1.0285715,10.1,4.9,0.00026337057,0.0034611225,8.591584e-05,0.00050206855,0.0004864931,True
2016-02-15,56.44625,11.0,3.114286,5.585715,0.05714285,85.92857,0.71428573,0.71428573,0.64285713,10.171429,3.2714286,0.0003323853,0.0039146245,0.00034813653,0.0007329248,0.0023396946,True
2016-02-22,56.43857142857143,27.6,2.8857143,6.285714,-0.41428572,86.01429,0.64285713,0.64285713,0.5857143,10.2,2.9714286,0.0013091266,0.0047539547,0.0013274635,0.0029184613,0.0013645664,True
2016-02-29,56.48714285714285,2.0,1.4285716,5.6285715,-2.0142858,81.07143,0.78571427,0.7714286,0.7285714,10.285714,2.6571429,5.0760806e-05,0.0053440183,0.00024066085,0.0002972558,0.0005752444,True
2016-03-07,56.401428571428575,8.799999,3.0428574,6.9428573,-1.0,82.957146,0.7857142,0.7714285,0.7428571,9.885715,3.5,0.00019440055,0.0062118024,0.0004050675,0.0016989838,0.0014956519,True
2016-03-14,56.34142857142857,0.1,2.5571427,5.914286,-1.3714286,80.07143,0.85714287,0.75714284,0.87142855,9.657143,3.4,4.3213367e-06,0.0064970404,3.5450572e-05,0.000109326094,0.00012783334,True
2016-03-21,56.30571428571428,2.8000002,4.957143,9.157143,1.2428572,80.27143,1.1,0.94285715,1.1,9.257143,5.6285715,4.029274e-05,0.0064997897,1.7092341e-05,9.554066e-05,1.7382205e-05,True
2016-03-28,56.31,10.4,7.071429,11.028572,3.2285714,81.557144,1.3285713,1.2428571,1.2428571,9.057143,7.1714287,0.00016079843,0.006400302,-7.345365000000001e-25,2.924353e-07,0.0,True
2016-04-04,56.31285714285714,4.4,9.528572,15.157144,3.7428572,70.685715,1.9714286,1.7857143,1.8000001,9.071428,9.857142,0.00011335313,0.006231852,-7.345365000000001e-25,-1.8626451e-09,0.0,True
2016-04-11,56.29285714285714,2.6,9.1,14.5,3.0428574,71.04286,2.085714,1.7285713,1.9142857,8.585714,11.042857,3.5718083e-05,0.0059970543,-7.345365000000001e-25,0.0,0.0,True
2016-04-18,56.29571428571428,8.1,9.685715,14.857142,4.0857143,75.91429,1.9571427,1.6999999,1.9571428,8.185715,11.2,0.00013537705,0.0057302937,-7.345365000000001e-25,3.7252903e-09,0.0,True
2016-04-25,56.25857142857143,7.1,6.514286,12.485715,0.59999996,69.64286,2.3285713,1.8571428,2.357143,7.6571426,10.342857,8.5666776e-05,0.0054214373,7.85646e-06,6.25588e-05,0.00010869652,True
2016-05-02,56.25428571428571,4.9,7.785714,13.728572,2.0,73.971436,2.5428574,2.1,2.3428571,7.5285716,10.085714,0.00015744567,0.0051083043,2.4347079e-05,0.00018233992,0.00013624132,True
2016-05-09,56.18857142857143,0.0,14.542857,21.385715,6.157143,58.228573,4.542857,2.5571427,4.257143,6.5857143,16.142857,1.1339784e-05,0.0047496334,-7.345365000000001e-25,4.0978193e-08,0.0,True
2016-05-16,56.09571428571429,2.6999998,13.6285715,19.457144,7.828572,62.414288,4.1285715,1.4571428,3.9857142,5.6571426,16.714285,3.6537647e-05,0.004316397,-7.345365000000001e-25,3.7252903e-09,0.0,True
2016-05-23,56.02285714285715,20.8,15.842857,21.7,9.257143,68.700005,3.5,1.1714286,3.4714284,5.4714284,17.514286,9.153783e-05,0.0039452985,-7.345365000000001e-25,3.7252903e-09,0.0,True
2016-05-30,56.07571428571429,17.6,15.685715,20.571428,10.900001,83.542854,2.4857142,1.7714285,2.5571427,6.114286,18.342857,0.00028640032,0.0036103874,-7.345365000000001e-25,1.1175871e-08,0.0,True
2016-06-06,56.45,44.6,19.757143,25.985716,13.242858,77.17143,3.9857142,3.0142858,3.9428573,6.6571426,23.071428,0.0020690858,0.0033236444,-7.345365000000001e-25,7.450581e-09,0.0,True
2016-06-13,56.30714285714286,3.6,16.514286,22.242859,10.928572,72.08572,3.6000001,2.0142858,3.8,5.8,21.857143,5.991757e-05,0.0030255243,-7.345365000000001e-25,3.7252903e-09,0.0,True
2016-06-20,56.21714285714285,39.5,15.742857,20.757143,10.171428,81.88572,3.0714285,2.5571427,2.9142857,6.3,19.257143,0.00017023087,0.002795197,-7.345365000000001e-25,7.450581e-09,0.0,True
2016-06-27,56.17714285714286,41.4,20.300001,26.314287,13.757143,75.74286,4.5000005,3.2428572,4.2285714,6.1857142,23.571428,4.1395426e-05,0.0025644451,-7.345365000000001e-25,1.4901161e-08,0.0,True
2016-07-04,56.18,8.8,17.342857,22.328571,11.542857,72.442856,3.7142856,2.4,3.5285716,6.071429,20.814285,9.9390745e-05,0.0023423657,-7.345365000000001e-25,3.7252903e-09,0.0,True
2016-07-11,56.06285714285714,3.3,18.985714,24.428572,12.928572,67.8,4.385714,2.0285714,4.1571426,5.571429,21.471428,3.9979815e-05,0.0021472871,-7.345365000000001e-25,1.1175871e-08,0.0,True
2016-07-18,56.00857142857143,8.8,17.528572,23.042858,11.671428,74.6,3.2285714,1.7714285,3.2857144,5.3285713,20.257143,4.249811e-05,0.001962766,-7.345365000000001e-25,1.4901161e-08,0.0,True
2016-07-25,55.96857142857142,8.4,22.428572,29.642857,14.957144,68.8,4.3714285,1.7571429,4.2714286,5.0285716,25.22857,2.3573637e-05,0.0017887428,-7.345365000000001e-25,3.7252903e-09,0.0,True
2016-08-01,56.00875,23.8,19.157145,24.528574,14.442858,76.61428,3.1714284,2.0285716,3.3285713,5.0857143,22.657143,9.569526e-05,0.0016252995,-7.345365000000001e-25,1.3038516e-08,0.0,True
2016-08-08,55.98428571428571,6.1,18.085714,22.985716,13.042857,78.042854,2.7857144,1.8,2.8,5.0142856,20.057142,5.042553e-05,0.0015070885,-7.345365000000001e-25,1.1175871e-08,0.0,True
2016-08-15,55.91571428571428,2.4,15.714286,20.885715,10.328572,75.28571,2.5,1.3285714,2.6571429,4.7,18.485714,2.3506582e-05,0.0013939291,-7.345365000000001e-25,7.450581e-09,0.0,True
2016-08-22,55.864285714285714,6.5,16.914286,23.757143,9.614286,73.58571,2.8,1.0571429,2.8999999,4.385714,20.342857,3.965199e-05,0.0012875497,-7.345365000000001e-25,9.313226e-09,0.0,True
2016-08-29,55.815714285714286,2.6999998,22.77143,30.714285,14.514285,65.4,3.8571427,0.9857143,4.071429,4.214286,23.242857,3.142655e-05,0.0011850595,-7.345365000000001e-25,9.313226e-09,0.0,True
2016-09-05,55.77428571428572,12.9,17.814287,24.785715,10.842857,72.84286,2.6285713,0.95714283,2.7,4.3142858,20.414286,3.2022595e-05,0.0010875016,-7.345365000000001e-25,7.450581e-09,0.0,True
2016-09-12,55.771428571428565,0.0,20.142857,28.300001,11.828572,69.35714,2.7571428,1.2142857,3.0285716,4.3285713,21.457144,2.3841858e-07,0.0010094196,-7.345365000000001e-25,5.5879354e-09,0.0,True
2016-09-19,55.77285714285715,12.4,18.84286,24.357143,12.857142,69.24286,2.4428573,0.87142855,2.6142857,4.285714,20.057142,0.00011692941,0.0009311959,-7.345365000000001e-25,9.313226e-09,0.0,True
2016-09-26,55.81571428571429,0.4,14.785714,21.128572,8.457143,77.75715,1.6714286,0.87142855,1.6142857,4.428571,17.4,7.659197e-06,0.0008757487,-7.345365000000001e-25,3.7252903e-09,0.0,True
2016-10-03,55.82714285714286,14.7,14.857142,19.214285,10.099999,80.58572,1.3857143,0.7857143,1.557143,4.257143,16.071428,0.00010642409,0.00082732737,-7.345365000000001e-25,9.313226e-09,0.0,True
2016-10-10,55.88,6.3,9.414286,13.214286,5.1714287,87.1,0.8,0.64285713,0.9285714,4.571429,10.714286,2.2023916e-05,0.0007891804,-7.345365000000001e-25,9.313226e-09,0.0,True
2016-10-17,55.91857142857143,3.6000001,9.1,11.857142,6.828572,91.057144,0.54285717,0.41428572,0.6857143,4.8285713,9.428572,4.442036e-05,0.0007575825,-7.345365000000001e-25,3.7252903e-09,0.0,True
2016-10-24,56.01142857142857,33.7,7.571429,10.214286,5.071429,93.21429,0.44285718,0.42857143,0.47142857,5.542857,8.685715,0.00020913035,0.0007282868,-7.345365000000001e-25,0.0,0.0,True
2016-10-31,56.07428571428572,2.0,9.314285,11.785714,5.8857145,92.21429,0.4142857,0.37142855,0.4857143,6.214286,8.885715,2.9221177e-05,0.0007034987,-7.345365000000001e-25,9.313226e-09,0.0,True
2016-11-07,56.07857142857143,6.3,5.9000006,8.557143,2.5142858,90.88572,0.4,0.38571426,0.37142858,6.4,6.1714287,0.00012046844,0.0006815046,-7.345365000000001e-25,1.8626451e-09,0.0,True
2016-11-14,56.09857142857143,2.8,0.3857143,3.5428574,-2.9857144,89.85714,0.24285714,0.24285714,0.18571429,6.9714284,1.3714286,6.548315e-05,0.0006628856,0.0015701567,0.001255976,0.0028899387,True
2016-11-21,56.19285714285714,16.0,7.971429,10.971429,5.0,82.71429,0.61428577,0.5857143,0.6857143,7.5285716,5.571429,0.00024278462,0.00064715,0.00022372177,0.0017417315,8.3711e-05,True
2016-11-28,56.21999999999999,0.2,3.3428574,6.914286,-0.19999994,92.57143,0.20000002,0.17142858,0.15714286,7.7,4.0571427,2.6375055e-06,0.00063443184,3.5138357e-06,7.66851e-06,1.3753772e-05,True
2016-12-05,56.21428571428572,4.0,-0.042857137,4.571429,-4.0,89.08571,0.27142856,0.25714287,0.14285715,7.7714286,0.71428573,1.9684434e-05,0.00062453,2.2593e-06,6.9048256e-06,9.983778e-07,True
2016-12-12,56.23,13.700001,5.442857,7.942857,2.857143,86.75715,0.37142855,0.35714287,0.4714286,7.9142857,3.1,0.000174582,0.00061606616,-7.345365000000001e-25,5.904585e-07,1.3783574e-07,True
2016-12-19,56.30571428571428,3.1,3.1714287,5.3428574,0.7,95.457146,0.14285715,0.12857144,0.18571429,8.457143,2.6,1.7002225e-05,0.00060884655,8.571716e-07,1.475215e-06,1.9781291e-06,True
2016-12-26,56.285714285714285,6.7,4.214286,6.428571,1.7,89.27143,0.44285712,0.44285712,0.45714286,8.657143,2.8857143,0.00013755262,0.0006032437,9.366444e-07,2.4344772e-06,1.7881393e-06,True
2017-01-02,56.277142857142856,2.8000002,2.8428571,5.7000003,-0.18571426,86.200005,0.32000002,0.28000003,0.40000004,8.82,2.76,2.8386712e-05,0.00059859455,0.00021292482,0.00013601035,0.0020406395,True
2017-01-09,56.36714285714286,19.3,-1.0000001,1.2285715,-3.6285713,87.057144,0.27142859,0.27142859,0.35714287,9.271428,-0.2,0.00015354902,0.0005954057,0.0022948866,0.0018509943,0.0043992624,True
2017-01-16,56.41142857142857,18.5,0.65714294,2.5142858,-1.9142858,89.27143,0.4142857,0.4142857,0.3285714,9.6285715,0.042857144,0.00019329041,0.0005943179,0.007964321,0.0046721026,0.0133779235,True
2017-01-23,56.39,0.0,-2.1714287,0.1571428,-4.7999997,93.9,0.071428575,0.071428575,0.12857142,9.614285,-0.62857145,2.0965934e-05,0.0005964264,0.012109217,0.0012780465,0.00032770634,True
2017-01-30,56.34428571428572,7.6,-0.19999997,2.414286,-2.4285715,87.92857,0.27142859,0.25714284,0.2857143,9.557143,-0.71428573,0.00024683774,0.00060171634,0.010332414,0.0049821027,0.00043605268,True
2017-02-06,56.37125,1.7,1.8000001,4.2428575,-0.08571427,96.07143,0.24285714,0.22857144,0.2857143,9.742857,0.54285717,0.00014398992,0.00061094016,0.0035417704,0.005578907,0.0006753281,True
2017-02-13,56.31428571428571,0.1,-2.0714285,-0.057142872,-3.9857144,76.98572,0.12857142,0.12857142,0.6571428,9.6,-0.9,2.5182962e-06,0.00063023716,0.0019772905,0.00014161319,0.0014524572,True
2017-02-20,56.28857142857142,3.3999999,3.6571429,8.028571,-0.8428572,86.3,0.61428565,0.5571429,0.5,9.514286,1.4428571,0.0001411289,0.0006542653,0.0008503993,0.002369903,0.0,True
2017-02-27,56.45,30.0,7.071429,9.785714,4.0857143,80.042854,1.2571429,1.2285715,1.042857,10.1,5.5857143,0.00051068515,0.0006847456,4.978407e-06,3.313832e-05,2.349168e-05,True
2017-03-06,56.43714285714286,17.6,6.7714286,10.157144,2.9285715,76.94286,1.3142856,1.2714285,1.1142857,9.714286,6.1571426,0.00039212406,0.0007463619,-7.345365000000001e-25,4.172325e-07,0.0,True
2017-03-13,56.46428571428572,8.9,4.957143,9.1,1.0714285,82.98572,1.0285715,0.9714286,0.9714286,9.857142,5.571429,0.00023388863,0.0008367598,-7.345365000000001e-25,0.0,0.0,True
2017-03-20,56.401428571428575,22.199999,8.214286,12.442858,3.3857143,77.51429,1.5285714,1.3714285,1.3857143,9.642858,7.928571,0.0003902018,0.000946708,-7.345365000000001e-25,1.8626451e-09,0.0,True
2017-03-27,56.44,0.3,6.828572,12.957143,0.15714288,71.685715,1.8000001,1.6142856,1.5571429,9.571428,8.8,2.6464462e-05,0.0010595322,-7.345365000000001e-25,1.8626451e-09,0.0,True
2017-04-03,56.38142857142857,12.4,12.314286,17.828571,5.8857145,73.52857,2.2428572,1.8428571,1.9142857,8.8,13.085714,0.00014191121,0.0011560172,-7.345365000000001e-25,3.7252903e-09,0.0,True
2017-04-10,56.35142857142857,0.70000005,9.857142,14.742858,4.957143,75.457146,1.8857144,1.4285715,1.9,8.257143,11.257143,1.564622e-05,0.0012160093,-7.345365000000001e-25,3.7252903e-09,0.0,True
2017-04-17,56.32857142857143,12.0,7.728572,12.185715,3.7285714,76.01429,1.9142857,1.7428571,1.8285714,7.928571,9.285714,0.00027263165,0.0012487248,-7.345365000000001e-25,0.0,0.0,True
2017-04-24,56.31857142857143,5.0,5.7000003,10.8,0.042857103,71.15714,2.0714285,1.7571429,1.9428571,7.6285715,8.042857,0.00012852997,0.0012650415,0.00022033851,0.0011724681,0.0011897068,True
2017-05-01,56.28857142857142,1.2,7.2000003,13.271429,-0.19999994,67.700005,2.5,1.8285716,2.3999999,7.071429,10.2,8.7067485e-05,0.001266703,-7.345365000000001e-25,3.7252903e-07,0.0,True
2017-05-08,56.30714285714286,12.4,9.857142,13.071428,6.928571,85.94286,1.7285715,1.4,1.6142856,6.885714,11.857142,0.00018434227,0.0012604892,-7.345365000000001e-25,0.0,0.0,True
2017-05-15,56.317142857142855,23.7,12.67143,19.02857,6.371429,73.27143,3.0285714,2.1571429,2.9857142,6.4142857,15.742857,0.00010660291,0.0012468994,-7.345365000000001e-25,0.0,0.0,True
2017-05-22,56.43,40.399998,17.1,23.100002,10.5,71.87143,3.7999997,2.4428573,3.542857,6.5,20.27143,0.002524048,0.0012149066,-7.345365000000001e-25,3.7252903e-09,0.0,True
2017-05-29,56.36571428571428,0.6,17.785715,24.514286,10.114286,70.828575,4.4142857,2.1142857,4.1714287,6.0,21.314285,0.00010064244,0.0011756867,-7.345365000000001e-25,7.450581e-09,0.0,True
2017-06-05,56.277142857142856,32.1,17.142857,22.928572,10.357142,70.5,3.8142858,2.3714283,3.857143,5.857143,21.2,0.00044120848,0.0011294335,-7.345365000000001e-25,3.7252903e-09,0.0,True
2017-06-12,56.25571428571429,11.8,16.9,22.84286,11.314286,71.828575,3.957143,2.7571428,3.642857,5.8,19.614286,0.0001013428,0.0010911897,-7.345365000000001e-25,1.1175871e-08,0.0,True
2017-06-19,56.16571428571429,10.799999,17.857143,24.071428,10.528572,72.65715,4.1,1.9857143,4.0,5.2285714,21.542856,7.286668e-05,0.0010461435,-7.345365000000001e-25,7.450581e-09,0.0,True
2017-06-26,56.21142857142858,65.2,18.414288,24.2,12.742857,74.58572,4.085714,2.142857,3.6,5.3714285,22.257143,0.00029587746,0.0009966791,-7.345365000000001e-25,1.1175871e-08,0.0,True
2017-07-03,56.34857142857143,42.3,16.77143,21.485716,11.771429,81.314285,2.9857142,2.4285715,2.8999999,6.9,19.357143,0.0004351735,0.00096160173,-7.345365000000001e-25,1.4901161e-08,0.0,True
2017-07-10,56.34285714285714,6.6,18.47143,23.957144,13.585714,76.557144,3.7285714,2.5714285,3.5571427,6.928571,22.757143,0.00017245114,0.0009297505,-7.345365000000001e-25,7.450581e-09,0.0,True
2017-07-17,56.31857142857143,15.200001,16.528572,21.457144,11.042857,78.72858,2.942857,2.5714285,2.8857143,7.3714285,19.72857,0.0008856356,0.0009031594,-7.345365000000001e-25,7.450581e-09,0.0,True
2017-07-24,56.277142857142856,54.300003,19.300001,25.157145,13.057143,76.457146,3.628572,3.2,3.5571427,7.257143,22.557142,0.0011206418,0.0008758679,-7.345365000000001e-25,7.450581e-09,0.0,True
2017-07-31,56.60285714285715,53.7,19.02857,24.5,13.842857,75.557144,3.3428571,3.0714283,3.3,9.557143,20.471428,0.003851056,0.002802454,-7.345365000000001e-25,1.6763806e-08,0.0,True
2017-08-07,56.48714285714285,8.7,18.97143,24.714285,13.528572,73.24286,3.4571426,2.9285715,3.3285713,8.457143,21.957144,0.00020183623,0.00096347183,-7.345365000000001e-25,5.5879354e-09,0.0,True
2017-08-14,56.43,37.5,17.185715,22.142857,11.685715,77.51429,2.7000003,2.2714286,2.6142857,8.542857,19.857143,0.0018354952,0.0009980947,-7.345365000000001e-25,1.1175871e-08,0.0,True
2017-08-21,56.40285714285714,12.9,17.9,22.985716,12.771429,78.41429,2.6142857,2.4285715,2.6285713,8.9,20.22857,0.0002924204,0.001042746,-7.345365000000001e-25,1.4901161e-08,0.0,True
2017-08-28,56.291428571428575,4.4,16.257143,22.385714,9.471429,77.67143,2.5000002,2.0714285,2.5,8.414286,19.957144,3.0189753e-05,0.0010826811,-7.345365000000001e-25,5.5879354e-09,0.0,True
2017-09-04,56.18571428571429,2.8,16.37143,23.085714,9.285714,77.51429,2.3428571,1.8285713,2.4857142,7.7714286,19.557142,6.341934e-05,0.0010984838,-7.345365000000001e-25,7.450581e-09,0.0,True
2017-09-11,56.135714285714286,9.5,15.242858,19.942858,10.971429,78.98572,1.8428571,1.5857143,1.9428571,7.642857,16.62857,0.00026711822,0.0011001155,-7.345365000000001e-25,1.1175871e-08,0.0,True
2017-09-18,56.13285714285714,21.0,12.085715,17.557142,7.1,80.22858,1.6142857,1.4571428,1.7714287,7.6714287,13.785714,0.00018289685,0.0010999888,-7.345365000000001e-25,1.3038516e-08,0.0,True
2017-09-25,56.105714285714285,8.0,13.114286,17.614286,9.528571,87.67143,1.0571429,0.87142855,1.2142857,7.542857,14.9,0.0001232475,0.0010984689,-7.345365000000001e-25,1.8626451e-09,0.0,True
2017-10-02,56.14714285714285,26.1,14.6285715,18.528574,11.542857,88.51429,1.0857142,0.9571428,1.1571429,7.8714285,15.3,0.00039950013,0.001101017,-7.345365000000001e-25,7.450581e-09,0.0,True
2017-10-09,56.21571428571429,21.3,11.142858,14.1285715,8.542857,84.957146,1.1285714,1.1,1.1857144,9.0,11.271428,0.0005929023,0.0011220127,-7.345365000000001e-25,1.3038516e-08,0.0,True
2017-10-16,56.23142857142857,1.1,14.485715,18.657145,10.414286,82.64286,1.0714285,0.94285715,1.1714286,8.914286,13.657143,1.9177794e-05,0.001193881,-7.345365000000001e-25,1.1175871e-08,0.0,True
2017-10-23,56.175714285714285,8.9,12.057143,16.057142,8.528571,88.471436,0.71428573,0.64285713,0.6857143,8.642858,12.514286,0.00030843914,0.0012698099,-7.345365000000001e-25,7.450581e-09,0.0,True
2017-10-30,56.21142857142858,12.0,10.971429,13.771429,8.214286,84.457146,0.9428572,0.91428566,0.9714286,8.885715,10.5,0.00017984211,0.0013446361,-7.345365000000001e-25,9.313226e-09,0.0,True
2017-11-06,56.23142857142857,7.3999996,8.5,11.285714,5.228572,90.542854,0.4857143,0.4714286,0.45714286,9.2,8.314285,0.0006235987,0.0014416948,-7.345365000000001e-25,3.7252903e-09,0.0,True
2017-11-13,56.25142857142857,6.9,5.457143,7.6857147,3.0285716,91.85714,0.35714287,0.35714287,0.4,9.314285,5.4857144,0.00015257299,0.0015781447,-7.345365000000001e-25,3.7252903e-09,0.0,True
2017-11-20,56.26428571428572,12.4,5.3857145,7.585715,2.6285713,91.51429,0.3857143,0.3857143,0.35714287,9.357142,4.9714284,0.0001770705,0.0017409921,9.1961454e-07,8.0652535e-06,1.5437603e-05,True
2017-11-27,56.43,27.400002,6.7000003,9.057143,3.6571429,87.542854,0.44285718,0.42857143,0.59999996,9.957143,5.4,0.0014718026,0.001965709,9.990874e-07,7.940456e-06,0.0,True
2017-12-04,56.41571428571429,10.8,2.357143,4.3142858,0.22857141,91.78571,0.22857143,0.22857143,0.24285714,9.942857,2.0714285,0.00019061565,0.0024538934,0.0012457257,0.0053073205,0.007944521,True
2017-12-11,56.42428571428572,13.8,3.8285716,6.1285715,2.1000001,85.0,0.5285714,0.5285714,0.62857145,9.942857,2.9285715,0.00031915307,0.002947688,0.0018641892,0.005554728,0.010072306,True
2017-12-18,56.49857142857143,13.4,2.1285715,4.3857145,-0.057142854,89.35714,0.37142858,0.37142858,0.25714287,10.185715,1.3571428,0.0009841323,0.0035232604,0.0032955238,0.007869655,0.002097901,True
2017-12-25,56.41714285714285,2.6,6.357143,7.657143,4.1,91.14286,0.27142859,0.27142859,0.5,9.842857,4.7714286,9.590387e-05,0.0043314174,0.00043362664,0.0018257592,3.0435622e-06,True
2018-01-01,56.39571428571429,16.9,5.1142855,8.257143,1.7571429,81.08571,0.55,0.55,0.6571428,9.783334,3.3,0.00025354326,0.0048843846,8.04833e-05,0.000587916,0.00057316944,True
2018-01-08,56.55142857142857,21.7,3.8714287,6.2428575,1.7,84.28571,0.61428577,0.61428577,0.5,10.542857,3.7,0.0016833916,0.0057280287,4.037221e-05,0.00016523153,0.00023905188,True
2018-01-15,56.465,2.2,1.0714285,3.2000003,-1.3428572,88.25715,0.2857143,0.2857143,0.35714287,9.957143,0.6857143,7.44462e-05,0.0067834407,5.812872e-05,8.064136e-05,5.4255128e-05,True
2018-01-22,56.51714285714286,24.9,1.5857143,3.5428574,-0.028571436,92.74286,0.4285714,0.4285714,0.3,10.3,0.85714287,0.00034285337,0.0073444173,0.0019984415,0.002870027,0.007108789,True
2018-01-29,56.50428571428571,10.299999,7.571429,9.7,4.5,87.48572,0.62857145,0.62857145,0.61428577,10.1,5.8285713,0.00042036176,0.0077299103,0.00054328213,0.004463397,0.0,True
2018-02-05,56.46428571428572,6.6000004,2.3714287,4.714286,-0.22857141,85.72858,0.48571426,0.47142857,0.4714286,10.142858,2.4714286,0.00032490492,0.008246608,0.00085937977,0.00031418726,0.0027113818,True
2018-02-12,56.37857142857143,1.3000001,-1.1,2.1000001,-4.585715,82.27143,0.29999998,0.29999998,0.35714287,9.957143,-0.25714287,3.5896897e-05,0.008904323,0.0025409176,0.001289336,0.0028312095,True
2018-02-19,56.34285714285715,2.4,0.8000001,5.0428576,-2.8142858,79.71429,0.64285713,0.59999996,0.5,9.757143,0.74285716,7.353723e-05,0.009059384,0.0029465698,0.003333224,0.0016878583,True
2018-02-26,56.30571428571428,0.7,-2.5571427,1.5857143,-6.4714284,76.92857,0.37142858,0.3,0.5714286,9.528571,-0.028571429,6.645918e-06,0.00895112,0.0016374929,0.0003386736,0.0014341921,True
2018-03-05,56.25,1.2,-5.085715,0.1571429,-9.742858,67.22857,0.2857143,0.25714287,0.8142857,9.485714,-2.5857143,4.0233135e-05,0.008767761,0.0031120721,0.001604937,0.001683712,True
2018-03-12,56.29285714285714,19.5,5.728572,9.800001,1.4,86.0,1.042857,1.0,0.8428572,9.642858,3.8142858,0.0005337745,0.008497886,0.0018531652,0.007595597,0.0060790256,True
2018-03-19,56.387142857142855,6.0,0.9714286,4.142857,-1.9714288,70.41429,0.61428577,0.61428577,1.1857144,9.942857,2.6285715,6.836653e-05,0.00825613,0.0018633945,3.107451e-05,0.0047868676,True
2018-03-26,56.33142857142857,2.6999998,3.5285716,8.314286,-1.7,78.35714,1.0285715,0.95714295,1.1,9.7,4.114286,0.00015418977,0.008071497,0.0018707003,0.0052506346,0.002286233,True
2018-04-02,56.38142857142857,28.5,3.7857144,7.8142858,-0.51428574,81.92857,1.2142857,1.1571428,1.1,9.857142,5.0142856,0.0003722906,0.007843852,0.00038897424,0.0014662575,0.0017535985,True
2018-04-09,56.43571428571429,10.2,11.585714,18.128572,4.1285715,64.52857,2.8999999,2.5428574,2.7,9.442857,11.614285,0.00043065846,0.00761389,2.9745555e-05,0.00043903664,0.0,True
2018-04-16,56.34428571428572,22.1,12.942857,19.385715,7.514286,81.98572,2.2,1.9285716,2.0571427,9.0,13.828571,0.00026763976,0.0073249787,-7.345365000000001e-25,1.3038516e-08,0.0,True
2018-04-23,56.30428571428571,2.2,16.185715,23.37143,7.4428573,68.22857,3.671429,2.9285715,3.3857143,8.385715,18.414286,1.1280179e-05,0.006981984,-7.345365000000001e-25,7.450581e-09,0.0,True
2018-04-30,56.24,8.3,12.7,17.628572,6.457143,71.1,2.914286,2.2857144,2.7428572,7.6285715,14.885715,7.869303e-05,0.0065707043,-7.345365000000001e-25,7.450581e-09,0.0,True
2018-05-07,56.17142857142857,0.0,12.342857,19.100002,2.957143,60.285713,3.8142858,2.085714,3.4428573,6.714286,15.557143,1.9073486e-06,0.006091431,-7.345365000000001e-25,0.0,0.0,True
2018-05-14,56.13,8.599999,18.0,25.17143,10.385715,62.642857,4.7000003,1.6714287,4.4428573,6.071429,20.0,2.400577e-05,0.005523175,-7.345365000000001e-25,7.450581e-09,0.0,True
2018-05-21,56.08285714285714,7.1,14.357142,19.84286,8.185715,70.08572,3.6571426,1.1857145,3.3285713,5.8428574,18.171429,2.9370189e-05,0.0049807727,-7.345365000000001e-25,0.0,0.0,True
2018-05-28,55.98857142857143,0.6,20.414288,27.757143,11.6,53.11429,5.285714,1.0142858,5.3857145,5.4857144,22.328571,5.6922436e-06,0.0044084713,-7.345365000000001e-25,1.1175871e-08,0.0,True
2018-06-04,55.93857142857143,14.2,21.285715,27.100002,15.442858,73.685715,4.2428575,1.4714286,4.1285715,5.542857,24.557142,7.2553754e-05,0.003848277,-7.345365000000001e-25,0.0,0.0,True
2018-06-11,55.88857142857143,2.3,20.742859,27.84286,13.271429,59.04286,4.957143,1.3142856,5.142857,5.2285714,24.6,1.6465783e-05,0.0033774227,-7.345365000000001e-25,3.7252903e-09,0.0,True
2018-06-18,55.81714285714286,2.2,17.328571,22.457144,11.142858,66.62858,3.7428572,0.8714286,3.5714285,4.928571,21.585714,1.1220574e-05,0.002967298,-7.345365000000001e-25,1.1175871e-08,0.0,True
2018-06-25,55.79571428571428,9.1,15.642858,20.6,11.428572,76.5,3.2,1.1999999,2.9285715,4.928571,18.657143,4.2267144e-05,0.0026550442,-7.345365000000001e-25,7.450581e-09,0.0,True
2018-07-02,55.75428571428571,0.0,18.77143,26.242859,10.042857,54.914284,5.557143,0.94285715,5.2428575,4.642857,22.342857,4.61936e-07,0.0023706034,-7.345365000000001e-25,3.7252903e-09,0.0,True
2018-07-09,55.68142857142857,0.1,19.185715,26.857143,10.342857,57.5,5.228572,0.6571428,5.0,4.3142858,23.314285,2.5629997e-06,0.0020573214,-7.345365000000001e-25,1.1175871e-08,0.0,True
2018-07-16,55.667142857142856,14.900001,17.628572,24.4,10.6,69.77143,3.9142857,1.7857141,3.857143,4.8428574,21.8,4.196912e-05,0.0018378347,-7.345365000000001e-25,7.450581e-09,0.0,True
2018-07-23,55.6325,10.3,21.27143,28.87143,12.2,55.57143,5.114286,1.2857143,4.914286,4.285714,24.714285,4.1127205e-06,0.0016165003,-7.345365000000001e-25,7.450581e-09,0.0,True
2018-07-30,55.62428571428571,13.1,25.414288,33.57143,16.328571,54.97143,5.8,1.5714284,5.542857,4.2,27.171429,1.5705824e-05,0.0014086366,-7.345365000000001e-25,7.450581e-09,0.0,True
2018-08-06,55.60857142857143,1.4,24.328571,31.47143,16.042858,55.342857,5.2999997,1.5285715,5.2571425,4.1571426,27.085714,3.813207e-05,0.0012359694,-7.345365000000001e-25,3.7252903e-09,0.0,True
2018-08-13,55.58714285714286,2.5,21.77143,29.757143,12.857142,53.8,4.8571424,1.4285715,4.7285714,3.9571428,23.985714,2.5495887e-05,0.0010960549,-7.345365000000001e-25,7.450581e-09,0.0,True
2018-08-20,55.620000000000005,8.3,20.042858,26.557144,13.300001,66.6,3.5,0.85714287,3.4428573,3.7857144,22.814285,1.0088086e-05,0.0009914711,-7.345365000000001e-25,1.1175871e-08,0.0,True
2018-08-27,55.58571428571429,5.9,18.185715,24.157145,11.6285715,59.285713,3.1857142,0.62857145,3.4285715,3.6142857,21.071428,1.6227365e-05,0.00089773536,-7.345365000000001e-25,5.5879354e-09,0.0,True
2018-09-03,55.57857142857143,3.3,17.257143,23.87143,9.485715,68.04286,2.6,0.7285714,2.8,3.7,19.27143,3.1277537e-05,0.00082794577,-7.345365000000001e-25,1.1175871e-08,0.0,True
2018-09-10,55.56428571428571,3.6,17.542858,24.657145,10.185715,67.62858,2.6000001,0.9285714,2.6714287,3.6857142,19.8,2.1889806e-05,0.0007655993,-7.345365000000001e-25,3.7252903e-09,0.0,True
2018-09-17,55.59,3.9,16.171429,22.714285,10.257143,69.67143,2.2714286,0.5285715,2.3714287,3.5714285,18.428572,4.1231513e-05,0.0007128194,-7.345365000000001e-25,7.450581e-09,0.0,True
2018-09-24,55.60428571428572,19.900002,15.928572,22.657145,9.657143,67.6,2.4285715,0.7714285,2.542857,3.7857144,16.814285,0.00013880432,0.00066446513,-7.345365000000001e-25,7.450581e-09,0.0,True
2018-10-01,55.7,0.4,10.542857,17.242857,3.6000001,68.52857,1.5142858,0.98571426,1.8142856,4.3,12.342857,1.0311604e-05,0.00062672794,-7.345365000000001e-25,0.0,0.0,True
2018-10-08,55.73142857142857,3.5,10.942858,16.9,4.457143,78.1,1.2142857,0.8571428,1.2571429,4.1,11.928572,1.706183e-05,0.00059518963,-7.345365000000001e-25,5.5879354e-09,0.0,True
2018-10-15,55.76571428571429,0.0,15.714286,24.514286,7.5000005,66.07143,1.6571429,0.78571427,1.8142856,3.7428572,14.7,1.4901161e-08,0.00056489557,-7.345365000000001e-25,3.7252903e-09,0.0,True
2018-10-22,55.80142857142857,2.5,10.185715,17.142857,3.8428574,81.542854,0.78571427,0.3,0.78571427,3.5428572,12.342857,1.0803342e-05,0.00053688884,-7.345365000000001e-25,1.8626451e-09,0.0,True
2018-10-29,55.83285714285714,9.0,8.0,10.157143,4.8857145,84.700005,0.7571429,0.5714286,0.82857144,3.7142856,8.3714285,2.2523105e-05,0.0005156994,-7.345365000000001e-25,9.313226e-09,0.0,True
2018-11-05,55.85857142857143,0.7,8.1285715,11.928572,3.5714285,83.54286,0.55714285,0.34285715,0.61428577,3.6714287,7.742857,5.8338046e-06,0.0004963577,-7.345365000000001e-25,3.7252903e-09,0.0,True
2018-11-12,55.89,7.9,10.328572,15.6,6.1,84.65715,0.61428577,0.42857143,0.4857143,3.6,9.442857,6.707013e-05,0.00047878176,-7.345365000000001e-25,3.7252903e-09,0.0,True
2018-11-19,55.91428571428571,1.8,5.071429,8.814286,1.1428573,86.64286,0.41428572,0.27142859,0.31428573,3.7142856,5.1285715,1.4029443e-05,0.00046287477,-7.345365000000001e-25,0.0,0.0,True
2018-11-26,55.93857142857143,2.6999998,1.7714287,3.2285714,0.21428572,90.77143,0.22857144,0.14285716,0.40000004,3.7,2.1714287,2.7894974e-05,0.00044819713,0.00023273627,0.0003503207,0.00045327842,True
2018-12-03,55.95,8.3,4.7285714,7.328572,1.9571428,82.22858,0.5,0.4,0.5,3.8142858,3.5714285,5.478412e-05,0.0004348904,5.6198664e-05,0.00010259263,1.9755214e-05,True
2018-12-10,55.98571428571428,18.7,6.3142858,8.914286,3.2571428,84.35714,0.7428571,0.6999999,0.5714286,4.5857143,5.3285713,0.00013071299,0.00042256713,-7.345365000000001e-25,2.8312206e-07,0.0,True
2018-12-17,56.03285714285715,2.1,1.4,2.5,0.08571427,87.48572,0.20000002,0.17142859,0.34285715,5.2,1.2571429,3.2417476e-05,0.0004113987,0.00027212076,0.00029236637,0.0010387078,True
2018-12-24,56.08125,23.9,5.157143,7.614286,3.2285714,88.828575,0.4714286,0.44285718,0.41428572,5.885714,3.7285714,0.00032687932,0.000401482,0.00017574856,0.0007732883,2.6866794e-05,True
2018-12-31,56.13428571428572,5.9,5.657143,6.785714,4.2000003,90.21429,0.3285714,0.31428573,0.45714286,6.8,4.571429,6.778538e-05,0.00039343536,3.6046617e-06,2.4817884e-05,0.0,True
2019-01-07,56.16142857142857,12.4,3.9428573,6.057143,1.0857143,87.12858,0.51428574,0.48571435,0.45714286,7.0142856,3.1571429,0.000101454556,0.00038719922,4.779725e-06,1.6065314e-05,1.6018748e-05,True
2019-01-14,56.25375,20.6,3.7285714,5.3714285,1.7285715,86.74286,0.7142858,0.7142858,0.59999996,7.9142857,2.9571428,0.00032250583,0.0003824532,0.0014027073,0.005219888,0.0053685606,True
2019-01-21,56.28,1.6,0.7714285,3.7571428,-2.3714287,85.12858,0.3857143,0.34285715,0.3857143,8.242857,1.6285714,5.1282346e-05,0.0003793463,0.0006775856,0.00033366308,0.001207266,True
2019-01-28,56.27285714285714,16.3,-0.6999999,1.8714286,-3.2428572,84.42857,0.21428572,0.21428572,0.34285715,8.442857,-1.0714285,0.00029054284,0.0003780052,0.001149064,0.002393758,0.0024212003,True
2019-02-04,56.31,0.8,0.4857143,2.9285715,-1.8714286,84.64286,0.40000004,0.3857143,0.41428572,8.614285,0.057142857,1.6666949e-05,0.00037840754,0.0018395016,0.0009172708,0.0022763237,True
2019-02-11,56.3,12.700001,5.357143,7.9,2.5142858,76.185715,1.0,0.9428572,1.0,8.6285715,3.1,0.00029038638,0.00038100034,0.00071350165,0.002714727,0.00079830736,True
2019-02-18,56.31125,0.2,5.7999997,12.914286,0.10000002,73.97143,1.057143,0.9285714,0.7571429,8.6,5.071429,1.796335e-05,0.0003861934,7.835456e-05,0.0003767144,3.3922493e-05,True
2019-02-25,56.26714285714286,0.9,5.5285716,11.142858,0.9000001,72.328575,1.0714285,0.90000004,1.0,8.171429,5.4,1.8432736e-05,0.00039402395,5.9036984e-07,5.155802e-06,0.0,True
2019-03-04,56.262857142857136,6.5,7.5428576,12.714286,3.0142858,71.22857,1.3428571,1.1571428,1.2428572,7.8,6.4857144,6.0096383e-05,0.00040127337,-7.345365000000001e-25,1.3038516e-08,0.0,True
2019-03-11,56.30428571428571,33.399998,6.542857,10.17143,2.8428574,75.90001,1.6142858,1.5285715,1.3857143,7.957143,6.0142856,0.00036156923,0.00040779263,0.00017839954,0.0007046163,0.0014374182,True
2019-03-18,56.44428571428572,19.7,6.6714287,9.800001,3.9857144,75.8,1.5,1.4571428,1.4428571,8.814285,5.8428574,0.0003671348,0.0004170537,0.00011109738,0.0007028952,0.0,True
2019-03-25,56.41857142857143,3.1,7.142857,12.271429,1.3285714,79.91429,1.4142858,1.2571428,1.2571429,8.528571,8.142858,8.763373e-05,0.00043795258,3.8260505e-06,4.0056184e-05,5.387515e-05,True
2019-04-01,56.37714285714286,3.0,8.157143,13.157143,2.3285713,73.98572,1.742857,1.442857,1.6428572,8.114285,9.085714,6.0006976e-05,0.00046174973,1.8846421e-06,1.543574e-05,0.0,True
2019-04-08,56.3475,1.9,10.114286,16.014286,3.3142858,71.48572,2.2571428,1.6999999,2.0571427,7.5142856,11.714286,2.1263957e-05,0.00048053265,-7.345365000000001e-25,3.7252903e-09,0.0,True
2019-04-15,56.3,1.3000001,4.8428574,9.185715,0.4857143,68.14286,1.8000001,1.3000001,1.8857143,6.8285713,8.042857,6.0394406e-05,0.0004914552,0.00030396666,0.0015544146,0.0017314255,True
2019-04-22,56.26142857142857,0.0,12.471429,20.357143,2.7000003,46.785713,4.2,2.1,3.8999999,6.0,13.414286,2.168119e-06,0.0004934892,1.9079163e-05,0.00015860796,0.0,True
2019-04-29,56.221428571428575,21.7,13.342857,19.171429,7.971429,68.57143,3.3285713,1.6714286,3.357143,5.542857,15.1285715,0.00021082163,0.0004843399,-7.345365000000001e-25,3.7252903e-09,0.0,True
2019-05-06,56.22571428571428,2.4,8.457143,14.071428,2.7714286,71.0,2.5142858,1.4857143,2.457143,5.4142857,11.685715,7.252395e-05,0.0004761964,-7.345365000000001e-25,3.7252903e-09,0.0,True
2019-05-13,56.19714285714286,6.4,9.942858,15.185715,4.0857143,71.17143,2.8285713,1.6428572,2.642857,5.3428574,12.757143,0.00013636053,0.00046740472,-7.345365000000001e-25,0.0,0.0,True
2019-05-20,56.16285714285714,20.400002,12.657144,18.685715,5.5,70.557144,3.0857143,1.6999999,3.0142858,5.2714286,15.257143,0.00026226044,0.00045621395,-7.345365000000001e-25,3.7252903e-09,0.0,True
2019-05-27,56.18,0.90000004,14.528572,19.914288,7.7714286,72.0,3.2285712,1.8714286,3.042857,5.7,17.62857,4.027784e-05,0.00044430047,-7.345365000000001e-25,7.450581e-09,0.0,True
2019-06-03,56.07571428571429,4.5,17.528572,24.085714,10.17143,66.12858,4.2000003,1.6857141,4.071429,5.1571426,20.328571,6.318092e-05,0.0004305318,-7.345365000000001e-25,1.1175871e-08,0.0,True
2019-06-10,56.01,14.2,19.714285,25.87143,13.085715,63.028572,4.542857,2.257143,4.7000003,4.928571,22.528572,0.00017227232,0.00041211396,-7.345365000000001e-25,3.7252903e-09,0.0,True
2019-06-17,56.10142857142857,40.600002,19.185715,25.100002,11.971429,73.5,4.128571,2.9,3.9285715,5.457143,22.6,0.0029655248,0.0003964305,-7.345365000000001e-25,7.450581e-09,0.0,True
2019-06-24,56.08142857142857,19.2,20.77143,27.5,13.014285,62.8,5.557143,2.857143,5.2714286,4.857143,24.514286,2.4303794e-05,0.00038089603,-7.345365000000001e-25,7.450581e-09,0.0,True
2019-07-01,55.93857142857143,0.0,21.885715,29.828571,12.6285715,56.92857,6.3428574,1.2142859,5.942857,4.0857143,25.928572,2.8312206e-07,0.00036033988,-7.345365000000001e-25,1.1175871e-08,0.0,True
2019-07-08,55.82571428571429,3.3,15.642858,21.628572,8.971429,64.200005,3.8285713,0.71428573,3.642857,3.8285713,20.185715,2.783537e-05,0.00034099817,-7.345365000000001e-25,7.450581e-09,0.0,True
2019-07-15,55.79,11.900001,15.814286,20.542858,11.385715,75.48572,2.6857142,1.0714285,2.5714285,4.0857143,18.957144,0.00011502206,0.00032760203,-7.345365000000001e-25,1.1175871e-08,0.0,True
2019-07-22,55.75285714285714,11.1,18.97143,25.442858,12.0,69.328575,3.8142855,1.9142858,3.7,4.114286,21.5,1.9922853e-05,0.00031544268,-7.345365000000001e-25,1.1175871e-08,0.0,True
2019-07-29,55.69285714285714,2.0,24.585714,31.728573,16.27143,56.714287,5.7142854,1.3714286,5.5285716,3.6571429,26.414286,6.4611435e-05,0.00029770285,-7.345365000000001e-25,1.1175871e-08,0.0,True
2019-08-05,55.69571428571429,19.3,19.485716,26.100002,13.542857,71.38572,3.171429,1.4571428,3.142857,3.9142857,22.928572,0.00012207031,0.00028258562,-7.345365000000001e-25,7.450581e-09,0.0,True
2019-08-12,55.72571428571428,3.3000002,20.328571,26.557144,13.757143,63.77143,3.9714284,1.8857143,3.8999999,3.7714286,22.285715,9.1813505e-05,0.00027057528,-7.345365000000001e-25,1.1175871e-08,0.0,True
2019-08-19,55.720000000000006,16.800001,17.557142,23.27143,12.485715,69.52857,2.942857,1.3857143,2.9857142,3.6857142,19.657143,0.00012584776,0.0002591312,-7.345365000000001e-25,3.7252903e-09,0.0,True
2019-08-26,55.69142857142857,0.0,20.285715,28.457142,11.071428,57.54286,3.8428574,1.1571429,3.914286,3.4142857,22.028572,3.0845404e-06,0.00024843216,-7.345365000000001e-25,5.5879354e-09,0.0,True
2019-09-02,55.65571428571428,14.900001,21.157145,28.628572,13.657143,68.328575,3.2714288,1.1428572,3.1571429,3.3857143,23.457144,1.79708e-05,0.00023601204,-7.345365000000001e-25,3.7252903e-09,0.0,True
2019-09-09,55.621428571428574,8.2,14.642858,20.014286,8.428572,71.07143,2.0857143,0.6999999,2.1142857,3.3142858,17.62857,3.5241246e-05,0.0002265051,-7.345365000000001e-25,0.0,0.0,True
2019-09-16,55.61714285714286,4.7,14.585715,20.928572,7.3142858,72.22857,2.1,1.1285714,2.2,3.6,16.571428,1.7806888e-05,0.0002187714,-7.345365000000001e-25,7.450581e-09,0.0,True
2019-09-23,55.6175,2.8,12.1285715,19.514286,4.9857144,71.87143,1.8000001,0.87142855,1.9,3.4142857,14.257143,6.645918e-06,0.00021141022,-7.345365000000001e-25,1.8626451e-09,0.0,True
2019-09-30,55.65571428571428,39.1,14.971429,18.7,11.257143,83.12858,1.442857,1.1428572,1.3714286,3.8142858,15.657143,0.0003709197,0.00020497292,-7.345365000000001e-25,1.3038516e-08,0.0,True
2019-10-07,55.88285714285714,40.0,9.228571,13.428572,5.457143,84.51428,0.98571426,0.94285715,1.0,6.042857,10.6,0.0005841851,0.00020100176,-7.345365000000001e-25,3.7252903e-09,0.0,True
2019-10-14,55.95142857142857,9.1,14.414286,17.742857,10.685715,78.51429,1.2285713,1.1285715,1.4,6.742857,13.071428,0.00012291968,0.00019796938,-7.345365000000001e-25,1.3038516e-08,0.0,True
2019-10-21,55.98142857142857,12.7,14.042857,18.214287,10.728572,84.68572,0.99999994,0.9285714,0.9714286,7.4428573,14.028571,0.00090274215,0.00019558519,-7.345365000000001e-25,7.450581e-09,0.0,True
2019-10-28,55.98285714285714,1.1,12.1,16.242857,8.071428,80.62858,0.85714287,0.7714286,1.0285714,7.3,12.1285715,7.867813e-06,0.00019454211,-7.345365000000001e-25,1.1175871e-08,0.0,True
2019-11-04,55.99375,11.9,6.2571435,11.400001,1.9857143,86.72858,0.5714286,0.55714285,0.44285712,7.257143,7.1714287,0.00013991445,0.00019417703,-7.345365000000001e-25,1.8626451e-09,0.0,True
2019-11-11,56.1,11.0,5.857143,9.257143,2.0571427,89.78571,0.3857143,0.35714284,0.3,7.8285713,6.5285716,0.00016376376,0.00019492954,-7.345365000000001e-25,1.8626451e-09,0.0,True
2019-11-18,56.14,12.0,4.4857144,7.2999997,1.1428572,87.07143,0.37142855,0.34285715,0.41428572,7.9428573,4.285714,0.00025984645,0.00019662827,-7.345365000000001e-25,0.0,0.0,True
2019-11-25,56.21571428571429,3.3,4.928571,6.5428576,2.914286,93.48572,0.21428575,0.21428575,0.34285715,8.242857,4.757143,6.41942e-05,0.00020027906,-7.345365000000001e-25,0.0,0.0,True
2019-12-02,56.22571428571428,4.2,4.7428575,7.471429,1.8857143,89.28571,0.3857143,0.35714287,0.41428572,8.2,4.257143,7.523596e-05,0.0002065599,-7.345365000000001e-25,3.7252903e-09,0.0,True
2019-12-09,56.23,4.1,5.228572,8.157144,2.057143,83.51429,0.5,0.4857143,0.5714286,8.257143,3.8428571,0.00016207993,0.0002142936,-7.345365000000001e-25,3.7252903e-09,0.0,True
2019-12-16,56.33,24.800001,3.957143,6.057143,1.6571429,83.814285,0.51428574,0.5,0.44285712,8.671429,2.7,0.0004272461,0.00022432953,0.00089640846,0.0030954275,0.0031216182,True
2019-12-23,56.37,1.8000001,6.971429,10.8714285,2.557143,83.58572,0.44285712,0.42857143,0.3285714,8.6285715,5.1285715,0.00013293326,0.00024289638,1.1909576e-05,0.000120550394,0.0,True
2019-12-30,56.37285714285714,6.4,3.014286,5.2999997,0.3714285,83.75715,0.34285715,0.32857147,0.41428572,8.8,2.6,0.00021152198,0.00027094036,2.8156098e-06,6.2957406e-07,7.9497695e-06,True
2020-01-06,56.35857142857143,6.2000003,2.8714287,5.9,-1.2857144,87.01429,0.4,0.3,0.31428573,8.7,2.1,0.00010986626,0.00030705333,1.2488592e-06,6.5471977e-06,0.0,True
2020-01-13,56.38285714285714,6.3,6.357143,8.900001,3.0571427,84.47143,0.55714285,0.55714285,0.54285717,9.028571,4.785714,0.00018644333,0.0003440678,-7.345365000000001e-25,5.9604645e-08,0.0,True
2020-01-20,56.35125,0.5,6.142857,9.285714,2.3285716,80.700005,0.7142858,0.6571428,0.6571428,8.8714285,4.7285714,2.105534e-05,0.00038462132,-7.345365000000001e-25,1.8626451e-09,0.0,True
2020-01-27,56.33428571428572,7.3,2.0428572,4.3,-0.81428576,90.74286,0.25714287,0.21428572,0.2857143,8.757143,1.6714286,6.198883e-05,0.0004241988,5.9627353e-05,0.00014064275,0.00018622354,True
2020-02-03,56.38142857142857,12.8,7.571429,9.457144,5.214286,81.0,1.0,0.9714286,0.94285715,9.228572,5.8428574,0.00041468441,0.00046098977,2.9580933e-05,0.00021353178,0.0001591444,True
2020-02-10,56.38285714285714,22.5,5.5428576,8.485715,2.3714287,77.90001,1.0714285,1.042857,0.95714283,9.528571,4.5142856,0.0002733022,0.00050872564,2.3274194e-07,1.8682331e-06,5.148351e-06,True
2020-02-17,56.455714285714286,9.5,6.3,9.328572,3.1142857,74.328575,1.3428572,1.3142856,1.3000001,9.785714,4.8142858,0.00025224686,0.00057686865,8.3401086e-05,0.0004355982,0.0004229769,True
2020-02-24,56.46,37.1,6.3428574,9.385715,3.3285713,76.957146,1.3571428,1.3571428,1.1999999,9.714286,5.3285713,0.0023643821,0.0017546043,9.650276e-08,1.6633421e-06,1.5757978e-06,True
2020-03-02,56.58428571428572,22.4,5.4714284,8.885715,1.8714286,77.9,1.3000001,1.3000001,1.0857143,10.014286,5.257143,0.00043504685,0.0009037107,0.0006389107,0.004256502,0.0042932294,True
2020-03-09,56.55,11.3,5.4,8.985715,1.3285714,81.07143,1.057143,1.0428572,0.94285715,9.771428,5.3428574,0.00037169456,0.0012263432,2.4863652e-05,9.884499e-05,2.9094517e-06,True
2020-03-16,56.52571428571429,12.0,7.614286,12.300001,2.4428573,71.957146,1.9142857,1.8428572,1.6285714,9.771428,7.4714284,0.00039955974,0.0016008243,-7.345365000000001e-25,2.6635826e-07,0.0,True
2020-03-23,56.43142857142857,0.1,6.2000003,10.714286,1.4857143,64.75715,1.6999999,1.4,1.6857144,8.985714,7.714286,1.6525388e-05,0.0019475743,-7.345365000000001e-25,0.0,0.0,True
2020-03-30,56.364285714285714,3.0,3.8857143,9.785714,-3.1571429,57.44286,2.0857146,1.6285714,1.9857142,8.214286,6.0,4.954636e-05,0.0021275282,0.00010002227,0.00023032352,0.0012211651,True
2020-04-06,56.32428571428572,0.6,6.8714285,12.742857,0.61428565,60.085716,2.3857143,1.7857143,2.3142858,7.642857,7.928571,1.9527972e-05,0.0021840185,0.0003050055,0.0009395573,2.1196902e-06,True
2020-04-13,56.26428571428572,1.5,11.057143,18.5,2.9428573,56.44286,3.1714284,1.8142859,3.0,6.642857,13.385715,1.04904175e-05,0.002157323,1.1920929e-07,1.9501895e-06,0.0,True
2020-04-20,56.207142857142856,0.0,9.1,16.34286,0.9285714,53.97143,3.4,1.1714286,3.1857142,6.0285716,12.571428,1.4901161e-07,0.0020908937,-7.345365000000001e-25,0.0,0.0,True
2020-04-27,56.14142857142857,0.0,11.857142,19.328571,3.3714287,54.61429,3.8285716,0.6571428,3.6142857,5.5857143,14.414286,1.2218952e-06,0.0019963533,-7.345365000000001e-25,0.0,0.0,True
2020-05-04,56.16142857142857,20.300001,11.1,16.485714,5.7714286,76.78571,2.3857143,1.3285714,2.1714284,5.8,13.457143,0.00019025803,0.0019040406,-7.345365000000001e-25,0.0,0.0,True
2020-05-11,56.13428571428572,2.6999998,10.942857,18.2,2.3285713,63.585716,3.5,1.3857144,3.1285713,5.571429,15.085714,3.3795834e-05,0.0018112361,-7.345365000000001e-25,0.0,0.0,True
2020-05-18,56.08,2.8,10.3,16.214285,3.0,62.457146,3.0714285,1.1,3.1000001,5.385714,13.414286,9.089708e-06,0.0017092675,-7.345365000000001e-25,0.0,0.0,True
2020-05-25,56.027142857142856,16.4,14.414286,19.542858,8.1,68.21429,3.1142857,1.1999999,2.9714284,5.214286,16.9,0.00011782348,0.0016030446,-7.345365000000001e-25,3.7252903e-09,0.0,True
2020-06-01,55.97285714285714,0.0,14.742857,22.042858,6.157143,59.757145,4.2571425,0.9714285,4.071429,4.9857144,18.642857,1.3262033e-06,0.0015020743,-7.345365000000001e-25,0.0,0.0,True
2020-06-08,55.93285714285714,19.1,15.057143,21.514286,8.528571,69.01429,3.6,1.6714284,3.4714284,5.0857143,18.471428,0.0001571998,0.0013891011,-7.345365000000001e-25,3.7252903e-09,0.0,True
2020-06-15,55.957142857142856,37.7,18.228573,23.942858,13.285714,78.28571,3.2999997,1.9571428,3.2857144,5.3285713,20.6,0.0075365603,0.001299262,-7.345365000000001e-25,0.0,0.0,True
2020-06-22,56.05571428571428,35.5,19.185715,24.657145,13.614286,71.34286,4.1,2.6571426,4.0,5.8285713,22.785715,0.0001809448,0.0012263879,-7.345365000000001e-25,7.450581e-09,0.0,True
2020-06-29,55.99714285714286,1.5,20.228573,27.085714,11.928572,64.200005,4.9714284,2.1,4.4714284,4.9428573,24.014286,2.7120113e-05,0.0011502579,-7.345365000000001e-25,7.450581e-09,0.0,True
2020-07-06,55.96375,14.700001,18.085714,22.671429,13.657144,71.24286,3.9285715,1.9285715,3.4714284,4.742857,20.514286,0.00023314357,0.001086913,-7.345365000000001e-25,1.4901161e-08,0.0,True
2020-07-13,55.93428571428571,8.5,15.314286,21.5,9.385714,76.34286,3.1857142,1.6714284,3.0,4.8714285,18.742857,0.00016069412,0.0010382682,-7.345365000000001e-25,3.7252903e-09,0.0,True
2020-07-20,55.90714285714286,23.099998,17.928572,23.942858,10.842857,71.25715,3.5714288,1.9142857,3.4285715,4.7714286,21.571428,0.0001321584,0.000987336,-7.345365000000001e-25,3.7252903e-09,0.0,True
2020-07-27,55.89428571428572,8.7,17.985714,24.4,11.042857,67.21429,3.8000004,1.5142858,3.7142856,4.357143,21.542856,7.459521e-05,0.0009350255,-7.345365000000001e-25,7.450581e-09,0.0,True
2020-08-03,55.84571428571429,9.5,18.757143,25.314287,11.342857,65.72857,4.028571,1.442857,3.8285713,4.1714287,22.214285,9.423494e-05,0.0008825734,-7.345365000000001e-25,3.7252903e-09,0.0,True
2020-08-10,55.79285714285714,0.2,22.985716,31.157145,13.757143,58.42857,4.771428,1.2142857,4.6714287,3.9142857,24.757143,8.538365e-06,0.0008280501,-7.345365000000001e-25,7.450581e-09,0.0,True
2020-08-17,55.75142857142857,5.6,23.785715,30.657145,16.642857,61.342857,4.2285714,1.3,4.428571,4.1857142,25.37143,5.686283e-05,0.0007714778,-7.345365000000001e-25,1.1175871e-08,0.0,True
2020-08-24,55.74571428571429,11.200001,20.885714,26.84286,15.271429,70.0,3.2571428,1.8857143,3.3285713,4.5142856,23.357143,4.1425228e-05,0.0007253364,-7.345365000000001e-25,1.1175871e-08,0.0,True
2020-08-31,55.74125,11.4,16.500002,21.385715,11.6285715,74.25715,2.4428573,1.7428572,2.3714287,4.614286,18.87143,7.9616904e-05,0.000689514,-7.345365000000001e-25,1.3038516e-08,0.0,True
2020-09-07,55.74857142857143,19.1,15.028571,20.485716,10.028571,78.14286,2.042857,1.5857142,2.1857142,4.8428574,17.557142,0.000105291605,0.0006565824,-7.345365000000001e-25,7.450581e-09,0.0,True
2020-09-14,55.77285714285715,1.7,16.328571,23.6,9.17143,76.14286,2.2714286,1.4714286,2.2285714,4.4857144,18.357143,5.6773424e-06,0.00062765926,-7.345365000000001e-25,1.1175871e-08,0.0,True
2020-09-21,55.74857142857143,0.0,15.142858,24.485716,6.2428575,64.47143,2.4,0.95714283,2.4714284,3.8857143,18.22857,5.5134296e-07,0.0005952716,-7.345365000000001e-25,5.5879354e-09,0.0,True
2020-09-28,55.77857142857143,36.4,13.428572,18.785715,8.242857,74.88572,1.5142858,0.7285714,1.5714285,4.457143,15.2,0.00087188184,0.0005661696,-7.345365000000001e-25,1.8626451e-09,0.0,True
2020-10-05,55.86,0.3,12.757143,18.585714,7.0142856,79.58572,1.1714286,0.90000004,1.4428571,5.1285715,14.357142,3.9331615e-05,0.00054536015,-7.345365000000001e-25,9.313226e-09,0.0,True
2020-10-12,55.87285714285714,12.7,11.071428,14.7,7.7000003,83.42857,0.88571435,0.82857144,0.9857143,5.285714,11.585714,0.0001142472,0.0005283505,-7.345365000000001e-25,7.450581e-09,0.0,True
2020-10-19,55.892857142857146,12.9,8.671429,11.571428,6.1142855,88.299995,0.6285714,0.5714286,0.67142856,5.9857144,9.4,9.958446e-05,0.00051436573,-7.345365000000001e-25,3.7252903e-09,0.0,True
2020-10-26,55.94,17.6,12.657144,15.714286,9.328572,83.21429,0.8428572,0.78571427,0.9285714,6.3714285,11.614285,0.00024618208,0.00050243735,-7.345365000000001e-25,1.1175871e-08,0.0,True
2020-11-02,55.98857142857143,18.5,12.7,15.457143,9.685715,82.67143,0.9571429,0.9285714,0.9428572,6.9857144,11.657143,0.0002964586,0.00049259514,-7.345365000000001e-25,1.8626451e-08,0.0,True
2020-11-09,56.01857142857143,0.1,7.3142858,11.157143,3.5714285,86.94286,0.42857143,0.38571426,0.42857143,7.3,7.7,1.1771917e-06,0.00048546493,-7.345365000000001e-25,0.0,0.0,True
2020-11-16,56.03000000000001,3.2,8.471429,11.2,5.2714286,87.5,0.45714286,0.41428572,0.47142857,7.2714286,7.8,5.403906e-05,0.00048077852,-7.345365000000001e-25,3.7252903e-09,0.0,True
2020-11-23,56.03714285714285,0.9,7.4428573,10.214286,3.7142856,82.68572,0.4857143,0.4714286,0.61428577,7.2,6.4714284,3.671646e-05,0.00047700107,-7.345365000000001e-25,7.450581e-09,0.0,True
2020-11-30,56.04,2.1000001,3.614286,6.557143,0.38571426,89.88572,0.21428572,0.18571432,0.24285714,7.2,3.3142858,1.8924475e-05,0.0004741028,3.122148e-06,2.0768493e-06,0.0002964288,True
2020-12-07,56.05714285714286,0.6,2.0857143,4.0285716,-0.08571427,86.74286,0.21428572,0.20000002,0.32857147,7.2,1.7285714,3.758073e-05,0.00047186017,0.00023718674,0.00039581396,0.00015638396,True
2020-12-14,56.08857142857143,6.1,2.8999999,4.542857,1.2428572,93.64286,0.18571429,0.17142858,0.22857143,7.214286,2.4142857,6.094575e-05,0.00047010928,7.210459e-05,0.00018456206,0.00014109537,True
2020-12-21,56.11857142857143,10.6,6.5285716,9.514285,3.257143,87.62858,0.2857143,0.25714284,0.24285714,7.3428574,4.6285715,0.00014308095,0.0004688725,4.405067e-06,2.8401613e-05,0.0,True
2020-12-28,56.18571428571429,13.8,4.7999997,7.557143,2.0857143,85.42857,0.44285712,0.42857143,0.54285717,8.414286,3.8428571,0.00092493,0.000469774,7.7293036e-05,8.8891014e-05,0.002853725,True
2021-01-04,56.207142857142856,5.6000004,1.9714286,3.6000001,0.22857143,87.67143,0.3,0.26666668,0.2857143,8.566667,1.7333333,0.00012279302,0.0004791394,0.003028109,0.004406363,0.011345215,True
2021-01-11,56.26428571428572,8.3,0.8714286,2.0714285,-0.44285712,92.08572,0.21428572,0.21428572,0.2857143,8.971429,0.8,0.00017820299,0.00049582124,0.010189544,0.0077616684,0.009371791,True
2021-01-18,56.30714285714286,5.4,0.3571429,2.114286,-1.8285714,84.98572,0.27142859,0.27142859,0.42857143,9.157143,0.4,0.00041602552,0.0005250126,0.006527861,0.009284303,0.0042284094,True
2021-01-25,56.35857142857143,10.599999,4.0571427,7.3,1.1571429,81.02857,0.61428565,0.61428565,0.7,9.428572,2.6714287,0.0005328804,0.0005939007,0.0013086512,0.008783491,0.00409488,True
2021-02-01,56.338750000000005,17.6,-1.5,1.6714286,-5.571429,86.84286,0.22857144,0.22857144,0.29999998,9.6285715,0.5857143,3.4071505e-05,0.0007134676,0.007852679,0.00082407705,0.016551398,True
2021-02-08,56.48285714285714,39.2,-1.2428572,0.7571429,-3.0142858,90.15715,0.21428573,0.21428573,0.40000004,10.342857,0.87142855,0.001279071,0.0009347722,0.013071684,0.01276404,0.02488659,True
2021-02-15,56.42,4.4,-8.742857,-2.857143,-15.328572,82.92857,0.042857144,0.042857144,0.27142859,10.3714285,-0.4,8.34465e-07,0.0011144653,0.027271975,0.0,0.0075311847,True
2021-02-22,56.512857142857136,4.7,7.071429,12.6285715,2.4,78.24286,1.1142857,1.0428572,0.85714287,10.085714,4.071429,0.0011119321,0.0016406178,0.0069251913,0.034179438,0.0,True
2021-03-01,56.42428571428572,3.3,7.6857142,12.114286,2.857143,80.828575,1.0428572,0.90000004,0.90000004,9.585714,7.242857,7.729232e-05,0.0019227937,7.952963e-06,8.052774e-05,0.0,True
2021-03-08,56.37428571428571,0.9,2.7714286,7.614286,-1.6857144,78.94286,0.9285714,0.78571427,0.8428572,9.357142,4.1571426,2.6881695e-05,0.002249375,4.1161264e-05,7.113628e-05,0.00012751669,True
2021-03-15,56.37571428571429,23.0,5.328572,9.114286,2.5714285,76.042854,1.4714286,1.3999999,1.2428571,9.657143,5.214286,0.00039741397,0.0024306402,0.00010342825,0.00046384707,0.00042046234,True
2021-03-22,56.38142857142857,1.1,2.857143,7.3428574,-1.2142857,77.314285,1.1428572,1.0714285,1.1428572,9.671429,4.385714,9.866804e-05,0.0025699735,7.468746e-05,0.0002811253,0.00031691417,True
2021-03-29,56.33428571428572,4.2,8.485715,13.971429,2.9285715,71.0,1.8428571,1.5714285,1.7142857,9.171429,8.614285,8.690357e-05,0.0026909932,4.4448034e-06,3.1284988e-05,0.0,True
2021-04-05,56.29571428571428,3.3999999,7.914286,14.328572,1.1142857,66.8,2.142857,1.7142857,2.0428572,8.442857,9.842857,5.787611e-05,0.002726175,1.6723361e-05,6.046146e-06,0.0002698861,True
2021-04-12,56.29285714285714,14.0,4.5285716,9.214286,0.71428573,77.685715,1.6142857,1.4857143,1.4428571,8.342857,6.1714287,0.00023624301,0.0027186126,0.00023803257,0.00082556345,0.000642851,True
2021-04-19,56.28714285714285,2.0,6.085715,11.271429,1.1,73.614296,1.8285713,1.5571429,1.7714285,8.257143,8.357142,0.00017417967,0.0026871487,1.0104407e-06,4.986301e-06,2.1234155e-07,True
2021-04-26,56.24428571428571,0.0,7.1,13.800001,-0.114285745,60.771427,2.714286,2.0285714,2.6142857,7.5142856,10.814285,1.9818544e-06,0.002633512,-7.345365000000001e-25,7.450581e-09,0.0,True
2021-05-03,56.23142857142857,10.8,8.6285715,13.814286,3.1571429,69.08572,2.4428573,1.8999999,2.2857144,6.9857144,11.242857,0.00018102676,0.00255955,-7.345365000000001e-25,0.0,0.0,True
2021-05-10,56.22571428571428,11.6,11.428572,17.114286,5.3857145,63.985714,3.5857146,2.857143,3.2571428,6.8142858,12.257143,0.00017023087,0.002487667,-7.345365000000001e-25,3.7252903e-09,0.0,True
2021-05-17,56.25714285714286,30.7,12.271429,16.142857,8.185714,81.685715,2.1714284,1.9571428,2.0857143,7.1,14.771428,0.0008663535,0.0024096668,-7.345365000000001e-25,3.7252903e-09,0.0,True
2021-05-24,56.24142857142857,5.8,12.485715,17.642857,7.6714287,70.50001,3.1571426,2.5285716,3.1142857,6.885714,14.971429,0.00023390353,0.0023674145,-7.345365000000001e-25,7.450581e-09,0.0,True
2021-05-31,56.19714285714286,15.7,12.057143,17.385715,6.9857144,74.82857,2.9714284,2.2285714,2.957143,6.4714284,15.171429,0.0006610751,0.0023359954,-7.345365000000001e-25,3.7252903e-09,0.0,True
2021-06-07,56.16857142857143,11.1,18.957142,24.84286,13.142858,69.51429,4.0142856,2.0428574,3.857143,5.885714,22.285715,0.0002706349,0.002278,-7.345365000000001e-25,7.450581e-09,0.0,True
2021-06-14,56.13285714285714,1.5,18.814285,25.514286,10.900001,67.814285,4.4428573,1.9714285,4.3714285,5.428571,23.114286,2.194941e-05,0.002199009,-7.345365000000001e-25,7.450581e-09,0.0,True
2021-06-21,56.0,18.3,23.300001,30.171429,14.771429,62.94286,5.6142855,1.6428572,5.3428574,4.957143,26.242857,0.0001673922,0.0020858273,-7.345365000000001e-25,7.450581e-09,0.0,True
2021-06-28,55.94857142857143,0.0,18.657145,24.357143,11.828572,68.84286,3.614286,2.114286,3.6000001,5.2285714,23.0,8.016825e-06,0.0019667968,-7.345365000000001e-25,0.0,0.0,True
2021-07-05,55.962857142857146,21.4,18.014286,22.142857,13.17143,82.58571,3.0428574,2.4714286,2.857143,6.1714287,21.914286,0.001360923,0.001880087,-7.345365000000001e-25,1.1175871e-08,0.0,True
2021-07-12,55.96571428571429,13.0,19.6,25.157145,14.314286,76.94286,3.4285715,2.8857143,3.357143,6.642857,22.671429,0.00093096495,0.0018170998,-7.345365000000001e-25,7.450581e-09,0.0,True
2021-07-19,55.925714285714285,3.5,20.328571,25.385715,14.400001,74.942856,3.742857,2.8714287,3.5714285,6.571429,24.171429,0.00017520785,0.0017572567,-7.345365000000001e-25,1.8626451e-08,0.0,True
2021-07-26,55.85375,1.9,19.828571,25.742859,13.642858,69.185715,3.4714286,2.2285714,3.5285716,5.7714286,23.185715,5.593896e-05,0.0016959682,-7.345365000000001e-25,1.1175871e-08,0.0,True
2021-08-02,55.777142857142856,6.3,18.857143,24.77143,13.400001,65.957146,3.757143,2.1571429,3.9142857,5.2,21.77143,5.0723553e-05,0.0016233474,-7.345365000000001e-25,1.1175871e-08,0.0,True
2021-08-09,55.74285714285714,14.900001,17.7,23.657145,12.142858,73.38572,2.8714287,1.9714286,2.9285715,5.257143,20.528572,0.0001962483,0.0015563443,-7.345365000000001e-25,1.1175871e-08,0.0,True
2021-08-16,55.70428571428572,8.9,19.057144,26.314287,11.642858,69.3,3.4714286,1.9285715,3.5142858,5.071429,21.8,0.00012272596,0.0014913827,-7.345365000000001e-25,1.4901161e-08,0.0,True
2021-08-23,55.75375,19.4,17.171429,21.442858,13.428572,77.67143,2.1714284,1.457143,2.3285713,5.257143,18.62857,0.00016891956,0.001433827,-7.345365000000001e-25,1.6763806e-08,0.0,True
2021-08-30,55.815714285714286,27.6,15.0,19.800001,10.900001,83.35714,1.9142857,1.6714287,1.9857143,6.428571,17.242857,0.00027409196,0.0013797507,-7.345365000000001e-25,1.1175871e-08,0.0,True
2021-09-06,55.847142857142856,0.1,14.6,21.042858,8.585714,82.74286,1.9285715,1.5857142,2.0571427,7.1571426,18.257143,3.9041042e-06,0.0013337657,-7.345365000000001e-25,5.5879354e-09,0.0,True
2021-09-13,55.82142857142857,2.4,17.800001,24.114286,11.400001,79.4,2.1142857,1.6571428,2.1142857,6.614286,20.485714,0.0042729676,0.0012836009,-7.345365000000001e-25,5.5879354e-09,0.0,True
2021-09-20,55.82,6.4,15.2,18.87143,11.942857,81.21429,1.3000001,1.0857145,1.5571429,6.6571426,16.657143,0.0002732426,0.0012473762,-7.345365000000001e-25,1.1175871e-08,0.0,True
2021-09-27,55.82571428571429,5.0,15.785714,20.557144,10.685715,80.685715,1.4142857,1.1571429,1.6142857,6.4142857,16.428572,0.00022662431,0.0012217462,-7.345365000000001e-25,9.313226e-09,0.0,True
2021-10-04,55.81142857142857,4.1,14.085714,18.957144,9.514285,72.71429,1.4285715,1.2142857,1.7714285,6.542857,15.014286,4.722923e-05,0.0011987388,-7.345365000000001e-25,5.5879354e-09,0.0,True
2021-10-11,55.83428571428572,14.4,9.485715,15.900001,3.6857145,83.01429,0.9142857,0.7428571,0.94285715,6.6714287,11.557143,0.0005194694,0.001180768,-7.345365000000001e-25,1.8626451e-09,0.0,True
2021-10-18,55.86285714285714,5.1,9.585714,13.142858,5.042857,84.01429,0.78571427,0.74285716,0.82857144,6.885714,9.9,0.00013844669,0.0011679903,-7.345365000000001e-25,5.5879354e-09,0.0,True
2021-10-25,55.901428571428575,13.7,10.014285,14.557143,5.657143,79.32857,0.95714283,0.88571423,1.0428572,7.242857,9.3714285,0.00020058453,0.0011597872,-7.345365000000001e-25,7.450581e-09,0.0,True
2021-11-01,55.93,1.5,11.400001,15.942858,6.285714,78.87142,0.78571427,0.6714286,0.8428572,7.214286,10.3,4.5016408e-05,0.00115446,-7.345365000000001e-25,5.5879354e-09,0.0,True
2021-11-08,56.02142857142858,32.9,7.9000006,10.442858,5.4,87.27143,0.5714286,0.55714285,0.59999996,8.171429,8.114285,0.00062662363,0.0011588633,-7.345365000000001e-25,5.5879354e-09,0.0,True
2021-11-15,56.07,0.4,5.642857,8.885715,1.8714286,92.1,0.2857143,0.2857143,0.31428573,8.514286,6.3,7.376075e-06,0.0012056679,-7.345365000000001e-25,0.0,0.0,True
2021-11-22,56.08285714285714,1.2,7.2571435,8.985715,4.914286,88.48572,0.3857143,0.34285715,0.51428574,8.4,6.6857142,3.4227967e-05,0.0012676641,-7.345365000000001e-25,7.450581e-09,0.0,True
2021-11-29,56.11142857142857,5.1,3.7857144,5.428571,1.5428572,89.4,0.27142859,0.22857144,0.32857147,8.385715,3.4285715,8.0905855e-05,0.0013235211,0.00018026715,0.0003051497,0.0006527826,True
2021-12-06,56.151428571428575,12.6,2.9,5.1857147,0.38571426,86.07143,0.44285718,0.44285718,0.44285712,8.828571,2.2428572,0.00023517013,0.0013760179,0.0010581698,0.0016326569,0.004206009,True
2021-12-13,56.16285714285714,3.2,2.142857,3.9714286,0.39999995,92.62858,0.20000002,0.17142859,0.22857143,8.942857,1.5571429,0.00019674003,0.0014422983,0.0043535745,0.006768793,0.0044823363,True
2021-12-20,56.16857142857143,0.90000004,5.957143,7.571429,3.1571429,91.57143,0.22857144,0.21428572,0.31428573,8.914286,5.071429,5.8487058e-05,0.0015291423,9.605998e-05,0.00081171654,1.2926757e-06,True
2021-12-27,56.22285714285714,22.2,-2.7428572,0.6428571,-6.7428575,90.5,0.08571429,0.08571429,0.14285715,9.357142,-0.25714287,0.0004416108,0.0016423687,0.0015353021,0.0009276457,0.0037532263,True
2022-01-03,56.32142857142857,13.0,9.228571,11.242858,6.1285715,87.8,0.4,0.4,0.59999996,9.625,3.5,0.00066384673,0.0018629804,0.0005257641,0.0028816666,0.0,True
2022-01-10,56.34857142857143,12.0,3.0857143,4.8428574,1.0857142,87.18572,0.37142858,0.37142858,0.3857143,9.971429,2.3142858,0.00026853383,0.002301842,0.0004775524,0.0010564327,0.0017781407,True
2022-01-17,56.34428571428572,4.2000003,3.1857145,5.2428575,0.32857147,91.61428,0.29999998,0.29999998,0.34285715,9.814285,2.442857,6.1258674e-05,0.002807103,0.00022826309,0.0007459577,0.0,True
2022-01-24,56.34,8.2,3.757143,5.7000003,1.1,90.5,0.41428572,0.4,0.41428572,9.8,2.7857144,0.00013346225,0.003225468,0.000143159,0.00042938069,0.00046569854,True
2022-01-31,56.36857142857143,10.6,4.1,5.8428574,2.4857142,83.88572,0.74285716,0.7285714,0.7714286,9.771428,3.2571428,0.00012610853,0.0035266578,0.00028982616,0.0004931297,0.0032762066,True
2022-02-07,56.4525,29.199999,4.714286,7.3428574,1.3714286,84.57143,0.88571423,0.88571423,0.7285714,10.185715,3.8857143,0.0008126721,0.003771484,0.000572653,0.0034393761,0.00052646175,True
2022-02-14,56.462857142857146,4.2,5.571429,8.742857,1.7571428,79.48572,0.9142857,0.8714286,0.8142857,10.1285715,4.6571426,7.431209e-05,0.0042838603,2.8587523e-05,9.293482e-05,0.00010199845,True
2022-02-21,56.42,29.6,6.857143,10.757143,4.0142856,76.0,1.5857142,1.5571429,1.3428571,10.428572,5.614286,0.0022033826,0.0048760623,0.00010216236,0.0009799991,0.0011672266,True
2022-02-28,56.44571428571429,3.5,4.071429,8.1,0.3285715,76.85714,1.1,1.0857142,1.0285714,10.2,4.242857,0.00012502074,0.006247632,3.4161978e-05,0.0002318006,3.3155084e-06,True
2022-03-07,56.35,0.0,1.4714288,6.285714,-2.357143,71.65714,0.90000004,0.78571427,0.82857144,9.571428,3.0428572,1.0356307e-06,0.007275574,2.3546672e-05,3.603287e-05,7.963553e-05,True
2022-03-14,56.30714285714286,3.6,4.457143,11.528571,-2.557143,52.81429,1.9857143,1.5857142,1.9428571,8.971429,4.957143,3.8653612e-05,0.0073917806,1.2113935e-05,3.965944e-05,0.0,True
2022-03-21,56.29,1.5,6.3285713,12.5,-0.22857143,67.77143,1.7285715,1.3142856,1.7285715,8.514286,7.1,3.1761825e-05,0.007232167,6.2442965e-08,9.667128e-07,0.0,True
2022-03-28,56.27285714285715,0.0,7.828572,16.785715,-0.9142857,63.985718,2.0428572,1.5142858,1.8285714,7.7,9.857142,8.6426735e-07,0.0069453865,-7.345365000000001e-25,0.0,0.0,True
2022-04-04,56.25571428571429,10.5,3.4,7.7714286,-1.8142856,66.15714,1.5428572,1.1999999,1.6428572,7.285714,5.957143,0.00011039525,0.006597124,0.00056844665,0.0010274872,0.0018222556,True
2022-04-11,56.30857142857143,13.6,7.0142856,10.67143,3.257143,74.74286,2.0285714,1.8571427,1.7571429,7.8714285,7.571429,0.00026222318,0.006250277,4.564013e-05,0.00055782124,0.0,True
2022-04-18,56.29,11.3,9.785714,16.228573,2.4428573,66.057144,2.642857,2.0428572,2.3857143,7.4428573,12.185715,9.017438e-05,0.005874783,-7.345365000000001e-25,3.7252903e-08,0.0,True
2022-04-25,56.25571428571429,5.8,9.642858,15.314286,3.9285715,67.828575,2.557143,1.7285713,2.5571427,6.6571426,12.4,4.0009618e-05,0.005481705,-7.345365000000001e-25,0.0,0.0,True
2022-05-02,56.21857142857142,1.0,10.8,17.142857,3.6571429,66.27143,2.8428571,1.2571429,2.5714285,6.1,14.714286,9.067357e-06,0.0050895363,-7.345365000000001e-25,0.0,0.0,True
2022-05-09,56.16,0.0,12.785714,19.985716,4.2285714,62.557148,3.3999999,1.0428572,3.2428572,5.614286,17.042856,8.061528e-06,0.004680492,-7.345365000000001e-25,0.0,0.0,True
2022-05-16,56.075,6.6,16.37143,23.214285,7.8428574,61.94286,4.342857,0.9285714,3.8999999,5.2714286,18.957144,1.628697e-05,0.00423944,-7.345365000000001e-25,7.450581e-09,0.0,True
2022-05-23,56.02428571428572,14.3,17.542858,23.828571,11.442857,70.25715,4.0571427,1.9,3.8285713,5.4,20.671429,0.00017131865,0.0038272366,-7.345365000000001e-25,3.7252903e-09,0.0,True
2022-05-30,55.98428571428571,12.1,13.457143,17.928572,8.657144,71.3,3.2714288,1.6714286,3.1142857,5.2285714,16.557142,9.1552734e-05,0.0034610406,-7.345365000000001e-25,7.450581e-09,0.0,True
2022-06-06,55.96571428571429,14.0,15.742858,22.757143,7.585715,66.54286,3.914286,1.6,4.0,5.114286,19.314285,3.2134354e-05,0.00313434,-7.345365000000001e-25,7.450581e-09,0.0,True
2022-06-13,55.89142857142857,2.4,18.042858,24.100002,11.014285,65.42857,4.2,1.0428572,4.071429,4.7285714,21.414286,2.1792948e-05,0.002802968,-7.345365000000001e-25,3.7252903e-09,0.0,True
2022-06-20,55.81285714285714,8.8,18.37143,25.614286,9.7,61.585716,4.857143,0.8,4.6142855,4.542857,22.4,1.2382865e-05,0.0024894774,-7.345365000000001e-25,3.7252903e-09,0.0,True
2022-06-27,55.77125,1.4,21.142857,28.957144,12.742858,62.81429,5.2714286,1.4714285,4.9857144,4.4428573,24.914286,0.00010417402,0.0021891817,-7.345365000000001e-25,1.1175871e-08,0.0,True
2022-07-04,55.72285714285714,15.5,20.071428,26.67143,12.057143,62.4,4.8428574,1.5142858,4.6,4.357143,24.057142,3.9294362e-05,0.0019485205,-7.345365000000001e-25,7.450581e-09,0.0,True
2022-07-11,55.72714285714286,11.9,16.685715,22.442858,11.357142,68.37143,3.5714285,1.7,3.6571429,4.385714,19.928572,0.000111579895,0.0017562136,-7.345365000000001e-25,1.1175871e-08,0.0,True
2022-07-18,55.707142857142856,0.90000004,18.600002,26.2,10.171428,58.885715,4.585714,1.0285714,4.3428574,3.9714286,22.1,1.9073486e-05,0.0015909821,-7.345365000000001e-25,7.450581e-09,0.0,True
2022-07-25,55.67285714285714,5.7,22.928572,30.814287,13.5,55.457146,5.3857145,1.1571429,5.1285715,3.8142858,24.8,9.36389e-05,0.0014251843,-7.345365000000001e-25,1.1175871e-08,0.0,True
2022-08-01,55.66375,4.4,18.757143,25.2,11.442857,64.64286,3.7285714,1.1714286,3.4857142,3.8142858,22.3,8.3595514e-05,0.0012892336,-7.345365000000001e-25,7.450581e-09,0.0,True
2022-08-08,55.65714285714285,10.799999,20.328571,28.257143,10.7,60.585716,4.4571433,1.2428571,4.042857,3.7285714,23.614286,0.00013332069,0.0011747703,-7.345365000000001e-25,7.450581e-09,0.0,True
2022-08-15,55.62571428571429,19.5,21.985716,30.742859,12.842857,56.3,4.6,0.71428573,4.4,3.5285714,24.414286,2.7060509e-05,0.0010710061,-7.345365000000001e-25,1.3038516e-08,0.0,True
2022-08-22,55.65,2.1,20.87143,27.614286,14.085715,70.38572,3.257143,1.2285713,3.142857,3.7571428,23.942858,2.1517277e-05,0.0009795204,-7.345365000000001e-25,5.5879354e-09,0.0,True
2022-08-29,55.76,19.0,20.185715,27.057144,13.014285,70.314285,3.085714,0.9714286,3.2857144,3.7142856,23.142857,5.90235e-05,0.00090349466,-7.345365000000001e-25,7.450581e-09,0.0,True
2022-09-05,55.82142857142857,0.0,17.87143,24.885715,10.657143,59.3,3.1857142,0.81428576,3.5142858,3.6,20.37143,9.760261e-07,0.00083859265,-7.345365000000001e-25,1.4901161e-08,0.0,True
2022-09-12,55.82571428571429,31.1,16.97143,22.571428,12.257143,78.38572,1.9999998,1.1714286,2.042857,4.1857142,19.342857,0.0040299892,0.0007835254,-7.345365000000001e-25,5.5879354e-09,0.0,True
2022-09-19,55.862857142857145,19.2,12.800001,17.742857,9.614286,82.21429,1.6428572,1.4428571,1.6714286,4.757143,14.971429,0.00015832484,0.0007426515,-7.345365000000001e-25,1.1175871e-08,0.0,True
2022-09-26,55.864285714285714,3.6999998,11.457144,17.142857,5.9857144,80.17143,1.3285713,1.0857143,1.3428571,5.242857,13.685715,3.8214028e-05,0.00070691854,-7.345365000000001e-25,3.7252903e-09,0.0,True
2022-10-03,55.89714285714285,15.2,10.6285715,15.328572,6.785714,84.35714,1.0857143,1.0285715,1.1,5.8428574,11.6,0.00026527047,0.0006783381,-7.345365000000001e-25,7.450581e-09,0.0,True
2022-10-10,55.89,1.3000001,12.014287,17.957144,5.914286,76.52857,1.2857143,1.0428572,1.3571428,5.8285713,12.9,4.9322844e-06,0.00065259635,-7.345365000000001e-25,1.1175871e-08,0.0,True
2022-10-17,55.88285714285714,3.2,13.014287,18.785715,7.5285716,80.25714,1.0571429,0.8,1.042857,5.5142856,13.685715,6.880611e-05,0.00062951446,-7.345365000000001e-25,5.5879354e-09,0.0,True
2022-10-24,55.89714285714285,10.2,12.842857,17.428572,7.957143,85.314285,0.8428572,0.78571427,0.8428572,5.9714284,13.328571,0.00018428266,0.00061056763,-7.345365000000001e-25,7.450581e-09,0.0,True
2022-10-31,55.91285714285714,0.4,14.485715,20.214285,9.214286,85.12858,0.8714286,0.7,0.6714286,5.885714,14.614285,1.0937452e-05,0.0005938187,-7.345365000000001e-25,5.5879354e-09,0.0,True
2022-11-07,55.92857142857143,5.3,10.1,14.300001,5.6,78.72857,0.7714286,0.62857145,0.8428572,5.6714287,10.3714285,2.501905e-05,0.0005790815,-7.345365000000001e-25,1.8626451e-09,0.0,True
2022-11-14,55.93285714285714,2.8,9.057143,13.442857,5.0142856,82.32857,0.62857145,0.45714286,0.61428577,5.457143,9.485714,1.847744e-05,0.00056596845,-7.345365000000001e-25,7.450581e-09,0.0,True
2022-11-21,55.98857142857143,18.300001,2.1000001,5.2714286,-0.9714286,87.51429,0.2714286,0.22857144,0.3285714,6.0285716,3.6714287,0.00022512674,0.00055496395,0.0006626674,3.0083582e-05,0.0019649602,True
2022-11-28,56.01,6.0,4.457143,7.557143,0.85714287,90.38572,0.25714284,0.25714284,0.31428573,6.357143,3.6714287,8.958578e-05,0.00054646283,0.0007232541,0.0019639246,2.5331974e-07,True
2022-12-05,56.00571428571429,8.3,1.3000001,2.0285716,0.21428573,94.52857,0.12857144,0.10000001,0.3,6.6571426,2.1,7.70092e-05,0.00053977966,0.0011167015,0.0008086674,0.0049181096,True
2022-12-12,56.05714285714286,4.3,-0.5142857,1.1714287,-2.9,91.25715,0.114285715,0.10000001,0.18571429,7.1714287,0.7,9.524077e-05,0.00053453445,0.003139848,0.0032021552,0.0024865791,True
2022-12-19,56.01142857142857,4.5,-4.6142855,0.32857147,-9.3,87.3,0.057142857,0.057142857,0.1,7.3,-2.5857143,0.00012718141,0.0005307272,0.0033351693,0.0016895328,5.5588782e-05,True
2022-12-26,56.142857142857146,37.6,7.2428575,9.8714285,3.6000001,91.57143,0.37142858,0.37142858,0.32857147,8.228572,3.142857,0.002137892,0.00052876025,0.00016646726,0.001931943,0.0,True
