,GWL,HYRAS_pr,HYRAS_tas,HYRAS_tasmax,HYRAS_tasmin,HYRAS_hurs,DWD_evapo_p,DWD_evapo_r,DWD_evapo_fao,DWD_soil_moist,DWD_soil_temp5cm,ERA5_sro,ERA5_ssro,ERA5_sdwe,ERA5_sm,ERA5_sf,GWL_flag
1991-01-07,666.42,47.2,3.2428572,6.357143,0.3285714,82.62858,0.6571428,0.6571428,0.62857145,11.014286,2.5285714,0.003637299,0.02156768,0.019793358,0.036001697,0.0066643767,True
1991-01-14,666.85,33.7,3.2714288,7.057143,0.4714286,78.471436,0.55714285,0.55714285,0.6857143,10.614285,2.6142857,0.00041212142,0.028516918,0.006173974,0.0064124465,0.009270471,True
1991-01-21,666.99,4.6,-4.3714285,-0.15714286,-8.714286,87.58571,0.057142857,0.057142857,0.31428573,10.385715,-0.17142858,6.4626336e-05,0.027890705,0.009531424,0.0028321892,0.004414212,True
1991-01-28,667.1,0.0,-6.1714287,-1.9,-9.214286,86.457146,0.0,0.0,0.3285714,10.3,-0.27142859,3.8720667e-05,0.024813823,0.010406017,0.0018983372,0.00028703734,True
1991-02-04,667.14,0.0,-7.8428574,-1.0,-12.942858,80.48572,0.014285714,0.014285714,0.3,10.271428,-1.7571429,3.9234757e-05,0.021093242,0.0074607474,0.0020362493,0.00021221489,True
1991-02-11,667.13,8.5,-7.4714284,-3.142857,-11.985715,80.11428,0.042857144,0.042857144,0.42857143,10.342857,-1.4428571,3.605336e-05,0.017796114,0.008018301,0.0014199466,0.0075732917,True
1991-02-18,667.07,17.8,-4.8,-0.2857143,-9.471429,83.25715,0.10000001,0.10000001,0.55714285,10.457143,-0.114285715,5.183369e-05,0.015138514,0.02124162,0.0028816555,0.02186374,True
1991-02-25,667.0,2.2,1.257143,9.071428,-4.6142855,77.34286,0.7714286,0.7428571,0.8428572,10.1285715,0.24285714,0.00092843175,0.0130744055,0.013442812,0.025982946,0.00029628724,True
1991-03-04,666.91,8.9,2.642857,8.785714,-1.1285714,87.77143,0.5285715,0.47142857,0.8,9.914286,1.5571429,0.00010801852,0.011656992,0.0008230039,0.0029153079,1.7136335e-07,True
1991-03-11,666.88,8.2,6.7571435,13.442858,2.542857,78.15715,0.9428571,0.8285714,1.1999999,9.814285,6.257143,0.00017081201,0.010571264,1.882939e-05,8.983165e-05,0.0,True
1991-03-18,666.81,12.4,6.1857142,13.285714,0.3,76.85714,1.2,1.0285714,1.3857143,9.557143,7.757143,0.00018837303,0.009629801,5.676633e-08,4.954636e-07,0.0,True
1991-03-25,666.76,42.1,7.4428573,11.857142,3.9714286,84.557144,1.0285714,1.0428572,1.1999999,10.471429,8.314285,0.0011508614,0.008895762,8.727823e-05,0.00043430738,0.00042708218,True
1991-04-01,666.7,7.0,1.9142857,6.371429,-1.7142857,77.814285,0.87142855,0.84285706,1.2714285,10.3714285,4.6714287,0.00017155707,0.00853651,0.00071970624,0.0012135748,0.0017192401,True
1991-04-08,666.61,38.9,6.371429,10.3714285,2.7000003,78.97143,1.3571428,1.2714287,1.5428572,10.257143,8.685715,0.00055933,0.008190498,0.00011234624,0.00061281584,0.00021312758,True
1991-04-15,666.56,1.2,8.057143,15.414286,1.1714286,67.41429,2.2142856,1.9428571,2.457143,9.742857,10.814285,4.786253e-05,0.007873431,3.7919908e-06,2.3419037e-05,0.0,True
1991-04-22,666.47,28.6,1.8285714,6.6,-2.3,70.71429,1.4285715,1.2571428,1.7571429,9.457143,6.5142856,0.00014655292,0.0074945763,0.004616641,0.006354451,0.011832889,True
1991-04-29,666.36,22.2,4.6857142,10.542857,-0.82857144,74.3,1.7714287,1.6,2.1285713,9.342857,8.928572,0.0006393343,0.0071291625,0.0031453655,0.011512075,0.0069201924,True
1991-05-06,666.27,28.9,4.7000003,7.7571425,2.5142858,88.15715,1.0428572,1.057143,1.3571428,10.257143,7.6571426,0.0005470365,0.006866552,0.00029121127,0.0014226399,0.0017108172,True
1991-05-13,666.21,91.2,7.657143,11.800001,3.3142858,82.185715,1.6571429,1.6285714,1.9571428,10.7,10.6,0.012120403,0.014576957,8.3605446e-05,0.00055705756,9.552017e-05,True
1991-05-20,666.57,29.4,5.571429,10.285714,1.7428572,81.28571,1.6857141,1.7142857,2.0,11.242857,9.828571,0.0014262497,0.012569085,0.0009734006,0.0057464056,0.005469188,True
1991-05-27,666.67,15.700001,9.571428,14.957144,3.4857144,68.58572,2.5857143,2.3142858,3.0857143,10.014286,14.157143,0.00044505298,0.01608593,1.5576681e-05,0.00014415011,1.6707927e-05,True
1991-06-03,666.69,16.6,13.328572,19.128572,5.5,58.44286,3.4857142,2.9714284,3.857143,9.114285,17.4,0.00010226667,0.015034802,3.40598e-08,4.2840838e-07,0.0,True
1991-06-10,666.68,54.0,11.028572,14.428572,7.6,80.15715,2.1714284,2.0714288,2.2,9.328571,14.414286,0.0006235838,0.013503499,-7.345365000000001e-25,0.0,0.0,True
1991-06-17,666.68,137.9,13.442858,18.87143,9.285714,76.0,2.7285714,2.4857142,3.1285717,9.842857,17.328571,0.010934204,0.02086734,1.1353266e-08,0.0,2.1979213e-06,True
1991-06-24,667.33,25.3,14.514287,19.87143,8.328572,76.75715,3.1,3.057143,3.6714287,11.085714,17.357143,0.001659669,0.020105071,1.4021283e-06,1.4178455e-05,1.1488795e-05,True
1991-07-01,667.7,40.5,13.828572,19.385714,8.842857,76.14286,3.1000001,2.9999998,3.5142858,10.457143,18.257143,0.0021950603,0.019297756,-7.345365000000001e-25,3.7252903e-09,0.0,True
1991-07-08,667.85,8.0,20.87143,26.328571,13.1,65.47143,4.2428575,3.4714284,5.0285716,9.142858,24.014286,3.0696392e-05,0.017180093,-7.345365000000001e-25,1.1175871e-08,0.0,True
1991-07-15,667.9,60.9,19.314285,24.67143,14.414286,76.32857,3.3714283,3.085714,4.1142855,9.171429,23.428572,0.001046285,0.014692865,-7.345365000000001e-25,1.1175871e-08,0.0,True
1991-07-22,667.97,18.7,17.728573,21.957142,13.0,72.42857,3.1571429,2.757143,3.7428572,9.314285,21.928572,0.00025698543,0.01286789,-7.345365000000001e-25,1.1175871e-08,0.0,True
1991-07-29,667.98,60.0,15.300001,20.34286,10.942858,80.77143,2.5857143,2.3714287,3.0571427,9.557143,19.185715,0.0017551482,0.011468053,-7.345365000000001e-25,1.1175871e-08,0.0,True
1991-08-05,668.08,49.1,16.257143,21.014286,12.085715,81.25714,2.2142856,2.0285716,2.642857,10.185715,19.6,0.00138513,0.010544628,-7.345365000000001e-25,3.7252903e-09,0.0,True
1991-08-12,668.11,20.2,19.7,26.071428,13.242858,72.52857,3.0857143,2.6142857,3.8142858,9.328571,23.414286,0.004908532,0.009804815,-7.345365000000001e-25,1.1175871e-08,0.0,True
1991-08-19,668.02,0.2,17.37143,23.77143,11.785714,69.4,3.0000002,2.3142855,3.742857,8.614285,22.6,0.00086677074,0.009156227,-7.345365000000001e-25,0.0,0.0,True
1991-08-26,667.93,6.8,17.757143,24.042858,11.057143,71.34286,2.4285715,1.7571428,3.0714285,7.957143,21.0,8.814037e-05,0.008457251,-7.345365000000001e-25,7.450581e-09,0.0,True
1991-09-02,667.81,0.0,15.357142,22.242857,8.7,67.38572,2.457143,1.4714286,3.1571429,7.4,19.3,9.208918e-06,0.0077162758,-7.345365000000001e-25,5.5879354e-09,0.0,True
1991-09-09,667.67,0.0,14.3,22.071428,7.6857147,69.52857,2.3285716,0.95714283,2.9142857,6.7714286,19.27143,4.604459e-06,0.0069303215,-7.345365000000001e-25,3.7252903e-09,0.0,True
1991-09-16,667.52,28.3,15.428572,19.885715,11.771429,81.04286,1.3571428,1.0285715,1.9142857,7.357143,17.471428,0.0001905784,0.0062332302,-7.345365000000001e-25,7.450581e-09,0.0,True
1991-09-23,667.35,40.5,14.328572,20.600002,9.585714,80.94286,1.6142857,1.442857,1.9714286,7.5142856,16.857143,0.00054799765,0.005664535,-7.345365000000001e-25,7.450581e-09,0.0,True
1991-09-30,667.21,48.3,11.614286,16.842857,7.642857,83.47143,1.1142857,1.0285715,1.4714286,9.085714,13.6285715,0.00073441863,0.005155541,-7.345365000000001e-25,3.7252903e-09,0.0,True
1991-10-07,667.05,6.7,9.971429,15.585714,5.585714,81.74286,1.0285715,0.9714285,1.4,9.685715,12.414286,0.00017522275,0.004828371,-7.345365000000001e-25,3.7252903e-09,0.0,True
1991-10-14,666.88,3.1000001,10.900001,16.457144,6.2571425,85.200005,0.7,0.62857145,1.0714285,9.571428,12.3714285,0.00012502074,0.0045857355,-7.345365000000001e-25,5.5879354e-09,0.0,True
1991-10-21,666.72,31.3,6.057143,9.657143,3.957143,87.04286,0.7142858,0.7142858,0.88571423,9.857142,8.142858,0.0003432855,0.0043888837,0.0008770852,0.0017235111,0.0052837543,True
1991-10-28,666.53,0.0,2.2571428,7.3428574,-1.8571428,85.47143,0.3285714,0.28571433,0.5714286,9.8714285,3.8714285,6.656349e-05,0.0042532384,0.0018061853,0.0036202185,4.146248e-05,True
1991-11-04,666.36,18.7,4.6714287,9.385715,1.2428572,88.40001,0.48571426,0.45714286,0.61428577,9.757143,4.614286,0.00019301474,0.0041418225,8.5382235e-05,0.00025719777,1.5646219e-07,True
1991-11-11,666.18,41.0,2.1142857,5.071429,-0.54285717,85.78571,0.4571429,0.4428572,0.67142856,10.7,3.0428572,0.00055910647,0.004057996,0.0021044584,0.005721582,0.008273989,True
1991-11-18,666.07,59.800003,2.2857144,6.157143,-1.1857144,87.700005,0.29999998,0.2857143,0.55714285,11.314285,2.142857,0.00082912296,0.0041387454,0.007288138,0.0054879803,0.021588542,True
1991-11-25,665.99,6.4,1.0714285,3.0714285,-0.014285718,92.92857,0.17142858,0.18571429,0.3,10.885715,1.3857143,0.00044623017,0.0047059916,0.012898377,0.0120098125,0.0020375662,True
1991-12-02,665.88,0.0,-0.7000001,5.4,-3.8999999,89.1,0.11428572,0.11428572,0.22857143,10.242857,0.3857143,0.00016352534,0.005551167,0.0046603,0.0069431104,9.686872e-05,True
1991-12-09,665.77,3.3000002,-3.7,-0.58571434,-7.057143,91.1,0.0,0.0,0.22857143,10.271428,-0.41428572,9.387732e-06,0.006165527,0.0035365252,0.00041551515,0.0026363805,True
1991-12-16,665.64,0.3,-7.8428574,-0.114285745,-12.328572,83.5,0.014285714,0.014285714,0.17142858,10.242857,-2.857143,3.0308962e-05,0.0064387694,0.0036970605,0.0014288183,2.5816262e-06,True
1991-12-23,665.53,124.0,3.1142857,5.5,0.08571434,91.02857,0.5428571,0.5428571,0.58571434,11.428572,0.6857143,0.031112865,0.013357252,0.01684983,0.037467644,0.04346479,True
1991-12-30,665.99,16.7,-2.1285713,1.3571428,-5.0428576,89.1,0.18571429,0.18571429,0.31428573,10.8714285,0.12857144,0.00026144087,0.01792264,0.024039712,0.0026073586,0.024547491,True
1992-01-06,666.02,0.5,-1.2714287,4.357143,-6.0,81.61428,0.0,0.0,0.5285714,10.4,0.0,0.00023941696,0.01946184,0.028709872,0.008794857,0.00037104264,True
1992-01-13,665.95,0.2,0.64285713,5.1857142,-2.1571429,84.0,0.2857143,0.27142859,0.4857143,10.171429,0.18571429,0.00034505874,0.01842732,0.019203022,0.011347642,0.0045298375,True
1992-01-20,665.89,12.900001,-1.2142857,1.4285715,-3.3142858,87.21429,0.11428572,0.12857144,0.35714287,10.242857,-0.08571429,0.00010897964,0.01727032,0.015336814,0.004897684,0.011260651,True
1992-01-27,665.81,0.0,-6.9714284,-0.84285706,-11.314286,85.88572,0.014285714,0.014285714,0.2857143,10.314285,0.071428575,7.460266e-05,0.016059414,0.020372618,0.0036405474,0.00035905465,True
1992-02-03,665.7,10.0,-2.0,4.3714285,-6.557143,80.97143,0.34285715,0.34285715,0.44285712,10.171429,0.042857144,0.00017818063,0.0147601515,0.013086785,0.008716537,0.0048963428,True
1992-02-10,665.57,55.5,0.5285714,4.2714286,-2.857143,88.88572,0.4857143,0.4857143,0.5142857,10.9,0.25714287,0.0015916899,0.013683751,0.028510626,0.023707237,0.029647704,True
1992-02-17,665.65,74.2,1.1571429,4.214286,-1.1285714,90.17143,0.4714286,0.4714286,0.6857143,10.985714,1.1,0.0026602745,0.016199946,0.011963509,0.019024992,0.019657135,True
1992-02-24,665.87,0.0,-4.7714286,1.7285715,-10.228572,81.15715,0.35714287,0.35714287,0.7571429,10.6,0.27142859,0.0002226606,0.02072069,0.019134624,0.009329651,0.0017014854,True
1992-03-02,665.85,3.5,2.2142856,10.557143,-2.7000003,75.471436,0.8428572,0.74285716,1.0285714,9.971429,2.7857144,0.00034940988,0.020376146,0.0035805532,0.010674799,0.00018187612,True
1992-03-09,665.9,0.2,4.371429,11.514287,-0.35714287,79.14286,1.0714285,0.9142857,1.1999999,9.7,5.4428573,6.494671e-05,0.019035436,0.00019412949,0.0006877221,9.641051e-06,True
1992-03-16,665.91,75.5,3.6285717,7.357143,0.95714295,80.3,1.1857144,1.0857142,1.2571429,10.1285715,4.4857144,0.0028218925,0.018942803,0.001252935,0.0022936016,0.007062167,True
1992-03-23,666.26,74.5,4.542857,9.071428,0.90000004,83.57143,1.1,1.0714285,1.2428571,10.842857,4.857143,0.005872339,0.022140436,0.0019900345,0.008554511,0.01049301,True
1992-03-30,666.61,26.3,0.71428573,3.9857144,-1.9,86.48572,0.7714286,0.7714286,1.1142857,11.057143,2.357143,0.00070720166,0.033378802,0.0120891845,0.020042634,0.026066143,True
1992-04-06,666.84,32.5,3.1285713,7.7571435,-0.45714286,83.24286,1.0428572,1.0714285,1.3857143,10.885715,4.757143,0.0018793792,0.03319315,0.006333124,0.020920604,0.0107416995,True
1992-04-13,667.02,4.7,6.1857147,11.6,0.81428576,64.700005,2.0571427,1.8571428,2.3285713,10.171429,7.8142858,0.0001296252,0.03251256,0.0005609762,0.0024770908,1.6391277e-07,True
1992-04-20,667.04836676516,22.3,4.214286,7.857143,1.5142858,78.971436,1.5,1.3571428,1.6714286,9.671429,7.0285716,0.0005634874,0.027498186,0.0020363955,0.0076067764,0.008041415,True
1992-04-27,667.16,23.9,11.585715,17.557142,5.3428574,68.91429,2.7285714,2.3999999,3.0857143,9.528571,13.257143,0.0008305758,0.02263087,7.9512596e-05,0.00056018494,0.0,True
1992-05-04,667.22,25.9,7.7714286,11.314286,4.8428574,84.37144,1.3571428,1.3142859,1.6571429,9.985714,10.457143,0.0012258515,0.019447453,-7.345365000000001e-25,2.0489097e-08,0.0,True
1992-05-11,667.22,4.8999996,11.428572,15.857142,7.1714287,72.3,2.4428573,2.057143,2.8999999,9.3714285,14.042857,0.000115185976,0.017179862,-7.345365000000001e-25,0.0,0.0,True
1992-05-18,667.19,0.0,15.571428,22.671429,6.571429,59.55714,3.742857,2.7428572,4.3142858,8.2,18.8,1.206994e-06,0.014602475,-7.345365000000001e-25,0.0,0.0,True
1992-05-25,667.12,2.6,13.8,20.142857,6.0285716,59.7,3.457143,1.9857142,3.8142858,7.071429,17.485714,0.00010903925,0.012003742,-7.345365000000001e-25,3.7252903e-09,0.0,True
1992-06-01,667.02,8.2,16.585714,22.357143,8.885715,61.728577,2.9714284,1.7857141,3.7714286,6.785714,18.928572,8.495897e-05,0.009915292,-7.345365000000001e-25,0.0,0.0,True
1992-06-08,666.9,92.100006,13.514287,18.514286,9.157144,78.41429,2.4714284,2.142857,2.8999999,8.357142,17.785715,0.0005877465,0.008338526,-7.345365000000001e-25,0.0,0.0,True
1992-06-15,666.79,14.0,13.985715,19.042858,9.1,76.14286,2.3285713,2.1285713,3.0142858,9.4,17.2,0.00024466217,0.0072634146,-7.345365000000001e-25,3.7252903e-09,0.0,True
1992-06-22,666.68,36.9,15.099999,19.528574,10.528572,76.52857,2.5714285,2.1857142,3.0,9.171429,18.514286,0.00026513636,0.0063997284,-7.345365000000001e-25,3.7252903e-09,0.0,True
1992-06-29,666.68,75.9,15.357142,20.957142,10.3714285,71.51429,3.0714288,2.8285716,3.5857143,10.028571,19.285715,0.004469335,0.00597398,-7.345365000000001e-25,7.450581e-09,0.0,True
1992-07-06,666.65,40.899998,15.542857,20.5,11.3,78.21429,2.5,2.2857146,3.1142857,9.785714,19.928572,0.0025315136,0.0053212494,-7.345365000000001e-25,0.0,0.0,True
1992-07-13,666.63,33.9,14.557143,19.142857,10.785714,80.87144,2.2142856,2.142857,2.8142858,10.457143,18.014286,0.0010418147,0.005116105,-7.345365000000001e-25,3.7252903e-09,0.0,True
1992-07-20,666.58,7.8,19.014286,24.628572,13.014287,72.04286,3.1714287,2.6714287,4.0,9.671429,22.314285,0.00019529462,0.005021259,-7.345365000000001e-25,1.1175871e-08,0.0,True
1992-07-27,666.49,66.600006,19.228573,24.628572,13.514285,74.98572,3.3714287,3.042857,4.071429,9.814285,23.414286,0.00056988746,0.0048365965,-7.345365000000001e-25,1.3038516e-08,0.0,True
1992-08-03,666.47,32.0,20.585714,27.27143,14.257143,66.24286,3.8857143,3.1857142,4.6857142,8.828571,24.514286,2.169609e-05,0.004576832,-7.345365000000001e-25,1.3038516e-08,0.0,True
1992-08-10,666.39,7.8999996,19.97143,26.942858,13.971429,73.87142,3.385714,2.585714,4.0571427,8.457143,24.7,0.00020777434,0.004284762,-7.345365000000001e-25,1.1175871e-08,0.0,True
1992-08-17,666.29,10.9,15.657144,21.17143,10.357142,73.471436,2.6571429,2.0,3.2142856,8.1,19.928572,9.928644e-05,0.003995076,-7.345365000000001e-25,3.7252903e-09,0.0,True
1992-08-24,666.18,17.8,19.600002,26.114286,13.842857,70.4,3.1571426,2.3,3.7142856,7.614286,22.942858,6.937981e-05,0.0036787167,-7.345365000000001e-25,0.0,0.0,True
1992-08-31,666.07,56.5,18.485716,27.057144,12.728571,68.52857,3.0714288,2.4714286,3.7,7.5,21.828571,0.00056909025,0.0033761114,-7.345365000000001e-25,5.5879354e-09,0.0,True
1992-09-07,665.96,25.9,10.142858,15.442858,5.4,76.44286,1.9142857,1.8285714,2.1857142,8.728572,13.528571,0.0005477518,0.0031321123,-7.345365000000001e-25,0.0,0.0,True
1992-09-14,665.84,26.7,13.8,17.6,10.271429,84.64286,1.4142857,1.3285714,1.7428571,8.585714,16.22857,0.0002982542,0.0029745176,-7.345365000000001e-25,1.8626451e-09,0.0,True
1992-09-21,665.73,0.4,14.1,20.685715,8.457143,80.52857,1.5571429,1.3428572,2.1142857,8.6,17.314285,7.2449446e-05,0.0028459132,-7.345365000000001e-25,0.0,0.0,True
1992-09-28,665.61,14.6,13.157144,19.485716,8.114286,81.457146,1.1571429,0.9857143,1.6428572,8.285714,15.442857,0.00010616332,0.0027333498,-7.345365000000001e-25,3.7252903e-09,0.0,True
1992-10-05,665.49,31.599998,10.414286,14.1285715,8.285714,89.5,0.6,0.6,0.95714283,9.271428,12.471429,0.0004210323,0.0026488528,-7.345365000000001e-25,1.8626451e-09,0.0,True
1992-10-12,665.36,14.9,9.357142,12.342857,7.085715,87.68572,0.57142854,0.57142854,0.87142855,9.685715,10.857142,0.0012520775,0.002600968,-7.345365000000001e-25,1.8626451e-09,0.0,True
1992-10-19,665.26,32.4,3.2142856,6.6714287,0.5714286,89.14286,0.48571435,0.48571435,0.7428571,9.957143,5.542857,0.000245288,0.0025919527,0.0025071474,0.004465943,0.010019645,True
1992-10-26,665.14,74.6,3.914286,7.2000003,0.7857143,87.971436,0.74285716,0.7571429,0.64285713,11.057143,4.5571427,0.0016666204,0.0031898692,0.002999828,0.010583036,0.005738519,True
1992-11-02,665.23,65.5,4.3428574,7.4428573,1.8142859,89.42857,0.42857146,0.42857146,0.55714285,11.328571,4.6714287,0.0016266555,0.0039699823,0.00032944907,0.001349315,0.0003846567,True
1992-11-09,665.36,24.2,5.1142855,9.842857,0.9714286,90.78571,0.34285715,0.34285715,0.47142857,10.8,6.0,0.0007745996,0.005730897,1.4776275e-05,8.322485e-05,0.0,True
1992-11-16,665.52,106.799995,2.5142858,5.571429,5.3218432e-08,91.685715,0.37142858,0.37142858,0.44285718,11.3714285,3.4571428,0.0025732368,0.009693071,0.006437211,0.010536974,0.01636748,True
1992-11-23,665.94,84.8,4.2000003,6.357143,1.457143,86.90001,0.5142857,0.5142857,0.5428571,11.457143,3.6714287,0.010516282,0.028934933,0.0056371177,0.014369357,0.0074877236,True
1992-11-30,666.87,77.2,5.5,10.185715,1.3000001,87.11428,0.44285718,0.44285718,0.4857143,11.314285,5.357143,0.0015082508,0.04772632,6.09273e-05,0.00021728687,0.0,True
1992-12-07,667.69,53.800003,3.0571427,7.642857,-1.2857143,85.542854,0.3142857,0.3142857,0.44285712,11.428572,3.2857144,0.0012614429,0.0385959,0.004545984,0.0020287056,0.014596462,True
1992-12-14,668.29,39.3,-0.12857144,1.2714285,-1.557143,89.01429,0.15714286,0.15714286,0.3285714,11.157143,0.45714286,0.00026638806,0.03228543,0.019946644,0.004989324,0.017311834,True
1992-12-21,668.45,1.6,-1.0428572,4.0857143,-4.8428574,84.61428,0.114285715,0.114285715,0.20000002,10.4,0.12857144,0.00033208728,0.026846997,0.017360177,0.0153175555,5.2154064e-08,True
1992-12-28,668.53,0.0,-3.1714287,-0.30000004,-4.871429,88.4,0.042857144,0.042857144,0.24285714,10.257143,-0.34285715,7.379055e-05,0.022759423,0.007384567,0.0035923477,2.2042543e-05,True
1993-01-04,668.56,0.0,-9.071428,-5.142857,-11.642858,80.75715,0.0,0.0,0.21428572,10.266666,-3.5333333,8.352101e-06,0.019475415,0.005815296,0.00044582784,4.772097e-06,True
1993-01-11,668.65,31.1,3.2714288,6.871429,-1.1857141,75.4,0.44285712,0.44285712,0.62857145,10.457143,-0.4,0.0006958172,0.016759194,0.0029743796,0.0047320556,0.0,True
1993-01-18,668.77,10.9,3.9,9.485715,-0.17142858,81.68572,0.61428577,0.6285715,0.6571428,10.357142,1.7428571,0.00036132336,0.015104972,0.00021658625,0.00068402104,0.0,True
1993-01-25,668.75,20.1,5.1857142,8.514286,2.142857,73.67143,0.90000004,0.84285706,1.1142857,10.171429,3.6285715,0.0011654794,0.013985224,0.00024926662,8.425675e-05,0.0053470507,True
1993-02-01,668.6411739234438,29.6,0.39999995,2.7000003,-1.6428572,89.971436,0.14285715,0.14285715,0.4,10.685715,0.8142857,0.0006633997,0.013098694,0.014229502,0.016774997,0.020750314,False
1993-02-08,668.685,0.0,0.2,5.971429,-4.257143,78.314285,0.44285712,0.42857143,0.4857143,10.185715,0.4857143,0.00017899275,0.012766324,0.0051417463,0.0071698707,2.2348017e-05,True
1993-02-15,668.56,0.0,-0.9285714,4.2714286,-4.3285713,86.97143,0.17142858,0.12857144,0.45714286,9.971429,0.51428574,3.5390258e-05,0.012478828,0.0009756088,0.0016399659,2.0883977e-05,True
1993-02-22,668.43,35.4,-1.8142859,0.45714283,-3.5857143,88.01429,0.21428572,0.21428572,0.55714285,10.528571,0.1,9.88096e-05,0.012071237,0.01920854,0.003217686,0.04916823,True
1993-03-01,668.3,1.7,-7.014286,-1.3285714,-12.071428,79.22858,0.10000001,0.10000001,0.59999996,10.485714,0.1,6.0006976e-05,0.0115536,0.047031067,0.003279183,0.0027200915,True
1993-03-08,668.09,19.3,-2.9714284,0.7714286,-5.9428573,82.72858,0.18571429,0.18571429,0.6857143,10.428572,0.08571429,0.00015414506,0.010969609,0.045819078,0.0074218772,0.02236611,True
1993-03-15,667.92,0.0,0.6714286,9.8,-6.3,70.314285,1.0714285,0.98571426,1.3714286,10.157143,1.6,0.0015131384,0.010424845,0.037591916,0.04394315,2.30968e-07,True
1993-03-22,667.83,17.5,7.7428575,14.300001,2.5857143,76.68572,1.4571428,1.2714285,1.7571429,9.685715,8.442857,0.00082280487,0.01153297,0.0022481056,0.01189765,0.0,True
1993-03-29,667.73,22.5,-0.7571429,2.8285716,-3.6142857,84.75714,0.5428571,0.5285714,0.94285715,9.957143,3.5714285,0.00046649575,0.012178227,0.0056534666,0.0043131057,0.013691913,True
1993-04-05,667.59,14.9,4.3,10.357142,-1.1,73.64286,1.3571428,1.2142857,1.7428571,9.771428,6.0142856,0.00052756816,0.012398079,0.002719266,0.0090064965,0.0016324483,True
1993-04-12,667.4776552439522,19.5,5.5,9.328572,2.642857,82.15715,1.2857143,1.2428571,1.3428571,10.214286,7.6857142,0.00082617253,0.012972869,0.00014068966,0.0009038709,7.669069e-05,True
1993-04-19,667.355,19.4,6.642857,10.957144,2.1714287,79.98572,1.4857142,1.4285715,1.7142857,10.342857,8.942857,0.00049009174,0.013979964,1.4816012e-06,9.551644e-06,4.827976e-06,True
1993-04-26,667.15,0.1,13.257143,21.085714,5.428571,58.47143,3.385714,2.7285714,3.7285714,9.314285,15.742857,1.4230609e-05,0.013741657,-7.345365000000001e-25,5.2154064e-08,0.0,True
1993-05-03,666.99,11.099999,12.857142,19.114286,6.085714,71.48572,2.8571427,2.2714286,3.0285716,8.242857,16.5,0.00024499744,0.012691312,-7.345365000000001e-25,0.0,0.0,True
1993-05-10,666.86,7.2000003,11.057143,15.728572,6.5285716,81.40001,1.9857143,1.5714285,2.3857143,8.4,14.142858,0.00023271143,0.011600837,-7.345365000000001e-25,0.0,0.0,True
1993-05-17,666.71,40.6,12.8,19.1,6.785714,73.057144,2.5857143,2.2,3.0,8.271428,16.885714,0.00023436546,0.0104285255,-7.345365000000001e-25,0.0,0.0,True
1993-05-24,666.54,30.1,13.828572,20.742857,6.428571,68.200005,3.2142854,2.6857142,3.8,8.471429,18.27143,0.00051546097,0.009299889,-7.345365000000001e-25,0.0,0.0,True
1993-05-31,666.3617488310467,23.2,16.171429,22.257143,10.342857,67.98572,3.5428574,3.0857143,3.957143,8.585714,19.957144,0.00020901859,0.008216485,-7.345365000000001e-25,0.0,0.0,True
1993-06-07,666.2550000000001,18.1,15.657144,21.228573,9.957143,73.971436,2.785714,2.4857142,3.6285713,9.1,19.442858,0.00039210916,0.007309608,-7.345365000000001e-25,0.0,0.0,True
1993-06-14,666.02,26.9,14.914286,20.185715,10.157144,77.12858,2.9285715,2.6571426,3.3999999,8.828571,19.571428,0.00019827485,0.006538853,-7.345365000000001e-25,3.7252903e-09,0.0,True
1993-06-21,665.87,62.8,15.242858,19.928572,10.285714,80.057144,2.9857142,2.857143,3.2714286,9.385715,18.914286,0.0025993139,0.0059554726,-7.345365000000001e-25,7.450581e-09,0.0,True
1993-06-28,665.75,62.9,13.957143,18.228573,10.528572,77.78571,2.3,2.3142858,2.6857142,10.614285,17.742857,0.0025231838,0.005890146,-7.345365000000001e-25,0.0,0.0,True
1993-07-05,665.69,53.6,17.7,23.97143,10.342857,69.442856,3.6571429,3.2428572,4.2714286,9.514286,22.014286,0.00012478232,0.0053174347,-7.345365000000001e-25,3.7252903e-09,0.0,True
1993-07-12,665.61,91.5,12.1,17.257143,7.514286,80.67143,2.4857142,2.4428573,2.8142858,10.557143,17.257143,0.006016284,0.0059295595,-7.345365000000001e-25,0.0,0.0,True
1993-07-19,665.97,75.799995,14.742858,18.671429,10.728571,84.04286,2.3142858,2.3285716,2.5142858,11.5,17.214285,0.007728435,0.010322414,-7.345365000000001e-25,7.450581e-09,0.0,True
1993-07-26,666.44,35.5,13.485715,17.828571,9.985715,78.04286,2.5571427,2.4857142,2.8428571,10.957143,17.714285,0.0034220368,0.013959184,-7.345365000000001e-25,3.7252903e-09,0.0,True
1993-08-02,666.77,64.7,17.514286,23.128572,12.0,74.25714,3.0857143,3.0142856,3.6285713,10.857142,20.5,0.0020143315,0.017035194,-7.345365000000001e-25,1.3038516e-08,0.0,True
1993-08-09,666.97,31.1,17.328571,23.2,12.028572,75.14286,2.8571427,2.7428572,3.5285716,10.514286,21.22857,0.0010595322,0.016552396,-7.345365000000001e-25,7.450581e-09,0.0,True
1993-08-16,667.13,34.7,17.257143,23.214285,11.67143,75.34286,2.8714287,2.7142856,3.5142858,10.457143,21.028572,0.0030633062,0.0164043,-7.345365000000001e-25,1.4901161e-08,0.0,True
1993-08-23,667.2,25.5,18.085714,24.27143,12.242858,77.34286,2.7142856,2.3857143,3.4285715,9.671429,22.285715,0.00038550794,0.014604323,-7.345365000000001e-25,1.1175871e-08,0.0,True
1993-08-30,667.25,71.0,10.414286,14.257143,7.0142856,85.08572,1.2428572,1.2857144,1.6571429,11.1285715,13.842857,0.0015884489,0.014245853,-7.345365000000001e-25,1.8626451e-09,0.0,True
1993-09-06,667.32,44.3,9.0,13.942858,5.157143,83.114296,1.3857144,1.4428571,1.7285715,11.285714,13.057143,0.004637398,0.01545015,-7.345365000000001e-25,0.0,0.0,True
1993-09-13,667.46,40.4,13.042857,19.828571,8.642858,83.9,1.6285714,1.6571428,2.1285713,11.171429,15.357142,0.0012451261,0.018121846,-7.345365000000001e-25,1.8626451e-09,0.0,True
1993-09-20,667.48,8.200001,12.028571,17.800001,7.8857145,79.52857,1.557143,1.5142858,2.0285714,10.742857,14.6,6.440282e-05,0.017519057,-7.345365000000001e-25,0.0,0.0,True
1993-09-27,667.45,24.3,13.1,18.1,9.6285715,83.18572,1.2285713,1.1285714,1.6428572,10.142858,15.728572,0.0003118068,0.016042463,-7.345365000000001e-25,3.7252903e-09,0.0,True
1993-10-04,667.4,27.400002,8.257143,12.657143,4.457143,84.87144,0.7285714,0.74285716,1.1999999,10.728572,10.471429,0.0036138147,0.014718309,-7.345365000000001e-25,1.8626451e-09,0.0,True
1993-10-11,667.38,20.3,10.271429,15.671428,6.0142856,82.24286,0.9714285,0.9285714,1.2142857,10.6,12.257143,0.0003683865,0.0134892985,-7.345365000000001e-25,0.0,0.0,True
1993-10-18,667.37,47.300003,8.842857,13.6,6.4857144,85.74286,0.8000001,0.8000001,1.1,10.642858,10.328571,0.00033385307,0.012747832,-7.345365000000001e-25,1.8626451e-09,0.0,True
1993-10-25,667.38,53.2,3.1714287,4.571429,1.9857142,94.02857,0.21428573,0.21428573,0.44285712,11.1285715,4.6857142,0.0013666674,0.012868062,0.002822666,0.008434096,0.010564674,True
1993-11-01,667.47,0.1,3.3428571,6.6142855,1.0857143,88.87144,0.25714284,0.25714284,0.5285714,10.542857,4.0571427,5.786121e-05,0.012107827,0.0005308674,0.0023241732,0.0,True
1993-11-08,667.42,12.2,5.1142855,9.771429,1.7857144,91.52857,0.25714287,0.25714287,0.41428572,10.285714,5.8285713,0.00034684688,0.011947237,1.2755394e-05,5.677156e-05,0.0,True
1993-11-15,667.37,31.199999,3.6285717,7.1,1.6999999,87.24286,0.37142858,0.3857143,0.5142857,10.528571,4.1857142,0.0004912168,0.011696041,0.0009832382,0.00032777712,0.015399907,True
1993-11-22,667.3,5.0,-4.8285713,-2.6714287,-6.6285715,85.18572,0.0,0.0,0.31428573,10.7,0.4857143,1.4796853e-05,0.011477433,0.01999854,0.0007300284,0.006431248,True
1993-11-29,667.21,0.3,-6.228572,-2.2857144,-8.685715,89.62858,0.014285714,0.014285714,0.24285714,10.3,-0.35714287,7.9631805e-05,0.011202149,0.016000243,0.0039788634,0.0011419058,True
1993-12-06,666.84,4.0,-0.25714293,4.1142855,-4.342857,88.64286,0.17142858,0.15714286,0.34285715,10.257143,-0.17142858,0.00026763976,0.010839842,0.010916693,0.010584308,0.00052712485,True
1993-12-13,666.77,59.6,3.5714285,6.6571426,0.88571423,81.314285,0.67142856,0.67142856,0.85714287,10.914286,1.4714285,0.0006631911,0.010502011,0.008927958,0.013092568,0.026091874,True
1993-12-20,667.0,64.200005,4.214286,6.9000006,1.2285715,85.4,0.74285716,0.74285716,0.67142856,11.085714,3.0428572,0.0027192459,0.013861723,0.016545262,0.031583726,0.01222593,True
1993-12-27,667.24,43.3,-0.31428573,2.4428573,-2.2857144,85.64286,0.42857146,0.42857146,0.64285713,11.157143,1.6285714,0.00083328784,0.019339085,0.015880665,0.0015496239,0.031251427,True
1994-01-03,667.34,66.8,0.9714286,4.6,-3.5857143,88.78571,0.39999998,0.39999998,0.4857143,10.575,1.1,0.0016074181,0.021366283,0.029189304,0.021812074,0.017100748,True
1994-01-10,667.69,10.8,2.1857142,5.514286,-0.071428575,88.44286,0.32857138,0.32857138,0.41428572,10.714286,2.3428571,0.0012223572,0.027448721,0.019495226,0.016776823,0.0018180981,True
1994-01-17,667.86,37.100002,1.9,4.642857,-0.8285714,87.40001,0.2857143,0.29999998,0.45714286,10.528571,2.057143,0.0010856241,0.030347295,0.007977168,0.010607367,0.008678693,True
1994-01-24,668.01,41.3,-4.714286,0.24285714,-9.728571,87.74286,0.114285715,0.114285715,0.2857143,10.457143,-0.24285714,0.0014210045,0.03032507,0.008347909,0.006796565,0.000563629,True
1994-01-31,668.33,38.5,1.6,5.2571425,-1.0428572,81.78571,0.7571429,0.7571429,0.7571429,11.185715,1.4428571,0.0014003813,0.0330707,0.0127372965,0.007949,0.024977837,True
1994-02-07,668.3,16.3,2.4,6.928571,-1.0571429,79.28571,0.4,0.4,0.6857143,10.3714285,2.0714285,0.0004569441,0.03208738,0.011284624,0.015107162,0.0011256933,True
1994-02-14,668.6,26.0,-3.414286,-0.7,-5.8714285,87.34286,0.15714286,0.15714286,0.41428572,10.7,0.4857143,9.851903e-05,0.02813366,0.019531181,0.002558224,0.022692673,True
1994-02-21,668.59,7.7,-5.4857144,-0.14285716,-10.900001,86.971436,0.10000001,0.10000001,0.4714286,10.385715,0.15714286,0.00014013052,0.023917034,0.021555759,0.006953297,0.0048950836,True
1994-02-28,668.53,14.0,3.4142857,8.657143,-0.51428574,82.299995,0.75714284,0.75714284,0.90000004,10.314285,2.9142857,0.00061184913,0.020255297,0.009865908,0.02004539,0.00048644096,True
1994-03-07,668.33,39.3,4.9000006,9.485715,1.1142857,79.42857,1.0714285,1.0857142,1.0571429,10.528571,5.742857,0.0009670332,0.018006362,0.00064558076,0.0024793576,0.0010425374,True
1994-03-14,668.59,14.2,8.028571,13.17143,3.8857143,81.24286,1.2428571,1.2428571,1.4571428,10.142858,8.542857,0.00027628243,0.016807199,1.9442468e-05,0.00015658699,0.0,True
1994-03-21,668.53,55.6,5.014286,7.8714285,3.0714285,81.01429,1.4,1.3571428,1.3857143,10.242857,5.5285716,0.001287438,0.016406603,0.001794588,0.005934106,0.006398406,True
1994-03-28,668.61,36.0,8.442858,13.357142,3.857143,72.04286,1.8857144,1.8285714,2.0714285,10.385715,9.257143,0.0010092705,0.016104028,9.348279e-05,0.00052951835,0.00019785017,True
1994-04-04,668.6998174054174,32.0,5.7000003,11.614286,1.5571429,83.77143,1.4571428,1.4,1.5857143,10.3,8.328571,0.00043605268,0.01615563,0.0013794161,0.0034904387,0.006795205,True
1994-04-11,668.71,31.7,1.9857143,6.1857142,-0.88571435,81.21429,1.1571429,1.1428572,1.4428571,10.442857,5.142857,0.0004531592,0.015651152,0.0042653596,0.009780593,0.011737082,True
1994-04-18,669.17,115.9,3.757143,5.557143,1.3428572,92.08572,0.75714284,0.75714284,0.87142855,11.3,4.8428574,0.0035068095,0.025037214,0.018513843,0.046872627,0.043123703,True
1994-04-25,669.79,34.4,9.0,14.514287,2.914286,78.37144,1.8285714,1.7285715,2.3,10.314285,11.342857,0.0013318807,0.039955422,0.00040627093,0.0021476224,1.4901161e-07,True
1994-05-02,670.03,8.9,10.657143,16.885715,4.5,73.71429,2.5857143,2.3285713,2.8428571,10.057143,14.714286,0.0009927899,0.0353257,2.1003541e-07,1.553446e-06,0.0,True
1994-05-09,670.02,21.0,9.942857,15.542857,4.1714287,78.62858,2.2714286,2.0428572,2.4428573,9.542857,13.514286,0.00045260787,0.027223714,-7.345365000000001e-25,0.0,0.0,True
1994-05-16,669.97,4.4,13.428572,19.457144,6.7285714,71.52857,2.6714287,2.4285715,3.3714287,9.271428,16.314285,0.00017814338,0.021378964,-7.345365000000001e-25,0.0,0.0,True
1994-05-23,669.9,101.6,12.185715,15.871429,8.757143,87.44286,1.7714287,1.8000002,1.9285715,10.042857,15.342857,0.007784687,0.022015966,-7.345365000000001e-25,3.7252903e-09,0.0,True
1994-05-30,669.94,75.4,11.214286,15.942858,7.7571435,86.957146,2.142857,2.1285713,2.3142858,10.657143,15.685715,0.0014925599,0.016847834,-7.345365000000001e-25,0.0,0.0,True
1994-06-06,670.06,34.3,12.557143,18.114286,7.214286,75.200005,2.8571432,2.7571433,3.1000001,10.357142,16.12857,0.0011760294,0.01653602,-7.345365000000001e-25,3.7252903e-09,0.0,True
1994-06-13,670.15,56.0,11.1,16.2,6.8428574,80.72858,2.2,2.1285713,2.7,10.657143,14.671429,0.002458945,0.017335534,-7.345365000000001e-25,0.0,0.0,True
1994-06-20,670.28,16.0,15.857142,20.914288,10.328572,70.457146,3.242857,2.742857,3.9285715,9.685715,19.1,0.00041259825,0.017302543,-7.345365000000001e-25,0.0,0.0,True
1994-06-27,670.19,4.9,19.97143,25.714285,13.371429,70.75715,3.7857144,3.0714285,4.7285714,8.985714,23.342857,0.002319187,0.015727937,-7.345365000000001e-25,7.450581e-09,0.0,True
1994-07-04,670.16,89.8,20.84286,27.742859,13.957144,72.942856,4.1,3.1857142,5.042857,8.328571,25.585714,0.00376039,0.014172703,-7.345365000000001e-25,1.1175871e-08,0.0,True
1994-07-11,670.28,55.300003,16.857143,21.071428,12.771429,76.200005,3.142857,2.9857144,3.6000001,9.842857,21.085714,0.0011680126,0.0125052035,-7.345365000000001e-25,1.1175871e-08,0.0,True
1994-07-18,670.2,18.4,19.657145,25.785715,13.428572,73.1,3.4714284,2.957143,4.1857142,9.028571,24.042856,0.00016824901,0.011237428,-7.345365000000001e-25,1.1175871e-08,0.0,True
1994-07-25,670.05,20.7,18.828571,24.87143,13.228571,76.58572,3.1142857,2.742857,3.9142857,9.528571,23.057142,0.0014602989,0.010053843,-7.345365000000001e-25,7.450581e-09,0.0,True
1994-08-01,669.92,13.7,20.642857,27.742857,14.67143,74.15715,3.442857,3.0714288,4.4,8.914286,25.157143,0.0006110519,0.008925363,-7.345365000000001e-25,1.1175871e-08,0.0,True
1994-08-08,669.72,9.5,20.97143,28.5,14.185715,72.21429,3.757143,2.8857143,4.5571427,8.485714,25.6,9.779632e-05,0.007855527,-7.345365000000001e-25,1.1175871e-08,0.0,True
1994-08-15,669.48,24.599998,16.428572,22.385715,11.857142,77.64286,2.7714286,2.4,3.3999999,8.6,20.785715,0.0037693977,0.0069070905,-7.345365000000001e-25,3.7252903e-09,0.0,True
1994-08-22,669.26,52.100002,16.485714,22.242857,11.271429,79.42857,2.6142857,2.3857143,3.0,8.971429,19.614286,0.00084385276,0.006208837,-7.345365000000001e-25,9.313226e-09,0.0,True
1994-08-29,669.05,41.100002,15.714286,20.757143,12.028572,83.92857,2.2,1.9571428,2.6142857,9.885715,19.957144,0.001417622,0.00623852,-7.345365000000001e-25,3.7252903e-09,0.0,True
1994-09-05,668.84,38.0,14.228572,19.77143,9.257143,86.42857,1.6999999,1.6,2.142857,9.942857,18.242857,0.0010480583,0.00548023,-7.345365000000001e-25,5.5879354e-09,0.0,True
1994-09-12,668.68,70.3,13.957144,19.314287,10.028571,84.38572,1.8285713,1.8,2.1714284,10.4,16.857143,0.0022786558,0.0052975193,-7.345365000000001e-25,5.5879354e-09,0.0,True
1994-09-19,668.54,41.8,8.7,12.057143,6.328572,86.48572,1.0571429,1.0428572,1.2857143,10.957143,11.728572,0.002332911,0.0056185722,-7.345365000000001e-25,-1.8626451e-09,0.0,True
1994-09-26,668.42,14.6,13.842857,19.914288,7.8428574,84.971436,1.1428572,1.1,1.7571428,10.1285715,14.757143,0.00091822445,0.006058313,-7.345365000000001e-25,5.5879354e-09,0.0,True
1994-10-03,668.3245378928688,22.2,12.928572,17.728573,9.571428,91.44286,0.8142857,0.82857144,1.2428571,10.328571,14.857142,0.00032150745,0.0064088553,-7.345365000000001e-25,7.450581e-09,0.0,False
1994-10-10,668.1,6.9,3.7714288,10.0,-0.35714287,78.3,0.75714284,0.7428571,1.0857143,10.528571,7.1,0.00018666685,0.0067799017,0.0001303355,0.0003765151,0.0004801564,True
1994-10-17,667.95,0.0,8.171429,17.1,1.9428571,82.8,0.90000004,0.7714285,1.0714285,9.8714285,10.514286,3.0472875e-06,0.0069309548,1.6604152e-05,0.000103030354,0.0,True
1994-10-24,667.72,9.900001,6.3142858,13.057143,2.1000001,87.67143,0.68571424,0.6,0.85714287,9.685715,8.842857,8.08388e-05,0.006811537,-7.345365000000001e-25,6.146729e-08,0.0,True
1994-10-31,667.56,36.5,6.928571,11.028571,2.9714284,84.38572,0.8142857,0.8142857,1.0428572,10.457143,7.714286,0.00024846196,0.0066494644,-7.345365000000001e-25,1.8626451e-09,0.0,True
1994-11-07,667.4,8.7,8.042857,13.928572,3.6857145,89.57143,0.45714283,0.44285712,0.6571428,10.1285715,8.542857,8.72463e-05,0.0064720884,-7.345365000000001e-25,0.0,0.0,True
1994-11-14,667.25,58.300003,5.457143,8.3,2.3142858,92.51428,0.31428573,0.3,0.45714286,10.828571,7.0,0.0006223768,0.006315477,1.4038313e-05,5.9161335e-05,6.213412e-05,True
1994-11-21,667.21,53.2,6.4857144,10.2,3.5714285,90.314285,0.4857143,0.4857143,0.62857145,10.742857,7.0571427,0.0011230633,0.0068576112,2.3007393e-05,0.0001333002,0.00012963265,True
1994-11-28,667.17,3.8,5.142857,8.557143,2.1857142,91.700005,0.22857144,0.22857144,0.37142858,10.357142,6.6,0.00017598271,0.008044884,1.9243785e-06,6.3385814e-06,0.0,True
1994-12-05,667.12,24.400002,2.2142856,5.8285713,-1.1285714,91.04286,0.20000002,0.20000002,0.37142855,10.3714285,2.9714286,0.00019709766,0.008945115,5.9491113e-06,1.3636425e-05,1.50464475e-05,True
1994-12-12,667.04,36.399998,4.6857142,7.6857147,1.7714287,88.67143,0.40000004,0.40000004,0.54285717,11.028571,4.385714,0.0018505156,0.010069087,7.8905197e-07,2.2873282e-06,0.0,True
1994-12-19,667.06,19.2,0.31428576,3.614286,-2.557143,90.67143,0.15714288,0.15714288,0.27142859,10.542857,1.6428572,0.0002322644,0.011528999,0.001844531,0.0013919882,0.0044107214,True
1994-12-26,667.0251359887598,20.9,-2.7285714,-1.4285715,-3.9,90.057144,0.014285714,0.014285714,0.31428573,10.671429,0.32857144,7.1793795e-05,0.012474567,0.01530268,0.00086402334,0.015802033,False
1995-01-02,667.0250000000001,97.4,2.0428572,4.6857142,-0.5285715,90.114296,0.58000004,0.58000004,0.5285714,10.9,2.66,0.0021990538,0.015438728,0.009472336,0.016939782,0.025820218,True
1995-01-09,667.26,21.0,-8.042857,-4.0571427,-13.314286,88.54286,0.0,0.0,0.15714286,10.714286,0.35714287,0.0,0.017921872,0.030193778,0.0,0.008091953,True
1995-01-16,667.28,37.1,-5.114286,-1.1285714,-8.957144,90.44286,0.114285715,0.114285715,0.3,11.085714,0.22857143,3.7059188e-05,0.017610885,0.07697134,0.0003200285,0.053840764,True
1995-01-23,667.25,40.699997,-0.78571427,4.4428573,-6.928571,88.44286,0.5,0.5142857,0.59999996,10.442857,0.8428571,0.0014263317,0.01650533,0.08911981,0.019150633,0.010244973,True
1995-01-30,667.7,63.4,3.142857,5.8,-0.64285713,82.84286,0.90000004,0.90000004,0.88571423,11.071428,2.6571429,0.005485952,0.02149883,0.06929513,0.044817198,0.018810626,True
1995-02-06,668.43,4.8,1.7857143,5.657143,-2.1714287,87.08572,0.4,0.4,0.61428577,10.5,1.9428571,0.0011498034,0.030646354,0.046571452,0.030292317,0.00025862828,True
1995-02-13,668.83,40.2,4.571429,9.714286,0.90000004,82.057144,0.9142857,0.88571435,0.9857143,10.385715,4.9428573,0.0021608174,0.049716257,0.009430874,0.0260975,0.00039975718,True
1995-02-20,669.17,52.2,3.3142858,6.928571,-0.24285713,82.51429,0.84285724,0.82857144,1.0571429,10.828571,3.7714286,0.00080116093,0.04350862,0.0036301273,0.007626407,0.010155279,True
1995-02-27,669.2,47.2,1.4714286,5.285714,-1.4428571,88.1,0.64285713,0.64285713,0.7428571,10.757143,2.6,0.0011523142,0.033595465,0.0064840713,0.009801479,0.018806674,True
1995-03-06,669.66,22.9,0.5142857,5.7428575,-4.142857,79.24286,0.8142857,0.8285714,1.042857,10.528571,1.9857143,0.000353083,0.027908698,0.009988518,0.0119007025,0.015230592,True
1995-03-13,669.69,0.4,0.6571428,7.4,-5.414286,74.84286,1.1571429,1.0571429,1.2571429,10.171429,3.1,0.00032149255,0.023856007,0.009656679,0.014193265,0.001640223,True
1995-03-20,669.69,65.2,2.0285714,5.4,-0.82857144,84.471436,0.9714285,0.95714283,1.1428572,10.442857,3.6714287,0.0021701679,0.021069497,0.0053251074,0.0067093316,0.026932456,True
1995-03-27,669.94,42.8,2.7428572,7.8142858,-1.3714286,79.828575,1.2571429,1.1999999,1.5,10.857142,4.214286,0.0016074032,0.019501098,0.017121598,0.031617716,0.018268079,True
1995-04-03,670.12,54.5,0.78571427,5.357143,-4.8857145,80.21429,1.0142857,1.0285714,1.4428571,11.057143,3.5285714,0.0024569929,0.022580154,0.021843564,0.03482922,0.034595508,True
1995-04-10,670.47,4.3999996,7.142857,12.185715,2.3,72.828575,1.7428571,1.5571429,2.0,9.8714285,9.571428,0.00047664344,0.031112738,0.0016380945,0.008462625,0.0032404363,True
1995-04-17,670.54,23.1,3.5,6.357143,1.1857144,84.3,1.0142858,0.9571429,1.2142857,9.942857,5.9142857,0.00052399933,0.029076166,0.0014132885,0.0052855443,0.006113559,True
1995-04-24,670.54,7.2,9.557143,16.442858,3.4428573,74.77143,2.2142856,1.9285715,2.4714284,9.742857,10.757143,0.00028656423,0.025108658,0.0005455698,0.0037953965,0.0008025095,True
1995-05-01,670.4733966367029,88.0,9.157143,13.214286,5.714286,87.15715,1.4428571,1.4285716,1.8428571,10.471429,11.971429,0.0035553575,0.023508713,3.5195123e-07,3.1329691e-06,0.0,False
1995-05-08,670.65,18.9,12.957144,20.428572,4.3428574,62.92857,3.4714284,2.9285715,3.8,9.485714,16.842857,2.6419759e-05,0.019978188,-7.345365000000001e-25,0.0,0.0,True
1995-05-15,670.65,64.9,7.5,11.828572,3.5714285,82.01428,1.6857144,1.6428572,1.8428571,10.1285715,11.714286,0.005205378,0.018583447,0.001183453,0.0050248615,0.0069434755,True
1995-05-22,670.65,22.300001,8.6,12.828572,4.4714284,79.21429,1.9000002,1.8285713,2.2857144,10.828571,12.1,0.0006625578,0.016103014,0.0002532062,0.0020237304,2.7215108e-05,True
1995-05-29,670.52,34.5,15.2,21.528574,8.1285715,70.38572,3.1714284,2.8428571,3.642857,9.971429,18.785715,0.0053254664,0.015512176,2.78155e-07,2.592802e-06,0.0,True
1995-06-05,670.2896285274293,117.1,10.914286,14.428572,8.328572,88.12858,1.4285715,1.4285715,1.8857143,11.3714285,14.771428,0.02601032,0.044192716,-7.345365000000001e-25,0.0,0.0,False
1995-06-12,670.915,94.2,9.928572,13.442858,6.7714286,87.82857,1.4285715,1.442857,1.9285715,11.385715,13.771428,0.0032750815,0.04407064,-7.345365000000001e-25,0.0,0.0,True
1995-06-19,671.69,46.9,12.342857,16.928572,8.385715,79.5,2.2428572,2.2142856,2.8142858,11.1,15.2,0.001627788,0.039831586,-7.345365000000001e-25,0.0,0.0,True
1995-06-26,672.07,35.7,13.914286,18.2,9.442857,79.85714,2.3857143,2.2142856,2.9714284,10.257143,17.685715,0.0014975369,0.033236668,-7.345365000000001e-25,7.450581e-09,0.0,True
1995-07-03,672.09,21.5,18.385714,24.37143,11.814286,66.97143,4.028571,3.4142857,4.5,9.357142,22.2,0.0001244098,0.026211455,-7.345365000000001e-25,7.450581e-09,0.0,True
1995-07-10,671.97,0.0,18.242857,24.414288,11.914286,70.41429,3.5857143,2.9428573,4.2714286,9.085714,22.957144,2.4452806e-05,0.019828409,-7.345365000000001e-25,1.1175871e-08,0.0,True
1995-07-17,671.82,28.5,18.785715,24.571428,13.185715,74.557144,3.3428571,3.1142857,4.2428575,9.014286,23.557142,0.00016984344,0.015058227,-7.345365000000001e-25,1.1175871e-08,0.0,True
1995-07-24,671.53,16.900002,19.914288,25.414288,14.442858,72.74286,3.2571428,2.7285714,4.0857143,8.714286,23.571428,0.0011490881,0.011796489,-7.345365000000001e-25,1.8626451e-08,0.0,True
1995-07-31,671.31,22.8,19.414288,25.414288,13.785714,76.34286,3.4,2.7857144,4.0857143,8.528571,23.142857,0.0008056462,0.009501666,-7.345365000000001e-25,7.450581e-09,0.0,True
1995-08-07,670.98,30.5,18.242857,25.9,11.071428,68.54286,3.4285715,2.357143,4.2,7.714286,24.12857,3.8340688e-05,0.007867865,-7.345365000000001e-25,1.1175871e-08,0.0,True
1995-08-14,670.68,69.6,16.957144,21.4,13.414286,85.88572,2.0,1.8428572,2.5285714,8.557143,20.171429,0.00065127015,0.0067251623,-7.345365000000001e-25,7.450581e-09,0.0,True
1995-08-21,670.42,11.8,15.957144,21.242859,10.985715,81.17143,2.1,1.8571428,2.8142858,8.642858,19.457144,0.0007952601,0.0059247985,-7.345365000000001e-25,5.5879354e-09,0.0,True
1995-08-28,670.13,98.4,15.214286,19.742859,12.742858,85.614296,2.0714285,1.9285715,2.3999999,9.357142,18.4,0.009218246,0.0060803145,-7.345365000000001e-25,1.1175871e-08,0.0,True
1995-09-04,670.13,60.1,8.7,12.042857,6.4428573,87.61428,1.2142857,1.2571429,1.5,11.085714,11.4,0.0032902956,0.0070853755,-7.345365000000001e-25,0.0,0.0,True
1995-09-11,669.95,9.7,11.857142,18.742857,5.9428573,79.71429,1.6285714,1.6,2.2,10.142858,14.471429,0.0004542172,0.007018402,-7.345365000000001e-25,0.0,0.0,True
1995-09-18,669.69,27.7,12.185715,16.742857,7.714286,87.700005,1.1857144,1.1428572,1.6571429,10.271428,14.928572,0.00026203692,0.0073821843,-7.345365000000001e-25,1.8626451e-09,0.0,True
1995-09-25,669.47,33.7,9.314286,13.914286,5.6285715,88.71429,0.9142857,0.88571435,1.2857143,10.185715,12.585714,0.0010880828,0.008018337,-7.345365000000001e-25,0.0,0.0,True
1995-10-02,669.25,35.3,8.1,12.671428,4.0142856,84.37144,0.95714283,0.9428572,1.3714286,10.414286,10.314285,0.0012801737,0.008724205,9.678659e-06,4.8985705e-05,4.6718866e-05,True
1995-10-09,669.04,0.5,13.6285715,20.785715,8.685715,84.98572,1.1142857,1.0142857,1.5571429,9.957143,15.4,7.776916e-05,0.009620354,1.4759246e-07,1.3764948e-06,0.0,True
1995-10-16,668.76,0.2,12.5,18.157145,8.542857,89.58572,0.71428573,0.6285714,1.1571429,9.571428,14.885715,2.413988e-06,0.009677716,-7.345365000000001e-25,5.5879354e-09,0.0,True
1995-10-23,668.56,0.7,8.528571,14.885715,4.457143,87.114296,0.6,0.5285715,0.9714286,9.3,11.457143,1.257658e-05,0.0093741715,-7.345365000000001e-25,1.8626451e-09,0.0,True
1995-10-30,668.31,12.6,9.585714,16.042858,4.4714284,85.44286,0.7285714,0.64285713,0.90000004,9.171429,11.114285,6.765127e-05,0.008949719,-7.345365000000001e-25,1.8626451e-09,0.0,True
1995-11-06,668.08,42.5,1.7571429,5.014286,-1.1714287,90.98572,0.3,0.3,0.55714285,10.728572,5.114286,0.0010744855,0.00851734,0.0045859814,0.0017169155,0.012764793,True
1995-11-13,667.87,4.2,3.5857143,10.6285715,-1.5285714,85.82857,0.34285715,0.3285714,0.5428571,10.3,3.2428572,0.00021715462,0.008263186,0.005416297,0.010257592,0.00033787638,True
1995-11-20,667.78,105.6,2.057143,5.457143,-1.3142859,92.64286,0.21428573,0.21428573,0.4,11.242857,4.042857,0.0019560903,0.008693308,0.006914667,0.0007291697,0.026272807,True
1995-11-27,668.98,0.2,-1.5428572,5.957143,-6.1285715,88.0,0.14285715,0.14285715,0.21428572,10.528571,0.94285715,0.0003864169,0.008894831,0.018267887,0.016013486,2.1979213e-07,True
1995-12-04,667.95,16.7,-0.04285715,2.357143,-2.3142858,92.57143,0.08571429,0.10000001,0.3,10.4,1.2285714,0.00046163797,0.00982219,0.0117883,0.008077117,0.0091307685,True
1995-12-11,667.8,0.4,-3.9,0.4142857,-6.9000006,88.557144,0.028571429,0.028571429,0.2,10.314285,-0.31428573,8.435547e-05,0.010942809,0.010270772,0.0036314838,0.001181975,True
1995-12-18,667.63,18.300001,-3.557143,-0.7285714,-6.3142858,90.74286,0.014285714,0.014285714,0.25714287,10.442857,-0.12857144,0.00020372123,0.011120573,0.015305565,0.0046417788,0.014796179,True
1995-12-25,667.54,147.5,3.8571432,6.042857,1.4285715,93.38572,0.3285714,0.3285714,0.3857143,11.342857,1.5857143,0.0063653886,0.017867565,0.009875133,0.021354858,0.0036706962,True
1996-01-01,668.3489569640906,15.2,-4.785714,-1.6142857,-8.2,91.75715,0.0,0.0,0.18571429,11.233334,0.53333336,8.571148e-05,0.033101812,0.016178386,0.0030885302,0.017363455,True
1996-01-08,668.97,7.6000004,-2.4285715,1.3428571,-5.6857142,93.25715,0.042857144,0.057142857,0.2,10.328571,0.25714287,0.00022927672,0.029924229,0.013080313,0.006830387,0.00062973425,True
1996-01-15,668.7,0.1,0.39999995,5.2000003,-2.1857142,90.07143,0.15714286,0.15714286,0.25714287,10.3,0.4857143,0.00014132261,0.024812698,0.00530961,0.0068526138,4.015863e-06,True
1996-01-22,668.64,0.0,-4.0142856,0.55714285,-7.8142858,90.14286,0.028571429,0.028571429,0.27142859,10.2,-0.47142857,1.8626451e-05,0.020734847,0.0018654665,0.0009921882,1.3273209e-05,True
1996-01-29,668.49,0.0,-3.0857143,-0.6571428,-5.9857144,89.87144,0.014285714,0.014285714,0.35714287,10.157143,-1.5571429,1.1891127e-05,0.017528906,0.001289731,0.00041233003,0.000117819756,True
1996-02-05,668.32,4.2,-3.7000003,1.1,-6.928571,84.700005,0.12857144,0.114285715,0.41428572,10.1285715,-1.1428572,2.0310283e-05,0.014979824,0.00192544,0.0004342366,0.0033874884,True
1996-02-12,668.13,21.8,-3.6857145,0.5285715,-8.771429,86.71429,0.15714286,0.17142858,0.44285712,10.2,-1.4857143,4.734099e-05,0.012957193,0.0064754714,0.0024577286,0.008227259,True
1996-02-19,667.92,59.4,-1.0,1.4714286,-3.2714286,91.27143,0.3285714,0.34285715,0.5142857,10.8,0.042857144,6.3829124e-05,0.011344492,0.03519539,0.0011673309,0.046481777,True
1996-02-26,667.7,6.2000003,-4.9,1.3857143,-9.828572,79.07143,0.2857143,0.2857143,0.7285715,10.442857,0.042857144,0.00010614097,0.01005546,0.05506696,0.006721314,0.0045183524,True
1996-03-04,667.48,1.3,-3.957143,2.8428574,-9.257143,80.314285,0.4142857,0.39999995,0.8428572,10.057143,0.37142858,0.0002514422,0.009042732,0.040264685,0.014709173,0.008105777,True
1996-03-11,667.3,0.7,-1.9428571,3.8285716,-8.1,74.35714,0.5285714,0.51428574,1.0428572,9.885715,0.55714285,0.00029525906,0.0083107725,0.033152796,0.016238216,0.001256071,True
1996-03-18,667.1,0.0,-1.3285716,4.6714287,-7.0285716,81.71429,0.5,0.44285718,0.95714283,9.757143,1.1714286,0.00043120235,0.007776715,0.015142174,0.019851046,0.0016357452,True
1996-03-25,667.04,40.4,5.1857147,11.242858,0.85714287,84.64286,1.1571429,1.1,1.3857143,9.942857,5.8285713,0.0007392466,0.00759539,0.0011411735,0.0038878564,8.614361e-05,True
1996-04-01,667.21,23.4,1.1142857,5.442857,-2.5,82.54286,0.8,0.8285714,1.1571428,10.5,4.428571,0.0005905628,0.007358268,0.005271554,0.005127916,0.015507471,True
1996-04-08,667.0699524209604,9.7,2.5285716,7.8,-2.3428571,80.38572,0.98571426,0.9285714,1.4857142,10.285714,4.5285716,0.0004965216,0.0075496063,0.010433259,0.01725083,0.009893797,True
1996-04-15,667.03,39.899998,4.3285713,8.8714285,0.77142864,83.24286,1.1857144,1.1428571,1.5142858,10.1285715,7.742857,0.0012101084,0.007975228,0.0021965674,0.0062019024,0.008114733,True
1996-04-22,666.97,0.0,10.485715,19.228573,0.9142858,58.34286,3.1285717,2.4714286,3.357143,9.385715,13.314285,7.63759e-05,0.009075798,0.00054113637,0.0028343927,-3.7252903e-09,True
1996-04-29,666.87,12.799999,11.314286,16.414286,6.8428574,78.828575,2.0571427,1.685714,2.3428571,8.528571,14.285714,0.00023744255,0.008918278,1.1353266e-07,1.1399388e-06,0.0,True
1996-05-06,666.77,6.2,9.7,14.471429,4.7428575,78.17143,1.9857143,1.7428571,2.3857143,9.171429,13.071428,0.00028388202,0.008554988,-7.345365000000001e-25,0.0,0.0,True
1996-05-13,666.66,36.800003,9.557143,12.857142,6.071429,86.22858,1.3571428,1.2428571,1.7142857,9.428572,12.214286,0.0021177381,0.008754119,-7.345365000000001e-25,0.0,0.0,True
1996-05-20,666.55,26.7,12.3,16.9,8.042857,84.77143,1.8285714,1.7857144,2.2857144,10.685715,14.985714,0.0006599575,0.0079188645,-7.345365000000001e-25,0.0,0.0,True
1996-05-27,666.3566557462083,70.2,11.357142,16.242857,6.9000006,81.07143,2.4142857,2.414286,2.5285716,10.928572,14.728572,0.0039325133,0.008104473,-7.345365000000001e-25,3.7252903e-09,0.0,True
1996-06-03,666.405,5.2,13.900001,19.571428,7.714286,72.5,2.9571426,2.7285712,3.3428571,10.485714,17.757143,0.00089915097,0.0107821,-7.345365000000001e-25,0.0,0.0,True
1996-06-10,666.33,5.1000004,19.028574,25.657145,12.042857,71.88572,3.7142856,3.1142857,4.3857145,9.442857,22.457144,0.00018316507,0.010503821,-7.345365000000001e-25,1.1175871e-08,0.0,True
1996-06-17,666.22,5.6,17.1,23.485716,10.1285715,63.614285,3.985714,2.9857144,4.4714284,8.971429,22.571428,0.0007262379,0.009813495,-7.345365000000001e-25,0.0,0.0,True
1996-06-24,666.11,51.5,13.1,17.585714,8.757143,79.41429,2.5285714,2.0142856,2.9142857,9.057143,17.5,0.0033169985,0.009515211,-7.345365000000001e-25,0.0,0.0,True
1996-07-01,666.01,20.9,13.442858,17.47143,8.585714,77.64286,2.5714285,2.4428573,2.8714287,9.785714,16.928572,0.00054097176,0.008655466,-7.345365000000001e-25,0.0,0.0,True
1996-07-08,665.86,79.2,13.2,18.0,8.857143,82.38572,2.3285716,2.2714286,2.5571427,10.385715,16.8,0.0071579367,0.0131708905,-7.345365000000001e-25,3.7252903e-09,0.0,True
1996-07-15,665.85,28.1,15.271429,20.585714,9.828572,77.42857,2.7714288,2.5142858,3.4714284,10.9,18.87143,0.0028571486,0.020697482,-7.345365000000001e-25,0.0,0.0,True
1996-07-22,665.8,0.0,14.67143,20.9,7.571429,64.15714,3.4571426,2.6285713,3.8999999,8.985714,20.928572,4.976988e-06,0.019806862,-7.345365000000001e-25,0.0,0.0,True
1996-07-29,665.73,31.4,18.028572,24.4,11.885715,72.12858,3.4857142,2.857143,4.1285715,8.242857,21.8,0.00012414157,0.01643639,-7.345365000000001e-25,7.450581e-09,0.0,True
1996-08-05,665.64,46.2,16.128572,21.97143,11.342857,80.78571,2.7285714,2.4142857,3.357143,9.185715,20.585714,0.00040733814,0.013531394,-7.345365000000001e-25,1.8626451e-09,0.0,True
1996-08-12,665.55,37.8,16.6,21.814285,12.557143,83.200005,2.2857141,2.1714284,2.8714287,10.114285,20.4,0.0010306984,0.011331014,-7.345365000000001e-25,3.7252903e-09,0.0,True
1996-08-19,665.46,9.6,15.228572,20.77143,10.1,80.64286,2.2,2.0714285,2.885714,10.685715,18.285715,0.0002309084,0.00985802,-7.345365000000001e-25,3.7252903e-09,0.0,True
1996-08-26,665.39,30.9,15.6,20.757143,11.657144,84.328575,1.8857144,1.8285714,2.5,10.3,19.6,0.0018980503,0.008771598,-7.345365000000001e-25,0.0,0.0,True
1996-09-02,665.33,51.1,12.028572,15.871429,8.457143,84.0,1.4142858,1.4142858,1.9571428,10.785714,15.357142,0.0038173273,0.008617938,-7.345365000000001e-25,1.8626451e-09,0.0,True
1996-09-09,665.26,0.90000004,9.728571,14.842857,5.3428574,81.35714,1.2714287,1.1428573,1.9142857,10.214286,13.285714,8.1680715e-05,0.0077185705,4.9386705e-07,3.0733645e-06,3.3527613e-06,True
1996-09-16,665.18,46.4,8.314286,13.2,4.2714286,84.471436,1.2428571,1.1428572,1.6,10.471429,11.771428,0.0014220774,0.0078449175,1.291434e-05,8.920953e-05,9.148568e-05,True
1996-09-23,665.11,21.5,8.900001,12.342857,4.6142855,88.828575,0.7714285,0.75714284,1.1857144,10.342857,10.928572,0.00022154301,0.007259436,7.720221e-07,5.317852e-06,0.0,True
1996-09-30,665.03,3.8,8.785714,15.014287,3.6714287,82.54286,0.9714286,0.9714285,1.4428571,10.4,10.785714,0.0002567172,0.0072053075,-7.345365000000001e-25,7.450581e-09,0.0,True
1996-10-07,664.94,20.5,7.9428573,12.6,4.3714285,85.18572,0.8,0.78571427,1.1714286,10.442857,10.285714,0.00043673813,0.007148877,-7.345365000000001e-25,1.8626451e-09,0.0,True
1996-10-14,665.35,6.3999996,9.057143,14.214286,5.5,85.35714,0.67142856,0.62857145,1.0428572,10.228572,10.6285715,3.3155084e-05,0.007209681,-7.345365000000001e-25,0.0,0.0,True
1996-10-21,664.78,72.3,7.614286,10.2,4.5285716,91.40001,0.5571429,0.55714285,0.6857143,11.142858,8.585714,0.0024662018,0.008305103,-7.345365000000001e-25,3.7252903e-09,0.0,True
1996-10-28,664.79,17.4,6.7000003,13.0,1.7428572,85.48572,0.67142856,0.65714294,0.87142855,10.8,7.9857144,0.00016853213,0.011751786,-7.345365000000001e-25,1.8626451e-09,0.0,True
1996-11-04,664.79,34.0,6.4428573,12.6285715,2.4,81.685715,0.75714284,0.7714286,0.90000004,10.5,7.0857143,0.000994578,0.013488136,6.1932064e-06,2.4678186e-05,2.4400651e-05,True
1996-11-11,664.82,20.5,5.9,10.885714,1.4142857,79.12858,0.58571434,0.6,0.85714287,10.457143,5.5142856,0.00036278367,0.014017642,-7.345365000000001e-25,4.004687e-07,0.0,True
1996-11-18,664.86,31.8,3.0428574,5.571429,1.3571428,93.042854,0.22857144,0.22857144,0.40000004,10.971429,3.5285714,0.00083065033,0.014434293,0.0029103074,0.0039534755,0.010384072,True
1996-11-25,664.91,35.100002,-1.3999999,2.4428573,-5.714286,89.88572,0.3142857,0.3142857,0.35714287,10.642858,1.3142858,0.00016909838,0.015712984,0.015571713,0.0037827678,0.023783669,True
1996-12-02,664.95,87.0,-0.42857143,1.1571429,-2.8428571,93.41429,0.15714286,0.17142858,0.25714287,11.385715,0.5,0.00019946694,0.015703812,0.061321586,0.0027624778,0.07072461,True
1996-12-09,665.01,0.3,-2.9714286,2.3,-6.214286,90.22858,0.114285715,0.114285715,0.18571429,10.614285,0.32857144,2.6375055e-06,0.015250467,0.09829463,0.00012874231,0.0016241111,True
1996-12-16,665.03,13.9,-1.8285714,1.0285715,-4.9,95.58572,0.08571429,0.1,0.17142858,10.3714285,0.24285714,0.00013887137,0.014488086,0.09893729,0.0023726225,0.0010655671,True
1996-12-23,665.16,51.8,1.2142857,4.042857,-1.5285714,94.3,0.11428572,0.11428572,0.22857143,10.8714285,0.6857143,0.0009840801,0.013619788,0.09127177,0.01924283,0.0050770193,True
1996-12-30,665.43,4.0,-10.485715,-7.2571435,-12.642858,85.37142,0.0,0.0,0.2,10.8,0.12857144,1.4901161e-08,0.013346754,0.09138879,0.0,0.0030050091,True
1997-01-06,665.57,0.4,-6.2285714,-3.5285716,-9.571428,91.42857,0.0,0.0,0.20000002,10.3,0.0,5.9604645e-08,0.013129346,0.09356156,0.0,0.003264051,True
1997-01-13,665.65,0.0,-5.7714286,-1.1285714,-8.900001,89.57143,0.0,0.0,0.18571429,10.3,0.014285714,0.0,0.012660511,0.095163025,0.0,0.0001590997,True
1997-01-20,665.72,2.5,-3.114286,5.7571425,-8.685714,82.28571,0.15714286,0.17142858,0.27142859,10.171429,0.08571429,4.3854117e-05,0.012008138,0.09520213,0.0010926407,0.00028307363,True
1997-01-27,665.74,0.70000005,0.7,4.1714287,-1.6285715,91.185715,0.15714286,0.15714286,0.3285714,10.157143,0.2857143,0.00039491057,0.011259362,0.08537725,0.020237867,0.00014048815,True
1997-02-03,665.73,0.0,-2.6857142,0.90000004,-5.6285715,87.92857,0.042857144,0.057142857,0.35714287,10.085714,-0.042857144,4.8831105e-05,0.010610752,0.0744537,0.0024409257,5.4061413e-05,True
1997-02-10,665.68,9.3,1.0428572,8.142858,-4.1714287,70.75715,0.7285714,0.67142856,0.8142857,9.971429,0.78571427,0.00049059093,0.010078631,0.06762613,0.018399598,0.0025376007,True
1997-02-17,665.56,51.4,1.9,6.1285715,-1.9142858,87.21429,0.6571428,0.6714286,0.7285715,10.714286,2.1,0.0034218505,0.013479106,0.038976096,0.036667872,0.017577954,True
1997-02-24,665.91,18.9,4.257143,9.285714,-0.42857143,73.14286,1.0857142,1.042857,1.3285714,10.6,3.642857,0.0017602742,0.017377779,0.027536813,0.030905116,0.005834218,True
1997-03-03,666.12,41.7,6.228572,11.942858,1.2857143,78.5,1.3142856,1.2714287,1.4285715,10.485714,6.1,0.0023176372,0.029524297,0.005950672,0.019444613,0.009422533,True
1997-03-10,666.23,4.8,5.4857144,11.8714285,1.2142857,83.314285,0.94285715,0.9285714,1.1428572,10.185715,6.742857,0.00029152632,0.030434549,0.0002715474,0.0012319535,7.396191e-05,True
1997-03-17,666.24,11.8,7.2571435,12.571428,2.3857143,78.114296,1.3714286,1.2,1.4857142,9.671429,8.257143,0.0003215745,0.026158534,3.5308656e-06,2.0127743e-05,0.0,True
1997-03-24,666.24,39.5,2.8714287,7.5,-0.8428572,86.1,0.9142858,0.8571429,1.0714285,10.0,4.9714284,0.00089901686,0.022098958,0.005393488,0.010857886,0.014347587,True
1997-03-31,666.143424840563,33.3,4.514286,8.514285,0.9714287,83.15715,1.0428572,1.0142857,1.3714286,10.428572,5.8428574,0.0019556656,0.02013132,0.0038235132,0.010463459,0.011466626,False
1997-04-07,666.25,21.8,5.142857,11.142858,-0.37142855,72.77143,1.8714284,1.7571429,1.8142856,10.157143,7.9,0.0012518466,0.020056173,0.0012420019,0.0062874705,0.0019340627,True
1997-04-14,666.21,3.6,5.6285715,12.428572,-1.3285714,63.57143,2.1142857,1.9,2.2857144,9.757143,8.557143,0.00015425682,0.018726677,0.00051767484,0.0015043225,0.00157208,True
1997-04-21,666.15,10.0,2.3714287,8.385715,-2.614286,69.942856,1.5285715,1.3,1.8428571,9.3714285,7.0142856,0.00026024133,0.01746086,0.002377913,0.0045736954,0.008246563,True
1997-04-28,666.08,32.1,6.828572,12.585715,1.3999999,71.35714,2.114286,1.8857144,2.2571428,9.228572,10.185715,0.00065116584,0.01568406,0.0011386417,0.0036312342,0.00012798607,True
1997-05-05,666.04,36.4,9.757143,16.328571,4.785714,79.057144,2.3285716,2.1,2.542857,9.8714285,12.928572,0.0012804419,0.014687084,6.584894e-07,6.146729e-06,0.0,True
1997-05-12,665.97,40.3,7.5,14.6,2.0285716,78.6,2.142857,1.9285715,2.4142857,9.657143,11.442857,0.0002904907,0.0134849325,6.4526284e-05,0.00032669678,0.00032318383,True
1997-05-19,666.2215525260845,18.5,15.614286,23.814287,8.014286,71.47143,3.3285713,2.6285713,3.7285714,8.742857,19.857143,0.00021208078,0.012341216,1.1920929e-07,1.3299286e-06,0.0,True
1997-05-26,665.8499999999999,19.4,12.085715,16.714287,6.8857145,73.27143,2.6571429,2.2142856,2.9857142,8.485714,16.057142,0.00031536818,0.011090137,-7.345365000000001e-25,0.0,0.0,True
1997-06-02,665.69,4.7,11.085714,16.142857,5.557143,61.985718,3.1000001,2.0714285,3.3428571,7.3714285,16.285715,1.0564923e-05,0.009853542,-7.345365000000001e-25,0.0,0.0,True
1997-06-09,665.58,28.0,15.828572,22.057144,9.814286,75.14286,3.0,2.457143,3.642857,7.3714285,19.6,0.00041803718,0.008733004,-7.345365000000001e-25,3.7252903e-09,0.0,True
1997-06-16,665.46,41.8,17.257143,23.185715,12.114286,74.32857,3.2,2.7571428,3.5,7.3714285,21.142857,0.00023339689,0.0077076703,-7.345365000000001e-25,3.7252903e-09,0.0,True
1997-06-23,665.33,65.6,11.828572,16.014286,9.2,85.64286,2.2428572,2.1857142,2.357143,8.657143,16.285715,0.002077952,0.0075984,-7.345365000000001e-25,0.0,0.0,True
1997-06-30,665.23,42.4,13.0,17.085714,10.1,86.44286,2.114286,2.1714287,2.4714284,10.385715,16.442858,0.010139465,0.009192936,-7.345365000000001e-25,0.0,0.0,True
1997-07-07,665.14,96.5,13.6,17.514286,10.028572,82.21429,2.0428572,2.0571427,2.5,11.028571,16.9,0.006198898,0.010549031,-7.345365000000001e-25,0.0,0.0,True
1997-07-14,665.1,14.4,16.342857,22.942858,9.942858,73.77143,2.9,2.8,3.7142856,10.4,20.357143,0.00035189837,0.01600872,-7.345365000000001e-25,3.7252903e-09,0.0,True
1997-07-21,665.32,89.9,14.3,18.914288,10.142858,84.41429,2.2142856,2.1571426,2.6285713,10.928572,18.257143,0.008429468,0.024353027,-7.345365000000001e-25,3.7252903e-09,0.0,True
1997-07-28,665.77,43.3,15.771429,21.071428,10.842857,82.08572,2.642857,2.5571427,3.1857142,10.457143,20.014286,0.0014858022,0.030081294,-7.345365000000001e-25,7.450581e-09,0.0,True
1997-08-04,666.14,20.3,15.871429,21.5,10.6285715,79.98572,2.4857142,2.2714286,3.042857,9.857142,19.971428,0.00037579238,0.026647083,-7.345365000000001e-25,0.0,0.0,True
1997-08-11,666.3,18.7,18.828571,24.7,12.742857,74.92857,2.8857143,2.4285715,3.557143,9.285714,22.428572,0.0008484423,0.02222082,-7.345365000000001e-25,1.4901161e-08,0.0,True
1997-08-18,666.4,5.2,18.285715,24.571428,12.542857,77.37144,2.6857142,2.1000001,3.4714284,8.414286,23.028572,0.00010212511,0.017982952,-7.345365000000001e-25,7.450581e-09,0.0,True
1997-08-25,666.39,0.1,18.028572,26.357143,10.714286,71.37143,2.757143,2.0285714,3.5571427,8.042857,22.885714,1.17868185e-05,0.014581904,-7.345365000000001e-25,3.7252903e-09,0.0,True
1997-09-01,666.33,48.0,15.642858,22.300001,11.085714,82.9,2.1142857,1.9571428,2.6000001,8.885715,19.385714,0.00047332793,0.011931047,-7.345365000000001e-25,5.5879354e-09,0.0,True
1997-09-08,666.25,10.7,16.357143,22.02857,11.957144,83.27143,1.7714285,1.5571429,2.2285714,9.171429,20.042856,0.00025722384,0.010138206,-7.345365000000001e-25,9.313226e-09,0.0,True
1997-09-15,666.15,36.199997,12.442858,19.385715,7.4000006,79.98572,1.8,1.6000001,2.2428572,9.3714285,16.77143,0.00019878149,0.008800253,-7.345365000000001e-25,1.8626451e-09,0.0,True
1997-09-22,666.04,3.5,12.157143,19.600002,6.1285715,81.42857,1.642857,1.4142857,2.0,9.071428,16.257143,3.747642e-05,0.0077570453,-7.345365000000001e-25,1.8626451e-09,0.0,True
1997-09-29,665.91,0.0,10.5,19.27143,4.2714286,80.457146,1.4,1.1142857,1.7142857,8.542857,15.085714,4.4703484e-08,0.0069017336,-7.345365000000001e-25,1.8626451e-09,0.0,True
1997-10-06,665.52,0.0,12.042857,19.27143,6.428571,77.0,1.2714285,1.0,1.7285715,8.214286,14.742857,8.006394e-05,0.0061819255,-7.345365000000001e-25,7.450581e-09,0.0,True
1997-10-13,665.61,85.9,11.985715,16.214285,8.471429,80.42857,1.1,0.95714283,1.4857142,9.2,13.214286,0.0027772635,0.0055766627,2.367156e-06,1.0659918e-05,8.388981e-05,True
1997-10-20,665.51,34.8,5.9857144,10.571428,2.0142858,91.54286,0.5714286,0.5857143,0.71428573,10.8714285,8.642858,0.000514403,0.005251318,0.0006320079,0.0025441796,0.002447866,True
1997-10-27,665.39,0.5,3.642857,7.3857145,1.1714287,87.21429,0.35714287,0.34285715,0.64285713,10.085714,5.9142857,9.715557e-06,0.005115561,1.5888896e-05,4.8832968e-05,5.5056065e-05,True
1997-11-03,665.33,0.0,-0.30000004,7.514286,-5.514286,75.74286,0.5285714,0.47142857,0.6571428,9.9,2.0428572,4.61936e-07,0.004992388,2.457982e-05,2.4942681e-05,4.0978193e-08,True
1997-11-10,665.12,9.4,5.585715,12.228572,0.6714286,83.314285,0.54285717,0.51428574,0.6857143,9.828571,5.8428574,4.954636e-05,0.0048605874,2.1117073e-06,8.326024e-06,8.121133e-07,True
1997-11-17,664.97,17.1,3.0,6.785714,-1.0,89.457146,0.2857143,0.2857143,0.44285718,10.1285715,3.8714285,0.00014384091,0.004732564,2.0384789e-05,3.9219856e-05,4.798919e-05,True
1997-11-24,664.85,5.5999994,1.0,4.728572,-2.0,90.74286,0.17142858,0.15714286,0.32857147,10.1,1.5571429,5.0082803e-05,0.004608169,9.4447816e-05,0.00014777482,0.00023948401,True
1997-12-01,664.7,12.2,2.1142857,5.7571435,-1.5285715,91.457146,0.20000002,0.20000002,0.31428573,10.114285,2.2571428,0.0001322329,0.0044899434,9.349414e-05,0.0001284182,0.0009463355,True
1997-12-08,664.57,32.3,-2.3857143,0.78571427,-5.571429,90.9,0.057142857,0.057142857,0.22857143,10.685715,0.6571429,7.659942e-05,0.0043841153,0.010909728,0.0036126357,0.013579357,True
1997-12-15,664.48,84.4,2.2714286,5.085714,-0.114285745,91.88572,0.2857143,0.2857143,0.3285714,11.271428,2.2857144,0.0017677099,0.0048688427,0.0091634365,0.011406872,0.022762805,True
1997-12-22,664.46,79.8,-0.4,1.8285714,-3.3,91.542854,0.08571429,0.10000001,0.25714287,11.1,0.5,0.0020455122,0.006901853,0.020062707,0.014287904,0.019801222,True
1997-12-29,664.82,31.5,2.7428572,5.614286,0.24285719,87.5,0.35714284,0.35714284,0.61428577,10.9,2.0857143,0.0012766421,0.009879589,0.014305359,0.024658712,0.007606577,True
1998-01-05,664.99,33.4,2.4,7.0285716,-1.8428572,83.200005,0.2,0.2,0.6571428,10.45,0.2,0.0005207062,0.013586536,0.0068271956,0.009104457,0.0005848445,True
1998-01-12,665.21,6.8,3.3285716,11.228571,-0.88571435,76.1,0.62857145,0.61428577,0.5714286,10.514286,2.2571428,0.0002886653,0.014687479,0.0016508272,0.0045765974,0.0011650659,True
1998-01-19,665.29,33.8,1.5428572,5.7000003,-2.5714285,88.24286,0.4714286,0.4714286,0.42857143,10.357142,1.3714286,0.00032250583,0.014937371,0.0023942562,0.0021076929,0.011588167,True
1998-01-26,665.37,22.9,-3.3285716,-1.4,-4.5,88.65714,0.028571429,0.028571429,0.35714287,10.785714,0.2857143,1.8924475e-06,0.014630638,0.026823515,4.498288e-05,0.021016307,True
1998-02-02,665.41,0.0,-4.8285713,-0.8142857,-9.185715,84.68572,0.0,0.0,0.34285715,10.3,0.071428575,5.9515238e-05,0.014093742,0.027804926,0.003057262,0.00023659691,True
1998-02-09,665.39,0.8,-3.9857142,3.914286,-10.028571,76.65715,0.35714287,0.32857147,0.5285714,10.171429,-0.18571429,0.00020076334,0.013345055,0.02101799,0.010249339,0.0021421984,True
1998-02-16,665.36,1.6,3.857143,13.457144,-2.1285715,70.92857,1.0285714,0.90000004,1.1428572,9.828571,2.0285714,0.00031372905,0.012534,0.0056984425,0.014291568,0.0,True
1998-02-23,665.29,21.9,4.0142856,12.300001,-0.34285712,78.67143,0.90000004,0.7714286,0.94285715,9.7,4.9714284,0.0004721284,0.011849828,0.00060854637,0.0019389763,0.0034508593,True
1998-03-02,665.38,21.9,4.2428575,7.971429,1.1857144,83.84286,0.7714286,0.7714286,0.88571423,10.185715,4.857143,0.000245288,0.01133728,0.0024989105,0.0050717928,0.008934664,True
1998-03-09,665.33,57.100002,5.1285715,10.357142,0.65714294,69.9,1.5857143,1.5285714,1.8,10.6285715,4.8428574,0.001745984,0.010982268,0.001992044,0.006858336,0.006776724,True
1998-03-16,665.41,43.399998,0.18571429,3.2142856,-2.9714284,87.14286,0.51428574,0.50000006,0.8142857,10.8,2.0,0.0012982339,0.012213863,0.0077748187,0.013119778,0.01852272,True
1998-03-23,665.54,42.699997,1.3285714,4.2714286,-1.2857143,83.314285,0.71428573,0.71428573,0.95714283,10.842857,3.6714287,0.0005887598,0.016393915,0.008753765,0.010564525,0.028506078,True
1998-03-30,665.58,0.0,3.414286,10.914286,-3.9,71.88572,1.3428571,1.2142857,1.6857144,10.3714285,4.757143,0.00073337555,0.018877536,0.016344825,0.027755134,0.0018250085,True
1998-04-06,665.5,23.400002,8.7,14.585715,4.4285717,76.34286,1.5285714,1.4,1.942857,9.7,10.3,0.0003323108,0.018296637,9.169465e-05,0.00069864467,0.0,True
1998-04-13,665.9163137307688,34.9,4.3428574,10.1285715,0.14285715,79.72858,1.5142857,1.4571428,1.6999999,9.9,7.5,0.00040608644,0.017317146,0.0024424735,0.0048739165,0.02140826,False
1998-04-20,665.5799999999999,12.3,4.157143,9.614286,-0.5714286,73.78571,1.5857143,1.5142858,1.8857143,9.9,6.3428574,0.0006272048,0.016182974,0.0064941985,0.018674467,0.0034119003,True
1998-04-27,665.62,12.200001,11.285714,17.914288,5.0285716,73.24286,2.4857142,2.1857145,2.857143,9.185715,13.8,0.0002104491,0.015174344,0.00012329078,0.0009251125,0.0,True
1998-05-04,665.61,45.1,8.385715,13.071428,4.785714,82.814285,1.6428573,1.5142858,1.9142857,9.685715,11.728572,0.0012904555,0.014060922,1.6734713e-05,0.00010365993,0.000101447105,True
1998-05-11,665.59,0.90000004,13.528572,20.728573,5.5,64.62858,3.2142856,2.5428574,3.6714287,9.528571,16.6,1.4990568e-05,0.013129428,-7.345365000000001e-25,4.0978193e-08,0.0,True
1998-05-18,665.54,4.7999997,13.842857,20.557144,6.6285715,58.585716,3.6571429,2.6142857,3.9714284,7.9857144,18.857143,3.9711595e-05,0.011727229,-7.345365000000001e-25,0.0,0.0,True
1998-05-25,665.51,10.2,11.214286,16.914286,4.9857144,67.71429,2.4285715,1.4857146,2.857143,7.3428574,15.971429,0.00019827485,0.010318391,-7.345365000000001e-25,0.0,0.0,True
1998-06-01,665.4466184453664,16.900002,13.785714,20.114286,8.928572,73.42857,2.857143,2.1857142,3.2285714,7.1714287,17.77143,0.00027263165,0.009056583,-7.345365000000001e-25,3.7252903e-09,0.0,True
1998-06-08,665.3399999999999,19.5,17.87143,25.414288,11.471429,68.65714,3.557143,2.8999999,4.1714287,7.214286,22.014286,0.00030368567,0.007880211,-7.345365000000001e-25,7.450581e-09,0.0,True
1998-06-15,665.19,99.7,10.942858,16.514286,6.285714,79.84286,2.1571429,2.085714,2.5,9.6285715,15.385715,0.0029634535,0.007102497,-7.345365000000001e-25,3.7252903e-09,0.0,True
1998-06-22,665.1,2.0,16.057142,22.257143,10.171428,66.328575,3.5285716,2.9857142,4.157143,9.642858,19.585714,7.507205e-05,0.0065839067,-7.345365000000001e-25,3.7252903e-09,0.0,True
1998-06-29,665.0,16.2,17.528572,22.885714,12.828572,75.557144,3.2285714,2.7428572,3.7142856,8.685715,22.12857,0.00010659546,0.006109044,-7.345365000000001e-25,7.450581e-09,0.0,True
1998-07-06,664.9,37.0,15.871429,19.957144,12.014285,78.64286,2.5714285,2.3285713,3.0142858,8.942857,19.242857,0.0006547943,0.0056883097,-7.345365000000001e-25,7.450581e-09,0.0,True
1998-07-13,664.78,38.0,14.742858,19.314285,10.757143,77.98572,2.7285714,2.5142856,2.857143,9.285714,17.314285,0.0038349181,0.005700849,-7.345365000000001e-25,1.1175871e-08,0.0,True
1998-07-20,664.66,7.3,17.385715,22.928572,11.542857,71.34286,3.5285716,2.8714283,3.9857142,8.6285715,20.4,0.00031918287,0.0051933452,-7.345365000000001e-25,7.450581e-09,0.0,True
1998-07-27,664.54,32.0,19.285715,24.557144,14.471429,77.24286,3.042857,2.5857143,3.2857144,8.271428,22.785715,0.0013334602,0.0049692765,-7.345365000000001e-25,7.450581e-09,0.0,True
1998-08-03,664.42,22.1,16.442858,20.785715,12.842857,82.32857,2.3285713,2.2857146,2.7857144,9.228572,19.028572,0.00021332502,0.0048197284,-7.345365000000001e-25,7.450581e-09,0.0,True
1998-08-10,664.32,4.7,18.328571,26.142857,11.385715,72.1,3.3999996,2.9428573,3.957143,8.828571,22.414286,5.121529e-05,0.004660487,-7.345365000000001e-25,1.8626451e-09,0.0,True
1998-08-17,664.2,4.3,19.914288,27.600002,13.400001,66.58572,3.5428574,2.7142856,4.2714286,7.6571426,24.014286,0.00015811622,0.0043844134,-7.345365000000001e-25,3.7252903e-09,0.0,True
1998-08-24,664.08,67.8,15.614286,19.757143,12.257143,80.35714,2.1714284,1.8714286,2.457143,7.857143,18.842857,0.0048732013,0.0042367205,-7.345365000000001e-25,7.450581e-09,0.0,True
1998-08-31,663.99,1.6,11.971429,17.128572,6.8857145,75.35714,1.6999999,1.4285715,2.3714287,8.514286,15.271428,0.00014735758,0.004023351,-7.345365000000001e-25,1.8626451e-09,0.0,True
1998-09-07,663.87,68.0,14.685715,20.285715,10.057143,86.27143,1.6142856,1.5571429,1.8857144,8.971429,16.928572,0.0027227253,0.0039777234,-7.345365000000001e-25,7.450581e-09,0.0,True
1998-09-14,663.77,86.4,11.757143,15.942858,8.500001,83.814285,1.4428571,1.3857143,1.8142856,10.557143,14.3714285,0.0037837476,0.0065616295,1.1977695e-06,1.1321157e-05,1.6570091e-05,True
1998-09-21,663.78,29.999998,9.714286,13.442858,6.1285715,83.22857,1.3142856,1.3000001,1.542857,10.857142,11.085714,0.0026429594,0.010190964,4.7116052e-07,5.9772283e-06,0.0,True
1998-09-28,663.74,13.0,11.814286,18.457142,7.1,82.78571,1.1857144,1.0571429,1.5571429,9.942857,13.742857,5.543232e-05,0.012692459,-7.345365000000001e-25,0.0,0.0,True
1998-10-05,663.69,37.9,9.8714285,13.485715,6.871429,89.41429,0.7,0.7,0.98571426,10.814285,12.057143,0.00111866,0.01238437,-7.345365000000001e-25,1.8626451e-09,0.0,True
1998-10-12,663.69,46.3,8.671429,11.357142,6.6,88.971436,0.59999996,0.59999996,0.87142855,10.985714,9.828571,0.00095301867,0.01219321,-7.345365000000001e-25,3.7252903e-09,0.0,True
1998-10-19,663.66,24.199999,9.271429,13.6,6.2571425,85.557144,0.7857143,0.7857143,1.0857142,10.485714,10.357142,0.00097088516,0.013677828,-7.345365000000001e-25,1.8626451e-09,0.0,True
1998-10-26,663.68,57.4,7.2714286,12.257143,2.9285715,79.685715,1.0285715,1.0142857,1.0142857,10.671429,8.085714,0.003255397,0.016078971,1.1813073e-05,5.776249e-05,0.00032536313,True
1998-11-02,663.79,75.1,6.5,10.157144,3.0285716,81.5,0.99999994,0.99999994,1.2428571,11.528571,6.1857142,0.0044095814,0.02736307,0.00061854295,0.0028328113,0.0028673895,True
1998-11-09,664.22,69.6,4.114286,8.285714,0.42857143,85.24286,0.5142857,0.5142857,0.67142856,11.257143,4.4857144,0.0020705909,0.051902086,0.00037622452,0.0010874365,0.00077054463,True
1998-11-16,664.81,94.8,2.1857142,5.1714287,0.085714296,89.25715,0.37142855,0.37142855,0.41428572,11.414286,3.1142857,0.0028844327,0.04740315,0.0059212903,0.0027957056,0.034145337,True
1998-11-23,665.6,6.7,-7.3714285,-3.0714285,-11.828572,85.700005,0.0,0.0,0.22857143,10.842857,0.34285715,2.0340085e-06,0.037432313,0.03700837,0.00010312721,0.008036986,True
1998-11-30,665.98,15.5,-2.4714284,0.9571429,-5.5285716,90.12858,0.042857144,0.042857144,0.27142859,10.385715,0.08571429,3.6619604e-05,0.02810575,0.042865675,0.0015925858,0.01383771,True
1998-12-07,666.2,54.8,-4.6714287,-2.3714287,-6.957143,90.42857,0.0,0.0,0.31428573,10.557143,0.15714286,2.9802322e-08,0.0216714,0.05778562,0.0,0.034251016,True
1998-12-14,666.34,54.9,-0.5999999,2.3857143,-4.6857142,89.17143,0.22857143,0.22857143,0.42857143,11.071428,0.47142857,0.0024690256,0.017690927,0.087159,0.032732844,0.015913554,True
1998-12-21,666.77,8.700001,0.4,6.071429,-2.7857144,81.28571,0.2857143,0.2857143,0.42857143,10.385715,0.8,0.0003386289,0.015344493,0.06262309,0.0123533625,0.0050245672,True
1998-12-28,667.05,2.3999999,-0.37142858,4.7000003,-5.657143,79.82857,0.25714287,0.25714287,0.61428577,10.271428,0.34285715,0.00013568997,0.014363296,0.06340312,0.0068641156,0.0038502514,True
1999-01-04,667.17,9.5,1.542857,7.9000006,-2.2428572,79.542854,0.16666667,0.16666667,0.41428572,10.1,0.46666667,0.00071017444,0.013452619,0.052345254,0.023932002,0.0005463548,True
1999-01-11,667.36,47.8,2.1714287,6.7000003,-1.0000001,83.98572,0.4857143,0.47142857,0.5142857,10.485714,2.2142856,0.0018876046,0.016038552,0.023054752,0.023085643,0.008865658,True
1999-01-18,667.58,22.2,-1.6000001,3.7000003,-6.142857,80.44286,0.44285712,0.4142857,0.6,10.414286,0.37142858,0.00018437952,0.017943516,0.030746773,0.0075555537,0.013588954,True
1999-01-25,667.65,1.3,-0.8571429,8.828572,-7.142857,72.48572,0.42857143,0.37142858,0.42857143,10.028571,0.34285715,0.00039036572,0.01780454,0.018462023,0.016216658,4.4703484e-08,True
1999-02-01,667.65,59.8,-4.8428574,-1.2285715,-8.042857,88.11428,0.15714286,0.15714286,0.3857143,11.028571,0.5,0.00074300915,0.017374374,0.040957775,0.0023506228,0.04925924,True
1999-02-08,667.65,58.3,-1.2857143,1.1714286,-4.7571435,89.77143,0.3,0.3,0.4857143,10.928572,0.27142859,0.00037869066,0.016747437,0.0690289,0.00902975,0.049971882,True
1999-02-15,667.61,20.0,-8.714286,-3.5857143,-13.614286,86.48572,0.014285714,0.014285714,0.34285715,10.985714,0.18571429,0.0,0.016026407,0.118995346,0.0,0.025176667,True
1999-02-22,667.63,143.7,0.78571427,2.9,-2.3428571,91.58572,0.29999998,0.29999998,0.4857143,11.485714,0.5285714,0.0076564476,0.023414157,0.14221111,0.030387193,0.050195333,True
1999-03-01,668.99,22.5,-0.51428574,4.0142856,-4.7999997,87.14286,0.5142857,0.5,0.7285714,11.071428,0.6142857,0.00042127073,0.03196886,0.1661623,0.013582027,0.024902914,True
1999-03-08,670.14,39.9,1.7857143,5.914286,-1.2428571,84.700005,0.84285706,0.84285706,0.95714283,10.514286,2.7428572,0.002610162,0.04113795,0.1356704,0.03981889,0.021526758,True
1999-03-15,670.88,16.5,5.1857142,12.457144,0.08571429,78.328575,1.1285714,1.1,1.4142857,10.685715,6.042857,0.0045386925,0.047537662,0.11096488,0.07749654,0.00241692,True
1999-03-22,671.48,25.6,1.5571429,6.1857142,-1.8285714,81.6,1.0714285,0.9714285,1.1571429,9.985714,4.242857,0.0009966642,0.059279867,0.05771225,0.024805563,0.0097848885,True
1999-03-29,671.71,14.6,5.014286,10.442858,1.2857143,79.3,1.2571429,1.1571429,1.4571428,10.1,6.6857142,0.00257802,0.04811325,0.03794543,0.046161562,0.010315042,True
1999-04-05,671.8832930321945,12.2,7.957143,14.17143,3.0142858,75.01429,1.5857143,1.3857143,1.8428571,9.585714,9.528571,0.0009927154,0.047209606,0.0051294565,0.017435502,0.0,True
1999-04-12,671.8199999999999,51.2,6.4857144,11.857142,2.3285716,81.04286,1.4285715,1.3999999,1.6571429,10.6285715,8.728572,0.0010510832,0.036858946,7.456825e-05,0.00041273423,0.00015717372,True
1999-04-19,671.97,57.9,2.2714286,6.357143,0.2857143,87.87144,1.3000001,1.3000001,1.3714285,10.657143,5.242857,0.0011695772,0.028931968,0.0069227787,0.016773894,0.024278216,True
1999-04-26,672.05,16.6,8.6285715,13.657144,3.3857143,77.25714,2.0000002,1.9714286,2.1571429,10.385715,10.642858,0.0005162358,0.024094008,0.0015471777,0.008232076,4.1276217e-06,True
1999-05-03,671.97,20.5,12.557143,18.942858,5.3142858,72.77143,2.6000001,2.3,2.857143,9.857142,14.928572,0.00048570335,0.02069366,7.322856e-07,6.303191e-06,0.0,True
1999-05-10,671.82,70.7,12.900001,18.157145,8.071428,79.37144,2.085714,1.9714285,2.385714,9.885715,15.528571,0.001189284,0.017680384,-7.345365000000001e-25,3.7252903e-09,0.0,True
1999-05-17,672.3,124.0,11.214286,14.571428,8.242857,84.22858,1.6571428,1.6571429,1.8714286,11.571428,13.8,0.0052041337,0.022578657,-7.345365000000001e-25,0.0,0.0,True
1999-05-24,673.92,148.09999,11.285714,15.871429,7.3857145,84.98572,1.8999999,1.8999999,2.3,11.1,13.957143,0.025135294,0.051305115,-7.345365000000001e-25,0.0,0.0,True
1999-05-31,675.35,23.900002,18.542858,25.87143,11.085714,64.542854,4.0142856,3.4714284,4.3857145,9.885715,21.442858,0.00035066903,0.049694493,-7.345365000000001e-25,3.7252903e-09,0.0,True
1999-06-07,676.01,92.2,14.728572,21.042858,9.971429,76.38572,3.0285718,2.914286,3.3714287,9.8,18.928572,0.0040757135,0.03052169,-7.345365000000001e-25,3.7252903e-09,0.0,True
1999-06-14,676.32,58.5,13.014287,17.671429,8.385715,80.700005,2.2428572,2.2142856,2.6142857,10.9,16.6,0.0030199066,0.023119144,-7.345365000000001e-25,3.7252903e-09,0.0,True
1999-06-21,676.36,43.0,12.528572,17.6,8.157144,82.6,2.3285713,2.2714283,2.7285714,10.571428,17.0,0.0035284758,0.019549444,-7.345365000000001e-25,3.7252903e-09,0.0,True
1999-06-28,676.22,19.3,13.385715,19.514286,7.2428575,72.34286,3.0857143,2.9714286,3.3142858,10.442857,17.357143,0.00038340688,0.017041817,-7.345365000000001e-25,0.0,0.0,True
1999-07-05,675.89,5.5,19.128572,25.957144,11.771429,65.50001,4.1571426,3.6285717,4.542857,9.514286,22.62857,0.00017644465,0.014918208,-7.345365000000001e-25,1.1175871e-08,0.0,True
1999-07-12,675.46,57.8,15.057143,18.585714,12.828572,88.94286,1.6285714,1.6428572,1.8714286,10.4,18.1,0.0030828714,0.013013564,-7.345365000000001e-25,1.1175871e-08,0.0,True
1999-07-19,675.09,41.4,17.428572,22.97143,11.857142,74.25714,3.2857144,3.142857,3.6714287,11.028571,20.428572,0.0011700764,0.01199948,-7.345365000000001e-25,1.1175871e-08,0.0,True
1999-07-26,674.65,36.5,15.957144,20.67143,10.400001,77.57143,2.6857145,2.4142857,3.2,10.285714,19.4,0.00042299926,0.011126474,-7.345365000000001e-25,7.450581e-09,0.0,True
1999-08-02,674.24,0.1,18.214285,24.357143,11.614286,65.15714,3.4857144,2.785714,3.9285715,9.242857,22.071428,1.9684434e-05,0.010210574,-7.345365000000001e-25,7.450581e-09,0.0,True
1999-08-09,673.81,20.400002,19.0,25.27143,13.428572,75.91429,2.9571426,2.7285712,3.4857142,8.585714,22.671429,0.00016488135,0.009151638,-7.345365000000001e-25,1.1175871e-08,0.0,True
1999-08-16,673.37,40.3,14.542857,18.514286,11.014285,83.8,1.9428571,1.9,2.3142855,9.757143,17.914286,0.00472112,0.0083319545,-7.345365000000001e-25,5.5879354e-09,0.0,True
1999-08-23,672.98,23.7,14.014287,19.514286,9.785714,79.54286,2.3142855,2.1428573,2.642857,10.0,18.071428,0.00017078221,0.007813759,-7.345365000000001e-25,1.8626451e-09,0.0,True
1999-08-30,672.53,28.4,16.157145,21.414288,12.042857,85.65714,1.757143,1.6,2.2285714,9.6285715,19.5,0.0012277514,0.0073584765,-7.345365000000001e-25,0.0,0.0,True
1999-09-06,672.1,12.7,14.900001,20.314287,9.285714,77.62858,1.9142858,1.7142859,2.7428572,9.328571,18.142857,5.8613718e-05,0.006962359,-7.345365000000001e-25,7.450581e-09,0.0,True
1999-09-13,671.66,4.9,16.585714,23.942858,9.942858,77.314285,2.2714286,1.9,2.8857143,8.928572,19.528572,1.731515e-05,0.0065230057,-7.345365000000001e-25,7.450581e-09,0.0,True
1999-09-20,671.28,4.2,15.5,21.542858,11.185715,83.71429,1.557143,1.2857143,2.0857143,8.428572,18.257143,0.00020430982,0.006055087,-7.345365000000001e-25,7.450581e-09,0.0,True
1999-09-27,670.93,32.600002,14.0,2.8285716,10.042857,82.814285,1.4285715,1.3428572,1.8142856,9.228572,16.671429,0.0018929467,0.0057119206,-7.345365000000001e-25,0.0,0.0,True
1999-10-04,670.45,57.7,10.357142,8.142858,8.014286,87.814285,1.0999999,1.0999999,1.2285715,10.885715,12.342857,0.001809299,0.0054446086,-7.345365000000001e-25,1.8626451e-09,0.0,True
1999-10-11,670.08,5.1,7.0142856,12.085714,3.4714284,85.957146,0.8142857,0.8,1.0857142,10.571428,9.657143,0.00026724488,0.0059358627,3.0199687e-06,1.52513385e-05,1.4513731e-05,True
1999-10-18,669.73,0.0,6.071429,11.6285715,2.0142858,84.971436,0.67142856,0.5857143,0.90000004,9.942857,9.028571,2.6077032e-06,0.00652498,-7.345365000000001e-25,8.381903e-08,1.937151e-07,True
1999-10-25,669.38,7.1,7.571429,12.114286,3.3999999,86.28571,0.5857143,0.5285714,0.8,9.814285,7.714286,0.00020256639,0.0065839216,-7.345365000000001e-25,1.2293458e-07,0.0,True
1999-11-01,669.0238880190566,14.1,9.228571,17.02857,4.4428573,81.88572,0.8714285,0.8714286,0.88571423,10.057143,10.428572,0.000138022,0.0064923763,-7.345365000000001e-25,1.8626451e-09,0.0,True
1999-11-08,668.85,34.2,6.3142858,9.6,4.0285716,90.52857,0.41428572,0.41428572,0.5857143,10.757143,7.3714285,0.00059482455,0.0063920617,5.484195e-05,0.00011936389,0.00029317662,True
1999-11-15,668.37,55.2,-0.8000001,1.1142857,-1.7857143,95.67143,0.17142858,0.17142858,0.3,11.357142,1.9142857,0.0010006055,0.0074045137,0.020128433,0.012959527,0.035630062,True
1999-11-22,668.07,46.3,-4.1714287,-1.5857143,-6.857143,88.37144,0.014285714,0.028571429,0.31428573,10.714286,0.5,5.877018e-05,0.008781679,0.032887466,0.0022926256,0.023862962,True
1999-11-29,667.8,28.1,-3.2142856,2.6000001,-6.871429,89.22858,0.20000002,0.20000002,0.27142859,10.757143,0.22857143,9.961426e-06,0.0094938055,0.061947487,0.00051981956,0.020519398,True
1999-12-06,667.55,39.7,0.7,4.471429,-3.8,77.814285,0.37142858,0.37142858,0.61428577,10.6285715,1.1428572,0.0015037581,0.010620594,0.04983194,0.028478444,0.01186911,True
1999-12-13,667.49,26.699999,2.0142858,5.3285713,-1.1857144,85.58572,0.4857143,0.4857143,0.64285713,10.585714,1.9142857,0.0012085736,0.012594722,0.03338741,0.026585048,0.006394785,True
1999-12-20,667.52,83.0,-2.3857143,0.9571429,-5.928571,91.18572,0.11428572,0.11428572,0.3857143,11.328571,0.54285717,0.0062711835,0.024570294,0.039143585,0.018339107,0.031143177,True
1999-12-27,667.9,58.9,-2.3428574,2.357143,-7.457143,85.27143,0.47142857,0.47142857,0.41428572,11.142858,0.6571429,0.0017724559,0.032473877,0.038750812,0.010235835,0.022136256,True
2000-01-03,668.36,27.0,-2.0571427,0.5,-4.5285716,92.22858,0.025,0.025,0.25714287,11.55,0.3,3.232062e-05,0.030643515,0.07393519,0.0014157183,0.03167106,True
2000-01-10,668.47,12.7,-0.11428572,4.114286,-4.3857145,89.9,0.21428572,0.21428572,0.31428573,10.328571,0.6142857,0.00033928454,0.027615204,0.076066524,0.009941472,0.00076986104,True
2000-01-17,668.48,3.8,-3.4285717,0.4285714,-6.8285713,85.74286,0.042857144,0.042857144,0.2857143,10.314285,-0.24285714,5.364418e-07,0.023752712,0.0732905,2.5056303e-05,0.0017529503,True
2000-01-24,668.41,40.0,-3.3857143,-0.25714284,-5.6285715,89.85714,0.12857144,0.12857144,0.37142858,10.757143,-0.014285714,4.9471855e-05,0.02013348,0.09534702,0.00073966756,0.042423386,True
2000-01-31,668.3,18.5,-4.471429,2.1142857,-10.242858,78.91429,0.44285712,0.44285712,0.55714285,10.6,0.75714284,0.0038980097,0.018195197,0.11115092,0.031365708,0.0008447394,True
2000-02-07,668.6,14.6,2.8428571,8.257143,-0.6857143,80.25714,0.71428573,0.71428573,0.7571429,10.414286,2.7857144,0.0017749965,0.017070219,0.07359132,0.03369901,0.0012204163,True
2000-02-14,668.94,65.5,2.1714284,5.4428573,-0.014285735,87.64286,0.6857143,0.6857143,0.6857143,10.842857,2.4857142,0.007840358,0.037088603,0.045185238,0.030655708,0.017670829,True
2000-02-21,669.39,58.7,-0.31428573,2.7285714,-2.5,90.12858,0.42857143,0.42857143,0.5714286,11.3,1.3714286,0.0016348064,0.05073133,0.052014362,0.01475754,0.04199785,True
2000-02-28,670.34,14.0,1.6857144,7.1857142,-3.2428572,77.5,0.87142855,0.85714287,1.0285714,10.6,2.8428571,0.0019414797,0.044970512,0.060311526,0.032740284,0.00041444972,True
2000-03-06,669.93,31.5,1.4,5.4857144,-1.4142857,76.3,0.88571423,0.88571423,1.0857143,10.685715,2.9571428,0.0013529807,0.03826917,0.036255553,0.018581854,0.011973131,True
2000-03-13,670.0,14.3,6.642857,11.157144,2.5285716,74.35714,1.3714285,1.3285714,1.4571428,10.2,6.2285714,0.004458457,0.057844788,0.012261607,0.03348419,0.0,True
2000-03-20,670.1,98.3,2.5,5.2000003,0.47142857,87.25715,0.8,0.8,0.8714286,11.014286,3.942857,0.0042836964,0.05249667,0.007579378,0.015257968,0.022101473,True
2000-03-27,670.75,30.0,5.1571426,11.457144,0.7857143,76.91429,1.3714285,1.2714285,1.5857142,10.257143,7.457143,0.0004541576,0.04788553,0.0021410952,0.008267717,0.006177027,True
2000-04-03,671.2,23.7,3.957143,9.042857,0.18571432,80.1,1.4,1.3428571,1.5,10.585714,5.6285715,0.0006387904,0.035684973,0.00566675,0.015530126,0.011208639,True
2000-04-10,671.28,14.7,5.3428574,11.442858,-0.45714286,71.75714,1.8142859,1.6571428,1.9142857,10.228572,8.614285,0.00060494244,0.028222151,0.00075628643,0.0026840698,0.0016875826,True
2000-04-17,671.23,29.5,6.1,11.085714,1.8285714,81.88572,1.6571428,1.6714287,1.6999999,10.214286,9.185715,0.00040788949,0.022869423,0.00035381317,0.0016387198,0.0014879405,True
2000-04-24,671.09,10.799999,10.285714,17.028572,3.8714287,72.685715,2.3142855,2.0,2.4428573,9.8,12.914286,0.00032697618,0.01889196,4.0020263e-06,2.4661422e-05,0.0,True
2000-05-01,670.9457907311468,2.4,13.3714285,20.085714,7.2000003,74.27143,2.414286,2.0142856,2.9285715,9.242857,15.928572,0.00061650574,0.015605204,-7.345365000000001e-25,3.7252903e-09,0.0,True
2000-05-08,670.84,6.8999996,13.942858,21.814287,7.071429,76.71429,2.9285715,2.6428573,3.3,9.142858,17.757143,0.0015181452,0.013240531,-7.345365000000001e-25,0.0,0.0,True
2000-05-15,670.51,24.3,16.171429,22.9,9.014286,69.62858,3.2857144,2.8142858,3.6000001,9.214286,19.37143,0.005208567,0.011908688,-7.345365000000001e-25,0.0,0.0,True
2000-05-22,670.26,43.899998,11.457144,16.942858,6.5,74.042854,2.757143,2.6000001,3.0285716,9.885715,15.5,0.00051793456,0.01025746,-7.345365000000001e-25,0.0,0.0,True
2000-05-29,670.01,14.7,12.857142,18.557144,6.914286,76.64286,2.6571429,2.385714,2.9428573,9.6,16.27143,0.00020568073,0.009325676,-7.345365000000001e-25,0.0,0.0,True
2000-06-05,669.79,68.9,15.385715,21.84286,8.971429,74.557144,3.2142856,3.0571427,3.6714287,10.8,18.814285,0.0039123595,0.010037586,-7.345365000000001e-25,3.7252903e-09,0.0,True
2000-06-12,669.62,17.4,16.828571,22.142857,10.757143,72.74286,3.2999997,2.9571426,3.6714287,10.142858,20.5,0.00045610964,0.008114167,-7.345365000000001e-25,7.450581e-09,0.0,True
2000-06-19,669.39,16.6,16.757143,23.357143,10.357142,67.557144,3.957143,3.5714285,4.1714287,9.6285715,21.428572,0.003249392,0.0076472387,-7.345365000000001e-25,1.1175871e-08,0.0,True
2000-06-26,669.13,37.9,15.742858,21.071428,10.857142,71.61429,3.3,2.8,3.6142857,8.728572,20.27143,0.00037275255,0.0072273985,-7.345365000000001e-25,3.7252903e-09,0.0,True
2000-07-03,668.87,46.6,16.285715,21.985716,9.414286,68.61429,3.7857146,3.0142858,3.9285715,8.057143,20.557142,9.378046e-05,0.0068143383,-7.345365000000001e-25,3.7252903e-09,0.0,True
2000-07-10,668.62,57.300003,14.385715,18.442858,10.842857,83.12858,2.7857144,2.5285716,2.7,9.028571,18.085714,0.00085543096,0.00635802,-7.345365000000001e-25,7.450581e-09,0.0,True
2000-07-17,668.43,93.0,10.014285,13.557143,7.057143,85.614296,2.042857,2.0428572,2.0428572,10.742857,13.557143,0.0051380247,0.011763647,-7.345365000000001e-25,3.7252903e-09,0.0,True
2000-07-24,668.45,15.8,15.214286,21.014286,9.300001,73.01429,2.8714287,2.5285714,3.2857144,9.828571,19.171429,0.0009930283,0.012453742,-7.345365000000001e-25,3.7252903e-09,0.0,True
2000-07-31,668.3,65.3,14.971429,19.814287,11.114286,82.52857,2.871429,2.8285713,2.9857142,10.271428,18.714285,0.002887562,0.012571886,-7.345365000000001e-25,7.450581e-09,0.0,True
2000-08-07,668.22,119.100006,15.257143,19.128572,11.471429,86.185715,1.9285715,1.8428571,2.2857144,10.657143,18.071428,0.014398657,0.020914085,-7.345365000000001e-25,3.7252903e-09,0.0,True
2000-08-14,668.88,2.4,18.028572,25.34286,11.457143,71.88572,3.2857144,2.8142855,4.0,9.942857,21.842857,9.0420246e-05,0.026720144,-7.345365000000001e-25,7.450581e-09,0.0,True
2000-08-21,669.29,33.5,20.071428,27.114286,13.5,72.314285,3.3714287,2.857143,3.8999999,8.971429,23.12857,0.0025542825,0.023201242,-7.345365000000001e-25,3.7252903e-09,0.0,True
2000-08-28,669.35,9.8,16.2,23.242859,10.414286,75.68572,2.542857,2.2142856,3.042857,9.1285715,20.457144,0.00023823977,0.018538214,-7.345365000000001e-25,3.7252903e-09,0.0,True
2000-09-04,669.25,48.899998,12.714286,17.557142,9.714286,86.200005,1.6857144,1.6285714,1.9571428,10.157143,16.614286,0.0033126324,0.015136056,-7.345365000000001e-25,1.8626451e-09,0.0,True
2000-09-11,669.09,20.900002,12.6,19.014286,6.914286,81.0,1.9142857,1.8000001,2.2428572,10.571428,15.857142,0.001626432,0.013982937,-7.345365000000001e-25,1.8626451e-09,0.0,True
2000-09-18,668.94,27.900002,13.728572,19.514286,9.242858,85.42857,1.5999998,1.4571428,1.9857142,9.857142,17.22857,0.00047415495,0.012533404,-7.345365000000001e-25,5.5879354e-09,0.0,True
2000-09-25,668.95,100.5,11.457144,17.557142,6.6714287,87.21429,1.0428572,1.0428572,1.4571428,10.985714,13.457143,0.009818107,0.01984056,-7.345365000000001e-25,1.8626451e-09,0.0,True
2000-10-02,669.34,24.900002,12.857142,18.97143,8.6285715,84.12858,1.2,1.0857142,1.6,10.228572,15.857142,0.0004492551,0.014229342,-7.345365000000001e-25,3.7252903e-09,0.0,True
2000-10-09,669.43,28.0,6.7714286,10.014285,4.1,90.8,0.55714285,0.5714286,0.78571427,11.014286,9.6285715,0.00059087574,0.013908803,9.275618e-06,4.1626394e-05,4.8339367e-05,True
2000-10-16,669.37,20.4,9.671428,14.514287,5.428571,86.971436,0.7285714,0.7285714,0.87142855,10.757143,10.042857,0.00082215667,0.014545329,1.6178403e-06,8.100644e-06,0.0,True
2000-10-23,669.21,6.6,9.0,13.514287,6.0,90.557144,0.5714286,0.5714286,0.7428571,10.157143,10.928572,0.00010769069,0.015504293,-7.345365000000001e-25,7.450581e-09,0.0,True
2000-10-30,669.03,22.3,8.8714285,13.114286,5.228572,83.828575,0.6571428,0.6571428,0.88571423,10.142858,9.414286,0.000115036964,0.015041374,-7.345365000000001e-25,1.8626451e-09,0.0,True
2000-11-06,668.85,28.900002,5.085715,10.714286,1.3571428,83.48572,0.67142856,0.68571424,0.7714286,10.571428,6.6,0.0015088841,0.014256462,5.02382e-06,1.25057995e-05,4.897639e-05,True
2000-11-13,668.65,2.5,4.5142856,10.614286,-0.114285745,79.58572,0.61428577,0.61428577,0.6857143,10.328571,5.1714287,7.0631504e-06,0.013534687,1.4600299e-05,3.478676e-05,5.5879354e-08,True
2000-11-20,668.43,41.100002,2.0285716,5.914286,-0.81428576,91.6,0.27142859,0.27142859,0.35714287,10.828571,3.6857142,0.0015605912,0.012969732,0.0066576516,0.0058728456,0.016511284,True
2000-11-27,668.37,31.5,2.7,6.4857144,-0.38571426,91.11428,0.32857147,0.32857147,0.45714286,10.771428,3.2285714,0.0008739382,0.0131916925,0.0067804996,0.011290232,0.0045511946,True
2000-12-04,668.13,0.3,3.6285717,9.471429,0.07142857,90.02857,0.2714286,0.2714286,0.31428573,10.414286,4.1714287,0.00041629374,0.016181812,0.0017062199,0.0050571337,1.3038516e-07,True
2000-12-11,667.97,5.6000004,6.0285716,11.485715,2.0285716,78.3,0.44285712,0.44285712,0.55714285,10.228572,4.8714285,6.4872205e-05,0.017130427,0.00019091651,0.00048901886,0.0,True
2000-12-18,667.8,20.0,3.857143,6.957143,0.7571429,75.22858,0.5142857,0.49999997,0.78571427,10.285714,3.4285715,0.00017897785,0.01644817,0.0043764794,0.0013294313,0.01273999,True
2000-12-25,667.536363103955,2.8,-0.48571423,3.6571429,-3.7142856,83.84286,0.1,0.1,0.3,10.4,0.47142857,0.00023645908,0.015443511,0.007589386,0.006216068,5.8870763e-05,True
2001-01-01,667.58,12.7,-1.3714286,2.8714287,-6.157143,85.64286,0.15,0.15,0.27142859,10.316667,0.13333334,0.00010444224,0.014445029,0.0067003793,0.0030272622,0.0071757995,True
2001-01-08,667.36,64.6,2.0,4.6857142,-0.5857143,89.0,0.27142859,0.27142859,0.4,11.2,0.55714285,0.0005747676,0.013475105,0.011032275,0.0069279056,0.02584501,True
2001-01-15,667.14,2.3,-3.2142856,0.0571428,-5.714286,87.6,0.12857144,0.12857144,0.31428573,10.814285,0.15714286,8.3349645e-05,0.012806244,0.029137379,0.0030995514,0.0018632151,True
2001-01-22,667.0,5.0,-2.4142857,3.5857143,-7.0285716,83.35714,0.18571429,0.18571429,0.3,10.285714,-0.3,0.0002721399,0.01226338,0.022875542,0.01174725,0.0032367483,True
2001-01-29,666.83,18.099998,1.1,5.7000003,-2.5714285,81.0,0.5714286,0.55714285,0.59999996,10.485714,0.55714285,0.0007236302,0.011789605,0.010248854,0.013284681,0.0012944378,True
2001-02-05,666.71,52.3,0.0571428,2.8142858,-2.9,82.37144,0.41428572,0.41428572,0.61428577,10.714286,0.55714285,0.0013364181,0.011736058,0.0143876355,0.01694836,0.023519982,True
2001-02-12,666.71,1.3000001,4.1285715,11.6,-0.5428571,71.314285,0.9285714,0.9142858,1.0571429,10.357142,4.1571426,0.0005185306,0.012887478,0.005100239,0.012064526,0.00021163002,True
2001-02-19,666.67,5.7999997,1.3000001,5.928571,-1.6857144,86.17143,0.67142856,0.59999996,0.67142856,9.957143,2.9571428,7.329881e-05,0.014615275,0.0006496282,0.0015737563,0.00025896356,True
2001-02-26,666.63,61.899998,-2.6285717,0.78571427,-5.571429,87.8,0.3142857,0.2857143,0.55714285,10.642858,0.9142857,0.00030620396,0.014498346,0.02944252,0.0054838415,0.053838443,True
2001-03-05,666.57,67.9,0.014285735,4.8,-4.0142856,81.57143,0.59999996,0.59999996,0.78571427,10.8714285,0.62857145,0.0010276139,0.014623262,0.048701502,0.018951975,0.015365627,True
2001-03-12,666.88,52.9,4.914286,9.042857,1.8857144,88.04286,0.82857144,0.82857144,0.9714286,11.157143,5.114286,0.0035807192,0.023629852,0.021393474,0.0463325,6.455928e-06,True
2001-03-19,667.54,50.0,6.1,9.642858,2.8142858,79.22858,1.4,1.4,1.2428571,11.014286,7.114286,0.0014641732,0.047057763,0.0017110733,0.008500852,0.007384084,True
2001-03-26,668.43,78.9,7.585715,11.471429,4.142857,84.1,1.2285713,1.2285713,1.3142856,11.414286,7.9857144,0.0030480325,0.04768484,0.00011178993,0.0006241035,0.0006933622,True
2001-04-02,669.22,13.5,5.071429,11.685715,-0.042857118,79.542854,1.4571428,1.4,1.6,10.542857,8.085714,0.00028917938,0.04000535,0.0001808632,0.00076699816,0.00055165216,True
2001-04-09,669.46,70.5,5.785714,10.957144,2.057143,80.4,1.5142858,1.4714286,1.6857144,10.4,8.842857,0.0014697313,0.03130608,0.00063323404,0.0036626458,0.005275484,True
2001-04-16,669.8165280996325,80.0,2.4285715,4.6714287,0.64285713,83.62858,0.9142857,0.94285715,1.0714285,10.8714285,5.042857,0.0016707778,0.027579501,0.0039715427,0.010603875,0.019346964,False
2001-04-23,670.0450000000001,52.9,1.8285716,4.642857,-0.9285714,86.88572,1.0428572,1.0428572,1.2285715,11.1,3.8714285,0.001090847,0.025991403,0.014258583,0.026868619,0.0331788,True
2001-04-30,670.58,8.7,9.085714,15.900001,2.8714287,70.52857,2.542857,2.3428571,2.5857143,10.142858,11.5,0.00074377656,0.027528249,0.0027799606,0.017167613,0.0,True
2001-05-07,670.65,15.299999,12.071428,17.814287,6.714286,76.71429,2.3428571,1.9571427,2.6142857,9.257143,15.057143,0.00056767464,0.025601298,6.18753e-07,6.7055225e-06,0.0,True
2001-05-14,670.63,1.1,13.457144,19.642857,6.6857147,65.328575,3.085714,2.4714284,3.4285715,8.828571,15.9,7.7307224e-05,0.021671817,-7.345365000000001e-25,0.0,0.0,True
2001-05-21,670.5,32.1,12.185715,17.87143,6.442857,74.64286,2.6714287,2.4714284,2.9428573,9.714286,15.714286,0.002154082,0.017700993,-7.345365000000001e-25,0.0,0.0,True
2001-05-28,670.39,10.2,16.457144,22.557144,9.971429,67.22857,3.7714283,3.0285714,4.157143,8.842857,20.171429,6.791204e-05,0.014673278,-7.345365000000001e-25,0.0,0.0,True
2001-06-04,670.18,59.899998,12.228572,17.428572,8.614286,75.314285,2.957143,2.5428574,3.0857143,8.457143,17.085714,0.0014055967,0.012266852,9.565127e-06,7.132441e-05,8.783117e-05,True
2001-06-11,670.07,100.5,11.642858,15.414286,8.071429,82.08572,2.1285713,1.9571428,2.3857143,10.057143,14.957143,0.0034243092,0.011855409,2.0322345e-06,1.8201768e-05,0.0,True
2001-06-18,670.3,51.7,13.185715,19.128572,7.4428573,72.27143,3.0142858,2.9999998,3.3,10.757143,17.071428,0.0026866272,0.013268232,-7.345365000000001e-25,0.0,0.0,True
2001-06-25,670.32,3.8,14.771429,21.171429,7.714286,64.62858,3.757143,3.2142856,4.0,10.157143,19.314285,0.00040103495,0.0146533325,-7.345365000000001e-25,3.7252903e-09,0.0,True
2001-07-02,670.3,25.9,17.614286,23.714285,11.585714,69.75715,3.7714288,3.2428572,4.085714,9.228572,22.27143,0.0031414926,0.014602058,-7.345365000000001e-25,7.450581e-09,0.0,True
2001-07-09,670.11,10.700001,17.785715,24.47143,11.17143,67.9,3.9714284,3.1285713,4.2571425,8.428572,21.72857,0.0012755543,0.013452195,-7.345365000000001e-25,7.450581e-09,0.0,True
2001-07-16,669.9,39.1,15.514287,20.0,10.985715,79.62858,2.642857,2.3142855,2.9142857,8.7,19.27143,0.0047784746,0.012821056,-7.345365000000001e-25,3.7252903e-09,0.0,True
2001-07-23,669.68,30.7,13.914286,18.77143,9.642858,79.314285,2.6571429,2.4714284,3.0142858,10.057143,17.914286,0.0004441142,0.011539109,-7.345365000000001e-25,3.7252903e-09,0.0,True
2001-07-30,669.44,0.8,19.428572,26.885715,12.485715,67.02857,3.7428572,3.0,4.4857144,8.9,23.842857,6.097555e-05,0.010797121,-7.345365000000001e-25,9.313226e-09,0.0,True
2001-08-06,669.19,67.299995,18.742857,24.671429,13.285714,72.557144,3.3,2.7571428,3.6142857,8.457143,22.642857,0.0018231124,0.009806089,-7.345365000000001e-25,9.313226e-09,0.0,True
2001-08-13,668.99,39.6,14.971429,20.5,10.142858,76.685715,2.7142856,2.457143,3.0571427,9.271428,19.485714,0.001425162,0.009076387,-7.345365000000001e-25,1.8626451e-09,0.0,True
2001-08-20,668.77,15.0,18.814285,25.757143,13.057143,75.01429,2.9428573,2.7142856,3.5142858,8.785714,22.842857,0.00013335049,0.008410059,-7.345365000000001e-25,5.5879354e-09,0.0,True
2001-08-27,668.52,0.4,18.37143,25.814287,11.514287,74.51429,2.9,2.357143,3.542857,8.357142,22.357143,7.148087e-05,0.0077463686,-7.345365000000001e-25,7.450581e-09,0.0,True
2001-09-03,668.29,23.8,13.7,18.600002,9.385715,82.38572,1.757143,1.4857142,2.0428572,8.357142,17.685715,0.00025121868,0.0070573688,-7.345365000000001e-25,1.8626451e-09,0.0,True
2001-09-10,668.04,106.8,9.928572,12.728572,7.8,86.08572,1.3571428,1.3428572,1.4285715,10.014286,12.1285715,0.005701691,0.010056123,-7.345365000000001e-25,5.5879354e-09,0.0,True
2001-09-17,667.96,64.1,8.671429,11.771429,5.9857144,86.12858,1.0999999,1.1142857,1.2714285,11.0,10.3,0.004066184,0.011172943,1.0217939e-07,5.643815e-07,1.0691583e-06,True
2001-09-24,667.97,31.0,9.057143,12.442857,5.8142858,89.314285,0.9285714,0.94285715,1.1285714,11.114285,10.914286,0.0005149245,0.016200662,6.2442965e-08,5.3457916e-07,0.0,True
2001-10-01,667.97,15.2,10.828572,16.571428,5.614286,82.41429,0.9857143,0.95714283,1.4142857,10.642858,12.485714,0.00032529235,0.017540738,-7.345365000000001e-25,0.0,0.0,True
2001-10-08,667.77,16.099998,12.385715,19.542858,7.6714287,82.78571,1.3,1.2428571,1.6142857,10.314285,14.457143,0.00023296475,0.016895145,-7.345365000000001e-25,1.8626451e-09,0.0,True
2001-10-15,667.63,1.5,11.414286,20.128572,6.0285716,81.78571,1.0999999,0.9714286,1.3142856,9.985714,14.171429,1.5594065e-05,0.015758455,-7.345365000000001e-25,0.0,0.0,True
2001-10-22,667.47,21.3,10.985715,17.942858,6.014286,85.98572,0.84285706,0.75714284,1.0857143,9.7,13.214286,0.0014905408,0.014316127,-7.345365000000001e-25,1.8626451e-09,0.0,True
2001-10-29,667.32,26.0,9.428572,14.357142,5.1714287,85.314285,0.7571429,0.7571429,0.82857144,10.4,10.485714,0.0003437698,0.0129740015,-7.345365000000001e-25,3.7252903e-09,0.0,True
2001-11-05,667.17,14.0,5.8,12.642858,0.9857143,80.44286,0.7,0.68571424,0.82857144,10.257143,7.571429,0.00020332634,0.011934511,5.336035e-07,1.6540289e-06,1.7695129e-06,True
2001-11-12,667.05,44.100002,1.6428572,4.6714287,-0.61428577,85.75715,0.4857143,0.4857143,0.5285714,10.828571,3.5142858,0.0016121939,0.011751518,0.0029377823,0.0009143371,0.005845774,True
2001-11-19,666.94,13.4,-2.357143,1.5571429,-5.5,91.62858,0.10000001,0.10000001,0.3,10.542857,0.4857143,0.00010985136,0.010946736,0.009581293,0.004605131,0.007892281,True
2001-11-26,666.8,61.4,-0.32857147,2.7,-2.857143,90.51429,0.18571429,0.18571429,0.31428573,10.942857,0.37142858,0.0007405728,0.010667019,0.018304154,0.012211164,0.030809542,True
2001-12-03,666.87,63.2,4.2285714,5.871429,2.3714287,92.90001,0.20000002,0.20000002,0.31428573,11.471429,3.0428572,0.0036007464,0.018851861,0.016789487,0.030593498,0.0073435158,True
2001-12-10,667.38,14.0,0.65714294,3.0285716,-1.1000001,87.6,0.21428573,0.21428573,0.3857143,10.742857,2.4285715,0.0007368922,0.03162965,0.0018640927,0.0037410483,0.0014539696,True
2001-12-17,667.67,4.5,-6.828572,-3.4142857,-10.6,82.1,0.0,0.0,0.21428572,10.3714285,-1.4714285,3.3453107e-06,0.031831875,0.005056239,0.00013196096,0.004902024,True
2001-12-24,667.72,28.5,-6.5,-2.5,-12.6,84.75715,0.014285714,0.014285714,0.27142859,10.342857,-0.82857144,8.419156e-07,0.026793078,0.011853667,3.5248697e-05,0.016185373,True
2001-12-31,667.67,99.2,-1.1714287,1.8142856,-5.114286,83.5,0.3285714,0.3285714,0.54285717,11.042857,0.114285715,0.0055714995,0.018896423,0.03719233,0.013539601,0.03399284,True
2002-01-07,668.12,0.1,-9.271429,-0.85714287,-14.214286,84.07143,0.0,0.0,0.20000002,10.528571,-0.2,3.7252903e-08,0.018866502,0.04266121,2.0619482e-06,9.4115734e-05,True
2002-01-14,668.41,0.6,-6.3857145,0.82857144,-11.385715,88.542854,0.028571429,0.028571429,0.18571429,10.271428,-0.34285715,2.8677285e-05,0.016724698,0.04123083,0.0015052427,0.00044409186,True
2002-01-21,668.44,12.6,-1.4571428,2.6142857,-6.057143,84.74286,0.25714287,0.25714287,0.44285712,10.214286,-0.18571429,0.00023813546,0.014776677,0.038300306,0.007960513,0.004339315,True
2002-01-28,668.39,30.699999,5.0,8.242857,1.2285715,77.94286,0.9142858,0.9142858,0.94285715,10.271428,2.4285715,0.0021209791,0.0137094185,0.019984325,0.034226477,8.048117e-05,True
2002-02-04,668.57,0.3,4.285714,12.857142,-0.54285717,72.04286,0.9285715,0.82857144,0.9142857,10.071428,4.1571426,5.4828823e-05,0.012733497,0.0011242004,0.0021894034,0.0,True
2002-02-11,668.56,35.2,4.428571,7.857143,0.59999996,80.8,0.7714285,0.7571429,0.85714287,10.414286,4.071429,0.0008397475,0.012534492,0.0029774564,0.010166695,0.010076553,True
2002-02-18,668.54,4.4,3.4,7.157143,0.38571435,77.97143,0.9,0.81428576,0.94285715,9.971429,3.9285715,5.5119395e-05,0.013067655,0.00023441656,0.0008012764,0.0010313205,True
2002-02-25,668.44,67.5,0.9285714,3.7714286,-2.6285713,85.15715,0.7285714,0.7285714,0.7,10.671429,1.5714285,0.0013485327,0.01375699,0.0163999,0.0175591,0.04007151,True
2002-03-04,668.78,50.4,3.1285717,7.2285714,-0.4857143,80.87142,0.9714286,0.9714286,0.9428572,11.057143,3.6285715,0.0017615706,0.025010921,0.0063646976,0.024338698,0.0037269108,True
2002-03-11,669.14,0.6,5.2000003,11.957143,-0.88571435,71.8,1.5142858,1.3285713,1.4571428,10.042857,6.457143,0.00015187263,0.027451187,0.0006223917,0.0027567204,1.2904406e-05,True
2002-03-18,669.19,9.1,7.228572,16.328571,0.057142854,69.84286,1.7428571,1.3714286,1.8000001,9.257143,9.6285715,4.568696e-05,0.0242161,5.131676e-06,2.5492162e-05,0.0,True
2002-03-25,669.34,91.0,4.8,7.457143,2.9857142,84.42857,0.98571414,0.98571414,1.0571429,11.385715,6.1857142,0.009980321,0.02936048,0.0015960989,0.0006619226,0.0059464984,True
2002-04-01,669.55,0.0,3.8285713,11.528571,-3.2000003,66.457146,1.8142855,1.5285714,1.9571428,10.042857,6.542857,9.8861754e-05,0.028750002,0.001997136,0.0045829564,5.353242e-06,True
2002-04-08,669.49,0.2,6.371429,12.514285,-1.1999999,60.17143,2.2571428,1.7142857,2.2714286,9.014286,9.414286,4.708767e-06,0.024135888,1.4742215e-05,0.000104792416,1.2852252e-06,True
2002-04-15,669.36,34.7,5.428571,10.257143,0.7571429,77.51428,1.4571428,1.1714284,1.6142857,8.771428,8.214286,0.00046294928,0.019326039,0.00067972566,0.0020563602,0.006607767,True
2002-04-22,669.21,3.4,6.0,11.342857,0.6571428,78.14286,1.3714286,1.2142857,1.6999999,9.142858,8.257143,0.00016386807,0.01587262,0.001065873,0.0044825412,6.5416098e-06,True
2002-04-29,669.07,53.8,9.185715,14.228571,3.5571427,75.799995,2.3,2.1142857,2.3857143,10.057143,11.657143,0.0012777075,0.013578646,2.1514438e-06,1.5322119e-05,0.0,True
2002-05-06,668.92,31.699999,8.471429,12.285714,5.4,81.77143,1.6285714,1.4142858,1.8714286,10.085714,11.442857,0.00060257316,0.012226582,1.5099844e-06,9.696931e-06,1.15484e-05,True
2002-05-13,668.77,29.5,13.342857,19.557144,7.0285716,72.25715,2.8,2.5285716,2.9428573,9.814285,15.685715,0.00027181208,0.011189297,1.7597561e-07,2.041459e-06,0.0,True
2002-05-20,668.6,59.4,14.114286,20.885715,8.042857,67.52857,3.2857144,2.8714287,3.6571429,9.842857,17.785715,0.0056671947,0.010992326,-7.2791902999999985e-25,0.0,0.0,True
2002-05-27,668.57,68.9,11.414286,17.685715,6.071429,80.78571,2.385714,2.2714286,2.6571429,10.442857,15.885715,0.004321009,0.010397203,-7.2791902999999985e-25,0.0,0.0,True
2002-06-03,668.65,7.1,13.357142,19.100002,5.6714287,70.08572,3.142857,2.7428572,3.3428571,10.3,17.028572,0.00017922372,0.009870432,-7.2791902999999985e-25,0.0,0.0,True
2002-06-10,668.6,124.1,14.2,19.185715,10.371429,79.02857,2.457143,2.3142858,2.7,10.185715,17.428572,0.0036766753,0.011201218,-7.2791902999999985e-25,0.0,0.0,True
2002-06-17,669.06,0.70000005,19.014286,25.27143,10.785714,65.685715,4.4857144,3.8142858,4.6571426,9.714286,22.242857,5.696714e-05,0.011699863,-7.2791902999999985e-25,1.1175871e-08,0.0,True
2002-06-24,669.24,32.600002,21.642857,29.085714,14.828572,71.942856,4.4999995,3.6857142,4.7000003,8.6285715,25.7,0.0006321147,0.011234529,-7.2791902999999985e-25,3.7252903e-09,0.0,True
2002-07-01,668.76,17.6,15.328572,21.100002,8.842857,71.25715,3.7428572,3.4142857,3.8714287,9.557143,21.0,0.00018745661,0.01026547,-7.2791902999999985e-25,3.7252903e-09,0.0,True
2002-07-08,669.15,46.1,15.400001,21.157145,10.471429,79.01429,3.042857,2.9,3.2714286,9.328571,19.7,0.00029495358,0.009256028,-7.2791902999999985e-25,3.7252903e-09,0.0,True
2002-07-15,669.04,34.6,16.97143,22.628572,12.342857,79.48572,2.7857144,2.6000001,3.2142856,9.242857,20.528572,0.0003412813,0.008294925,-7.2791902999999985e-25,7.450581e-09,0.0,True
2002-07-22,668.98,64.7,15.828572,20.985716,11.328572,80.68572,2.7428572,2.5857143,3.0571427,10.328571,19.528572,0.004993193,0.009615496,-7.2791902999999985e-25,7.450581e-09,0.0,True
2002-07-29,669.0,13.9,16.571428,22.085714,11.1285715,77.557144,2.8,2.4285715,3.2285714,9.614285,19.985714,0.0002856329,0.0072347894,-7.2791902999999985e-25,1.1175871e-08,0.0,True
2002-08-05,668.88,37.9,17.628572,23.6,12.857142,76.71429,2.9857142,2.8142855,3.457143,10.114285,21.171429,0.007661015,0.011609636,-7.2791902999999985e-25,7.450581e-09,0.0,True
2002-08-12,668.76,202.5,13.414286,16.757143,10.971429,91.6,1.6142857,1.6428573,1.7571429,11.328571,16.9,0.042144388,0.028534234,-7.2791902999999985e-25,3.7252903e-09,0.0,True
2002-08-19,669.94,0.0,15.957144,23.728573,9.442857,76.700005,2.8142858,2.4714284,3.3428571,10.285714,20.514286,0.00013189763,0.03441576,-7.2791902999999985e-25,7.450581e-09,0.0,True
2002-08-26,670.59,74.7,16.557142,23.485716,10.5,81.74286,2.414286,2.2571428,2.8285713,10.028571,21.12857,0.00034938008,0.027774908,-7.2791902999999985e-25,9.313226e-09,0.0,True
2002-09-02,670.7,28.3,15.585715,20.442858,11.614286,87.84286,1.5857143,1.4714286,2.1,9.985714,18.857143,0.00037098676,0.021453284,-7.2791902999999985e-25,9.313226e-09,0.0,True
2002-09-09,670.73,40.6,14.914286,21.12857,9.8,80.74286,1.9428571,1.9142857,2.3714287,10.385715,18.1,0.0005683005,0.017401695,-7.2791902999999985e-25,1.8626451e-09,0.0,True
2002-09-16,670.64,8.3,11.0,16.5,6.7571425,78.685715,1.5714285,1.4857142,1.9285715,10.385715,14.928572,0.0022815317,0.01479996,-7.2791902999999985e-25,0.0,0.0,True
2002-09-23,670.52,72.8,11.342857,15.685715,7.357143,88.799995,1.1142857,1.0428572,1.3428571,10.685715,14.314285,0.0017990544,0.013472304,-7.2791902999999985e-25,1.8626451e-09,0.0,True
2002-09-30,670.7,46.800003,5.071429,9.442858,1.3571428,87.40001,0.74285716,0.74285716,0.9714286,11.6,7.1714287,0.0014716163,0.01366628,0.0008750473,0.0038760845,0.0038329586,True
2002-10-07,670.86,43.8,8.485715,13.471429,4.042857,86.18572,0.8428572,0.78571427,1.1142857,10.642858,10.828571,0.0016871467,0.014412589,7.169587e-06,4.612282e-05,0.0,True
2002-10-14,670.95,31.1,6.8142858,10.785714,2.6000001,89.75714,0.55714285,0.55714285,0.81428576,10.614285,8.257143,0.00058626384,0.0156845,-7.2791902999999985e-25,1.6763806e-08,0.0,True
2002-10-21,671.08,47.1,7.585715,12.157143,4.142857,88.25715,0.87142855,0.87142855,0.85714287,11.357142,8.828571,0.002323456,0.021272413,9.309678e-06,5.0654635e-05,5.6281686e-05,True
2002-10-28,671.15,8.5,8.685715,13.300001,4.714286,74.614296,1.2571429,1.2428572,1.4142857,10.714286,8.814285,0.00027161092,0.02521447,1.930055e-06,1.1175871e-05,1.0613352e-05,True
2002-11-04,671.11,85.7,7.7571425,12.385715,4.042857,85.57143,0.6,0.5714286,0.7714286,10.8714285,8.528571,0.0029797405,0.024505988,2.9177893e-06,1.08946115e-05,3.4190714e-05,True
2002-11-11,671.46,69.4,3.1571429,5.828572,0.41428572,91.97143,0.45714286,0.45714286,0.45714286,11.571428,4.571429,0.0033573657,0.03349652,0.0037355537,0.01122383,0.011511162,True
2002-11-18,672.14,22.699999,4.7714286,10.3,1.0428572,88.91429,0.3857143,0.3857143,0.44285718,11.014286,5.571429,0.0006326884,0.04888665,0.00037432284,0.0011123549,0.0,True
2002-11-25,672.66,19.4,4.957143,9.3,1.3000001,85.942856,0.3285714,0.3285714,0.44285712,10.971429,4.928571,0.00078472495,0.040997796,5.330358e-05,0.00014037453,0.00011799857,True
2002-12-02,672.8,30.1,3.914286,6.3428574,2.0285716,94.15715,0.22857141,0.22857141,0.2857143,10.957143,4.8,0.000747025,0.033052735,0.0001839967,0.00029091164,0.0015124604,True
2002-12-09,672.73,6.4,0.09999997,1.3714286,-0.9428572,91.314285,0.08571429,0.08571429,0.2857143,10.557143,1.2857143,6.29127e-05,0.02808658,0.002996371,0.0018258747,0.0032420233,True
2002-12-16,672.52,39.9,-1.9428571,2.3428571,-5.142857,90.471436,0.08571429,0.071428575,0.21428572,10.357142,-0.67142856,0.00018148124,0.023538046,0.0020973512,0.0013153628,0.00041759014,True
2002-12-23,672.39,34.3,2.8714287,5.2000003,-0.114285745,91.114296,0.2,0.2,0.34285715,11.014286,1.4142857,0.0019330531,0.020271309,0.0013937269,0.00249153,0.0008523986,True
2002-12-30,672.38,40.4,5.414286,7.8857145,2.4857144,90.08571,0.35714287,0.35714287,0.4857143,10.8,4.042857,0.0005890131,0.018388137,8.4877014e-05,0.00024532154,9.742379e-05,True
2003-01-06,672.44,59.6,2.8714287,6.057143,0.87142855,84.37144,0.4,0.4,0.6571428,10.8,5.9,0.0011695772,0.018472508,0.0014021738,0.00033792853,0.0056356266,True
2003-01-13,672.55,15.4,-9.3,-6.142857,-13.542857,83.51429,0.0,0.0,0.25714287,10.514286,-0.7,1.7881393e-07,0.02125705,0.0062711067,0.0,0.006533224,True
2003-01-20,672.44,1.0,-1.2428571,3.8285716,-5.4714284,87.98572,0.3142857,0.3142857,0.31428573,10.314285,-0.014285714,0.00016380847,0.020576134,0.010065215,0.0069109704,0.0027335174,True
2003-01-27,672.19,43.6,0.42857143,3.0571427,-1.9142857,90.08572,0.22857144,0.22857144,0.4,10.557143,0.2,0.00020356476,0.018875793,0.01628018,0.005660694,0.025241714,True
2003-02-03,672.07,79.2,-3.3285716,0.08571434,-6.7571435,88.5,0.27142859,0.27142859,0.45714286,10.942857,0.34285715,0.001800485,0.01713369,0.040011883,0.008074075,0.044744384,True
2003-02-10,671.77,33.5,-2.7142856,-0.47142857,-5.5285716,90.6,0.042857144,0.042857144,0.35714287,11.171429,0.15714286,7.4505806e-08,0.015731849,0.08862909,0.0,0.035477977,True
2003-02-17,671.48,0.70000005,-6.614286,-3.7428572,-9.400001,83.48572,0.0,0.0,0.42857143,10.357142,0.17142858,0.0,0.014300786,0.0973047,0.0,0.00030532852,True
2003-02-24,671.17,0.0,-7.4857144,1.5571429,-14.214286,79.828575,0.25714284,0.24285714,0.5428571,10.228572,0.18571429,2.7872622e-05,0.012911543,0.09542865,0.0017003603,5.915761e-06,True
2003-03-03,670.86,10.5,1.8000001,10.17143,-4.2714286,71.57143,0.9714286,0.8714286,1.0571429,9.971429,1.0714285,0.0012520999,0.011651836,0.07896255,0.035231203,0.0017711334,True
2003-03-10,670.67,8.200001,2.8857143,9.6,-1.9285715,74.48572,1.2142857,1.1,1.3142856,9.985714,3.9571428,0.0027189553,0.011831589,0.034141928,0.04881022,0.0016344339,True
2003-03-17,670.68,10.6,3.0857143,8.900001,-1.4857142,65.185715,1.3571427,1.2285713,1.5714285,9.828571,4.6714287,0.0006622374,0.014319792,0.004939437,0.00983165,0.0002369918,True
2003-03-24,670.62,0.0,3.557143,12.342857,-3.4,66.27143,1.8857144,1.4857143,1.8142856,9.3,6.3142858,4.7653913e-05,0.015890464,0.0009816261,0.0022302456,0.0,True
2003-03-31,670.46,13.0,8.785714,16.557144,1.7285715,71.042854,1.9714286,1.5714287,2.0142858,8.6285715,10.842857,0.00013376027,0.015010282,4.969892e-05,0.00019979477,0.0,True
2003-04-07,670.31,26.300001,1.9714286,7.1,-2.357143,81.22858,1.2,1.0571429,1.3857143,9.114285,5.4,0.00034925342,0.013735846,0.0026825382,0.0042960383,0.009035539,True
2003-04-14,670.11,4.1,4.3142858,9.714286,-1.757143,70.72857,1.6857144,1.4571428,1.8428571,9.228572,6.4428573,0.0002226159,0.012521818,0.0037600766,0.00923289,0.005533822,True
2003-04-21,669.84,2.7,9.7,16.085714,1.4857142,60.542854,2.9857142,2.3142858,2.8428571,8.3,12.1285715,2.2776425e-05,0.011165708,2.9512814e-05,0.00026702695,5.029142e-06,True
2003-04-28,669.62,11.0,10.885715,18.757143,4.042857,70.02857,2.8714283,2.1571429,2.957143,7.7,14.085714,0.000119805336,0.009855993,-7.2791902999999985e-25,3.2037497e-07,0.0,True
2003-05-05,669.36,16.2,13.371429,21.085714,5.557143,65.442856,3.4285712,2.5285716,3.357143,7.1285715,15.9,0.0002129525,0.008632466,-7.2791902999999985e-25,0.0,0.0,True
2003-05-12,669.08,22.4,15.971429,21.742859,10.728571,74.62858,2.9714286,2.1142857,3.1857142,6.9428573,18.685715,0.00031713396,0.0074937046,-7.2791902999999985e-25,7.450581e-09,0.0,True
2003-05-19,668.83,46.3,9.928572,16.157145,4.571429,76.8,2.3428571,2.142857,2.5571427,8.185715,13.457143,0.0003446713,0.006668031,-7.2791902999999985e-25,1.4901161e-08,9.313226e-09,True
2003-05-26,668.55,35.2,11.714286,16.071428,7.285714,82.64286,2.3142858,2.0285714,2.3714287,8.414286,14.885715,0.000520356,0.0060370117,-7.2791902999999985e-25,0.0,0.0,True
2003-06-02,668.38,35.2,17.1,23.085714,11.528572,76.38572,3.1571429,2.6857145,3.5571427,8.228572,20.142857,0.0002882257,0.0055944845,-7.2791902999999985e-25,3.7252903e-09,0.0,True
2003-06-09,668.1586575714776,22.9,20.071428,26.7,13.914286,72.24286,3.9857144,3.1857142,4.571429,7.7714286,23.9,9.377301e-05,0.005106926,-7.2791902999999985e-25,7.450581e-09,0.0,False
2003-06-16,668.04,11.6,20.885715,27.942858,14.585715,69.91429,4.5142856,3.4999998,4.7428575,7.0571427,25.5,0.00012181699,0.0046099275,-7.2791902999999985e-25,1.1175871e-08,0.0,True
2003-06-23,667.79,8.0,19.685715,25.84286,12.357142,62.27143,4.7428565,3.0,4.714286,6.614286,23.085714,0.00011917949,0.004139498,-7.2791902999999985e-25,7.450581e-09,0.0,True
2003-06-30,667.59,19.7,20.4,27.728573,13.771429,68.34286,4.2857146,2.5714285,4.571429,5.857143,24.571428,0.000114142895,0.003692858,-7.2791902999999985e-25,7.450581e-09,0.0,True
2003-07-07,667.36,32.9,14.114286,19.9,9.914286,82.21429,2.7857144,2.457143,3.0142856,7.1,18.27143,0.0005009994,0.0033439845,-7.2791902999999985e-25,7.450581e-09,0.0,True
2003-07-14,667.17,0.1,18.542858,25.442858,10.8714285,63.07143,4.457143,2.714286,4.6571426,6.2,23.814285,8.9854e-06,0.0030229017,-7.2791902999999985e-25,3.7252903e-09,0.0,True
2003-07-21,666.97,49.8,19.17143,26.785715,11.67143,70.814285,4.1857142,2.9571426,4.2428575,5.9142857,23.214285,0.002684161,0.0026899427,-7.2791902999999985e-25,3.7252903e-09,0.0,True
2003-07-28,666.57,76.9,18.071428,24.428572,12.742858,78.34286,3.4714284,2.9285715,3.7,6.257143,22.414286,0.0009810477,0.0024350584,-7.2791902999999985e-25,1.1175871e-08,0.0,True
2003-08-04,666.61,3.6,18.4,25.87143,10.985715,74.38572,3.6714284,2.7714286,4.0142856,6.4142857,22.814285,1.4811754e-05,0.0022285208,-7.2791902999999985e-25,7.450581e-09,0.0,True
2003-08-11,666.08,0.0,22.485714,32.157143,14.285714,61.68572,4.842857,1.9428571,4.9714284,5.2,26.471428,5.3942204e-06,0.0020032004,-7.2791902999999985e-25,7.450581e-09,0.0,True
2003-08-18,666.26,21.8,20.285715,27.514286,14.257143,73.57143,3.6000001,1.8714286,3.8428574,5.0571427,24.12857,0.00013017654,0.0017930344,-7.2791902999999985e-25,3.7252903e-09,0.0,True
2003-08-25,666.09,0.0,18.328571,26.47143,11.5,70.12858,3.3285716,1.6571428,3.757143,5.042857,23.057142,6.943941e-06,0.00162559,-7.325276e-25,9.313226e-09,0.0,True
2003-09-01,665.91,55.2,14.785714,20.800001,9.8,78.68572,2.442857,1.2857143,2.357143,5.3428574,18.714285,0.00024386495,0.0014640018,-7.345365000000001e-25,7.450581e-09,0.0,True
2003-09-08,665.73,6.3999996,12.17143,19.27143,6.1857147,76.14286,1.9285713,1.5857143,2.2571428,6.0,15.742857,3.941357e-05,0.0013564155,-7.345365000000001e-25,1.8626451e-09,0.0,True
2003-09-15,665.55,26.1,11.142858,16.214285,6.428571,81.98572,1.5142858,1.2714287,1.7714285,6.0285716,13.8714285,0.0004041046,0.0012686178,-7.345365000000001e-25,1.8626451e-09,0.0,True
2003-09-22,665.38,0.1,14.3,24.614286,6.857143,73.48572,2.285714,1.6428572,2.6142857,5.642857,18.028572,4.4703484e-08,0.0011848658,-7.345365000000001e-25,3.7252903e-09,0.0,True
2003-09-29,665.21,29.4,10.814286,17.071428,6.2428575,82.84286,1.3999999,1.0571429,1.6571428,5.571429,14.157143,0.00014191866,0.0011114031,-7.345365000000001e-25,1.8626451e-09,0.0,True
2003-10-06,665.04,111.6,9.714286,14.814286,5.1285715,87.38572,0.91428566,0.8714285,1.0857142,7.1285715,11.328571,0.0022489727,0.0010550618,7.667996e-05,0.00035589933,0.0006103739,True
2003-10-13,665.19,66.7,7.114286,11.0,3.042857,88.64286,0.8714285,0.87142855,0.9285714,10.642858,8.685715,0.0039039254,0.002427727,0.000364349,0.0024762899,0.0021515265,True
2003-10-20,665.25,8.1,4.142857,10.414286,-0.8285714,79.44286,0.71428573,0.6857143,0.9571429,9.8714285,6.357143,5.1371753e-05,0.0010660961,1.2885956e-06,5.4091215e-06,1.5646219e-07,True
2003-10-27,664.98,10.700001,0.11428573,4.8428574,-3.2000003,84.614296,0.37142855,0.34285715,0.5714286,10.228572,2.7714286,0.00012584403,0.0011004657,0.0020939964,0.0010873582,0.004048981,True
2003-11-03,665.12,19.4,3.8857143,9.514287,-1.3714286,85.48572,0.64285713,0.62857145,0.6857143,10.242857,4.3285713,0.00046434999,0.0011385977,0.001362653,0.00358269,0.00111828,True
2003-11-10,665.04,0.1,3.1714287,10.7,-1.2714285,80.28571,0.48571426,0.45714286,0.5428571,10.114285,4.0285716,1.514703e-05,0.0012015775,0.00014016742,0.00045801327,3.4049153e-06,True
2003-11-17,664.94,48.0,3.5142858,8.328572,0.014285731,88.82857,0.31428573,0.29999998,0.37142858,10.4,4.357143,0.0006990433,0.0012875199,3.810156e-05,0.00010340661,0.0003284365,True
2003-11-24,664.88,0.0,5.071429,13.185715,0.34285715,82.88572,0.3857143,0.35714287,0.45714286,10.2,4.3142858,1.9520521e-05,0.0014544055,8.029597e-05,0.00024797954,1.1175871e-07,True
2003-12-01,664.8,42.0,2.5285716,5.7999997,-0.45714283,94.71429,0.18571429,0.17142858,0.3,10.6,3.1142857,0.0003335774,0.0016408786,0.0146793695,0.008807208,0.034616586,True
2003-12-08,664.73,3.5,1.6571429,5.8714285,-1.7,81.88572,0.12857144,0.12857144,0.35714287,10.428572,1.9,0.0004464835,0.0018583387,0.015070382,0.017080264,0.0005014688,True
2003-12-15,664.67,24.0,0.7857143,5.514286,-3.5714285,82.12858,0.4142857,0.4,0.5714286,10.528571,0.42857143,0.0017321035,0.0026488677,0.007244252,0.007391935,0.015195966,True
2003-12-22,664.61,35.1,-1.1999999,3.0714285,-5.428571,88.0,0.21428572,0.21428572,0.31428573,10.8,0.5714286,0.00030317903,0.0028793663,0.022527104,0.0071350913,0.020559382,True
2003-12-29,664.56,9.2,-4.5,1.5142858,-10.17143,82.41429,0.11428572,0.11428572,0.31428573,10.514286,-0.1,0.00012408197,0.0035653412,0.029553,0.004527649,0.004172504,True
2004-01-05,664.51,13.3,-3.142857,-1.6142857,-4.928571,89.47143,0.0,0.0,0.31428573,10.45,0.0,0.0,0.00411544,0.036811404,0.0,0.015299922,True
2004-01-12,664.47,66.3,1.8428571,4.1714287,-0.7285715,91.25715,0.41428572,0.41428572,0.45714286,11.071428,0.6571429,0.0028880462,0.0063603073,0.042963214,0.030350877,0.012191314,True
2004-01-19,664.93,115.8,1.4142857,4.0,-0.95714283,88.01429,0.51428574,0.51428574,0.5285714,11.671429,1.5571429,0.009970196,0.018316269,0.02528421,0.017902216,0.024961576,True
2004-01-26,665.79,27.9,-5.3857145,-1.1142857,-9.67143,90.12858,0.042857144,0.042857144,0.2857143,11.085714,0.2,4.5746565e-06,0.01537995,0.060919303,7.518381e-05,0.033197183,True
2004-02-02,666.07,28.3,-0.31428576,2.9857144,-5.0285716,75.51429,0.5857143,0.5428571,1.0142857,10.485714,0.5,0.00018238276,0.014966123,0.08157564,0.00971237,0.01757364,True
2004-02-09,666.38,10.1,2.7142856,9.014286,-1.1285714,71.35714,1.1571428,1.0714287,1.2857143,9.928572,2.9285715,0.0010347813,0.014500089,0.059499253,0.031739406,0.014238257,True
2004-02-16,666.56,25.1,-0.22857143,3.3142858,-3.2142856,83.12858,0.41428572,0.41428572,0.6571428,10.314285,0.71428573,0.00019855797,0.014131404,0.06706934,0.008715188,0.01719451,True
2004-02-23,666.64,19.0,-0.15714288,4.3,-3.5,82.94286,0.34285715,0.31428573,0.7714286,10.157143,0.5714286,0.0004119575,0.013889089,0.060560185,0.016150363,0.015372153,True
2004-03-01,666.65,3.3,-6.371429,-1.1571429,-11.571428,79.51429,0.08571429,0.08571429,0.67142856,10.5,0.14285715,2.8118491e-05,0.013724737,0.06335998,0.0011761915,0.0061107874,True
2004-03-08,666.66,10.9,-0.9857143,3.1285713,-5.285714,78.35714,0.51428574,0.51428574,0.90000004,10.271428,0.3857143,0.00031629205,0.013348907,0.064472355,0.011330795,0.008769002,True
2004-03-15,666.61,2.9,0.31428573,6.585715,-5.1714287,77.685715,0.84285724,0.8,1.1999999,10.157143,2.3,0.00092190504,0.012837723,0.057188004,0.026569862,0.004561059,True
2004-03-22,666.7,11.8,7.7571425,15.185715,2.4285715,69.50001,2.0714285,1.7714285,2.085714,9.571428,9.257143,0.0023747832,0.015418008,0.014635818,0.039210003,4.123524e-05,True
2004-03-29,666.97,49.399998,0.12857144,3.557143,-3.4714286,83.12858,0.7285714,0.71428573,1.0285714,10.657143,2.1285715,0.0006247312,0.018695273,0.020238746,0.018653238,0.031889834,True
2004-04-05,667.16,13.9,7.5,14.257143,0.8142857,69.1,2.0571427,1.7714287,2.0571427,9.714286,9.085714,0.00063218176,0.01854445,0.0022886992,0.012447445,0.0,True
2004-04-12,667.3649134805831,43.6,3.0857143,6.428571,-0.08571427,81.4,1.3714286,1.3428572,1.3428571,10.257143,5.4857144,0.0007531792,0.018208355,0.002100621,0.0074949935,0.008256858,False
2004-04-19,667.49,13.2,7.5,13.371429,1.3285714,70.54286,2.085714,1.8,2.1142857,9.728572,9.842857,0.00022035837,0.017879613,0.00027576514,0.0011215527,0.0008204058,True
2004-04-26,667.6,5.8,9.485715,15.942858,2.4,67.42857,2.6000001,2.1714284,2.7142856,9.342857,12.571428,0.000276722,0.016437903,0.000103609906,0.0006690975,0.0,True
2004-05-03,667.62,5.2,11.385715,18.214285,4.7571425,70.314285,2.7571428,2.2,2.857143,8.671429,14.971429,0.0010888726,0.014621429,-7.2791902999999985e-25,2.8312206e-07,0.0,True
2004-05-10,667.58,82.5,6.071429,9.814285,3.2428572,83.68572,1.4857142,1.4714286,1.5857142,9.328571,9.285714,0.0010795146,0.013194561,0.00043331442,0.0025488548,0.0025369376,True
2004-05-17,667.66,3.3000002,9.914286,15.714286,3.957143,72.78572,2.4571426,2.1285713,2.6571429,9.485714,13.4,0.00025768578,0.012505583,5.6879862e-06,4.7463924e-05,0.0,True
2004-05-24,667.59,26.699999,11.471429,17.4,5.228572,67.15714,3.114286,2.6714287,3.1714287,9.4,15.571428,0.0007854998,0.011681594,-7.2791902999999985e-25,3.7252903e-09,0.0,True
2004-05-31,667.51,27.4,11.657144,17.542858,5.057143,68.28571,3.0285716,2.6714287,3.142857,9.214286,15.842857,0.0007274002,0.010792315,-7.2791902999999985e-25,0.0,0.0,True
2004-06-07,667.5,67.3,11.828572,16.257143,7.6285715,80.94286,2.0714285,2.0428572,2.4857144,10.457143,14.8714285,0.0030650422,0.011080429,-7.2791902999999985e-25,0.0,0.0,True
2004-06-14,667.51,23.4,16.27143,22.028574,10.414286,69.5,3.5571427,3.1285713,3.6571429,9.771428,19.514286,0.0012696534,0.010010049,-7.2791902999999985e-25,3.7252903e-09,0.0,True
2004-06-21,667.45,29.1,13.471429,17.87143,9.0,75.0,2.7999997,2.6285717,2.857143,9.714286,17.042856,0.000550963,0.009609431,-7.2791902999999985e-25,3.7252903e-09,0.0,True
2004-06-28,667.35,44.2,16.128572,21.228573,10.928572,70.1,3.6000001,3.1714287,3.4857142,9.228572,18.757143,0.0009076148,0.009191245,-7.2791902999999985e-25,3.7252903e-09,0.0,True
2004-07-05,667.25,35.3,15.771429,21.0,10.314286,68.25714,3.5857143,2.8428571,3.6285713,8.228572,19.471428,0.00021283329,0.008618034,-7.2791902999999985e-25,0.0,0.0,True
2004-07-12,667.18,67.6,13.457144,17.87143,10.185715,83.07143,2.5285716,2.5,2.6142857,9.242857,17.028572,0.0060281754,0.009369098,-7.2791902999999985e-25,3.7252903e-09,0.0,True
2004-07-19,667.15,25.0,17.142857,22.47143,12.0,73.00001,3.2714286,2.8999999,3.6571429,9.357142,19.785715,0.0006761849,0.008644305,-7.284705e-25,5.5879354e-09,0.0,True
2004-07-26,667.11,83.299995,18.628572,23.942858,14.1,77.42857,3.0714285,2.8428571,3.357143,9.2,22.285715,0.00394696,0.00895042,-7.345365000000001e-25,7.450581e-09,0.0,True
2004-08-02,667.22,0.1,17.628572,24.157145,10.457144,67.67143,3.6857145,2.8857143,4.0285716,8.557143,21.757143,4.672259e-05,0.008849867,-7.345365000000001e-25,3.7252903e-09,0.0,True
2004-08-09,667.18,0.4,19.6,26.028574,13.314286,71.1,3.4142857,2.457143,3.9857142,7.571429,23.842857,0.00018822402,0.008365236,-7.345365000000001e-25,5.5879354e-09,0.0,True
2004-08-16,667.1,36.899998,17.042858,22.828571,12.385715,77.01429,2.6714284,2.3285716,3.0,7.9,20.37143,0.0016883537,0.0077872425,-7.345365000000001e-25,9.313226e-09,0.0,True
2004-08-23,666.95,32.5,16.342857,21.614286,12.042857,76.47143,2.3714287,2.142857,2.8142858,8.4,18.971428,0.00039057434,0.007318601,-7.345365000000001e-25,3.7252903e-09,0.0,True
2004-08-30,666.9,21.8,14.842857,19.37143,11.428572,79.32857,2.1285715,1.9714286,2.4428573,8.742857,17.2,0.0013970733,0.007429056,-7.345365000000001e-25,9.313226e-09,0.0,True
2004-09-06,666.78,0.2,15.714286,22.385715,9.457143,74.07143,2.4571426,1.9142857,2.8999999,8.271428,19.142857,1.4178455e-05,0.0067065507,-7.345365000000001e-25,3.7252903e-09,0.0,True
2004-09-13,666.65,7.3,15.385715,22.157145,9.214286,71.75715,2.3285713,1.7428571,2.7,7.4714284,18.714285,0.000149481,0.00633052,-7.345365000000001e-25,3.7252903e-09,0.0,True
2004-09-20,666.5,10.1,12.385715,17.442858,8.071428,80.85714,1.3857143,1.1571428,1.6714286,7.5571427,15.357142,0.00015092641,0.0059860423,-7.345365000000001e-25,0.0,0.0,True
2004-09-27,666.35,88.2,8.971429,11.757143,6.928571,85.457146,0.98571426,0.9,1.1428572,8.6285715,10.828571,0.0047731027,0.006754741,7.884843e-06,5.7497993e-05,5.9518963e-05,True
2004-10-04,666.24,19.0,12.185715,16.814285,8.485715,82.4,1.0142857,0.9142857,1.3857143,9.542857,13.228572,0.00023256242,0.0060845315,4.143942e-07,4.3213367e-06,0.0,True
2004-10-11,666.13,55.7,11.842857,16.185715,8.671429,83.9,0.88571435,0.8571429,1.1857144,9.8,12.971429,0.00031942874,0.0064251423,-7.345365000000001e-25,0.0,0.0,True
2004-10-18,666.1,33.100002,6.6285715,10.757143,3.5714285,84.04286,0.7285714,0.7428571,0.85714287,10.671429,7.9428573,0.00031279027,0.006536871,1.1251086e-05,5.067885e-05,5.8926642e-05,True
2004-10-25,666.06,21.0,11.6285715,17.27143,7.0142856,82.28571,0.82857144,0.82857144,0.91428566,10.471429,11.157143,5.5626035e-05,0.006609842,1.7881393e-06,1.0142103e-05,0.0,True
2004-11-01,665.98,9.7,8.442858,11.614286,5.6285715,89.98572,0.41428572,0.41428572,0.55714285,10.5,9.2,0.00028437376,0.0066393763,-7.345365000000001e-25,1.1175871e-08,0.0,True
2004-11-08,665.89,23.9,5.871429,8.3,4.0142856,92.28571,0.29999998,0.3142857,0.42857143,10.4,7.385714,0.0002259314,0.006655976,0.0006580069,0.00045841374,0.003949877,True
2004-11-15,665.78,11.7,-1.0857143,1.2714285,-3.114286,87.15714,0.17142858,0.17142858,0.32857147,10.442857,1.4428571,5.9187412e-05,0.0066422075,0.006419403,0.0022240598,0.010102391,True
2004-11-22,665.68,15.0,1.1142857,4.0,-2.5857143,79.65715,0.44285712,0.44285712,0.6571428,10.314285,1.2714286,0.0012994483,0.006628081,0.010899714,0.017086085,0.015996633,True
2004-11-29,665.57,5.4,2.5714285,5.6714287,-0.4857143,85.44286,0.27142859,0.27142859,0.35714287,10.385715,2.4285715,0.0006456524,0.007973067,0.00277081,0.009419743,2.5697052e-05,True
2004-12-06,665.47,0.2,0.15714286,3.2428572,-2.3142858,90.200005,0.12857144,0.12857144,0.21428572,10.271428,1.2428571,3.2380223e-05,0.008976743,0.0005635307,0.00072355196,0.0001121331,True
2004-12-13,665.34,0.0,-3.0714285,0.7571429,-5.6714287,90.15715,0.0,0.0,0.114285715,10.1285715,-0.3857143,3.97861e-06,0.009251818,0.00021734124,0.00019895285,6.971881e-06,True
2004-12-20,665.22,48.8,-1.1714287,3.7142856,-4.828572,78.64286,0.2857143,0.27142856,0.37142855,10.542857,-0.4,7.433444e-05,0.009159587,0.0093554715,0.00010742061,0.03370371,True
2004-12-27,665.1,21.0,-0.25714287,2.2,-3.457143,82.85714,0.17142858,0.17142858,0.47142857,10.728572,0.2857143,0.0003514439,0.008959234,0.02893491,0.01418961,0.01714303,True
2005-01-03,664.98,24.7,-1.0000001,1.5000001,-3.7000003,88.27143,0.025,0.025,0.34285715,10.7,0.175,0.0005323589,0.008762091,0.04364638,0.010338329,0.018452559,True
2005-01-10,664.9,6.6000004,3.5714285,7.6285715,-0.39999995,71.685715,0.62857145,0.64285713,0.7428571,10.285714,1.8714286,0.001439698,0.0091913715,0.03253209,0.029077101,5.6240708e-05,True
2005-01-17,664.83,9.3,-0.15714288,5.285714,-4.4857144,73.87144,0.3571429,0.3571429,0.35714287,10.171429,0.71428573,0.00044299662,0.011870734,0.010855385,0.0077069756,0.00031440333,True
2005-01-24,664.77,40.9,-0.41428572,2.3857143,-3.2428572,84.87144,0.37142855,0.37142855,0.55714285,10.685715,0.2,0.0028598234,0.01716248,0.016741231,0.008500883,0.031978447,True
2005-01-31,664.77,34.100002,-9.614286,-5.8428574,-14.014287,85.057144,0.014285714,0.014285714,0.2857143,10.657143,0.057142857,0.0,0.020258054,0.038740646,0.0,0.01564115,True
2005-02-07,664.73,21.0,-3.1000001,0.88571435,-6.7571435,88.957146,0.10000001,0.10000001,0.32857147,10.728572,0.1,5.9604645e-08,0.019426443,0.0715228,0.0,0.031489696,True
2005-02-14,664.7,81.1,0.7428571,5.142857,-3.1571429,82.0,0.6857143,0.6857143,0.62857145,10.685715,0.62857145,0.004637055,0.01977653,0.0682278,0.029492095,0.02197576,True
2005-02-21,665.17,29.0,-4.285714,-1.9571428,-6.642857,88.85714,0.014285714,0.014285714,0.45714286,11.114285,0.2,0.0,0.01808475,0.08577905,0.0,0.028976906,True
2005-02-28,665.56,10.7,-6.8714285,-2.9428573,-10.771429,82.61428,0.0,0.0,0.54285717,10.471429,0.1,0.0,0.017560989,0.100760765,0.0,0.008647993,True
2005-03-07,665.71,8.4,-6.785714,-1.2,-12.67143,75.057144,0.15714286,0.15714286,0.67142856,10.285714,0.1,1.4901161e-08,0.016411394,0.10539167,0.0,0.009814106,True
2005-03-14,665.78,18.2,-1.0285715,3.2714286,-6.1,80.3,0.71428573,0.7,0.95714283,10.385715,0.25714287,1.3962388e-05,0.014959507,0.13018686,0.0007855054,0.02903318,True
2005-03-21,665.81,2.3000002,7.7714286,13.685715,2.9428573,70.21429,1.7571429,1.5,2.0142858,9.728572,5.3285713,0.008493125,0.018466756,0.0876807,0.1072388,7.5623393e-06,True
2005-03-28,666.3,45.8,8.742857,14.342857,3.5857143,82.1,1.3000001,1.2428571,1.5285714,9.885715,9.8,0.0036162138,0.03554458,0.008969318,0.034382254,0.0,True
2005-04-04,666.68,25.800001,7.871429,13.785714,2.2285714,71.37143,1.9857142,1.8285714,2.0,10.5,10.028571,0.00051932037,0.038268857,0.000110211826,0.00048052333,0.0,True
2005-04-11,666.88,33.600002,6.2714286,10.342857,2.2,76.48572,1.5571429,1.4571428,1.8142856,10.157143,8.457143,0.00034818053,0.030483633,0.0010143803,0.0029447414,0.0046155155,True
2005-04-18,667.01,28.1,8.2,13.6285715,2.7000003,76.07143,1.9571428,1.7571429,2.0285714,10.085714,10.6,0.0003385991,0.02387406,0.00025958676,0.0016037244,1.668185e-05,True
2005-04-25,667.27,64.2,6.585715,10.842857,2.257143,81.77143,1.5,1.4857142,1.5714285,11.157143,9.028571,0.0014609471,0.020711869,9.596915e-05,0.00043278933,0.00042822212,True
2005-05-02,667.5,17.0,13.557143,19.785715,7.514286,68.814285,3.0571427,2.7571428,3.1142857,10.214286,15.1285715,0.0001835525,0.01815182,4.3710074e-07,5.0105155e-06,0.0,True
2005-05-09,667.6,77.5,8.057143,11.985715,5.2000003,86.22858,1.8285713,1.8285713,1.8571428,10.571428,11.042857,0.0019015372,0.016955487,0.00012282531,0.00080985203,0.0010151062,True
2005-05-16,667.603131957735,20.3,9.414286,15.2,3.542857,74.38572,2.3999999,2.1857142,2.6142857,10.1285715,12.757143,0.002956085,0.015127346,3.7216007e-05,0.00022461638,0.0,True
2005-05-23,667.765,21.8,11.957143,17.0,6.8,76.9,2.3,2.157143,2.6142857,10.328571,14.6,0.0022279173,0.014519364,-7.345365000000001e-25,1.4901161e-08,0.0,True
2005-05-30,667.77,13.6,17.814287,25.242859,9.585715,63.200005,4.4714284,3.8,4.585714,9.8714285,21.214285,0.00018905848,0.013214067,-7.345365000000001e-25,3.7252903e-09,0.0,True
2005-06-06,667.71,36.4,13.842857,18.957142,8.400001,71.700005,3.1000001,2.642857,3.2857144,8.8714285,18.042856,0.0005144626,0.012144424,-7.345365000000001e-25,0.0,0.0,True
2005-06-13,667.63,8.6,10.514285,15.714286,4.9857144,71.0,2.6714284,2.357143,3.0857143,8.542857,15.057143,0.00013181567,0.011046834,-7.345365000000001e-25,0.0,0.0,True
2005-06-20,667.58,60.699997,17.171429,22.814287,11.271429,72.8,3.742857,3.2714288,3.957143,9.0,20.857143,0.0011000186,0.010057166,-7.345365000000001e-25,3.7252903e-09,0.0,True
2005-06-27,667.5,15.3,21.314287,28.228573,14.185715,66.61429,4.985714,3.3285716,5.042857,7.5,25.557142,4.7579408e-05,0.008884601,-7.345365000000001e-25,1.4901161e-08,0.0,True
2005-07-04,667.4,67.4,18.057142,23.957144,12.714286,76.17143,3.442857,2.8142855,3.7142856,7.785714,21.542856,0.004029453,0.0078623,-7.345365000000001e-25,7.450581e-09,0.0,True
2005-07-11,667.28,63.1,12.357142,16.442858,7.9857144,85.41429,2.057143,2.042857,2.2714286,9.571428,15.814285,0.004785359,0.0074294135,-7.345365000000001e-25,3.7252903e-09,0.0,True
2005-07-18,667.28,29.3,19.0,25.757143,12.585714,69.328575,4.1428576,3.7,4.5,9.442857,22.142857,0.0006478578,0.0067609847,-7.345365000000001e-25,1.1175871e-08,0.0,True
2005-07-25,667.15,36.3,15.928572,20.057144,12.328572,79.314285,2.5857143,2.5142858,3.1142857,9.385715,18.528572,0.0010388494,0.0064033866,-7.345365000000001e-25,7.450581e-09,0.0,True
2005-08-01,667.04,3.6000001,19.557144,25.185715,13.985715,75.22858,3.2714286,3.0571425,3.7142856,9.3714285,22.171429,0.0027102754,0.00614094,-7.345365000000001e-25,1.1175871e-08,0.0,True
2005-08-08,666.93,78.8,13.414286,17.314287,9.828572,82.12858,2.1142857,2.1,2.4428573,10.157143,16.72857,0.004086897,0.006286636,-7.345365000000001e-25,3.7252903e-09,0.0,True
2005-08-15,666.84,29.3,13.8,19.47143,8.314286,76.34286,2.6428568,2.3285713,2.957143,9.542857,17.77143,0.001145944,0.0067678243,-7.345365000000001e-25,0.0,0.0,True
2005-08-22,666.75,136.29999,15.0,18.914286,11.328572,87.04286,1.6999999,1.6428572,2.1857142,10.3714285,17.157143,0.009713829,0.012886204,-7.345365000000001e-25,3.7252903e-09,0.0,True
2005-08-29,667.4,26.0,15.099999,19.87143,10.571428,83.37144,2.0142858,1.8999999,2.4857142,10.757143,17.585714,0.0025484338,0.022191666,-7.345365000000001e-25,0.0,0.0,True
2005-09-05,668.19,0.0,18.114286,24.557144,12.114286,78.700005,2.457143,2.0714285,3.1000001,9.4,21.4,5.969405e-05,0.01919718,-7.345365000000001e-25,7.450581e-09,0.0,True
2005-09-12,668.45,46.5,16.414288,21.814287,11.742858,81.41429,2.1285715,1.8428572,2.4428573,9.3,19.72857,0.0005015433,0.016572095,-7.345365000000001e-25,0.0,0.0,True
2005-09-19,668.52,18.7,12.17143,16.057142,8.7,83.442856,1.1428572,1.1,1.7428571,10.285714,13.828571,0.0008842498,0.014447622,-7.345365000000001e-25,3.7252903e-09,0.0,True
2005-09-26,668.45,0.0,11.714286,18.071428,6.114286,81.328575,1.4857143,1.2714285,1.8142856,9.9,14.057143,5.1110983e-06,0.012952752,-7.345365000000001e-25,0.0,0.0,True
2005-10-03,668.34,69.5,10.228571,13.328572,7.5285716,88.314285,0.67142856,0.6571428,1.0285714,10.571428,11.671429,0.0026160926,0.012225129,-7.345365000000001e-25,3.7252903e-09,0.0,True
2005-10-10,668.31,1.9,11.142858,15.557143,7.328572,88.314285,0.82857144,0.78571427,1.1285714,10.857142,12.857142,0.0008015856,0.011366308,-7.345365000000001e-25,1.8626451e-09,0.0,True
2005-10-17,668.16,0.1,8.271429,15.257143,2.5857143,82.08572,0.94285715,0.8142857,1.1142857,10.014286,10.885715,4.5448542e-07,0.01123751,-7.345365000000001e-25,0.0,0.0,True
2005-10-24,668.0,9.400001,9.1,14.871429,4.142857,84.64286,0.68571424,0.64285713,0.85714287,9.814285,9.885715,2.6397407e-05,0.01077529,-7.345365000000001e-25,0.0,0.0,True
2005-10-31,667.83,0.1,11.185715,18.714285,5.1,73.314285,0.9285715,0.8142857,1.0285714,9.657143,11.057143,2.9802322e-07,0.01015804,-7.345365000000001e-25,1.8626451e-09,0.0,True
2005-11-07,667.62,15.1,8.671429,13.157143,4.6142855,87.02857,0.51428574,0.50000006,0.5714286,9.885715,8.785714,0.0002837777,0.009482242,-7.345365000000001e-25,1.8626451e-09,0.0,True
2005-11-14,667.42,0.0,4.9714284,10.428572,0.71428573,84.22858,0.4285714,0.39999995,0.42857143,10.028571,5.8714285,2.3394823e-06,0.008846454,-7.345365000000001e-25,0.0,0.0,True
2005-11-21,667.17,24.0,0.5285714,3.7857144,-2.8285716,86.28571,0.2857143,0.24285717,0.3857143,10.185715,2.0285714,0.00010371208,0.008268967,0.0069849435,0.001065027,0.024154413,True
2005-11-28,667.01,19.0,-4.285714,-1.2142857,-7.828572,82.314285,0.042857144,0.042857144,0.37142855,10.542857,0.4,1.17868185e-05,0.0077619404,0.026243607,0.00076579675,0.010225318,True
2005-12-05,666.81,15.6,-0.82857144,3.2142856,-4.6857142,85.442856,0.18571427,0.18571427,0.2857143,10.542857,0.6,0.00024667382,0.0072949976,0.028421124,0.0089422,0.0022796467,True
2005-12-12,666.61,1.9,-1.9428571,0.3285714,-4.457143,88.057144,0.12857144,0.12857144,0.27142859,10.457143,0.32857144,5.7175756e-05,0.006892875,0.026957234,0.0028023925,0.005398251,True
2005-12-19,666.4,55.7,-2.3142858,-0.042857103,-4.8285713,87.58572,0.114285715,0.114285715,0.35714287,10.757143,-0.057142857,7.0504844e-05,0.006562978,0.04124946,0.0014594793,0.042239405,True
2005-12-26,666.2,15.3,-2.3857143,-0.17142856,-5.057143,93.67143,0.057142857,0.057142857,0.20000002,10.571428,0.08571429,8.940697e-08,0.006272882,0.073469035,0.0,0.014391528,True
2006-01-02,666.03,55.3,-4.3714285,-1.4714286,-8.057143,89.57143,0.1,0.1,0.20000002,10.58,0.2,8.561462e-05,0.0060051084,0.09265639,0.002121102,0.022369035,True
2006-01-09,665.87,0.5,-6.1,-2.0428572,-9.400001,89.52857,0.014285714,0.014285714,0.15714286,10.471429,0.15714286,0.0,0.0057517365,0.10347384,0.0,0.0012620799,True
2006-01-16,665.83,4.8,-7.914286,-0.9142857,-12.928572,73.328575,0.014285714,0.014285714,0.18571427,10.228572,-0.21428572,0.0,0.005516857,0.10327916,0.0,7.8231096e-07,True
2006-01-23,665.56,44.4,-1.0714285,1.8428571,-4.6571426,90.17143,0.27142859,0.27142859,0.3,10.8,0.114285715,7.529557e-05,0.0052921697,0.12894416,0.0018191412,0.034613773,True
2006-01-30,665.45,0.0,-5.2428575,0.44285712,-10.471429,81.057144,0.1,0.1,0.37142855,10.285714,-0.6,1.4901161e-08,0.0050746426,0.13802144,0.0,0.0011290424,True
2006-02-06,665.34,1.6,-4.7714286,0.6142856,-9.2,83.15715,0.22857143,0.21428572,0.37142858,10.114285,-0.4857143,0.0,0.004868351,0.13775434,0.0,0.0015371032,True
2006-02-13,665.23,23.4,-3.957143,-0.14285715,-7.371429,87.314285,0.15714286,0.15714286,0.45714286,10.357142,0.057142857,5.9604645e-08,0.00467214,0.15849221,0.0,0.03145562,True
2006-02-20,665.14,44.5,2.2285714,5.828572,-1.9285715,81.27143,0.6999999,0.6999999,0.71428573,10.8714285,0.3857143,0.00063848495,0.004486926,0.1649248,0.021992734,0.003856305,True
2006-02-27,665.17,8.2,-1.3285714,1.0428572,-3.5857143,87.85714,0.14285715,0.14285715,0.54285717,10.314285,0.27142859,9.025633e-05,0.0043646097,0.15340395,0.004007183,0.007661948,True
2006-03-06,665.23,91.7,-3.1857142,0.59999996,-7.7000003,85.51429,0.18571429,0.18571429,0.5857143,11.114285,0.042857144,4.61936e-07,0.004292242,0.18196984,0.0,0.06423656,True
2006-03-13,665.31,62.3,-2.4,1.3857144,-7.0285716,86.942856,0.41428572,0.41428572,0.7,11.4,0.12857144,0.0012762174,0.0044177473,0.22853424,0.01676266,0.023790456,True
2006-03-20,665.45,0.0,-2.1285715,3.0714285,-7.2428575,78.08572,0.6571428,0.61428577,1.0857142,10.314285,0.32857144,0.00011378527,0.0044403896,0.23134162,0.005753979,1.3373792e-05,True
2006-03-27,665.58,23.599998,6.0,10.571428,2.1142857,82.07143,1.2428571,1.2428571,1.3857143,10.042857,3.857143,0.0092356205,0.013030715,0.18698913,0.10392279,0.0012374148,True
2006-04-03,666.57,49.7,7.071429,11.3714285,3.6000001,81.557144,1.6714286,1.6714286,1.6285714,10.7,7.542857,0.010292321,0.068360575,0.07700037,0.10146899,0.00016088411,True
2006-04-10,668.27,60.0,3.6000001,8.2,-0.6571428,81.92857,1.3285713,1.3142856,1.4857142,11.085714,5.1285715,0.0018704161,0.07599604,0.021738473,0.03098125,0.024916854,True
2006-04-17,669.44,28.8,5.4000006,9.342857,1.5571429,84.02857,1.3714285,1.3857143,1.4428571,11.057143,5.6714287,0.0027995855,0.045866773,0.013351327,0.033466153,0.010616314,True
2006-04-24,669.73,5.6,10.528572,16.985714,4.428571,70.457146,2.7142856,2.4285715,2.7,9.8,12.985714,0.00017894804,0.038747363,4.2012758e-05,0.00027538836,0.0,True
2006-05-01,669.88,50.800003,8.671429,12.814286,4.6142855,81.28571,1.6857144,1.6000001,1.8285714,10.271428,11.385715,0.0009957328,0.029297233,0.00019279549,0.0007382985,0.0009707473,True
2006-05-08,670.09,5.2,12.900001,19.628572,5.3857145,65.21429,3.5714285,2.8857143,3.3999999,9.3714285,16.442858,7.586181e-05,0.023039281,2.8434253e-05,0.00024014711,0.0,True
2006-05-15,670.08,48.4,11.428572,17.528572,5.3857145,74.44286,2.785714,2.5571427,2.8999999,9.114285,14.642858,0.0011440068,0.018269986,2.7020772e-06,2.0381063e-05,1.9896775e-05,True
2006-05-22,670.14,34.3,14.214286,19.5,9.714286,74.38572,3.0142858,2.9285715,3.042857,9.942857,15.757143,0.0013907254,0.015100017,-7.345365000000001e-25,0.0,0.0,True
2006-05-29,670.07,62.6,11.957144,15.314286,8.557143,79.328575,2.2428572,2.2,2.0428572,9.814285,13.657143,0.0045591816,0.013793588,-7.345365000000001e-25,7.450581e-09,0.0,True
2006-06-05,670.17,40.0,6.5285716,10.328572,3.0142858,84.9,1.7428571,1.7428571,1.7714285,10.985714,9.957143,0.0018172339,0.013985507,0.00014813173,0.00093897805,0.0009041354,True
2006-06-12,670.15,0.0,13.028571,19.457142,5.1714287,61.68571,4.0142856,3.242857,4.1,9.557143,16.828571,5.9485435e-05,0.0150634125,3.0086153e-07,2.8163195e-06,0.0,True
2006-06-19,670.04,8.3,20.2,26.957144,13.042857,62.657143,4.857143,3.7,5.0,7.957143,23.385714,0.00011768937,0.013681993,-7.345365000000001e-25,7.450581e-09,0.0,True
2006-06-26,669.87,15.0,20.042858,25.87143,14.642858,72.54286,4.1142855,3.0714288,4.3,7.571429,23.37143,6.122887e-05,0.01190649,-7.345365000000001e-25,7.450581e-09,0.0,True
2006-07-03,669.7,18.099998,18.571428,24.128572,12.371429,71.557144,3.9285715,3.0142858,4.457143,7.6714287,22.457144,0.00017476082,0.010205612,-7.345365000000001e-25,7.450581e-09,0.0,True
2006-07-10,669.48,24.2,19.114286,24.928572,13.542857,74.75714,3.657143,2.8142855,3.9714284,7.7,23.2,0.00042702258,0.008657284,-7.345365000000001e-25,1.1175871e-08,0.0,True
2006-07-17,669.27,5.4,20.17143,26.728573,13.614286,68.685715,4.642857,3.0142858,4.8857145,7.1,24.685715,0.0001244694,0.0074280277,-7.345365000000001e-25,7.450581e-09,0.0,True
2006-07-24,669.03,16.800001,22.114286,29.828571,14.157144,60.3,5.071429,2.042857,5.2000003,6.1285715,25.428572,3.2767653e-05,0.0062750503,-7.345365000000001e-25,7.450581e-09,0.0,True
2006-07-31,668.77,55.3,21.47143,28.285715,15.442858,70.37143,4.185714,2.2285714,4.3857145,6.242857,24.6,0.000118136406,0.005312592,-7.345365000000001e-25,3.7252903e-09,0.0,True
2006-08-07,668.51,95.4,14.0,17.428572,11.542857,87.21429,1.9571428,1.8714286,2.0142858,8.814285,16.842857,0.0017962232,0.0046872348,-7.345365000000001e-25,5.5879354e-09,0.0,True
2006-08-14,668.3,62.899998,12.157143,16.242857,9.17143,84.957146,1.7428571,1.7142857,2.0285714,10.342857,14.885715,0.0011645779,0.0043794885,-7.345365000000001e-25,0.0,0.0,True
2006-08-21,668.11,21.2,15.6285715,20.942858,10.542857,78.88572,2.6857145,2.5142858,2.8857143,9.942857,18.071428,0.00025507808,0.0042113885,-7.345365000000001e-25,1.8626451e-09,0.0,True
2006-08-28,667.91,72.5,13.142858,17.928572,9.342857,83.971436,1.9714288,1.9428571,2.1,10.357142,15.814285,0.0020617396,0.0046372637,-7.345365000000001e-25,3.7252903e-09,0.0,True
2006-09-04,667.8,26.2,14.0,19.271427,9.442858,77.85714,2.142857,2.0,2.4428573,10.7,15.614285,0.0016748011,0.0045746937,-7.345365000000001e-25,1.1175871e-08,0.0,True
2006-09-11,667.66,11.0,16.814287,23.457144,10.457144,78.3,2.4857142,2.1285713,2.8999999,9.6285715,19.7,0.00021392107,0.004797764,-7.345365000000001e-25,1.8626451e-09,0.0,True
2006-09-18,667.48,33.100002,16.042858,21.142857,11.3,81.54286,1.6571429,1.4,1.9857142,9.271428,18.457144,0.0007161349,0.0047759935,-7.345365000000001e-25,1.8626451e-09,0.0,True
2006-09-25,667.31,39.2,14.985715,20.814287,9.557143,82.82857,1.5714284,1.4285713,1.8857143,9.942857,17.27143,0.0071706176,0.0076887533,-7.345365000000001e-25,5.5879354e-09,0.0,True
2006-10-02,667.15,28.1,13.67143,17.614286,10.257143,88.24286,1.057143,1.0285714,1.2571429,10.714286,15.357142,0.00061680377,0.0061845556,-7.345365000000001e-25,1.8626451e-09,0.0,True
2006-10-09,667.04,31.9,10.471429,15.957144,6.1285715,82.15714,1.1714286,1.1285714,1.3714286,10.814285,11.8714285,0.004029125,0.006748222,-7.345365000000001e-25,3.7252903e-09,0.0,True
2006-10-16,666.9,0.1,11.0,16.300001,6.442857,87.22858,0.88571423,0.7714285,1.1,9.914286,12.757143,2.0481646e-05,0.0074924603,-7.345365000000001e-25,1.8626451e-09,0.0,True
2006-10-23,666.78,5.3,10.814285,17.128572,5.7428575,82.75714,0.88571423,0.7428571,0.9857143,9.6,11.928572,3.695488e-06,0.0074867085,-7.345365000000001e-25,1.8626451e-09,0.0,True
2006-10-30,666.6,15.700001,12.3714285,17.571428,7.7571435,80.48572,1.0285715,0.9571429,1.0,9.642858,11.6285715,0.0002316907,0.007288672,-7.345365000000001e-25,3.7252903e-09,0.0,True
2006-11-06,666.43,7.5999994,3.2857144,8.442858,-1.1857144,78.75714,0.61428577,0.61428577,0.7571429,9.714286,4.3,0.00025001168,0.00706657,0.0046230783,0.0053488724,0.009783842,True
2006-11-13,666.26,26.4,6.214286,10.900001,1.3857144,77.91429,0.7,0.65714294,0.7714286,9.814285,5.042857,0.0011192262,0.0073178634,0.0010007109,0.0044759866,0.00016217306,True
2006-11-20,666.1,10.8,8.142858,13.2,3.8,84.58572,0.50000006,0.50000006,0.47142857,10.057143,7.142857,0.00049645454,0.007480383,1.4259702e-05,9.6321106e-05,1.4565885e-06,True
2006-11-27,665.94,19.1,6.3714285,12.157144,1.5142858,78.542854,0.45714286,0.45714286,0.54285717,10.185715,5.0571427,0.0007850975,0.008494407,0.0009158055,0.0024294518,0.0026092976,True
2006-12-04,665.78,21.5,4.2714286,8.342857,0.64285713,86.6,0.3,0.2857143,0.29999998,10.042857,4.2285714,0.00030593574,0.009281367,8.493946e-05,0.00022632256,0.0,True
2006-12-11,665.63,49.3,3.8714287,8.1285715,0.02857147,88.457146,0.35714287,0.35714287,0.37142855,10.8714285,3.8857143,0.0005661845,0.009566426,0.007884031,0.003550604,0.02500274,True
2006-12-18,665.53,6.9,1.6142857,5.642857,-1.7857143,80.88572,0.3285714,0.3285714,0.3,10.414286,1.1142857,0.00054341555,0.010490522,0.014832832,0.014363455,0.0011959374,True
2006-12-25,665.5100439981363,0.0,-3.1571429,0.05714285,-5.9857144,85.557144,0.114285715,0.114285715,0.24285714,10.214286,-0.4,3.363192e-05,0.011831529,0.007864413,0.0015054308,0.0001789555,True
2007-01-01,665.42,28.1,1.6000001,6.1,-2.642857,72.72857,0.38333336,0.35,0.51428574,10.1,-0.28333333,0.00031629205,0.012220047,0.00446193,0.0051646233,3.9808452e-05,True
2007-01-08,665.265,26.4,3.7857144,5.857143,1.5428572,85.42857,0.5,0.5,0.5857143,10.571428,2.3428571,0.0009859055,0.012271546,0.010414186,0.019347947,0.019795105,True
2007-01-15,665.23,8.599999,6.2714286,10.185715,2.6857142,81.24286,0.8,0.78571427,0.78571427,10.271428,4.714286,0.0014925301,0.015343502,0.00038324084,0.002369728,2.644956e-06,True
2007-01-22,665.19,28.8,6.5428576,9.657143,3.357143,76.92857,0.9857144,0.9428572,0.9857143,10.157143,4.9428573,0.0012644678,0.018412575,3.5115652e-05,2.7524307e-05,0.0015262105,True
2007-01-29,665.15,18.7,-3.5857143,-1.1571429,-6.214286,87.57143,0.15714286,0.15714286,0.45714286,10.6,0.54285717,4.23193e-06,0.019626327,0.018106768,0.000106755644,0.026008368,True
2007-02-05,665.12,26.099998,0.09999997,4.2714286,-3.857143,85.58571,0.5,0.5,0.45714286,10.157143,1.1428572,0.00045070052,0.018981583,0.018345362,0.016806157,0.001052402,True
2007-02-12,665.1,49.5,2.5857143,5.957143,-0.45714286,88.3,0.64285713,0.64285713,0.55714285,10.7,2.4857142,0.0016779751,0.01860068,0.0122415675,0.018995794,0.011867523,True
2007-02-19,665.32,13.7,3.2428572,8.457143,-1.6428572,75.44286,0.85714287,0.85714287,0.87142855,10.742857,3.3285713,0.00044874847,0.020077102,0.0016934588,0.004395101,0.0011605285,True
2007-02-26,665.42,16.6,4.8857145,10.657144,0.54285717,77.44286,1.0714285,0.9714286,1.0571429,9.971429,5.3285713,0.0002520606,0.020967036,0.00041882764,0.0013180543,0.004585102,True
2007-03-05,665.54,54.1,5.4,9.385714,1.9428571,79.67143,1.4,1.4,1.1428572,10.728572,5.1857142,0.0014101267,0.020470038,0.0020954723,0.010119852,0.00629241,True
2007-03-12,665.76,9.400001,4.114286,9.8714285,-1.0571429,77.87144,1.2714285,1.2428571,1.2285715,10.2,5.7285714,0.00026049465,0.021769628,0.0009836413,0.0025032647,0.0036640912,True
2007-03-19,665.85,26.8,5.871429,12.114286,0.24285714,75.14286,1.4571428,1.2571429,1.5428572,9.728572,7.3285713,0.00017407537,0.020650148,0.00065904006,0.0016875677,0.0060753934,True
2007-03-26,665.89,36.0,1.1285714,4.7428575,-2.0000002,82.58572,0.9285714,0.9,1.1999999,10.314285,2.3142858,0.00056234,0.018713266,0.02239674,0.025084091,0.033858113,True
2007-04-02,666.0,0.3,5.971429,13.0,-0.6285715,70.78571,1.7571429,1.5,1.9,9.757143,8.042857,0.0004035458,0.016925588,0.0033010812,0.014667949,0.0019526258,True
2007-04-09,666.07,16.1,6.6285715,13.242858,0.2857143,75.64286,2.1571429,1.8714286,1.8571428,9.471429,9.814285,0.0002733022,0.015557401,0.00043888888,0.0022645239,0.0019138902,True
2007-04-16,666.08,0.0,12.1285715,20.414286,2.357143,65.47143,3.5571427,2.6571426,3.1142857,8.4,15.228572,4.917383e-07,0.013958029,1.3623919e-06,1.0823831e-05,0.0,True
2007-04-23,666.06,0.0,10.642858,19.285715,0.88571423,65.28571,3.2714288,1.8571428,3.0285716,7.214286,15.6,2.1249056e-05,0.012114696,-7.345365000000001e-25,0.0,0.0,True
2007-04-30,666.02,0.1,13.842857,21.800001,5.6714287,65.328575,3.7571428,1.3000001,3.5285714,6.4428573,17.7,9.223819e-06,0.010308117,-7.345365000000001e-25,0.0,0.0,True
2007-05-07,665.93,49.600002,10.757143,16.028572,4.928571,74.65715,2.7714288,1.0571429,2.5571427,6.5,14.657143,0.0005659461,0.008740947,-7.345365000000001e-25,0.0,0.0,True
2007-05-14,665.84,24.7,14.314286,19.528574,8.257143,69.27143,3.6857142,3.142857,3.4857142,8.8714285,15.885715,0.0014167577,0.008004345,-7.345365000000001e-25,7.450581e-09,0.0,True
2007-05-21,665.76,63.1,11.842857,18.014286,4.828572,76.41429,3.0,2.6857142,3.1142857,9.514286,15.814285,0.0017110258,0.0076598674,-7.345365000000001e-25,0.0,0.0,True
2007-05-28,665.7411821073019,68.2,16.47143,22.600002,9.642858,73.942856,3.5714285,3.0142858,3.7000003,8.914286,20.571428,0.00096678734,0.0066553354,-7.345365000000001e-25,0.0,0.0,True
2007-06-04,665.79,57.600002,11.1285715,15.642858,6.2285714,83.22858,2.142857,2.1571429,2.4285715,10.857142,14.514286,0.005871862,0.012404799,3.9242565e-05,0.0002869591,0.00027943403,True
2007-06-11,666.15,53.1,17.414286,23.528574,11.042857,78.14286,3.5,3.085714,4.0285716,9.714286,21.27143,0.00034667552,0.009638853,-7.345365000000001e-25,2.9802322e-08,0.0,True
2007-06-18,666.22,37.2,17.171429,23.014286,11.542857,76.24286,3.7142856,3.5571427,3.8857143,10.1,20.885714,0.0040914714,0.010395534,-7.345365000000001e-25,3.7252903e-09,0.0,True
2007-06-25,666.32,42.0,17.300001,22.628572,11.885714,75.48572,3.8428571,3.5857143,3.8142858,10.071428,21.014286,0.006075278,0.009827778,-7.345365000000001e-25,7.450581e-09,0.0,True
2007-07-02,666.21,41.1,13.728572,18.34286,9.271429,77.74286,3.0,2.8,3.1142857,10.1,17.142857,0.0017381385,0.010683544,-7.345365000000001e-25,0.0,0.0,True
2007-07-09,666.2,60.3,13.371429,17.642857,9.785714,84.27143,2.4285715,2.385714,2.3999999,10.728572,15.671429,0.0072545856,0.017554224,-7.345365000000001e-25,3.7252903e-09,0.0,True
2007-07-16,666.18,12.8,16.528572,23.17143,9.757143,72.28572,3.914286,3.442857,3.9857142,10.2,19.542856,0.000535205,0.023540914,-7.345365000000001e-25,7.450581e-09,0.0,True
2007-07-23,666.29,62.6,19.528574,25.2,13.914286,76.58572,3.8142858,3.4285715,4.071429,9.442857,23.357143,0.0068639666,0.0220832,-7.345365000000001e-25,1.1175871e-08,0.0,True
2007-07-30,666.33,35.800003,16.27143,21.357143,10.6285715,74.92857,3.3857143,3.1,3.6714287,10.114285,20.028572,0.0062568337,0.022229597,-7.345365000000001e-25,1.1175871e-08,0.0,True
2007-08-06,666.38,32.1,15.099999,21.642857,7.4000006,75.700005,3.214286,2.9,3.4285715,9.885715,19.557142,0.00018179417,0.017402992,-7.345365000000001e-25,7.450581e-09,0.0,True
2007-08-13,666.73,85.0,14.414286,18.457144,10.357142,87.74286,1.9,1.9,2.2285714,11.142858,17.842857,0.0047852546,0.020681992,-7.345365000000001e-25,0.0,0.0,True
2007-08-20,666.97,24.2,15.714286,21.114286,10.842857,82.07143,2.2571428,2.1000001,2.6857142,10.2,19.185715,0.001367107,0.02070795,-7.345365000000001e-25,1.8626451e-09,0.0,True
2007-08-27,667.08,4.0,16.014286,22.057144,9.785714,80.457146,2.557143,2.2714286,2.9714284,9.8714285,19.942858,0.00037188828,0.019253142,-7.345365000000001e-25,9.313226e-09,0.0,True
2007-09-03,667.14,81.6,13.414286,17.928572,9.5,87.37144,1.3999999,1.3714285,1.8000001,10.571428,16.385714,0.0031025857,0.018274486,-7.345365000000001e-25,1.8626451e-09,0.0,True
2007-09-10,667.27,34.2,9.671428,13.557143,5.371429,87.25714,1.1142857,1.1142857,1.3571428,10.828571,11.814285,0.0015408546,0.019291863,-7.345365000000001e-25,0.0,0.0,True
2007-09-17,667.31,18.5,12.67143,18.842855,5.6285715,81.17143,1.7714285,1.6428572,2.1142857,10.228572,15.2,0.000507012,0.01950591,-7.345365000000001e-25,5.5879354e-09,0.0,True
2007-09-24,667.34,29.400002,11.0,18.385714,4.042857,82.557144,1.6285714,1.4857143,1.8714286,10.314285,14.471429,0.001038745,0.018393934,-7.345365000000001e-25,1.8626451e-09,0.0,True
2007-10-01,667.4,39.8,9.5,13.5,6.371429,86.8,0.9285714,0.9285714,1.2142857,10.742857,11.314285,0.00060890615,0.01713895,-7.345365000000001e-25,0.0,0.0,True
2007-10-08,667.43,1.0999999,12.7,18.514286,7.8714285,86.314285,1.1142857,0.9857144,1.4142857,9.971429,15.085714,5.0589442e-05,0.015896298,-7.345365000000001e-25,5.5879354e-09,0.0,True
2007-10-15,667.37,0.0,7.8714285,14.085715,1.7428572,86.32857,0.84285706,0.7142858,1.0428572,9.6,11.0,2.7269125e-06,0.014465377,-7.345365000000001e-25,3.7252903e-09,0.0,True
2007-10-22,667.29,13.6,4.471429,8.414286,0.24285714,85.5,0.68571436,0.6,0.78571427,9.642858,6.8285713,0.00024645776,0.012959443,0.0014611313,0.0007081218,0.005065631,True
2007-10-29,667.21,0.70000005,3.6857142,6.8142858,0.8000001,87.21429,0.37142855,0.32857147,0.61428577,9.742857,4.6,7.529557e-05,0.011669584,0.0013834692,0.0041782204,2.59839e-05,True
2007-11-05,667.0221335093131,13.5,4.328572,9.142858,-1.0142858,89.614296,0.4857143,0.4571429,0.5,9.671429,5.4142857,9.6559525e-05,0.010568567,2.6504198e-05,0.00011513755,0.0,True
2007-11-12,666.95,55.699997,2.8285716,5.0285716,0.67142856,89.98572,0.62857145,0.64285713,0.5142857,10.6,3.0428572,0.0034423769,0.011226051,0.010795111,0.015039174,0.039685436,True
2007-11-19,666.92,28.0,-4.8,-1.0857143,-9.328572,91.94286,0.10000001,0.10000001,0.24285714,10.957143,0.6,2.0191073e-05,0.009546623,0.042952757,0.00095842406,0.023470359,True
2007-11-26,666.82,13.7,1.0428572,4.2428575,-1.9428571,93.92857,0.20000002,0.20000002,0.2857143,10.428572,1.4,0.0009916574,0.009690329,0.033229306,0.029617313,0.014856577,True
2007-12-03,666.76,31.3,1.7571429,4.7000003,-1.6857144,84.88572,0.48571426,0.48571426,0.44285712,10.5,1.4714285,0.0018192977,0.012559496,0.027931973,0.025692824,0.004250977,True
2007-12-10,666.79,62.2,3.642857,6.085715,0.7571429,88.700005,0.6571428,0.6571428,0.44285718,11.0,3.142857,0.0017939135,0.02595473,0.009218886,0.021807032,0.015749067,True
2007-12-17,666.99,26.7,-2.4428573,-1.0285714,-4.0857143,89.442856,0.071428575,0.071428575,0.31428573,11.028571,0.31428573,0.00011694431,0.033696726,0.03681367,0.0022870284,0.03502834,True
2007-12-24,667.02,0.0,-7.214286,-0.59999996,-11.400001,84.52857,0.042857144,0.042857144,0.028571429,10.285714,-1.2142857,5.7421625e-05,0.028982982,0.037373416,0.0030086786,7.711351e-07,True
2007-12-31,666.99,9.6,-3.114286,1.4285715,-8.271429,86.54286,0.11428572,0.11428572,0.18571429,10.242857,-1.2,0.00011629611,0.023599297,0.034362253,0.0054094084,0.01264498,True
2008-01-07,666.95,26.7,-2.2285714,1.0714285,-6.3,87.15714,0.21428572,0.21428572,0.22857143,10.657143,-0.44285715,0.0014877468,0.019545585,0.042753242,0.01251645,0.007227298,True
2008-01-14,666.98,4.3,1.0571429,5.8,-3.6000001,85.67143,0.42857143,0.42857143,0.32857147,10.614285,0.22857143,0.0003323257,0.016904071,0.031957097,0.012866015,0.00416572,True
2008-01-21,667.35,15.799999,3.9857144,7.1857142,0.31428573,82.07143,0.7428571,0.7428571,0.5428571,10.3714285,2.0285714,0.00084715337,0.015663736,0.019237807,0.027529417,0.0020121932,True
2008-01-28,667.11,10.3,1.6142857,6.642857,-2.9857144,71.828575,0.87142855,0.87142855,0.6571428,10.4,1.3285714,0.0007074699,0.015474871,0.0052000396,0.0051912107,0.0030527897,True
2008-02-04,667.05,23.9,-0.3142857,5.428571,-5.785714,85.34286,0.5285715,0.51428574,0.45714286,10.171429,1.0,0.0002474934,0.015356995,0.0067396676,0.0053252187,0.012932509,True
2008-02-11,666.99,5.5,1.4714286,6.557143,-3.4428573,75.34286,0.9857143,0.9285715,0.7571429,10.171429,1.9,0.0009962916,0.015631758,0.006902025,0.010645421,0.00376283,True
2008-02-18,666.91,0.0,-2.1285715,4.957143,-7.828572,73.35714,0.6999999,0.5857143,0.6857143,9.814285,0.4857143,5.39124e-05,0.015583716,0.0022386482,0.0023810677,9.159371e-05,True
2008-02-25,666.79,2.8,5.1142855,11.857142,-0.9857144,73.48572,1.3142856,1.1,1.1142857,9.442857,4.757143,0.000101298094,0.015166588,0.00044423057,0.0012999065,6.6943467e-06,True
2008-03-03,666.67,42.7,6.871429,10.657143,1.6857144,79.42857,1.5142858,1.4571428,1.2428571,9.4,6.5857143,0.0012649745,0.014340743,4.7076315e-05,4.42788e-05,0.0021894425,True
2008-03-10,666.63,14.1,-0.7714286,4.414286,-6.371429,78.38572,0.8000001,0.7714286,0.94285715,9.942857,2.4571428,0.00014647841,0.013771616,0.0053496077,0.0057525877,0.0063830353,True
2008-03-17,666.53,40.4,5.857143,9.357142,2.1142857,80.24286,1.3571428,1.3571428,1.2714287,10.585714,5.9142857,0.0026317611,0.0133971125,0.00066167966,0.0029794462,0.0018609427,True
2008-03-24,666.5423712354079,36.5,-1.0857142,2.2714286,-4.2714286,83.17143,0.7714285,0.7714285,0.88571423,10.6,1.9142857,0.00016068667,0.014081322,0.0135596935,0.0047472045,0.031903803,False
2008-03-31,666.475,13.7,2.957143,7.7714286,-1.9,77.18572,1.4428571,1.3428571,1.4142857,10.157143,4.214286,0.0011824071,0.014505006,0.024954563,0.036787514,0.014868423,True
2008-04-07,666.6,46.6,3.2428572,6.457143,0.1714286,85.67143,1.1,1.0714285,1.1428572,10.257143,5.2,0.0018984228,0.022641808,0.0037829932,0.0102050975,0.015226558,True
2008-04-14,666.75,20.900002,6.285714,12.185715,0.014285684,76.35714,1.6714286,1.6285715,1.7428571,10.4,8.071428,0.001772508,0.02804102,0.0024026348,0.010080017,0.0011420064,True
2008-04-21,666.91,76.8,6.0285716,10.914286,0.7285714,81.91429,1.6857144,1.6285714,1.8142856,10.271428,8.428572,0.0011763275,0.026764333,0.0024396805,0.011568168,0.010771845,True
2008-04-28,667.31,34.800003,8.585714,13.528572,3.2714288,80.62858,2.1571426,2.1,2.0571427,11.014286,11.471429,0.0065493807,0.04642737,2.7134305e-05,0.00018851459,0.00015810132,True
2008-05-05,667.68,0.8,9.328572,15.900001,2.0714288,70.51429,2.8714287,2.5571427,2.8857143,9.9,13.3714285,0.00043442845,0.03557837,-7.345365000000001e-25,1.15484e-07,0.0,True
2008-05-12,667.8546226496044,7.7,12.400001,19.742859,3.6000001,63.4,4.2285714,3.1714284,3.8142855,8.442857,16.77143,1.5512109e-05,0.02577217,-7.345365000000001e-25,0.0,0.0,True
2008-05-19,667.775,37.2,13.214286,18.97143,7.285714,73.38572,2.6857142,2.1714287,3.1142857,7.8714285,16.842857,0.0005008131,0.01865317,-7.345365000000001e-25,0.0,0.0,True
2008-05-26,667.75,1.0999999,12.314286,16.842857,7.2428575,78.65715,1.9714286,1.8714286,2.5571427,8.585714,14.442857,5.0470233e-05,0.0145882815,-7.345365000000001e-25,0.0,0.0,True
2008-06-02,667.67,13.700001,18.242857,25.5,10.442858,72.957146,3.9714284,3.2428572,3.8,7.714286,21.7,0.0030952469,0.011732034,-7.345365000000001e-25,3.7252903e-09,0.0,True
2008-06-09,667.43,23.400002,13.657144,17.342857,9.842857,88.3,1.8428571,1.7285715,2.1571429,8.757143,17.114286,0.003161937,0.009893507,-7.345365000000001e-25,0.0,0.0,True
2008-06-16,667.3646729075695,25.8,12.228571,16.6,7.8142858,81.75714,2.1857142,2.1571429,2.5,9.357142,16.242857,0.0026778653,0.008927755,-7.345365000000001e-25,3.7252903e-09,0.0,False
2008-06-23,667.26,2.1,18.071428,24.257143,10.857142,72.35714,4.0142856,3.4571426,4.4428573,8.785714,21.157143,0.00010408461,0.008276112,-7.345365000000001e-25,7.450581e-09,0.0,True
2008-06-30,667.12,8.3,19.157145,25.014286,12.385715,75.18572,3.8857143,3.0857143,3.9714284,7.8142858,23.4,0.00021440536,0.0075096786,-7.345365000000001e-25,7.450581e-09,0.0,True
2008-07-07,666.96,34.9,17.4,23.914288,10.8,76.52857,3.6142857,3.085714,3.7857144,7.757143,21.9,0.0010916293,0.0067460537,-7.345365000000001e-25,7.450581e-09,0.0,True
2008-07-14,666.77,75.0,15.314286,19.742857,10.985715,80.1,2.8428571,2.742857,3.0285716,8.7,18.5,0.0054875016,0.0074613392,-7.345365000000001e-25,7.450581e-09,0.0,True
2008-07-21,666.63,47.8,15.028572,19.77143,9.814286,80.11428,2.9,2.9285715,3.1857142,9.957143,18.4,0.002384156,0.0060708076,-7.345365000000001e-25,3.7252903e-09,0.0,True
2008-07-28,666.55,16.6,15.871429,21.885714,9.585715,82.1,2.9285715,2.757143,3.3142855,9.3714285,19.828571,0.0026199147,0.006763786,-7.345365000000001e-25,7.450581e-09,0.0,True
2008-08-04,666.42,42.6,19.571428,24.985716,14.157144,77.042854,3.4428573,3.1000001,3.8857143,8.528571,23.3,0.00078024715,0.007211335,-7.345365000000001e-25,9.313226e-09,0.0,True
2008-08-11,666.29,38.4,16.914286,23.100002,11.014287,81.02857,3.0857143,2.7428572,3.3142858,8.557143,21.028572,0.00081983954,0.0072389767,-7.345365000000001e-25,3.7252903e-09,0.0,True
2008-08-18,666.19,65.7,14.714286,20.128572,10.085714,82.44286,2.2428572,2.2285714,2.5857143,10.642858,18.1,0.0061594397,0.011215322,-7.345365000000001e-25,3.7252903e-09,0.0,True
2008-08-25,666.15,26.7,14.6,19.957142,9.2,83.04286,2.1571429,2.1285715,2.4428573,10.6,18.014286,0.0011374354,0.009760782,-7.345365000000001e-25,1.8626451e-09,0.0,True
2008-09-01,666.08,3.6,16.542858,22.84286,10.1,82.057144,2.3999999,2.0142856,2.8,9.7,20.62857,0.00048018992,0.010124505,-7.345365000000001e-25,7.450581e-09,0.0,True
2008-09-08,665.99,59.5,16.157145,21.857143,11.057143,82.17143,2.0857143,1.9142858,2.4285715,9.528571,18.914286,0.0015227944,0.009773806,-7.345365000000001e-25,1.8626451e-09,0.0,True
2008-09-15,665.9,12.5,12.257143,17.085714,7.7142863,87.22858,1.3000001,1.2571428,1.6,9.8714285,15.157143,0.0013851225,0.009649858,-7.345365000000001e-25,1.8626451e-09,0.0,True
2008-09-22,665.82,0.5,6.9428573,11.914286,1.1285715,84.52857,0.9714285,0.91428566,1.3285714,10.057143,9.914286,7.882714e-05,0.010157734,-7.345365000000001e-25,0.0,0.0,True
2008-09-29,665.71,2.8,7.6,12.685715,2.4285715,85.90001,0.9,0.78571427,1.2857143,9.757143,9.828571,3.7118793e-05,0.010126539,-7.345365000000001e-25,0.0,0.0,True
2008-10-06,665.59,35.5,8.357142,11.828572,4.8,83.38572,1.0,0.91428566,1.2428571,9.842857,9.042857,0.00045541674,0.00978468,1.2795131e-05,6.684475e-05,7.041544e-05,True
2008-10-13,665.46,0.1,11.685715,18.028572,5.7999997,86.71429,1.0000001,0.90000004,1.1857144,9.785714,12.9,5.9224665e-05,0.009417307,6.698427e-07,5.096197e-06,0.0,True
2008-10-20,665.34,36.3,9.585715,14.914286,4.371429,88.457146,0.88571435,0.8000001,0.9428572,10.171429,11.142858,0.0015249997,0.009032868,-7.345365000000001e-25,3.7252903e-09,0.0,True
2008-10-27,665.25,10.4,7.285714,11.557143,2.8428574,88.91429,0.5285714,0.5142857,0.67142856,10.271428,8.057143,0.00016009808,0.0087680295,5.909375e-06,2.5952235e-05,2.6248395e-05,True
2008-11-03,665.15,18.1,4.428571,8.857142,-0.042857137,94.67143,0.37142855,0.37142855,0.41428572,10.914286,5.3285713,0.0011537969,0.008684374,0.0025553193,0.006911764,0.007204108,True
2008-11-10,665.05,0.4,6.514286,12.17143,1.1428572,86.94286,0.44285718,0.41428572,0.5142857,10.214286,6.957143,1.8805265e-05,0.008995548,7.196835e-05,0.00043816306,0.0,True
2008-11-17,664.94,19.5,3.2285714,6.9428573,-1.1285715,91.90001,0.31428573,0.31428573,0.34285715,10.414286,4.4,0.00037370622,0.00902193,2.803689e-05,7.659942e-05,9.75281e-05,True
2008-11-24,664.83,39.7,1.1714287,3.4857142,-1.6000001,89.614296,0.34285712,0.3285714,0.42857143,10.914286,2.1571429,0.0014055222,0.010303132,0.0075395675,5.722046e-05,0.024600055,True
2008-12-01,664.73,10.0,-4.4,1.0428572,-9.457144,93.42857,0.15714286,0.15714286,0.18571427,10.528571,0.34285715,0.00016109645,0.010138303,0.022432527,0.006579321,0.0065935142,True
2008-12-08,665.63,19.5,0.10000001,2.9857144,-2.8714287,89.91429,0.31428573,0.31428573,0.27142859,10.542857,0.5857143,0.00023400784,0.010390438,0.02640706,0.0060576405,0.015157161,True
2008-12-15,664.57,17.5,-2.8285713,0.44285712,-6.085714,93.471436,0.057142857,0.057142857,0.12857142,10.757143,0.25714287,7.510185e-05,0.010354884,0.040151097,0.003547065,0.011652689,True
2008-12-22,664.45,41.8,0.3285714,1.6000001,-1.4857143,97.54286,0.12857142,0.12857142,0.20000002,10.714286,0.9285714,0.0022852197,0.0110732615,0.048219055,0.024084099,0.022436649,True
2008-12-29,664.58,2.2,-2.914286,-0.8285713,-5.9000006,90.07143,0.057142857,0.057142857,0.25714287,10.471429,6.344132000000001e-17,0.00026147813,0.014865182,0.035390217,0.007574057,0.001937069,True
2009-01-05,664.6,3.5,-5.057143,-1.7857143,-8.771429,91.042854,0.05,0.05,0.15714286,10.35,-2.0,3.129244e-05,0.016956463,0.03584903,0.0012499858,0.0046173222,True
2009-01-12,664.59,0.3,-7.728572,-2.6571429,-12.114286,86.08572,0.028571429,0.028571429,0.114285715,10.3,-2.6714287,2.4989247e-05,0.016411819,0.036064927,0.0012491643,0.00026378408,True
2009-01-19,664.59,22.7,-1.7714287,3.6285717,-7.2428575,85.65714,0.25714284,0.25714284,0.25714284,10.271428,-0.9285714,0.00014571846,0.015377395,0.03222847,0.005409833,0.0034081563,True
2009-01-26,664.55,18.8,-1.3142856,3.0857143,-5.857143,89.32857,0.3285714,0.3285714,0.27142859,10.828571,0.014285714,0.000211142,0.014149122,0.042639297,0.005541818,0.014606167,True
2009-02-02,664.54,0.0,-2.7142856,0.04285717,-4.928571,86.614296,0.071428575,0.071428575,0.42857143,10.3,-1.0857143,1.1131167e-05,0.0130324215,0.04136166,0.0005745664,0.00038708374,True
2009-02-09,664.49,15.4,0.09999999,4.9428573,-4.7999997,88.84286,0.44285712,0.41428572,0.3857143,10.214286,0.028571429,0.0003437698,0.012030043,0.032535985,0.01577775,0.012306377,True
2009-02-16,664.45,27.4,-3.4,-0.29999998,-7.1857147,89.27143,0.24285714,0.24285714,0.42857143,10.6285715,0.08571429,6.620586e-05,0.011231728,0.050138514,0.0021266807,0.027191985,True
2009-02-23,664.4,44.699997,-4.4857144,-0.84285724,-10.142858,93.01428,0.15714286,0.15714286,0.31428573,10.885715,0.0,3.0308962e-05,0.010558002,0.090190135,0.0009914525,0.05708335,True
2009-03-02,664.33,13.200001,0.58571434,5.085714,-4.1285715,89.14286,0.6571428,0.6571428,0.64285713,10.614285,0.22857143,0.00090666115,0.009894669,0.121234216,0.029719636,0.015058519,True
2009-03-09,664.26,48.5,0.45714286,3.1857145,-3.042857,92.02857,0.5857143,0.5857143,0.55714285,10.7,0.42857143,0.0006483793,0.009497561,0.11155044,0.015933732,0.048800025,True
2009-03-16,664.29,29.4,2.1285715,5.414286,-1.2142857,89.01429,0.8571428,0.84285706,0.78571427,10.857142,2.2714286,0.0028848425,0.01242505,0.13841927,0.041938603,0.0183503,True
2009-03-23,664.56,11.2,0.7285715,6.2999997,-4.6285715,74.200005,1.2285715,1.1,1.2571429,9.985714,2.7285714,0.0014558434,0.020027615,0.09989662,0.026407387,0.001183033,True
2009-03-30,664.83,44.399998,2.1857145,5.457143,-0.5428571,92.41429,0.82857144,0.82857144,0.78571427,10.885715,2.8285713,0.0039718226,0.031780288,0.09154655,0.04642106,0.027817726,True
2009-04-06,665.49,11.6,7.9857144,14.0,2.9714286,82.21429,1.6857144,1.5285714,1.8714286,10.142858,9.028571,0.007986993,0.084224924,0.036802236,0.066416726,0.0,True
2009-04-13,665.9491410914288,0.0,10.428572,18.957144,1.7142857,66.15715,3.0142858,2.3428574,2.7857144,9.157143,13.728572,0.00017802417,0.05100987,0.0013881354,0.006823348,0.0,True
2009-04-20,666.49,8.1,9.599999,16.957144,2.457143,72.22858,2.6857142,2.1571429,2.5571427,8.2,12.714286,0.00012531132,0.029207096,4.5696893e-06,2.6332214e-05,0.0,True
2009-04-27,666.73,0.0,9.542857,16.914286,0.82857144,68.52857,2.9714282,1.9285715,2.7285714,7.428571,13.614285,6.194413e-05,0.020233579,4.189355e-06,2.1234155e-05,2.1398067e-05,True
2009-05-04,666.75,34.0,7.8142858,11.885715,2.3285713,85.44286,1.757143,1.5857143,1.7571429,7.4714284,11.5,0.001961626,0.015354954,3.7806374e-06,2.7440488e-05,2.6494265e-05,True
2009-05-11,666.75,19.9,12.414286,18.828571,5.4428573,75.62858,3.0142856,2.6285713,2.9428573,7.9428573,15.142858,0.00016131997,0.012707859,-7.345365000000001e-25,3.3527613e-08,0.0,True
2009-05-18,666.71,49.600002,13.7,19.414288,7.7571435,83.75715,2.1857142,2.1142857,2.5857143,9.085714,16.514286,0.0015607625,0.010907419,-7.345365000000001e-25,0.0,0.0,True
2009-05-25,666.65,19.4,17.428572,24.800001,8.928572,70.97143,3.942857,3.4857142,4.0571427,9.0,20.2,0.00022789836,0.009507246,-7.345365000000001e-25,7.450581e-09,0.0,True
2009-06-01,666.5654324172914,36.699997,12.157143,17.428572,6.514286,73.48572,2.9714286,2.8142855,3.2714286,9.514286,16.971428,0.006867379,0.0084958,-7.345365000000001e-25,0.0,0.0,True
2009-06-08,666.51,35.600002,12.914286,18.185715,6.9857144,75.64286,3.1142857,2.642857,3.2428572,8.928572,17.528572,0.00018952787,0.007558152,-7.345365000000001e-25,0.0,0.0,True
2009-06-15,666.37,35.2,15.428572,20.27143,10.314285,73.65715,3.5714288,3.1857145,3.6,8.828571,18.642857,0.0008618757,0.006815031,-7.345365000000001e-25,0.0,0.0,True
2009-06-22,666.28,100.2,13.842857,18.657145,8.885715,83.34286,2.8,2.5285716,2.8,9.1,17.971428,0.0021422952,0.006155193,-7.345365000000001e-25,0.0,0.0,True
2009-06-29,666.29,32.0,14.6285715,18.828571,10.67143,89.4,2.1285713,2.142857,2.6285713,10.742857,17.742857,0.0022439957,0.0070419163,-7.345365000000001e-25,3.7252903e-09,0.0,True
2009-07-06,666.02,28.099998,18.600002,24.300001,12.757143,80.700005,3.142857,3.0142858,3.9142857,10.242857,22.514286,0.0035508275,0.00755056,-7.345365000000001e-25,1.1175871e-08,0.0,True
2009-07-13,666.45,17.6,14.257143,18.985716,9.771429,81.328575,2.5142858,2.4142857,2.6857142,10.1285715,17.242857,0.0003837198,0.008006267,-7.345365000000001e-25,3.7252903e-09,0.0,True
2009-07-20,666.44,59.199997,16.300001,21.414288,11.185715,83.5,2.7714286,2.614286,2.9714284,10.742857,19.657143,0.006989032,0.009271108,-7.345365000000001e-25,7.450581e-09,0.0,True
2009-07-27,666.48,42.2,17.528572,24.742857,10.014285,74.685715,3.7999997,3.542857,3.9285715,10.214286,21.057142,0.0011686236,0.009560898,-7.345365000000001e-25,7.450581e-09,0.0,True
2009-08-03,666.46,21.2,16.514286,22.257143,10.271429,80.35714,2.785714,2.5714285,3.0571427,9.928572,20.814285,0.002503857,0.009265922,-7.345365000000001e-25,1.1175871e-08,0.0,True
2009-08-10,666.4,7.8,17.7,23.714285,11.242858,79.8,2.8857143,2.5714285,3.5857143,9.828571,21.314285,0.00025999546,0.00886558,-7.345365000000001e-25,7.450581e-09,0.0,True
2009-08-17,666.32,17.5,18.557144,24.642857,12.400001,77.37144,3.1571429,2.8,3.6285713,9.414286,22.157143,0.001759693,0.008432619,-7.345365000000001e-25,7.450581e-09,0.0,True
2009-08-24,666.22,8.599999,18.300001,25.100002,10.642858,77.98572,3.0285714,2.4142857,3.4428573,8.5,22.428572,0.00014784932,0.007930085,-7.345365000000001e-25,1.8626451e-09,0.0,True
2009-08-31,666.1,7.0,16.528572,23.242859,9.0,79.114296,2.6000001,2.142857,2.8999999,8.314285,20.6,6.124377e-05,0.0074184164,-7.345365000000001e-25,3.7252903e-09,0.0,True
2009-09-07,665.97,45.1,14.214286,20.485716,8.571428,79.91429,2.2571428,2.042857,2.457143,8.885715,17.685715,0.00022682548,0.0068753213,-7.345365000000001e-25,5.5879354e-09,0.0,True
2009-09-14,665.84,4.5,12.357142,17.97143,6.357143,82.62858,1.6999999,1.3571428,2.0,8.614285,16.485714,0.00011000782,0.0063436627,-7.345365000000001e-25,1.8626451e-09,0.0,True
2009-09-21,665.7,5.2999997,14.17143,18.87143,9.885715,90.24286,1.0714285,0.9428572,1.5142858,8.685715,16.042856,0.00042526424,0.0058977455,-7.345365000000001e-25,1.8626451e-09,0.0,True
2009-09-28,665.53,0.0,13.328572,19.757143,7.4428573,88.38572,1.3999999,1.0285715,1.7142857,8.257143,17.114286,6.5416098e-06,0.005513698,-7.345365000000001e-25,3.7252903e-09,0.0,True
2009-10-05,665.37,0.6,11.457144,17.142857,5.3142858,82.77143,1.2,0.85714287,1.5285714,7.7714286,14.657143,2.2873282e-05,0.00515946,-7.345365000000001e-25,1.8626451e-09,0.0,True
2009-10-12,665.31,54.7,13.257143,17.028572,9.842857,84.957146,1.0714285,0.9,1.2857143,8.385715,13.985714,0.0024923831,0.0048839226,4.5980727e-07,7.301569e-07,2.1480024e-05,True
2009-10-19,665.04,38.0,1.6285714,4.7428575,-1.457143,88.314285,0.48571435,0.47142857,0.61428577,10.071428,4.0571427,0.0007274151,0.0046582,0.004273114,0.007455731,0.013529472,True
2009-10-26,664.89,12.0,6.585715,12.1285715,1.1142858,90.25714,0.4714286,0.4571429,0.64285713,10.028571,7.0285716,0.00030666962,0.004757084,0.0017596937,0.0064077657,0.0,True
2009-11-02,664.75,28.7,6.5285716,12.585715,1.3857143,85.64286,0.55714285,0.54285717,0.64285713,9.957143,7.5,0.00079924986,0.0050688237,2.9887471e-05,0.00011542998,0.00053510815,True
2009-11-09,664.6,26.4,3.2142856,6.8428574,-0.31428573,90.67143,0.45714286,0.45714286,0.45714286,10.614285,4.1714287,0.0006022006,0.005758889,0.000552694,0.0013427995,0.0040599927,True
2009-11-16,664.49,18.1,5.328572,9.17143,0.64285713,91.957146,0.31428573,0.31428573,0.4,10.442857,4.6,0.0002873838,0.0068773553,0.0013964744,0.0033603646,4.3168664e-05,True
2009-11-23,664.39,16.4,7.7714286,13.814286,2.3857143,82.41429,0.61428577,0.62857145,0.59999996,10.457143,6.4857144,0.00049060583,0.0077883005,1.7239934e-05,0.00011224486,0.0,True
2009-11-30,664.3,40.8,4.828572,9.057143,1.0285715,85.700005,0.50000006,0.50000006,0.5,10.285714,4.5857143,0.0003270656,0.008520037,0.00096782047,0.00036694668,0.020509712,True
2009-12-07,664.22,34.5,0.29999998,3.5714285,-4.0142856,95.82857,0.18571429,0.18571429,0.17142858,10.742857,1.6,0.00072319806,0.00884638,0.034949165,0.020220429,0.021838477,True
2009-12-14,664.25,38.4,-0.2714286,2.0,-2.914286,92.700005,0.21428572,0.21428572,0.24285714,11.1,1.4857143,0.0015242547,0.012118407,0.024689516,0.013286304,0.020652067,True
2009-12-21,664.36,10.7,-7.5285716,-3.7571428,-11.228571,87.0,0.014285714,0.014285714,0.18571429,10.428572,-0.2857143,0.0,0.016011544,0.03296029,0.0,0.01243186,True
2009-12-28,664.39,16.9,0.54285717,4.6714287,-3.3142858,86.67143,0.31428573,0.31428573,0.3285714,10.614285,0.057142857,0.0003695786,0.01589337,0.04069431,0.008554108,0.0068681613,True
2010-01-04,664.56,50.7,-2.3285716,2.0714285,-7.2571435,92.34286,0.2,0.2,0.20000002,10.866667,0.96666664,0.00095193833,0.01623188,0.03319427,0.021092514,0.015088286,True
2010-01-11,664.71,6.8,-6.357143,-4.3428574,-9.085714,94.01428,0.0,0.0,0.17142858,10.385715,-0.31428573,5.3197145e-06,0.016695857,0.03720426,0.00023740344,0.009876348,True
2010-01-18,664.79,15.9,-1.857143,1.1714287,-5.3857145,93.71429,0.114285715,0.114285715,0.22857143,10.457143,0.0,0.00012284517,0.016299695,0.04683787,0.0032509938,0.007253792,True
2010-01-25,664.91,4.8,-3.5857143,1.2,-8.071429,91.5,0.071428575,0.071428575,0.17142858,10.342857,-0.042857144,4.8682094e-05,0.015399717,0.051502205,0.0024378505,0.006470576,True
2010-02-01,664.87,30.6,-4.7571425,-2.5285716,-7.9000006,91.87144,0.014285714,0.014285714,0.3,10.542857,-0.028571429,7.450581e-09,0.014266469,0.06944392,0.0,0.03454259,True
2010-02-08,664.86,31.9,-1.1285715,2.3,-5.6285715,91.471436,0.3,0.3,0.37142858,10.657143,0.15714286,8.136779e-05,0.013054334,0.102623574,0.004227938,0.029650431,True
2010-02-15,664.82,10.8,-7.228572,-4.0142856,-11.471429,88.77143,0.0,0.0,0.32857147,10.585714,0.1,0.0,0.011882089,0.11958021,0.0,0.010949805,True
2010-02-22,664.78,10.900001,-1.4142857,4.7714286,-8.114286,83.82857,0.5285714,0.5285714,0.5857143,10.328571,0.18571429,5.8323145e-05,0.010805756,0.12487477,0.0030938238,0.009283394,True
2010-03-01,664.7,3.6,3.7714286,8.914286,-0.64285713,71.01429,1.4428571,1.3285714,1.2857143,10.014286,2.4142857,0.00096413493,0.009851143,0.112020716,0.040777687,0.00049552694,True
2010-03-08,664.72,13.0,-3.1142857,-0.20000002,-6.2571435,76.51429,0.27142859,0.25714287,0.85714287,10.057143,0.95714283,0.00019988418,0.009338774,0.09003111,0.0054132547,0.013911009,True
2010-03-15,664.71,17.4,-3.0428574,0.2714286,-6.6714287,79.25714,0.34285715,0.34285715,0.8428572,10.285714,0.028571429,1.578033e-05,0.009106658,0.09874614,0.0005162023,0.0131561905,True
2010-03-22,664.69,23.4,4.9714284,10.542857,-1.0857145,74.75714,1.5285715,1.4857143,1.4,10.2,5.5142856,0.0039501935,0.010764793,0.09394409,0.06465358,0.010885555,True
2010-03-29,665.14,16.4,7.557143,15.242858,1.6000001,75.57143,2.0714285,1.8857144,1.9142857,9.642858,9.514286,0.0040037706,0.01961194,0.020078693,0.051950477,0.00012306124,True
2010-04-05,665.4129037709098,12.2,4.3714285,9.285714,-1.0142858,74.42857,1.5714285,1.4000002,1.6,9.314285,6.928571,0.00029449165,0.026248038,0.0013627155,0.004360158,0.00323461,False
2010-04-12,665.7750000000001,0.7,6.157143,12.8714285,-1.0000001,70.78572,1.9714288,1.6,2.1857142,8.8,9.228572,4.4062734e-05,0.023979396,0.0001426992,0.0008495208,3.7796795e-05,True
2010-04-19,665.97,13.2,5.6857147,11.071428,-0.54285717,80.04286,1.6714286,1.3714286,1.8571428,8.928572,8.7,0.00017338991,0.020301454,2.4880681e-05,0.00012114644,9.1947615e-05,True
2010-04-26,666.03,7.4,9.400001,16.242857,2.2857144,68.685715,2.8,2.2571428,2.8,8.214286,12.928572,0.00010249019,0.016724318,6.81196e-08,7.748604e-07,0.0,True
2010-05-03,666.07,48.600002,11.357142,16.857143,5.414286,77.200005,2.5285716,2.0571427,2.5857143,7.9142857,14.842857,0.00093626976,0.01386407,2.1741503e-06,1.835823e-05,3.1556934e-05,True
2010-05-10,666.07,35.0,8.057143,12.014287,3.7285714,88.542854,1.2428571,1.2714285,1.4857142,9.571428,10.4,0.00047557056,0.012021944,1.6575768e-06,1.5377998e-05,1.3075769e-06,True
2010-05-17,666.06,17.9,7.8857145,11.642858,4.8142858,87.27143,1.3285714,1.3571428,1.6714286,10.542857,10.5,0.0032455698,0.01107128,5.1089696e-08,6.2957406e-07,6.556511e-07,True
2010-05-24,666.0548818268273,13.0,10.071428,15.214286,3.2857144,78.85714,2.385714,2.1571429,2.6857142,10.157143,13.242857,0.0004567504,0.010615319,2.3217428e-06,1.6216189e-05,1.5731901e-05,False
2010-05-31,665.99,64.7,13.885715,18.757143,9.471429,75.27143,2.9428573,2.7000003,3.3,9.842857,16.428572,0.0017729178,0.010505773,-7.345365000000001e-25,1.4901161e-08,0.0,True
2010-06-07,666.22,77.6,13.685715,18.185715,8.785714,83.71429,2.6857142,2.5714285,3.0142858,10.857142,16.557142,0.005569324,0.017931037,-7.345365000000001e-25,0.0,0.0,True
2010-06-14,666.69,13.099999,18.057144,23.7,12.8,74.08571,3.5285716,2.9428573,3.8999999,9.4,21.928572,0.00027297437,0.016785279,-7.345365000000001e-25,7.450581e-09,0.0,True
2010-06-21,666.94,110.200005,11.157144,13.814286,9.328572,92.87144,1.1142857,1.2142857,1.4285715,11.085714,13.742857,0.008039936,0.022376046,-7.345365000000001e-25,7.450581e-09,0.0,True
2010-06-28,667.45,0.0,15.271429,21.800001,6.3857145,69.92857,3.9285715,3.3142858,4.2285714,9.957143,20.2,1.4141202e-05,0.022527516,-7.345365000000001e-25,7.450581e-09,0.0,True
2010-07-05,667.63,1.6,20.414288,26.800001,13.042857,69.71429,4.2571425,3.4142857,4.857143,8.414286,24.928572,0.00019340217,0.019465946,-7.345365000000001e-25,1.1175871e-08,0.0,True
2010-07-12,667.65,36.600002,20.47143,27.857143,12.1,64.98572,4.8142858,3.1714287,5.1142855,7.5571427,25.214285,9.2446804e-05,0.015829243,-7.345365000000001e-25,1.1175871e-08,0.0,True
2010-07-19,667.61,51.5,19.4,24.97143,12.742857,76.11428,3.7285717,2.8714287,4.142857,7.6571426,23.971428,0.0009543896,0.012643628,-7.345365000000001e-25,7.450581e-09,0.0,True
2010-07-26,667.56,91.6,16.428572,21.77143,11.442857,82.25715,2.8142858,2.5714285,3.2571428,9.6,20.5,0.01671344,0.016589247,-7.345365000000001e-25,3.7252903e-09,0.0,True
2010-08-02,667.53,58.7,14.657144,20.128572,8.942857,83.97143,2.414286,2.385714,2.642857,10.928572,18.328571,0.0042656064,0.0112282485,-7.345365000000001e-25,7.450581e-09,0.0,True
2010-08-09,667.74,88.5,13.871429,18.185715,9.685715,85.67143,2.1857142,2.1571429,2.4857142,11.328571,17.6,0.0048048645,0.021998666,-7.345365000000001e-25,0.0,0.0,True
2010-08-16,668.43,33.8,15.157144,19.171429,10.342857,85.54286,2.1428573,2.0142858,2.3142858,10.542857,18.685715,0.0004962981,0.02375038,-7.345365000000001e-25,7.450581e-09,0.0,True
2010-08-23,668.73,21.5,17.228573,22.4,12.228572,82.08572,2.3714287,2.1714284,2.8428571,10.171429,19.657143,0.00040961802,0.021568634,-7.345365000000001e-25,9.313226e-09,0.0,True
2010-08-30,668.78,87.1,14.871429,18.957142,10.785714,81.40001,2.3285713,2.2285717,2.4857142,10.342857,17.4,0.0053678006,0.021620795,-7.345365000000001e-25,1.1175871e-08,0.0,True
2010-09-06,668.92,1.3000001,11.028572,17.128572,4.4857144,81.67143,1.8285714,1.7142857,2.2857144,10.457143,15.1,0.0014587194,0.022453934,-7.345365000000001e-25,0.0,0.0,True
2010-09-13,668.87,24.399998,12.242858,17.485714,7.1,87.685715,1.4142857,1.3285713,1.6999999,10.1285715,15.3,0.003636986,0.021349952,-7.345365000000001e-25,0.0,0.0,True
2010-09-20,668.81,9.599999,10.757143,15.771429,5.8142858,83.25715,1.3285713,1.2142857,1.6999999,10.057143,13.614285,4.4733286e-05,0.019373737,-7.345365000000001e-25,3.7252903e-09,0.0,True
2010-09-27,668.73,31.7,10.142858,15.914286,4.8142858,85.18572,1.3285713,1.1714286,1.5857143,10.157143,13.714286,0.0027086735,0.017531745,-7.345365000000001e-25,1.8626451e-09,0.0,True
2010-10-04,668.62,6.9,10.0,15.914286,4.071429,86.77143,0.9142857,0.88571423,1.2142857,10.271428,11.685715,0.00010713935,0.015516192,-7.345365000000001e-25,1.8626451e-09,0.0,True
2010-10-11,668.45,2.1,10.5,14.728572,6.3857145,90.542854,0.71428573,0.6857143,1.0428572,10.014286,12.514286,0.00020945072,0.014152512,-7.345365000000001e-25,3.7252903e-09,0.0,True
2010-10-18,668.26,18.0,5.071429,7.214286,2.0285714,90.48572,0.35714287,0.34285715,0.64285713,9.971429,7.214286,0.00014087558,0.012862235,-7.345365000000001e-25,0.0,0.0,True
2010-10-25,668.11,59.8,3.8428571,7.428571,0.19999997,86.68572,0.5,0.5,0.6857143,10.785714,4.885714,0.0011793971,0.011822835,0.0017997877,0.0044702627,0.0057344623,True
2010-11-01,667.9943832777916,0.0,5.3428574,12.585715,-0.38571426,82.78571,0.64285713,0.64285713,0.67142856,10.4,6.0571427,2.9087067e-05,0.011241972,0.0005172207,0.0013306905,1.1764467e-05,False
2010-11-08,667.9000000000001,14.2,8.5,11.085714,5.4428573,85.57143,0.5285714,0.48571435,0.8,10.028571,7.9428573,0.00019518286,0.010728762,1.8187931e-05,6.133318e-05,0.00011541322,True
2010-11-15,667.64,34.5,6.957143,11.7,2.0142858,83.74286,0.7714286,0.7714286,0.64285713,10.342857,6.9142857,0.0006545633,0.0102126,3.6642665e-05,0.00014138035,4.5308843e-05,True
2010-11-22,667.52,28.1,1.2428571,4.1714287,-1.5285714,95.32857,0.14285715,0.14285715,0.24285714,10.714286,2.7142856,0.0005954802,0.009943485,0.0049721114,0.0069772303,0.021051511,True
2010-11-29,667.36,17.7,-2.1285713,-0.2857143,-5.6285715,91.17143,0.10000001,0.10000001,0.25714284,10.728572,0.74285716,2.7738512e-05,0.009933636,0.03169763,0.0007210281,0.029490788,True
2010-12-06,667.23,53.9,-5.4714284,-1.6857144,-11.557143,91.37144,0.028571429,0.028571429,0.2,10.885715,0.4,0.00011245161,0.009889118,0.048950616,0.00042781606,0.021219574,True
2010-12-13,667.27,48.6,-0.042857103,3.3,-2.7714286,92.65714,0.17142858,0.17142858,0.21428572,11.414286,0.8142857,0.0017143786,0.0109984055,0.067905545,0.016276952,0.041278925,True
2010-12-20,667.28,34.0,-5.7714286,-2.1857142,-11.157143,87.65715,0.10000001,0.10000001,0.24285714,10.757143,0.22857143,1.6234815e-05,0.010621622,0.10085288,9.1383234e-05,0.020652741,True
2010-12-27,667.28,19.9,-3.3,0.1571429,-7.971429,91.957146,0.08571429,0.08571429,0.17142858,10.9,0.2857143,6.838143e-05,0.010584861,0.11931547,0.0020572953,0.017765816,True
2011-01-03,667.26,12.200001,-2.7285714,-0.22857141,-5.8285713,94.64286,0.025,0.025,0.17142858,10.525,0.2,7.4505806e-08,0.010379955,0.13402317,0.0,0.0068684593,True
2011-01-10,667.19,17.9,-0.29999998,4.3,-5.1285715,87.38572,0.2857143,0.2857143,0.24285714,10.4,0.9285714,0.0004685223,0.010050684,0.13316804,0.014262665,0.0009492114,True
2011-01-17,667.53,54.0,3.8285716,7.471429,0.6857143,89.12858,0.4857143,0.4857143,0.31428573,10.985714,3.4142857,0.007303424,0.02361004,0.091042146,0.06651263,0.00051600486,True
2011-01-24,668.64,14.0,-3.4714284,-0.35714284,-7.642857,87.77143,0.08571429,0.08571429,0.29999998,10.4,0.7,0.00015514344,0.026493698,0.06617832,0.0044894237,0.014224354,True
2011-01-31,669.15,11.3,-3.7857144,-2.1857145,-5.457143,93.37144,0.057142857,0.057142857,0.24285714,10.3714285,0.12857144,0.0,0.025431655,0.07960738,0.0,0.01088056,True
2011-02-07,669.18,1.0,-0.24285719,4.3285713,-4.542857,79.01429,0.62857145,0.5857143,0.64285713,10.185715,0.85714287,0.00033697486,0.02236478,0.076269366,0.017911198,0.00080789626,True
2011-02-14,669.14,0.5,3.7857144,10.157143,-1.9571428,70.97143,0.87142855,0.75714284,0.94285715,9.728572,3.5714285,0.0007863492,0.01932653,0.045443848,0.034845084,4.5970082e-06,True
2011-02-21,669.01,12.5,0.2857143,3.114286,-1.8857144,94.61428,0.18571429,0.15714286,0.42857143,9.614285,1.6857142,0.00043849647,0.017753497,0.018337375,0.016320476,0.006452676,True
2011-02-28,668.86,17.8,-1.9857142,2.7857144,-7.414286,89.88572,0.34285712,0.3285714,0.5285714,10.057143,0.7,0.00057536364,0.016851015,0.018672535,0.014197186,0.012684107,True
2011-03-07,668.64,0.0,-0.54285717,4.1142855,-4.557143,77.85714,0.87142855,0.8000001,1.0857142,9.928572,1.7428571,0.00024718046,0.01620891,0.009495939,0.0096686855,1.994893e-05,True
2011-03-14,668.53,0.6,5.057143,11.528572,-1.1428573,71.685715,1.5142857,1.2142856,1.4571428,9.414286,5.9714284,0.00011783093,0.015590273,0.0018655403,0.0049522575,0.0,True
2011-03-21,668.36,41.699997,4.328572,8.485715,0.12857151,81.17143,1.1999999,1.1142857,1.1571429,10.014286,6.0571427,0.0011535734,0.015147209,0.00012157077,0.0003735833,0.00027216226,True
2011-03-28,668.24,6.5,6.8,13.428572,0.57142866,72.27143,1.9142857,1.7,1.9,9.742857,8.914286,8.414686e-05,0.014456958,2.6384989e-05,0.00011533685,0.0,True
2011-04-04,668.04,31.7,9.342857,16.614286,2.1,78.24286,2.142857,1.9285715,2.0714285,9.542857,11.985714,0.00028525293,0.013547309,5.1089696e-08,6.8731606e-07,0.0,True
2011-04-11,667.86,0.0,10.742858,18.142857,3.0,70.02857,3.0428574,2.5571427,2.7142856,9.3,14.528571,1.9133091e-05,0.012348764,-7.345365000000001e-25,-1.8626451e-09,0.0,True
2011-04-18,667.67,3.6,5.1857142,11.614286,-2.0428572,72.27143,2.0714285,1.7,2.0857143,8.771428,9.7,0.0002071634,0.011072613,0.00063799677,0.0021326058,0.0022401586,True
2011-04-25,667.5848139631066,1.7,12.057143,19.87143,2.5285716,64.22857,3.542857,2.5571427,3.3,7.6285715,16.171429,4.1246414e-05,0.009758934,6.0058774e-06,4.9168244e-05,0.0,False
2011-05-02,667.355,27.3,8.842857,15.6285715,1.1428572,83.114296,2.3285713,1.7428571,2.357143,7.0285716,14.142858,0.00016739964,0.0085697025,-7.345365000000001e-25,0.0,0.0,True
2011-05-09,667.07,1.6,10.414286,17.914286,1.4285715,62.385715,3.7285712,2.5285716,3.5142856,6.7285714,15.114285,8.9243054e-05,0.007529266,-7.345365000000001e-25,0.0,0.0,True
2011-05-16,666.86,51.8,12.057143,17.585714,5.9714284,75.90001,2.7857146,1.7714285,2.7285714,6.4428573,16.057142,0.00058878213,0.006510563,-7.345365000000001e-25,0.0,0.0,True
2011-05-23,666.67,9.5,14.685715,21.485716,7.214286,72.54286,3.3999999,2.7,3.8142858,6.642857,18.342857,5.927682e-05,0.0057742074,-7.345365000000001e-25,3.7252903e-09,0.0,True
2011-05-30,666.49,23.7,14.371429,21.142857,6.7428575,71.91428,3.8285718,2.457143,3.7857144,6.5142856,18.885714,0.000813663,0.0051226392,-7.345365000000001e-25,0.0,0.0,True
2011-06-06,666.31,30.3,14.471429,19.34286,9.285714,83.9,2.6285717,2.2714286,2.9142857,7.8142858,18.042856,0.0031517,0.0054029003,-7.345365000000001e-25,1.1175871e-08,0.0,True
2011-06-13,666.1543136851888,30.900002,12.714286,16.914286,8.3,84.58572,1.9999999,1.757143,2.4428573,7.8428574,16.528572,0.00042922795,0.004377775,-7.345365000000001e-25,0.0,0.0,False
2011-06-20,666.03,49.8,15.2,20.357143,10.214286,77.48572,3.0,2.7857146,3.5,8.242857,18.414286,0.0020346418,0.0045149103,-7.345365000000001e-25,0.0,0.0,True
2011-06-27,665.81,26.1,16.857143,22.328571,11.1285715,72.957146,3.6285713,3.1285717,3.8714287,8.857142,19.87143,0.00019759685,0.004013531,-7.345365000000001e-25,3.7252903e-09,0.0,True
2011-07-04,665.68,44.7,14.971429,20.757143,8.257143,75.200005,3.457143,2.9571426,3.5285716,8.971429,19.785715,0.0065262467,0.0058190823,-7.345365000000001e-25,0.0,0.0,True
2011-07-11,665.55,41.5,18.171429,24.814285,12.285714,75.22858,3.8857143,3.557143,4.3714285,8.885715,22.314285,0.004988946,0.004132107,-7.345365000000001e-25,1.1175871e-08,0.0,True
2011-07-18,665.47,60.8,14.957144,20.414288,9.157143,80.47143,2.7714286,2.7142856,2.8428571,10.1285715,18.928572,0.0007893443,0.004173383,-7.345365000000001e-25,3.7252903e-09,0.0,True
2011-07-25,665.55,101.5,11.842857,16.085714,7.8857145,86.97143,1.9428571,1.9714285,2.0714285,11.171429,15.3,0.009117939,0.008052893,-7.345365000000001e-25,3.7252903e-09,0.0,True
2011-08-01,665.6176846354092,18.7,14.3714285,19.7,9.514285,82.25714,2.3714287,2.2571428,2.7714286,10.542857,18.485714,0.0010629445,0.0075003803,-7.345365000000001e-25,0.0,0.0,False
2011-08-08,665.88,62.7,17.085714,22.757143,11.714286,82.88572,2.6000001,2.5285716,3.0,10.771428,20.157143,0.0015943348,0.008952633,-7.345365000000001e-25,5.5879354e-09,0.0,True
2011-08-15,665.95,53.9,15.685715,21.185715,10.285714,77.057144,2.885714,2.6857142,3.257143,10.485714,19.428572,0.002388604,0.0098058805,-7.345365000000001e-25,7.450581e-09,0.0,True
2011-08-22,665.98,7.3999996,20.442858,27.728573,13.400001,76.65715,3.5285716,3.1142857,4.0285716,9.957143,24.171429,0.0001424849,0.0100337565,-7.345365000000001e-25,9.313226e-09,0.0,True
2011-08-29,665.94,21.3,17.5,24.757143,10.228571,74.92857,3.2142856,2.7857144,3.542857,9.328571,22.114286,0.0007336736,0.009501159,-7.345365000000001e-25,7.450581e-09,0.0,True
2011-09-05,665.9,100.299995,15.828572,22.114286,10.0,83.91429,1.9857141,1.7714285,2.3428571,9.3714285,19.514286,0.007955216,0.0098230615,-7.345365000000001e-25,3.7252903e-09,0.0,True
2011-09-12,666.07,6.4,16.27143,21.9,10.885715,77.21429,2.3,2.1,2.7142856,9.928572,18.685715,0.00016848743,0.008720301,-7.345365000000001e-25,1.1175871e-08,0.0,True
2011-09-19,666.13,47.8,13.1285715,18.314285,8.142858,85.44286,1.5571429,1.5000001,1.8571428,10.057143,16.557142,0.0020216107,0.008501604,-7.345365000000001e-25,0.0,0.0,True
2011-09-26,666.14,0.0,11.571428,18.928572,4.6857142,84.68572,1.5285714,1.3714285,1.8571428,10.1285715,15.614285,2.8297305e-05,0.008465625,-7.345365000000001e-25,3.7252903e-09,0.0,True
2011-10-03,666.1613140344285,0.1,13.428572,20.585714,6.9,88.44286,1.4428571,1.1714286,1.7571429,9.257143,17.257143,5.2154064e-07,0.008287676,-7.345365000000001e-25,7.450581e-09,0.0,False
2011-10-10,666.1,54.399998,9.385715,13.542857,4.9428573,86.57143,1.1999999,1.1142857,1.1571429,9.985714,12.3714285,0.0040229484,0.009271532,0.00012469292,0.0007854048,0.0008253306,True
2011-10-17,666.16,7.7000003,7.7428575,12.114286,4.471429,88.27143,0.87142855,0.84285706,0.9857143,10.6285715,9.757143,0.00015029311,0.0088607,4.7513417e-06,6.7288056e-05,0.0,True
2011-10-24,665.98,11.700001,3.7428572,10.414286,-1.957143,86.28571,0.65714294,0.59999996,0.7714286,10.585714,6.071429,0.00021382421,0.009558849,0.0005247536,0.0013667401,0.001562912,True
2011-10-31,665.88,0.8,6.3,12.528572,0.4857143,88.65714,0.51428574,0.49999997,0.61428577,10.214286,7.8142858,1.4215708e-05,0.009521946,5.421752e-05,0.000214234,0.0,True
2011-11-07,665.77,0.3,7.142857,13.900001,1.6571429,90.77143,0.44285712,0.38571426,0.5,9.971429,8.571428,2.8461218e-06,0.009286076,4.0871757e-07,2.4605542e-06,0.0,True
2011-11-14,665.63,0.0,3.2714286,8.285714,-0.7285715,93.97143,0.2857143,0.20000002,0.34285715,9.757143,5.8285713,3.3825636e-06,0.008945234,-7.345365000000001e-25,0.0,0.0,True
2011-11-21,665.5,0.0,0.47142857,7.8857145,-4.585715,88.971436,0.3285714,0.27142856,0.21428572,9.642858,2.7857144,1.6391277e-07,0.008529335,1.4134815e-06,2.6114285e-06,3.3974648e-06,True
2011-11-28,665.38,1.0,0.71428573,6.1,-4.3428574,88.51429,0.27142859,0.21428572,0.2857143,9.514286,1.8714286,1.937151e-06,0.008070588,8.29356e-06,1.4312565e-05,1.8663704e-05,True
2011-12-05,665.21,37.0,4.8428574,9.814286,0.1428571,84.1,0.5,0.48571426,0.4857143,9.685715,4.2285714,0.0014935136,0.0075999647,8.1590246e-05,3.2886863e-05,0.0013695061,True
2011-12-12,665.12,91.9,2.9857144,5.571429,0.4714286,90.15715,0.3857143,0.3857143,0.44285718,11.228572,2.4857142,0.0023107976,0.008282006,0.0058952514,0.012274053,0.013453901,True
2011-12-19,665.28,44.9,1.042857,3.4285715,-2.642857,88.72858,0.47142857,0.47142857,0.41428572,11.142858,1.3285714,0.0006916225,0.008219637,0.007819141,0.002008915,0.018859167,True
2011-12-26,665.4443527610363,47.100002,0.24285714,2.7285714,-2.5,93.71429,0.15714286,0.15714286,0.20000002,11.1285715,0.51428574,0.0017825514,0.010658659,0.04312207,0.012692042,0.039637156,True
2012-01-02,665.515,43.2,1.4,5.328572,-1.7285715,90.78571,0.24000001,0.24000001,0.2857143,10.6,0.34,0.0035415292,0.017288059,0.05201978,0.031658474,0.024208155,True
2012-01-09,666.08,59.300003,1.557143,3.3428574,-0.20000002,89.314285,0.49999997,0.49999997,0.44285718,11.314285,1.2857143,0.002152428,0.03502444,0.052571513,0.011109294,0.050759457,True
2012-01-16,666.75,3.7,-2.6142857,0.65714294,-7.1571426,90.8,0.21428573,0.21428573,0.20000002,10.557143,0.31428573,0.00024177879,0.037533276,0.08521512,0.004861323,0.009884868,True
2012-01-23,667.01,65.0,1.0428573,5.1,-2.6857145,86.442856,0.6,0.6,0.4857143,11.114285,0.64285713,0.005705014,0.03456115,0.088290416,0.037570532,0.030076124,True
2012-01-30,667.53,14.9,-2.2428572,0.42857146,-5.042857,94.78571,0.1,0.1,0.25714287,11.0,0.37142858,4.5984983e-05,0.036396116,0.09722613,0.0015105177,0.01824186,True
2012-02-06,667.88,2.0,-13.357142,-9.414286,-18.342855,83.614296,0.0,0.0,0.25714287,10.328571,-0.14285715,0.0,0.032333344,0.103192106,0.0,0.004282955,True
2012-02-13,667.92,5.3,-12.928572,-9.457143,-18.800001,84.24286,0.0,0.0,0.2857143,10.3,-0.6571429,0.0,0.025809161,0.10462277,0.0,0.005365122,True
2012-02-20,667.91,21.3,-1.6285715,0.8714286,-5.657143,90.84286,0.29999998,0.29999998,0.41428572,10.528571,-0.028571429,3.2782555e-05,0.020508371,0.1272384,0.001647396,0.031679202,True
2012-02-27,667.89,6.3,-0.32857138,5.557143,-5.6,85.14286,0.71428573,0.6714286,0.67142856,10.171429,0.4,0.0005787313,0.016682737,0.12868738,0.024121849,0.0048275217,True
2012-03-05,667.92,5.8,4.2428575,10.728572,-1.2714285,82.3,1.0285715,0.9285715,1.0428572,9.8714285,4.5857143,0.0024618655,0.014945328,0.089680076,0.0562592,0.0020448826,True
2012-03-12,668.04,5.9,1.2857143,5.6,-3.7714286,84.814285,0.9714285,0.8714286,0.88571435,9.8,3.4142857,0.00045123696,0.013941444,0.063926205,0.0152447745,0.007982463,True
2012-03-19,668.03,15.9,5.5285716,14.185715,-1.5857143,75.44286,1.7714285,1.542857,1.6428572,9.457143,7.9142857,0.0033647716,0.01734551,0.035578914,0.043818817,0.00203358,True
2012-03-26,668.0,0.1,6.6714287,14.957144,-1.3142856,75.47143,2.142857,1.8000001,1.8999999,9.2,9.4,0.0006284863,0.027699403,0.005051721,0.015817951,1.6950071e-06,True
2012-04-02,667.96,1.6,6.9428573,13.928572,-0.4285715,69.557144,2.3142858,1.8142856,2.142857,8.3714285,10.5,9.344518e-05,0.02546867,0.00011877787,0.00047422014,9.579398e-05,True
2012-04-09,667.85,17.8,5.3714285,9.471429,0.88571423,86.52857,1.0571429,1.0,1.1857144,8.728572,7.614286,0.00026124716,0.02038636,0.0010694946,0.0018366594,0.0051246006,True
2012-04-16,667.77,49.1,5.457143,8.957143,1.8285714,85.12858,1.2428571,1.2428571,1.3714286,9.414286,7.0142856,0.0004676953,0.016611814,0.0006223633,0.0036139525,0.0009827055,True
2012-04-23,667.28,21.0,5.071429,10.557143,-1.1285714,78.62858,1.9142857,1.9285715,1.8428571,9.785714,8.185715,0.00026039034,0.014151834,0.00013254938,0.00053501874,1.1637807e-05,True
2012-04-30,667.58,6.2,12.228572,20.17143,3.057143,65.87143,3.8999999,3.3714287,3.3428571,9.285714,14.5,0.00015343726,0.012315609,7.935365e-05,0.0005891584,0.00058028847,True
2012-05-07,667.47,10.8,11.114286,16.428572,5.2000003,76.51429,2.7714286,2.457143,2.6285713,8.142858,15.357142,0.00014656782,0.010682546,-7.345365000000001e-25,1.8626451e-08,0.0,True
2012-05-14,667.3,26.4,12.428572,19.142857,4.5,72.47143,3.3571432,2.7000003,3.2428572,7.928571,16.157143,0.00024689734,0.009294115,-7.345365000000001e-25,3.7252903e-09,0.0,True
2012-05-21,667.15,9.2,10.614286,17.571428,3.5,73.44286,3.0285716,2.7142856,2.957143,8.157143,14.257143,0.0004143417,0.008125231,0.00036009154,0.002289489,0.0021926612,True
2012-05-28,666.9691587620499,9.9,14.457144,20.47143,7.8285713,71.27143,3.6571429,2.9428573,3.6571429,7.6285715,18.657143,0.00048107654,0.007214658,4.5413064e-08,6.072223e-07,0.0,True
2012-06-04,666.885,67.200005,14.928572,20.028574,10.057143,78.614296,3.142857,2.7714288,3.3,7.2285714,18.285715,0.0011939853,0.006464906,-7.345365000000001e-25,0.0,0.0,True
2012-06-11,666.63,64.0,12.885715,17.828571,8.442858,84.64286,2.3428574,2.3285713,2.4428573,8.928572,16.185715,0.0016389787,0.0059903115,-7.345365000000001e-25,3.7252903e-09,0.0,True
2012-06-18,666.6,49.0,15.714287,21.77143,8.071428,75.24286,3.9714286,3.542857,3.9428573,9.842857,19.4,0.0011859387,0.006601475,-7.345365000000001e-25,1.1175871e-08,0.0,True
2012-06-25,666.53,40.5,17.328571,22.485716,11.414286,78.042854,3.7857144,3.457143,3.6857142,9.071428,21.685715,0.0034446716,0.006258458,-7.345365000000001e-25,1.4901161e-08,0.0,True
2012-07-02,666.43,17.6,18.985716,25.100002,12.914286,77.52857,3.8571432,3.4571426,4.0,8.971429,22.7,0.000172019,0.0062620193,-7.345365000000001e-25,7.450581e-09,0.0,True
2012-07-09,666.23,54.4,17.52857,22.942858,12.342857,83.32857,3.1571426,3.085714,3.457143,10.028571,21.528572,0.0018227398,0.0061100125,-7.345365000000001e-25,1.1175871e-08,0.0,True
2012-07-16,666.38,16.3,14.714286,19.128572,11.071428,78.65715,2.9857144,2.7428572,3.0714285,9.614285,18.442858,0.00037141144,0.0058948696,-7.345365000000001e-25,7.450581e-09,0.0,True
2012-07-23,666.31,27.599998,14.971429,19.728573,10.028572,75.65715,3.114286,2.642857,3.3285713,8.9,18.314285,0.000612773,0.00563585,-7.345365000000001e-25,3.7252903e-09,0.0,True
2012-07-30,666.2,14.6,18.34286,24.885715,11.242858,77.08571,3.5714288,2.957143,3.7857144,8.214286,21.957144,0.00024332106,0.005342528,-7.345365000000001e-25,7.450581e-09,0.0,True
2012-08-06,666.05,18.3,18.442858,24.942858,12.157144,78.042854,3.3571427,2.9428573,3.6714284,8.057143,22.12857,0.00397107,0.0052883774,-7.345365000000001e-25,1.1175871e-08,0.0,True
2012-08-13,665.93,0.0,15.900001,22.385714,8.685715,75.47143,3.1285717,2.5857143,3.6142857,8.057143,20.77143,1.2129545e-05,0.0048161373,-7.345365000000001e-25,7.450581e-09,0.0,True
2012-08-20,665.77,33.2,19.37143,27.442858,10.614286,73.11429,3.7000003,3.1571429,3.8714287,7.9142857,23.057142,0.0002257824,0.0045527294,-7.345365000000001e-25,1.1175871e-08,0.0,True
2012-08-27,665.63,64.4,17.97143,23.600002,12.300001,79.92857,2.885714,2.8285716,3.1142857,8.771428,21.285715,0.002857551,0.0042713657,-7.345365000000001e-25,9.313226e-09,0.0,True
2012-09-03,665.53,78.700005,14.357142,18.885714,10.1285715,86.40001,1.5714285,1.5857143,1.8714285,10.114285,16.9,0.0013960898,0.004171096,-7.345365000000001e-25,7.450581e-09,0.0,True
2012-09-10,665.53,0.0,15.328572,21.7,8.671429,82.48572,2.0428572,1.8999999,2.3428571,9.642858,18.528572,0.0001192987,0.0041482076,-7.345365000000001e-25,7.450581e-09,0.0,True
2012-09-17,665.43,28.3,11.171428,17.428572,4.914286,84.32857,1.6285714,1.5285714,1.8714285,9.857142,15.085714,0.00032779574,0.0041403174,-7.345365000000001e-25,0.0,0.0,True
2012-09-24,665.38,78.4,11.300001,17.328571,4.9428573,87.5,1.457143,1.4857143,1.5285714,10.157143,14.442857,0.0022757053,0.0041466802,-7.345365000000001e-25,1.8626451e-09,0.0,True
2012-10-01,665.43,34.0,11.114286,16.014286,6.071429,87.25715,1.0285715,1.0142858,1.3000001,10.385715,12.857142,0.0005036965,0.0045021847,-7.345365000000001e-25,1.8626451e-09,0.0,True
2012-10-08,665.45,41.3,11.071428,16.47143,5.2428575,86.4,1.1285714,1.1,1.3142856,10.228572,12.6,0.000440225,0.0050316975,-7.345365000000001e-25,3.7252903e-09,0.0,True
2012-10-15,665.63,48.7,9.285714,12.614286,6.1714287,92.17143,0.64285713,0.67142856,0.78571427,11.257143,10.585714,0.0035542697,0.009393953,4.5242764e-06,1.3420358e-05,6.458163e-05,True
2012-10-22,665.7,0.1,10.085715,17.9,3.5142858,83.22858,1.0571429,0.9857143,1.0571429,10.157143,11.271428,2.0116568e-06,0.009803049,1.1148907e-05,5.2047893e-05,0.0,True
2012-10-29,665.73,28.0,3.3714287,5.9000006,0.42857143,95.64286,0.22857144,0.21428573,0.4,10.3714285,6.242857,0.00022383034,0.010351934,0.0065870625,0.0009754114,0.023223579,True
2012-11-05,665.77,50.800003,4.8428574,10.114286,0.7000001,85.71429,0.82857144,0.82857144,0.64285713,10.914286,5.642857,0.0028518215,0.010676943,0.008884333,0.022278242,0.00051249564,True
2012-11-12,665.89,31.0,5.0428576,8.585714,1.457143,88.700005,0.40000004,0.40000004,0.45714286,11.2,5.3428574,0.0024775267,0.013089851,0.00063064555,0.0015972257,0.0011539571,True
2012-11-19,666.05,0.1,2.7714286,8.342857,-0.88571435,91.61428,0.25714284,0.27142859,0.27142859,10.528571,4.4428573,2.9355288e-06,0.016435556,2.635093e-05,9.393878e-05,9.313226e-08,True
2012-11-26,666.13,1.8,4.585714,9.285714,0.74285716,86.98572,0.2857143,0.27142859,0.42857143,10.2,4.6285715,7.733703e-06,0.016726486,2.628281e-06,6.0126185e-06,4.4703484e-08,True
2012-12-03,666.13,48.2,-0.31428576,1.7428571,-3.2571428,93.72857,0.08571429,0.08571429,0.22857143,10.985714,2.057143,0.00016023219,0.015827797,0.023183987,0.00034999847,0.043771278,True
2012-12-10,666.15,40.9,-3.5857143,-0.8714286,-9.071428,93.98572,0.14285715,0.14285715,0.21428572,10.8714285,0.4857143,0.00016184151,0.014663346,0.063647576,0.002136888,0.04627063,True
2012-12-17,666.13,34.9,-2.2571428,1.6142857,-6.457143,91.957146,0.22857143,0.22857143,0.20000002,10.885715,0.6142857,0.00057253987,0.013517991,0.093080275,0.015144942,0.010333303,True
2012-12-24,666.44,42.8,2.457143,5.2999997,-1.0571429,89.814285,0.37142855,0.37142855,0.34285715,11.157143,2.1142857,0.0035340488,0.015411064,0.08515032,0.0409718,0.013856813,True
2012-12-31,667.0,31.3,3.6571429,7.571429,0.11428571,82.17143,0.5714286,0.5714286,0.51428574,10.928572,3.0142858,0.0027067065,0.026622675,0.043381732,0.033712734,0.005546972,True
2013-01-07,667.86,48.0,2.1571429,4.4857144,-0.6857143,92.48572,0.2714286,0.2714286,0.27142859,10.757143,1.9571428,0.0021035224,0.045090593,0.023891693,0.022616394,0.0024667457,True
2013-01-14,668.36,12.5,-0.4714286,1.5714285,-2.6571429,93.51429,0.14285715,0.14285715,0.20000002,10.5,0.9,8.562207e-05,0.04637777,0.017209558,0.0028670914,0.0149549395,True
2013-01-21,668.53,17.8,-4.828572,-2.4,-7.928571,91.51429,0.0,0.0,0.22857143,10.5,0.071428575,1.2546778e-05,0.034178898,0.033907704,0.00064034015,0.018917829,True
2013-01-28,668.54,9.2,-3.5857143,-0.014285718,-9.17143,86.557144,0.2,0.2,0.34285715,10.314285,0.114285715,4.4748187e-05,0.025136992,0.040435772,0.0027213413,0.0077938065,True
2013-02-04,668.63,89.0,2.8428574,5.657143,0.10000001,87.24286,0.68571424,0.68571424,0.61428577,11.3714285,2.5428572,0.0044264197,0.02338498,0.02265791,0.044721328,0.02717496,True
2013-02-11,669.23,34.899998,-4.457143,-1.0857143,-9.528572,89.6,0.12857142,0.12857142,0.34285715,11.328571,0.54285717,0.0004579425,0.022565655,0.046359703,0.0062989704,0.039172713,True
2013-02-18,669.63,10.6,-3.9714286,-0.34285715,-9.1285715,88.62858,0.14285715,0.14285715,0.3857143,10.542857,0.2,1.6540289e-06,0.021693952,0.06807009,8.4575266e-05,0.012955539,True
2013-02-25,669.68,10.5,-6.071429,-2.1857142,-10.5,83.32857,0.08571429,0.08571429,0.5142857,10.314285,0.2,1.4901161e-08,0.01985021,0.078133665,0.0,0.010342911,True
2013-03-04,669.63,0.7,-1.6000001,1.4857142,-5.3,88.71429,0.29999998,0.2857143,0.5857143,10.242857,0.22857143,0.00028797984,0.017491698,0.07600733,0.016543422,0.0025833547,True
2013-03-11,669.58,7.1000004,4.414286,11.857142,-1.2142859,77.457146,1.2857143,1.1857141,1.1571429,9.857142,4.8285713,0.002574101,0.016048007,0.03200454,0.05993922,1.8924475e-05,True
2013-03-18,669.72,19.7,-0.8142857,4.785714,-5.714286,78.98572,0.5428571,0.5142857,0.9714286,10.028571,1.8857143,0.00025375187,0.01564604,0.006908945,0.0056155566,0.012335993,True
2013-03-25,669.68,8.6,0.85714287,5.1571426,-2.4714286,80.74286,0.9571429,0.9285714,1.1571429,10.1,2.9857142,0.00040635467,0.015693776,0.007245836,0.012402941,0.0072658844,True
2013-04-01,669.59,44.9,-1.4,2.1142857,-5.414286,89.457146,0.42857143,0.44285712,0.78571427,10.571428,0.62857145,0.0005399585,0.015396066,0.011741445,0.0124363955,0.020777807,True
2013-04-08,669.55,3.5,1.0428572,3.4142857,-1.0571429,84.4,0.57142866,0.55714285,1.0,10.342857,2.0714285,0.0003546402,0.015017144,0.005144914,0.01223661,0.000426583,True
2013-04-15,669.43,15.2,8.657144,14.614286,3.2142856,73.94286,2.5142858,2.357143,2.2428572,10.271428,9.414286,0.00032825768,0.014529854,0.00027942657,0.0014173836,2.6848167e-05,True
2013-04-22,669.37,38.3,9.757143,14.285714,5.357143,81.75714,1.7285715,1.557143,1.957143,9.914286,11.457143,0.0006777942,0.01367034,0.00032245545,0.002166545,0.0022123456,True
2013-04-29,669.32,1.7,10.471429,16.228573,4.3,78.11428,2.142857,1.8857143,2.1857142,9.842857,13.157143,0.00038338453,0.012953773,1.4015606e-05,0.000108763576,0.0,True
2013-05-06,669.17,10.400001,11.542857,16.314287,6.3,83.44286,1.9285713,1.7571429,2.3999999,9.614285,13.771428,0.001358822,0.0122471675,-7.345365000000001e-25,3.7252903e-09,0.0,True
2013-05-13,669.0,54.8,10.814286,15.028572,6.571429,81.98572,2.0285714,1.9,2.0857143,10.271428,13.528571,0.0044445246,0.011958182,8.5149495e-08,5.699694e-07,8.6426735e-07,True
2013-05-20,669.0711012930822,5.7999997,11.314285,16.628572,6.2714286,78.62858,2.5285716,2.2714286,2.6142857,9.914286,14.6285715,0.00030449033,0.012261473,-7.345365000000001e-25,3.1292439e-07,0.0,False
2013-05-27,668.81,55.0,6.2428575,10.285714,2.9857144,85.24286,1.6142857,1.5714285,1.7428571,10.057143,9.457143,0.0010268092,0.012368217,8.482592e-05,0.0006090738,0.0006626509,True
2013-06-03,668.78,165.40001,8.042857,11.400001,4.942857,89.1,1.6285714,1.6142856,1.5857143,11.271428,10.742857,0.02857691,0.04061117,7.6123647e-06,7.248297e-05,1.2516975e-06,True
2013-06-10,669.98,74.2,14.042857,19.800001,7.071429,74.828575,3.442857,3.0285714,3.5571427,10.085714,17.657143,0.00101915,0.050849065,-7.345365000000001e-25,1.4901161e-08,0.0,True
2013-06-17,671.38,18.0,17.0,23.800001,9.957143,74.814285,3.9714284,3.6,4.0857143,10.085714,20.428572,0.0013712645,0.034110405,-7.345365000000001e-25,0.0,0.0,True
2013-06-24,671.68,33.5,17.385715,23.057144,11.885714,77.12858,3.9428573,3.2714288,3.642857,8.642858,22.028572,0.00042868406,0.024340212,-7.345365000000001e-25,7.450581e-09,0.0,True
2013-07-01,671.87,27.4,11.314286,15.342857,7.085714,81.61428,2.357143,2.114286,2.4857142,9.271428,15.357142,0.000780493,0.018865645,-7.345365000000001e-25,0.0,0.0,True
2013-07-08,671.78,9.0,17.557142,22.285715,12.614286,78.557144,3.542857,2.9714284,3.7285714,9.0,20.8,0.00025478005,0.01575797,-7.345365000000001e-25,1.1175871e-08,0.0,True
2013-07-15,671.63,0.0,17.157145,23.37143,9.67143,68.37144,4.414285,2.7714288,4.428571,7.3428574,22.885714,9.23872e-06,0.013174303,-7.345365000000001e-25,0.0,0.0,True
2013-07-22,671.38,0.0,19.5,26.9,10.571428,65.17143,5.142857,1.6142857,4.957143,6.242857,24.2,1.0341406e-05,0.010731682,-7.345365000000001e-25,7.450581e-09,0.0,True
2013-07-29,671.17,17.5,20.957142,28.785715,13.0,69.22858,4.342857,1.9428571,4.5,6.5142856,24.6,0.0008533299,0.00870391,-7.345365000000001e-25,1.4901161e-08,0.0,True
2013-08-05,670.88,1.2,20.314287,28.257143,11.571428,66.91429,4.457143,3.3999999,4.6142855,7.257143,23.957144,2.5197864e-05,0.007205993,-7.345365000000001e-25,1.1175871e-08,0.0,True
2013-08-12,670.62,38.5,17.757143,23.328571,11.928572,78.58572,2.8428571,2.4857142,3.2571428,7.957143,21.77143,0.0047239065,0.0062134415,-7.345365000000001e-25,7.450581e-09,0.0,True
2013-08-19,670.23,10.8,16.514286,22.9,9.857142,72.87143,3.2142854,2.6428573,3.3428571,7.785714,21.0,0.00092694163,0.005362764,-7.345365000000001e-25,0.0,0.0,True
2013-08-26,669.93,17.1,14.228572,20.442858,8.071428,80.200005,2.3285713,1.942857,2.5714285,7.8714285,18.4,0.00030568242,0.0047756582,-7.345365000000001e-25,1.8626451e-09,0.0,True
2013-09-02,669.65,29.4,13.428572,19.214285,7.0285716,81.98572,1.9714286,1.7714285,2.2142856,8.9,17.328571,0.00033405423,0.004358478,-7.345365000000001e-25,1.8626451e-09,0.0,True
2013-09-09,669.37,21.8,16.528572,23.257143,9.7,77.38572,2.642857,2.2428572,2.8,8.614285,20.057142,0.0011929125,0.004003741,-7.345365000000001e-25,3.7252903e-09,0.0,True
2013-09-16,669.0,108.1,10.885714,13.785714,7.8857145,90.75714,1.1,1.1,1.1428572,10.842857,12.685715,0.0050004274,0.0047618747,-7.345365000000001e-25,3.7252903e-09,0.0,True
2013-09-23,668.81,25.9,10.271429,15.67143,4.9857144,84.27143,1.5285715,1.5,1.6142857,11.071428,12.985714,0.0020800233,0.0059981793,-7.345365000000001e-25,3.7252903e-09,0.0,True
2013-09-30,668.65,10.0,12.514285,16.928572,8.114285,89.75715,1.1285714,0.9857144,1.4,10.028571,15.157143,0.0014936626,0.0060514584,-7.345365000000001e-25,3.7252903e-09,0.0,True
2013-10-07,668.46,22.0,10.728572,14.828572,6.6857142,91.97143,0.7285714,0.67142856,0.9714286,10.242857,12.314285,0.00028277934,0.0065057203,-7.345365000000001e-25,1.8626451e-09,0.0,True
2013-10-14,668.13,29.1,6.785714,11.400001,3.3857143,90.52857,0.61428577,0.61428577,0.78571427,10.971429,8.785714,0.0010920465,0.0068762153,0.0014706964,0.004728576,0.0053039603,True
2013-10-21,667.93,35.3,10.314286,16.057142,4.957143,83.21429,1.0142857,1.0142857,1.0714285,11.014286,10.885715,0.0047523975,0.010163188,9.891533e-05,0.000783924,0.0,True
2013-10-28,667.78,16.6,12.357142,19.02857,6.614286,80.28571,1.1285715,1.1,1.1857144,10.242857,12.457143,0.00035329163,0.010435246,-7.345365000000001e-25,3.874302e-07,0.0,True
2013-11-04,667.58,31.7,7.1857147,10.957144,3.2428572,88.64286,0.7142858,0.7000001,0.6571428,10.528571,7.957143,0.0010568947,0.010567963,1.0728836e-06,6.0610473e-06,8.214265e-06,True
2013-11-11,667.43,48.2,6.542857,9.785714,2.8428571,86.4,0.7,0.7,0.71428573,11.085714,6.8142858,0.0019856542,0.013815813,0.0021693422,0.0021603797,0.013262663,True
2013-11-18,667.35,2.4,1.7142857,4.0,-0.18571427,90.87144,0.2,0.2,0.35714287,10.614285,2.7714286,0.0003119111,0.015784793,0.0065852064,0.009958558,0.0011909418,True
2013-11-25,667.23,28.300001,0.7,2.2714286,-1.3714286,94.28571,0.15714286,0.15714286,0.2857143,10.514286,2.057143,0.00054451823,0.016580425,0.0046823197,0.005855968,0.00982869,True
2013-12-02,667.09,11.5,-4.428571,-0.40000004,-9.185715,90.21429,0.114285715,0.114285715,0.18571427,10.414286,0.014285714,4.2527914e-05,0.01663246,0.0114838965,0.0018347371,0.011190388,True
2013-12-09,666.98,4.2,-1.3285714,3.0714285,-5.8285713,81.77143,0.37142855,0.37142855,0.35714287,10.271428,0.25714287,0.0001680404,0.01630199,0.0166622,0.006791264,0.011281639,True
2013-12-16,666.84,5.8,-2.0285716,4.785714,-6.857143,86.1,0.2,0.2,0.071428575,10.228572,0.042857144,0.00024592876,0.015588179,0.013438338,0.011345377,0.003236208,True
2013-12-23,666.71,3.6999998,1.0428572,5.085714,-4.6,83.299995,0.32857147,0.31428573,0.2857143,10.2,0.5285714,0.0002027154,0.014744237,0.0072439737,0.006733855,4.4949353e-05,True
2013-12-30,666.54,12.4,1.8857143,0.0,-2.3857143,85.67143,0.3571429,0.34285715,0.2857143,10.5,1.3428571,0.00039826334,0.013913445,0.007679491,0.007928669,0.011944424,True
2014-01-06,666.4354500962672,12.799999,1.2142857,5.614286,-3.9428573,84.6,0.2,0.2,0.31428573,10.3,0.2,0.00033551455,0.013274357,0.006086656,0.005451644,0.0008778237,True
2014-01-13,666.345,18.6,4.1142855,8.528571,-1.0142858,85.02857,0.5428571,0.5428571,0.37142855,10.3,3.3285713,0.0005288422,0.012813248,0.0017230341,0.004034877,0.00056570023,True
2014-01-20,666.18,25.099998,0.90000004,3.3285713,-1.6142857,95.0,0.20000002,0.20000002,0.24285714,10.657143,1.5857143,0.00048606098,0.012585938,0.007658289,0.008266527,0.011179958,True
2014-01-27,666.1,21.7,0.54285717,2.457143,-1.5285714,90.78571,0.37142858,0.37142858,0.37142858,10.5,1.1142857,0.00022432208,0.012521729,0.009586732,0.0034053456,0.022119489,True
2014-02-03,666.02,4.8999996,-1.0,2.4857144,-4.5142856,89.67143,0.27142859,0.27142859,0.31428573,10.385715,0.34285715,0.00038835406,0.012488402,0.017433671,0.013759665,0.0025480613,True
2014-02-10,665.94,7.9,2.2428572,7.6714287,-3.414286,79.42857,0.7,0.6857143,0.7285714,10.171429,1.6285714,0.0003568232,0.01241231,0.005705334,0.009019084,0.000271298,True
2014-02-17,665.85,16.4,2.8285716,7.4428573,-1.7,81.38572,0.84285724,0.8142857,0.8,10.228572,2.8285713,0.00035849214,0.012404658,0.0026417573,0.004441712,0.0028234497,True
2014-02-24,665.78,9.1,2.5714285,8.071428,-2.3714287,82.3,0.85714287,0.8000001,0.7571429,10.1,3.7714286,0.00018952042,0.012346059,0.0006928387,0.0015072636,0.0007887706,True
2014-03-03,665.73,7.7,2.2,7.0428576,-2.3857143,82.614296,0.9285715,0.8857144,0.82857144,10.028571,4.1571426,0.00031062216,0.012186743,0.0021773179,0.0045721717,0.0061254315,True
2014-03-10,665.65,7.4,3.757143,9.7,-1.7428572,78.700005,1.3571428,1.1857141,1.2428571,9.842857,5.242857,0.0003232956,0.011977203,0.0014145431,0.0045714676,0.0018228292,True
2014-03-17,665.57,2.8,6.6,13.971429,0.014285684,70.77143,2.0,1.6142856,1.7142857,9.1,7.6714287,9.114295e-05,0.011657454,2.640202e-05,0.00011782162,3.7774444e-06,True
2014-03-24,665.47,30.0,6.085715,12.257143,-0.51428574,73.57143,1.9999999,1.5857142,1.7142857,8.8,8.471429,0.000432387,0.011133224,0.0032377073,0.005340496,0.020720918,True
2014-03-31,665.38,0.0,4.7999997,13.2,-3.0,72.557144,2.1,1.7285715,1.9,9.1,8.428572,0.00035678595,0.0105859935,0.0048860935,0.015473427,0.00028232858,True
2014-04-07,665.3,0.2,10.071428,17.314287,2.957143,74.1,2.0571427,1.6142857,1.9571428,8.242857,12.885715,0.00058554113,0.010003135,1.58151e-05,0.00011899136,0.0,True
2014-04-14,665.2,17.9,8.728571,14.3714285,2.9,72.557144,2.3142855,1.8714285,2.0714285,7.6714287,11.857142,0.0005085692,0.009476975,4.5356296e-06,2.1062791e-05,0.00010917708,True
2014-04-21,665.1,15.2,4.542857,10.557143,-1.3571428,78.314285,1.5714285,1.2714287,1.7,7.1857142,8.542857,0.0002656281,0.0090084,0.00087149936,0.0036027506,0.0035602823,True
2014-04-28,664.98,40.0,10.457144,16.27143,4.1714287,79.37144,2.4285715,2.0142856,2.357143,7.5285716,13.714286,0.00046555698,0.008517757,1.4168875e-05,0.00011978857,0.0,True
2014-05-05,664.87,26.199999,7.728572,12.742857,3.8714287,85.67143,1.8,1.6428572,1.7571429,9.2,11.514286,0.0008487031,0.00816711,2.395539e-06,1.215376e-05,1.4774501e-05,True
2014-05-12,664.78,35.5,11.242858,15.742858,6.371429,76.057144,2.8999999,2.757143,2.542857,8.971429,13.571428,0.00049358606,0.007886715,2.724784e-07,2.6673079e-06,0.0,True
2014-05-19,664.73,26.3,8.6285715,14.371429,3.2285714,74.3,2.4714286,2.2,2.6285713,9.185715,12.214286,0.0005743131,0.007816903,1.41859055e-05,0.000101778656,9.0792775e-05,True
2014-05-26,664.7,16.8,14.985715,22.085714,6.7000003,68.72857,3.8285713,3.0000002,3.7285714,8.1285715,18.9,0.00019831955,0.007726565,-7.345365000000001e-25,2.719462e-07,0.0,True
2014-06-02,664.65,57.2,11.214286,15.742858,6.4428573,78.75715,2.2428572,1.9285715,2.5142858,8.4,14.842857,0.002598025,0.007432103,-7.345365000000001e-25,0.0,0.0,True
2014-06-09,664.6752771915617,5.3,16.742857,24.84286,7.5428576,65.185715,4.4857144,3.3428571,4.428571,7.5571427,20.557142,8.800626e-05,0.007058561,-7.345365000000001e-25,3.7252903e-09,0.0,True
2014-06-16,664.56,8.7,18.114286,24.014286,11.185715,64.65714,4.6857142,2.5714288,4.7000003,6.357143,22.9,6.006658e-05,0.0064849034,-7.345365000000001e-25,7.450581e-09,0.0,True
2014-06-23,664.48,27.5,14.928572,21.814285,7.4428573,68.457146,4.128571,1.4142857,4.0,5.714286,20.328571,0.00010481477,0.0058908537,-7.345365000000001e-25,0.0,0.0,True
2014-06-30,664.41,34.899998,14.342857,19.614286,7.7571425,77.14286,3.2285714,2.2571428,3.0857143,6.5285716,18.814285,0.0007914305,0.0053358227,-7.345365000000001e-25,0.0,0.0,True
2014-07-07,664.33,15.5,16.342857,22.857143,9.185715,75.58572,3.6000001,3.3571427,3.7285714,7.385714,20.27143,0.00015561283,0.004901193,-7.345365000000001e-25,7.450581e-09,0.0,True
2014-07-14,664.28,130.9,13.728572,17.228573,10.985715,88.42857,2.142857,2.1285713,2.2714286,9.342857,16.614286,0.003970474,0.0054171383,-7.345365000000001e-25,1.1175871e-08,0.0,True
2014-07-21,664.33,69.8,18.542858,25.528574,11.328572,73.01429,4.085714,3.357143,4.0571427,8.842857,23.257143,0.000418894,0.004701838,-7.345365000000001e-25,7.450581e-09,0.0,True
2014-07-28,664.48,92.2,17.014286,21.528574,12.7,82.8,2.7142856,2.6857142,3.0714285,10.8714285,20.685715,0.02229467,0.01936043,-7.345365000000001e-25,3.7252903e-09,0.0,True
2014-08-04,665.43,32.100002,16.542858,21.057144,11.871429,85.4,2.3857143,2.3714283,2.4428573,11.285714,20.157143,0.00074578077,0.014747113,-7.345365000000001e-25,1.1175871e-08,0.0,True
2014-08-11,666.41,36.6,17.2,22.84286,10.914286,81.08571,2.7571428,2.6857145,3.0571427,10.4,21.2,0.00026272237,0.015491888,-7.345365000000001e-25,1.1175871e-08,0.0,True
2014-08-18,666.65,34.1,12.942858,17.457144,9.114286,81.51429,2.2,2.1714284,2.4142857,10.742857,16.4,0.0009788871,0.0144659355,-7.345365000000001e-25,1.8626451e-09,0.0,True
2014-08-25,666.75,15.200001,12.585715,16.9,7.9428573,78.61428,2.0428574,1.8571427,2.2428572,9.985714,16.785715,0.00027358532,0.0135100335,-7.345365000000001e-25,0.0,0.0,True
2014-09-01,666.9,38.899998,14.0,18.214287,9.67143,87.47143,1.6142856,1.6142856,1.7571429,10.671429,16.557142,0.0019902438,0.012693122,-7.345365000000001e-25,7.450581e-09,0.0,True
2014-09-08,666.61,1.9,14.828572,20.800001,9.471429,84.299995,1.6714287,1.5428572,2.1714284,10.3714285,17.585714,0.00015935302,0.0122515485,-7.345365000000001e-25,5.5879354e-09,0.0,True
2014-09-15,666.8,38.7,13.114286,17.342857,9.428572,87.61428,1.3000001,1.2571429,1.7142857,10.457143,15.985714,0.0016615838,0.012175202,-7.345365000000001e-25,3.7252903e-09,0.0,True
2014-09-22,667.0,41.0,14.328572,20.585714,8.3,84.28571,1.6000001,1.5428572,1.9857143,10.457143,17.2,0.0028584301,0.012198955,-7.345365000000001e-25,3.7252903e-09,0.0,True
2014-09-29,666.98,11.799999,10.514287,17.614286,3.6857145,84.67143,1.357143,1.3142856,1.5857143,10.471429,13.571428,0.0004543066,0.01215449,-7.345365000000001e-25,5.5879354e-09,0.0,True
2014-10-06,666.96,12.5,12.1,17.042858,7.1571426,89.94286,0.85714287,0.82857144,1.2428571,10.328571,14.585714,0.00010681152,0.012126677,-7.345365000000001e-25,1.8626451e-09,0.0,True
2014-10-13,666.88,10.8,13.442857,19.4,7.371429,83.87142,1.1285714,1.0285714,1.2714285,10.071428,14.971429,0.00017426908,0.011672676,-7.345365000000001e-25,0.0,0.0,True
2014-10-20,666.8,17.2,12.785714,18.77143,7.457143,82.685715,1.1714286,1.1714286,1.2285715,10.514286,13.857142,0.001671046,0.011081293,-7.345365000000001e-25,3.7252903e-09,0.0,True
2014-10-27,666.7,44.2,6.3857145,10.0,2.2714286,89.85714,0.67142856,0.67142856,0.6857143,11.357142,7.857143,0.0034682378,0.012617901,0.0008380356,0.0038906652,0.0038925335,True
2014-11-03,666.65,0.8,7.457143,14.985715,1.8000001,82.85714,0.6571428,0.62857145,0.6857143,10.285714,8.4,3.454089e-05,0.013785422,3.071626e-05,0.00011940114,0.0,True
2014-11-10,666.57,20.7,5.3857145,10.157144,1.0142858,87.98572,0.50000006,0.47142857,0.51428574,10.714286,6.4428573,0.00070784986,0.013629004,0.002950572,0.008530946,0.0092886835,True
2014-11-17,666.45,17.2,5.785714,9.757143,2.3,93.18572,0.3571429,0.3571429,0.3857143,10.585714,6.928571,0.00094005466,0.0134778395,0.00021067119,0.0009418428,2.4065375e-06,True
2014-11-24,666.35,14.3,4.657143,9.857142,0.19999997,91.91429,0.34285715,0.34285715,0.2857143,10.785714,5.3142858,0.00054222345,0.014712557,7.6787815e-05,0.00024527125,0.00023232773,True
2014-12-01,666.25,2.2,3.0142858,4.8142858,1.4714286,97.37144,0.12857144,0.11428572,0.24285714,10.2,4.0142856,4.1931868e-05,0.015438803,3.5478956e-06,1.3619661e-05,0.0,True
2014-12-08,666.13,7.1,1.2428571,2.2285714,0.3857143,95.65715,0.114285715,0.114285715,0.2857143,10.3,1.9571428,0.00015185773,0.014952593,0.002252312,0.002412958,0.008624874,True
2014-12-15,665.99,3.8000002,3.1285717,6.114286,-0.3571429,79.32857,0.4142857,0.4,0.5714286,10.242857,2.4571428,0.0002463162,0.014162682,0.005034719,0.005928848,0.001882039,True
2014-12-22,665.85,46.0,4.6,7.0285716,2.357143,86.25714,0.47142857,0.47142857,0.5285714,10.685715,4.0857143,0.0016282201,0.014157668,0.0015601658,0.004644541,0.004180614,True
2014-12-29,665.79,35.3,-0.55714285,2.8142858,-6.557143,79.685715,0.34285712,0.32857138,0.64285713,10.657143,1.3142858,0.00015115738,0.01346837,0.012648786,0.000909226,0.03495136,True
2015-01-05,665.7,53.1,-2.357143,1.5285715,-6.6142855,90.0,0.0,0.0,0.22857143,11.3,0.4,0.0044860393,0.016747415,0.049155235,0.012958866,0.020686727,True
2015-01-12,665.85,20.4,3.3,7.085715,-0.07142849,75.17143,0.8428572,0.8285715,0.9142857,10.728572,2.4714286,0.006565228,0.027997635,0.027324524,0.042121995,0.009178568,True
2015-01-19,666.3,34.9,1.3000001,5.642857,-2.7571428,81.12858,0.49999997,0.48571426,0.5428571,10.814285,1.2857143,0.0004836321,0.038977526,0.015544068,0.008986814,0.022538211,True
2015-01-26,666.53,10.8,-1.9285715,0.08571428,-3.7285714,89.12858,0.071428575,0.071428575,0.34285715,10.514286,0.2857143,7.396191e-05,0.03327073,0.025366431,0.0031787492,0.014675129,True
2015-02-02,666.58,40.3,-1.2571429,0.31428576,-3.4714286,88.15715,0.2857143,0.2857143,0.45714286,11.028571,0.25714287,1.6391277e-07,0.026620306,0.06450728,0.0,0.053845856,True
2015-02-09,666.61,2.1,-5.6285715,-2.7285714,-10.7,83.71429,0.014285714,0.014285714,0.44285712,10.585714,0.18571429,1.4901161e-08,0.021258943,0.089571,0.0,0.007129796,True
2015-02-16,666.58,0.0,-4.357143,4.1857142,-11.0,83.22858,0.42857146,0.41428575,0.45714286,10.2,0.12857144,8.817762e-05,0.017314129,0.09157136,0.005802484,1.8328428e-05,True
2015-02-23,666.53,16.3,-1.4142857,3.9714284,-7.2714286,81.9,0.5428571,0.49999997,0.59999996,10.114285,0.17142858,0.0001019761,0.014438294,0.08652507,0.0055951867,0.0111310445,True
2015-03-02,666.49,34.3,-0.07142864,3.8857143,-5.785714,85.88572,0.7000001,0.7000001,0.64285713,10.542857,0.87142855,0.0015677288,0.012631275,0.097453296,0.020865262,0.019377548,True
2015-03-09,666.52,4.7999997,0.7571429,7.214286,-5.085715,74.457146,1.3285714,1.2714287,1.0714285,10.457143,2.5714285,0.0004933104,0.011070877,0.09140621,0.023327652,0.006519001,True
2015-03-16,666.6,4.5,2.3,8.471429,-3.642857,75.957146,1.3857144,1.1714286,1.2857143,9.642858,4.5142856,0.0013449565,0.010572962,0.055605225,0.04148544,5.9127808e-05,True
2015-03-23,666.75,18.9,5.057143,12.1,-0.71428573,76.057144,1.6,1.3000001,1.4571428,9.185715,7.4428573,0.0018945485,0.01271154,0.01241659,0.03300244,0.0026671514,True
2015-03-30,666.9,36.9,5.8285713,10.614286,1.6571429,79.1,1.6428572,1.5142858,1.4714286,9.171429,7.3285713,0.00251773,0.017836258,0.0009407543,0.0040893126,0.0007945597,True
2015-04-06,667.13,38.0,2.5857143,6.2000003,-0.9428572,80.614296,1.3999999,1.3857143,1.2714285,10.571428,4.1285715,0.0016281083,0.026935168,0.008471727,0.014081944,0.024968304,True
2015-04-13,667.38,0.3,7.828572,15.285715,0.4142857,63.957146,2.8142858,2.3714287,2.6000001,9.671429,10.6285715,0.00026996434,0.032633424,0.002857299,0.010259572,1.1622906e-05,True
2015-04-20,667.43,25.5,9.342857,15.657144,1.5857143,63.414288,3.1142857,2.5285714,2.7428572,9.028571,12.671429,0.00041522086,0.027018234,3.5308656e-06,2.691336e-05,7.1525574e-07,True
2015-04-27,667.45,43.4,9.871429,17.7,1.1571429,67.685715,3.2857144,2.7285714,2.9857142,8.342857,14.3714285,0.00025704503,0.021141477,-7.345365000000001e-25,9.313226e-08,0.0,True
2015-05-04,667.54,102.8,10.014285,14.171428,5.8142858,85.18572,1.7714285,1.7857143,1.7571429,10.385715,12.328571,0.003039822,0.018510059,6.9481985e-06,4.132092e-05,4.060194e-05,True
2015-05-11,667.95,13.0,13.300001,19.657145,6.928571,71.91428,3.3428571,3.257143,3.1714287,10.742857,16.614286,0.0010103211,0.016122565,-7.345365000000001e-25,1.1175871e-08,0.0,True
2015-05-18,668.12,53.5,13.985715,19.47143,8.071428,76.6,3.2000003,3.1142857,3.1142857,10.2,17.857143,0.008882239,0.017698124,-7.345365000000001e-25,0.0,0.0,True
2015-05-25,668.4401715388402,51.2,9.442857,13.1,6.2285714,83.6,1.642857,1.7571428,1.6571429,10.785714,12.571428,0.003250435,0.02651354,-7.345365000000001e-25,0.0,0.0,True
2015-06-01,668.24,11.3,12.67143,18.185715,6.3428574,71.85715,3.2714286,3.0142858,3.3142858,9.914286,16.385714,0.0010798126,0.026054889,-7.345365000000001e-25,0.0,0.0,True
2015-06-08,668.41,22.7,19.228573,25.528574,11.857142,71.328575,4.571429,3.9142857,4.642857,8.585714,23.014286,0.0001784265,0.022658646,-7.345365000000001e-25,0.0,0.0,True
2015-06-15,668.4,45.4,15.814286,20.800001,10.800001,83.457146,2.6857145,2.7,3.042857,9.257143,19.514286,0.0031655878,0.018812232,-7.345365000000001e-25,3.7252903e-09,0.0,True
2015-06-22,668.41,57.5,13.0,17.02857,9.2,82.90001,2.2142856,2.3,2.4285715,10.428572,16.071428,0.0016385913,0.01606097,-7.345365000000001e-25,0.0,0.0,True
2015-06-29,668.51,6.3,15.300001,21.385714,8.585714,71.457146,3.842857,3.3714287,3.8285713,9.857142,19.914286,0.0022122413,0.014533728,-7.345365000000001e-25,0.0,0.0,True
2015-07-06,668.45,12.900001,22.628572,30.27143,13.971429,67.200005,5.6,4.1,5.357143,8.014286,26.657143,2.6762486e-05,0.013097227,-7.345365000000001e-25,1.1175871e-08,0.0,True
2015-07-13,668.35,8.3,18.457142,24.17143,11.314285,68.61429,4.5285716,2.5571427,4.0857143,7.142857,23.014286,8.764863e-05,0.011411212,-7.345365000000001e-25,3.7252903e-09,0.0,True
2015-07-20,668.23,11.599999,21.0,28.27143,13.599999,69.12858,4.957143,1.9142857,4.7714286,6.385714,25.142857,0.000100299716,0.009705022,-7.345365000000001e-25,7.450581e-09,0.0,True
2015-07-27,668.08,36.0,18.7,24.728573,12.642858,74.51428,4.128571,2.2857144,3.8999999,6.6857142,23.328571,0.0003232211,0.008229405,-7.345365000000001e-25,1.1175871e-08,0.0,True
2015-08-03,667.93,12.4,15.471429,20.757143,9.114286,76.71429,3.1285717,1.8285714,3.1142857,6.785714,19.285715,0.00011512637,0.007101804,-7.345365000000001e-25,0.0,0.0,True
2015-08-10,667.77,27.400002,21.600002,29.77143,13.057143,71.52857,4.585714,2.042857,4.5285716,6.385714,25.257143,0.00012591481,0.0061001033,-7.345365000000001e-25,1.1175871e-08,0.0,True
2015-08-17,667.58,35.5,18.457142,24.642857,12.914286,80.328575,3.0142858,1.8428571,3.0857143,6.9428573,22.328571,0.00034118444,0.00525707,-7.345365000000001e-25,7.450581e-09,0.0,True
2015-08-24,667.43,29.8,14.528572,20.5,8.785714,83.57143,2.3428571,1.9428571,2.5428574,7.8428574,18.5,0.00020503998,0.0046904087,-7.345365000000001e-25,1.8626451e-09,0.0,True
2015-08-31,667.24,0.0,19.114286,27.085714,10.971429,69.28572,3.8142855,2.8,3.857143,7.357143,22.342857,5.6400895e-05,0.0041759387,-7.345365000000001e-25,0.0,0.0,True
2015-09-07,667.05,30.8,12.385715,16.800001,8.428572,84.88572,1.6571429,1.4571428,1.8,7.8428574,16.1,0.0004594773,0.003761895,-7.345365000000001e-25,3.7252903e-09,0.0,True
2015-09-14,666.84,23.0,11.814286,18.142857,5.1,81.5,1.9571428,1.4714286,1.9428571,7.4714284,15.6,0.000113777816,0.0034683794,-7.345365000000001e-25,0.0,0.0,True
2015-09-21,666.65,15.5,11.471429,17.328571,6.057143,87.07143,1.4285715,1.2285715,1.4,7.714286,14.542857,0.00016513467,0.0032350495,-7.345365000000001e-25,1.8626451e-09,0.0,True
2015-09-28,666.48,17.4,9.171428,13.6285715,4.142857,84.700005,1.0714285,0.9285714,1.3428571,8.042857,11.971429,0.00042366982,0.003055513,-7.345365000000001e-25,0.0,0.0,True
2015-10-05,666.28,8.3,9.542857,15.685715,3.2714286,78.11428,1.3571428,1.1,1.6285714,7.6,11.614285,4.3563545e-05,0.0028934926,-7.345365000000001e-25,0.0,0.0,True
2015-10-12,666.08,6.8,9.771429,12.857142,6.7428575,91.92857,0.7285714,0.6571428,0.82857144,8.171429,11.614285,8.5800886e-05,0.00276459,-7.345365000000001e-25,3.7252903e-09,0.0,True
2015-10-19,665.89,53.6,4.428571,6.714286,1.6428572,93.814285,0.4142857,0.3857143,0.5428571,8.8714285,6.4142857,0.0006040633,0.0026680082,0.00010529586,0.00032623112,0.00038652122,True
2015-10-26,665.71,0.8,6.9714284,12.114286,2.9142857,86.828575,0.65714294,0.5857143,0.7714286,8.514286,8.257143,4.4852495e-06,0.0026056692,1.7909777e-05,6.791577e-05,0.0,True
2015-11-02,665.53,13.6,6.8428574,12.314286,3.1285717,93.11428,0.50000006,0.42857143,0.5,8.414286,8.214286,0.00025321543,0.002552919,-7.345365000000001e-25,3.4458935e-07,0.0,True
2015-11-09,665.35,0.0,9.985715,17.571428,3.4285715,78.87144,0.8714286,0.7,0.82857144,8.171429,9.571428,7.160008e-06,0.0025086254,-7.345365000000001e-25,1.8626451e-09,0.0,True
2015-11-16,665.2,0.5,7.957143,13.557143,2.7857144,80.52857,0.95714283,0.74285716,0.7714286,7.857143,8.214286,6.181002e-05,0.0024667159,-7.345365000000001e-25,1.8626451e-09,0.0,True
2015-11-23,665.03,85.5,5.5285716,8.342857,0.5714286,83.35714,0.7142857,0.61428565,0.81428576,9.385715,6.357143,0.0043641776,0.0024291202,0.006695804,0.0026398841,0.023781672,True
2015-11-30,664.98,18.7,0.2571428,2.6285717,-2.0285714,87.92857,0.32857147,0.32857147,0.5142857,10.428572,1.3857143,0.00079733133,0.0028011203,0.024087684,0.024532387,0.01310496,True
2015-12-07,664.92,11.5,2.9857142,8.385715,-1.9285715,90.64286,0.40000004,0.40000004,0.21428572,10.228572,3.7571428,0.0008061975,0.0035749823,0.0024674733,0.009499988,0.0,True
2015-12-14,664.84,9.200001,1.1428572,6.957143,-4.0857143,84.828575,0.31428573,0.31428573,0.2,10.114285,1.7428571,0.00018705428,0.003899023,0.00041903768,0.00048440322,7.8976154e-07,True
2015-12-21,664.77,22.000002,4.9857144,10.357142,-0.2857143,89.200005,0.3285714,0.3285714,0.22857143,10.314285,3.6,0.00045078993,0.004555151,0.00010374614,0.00024290755,0.0,True
2015-12-28,664.7,0.0,3.9285715,10.842857,-1.7714285,78.24286,0.4857143,0.42857146,0.3,9.957143,3.2285714,4.61936e-07,0.005131319,7.845107e-06,1.7967075e-05,0.0,True
2016-01-04,664.63,32.600002,1.4857143,5.142857,-2.4428573,93.52857,0.23333333,0.23333333,0.17142858,9.866667,1.0333333,0.00036008656,0.005463481,0.0011162417,0.0013083033,0.0070570856,True
2016-01-11,664.54,67.1,2.7714286,5.2571425,-0.2857143,93.64286,0.37142858,0.37142858,0.2857143,11.157143,1.9857143,0.0013177246,0.0057778955,0.006497275,0.009099875,0.005610764,True
2016-01-18,664.65,32.5,-3.0428574,-0.27142859,-6.9714284,85.48572,0.25714284,0.25714284,0.41428572,11.242857,0.5285714,0.00015437603,0.007856846,0.026772391,0.0017090868,0.04434417,True
2016-01-25,664.73,5.9,-3.0285716,2.0714285,-9.314286,87.52857,0.22857141,0.22857141,0.25714287,10.5,0.2857143,0.00014957786,0.009459861,0.048831854,0.0069600753,0.0061104745,True
2016-02-01,664.74,67.1,5.8428574,9.928572,1.8285716,83.828575,0.8714286,0.85714287,0.6857143,10.671429,3.3142858,0.0077799857,0.019363046,0.024518263,0.04986,0.004902821,True
2016-02-08,665.13,32.7,3.1714287,7.9428573,-0.5,84.34286,0.81428576,0.81428576,0.7571429,11.0,3.2714286,0.0015763193,0.028455235,0.0133248735,0.02272085,0.027272034,True
2016-02-15,665.83,25.7,2.1142857,5.657143,-1.0285715,80.042854,0.7714285,0.75714284,0.8,10.685715,2.7857144,0.00072184205,0.033100285,0.006611614,0.008550076,0.0075974353,True
2016-02-22,666.31,18.4,3.0,5.8428574,0.0571428,82.28571,0.87142855,0.85714287,0.91428566,10.571428,2.9571428,0.0006023124,0.03127551,0.005221764,0.012251683,0.007163953,True
2016-02-29,666.58,56.3,-0.028571432,3.414286,-4.2714286,88.41429,0.5714286,0.5714286,0.64285713,10.785714,2.357143,0.0004904866,0.027681,0.008989947,0.009514561,0.028939366,True
2016-03-07,666.81,34.4,0.071428575,3.3285713,-3.2,86.8,0.6285714,0.6285714,0.7,11.114285,1.2714286,0.0009570271,0.024880536,0.029106248,0.013147861,0.030659351,True
2016-03-14,667.0,0.4,0.41428572,4.4,-4.642857,81.65715,0.85714287,0.81428576,0.95714283,10.257143,2.3142858,0.00060375035,0.022459522,0.025286306,0.024112422,0.0016960613,True
2016-03-21,667.17,6.4,2.1714287,8.6285715,-2.5285716,78.08572,1.3000001,1.1714286,1.3428571,9.9,4.542857,0.00035199523,0.02061943,0.0071522337,0.014850417,0.0040974542,True
2016-03-28,667.3,20.4,4.1857142,8.742857,-1.1571429,77.02857,1.3142856,1.1999999,1.3428571,9.7,5.9,0.00037564337,0.018827744,0.00069572247,0.0024062134,0.0014142804,True
2016-04-04,667.33,2.3,10.528571,17.157145,4.6,73.98572,2.1714284,1.8285713,2.0571427,9.328571,11.4,6.185472e-05,0.017039523,1.753512e-05,0.00011654571,0.0,True
2016-04-11,667.36,17.8,7.057143,11.457143,2.2,81.942856,1.5428572,1.3714285,1.5714285,9.057143,9.785714,0.00022362173,0.015117481,2.7270544e-05,0.00014068745,0.0001485534,True
2016-04-18,667.35,57.3,7.7000003,12.6285715,2.7142856,86.07143,1.5714287,1.5428572,1.5285714,9.942857,10.142858,0.0010208935,0.0134218335,2.5567555e-05,8.759089e-05,0.0009550601,True
2016-04-25,667.41,27.099998,6.1285715,12.242858,-0.08571427,78.02857,2.2571428,2.1,2.1142857,10.242857,10.6,0.00027552247,0.012210712,0.0012871254,0.0039785616,0.008447863,True
2016-05-02,667.47,35.6,4.6285715,9.842857,-0.7571429,79.21429,1.9714286,1.8857143,1.8571428,10.442857,8.2,0.00082844496,0.011381909,0.00402924,0.01380454,0.008980028,True
2016-05-09,667.51,15.3,10.471429,18.34286,1.7142857,69.07143,3.6142857,3.0285716,3.1571429,9.671429,14.328571,0.00045895576,0.010804176,1.5031724e-05,0.00011696294,0.0,True
2016-05-16,667.025261638585,86.1,9.514287,13.6,5.5285716,83.68572,1.6285715,1.6,1.7285715,10.157143,12.514286,0.005432576,0.014540806,1.5837805e-06,9.42871e-06,1.24536455e-05,True
2016-05-23,667.0699999999999,48.5,11.071428,17.085714,4.928571,75.25715,2.9857144,2.8999999,2.9285715,10.457143,14.614285,0.0016079247,0.016552031,4.7967546e-06,5.157292e-05,9.009987e-05,True
2016-05-30,666.84,61.600002,14.328572,19.957142,8.228571,78.77143,3.0,2.9142857,3.1857142,10.7,17.414286,0.004357949,0.02096057,4.2745046e-06,4.587695e-05,0.0,True
2016-06-06,668.25,54.6,14.185715,19.085714,10.3714285,83.40001,2.4714286,2.457143,2.7428572,11.042857,17.4,0.0027898103,0.020934671,-7.345365000000001e-25,0.0,0.0,True
2016-06-13,668.63,71.8,14.342857,18.885714,9.857142,83.328575,2.7142856,2.6857145,2.7,11.014286,17.914286,0.0026045814,0.0250656,-7.345365000000001e-25,0.0,0.0,True
2016-06-20,668.86,68.6,12.828572,17.457144,8.8714285,82.1,2.7000003,2.7142856,2.8142858,11.328571,16.114286,0.0034758449,0.029264435,-7.345365000000001e-25,0.0,0.0,True
2016-06-27,669.32,25.4,18.4,24.4,12.228571,76.57143,4.114286,3.7857144,4.0571427,10.257143,22.057142,0.00020687282,0.028945684,-7.345365000000001e-25,7.450581e-09,0.0,True
2016-07-04,669.58,30.9,17.214285,22.34286,11.657143,75.40001,3.642857,3.3142858,3.8,9.8714285,21.428572,0.00023958087,0.02422686,-7.345365000000001e-25,7.450581e-09,0.0,True
2016-07-11,669.62,19.1,18.914288,25.185715,11.257143,70.12858,4.7571425,3.8285713,4.4142857,8.585714,23.742857,4.61936e-05,0.019183658,-7.345365000000001e-25,7.450581e-09,0.0,True
2016-07-18,669.67,62.7,14.142858,19.2,9.157143,81.84286,2.6285713,2.5285714,2.7285714,9.942857,18.22857,0.0057614297,0.016604647,-7.345365000000001e-25,0.0,0.0,True
2016-07-25,669.75,65.9,19.485716,25.87143,13.228572,79.74286,3.7428572,3.2714286,3.7142856,8.857142,24.042856,0.00026987493,0.013951659,-7.345365000000001e-25,7.450581e-09,0.0,True
2016-08-01,669.91,34.7,18.142857,23.257143,13.771429,81.24286,3.1999996,2.7857144,3.4142857,9.214286,22.3,0.0020912886,0.0123704,-7.345365000000001e-25,1.1175871e-08,0.0,True
2016-08-08,670.09,76.299995,16.571428,22.185715,10.342857,78.814285,3.2428572,2.9714286,3.2714286,9.771428,20.4,0.011130273,0.013783969,-7.345365000000001e-25,5.5879354e-09,0.0,True
2016-08-15,670.41,18.1,14.657144,19.757143,9.271429,82.01428,2.5571427,2.2857144,2.6714287,9.7,19.014286,0.00043146312,0.0104727,-7.345365000000001e-25,3.7252903e-09,0.0,True
2016-08-22,670.03,22.2,16.328571,22.114286,11.214286,82.200005,2.5,2.3428574,2.7571428,9.085714,20.542856,0.00044439733,0.009909466,-7.345365000000001e-25,1.8626451e-09,0.0,True
2016-08-29,670.39,22.0,19.285715,26.328571,12.185715,78.65714,3.385714,2.6,3.5142858,8.3714285,23.042856,0.00014550984,0.009224758,-7.345365000000001e-25,7.450581e-09,0.0,True
2016-09-05,670.28,19.8,16.928572,22.47143,11.885715,82.40001,2.4142857,1.8,2.5571427,8.042857,20.671429,0.00017018616,0.008481912,-7.345365000000001e-25,1.1175871e-08,0.0,True
2016-09-12,670.17,4.9,17.028572,24.157145,10.400001,78.328575,2.6142857,1.7714285,2.9142857,7.742857,20.528572,6.7293644e-05,0.0077581555,-7.345365000000001e-25,3.7252903e-09,0.0,True
2016-09-19,669.98,61.3,14.757143,19.671429,10.542857,86.51429,1.7142856,1.1714286,1.7857143,8.1285715,18.342857,0.0019549578,0.007355459,-7.345365000000001e-25,5.5879354e-09,0.0,True
2016-09-26,669.84,4.7,11.242857,18.057142,4.8857145,84.84286,1.4285715,1.2285715,1.6857144,9.042857,14.685715,9.521842e-06,0.0066082105,-7.345365000000001e-25,1.8626451e-09,0.0,True
2016-10-03,669.63,8.599999,12.5,17.885715,6.5,80.64286,1.5428572,1.3142856,1.6285715,8.557143,15.328571,0.00020734966,0.00624945,-7.345365000000001e-25,1.8626451e-09,0.0,True
2016-10-10,669.31,0.5,5.828572,9.6285715,1.4714288,86.74286,0.64285713,0.5285715,0.87142855,8.557143,8.928572,3.4183264e-05,0.005941063,-7.345365000000001e-25,2.7380884e-07,2.7567148e-07,True
2016-10-17,669.13,17.6,7.0,12.757143,1.4428571,85.72857,0.71428573,0.62857145,0.88571423,8.585714,8.8714285,0.00010792911,0.0056577027,1.0785602e-06,4.304573e-06,4.2542815e-06,True
2016-10-24,668.88,24.9,7.2571435,11.414286,3.057143,87.58571,0.7285714,0.71428573,0.7285714,9.157143,8.414286,0.00042273104,0.0054047406,9.752455e-06,3.934838e-05,4.247576e-05,True
2016-10-31,668.63,10.7,7.014286,12.228571,2.0142858,92.42857,0.5142857,0.5,0.54285717,9.814285,8.857142,0.00010049343,0.0052292347,6.414595e-07,4.1071326e-06,0.0,True
2016-11-07,668.33,40.9,4.3857145,9.085714,0.09999997,88.57143,0.51428574,0.50000006,0.5142857,9.928572,5.5285716,0.00036462396,0.005091034,0.00085933437,0.0010553189,0.005317755,True
2016-11-14,668.21,36.3,0.42857143,3.142857,-2.7142856,90.94286,0.29999998,0.29999998,0.35714287,10.685715,2.057143,0.0005972758,0.005025767,0.009610511,0.008420913,0.016787946,True
2016-11-21,668.15,34.7,4.7714286,8.971429,0.51428574,88.828575,0.5285714,0.5285714,0.44285712,10.771428,4.5571427,0.00076182187,0.0054447353,0.0037416844,0.012678424,0.0003418289,True
2016-11-28,668.05,0.5,4.3142858,6.9,1.5714285,90.14286,0.27142859,0.27142859,0.40000004,10.257143,5.0142856,7.395446e-05,0.0064854324,0.00015345642,0.0005109478,8.1371516e-05,True
2016-12-05,667.88,0.0,-1.1428572,3.9,-6.0428576,80.814285,0.24285717,0.22857144,0.2857143,10.085714,0.028571429,1.6912818e-06,0.0071199536,8.74542e-05,4.2030588e-05,2.5987625e-05,True
2016-12-12,667.7,0.90000004,0.58571434,8.1285715,-5.3142858,73.84286,0.42857143,0.37142855,0.37142855,9.928572,0.4,3.7774444e-05,0.007243134,8.4133375e-05,8.5501e-05,0.0003129542,True
2016-12-19,667.51,2.5,-0.7571429,3.9142857,-4.871429,87.25714,0.17142859,0.14285715,0.12857144,9.857142,0.24285714,9.953976e-06,0.007192388,0.000541897,0.000308292,0.0023845471,True
2016-12-26,667.25,2.9,1.0571429,4.8428574,-2.357143,90.28571,0.2857143,0.25714287,0.2857143,9.8,0.95714283,0.00014736503,0.0070847273,0.0013202145,0.0021638684,1.0430813e-07,True
2017-01-02,667.13,7.3,-2.3428571,2.9142857,-7.1,84.27143,0.22,0.22,0.15714286,9.74,0.08,7.674098e-06,0.006932929,0.00035913786,0.00013421103,0.0034977198,True
2017-01-09,666.93,17.9,-6.157143,-2.6571429,-10.914286,87.77143,0.014285714,0.014285714,0.21428572,10.157143,-0.34285715,5.528331e-06,0.0067660213,0.017918337,0.0003096424,0.025595944,True
2017-01-16,666.67,30.0,-2.1000001,0.17142852,-5.057143,88.27143,0.21428573,0.21428573,0.41428572,10.642858,0.0,0.00020982325,0.006582454,0.038831465,0.0044279825,0.03311405,True
2017-01-23,666.54,0.0,-9.928572,-4.7285714,-14.771429,83.94286,0.028571429,0.028571429,0.25714287,10.414286,-0.15714286,0.0,0.0064080134,0.05604834,0.0,0.0007041544,True
2017-01-30,666.35,11.4,-5.8714285,0.6571428,-11.942857,83.44286,0.2857143,0.27142856,0.29999998,10.242857,-0.25714287,0.00020298362,0.0062375143,0.054487444,0.005229462,0.00030282512,True
2017-02-06,666.25,35.5,2.7285714,5.8428574,-1.0142857,88.87144,0.4714286,0.4714286,0.45714286,10.728572,1.4571428,0.004157737,0.007076837,0.03141646,0.031737816,0.0024347827,True
2017-02-13,666.47,1.1,-0.7285715,2.5714285,-3.2285714,88.15715,0.2714286,0.2714286,0.45714286,10.285714,0.71428573,0.00036659092,0.007910326,0.016880864,0.0138021745,0.0014765449,True
2017-02-20,666.58,28.800001,2.2857144,8.571428,-2.8857143,80.1,0.8428572,0.81428576,0.7571429,10.314285,2.142857,0.0007238537,0.009378962,0.005113102,0.008921152,0.0014127828,True
2017-02-27,666.68,19.5,4.8428574,10.1285715,0.1428571,77.685715,1.4,1.3428571,1.1428572,10.357142,4.8428574,0.0012260154,0.01295732,0.0018368221,0.0052872524,0.003999412,True
2017-03-06,666.71,49.0,4.142857,10.071428,-0.71428573,76.814285,1.5,1.5,1.2142857,10.614285,4.5142856,0.0007698983,0.015599005,0.0026307446,0.006809663,0.010291304,True
2017-03-13,666.85,44.7,3.9714286,8.985715,-1.5428572,81.0,1.3285714,1.2857143,1.0571429,10.942857,5.6571426,0.005758539,0.032072224,0.0039690733,0.013606932,0.008690566,True
2017-03-20,667.25,35.5,7.557143,13.642858,1.6285714,76.971436,1.8571428,1.6285715,1.5285715,9.942857,9.028571,0.0008048266,0.032931328,5.8202517e-05,0.00028155185,0.0,True
2017-03-27,667.63,11.799999,6.8857145,11.728572,2.9714286,80.92857,1.5571429,1.3714285,1.5,9.771428,9.1,0.00022622943,0.0280298,6.6303073e-06,4.701689e-05,4.5843422e-05,True
2017-04-03,667.74,3.9,9.714286,17.1,1.8857144,74.32857,2.5714285,2.0142856,2.2,8.8714285,13.2,0.00013001263,0.023331799,-7.345365000000001e-25,1.7136335e-07,0.0,True
2017-04-10,667.71,8.1,8.014286,14.585715,0.15714288,75.34286,2.4428573,1.9428571,2.142857,8.557143,11.8,0.00015376508,0.019046545,4.5980727e-07,2.3841858e-06,2.3916364e-06,True
2017-04-17,667.6,33.8,7.285714,12.042857,0.74285716,77.92857,1.8857144,1.4285715,1.6999999,8.057143,10.885715,0.0007307902,0.015555367,5.308787e-05,0.00020628422,0.00061059,True
2017-04-24,667.52,9.4,2.757143,8.514285,-3.0285716,74.37144,1.8285713,1.5714284,1.8857143,8.9,6.4428573,0.0003438443,0.013271742,0.005009101,0.012313487,0.0129170995,True
2017-05-01,667.2076081948703,100.0,3.5428574,7.7714286,-0.9142858,87.04286,1.5285714,1.5714285,1.4714286,10.5,6.4,0.0019527227,0.011975147,0.005750645,0.021655787,0.022451758,True
2017-05-08,667.5150000000001,78.2,8.2,12.871429,3.3142858,86.3,1.9142857,1.9142858,1.8000001,10.757143,11.2,0.0025270134,0.014474474,0.00026427564,0.0017581359,2.4437904e-05,True
2017-05-15,667.8,14.5,11.5,18.128572,4.657143,75.6,2.9285717,2.8285716,3.0428574,10.471429,14.857142,0.00016884506,0.019521914,-7.345365000000001e-25,3.091991e-07,0.0,True
2017-05-22,667.87,7.2,13.371429,19.942858,4.285714,72.78571,3.542857,3.0285714,3.3857143,9.571428,17.542856,0.0001951456,0.01898387,-7.345365000000001e-25,0.0,0.0,True
2017-05-29,668.01,1.0999999,17.214285,24.0,8.285714,63.9,4.771428,3.5142858,4.5142856,8.285714,21.2,2.6285648e-05,0.016400367,-7.345365000000001e-25,3.7252903e-09,0.0,True
2017-06-05,667.95,53.7,17.328571,22.87143,11.971429,76.457146,3.4857144,2.9,3.8,7.957143,21.77143,0.0003940612,0.013583474,-7.345365000000001e-25,7.450581e-09,0.0,True
2017-06-12,667.88,22.5,15.028572,20.885715,7.6714287,71.02857,3.885714,3.2428572,3.7,8.471429,19.1,0.00020009279,0.011499979,-7.345365000000001e-25,3.7252903e-09,0.0,True
2017-06-19,667.77,23.0,18.185715,24.128572,11.800001,66.27143,4.914286,3.0714285,4.6714287,7.357143,23.314285,8.493662e-05,0.009657674,-7.345365000000001e-25,7.450581e-09,0.0,True
2017-06-26,667.63,11.0,21.571428,27.47143,15.0,66.17143,5.414285,2.642857,5.0285716,6.5571427,25.257143,8.286536e-05,0.008060552,-7.345365000000001e-25,1.1175871e-08,0.0,True
2017-07-03,667.47,52.7,15.67143,20.414286,11.571428,77.08572,3.5428574,3.0,3.4857142,7.571429,20.042856,0.003764145,0.0068641603,-7.345365000000001e-25,3.7252903e-09,0.0,True
2017-07-10,667.3,29.0,19.614286,26.557144,12.314286,71.22857,4.671428,3.585714,4.4428573,7.357143,23.7,7.234514e-05,0.0059856325,-7.345365000000001e-25,1.1175871e-08,0.0,True
2017-07-17,667.14,22.5,16.071428,21.585714,10.428572,75.61428,3.6285717,2.9571426,3.6571429,7.7714286,20.72857,0.00028132647,0.005264245,-7.345365000000001e-25,7.450581e-09,0.0,True
2017-07-24,666.95,51.0,18.2,23.9,12.2,76.24286,3.8,3.1142857,3.8285713,7.571429,22.328571,0.00026249886,0.0046492666,-7.345365000000001e-25,7.450581e-09,0.0,True
2017-07-31,666.85,67.9,15.942858,20.785715,11.214286,82.71429,2.957143,2.8571432,2.7428572,9.614285,18.72857,0.004053563,0.0050370693,-7.345365000000001e-25,7.450581e-09,0.0,True
2017-08-07,666.77,9.1,19.742857,25.37143,12.771429,76.72857,3.7714286,3.4714286,3.7285714,9.071428,23.957144,0.00014923513,0.0040155128,-7.345365000000001e-25,3.7252903e-09,0.0,True
2017-08-14,666.65,54.399998,14.442858,19.2,10.342857,85.75714,2.2142856,2.1428573,2.357143,9.857142,18.22857,0.0009365231,0.0038060248,-7.345365000000001e-25,3.7252903e-09,0.0,True
2017-08-21,666.6,58.3,16.885715,23.1,10.714286,78.15715,3.1285713,3.0142858,3.3714287,9.857142,21.77143,0.0027374625,0.0036453754,-7.345365000000001e-25,7.450581e-09,0.0,True
2017-08-28,666.53,8.7,18.214285,25.557144,11.285714,75.57143,3.2571428,2.7000003,3.4428573,9.028571,22.842857,3.283471e-05,0.0034877881,-7.345365000000001e-25,7.450581e-09,0.0,True
2017-09-04,666.48,133.40001,14.042857,19.285715,8.685715,83.85714,2.0142858,1.8285713,2.0714285,9.942857,18.12857,0.0024916679,0.0042206943,-7.345365000000001e-25,0.0,0.0,True
2017-09-11,666.78,16.9,12.371429,16.657145,7.8857145,83.185715,1.5857142,1.5285714,1.8285714,10.014286,15.457143,0.0011095852,0.0040875003,-7.345365000000001e-25,0.0,0.0,True
2017-09-18,666.95,37.2,9.6285715,14.614286,5.5285716,81.52857,1.4285715,1.4142857,1.5857143,10.1,11.985714,0.0005071759,0.0043612495,-7.345365000000001e-25,1.8626451e-09,0.0,True
2017-09-25,667.02,12.5,9.400001,15.257143,4.1,84.971436,1.3857143,1.2714285,1.5428572,9.885715,13.114285,0.0005930066,0.005128786,-7.345365000000001e-25,0.0,0.0,True
2017-10-02,666.98,15.6,12.1,18.028572,6.514286,85.58572,1.2428571,1.1428572,1.4285715,9.528571,15.4,0.00073836744,0.0056257546,-7.345365000000001e-25,1.8626451e-09,0.0,True
2017-10-09,666.97,52.3,9.157144,13.285714,5.1714287,83.90001,1.1857145,1.1857145,1.2857143,10.614285,10.842857,0.0038622916,0.008133456,-7.345365000000001e-25,0.0,0.0,True
2017-10-16,667.01,0.0,11.471429,18.542858,5.214286,78.328575,1.2142857,1.0857142,1.3714286,9.842857,12.6285715,7.495284e-06,0.008333586,-7.345365000000001e-25,1.8626451e-09,0.0,True
2017-10-23,666.89,20.3,10.2,16.457144,4.542857,77.97143,1.2428572,1.0571429,1.1714286,9.414286,12.328571,0.0003542751,0.008768462,3.7068412e-06,2.2588298e-05,4.170835e-05,True
2017-10-30,666.85,11.3,7.1142855,12.042857,1.6142857,81.87142,0.87142855,0.81428576,0.88571423,9.828571,8.842857,0.0012101531,0.009092353,4.4902167e-06,2.2852793e-05,1.1969358e-05,True
2017-11-06,666.76,27.2,5.4428573,10.67143,-0.014285752,84.04286,0.5714286,0.51428574,0.64285713,10.028571,6.4142857,0.0010995269,0.009245016,0.0002955028,0.00086417235,0.0025985464,True
2017-11-13,666.71,98.1,3.4857142,4.9714284,1.7,91.8,0.4,0.4,0.44285718,10.971429,4.3714285,0.0036660582,0.014851004,0.0015379759,0.0027294978,0.008529209,True
2017-11-20,667.03,17.8,-0.10000001,2.1285713,-2.142857,89.5,0.22857141,0.22857141,0.37142855,10.771428,1.3714286,0.00016326457,0.021569595,0.008503147,0.005295906,0.013420891,True
2017-11-27,667.28,19.699999,3.6714287,8.0,-0.5857143,78.17143,0.65714294,0.64285713,0.59999996,10.571428,3.642857,0.00079734623,0.02150847,0.0074763526,0.013202816,0.00817287,True
2017-12-04,667.42,14.0,-1.4571428,0.0714286,-3.3,85.328575,0.14285716,0.14285716,0.3857143,10.585714,0.7714286,5.9500337e-05,0.0206189,0.014552071,0.0018929727,0.016232178,True
2017-12-11,667.47,54.2,-0.85714287,2.8857143,-4.4428573,88.17143,0.2857143,0.2857143,0.3285714,10.685715,0.37142858,0.00033387542,0.019216008,0.029512797,0.005755812,0.02017387,True
2017-12-18,667.49,36.8,-0.82857144,1.6714287,-3.7285717,87.64286,0.3142857,0.3142857,0.35714287,11.185715,0.4857143,0.00026391447,0.017642409,0.054132007,0.002676241,0.034210738,True
2017-12-25,667.59,16.0,0.3285714,2.3857143,-1.4714286,93.1,0.20000002,0.20000002,0.18571429,10.7,0.82857144,0.0007774979,0.016401686,0.07255161,0.017164456,0.0071263015,True
2018-01-01,667.73,37.399998,1.0857142,5.0,-3.0428574,83.52857,0.38333336,0.38333336,0.45714286,10.75,1.1666666,0.0031294823,0.017578013,0.07386168,0.03093574,0.025875513,True
2018-01-08,668.08,48.5,3.757143,7.5142856,0.65714294,87.87144,0.67142856,0.67142856,0.4857143,11.285714,3.642857,0.017566197,0.051291168,0.040161405,0.053868502,0.00721056,True
2018-01-15,669.1,3.8,0.77142864,4.8142858,-2.957143,84.15715,0.34285715,0.32857147,0.34285715,10.3,1.8428571,0.000239335,0.04959449,0.012178393,0.008780181,0.00038713962,True
2018-01-22,669.73,122.5,1.6571429,4.3142858,-0.87142855,88.17143,0.59999996,0.59999996,0.5285714,11.671429,1.2714286,0.006127879,0.039487086,0.026353376,0.021483518,0.047768977,True
2018-01-29,670.33,0.90000004,4.1,7.8285713,0.35714287,82.557144,0.6571428,0.6285714,0.5714286,10.771428,3.1285715,0.0009652525,0.034801126,0.022884186,0.02874621,4.419312e-05,True
2018-02-05,671.37,14.5,0.6714286,3.4857142,-1.4857143,83.68572,0.42857143,0.4142857,0.5428571,10.357142,2.0428572,0.0003168881,0.03330162,0.010513414,0.0061069876,0.009500835,True
2018-02-12,671.59,12.4,-1.7571429,0.4571429,-4.2000003,86.14286,0.18571429,0.18571429,0.42857143,10.314285,0.35714287,0.00011496246,0.028856121,0.013988665,0.0051326547,0.018553954,True
2018-02-19,671.53,54.0,-2.8285716,1.057143,-7.414286,88.75715,0.11428572,0.12857144,0.4,11.071428,0.2857143,0.0012961552,0.024037063,0.02354652,0.01188845,0.013543803,True
2018-02-26,671.59,0.8,-5.914286,-4.3857145,-7.957143,79.92857,0.014285714,0.014285714,0.5428571,10.514286,0.042857144,0.0,0.021144703,0.025831386,0.0,0.0024743788,True
2018-03-05,671.47,4.0,-4.285714,0.3428571,-9.285714,76.84286,0.47142857,0.47142857,0.78571427,10.3,0.21428572,0.0003299117,0.018618777,0.020384958,0.01676713,0.002666816,True
2018-03-12,671.33,7.8,5.057143,9.314286,1.3571428,76.91429,1.2142857,1.1285714,1.1,9.957143,4.5857143,0.00024241209,0.016387887,0.0035507907,0.008195752,0.00018365309,True
2018-03-19,671.13,9.5,1.7428572,5.557143,-2.3857143,83.11428,0.87142855,0.7999999,0.9285714,9.842857,4.1714287,0.00021253526,0.014693834,0.001470299,0.0017572548,0.006488189,True
2018-03-26,670.92,5.2,-0.014285735,5.2714286,-5.1714287,74.42857,1.0,0.90000004,1.1857144,9.785714,2.8142858,0.00017287582,0.013336442,0.006166339,0.008393684,0.0067288317,True
2018-04-02,670.71,43.6,4.428571,9.300001,-0.5285714,82.25715,1.5285715,1.5,1.2857143,9.985714,6.5,0.0011156797,0.012301937,0.00088912534,0.004526494,0.0024259537,True
2018-04-09,670.53,0.9,9.228571,17.542858,1.3285714,67.12858,2.8428574,2.3714287,2.457143,9.285714,11.957143,4.8547983e-05,0.011303164,6.679126e-05,0.0004888568,0.0,True
2018-04-16,670.28,11.9,9.757143,16.257143,2.5428574,71.51429,2.6857142,2.1142857,2.4142857,8.314285,13.814285,0.0001604855,0.010338321,-7.345365000000001e-25,2.0675361e-07,0.0,True
2018-04-23,670.02,9.2,13.957144,22.314285,4.5,63.17143,4.214286,2.9285715,3.5285716,7.3714285,17.714285,5.595386e-05,0.009299278,-7.345365000000001e-25,0.0,0.0,True
2018-04-30,669.74,4.3,12.742858,19.271427,5.1,69.50001,3.8,1.9857141,3.3142858,6.5285716,17.185715,7.775426e-05,0.008215964,-7.345365000000001e-25,3.7252903e-09,0.0,True
2018-05-07,669.45,0.1,12.8714285,17.7,8.185715,71.6,3.0285716,0.7714286,2.8857143,6.0571427,16.27143,1.5452504e-05,0.007282354,-7.345365000000001e-25,7.450581e-09,0.0,True
2018-05-14,669.17,33.5,12.871429,19.12857,5.9714284,76.54286,3.2142856,1.3,3.0142858,6.242857,17.442858,0.000605613,0.006366469,-7.345365000000001e-25,3.7252903e-09,0.0,True
2018-05-21,668.88,34.1,11.8,16.128572,7.6285715,83.057144,2.2571428,2.1857142,2.1857142,8.4,15.257143,0.0018844754,0.0057441667,-7.345365000000001e-25,0.0,0.0,True
2018-05-28,668.58,8.0,16.77143,23.600002,9.885715,73.90001,3.885714,3.414286,3.9285715,8.342857,21.342857,0.00022502244,0.0053250566,-7.345365000000001e-25,0.0,0.0,True
2018-06-04,668.31,12.4,17.47143,23.9,10.114286,76.314285,4.2571425,3.785714,4.1285715,8.042857,22.928572,0.0001911372,0.0048985854,-7.345365000000001e-25,3.7252903e-09,0.0,True
2018-06-11,668.03,77.4,18.142857,24.928572,11.842857,79.14286,3.7428572,3.2428572,4.0857143,7.9142857,23.342857,0.0007916093,0.004492283,-7.345365000000001e-25,0.0,0.0,True
2018-06-18,667.78,50.300003,14.714286,19.957144,9.17143,79.700005,3.128571,2.8285713,3.2285712,9.242857,20.071428,0.0016305298,0.004231222,-7.345365000000001e-25,0.0,0.0,True
2018-06-25,667.51,0.8,15.371429,21.257143,8.571428,69.12858,4.0857143,3.2142856,4.0857143,8.028571,21.77143,6.954372e-05,0.0039345548,-7.345365000000001e-25,3.7252903e-09,0.0,True
2018-07-02,667.27,9.8,16.4,22.014286,9.485715,72.01429,3.957143,2.614286,4.0,7.4857144,20.985714,6.5013766e-05,0.0036751777,-7.345365000000001e-25,1.1175871e-08,0.0,True
2018-07-09,667.05,47.4,16.685715,22.328571,10.685715,81.37144,3.357143,2.942857,3.042857,7.785714,21.62857,0.00071436167,0.0034076571,-7.345365000000001e-25,3.7252903e-09,0.0,True
2018-07-16,666.81,12.5,16.97143,23.442858,10.414286,72.71429,3.7857144,2.7,3.8142858,7.214286,22.3,9.5807016e-05,0.0031864047,-7.345365000000001e-25,3.7252903e-09,0.0,True
2018-07-23,666.6,22.5,17.800001,24.157145,11.742858,76.9,3.5714283,2.6285713,3.5285714,7.0285716,22.328571,0.00033712387,0.0029472187,-7.345365000000001e-25,3.7252903e-09,0.0,True
2018-07-30,666.38,0.0,20.1,28.0,11.142858,67.14286,4.8,3.014286,4.3285713,6.7714286,24.914286,8.6426735e-06,0.0027285516,-7.345365000000001e-25,3.7252903e-09,0.0,True
2018-08-06,666.18,7.6,22.585714,30.485716,14.185715,65.97143,5.1,2.5,4.7999997,5.9142857,26.971428,9.69097e-05,0.0024815649,-7.345365000000001e-25,7.450581e-09,0.0,True
2018-08-13,665.99,19.900002,18.300001,26.014286,10.657143,70.685715,3.642857,2.1285713,3.5714285,5.9428573,23.428572,9.88543e-05,0.002251789,-7.345365000000001e-25,3.7252903e-09,0.0,True
2018-08-20,665.75,2.0,18.385715,25.628572,11.1285715,72.65714,3.6142857,1.9571428,3.6714284,5.9142857,23.4,6.610155e-05,0.0020680279,-7.345365000000001e-25,9.313226e-09,0.0,True
2018-08-27,665.51,13.3,16.4,23.300001,9.514285,71.957146,2.8142858,1.7428571,3.0571427,6.0142856,20.557142,0.00019871444,0.0018905178,-7.345365000000001e-25,1.8626451e-09,0.0,True
2018-09-03,665.33,39.7,14.242858,18.028572,9.928572,85.77143,1.7142857,1.5714285,1.8857143,7.2285714,17.514286,0.000979498,0.0017593056,-7.345365000000001e-25,0.0,0.0,True
2018-09-10,665.18,18.1,15.057143,22.314285,8.114286,78.200005,2.3285713,2.1,2.6714287,7.8,19.028572,8.882582e-05,0.0016700774,-7.345365000000001e-25,0.0,0.0,True
2018-09-17,665.03,24.4,16.328571,23.142857,9.857142,77.88572,2.3857143,2.0571427,2.6571429,7.4714284,20.071428,0.00018896163,0.001574561,-7.345365000000001e-25,1.8626451e-09,0.0,True
2018-09-24,664.87,31.7,14.571429,21.47143,7.9857144,75.971436,2.1571429,1.9428571,2.3142858,7.542857,18.028572,0.002441004,0.0014913529,-7.345365000000001e-25,3.7252903e-09,0.0,True
2018-10-01,664.63,36.8,9.642858,16.614286,2.0142858,77.971436,1.5428572,1.3000001,1.6999999,7.757143,13.485714,0.005011566,0.0014188588,-7.345365000000001e-25,1.8626451e-09,0.0,True
2018-10-08,664.68,0.1,10.485715,16.642857,4.3142858,83.02857,1.1571428,0.98571426,1.3714286,8.014286,13.157143,4.887581e-05,0.0013737231,-7.345365000000001e-25,4.079193e-07,3.9488077e-07,True
2018-10-15,664.35,0.0,12.6285715,21.057144,5.4428573,78.21429,1.4428571,1.1285714,1.4142857,7.385714,15.142858,4.0233135e-07,0.0013399497,-7.345365000000001e-25,1.8626451e-09,0.0,True
2018-10-22,664.08,0.1,8.214286,15.5,1.957143,81.57143,1.0571429,0.7428571,1.0,6.9142857,12.514286,1.1920929e-07,0.0013059303,-7.345365000000001e-25,1.8626451e-09,0.0,True
2018-10-29,664.07,42.7,6.014286,10.057143,1.9428571,88.28571,0.6428571,0.48571426,0.7,7.5142856,8.4,0.0006205514,0.0012818426,0.0023693016,0.007955857,0.012018807,True
2018-11-05,663.93,0.3,6.071429,10.942857,1.8571428,86.61428,0.5285714,0.51428574,0.59999996,8.728572,7.0285716,0.00013509393,0.0012736991,0.0010216236,0.0043842606,0.0,True
2018-11-12,663.76,1.3,7.4428573,13.785714,1.7857143,86.71429,0.59999996,0.51428574,0.5,8.471429,8.685715,2.4199486e-05,0.001280874,7.7826635e-06,3.5217032e-05,0.0,True
2018-11-19,663.63,0.8,1.9714286,5.714286,-1.0428572,88.21429,0.21428573,0.21428573,0.42857143,8.3714285,4.042857,1.0378659e-05,0.0012938902,4.81492e-05,9.3504786e-07,0.00045968592,True
2018-11-26,663.5,8.6,0.071428575,4.5571427,-4.3428574,91.18572,0.21428573,0.18571429,0.24285714,8.3714285,1.6857142,5.545467e-05,0.0013057142,0.00043415456,0.00061551854,0.002992317,True
2018-12-03,663.35,38.5,3.0285716,6.3857145,-0.14285721,91.14286,0.40000004,0.40000004,0.31428573,9.028571,3.3285713,0.0018300414,0.0013173595,0.0044590123,0.008305559,0.0054145753,True
2018-12-10,663.23,67.8,4.957143,7.3428574,2.357143,88.47143,0.5714286,0.5714286,0.5285714,10.1,4.957143,0.0015813112,0.0020614266,0.0011521748,0.0012793615,0.014579687,True
2018-12-17,663.13,4.9,-3.0571427,-0.29999998,-7.571429,84.94286,0.08571429,0.08571429,0.22857143,10.285714,0.2857143,6.349385e-05,0.0020409971,0.019396123,0.0020527467,0.01028819,True
2018-12-24,663.03,50.1,3.4,6.6714287,0.014285752,86.42857,0.55714285,0.55714285,0.47142857,10.728572,2.6142857,0.008464932,0.0076896027,0.011925312,0.022027032,0.0011734255,True
2018-12-31,662.99,10.8,-1.2,2.5142858,-4.0,92.38572,0.15714286,0.15714286,0.14285715,10.885715,0.4857143,6.8984926e-05,0.006996967,0.00262542,0.0015098825,0.010260511,True
2019-01-07,662.93,58.399998,-1.3000001,0.07142854,-3.3428571,90.98572,0.114285715,0.114285715,0.25714287,11.0,0.32857144,8.483976e-05,0.008479185,0.03172043,0.0022149011,0.06252057,True
2019-01-14,662.89,81.899994,-1.1571429,0.78571427,-3.4714284,92.01429,0.22857143,0.22857143,0.31428573,11.557143,0.24285714,0.00041659176,0.008745611,0.11353165,0.004467696,0.087995455,True
2019-01-21,662.88,5.1,-3.642857,1.2142857,-9.271429,82.0,0.27142856,0.27142856,0.35714287,10.8,0.31428573,3.5762787e-07,0.008809678,0.15888624,0.0,0.0048264675,True
2019-01-28,662.88,9.0,-3.7285714,-0.6,-7.8428574,83.12858,0.21428572,0.21428572,0.40000004,10.357142,0.12857144,1.6391277e-07,0.008844435,0.16339855,0.0,0.013302319,True
2019-02-04,662.85,22.6,-2.7000003,1.8142859,-9.014286,84.457146,0.25714287,0.25714287,0.35714287,10.671429,0.27142859,1.2218952e-05,0.008709706,0.18003948,0.00015772507,0.017576654,True
2019-02-11,662.85,19.9,-1.3000001,4.3714285,-7.4428573,81.04286,0.6857143,0.6857143,0.59999996,10.614285,0.5714286,0.00015559793,0.008477271,0.19452904,0.00524316,0.012883946,True
2019-02-18,662.85,0.0,-0.5285714,8.571428,-7.6285715,70.72857,1.0285715,0.9571429,0.6857143,10.257143,1.3142858,3.3788383e-05,0.008179568,0.2034878,0.0018631406,0.0043426603,True
2019-02-25,662.86,1.0,2.7285714,8.442858,-2.4714284,71.814285,1.1857144,1.0,1.0,9.7,2.9571428,0.0006376356,0.007860705,0.18777846,0.028453978,2.6077032e-08,True
2019-03-04,662.93,15.199999,5.357143,11.228571,0.5,71.02857,1.6285714,1.3857143,1.4142857,9.514286,5.242857,0.004902467,0.013862185,0.13605957,0.07440459,0.00037319213,True
2019-03-11,663.38,33.0,5.071429,9.3,0.8428572,74.91429,1.4857142,1.4142857,1.2714285,9.742857,4.9428573,0.006726928,0.040092856,0.06510164,0.06753424,0.007639941,True
2019-03-18,663.91,55.6,4.5285716,8.785714,0.8000001,75.48572,1.7142857,1.7142857,1.5428572,10.428572,4.742857,0.0056933165,0.09304744,0.030060893,0.047416434,0.019781914,True
2019-03-25,664.85,2.7,4.285714,11.928573,-2.857143,68.71429,1.9857143,1.6999999,1.6428572,9.785714,6.9714284,0.00032308698,0.062067598,0.0051573175,0.010886669,0.0015236065,True
2019-04-01,665.35,0.0,5.971429,12.8,-0.90000004,67.6,2.142857,1.6714286,2.0857143,9.057143,8.785714,7.198751e-05,0.034514405,0.0012072893,0.0036406126,0.0016654581,True
2019-04-08,665.68,20.0,6.371429,11.7,0.7,77.52857,1.7714287,1.4428571,1.7,8.6,10.028571,0.0004322827,0.023359224,0.0026271513,0.0120368395,0.012126841,True
2019-04-15,665.83,13.0,5.1,8.542857,1.9142858,83.67143,1.2142857,1.1142857,1.3857143,9.357142,7.8,0.0011752099,0.01812882,0.000353904,0.0017079748,0.0018450171,True
2019-04-22,665.98,0.0,10.757143,19.071428,0.62857145,59.885715,3.8000004,2.814286,3.2428572,8.485714,14.171429,2.682209e-05,0.015120462,6.3277424e-05,0.0004957095,0.0,True
2019-04-29,666.03,28.599998,8.285714,14.171428,1.6714286,74.75714,2.642857,1.9142858,2.1714284,7.6857142,12.557143,0.0002912134,0.012520269,1.4271055e-05,8.352287e-05,0.00012445822,True
2019-05-06,666.05,25.7,5.4,10.328572,0.071428575,83.74286,1.8428571,1.6285714,1.7714285,8.385715,9.5,0.00047421455,0.01072105,0.0011026518,0.0039417744,0.006040901,True
2019-05-13,666.03,36.0,7.4857144,12.2,2.1571429,79.21429,2.2,2.0,1.9714286,8.942857,10.7,0.000568226,0.009460062,0.00038291726,0.002320841,0.00022485852,True
2019-05-20,665.65,96.7,8.414286,13.599999,3.0142858,79.457146,2.2285714,1.9285715,2.2285714,9.228572,12.257143,0.007959098,0.012084007,2.3643175e-05,0.00012264773,6.0144812e-05,True
2019-05-27,666.28,65.700005,11.828572,17.042858,6.2571435,81.15715,2.7142854,2.542857,2.5285716,10.785714,15.928572,0.0057392865,0.020089544,-7.345365000000001e-25,5.9604645e-08,0.0,True
2019-06-03,667.49,22.1,13.857142,20.085714,7.0428576,72.12857,3.357143,2.9285715,3.5,10.157143,18.042856,0.00082942843,0.017893098,-7.345365000000001e-25,0.0,0.0,True
2019-06-10,668.07,27.7,16.0,23.357143,8.285714,69.2,3.9714286,3.1857142,3.9714286,8.471429,20.957144,0.00013451278,0.016961172,-7.345365000000001e-25,7.450581e-09,0.0,True
2019-06-17,668.15,13.599999,15.885715,21.1,9.471429,76.75714,3.6142857,3.142857,3.6000001,8.942857,20.428572,0.00637573,0.015549041,-7.345365000000001e-25,7.450581e-09,0.0,True
2019-06-24,668.17,26.1,18.4,24.014286,12.357142,73.700005,3.9142857,3.6000001,4.157143,9.142858,22.62857,0.0006226301,0.013269216,-7.345365000000001e-25,1.1175871e-08,0.0,True
2019-07-01,668.13,25.1,22.97143,30.699999,13.542857,60.957146,5.9714284,4.442857,5.8857145,8.071428,27.471428,4.8428774e-06,0.011571772,-7.345365000000001e-25,1.1175871e-08,0.0,True
2019-07-08,668.08,25.199999,17.757143,23.27143,12.285714,71.28571,4.3,2.8,4.0857143,7.3285713,23.6,0.00042535365,0.009835444,-7.345365000000001e-25,7.450581e-09,0.0,True
2019-07-15,667.95,22.4,14.314285,19.357143,9.242858,74.971436,3.0142858,2.3285716,3.2857144,7.7,19.257143,0.0015490651,0.008538313,-7.345365000000001e-25,7.450581e-09,0.0,True
2019-07-22,667.74,11.5,18.457144,25.4,10.800001,69.24286,4.7999997,3.214286,4.5285716,7.2,24.357143,2.2098422e-05,0.0075175315,-7.345365000000001e-25,1.1175871e-08,0.0,True
2019-07-29,667.65,64.8,20.84286,27.242859,14.042857,70.52857,4.4999995,2.4714284,4.3142858,7.142857,25.37143,0.007305667,0.00685028,-7.345365000000001e-25,1.1175871e-08,0.0,True
2019-08-05,667.48,41.8,17.6,23.285715,11.828572,75.14286,3.4285715,2.8428571,3.5714285,8.257143,22.357143,0.00018854439,0.005934447,-7.345365000000001e-25,0.0,0.0,True
2019-08-12,667.31,58.3,17.885715,23.185715,12.614286,81.38572,3.0714283,2.9285715,3.0,9.142858,22.028572,0.004240088,0.0054924563,-7.345365000000001e-25,7.450581e-09,0.0,True
2019-08-19,667.15,45.100002,15.971429,21.52857,10.257143,76.82857,2.7857144,2.7285714,3.0571427,9.742857,19.857143,0.00034682453,0.00521224,-7.345365000000001e-25,3.7252903e-09,0.0,True
2019-08-26,667.05,37.899998,15.857142,20.957144,10.242858,84.042854,2.1285715,2.1857142,2.4714284,10.514286,19.72857,0.0020359904,0.0059745386,-7.345365000000001e-25,7.450581e-09,0.0,True
2019-09-02,666.95,23.300001,17.97143,23.84286,11.1285715,77.98572,2.7,2.5428574,2.8999999,9.614285,22.585714,0.0018753856,0.0053876042,-7.345365000000001e-25,1.8626451e-09,0.0,True
2019-09-09,666.82,52.0,10.842857,15.428572,6.2428575,86.0,1.4857143,1.4999999,1.6428572,9.771428,15.457143,0.0014139265,0.0066862553,-7.345365000000001e-25,1.8626451e-09,0.0,True
2019-09-16,666.72,0.2,15.071428,21.914288,8.057143,79.5,2.3285713,2.0285714,2.6142857,9.357142,18.985714,1.1309981e-05,0.007518679,-7.345365000000001e-25,7.450581e-09,0.0,True
2019-09-23,666.56,26.3,11.385715,17.6,5.0285716,76.799995,1.7142857,1.3857143,1.9857142,8.571428,16.542856,0.00018951297,0.0080659315,-7.345365000000001e-25,1.8626451e-09,0.0,True
2019-09-30,666.41,39.8,13.014287,16.942858,8.071428,81.52857,1.5,1.4714286,1.6857144,9.442857,14.985714,0.00022751093,0.007828914,-7.345365000000001e-25,3.7252903e-09,0.0,True
2019-10-07,666.31,73.6,8.914286,13.028571,3.6428573,86.185715,0.9857144,0.9571429,1.1,10.285714,11.157143,0.0037852526,0.009535953,-7.345365000000001e-25,3.7252903e-09,0.0,True
2019-10-14,666.38,45.3,10.957144,17.385715,4.728572,78.17143,1.2714287,1.2,1.3857143,10.5,11.971429,0.0011073276,0.011083163,-7.345365000000001e-25,5.5879354e-09,0.0,True
2019-10-21,666.43,9.8,10.8,17.37143,5.014286,82.17143,1.0857142,1.0285714,1.0428572,10.085714,12.8,0.00021357834,0.012546331,-7.345365000000001e-25,3.7252903e-09,0.0,True
2019-10-28,666.4,8.2,10.900001,16.257143,5.6142855,86.44286,0.8428572,0.7571429,0.87142855,9.8,12.757143,0.00019918382,0.012365289,-7.345365000000001e-25,1.8626451e-09,0.0,True
2019-11-04,666.41,48.4,7.2428575,9.67143,4.8857145,90.44286,0.5714286,0.5714286,0.61428577,10.771428,8.242857,0.0005091131,0.011951409,-7.345365000000001e-25,0.0,0.0,True
2019-11-11,666.33,16.6,2.6000001,5.914286,-1.5428572,90.71429,0.37142855,0.37142855,0.4,10.771428,4.6857142,0.00039502978,0.011635855,3.0659496e-05,5.7091936e-05,0.00014665723,True
2019-11-18,666.32,7.9,1.6999999,4.7999997,-1.7142857,88.07143,0.34285715,0.34285715,0.3857143,10.514286,2.8285713,0.0005851984,0.011487171,0.0025209018,0.0034654327,0.006286077,True
2019-11-25,666.25,0.2,2.3,6.228572,-1.7142857,90.37142,0.31428573,0.31428573,0.3,10.228572,3.8714285,0.000120803714,0.011848643,0.001636857,0.0027838424,3.200397e-05,True
2019-12-02,666.18,29.0,3.1285717,5.9857144,-0.51428574,87.21429,0.37142852,0.37142852,0.41428572,10.428572,3.7428572,0.00066515803,0.012525678,0.0005411761,0.0005296208,0.0019597113,True
2019-12-09,666.11,14.0,1.2714287,5.0428576,-2.7428572,80.91429,0.45714286,0.45714286,0.4714286,10.3,1.3142858,0.00022056699,0.012992144,0.0012601557,0.0016212221,0.0023034774,True
2019-12-16,666.03,14.1,1.4857143,5.5,-4.1285715,81.828575,0.5142857,0.5285714,0.47142857,10.542857,1.9142857,0.0004875958,0.013016485,0.0103985695,0.011154627,0.015870374,True
2019-12-23,665.95,24.7,4.114286,9.728571,-0.45714286,83.42857,0.5428571,0.5142857,0.4857143,10.414286,4.0,0.00095304847,0.013141096,0.003960581,0.007647073,0.00309306,True
2019-12-30,665.88,15.0,0.64285713,4.2428575,-3.0142858,88.1,0.3,0.3,0.25714287,10.914286,1.7571429,0.0014525056,0.020568952,0.0021382514,0.0037898254,0.0016042814,True
2020-01-06,665.83,5.7,-0.15714288,5.1,-4.614286,84.971436,0.4,0.4,0.18571427,10.4,0.0,0.00028151274,0.023424365,0.0012743757,0.0012870915,0.0010525435,True
2020-01-13,665.76,3.1000001,1.5142858,6.2428575,-3.7428572,76.74286,0.5,0.47142857,0.4857143,10.114285,1.3142858,0.00012552738,0.022124164,0.0015389408,0.0019011982,0.0012638308,True
2020-01-20,665.66,17.6,1.3857143,6.2000003,-3.8,77.12858,0.54285717,0.5,0.4857143,10.0,1.4857143,0.00010792911,0.020086147,0.003552346,0.0011878815,0.009339467,True
2020-01-27,665.61,5.6,-0.7857143,5.114286,-4.5571427,85.01428,0.37142855,0.34285715,0.3,10.042857,0.37142858,0.00010932982,0.017877258,0.0057256334,0.005719533,1.8589199e-06,True
2020-02-03,665.53,78.399994,5.7714286,8.271429,2.9428573,84.87144,0.9428572,0.9428572,0.7,10.785714,4.4,0.004987061,0.020930208,0.00589541,0.017090345,0.013577286,True
2020-02-10,665.63,15.8,1.6857144,8.328572,-3.6285713,72.22857,1.0571429,1.0428572,0.9857143,11.028571,2.3857143,0.00229536,0.022826366,0.010195749,0.011463376,0.015949596,True
2020-02-17,665.83,39.5,3.957143,8.900001,-0.78571427,74.700005,1.1571428,1.1571428,1.0428572,10.9,3.7428572,0.0012687743,0.026881933,0.0070411307,0.0140174385,0.012871295,True
2020-02-24,666.03,9.4,5.6285715,9.385715,1.7428572,67.17143,1.5285714,1.4571428,1.5714285,10.214286,5.0142856,0.00066800416,0.028281301,0.0019866796,0.004692763,0.0025721043,True
2020-03-02,666.13,57.0,3.3714287,7.571429,-0.3142857,73.87144,1.2571429,1.2571429,1.2428571,10.5,3.8142858,0.00065561384,0.026977412,0.009350101,0.0148796905,0.02028612,True
2020-03-09,666.28,32.7,2.2142856,5.571429,-1.6142858,81.8,1.0142857,1.0142857,0.9142857,10.614285,3.5714285,0.0009966344,0.025354266,0.0070184357,0.012848716,0.0120688565,True
2020-03-16,666.58,21.1,5.8428574,11.571428,0.10000001,75.37144,1.6428572,1.542857,1.4428571,10.414286,7.0142856,0.0009797812,0.027676083,0.001167059,0.0071062203,0.0023900867,True
2020-03-23,666.74,2.5,5.457143,12.014287,-0.55714285,72.42857,1.5142858,1.3142859,1.6428572,9.828571,8.314285,0.00033535063,0.026117481,0.000120594384,0.00012652762,0.00048357993,True
2020-03-30,666.83,10.5,0.9571429,6.6,-4.7428575,68.87143,1.442857,1.2,1.5714285,9.5,4.9428573,4.348159e-05,0.022597805,0.000509597,0.000296114,0.0025160275,True
2020-04-06,666.89,0.0,4.0857143,12.114286,-4.8,61.228573,2.4714284,1.9285715,2.2571428,8.985714,7.885714,3.4496188e-05,0.018768065,0.00090056943,0.0022273622,7.4990094e-06,True
2020-04-13,666.91,0.9,10.971429,19.614286,1.1142857,57.9,3.4571426,2.5571427,3.042857,7.8142858,14.4,2.3767352e-05,0.015202045,3.8714634e-06,3.1810254e-05,0.0,True
2020-04-20,666.83,2.3,10.242857,17.742857,2.0142858,60.4,3.4428573,1.8000001,3.1571429,7.0142856,14.785714,6.6012144e-06,0.012306362,1.6632534e-06,7.782131e-06,8.016825e-06,True
2020-04-27,666.78,0.2,11.614286,18.87143,3.2285714,56.44286,3.9142857,1.3000001,3.5714285,6.3285713,16.0,1.938641e-05,0.009999588,-7.345365000000001e-25,0.0,0.0,True
2020-05-04,666.71,56.6,9.085714,14.1,3.9285715,81.21429,2.1142857,1.857143,1.9714286,7.6285715,12.357142,0.0013261884,0.00835713,-7.345365000000001e-25,0.0,0.0,True
2020-05-11,666.61,25.8,11.885715,18.942858,4.142857,73.97143,3.1857147,2.3428571,3.0857143,7.6714287,16.485714,0.00017783046,0.007193029,2.1945863e-05,3.20971e-05,0.0016551279,True
2020-05-18,666.48,10.2,9.285714,13.800001,3.3714287,77.92857,2.3428574,1.9857143,2.3999999,8.2,12.9,0.0001693964,0.0063200966,0.0003030811,0.0018817261,0.00022881478,True
2020-05-25,666.33,18.4,13.942858,20.228573,6.6714287,68.61429,3.4428573,2.6285717,3.4428573,7.571429,18.214285,0.00019623339,0.005551748,-7.345365000000001e-25,3.7252903e-07,0.0,True
2020-06-01,666.17,0.0,11.785714,17.84286,3.8142858,62.285713,3.7571428,2.6857142,3.9428573,7.0285716,17.142857,9.328127e-06,0.004898466,-7.345365000000001e-25,3.7252903e-09,0.0,True
2020-06-08,666.07,62.7,12.728571,17.542858,7.1857147,75.48572,2.7857144,2.1142857,2.8857143,7.1,16.714285,0.00031550974,0.004305832,-7.345365000000001e-25,0.0,0.0,True
2020-06-15,665.85,70.2,13.400001,17.2,9.442857,85.057144,2.5285716,2.3428571,2.5285716,8.828571,16.657143,0.0010792315,0.0039219186,-7.345365000000001e-25,0.0,0.0,True
2020-06-22,665.83,88.5,13.842857,18.685715,9.457144,84.25714,2.6,2.5,2.5,9.8714285,17.671429,0.0018278211,0.003810279,-7.345365000000001e-25,3.7252903e-09,0.0,True
2020-06-29,665.95,35.8,17.414286,23.428572,10.485715,73.08572,4.2999997,3.7857144,4.0857143,8.814285,21.971428,0.0031924993,0.003469482,-7.345365000000001e-25,1.1175871e-08,0.0,True
2020-07-06,665.93,11.5,17.37143,22.571428,11.0,74.042854,4.0571427,3.8142858,3.9142857,8.928572,21.571428,0.00021959841,0.0032849386,-7.345365000000001e-25,1.1175871e-08,0.0,True
2020-07-13,665.85,47.199997,16.028572,22.242859,8.1,69.02857,4.6571426,3.3571427,4.1857142,7.9857144,21.842857,0.0004018247,0.0031061023,-7.345365000000001e-25,3.7252903e-09,0.0,True
2020-07-20,665.83,39.2,15.585715,21.014286,9.785714,76.37142,3.2714286,2.4857144,3.0142858,8.2,20.385714,0.00087815523,0.0029516593,-7.345365000000001e-25,0.0,0.0,True
2020-07-27,665.75,6.9,18.157145,24.228573,11.7,75.61428,3.9,2.6000001,3.7857144,7.5,22.928572,0.0012543648,0.0028448626,-7.345365000000001e-25,7.450581e-09,0.0,True
2020-08-03,665.68,101.5,19.52857,26.37143,13.442858,76.82857,3.9428575,2.4714284,3.8714287,7.642857,23.642857,0.0072004795,0.0057410896,-7.345365000000001e-25,7.450581e-09,0.0,True
2020-08-10,665.65,3.7,17.442858,24.357143,9.7,75.057144,3.7428572,3.385714,3.8428571,8.971429,21.857143,0.0014023036,0.004944861,-7.345365000000001e-25,7.450581e-09,0.0,True
2020-08-17,665.63,7.0,19.028574,25.542858,12.6285715,78.24286,3.1285717,2.6285717,3.357143,7.7714286,24.1,0.00016486645,0.0032300875,-7.345365000000001e-25,7.450581e-09,0.0,True
2020-08-24,665.52,3.2,18.057144,24.185715,12.342857,74.5,3.085714,2.5857143,3.2142856,7.6571426,22.214285,0.00017084181,0.0031866133,-7.345365000000001e-25,3.7252903e-09,0.0,True
2020-08-31,665.43,95.5,14.471429,19.085714,8.585714,77.94286,2.2428572,1.8428571,2.3285716,8.285714,18.171429,0.006249517,0.007824816,-7.345365000000001e-25,3.7252903e-09,0.0,True
2020-09-07,665.37,25.9,13.857142,18.942858,8.7,81.814285,2.0428572,1.957143,2.2428572,9.885715,17.671429,0.0016298443,0.0046886504,-7.345365000000001e-25,0.0,0.0,True
2020-09-14,665.33,0.0,15.542857,23.34286,7.8428574,80.542854,2.3999999,2.042857,2.742857,8.9,20.328571,3.2782555e-07,0.005350955,-7.345365000000001e-25,7.450581e-09,0.0,True
2020-09-21,665.2,1.8,15.957144,22.571428,9.542857,84.0,2.0857143,1.6857144,2.2714286,7.9857144,20.657143,0.00016406178,0.005493559,-7.345365000000001e-25,1.8626451e-09,0.0,True
2020-09-28,665.1,78.3,10.157143,14.514287,5.8857145,85.17143,1.2714285,1.2571429,1.3142856,9.028571,13.357142,0.00095015764,0.005622141,-7.345365000000001e-25,1.8626451e-09,0.0,True
2020-10-05,665.01,22.5,10.042857,14.628572,5.071429,83.08572,1.1285715,1.0857143,1.2571429,9.328571,12.028571,0.00052618235,0.0056018904,-7.345365000000001e-25,1.8626451e-09,0.0,True
2020-10-12,664.95,40.8,8.242857,11.728571,5.414286,85.88572,0.95714283,0.94285715,1.0428572,9.9,10.157143,0.0016949475,0.006085776,-7.345365000000001e-25,1.8626451e-09,0.0,True
2020-10-19,664.9,17.5,4.942857,9.114286,1.0142857,86.65715,0.5571429,0.5428571,0.7285714,10.1,7.3428574,0.00036874413,0.007322319,-7.345365000000001e-25,0.0,0.0,True
2020-10-26,664.85,35.9,8.828571,15.300001,2.4857144,83.6,0.82857144,0.81428576,0.82857144,10.157143,10.257143,0.0013560131,0.008598924,-7.345365000000001e-25,1.8626451e-09,0.0,True
2020-11-02,664.83,30.1,8.6,12.957143,4.114286,83.328575,0.8,0.8,0.8142857,10.957143,8.885715,0.00077202916,0.011001781,-7.345365000000001e-25,1.8626451e-09,0.0,True
2020-11-09,664.83,8.8,6.3,11.942858,2.3142858,89.21429,0.42857143,0.42857143,0.47142857,10.471429,7.714286,0.0003593117,0.014810793,-7.345365000000001e-25,0.0,0.0,True
2020-11-16,664.78,4.2,6.2428575,13.0,0.8571429,84.48572,0.62857145,0.54285717,0.4857143,10.085714,7.357143,6.0267746e-05,0.015440643,-7.345365000000001e-25,0.0,0.0,True
2020-11-23,664.78,8.6,2.6000001,8.2,-2.5142858,82.40001,0.4857143,0.47142857,0.3285714,10.114285,4.285714,0.00020723045,0.01485502,0.00031657447,0.0003472194,0.0007757433,True
2020-11-30,664.74,0.8,-1.1999999,3.2428572,-4.542857,90.12858,0.18571429,0.15714286,0.21428572,10.014286,1.3142858,5.3942204e-06,0.014013208,0.00026350928,0.00027283654,9.616837e-05,True
2020-12-07,664.7,24.7,-1.1571429,1.4285715,-4.214286,92.25714,0.12857144,0.12857144,0.21428572,10.428572,0.22857143,8.074939e-05,0.013060629,0.012177427,0.0019933712,0.030215573,True
2020-12-14,664.63,18.099998,-0.5714286,1.8000001,-3.8714287,92.40001,0.17142858,0.17142858,0.18571429,10.728572,0.62857145,0.00032362342,0.012069546,0.03535456,0.010331791,0.011808809,True
2020-12-21,664.55,7.0,2.3857143,8.757143,-2.0714285,87.64286,0.22857144,0.24285714,0.10000001,10.428572,2.3285713,0.00084352493,0.011242233,0.02122232,0.019946262,0.0,True
2020-12-28,664.53,49.4,1.9285715,5.3,-1.9285715,84.4,0.39999995,0.39999995,0.4714286,10.771428,2.9857142,0.0007754266,0.011204816,0.0075130006,0.011634674,0.0121111125,True
2021-01-04,664.53,0.4,-1.6285715,0.9857143,-4.9428573,85.057144,0.29999998,0.29999998,0.2857143,10.6,0.4,7.9251826e-05,0.01179786,0.01154404,0.0033689924,0.0030122139,True
2021-01-11,664.49,6.0,-4.642857,-2.0857143,-8.457143,84.41429,0.028571429,0.028571429,0.24285714,10.414286,-0.042857144,1.3530254e-05,0.011821382,0.014530483,0.00062786415,0.005188737,True
2021-01-18,664.47,81.2,-2.6000001,-0.55714285,-6.071429,90.44286,0.114285715,0.114285715,0.2857143,11.257143,0.114285715,7.1823597e-06,0.011584625,0.05931773,0.0,0.07625817,True
2021-01-25,664.43,20.1,-0.45714283,3.7285714,-5.7714286,80.457146,0.5714286,0.5714286,0.4857143,10.742857,0.18571429,8.8989735e-05,0.011168398,0.094367705,0.003556257,0.022426397,True
2021-02-01,664.4,82.4,1.4857142,3.6142857,-0.98571426,90.814285,0.41428575,0.41428575,0.44285718,11.3,1.4,0.009722203,0.013918415,0.10363067,0.04525873,0.012482461,True
2021-02-08,665.41,65.6,4.357143,8.0,1.1714286,87.01429,0.71428573,0.71428573,0.55714285,11.1285715,4.4857144,0.005794093,0.05237169,0.042577323,0.06151848,0.0061496086,True
2021-02-15,666.9,14.7,-6.3857145,-1.9857142,-11.642858,74.04286,0.114285715,0.114285715,0.5714286,10.614285,0.2857143,2.9295683e-05,0.053010613,0.036743205,0.0010926779,0.012979407,True
2021-02-22,667.77,2.2,4.928571,13.614286,-2.0714285,73.71429,1.3142856,1.1999999,0.95714283,10.071428,4.6,0.0010603517,0.037146322,0.01696473,0.034892347,0.0,True
2021-03-01,668.15,2.3,4.7714286,12.757143,-1.5714285,71.700005,1.4571428,1.1857144,1.1714286,9.485714,6.2,0.00014436245,0.028976321,0.0012076469,0.0038909204,0.0,True
2021-03-08,668.23,13.3,2.4857142,8.385715,-3.057143,73.88572,1.1285715,0.9857143,1.0714285,9.242857,4.6571426,0.00021971762,0.023204736,0.00012771289,0.00028301962,0.00021243468,True
2021-03-15,668.31,40.9,3.2428572,7.3285713,-0.22857146,75.34286,1.4,1.3714286,1.4571428,9.671429,4.3714285,0.0005078912,0.01902739,0.0037456069,0.004916141,0.028331678,True
2021-03-22,668.31,19.0,-0.9714286,2.4142857,-3.4285715,80.457146,0.5142857,0.5142857,0.9285714,10.471429,1.3857143,0.00039741397,0.016416088,0.03260397,0.012998702,0.027966678,True
2021-03-29,668.31,4.3999996,4.9857144,12.657144,-2.2428572,66.57143,2.2285714,1.9571428,1.9714285,9.714286,6.957143,0.0010805875,0.014885843,0.014857848,0.03571096,0.00013499707,True
2021-04-05,668.3,8.900001,6.828572,14.614286,-1.7285715,65.47143,2.5285716,2.0714285,2.2857144,8.8,10.757143,7.852912e-05,0.013851643,0.00035018582,0.0014579296,0.0056601316,True
2021-04-12,668.23,24.900002,3.142857,8.857142,-2.4285715,69.98572,1.7571429,1.4571428,1.8571428,8.6285715,6.4714284,0.0004697293,0.012810618,0.010799771,0.019012015,0.024925835,True
2021-04-19,668.14,1.4,1.5142858,6.3428574,-3.857143,75.957146,1.3142856,1.1285714,1.5714285,8.7,5.4,0.00023551285,0.011829436,0.004431157,0.0096466765,0.001001507,True
2021-04-26,668.03,1.1,7.085715,14.785714,-1.2857143,61.81429,3.0142858,2.3142855,2.8285713,8.014286,11.828571,5.4121017e-05,0.010889597,0.00012821243,0.00078363344,0.0,True
2021-05-03,667.89,39.2,7.4000006,12.77143,2.8714287,78.17143,2.2285714,1.8999999,2.1571429,8.057143,11.3714285,0.0008178577,0.009827971,0.00044367995,0.002441775,0.00321351,True
2021-05-10,667.73,43.9,10.028572,15.928572,2.6000001,67.4,3.3142858,3.0714285,2.857143,9.614285,12.185715,0.0010914057,0.009083554,0.000116705894,0.00088257715,0.0,True
2021-05-17,667.67,83.100006,8.757143,13.400001,4.928571,81.62858,2.1285713,2.142857,2.2,10.271428,12.357142,0.0015050322,0.009095132,-7.345365000000001e-25,1.2293458e-07,0.0,True
2021-05-24,667.67,68.4,8.314286,13.228571,4.4,81.12858,2.3999999,2.4571426,2.2285714,10.828571,11.8,0.0016654432,0.008951858,-7.345365000000001e-25,0.0,0.0,True
2021-05-31,667.88,27.0,10.014285,15.257143,2.857143,67.98572,3.3285713,3.1000001,3.1714287,10.257143,14.114285,0.0004246384,0.009916358,-7.345365000000001e-25,0.0,0.0,True
2021-06-07,668.05,73.0,15.357142,20.814287,9.242857,75.40001,3.2142856,2.842857,3.3142858,9.514286,19.042856,0.006209433,0.013404101,-7.345365000000001e-25,0.0,0.0,True
2021-06-14,668.03,5.0,16.857143,23.4,9.928572,72.28571,4.1000004,3.7000003,4.1857142,10.171429,21.62857,0.002830103,0.012789711,-7.345365000000001e-25,1.1175871e-08,0.0,True
2021-06-21,668.1,22.5,20.771427,27.814287,12.514285,65.200005,5.328572,4.2428565,5.171428,8.257143,26.114286,0.00019201636,0.0134283155,-7.345365000000001e-25,1.1175871e-08,0.0,True
2021-06-28,668.07,28.2,17.514286,23.228573,11.385715,78.18572,3.9714284,3.7999997,4.057143,9.7,22.442858,0.011647761,0.013972774,-7.345365000000001e-25,7.450581e-09,0.0,True
2021-07-05,667.99,49.5,15.014285,20.285715,10.385714,81.22858,3.085714,3.0285714,3.0142858,10.428572,19.22857,0.0030988604,0.01305674,-7.345365000000001e-25,3.7252903e-09,0.0,True
2021-07-12,667.95,73.0,16.171429,21.714285,9.900001,83.28571,3.1142857,3.1142857,3.2285714,10.985714,20.142857,0.008073643,0.019598559,-7.345365000000001e-25,7.450581e-09,0.0,True
2021-07-19,667.91,49.2,15.257143,19.085714,11.300001,87.74286,2.3285713,2.3,2.3714287,11.185715,18.942858,0.003947556,0.027216882,-7.345365000000001e-25,1.1175871e-08,0.0,True
2021-07-26,667.92,53.2,17.657145,24.37143,11.071428,78.52857,3.5571427,3.1285713,3.8285716,9.8714285,23.042856,0.0023247227,0.030385807,-7.345365000000001e-25,7.450581e-09,0.0,True
2021-08-02,667.95,42.7,16.414286,21.285715,11.985715,82.88572,2.8999999,2.885714,3.114286,10.457143,20.614286,0.00809826,0.02611646,-7.345365000000001e-25,3.7252903e-09,0.0,True
2021-08-09,667.92,33.7,14.542857,19.614286,10.857142,83.78571,2.385714,2.4142857,2.5142858,11.114285,18.085714,0.002479449,0.02258493,-7.345365000000001e-25,3.7252903e-09,0.0,True
2021-08-16,667.92,50.2,19.800001,26.442858,12.5,76.02857,3.628571,3.114286,3.8285713,9.8714285,23.9,0.00016823411,0.019785747,-7.345365000000001e-25,1.1175871e-08,0.0,True
2021-08-23,667.85,20.2,15.485715,20.77143,10.842857,81.32857,2.4428573,2.2428572,2.7571428,10.057143,19.814285,0.0008457601,0.017141208,-7.345365000000001e-25,7.450581e-09,0.0,True
2021-08-30,667.78,83.5,11.900001,15.142858,8.971429,89.91429,1.4714286,1.3857144,1.5428572,10.142858,15.4,0.0069518685,0.019808374,-7.345365000000001e-25,5.5879354e-09,0.0,True
2021-09-06,668.2,6.9,13.485715,20.34286,5.9000006,80.314285,2.3999999,2.0857143,2.6571429,9.985714,17.7,8.048117e-05,0.015194885,-7.345365000000001e-25,3.7252903e-09,0.0,True
2021-09-13,668.07,4.8,15.428572,22.714285,8.742857,80.542854,2.357143,1.8857143,2.5285716,8.928572,20.1,1.8820167e-05,0.014574118,-7.345365000000001e-25,1.8626451e-09,0.0,True
2021-09-20,668.08,25.1,13.585715,19.128572,8.057143,86.25714,1.5285715,1.3857143,1.6857144,9.414286,17.542856,0.00040262938,0.013281554,-7.345365000000001e-25,3.7252903e-09,0.0,True
2021-09-27,667.98,5.3,12.485715,18.857143,5.6857142,83.72858,1.6571429,1.4714285,1.8285713,9.457143,16.0,8.7961555e-05,0.011938319,-7.345365000000001e-25,1.8626451e-09,0.0,True
2021-10-04,667.81,9.2,12.057143,17.742857,6.6,81.685715,1.4285715,1.3000001,1.4857142,9.342857,15.3714285,0.00019721687,0.010691971,-7.345365000000001e-25,1.8626451e-09,0.0,True
2021-10-11,667.71,8.400001,7.5,11.528572,3.6285717,85.98572,0.88571423,0.82857144,1.0428572,9.457143,10.428572,0.00023607165,0.009688139,-7.345365000000001e-25,1.8626451e-09,0.0,True
2021-10-18,667.57,10.0,5.3142858,12.242858,-0.47142857,86.27143,0.8142857,0.71428573,0.90000004,9.485714,8.857142,0.00025625527,0.00892365,-7.345365000000001e-25,0.0,0.0,True
2021-10-25,667.41,21.3,7.0285716,12.885715,0.8714286,80.24286,1.0285715,0.91428566,0.9714286,9.257143,8.828571,0.000106565654,0.008301988,-7.345365000000001e-25,0.0,0.0,True
2021-11-01,667.23,21.699999,6.357143,13.685715,0.042857103,86.57143,0.7142858,0.61428577,0.6571428,9.185715,8.4,0.00015688688,0.0077479705,-7.345365000000001e-25,1.8626451e-09,0.0,True
2021-11-08,667.05,27.0,2.957143,6.857143,-1.6285714,90.32857,0.51428574,0.51428574,0.42857143,10.042857,4.714286,0.00024115294,0.007275656,0.0003944068,0.0008322373,0.0010929275,True
2021-11-15,666.93,5.8999996,3.357143,8.771429,-0.71428573,91.41429,0.35714287,0.34285712,0.37142858,9.785714,4.3714285,0.000100925565,0.0069049373,8.936723e-05,0.00026690215,0.0,True
2021-11-22,666.75,0.7,2.0285716,5.7571425,-0.9285714,94.0,0.24285714,0.24285714,0.25714287,9.714286,3.3857143,1.28000975e-05,0.006598033,8.838518e-06,2.1699816e-05,6.121397e-05,True
2021-11-29,666.58,10.2,-0.65714294,0.9428572,-3.0714285,91.87144,0.14285715,0.12857144,0.31428573,9.771428,0.7,1.1980534e-05,0.0063176528,0.0023587544,0.00022508763,0.013403524,True
2021-12-06,666.41,59.9,0.35714287,2.6571429,-2.6285713,90.5,0.37142855,0.37142855,0.31428573,10.528571,1.1142857,0.0018849522,0.006302394,0.022407737,0.016511085,0.028022986,True
2021-12-13,666.28,39.2,-1.0142858,1.9285715,-6.1,92.185715,0.21428573,0.21428573,0.2,10.928572,0.37142858,0.00014234334,0.005944051,0.05091394,0.00393112,0.040314823,True
2021-12-20,666.13,0.0,-1.2,1.3714286,-4.3857145,94.77143,0.12857144,0.12857144,0.114285715,10.328571,0.47142857,0.00016196072,0.0058877766,0.056755934,0.0076231007,0.00010942295,True
2021-12-27,666.03,19.199999,0.75714284,4.285714,-3.2142856,86.3,0.24285714,0.24285714,0.2857143,10.428572,0.9714286,0.0008940995,0.005895734,0.047991224,0.019821469,3.0733645e-06,True
2022-01-03,666.03,27.8,6.8714285,10.828572,2.9,81.12858,0.625,0.625,0.59999996,11.175,5.525,0.00865978,0.018149056,0.009616432,0.03517211,0.0,True
2022-01-10,666.48,34.899998,-0.28571424,2.5285716,-4.928571,87.57143,0.44285712,0.42857143,0.41428572,10.757143,1.5428572,0.00041420758,0.018808067,0.012182559,0.0013099778,0.025786407,True
2022-01-17,666.21,0.70000005,-2.7571428,1.9285715,-8.014285,85.82857,0.29999998,0.29999998,0.22857143,10.357142,-0.042857144,0.00016796589,0.018723257,0.02152973,0.0076802317,0.0028415583,True
2022-01-24,666.18,8.2,-1.1285714,1.1999999,-3.9285715,86.37144,0.25714287,0.24285717,0.35714287,10.2,0.15714286,0.00012820959,0.017833866,0.023919066,0.0061003193,0.014767706,True
2022-01-31,666.13,17.2,-0.37142855,3.642857,-4.785714,82.557144,0.64285713,0.61428577,0.47142857,10.157143,0.62857145,0.00037056953,0.016589612,0.025686355,0.012197111,0.021679793,True
2022-02-07,666.07,38.4,2.0142858,4.542857,-0.5714286,85.84286,0.68571424,0.67142856,0.5857143,10.6285715,1.6,0.001970224,0.016671501,0.040794026,0.023598691,0.027336072,True
2022-02-14,666.18,17.6,1.1999999,7.728572,-4.8142858,73.08572,0.98571426,0.95714283,0.7571429,10.485714,1.5428572,0.0010401383,0.018943354,0.029247466,0.021692375,0.0029438771,True
2022-02-21,666.28,28.2,4.7714286,8.142858,1.3142859,78.92857,1.2857143,1.2428571,1.1142857,10.228572,3.9857142,0.0021212325,0.029210307,0.0072318427,0.019844308,0.0059407204,True
2022-02-28,666.43,11.5,1.5285714,5.971429,-2.8285713,76.72858,1.1428573,1.1,0.9285714,10.042857,3.0,0.0006161183,0.032078385,0.0061633075,0.011168309,0.010775518,True
2022-03-07,666.63,0.0,-0.95714283,5.5285716,-6.6714287,65.72857,1.0714285,0.9,1.1142857,9.514286,2.2428572,6.557256e-05,0.028742291,0.0027618806,0.0029745977,2.3953617e-05,True
2022-03-14,666.48,0.0,2.6857142,11.757143,-5.4428573,61.07143,1.9142858,1.4857143,1.6,8.942857,5.142857,2.8282404e-05,0.02400332,0.0007067238,0.0015141647,0.0,True
2022-03-21,666.43,2.3,5.5,11.3714285,-0.7000001,73.47143,1.4714286,1.1571428,1.5,8.414286,7.0571427,0.0001212433,0.019590825,1.4685449e-05,8.103624e-05,0.0,True
2022-03-28,666.37,0.0,6.9857144,16.885715,-3.0428574,56.414288,2.871429,2.0,2.3428571,7.571429,10.057143,2.8312206e-07,0.015972257,-7.345365000000001e-25,3.1106174e-07,0.0,True
2022-04-04,666.28,38.899998,2.7714286,6.3857145,-1.8285714,81.22858,0.9857143,0.8,1.2142857,8.114285,5.6857142,0.0002983138,0.013208576,0.008801676,0.0043208823,0.022708945,True
2022-04-11,666.18,32.3,5.8857145,11.3714285,1.0000001,75.35714,2.057143,1.9428571,1.8714286,9.314285,7.7,0.00199949,0.011385158,0.004701177,0.023041055,0.0071898177,True
2022-04-18,666.13,1.1,9.328572,16.328571,0.82857144,64.942856,3.0857146,2.4714284,2.7571428,8.742857,13.342857,5.082041e-05,0.01030305,0.00017414207,0.0014031045,0.0,True
2022-04-25,666.03,15.799999,7.6571426,13.17143,1.7142857,70.78571,2.4142857,1.9142857,2.4142857,8.0,11.957143,0.00019979477,0.009295061,7.379623e-08,7.394701e-07,0.0,True
2022-05-02,665.91,18.1,8.085714,13.814286,1.5,76.27143,2.4142857,2.142857,2.3714287,8.514286,12.228572,0.00030308962,0.008412793,-7.345365000000001e-25,0.0,0.0,True
2022-05-09,665.8,40.3,11.1285715,15.928572,6.4,83.542854,2.2142856,2.1000001,2.3142858,9.157143,14.285714,0.00046552718,0.0076532364,-7.345365000000001e-25,0.0,0.0,True
2022-05-16,665.71,28.0,16.02857,22.442858,9.2,70.35714,4.1285715,3.7285717,3.8714287,8.657143,19.957144,0.00047053397,0.0069838166,-7.345365000000001e-25,3.7252903e-09,0.0,True
2022-05-23,665.58,32.300003,17.571428,24.557144,8.8714285,67.64286,4.642857,3.8714287,4.3285713,8.028571,21.914286,0.002442658,0.006322764,-7.345365000000001e-25,3.7252903e-09,0.0,True
2022-05-30,665.48,15.2,11.657144,16.885715,6.2571425,75.72858,2.9,2.4428573,3.0142858,8.242857,16.971428,0.0015433282,0.005802721,-7.345365000000001e-25,3.7252903e-09,0.0,True
2022-06-06,665.35,74.8,15.685715,22.300001,9.2,79.328575,3.4571424,2.9142857,3.457143,7.9,19.8,0.001133278,0.0054339394,-7.345365000000001e-25,7.450581e-09,0.0,True
2022-06-13,665.35,32.9,14.928572,20.87143,8.342857,74.72858,3.6285717,3.4571426,3.742857,8.714286,19.72857,0.0041159242,0.0064754337,-7.345365000000001e-25,3.7252903e-09,0.0,True
2022-06-20,665.17,5.8,20.071428,27.457144,10.642858,61.2,5.8,3.7714286,5.1714287,7.2714286,24.7,9.8615885e-05,0.0049425215,-7.345365000000001e-25,7.450581e-09,0.0,True
2022-06-27,665.18,36.9,18.957142,24.6,12.771429,75.77143,4.0142856,3.3999999,4.157143,7.1714287,23.314285,0.0010403991,0.0046562552,-7.345365000000001e-25,1.1175871e-08,0.0,True
2022-07-04,664.98,31.5,17.6,23.057144,11.314286,79.97143,3.5714283,3.2142856,3.642857,7.8714285,21.742857,0.0057406425,0.0060922205,-7.345365000000001e-25,7.450581e-09,0.0,True
2022-07-11,664.88,4.2999997,16.014286,21.442858,9.528571,69.87144,3.8285713,2.8714283,3.9714284,7.3285713,21.714285,0.00019556284,0.004263766,-7.345365000000001e-25,3.7252903e-09,0.0,True
2022-07-18,664.83,0.0,19.0,26.9,9.428572,58.04286,5.628571,2.4857142,5.1142855,6.0857143,24.671429,8.746982e-06,0.0040230155,-7.345365000000001e-25,3.7252903e-09,0.0,True
2022-07-25,664.63,37.4,21.214285,29.0,12.414286,68.08572,5.2285714,2.4285715,4.785714,5.6,25.62857,0.00014987588,0.0037021711,-7.345365000000001e-25,1.4901161e-08,0.0,True
2022-08-01,664.53,25.9,18.4,23.97143,12.614286,74.42857,3.9571424,2.5857143,3.7,6.3,22.942858,0.0006734878,0.0034197718,-7.345365000000001e-25,7.450581e-09,0.0,True
2022-08-08,664.43,15.5,19.042858,24.928572,12.157143,73.91429,4.1857142,2.457143,3.7857144,5.9714284,23.885714,8.1926584e-05,0.0031448156,-7.345365000000001e-25,7.450581e-09,0.0,True
2022-08-15,664.33,8.5,17.685715,24.657145,9.314285,62.82857,4.5,1.857143,4.3857145,5.3428574,22.428572,2.1338463e-05,0.0028614476,-7.345365000000001e-25,5.5879354e-09,0.0,True
2022-08-22,664.18,137.7,16.942858,22.728573,10.842857,80.74286,2.885714,2.2285714,2.8285713,7.2714286,21.185715,0.02506341,0.0071145743,-7.345365000000001e-25,1.8626451e-09,0.0,True
2022-08-29,663.9,28.099998,17.671429,24.185715,10.542857,75.200005,2.957143,2.6857142,3.1571429,8.228572,21.957144,0.00022244453,0.002513595,-7.345365000000001e-25,7.450581e-09,0.0,True
2022-09-05,664.03,19.8,15.871429,22.071428,9.6,80.42857,2.4142857,2.385714,2.6714287,8.928572,19.785715,0.0001828745,0.002437979,-7.345365000000001e-25,7.450581e-09,0.0,True
2022-09-12,663.93,25.2,14.785714,20.414288,9.271429,82.38572,2.1571429,2.1571429,2.1857142,8.942857,18.1,0.00024065375,0.002357401,-7.345365000000001e-25,7.450581e-09,0.0,True
2022-09-19,663.83,35.2,12.5,16.785715,8.657144,82.67143,1.6857141,1.6428572,1.6999999,9.314285,15.0,0.0018015206,0.002382964,-7.345365000000001e-25,5.5879354e-09,0.0,True
2022-09-26,663.75,24.8,8.885715,14.371429,3.2285714,83.14286,1.3142859,1.2428572,1.4714286,9.2,12.342857,0.00012812763,0.002484396,-7.345365000000001e-25,0.0,0.0,True
2022-10-03,663.68,70.0,8.528571,11.314286,5.357143,91.22858,0.9142857,0.9142857,0.9142857,10.428572,10.457143,0.007646665,0.006495483,-7.345365000000001e-25,7.450581e-09,0.0,True
2022-10-10,663.67,5.5,10.885715,16.742857,5.3857145,86.814285,1.0857142,1.0285714,1.1999999,9.985714,13.3714285,6.534159e-05,0.0055731684,-7.345365000000001e-25,0.0,0.0,True
2022-10-17,663.63,22.8,12.542857,17.47143,8.1,86.92857,1.1,1.0714285,1.0857142,10.1,14.185715,0.0002860427,0.0065385997,-7.345365000000001e-25,7.450581e-09,0.0,True
2022-10-24,663.6,39.2,12.414286,17.214285,6.9857144,88.14286,1.0142858,1.0,0.9142857,10.3,14.185715,0.003173083,0.0067649633,-7.345365000000001e-25,1.8626451e-09,0.0,True
2022-10-31,663.6,1.3000001,12.085715,21.300001,5.6714287,80.74286,1.2142857,1.1571429,0.9285714,10.271428,13.828571,1.0848045e-05,0.007021345,-7.345365000000001e-25,0.0,0.0,True
2022-11-07,663.57,13.8,7.057143,11.242858,1.0428572,85.799995,0.61428577,0.6,0.6,10.0,9.157143,0.00028871745,0.007264562,-7.345365000000001e-25,0.0,0.0,True
2022-11-14,663.53,5.5,5.471429,11.514287,0.17142858,88.02857,0.5714286,0.5714286,0.44285718,10.142858,7.5285716,0.00015062094,0.007284522,-7.345365000000001e-25,0.0,0.0,True
2022-11-21,663.5,47.0,5.1857142,8.814286,1.0857143,87.557144,0.6571428,0.64285713,0.44285718,10.528571,6.0142856,0.00096707046,0.0073190033,9.2057955e-05,0.0001883991,0.00093232095,True
2022-11-28,663.53,13.9,3.0,7.414286,-2.0142858,86.24286,0.4,0.4,0.35714287,10.657143,3.6285715,0.00040141493,0.008094549,0.00037837596,0.00085423887,0.00019806251,True
2022-12-05,663.53,11.9,1.1142857,2.3714287,-0.6571428,93.41429,0.114285715,0.114285715,0.27142859,10.542857,1.9,0.0004530102,0.009624638,0.00017164435,0.00018578395,0.00035868213,True
2022-12-12,663.5,7.7,-2.9428573,0.5857143,-6.414286,88.58572,0.071428575,0.071428575,0.15714286,10.357142,0.42857143,1.359731e-05,0.010797448,0.0042616925,0.00030782446,0.009591423,True
2022-12-19,663.5,33.7,-3.7285717,-0.5857143,-8.285714,90.78571,0.057142857,0.057142857,0.12857142,10.842857,0.25714287,0.000370346,0.010867558,0.018081252,0.004090175,0.01611847,True
2022-12-26,663.5,50.1,6.7285714,9.842857,3.4857142,86.34286,0.5857143,0.5857143,0.4857143,10.857142,4.6571426,0.0032642782,0.013744049,0.0071007637,0.022857077,0.0,True
