,GWL,HYRAS_pr,HYRAS_tas,HYRAS_tasmax,HYRAS_tasmin,HYRAS_hurs,DWD_evapo_p,DWD_evapo_r,DWD_evapo_fao,DWD_soil_moist,DWD_soil_temp5cm,ERA5_sro,ERA5_ssro,ERA5_sdwe,ERA5_sm,ERA5_sf,GWL_flag
1991-01-07,66.22000000000001,11.9,5.428571,7.614286,2.5857143,75.07143,0.87142855,0.8571428,0.8285714,10.114285,3.642857,0.00034026802,0.0005884245,3.6154473e-05,0.0002025161,0.0,True
1991-01-14,66.27000000000001,3.1,4.8142858,7.7714286,2.2428572,73.62858,0.8,0.7857142,1.0714285,9.842857,3.6,5.6400895e-05,0.00072842836,1.004764e-06,5.7555735e-07,7.7188015e-06,True
1991-01-21,66.27000000000001,4.5,-1.4285715,2.9285715,-6.2999997,72.82857,0.24285714,0.24285714,0.51428574,9.785714,-1.2857143,4.0963292e-05,0.0008569956,1.3362794e-05,1.0568649e-05,1.8760562e-05,True
1991-01-28,66.24000000000001,0.70000005,1.1285714,1.9857143,0.17142859,87.42857,0.21428572,0.18571429,0.5,9.728572,0.042857144,2.9981136e-05,0.0009640455,0.00013246422,0.00015894882,0.00043180585,True
1991-02-04,66.23,0.0,-4.457143,-0.84285706,-8.171429,67.314285,0.071428575,0.071428575,0.6571428,9.642858,-2.6714287,6.556511e-06,0.001052931,0.0005086774,9.5414e-05,0.000712689,True
1991-02-11,66.2,10.4,-6.571429,-3.7285714,-9.8714285,83.64286,0.014285714,0.014285714,0.4,9.742857,-3.7285714,4.0605664e-06,0.0011272356,0.0031620094,0.00019954704,0.009377472,True
1991-02-18,66.15,11.4,-3.1571429,-0.8571429,-6.7999997,84.042854,0.08571429,0.08571429,0.4,10.042857,-0.057142857,2.8833747e-05,0.0011876374,0.0130651565,0.0015043858,0.008748919,True
1991-02-25,66.13000000000001,1.2,3.042857,8.014286,-2.3428574,80.07143,0.7285714,0.6999999,0.7428571,9.957143,0.5857143,0.0003785789,0.0012366101,0.0067323903,0.014958469,2.9355288e-06,True
1991-03-04,66.14,0.0,2.2285714,6.4857144,-1.457143,76.14286,0.8,0.7,0.90000004,9.657143,1.4571428,8.247793e-06,0.0012937635,0.00021957216,0.00034654886,3.9916486e-05,True
1991-03-11,66.2,0.4,7.414286,11.885714,2.8714287,78.94286,0.8571428,0.74285716,1.0428572,9.271428,5.3285713,2.6494265e-05,0.0013543591,7.884843e-06,4.8261136e-05,0.0,True
1991-03-18,66.22000000000001,1.0,9.485715,15.185715,4.3714285,78.38572,1.1857144,0.98571426,1.2428571,8.914286,8.985714,6.762147e-05,0.0013978854,-7.345365000000001e-25,1.4901161e-08,0.0,True
1991-03-25,66.25,34.6,8.314286,11.728572,5.142857,80.37144,1.2142857,1.1714287,1.1999999,9.328571,8.328571,0.0006160438,0.0014292523,-7.345365000000001e-25,3.7252903e-09,0.0,True
1991-04-01,66.26,5.8,4.328572,8.1,-0.071428575,67.91429,1.4142858,1.2285715,1.5428572,9.1,5.6571426,8.323789e-05,0.001479514,7.3796227e-06,2.2966415e-05,2.5298446e-05,True
1991-04-08,66.25,10.7,10.0,14.757143,4.7714286,69.92857,1.8999999,1.6571428,1.9714286,8.9,9.885715,0.0002233535,0.0015223548,6.81196e-08,1.437962e-06,0.0,True
1991-04-15,66.24000000000001,0.0,11.428572,17.542858,2.8285716,56.97143,2.9428573,2.2571428,2.9428573,8.071428,12.257143,2.6084483e-05,0.0015402138,-7.345365000000001e-25,1.8626451e-09,0.0,True
1991-04-22,66.24000000000001,9.4,2.957143,7.714286,-1.6000001,70.34286,1.6000001,1.3571428,1.6999999,7.5571427,6.9428573,0.00015328825,0.0015341789,0.0013678131,0.003038425,0.0045532174,True
1991-04-29,66.22204180493152,0.70000005,7.442857,12.300001,0.8714286,70.94286,1.6999999,1.3428571,1.9142857,7.3142858,9.728572,6.790459e-05,0.0015187114,0.00021451995,0.0012241099,0.0,False
1991-05-06,66.19000000000001,17.5,7.5285716,11.042857,3.142857,78.94286,1.4857143,1.2428572,1.6857144,7.4142857,9.428572,0.00015511364,0.0014944896,1.4191582e-07,1.3075769e-06,0.0,True
1991-05-13,66.19000000000001,7.3,10.400001,14.171428,4.9000006,75.35714,2.1857142,1.6999999,2.2571428,7.257143,11.814285,0.00016917288,0.0014692545,-7.345365000000001e-25,0.0,0.0,True
1991-05-20,66.21000000000001,19.4,9.857142,14.385715,3.5428574,72.42857,2.457143,1.9714286,2.357143,7.0,11.785714,0.0002014637,0.0014366955,-7.345365000000001e-25,0.0,0.0,True
1991-05-27,66.17,5.7,11.242858,15.300001,6.928571,69.8,2.7999997,2.0142858,2.8857143,6.2285714,13.4,0.00010980666,0.0013979897,-7.345365000000001e-25,3.7252903e-09,0.0,True
1991-06-03,66.13000000000001,2.1,14.557143,19.47143,6.7428575,60.485718,3.3857143,1.6857141,3.7142856,5.5285716,17.157143,3.46601e-05,0.0013514012,-7.345365000000001e-25,0.0,0.0,True
1991-06-10,66.11,3.7,13.928572,18.142857,6.728572,63.37143,3.0285716,1.4285715,3.3,5.2,15.842857,4.425645e-05,0.0012930036,-7.345365000000001e-25,3.7252903e-09,0.0,True
1991-06-17,66.09,32.100002,14.857142,18.928572,10.400001,65.54286,3.142857,1.6142858,3.2142856,5.1714287,16.2,8.332729e-05,0.0012352765,-7.345365000000001e-25,1.1175871e-08,0.0,True
1991-06-24,66.11,33.2,16.328571,20.957144,10.857142,70.88572,3.4285715,2.7857144,3.442857,5.7285714,17.914286,0.00021050125,0.0011804625,-7.345365000000001e-25,1.1175871e-08,0.0,True
1991-07-01,66.12,18.699999,16.214285,20.1,11.099999,74.74286,2.9714284,2.4714284,2.8857143,6.042857,17.3,0.0015738308,0.0011291876,-7.345365000000001e-25,1.1175871e-08,0.0,True
1991-07-08,66.11,0.0,23.928572,29.285715,14.328572,55.9,5.4,3.2999997,5.6857142,5.428571,24.442858,5.066395e-07,0.0010741502,-7.345365000000001e-25,1.1175871e-08,0.0,True
1991-07-15,66.11,40.0,21.785715,27.057142,14.185715,65.15714,4.0714283,1.8714285,4.328572,4.8142858,24.12857,0.0001526624,0.0010102838,-7.345365000000001e-25,1.4901161e-08,0.0,True
1991-07-22,66.08000000000001,0.5,17.514286,21.67143,12.685715,66.9,3.3428574,1.5142857,3.6285713,4.6285715,20.22857,4.4085085e-05,0.0009619966,-7.345365000000001e-25,1.8626451e-08,0.0,True
1991-07-29,66.09027112611281,7.1,20.071428,26.2,11.514287,62.2,3.8714287,1.6285714,4.1285715,4.428571,21.685715,0.00015605986,0.0009137392,-7.345365000000001e-25,7.450581e-09,0.0,True
1991-08-05,66.02000000000001,9.9,21.385715,25.67143,15.571428,72.6,3.257143,1.3285714,3.4714284,4.5,22.742857,0.0001733154,0.0008680448,-7.345365000000001e-25,1.1175871e-08,0.0,True
1991-08-12,66.01,11.8,21.428572,27.028574,16.028572,67.58572,3.4857142,1.9285715,3.6857142,4.571429,22.814285,0.00015045702,0.0008281246,-7.345365000000001e-25,1.8626451e-08,0.0,True
1991-08-19,65.99000000000001,1.6,17.457144,23.057144,10.857142,65.557144,2.8428571,1.5428572,3.3285713,4.3285713,19.6,7.034838e-05,0.00079241395,-7.345365000000001e-25,7.450581e-09,0.0,True
1991-08-26,65.99000000000001,1.5999999,17.942858,23.142857,11.642858,67.3,2.6285717,1.1571429,3.0857143,4.1,19.185715,7.5131655e-05,0.0007603541,-7.345365000000001e-25,7.450581e-09,0.0,True
1991-09-02,65.96000000000001,0.0,17.157145,23.485716,9.157143,65.82857,2.5857143,0.54285717,3.1000001,3.8428571,18.985714,1.1563301e-05,0.00072972476,-7.345365000000001e-25,9.313226e-09,0.0,True
1991-09-09,65.94000000000001,0.3,16.314287,21.800001,10.185715,64.71429,2.2,0.3571429,2.7428572,3.7,18.014286,2.6136637e-05,0.00069689006,-7.345365000000001e-25,5.5879354e-09,0.0,True
1991-09-16,65.91000000000001,6.1,15.114286,22.5,6.8714285,62.657143,2.0714288,0.39999995,2.4285715,3.6857142,16.5,4.5232475e-05,0.00066915154,-7.345365000000001e-25,3.7252903e-09,0.0,True
1991-09-23,65.92,11.5,14.514287,20.514286,9.457143,73.37144,1.6999999,0.84285724,2.0571427,3.857143,15.8714285,9.826571e-05,0.00064396113,-7.345365000000001e-25,9.313226e-09,0.0,True
1991-09-30,66.01362409044417,1.7,15.400001,20.5,11.028572,73.68572,1.4285715,0.7714286,1.8857143,4.114286,15.357142,2.7015805e-05,0.000621438,-7.345365000000001e-25,1.1175871e-08,0.0,True
1991-10-07,65.93,1.8,12.528572,17.442858,7.8428574,75.67143,1.3000001,0.7714286,1.5142858,4.142857,12.642858,6.506592e-05,0.0006021783,-7.345365000000001e-25,5.5879354e-09,0.0,True
1991-10-14,65.94000000000001,2.0,13.757143,20.100002,8.185715,77.1,1.1,0.4857143,1.4571428,4.0571427,13.557143,6.315112e-05,0.0005831495,-7.345365000000001e-25,9.313226e-09,0.0,True
1991-10-21,65.95,6.3999996,8.357142,13.014287,3.9714286,71.71429,1.1,0.7571429,1.4142857,4.114286,8.942857,4.465133e-05,0.0005662665,-7.345365000000001e-25,0.0,0.0,True
1991-10-28,65.95,3.1999998,4.5142856,9.142858,-0.67142856,75.67143,0.6,0.37142855,0.82857144,4.142857,5.071429,6.92904e-06,0.00055172294,-7.345365000000001e-25,1.8626451e-09,0.0,True
1991-11-04,65.96000000000001,9.4,5.3857145,9.742858,0.7714286,72.27143,0.7999999,0.5714286,1.1142857,4.1285715,4.2,5.4448843e-05,0.00053839386,-7.345365000000001e-25,0.0,0.0,True
1991-11-11,66.01,37.8,5.785714,8.5,3.1285713,83.34286,0.7142857,0.62857145,0.64285713,5.3285713,5.0857143,0.00033128262,0.0005266294,-7.345365000000001e-25,1.8626451e-09,0.0,True
1991-11-18,66.02000000000001,0.2,4.8857145,7.4000006,2.2857144,80.52857,0.4142857,0.35714287,0.5714286,6.257143,4.3142858,6.084144e-05,0.00051734596,-7.345365000000001e-25,1.8626451e-09,0.0,True
1991-11-25,66.02000000000001,5.7,2.3285716,4.6,-0.42857143,88.3,0.20000002,0.17142858,0.24285714,6.3428574,1.9285715,3.9368868e-05,0.00051027536,1.2034461e-06,2.3022294e-06,1.3295561e-05,True
1991-12-02,66.02000000000001,0.0,1.6571429,3.6714287,-0.31428573,91.92857,0.08571429,0.071428575,0.20000002,6.4,1.6428572,8.1956387e-07,0.00050474703,6.2329427e-06,9.85153e-06,2.3953617e-05,True
1991-12-09,66.02000000000001,1.5,0.4857143,3.0,-1.7428572,85.542854,0.12857144,0.10000001,0.29999998,6.385714,0.6,2.1070242e-05,0.00050000846,0.0002883389,0.00041151978,0.0007799491,True
1991-12-16,66.01,0.2,-1.5428572,2.0428572,-5.7000003,73.17143,0.14285715,0.114285715,0.25714287,6.3,-1.6428572,1.4007092e-06,0.0004959479,0.0003644682,6.679073e-05,3.9227307e-06,True
1991-12-23,66.11,43.0,4.0,6.571429,0.9714286,82.557144,0.5857143,0.5857143,0.55714285,7.6571426,1.1285714,0.00043343008,0.0004924126,0.00088013354,0.004575597,0.004298378,True
1991-12-30,66.18820543608898,7.6,3.2857144,5.8857145,0.9142857,82.057144,0.4714286,0.4714286,0.5428571,8.385715,1.7428571,0.00018662214,0.0004905164,0.00035471577,0.0018165801,0.0016122758,True
1992-01-06,66.15,16.3,4.7285714,6.928571,2.2428572,80.17143,0.2,0.2,0.71428573,8.4,1.5,0.0004709214,0.0004932508,2.0725387e-05,7.5878575e-05,3.196299e-06,True
1992-01-13,66.17,3.5,2.1857142,5.1,-1.4,84.88572,0.32857138,0.32857138,0.3857143,8.9,1.9142857,0.00013820827,0.0005037263,1.3930457e-05,1.4796853e-05,6.5196306e-05,True
1992-01-20,66.21000000000001,15.1,3.3428574,5.785714,1.557143,83.314285,0.47142857,0.45714286,0.64285713,9.214286,2.6285715,0.00041881204,0.0005280003,7.800829e-05,7.0329756e-05,0.0004975945,True
1992-01-27,66.23,0.1,-4.042857,-1.4428571,-7.1142855,87.61428,0.014285714,0.014285714,0.21428572,9.842857,-2.0428572,4.157424e-06,0.00057081133,0.0005112319,0.000149725,0.00055381283,True
1992-02-03,66.23,1.1,0.5714286,1.9285715,-0.9428572,89.78571,0.18571427,0.18571427,0.35714287,9.8,-0.35714287,5.2176416e-05,0.00062823296,0.0010721172,0.00091646984,0.0012477823,True
1992-02-10,66.24000000000001,10.500001,4.5142856,7.657143,1.6,80.37144,0.62857145,0.61428577,0.7285714,9.785714,1.4714285,0.00018627197,0.0006830171,0.00029382252,0.0011515608,1.9222498e-06,True
1992-02-17,66.27000000000001,15.3,4.657143,7.2142863,2.2857144,81.457146,0.7,0.67142856,0.7571429,9.842857,3.8142858,0.00021703541,0.00074177235,0.00019802366,4.662201e-06,0.0018692389,True
1992-02-24,66.30000000000001,8.3,2.0857143,4.7000003,-0.90000004,82.64286,0.51428574,0.50000006,0.7,9.985714,1.4714285,0.000119648874,0.0008103326,0.0015489147,0.0027328897,0.0011033453,True
1992-03-02,66.30000000000001,1.4,5.9857144,12.257143,0.7571429,74.35714,0.9714286,0.8571429,1.0285714,9.842857,4.714286,1.2844801e-05,0.0008814186,3.6909467e-05,0.00014371425,0.0,True
1992-03-09,66.30000000000001,11.0,6.5142856,11.6,1.9714286,74.92857,1.1857144,1.042857,1.1857144,9.428572,6.3714285,0.0001205802,0.0009416416,7.379623e-08,7.2829425e-07,0.0,True
1992-03-16,66.32000000000001,37.800003,3.8,8.1285715,0.0,75.457146,1.4714286,1.4285715,1.2142857,9.942857,4.2,0.0018360317,0.0009946898,0.0006076438,0.00064345635,0.002591066,True
1992-03-23,66.49000000000001,17.1,6.214286,10.428572,2.7428572,81.1,1.0714285,1.0428572,1.0857142,10.228572,6.214286,0.00040018559,0.0010947362,0.0003780808,0.0017405208,0.0,True
1992-03-30,66.43444644714535,19.0,3.0,6.3857145,0.028571436,79.82857,0.9571429,0.9571429,1.0571429,10.457143,3.8285713,0.0002553314,0.001244776,0.0004679532,0.0013228431,0.0018897168,True
1992-04-06,66.55000000000001,6.4,5.8857145,11.057143,1.4,73.828575,1.4857143,1.4571428,1.5571429,10.114285,6.714286,0.00021769106,0.0014227554,6.9867994e-05,0.00053596124,0.0,True
1992-04-13,66.60000000000001,0.3,8.571428,14.900001,2.142857,62.11429,2.2714286,1.8857144,2.3,9.414286,10.557143,4.8220158e-05,0.001569286,9.650276e-08,8.381903e-07,0.0,True
1992-04-20,66.53,13.8,6.228572,10.114286,2.8142858,73.04286,1.9714288,1.8000001,1.6714286,9.142858,7.8428574,0.0002873093,0.0016565025,8.37871e-06,5.846843e-05,5.8583915e-05,True
1992-04-27,66.47000000000001,8.0,11.971429,17.071428,5.914286,62.342857,2.5857143,2.1285715,2.4857142,8.514286,12.557143,0.00015663356,0.001705192,9.082613e-08,7.804483e-07,0.0,True
1992-05-04,66.39,4.8,9.742858,14.785714,4.3142858,70.12858,2.0857143,1.7142857,2.142857,8.071428,11.9,0.0001187399,0.0017189458,-7.345365000000001e-25,3.7252903e-09,0.0,True
1992-05-11,66.37,15.799999,10.800001,15.7,5.514286,71.47143,2.3285713,1.9857143,2.357143,7.642857,12.842857,0.00022618473,0.0017047822,-7.345365000000001e-25,7.450581e-09,0.0,True
1992-05-18,66.32000000000001,0.0,15.757143,21.357143,7.8857145,62.157146,3.6285717,2.5714285,3.8285713,7.257143,17.485714,3.4421682e-06,0.0016708374,-7.345365000000001e-25,3.7252903e-09,0.0,True
1992-05-25,66.28,0.0,19.357143,26.17143,10.471429,45.857143,5.2,1.9714286,5.5285716,6.1,20.828571,2.9802322e-08,0.0015951619,-7.345365000000001e-25,3.7252903e-09,0.0,True
1992-06-01,66.22000000000001,0.0,18.757143,24.742857,9.457143,47.05714,4.9,0.8285714,5.214286,5.5285716,20.485714,7.82311e-06,0.0014986545,-7.345365000000001e-25,1.1175871e-08,0.0,True
1992-06-08,66.21000000000001,29.300001,20.257143,26.714285,14.614286,58.97143,4.5142856,1.4857142,4.9714284,5.6571426,21.614286,0.00024700165,0.0014051944,-7.345365000000001e-25,1.1175871e-08,0.0,True
1992-06-15,66.18,11.299999,17.4,22.571428,11.942858,68.17143,3.4142857,1.4571428,3.6142857,5.5857143,20.1,6.4596534e-05,0.0013229474,-7.345365000000001e-25,1.1175871e-08,0.0,True
1992-06-22,66.14,3.1,18.828571,24.5,12.371429,59.11429,4.142857,1.2714287,4.3714285,5.3,21.485714,6.8217516e-05,0.0012421384,-7.345365000000001e-25,7.450581e-09,0.0,True
1992-06-29,66.13930212172951,0.0,20.428572,26.914288,10.157143,45.828575,4.971429,0.9571429,5.1857142,4.9142857,23.185715,1.6391277e-07,0.0011511147,-7.345365000000001e-25,7.450581e-09,0.0,True
1992-07-06,66.07000000000001,14.0,19.671429,25.042858,13.528572,65.6,3.742857,1.1428572,3.4285715,5.0142856,22.542856,0.00013440847,0.0010578781,-7.345365000000001e-25,1.1175871e-08,0.0,True
1992-07-13,66.08000000000001,25.4,19.0,25.185715,12.085715,61.54286,3.7857144,2.4428573,3.9857142,5.5857143,21.8,7.109344e-05,0.0009956062,-7.345365000000001e-25,7.450581e-09,0.0,True
1992-07-20,66.06,8.7,19.657145,25.600002,12.900001,62.828575,3.7857144,2.5,3.857143,5.2714286,21.471428,5.2452087e-05,0.0009384081,-7.345365000000001e-25,1.1175871e-08,0.0,True
1992-07-27,66.10000000000001,39.0,20.785715,27.571428,14.714286,64.51429,4.0571427,2.7142856,4.1,5.257143,23.742857,0.00019762665,0.00087431073,-7.345365000000001e-25,1.4901161e-08,0.0,True
1992-08-03,66.04,0.0,21.257143,28.228573,13.228572,56.61429,4.2,1.9571427,4.6,4.742857,23.2,2.5600195e-05,0.000817284,-7.345365000000001e-25,1.1175871e-08,0.0,True
1992-08-10,66.02000000000001,0.0,23.528574,31.028574,14.914286,50.87143,4.714286,1.0857143,5.1285715,4.357143,24.642857,1.0535121e-05,0.00075772405,-7.345365000000001e-25,1.3038516e-08,0.0,True
1992-08-17,65.98,11.6,16.842857,21.528574,12.7,67.91429,2.7,1.2714285,2.9714284,4.428571,19.3,0.00013516843,0.00070765615,-7.345365000000001e-25,1.1175871e-08,0.0,True
1992-08-24,65.98,14.400001,18.428572,23.885714,12.771429,67.91429,2.5285716,1.7428571,2.9857142,4.542857,19.957144,0.00010487437,0.0006717816,-7.345365000000001e-25,1.1175871e-08,0.0,True
1992-08-31,66.09840336414022,61.9,19.428572,25.785715,15.6,74.814285,2.6142857,2.0142858,2.857143,4.785714,20.714285,0.0015590638,0.0006393045,-7.345365000000001e-25,1.4901161e-08,0.0,True
1992-09-07,66.05000000000001,15.599999,13.1,17.614286,8.957143,72.92857,1.8857144,1.7714287,2.2428572,5.8142858,14.185715,0.00020070374,0.00061333925,-7.345365000000001e-25,1.4901161e-08,0.0,True
1992-09-14,66.04,1.7,13.842857,19.785715,8.542857,71.65714,1.8,1.4285715,2.142857,5.542857,16.12857,2.7492642e-05,0.00059112906,-7.345365000000001e-25,5.5879354e-09,0.0,True
1992-09-21,66.03,0.0,13.185715,19.014286,7.642857,70.47143,1.5571429,1.0999999,1.9857143,5.1,15.214286,1.1950731e-05,0.0005717501,-7.345365000000001e-25,7.450581e-09,0.0,True
1992-09-28,66.01,3.0,14.6285715,20.957144,9.1,79.0,1.3857144,0.9142857,1.8142856,4.8,16.157143,9.7081065e-06,0.0005520582,-7.345365000000001e-25,7.450581e-09,0.0,True
1992-10-05,66.01,21.400002,10.571428,15.828572,6.142857,72.828575,1.0142858,0.7,1.6,4.6,12.685715,5.184859e-05,0.00053402036,-7.345365000000001e-25,3.7252903e-09,0.0,True
1992-10-12,66.02000000000001,3.0,7.857143,11.528572,4.585715,84.35714,0.61428577,0.5,0.8142857,5.1714287,9.357142,0.00015254319,0.0005210936,-7.345365000000001e-25,3.7252903e-09,0.0,True
1992-10-19,66.04,2.1,4.6,9.971429,0.0142857,70.828575,0.7285714,0.5714286,0.9428572,5.1,5.3142858,1.9878149e-05,0.00050934404,-7.345365000000001e-25,0.0,0.0,True
1992-10-26,66.04,26.3,4.3428574,8.342857,1.3142856,86.24286,0.51428574,0.4714286,0.5714286,5.4857144,5.114286,0.00029729307,0.00049904734,4.3710074e-06,2.335012e-05,3.6917627e-05,True
1992-11-02,66.04,13.4,3.457143,7.6142855,-0.38571432,81.200005,0.42857143,0.4,0.4857143,6.8285713,3.8,0.00017184019,0.0004916489,2.8099332e-06,1.4465302e-05,0.0,True
1992-11-09,66.09,3.3000002,7.214286,10.485715,4.157143,80.52857,0.5285715,0.51428574,0.78571427,6.9857144,6.385714,6.420165e-05,0.00048611313,-7.345365000000001e-25,2.3841858e-07,0.0,True
1992-11-16,66.11,13.3,4.6571426,7.6714287,1.5142858,83.78571,0.61428565,0.61428565,0.62857145,7.542857,3.8428571,0.00021015108,0.0004823953,3.0841147e-05,0.00012012571,0.00012975559,True
1992-11-23,66.15,20.5,4.4142857,6.7428575,2.0857143,81.8,0.5714286,0.55714285,0.6571428,8.1285715,3.3428571,0.00027498975,0.0004805401,0.00015969503,0.0005544722,0.00086497515,True
1992-11-30,66.21355095755476,16.8,5.5285716,8.8,2.4857142,83.07143,0.55714285,0.55714285,0.5,8.957143,4.1714287,0.00017297268,0.00048279762,4.8262733e-05,0.00034750625,0.0,True
1992-12-07,66.16000000000001,14.700001,4.2285714,7.3142858,0.98571426,79.24286,0.44285712,0.44285712,0.5714286,9.228572,3.142857,0.00014713407,0.0004921481,0.00016936802,0.00028661452,0.0018067658,True
1992-12-14,66.18,22.9,3.6000001,4.6,1.8857143,87.78571,0.34285715,0.34285715,0.44285718,9.757143,2.3857143,0.00050905347,0.0005083829,0.0006306285,0.0015297141,1.4156103e-06,True
1992-12-21,66.21000000000001,26.7,2.1857142,4.9857144,-0.3857143,87.07143,0.18571429,0.17142858,0.17142858,10.271428,1.1285714,0.00039730966,0.00054534525,0.00040494828,0.00043470226,0.002935201,True
1992-12-28,66.23,0.0,-3.2142856,-0.7571429,-5.642857,86.35714,0.028571429,0.028571429,0.25714287,10.385715,-1.1142857,1.5720725e-05,0.0006219968,0.0024434556,0.0002642069,0.00044565275,True
1993-01-04,66.26,0.0,-6.557143,-3.6000001,-9.0,82.557144,0.0,0.0,0.2,10.266666,-2.1333334,6.2584877e-07,0.0007163584,0.0029768092,1.553446e-05,0.00051241927,True
1993-01-11,66.28,13.4,4.7285714,7.1,0.5142857,82.22858,0.5714286,0.55714285,0.64285713,10.357142,0.5714286,0.00051831454,0.00080400705,0.0008434455,0.003084939,0.0,True
1993-01-18,66.32000000000001,11.5,7.0285716,10.971429,3.6714287,70.61429,1.0142857,0.99999994,1.2142857,10.457143,3.6142857,0.0003497377,0.00093802065,2.0435878e-07,1.1138618e-06,0.0,True
1993-01-25,66.38000000000001,11.9,6.4,9.157144,3.3000004,74.85714,1.2714287,1.2571429,1.2714285,10.1285715,4.9142857,0.00027014315,0.001112707,8.424123e-06,1.9986182e-06,0.00026972592,True
1993-02-01,66.41000000000001,2.3999999,-2.1142857,1.5142858,-4.857143,78.22858,0.18571429,0.18571429,0.3857143,10.428572,0.071428575,8.529425e-05,0.0012759939,0.002422293,0.0003147237,0.0031466484,True
1993-02-08,66.43,3.8000002,0.4857143,3.2285714,-2.9857142,87.98572,0.17142858,0.17142858,0.2857143,10.271428,-0.32857144,0.000113643706,0.0014381185,0.0020682472,0.0022366121,0.00017544255,True
1993-02-15,66.44000000000001,1.2,-0.15714285,1.1,-1.1285715,91.52857,0.114285715,0.114285715,0.37142858,10.214286,0.17142858,1.8775463e-05,0.0015797764,0.000428512,0.0006707441,0.00028338656,True
1993-02-22,66.47000000000001,17.0,1.3714286,3.8428571,-1.1999999,80.01429,0.64285713,0.62857145,0.7571429,10.4,0.78571427,0.0002782941,0.0016989484,0.001743873,0.0025634523,0.007738348,True
1993-03-01,66.42,0.6,-1.1999999,2.5428574,-4.642857,75.71429,0.37142855,0.37142855,0.7285715,10.285714,-0.12857144,5.3927302e-05,0.0018175021,0.0047395853,0.002237942,0.0009956434,True
1993-03-08,66.38000000000001,5.1,0.042857144,3.1714287,-2.7428572,79.71429,0.47142857,0.45714286,0.71428573,10.042857,0.4,0.000113233924,0.0019315407,0.003197704,0.004608635,0.0033628307,True
1993-03-15,66.37,0.2,4.971429,11.642858,-1.3857144,75.4,1.0857142,0.9285714,1.0714285,9.685715,4.8428574,3.489852e-05,0.0020209998,0.0004832915,0.0014525056,4.7683716e-07,True
1993-03-22,66.34,3.6,8.942858,13.614286,4.5142856,69.61429,1.6714286,1.4142857,1.6999999,9.2,8.1285715,6.341934e-05,0.0020779632,1.237506e-06,1.4113262e-05,0.0,True
1993-03-29,66.3587390373054,4.1,2.1571429,7.3857145,-1.1285715,68.75714,1.3857143,1.2,1.5714285,8.757143,4.9714284,9.328872e-05,0.0020977482,7.029375e-05,6.701611e-05,0.00045172498,False
1993-04-05,66.33000000000001,1.5,5.971429,10.900001,0.34285715,67.44286,1.4428571,1.1142857,1.7285713,8.328571,6.714286,1.1436641e-05,0.002090335,0.00012163889,0.00037634745,2.4680048e-05,True
1993-04-12,66.31,9.7,5.1285715,10.057143,1.0142858,68.8,1.7285715,1.4142857,1.8285714,8.1285715,7.1857142,0.00015965849,0.0020681322,1.3056255e-07,1.6447157e-06,0.0,True
1993-04-19,66.30000000000001,15.900001,9.042857,14.6285715,3.2571428,67.185715,2.2,1.742857,2.1857142,7.5571427,10.171429,9.997189e-05,0.0020280331,-7.345365000000001e-25,0.0,0.0,True
1993-04-26,66.28,0.0,16.057142,23.185715,8.714286,55.085716,3.957143,2.6571429,3.857143,6.9428573,16.3,2.2649765e-06,0.0019674748,-7.345365000000001e-25,3.7252903e-09,0.0,True
1993-05-03,66.24000000000001,4.3,17.47143,25.2,9.742857,51.700005,4.457143,1.5571429,4.3,5.957143,18.471428,1.92374e-05,0.001861982,-7.345365000000001e-25,7.450581e-09,0.0,True
1993-05-10,66.18,5.0,13.542857,19.62857,7.2000003,64.84286,3.2999997,0.9285714,3.2714286,5.6857142,15.714286,2.5235116e-05,0.0017632917,-7.345365000000001e-25,3.7252903e-09,0.0,True
1993-05-17,66.14,0.8,17.071428,24.028574,9.557143,54.37143,4.3142858,0.88571423,4.1857142,5.457143,19.485714,1.6495585e-05,0.0016478747,-7.345365000000001e-25,7.450581e-09,0.0,True
1993-05-24,66.08000000000001,33.0,17.071428,22.485716,11.957144,69.61429,3.3857143,1.2714285,3.4714284,6.042857,18.785715,0.0006624758,0.0015310943,-7.345365000000001e-25,3.7252903e-09,0.0,True
1993-05-31,66.27335261516696,24.9,14.971429,20.757143,10.571428,76.28571,2.9142857,2.585714,2.8,7.0571427,17.7,0.0006675571,0.0014502555,-7.345365000000001e-25,1.1175871e-08,0.0,True
1993-06-07,66.13000000000001,11.8,17.1,22.67143,10.928572,67.14286,3.4285715,2.8,3.757143,7.071429,20.314285,0.0003965646,0.0013762042,-7.345365000000001e-25,7.450581e-09,0.0,True
1993-06-14,66.42,68.4,17.614286,23.042858,12.67143,70.67143,3.3999996,2.7428572,3.5285716,7.1571426,20.27143,0.0004839152,0.0013027936,-7.345365000000001e-25,0.0,0.0,True
1993-06-21,66.5,38.9,14.67143,19.185715,10.385715,75.25715,2.7714286,2.5714285,2.7857144,8.342857,17.042856,0.0012383312,0.0012586489,-7.345365000000001e-25,1.4901161e-08,0.0,True
1993-06-28,66.48,5.5,13.514287,18.028572,9.442857,71.72857,2.6142857,2.3142858,2.7571428,7.9428573,16.542856,0.00020110607,0.0012210384,-7.345365000000001e-25,1.1175871e-08,0.0,True
1993-07-05,66.52000000000001,9.8,18.4,24.728573,10.814286,63.757145,3.9571426,2.8857143,4.1714287,6.957143,21.971428,5.7026744e-05,0.0011783987,-7.345365000000001e-25,7.450581e-09,0.0,True
1993-07-12,66.59,4.5,15.17143,20.37143,10.842857,69.328575,3.1285713,2.5142858,3.257143,6.757143,17.585714,7.596612e-05,0.0011368394,-7.345365000000001e-25,3.7252903e-09,0.0,True
1993-07-19,66.66000000000001,23.8,16.257143,21.0,12.314286,77.78571,2.6714284,2.4571426,2.8714287,7.071429,19.057142,0.0005618334,0.0011028275,-7.345365000000001e-25,1.1175871e-08,0.0,True
1993-07-26,66.64,12.6,15.614286,20.942858,11.8,74.200005,2.8285716,2.6571426,3.1285713,7.4857144,17.9,0.00020170212,0.0010716394,-7.345365000000001e-25,1.4901161e-08,0.0,True
1993-08-02,66.60000000000001,33.4,17.77143,23.014286,12.457144,78.51429,2.857143,2.6571429,2.7142856,8.214286,19.342857,0.0024660826,0.0010445416,-7.345365000000001e-25,1.4901161e-08,0.0,True
1993-08-09,66.47000000000001,28.0,17.628572,22.985716,14.1285715,78.74286,2.6142857,2.3428571,2.8,8.214286,20.442858,0.00021064281,0.0010178834,-7.345365000000001e-25,1.6763806e-08,0.0,True
1993-08-16,66.35000000000001,3.2,18.257143,24.385715,12.228572,67.94286,3.1857142,2.6857145,3.5,8.1285715,19.928572,0.00034174323,0.0009968504,-7.345365000000001e-25,1.3038516e-08,0.0,True
1993-08-23,66.23,8.8,14.842857,20.628572,10.871429,73.62858,2.3,1.7571429,2.542857,7.3714285,19.357143,0.00010846555,0.00097026676,-7.345365000000001e-25,1.1175871e-08,0.0,True
1993-08-30,66.32031251171814,15.900001,12.414286,17.671429,7.414286,79.34286,1.7571428,1.3857143,2.0714285,7.142857,15.471429,7.6562166e-05,0.00095244497,-7.345365000000001e-25,3.7252903e-09,0.0,True
1993-09-06,66.25,13.0,11.885715,16.428572,8.385715,84.314285,1.4857142,1.3571428,1.5857143,7.5571427,13.685715,0.00024356693,0.00093809515,-7.345365000000001e-25,9.313226e-09,0.0,True
1993-09-13,66.26,33.9,13.585715,18.228573,9.985715,87.299995,1.2428571,1.1571428,1.5,8.342857,15.185715,0.0040113777,0.00092585385,-7.345365000000001e-25,7.450581e-09,0.0,True
1993-09-20,66.28,15.500001,11.1285715,16.2,7.1571426,82.057144,1.3142856,1.2428571,1.4857142,9.1,12.428572,0.001517415,0.0009358302,-7.345365000000001e-25,7.450581e-09,0.0,True
1993-09-27,66.31,4.1,14.400001,18.071428,11.6,84.62858,0.9571429,0.8714286,1.1428572,8.828571,14.671429,0.000119149685,0.0009994581,-7.345365000000001e-25,1.1175871e-08,0.0,True
1993-10-04,66.30000000000001,2.4,10.67143,15.414286,6.6857147,77.68572,1.0571429,0.9,1.3571428,8.714286,11.757143,4.7273934e-05,0.0010657758,-7.345365000000001e-25,7.450581e-09,0.0,True
1993-10-11,66.28,3.3,12.757143,18.5,8.242858,81.74286,0.9857143,0.87142855,1.0714285,8.7,12.928572,0.00022539496,0.0011150613,-7.345365000000001e-25,5.5879354e-09,0.0,True
1993-10-18,66.24000000000001,7.7,7.9857144,13.67143,4.4857144,80.14286,0.84285706,0.75714284,0.90000004,8.8,9.257143,9.936094e-05,0.001156941,-7.345365000000001e-25,5.5879354e-09,0.0,True
1993-10-25,66.22000000000001,5.3999996,5.057143,8.428572,1.8285714,83.38572,0.4714286,0.44285718,0.5857143,8.785714,5.5285716,4.1387975e-05,0.0011993721,-7.345365000000001e-25,0.0,0.0,True
1993-11-01,66.21000000000001,0.0,3.5142858,6.914286,0.67142856,91.17143,0.27142859,0.21428573,0.37142855,8.842857,4.6285715,8.769333e-06,0.0012384579,8.5149495e-08,9.685755e-08,5.2154064e-07,True
1993-11-08,66.22000000000001,4.4,3.414286,4.8714285,1.7285715,97.6,0.12857142,0.12857142,0.25714287,8.914286,3.7285714,8.7961555e-05,0.0012714863,6.81196e-08,4.377216e-07,0.0,True
1993-11-15,66.24000000000001,11.5,4.7428575,7.657143,2.8714287,88.042854,0.37142855,0.37142855,0.3857143,9.357142,4.0857143,0.00025843084,0.001300402,1.8744242e-05,0.00018571876,0.000216797,True
1993-11-22,66.23,8.5,-2.557143,-0.37142858,-4.8428574,88.700005,0.042857144,0.042857144,0.2857143,10.014286,0.18571429,5.9604645e-06,0.0013358742,0.0010924963,1.0803342e-05,0.008564383,True
1993-11-29,66.27539558026133,2.0,-4.9000006,-1.4,-7.714286,88.971436,0.0,0.0,0.17142858,10.171429,-0.6142857,2.503395e-06,0.0013859496,0.009458298,0.00012652203,0.002995737,True
1993-12-06,66.29,4.0,2.1714287,4.6285715,-1.2142857,87.32857,0.24285714,0.24285714,0.3857143,10.1,1.3428571,0.00027260184,0.0014347881,0.0049450966,0.011625757,0.0004908405,True
1993-12-13,66.37,27.7,4.457143,6.8714285,2.4,83.82857,0.6857143,0.6857143,0.59999996,10.514286,2.9714286,0.0005643517,0.0015025213,0.0005880821,0.0043199304,0.0073002763,True
1993-12-20,66.46000000000001,12.4,4.8428574,7.971429,2.3,82.75715,0.5714286,0.5714286,0.6571428,10.614285,3.142857,0.00033590943,0.0016692579,0.00097421237,0.0033820644,0.0001216121,True
1993-12-27,66.55000000000001,31.7,1.0857143,2.7285714,-0.04285717,93.685715,0.2714286,0.2714286,0.22857143,10.842857,1.0714285,0.0003637001,0.0019671768,0.007848541,0.005664751,0.021633789,True
1994-01-03,66.61,29.4,2.0857143,4.1,-0.14285716,90.08572,0.425,0.425,0.21428572,10.775,1.575,0.001921095,0.0025451034,0.007532046,0.017731115,0.004290439,True
1994-01-10,66.65,10.1,3.9428573,6.3428574,2.0,88.94286,0.37142852,0.37142852,0.34285715,10.6,2.7571428,0.0003645569,0.0040400326,0.00055712176,0.0031088293,0.0,True
1994-01-17,66.66000000000001,12.099999,3.2571428,5.7714286,1.3142856,85.12858,0.4857143,0.4857143,0.4857143,10.328571,3.0,0.00018841773,0.005324878,2.0543734e-05,5.368516e-05,7.671863e-05,True
1994-01-24,66.69000000000001,10.0,2.6285717,4.571429,0.29999998,84.5,0.5,0.5,0.5857143,10.4,0.94285715,0.00029583275,0.00599961,0.0010647093,0.0030324198,0.0030912012,True
1994-01-31,66.62974040134031,32.5,4.2714286,7.6,1.7428571,83.8,0.9714286,0.9714286,0.8,11.028571,3.0285714,0.0018423051,0.0065501183,0.00033107825,0.0017774347,0.0018988512,True
1994-02-07,66.71000000000001,0.2,2.0285716,4.142857,0.44285712,82.58572,0.45714286,0.44285718,0.62857145,10.242857,1.5714285,2.1979213e-05,0.0075217113,0.00027760438,0.00039038062,0.00034996867,True
1994-02-14,66.69000000000001,3.3,-1.0857142,2.0,-3.142857,77.58572,0.25714284,0.25714284,0.61428577,10.114285,0.54285717,9.715557e-05,0.007959448,0.00059262913,0.00023512729,0.0013490096,True
1994-02-21,66.65,3.3,-4.6857147,-0.11428571,-8.271429,69.200005,0.071428575,0.057142857,0.71428573,10.114285,-2.1714287,8.791685e-07,0.008010954,0.0021001329,3.355369e-05,0.0058819205,True
1994-02-28,66.59,5.4,0.18571424,3.8999999,-4.5142856,86.8,0.2857143,0.27142859,0.5285714,10.228572,-0.08571429,0.00023249537,0.007940784,0.00867515,0.011523189,0.006811969,True
1994-03-07,66.62,22.0,4.8857145,8.328572,1.8714286,82.0,1.042857,1.042857,0.95714283,10.328571,3.2,0.00042007864,0.007802084,0.00039670581,0.0016051233,1.1175871e-07,True
1994-03-14,66.64,11.2,7.971429,11.642858,4.5285716,76.6,1.3000001,1.2285713,1.2857143,10.171429,6.642857,0.00016603619,0.007726148,3.973643e-07,5.207956e-06,0.0,True
1994-03-21,66.67,26.1,2.9857142,6.3142858,0.9571429,85.75714,1.1571429,1.1571429,0.9714286,10.971429,4.1571426,0.001335077,0.007909119,0.0008969307,0.0028181896,0.0062358677,True
1994-03-28,66.72000000000001,19.4,6.5285716,10.6285715,2.1571429,75.27143,1.6428572,1.6285714,1.5571429,10.471429,6.742857,0.0004901141,0.008294843,0.00051779975,0.0034559648,5.9641898e-06,True
1994-04-04,66.77000000000001,17.6,7.6285715,12.957144,3.5714285,78.64286,1.7857143,1.6714284,1.6142857,9.971429,8.3714285,0.00030246377,0.00911244,3.40598e-08,1.0598451e-06,0.0,True
1994-04-11,66.80000000000001,28.1,5.228572,9.671428,0.64285713,77.24286,1.442857,1.3428571,1.5285714,9.9,7.071429,0.0013903826,0.009192869,2.2882507e-05,9.790063e-05,0.00010111928,True
1994-04-18,66.78,32.0,6.7714286,11.228572,3.3142858,75.92857,1.5285712,1.5,1.6857144,10.914286,8.357142,0.0021224916,0.0126239285,1.07856025e-07,1.9446015e-06,0.0,True
1994-04-25,66.74000000000001,0.7,12.042857,18.628572,4.5285716,57.17143,3.0142858,2.4142857,3.3,9.457143,13.614285,5.6624413e-06,0.01240024,-7.345365000000001e-25,0.0,0.0,True
1994-05-02,66.71000000000001,0.0,12.914286,19.014286,8.914286,70.200005,2.542857,1.9285716,2.7142856,8.385715,15.8714285,2.1457672e-05,0.011709094,-7.345365000000001e-25,3.7252903e-09,0.0,True
1994-05-09,66.68,7.8,12.757143,18.2,6.8285713,63.44286,3.3285713,2.357143,3.457143,7.6714287,15.028571,0.00011752546,0.010743074,-7.345365000000001e-25,0.0,0.0,True
1994-05-16,66.66000000000001,2.1,15.742858,21.514286,9.185715,60.971428,3.642857,1.7857143,4.0142856,6.7714286,17.72857,3.2395124e-05,0.009549037,-7.345365000000001e-25,7.450581e-09,0.0,True
1994-05-23,66.72000000000001,52.2,13.67143,18.300001,8.842857,77.9,2.4428573,1.8428571,2.6285713,7.8142858,16.142857,0.00044764578,0.008405052,-7.345365000000001e-25,1.1175871e-08,0.0,True
1994-05-30,66.60023139194713,4.9,12.414286,16.657145,8.900001,77.64286,2.2142859,1.957143,2.5714285,8.728572,15.985714,0.00012297928,0.0075106174,-7.345365000000001e-25,0.0,0.0,False
1994-06-06,66.68,9.900001,14.385715,19.328571,8.728572,67.957146,3.1,2.6142857,3.4857142,8.142858,16.514286,0.00013317168,0.0067073703,-7.345365000000001e-25,7.450581e-09,0.0,True
1994-06-13,66.63000000000001,5.3,14.2,19.042858,9.228571,74.58572,2.5714285,2.1857142,2.9428573,7.928571,17.028572,0.00017981231,0.006018907,-7.345365000000001e-25,3.7252903e-09,0.0,True
1994-06-20,66.57000000000001,3.8999999,14.728572,19.528574,10.142858,68.57143,3.1571429,2.3857143,3.5142858,7.3,17.328571,3.7014484e-05,0.005413845,-7.345365000000001e-25,3.7252903e-09,0.0,True
1994-06-27,66.51,0.0,19.5,25.2,12.085714,58.028572,4.5571427,2.3999999,4.7285714,6.257143,21.785715,5.736947e-06,0.0048525333,-7.345365000000001e-25,1.4901161e-08,0.0,True
1994-07-04,66.47000000000001,9.1,22.142857,29.47143,14.057143,56.4,5.057143,2.1142857,5.614286,5.742857,25.057142,7.6040626e-05,0.0042658225,-7.345365000000001e-25,1.1175871e-08,0.0,True
1994-07-11,66.39,20.699999,18.6,24.0,13.828572,73.542854,3.357143,2.2571428,3.6285717,6.285714,22.2,0.0001899898,0.0037824735,-7.345365000000001e-25,1.1175871e-08,0.0,True
1994-07-18,66.30000000000001,3.5,22.885715,28.585714,16.214285,58.100002,4.5714283,2.3714283,5.042857,5.5285716,25.428572,2.5764108e-05,0.0033698454,-7.345365000000001e-25,7.450581e-09,0.0,True
1994-07-25,66.18,0.0,23.4,30.885715,13.871429,42.92857,5.442857,1.0714285,5.957143,5.0142856,25.37143,2.9802322e-08,0.0029861182,-7.345365000000001e-25,1.1175871e-08,0.0,True
1994-08-01,66.25,10.3,26.057144,33.657143,18.857143,56.600002,4.885714,0.8714285,5.2999997,4.7285714,28.1,1.2427568e-05,0.0026204884,-7.345365000000001e-25,1.1175871e-08,0.0,True
1994-08-08,66.23,1.1,22.714285,28.97143,16.485714,59.75714,4.1,0.9714285,4.5,4.6571426,26.057142,3.1605363e-05,0.002308786,-7.345365000000001e-25,1.1175871e-08,0.0,True
1994-08-15,66.25,52.3,17.27143,22.571428,13.342857,71.78571,2.714286,1.5714285,3.0142858,5.6,19.842857,0.0006582141,0.0020734742,-7.345365000000001e-25,1.1175871e-08,0.0,True
1994-08-22,66.27000000000001,35.7,15.7,21.142857,10.414286,73.57143,2.4714284,2.1285713,2.7857144,6.6571426,18.042856,0.0002733767,0.0019107163,-7.345365000000001e-25,1.3038516e-08,0.0,True
1994-08-29,66.31732375274264,51.2,17.142857,21.84286,12.528572,75.957146,2.242857,2.0714288,2.7142856,7.885714,19.257143,0.00036464632,0.0017742515,-7.345365000000001e-25,1.1175871e-08,0.0,True
1994-09-05,66.30000000000001,7.6000004,16.02857,20.185715,11.357142,78.67143,1.8285714,1.6285715,2.2142856,7.9857144,17.742857,0.00016011298,0.0016646683,-7.345365000000001e-25,1.1175871e-08,0.0,True
1994-09-12,66.36,47.3,13.928572,17.385715,10.67143,81.814285,1.4999999,1.4999999,1.8000001,8.742857,15.1285715,0.0034637302,0.0015844852,-7.345365000000001e-25,5.5879354e-09,0.0,True
1994-09-19,66.36,22.8,12.657143,15.985715,9.971429,83.37144,1.3857143,1.3428572,1.6285714,9.485714,13.828571,0.001600951,0.0015292689,-7.345365000000001e-25,7.450581e-09,0.0,True
1994-09-26,66.38000000000001,0.6,12.7,18.785715,8.314286,85.02857,1.1285715,1.0,1.4857143,9.457143,14.428572,1.013279e-05,0.0014961138,-7.345365000000001e-25,5.5879354e-09,0.0,True
1994-10-03,66.36,6.5,11.314286,15.528572,7.2428575,83.457146,0.85714287,0.7285714,1.1285714,9.171429,13.257143,9.549409e-05,0.0014645532,-7.345365000000001e-25,1.1175871e-08,0.0,True
1994-10-10,66.39,1.4,4.9428573,10.757143,0.7285715,81.0,0.6999999,0.64285713,0.82857144,9.328571,7.3142858,3.6008656e-05,0.0014406443,-7.345365000000001e-25,0.0,0.0,True
1994-10-17,66.4,0.0,7.557143,14.2,3.014286,82.01429,0.59999996,0.54285717,0.8428572,9.1285715,8.8,2.2649765e-06,0.0014157072,-7.345365000000001e-25,3.7252903e-09,0.0,True
1994-10-24,66.38000000000001,6.0,7.2714286,12.171428,2.142857,68.85714,0.9142858,0.7714285,1.4,8.8,6.757143,2.5421381e-05,0.0013904944,-7.345365000000001e-25,1.8626451e-09,0.0,True
1994-10-31,66.36811172404649,17.4,9.671428,13.357142,6.2571435,81.84286,0.8142857,0.78571427,0.8142857,8.8714285,8.757143,0.00033418834,0.0013672858,-7.345365000000001e-25,1.1175871e-08,0.0,True
1994-11-07,66.41000000000001,1.1,8.314286,12.942857,4.7285714,80.85714,0.6285714,0.5714286,0.8,9.357142,7.5,1.5072525e-05,0.0013468415,-7.345365000000001e-25,3.7252903e-09,0.0,True
1994-11-14,66.42,7.2000003,5.3857145,7.614286,2.6285717,84.11428,0.35714287,0.3285714,0.61428577,9.271428,5.3285713,9.869039e-05,0.0013325512,5.9036984e-06,2.1021813e-05,2.238527e-05,True
1994-11-21,66.44000000000001,17.5,7.728572,10.685715,4.957143,86.75715,0.64285713,0.64285713,0.5428571,10.185715,7.0285716,0.00041971356,0.0013219789,4.5413064e-08,1.4845282e-06,0.0,True
1994-11-28,66.45,6.3,6.1714287,8.357142,3.5,93.02857,0.27142859,0.27142859,0.31428573,10.228572,5.9857144,0.0001770258,0.0013199598,-7.345365000000001e-25,0.0,0.0,True
1994-12-05,66.44000000000001,3.4,4.9428573,8.014286,1.8428571,86.54286,0.27142856,0.27142856,0.27142859,10.2,3.6857142,8.4504485e-05,0.0013334379,-7.345365000000001e-25,1.8626451e-09,0.0,True
1994-12-12,66.45,19.0,6.8857145,9.357142,3.2000003,83.42857,0.6714286,0.6714286,0.5857143,10.357142,5.214286,0.00021748245,0.0013589412,-7.345365000000001e-25,1.8626451e-09,0.0,True
1994-12-19,66.45,4.8,1.6142857,4.8428574,-0.42857143,88.02857,0.3,0.3,0.27142859,10.485714,1.9428571,0.00011900067,0.0014055893,0.00042071228,0.00063820183,0.0011906996,True
1994-12-26,66.48,2.6,-0.40000007,1.1714286,-2.5285716,91.34286,0.08571429,0.08571429,0.17142858,10.2,0.08571429,1.1593103e-05,0.0014735982,0.0005579676,0.00021176226,0.0014425144,True
1995-01-02,66.52000000000001,17.4,5.285714,8.285714,2.857143,82.971436,0.74,0.74,0.61428577,10.58,4.5,0.0006016642,0.0015589818,0.0006815479,0.0025806576,0.0038287602,True
1995-01-09,66.55000000000001,12.8,-5.6,-2.8285713,-8.728572,88.14286,0.028571429,0.028571429,0.14285715,10.328571,-1.0857143,6.2316656e-05,0.0017282367,0.0036223219,0.0008979775,0.0037222616,True
1995-01-16,66.58000000000001,6.0,0.8142857,3.2000003,-1.1428572,84.57143,0.37142858,0.37142858,0.3857143,10.442857,-0.028571429,0.00021606684,0.001913175,0.0046315137,0.0042985193,0.0016279072,True
1995-01-23,66.64,16.9,2.4428573,5.2571435,0.18571427,80.71429,0.6571428,0.64285713,0.67142856,10.357142,0.42857143,0.00034559518,0.0021014288,0.0030166875,0.005964117,0.00353216,True
1995-01-30,66.53995624075768,21.9,4.4714284,8.1,1.5857143,85.41429,0.8428572,0.85714287,0.64285713,10.771428,3.1714287,0.00067175925,0.0023421496,0.0015982958,0.009372538,0.009462569,True
1995-02-06,66.65,2.7,5.1571426,7.7000003,1.5428572,80.21429,0.6571428,0.64285713,0.7714286,10.3714285,3.142857,0.00015500188,0.002890192,0.00015731652,0.00056872517,1.4629215e-05,True
1995-02-13,66.69000000000001,24.199999,3.7428572,7.2428575,0.24285717,82.48572,0.7714286,0.75714284,0.6571428,10.5,3.2714286,0.0006853938,0.0035722256,0.0020665214,0.00666238,0.0066197217,True
1995-02-20,66.74000000000001,15.9,5.8714285,9.371429,2.8285716,78.700005,1.2285715,1.2,0.95714283,10.3714285,5.1571426,0.00038565695,0.004501976,1.6155696e-05,0.0001736451,0.0,True
1995-02-27,66.77000000000001,9.9,3.5,7.2714286,0.37142858,79.67143,0.9142858,0.90000004,0.87142855,10.157143,3.8428571,0.00010052323,0.005321026,2.906436e-06,4.4219196e-06,2.015382e-05,True
1995-03-06,66.73,3.2,5.042857,8.614286,1.3428571,74.08571,1.1714286,1.1142858,1.1142857,9.985714,4.2285714,0.00014136732,0.0058053955,5.937758e-06,4.915148e-05,4.3570995e-05,True
1995-03-13,66.71000000000001,0.0,2.8857143,8.285714,-1.4142858,75.0,1.1714287,0.99999994,1.1857144,9.585714,4.0,1.874566e-05,0.005947754,7.930256e-06,2.7796254e-05,2.1088868e-05,True
1995-03-20,66.67,8.6,2.7,6.3857145,-0.71428573,78.685715,1.1142857,1.0428572,1.1714286,9.514286,2.9857142,0.00022629648,0.0059074536,0.0007507517,0.00362584,0.0037153624,True
1995-03-27,66.60000000000001,21.4,5.214286,9.67143,1.1,70.557144,1.7285712,1.5571426,1.6714286,9.428572,5.757143,0.0003258586,0.005809456,0.00010201477,0.00014153309,0.0016568452,True
1995-04-03,66.61,16.1,5.414286,9.385715,1.8000001,76.15715,1.5428573,1.4571428,1.6428572,10.042857,5.1,0.0004108101,0.0057095215,0.00397538,0.011294592,0.010104738,True
1995-04-10,66.58000000000001,9.2,6.3142858,10.3,2.4857144,72.700005,1.7428572,1.5571429,1.8000001,9.514286,7.7285714,0.00031478703,0.0056744963,5.7901656e-07,5.1874667e-06,1.244247e-06,True
1995-04-17,66.56,11.2,6.1285715,10.014285,1.5285715,81.957146,1.3714286,1.2571429,1.4428571,9.428572,7.4714284,0.00034336746,0.005692214,6.664934e-05,0.00056368485,0.0009982586,True
1995-04-24,66.52000000000001,9.7,11.314286,16.828571,5.5285716,69.87144,2.7428572,2.4714286,2.9142857,9.828571,11.6285715,0.0008931607,0.005793996,4.1348594e-05,0.00046490878,0.0,True
1995-05-01,66.51,0.6,10.757143,16.171429,5.9000006,65.557144,2.4571426,1.9714288,2.8,8.742857,13.985714,4.132092e-05,0.0058310702,-7.345365000000001e-25,5.5879354e-09,0.0,True
1995-05-08,66.49000000000001,1.7,13.871429,20.242859,6.042857,57.399998,3.5714285,2.557143,3.6857142,7.6857142,17.1,4.786253e-05,0.005610645,-7.345365000000001e-25,0.0,0.0,True
1995-05-15,66.47000000000001,4.4,8.314286,12.842857,4.3142858,74.057144,1.9571428,1.5857143,2.2285714,7.3285713,11.328571,6.239116e-05,0.0053379983,-7.345365000000001e-25,0.0,0.0,True
1995-05-22,66.42,11.0,10.17143,15.328572,4.3714285,68.77143,2.3714287,1.9142857,2.5571427,7.4428573,13.642858,9.267777e-05,0.005051531,-7.345365000000001e-25,0.0,0.0,True
1995-05-29,66.29538613731256,3.8,17.87143,25.4,9.728572,58.957146,4.085714,2.6285713,4.5,6.642857,20.27143,6.620586e-05,0.004677899,-7.345365000000001e-25,1.1175871e-08,0.0,True
1995-06-05,66.38000000000001,41.4,13.071428,16.885715,9.314286,85.94286,1.8428572,1.6142857,2.1000001,7.928571,16.585714,0.00075380504,0.0043528676,-7.345365000000001e-25,1.1175871e-08,0.0,True
1995-06-12,66.34,8.0,13.6285715,18.285715,8.485715,71.52857,2.2714286,2.0142858,2.9714284,8.3,16.685715,7.407367e-05,0.0040823743,-7.345365000000001e-25,3.7252903e-09,0.0,True
1995-06-19,66.31,9.5,13.842857,18.34286,9.114286,76.14286,2.442857,2.1857145,2.7285714,8.614285,16.085714,0.00021390617,0.003849566,-7.345365000000001e-25,3.7252903e-09,0.0,True
1995-06-26,66.24000000000001,10.700001,16.814287,22.057144,10.900001,72.48572,3.285714,2.7714286,3.6571429,8.028571,18.928572,7.413328e-05,0.0036227778,-7.345365000000001e-25,7.450581e-09,0.0,True
1995-07-03,66.27000000000001,7.1,19.2,25.485716,11.885714,61.27143,4.3571424,3.0571427,4.8428574,6.885714,22.742857,0.000106588006,0.003343977,-7.345365000000001e-25,1.4901161e-08,0.0,True
1995-07-10,66.28,3.8,21.142857,27.557144,13.457144,57.628574,4.3285713,2.4857142,4.8714285,6.214286,23.4,1.9907951e-05,0.0030777678,-7.345365000000001e-25,1.1175871e-08,0.0,True
1995-07-17,66.26,8.2,21.685715,28.428572,16.7,71.71429,3.8285713,2.0714288,4.142857,5.7714286,25.171429,0.00017778575,0.0028128177,-7.345365000000001e-25,1.4901161e-08,0.0,True
1995-07-24,66.23,0.1,20.87143,26.728573,15.142858,64.3,3.7714288,2.2428572,4.142857,5.6714287,23.5,3.1277537e-05,0.0025991052,-7.345365000000001e-25,1.4901161e-08,0.0,True
1995-07-31,66.17243656822143,0.6,22.214285,29.071428,13.914286,53.785717,4.585715,1.4285715,5.214286,5.3142858,24.342857,4.9993396e-05,0.002371259,-7.345365000000001e-25,1.4901161e-08,0.0,True
1995-08-07,66.19000000000001,0.0,21.47143,28.357143,14.585715,53.914288,4.3857145,0.7999999,4.957143,5.0,24.742857,2.4288893e-06,0.0021480024,-7.345365000000001e-25,1.1175871e-08,0.0,True
1995-08-14,66.18,0.1,20.228573,27.542858,11.771429,48.07143,4.0714283,0.6714286,4.3714285,4.8142858,23.6,1.1995435e-05,0.0019419566,-7.345365000000001e-25,3.7252903e-09,0.0,True
1995-08-21,66.14,0.0,21.314287,28.257143,13.314285,59.014286,3.3,0.75714284,3.857143,4.785714,23.028572,1.2934208e-05,0.0017708391,-7.345365000000001e-25,1.3038516e-08,0.0,True
1995-08-28,66.12,12.299999,18.47143,24.285715,13.614286,67.74286,2.642857,1.0714285,3.1142857,4.8142858,20.742857,8.2701445e-05,0.001613155,-7.345365000000001e-25,1.4901161e-08,0.0,True
1995-09-04,66.11,30.1,12.6285715,17.028572,9.3714285,75.25715,1.5857142,1.2714285,2.0428572,6.0,14.1285715,0.00014586747,0.0015040785,-7.345365000000001e-25,1.1175871e-08,0.0,True
1995-09-11,66.09,7.7999997,16.085714,21.728573,11.385715,73.38572,2.0571427,1.7142857,2.4285715,6.3142858,16.985714,6.5252185e-05,0.0014091432,-7.345365000000001e-25,1.4901161e-08,0.0,True
1995-09-18,66.09,0.1,14.757143,21.214285,9.785714,76.17143,1.5428572,1.1857144,1.942857,6.1571426,17.314285,4.1350722e-05,0.0013222471,-7.345365000000001e-25,7.450581e-09,0.0,True
1995-09-25,66.13000000000001,22.3,13.1,17.157145,9.3,82.957146,1.1,0.9,1.4285715,7.0,14.428572,0.00016474724,0.0012485981,-7.345365000000001e-25,7.450581e-09,0.0,True
1995-10-02,66.2,38.1,9.242858,13.6285715,6.4857144,83.042854,1.0285715,1.0285715,1.2285715,8.242857,10.357142,0.0002629459,0.0011885688,-7.345365000000001e-25,5.5879354e-09,0.0,True
1995-10-09,66.19000000000001,4.2,16.485714,22.142857,11.8714285,79.42857,1.2142856,1.042857,1.5142858,8.314285,15.942857,4.1782856e-05,0.0011355132,-7.345365000000001e-25,9.313226e-09,0.0,True
1995-10-16,66.18,0.0,14.0,17.657145,11.357142,88.12858,0.6285715,0.47142857,0.78571427,8.0,15.285714,1.5497208e-05,0.0010888949,-7.345365000000001e-25,3.7252903e-09,0.0,True
1995-10-23,66.15,1.4,9.400001,14.857142,5.214286,79.21429,0.7285714,0.59999996,0.95714283,7.857143,10.571428,6.9886446e-06,0.0010509193,-7.345365000000001e-25,7.450581e-09,0.0,True
1995-10-30,66.14575215462524,2.6,9.928572,15.142858,5.657143,84.27143,0.59999996,0.5285714,0.74285716,7.6857142,9.928572,2.6598573e-05,0.0010145828,-7.345365000000001e-25,5.5879354e-09,0.0,True
1995-11-06,66.14,24.4,3.3142858,6.2428575,0.1571428,85.92857,0.5428572,0.51428574,0.5714286,8.171429,4.3,0.00020120293,0.0009844527,0.0013274124,0.0013904218,0.0036967471,True
1995-11-13,66.16000000000001,5.0,4.9714284,7.2999997,2.1428573,89.0,0.3,0.27142859,0.4,8.771428,4.5,9.506941e-05,0.00095903873,0.00049953803,0.0021408573,2.771616e-06,True
1995-11-20,66.21000000000001,15.299999,3.8857143,7.2714286,0.9142858,82.328575,0.44285718,0.41428572,0.55714285,8.985714,3.6285715,0.00016365945,0.0009368807,0.000309473,0.00039324537,0.001603771,True
1995-11-27,66.19000000000001,0.3,1.4428571,5.7428575,-1.6285715,85.0,0.18571429,0.18571429,0.24285714,9.5,0.98571426,1.5586615e-05,0.0009186566,0.00063448295,0.0010648165,0.0,True
1995-12-04,66.2,1.4,-1.3285714,-0.0142857,-2.414286,89.64286,0.014285714,0.014285714,0.3285714,9.528571,-0.32857144,1.1973083e-05,0.0009043142,0.00037230196,5.1844865e-05,0.0006706901,True
1995-12-11,66.23,5.0,-2.1714287,-0.82857144,-4.0857143,89.62858,0.014285714,0.014285714,0.3,9.585714,-1.4,2.3826957e-05,0.0008925274,0.0026352177,0.0012949482,0.0034187771,True
1995-12-18,66.24000000000001,0.8,-2.0285716,-0.49999997,-3.114286,91.614296,0.042857144,0.028571429,0.24285714,9.642858,-1.2571429,1.180917e-05,0.0008821413,0.0034302417,0.0002135802,0.0021123104,True
1995-12-25,66.30000000000001,19.6,-0.07142859,3.042857,-3.3142858,92.67143,0.12857144,0.114285715,0.22857143,10.114285,-0.7,0.00038122386,0.0008728057,0.0040632486,0.0067579225,0.004587665,True
1996-01-01,66.28,1.1,-7.2714286,-4.042857,-9.957144,84.6,0.016666668,0.0,0.20000002,10.316667,-2.8333333,1.1026859e-06,0.00086690485,0.0030690432,0.0,0.0010886304,True
1996-01-08,66.26,0.4,-3.3857143,-1.2714287,-5.957143,88.44286,0.028571429,0.028571429,0.2857143,10.228572,-3.0285714,1.6249716e-05,0.0008646697,0.0034217606,0.0007785056,0.00033728778,True
1996-01-15,66.25,0.0,0.20000002,3.3428574,-1.9857143,92.40001,0.114285715,0.114285715,0.17142858,10.114285,-0.45714286,2.3856759e-05,0.0008634925,0.0019208363,0.001530543,2.7071685e-05,True
1996-01-22,66.22000000000001,0.1,-3.9285715,-1.5714285,-5.3285713,89.34286,0.0,0.0,0.29999998,10.014286,-3.0142858,1.8626451e-06,0.0008632764,0.0015012026,0.000109396875,0.000593137,True
1996-01-29,66.25579316429014,7.1000004,-8.885715,-5.514286,-12.314285,74.27143,0.0,0.0,0.45714286,10.0,-7.1,1.0430813e-07,0.0008639768,0.0038982176,0.0,0.0063508414,True
1996-02-05,66.23,2.8000002,-6.2714286,-1.7571429,-10.414286,85.27143,0.0,0.0,0.27142859,10.028571,-3.9285715,1.0430813e-06,0.00086476654,0.007673797,5.2701682e-05,0.0025456958,True
1996-02-12,66.24000000000001,4.3,-7.142857,-3.0,-12.400001,75.38572,0.15714286,0.12857142,0.5,10.0,-4.4428573,7.379055e-05,0.0008654073,0.00843341,0.0027005337,0.0026365146,True
1996-02-19,66.28,15.9,1.0714285,3.2000003,-1.1,87.6,0.44285712,0.44285712,0.4857143,10.3,0.014285714,0.00049880147,0.00086603314,0.008354522,0.012317698,0.007896122,True
1996-02-26,66.30000000000001,3.9,-2.542857,1.9714285,-6.2428575,80.1,0.3857143,0.37142855,0.6571428,10.342857,0.028571429,9.4905496e-05,0.0008761436,0.0064994153,0.004614854,0.004603062,True
1996-03-04,66.29,0.1,-0.27142856,3.6571429,-2.5428574,79.12858,0.5285714,0.45714286,0.8,9.914286,0.34285715,5.2042305e-05,0.0009007156,0.001931077,0.0022269916,0.0016671382,True
1996-03-11,66.30000000000001,2.8,-0.3,3.2,-3.2000003,73.35714,0.74285716,0.64285713,1.1142857,9.7,0.17142858,5.096197e-05,0.0009328127,0.0019747133,0.0011828151,0.0020852983,True
1996-03-18,66.32000000000001,0.0,-0.085714266,2.6285713,-2.4285715,78.08571,0.41428572,0.34285715,0.94285715,9.5,-1.5860330000000003e-17,3.066659e-05,0.00096590817,0.0020539989,0.0017680004,0.00057868287,True
1996-03-25,66.33000000000001,4.6,3.3142858,7.871429,-1.0285715,83.9,0.8142857,0.7285714,0.9571429,9.271428,2.857143,9.2417e-05,0.0009920746,0.00024204595,0.00080081634,3.2037497e-07,True
1996-04-01,66.32000000000001,9.8,0.8000001,5.471429,-2.6142857,76.97143,1.1428572,1.0000001,1.2428571,9.1285715,2.5142858,8.665025e-05,0.0010100603,0.0009364968,0.0016696025,0.0040105544,True
1996-04-08,66.30000000000001,0.0,4.9000006,10.742857,-1.2428572,73.98572,1.4,1.1,1.6,8.771428,5.3,4.6387315e-05,0.001022689,0.00086796854,0.0024241153,0.00041137636,True
1996-04-15,66.29,3.9,4.785714,9.857142,0.1285714,69.685715,1.4857142,1.1999999,1.6857144,8.385715,6.4,6.468594e-05,0.0010279194,0.00032712164,0.0012585074,0.0015202835,True
1996-04-22,66.25,0.0,15.014287,23.142857,5.042857,41.74286,3.9714286,2.7428572,3.9142857,7.4142857,14.357142,3.0174851e-06,0.0010148734,2.9001918e-05,0.00021006167,0.0,True
1996-04-29,66.22843184758085,8.2,13.257143,19.314287,7.3428574,64.9,2.857143,1.9571428,3.0857143,6.7285714,15.3714285,0.00012265891,0.0009855852,-7.345365000000001e-25,3.7252903e-09,0.0,True
1996-05-06,66.27000000000001,6.9,9.942857,14.557143,4.6142855,72.314285,2.057143,1.5142857,2.1714284,6.5571427,12.642858,4.7832727e-05,0.0009639561,-7.345365000000001e-25,0.0,0.0,True
1996-05-13,66.25,11.6,8.271429,10.185715,6.0285716,87.8,1.0714285,0.90000004,1.1999999,6.928571,9.671429,9.1314316e-05,0.0009447336,-7.345365000000001e-25,0.0,0.0,True
1996-05-20,66.24000000000001,19.099998,12.657144,17.542858,8.771429,76.32857,2.2,1.9571428,2.5571427,7.1,14.557143,0.00027805567,0.000924848,-7.345365000000001e-25,1.1175871e-08,0.0,True
1996-05-27,66.22000000000001,24.5,13.1285715,18.071428,8.757143,78.38572,2.5714285,2.3999999,2.5,7.6857142,14.957143,0.00049418956,0.0008976236,-7.345365000000001e-25,7.450581e-09,0.0,True
1996-06-03,66.2,5.8999996,15.042857,19.828571,9.714286,72.27143,2.8285716,2.2857144,3.142857,7.4857144,16.814285,9.889901e-05,0.00087341666,-7.345365000000001e-25,0.0,0.0,True
1996-06-10,66.17,10.7,21.285715,27.714289,13.400001,63.914288,4.328571,3.1857142,4.6142855,6.757143,23.528572,1.5899539e-05,0.00084245205,-7.345365000000001e-25,1.1175871e-08,0.0,True
1996-06-17,66.15,0.0,16.657145,22.585714,9.257143,61.11429,3.8857143,2.2714286,3.9285715,5.7714286,21.171429,1.5869737e-05,0.00080312043,-7.345365000000001e-25,0.0,0.0,True
1996-06-24,66.09,3.3,12.814286,16.528572,9.271429,69.51429,2.2857144,0.9714285,2.5857143,5.1571426,15.942857,2.3588538e-05,0.0007691756,-7.345365000000001e-25,0.0,0.0,True
1996-07-01,66.10000000000001,12.599999,14.814286,20.157145,9.114286,71.457146,2.557143,1.1999999,2.8428571,5.1285715,16.9,0.00015245378,0.0007421449,-7.345365000000001e-25,1.1175871e-08,0.0,True
1996-07-08,66.09,53.1,15.028572,19.885714,10.314286,78.557144,2.6571429,2.1142857,2.7428572,5.785714,17.157143,0.0011330396,0.0007163733,-7.345365000000001e-25,1.1175871e-08,0.0,True
1996-07-15,66.09,7.1,16.557142,20.914288,12.300001,74.87144,2.6857142,2.2285714,2.9428573,6.8714285,18.214285,0.0001077652,0.00069597363,-7.345365000000001e-25,1.4901161e-08,0.0,True
1996-07-22,66.08000000000001,0.0,15.471429,21.600002,8.257143,62.0,3.357143,2.2428572,3.8142858,6.114286,19.171429,7.480383e-06,0.00067293644,-7.345365000000001e-25,0.0,0.0,True
1996-07-29,66.08762706508168,10.5,18.157145,23.071428,12.7,72.97143,2.9285715,2.085714,3.2714286,5.9857144,20.442858,0.00024355948,0.000646621,-7.345365000000001e-25,1.4901161e-08,0.0,True
1996-08-05,66.07000000000001,6.5,17.657145,23.542858,12.0,71.01429,2.9428573,2.0142858,3.2571428,5.8142858,21.028572,3.9219856e-05,0.0006248504,-7.345365000000001e-25,1.1175871e-08,0.0,True
1996-08-12,66.06,14.8,18.985716,24.685715,13.800001,70.3,3.2142856,2.0,3.4714286,5.242857,21.4,0.00023922324,0.0006013438,-7.345365000000001e-25,1.4901161e-08,0.0,True
1996-08-19,66.03,15.700001,17.485714,23.014286,13.085715,82.457146,2.2,1.7428571,2.5142858,5.885714,19.657143,0.00032563508,0.000584729,-7.345365000000001e-25,9.313226e-09,0.0,True
1996-08-26,66.02000000000001,0.7,19.885715,27.314287,12.971429,62.985718,3.2,2.0142858,3.6857142,5.214286,21.914286,0.000102609396,0.00056571513,-7.345365000000001e-25,7.450581e-09,0.0,True
1996-09-02,66.01,16.2,15.1,20.328571,10.514285,77.01429,1.8571427,1.3142856,2.3,5.542857,17.242857,0.0018088222,0.0005514398,-7.345365000000001e-25,1.3038516e-08,0.0,True
1996-09-09,66.03,4.6,12.771429,18.571428,7.7571435,69.457146,1.8571428,1.3428571,2.3285713,5.4142857,15.171429,4.798174e-05,0.000539124,-7.345365000000001e-25,3.7252903e-09,0.0,True
1996-09-16,66.06,20.400002,11.257143,15.571428,7.8571434,79.34286,1.2714285,1.0142857,1.6142857,5.6571426,12.428572,0.00019699335,0.00052951276,-7.345365000000001e-25,5.5879354e-09,0.0,True
1996-09-23,66.04,8.3,9.599999,13.642858,5.657143,77.35714,1.0714287,0.8,1.5428572,5.7,10.7,8.830428e-05,0.0005219877,-7.345365000000001e-25,5.5879354e-09,0.0,True
1996-09-30,66.03962134918439,10.8,11.728572,15.014287,8.557143,84.58571,0.78571427,0.67142856,1.0857142,5.857143,11.6285715,0.00026328862,0.0005169362,-7.345365000000001e-25,9.313226e-09,0.0,False
1996-10-07,66.03,20.4,9.457144,15.028572,5.3,85.87144,0.81428576,0.71428573,1.0,6.757143,11.028571,0.00046677887,0.0005143881,-7.345365000000001e-25,7.450581e-09,0.0,True
1996-10-14,66.05000000000001,0.6,10.485715,15.785714,6.1714287,85.87144,0.64285713,0.50000006,0.87142855,6.6571426,10.985714,2.0205975e-05,0.00051909685,-7.345365000000001e-25,3.7252903e-09,0.0,True
1996-10-21,66.06,17.8,10.014287,13.514287,6.8142858,90.3,0.4714286,0.44285718,0.61428577,7.2,10.1285715,0.0004261136,0.0005265996,-7.345365000000001e-25,3.7252903e-09,0.0,True
1996-10-28,66.08000000000001,9.0,8.1,11.785714,3.857143,86.48572,0.54285717,0.5142857,0.67142856,7.8,7.857143,0.00021082163,0.0005418509,-7.345365000000001e-25,5.5879354e-09,0.0,True
1996-11-04,66.10000000000001,7.4,10.6,13.142858,8.3,81.78571,0.85714287,0.8285714,1.0285714,8.2,9.342857,0.00016263127,0.00057026,-7.345365000000001e-25,1.1175871e-08,0.0,True
1996-11-11,66.11,8.8,7.457143,11.157144,4.4,81.3,0.6714286,0.6428572,0.87142855,8.342857,6.8,0.00022570789,0.00061202794,-7.345365000000001e-25,3.7252903e-09,0.0,True
1996-11-18,66.13000000000001,17.9,4.2285714,6.1285715,2.3285716,93.12858,0.15714288,0.15714288,0.29999998,8.785714,4.4,0.0002425462,0.0006636232,-7.345365000000001e-25,0.0,0.0,True
1996-11-25,66.16000000000001,9.5,1.9142857,5.1285715,-0.27142859,84.07143,0.4142857,0.4,0.44285712,9.342857,1.9714285,0.00016851723,0.00072992593,0.00062753476,0.001765117,0.0046607517,True
1996-12-02,66.21000000000001,19.5,1.1428572,2.4857144,-0.37142855,92.92857,0.24285714,0.22857143,0.22857143,9.671429,0.7285714,0.000400424,0.0008168146,0.007924058,0.010486148,0.012342814,True
1996-12-09,66.24000000000001,0.7,1.5428572,4.342857,0.100000024,84.957146,0.18571429,0.18571429,0.35714287,9.828571,1.3285714,0.00010855496,0.0009284243,0.0013118925,0.003907671,9.022653e-06,True
1996-12-16,66.23,0.1,-0.04285713,2.1,-2.414286,90.65715,0.08571429,0.08571429,0.22857143,9.957143,-0.21428572,4.0873885e-05,0.0010762736,0.0008573248,0.000696199,0.00058851764,True
1996-12-23,66.19000000000001,5.7000003,-3.3142858,-0.18571427,-6.2000003,87.27143,0.057142857,0.057142857,0.27142856,10.171429,-1.0714285,0.00010136515,0.0012071356,0.003587087,0.00047812797,0.005549837,True
1996-12-30,66.23727673776254,3.2,-9.742857,-5.142857,-14.014285,85.38572,0.0,0.0,0.114285715,10.1,-4.8142858,1.0430813e-07,0.0013236329,0.0059288684,0.0,0.004235223,True
1997-01-06,66.19000000000001,0.6,-11.1285715,-7.8142858,-14.785714,85.84286,0.0,0.0,0.18571427,10.1,-4.7,1.1920929e-07,0.0014242157,0.009387862,0.0,0.0016495213,True
1997-01-13,66.2,0.8,-4.5142856,-2.642857,-7.0,89.67143,0.028571429,0.014285714,0.20000002,10.1,-2.1,3.154576e-05,0.0015049502,0.01020888,0.0015237387,0.0012205802,True
1997-01-20,66.22000000000001,4.2,0.4714286,5.228572,-3.0857143,84.28571,0.22857144,0.20000002,0.22857143,10.014286,-1.2142857,0.00023525953,0.0015669018,0.006503423,0.006056793,0.00089555606,True
1997-01-27,66.24000000000001,4.9,0.9,3.7714288,-1.2285715,87.88572,0.25714287,0.22857143,0.31428573,9.985714,-0.14285715,0.00017783046,0.0016233027,0.002933332,0.0032712966,0.0025935993,True
1997-02-03,66.25,0.3,0.3,3.042857,-2.6285717,87.84286,0.27142856,0.27142856,0.32857147,9.857142,-0.34285715,9.8116696e-05,0.0017081723,0.0014659223,0.0028072558,0.00017161295,True
1997-02-10,66.28,3.0,4.257143,7.728572,0.81428576,79.27143,0.78571427,0.7000001,0.6857143,9.642858,0.9714286,9.410083e-05,0.0018116087,0.0003304822,0.00085412525,3.8042665e-05,True
1997-02-17,66.30000000000001,22.8,3.2714288,6.8428574,0.9142857,81.18572,0.85714287,0.84285706,0.82857144,9.828571,2.2571428,0.00039497018,0.0019215271,0.00023604007,0.0003835559,0.0009680167,True
1997-02-24,66.35000000000001,12.2,6.971429,10.314286,3.3428571,76.34286,1.2285713,1.1999999,1.1999999,10.057143,4.4,0.0004068911,0.0021150485,0.000118556476,0.0006505102,7.0977956e-05,True
1997-03-03,66.36,24.9,7.371429,12.1285715,4.142857,72.71429,1.7571429,1.6857144,1.5142857,10.185715,6.957143,0.0004106313,0.0024165735,-7.345365000000001e-25,1.6391277e-07,0.0,True
1997-03-10,66.36,0.0,6.3857145,13.357142,0.5714286,75.38572,1.1428572,0.91428566,1.1428572,9.485714,6.9714284,2.682209e-06,0.0027627647,-7.345365000000001e-25,1.8626451e-09,0.0,True
1997-03-17,66.38000000000001,9.2,5.371429,9.214286,3.0857143,85.17143,0.7714286,0.68571424,0.9285714,9.228572,6.4,0.00011514127,0.0029675215,0.00046479134,0.00059856847,0.0038202405,True
1997-03-24,66.39,8.7,1.5142858,5.071429,-2.0285716,79.6,0.8428572,0.7714286,0.90000004,9.671429,2.8857143,0.00032430887,0.003078483,0.0019316219,0.004043881,0.0025531352,True
1997-03-31,66.3654174668208,7.6000004,6.7714286,11.300001,2.7714288,69.38572,1.8999999,1.7285715,1.9428571,9.414286,6.9142857,0.00012673438,0.0031750798,0.00030190038,0.0014761388,3.138557e-05,True
1997-04-07,66.36,14.799999,5.4000006,11.7,0.48571426,71.54286,1.8285713,1.6285715,1.8285714,9.185715,7.142857,0.00025384128,0.0032166168,0.00026558127,0.0016759727,0.0020244494,True
1997-04-14,66.35000000000001,3.5,6.457143,11.2,1.3857144,61.4,1.9857142,1.6857144,2.0714285,8.814285,7.7,3.3646822e-05,0.0032087564,7.689567e-05,0.00035488233,0.0,True
1997-04-21,66.32000000000001,1.4000001,4.5285716,10.085715,-0.3857143,60.200005,2.057143,1.6142856,2.1857142,8.1285715,7.3,2.5950372e-05,0.0031693503,3.1482607e-05,0.00014325418,0.00015390106,True
1997-04-28,66.27000000000001,2.9,9.400001,14.67143,2.9857144,61.614285,2.4714284,1.8714285,2.642857,7.385714,10.3,4.4986606e-05,0.0030922145,1.4191583e-06,7.4729323e-06,4.246831e-07,True
1997-05-05,66.25,16.6,12.285714,17.014286,8.271429,79.057144,2.357143,1.8999999,2.3142858,7.071429,13.685715,0.00053322315,0.0030067638,-7.345365000000001e-25,3.7252903e-09,0.0,True
1997-05-12,66.28,17.4,11.585714,17.185715,5.5285716,67.185715,2.957143,2.4285715,2.957143,7.1571426,13.557143,0.00020121038,0.002900377,-7.345365000000001e-25,3.7252903e-09,0.0,True
1997-05-19,66.31,1.6,19.285715,25.414288,13.328572,67.11428,3.8285716,2.5,4.3714285,6.214286,20.87143,6.7815185e-05,0.002758652,-7.345365000000001e-25,1.1175871e-08,0.0,True
1997-05-26,66.34,17.0,11.342857,16.742857,6.6,73.37144,2.385714,1.8857144,2.6857142,6.614286,15.6,0.00019201636,0.0026260167,-7.345365000000001e-25,3.7252903e-09,0.0,True
1997-06-02,66.32000000000001,13.4,11.485715,16.385715,5.6142855,67.14286,2.9285715,2.0857143,3.0285716,6.3285713,14.428572,0.00019585341,0.0025014728,-7.345365000000001e-25,3.7252903e-09,0.0,True
1997-06-09,66.29,0.0,19.100002,25.414288,10.7,50.18571,4.914286,1.6999999,5.442857,5.428571,20.87143,1.6018748e-06,0.0023431182,-7.345365000000001e-25,3.7252903e-09,0.0,True
1997-06-16,66.27000000000001,1.8000001,18.285715,24.27143,12.442858,62.17143,3.8285713,1.442857,4.4,5.142857,21.357143,8.3476305e-05,0.0021600127,-7.345365000000001e-25,7.450581e-09,0.0,True
1997-06-23,66.2,17.4,14.900001,20.114286,8.957144,66.957146,2.9428573,1.6285714,3.3857143,5.1714287,17.742857,0.00011334568,0.0020141006,-7.345365000000001e-25,7.450581e-09,0.0,True
1997-06-30,66.21434023970342,14.0,17.414286,23.785715,11.714286,71.47143,3.4142857,2.3142855,3.8142858,5.2285714,19.185715,7.523596e-05,0.0018879026,-7.345365000000001e-25,1.4901161e-08,0.0,True
1997-07-07,66.2,0.6,17.87143,23.057144,12.371429,68.700005,3.2857144,1.7857143,3.6571429,4.957143,20.671429,7.3201954e-05,0.0017627999,-7.345365000000001e-25,1.1175871e-08,0.0,True
1997-07-14,66.18,0.0,20.042858,26.485716,12.328572,54.957146,4.2285714,1.0571429,4.8428574,4.4714284,22.814285,4.74602e-06,0.0016383007,-7.345365000000001e-25,1.1175871e-08,0.0,True
1997-07-21,66.14,55.8,17.685715,22.585714,14.114286,82.4,2.3,1.8,2.5285716,6.1,20.1,0.0026281625,0.0015294626,-7.345365000000001e-25,1.4901161e-08,0.0,True
1997-07-28,66.09,9.4,19.285715,24.9,14.17143,70.85715,3.1571429,2.8142858,3.8285713,7.857143,21.857143,0.000114135444,0.0014611036,-7.345365000000001e-25,1.1175871e-08,0.0,True
1997-08-04,66.10000000000001,12.9,18.442858,23.87143,12.728572,74.25715,2.7571428,2.3,3.2571428,7.5,21.27143,0.00013279915,0.001399681,-7.345365000000001e-25,7.450581e-09,0.0,True
1997-08-11,66.09,2.6,21.257143,28.02857,13.685715,64.41429,3.942857,2.7428572,4.428571,6.6571426,23.742857,2.4020672e-05,0.0013390556,-7.345365000000001e-25,1.4901161e-08,0.0,True
1997-08-18,66.09,0.5,21.514286,28.614286,14.557143,59.8,3.7428572,1.7285715,4.1714287,5.542857,24.185715,4.608184e-05,0.0012652576,-7.345365000000001e-25,7.450581e-09,0.0,True
1997-08-25,66.06,8.1,22.985716,30.014286,16.485714,61.085716,3.442857,0.9428572,4.042857,5.1,24.285715,4.9613416e-05,0.0011969581,-7.345365000000001e-25,7.450581e-09,0.0,True
1997-09-01,66.07000000000001,25.599998,19.285715,25.84286,15.028572,74.542854,2.7142856,1.5857142,3.0285716,5.5571427,21.914286,0.00034400076,0.0011387914,-7.345365000000001e-25,1.1175871e-08,0.0,True
1997-09-08,66.05000000000001,5.2999997,18.142857,23.285715,13.857142,75.042854,1.8571428,1.3857143,2.4285715,5.571429,20.12857,8.429587e-05,0.0010911226,-7.345365000000001e-25,1.3038516e-08,0.0,True
1997-09-15,66.05000000000001,8.700001,13.571428,19.514286,9.1285715,68.47143,2.0571427,1.442857,2.457143,5.285714,15.385715,6.941706e-05,0.0010497198,-7.345365000000001e-25,5.5879354e-09,0.0,True
1997-09-22,66.03,0.2,12.057143,19.27143,5.3857145,68.64286,1.7,0.8285714,2.142857,4.9,14.828571,6.183982e-06,0.0010077059,-7.345365000000001e-25,3.7252903e-09,0.0,True
1997-09-29,66.0191077869959,3.0,12.2,20.157145,4.8857145,73.18572,1.4,0.4,1.6857144,4.714286,14.342857,4.157424e-06,0.00097023696,-7.345365000000001e-25,3.7252903e-09,0.0,True
1997-10-06,66.04,5.2,13.0,17.285715,9.585715,76.92857,1.1714286,0.64285713,1.5857143,4.6571426,13.4,4.4986606e-05,0.0009365827,-7.345365000000001e-25,1.0244548e-08,0.0,True
1997-10-13,66.02000000000001,33.1,12.985715,17.728573,10.3,78.37142,1.3285714,0.99999994,1.5714285,5.0571427,12.828571,0.00013169646,0.00090711564,-7.345365000000001e-25,1.1175871e-08,0.0,True
1997-10-20,66.0,2.9,7.8285713,13.3714285,3.2142856,80.12858,0.78571427,0.6571428,0.88571423,5.642857,8.528571,5.9217215e-05,0.00088214874,-7.345365000000001e-25,3.7252903e-09,0.0,True
1997-10-27,65.96000000000001,6.5,2.4428573,8.171429,-1.3714286,79.057144,0.58571434,0.4857143,0.62857145,5.614286,4.3,4.079938e-05,0.00085808337,2.3853212e-05,3.839284e-05,0.00012858212,True
1997-11-03,65.95,0.3,2.1,6.357143,-1.9428571,80.48572,0.37142858,0.27142859,0.5285714,5.614286,2.4714286,7.659197e-06,0.0008377284,5.9689795e-05,0.000100988895,2.861768e-05,True
1997-11-10,65.94000000000001,9.7,7.0285716,11.0,3.1714287,79.52857,0.61428577,0.5142857,0.7714286,5.7714286,5.0285716,0.00015604496,0.00081947446,4.8819043e-06,1.6743317e-05,0.0,True
1997-11-17,65.95,8.0,4.714286,8.157144,2.0857143,91.12858,0.27142859,0.22857144,0.32857147,6.1714287,4.9142857,0.00015228987,0.00080326945,-7.345365000000001e-25,1.8626451e-09,0.0,True
1997-11-24,65.97000000000001,0.0,-0.18571429,2.2,-2.1714284,86.08572,0.18571429,0.15714286,0.34285715,6.5142856,0.6857143,2.2947788e-06,0.00078971684,0.00011695566,4.6698377e-05,0.0003918223,True
1997-12-01,65.99000000000001,6.5,2.4714286,4.6571426,0.44285718,92.38572,0.18571429,0.14285715,0.3,6.5571427,1.6428572,4.1887164e-05,0.0007786602,0.0001949753,0.00030550174,1.6361475e-05,True
1997-12-08,66.04,16.800001,0.9142858,2.642857,-1.2714287,92.67143,0.14285715,0.114285715,0.22857143,7.2714286,0.5,0.00024059415,0.00076949596,0.0061050314,0.009438023,0.012351319,True
1997-12-15,66.09,28.2,4.542857,7.4,2.5285716,89.91429,0.3571429,0.34285712,0.3857143,8.4,3.9,0.00043325126,0.0007629171,0.00059283915,0.0032259263,0.00057501346,True
1997-12-22,66.17,19.5,-3.5857143,-0.87142855,-6.142857,86.48572,0.014285714,0.014285714,0.34285715,9.071428,-1.9857143,0.00027009845,0.0007657707,0.00063958624,0.00019634143,0.0010189489,True
1997-12-29,66.2052498524399,15.299999,4.871429,7.057143,2.614286,89.0,0.42857143,0.41428572,0.41428572,9.471429,1.7142857,0.00024822354,0.0007856563,0.0003674655,0.0014452282,4.754588e-05,True
1998-01-05,66.2,7.7,6.1714287,8.3714285,3.614286,77.98572,0.25,0.25,0.7285714,9.6,1.65,0.00024367869,0.0008291155,4.092852e-06,1.7490238e-05,0.0,True
1998-01-12,66.23,14.5,6.7714286,10.185715,3.7857144,83.87144,0.68571424,0.67142856,0.4857143,10.242857,4.8714285,0.0004361421,0.00090533495,-7.345365000000001e-25,3.7252903e-09,0.0,True
1998-01-19,66.26,4.3999996,5.0,7.8428574,2.5714285,79.74286,0.61428577,0.61428577,0.59999996,10.0,3.3428571,8.59946e-05,0.0010501891,-7.345365000000001e-25,0.0,0.0,True
1998-01-26,66.32000000000001,5.9,-1.0142857,1.6000001,-2.7285714,89.442856,0.12857144,0.12857144,0.2857143,10.242857,0.47142857,9.9383295e-05,0.0011902303,0.002237161,0.000824932,0.0047305636,True
1998-02-02,66.31,5.3999996,-3.5285716,-0.25714284,-7.7000003,79.957146,0.057142857,0.057142857,0.3857143,10.3,-1.2571429,6.1154366e-05,0.0013199374,0.0041267984,0.0012350567,0.0028009377,True
1998-02-09,66.29,0.0,2.1857142,5.2571435,-0.5285714,78.04286,0.6,0.5714286,0.65714294,10.1,0.042857144,0.00010201335,0.0014341995,0.0032257806,0.0045542996,0.0008995086,True
1998-02-16,66.25,2.7,9.842857,12.885715,6.7000003,74.67143,1.1285714,1.0,1.3428571,9.7,6.4428573,4.272163e-05,0.0015283152,0.00014256296,0.0007220693,0.0,True
1998-02-23,66.23,0.8,6.7000003,11.314286,3.3857143,75.08572,1.0428572,0.87142855,1.0,9.328571,6.142857,3.4496188e-05,0.001602672,-7.345365000000001e-25,1.8626451e-09,0.0,True
1998-03-02,66.25,4.5,6.8285713,9.171428,3.8714287,79.61428,0.94285715,0.85714287,1.0857142,9.142858,5.9,0.000108227134,0.0016575307,0.0001542114,0.0005436279,0.000922665,True
1998-03-09,66.25,33.3,5.4857144,9.857142,2.2428572,80.971436,1.4142858,1.4142858,1.0571429,9.971429,5.642857,0.00071141124,0.0017029643,0.000109610104,0.0007959902,0.0005774796,True
1998-03-16,66.27000000000001,6.7,3.0,6.285714,-0.54285717,78.02857,0.88571423,0.87142855,1.0571429,10.071428,3.4857142,0.00012613833,0.0018399805,0.00020352432,0.0006925855,0.0006053932,True
1998-03-23,66.39,4.0,3.8714287,7.7999997,1.2571429,70.41429,1.3,1.2428571,1.3714286,9.914286,5.1714287,9.7095966e-05,0.002006568,7.871219e-05,0.00016326457,0.00046902522,True
1998-03-30,66.30983226927185,0.0,6.8428574,12.485715,1.2285715,65.34286,1.6857144,1.3714285,1.8000001,9.342857,7.714286,2.1874905e-05,0.0021284893,0.000101481164,0.0003354214,0.0,True
1998-04-06,66.29,22.1,10.942857,15.300001,6.8285713,80.68572,1.6285714,1.4857142,1.6428572,9.142858,11.028571,0.00046908855,0.002193205,3.973643e-08,4.5076013e-07,0.0,True
1998-04-13,66.27000000000001,13.4,6.9428573,10.942857,3.4428573,79.314285,1.4714285,1.3999999,1.5857143,9.557143,8.457143,0.00028462708,0.0022819266,-7.345365000000001e-25,0.0,0.0,True
1998-04-20,66.25,1.4,7.457143,12.114286,1.9142858,67.07143,2.0,1.6857144,2.085714,8.957143,9.1,6.0513616e-05,0.002387859,-7.345365000000001e-25,0.0,0.0,True
1998-04-27,66.21000000000001,10.2,13.114286,17.800001,7.8428574,76.814285,2.3857143,1.9857142,2.3999999,8.6,14.171429,0.00028771162,0.0024358407,-7.345365000000001e-25,7.450581e-09,0.0,True
1998-05-04,66.21000000000001,9.700001,13.7,18.628572,9.2,78.471436,2.3142858,1.957143,2.4714284,8.157143,15.671429,0.0016288906,0.0024396777,-7.345365000000001e-25,3.7252903e-09,0.0,True
1998-05-11,66.19000000000001,1.5,16.0,21.52857,9.285714,66.71429,3.2,2.3,3.3142858,7.614286,16.72857,3.860891e-05,0.002436936,-7.345365000000001e-25,0.0,0.0,True
1998-05-18,66.18,0.0,15.142858,22.114286,7.0,57.214287,4.0,1.842857,4.2285714,6.428571,18.985714,8.568168e-06,0.0023578033,-7.345365000000001e-25,7.450581e-09,0.0,True
1998-05-25,66.17,1.1,12.485715,17.057142,7.7999997,65.85714,2.6714287,1.0142858,3.0571427,5.8714285,15.714286,4.647672e-05,0.00226181,-7.345365000000001e-25,0.0,0.0,True
1998-06-01,66.21000000000001,22.2,17.428572,23.728573,11.771429,74.91429,3.2857146,1.5285714,3.4714284,5.885714,19.828571,0.0001733303,0.0021700263,-7.345365000000001e-25,1.1175871e-08,0.0,True
1998-06-08,66.17,24.6,19.142857,25.485716,12.471429,67.35714,4.0857143,2.7142856,4.342857,6.0142856,21.957144,7.094443e-05,0.002055481,-7.345365000000001e-25,1.1175871e-08,0.0,True
1998-06-15,66.14,20.0,15.357142,20.800001,9.471429,72.22857,2.914286,1.9857143,3.0,6.142857,18.571428,0.0002592951,0.0019361153,-7.345365000000001e-25,7.450581e-09,0.0,True
1998-06-22,66.07000000000001,11.0,17.028572,21.84286,12.2,73.557144,3.3428571,2.3714283,3.5,5.885714,19.571428,0.00016219914,0.0018382967,-7.345365000000001e-25,1.1175871e-08,0.0,True
1998-06-29,66.11628916358165,27.5,17.542858,22.2,13.385715,75.74286,3.385714,2.642857,3.4428573,5.9,20.914286,0.00019934773,0.0017447025,-7.345365000000001e-25,7.450581e-09,0.0,True
1998-07-06,66.05000000000001,5.7,15.285714,18.87143,12.142858,77.74286,2.5571427,1.942857,2.7142856,5.6857142,17.742857,0.00017116964,0.0016608462,-7.345365000000001e-25,1.4901161e-08,0.0,True
1998-07-13,66.04,24.0,14.428572,18.485716,10.728571,83.14286,2.3428571,2.0714285,2.3142858,5.785714,16.514286,0.00031647086,0.0015953332,-7.345365000000001e-25,1.1175871e-08,0.0,True
1998-07-20,66.01,4.2,17.6,22.928572,10.814286,66.42857,3.6714287,2.5571427,3.8999999,5.5857143,19.2,9.125471e-05,0.0015329868,-7.345365000000001e-25,1.1175871e-08,0.0,True
1998-07-27,65.96000000000001,7.5,20.428572,26.414288,14.342857,63.985718,3.8714287,2.1857142,4.1,4.885714,23.085714,0.00022485852,0.0014536306,-7.345365000000001e-25,1.4901161e-08,0.0,True
1998-08-03,65.95,2.7,17.814287,22.557144,13.2,70.21429,2.8999999,1.8714286,3.2714286,4.8142858,19.914286,0.00021249056,0.0013886765,-7.345365000000001e-25,1.1175871e-08,0.0,True
1998-08-10,65.94000000000001,0.1,19.557144,25.557144,12.828572,59.228573,3.657143,1.2857143,4.142857,4.5142856,20.885714,2.0645559e-05,0.0013298243,-7.345365000000001e-25,1.1175871e-08,0.0,True
1998-08-17,65.92,4.2,20.585714,27.628572,13.571428,54.357143,3.8285716,0.7285714,4.4,4.1571426,22.3,1.975894e-05,0.0012582392,-7.345365000000001e-25,1.4901161e-08,0.0,True
1998-08-24,65.88000000000001,18.2,16.114286,21.600002,11.17143,68.52857,2.6571429,0.9857143,2.9714284,4.285714,18.328571,0.00021789968,0.0011947826,-7.345365000000001e-25,1.4901161e-08,0.0,True
1998-08-31,65.90602284084949,18.1,12.485715,16.685715,9.614286,82.185715,1.5142857,1.3857144,1.8571428,5.571429,14.1,0.00019946694,0.0011508912,-7.345365000000001e-25,5.5879354e-09,0.0,True
1998-09-07,65.86,11.4,16.042858,20.357143,11.957144,80.3,1.5571429,1.3142856,2.0857143,5.9,16.742857,0.00021273643,0.0011137202,-7.345365000000001e-25,1.1175871e-08,0.0,True
1998-09-14,65.89,20.400002,14.957144,18.84286,11.8714285,81.21429,1.5,1.3285713,1.8857143,6.4428573,16.014286,0.0001540631,0.001079917,-7.345365000000001e-25,7.450581e-09,0.0,True
1998-09-21,65.92,15.0,12.342857,16.657145,8.028571,81.88572,1.2285715,1.1428572,1.4428571,7.957143,13.157143,0.00046919286,0.0010551363,-7.345365000000001e-25,5.5879354e-09,0.0,True
1998-09-28,65.94000000000001,0.3,12.885715,18.142859,8.357142,84.78571,1.0142858,0.8428572,1.3142856,7.8,14.614285,2.2470951e-05,0.0010341033,-7.345365000000001e-25,5.5879354e-09,0.0,True
1998-10-05,65.95,3.6999998,7.828572,10.428572,5.6714287,84.90001,0.5857143,0.5285714,1.0428572,8.085714,9.6285715,0.00013564527,0.0010161847,3.4854525e-06,2.514571e-05,2.5365502e-05,True
1998-10-12,65.97000000000001,17.2,8.828572,10.914286,6.3142858,86.28571,0.74285716,0.71428573,0.9142857,8.7,9.0,0.00023374707,0.0010041893,7.947286e-08,8.549541e-07,0.0,True
1998-10-19,66.0,2.4,9.614286,14.242858,5.557143,80.85714,0.95714283,0.94285715,1.1285714,8.757143,9.8714285,0.00010320544,0.0009940118,-7.345365000000001e-25,9.313226e-09,0.0,True
1998-10-26,66.02000000000001,29.1,9.985715,13.185715,6.928571,78.957146,1.0,0.9857143,1.1142857,9.085714,9.1285715,0.001240164,0.0009848848,-7.345365000000001e-25,5.5879354e-09,0.0,True
1998-11-02,66.33000000000001,68.5,6.642857,9.485715,4.6285715,84.614296,0.91428566,0.91428566,0.87142855,10.8714285,6.5285716,0.0059624314,0.0022154301,-7.345365000000001e-25,1.8626451e-09,0.0,True
1998-11-09,66.34,14.6,5.714286,9.214286,2.5285716,83.94286,0.59999996,0.59999996,0.62857145,10.742857,4.9,0.0007674247,0.0011776686,-7.345365000000001e-25,1.8626451e-09,0.0,True
1998-11-16,66.34,5.3,3.5285716,6.5428576,1.4,90.814285,0.28571433,0.28571433,0.32857147,10.528571,4.0,0.00019429624,0.0014742017,1.4588946e-06,1.385808e-06,4.9196184e-05,True
1998-11-23,66.37,0.90000004,-3.3,-0.57142866,-5.6,85.01429,0.057142857,0.057142857,0.27142859,10.3,-0.44285715,1.4603138e-06,0.0018111318,0.00092467805,2.2472814e-05,0.0015048869,True
1998-11-30,66.37572810814311,0.5,-0.12857144,1.0428572,-1.8857144,91.48572,0.057142857,0.057142857,0.22857143,10.257143,-0.6,2.7038157e-05,0.0020704493,0.001584791,0.0009102095,0.001043126,True
1998-12-07,66.37,7.1,-2.8857143,-1.4142858,-4.214286,85.01429,0.028571429,0.028571429,0.3857143,10.228572,-1.3428571,1.296401e-06,0.0022515133,0.0039343606,0.0,0.007952049,True
1998-12-14,66.38000000000001,10.9,-2.0571427,1.442857,-7.514286,87.41429,0.22857143,0.22857143,0.2857143,10.4,-0.028571429,0.00042009354,0.002374597,0.0066481773,0.008490866,4.0128827e-05,True
1998-12-21,66.4,11.1,4.3714285,7.4000006,2.3428571,84.28571,0.44285718,0.44285718,0.44285718,10.557143,2.7714286,0.00017353892,0.0025144592,7.702055e-05,0.0005564969,0.00031416863,True
1998-12-28,66.41000000000001,2.3,4.4857144,6.071429,1.6285715,80.75714,0.47142857,0.47142857,0.67142856,10.257143,2.1142857,0.000119164586,0.0027325526,0.00091234845,0.0018264782,0.0015386008,True
1999-01-04,66.41000000000001,3.5,2.5571427,6.1,-0.5714286,85.72858,0.2,0.16666667,0.29999998,10.133333,1.6333333,4.8294663e-05,0.0029221922,2.6453108e-06,5.5711716e-06,3.7252903e-09,True
1999-01-11,66.39,10.5,4.3,6.971429,2.5142858,86.15715,0.4857143,0.4857143,0.5,10.2,3.6714287,0.00017613173,0.0030706823,0.00033177648,0.00034064986,0.0021180287,True
1999-01-18,66.38000000000001,4.3999996,3.5857143,5.7428575,1.1,83.27143,0.5285714,0.5142857,0.62857145,10.257143,1.8857143,0.00019942969,0.003205292,0.00200149,0.0051498692,0.0034773685,True
1999-01-25,66.36,5.2,5.1285715,8.3714285,1.0,85.24286,0.4857143,0.4857143,0.42857143,10.071428,3.142857,4.8294663e-05,0.0033548921,2.8286662e-05,0.00012222305,2.3841858e-07,True
1999-02-01,66.38000000000001,8.7,-0.55714285,2.3,-2.7428572,83.8,0.21428573,0.21428573,0.45714286,10.285714,1.0285715,0.0002219379,0.0034893304,0.001865983,0.002003789,0.006115999,True
1999-02-08,66.42,16.5,2.7285714,4.7714286,1.0000001,88.74286,0.64285713,0.64285713,0.5142857,10.428572,1.4857143,0.00029248,0.0036451146,0.0016860792,0.004283514,0.0041366965,True
1999-02-15,66.46000000000001,1.8000001,-3.5,0.51428574,-7.785714,83.24286,0.071428575,0.071428575,0.35714287,10.3,-0.17142858,2.5704503e-06,0.0038892478,0.0048330682,0.00011300668,0.0014282279,True
1999-02-22,66.52000000000001,29.8,2.0714285,4.8428574,-0.07142858,86.58572,0.61428577,0.61428577,0.59999996,10.6,0.6,0.0005643219,0.004097365,0.0057845684,0.0110828355,0.008672107,True
1999-03-01,66.53,10.4,4.1,7.328572,1.0714285,80.32857,0.9857144,0.9714286,0.9285714,10.342857,3.1142857,0.00043016672,0.004441254,0.0027124654,0.0067843758,0.004848879,True
1999-03-08,66.54,20.2,5.1857142,9.271429,2.6714287,83.9,0.88571435,0.88571435,0.88571423,10.542857,5.8428574,0.0009069964,0.0051936507,1.1415708e-05,9.923428e-05,5.5879354e-07,True
1999-03-15,66.56,0.0,3.4,7.057143,0.17142852,79.78571,0.7714286,0.74285716,0.9857143,10.071428,4.042857,7.200241e-05,0.0065814108,2.036776e-05,9.354949e-05,9.494275e-05,True
1999-03-22,66.59,5.0,4.071429,8.1285715,0.64285713,78.12858,1.0285715,0.9142858,1.1428572,9.728572,4.857143,9.88245e-05,0.0071298257,2.0833243e-06,7.92183e-06,5.9753656e-06,True
1999-03-29,66.53020504663974,15.6,7.6285715,13.528572,3.2285714,78.14286,1.4142857,1.2857143,1.5285715,9.6,7.9714284,0.00014999509,0.0071201846,5.546638e-05,0.00030829757,0.0003049448,True
1999-04-05,66.56,1.7,10.328572,17.37143,2.757143,71.34286,2.0857143,1.7142856,2.0714285,9.242857,11.8714285,8.046627e-06,0.0069463253,-7.345365000000001e-25,4.004687e-07,0.0,True
1999-04-12,66.52000000000001,11.3,10.242858,14.900001,7.042857,78.71429,1.7714285,1.6,1.8714285,9.171429,11.228572,0.00019805133,0.0067020506,-7.345365000000001e-25,3.7252903e-09,0.0,True
1999-04-19,66.49000000000001,11.9,5.428571,10.1,2.3428571,74.42857,1.6714286,1.5142858,1.6714286,9.014286,7.614286,0.00025430322,0.0064317435,0.00017230852,0.001210589,0.0012147389,True
1999-04-26,66.42,2.3,10.971429,16.77143,3.8428574,73.27143,2.3428571,2.0,2.4142857,8.585714,12.757143,9.264052e-05,0.0061251298,1.6235169e-06,1.0680407e-05,0.0,True
1999-05-03,66.4,0.0,11.542857,17.557142,5.5,68.58572,2.6857142,1.9857142,2.8428571,7.9142857,14.971429,1.1503696e-05,0.005780861,-7.345365000000001e-25,0.0,0.0,True
1999-05-10,66.38000000000001,15.0,13.042857,18.300001,6.585715,61.44286,3.285714,2.3714287,3.5714285,6.957143,15.028571,0.00014092028,0.0053645223,-7.345365000000001e-25,0.0,0.0,True
1999-05-17,66.35000000000001,16.1,11.214286,16.385714,6.857143,75.75715,2.5285714,2.2142856,2.6142857,7.242857,14.442857,0.00016463548,0.0049783066,-7.345365000000001e-25,3.7252903e-09,0.0,True
1999-05-24,66.31,0.4,15.571429,21.300001,7.928571,62.8,3.4285715,2.3285713,3.8428571,6.5285716,17.314285,2.7187169e-05,0.004564032,-7.345365000000001e-25,0.0,0.0,True
1999-05-31,66.32500417085993,14.5,17.757143,24.785715,10.914286,63.528572,3.9428575,2.3285716,4.2285714,5.957143,21.27143,0.00012221932,0.0041565895,-7.345365000000001e-25,7.450581e-09,0.0,True
1999-06-07,66.32000000000001,48.1,16.428572,22.185715,11.071428,72.314285,3.542857,2.6142857,3.6857142,6.071429,19.885714,0.00025891513,0.003773354,-7.345365000000001e-25,3.7252903e-09,0.0,True
1999-06-14,66.30000000000001,12.2,15.0,19.714285,9.585714,74.11428,2.7999997,2.0428572,3.0857143,6.2,18.357143,0.00017606467,0.0034645796,-7.345365000000001e-25,0.0,0.0,True
1999-06-21,66.29,13.2,16.757143,22.2,10.957144,69.87143,3.2999997,2.4285717,3.6571429,5.8142858,20.085714,0.00016601384,0.0031700283,-7.345365000000001e-25,7.450581e-09,0.0,True
1999-06-28,66.26,5.3,15.1,20.285715,9.028572,66.4,3.1000001,1.9714286,3.3857143,5.6,18.842857,5.429983e-05,0.002911508,-7.345365000000001e-25,3.7252903e-09,0.0,True
1999-07-05,66.25,4.1,21.757143,27.842855,14.871429,63.585716,4.228572,2.2714286,4.7714286,5.142857,23.37143,7.942319e-05,0.0026688054,-7.345365000000001e-25,1.4901161e-08,0.0,True
1999-07-12,66.22000000000001,8.5,20.428572,26.142857,14.657144,65.314285,3.9285715,1.9428571,4.285714,5.4,22.3,9.506196e-05,0.0024427623,-7.345365000000001e-25,1.4901161e-08,0.0,True
1999-07-19,66.2,3.9,20.428572,26.742859,13.400001,60.957146,4.1142855,2.1285717,4.4857144,5.4714284,22.657143,3.1471252e-05,0.0022358745,-7.345365000000001e-25,1.1175871e-08,0.0,True
1999-07-26,66.14,3.6000001,19.557144,24.385715,15.257143,63.51429,3.357143,1.7428571,3.7428572,4.957143,21.528572,5.427003e-05,0.0020439252,-7.345365000000001e-25,1.1175871e-08,0.0,True
1999-08-02,66.13000000000001,0.0,20.571428,27.685715,11.557143,46.585716,4.8857145,0.9714287,5.3285713,4.4857144,22.785715,5.9604645e-08,0.0018698201,-7.345365000000001e-25,7.450581e-09,0.0,True
1999-08-09,66.11,9.8,21.557144,28.557144,14.342858,54.957146,3.9714284,0.82857144,4.457143,4.285714,23.214285,6.6936016e-05,0.0016876832,-7.345365000000001e-25,1.1175871e-08,0.0,True
1999-08-16,66.07000000000001,24.3,16.457144,22.02857,12.185715,68.34286,2.7428572,1.4142858,3.042857,4.5285716,18.942858,0.0008109659,0.0015576109,-7.345365000000001e-25,9.313226e-09,0.0,True
1999-08-23,66.04,17.9,15.328572,19.885715,11.585715,72.97143,2.2571428,1.6714287,2.6714284,4.8714285,16.942858,0.00010253489,0.0014510974,-7.345365000000001e-25,1.1175871e-08,0.0,True
1999-08-30,66.04987376972909,6.6000004,17.57143,23.857143,11.971429,66.24286,2.4857144,1.3857143,2.9285715,4.4857144,19.3,4.8860908e-05,0.0013537854,-7.345365000000001e-25,5.5879354e-09,0.0,True
1999-09-06,66.05000000000001,5.2,17.0,24.028574,10.971429,66.84286,2.7285714,1.1999999,3.2428572,4.257143,18.542856,1.2502074e-05,0.0012659878,-7.345365000000001e-25,1.1175871e-08,0.0,True
1999-09-13,66.04,0.0,20.27143,28.071428,13.1285715,63.17143,2.757143,0.5857143,3.457143,3.9571428,21.042856,3.6507845e-05,0.0011807084,-7.345365000000001e-25,1.3038516e-08,0.0,True
1999-09-20,66.02000000000001,5.2,17.614286,24.457144,10.957144,63.728573,2.2428572,0.34285712,2.9714284,3.8,19.028572,1.2099743e-05,0.0010984987,-7.345365000000001e-25,1.3038516e-08,0.0,True
1999-09-27,65.99000000000001,6.3,16.800001,3.1571429,12.900001,77.71429,1.5142858,0.8285714,1.9142857,4.114286,17.385714,0.0018802062,0.0010360852,-7.345365000000001e-25,9.313226e-09,0.0,True
1999-10-04,65.98,7.2000003,13.728572,9.185715,11.114286,78.700005,1.3000001,1.0142857,1.6857144,4.642857,14.014286,0.00010046363,0.0009867027,-7.345365000000001e-25,1.6763806e-08,0.0,True
1999-10-11,65.96000000000001,6.4,11.514287,15.028572,8.485715,84.042854,0.7714286,0.64285713,1.0428572,4.8142858,11.3714285,8.287281e-05,0.0009457618,-7.345365000000001e-25,1.1175871e-08,0.0,True
1999-10-18,65.97000000000001,1.3,6.728572,13.085714,2.3714287,81.48572,0.65714294,0.44285712,0.88571423,4.857143,8.671429,5.1409006e-06,0.00091119856,-7.345365000000001e-25,1.8626451e-09,0.0,True
1999-10-25,65.99000000000001,0.8,7.7285714,12.857142,3.1000001,77.25715,0.7571429,0.4857143,1.0857142,4.7714286,7.3714285,2.605468e-05,0.00087901205,-7.345365000000001e-25,0.0,0.0,True
1999-11-01,65.98,9.8,10.771429,15.214286,6.6714287,79.457146,0.82857144,0.55714285,1.0428572,4.8285713,9.814285,4.2065978e-05,0.0008492917,-7.345365000000001e-25,3.7252903e-09,0.0,True
1999-11-08,65.98,7.7000003,7.557143,11.771429,4.3285713,88.15715,0.45714286,0.37142858,0.51428574,5.2,7.5857143,0.00017656386,0.0008230284,-7.345365000000001e-25,5.5879354e-09,0.0,True
1999-11-15,65.99000000000001,8.0,2.614286,6.3,0.08571427,91.24286,0.27142859,0.25714287,0.25714287,5.9428573,4.0142856,0.00011763722,0.0008014813,8.855547e-07,3.3676624e-06,4.8428774e-06,True
1999-11-22,66.01,9.3,-0.5571429,1.8428572,-2.957143,92.442856,0.12857144,0.12857144,0.22857143,6.142857,0.44285715,1.5705824e-05,0.0007836297,0.0023954199,0.0003738273,0.0061016306,True
1999-11-29,66.02528679935205,0.2,3.9285715,7.2714286,0.61428577,89.200005,0.27142859,0.21428572,0.2857143,6.3,2.6857142,8.235872e-05,0.0007686913,0.002207302,0.0057231113,1.1086464e-05,True
1999-12-06,66.01,17.3,4.8142858,7.5,1.9142857,80.3,0.7714286,0.74285716,0.8,6.785714,3.357143,0.00015113503,0.00075519085,8.7675595e-05,0.00046494603,0.001035586,True
1999-12-13,66.07000000000001,18.3,6.071429,8.8714285,3.6714287,83.01429,0.68571424,0.67142856,0.6571428,7.6571426,4.785714,0.0002245307,0.0007439926,5.680039e-05,0.0006485451,1.1492521e-05,True
1999-12-20,66.10000000000001,3.0,0.71428573,2.9285715,-1.457143,85.04286,0.29999998,0.29999998,0.44285718,8.157143,0.82857144,8.907914e-05,0.00073602796,0.0010843618,0.0005354192,0.0025393367,True
1999-12-27,66.15,20.4,1.3857143,3.414286,-0.61428565,86.08572,0.2857143,0.27142856,0.3857143,8.6,0.2,0.00029795617,0.00073141605,0.0029248737,0.005277835,0.010225579,True
2000-01-03,66.16000000000001,3.9,2.3857143,4.414286,0.4,92.24286,0.125,0.1,0.27142859,9.25,0.3,0.00020227581,0.00073146075,0.004845897,0.007582534,0.0009847395,True
2000-01-10,66.18,8.0,3.142857,6.1,0.9571429,90.75714,0.29999998,0.29999998,0.24285714,9.357142,2.4714286,0.00013935566,0.0007429272,0.00012880847,0.0007954128,0.0,True
2000-01-17,66.19000000000001,4.1,0.3142857,2.542857,-2.3857143,90.94286,0.20000002,0.17142858,0.25714284,9.4,0.12857144,2.4206936e-05,0.00076731294,8.939562e-05,0.00032333657,0.0003408268,True
2000-01-24,66.23,19.2,-1.1285714,2.6714284,-3.8285713,81.17143,0.4142857,0.4142857,0.5857143,9.528571,0.74285716,0.00019524992,0.000796102,0.0013638508,0.000253696,0.0037472434,True
2000-01-31,66.22704802241913,10.3,2.557143,5.114286,-1.6571428,80.40001,0.71428573,0.71428573,0.8142857,9.957143,1.3142858,0.00033088028,0.0008324161,0.0019177312,0.0035634115,0.00036754087,True
2000-02-07,66.25,4.7,6.7000003,9.685715,4.0142856,79.94286,0.85714287,0.82857144,0.82857144,10.1,5.1571426,0.000116452575,0.00088685006,5.2225023e-06,6.04745e-05,0.0,True
2000-02-14,66.28,10.4,4.357143,7.9428573,1.9714286,81.04286,1.0714285,1.0571429,0.90000004,10.014286,3.9857142,0.00034935027,0.000964731,8.807296e-05,0.00020900369,0.0004234165,True
2000-02-21,66.32000000000001,5.3,1.4428571,5.042857,-0.9142857,88.08572,0.59999996,0.59999996,0.54285717,10.157143,2.2285714,0.00020584464,0.0010683909,0.0007736626,0.0011693705,0.0024822764,True
2000-02-28,66.39,21.6,3.9,8.1285715,0.22857149,85.34286,0.87142855,0.87142855,0.78571427,10.285714,3.1857142,0.00044021755,0.0012015402,0.0010834648,0.0038298182,0.0023393072,True
2000-03-06,66.41000000000001,8.7,3.8285716,7.2428575,1.2142857,78.77143,1.1857144,1.1714286,1.0428572,10.157143,3.9571428,0.00017371029,0.0013834462,0.000117143,0.00032753777,0.0004874207,True
2000-03-13,66.45,23.4,7.1285715,10.5,3.8428574,81.5,1.2285715,1.2285715,1.1428572,10.471429,6.7285714,0.000772357,0.0015934929,0.000120656834,0.0010464452,0.0008723624,True
2000-03-20,66.46000000000001,33.5,4.4,8.214286,0.9714286,80.90001,1.1285714,1.1285714,1.0428572,10.6285715,5.4428573,0.000721544,0.0019986182,0.00030809926,0.0014727693,0.0014998242,True
2000-03-27,66.5,7.3,6.585715,11.8,2.9142857,82.77143,1.1428572,1.0142858,1.2714285,9.942857,7.8142858,8.0406666e-05,0.0025995672,1.2817837e-05,7.955916e-05,0.0,True
2000-04-03,66.49000000000001,9.5,6.714286,10.414286,3.5285716,83.685715,1.1285714,1.0571429,1.2571429,10.057143,7.257143,0.00019367784,0.0029837117,-7.345365000000001e-25,8.009374e-08,0.0,True
2000-04-10,66.48,0.4,5.3142858,11.1,0.9142858,74.3,1.5142857,1.2714287,1.6857144,9.528571,7.757143,5.4761767e-05,0.0032102764,-7.345365000000001e-25,0.0,0.0,True
2000-04-17,66.47000000000001,11.0,8.457143,14.800001,2.6285713,72.4,2.042857,1.7571429,2.1142857,9.1285715,9.3714285,0.00021585077,0.0032893345,-7.345365000000001e-25,0.0,0.0,True
2000-04-24,66.44000000000001,4.0,14.985715,21.47143,8.885715,70.11429,2.857143,2.3,2.9714284,8.614285,16.414286,9.9763274e-05,0.0032542497,-7.345365000000001e-25,7.450581e-09,0.0,True
2000-05-01,66.41000000000001,1.9,17.057142,23.97143,10.557143,69.0,3.4142857,2.5,3.8142858,7.614286,18.642857,0.00010572374,0.003155008,-7.345365000000001e-25,7.450581e-09,0.0,True
2000-05-08,66.38000000000001,0.0,17.114286,24.9,8.642858,49.68572,4.485714,2.3428574,4.857143,6.6857142,19.485714,4.351139e-06,0.0030039474,-7.345365000000001e-25,0.0,0.0,True
2000-05-15,66.34,0.0,18.042858,25.614286,8.928572,48.528572,4.328572,1.1571428,3.9857142,5.9714284,21.214285,3.2186508e-06,0.0028029457,-7.345365000000001e-25,7.450581e-09,0.0,True
2000-05-22,66.27000000000001,12.900001,14.242858,21.228573,8.757143,66.87143,2.9142857,1.2571429,2.9714286,5.9,17.857143,0.0001116544,0.0025932863,-7.345365000000001e-25,3.7252903e-09,0.0,True
2000-05-29,66.22636074014214,8.599999,13.857142,19.37143,8.757143,69.58572,3.1571429,1.8714284,3.0571427,5.857143,16.657143,6.394833e-05,0.0024437308,-7.345365000000001e-25,7.450581e-09,0.0,False
2000-06-05,66.24000000000001,7.6000004,17.614286,23.300001,10.642858,64.5,3.7285714,1.3428571,4.042857,5.6,19.614286,7.198751e-05,0.0022758096,-7.345365000000001e-25,1.1175871e-08,0.0,True
2000-06-12,66.21000000000001,1.5,18.385714,24.285715,11.771429,60.92857,4.142857,1.7428571,4.6714287,5.571429,20.6,3.223121e-05,0.0020994693,-7.345365000000001e-25,7.450581e-09,0.0,True
2000-06-19,66.17,3.9,18.699999,25.014286,10.571428,55.100002,4.2571425,1.1857144,4.7571425,5.242857,21.085714,1.5214086e-05,0.0019139647,-7.345365000000001e-25,1.1175871e-08,0.0,True
2000-06-26,66.12,10.1,19.1,25.357143,13.714286,59.971428,4.3142858,1.4285713,4.542857,5.0857143,21.614286,8.6188316e-05,0.0017343983,-7.345365000000001e-25,7.450581e-09,0.0,True
2000-07-03,66.11,1.5,14.957144,19.142857,9.728572,66.52857,2.8999999,0.98571426,3.1000001,4.928571,16.985714,5.353242e-05,0.0016079023,-7.345365000000001e-25,3.7252903e-09,0.0,True
2000-07-10,66.10000000000001,5.5,16.014286,21.014286,12.1285715,73.77143,2.5571427,1.6571428,2.8714287,5.2,18.242857,0.00011472404,0.0014986172,-7.345365000000001e-25,1.1175871e-08,0.0,True
2000-07-17,66.08000000000001,1.9,15.300001,19.885715,10.485715,68.814285,2.6428573,1.5142858,3.1714287,5.0571427,17.114286,9.417534e-05,0.0014007166,-7.345365000000001e-25,7.450581e-09,0.0,True
2000-07-24,66.04,3.2,15.985715,20.228573,11.6,75.01429,2.2285714,1.1999999,2.7,4.9142857,17.514286,0.00011307001,0.0013188198,-7.345365000000001e-25,1.8626451e-08,0.0,True
2000-07-31,66.07743621246377,36.600002,17.142857,21.742859,14.557143,79.542854,2.3428571,1.7142857,2.7428572,5.457143,19.328571,0.00059117377,0.0012444332,-7.345365000000001e-25,1.8626451e-08,0.0,True
2000-08-07,66.03,9.7,18.028572,24.300001,12.271429,70.41429,3.2000003,2.2714286,3.7,5.7,20.72857,8.293986e-05,0.0011772737,-7.345365000000001e-25,1.1175871e-08,0.0,True
2000-08-14,66.05000000000001,5.8,18.757143,25.157145,11.7,68.41429,2.8714283,1.6142856,3.2714286,5.2714286,20.614286,3.8087368e-05,0.0011158809,-7.345365000000001e-25,3.7252903e-09,0.0,True
2000-08-21,66.08000000000001,67.5,19.685715,25.585714,16.014286,77.17143,2.8714287,2.2714286,3.2142856,5.642857,22.2,0.00021082163,0.0010540634,-7.345365000000001e-25,1.3038516e-08,0.0,True
2000-08-28,66.13000000000001,1.4,16.457144,22.142857,11.214286,68.12858,2.7857144,2.1714284,3.3285713,5.9857144,19.3,4.594028e-05,0.0010014549,-7.345365000000001e-25,5.5879354e-09,0.0,True
2000-09-04,66.14,28.900002,15.057143,20.257143,11.071428,79.0,1.8999999,1.6285714,2.2142856,6.1857142,17.7,0.0002246499,0.0009534657,-7.345365000000001e-25,9.313226e-09,0.0,True
2000-09-11,66.15,10.1,15.314286,19.885715,11.7,84.27143,1.442857,1.2857143,1.7142857,6.7,16.542856,0.000111714005,0.00091819465,-7.345365000000001e-25,9.313226e-09,0.0,True
2000-09-18,66.13000000000001,6.0,14.7,19.37143,11.085715,82.71429,1.3857143,1.1571429,1.7571429,6.7285714,16.62857,0.0021046102,0.00088745356,-7.345365000000001e-25,7.450581e-09,0.0,True
2000-09-25,66.09,0.0,10.442857,16.857143,4.5285716,77.64286,1.2857143,1.0571429,1.8285714,6.742857,12.471429,5.3450465e-05,0.0008607283,-7.345365000000001e-25,0.0,0.0,True
2000-10-02,66.09,11.2,15.757143,22.257143,10.6285715,77.18572,1.4142857,1.1285715,1.8571428,6.6857142,15.9,0.00013141334,0.0008357167,-7.345365000000001e-25,5.5879354e-09,0.0,True
2000-10-09,66.08000000000001,18.6,11.028572,14.885715,7.7714286,89.65715,0.64285713,0.5857143,0.90000004,6.9714284,12.785714,0.00028584898,0.00081468374,-7.345365000000001e-25,3.7252903e-09,0.0,True
2000-10-16,66.05000000000001,1.6,11.8,16.157143,8.142858,85.200005,0.7714286,0.7,1.0142857,7.2714286,11.614285,6.788969e-05,0.00080141425,-7.345365000000001e-25,7.450581e-09,0.0,True
2000-10-23,66.06,1.5,10.657143,16.84286,6.085715,83.75715,0.62857145,0.5,0.8714286,7.1285715,10.957143,3.8146973e-06,0.0007892847,-7.345365000000001e-25,3.7252903e-09,0.0,True
2000-10-30,66.08185683917456,4.4,11.214286,14.514287,7.942857,77.85714,0.9142857,0.7714285,1.1999999,7.0,10.157143,4.8920512e-05,0.00077852607,-7.345365000000001e-25,1.1175871e-08,0.0,True
2000-11-06,66.05000000000001,5.6000004,7.514286,11.914286,4.6714287,81.94286,0.5714286,0.45714283,0.78571427,6.9857144,7.257143,6.946176e-05,0.0007690862,-7.345365000000001e-25,0.0,0.0,True
2000-11-13,66.05000000000001,3.1,7.4857144,11.771429,4.571429,75.58571,0.6571428,0.58571434,0.8,7.0,6.4,7.697195e-05,0.00076093525,-7.345365000000001e-25,1.8626451e-09,0.0,True
2000-11-20,66.08000000000001,11.7,5.3,8.971429,3.0,87.21429,0.35714287,0.34285715,0.3857143,7.428571,5.2285714,0.00024169683,0.0007540509,-7.345365000000001e-25,0.0,0.0,True
2000-11-27,66.12,2.3,4.8714285,8.614286,1.4142858,90.75715,0.22857144,0.18571429,0.27142859,7.571429,4.385714,3.5837293e-05,0.000750497,-7.345365000000001e-25,0.0,0.0,True
2000-12-04,66.13000000000001,2.6000001,7.1857142,10.614286,3.9714286,91.02857,0.21428573,0.18571429,0.22857143,7.7,5.7,3.3318996e-05,0.00074966997,-7.345365000000001e-25,0.0,0.0,True
2000-12-11,66.12,6.8999996,7.214286,9.914286,4.357143,87.1,0.37142858,0.31428573,0.3857143,7.7285714,5.385714,9.568781e-05,0.0007507354,-7.345365000000001e-25,0.0,0.0,True
2000-12-18,66.11,8.299999,5.9857144,7.971429,4.2428575,83.042854,0.6285714,0.59999996,0.6571428,8.3,5.3285713,0.00020813942,0.0007537231,1.9385701e-05,5.7965517e-05,9.122491e-05,True
2000-12-25,66.08000000000001,8.5,-2.1571429,-0.114285715,-4.4571433,87.67143,0.028571429,0.014285714,0.22857143,8.6285715,-0.78571427,1.9595027e-06,0.0007631257,0.0012168884,4.0121377e-06,0.0089998655,True
2001-01-01,66.07000000000001,15.299999,-0.9714286,1.0,-3.8428574,88.21429,0.083333336,0.083333336,0.27142859,8.933333,-0.033333335,0.00015980005,0.00077685714,0.013029774,0.0021867752,0.0069154315,True
2001-01-08,66.06,12.3,3.7857144,6.471429,1.3857143,89.94286,0.37142858,0.37142858,0.25714287,9.285714,1.5857143,0.00095820427,0.00079817325,0.0037453515,0.014301162,0.0,True
2001-01-15,66.03,0.0,-1.1571429,0.85714287,-2.9428573,91.18572,0.08571429,0.08571429,0.21428572,9.4,0.27142859,6.8843365e-06,0.00086672604,0.000121099605,6.3955784e-05,0.00020202622,True
2001-01-22,66.01,2.6,-2.457143,0.40000004,-6.085715,88.52857,0.014285714,0.014285714,0.20000002,9.385715,-1.8,2.6673079e-06,0.00094896555,0.00057024613,0.00010133721,0.002983369,True
2001-01-29,66.08068313700376,15.4,3.142857,5.914286,1.0714285,90.62858,0.45714286,0.44285712,0.35714287,9.585714,0.45714286,0.00051214546,0.0010275543,0.0010553712,0.0040231124,0.0019895919,False
2001-02-05,66.08000000000001,17.7,-1.0,1.0142857,-3.5714285,91.828575,0.15714286,0.14285715,0.29999998,9.9,0.08571429,0.00052485615,0.0011428297,0.004975217,0.009552423,0.014093243,True
2001-02-12,66.13000000000001,2.6,6.7999997,10.285714,3.042857,80.38572,0.8000001,0.7857143,0.85714287,10.1,4.357143,0.00038535893,0.0013512745,0.00054106256,0.006928798,0.00010152906,True
2001-02-19,66.21000000000001,1.7,2.2428572,6.785714,-1.6857144,88.72858,0.50000006,0.44285718,0.4714286,9.857142,3.0857143,5.9738755e-05,0.0016629174,0.00032124066,0.00086874515,0.0012572706,True
2001-02-26,66.34,8.0,0.24285722,3.5,-2.3857143,82.08572,0.5857143,0.5714286,0.74285716,9.842857,1.8,0.00013259053,0.001909472,0.0036297413,0.0008624457,0.008954741,True
2001-03-05,66.35000000000001,5.1000004,0.07142859,3.7428572,-2.7428572,82.557144,0.54285717,0.54285717,0.71428573,9.885715,0.42857143,0.00010146201,0.0021020249,0.0065471046,0.0046144687,0.006566286,True
2001-03-12,66.37,6.0,7.1857147,11.0,3.4714286,81.08572,0.9857143,0.9714286,1.0571429,9.857142,5.9,0.0003925115,0.0022549182,0.002830863,0.008886365,2.6710331e-06,True
2001-03-19,66.38000000000001,15.4,3.8142858,7.571429,1.6285715,84.41429,0.94285715,0.9285714,0.90000004,9.957143,5.0857143,0.0004363805,0.0024358481,0.00035928545,0.0015818458,0.003262557,True
2001-03-26,66.42,27.599998,0.41428572,3.0142858,-1.8285714,84.85714,0.6,0.6,0.82857144,10.528571,1.8714286,0.0003041178,0.0027267188,0.0048166797,0.0034097005,0.018558126,True
2001-04-02,66.43,3.0,6.5,10.442858,1.7142857,72.94286,1.5142857,1.4,1.6142857,10.2,6.257143,0.0005054623,0.0031721964,0.006863912,0.014864156,0.0001536198,True
2001-04-09,66.41000000000001,9.7,8.828571,14.157144,4.928571,75.957146,1.7857141,1.6571428,1.8285713,9.585714,9.757143,0.00032295287,0.0037517622,1.2329647e-05,0.00012638792,0.0,True
2001-04-16,66.39,10.7,4.457143,8.0,1.9714286,82.6,1.1714286,1.1142857,1.2428571,9.385715,6.428571,0.00030648708,0.00421001,0.00035768462,0.001754202,0.0021770988,True
2001-04-23,66.34,2.4,5.285714,9.742858,1.7857143,74.94286,1.5285715,1.3714285,1.6857144,9.4,6.8,0.00013284385,0.0044906065,7.469313e-05,0.00043498725,4.8801303e-07,True
2001-04-30,66.33722166861587,16.4,11.828572,17.742857,5.6857147,72.64286,2.542857,2.2571428,2.6857142,9.085714,12.6,0.0002066791,0.0045744255,1.2488593e-07,1.3038516e-06,0.0,True
2001-05-07,66.31,6.2000003,13.257143,18.557144,8.614285,70.957146,2.8000004,2.2571428,3.1571429,8.414286,15.171429,0.00019805133,0.004474938,-7.345365000000001e-25,7.450581e-09,0.0,True
2001-05-14,66.26,0.2,15.771429,22.528574,7.2428575,60.0,4.042857,2.9142857,4.071429,7.7285714,18.3,2.8312206e-07,0.0043235347,-7.345365000000001e-25,0.0,0.0,True
2001-05-21,66.22000000000001,5.4,13.785714,19.17143,8.642858,68.17143,3.1000001,2.1999998,3.4285715,6.742857,17.042856,4.4927e-05,0.0040912777,-7.345365000000001e-25,3.7252903e-09,0.0,True
2001-05-28,66.16000000000001,0.8,16.3,22.34286,7.857143,60.74286,3.8142858,1.5285714,4.0,6.0,19.528572,2.194196e-05,0.0038301572,-7.345365000000001e-25,0.0,0.0,True
2001-06-04,66.19000000000001,45.899998,12.857142,16.9,9.400001,77.6,2.6285713,1.6571428,2.7571428,6.242857,15.242857,0.00034041703,0.0035772473,-7.345365000000001e-25,1.4901161e-08,0.0,True
2001-06-11,66.18,13.4,12.385715,16.685715,8.528571,79.24286,2.257143,1.8285713,2.2857144,6.428571,15.442857,0.00021189451,0.0033691227,-7.345365000000001e-25,3.7252903e-09,0.0,True
2001-06-18,66.15,0.70000005,15.371429,20.785715,9.471429,74.28571,2.9285715,2.3142858,3.1571429,6.2285714,18.171429,0.00011704117,0.0031622723,-7.345365000000001e-25,7.450581e-09,0.0,True
2001-06-25,66.10000000000001,4.4,15.314285,20.742859,10.17143,70.64286,3.142857,2.2428572,3.5857143,6.071429,18.028572,9.281188e-05,0.0029581264,-7.345365000000001e-25,1.4901161e-08,0.0,True
2001-07-02,66.08000000000001,11.3,19.114286,24.728573,12.67143,69.50001,3.7857144,2.3857143,4.142857,5.571429,22.37143,0.00015762448,0.0027492568,-7.345365000000001e-25,1.1175871e-08,0.0,True
2001-07-09,66.10000000000001,68.4,20.87143,26.37143,14.014287,66.85714,4.157143,1.8142856,4.3,5.4857144,22.785715,0.00029982626,0.0025423616,-7.345365000000001e-25,1.8626451e-08,0.0,True
2001-07-16,66.19000000000001,33.9,17.114286,21.385715,13.2,74.299995,3.3285716,2.6142857,3.357143,6.042857,19.9,0.00065279007,0.0023680627,-7.345365000000001e-25,1.1175871e-08,0.0,True
2001-07-23,66.23,8.7,18.642857,24.17143,12.2,66.442856,3.4,2.5285716,3.8142858,6.0857143,20.928572,3.065914e-05,0.002228506,-7.345365000000001e-25,7.450581e-09,0.0,True
2001-07-30,66.14798968189798,2.2,22.600002,29.257143,14.657144,61.92857,4.357143,2.2571428,4.857143,5.2714286,25.185715,3.0130148e-05,0.002082467,-7.345365000000001e-25,1.1175871e-08,0.0,True
2001-08-06,66.24000000000001,25.1,18.27143,24.357143,13.371429,75.78571,3.0428574,2.042857,3.1285713,5.071429,21.22857,0.00021854788,0.0019451454,-7.345365000000001e-25,1.6763806e-08,0.0,True
2001-08-13,66.22000000000001,14.4,17.085714,22.057144,12.785714,73.78571,2.7714286,1.9999999,3.0,5.114286,18.77143,0.000116825104,0.0018365085,-7.345365000000001e-25,2.0489097e-08,0.0,True
2001-08-20,66.21000000000001,20.4,21.942858,27.942858,16.442858,70.87143,3.3285713,1.7285715,3.6857142,4.8,23.528572,6.5907836e-05,0.001728043,-7.345365000000001e-25,1.1175871e-08,0.0,True
2001-08-27,66.16000000000001,2.8,21.257143,27.800001,15.928572,72.12858,2.885714,1.1428572,3.3142855,4.5285716,23.542856,0.00010219216,0.0016241893,-7.345365000000001e-25,7.450581e-09,0.0,True
2001-09-03,66.17,9.1,15.885715,20.714285,11.6,74.07143,2.0285714,1.0571429,2.4714284,4.4857144,18.171429,0.00011000037,0.0015310124,-7.345365000000001e-25,1.1175871e-08,0.0,True
2001-09-10,66.18,32.5,12.828572,16.685715,9.957143,85.62858,1.6142856,1.3857143,1.5857143,5.5857143,14.514286,0.0010083765,0.0014604703,-7.345365000000001e-25,9.313226e-09,0.0,True
2001-09-17,66.16000000000001,24.3,11.257143,15.771429,8.642858,88.32857,1.2142857,1.1571429,1.3571428,7.5285716,13.057143,0.0010019392,0.0014156476,-7.345365000000001e-25,7.450581e-09,0.0,True
2001-09-24,66.14,18.6,11.642858,15.385714,8.785714,86.07143,1.1142857,1.0571429,1.3000001,8.714286,12.585714,0.00033275783,0.0013946816,-7.345365000000001e-25,1.1175871e-08,0.0,True
2001-10-01,66.15,25.7,13.1285715,16.185715,10.328572,91.37142,0.8,0.7571429,0.95714283,9.357142,13.671429,0.001034528,0.0013970435,-7.345365000000001e-25,5.5879354e-09,0.0,True
2001-10-08,66.16000000000001,10.9,14.314286,19.157145,10.071428,85.12858,1.0142857,1.0,1.2428571,9.614285,14.571428,0.0026373565,0.0021245703,-7.345365000000001e-25,7.450581e-09,0.0,True
2001-10-15,66.14,0.0,14.428572,19.97143,10.085715,78.92857,1.0285715,0.9142858,1.3714286,9.485714,14.142858,1.8179417e-06,0.001660265,-7.345365000000001e-25,7.450581e-09,0.0,True
2001-10-22,66.13000000000001,7.1,11.185715,15.742857,7.614286,90.91429,0.5142857,0.44285718,0.71428573,9.242857,12.3,6.598234e-05,0.0017886162,-7.345365000000001e-25,7.450581e-09,0.0,True
2001-10-29,66.17217988053648,5.2999997,10.142858,13.099999,7.557143,89.67143,0.4571429,0.4428572,0.6571428,9.342857,10.3,8.3215535e-05,0.0018767342,-7.345365000000001e-25,5.5879354e-09,0.0,False
2001-11-05,66.12,1.8,9.728571,13.071428,7.1142855,79.25715,0.78571427,0.7285715,1.1142857,9.342857,9.1285715,5.5745244e-05,0.0019356534,-7.345365000000001e-25,7.450581e-09,0.0,True
2001-11-12,66.21000000000001,13.1,4.142857,6.828572,0.9857143,89.15715,0.41428575,0.41428575,0.44285718,9.814285,4.2,0.00019715726,0.0019784272,5.2242052e-05,0.00010482222,0.00013108179,True
2001-11-19,66.26,0.5,3.3428571,6.5142856,-0.34285718,91.35714,0.20000002,0.20000002,0.27142859,9.985714,3.4857142,2.0258129e-05,0.0020219386,1.578104e-05,4.192628e-05,1.7922372e-05,True
2001-11-26,66.30000000000001,11.0,3.257143,6.071429,0.17142855,90.9,0.34285712,0.32857138,0.3285714,10.071428,3.3,0.00020848215,0.0020643398,4.622482e-05,8.726865e-05,0.000115199015,True
2001-12-03,66.31,13.2,2.3285716,4.0,0.87142855,94.01428,0.17142858,0.17142858,0.24285714,10.428572,2.8142858,0.00030347705,0.002116464,9.173438e-06,2.8250739e-05,1.4603138e-06,True
2001-12-10,66.34,24.5,2.3,4.3,0.22857149,92.62858,0.14285716,0.14285716,0.24285714,10.614285,2.057143,0.0003822744,0.0022621527,3.061408e-05,1.8324703e-05,0.00031125546,True
2001-12-17,66.36,5.7,-1.0571429,1.1571428,-3.5571427,88.88572,0.057142857,0.057142857,0.21428572,10.3,-0.41428572,2.861768e-05,0.002539277,0.00054279395,0.00027891994,0.0015773177,True
2001-12-24,66.41000000000001,14.3,-1.6571429,1.1714286,-4.957143,86.471436,0.08571429,0.08571429,0.34285715,10.442857,-0.114285715,0.0001770407,0.0027852282,0.0045012804,0.0013753586,0.015624974,True
2001-12-31,66.43483630247617,23.6,0.0,2.1285715,-2.1,87.28571,0.31428573,0.31428573,0.45714286,10.671429,0.0,0.000627093,0.002597645,0.009406805,0.011097275,0.0069542676,True
2002-01-07,66.42,1.8,-3.114286,0.5428571,-8.314286,84.98572,0.11428572,0.11428572,0.21428572,10.342857,-0.75714284,0.00018572807,0.0035195127,0.009457282,0.00498607,0.0010290481,True
2002-01-14,66.45,2.8000002,-0.9285715,0.45714286,-2.357143,97.01429,0.028571429,0.028571429,0.18571427,10.3,-0.32857144,7.327646e-05,0.003952682,0.0071670897,0.0021552518,0.0025990643,True
2002-01-21,66.5,9.7,1.2714285,3.5428574,-1.4285715,90.61428,0.24285714,0.24285714,0.2857143,10.285714,-0.028571429,0.00035329908,0.0042767376,0.0052591222,0.007669853,0.0006116256,True
2002-01-28,66.53,15.0,7.514286,10.614286,4.1714287,77.57143,1.2285713,1.2142857,0.95714283,10.314285,5.2714286,0.0005951449,0.0045849755,2.3830504e-05,0.00019348972,0.0,True
2002-02-04,66.51,0.8,9.2,12.928572,5.514286,70.28571,1.3285714,1.2142857,1.2428571,10.185715,6.9142857,1.30832195e-05,0.0050856844,-7.2791902999999985e-25,5.5879354e-09,0.0,True
2002-02-11,66.54,17.7,8.414286,10.885715,5.1857147,79.814285,1.0285715,0.9714286,0.95714283,9.942857,6.857143,0.00040996075,0.005457379,-7.2791902999999985e-25,5.5879354e-09,0.0,True
2002-02-18,66.58000000000001,1.5,2.557143,7.7571435,-1.4857142,77.057144,0.9285714,0.88571423,0.78571427,10.271428,3.7428572,5.687028e-05,0.005712442,2.1741503e-06,2.503395e-06,4.9620867e-06,True
2002-02-25,66.60000000000001,35.6,1.7428572,5.0,-0.9571429,84.41429,0.8428572,0.8428572,0.7285714,10.485714,1.7571429,0.00051000714,0.0059485957,0.0032197123,0.0077275243,0.011827383,True
2002-03-04,66.61,16.4,4.6285715,8.042857,1.042857,80.114296,1.2285715,1.2142857,0.9571429,10.614285,4.3,0.0005244985,0.0065241307,0.00043241182,0.004365064,0.0005020946,True
2002-03-11,66.64,6.9,7.142857,10.657143,3.9428573,72.942856,1.5142857,1.4714286,1.4142857,10.085714,6.1571426,9.839237e-05,0.0074313954,2.4142719e-05,0.00015209615,0.0,True
2002-03-18,66.66000000000001,13.900001,5.914286,9.714286,2.142857,83.28571,0.95714283,0.88571423,0.9857143,9.985714,6.042857,0.00012770295,0.0076868013,0.0003727788,0.0014060754,0.001468312,True
2002-03-25,66.7,12.7,4.5285716,7.928571,2.3,80.8,1.0000001,0.9857144,1.0714285,10.185715,5.385714,0.00019967556,0.007613197,7.394949e-05,0.00014010072,0.0004468225,True
2002-04-01,66.68,0.0,6.1285715,12.614286,-0.3285714,65.442856,1.6142858,1.3571427,1.6285714,9.771428,7.7,1.1846423e-05,0.007458627,0.00016375382,0.0005256906,0.00021039695,True
2002-04-08,66.65,0.0,5.585715,11.914286,-1.0142858,60.37143,2.4285715,1.8428571,2.4857142,8.828571,8.814285,4.082918e-06,0.0071620718,2.2644088e-05,6.8048015e-05,0.00010051206,True
2002-04-15,66.60000000000001,22.3,6.9000006,10.028572,2.4714284,81.78571,1.2571428,0.98571426,1.2428571,8.4,8.314285,0.00031471252,0.0068219975,6.15347e-06,3.061071e-05,0.0,True
2002-04-22,66.56,1.0,8.414286,13.342857,3.457143,83.28571,1.5428572,1.4,1.6999999,9.414286,10.9,0.00025632977,0.0065163076,-7.2791902999999985e-25,7.450581e-09,0.0,True
2002-04-29,66.55479472686798,10.9,10.400001,14.657144,6.414286,80.471436,1.8142856,1.7142857,1.8428571,9.171429,11.8714285,0.00021532178,0.006200053,-7.2791902999999985e-25,5.5879354e-09,0.0,True
2002-05-06,66.55000000000001,27.2,11.800001,14.6,9.300001,83.61428,1.5857143,1.4857143,1.7714285,9.385715,12.828571,0.00045223534,0.005912699,-7.2791902999999985e-25,3.7252903e-09,0.0,True
2002-05-13,66.54,25.0,16.300001,21.585714,10.757143,74.21429,3.142857,2.7142856,3.3999999,9.257143,17.857143,0.00014579296,0.005631618,-7.2791902999999985e-25,7.450581e-09,0.0,True
2002-05-20,66.51,7.4,15.328572,20.428572,9.685715,73.85714,3.0571425,2.3714287,3.1857142,8.471429,18.542856,0.00011473894,0.0052999333,-7.2791902999999985e-25,7.450581e-09,0.0,True
2002-05-27,66.5,21.3,15.928572,20.914288,10.842857,76.9,2.8857143,2.414286,3.0285716,8.1285715,18.77143,0.00030341744,0.0049638823,-7.2791902999999985e-25,0.0,0.0,True
2002-06-03,66.51,1.7,14.800001,20.37143,8.242857,70.78571,3.2857144,2.5857143,3.5,7.757143,18.685715,7.4364245e-05,0.004659809,-7.2791902999999985e-25,0.0,0.0,True
2002-06-10,66.49000000000001,41.0,17.128572,20.7,13.585715,79.85714,2.8857143,2.214286,2.957143,7.142857,19.842857,0.0002802834,0.0043290406,-7.2791902999999985e-25,1.1175871e-08,0.0,True
2002-06-17,66.48,15.2,16.814287,21.114286,12.400001,80.21429,2.9428573,2.3857143,2.9285715,7.4428573,19.157143,0.0001604259,0.004082054,-7.2791902999999985e-25,1.1175871e-08,0.0,True
2002-06-24,66.45,18.0,19.757143,25.142857,14.1285715,73.12858,3.9999998,2.9142857,4.2571425,6.857143,23.385714,0.00012010336,0.0037836134,-7.2791902999999985e-25,1.1175871e-08,0.0,True
2002-07-01,66.48,10.3,15.585715,20.157145,10.385715,71.08572,3.3714287,2.042857,3.3428571,6.142857,19.2,0.00011114776,0.0035015568,-7.2791902999999985e-25,7.450581e-09,0.0,True
2002-07-08,66.5,7.1,17.02857,21.228573,11.442857,76.02857,2.9285715,1.5,2.9857142,5.885714,18.814285,4.1380525e-05,0.0032687262,-7.2791902999999985e-25,1.4901161e-08,0.0,True
2002-07-15,66.53,27.8,19.47143,25.385715,13.571428,72.75715,3.7285712,2.2142856,3.8428571,5.9142857,22.457144,0.00023412704,0.0030067414,-7.2791902999999985e-25,2.2351742e-08,0.0,True
2002-07-22,66.60000000000001,70.399994,16.657143,20.17143,13.457144,84.22857,2.3142858,2.0428572,2.4428573,7.928571,18.785715,0.0026609153,0.0037240982,-7.2791902999999985e-25,1.8626451e-08,0.0,True
2002-07-29,66.64411299205486,7.3,18.614286,23.77143,13.17143,74.057144,3.1142857,2.5,3.4142857,7.7285714,19.9,0.000104643404,0.0026995763,-7.2791902999999985e-25,1.4901161e-08,0.0,True
2002-08-05,66.64,38.5,20.7,27.385715,15.357142,76.04286,3.3285716,2.5285714,3.8714287,7.4,23.785715,0.0012150258,0.0025502816,-7.2791902999999985e-25,1.3038516e-08,0.0,True
2002-08-12,66.65,27.1,18.985716,24.071428,14.671428,85.32857,2.242857,2.0857143,2.6714284,8.942857,21.87143,0.006630391,0.007381484,-7.2791902999999985e-25,1.4901161e-08,0.0,True
2002-08-19,66.82000000000001,1.9,20.37143,25.714285,15.17143,76.24286,2.9714284,2.585714,3.3999999,10.028571,22.22857,3.5859644e-05,0.0025121495,-7.2791902999999985e-25,1.4901161e-08,0.0,True
2002-08-26,66.78,0.6,20.928572,27.514286,14.685715,73.07143,3.2428567,2.5285714,3.7857144,8.685715,24.0,2.9608607e-05,0.0025784522,-7.2791902999999985e-25,1.3038516e-08,0.0,True
2002-09-02,66.58000000000001,0.0,19.571428,26.014286,13.1,71.24286,2.7285714,1.8428572,3.2857144,7.9,22.985714,2.4557114e-05,0.0025321245,-7.2791902999999985e-25,9.313226e-09,0.0,True
2002-09-09,66.5,0.0,18.4,25.542858,11.042857,69.07143,2.5714285,1.3571428,3.1571429,7.2285714,20.642857,1.065433e-05,0.0024557933,-7.2791902999999985e-25,1.4901161e-08,0.0,True
2002-09-16,66.44000000000001,2.6000001,14.6285715,21.442858,9.014286,77.328575,1.7714287,1.0285715,2.142857,7.0571427,17.642857,2.901256e-05,0.002367176,-7.2791902999999985e-25,1.1175871e-08,0.0,True
2002-09-23,66.29,14.1,12.871429,16.457144,10.585715,81.97143,1.0428572,0.65714294,1.4142857,6.928571,14.657143,0.00016654283,0.0022927225,-7.2791902999999985e-25,9.313226e-09,0.0,True
2002-09-30,66.36296102981912,6.7999997,9.685715,14.942858,4.5285716,81.72858,1.0,0.8,1.2285715,7.428571,11.485714,5.2288175e-05,0.0022276342,-7.2791902999999985e-25,0.0,0.0,False
2002-10-07,66.28,11.5,10.714286,15.771429,6.3857145,85.814285,0.9571429,0.8000001,1.1142857,7.714286,12.428572,0.00017854571,0.0021559969,-7.2791902999999985e-25,9.313226e-09,0.0,True
2002-10-14,66.30000000000001,9.400001,5.157143,9.142858,1.3000001,80.28571,0.64285713,0.55714285,1.0285714,8.457143,6.385714,6.555021e-05,0.0020937473,2.2019658e-05,8.180365e-05,0.00013183057,True
2002-10-21,66.32000000000001,12.6,8.0,11.785714,4.914286,87.75714,0.64285713,0.61428565,0.7285714,8.8,8.042857,0.0002789274,0.0020402223,4.189355e-06,5.284883e-05,0.0,True
2002-10-28,66.35000000000001,27.3,9.300001,13.228572,5.7428575,83.18572,1.1428572,1.1428572,1.0,9.671429,8.514286,0.0004120916,0.001998052,-7.2791902999999985e-25,7.450581e-09,0.0,True
2002-11-04,66.36,27.699999,4.7571425,8.228572,1.5,90.97143,0.4142857,0.4142857,0.40000004,10.428572,5.885714,0.0004644692,0.0019750148,0.00041341782,0.0008284673,0.0037603527,True
2002-11-11,66.43,16.800001,2.1857145,5.3428574,-0.95714283,88.71429,0.41428572,0.41428572,0.34285715,10.657143,2.5285714,0.0005534813,0.0020090714,0.0019588016,0.0055346508,0.0031025782,True
2002-11-18,66.49000000000001,4.7000003,7.228572,10.357142,4.2285714,90.200005,0.34285715,0.34285715,0.3857143,10.514286,6.385714,0.00025320053,0.0021901503,7.758254e-05,0.0005882643,0.0,True
2002-11-25,66.59,8.6,2.9857144,5.542857,0.2142857,95.27143,0.14285715,0.14285715,0.18571429,10.5,3.4142857,0.0001591295,0.0024713203,2.7191072e-06,6.6589564e-06,6.262213e-06,True
2002-12-02,66.55000000000001,28.900002,5.7571425,7.514286,3.8285716,94.1,0.15714288,0.15714288,0.25714284,10.742857,5.1714287,0.00036527961,0.00278233,3.973643e-08,7.1153045e-07,0.0,True
2002-12-09,66.56,2.4,-2.3857143,-0.19999994,-4.1,87.35714,0.042857144,0.042857144,0.35714287,10.428572,0.2857143,6.8992376e-06,0.0031764433,8.6006665e-05,0.0,0.00018431991,True
2002-12-16,66.57000000000001,1.9,-6.5,-3.5857146,-9.971429,85.37144,0.0,0.0,0.21428572,10.3,-4.3,2.552569e-05,0.0035271347,0.00018995149,2.456829e-05,0.00019022077,True
2002-12-23,66.7,8.0,-1.1285714,0.54285717,-3.0857143,94.057144,0.0,0.0,0.14285715,10.4,-1.0428572,7.072091e-05,0.0037440434,0.0028302725,0.000108826905,0.009189423,True
2002-12-30,66.73237039541672,34.0,1.6285714,3.4142857,-0.25714287,89.58572,0.11428572,0.11428572,0.2857143,10.6285715,-0.6,0.0006980598,0.0038687736,0.005865375,0.010684416,0.009389661,True
2003-01-06,66.71000000000001,27.8,-2.2857144,1.1571428,-6.1285715,90.41429,0.0,0.0,0.21428572,11.3,0.0,0.0020590276,0.005373329,0.00614747,0.007950809,0.006141424,True
2003-01-13,66.74000000000001,10.299999,-6.6714287,-3.7000003,-11.142858,87.614296,0.042857144,0.042857144,0.17142858,10.428572,-0.82857144,0.00019684434,0.006299615,0.007133728,0.003951445,0.0046999864,True
2003-01-20,66.78,2.9,4.042857,6.357143,1.8142859,82.77143,0.51428574,0.50000006,0.5,10.271428,0.85714287,0.00022403896,0.0071087033,0.0010258243,0.0073611867,2.7902424e-05,True
2003-01-27,66.79,8.6,4.1714287,6.585715,1.4714286,88.24286,0.37142858,0.37142858,0.3857143,10.157143,2.0142858,9.267032e-05,0.0075680315,0.00021572907,0.0011130329,0.0010602437,True
2003-02-03,66.78,17.3,-0.5,2.7285714,-3.3,88.62858,0.34285715,0.34285715,0.4,10.428572,1.0285715,0.00036783516,0.0076982975,0.0038315172,0.001663588,0.00776767,True
2003-02-10,66.76,4.8,-1.8857144,0.8,-5.2000003,88.88572,0.12857144,0.12857144,0.34285715,10.3,-0.042857144,3.761798e-05,0.0077318475,0.007833617,0.0017300174,0.0058119595,True
2003-02-17,66.72000000000001,0.0,-4.6857142,0.14285716,-8.814286,75.685715,0.08571429,0.08571429,0.5428571,10.228572,-1.3714286,1.0818243e-05,0.0077040344,0.0087608155,0.00053592026,0.000698708,True
2003-02-24,66.66000000000001,0.0,-1.8571428,1.957143,-5.9428573,86.01429,0.34285715,0.34285715,0.5142857,10.142858,-1.0142857,7.661432e-05,0.0076190755,0.0070992084,0.004051827,0.00030133873,True
2003-03-03,66.65,1.1,1.3714286,6.928571,-2.457143,81.22858,0.67142856,0.5857143,0.7285714,9.828571,0.4857143,9.480119e-05,0.0074777007,0.0015994878,0.0036033131,0.00017917529,True
2003-03-10,66.64,5.3999996,4.4428573,8.385715,0.8714286,80.21429,0.85714287,0.81428576,0.9714286,9.8,2.942857,0.00011049956,0.007286608,0.00033679462,0.00082537346,0.00036892295,True
2003-03-17,66.61,9.1,3.8,8.428572,0.0142857265,81.828575,1.0714285,0.9857143,1.0,9.957143,5.0142856,0.00016726553,0.0070614293,4.019056e-06,1.8643215e-05,1.3727695e-05,True
2003-03-24,66.60000000000001,0.0,3.8285716,9.957144,-2.057143,61.142857,1.557143,1.2714285,1.7571429,9.457143,4.9714284,4.2766333e-06,0.0068259537,2.6271457e-05,5.7403e-05,6.817654e-05,True
2003-03-31,66.58874759780534,2.2,7.7285714,14.742858,1.9285716,76.42857,1.7428572,1.3857144,1.8571428,8.842857,9.542857,5.0760806e-05,0.0065272897,1.1069434e-06,8.629635e-06,0.0,True
2003-04-07,66.59,10.2,4.6,9.357142,-0.071428575,67.67143,1.8714286,1.5714284,1.9142857,8.471429,6.571429,9.49502e-05,0.0061906576,8.635862e-05,1.837872e-05,0.0008352399,True
2003-04-14,66.56,0.5,3.857143,10.042857,-3.5714285,63.11429,2.0,1.4857142,2.1285713,8.0,6.3142858,3.375113e-05,0.005846359,0.0010478781,0.0021915063,0.0016129985,True
2003-04-21,66.5,3.1,11.67143,18.07143,4.6,54.214287,3.6000001,2.3999999,3.7428572,6.9857144,11.942857,5.3614378e-05,0.0054323524,7.754281e-06,8.544326e-05,1.783669e-05,True
2003-04-28,66.47000000000001,9.3,13.571428,19.885715,5.914286,58.228573,3.1714284,1.5142858,3.3142858,6.285714,14.614285,2.233684e-05,0.0049873516,-7.2791902999999985e-25,5.2154064e-08,0.0,True
2003-05-05,66.45,5.5,15.271429,21.27143,7.857143,62.18572,3.7142856,1.5714285,3.7142856,6.0285716,15.428572,8.414686e-05,0.004578434,-7.2791902999999985e-25,7.450581e-09,0.0,True
2003-05-12,66.43,9.3,14.642858,20.657145,9.471429,70.22857,2.9285715,0.9142857,3.1285713,5.742857,18.028572,4.6670437e-05,0.004143551,-7.2791902999999985e-25,3.7252903e-09,0.0,True
2003-05-19,66.4,14.5,11.685715,16.657145,6.1714287,75.75715,2.4714286,1.5714285,2.6571429,5.8285713,14.9,0.00013039261,0.003770806,-7.2791902999999985e-25,3.7252903e-09,0.0,True
2003-05-26,66.36,3.6,15.842857,21.428572,10.071428,69.22857,3.3714287,1.7142856,3.642857,5.7285714,17.72857,2.6084483e-05,0.00342495,-7.2791902999999985e-25,7.450581e-09,0.0,True
2003-06-02,66.32000000000001,1.9,19.114286,25.785715,10.557143,56.12857,4.428571,1.0428572,4.8428574,5.3,22.085714,1.2136996e-05,0.0030559972,-7.2791902999999985e-25,3.7252903e-09,0.0,True
2003-06-09,66.27000000000001,25.1,21.642857,28.885715,14.985715,60.857143,4.9857144,2.1571429,5.4714284,5.3,24.485714,9.031594e-05,0.0026853755,-7.2791902999999985e-25,7.450581e-09,0.0,True
2003-06-16,66.23,4.6000004,19.057144,24.942858,11.342857,62.2,4.357143,1.7571428,4.6857142,5.114286,23.357143,1.7769635e-05,0.002375856,-7.2791902999999985e-25,7.450581e-09,0.0,True
2003-06-23,66.16000000000001,8.6,18.0,23.642857,11.485715,63.214287,3.9285715,1.7571429,4.142857,4.9,20.614286,5.2511692e-05,0.002125442,-7.2791902999999985e-25,7.450581e-09,0.0,True
2003-06-30,66.17065406082811,0.0,18.785715,25.028574,11.114286,59.214287,4.257143,0.97142845,4.7000003,4.6285715,21.971428,6.750226e-06,0.0019096881,-7.2791902999999985e-25,7.450581e-09,0.0,True
2003-07-07,66.15,7.8999996,16.814287,20.885715,13.228571,73.957146,2.7714286,1.4285716,3.1000001,4.571429,18.885714,9.62466e-05,0.0017196015,-7.2791902999999985e-25,2.2351742e-08,0.0,True
2003-07-14,66.14,1.9,18.014286,24.085714,10.900001,63.885715,3.9714284,1.1,4.2714286,4.357143,21.028572,3.2380223e-05,0.0015741885,-7.2791902999999985e-25,1.1175871e-08,0.0,True
2003-07-21,66.13000000000001,7.1,23.614286,30.414288,15.585715,55.97143,5.1,1.1428573,5.4714284,4.214286,25.028572,9.667128e-05,0.00142055,-7.2791902999999985e-25,1.4901161e-08,0.0,True
2003-07-28,66.10000000000001,19.8,21.185715,27.585714,15.942858,70.4,3.5285714,2.0714285,4.1,4.3285713,24.1,0.00010403991,0.0012861118,-7.2791902999999985e-25,7.450581e-09,0.0,True
2003-08-04,66.08000000000001,0.6,23.34286,29.957142,15.442858,59.042854,4.0571427,1.3142856,4.5571427,4.1285715,25.4,8.448958e-06,0.0011744574,-7.2791902999999985e-25,1.4901161e-08,0.0,True
2003-08-11,66.07000000000001,0.0,23.47143,31.257143,14.0,47.75714,5.057143,0.5142857,5.585714,3.8,25.914286,0.0,0.0010566711,-7.2791902999999985e-25,3.7252903e-09,0.0,True
2003-08-18,66.04,2.5,21.642857,28.47143,14.057143,52.757145,4.357143,0.54285717,5.0142856,3.6142857,23.757143,3.5911798e-06,0.00095234066,-7.2791902999999985e-25,1.1175871e-08,0.0,True
2003-08-25,65.98,2.4,18.67143,24.285715,12.771429,64.814285,3.0714285,0.49999997,3.5142858,3.642857,21.185715,2.4423003e-05,0.00087379664,-7.325276e-25,1.1175871e-08,0.0,True
2003-09-01,65.97000000000001,19.8,15.414286,20.685715,10.371429,69.17143,2.2714286,0.9285714,2.9142857,4.0,17.528572,0.00011127442,0.0008132607,-7.345365000000001e-25,1.4901161e-08,0.0,True
2003-09-08,65.96000000000001,6.5,15.614286,21.785715,9.7,66.01429,2.2714286,1.2714287,2.7571428,4.1285715,16.72857,1.9907951e-05,0.00076398253,-7.345365000000001e-25,5.5879354e-09,0.0,True
2003-09-15,65.92,24.0,13.914286,18.4,10.7,84.91429,1.4428571,1.1857144,1.6428572,5.214286,16.042856,0.00019438565,0.0007203445,-7.345365000000001e-25,5.5879354e-09,0.0,True
2003-09-22,65.9,0.0,18.37143,27.085714,11.314286,64.54286,2.5714285,1.7428571,3.0285716,5.0285716,18.6,1.0430813e-07,0.00068056583,-7.345365000000001e-25,3.7252903e-09,0.0,True
2003-09-29,65.91470354562404,10.3,11.785714,17.885715,6.457143,72.78571,1.5142858,1.0571429,1.9,4.5857143,13.971429,8.0809e-05,0.00064244866,-7.345365000000001e-25,7.450581e-09,0.0,False
2003-10-06,65.92,22.7,9.871429,14.714287,5.1285715,86.542854,0.95714283,0.8142857,1.1285714,4.9714284,11.6,0.00021919608,0.0006131828,-7.345365000000001e-25,0.0,0.0,True
2003-10-13,65.95,8.8,9.1,13.357142,5.8285713,81.78571,0.9571429,0.88571423,1.2428571,5.6285715,9.642858,0.00013882667,0.0005899817,-7.345365000000001e-25,9.313226e-09,0.0,True
2003-10-20,66.0,0.0,3.257143,10.242858,-2.1857142,82.38572,0.58571434,0.45714286,0.6571428,5.5,6.0285716,3.427267e-07,0.0005696267,-7.345365000000001e-25,5.029142e-08,8.940697e-08,True
2003-10-27,66.03,7.5,1.8571428,5.8285713,-1.5857143,86.17143,0.44285718,0.37142858,0.51428574,5.5571427,3.6142857,8.94703e-05,0.00055310875,9.133702e-06,4.5718625e-05,5.2921474e-05,True
2003-11-03,66.05000000000001,8.5,6.6571426,10.185715,3.1857142,82.12858,0.5285715,0.47142857,0.71428573,5.928571,5.2714286,7.584691e-05,0.00053893775,2.1514438e-06,7.746741e-06,0.0,True
2003-11-10,66.04,0.0,4.557143,8.028571,1.6000001,89.0,0.34285718,0.2714286,0.5285714,6.1,4.8142858,3.3155084e-06,0.00052588433,-7.345365000000001e-25,0.0,0.0,True
2003-11-17,66.04,11.5,3.1714287,7.085715,0.02857147,87.557144,0.3,0.27142859,0.37142855,6.1571426,2.8857143,0.00010672212,0.0005141869,-7.345365000000001e-25,1.8626451e-09,0.0,True
2003-11-24,66.06,1.0,10.157143,12.785714,6.957143,83.71429,0.41428572,0.35714287,0.6857143,6.957143,7.8142858,4.697591e-05,0.0005042404,-7.345365000000001e-25,5.5879354e-09,0.0,True
2003-12-01,66.08000000000001,5.4,6.457143,8.8,4.2285714,93.85714,0.18571432,0.18571432,0.24285714,7.1714287,6.2714286,4.5970082e-05,0.00049545616,-7.345365000000001e-25,1.8626451e-09,0.0,True
2003-12-08,66.11,1.6,2.2428572,5.071429,-0.40000004,89.0,0.22857143,0.21428572,0.31428573,7.357143,2.9857142,1.6503036e-05,0.00048799813,1.5377998e-05,1.328066e-06,5.4005533e-05,True
2003-12-15,66.13000000000001,32.7,2.3,5.914286,-1.7,84.37144,0.41428572,0.40000004,0.3857143,7.885714,1.0571429,0.00030683726,0.00048144162,7.386434e-05,0.0001337193,0.0005127713,True
2003-12-22,66.19000000000001,11.3,3.0857143,5.914286,0.20000002,84.71429,0.3857143,0.3857143,0.41428572,8.928572,1.8285714,0.00011218339,0.0004761666,0.00052863074,0.001329612,0.0016536713,True
2003-12-29,66.24430801001442,0.1,2.0857143,4.5,-0.8571429,79.200005,0.32857147,0.3,0.61428577,9.071428,0.7285714,3.9100647e-05,0.00047282875,0.00041306586,0.000710601,7.4505806e-08,True
2004-01-05,66.23,2.4,-3.614286,-0.7428571,-6.614286,89.62858,0.1,0.1,0.114285715,9.05,0.3,5.438924e-07,0.00047062337,0.0006355047,6.068498e-06,0.002888972,True
2004-01-12,66.29,27.0,2.1142857,4.9857144,-1.557143,91.38572,0.21428572,0.21428572,0.27142859,9.742857,-0.22857143,0.00035174936,0.0004695505,0.0025965997,0.0066740364,0.003776621,True
2004-01-19,66.34,29.9,2.7857144,4.857143,0.0285714,86.77143,0.5,0.5,0.5285714,10.714286,1.3571428,0.00044725835,0.0004716292,0.002120387,0.005077118,0.008247092,True
2004-01-26,66.42,4.9,-3.2142856,-0.7714286,-5.2999997,83.5,0.042857144,0.042857144,0.34285715,10.457143,-0.31428573,1.7680228e-05,0.00048606098,0.004985503,0.0002181232,0.0046722107,True
2004-02-02,66.48,19.8,2.0714288,4.328572,-0.71428573,85.685715,0.5142857,0.5142857,0.61428577,10.442857,0.94285715,0.00077983737,0.0005109459,0.0072181737,0.013433656,0.0060916767,True
2004-02-09,66.47000000000001,8.7,8.271429,10.914286,6.042857,80.51429,1.1,1.1,1.1142857,10.528571,6.6571426,0.00034025311,0.00056185573,0.0002543245,0.0003069248,0.0018619001,True
2004-02-16,66.49000000000001,9.299999,2.1,4.2285714,-0.95714283,89.1,0.3142857,0.3142857,0.4857143,10.428572,1.5857143,0.00024399161,0.0006472841,0.0033778916,0.00791036,0.0067195036,True
2004-02-23,66.5,0.0,0.61428577,3.9285715,-2.7285714,71.042854,0.67142856,0.62857145,0.98571426,10.042857,0.94285715,1.8164515e-05,0.0007505864,0.00051395665,0.00030869432,0.00062092766,True
2004-03-01,66.51,6.3,-0.81428576,3.2428572,-4.642857,79.700005,0.57142854,0.51428574,0.6857143,9.8,0.17142858,4.0873885e-05,0.0008451417,0.0028500897,0.0015732851,0.006610606,True
2004-03-08,66.5,3.6999998,0.057142843,4.214286,-3.957143,77.042854,0.71428573,0.65714294,0.9428572,9.6285715,0.94285715,0.00011859089,0.0009242594,0.002411127,0.0042525474,0.0015995614,True
2004-03-15,66.5,3.5,5.0,8.314286,1.9285715,81.614296,1.0571429,0.91428566,1.1428572,9.471429,4.0,0.0001654476,0.0009911358,0.0025310176,0.006282851,0.0041980892,True
2004-03-22,66.46000000000001,15.2,10.242858,15.114286,5.514286,75.471436,1.8857144,1.7,1.7428571,9.1,9.6285715,0.0001603514,0.0010460541,3.2356807e-06,4.017353e-05,0.0,True
2004-03-29,66.43693487005486,0.0,3.1571429,8.314286,-1.6857144,73.814285,1.1571429,0.95714283,1.3142856,9.014286,5.3285713,8.530915e-06,0.0010904372,0.00013248694,0.00031307526,0.00041772053,False
2004-04-05,66.42,4.7,9.142858,14.971429,2.857143,63.37143,2.4428573,1.942857,2.6714287,8.3,9.485714,4.390627e-05,0.0011185333,1.2045815e-05,8.938648e-05,0.0,True
2004-04-12,66.38000000000001,13.5,5.2571435,9.542857,1.3142856,86.52857,1.3142856,1.1857144,1.3000001,8.342857,7.4857144,0.000205338,0.0011334047,1.6916366e-06,1.3496727e-05,1.3411045e-05,True
2004-04-19,66.35000000000001,7.5,10.614286,17.071428,3.2285714,68.08572,2.5,1.9,2.6285713,7.785714,12.585714,3.515184e-05,0.0011358857,-7.2791902999999985e-25,3.3713877e-07,0.0,True
2004-04-26,66.33000000000001,12.9,11.014287,16.27143,5.014286,78.15715,2.085714,1.6142858,2.0857143,7.3285713,13.328571,0.00010304898,0.001122944,-7.2791902999999985e-25,1.8626451e-09,0.0,True
2004-05-03,66.32000000000001,0.8,14.414286,19.699999,8.8714285,65.71429,3.3714287,2.3428571,3.7285714,6.6571426,15.942857,3.4049153e-05,0.0010985509,-7.2791902999999985e-25,5.5879354e-09,0.0,True
2004-05-10,66.30000000000001,19.2,12.657143,17.085714,8.1,82.40001,1.9,1.6142858,2.0857143,7.457143,14.571428,0.001848653,0.0010718182,-7.2791902999999985e-25,0.0,0.0,True
2004-05-17,66.27000000000001,1.2,11.442858,15.328572,7.057143,80.01429,1.8285713,1.4714286,2.1,7.542857,13.942857,3.454089e-05,0.0010636076,-7.2791902999999985e-25,0.0,0.0,True
2004-05-24,66.23,8.3,11.542857,16.842857,5.214286,67.0,2.8999999,2.1571429,3.1285713,6.8,14.5,0.00012512505,0.001054272,-7.2791902999999985e-25,0.0,0.0,True
2004-05-31,66.22871725674099,1.2,13.185715,19.27143,5.357143,63.228573,3.142857,1.9142858,3.4714284,6.2285714,16.171429,2.6926398e-05,0.0010347664,-7.2791902999999985e-25,0.0,0.0,True
2004-06-07,66.24000000000001,18.4,15.371429,20.557144,9.914286,74.9,2.7999997,1.6999999,3.357143,6.0285716,18.742857,0.00020120293,0.0010023043,-7.2791902999999985e-25,0.0,0.0,True
2004-06-14,66.22000000000001,13.8,17.47143,22.557144,12.300001,73.97143,3.2999997,2.3571432,3.7428572,6.0285716,20.428572,8.14721e-05,0.00096936524,-7.2791902999999985e-25,1.8626451e-08,0.0,True
2004-06-21,66.18,9.1,14.442858,20.2,8.571428,69.314285,3.128571,2.357143,3.4714284,5.9,17.171429,0.00011045486,0.00093482435,-7.2791902999999985e-25,3.7252903e-09,0.0,True
2004-06-28,66.16000000000001,21.6,15.542857,20.557144,10.3714285,70.6,3.2142856,2.3999999,3.3714287,5.5857143,17.542856,0.00011932105,0.00090087205,-7.2791902999999985e-25,1.4901161e-08,0.0,True
2004-07-05,66.15,8.0,15.557143,20.985716,10.414286,70.85714,3.2142856,2.3142855,3.6285713,5.2,18.171429,0.000115558505,0.00086615235,-7.2791902999999985e-25,1.1175871e-08,0.0,True
2004-07-12,66.15,27.400002,15.971429,20.928572,10.557143,70.85714,3.1857142,2.2428572,3.5571427,5.3428574,18.642857,0.00012855232,0.00083215535,-7.2791902999999985e-25,1.1175871e-08,0.0,True
2004-07-19,66.12,33.699997,17.842857,23.285715,13.042857,75.15715,3.042857,2.4714286,3.457143,5.542857,19.714285,0.0001379773,0.00080282986,-7.284705e-25,1.6763806e-08,0.0,True
2004-07-26,66.10000000000001,23.2,18.242857,24.47143,12.228572,78.42857,2.9857142,2.6571429,3.3714287,6.6857142,21.714285,0.00395862,0.00077037513,-7.345365000000001e-25,7.450581e-09,0.0,True
2004-08-02,66.08000000000001,0.0,18.642857,25.7,10.857142,67.02857,3.5857143,2.6714287,4.2428575,6.1571426,22.12857,2.5607646e-05,0.0007421151,-7.345365000000001e-25,1.1175871e-08,0.0,True
2004-08-09,66.07000000000001,0.0,22.300001,29.47143,13.828572,56.27143,4.828572,2.142857,5.5,4.9714284,24.428572,1.0728836e-06,0.00070851296,-7.345365000000001e-25,1.3038516e-08,0.0,True
2004-08-16,66.03,9.5,20.585714,27.285715,13.6,66.47143,3.542857,1.6285714,3.9142857,4.7285714,22.77143,0.000992097,0.0006720349,-7.345365000000001e-25,1.8626451e-08,0.0,True
2004-08-23,66.01,9.5,18.5,24.87143,12.328572,67.57143,2.942857,1.7714287,3.5285714,4.614286,20.671429,6.912649e-05,0.00064394623,-7.345365000000001e-25,7.450581e-09,0.0,True
2004-08-30,65.98089223410497,29.5,16.1,21.285715,12.342857,80.71429,1.8857143,1.5714287,2.2571428,5.142857,17.72857,0.0001643002,0.00062122196,-7.345365000000001e-25,1.6763806e-08,0.0,True
2004-09-06,66.01,8.3,16.071428,23.628572,8.928572,71.457146,2.4428573,1.7428571,2.8999999,5.5142856,18.414286,7.644296e-06,0.00060071796,-7.345365000000001e-25,1.1175871e-08,0.0,True
2004-09-13,66.0,5.8999996,15.514287,22.285715,8.5,64.67143,2.4428573,1.6428572,2.8999999,4.7714286,17.985714,4.7683716e-05,0.0005754009,-7.345365000000001e-25,9.313226e-09,0.0,True
2004-09-20,65.98,4.7999997,14.271429,20.314287,7.714286,64.61428,2.0285714,1.0285715,2.542857,4.4142857,15.842857,6.6533685e-06,0.0005545467,-7.345365000000001e-25,3.7252903e-09,0.0,True
2004-09-27,65.97000000000001,16.9,11.585715,15.457144,8.8,81.5,1.1857141,1.0,1.4857142,4.9428573,12.142858,0.000113487244,0.00053821504,-7.345365000000001e-25,1.1175871e-08,0.0,True
2004-10-04,65.98,6.7,11.814286,17.000002,6.7714286,82.51429,1.0000001,0.8142857,1.2428571,5.4428573,12.8,8.709729e-05,0.00052604824,-7.345365000000001e-25,3.7252903e-09,0.0,True
2004-10-11,65.97000000000001,1.6,9.428572,15.014287,4.2428575,79.41429,0.91428566,0.6999999,1.2285715,5.3142858,11.385715,9.909272e-06,0.0005122945,-7.345365000000001e-25,1.8626451e-09,0.0,True
2004-10-18,65.97000000000001,4.5,7.371429,11.728571,3.2000003,75.94286,0.7714286,0.55714285,1.2428571,5.242857,7.9714284,3.0495226e-05,0.0004999563,-7.345365000000001e-25,0.0,0.0,True
2004-10-25,65.95,3.8,11.785714,17.242857,6.014286,74.07143,1.0714285,0.8428572,1.2857143,5.385714,10.4,4.7437847e-05,0.0004891753,-7.345365000000001e-25,7.450581e-09,0.0,True
2004-11-01,65.97000000000001,3.3,9.8,12.485715,6.8714285,86.67143,0.41428572,0.2857143,0.5857143,5.4428573,10.3,4.5850873e-05,0.00047908723,-7.345365000000001e-25,3.7252903e-09,0.0,True
2004-11-08,65.97000000000001,1.3000001,7.7714286,10.571428,5.1,84.21429,0.42857143,0.34285715,0.64285713,5.542857,7.614286,3.9488077e-05,0.00047069043,-7.345365000000001e-25,1.8626451e-09,0.0,True
2004-11-15,65.96000000000001,15.8,2.757143,5.5,-0.3285714,90.34286,0.2857143,0.27142859,0.31428573,6.3142858,3.2428572,0.00015486777,0.00046316534,1.8676122e-06,1.1775643e-05,1.1436641e-05,True
2004-11-22,65.95,43.0,4.4714284,7.285714,1.6571429,88.77143,0.5285714,0.5285714,0.47142857,7.7,4.0142856,0.00054614246,0.00045695156,0.002549756,0.007126147,0.008345123,True
2004-11-29,65.96167231908143,3.8,2.7857144,5.928571,-0.27142859,86.58572,0.3285714,0.3285714,0.3285714,8.685715,2.557143,8.876622e-05,0.00045372546,0.00036310015,0.0012966748,1.1332333e-05,True
2004-12-06,65.96000000000001,0.0,3.1285717,5.1857142,0.7857143,89.37144,0.14285715,0.14285715,0.2857143,8.8,2.7714286,6.4224005e-06,0.00045378506,1.7989249e-05,6.982125e-05,0.0,True
2004-12-13,65.94000000000001,0.0,1.4714286,3.1285713,-0.82857144,89.72858,0.10000001,0.071428575,0.2857143,8.7,1.5142857,1.3075769e-05,0.00045565516,6.010419e-05,4.5415014e-05,0.00022672862,True
2004-12-20,65.91000000000001,7.8999996,0.8000001,3.6000001,-2.3714287,83.35714,0.32857147,0.31428573,0.2857143,8.771428,0.18571429,0.00010725111,0.00045847148,0.0010589758,0.000531191,0.0031579286,True
2004-12-27,65.92,6.3,1.9,5.085714,-1.457143,85.17143,0.35714287,0.35714287,0.41428572,9.2,0.9714286,0.00021266937,0.00046229362,0.0012713387,0.003643088,0.000863906,True
2005-01-03,65.96000000000001,11.6,3.6000001,5.4,1.4428571,84.15715,0.25,0.22500001,0.5714286,9.625,1.25,0.00013612956,0.00046947598,0.00020799751,0.00066076405,0.00056914985,True
2005-01-10,66.07000000000001,2.6000001,7.085714,9.6285715,4.357143,74.685715,0.95714283,0.90000004,1.0285714,9.757143,5.0571427,7.814169e-05,0.00048121065,8.0040525e-07,9.099022e-06,0.0,True
2005-01-17,66.14,0.4,3.3285716,6.214286,0.2857143,80.5,0.42857146,0.37142855,0.5,9.471429,2.7285714,1.8283725e-05,0.000496991,2.8496697e-06,5.364418e-06,8.85129e-06,True
2005-01-24,66.18,26.7,2.0857143,4.571429,-0.11428571,85.37144,0.59999996,0.59999996,0.4857143,10.171429,1.6571429,0.0003420785,0.00051508844,0.00090343045,0.0012312215,0.006184846,True
2005-01-31,66.17987754262099,9.2,-1.8142859,0.4142857,-4.785714,87.542854,0.071428575,0.071428575,0.3285714,10.285714,0.18571429,0.00018190593,0.0005424395,0.006738867,0.0059795994,0.004552506,True
2005-02-07,66.2,0.3,0.37142858,3.4428573,-3.057143,78.07143,0.44285718,0.4,0.59999996,10.157143,0.71428573,8.332729e-05,0.00057828426,0.0016295456,0.0025215335,0.00025358796,True
2005-02-14,66.22000000000001,25.2,1.5571429,4.928571,-1.7142857,81.200005,0.64285713,0.62857145,0.59999996,10.428572,0.67142856,0.00033515692,0.00062441826,0.00069475744,0.0009543747,0.0023650713,True
2005-02-21,66.25,2.8999999,-0.5714286,1.2428571,-2.7000003,83.07143,0.18571429,0.18571429,0.5857143,10.4,0.14285715,3.8079917e-05,0.00068629533,0.005131364,0.0015823767,0.0054262467,True
2005-02-28,66.27000000000001,8.1,-2.5571427,-0.41428572,-6.0285716,85.40001,0.08571429,0.08571429,0.4857143,10.314285,0.1,4.2028725e-05,0.00075511634,0.009230091,0.002155874,0.010156568,True
2005-03-07,66.28,4.8,-2.9428573,0.35714287,-6.4857144,76.74286,0.071428575,0.071428575,0.7,10.3,0.1,2.9452145e-05,0.00081885606,0.013738218,0.0015617739,0.0056026727,True
2005-03-14,66.30000000000001,6.3,1.3857144,4.4428573,-1.5285715,78.28571,0.8142857,0.8142857,0.95714283,10.257143,0.9714286,0.0003759861,0.00087755173,0.008369094,0.011025723,0.004325658,True
2005-03-21,66.32000000000001,2.3,6.7000003,11.442858,2.0428572,67.814285,1.5857143,1.4285713,1.7285713,9.8714285,6.885714,0.00018584728,0.0009466857,0.000750712,0.005126197,4.462898e-06,True
2005-03-28,66.33000000000001,9.9,8.442858,13.842857,3.6000001,78.37144,1.2857143,1.1142856,1.5428572,9.471429,9.428572,0.00019264221,0.0010272041,2.8383164e-07,1.9520521e-06,0.0,True
2005-04-04,66.31,0.0,8.242857,15.514287,0.45714283,47.84286,2.7571428,2.2,3.0285716,8.8714285,9.485714,3.9741397e-05,0.0010947287,-7.345365000000001e-25,0.0,0.0,True
2005-04-11,66.28,13.0,7.4000006,12.257143,1.7571429,75.34286,1.7428572,1.5142858,1.6285714,8.214286,9.242857,0.00015471876,0.0011376962,1.5326908e-07,8.7171793e-07,1.0021031e-06,True
2005-04-18,66.24000000000001,3.8,12.514285,18.857143,6.2571425,68.88572,2.3999999,1.7571429,2.642857,7.642857,13.785714,5.710125e-05,0.0011625886,-7.345365000000001e-25,1.5459955e-07,0.0,True
2005-04-25,66.22000000000001,0.1,7.2571435,13.871429,0.22857141,52.485714,2.785714,1.5857143,3.2,7.0142856,11.8,8.6426735e-06,0.0011587143,-7.345365000000001e-25,0.0,0.0,True
2005-05-02,66.19000000000001,5.7,14.371429,20.97143,7.285714,63.200005,3.1,1.6571429,3.3714287,6.6571426,15.6285715,5.1423907e-05,0.0011356995,-7.345365000000001e-25,3.7252903e-09,0.0,True
2005-05-09,66.2,40.0,10.114286,15.242858,6.357143,77.91429,2.2571428,1.7714285,2.4428573,6.7714286,13.414286,0.00043872,0.0011048913,-7.345365000000001e-25,7.450581e-09,0.0,True
2005-05-16,66.2,25.2,9.057143,14.5,4.0285716,77.04286,2.2571428,1.9000002,2.357143,7.3714285,12.171429,0.00025840104,0.0010809898,-7.345365000000001e-25,0.0,0.0,True
2005-05-23,66.18,15.1,12.657143,17.514286,7.214286,70.01429,2.5142858,2.0857143,2.8285713,7.385714,15.314285,0.00011910498,0.0010539666,-7.345365000000001e-25,3.7252903e-09,0.0,True
2005-05-30,66.2311019894118,15.3,19.285715,25.242859,12.457144,64.38572,4.342857,3.1,4.5,6.5571427,22.2,6.771088e-05,0.0010175705,-7.345365000000001e-25,7.450581e-09,0.0,True
2005-06-06,66.19000000000001,2.4,13.442857,17.914286,8.5,70.77143,2.8285713,2.1285713,3.114286,6.2,16.571428,7.593632e-05,0.0009777024,-7.345365000000001e-25,3.7252903e-09,0.0,True
2005-06-13,66.19000000000001,0.2,11.442857,17.47143,5.071429,65.07143,2.7428572,1.9714288,3.2428572,5.8428574,14.714286,7.3865056e-05,0.0009423569,-7.345365000000001e-25,3.7252903e-09,0.0,True
2005-06-20,66.18,0.5,18.84286,25.957144,10.2,60.914284,4.2714286,1.6571428,4.7571425,5.214286,21.814285,1.2524426e-05,0.00090001523,-7.345365000000001e-25,3.7252903e-09,0.0,True
2005-06-27,66.16000000000001,11.799999,20.27143,28.0,12.5,59.728573,4.842857,1.5857145,5.1285715,4.9142857,24.214285,4.9322844e-05,0.00084313005,-7.345365000000001e-25,1.1175871e-08,0.0,True
2005-07-04,66.14,3.6,19.071428,24.985716,12.185715,63.457146,3.857143,1.3714286,4.2571425,4.928571,22.642857,3.618002e-05,0.00079200417,-7.345365000000001e-25,1.4901161e-08,0.0,True
2005-07-11,66.12,26.900002,16.385715,20.84286,12.514285,79.700005,2.8285713,2.2571428,2.957143,5.957143,19.685715,0.00021585822,0.0007561669,-7.345365000000001e-25,0.0,0.0,True
2005-07-18,66.06,5.0,20.714285,27.885715,13.642858,60.657143,4.4857144,2.7714288,4.942857,5.242857,24.428572,1.6137958e-05,0.0007145256,-7.345365000000001e-25,1.1175871e-08,0.0,True
2005-07-25,66.03,29.9,16.428572,21.028574,12.67143,75.17143,2.6285717,2.142857,2.9142857,5.9857144,18.4,0.00030054152,0.00067825615,-7.345365000000001e-25,1.1175871e-08,0.0,True
2005-08-01,66.01,30.1,19.814287,25.514286,14.6,71.61429,3.485714,3.0285716,3.942857,6.5571427,22.585714,0.0010371134,0.0006497875,-7.345365000000001e-25,1.1175871e-08,0.0,True
2005-08-08,66.0,14.1,14.671428,19.585714,9.985715,76.65715,2.3428571,2.1571429,2.642857,6.714286,18.185715,0.00018814206,0.0006207451,-7.345365000000001e-25,7.450581e-09,0.0,True
2005-08-15,65.98,14.6,14.900001,18.428572,11.771429,76.68572,1.757143,1.6142857,2.2857144,6.928571,16.22857,0.00015315413,0.0005995482,-7.345365000000001e-25,1.6763806e-08,0.0,True
2005-08-22,65.94000000000001,12.2,18.542858,24.928572,11.971429,72.88572,2.9285715,2.3,3.4142857,6.571429,21.3,8.6307526e-05,0.0005784929,-7.345365000000001e-25,1.3038516e-08,0.0,True
2005-08-29,65.98352488825786,3.7,16.285715,21.800001,11.185715,72.58572,2.2142859,1.6999999,2.7,6.214286,18.971428,7.004291e-05,0.0005576983,-7.345365000000001e-25,3.7252903e-09,0.0,True
2005-09-05,65.95,0.0,18.614286,25.285715,11.328572,67.814285,2.7999997,1.7285715,3.357143,5.4142857,21.1,6.67572e-06,0.0005355701,-7.345365000000001e-25,7.450581e-09,0.0,True
2005-09-12,65.94000000000001,13.3,19.27143,25.614286,13.042857,70.51429,2.3714287,1.057143,2.8142858,5.0285716,21.071428,0.00010330975,0.00051268935,-7.345365000000001e-25,1.3038516e-08,0.0,True
2005-09-19,65.91000000000001,16.9,12.214286,18.185715,6.328572,77.0,1.5428572,1.2285715,1.9142857,5.9714284,15.428572,0.0001693368,0.00049704313,-7.345365000000001e-25,3.7252903e-09,0.0,True
2005-09-26,65.9,9.5,13.685715,20.985716,6.600001,76.58572,1.5,1.1571429,1.8285714,6.1,15.842857,6.0886145e-05,0.00048149377,-7.345365000000001e-25,9.313226e-09,0.0,True
2005-10-03,65.91000000000001,17.8,11.67143,15.542857,8.157144,84.685715,0.87142855,0.78571427,1.1857144,6.6571426,12.9,0.0002361387,0.00046920776,-7.345365000000001e-25,7.450581e-09,0.0,True
2005-10-10,65.93,0.0,13.271429,18.957144,8.914286,81.114296,1.042857,0.81428576,1.4142857,6.928571,13.714286,2.5331974e-07,0.00045933574,-7.345365000000001e-25,7.450581e-09,0.0,True
2005-10-17,65.94000000000001,0.0,9.471429,16.314287,3.4285715,76.35714,0.9142858,0.6999999,1.1999999,6.5142856,11.314285,2.8312206e-07,0.00044905394,-7.345365000000001e-25,3.7252903e-09,0.0,True
2005-10-24,65.98,27.5,10.085715,14.414286,5.371429,82.87144,0.74285716,0.6285715,0.87142855,6.5571427,10.4,0.00023576617,0.0004407093,-7.345365000000001e-25,7.450581e-09,0.0,True
2005-10-31,66.0096616762272,7.4,11.985715,17.357143,7.728572,78.314285,0.87142855,0.7428571,1.0857143,7.142857,11.028571,1.5415251e-05,0.00043404847,-7.345365000000001e-25,7.450581e-09,0.0,True
2005-11-07,66.0,11.0,9.742858,13.257143,5.8,84.58571,0.5285715,0.51428574,0.5857143,7.2285714,9.1285715,0.00011847913,0.00042821467,-7.345365000000001e-25,5.5879354e-09,0.0,True
2005-11-14,66.03,0.0,7.6,11.585714,3.457143,85.4,0.35714287,0.3142857,0.3857143,7.3,7.214286,1.1920929e-06,0.00042357296,-7.345365000000001e-25,0.0,0.0,True
2005-11-21,66.04,21.9,2.3857143,4.4857144,-0.25714287,90.57143,0.20000002,0.18571432,0.3,8.142858,2.8142858,0.00026409328,0.00042034686,0.00010266191,0.00040844083,0.00061238185,True
2005-11-28,66.05000000000001,5.9,0.24285713,2.4142857,-2.5714285,84.328575,0.18571429,0.17142858,0.34285715,8.542857,0.8142857,1.4051795e-05,0.00041846186,0.0013844797,0.0002839081,0.0034904443,True
2005-12-05,66.08000000000001,4.8,0.90000004,3.542857,-2.1000001,85.38572,0.18571432,0.18571432,0.3285714,8.657143,0.1,0.000109642744,0.00041733682,0.0021773463,0.0027479474,6.357953e-05,True
2005-12-12,66.12,5.5,1.7285715,4.3714285,-1.5428573,91.78571,0.10000001,0.10000001,0.114285715,8.957143,1.1571429,6.762147e-05,0.00041737407,0.0002715247,0.0005232934,3.8146973e-06,True
2005-12-19,66.15,33.0,2.4285715,4.3428574,-0.24285713,88.58572,0.35714284,0.35714284,0.41428572,9.542857,1.6857142,0.00049714,0.00041934103,0.0014779284,0.0010586455,0.007359389,True
2005-12-26,66.22000000000001,14.9,3.2142856,5.142857,0.8000001,89.057144,0.25714287,0.25714287,0.34285715,10.257143,2.3285713,0.0002964735,0.00042615086,0.0016286146,0.006643094,0.00301826,True
2006-01-02,66.23,7.9,-1.7428572,0.4571429,-4.357143,88.14286,0.04,0.04,0.25714287,10.36,0.18,0.00012645125,0.00044298917,0.0068020197,0.006349802,0.009383075,True
2006-01-09,66.24000000000001,0.0,-1.6285714,0.028571425,-3.2571428,88.42857,0.042857144,0.028571429,0.2857143,10.242857,-0.042857144,2.4437904e-05,0.00046654046,0.0066417344,0.0006043054,0.0018812306,True
2006-01-16,66.26,1.5,-2.2428572,1.3571428,-5.457143,84.685715,0.114285715,0.114285715,0.20000002,10.185715,-1.0857143,7.5891614e-05,0.0004942417,0.0052009425,0.0022925325,1.1947006e-05,True
2006-01-23,66.28,17.1,-3.3714287,-0.67142856,-6.857143,83.314285,0.10000001,0.10000001,0.31428573,10.442857,-1.3428571,0.0004223436,0.0005245581,0.0059592836,0.00837075,0.0073242784,True
2006-01-30,66.27629157038514,0.0,-7.371429,-1.7714287,-12.2,77.65714,0.0,0.0,0.2,10.3,-4.357143,1.4975667e-06,0.00057352334,0.0034304517,5.7902187e-05,0.00028766692,True
2006-02-06,66.29,10.1,-3.1000001,-0.25714287,-7.1285715,90.114296,0.042857144,0.042857144,0.25714287,10.214286,-2.1571429,8.195639e-06,0.0006316826,0.004619757,0.00029440597,0.0050051175,True
2006-02-13,66.31,18.9,1.0571429,3.114286,-1.2571429,87.0,0.45714286,0.44285718,0.45714286,10.642858,0.0,0.00044439733,0.0006931126,0.005684308,0.008207474,0.007308092,True
2006-02-20,66.34,18.4,2.3285716,5.4000006,-0.62857145,86.200005,0.47142857,0.47142857,0.51428574,10.3,0.67142856,0.00047260523,0.00078454614,0.0029193617,0.006681649,0.0019330718,True
2006-02-27,66.37,1.5999999,-1.1857144,1.5428572,-3.7714288,77.92857,0.31428573,0.31428573,0.6857143,10.185715,-0.057142857,3.6746264e-05,0.0009279698,0.0028370903,0.00090449676,0.0029229391,True
2006-03-06,66.51,2.6,-0.5428571,3.3142858,-4.1285715,77.15714,0.5428571,0.5428571,0.8142857,10.042857,-0.08571429,6.6533685e-05,0.0010768846,0.004704731,0.0020295735,0.0053294003,True
2006-03-13,66.5,12.9,-2.0142858,1.2857143,-5.642857,83.52857,0.2857143,0.27142859,0.6571428,10.257143,0.0,9.673834e-05,0.0011987388,0.0122143375,0.004061507,0.01708787,True
2006-03-20,66.5,0.0,-0.77142864,2.4857144,-4.071429,81.37142,0.31428573,0.29999998,0.7428571,10.2,0.028571429,0.00020833313,0.0013035908,0.014372854,0.009969668,0.0018241629,True
2006-03-27,66.48,19.0,4.3,9.571428,-0.37142864,74.15715,1.3,1.2285713,1.3428571,10.057143,4.0,0.0021861196,0.0019508377,0.0031449227,0.007284239,6.3203275e-05,True
2006-04-03,66.37,12.3,8.971429,13.657143,3.9285717,77.1,1.6571429,1.6571429,1.6857144,10.257143,8.785714,0.0008293092,0.0016714409,3.820374e-06,4.003942e-05,0.0,True
2006-04-10,66.35000000000001,1.6,5.5285716,10.571428,0.71428573,66.14286,1.9285715,1.7142857,1.9571428,9.857142,7.214286,4.9628317e-05,0.0020835549,2.0776477e-06,1.0376796e-05,1.0855496e-05,True
2006-04-17,66.32000000000001,11.7,7.514286,11.714286,3.0857143,74.557144,1.5428572,1.3857143,1.7428571,9.385715,8.4,0.0008319169,0.0023610592,-7.345365000000001e-25,2.514571e-07,0.0,True
2006-04-24,66.30000000000001,6.8999996,10.557143,16.228573,5.214286,73.84286,2.0,1.7142857,2.1714284,9.114285,12.771428,0.00018924475,0.0025066957,-7.345365000000001e-25,1.8626451e-09,0.0,True
2006-05-01,66.38000000000001,17.1,10.3,15.528572,4.728572,73.8,2.142857,1.8857143,2.2714286,9.0,13.214286,0.0002475828,0.0025800243,-7.345365000000001e-25,0.0,0.0,True
2006-05-08,66.35000000000001,0.0,15.428572,22.557144,7.414286,52.0,4.4428573,3.3285716,4.542857,8.071428,17.157143,5.379319e-06,0.002575323,-7.345365000000001e-25,3.7252903e-09,0.0,True
2006-05-15,66.31,2.9,14.442857,21.47143,5.157143,57.014286,3.7285714,2.0857143,3.857143,6.7,18.0,5.7697296e-05,0.0024683252,-7.345365000000001e-25,0.0,0.0,True
2006-05-22,66.26,16.0,14.185715,19.642857,9.542857,71.71429,2.8428574,2.1,3.0714285,6.4857144,15.857142,0.00015987456,0.0023643523,-7.345365000000001e-25,7.450581e-09,0.0,True
2006-05-29,66.24568091855897,25.2,11.514285,16.171429,6.7428575,75.58572,2.7285712,2.2714286,2.7285714,6.7,14.228572,0.0002526492,0.0022702888,-7.345365000000001e-25,3.7252903e-09,0.0,True
2006-06-05,66.24000000000001,16.9,9.642858,13.771429,5.014286,76.6,2.1571429,1.8142856,2.3428571,7.1857142,13.114285,0.00019235909,0.002183929,-7.345365000000001e-25,0.0,0.0,True
2006-06-12,66.2,1.7,16.342857,23.5,7.9857144,62.4,4.071429,2.7857144,4.4714284,6.571429,20.242857,3.3959746e-05,0.0020872802,-7.345365000000001e-25,3.7252903e-09,0.0,True
2006-06-19,66.18,21.4,19.857143,26.242859,12.857142,67.3,3.9714284,2.0857143,4.3142858,5.8428574,23.5,0.00022019446,0.0019515604,-7.345365000000001e-25,7.450581e-09,0.0,True
2006-06-26,66.15,4.5,20.357143,26.514286,13.0,65.22858,4.4714284,2.3,4.6857142,5.5571427,24.185715,1.3783574e-05,0.0018339455,-7.345365000000001e-25,1.1175871e-08,0.0,True
2006-07-03,66.11,1.8,18.800001,25.128572,11.557143,60.37143,4.5,1.0714285,4.7428575,5.1857142,23.0,5.2303076e-06,0.0017043203,-7.345365000000001e-25,7.450581e-09,0.0,True
2006-07-10,66.04,11.6,22.685715,29.600002,15.17143,60.87143,5.0,1.7571428,5.3428574,5.042857,25.485714,0.0002477169,0.001562722,-7.345365000000001e-25,1.4901161e-08,0.0,True
2006-07-17,65.99000000000001,0.0,21.17143,28.34286,12.728572,57.385715,4.914286,1.5714285,5.3142858,4.8285713,25.5,5.170703e-06,0.0014431402,-7.345365000000001e-25,1.3038516e-08,0.0,True
2006-07-24,65.94000000000001,0.5,25.0,33.085716,15.585715,47.24286,5.4714284,0.7714285,5.6571426,4.428571,27.428572,1.1026859e-06,0.0013170019,-7.345365000000001e-25,1.1175871e-08,0.0,True
2006-07-31,65.92755218843956,4.4,24.042858,30.800001,16.671429,57.157143,4.442857,1.1428572,4.771428,4.4,26.957144,1.7479062e-05,0.0011988878,-7.345365000000001e-25,1.1175871e-08,0.0,True
2006-08-07,65.93,15.4,18.47143,24.042858,12.885715,66.12858,3.1285717,1.7142857,3.7285714,4.5857143,21.028572,0.0001572147,0.0011087656,-7.345365000000001e-25,1.8626451e-08,0.0,True
2006-08-14,65.91000000000001,13.4,16.185715,20.957144,11.771429,69.48572,2.3285713,1.5571429,2.9714284,4.5571427,19.22857,4.632026e-05,0.001040794,-7.345365000000001e-25,7.450581e-09,0.0,True
2006-08-21,65.9,18.4,17.97143,23.785715,13.042857,74.84286,2.6285713,2.1285715,2.9714284,4.9714284,19.828571,0.00011867285,0.0009802654,-7.345365000000001e-25,9.313226e-09,0.0,True
2006-08-28,65.89,14.599999,15.757143,20.914288,11.471429,77.72858,1.9,1.6571428,2.3857143,5.357143,17.814285,0.00015999377,0.0009258911,-7.345365000000001e-25,1.3038516e-08,0.0,True
2006-09-04,65.88000000000001,25.9,16.957144,21.085714,13.67143,73.01429,2.242857,1.9,2.7428572,5.8714285,17.22857,0.000104784966,0.00088033825,-7.345365000000001e-25,2.0489097e-08,0.0,True
2006-09-11,65.91000000000001,0.0,16.557142,23.014286,10.400001,68.77143,2.2857144,1.6142857,2.9428573,5.3,18.314285,2.771616e-05,0.00083595514,-7.345365000000001e-25,3.7252903e-09,0.0,True
2006-09-18,65.93,0.0,19.1,26.514286,11.757143,59.600002,2.8428574,1.4285713,3.7285714,4.5857143,19.757143,1.6391277e-06,0.0007898137,-7.345365000000001e-25,1.4901161e-08,0.0,True
2006-09-25,65.97000000000001,0.0,17.814287,24.628572,11.400001,58.700005,2.385714,0.68571424,3.3142855,4.3142858,18.385714,1.7732382e-06,0.0007467568,-7.345365000000001e-25,9.313226e-09,0.0,True
2006-10-02,65.98,21.7,16.557142,21.757143,12.071428,76.38572,1.3857143,0.7000001,1.7142857,4.3142858,17.671429,1.8179417e-05,0.0007083565,-7.345365000000001e-25,9.313226e-09,0.0,True
2006-10-09,65.99000000000001,4.8,12.785714,17.4,8.971429,77.6,1.0285714,0.7714285,1.4285715,4.6571426,13.385715,5.8077276e-05,0.0006785542,-7.345365000000001e-25,7.450581e-09,0.0,True
2006-10-16,65.98,0.0,10.714286,15.414286,6.728572,85.52857,0.62857145,0.34285715,0.85714287,4.5571427,12.928572,3.3974648e-06,0.0006527081,-7.345365000000001e-25,1.8626451e-09,0.0,True
2006-10-23,65.96000000000001,6.6,12.171428,17.742857,7.5142856,75.114296,0.91428566,0.5428571,1.1999999,4.4428573,11.685715,8.389354e-06,0.00062924623,-7.345365000000001e-25,9.313226e-09,0.0,True
2006-10-30,65.94263128624759,10.9,12.942858,16.857143,8.5,73.91429,1.1571428,0.7571429,1.4142858,4.614286,12.428572,7.069111e-05,0.00060620904,-7.345365000000001e-25,1.1175871e-08,0.0,True
2006-11-06,65.91000000000001,3.6000001,6.6,9.771429,3.5285716,77.27143,0.74285716,0.6571428,1.0714285,5.1285715,6.357143,6.045401e-05,0.0005869344,6.942522e-06,2.1191314e-05,2.1036714e-05,True
2006-11-13,65.9,11.9,6.785714,10.1,3.414286,79.185715,0.7,0.62857145,0.85714287,5.4857144,6.5571427,9.992719e-05,0.00057000667,-7.345365000000001e-25,2.2351742e-08,0.0,True
2006-11-20,65.88000000000001,7.0,10.014285,13.0,6.614286,79.457146,0.55714285,0.4714286,0.7285714,5.857143,8.485714,3.9860606e-05,0.00055436045,-7.345365000000001e-25,3.7252903e-09,0.0,True
2006-11-27,65.89,11.1,8.271429,11.314285,4.571429,81.02857,0.4714286,0.42857143,0.5857143,6.214286,6.8142858,0.00013902783,0.0005403757,-7.345365000000001e-25,3.7252903e-09,0.0,True
2006-12-04,65.9,2.6,6.3857145,9.842857,3.2857144,83.78571,0.32857147,0.2857143,0.35714287,6.3,5.3428574,2.9712915e-05,0.0005281195,-7.345365000000001e-25,0.0,0.0,True
2006-12-11,65.9,18.5,7.7000003,10.757143,4.2285714,75.75715,0.64285713,0.5857143,0.85714287,6.3142858,6.214286,8.572638e-05,0.00051707774,-7.345365000000001e-25,3.7252903e-09,0.0,True
2006-12-18,65.92,3.0,5.7000003,8.328571,3.1000001,80.07143,0.45714286,0.42857146,0.5428571,6.7,4.6714287,9.761751e-05,0.0005074367,-7.345365000000001e-25,0.0,0.0,True
2006-12-25,65.94000000000001,1.9,4.357143,5.7714286,2.7,87.77143,0.12857144,0.12857144,0.31428573,6.7285714,3.5714285,1.0967255e-05,0.0004995689,-7.345365000000001e-25,0.0,0.0,True
2007-01-01,65.95,12.099999,3.1142857,5.8,0.85714287,86.1,0.33333334,0.33333334,0.54285717,6.9,1.7333333,0.00010126829,0.00049293786,0.0007909707,0.003238108,0.0031979978,True
2007-01-08,65.99000000000001,14.5,6.5,8.285714,4.7714286,82.185715,0.62857145,0.59999996,0.71428573,7.4428573,5.257143,0.0003971532,0.00048683584,3.6727815e-06,2.2649765e-05,0.0,True
2007-01-15,66.03,6.1000004,8.471429,11.328572,5.1857142,71.24286,1.1714286,1.1285714,1.3571428,7.8285713,6.542857,0.00016514957,0.000482969,-7.345365000000001e-25,0.0,0.0,True
2007-01-22,66.07000000000001,38.3,6.157143,9.614286,2.4857142,78.57143,1.0142857,1.0142857,0.9857143,9.142858,5.242857,0.001573056,0.00048346072,4.143942e-07,5.5879354e-09,1.0311604e-05,True
2007-01-29,66.10597833004792,7.2,-0.68571424,2.2142856,-3.9285715,77.75715,0.34285715,0.34285715,0.62857145,9.642858,-0.17142858,0.00016859174,0.00050137937,0.0014588833,0.0039399266,0.005036041,True
2007-02-05,66.10000000000001,1.8000001,5.5285716,7.585715,3.114286,80.08572,0.61428577,0.59999996,0.82857144,9.714286,4.257143,6.608665e-05,0.0005310476,0.00014588947,0.0010974016,6.7949295e-06,True
2007-02-12,66.15,12.0,0.59999996,3.5142858,-2.1142857,87.62858,0.24285717,0.24285717,0.45714286,9.828571,0.9714286,0.00029263645,0.0005676523,0.0043152175,0.008266583,0.011127744,True
2007-02-19,66.18,7.5,4.8857145,7.457143,2.542857,78.0,0.7142858,0.7,0.87142855,10.185715,4.1714287,0.00032061338,0.00061939657,0.00039278326,0.0030534454,0.0,True
2007-02-26,66.19000000000001,7.5,5.014286,9.214286,1.557143,77.92857,0.7714286,0.7428571,0.9714286,9.928572,4.457143,0.00019423664,0.0007043779,2.8950828e-06,1.3120472e-05,4.0978193e-08,True
2007-03-05,66.22000000000001,18.199999,5.642857,8.828572,2.2571428,78.942856,1.0714287,1.0714287,1.1142857,10.385715,5.4,0.00040801615,0.000795424,5.3263844e-05,0.00028210133,0.00030909106,True
2007-03-12,66.26,6.2,7.557143,12.828572,2.2142856,74.457146,1.3285714,1.2285715,1.3285714,9.942857,7.1857142,6.9759786e-05,0.0009214878,4.3880373e-06,3.4965575e-05,0.0,True
2007-03-19,66.29,7.2999997,6.942857,12.157143,1.6142857,73.25714,1.4428571,1.2714285,1.5,9.414286,7.8142858,0.0001642555,0.0010316372,-7.345365000000001e-25,1.8626451e-08,0.0,True
2007-03-26,66.31,37.199997,5.714286,9.985715,1.6428572,72.314285,1.6142857,1.5285715,1.8857143,10.185715,5.8285713,0.0016445592,0.0013192147,0.0019740376,0.010636155,0.010518316,True
2007-04-02,66.28,0.0,9.414286,16.514286,2.1714287,54.985714,2.642857,2.0714285,2.957143,9.242857,10.3,2.4735928e-06,0.0013278872,3.757931e-06,2.9370189e-05,0.0,True
2007-04-09,66.24000000000001,0.6,7.357143,12.1,2.7142856,68.21429,1.7857143,1.3714286,2.0,8.485714,9.528571,3.3840537e-05,0.0014491081,-7.345365000000001e-25,1.8626451e-09,0.0,True
2007-04-16,66.18,0.0,13.414286,21.142857,4.5,57.785713,3.3,2.142857,3.4142857,7.5857143,14.3,1.1280179e-05,0.0014970303,-7.345365000000001e-25,5.5879354e-09,0.0,True
2007-04-23,66.11,0.1,9.657143,16.485714,1.557143,53.228573,3.0857143,1.1999999,3.2428572,6.742857,13.214286,8.955598e-06,0.0014771819,-7.345365000000001e-25,0.0,0.0,True
2007-04-30,66.10942276128975,0.3,14.642858,22.585714,4.9857144,53.44286,3.8571427,1.0285714,3.8714287,6.2,17.5,1.6346574e-05,0.0014280006,-7.345365000000001e-25,3.7252903e-09,0.0,True
2007-05-07,66.10000000000001,22.900002,13.085715,20.485716,3.7857144,48.34286,3.9142857,0.65714294,3.9857142,5.9857144,16.9,0.0005002618,0.0013562515,-7.345365000000001e-25,0.0,0.0,True
2007-05-14,66.10000000000001,40.300003,13.228572,18.114286,9.0,75.457146,2.9285715,2.5714285,2.7142856,6.9714284,14.6285715,0.0009817183,0.0013008043,-7.345365000000001e-25,3.7252903e-09,0.0,True
2007-05-21,66.09,16.0,14.8,20.785715,7.9000006,66.814285,3.442857,2.8,3.7142856,7.0285716,17.185715,0.0003540367,0.0012573153,-7.345365000000001e-25,7.450581e-09,0.0,True
2007-05-28,66.06,15.099999,19.128572,25.4,13.17143,73.84286,3.4,2.7714288,3.742857,6.6857142,22.37143,0.0017565638,0.0012041777,-7.345365000000001e-25,3.7252903e-09,0.0,True
2007-06-04,66.04,10.3,15.057143,19.657145,10.142858,75.82857,2.3714287,2.042857,2.7714286,8.114285,18.528572,0.0036949217,0.0033402592,-7.345365000000001e-25,7.450581e-09,0.0,True
2007-06-11,66.05000000000001,5.2,21.185715,28.0,13.385714,66.1,4.342857,3.2714286,4.9714284,7.2,24.442858,2.4795532e-05,0.0011924058,-7.345365000000001e-25,3.7252903e-09,0.0,True
2007-06-18,66.04,40.899998,19.84286,26.285715,14.028571,68.042854,3.8999999,3.3285713,4.342857,7.1,23.028572,0.00082939863,0.0011550561,-7.345365000000001e-25,1.4901161e-08,0.0,True
2007-06-25,66.01,57.5,18.028572,24.157145,12.885715,74.828575,3.4571426,3.2285714,3.7571428,8.457143,21.5,0.0028501675,0.0011210367,-7.345365000000001e-25,7.450581e-09,0.0,True
2007-07-02,66.02000000000001,12.4,15.642858,20.314287,11.028571,71.24286,2.9857142,2.7428572,3.2285714,8.214286,17.72857,0.00034856796,0.0011042356,-7.345365000000001e-25,1.4901161e-08,0.0,True
2007-07-09,66.04,25.5,15.642858,20.528574,11.585714,72.92857,2.9857142,2.7428572,3.3285716,8.442857,17.87143,0.00030972064,0.0011028349,-7.345365000000001e-25,1.4901161e-08,0.0,True
2007-07-16,66.05000000000001,11.400001,19.97143,26.714285,13.67143,67.78571,3.9428573,3.3142858,4.3714285,8.414286,21.028572,0.00018450618,0.0011068732,-7.345365000000001e-25,1.4901161e-08,0.0,True
2007-07-23,66.06,35.5,20.385715,25.957144,14.6,64.41429,3.8285716,3.042857,4.3714285,7.6285715,23.742857,0.007576108,0.001087904,-7.345365000000001e-25,1.1175871e-08,0.0,True
2007-07-30,66.08621868445036,28.2,16.84286,21.514286,12.028572,69.77143,3.142857,2.7999997,3.5,8.257143,19.171429,0.00062149763,0.0010730028,-7.345365000000001e-25,1.4901161e-08,0.0,True
2007-08-06,66.11,0.9,17.300001,23.385715,10.6285715,64.1,3.3999999,2.7,4.0285716,7.9142857,19.757143,5.38826e-05,0.001083374,-7.345365000000001e-25,1.1175871e-08,0.0,True
2007-08-13,66.15,26.3,19.157145,24.457144,14.642858,78.98572,2.457143,2.0857143,3.0142858,7.742857,21.957144,0.00016339123,0.0010842234,-7.345365000000001e-25,1.6763806e-08,0.0,True
2007-08-20,66.19000000000001,13.0,18.514286,24.67143,11.342857,66.42857,2.9857142,2.442857,3.5285716,7.6714287,21.028572,0.000114545226,0.0010780394,-7.345365000000001e-25,5.5879354e-09,0.0,True
2007-08-27,66.24000000000001,75.2,17.942858,22.957142,13.685715,76.77143,2.2999997,2.1142857,2.8714287,8.9,20.571428,0.0030167848,0.0010641739,-7.345365000000001e-25,1.1175871e-08,0.0,True
2007-09-03,66.29,22.2,13.985715,18.571428,9.342857,73.957146,1.8142859,1.5428572,2.3428571,8.557143,16.814285,0.0013638139,0.001063101,-7.345365000000001e-25,9.313226e-09,0.0,True
2007-09-10,66.35000000000001,22.3,12.657143,16.928572,9.1285715,79.97143,1.5142857,1.4285713,1.9,9.114285,14.4,0.0002514273,0.0010739937,-7.345365000000001e-25,1.8626451e-08,0.0,True
2007-09-17,66.4,6.5,14.114286,19.014286,9.142858,71.12858,1.6999999,1.5142857,2.3142858,9.171429,14.985714,0.000107854605,0.0011015907,-7.345365000000001e-25,9.313226e-09,0.0,True
2007-09-24,66.43,6.2,13.571428,20.0,7.5,70.957146,1.6999999,1.4571428,2.1285713,9.0,14.528571,0.00013402104,0.0011270344,-7.345365000000001e-25,3.7252903e-09,0.0,True
2007-10-01,66.44000000000001,46.0,12.685715,15.828572,9.614286,82.057144,0.9285715,0.9142857,1.3000001,10.1285715,13.542857,0.0024775714,0.0011535585,-7.345365000000001e-25,1.1175871e-08,0.0,True
2007-10-08,66.43,0.4,10.442858,15.228572,6.3,85.557144,0.67142856,0.64285713,0.94285715,10.228572,12.571428,0.00011704862,0.0012726113,-7.345365000000001e-25,1.8626451e-09,0.0,True
2007-10-15,66.43,0.3,8.585714,14.071428,3.6857145,75.24286,0.75714284,0.67142856,1.0428572,9.8,10.085714,1.399219e-05,0.0014234781,-7.345365000000001e-25,3.7252903e-09,0.0,True
2007-10-22,66.41000000000001,5.1,7.1285715,11.714286,2.4714284,77.87142,0.7428571,0.67142856,0.9714286,9.6,8.0,8.235127e-05,0.001528427,-7.345365000000001e-25,5.5879354e-09,0.0,True
2007-10-29,66.42604114092039,1.4,6.285714,8.985715,3.0,83.700005,0.3571429,0.28571433,0.67142856,9.5,6.5571427,1.8149614e-05,0.0016005486,-7.345365000000001e-25,3.7252903e-09,0.0,True
2007-11-05,66.45,12.1,8.3,11.071428,4.3714285,85.14286,0.4,0.3857143,0.61428577,9.514286,7.9428573,6.380677e-05,0.0016518831,-7.345365000000001e-25,3.7252903e-09,0.0,True
2007-11-12,66.48,30.599998,4.728572,6.8142858,2.8714287,83.75715,0.7142858,0.7142858,0.71428573,10.457143,4.5571427,0.00060111284,0.0016927198,0.0007226467,0.0023265183,0.00447971,True
2007-11-19,66.49000000000001,7.7999997,2.2,4.7428575,-0.47142857,88.3,0.21428573,0.21428573,0.37142858,10.542857,2.2,0.0002609864,0.0018099248,0.0014092979,0.0029262789,0.0010301992,True
2007-11-26,66.52000000000001,5.4,3.3428571,6.357143,0.32857147,83.07143,0.29999998,0.29999998,0.47142857,10.228572,2.2714286,0.00010410696,0.0020247176,0.0002455541,0.0007042475,0.00089788437,True
2007-12-03,66.54,10.6,4.0142856,6.8714285,0.9857143,81.14286,0.55714285,0.55714285,0.62857145,10.357142,2.8714285,0.00035461783,0.0022211298,0.00025121938,0.00057097524,8.754432e-07,True
2007-12-10,66.52000000000001,8.8,6.5285716,9.057143,4.2285714,79.37144,0.61428565,0.61428565,0.71428573,10.514286,5.1571426,0.0006671995,0.002456054,3.0653817e-07,2.199784e-06,0.0,True
2007-12-17,66.5,4.2,1.2571429,2.6142857,-0.5142857,84.18572,0.15714286,0.15714286,0.37142855,10.3,1.6714286,8.8475645e-05,0.002827175,0.0002659162,3.9296225e-05,0.000798773,True
2007-12-24,66.47000000000001,0.0,-3.0142858,-1.5857143,-4.6571426,89.51428,0.0,0.0,0.18571429,10.2,-1.1857142,3.4794211e-06,0.003165327,0.0007890917,6.269291e-05,0.00014676526,True
2007-12-31,66.49005522609998,1.6,1.4428571,3.614286,-0.54285717,82.42857,0.18571429,0.17142858,0.40000004,10.142858,-0.41428572,2.809614e-05,0.0033879057,0.0005597841,0.00060922094,3.7886202e-06,True
2008-01-07,66.45,15.4,-0.7285715,0.90000004,-2.8285716,84.51429,0.15714286,0.15714286,0.44285718,10.2,-0.7,0.00022661686,0.0035039485,0.0019264959,0.0016135685,0.0024858825,True
2008-01-14,66.5,0.0,4.2000003,7.2428575,1.1285715,76.28571,0.55714285,0.54285717,0.59999996,10.228572,0.9,5.172193e-05,0.003568843,0.00024658156,0.0010112412,0.0,True
2008-01-21,66.54,37.6,7.714286,10.085714,4.328572,80.82857,0.7428571,0.7285714,0.7571429,10.542857,5.4714284,0.0011747628,0.0036418512,2.0152047e-06,1.4062971e-05,0.0,True
2008-01-28,66.58000000000001,18.6,5.642857,8.314286,2.5285716,79.64286,0.8000001,0.77142864,0.82857144,10.857142,4.571429,0.00045794994,0.004224539,-7.345365000000001e-25,2.9802322e-08,2.9802322e-08,True
2008-02-04,66.62,1.9,3.2571428,6.157143,0.55714285,75.814285,0.64285713,0.62857145,0.7714286,10.3,2.7714286,4.6506524e-05,0.0052595213,1.3692038e-05,3.694184e-05,5.253032e-05,True
2008-02-11,66.60000000000001,3.9999998,5.214286,10.17143,1.1714286,77.28571,0.6857143,0.6857143,0.6857143,10.1,4.0142856,0.00012737513,0.005963601,2.1741503e-06,1.3496727e-05,0.0,True
2008-02-18,66.57000000000001,0.4,0.8571429,4.2428575,-2.642857,76.94286,0.44285718,0.37142855,0.59999996,9.9,1.4714285,1.9222498e-05,0.0062372833,4.7666686e-05,6.861426e-05,0.00015446916,True
2008-02-25,66.53,3.6,6.428571,9.657144,2.8142858,76.185715,1.0142857,0.91428566,1.1,9.657143,5.571429,7.3969364e-05,0.0062707067,1.4435677e-05,8.140318e-05,0.0,True
2008-03-03,66.54,15.3,6.657143,10.228571,2.5571427,73.14286,1.3000001,1.2571429,1.4,9.814285,5.757143,0.00041382015,0.006202884,-7.345365000000001e-25,2.6077032e-08,0.0,True
2008-03-10,66.53,1.7,5.5,9.614286,1.8714286,69.21429,1.1714286,1.1285714,1.4571428,10.028571,4.885714,8.845329e-05,0.0061317235,4.600911e-05,0.00015133992,0.00016008317,True
2008-03-17,66.51,14.9,5.785714,9.514285,2.1285715,73.957146,1.4714286,1.4428571,1.4571428,9.9,6.0571427,0.00030759722,0.0060574263,3.973643e-07,1.1492521e-06,2.02097e-05,True
2008-03-24,66.5,12.1,1.3142856,5.4857144,-2.057143,78.25715,0.9714286,0.9714286,1.1,10.257143,2.9142857,0.0003804788,0.005994469,0.0019534316,0.0032963082,0.0073809996,True
2008-03-31,66.50094085219074,5.5,5.414286,10.657143,-0.04285717,68.11429,1.7142857,1.557143,1.8714286,9.971429,5.757143,0.00016716123,0.0059960857,0.0016246637,0.004118569,0.0005540587,True
2008-04-07,66.51,14.400001,6.4,10.542857,2.3857143,80.07143,1.1428572,1.1142857,1.3285714,9.857142,7.785714,0.0002873689,0.0059638694,1.4078049e-06,1.2820587e-05,0.0,True
2008-04-14,66.51,16.5,6.2571435,10.142858,2.9857142,80.87144,1.3142856,1.3142856,1.5,10.285714,7.7714286,0.00048667192,0.0059444383,9.6934185e-05,0.00057435036,0.0005603954,True
2008-04-21,66.5,8.2,6.7285714,10.342857,2.7714286,76.6,1.542857,1.4285715,1.8857143,10.328571,8.385715,0.00019192696,0.0061237887,4.7116052e-07,3.5949051e-06,0.0,True
2008-04-28,66.48,6.9,12.071428,18.542858,4.7999997,59.885715,3.114286,2.5714285,3.3714287,9.257143,14.071428,9.777397e-05,0.0062062964,-7.345365000000001e-25,0.0,0.0,True
2008-05-05,66.46000000000001,18.0,12.114286,17.585714,5.7571435,71.78571,2.6571426,2.2714286,2.7857144,8.942857,15.4,0.00034590065,0.0060357526,-7.345365000000001e-25,0.0,0.0,True
2008-05-12,66.43,0.0,15.685715,23.228573,6.3142858,56.42857,4.257143,2.942857,4.2714286,7.714286,19.528572,5.066395e-07,0.0057508796,-7.345365000000001e-25,0.0,0.0,True
2008-05-19,66.4,13.8,13.228572,19.27143,7.1,72.4,2.6571426,1.6,2.8428571,6.857143,18.042856,0.00016845763,0.0053827763,-7.345365000000001e-25,7.450581e-09,0.0,True
2008-05-26,66.35000000000001,0.0,14.085715,20.27143,6.7571435,58.04286,3.2714288,1.4571428,3.8142858,6.3714285,17.614286,4.8577785e-06,0.005033016,-7.345365000000001e-25,0.0,0.0,True
2008-06-02,66.33000000000001,0.0,20.642857,27.5,13.6285715,51.614285,4.928571,0.9142857,5.8142858,5.885714,22.1,6.824732e-06,0.0045950487,-7.345365000000001e-25,7.450581e-09,0.0,True
2008-06-09,66.32000000000001,12.5,19.957142,27.514286,11.828572,51.642857,5.157143,0.9571429,5.5285716,5.6571426,23.37143,8.478761e-06,0.0040927976,-7.345365000000001e-25,0.0,0.0,True
2008-06-16,66.29,15.5,14.300001,19.828571,8.985715,64.442856,3.357143,1.3285714,3.7,5.6571426,18.814285,8.291006e-05,0.003639102,-7.345365000000001e-25,0.0,0.0,True
2008-06-23,66.27000000000001,21.2,18.028572,24.614286,10.385714,58.842857,4.6857142,2.1857142,4.7714286,5.542857,21.1,8.5666776e-05,0.0032730997,-7.345365000000001e-25,7.450581e-09,0.0,True
2008-06-30,66.25587303706519,2.1,17.757143,23.614286,10.814286,60.785713,4.1428576,1.6428572,4.4714284,5.3428574,21.1,3.390014e-05,0.0029312894,-7.345365000000001e-25,1.4901161e-08,0.0,False
2008-07-07,66.26,27.9,20.100002,27.02857,13.042857,59.32857,4.542857,1.9428571,4.8714285,5.4714284,22.957144,0.00015954673,0.002619721,-7.345365000000001e-25,1.1175871e-08,0.0,True
2008-07-14,66.24000000000001,10.4,16.97143,22.185715,12.2,71.3,2.857143,2.1714284,3.3,5.6714287,19.3,0.00017076731,0.0023788884,-7.345365000000001e-25,1.1175871e-08,0.0,True
2008-07-21,66.2,25.3,15.885715,20.52857,11.757143,74.17143,2.4285715,1.857143,2.8714287,5.7285714,18.042856,0.00023914874,0.0021906272,-7.345365000000001e-25,1.4901161e-08,0.0,True
2008-07-28,66.15,0.5,21.085714,28.100002,13.728572,62.057148,4.5285716,2.7285714,4.871429,5.457143,22.785715,3.6507845e-05,0.0020162314,-7.345365000000001e-25,1.1175871e-08,0.0,True
2008-08-04,66.13000000000001,18.699999,22.114286,28.328571,15.614286,57.81429,4.3428574,2.085714,4.8285713,4.7714286,23.942858,7.676333e-05,0.0018258169,-7.345365000000001e-25,1.4901161e-08,0.0,True
2008-08-11,66.12,10.5,19.100002,25.128572,12.357142,62.700005,3.5571427,1.7428571,3.9857142,4.742857,21.014286,4.838407e-05,0.0016763508,-7.345365000000001e-25,1.3038516e-08,0.0,True
2008-08-18,66.15,4.7,17.47143,22.985716,11.514285,63.600002,2.757143,1.5142857,3.4857142,4.7,19.37143,9.545684e-05,0.0015529543,-7.345365000000001e-25,1.1175871e-08,0.0,True
2008-08-25,66.16000000000001,30.900002,17.085714,22.428572,12.3,70.75715,2.442857,1.6999999,2.9428573,4.9142857,18.62857,0.00018592179,0.0014420301,-7.345365000000001e-25,7.450581e-09,0.0,True
2008-09-01,66.15,12.4,17.728573,22.800001,13.071428,70.24286,2.2285714,1.6285714,2.914286,5.1285715,19.1,2.9623508e-05,0.0013519898,-7.345365000000001e-25,1.4901161e-08,0.0,True
2008-09-08,66.14,15.700001,16.542858,21.457144,11.457144,75.328575,1.9714286,1.5571429,2.2857144,5.242857,18.142857,0.00015960634,0.0012657866,-7.345365000000001e-25,1.1175871e-08,0.0,True
2008-09-15,66.12,0.2,14.228571,19.742857,8.942858,70.21429,1.7714285,1.2428571,2.4285715,5.1285715,16.642857,1.0237098e-05,0.0011901334,-7.345365000000001e-25,7.450581e-09,0.0,True
2008-09-22,66.09,10.2,10.6,15.442857,6.571429,73.799995,1.0,0.6857143,1.5142858,4.757143,12.814285,2.5704503e-05,0.0011280775,-7.345365000000001e-25,1.8626451e-09,0.0,True
2008-09-29,66.10851552286844,10.700001,10.900001,16.142859,6.7999997,82.44286,0.9285714,0.7285714,1.3571428,5.242857,12.428572,8.2440674e-05,0.0010768846,-7.345365000000001e-25,0.0,0.0,True
2008-10-06,66.08000000000001,16.6,9.471429,13.228572,5.9857144,79.12858,0.9285714,0.90000004,1.3000001,6.1,9.771428,0.00020485371,0.0010310449,-7.345365000000001e-25,5.5879354e-09,0.0,True
2008-10-13,66.07000000000001,1.6,11.771429,17.528572,6.457143,84.542854,0.7571429,0.6,1.0571429,6.357143,12.185715,1.5415251e-05,0.0009919964,-7.345365000000001e-25,3.7252903e-09,0.0,True
2008-10-20,66.03,7.4,10.642858,14.942858,6.514286,78.41429,0.8285714,0.7285714,1.1285714,6.4714284,10.328571,6.067753e-05,0.0009565577,-7.345365000000001e-25,7.450581e-09,0.0,True
2008-10-27,66.02000000000001,8.599999,9.385715,13.357142,5.085714,80.92857,0.62857145,0.55714285,0.88571423,6.6285715,8.842857,0.00012271106,0.0009248778,-7.345365000000001e-25,7.450581e-09,0.0,True
2008-11-03,66.07000000000001,20.4,5.0285716,7.3142858,2.7142856,89.614296,0.22857144,0.22857144,0.42857143,8.1,5.7714286,0.00023147464,0.0008990839,0.0001342921,0.00068747625,0.0006728396,True
2008-11-10,66.10000000000001,2.3999999,9.771429,11.728571,7.385715,88.68572,0.31428573,0.29999998,0.62857145,8.5,8.714286,3.2752752e-05,0.0008800104,1.0445004e-06,8.637086e-06,0.0,True
2008-11-17,66.14,0.90000004,7.285714,10.6285715,3.557143,79.44286,0.51428574,0.4857143,0.78571427,8.385715,6.6571426,1.6763806e-05,0.0008630678,-7.345365000000001e-25,3.7252903e-09,0.0,True
2008-11-24,66.2,23.0,2.7285714,4.9714284,0.20000002,83.47143,0.44285712,0.4285714,0.64285713,9.0,2.9142857,0.00016461313,0.0008488372,0.0012118362,0.00020286813,0.0044454746,True
2008-12-01,66.21000000000001,13.299999,1.5714285,4.1714287,-1.4,85.557144,0.21428573,0.20000002,0.40000004,9.3714285,1.1428572,0.00024138391,0.00083747506,0.002075922,0.0041560307,0.0025157146,True
2008-12-08,66.21000000000001,4.8999996,2.9714286,5.0142856,0.51428574,87.17143,0.22857144,0.22857144,0.44285718,10.1,1.7,0.000186041,0.0008299127,0.0020303044,0.005595023,0.0031910576,True
2008-12-15,66.22000000000001,7.3999996,1.4571428,2.7428572,0.25714287,89.200005,0.14285715,0.12857144,0.3285714,10.171429,0.8,6.9096684e-05,0.00082723796,0.0015349842,0.0030208193,0.0034153946,True
2008-12-22,66.23,4.5,3.9428573,5.8857145,1.6857144,86.814285,0.35714287,0.35714287,0.5428571,10.2,2.5142858,0.000107727945,0.00082921237,0.00030960923,0.00084709376,1.9744039e-07,True
2008-12-29,66.24118757391159,2.3,-0.2571428,1.9571428,-2.7714288,85.614296,0.08571429,0.08571429,0.32857147,10.242857,1.0142857,3.8430095e-05,0.0008358285,4.5713925e-05,4.4964254e-06,0.00011792034,True
2009-01-05,66.25,11.5,-4.414286,-0.35714287,-9.685715,88.4,0.0,0.0,0.20000002,10.25,-3.45,1.0564923e-05,0.000846833,0.0032209556,0.00018697977,0.012101226,True
2009-01-12,66.27000000000001,0.1,-7.6,-2.7428572,-13.042857,81.18572,0.028571429,0.028571429,0.24285714,10.314285,-1.2714286,1.7359853e-06,0.0008594915,0.0120045915,9.6574426e-05,0.00071902573,True
2009-01-19,66.29,4.6,0.8428572,3.2714286,-1.8857144,82.54286,0.25714284,0.25714284,0.44285712,10.2,-0.18571429,0.0002464652,0.0008721277,0.008422131,0.008539071,0.00022312254,True
2009-01-26,66.30000000000001,12.3,0.9714285,3.6714287,-2.0142858,87.042854,0.3,0.3,0.3857143,10.257143,0.057142857,0.00023818761,0.00088816136,0.0021797079,0.0035215225,0.0022318885,True
2009-02-02,66.32000000000001,0.8,-1.3142856,0.028571453,-2.6857145,88.3,0.08571429,0.08571429,0.45714286,10.2,-0.51428574,6.735325e-06,0.0009227395,0.0024605365,0.00033181906,0.0022850148,True
2009-02-09,66.34,2.0,1.3428572,3.957143,-0.9857143,85.75715,0.31428573,0.29999998,0.5,10.114285,0.0,8.60095e-05,0.00096715987,0.0017474322,0.00270921,0.00038976222,True
2009-02-16,66.37,16.8,-0.6857143,2.0,-3.5571427,86.77143,0.25714287,0.25714287,0.51428574,10.357142,-0.014285714,0.0003155172,0.0010136962,0.0058254628,0.0052586924,0.013034798,True
2009-02-23,66.41000000000001,10.5,0.18571424,2.3285713,-2.742857,86.3,0.22857143,0.22857143,0.5428571,10.442857,0.114285715,0.0004929602,0.0010762662,0.0077358712,0.011433914,0.0053945705,True
2009-03-02,66.43,9.099999,4.9857144,7.1857142,2.5285716,85.25714,0.58571434,0.58571434,0.8,10.357142,3.5714285,0.0004002154,0.001211755,0.0007117589,0.0023228992,0.00013859943,True
2009-03-09,66.46000000000001,10.5,4.5571427,8.028571,0.7285715,83.85714,0.6857143,0.6714286,0.88571435,10.257143,4.3,0.00023949146,0.0014651418,1.3113022e-06,6.712973e-06,0.0,True
2009-03-16,66.48,21.0,5.8428574,8.671429,2.8285716,84.799995,0.8142857,0.8142857,0.9142857,10.442857,5.614286,0.00046423823,0.0017477572,-7.345365000000001e-25,1.6763806e-08,0.0,True
2009-03-23,66.5,6.0,4.857143,9.3714285,0.27142856,67.78571,1.5142858,1.3714286,1.6999999,9.971429,5.9857144,0.00015997887,0.0021002218,9.809221e-06,3.0051917e-05,3.292784e-05,True
2009-03-30,66.4985061231906,6.9,4.557143,8.614286,0.3857143,77.25714,1.1,1.0714285,1.3285714,10.028571,5.1571426,0.00019466132,0.002375722,6.3470434e-05,0.00021168217,0.00021672994,True
2009-04-06,66.51,0.0,10.1285715,17.47143,1.8857144,67.6,2.3,1.8428571,2.4857142,9.428572,11.457143,8.136034e-06,0.0025660396,4.0871757e-07,2.5834888e-06,0.0,True
2009-04-13,66.49000000000001,0.4,13.457144,20.84286,5.8285713,64.314285,2.8857143,2.1857142,3.2,8.485714,14.885715,4.078448e-05,0.0026331842,-7.345365000000001e-25,0.0,0.0,True
2009-04-20,66.47000000000001,0.3,11.657143,18.671429,4.5285716,58.92857,3.0142858,2.042857,3.3714287,7.4857144,14.457143,6.659329e-05,0.0025882646,-7.345365000000001e-25,1.8626451e-09,0.0,True
2009-04-27,66.44000000000001,0.3,12.528571,19.642857,4.6285715,58.100002,3.3714287,1.6,3.542857,6.8428574,14.714286,3.106147e-05,0.0025053546,-7.345365000000001e-25,3.7252903e-09,0.0,True
2009-05-04,66.42,9.3,13.485715,21.457142,5.8857145,64.48572,2.9857144,1.3857143,3.3714287,6.542857,16.714285,8.33869e-05,0.0023920685,-7.345365000000001e-25,3.7252903e-09,0.0,True
2009-05-11,66.41000000000001,38.3,12.328572,17.557142,5.928571,73.314285,2.6,1.8999999,2.6714287,6.6,14.514286,0.00023967028,0.002288267,-7.345365000000001e-25,7.450581e-09,0.0,True
2009-05-18,66.39,20.199999,13.6285715,19.714285,6.6285715,60.77143,3.5714285,2.4857142,3.8857143,6.5,16.485714,0.00015631318,0.0021734387,-7.345365000000001e-25,3.7252903e-09,0.0,True
2009-05-25,66.36,5.9999995,16.2,22.600002,9.357142,64.92857,3.6714287,2.357143,4.085714,6.285714,20.028572,4.670024e-05,0.0020494983,-7.345365000000001e-25,3.7252903e-09,0.0,True
2009-06-01,66.37,29.1,15.285714,21.585714,9.557143,67.98572,3.4714286,2.4,3.8142858,6.1,17.914286,0.00013197213,0.0019166619,-7.345365000000001e-25,1.1175871e-08,0.0,True
2009-06-08,66.36,10.8,12.228572,17.757143,6.557143,68.21429,2.9142857,1.8571428,3.3714287,5.928571,15.6,7.811189e-05,0.001800485,-7.345365000000001e-25,0.0,0.0,True
2009-06-15,66.34,20.9,14.714286,20.057144,8.971429,69.85714,3.2428572,2.5714285,3.457143,5.9428573,16.957144,0.00026103854,0.0016952455,-7.345365000000001e-25,3.7252903e-09,0.0,True
2009-06-22,66.31,8.4,14.8,20.657145,9.414286,68.98572,3.1285713,2.2714286,3.5285716,5.7285714,18.37143,7.586926e-05,0.0015855134,-7.345365000000001e-25,0.0,0.0,True
2009-06-29,66.28971947506925,3.9,17.557142,22.34286,12.542857,74.5,2.957143,1.8142855,3.442857,5.5571427,19.671429,0.00016461313,0.0014884546,-7.345365000000001e-25,1.4901161e-08,0.0,True
2009-07-06,66.30000000000001,8.400001,21.5,27.928572,15.371429,70.328575,3.942857,2.1142857,4.3857145,5.1714287,24.971428,7.236749e-05,0.001401417,-7.345365000000001e-25,1.4901161e-08,0.0,True
2009-07-13,66.28,17.0,16.47143,22.02857,11.17143,70.25715,3.1714287,2.2285714,3.5571427,5.114286,19.12857,0.00015836209,0.0013131574,-7.345365000000001e-25,1.4901161e-08,0.0,True
2009-07-20,66.27000000000001,38.0,19.914288,26.185715,13.914286,67.17143,3.5285716,2.4142857,4.0857143,5.1714287,21.642857,0.00033970177,0.0012352765,-7.345365000000001e-25,1.8626451e-08,0.0,True
2009-07-27,66.24000000000001,18.1,19.357143,25.300001,13.214286,67.41429,3.7714288,2.9714284,4.1,5.4428573,21.0,0.0002341494,0.001165323,-7.345365000000001e-25,1.4901161e-08,0.0,True
2009-08-03,66.22000000000001,15.400001,19.37143,25.757143,12.0,59.07143,3.8714287,2.2714286,4.4857144,4.7714286,22.22857,6.124377e-05,0.0010960251,-7.345365000000001e-25,7.450581e-09,0.0,True
2009-08-10,66.21000000000001,1.3,20.814287,27.600002,13.385715,58.87143,3.8999996,1.2428571,4.6,4.3285713,23.27143,4.5895576e-06,0.0010259375,-7.345365000000001e-25,1.1175871e-08,0.0,True
2009-08-17,66.18,5.6,19.414288,25.5,13.557143,63.42857,3.3857143,1.0428572,3.9714284,4.242857,21.385714,2.6121736e-05,0.000963524,-7.345365000000001e-25,1.1175871e-08,0.0,True
2009-08-24,66.16000000000001,9.5,19.34286,26.385715,11.557143,60.399998,3.5714285,1.2714285,4.1857142,4.242857,21.414286,9.855628e-05,0.0009013787,-7.345365000000001e-25,1.1175871e-08,0.0,True
2009-08-31,66.11908590363547,1.3000001,18.814287,26.114286,11.828572,60.68572,3.042857,1.0142857,3.7428572,4.042857,20.714285,4.8801303e-06,0.0008451566,-7.345365000000001e-25,1.4901161e-08,0.0,True
2009-09-07,66.15,16.5,16.642857,22.457144,11.428572,68.48572,2.5142856,1.4428571,2.9857142,4.1571426,17.6,5.2571297e-05,0.0007959977,-7.345365000000001e-25,1.1175871e-08,0.0,True
2009-09-14,66.13000000000001,3.6999998,15.67143,21.914288,9.928572,69.9,2.0,0.9428572,2.5714285,4.0285716,17.514286,2.9295683e-05,0.0007548779,-7.345365000000001e-25,9.313226e-09,0.0,True
2009-09-21,66.10000000000001,0.9,14.914286,21.914288,8.357142,72.557144,1.7571428,0.7714286,2.3428571,4.042857,16.885714,5.5208802e-05,0.00072166324,-7.345365000000001e-25,1.3038516e-08,0.0,True
2009-09-28,66.07000000000001,0.0,14.0,20.84286,6.7428575,69.38572,1.4142857,0.34285712,2.0,3.8285713,15.828571,2.577901e-06,0.0006875023,-7.345365000000001e-25,7.450581e-09,0.0,True
2009-10-05,66.08000000000001,16.0,11.185715,14.814286,6.2428575,74.28571,1.1,0.8142857,1.5857143,4.0857143,11.928572,4.4554472e-05,0.00065963715,-7.345365000000001e-25,1.1175871e-08,0.0,True
2009-10-12,66.10000000000001,49.2,10.828572,14.642858,7.1142855,84.457146,0.9142857,0.78571427,1.0857142,5.571429,11.771428,0.0010323972,0.00063645095,-7.345365000000001e-25,7.450581e-09,0.0,True
2009-10-19,66.09,11.5,4.714286,8.557143,1.8428572,81.828575,0.61428565,0.5714286,0.84285706,6.885714,5.642857,0.00017507374,0.0006181747,-7.345365000000001e-25,0.0,0.0,True
2009-10-26,66.08000000000001,12.5,7.0,10.1285715,4.114286,86.34286,0.40000004,0.37142858,0.71428573,7.257143,6.6857142,0.0001588948,0.00060438365,-7.345365000000001e-25,3.7252903e-09,0.0,True
2009-11-02,66.07000000000001,24.6,6.1142855,9.671428,2.8428574,86.91429,0.3857143,0.34285715,0.5857143,7.5571427,6.9857144,0.00022813678,0.0005944446,-7.345365000000001e-25,3.7252903e-09,0.0,True
2009-11-09,66.12,17.4,5.7999997,8.514286,3.5,86.057144,0.34285715,0.34285715,0.55714285,9.528571,5.4142857,0.0005556643,0.0005881265,-7.345365000000001e-25,1.8626451e-09,0.0,True
2009-11-16,66.16000000000001,3.8,7.7428575,10.442858,4.5,85.90001,0.3571429,0.34285715,0.5714286,10.028571,6.757143,0.00014841557,0.00058735907,-7.345365000000001e-25,5.5879354e-09,0.0,True
2009-11-23,66.2,6.0,10.1285715,13.071428,6.914286,77.11428,0.64285713,0.62857145,0.9428572,10.057143,7.928571,0.00015376508,0.00059103966,-7.345365000000001e-25,5.5879354e-09,0.0,True
2009-11-30,66.26660358907372,13.6,8.757143,10.728571,6.6142855,72.37144,0.7857142,0.75714284,1.0857142,10.085714,7.0,0.00015433133,0.00059916824,-7.345365000000001e-25,3.7252903e-09,0.0,True
2009-12-07,66.25,13.900001,3.757143,6.0,0.5285715,88.614296,0.20000002,0.20000002,0.35714287,10.442857,3.3285713,0.00029803067,0.00061469525,-7.345365000000001e-25,0.0,0.0,True
2009-12-14,66.29,17.9,2.2285714,3.957143,-0.37142858,90.3,0.12857144,0.12857144,0.31428573,10.771428,2.5714285,0.0011240765,0.0006529838,8.180028e-05,1.4901161e-06,0.00040788203,True
2009-12-21,66.33000000000001,5.7,-6.7428575,-3.114286,-10.614286,83.78571,0.0,0.0,0.25714287,10.314285,-1.9714285,4.4703484e-07,0.00074596703,0.0020556222,5.878508e-06,0.0049900636,True
2009-12-28,66.37,10.8,1.3000001,4.0285716,-1.5857143,85.41429,0.2857143,0.2857143,0.45714286,10.557143,-0.028571429,0.0003311038,0.0008437447,0.005221157,0.008071432,0.0054855496,True
2010-01-04,66.42,23.5,-3.0714285,-1.7428572,-5.142857,90.72858,0.0,0.0,0.3,10.733334,-0.033333335,2.1703541e-05,0.0009520203,0.019789526,0.000106573105,0.026602026,True
2010-01-11,66.45,10.1,-6.8857145,-4.142857,-10.771429,87.700005,0.0,0.0,0.22857143,10.428572,0.0,0.0,0.0010652393,0.034352727,0.0,0.017741274,True
2010-01-18,66.46000000000001,3.5,-2.0857143,-0.74285716,-3.9857142,88.057144,0.028571429,0.028571429,0.4,10.342857,0.014285714,9.4637275e-05,0.0011641979,0.046451915,0.0039388053,0.0026856102,True
2010-01-25,66.46000000000001,0.8,-6.3,-4.3714285,-8.814286,84.22858,0.014285714,0.014285714,0.34285715,10.328571,0.028571429,0.0001733154,0.0012539476,0.04137041,0.003969876,0.00078136846,True
2010-02-01,66.48,10.1,-4.3,-0.75714284,-8.485715,81.12858,0.15714286,0.15714286,0.4714286,10.342857,-0.014285714,3.2916665e-05,0.0013537928,0.045560222,0.0011152737,0.012171928,True
2010-02-08,66.5,7.4,-1.6000001,0.47142857,-4.728572,83.1,0.24285714,0.24285714,0.5285714,10.357142,0.1,8.470565e-05,0.001445353,0.054167025,0.0032341816,0.0071538463,True
2010-02-15,66.52000000000001,6.8,-4.2285714,-2.1428573,-6.714286,84.200005,0.0,0.0,0.42857143,10.314285,0.1,0.0,0.0015272126,0.05906683,0.0,0.010935694,True
2010-02-22,66.56,4.9,-0.3,3.3857143,-4.5285716,79.01429,0.42857143,0.41428572,0.6571428,10.257143,0.12857144,0.00052294135,0.0015978217,0.056777034,0.01970627,0.00029921532,True
2010-03-01,66.63000000000001,5.6,4.357143,7.8428574,1.1857144,76.48572,0.9285714,0.91428566,1.1285714,10.185715,2.057143,0.0022158772,0.0027757064,0.019611115,0.048269227,0.005082827,True
2010-03-08,66.62,4.7,-0.74285716,3.2000003,-4.4857144,69.88572,0.5285714,0.51428574,1.0,10.028571,0.87142855,4.991889e-05,0.0029868856,0.0041541485,0.0010627247,0.007284235,True
2010-03-15,66.63000000000001,8.5,0.61428577,4.2285714,-2.8857143,79.78571,0.6571428,0.64285713,0.9285714,10.028571,1.2285714,0.00039574504,0.0037784725,0.0039619035,0.0076238755,0.002567079,True
2010-03-22,66.58000000000001,7.4,8.557143,13.028572,3.6285717,70.47143,1.4714286,1.4142858,1.6142857,10.014286,7.5142856,0.00022259355,0.00425449,0.0005019903,0.0020147637,0.000363715,True
2010-03-29,66.5455776308544,17.5,9.7,15.528572,3.614286,71.071434,1.7571428,1.6142857,1.9857142,9.785714,10.0,0.0003155172,0.0046012774,-7.345365000000001e-25,2.9616058e-07,0.0,True
2010-04-05,66.54,0.6,7.7714286,12.971429,1.7285715,67.77143,1.8428571,1.6571428,2.0,9.657143,9.014286,0.00024726987,0.004855424,-7.345365000000001e-25,0.0,0.0,True
2010-04-12,66.52000000000001,2.8,8.514286,14.342857,3.2428572,64.8,1.9857143,1.6428572,2.4428573,8.942857,9.8714285,4.157424e-05,0.005018905,-7.345365000000001e-25,1.8626451e-09,0.0,True
2010-04-19,66.48,1.5,8.2,14.428572,1.1142857,62.57143,2.3142858,1.7714285,2.457143,8.3,10.442857,7.644296e-06,0.004955478,-7.345365000000001e-25,0.0,0.0,True
2010-04-26,66.44000000000001,4.6,8.542857,15.400001,0.9571429,59.357143,2.742857,2.1,2.8714287,7.5142856,11.614285,6.67125e-05,0.004785441,-7.345365000000001e-25,0.0,0.0,True
2010-05-03,66.41000000000001,8.0,13.142858,18.457142,7.2285714,66.78571,2.742857,1.8428572,2.8857143,6.8714285,14.942857,0.00010704994,0.0045564994,-7.345365000000001e-25,3.7252903e-09,0.0,True
2010-05-10,66.43,23.6,8.385715,12.257143,3.914286,77.74286,1.5428572,1.2714285,1.8428571,7.4,10.8714285,0.00025872886,0.0043411776,-7.345365000000001e-25,0.0,0.0,True
2010-05-17,66.49000000000001,33.6,9.414286,12.957144,5.1857142,76.88572,1.7714285,1.5428573,2.0714285,8.1,11.0,0.0014016405,0.0041468516,-7.345365000000001e-25,3.7252903e-09,0.0,True
2010-05-24,66.53,32.9,13.3714285,18.157145,9.271429,79.58572,2.2714286,2.0285716,2.6285713,8.814285,15.071428,0.00074259937,0.003986001,-7.345365000000001e-25,1.4901161e-08,0.0,True
2010-05-31,66.54588587531845,43.5,11.828572,16.7,6.5,75.0,2.4285715,2.2,2.6714287,8.714286,15.442857,0.00051784515,0.0038424283,-7.345365000000001e-25,0.0,0.0,True
2010-06-07,66.55000000000001,7.2999997,15.942858,21.2,9.5,69.4,3.4857142,2.9,3.8857143,8.957143,18.37143,0.0004994273,0.0037454218,-7.345365000000001e-25,1.1175871e-08,0.0,True
2010-06-14,66.53,12.7,17.97143,23.214285,11.557143,70.51429,3.557143,2.7285714,3.857143,7.9142857,21.971428,2.887845e-05,0.0035975724,-7.345365000000001e-25,7.450581e-09,0.0,True
2010-06-21,66.5,0.0,14.5,20.571428,7.7285714,62.357143,3.742857,2.1571429,4.2428575,6.8285713,19.385714,1.0639429e-05,0.0034203604,-7.345365000000001e-25,3.7252903e-09,0.0,True
2010-06-28,66.46000000000001,0.9,18.057144,25.328571,9.314286,59.628574,4.357143,1.3857143,4.642857,6.0,22.357143,1.40070915e-05,0.003218107,-7.345365000000001e-25,3.7252903e-09,0.0,True
2010-07-05,66.39,13.599999,23.37143,29.914286,16.0,57.457146,5.2000003,1.0285715,5.542857,5.5857143,26.72857,3.322959e-05,0.0029581785,-7.345365000000001e-25,1.1175871e-08,0.0,True
2010-07-12,66.35000000000001,16.5,24.128572,31.828571,15.657144,52.214287,5.414286,1.0714287,5.785714,5.542857,26.414286,1.3425946e-05,0.0026933923,-7.345365000000001e-25,1.4901161e-08,0.0,True
2010-07-19,66.31,4.2999997,22.257143,29.100002,14.6,59.628574,4.785714,1.442857,5.1285715,5.457143,25.742857,6.151199e-05,0.0024351925,-7.345365000000001e-25,7.450581e-09,0.0,True
2010-07-26,66.23,16.5,20.428572,26.657145,14.014287,60.114285,3.8999999,1.5571429,4.5142856,5.5142856,23.157143,0.000417009,0.0022069886,-7.345365000000001e-25,1.1175871e-08,0.0,True
2010-08-02,66.24000000000001,2.9,19.428572,26.085714,12.914286,62.0,3.3999996,2.1285717,3.9428573,5.5857143,21.928572,1.0445714e-05,0.0020281896,-7.345365000000001e-25,1.1175871e-08,0.0,True
2010-08-09,66.25,10.5,18.228573,23.7,13.6,73.88572,2.4285715,1.7571428,2.9142857,5.8142858,20.5,0.00011216104,0.0018728822,-7.345365000000001e-25,1.1175871e-08,0.0,True
2010-08-16,66.27000000000001,32.0,18.0,22.314287,14.17143,79.51429,2.1000001,1.7571428,2.457143,6.742857,20.5,0.00039315224,0.0017461479,-7.345365000000001e-25,1.1175871e-08,0.0,True
2010-08-23,66.30000000000001,13.2,19.128572,24.97143,13.5,72.15714,2.8285713,2.5857143,3.3857143,7.957143,20.4,0.00023588538,0.0016410127,-7.345365000000001e-25,1.8626451e-08,0.0,True
2010-08-30,66.31702989138753,57.8,14.985716,18.514286,11.528572,78.77143,1.9142857,1.7714285,2.3142858,8.728572,16.87143,0.0032821596,0.0016397312,-7.345365000000001e-25,9.313226e-09,0.0,True
2010-09-06,66.27000000000001,4.2999997,12.3,18.171429,7.457143,78.200005,1.6285714,1.5142858,2.1285713,9.6285715,15.114285,9.7736716e-05,0.0015102103,-7.345365000000001e-25,3.7252903e-09,0.0,True
2010-09-13,66.29,17.4,15.242858,20.657145,10.014285,76.14286,1.6857141,1.5142857,2.3857143,9.414286,16.471428,0.00014068186,0.001479283,-7.345365000000001e-25,7.450581e-09,0.0,True
2010-09-20,66.31,23.800001,12.942858,16.800001,9.3,72.98572,1.6,1.5285715,2.1571429,9.8714285,13.757143,0.0018786043,0.0014559701,-7.345365000000001e-25,7.450581e-09,0.0,True
2010-09-27,66.35000000000001,99.899994,13.471429,18.300001,9.0,82.17143,1.2285713,1.0714285,1.6,10.085714,14.614285,0.0046267807,0.0036330596,-7.345365000000001e-25,1.8626451e-09,0.0,True
2010-10-04,66.65,0.4,10.2,14.414286,6.071429,80.14286,0.8714286,0.85714287,1.4571428,10.6,11.2,3.567338e-05,0.0018405095,-7.345365000000001e-25,5.5879354e-09,0.0,True
2010-10-11,66.63000000000001,0.0,10.971429,16.6,6.4000006,77.91429,1.0285714,0.87142855,1.5142857,9.742857,12.742857,1.5795231e-06,0.0023128092,-7.345365000000001e-25,5.5879354e-09,0.0,True
2010-10-18,66.61,16.0,5.914286,10.871429,1.4428571,85.22858,0.5285714,0.4857143,0.7428571,9.685715,8.085714,0.00019860268,0.0025376156,-7.345365000000001e-25,1.8626451e-09,0.0,True
2010-10-25,66.60000000000001,4.3,6.042857,9.514287,2.5,77.58572,0.68571424,0.67142856,1.0285715,9.957143,5.757143,8.915365e-05,0.0026600212,-7.345365000000001e-25,1.8626451e-09,0.0,True
2010-11-01,66.57000000000001,0.5,7.7571435,11.6,3.7428572,77.44286,0.59999996,0.55714285,0.8428572,9.785714,7.1,3.784895e-06,0.0027377084,-7.345365000000001e-25,1.8626451e-09,0.0,True
2010-11-08,66.64,23.3,8.514286,10.814286,5.585715,86.18572,0.59999996,0.5714286,0.82857144,10.285714,8.342857,0.0010646358,0.0028075948,-7.345365000000001e-25,5.5879354e-09,0.0,True
2010-11-15,66.75,26.9,8.214286,11.171428,5.1571426,80.8,0.6999999,0.6999999,0.7714286,10.542857,7.142857,0.0023382977,0.003559053,-7.345365000000001e-25,3.7252903e-09,0.0,True
2010-11-22,66.82000000000001,35.2,4.1714287,5.7000003,2.1285713,92.442856,0.18571429,0.18571429,0.34285715,11.042857,4.8285713,0.0010392144,0.0039464533,2.0890009e-06,9.093434e-06,9.119511e-06,True
2010-11-29,66.53871021525623,5.0,-1.1,0.42857143,-3.3428571,86.92857,0.11428572,0.11428572,0.35714287,10.642858,0.8,0.000113777816,0.0056902096,0.001785636,0.00018255785,0.0047130287,True
2010-12-06,66.26,6.9,-5.714286,-3.1000001,-9.657143,80.17143,0.057142857,0.057142857,0.3857143,10.4,-0.62857145,5.438924e-07,0.0069919676,0.010418727,1.7557293e-05,0.012309492,True
2010-12-13,66.34,22.800001,-1.4000002,0.6857143,-4.2000003,88.51429,0.15714286,0.15714286,0.37142858,10.657143,0.071428575,0.00056888163,0.0073607117,0.017653937,0.01672715,0.013606913,True
2010-12-20,66.37,20.9,-5.828572,-3.3285716,-9.971429,89.21429,0.0,0.0,0.22857143,10.557143,-0.057142857,7.450581e-09,0.0077475384,0.022647511,0.0,0.022040673,True
2010-12-27,66.42,20.1,-4.4428573,-2.2571428,-7.857143,91.28571,0.0,0.0,0.27142859,10.642858,0.1,0.00018557906,0.008029476,0.038940147,0.0006154701,0.01710086,True
2011-01-03,66.46000000000001,0.8,-2.857143,-0.54285717,-5.457143,87.91429,0.025,0.025,0.3285714,10.425,0.1,0.00016833842,0.008075237,0.049420137,0.007376913,0.0023517422,True
2011-01-10,66.54,12.0,1.3999999,4.2000003,-2.2285714,85.01429,0.24285714,0.24285714,0.3857143,10.4,0.8428571,0.0025204122,0.010136329,0.027086394,0.045589633,0.001559332,True
2011-01-17,66.60000000000001,14.799999,5.785714,8.400001,3.5285716,86.32857,0.4857143,0.4857143,0.5,10.585714,4.2,0.0005829632,0.013771474,0.0012103149,0.003937468,3.2037497e-07,True
2011-01-24,66.65,6.5,1.4,2.8428571,-0.0142857,88.200005,0.17142858,0.17142858,0.3857143,10.328571,1.3857143,0.00022197515,0.016654804,0.0006996961,0.00070323795,0.0030701496,True
2011-01-31,66.62572978423734,3.7,-1.957143,0.35714287,-4.1714287,88.61428,0.11428572,0.11428572,0.3285714,10.328571,-0.1,0.00013394654,0.016673468,0.0033924694,0.0012702812,0.0028600097,False
2011-02-07,66.68,3.5000002,4.1714287,6.1857147,2.0714285,80.17143,0.64285713,0.64285713,0.95714283,10.314285,2.0,0.00016789138,0.01608251,0.0019147112,0.004548315,0.0007445738,True
2011-02-14,66.73,6.9,1.8714286,4.285714,-1.2714285,76.71429,0.6,0.55714285,0.7714286,10.228572,2.2,0.00012986362,0.015091136,0.0008097206,9.799935e-05,0.0037956424,True
2011-02-21,66.76,0.7,-2.2571428,-0.15714288,-4.1857142,70.4,0.14285715,0.12857142,0.90000004,10.214286,-0.31428573,2.69413e-05,0.013969824,0.004284876,0.0012110341,0.002718985,True
2011-02-28,66.78,0.0,-2.8714287,3.2428572,-8.542857,64.4,0.54285717,0.51428574,1.0428572,10.057143,-1.3142858,2.9116869e-05,0.012849711,0.0032319399,0.0017076414,8.2328916e-07,True
2011-03-07,66.71000000000001,0.0,-0.4714286,5.957143,-5.914286,68.0,0.95714283,0.8,1.0857142,9.657143,0.54285717,1.7002225e-05,0.011722513,0.0008350611,0.0010422245,1.8388033e-05,True
2011-03-14,66.7,4.6,6.6571426,12.257143,1.0571429,64.9,1.4714286,1.2142857,1.6285714,9.171429,5.0857143,9.149313e-05,0.0106216,0.000105948675,0.0003835149,0.0,True
2011-03-21,66.67,7.1,4.614286,8.714286,1.1714286,80.15715,0.9428572,0.8142857,1.1857144,9.214286,5.5857143,0.00011768937,0.009611316,9.650276e-08,1.1026859e-06,0.0,True
2011-03-28,66.62,0.2,6.228572,12.314285,0.21428572,65.01429,1.7142857,1.3571428,1.9714286,8.728572,7.8714285,5.066395e-06,0.008690797,-7.345365000000001e-25,7.264316e-08,1.0803342e-07,True
2011-04-04,66.59,12.3,11.414286,17.800001,5.3857145,69.65714,2.1571429,1.7428572,2.3285713,8.185715,11.6285715,0.00012239069,0.007846877,-7.345365000000001e-25,3.3527613e-08,0.0,True
2011-04-11,66.56,0.1,11.1,17.114286,4.5142856,63.914288,2.5142858,1.9285716,2.7714286,7.8428574,11.957143,8.478761e-06,0.0070750117,-7.345365000000001e-25,3.7252903e-09,0.0,True
2011-04-18,66.52000000000001,9.7,8.771429,13.885715,3.357143,67.47143,2.0428574,1.6142857,2.1857142,7.2714286,10.785714,8.751452e-05,0.0063844025,-7.345365000000001e-25,0.0,0.0,True
2011-04-25,66.49000000000001,0.0,14.371429,22.071428,5.057143,53.542854,3.8999999,2.1428573,4.0142856,6.4,16.4,6.854534e-07,0.005700767,-7.345365000000001e-25,0.0,0.0,True
2011-05-02,66.44000000000001,10.2,11.985715,18.257143,6.3142858,64.22857,3.1714284,1.4857142,3.357143,5.9,15.228572,0.00013848394,0.005060807,-7.345365000000001e-25,3.7252903e-09,0.0,True
2011-05-09,66.41000000000001,0.1,11.757143,19.27143,3.1571429,49.3,4.0857143,0.7714285,4.2428575,5.5285716,14.928572,3.144145e-06,0.004499376,-7.345365000000001e-25,0.0,0.0,True
2011-05-16,66.35000000000001,10.6,14.571428,21.485716,7.657143,62.77143,3.1857145,1.0285715,3.5857143,5.4428573,17.214285,9.533763e-05,0.0039581135,-7.345365000000001e-25,0.0,0.0,True
2011-05-23,66.31,9.5,16.785715,23.942858,10.114286,68.4,3.5,1.3857143,3.9285715,5.385714,19.242857,3.7781894e-05,0.0035479665,-7.345365000000001e-25,1.4901161e-08,0.0,True
2011-05-30,66.31170033594321,0.2,16.585714,23.171429,8.357142,54.228573,4.571429,0.75714284,4.7571425,5.1,19.014286,2.4810433e-06,0.003130138,-7.345365000000001e-25,3.7252903e-09,0.0,True
2011-06-06,66.26,0.9,19.785715,27.6,10.585714,57.757145,4.7428575,1.2428572,5.2999997,5.0,21.914286,4.4301152e-05,0.0027464628,-7.345365000000001e-25,1.4901161e-08,0.0,True
2011-06-13,66.25,5.3,17.228573,23.27143,10.428572,66.25715,3.5285716,2.0714285,4.0142856,5.2285714,21.057142,9.6559525e-05,0.002428852,-7.345365000000001e-25,7.450581e-09,0.0,True
2011-06-20,66.22000000000001,18.4,17.328571,23.142857,11.657144,67.62858,3.7571428,2.1142857,4.0285716,4.9,20.257143,5.8338046e-05,0.0021617338,-7.345365000000001e-25,1.1175871e-08,0.0,True
2011-06-27,66.2,19.1,16.785715,23.17143,10.8714285,75.48572,3.5428574,2.642857,3.6571429,5.3142858,19.528572,0.00013688207,0.0019475743,-7.345365000000001e-25,1.4901161e-08,0.0,True
2011-07-04,66.2,65.7,16.27143,20.457144,11.471429,77.700005,3.042857,2.0571427,3.1857142,5.571429,19.071428,0.0003155172,0.0017597303,-7.345365000000001e-25,1.4901161e-08,0.0,True
2011-07-11,66.19000000000001,23.7,19.7,26.357143,13.7,73.61428,3.9428573,3.5,4.142857,6.9142857,22.8,0.007574618,0.0016263053,-7.345365000000001e-25,1.1175871e-08,0.0,True
2011-07-18,66.19000000000001,18.5,18.242857,23.2,12.885714,70.07143,3.585714,3.1571429,3.7428572,6.8285713,20.6,0.00031125546,0.0015067086,-7.345365000000001e-25,1.8626451e-08,0.0,True
2011-07-25,66.17,8.6,15.928572,19.557144,11.971429,71.48572,2.7000003,2.142857,3.0,6.571429,18.028572,7.805228e-05,0.0014186576,-7.345365000000001e-25,1.1175871e-08,0.0,True
2011-08-01,66.21000000000001,36.199997,16.428572,20.585714,12.257143,82.28571,2.2714286,1.7857143,2.5142858,7.357143,19.142857,0.00035531074,0.0013490245,-7.345365000000001e-25,1.4901161e-08,0.0,True
2011-08-08,66.27000000000001,16.7,19.485716,24.985716,13.957143,77.77143,3.1285713,2.742857,3.4285715,8.142858,21.77143,0.00072462857,0.0012889504,-7.345365000000001e-25,1.8626451e-08,0.0,True
2011-08-15,66.32000000000001,25.0,17.671429,22.67143,13.928572,74.457146,2.5428574,2.2428572,3.0714285,8.014286,18.8,0.0002380684,0.0012338758,-7.345365000000001e-25,1.6763806e-08,0.0,True
2011-08-22,66.39,4.5,18.9,24.685715,12.057143,72.814285,2.8285713,2.3142855,3.3857143,7.614286,21.457144,4.9963593e-05,0.0011864379,-7.345365000000001e-25,1.1175871e-08,0.0,True
2011-08-29,66.41439902376011,41.199997,18.77143,24.157145,14.414286,79.35714,2.5142858,2.2285714,2.9285715,7.957143,20.87143,0.00023499131,0.001133956,-7.345365000000001e-25,7.450581e-09,0.0,True
2011-09-05,66.39,21.6,17.0,22.600002,11.685715,75.75714,2.0714288,1.6571429,2.5571427,7.7285714,18.614286,8.1159174e-05,0.0010921508,-7.345365000000001e-25,1.3038516e-08,0.0,True
2011-09-12,66.4,22.5,16.957144,21.142857,13.2,80.08572,2.0142858,1.8714286,2.2571428,8.428572,17.657143,0.0012985468,0.0010537654,-7.345365000000001e-25,1.1175871e-08,0.0,True
2011-09-19,66.37,2.6999998,14.6285715,19.34286,9.900001,74.40001,1.6571428,1.4428571,2.2142856,8.657143,16.4,5.6415796e-05,0.0010188296,-7.345365000000001e-25,7.450581e-09,0.0,True
2011-09-26,66.32000000000001,0.0,14.042857,21.17143,7.3428574,76.04286,1.5857143,1.3,2.0,8.471429,15.757143,3.0100346e-06,0.0009892657,-7.345365000000001e-25,3.7252903e-09,0.0,True
2011-10-03,66.30000000000001,1.0,15.757143,24.17143,8.671429,79.94286,1.4428571,1.0857142,1.7142857,7.9857144,17.557142,1.847744e-06,0.0009588003,-7.345365000000001e-25,3.7252903e-09,0.0,True
2011-10-10,66.27000000000001,31.1,12.514287,16.685715,8.271429,80.0,1.1714286,1.0142858,1.4428571,7.885714,13.314285,0.00014986843,0.00093083084,-7.345365000000001e-25,9.313226e-09,0.0,True
2011-10-17,66.27000000000001,13.2,7.714286,13.514287,2.7,83.85714,0.8,0.7428571,0.88571423,9.014286,9.3714285,0.000108122826,0.0009104088,-7.345365000000001e-25,1.8626451e-09,0.0,True
2011-10-24,66.26,1.9000001,6.085715,11.985715,1.3714286,83.08572,0.64285713,0.55714285,0.8,8.828571,6.7,3.6254525e-05,0.0008905381,-7.345365000000001e-25,3.7252903e-09,0.0,True
2011-10-31,66.28312748613673,0.0,9.528572,14.257143,4.571429,89.84286,0.48571426,0.3857143,0.5857143,8.657143,9.485714,9.864569e-06,0.0008739084,-7.345365000000001e-25,3.7252903e-09,0.0,True
2011-11-07,66.25,0.0,7.0428576,12.257143,2.642857,92.471436,0.37142855,0.3,0.37142855,8.5,7.957143,1.7434359e-06,0.000858821,-7.345365000000001e-25,0.0,0.0,True
2011-11-14,66.25,0.1,2.142857,7.142857,-1.9142858,93.185715,0.21428572,0.15714286,0.22857143,8.4,3.5142858,1.6540289e-06,0.0008453578,1.8959954e-06,1.6205013e-07,6.477907e-05,True
2011-11-21,66.26,0.0,1.9285715,4.585714,-1.3714286,95.814285,0.1,0.1,0.22857143,8.328571,2.357143,5.610287e-06,0.00083321333,9.494736e-05,0.00014195777,0.00010664016,True
2011-11-28,66.27000000000001,1.2,4.3714285,7.357143,1.3857143,88.48572,0.3285714,0.29999998,0.3857143,8.257143,3.4714286,5.6773424e-06,0.0008218363,2.412569e-05,8.40798e-05,5.0831586e-05,True
2011-12-05,66.30000000000001,8.2,5.2000003,8.685714,1.1142857,83.38572,0.5285714,0.49999997,0.4857143,8.314285,3.8285713,0.00012624264,0.0008099973,-7.345365000000001e-25,2.924353e-07,0.0,True
2011-12-12,66.34,11.6,3.5428574,6.1857147,1.0,81.457146,0.58571434,0.58571434,0.5714286,9.185715,2.4714286,0.0001334846,0.00079924613,1.1353266e-08,4.0233135e-07,4.0605664e-07,True
2011-12-19,66.36,23.8,3.7714286,6.085715,1.5857143,83.685715,0.5428571,0.5428571,0.5857143,9.985714,2.5,0.00034675002,0.0007901713,0.0018766777,0.0048349835,0.0075668953,True
2011-12-26,66.39,13.400001,5.0,6.828572,2.8857143,91.34286,0.2857143,0.2857143,0.35714287,10.271428,3.4,0.00028684735,0.0007858649,0.0010925872,0.0032165665,0.00046161935,True
2012-01-02,66.42,14.299999,6.142857,8.328572,3.2857144,86.3,0.44,0.4,0.45714286,10.22,4.34,0.00029534101,0.0007914677,0.000120463825,0.0005430933,0.0005262606,True
2012-01-09,66.46000000000001,26.4,4.428571,6.657143,2.3142858,85.328575,0.74285716,0.74285716,0.61428577,10.685715,3.5857143,0.00048425794,0.0008143708,9.394827e-06,5.824864e-05,5.1315874e-05,True
2012-01-16,66.51,3.7,3.4,5.3142858,0.9571429,85.328575,0.5142857,0.49999997,0.51428574,10.328571,2.8428571,8.290261e-05,0.0008835569,1.0626657e-05,1.5558675e-05,8.638948e-05,True
2012-01-23,66.55000000000001,43.8,2.3285716,4.428571,0.014285714,88.457146,0.48571426,0.48571426,0.41428572,10.685715,1.5714285,0.0006880313,0.0009848848,0.000732893,0.0026230663,0.004226137,True
2012-01-30,66.59612599298524,4.5,-3.1571429,-1.1857144,-5.3714285,84.52857,0.08571429,0.08571429,0.3857143,10.5,-0.31428573,5.029887e-05,0.0011750311,0.0037539403,0.00041614845,0.0047909357,True
2012-02-06,66.57000000000001,0.1,-12.599999,-7.4428573,-17.357143,76.6,0.0,0.0,0.27142859,10.3,-5.6571426,9.685755e-08,0.0014175028,0.005488742,0.0,0.0008840412,True
2012-02-13,66.59,2.1,-8.342857,-4.042857,-14.142858,81.62858,0.0,0.0,0.3,10.3,-4.7714286,2.6077032e-07,0.0016080216,0.006503037,0.0,0.0025820807,True
2012-02-20,66.64,10.1,2.1714284,5.3857145,-1.3285714,83.21429,0.77142864,0.77142864,0.67142856,10.285714,0.34285715,0.0004233122,0.0017510578,0.003468434,0.0074147657,0.00074504316,True
2012-02-27,66.67,11.4,5.157143,8.285714,1.4142857,81.5,0.9428571,0.9285714,0.88571435,10.171429,3.0142858,0.00027472526,0.0019068718,0.000385608,0.002206562,0.0017898455,True
2012-03-05,66.65,0.2,6.442857,9.642858,3.0714285,79.54286,0.81428576,0.7571429,1.0142857,9.971429,5.5857143,5.374849e-05,0.002109386,3.7181944e-06,3.7515536e-05,1.1175871e-07,True
2012-03-12,66.62,3.8,5.414286,9.457144,1.4285715,74.12858,1.1142857,0.9714286,1.2428571,9.6,5.0857143,8.5800886e-05,0.002293907,-7.345365000000001e-25,1.5646219e-07,0.0,True
2012-03-19,66.56,1.0,8.057143,13.342857,3.3857143,73.37144,1.5714285,1.2571429,1.5428572,9.185715,7.9142857,0.000108003616,0.002419822,-7.345365000000001e-25,0.0,0.0,True
2012-03-26,66.53,0.1,8.985715,16.014286,1.6571429,73.74286,1.8714286,1.4,1.7857143,8.528571,10.285714,8.866191e-07,0.0024715438,-7.345365000000001e-25,0.0,0.0,True
2012-04-02,66.5,2.4,7.8142858,11.771429,3.457143,70.200005,1.9142857,1.5285714,2.0,7.8285713,8.957143,7.812679e-05,0.0024639666,-7.345365000000001e-25,0.0,0.0,True
2012-04-09,66.47000000000001,11.3,4.1,8.085714,-0.17142858,76.0,1.3428571,1.0857142,1.3857143,7.742857,6.0285716,0.00012333691,0.0024389774,4.586719e-06,1.3835728e-05,2.1500513e-05,True
2012-04-16,66.42,6.6000004,8.1,13.357142,2.7285714,72.85714,1.9142858,1.5,1.9714285,7.4142857,9.442857,9.249896e-05,0.002401702,5.1089694e-07,7.0929527e-06,0.0,True
2012-04-23,66.38000000000001,3.1,8.714286,14.942858,2.4428573,64.28571,2.5857143,1.8999999,2.542857,6.714286,11.0,4.49121e-05,0.0023365319,-7.345365000000001e-25,0.0,0.0,True
2012-04-30,66.3640910942677,0.0,15.728572,22.2,9.2,58.985718,3.5142858,1.7,3.7,6.142857,15.685715,4.400313e-05,0.0022585467,-7.345365000000001e-25,7.450581e-09,0.0,True
2012-05-07,66.36,14.7,13.414286,19.1,8.157144,75.15715,2.6142857,1.2428571,2.6857145,5.885714,16.0,0.00020244718,0.0021536276,-7.345365000000001e-25,3.7252903e-09,0.0,True
2012-05-14,66.31,4.0,14.271429,20.128572,7.157143,66.74286,3.3571432,2.057143,3.2714286,5.785714,16.22857,0.00015363097,0.0020618439,-7.345365000000001e-25,7.450581e-09,0.0,True
2012-05-21,66.27000000000001,5.2999997,13.985715,20.857143,6.8,58.97143,3.942857,1.1,3.942857,5.457143,16.157143,4.9725175e-05,0.0019512698,-7.345365000000001e-25,0.0,0.0,True
2012-05-28,66.18,0.7,19.385715,26.52857,11.485715,50.271427,5.457143,0.7,5.6142855,5.1,22.22857,2.2128224e-06,0.001807034,-7.345365000000001e-25,7.450581e-09,0.0,True
2012-06-04,66.21000000000001,46.800003,12.157144,16.300001,7.5428576,72.685715,2.6571426,1.2571429,2.642857,5.4714284,16.385714,0.00076591223,0.0016742945,-7.345365000000001e-25,0.0,0.0,True
2012-06-11,66.2,1.2,14.900001,20.357143,7.571429,67.67143,3.3714283,2.4428573,3.4285715,5.7,17.4,0.0001950115,0.0015856996,-7.345365000000001e-25,0.0,0.0,True
2012-06-18,66.18,8.5,16.485716,22.042858,10.471429,72.28571,3.457143,1.9285716,3.4428573,5.1,19.2,0.00017634034,0.0014922321,-7.345365000000001e-25,1.1175871e-08,0.0,True
2012-06-25,66.17,32.5,16.2,20.47143,11.685715,77.24286,3.2857146,2.357143,3.0142858,5.285714,19.1,0.0012604445,0.001412183,-7.345365000000001e-25,1.4901161e-08,0.0,True
2012-07-02,66.18,17.199999,18.557144,23.728573,13.185715,76.17143,3.3999999,2.6857142,3.4142857,5.3,20.985714,0.001999803,0.0013465956,-7.345365000000001e-25,7.450581e-09,0.0,True
2012-07-09,66.2,42.1,20.228573,25.285715,15.071428,77.34286,3.3428571,2.6714284,3.5285716,5.542857,22.7,0.0027206242,0.0012891591,-7.345365000000001e-25,1.4901161e-08,0.0,True
2012-07-16,66.2,24.9,15.728572,20.528574,11.67143,77.48572,3.0285716,2.7142856,3.042857,5.4428573,18.557142,0.0005199611,0.001243189,-7.345365000000001e-25,1.1175871e-08,0.0,True
2012-07-23,66.22000000000001,16.9,15.957143,21.742857,11.014285,72.72857,3.2285714,2.7285714,3.3999999,6.042857,18.442858,0.00021920353,0.0012145266,-7.345365000000001e-25,1.1175871e-08,0.0,True
2012-07-30,66.23922285337875,49.6,21.357143,27.914286,13.985715,67.200005,4.3285713,3.2428572,4.4714284,5.3,23.77143,0.00013931096,0.00117556,-7.345365000000001e-25,1.4901161e-08,0.0,True
2012-08-06,66.23,14.0,19.428572,25.300001,13.771429,72.11428,3.3857143,2.542857,3.5714285,5.257143,22.4,0.00018429756,0.0011363998,-7.345365000000001e-25,1.1175871e-08,0.0,True
2012-08-13,66.22000000000001,0.2,16.114286,21.885715,10.814286,69.47143,3.0,1.6857144,3.3999999,4.757143,19.757143,1.8253922e-05,0.0011006147,-7.345365000000001e-25,7.450581e-09,0.0,True
2012-08-20,66.2,3.0,20.314287,27.828571,12.271429,64.88572,3.8714287,1.442857,4.0285716,4.285714,22.471428,4.595518e-05,0.0010599494,-7.345365000000001e-25,1.1175871e-08,0.0,True
2012-08-27,66.19000000000001,6.5,18.285715,23.685715,13.171428,71.87143,2.757143,1.4285713,3.2428572,4.3428574,21.1,0.00024709105,0.0010173768,-7.345365000000001e-25,9.313226e-09,0.0,True
2012-09-03,66.17,2.9,16.800001,22.985716,10.257143,74.15715,2.1571429,1.2285715,2.4428573,4.3142858,19.157143,4.683435e-05,0.0009840801,-7.345365000000001e-25,5.5879354e-09,0.0,True
2012-09-10,66.13000000000001,1.7,17.528572,24.014286,11.014287,69.54286,2.357143,0.8714286,2.7571428,4.0142856,18.87143,1.5117228e-05,0.00095213205,-7.345365000000001e-25,1.4901161e-08,0.0,True
2012-09-17,66.10000000000001,4.1,14.885715,21.02857,9.042857,71.58572,1.8571428,1.0857142,2.357143,4.1285715,16.542856,0.00019975007,0.0009190738,-7.345365000000001e-25,9.313226e-09,0.0,True
2012-09-24,66.09,8.5,12.071428,17.728573,6.1571426,69.92857,1.6571428,0.88571435,1.9857142,3.9857142,13.885715,4.7266483e-05,0.00089012086,-7.345365000000001e-25,5.5879354e-09,0.0,True
2012-10-01,66.08000000000001,14.0,13.071428,18.87143,8.585714,76.72858,1.3571428,0.9571429,1.6142857,4.385714,13.657143,0.00018906593,0.0008650124,-7.345365000000001e-25,5.5879354e-09,0.0,True
2012-10-08,66.09,18.9,11.442858,16.9,6.3142858,81.61428,1.1142857,0.9285714,1.2571429,5.114286,12.028571,0.00028704107,0.0008433908,-7.345365000000001e-25,7.450581e-09,0.0,True
2012-10-15,66.10000000000001,6.9,8.071428,12.685715,3.7428572,83.07143,0.7571429,0.64285713,0.9142857,5.6571426,8.7,0.0001282543,0.0008285865,-7.345365000000001e-25,1.8626451e-09,0.0,True
2012-10-22,66.11,0.5,12.828572,18.742857,7.714286,80.68572,0.85714287,0.64285713,1.0571429,5.5571427,11.428572,8.776784e-06,0.0008152649,-7.345365000000001e-25,3.7252903e-09,0.0,True
2012-10-29,66.14019228629569,4.3,5.457143,8.8714285,2.1000001,83.52857,0.4857143,0.3857143,0.59999996,5.4714284,6.9714284,2.604723e-05,0.0008052364,3.4372013e-05,3.7007034e-05,0.00021829456,False
2012-11-05,66.13000000000001,10.0,6.1285715,9.371429,3.1285717,86.11428,0.54285717,0.4857143,0.5857143,5.857143,5.6714287,0.00023233145,0.00079728663,4.147348e-05,0.00020748004,2.4110079e-05,True
2012-11-12,66.15,8.9,7.657143,10.257143,4.785714,84.6,0.51428574,0.4571429,0.64285713,6.1857142,6.928571,0.0001271069,0.00079119205,-7.345365000000001e-25,1.9744039e-07,0.0,True
2012-11-19,66.18,1.0,2.0857143,5.5428576,-1.2428572,93.14286,0.15714286,0.11428572,0.18571427,6.3285713,2.6,1.53929e-05,0.00078795105,0.0001500334,0.00029930472,0.00038127974,True
2012-11-26,66.22000000000001,7.7,6.0285716,8.928572,2.7,88.84286,0.31428573,0.27142856,0.3285714,6.457143,4.7,0.00011071563,0.0007878691,1.8454733e-05,9.041838e-05,0.0,True
2012-12-03,66.24000000000001,15.299999,2.5571427,4.142857,0.4714286,92.3,0.18571429,0.18571429,0.25714287,7.3285713,2.6714287,0.00017026812,0.00079052895,0.00043984823,0.00014803372,0.0024358481,True
2012-12-10,66.31,18.7,-2.3999999,0.7000001,-5.942857,89.82857,0.114285715,0.114285715,0.21428572,7.9714284,-0.071428575,7.110834e-05,0.0008001253,0.0047138757,0.0013663471,0.012642637,True
2012-12-17,66.37,14.2,0.057142906,1.9,-2.6857145,91.87144,0.10000001,0.10000001,0.24285714,8.742857,0.14285715,0.00045594573,0.00081599504,0.010587261,0.011904299,0.0012631975,True
2012-12-24,66.46000000000001,24.4,1.6857144,3.642857,0.22857141,95.457146,0.08571429,0.08571429,0.25714287,9.514286,0.7714286,0.0005801171,0.00085840374,0.0022002289,0.005842302,0.0036211796,True
2012-12-31,66.47380203110019,3.8000002,6.071429,8.657143,2.857143,80.28571,0.6,0.58571434,0.61428577,10.114285,3.9285715,0.0001322478,0.0008312389,8.041991e-05,0.00084877573,1.1138618e-06,True
2013-01-07,66.48,21.3,6.785714,8.114286,4.871429,91.18572,0.42857143,0.42857143,0.42857143,10.357142,5.457143,0.00037236512,0.0011572316,-7.345365000000001e-25,3.1292439e-07,0.0,True
2013-01-14,66.49000000000001,13.200001,0.58571434,2.0428572,-2.2142856,92.314285,0.114285715,0.114285715,0.21428572,10.614285,2.0428572,0.00037574768,0.0013940334,0.00087822054,4.1872263e-06,0.0023470558,True
2013-01-21,66.52000000000001,6.7,-4.257143,-2.6000001,-6.557143,87.185715,0.0,0.0,0.3285714,10.314285,-1.1571429,2.5331974e-07,0.001730524,0.0037432625,0.0,0.007882129,True
2013-01-28,66.53,5.1,-4.914286,-1.7714287,-8.114285,86.8,0.08571429,0.08571429,0.25714287,10.314285,-0.82857144,8.1419945e-05,0.0019973442,0.01049954,0.0033943914,0.0035079755,True
2013-02-04,66.55000000000001,25.1,4.3714285,7.1428576,1.5142858,86.48572,0.75714284,0.75714284,0.62857145,10.842857,1.8857143,0.0021705106,0.0022702962,0.0022362925,0.012728283,0.0059865452,True
2013-02-11,66.59,7.5,-1.1285714,1.8142856,-4.6714287,88.87144,0.22857143,0.22857143,0.37142858,10.471429,0.5,7.6144934e-05,0.002853632,0.0041911714,0.0012979098,0.0051311925,True
2013-02-18,66.61,7.1,-1.0714287,0.81428576,-3.0714285,90.814285,0.15714286,0.15714286,0.3857143,10.242857,-0.08571429,6.341934e-05,0.0034220517,0.0053586224,0.002631342,0.0012634695,True
2013-02-25,66.63000000000001,11.099999,-1.2571429,0.014285735,-2.5428574,89.38572,0.114285715,0.114285715,0.45714286,10.3714285,-0.014285714,0.00012998283,0.0037761107,0.011468972,0.005499875,0.016641043,True
2013-03-04,66.66000000000001,0.5,1.4285715,4.8142858,-1.5857143,87.6,0.61428577,0.58571434,0.62857145,10.2,1.0428572,0.00024700165,0.0039889067,0.008249028,0.011211358,0.00053826347,True
2013-03-11,66.63000000000001,9.099999,1.0714287,5.4000006,-2.5285716,81.700005,0.6714286,0.59999996,0.8428572,9.942857,2.4714286,9.153783e-05,0.004150763,0.0031641212,0.0027313363,0.009576522,True
2013-03-18,66.59,14.2,-2.8714287,1.3142856,-7.4,77.200005,0.44285718,0.42857146,0.90000004,10.171429,0.114285715,7.253885e-05,0.0042875037,0.009522728,0.003328802,0.0086831935,True
2013-03-25,66.57000000000001,7.4,-3.1714287,0.32857147,-7.014286,75.37142,0.25714287,0.25714287,1.0,10.328571,0.15714286,2.5823712e-05,0.0043627396,0.018628506,0.0013226438,0.010739531,True
2013-04-01,66.54,5.5,-0.81428576,2.3714287,-3.7857144,76.22857,0.8000001,0.7428571,1.1,10.071428,0.2857143,0.00012247264,0.004389234,0.016656898,0.006261369,0.00685391,True
2013-04-08,66.52000000000001,0.0,1.4857143,5.2571435,-2.857143,73.42857,1.1285714,1.0,1.3285714,9.8,2.3428571,0.00021790713,0.004392214,0.009203576,0.010564648,0.0006575249,True
2013-04-15,66.49000000000001,7.6,9.599999,15.085715,3.9714284,77.07143,2.0,1.8571428,1.9428571,9.557143,9.185715,0.0004413575,0.004376292,0.00050759886,0.0028414205,1.3358891e-05,True
2013-04-22,66.47000000000001,0.1,12.3714285,18.028572,6.6857142,64.08572,2.9857142,2.3428571,2.7714286,8.685715,14.271428,1.4066696e-05,0.004400991,-7.345365000000001e-25,3.501773e-07,0.0,True
2013-04-29,66.45238263305598,13.700001,12.1,17.5,6.514286,71.0,2.642857,2.1571429,2.5857143,8.057143,13.6,0.00018396974,0.004315257,-7.345365000000001e-25,3.7252903e-09,0.0,True
2013-05-06,66.46000000000001,1.6,12.485715,18.585714,5.0428576,62.3,2.9142857,2.1142857,3.0714285,7.5857143,14.742857,2.7120113e-06,0.00417728,-7.345365000000001e-25,0.0,0.0,True
2013-05-13,66.46000000000001,33.0,13.871429,19.157145,8.8,82.82857,2.457143,2.0285716,2.3285713,7.257143,16.4,0.0003015399,0.003997378,-7.345365000000001e-25,3.7252903e-09,0.0,True
2013-05-20,66.45,8.4,15.471429,20.9,9.314286,75.78571,3.2571428,2.3285713,3.2285714,6.9142857,17.571428,7.997453e-05,0.0037991405,-7.345365000000001e-25,7.450581e-09,0.0,True
2013-05-27,66.42,53.100002,10.014285,14.0,6.142857,83.5,1.8714285,1.5285715,1.9,8.142858,12.828571,0.00066561997,0.0036126003,-7.345365000000001e-25,0.0,0.0,True
2013-06-03,66.39,26.800001,13.757143,18.571428,10.271429,85.94286,2.1285713,2.0571427,2.2,10.185715,15.257143,0.0018962547,0.0035059527,-7.345365000000001e-25,7.450581e-09,0.0,True
2013-06-10,66.37,0.1,16.47143,23.157145,8.542857,67.48572,3.914286,3.1571429,4.3285713,9.257143,20.314285,1.53929e-05,0.0034695938,-7.345365000000001e-25,3.7252903e-09,0.0,True
2013-06-17,66.34,5.7000003,17.957144,24.057144,10.1285715,67.37143,4.2142854,3.3285713,4.0571427,8.185715,21.285715,0.00010843575,0.003340803,-7.345365000000001e-25,1.4901161e-08,0.0,True
2013-06-24,66.33000000000001,34.300003,21.514286,27.34286,15.371429,67.48572,4.785714,3.6285713,4.9857144,7.542857,24.314285,0.0023986995,0.0031528845,-7.345365000000001e-25,1.4901161e-08,0.0,True
2013-07-01,66.31,27.0,14.071428,18.6,9.228571,77.88572,2.6571429,2.2428572,2.6857142,7.5285716,16.985714,0.00018146634,0.002995208,-7.345365000000001e-25,1.1175871e-08,0.0,True
2013-07-08,66.30000000000001,0.8,18.9,25.014286,12.857142,74.828575,3.9714284,2.8,3.9714284,6.757143,23.0,0.00014138222,0.002841413,-7.345365000000001e-25,1.4901161e-08,0.0,True
2013-07-15,66.24000000000001,0.0,17.442858,23.414288,11.528572,70.02857,3.642857,1.2285713,3.8428571,5.9428573,21.957144,5.751848e-06,0.002654463,-7.345365000000001e-25,7.450581e-09,0.0,True
2013-07-22,66.2,0.0,21.142857,29.042858,11.900001,58.8,4.9714284,0.7999999,5.1142855,5.5571427,24.942858,3.1292439e-07,0.002470009,-7.345365000000001e-25,1.1175871e-08,0.0,True
2013-07-29,66.15628005094452,25.0,24.071428,31.242859,16.914286,63.885715,4.7000003,1.3285714,4.9,5.4142857,26.614286,0.00019453466,0.002256453,-7.345365000000001e-25,1.4901161e-08,0.0,True
2013-08-05,66.17,0.90000004,22.628572,29.428572,16.285715,66.3,4.428571,2.4428573,4.6,5.6,24.685715,0.000108867884,0.00208316,-7.345365000000001e-25,1.4901161e-08,0.0,True
2013-08-12,66.14,23.9,18.84286,24.514286,14.014287,76.88572,3.0142858,2.2,3.1285713,5.957143,22.171429,0.0003119856,0.0019364357,-7.345365000000001e-25,1.1175871e-08,0.0,True
2013-08-19,66.10000000000001,5.1000004,17.9,24.142857,12.257143,71.62858,2.9571433,1.9428571,3.1142857,5.614286,20.185715,7.081032e-05,0.0018122569,-7.345365000000001e-25,1.1175871e-08,0.0,True
2013-08-26,66.08000000000001,0.0,17.185715,23.642857,10.614286,65.71429,3.142857,1.6428572,3.557143,5.3,20.22857,1.1205673e-05,0.0016994476,-7.345365000000001e-25,0.0,0.0,True
2013-09-02,66.09,1.5,16.5,22.657145,10.185715,70.35715,2.357143,0.85714287,2.6714287,4.885714,18.985714,3.2797456e-05,0.0015876517,-7.345365000000001e-25,1.3038516e-08,0.0,True
2013-09-09,66.08000000000001,42.1,17.814287,23.2,12.542857,75.71429,2.3714287,1.0571429,2.6714287,5.1285715,19.071428,0.0032428652,0.0014996603,-7.345365000000001e-25,1.3038516e-08,0.0,True
2013-09-16,66.08000000000001,8.6,13.357142,17.628572,9.599999,85.542854,1.2857143,1.1428572,1.4857142,6.285714,14.9,0.0001488775,0.0014245063,-7.345365000000001e-25,5.5879354e-09,0.0,True
2013-09-23,66.06,7.9,12.428572,16.214285,8.814286,84.88572,1.1285714,0.9571429,1.4,6.385714,13.314285,0.00012539327,0.001369983,-7.345365000000001e-25,7.450581e-09,0.0,True
2013-09-30,66.11554103141397,7.1,9.928572,14.985715,4.8857145,84.957146,1.0285715,0.8428572,1.2714285,6.4857144,11.8714285,4.4882298e-05,0.0013266727,-7.345365000000001e-25,3.7252903e-09,0.0,False
2013-10-07,66.12,14.700001,9.557143,14.714286,4.785714,77.042854,1.0142857,0.7714286,1.3857143,6.3714285,10.6,0.00010136515,0.0012829527,-7.345365000000001e-25,0.0,0.0,True
2013-10-14,66.19000000000001,51.0,10.457144,13.928572,7.3142858,91.37144,0.6285714,0.59999996,0.71428573,7.642857,11.171429,0.0031385124,0.0020172074,-7.345365000000001e-25,1.8626451e-09,0.0,True
2013-10-21,66.24000000000001,14.6,11.057143,15.028571,6.828572,87.0,0.8000001,0.7571429,0.85714287,8.942857,10.742857,0.00018233061,0.001236923,-7.345365000000001e-25,5.5879354e-09,0.0,True
2013-10-28,66.28,8.8,14.6,19.1,9.657143,80.97143,1.1571429,1.0714285,1.1714286,8.814285,13.014286,0.00018507242,0.0012341514,-7.345365000000001e-25,1.6763806e-08,0.0,True
2013-11-04,66.34,12.4,8.900001,12.442858,5.2999997,81.58571,0.8142857,0.7571429,0.8142857,8.857142,8.657143,0.00028382242,0.0012372434,-7.345365000000001e-25,5.5879354e-09,0.0,True
2013-11-11,66.39,20.5,7.7571425,10.842857,4.8142858,87.65715,0.65714294,0.64285713,0.5,9.814285,7.7,0.00064300746,0.001265049,-7.345365000000001e-25,5.5879354e-09,0.0,True
2013-11-18,66.45,0.6,3.7571428,6.6285715,0.6857143,92.971436,0.22857144,0.22857144,0.24285714,9.8,4.242857,2.9027462e-05,0.0013742894,-7.345365000000001e-25,0.0,0.0,True
2013-11-25,66.51,26.5,2.9714286,5.085715,0.2857143,93.814285,0.20000002,0.20000002,0.24285714,10.328571,3.2857144,0.00056001544,0.0015306845,5.8923448e-05,0.00022999197,0.00026202574,True
2013-12-02,66.56,8.5,2.9857144,5.5285716,0.4857143,92.11428,0.24285717,0.24285717,0.27142856,10.228572,2.3428571,9.571016e-05,0.0017857626,1.5202023e-05,4.152395e-05,5.2154064e-07,True
2013-12-09,66.52000000000001,15.6,2.7142856,4.714286,0.6714286,92.24286,0.3571429,0.3571429,0.34285715,10.342857,1.9857143,0.00036162138,0.0020247623,0.00063263235,0.0022745691,0.002406815,True
2013-12-16,66.53,2.7,3.4857144,5.828572,1.2142857,95.042854,0.17142858,0.17142858,0.18571427,10.3714285,3.142857,2.9712915e-05,0.0022777095,4.226253e-05,0.00013621897,8.195639e-08,True
2013-12-23,66.54,4.2,5.042857,6.285714,2.2142856,80.957146,0.42857143,0.41428572,0.5428571,10.157143,2.9857142,8.095801e-05,0.0025367513,3.2583873e-06,9.609386e-06,0.0,True
2013-12-30,66.52209472912034,17.7,6.571429,0.0,4.1285715,80.700005,0.51428574,0.51428574,0.7,10.185715,4.8285713,0.00058065355,0.0027307197,-7.345365000000001e-25,4.8428774e-08,0.0,True
2014-01-06,66.55000000000001,14.6,4.2285714,6.3285713,1.2428571,85.828575,0.3,0.3,0.41428572,10.2,1.3,0.0001660958,0.0029292628,-7.345365000000001e-25,0.0,0.0,True
2014-01-13,66.54,5.8,5.8142858,8.342857,2.4857142,84.557144,0.68571424,0.68571424,0.5142857,10.328571,4.5285716,0.00030777603,0.0031743348,-7.345365000000001e-25,1.8626451e-09,0.0,True
2014-01-20,66.51,6.1000004,2.6142857,4.8857145,0.42857146,95.75715,0.17142858,0.17142858,0.20000002,10.285714,2.4571428,0.00017383695,0.0035035014,4.9403734e-05,0.00019430369,0.00033263117,True
2014-01-27,66.54,7.2,-5.9,-3.7857146,-8.542857,92.557144,0.028571429,0.028571429,0.18571429,10.3,-1.0428572,2.746284e-05,0.0038172826,0.0053859213,0.0010208003,0.010421988,True
2014-02-03,66.53,0.4,-1.4714288,1.1999999,-4.3285713,90.85714,0.17142858,0.17142858,0.2857143,10.3,-0.4,9.699166e-05,0.0040445775,0.0074834935,0.0042230263,0.000248909,True
2014-02-10,66.5,3.3,4.6,8.771429,1.0285715,77.14286,0.9285714,0.88571423,0.8,10.071428,1.9714285,0.00015704334,0.0041748732,0.0017139798,0.0047264565,0.0,True
2014-02-17,66.46000000000001,6.2999997,5.7428575,9.614286,2.3428571,75.07143,1.0571429,0.98571426,0.9857143,9.857142,4.1714287,0.00018258393,0.0042497665,1.6365733e-05,6.890856e-05,0.0,True
2014-02-24,66.41000000000001,3.3,5.5285716,10.328572,1.2714285,79.92857,1.0142857,0.8714286,0.82857144,9.6285715,4.8285713,4.5888126e-05,0.004311107,-7.345365000000001e-25,2.4959445e-07,0.0,True
2014-03-03,66.38000000000001,0.1,5.542857,11.257143,0.42857152,80.52857,0.9857144,0.8,0.91428566,9.228572,5.757143,2.4676323e-05,0.0043196008,-7.345365000000001e-25,0.0,0.0,True
2014-03-10,66.35000000000001,0.0,6.228572,12.885715,0.55714285,78.75714,1.1428572,0.90000004,1.1142857,8.842857,6.642857,2.1204352e-05,0.0042868108,-7.345365000000001e-25,1.8626451e-09,0.0,True
2014-03-17,66.33000000000001,2.8,7.6857142,13.828572,2.3428574,72.08572,1.6000001,1.3000001,1.6142857,8.314285,8.0,5.4761767e-05,0.0042114034,-7.345365000000001e-25,0.0,0.0,True
2014-03-24,66.30000000000001,4.7,9.2,13.900001,3.3285716,73.41429,1.7714285,1.4285713,1.7428571,7.9714284,9.242857,7.221103e-05,0.004119657,-7.345365000000001e-25,1.8626451e-09,0.0,True
2014-03-31,66.31194007663814,0.1,6.914286,13.514287,0.87142855,81.88572,1.5,1.1428572,1.5,7.6571426,8.771428,2.0429492e-05,0.0040058345,-7.345365000000001e-25,0.0,0.0,True
2014-04-07,66.28,6.7,11.914286,17.685715,6.4428573,77.25714,1.957143,1.4857142,1.9857142,7.0857143,12.957143,0.00010384619,0.0038514584,-7.345365000000001e-25,7.450581e-09,0.0,True
2014-04-14,66.27000000000001,9.1,9.571428,13.828572,5.6,76.185715,1.9571427,1.6000001,1.9857142,6.742857,11.257143,0.00014422834,0.0036887228,-7.345365000000001e-25,1.8626451e-09,0.0,True
2014-04-21,66.25,11.2,9.442857,15.7,2.6285713,72.02857,2.5285714,1.8857143,2.4428573,6.542857,11.485714,0.00011762977,0.003521897,-7.345365000000001e-25,3.7252903e-09,0.0,True
2014-04-28,66.24000000000001,0.7,14.2,21.128572,7.357143,77.87144,2.742857,1.5857143,2.8857143,6.042857,16.828571,3.5583973e-05,0.0033335537,-7.345365000000001e-25,3.7252903e-09,0.0,True
2014-05-05,66.22000000000001,15.2,10.714286,16.300001,5.014286,68.51429,2.4285715,1.3,2.5142858,5.9428573,14.457143,0.00010139495,0.0031277016,-7.345365000000001e-25,0.0,0.0,True
2014-05-12,66.2,17.1,12.614286,17.928572,7.914286,74.8,2.7857144,2.1714287,2.7,5.928571,13.928572,0.00023389608,0.0029383227,-7.345365000000001e-25,7.450581e-09,0.0,True
2014-05-19,66.19000000000001,15.7,11.542857,17.142857,6.4857144,78.41429,2.4857142,1.6857144,2.5714285,5.8714285,14.057143,0.00017225742,0.0027629882,-7.345365000000001e-25,0.0,0.0,True
2014-05-26,66.17,0.0,19.37143,26.228573,11.185715,66.11429,4.4857144,2.3857143,4.5142856,5.457143,22.057142,5.26011e-06,0.0025763214,-7.345365000000001e-25,7.450581e-09,0.0,True
2014-06-02,66.17,59.7,12.214286,17.185715,6.057143,77.457146,2.7142856,2.1857142,2.7285714,6.857143,16.314285,0.0006821528,0.0024125427,-7.345365000000001e-25,3.7252903e-09,0.0,True
2014-06-09,66.15,2.6000001,19.428572,26.52857,10.971429,62.9,4.6571426,3.1714287,4.8142858,5.8714285,22.571428,2.2560358e-05,0.0022630915,-7.345365000000001e-25,7.450581e-09,0.0,True
2014-06-16,66.14,6.9,17.557142,22.9,11.957144,74.02857,3.5571427,2.2714286,3.6857145,5.4428573,21.614286,0.000210464,0.002100952,-7.345365000000001e-25,1.1175871e-08,0.0,True
2014-06-23,66.12,1.5,15.142858,20.542858,9.771429,69.457146,3.3428571,1.3571428,3.4285715,4.9142857,18.942858,2.8118491e-05,0.0019742176,-7.345365000000001e-25,7.450581e-09,0.0,True
2014-06-30,66.10645182362232,29.6,15.0,20.385715,9.614286,80.6,2.9285712,2.114286,2.8285713,5.428571,18.742857,0.0002091527,0.0018627644,-7.345365000000001e-25,1.1175871e-08,0.0,True
2014-07-07,66.12,12.9,19.757143,26.685715,12.1285715,64.057144,4.6571426,2.457143,4.585714,5.0285716,22.571428,6.0513616e-05,0.0017438009,-7.345365000000001e-25,1.1175871e-08,0.0,True
2014-07-14,66.11,36.9,18.7,24.985716,13.885714,82.92857,3.2857144,2.914286,3.3142858,6.357143,21.585714,0.0072953627,0.0016389415,-7.345365000000001e-25,1.1175871e-08,0.0,True
2014-07-21,66.09,0.0,23.057142,30.142857,15.514287,62.142857,4.928571,3.2142856,5.1142855,5.457143,25.87143,5.4985285e-06,0.0015523508,-7.345365000000001e-25,1.1175871e-08,0.0,True
2014-07-28,66.07000000000001,25.3,21.214285,27.228573,16.457144,76.28571,4.0,2.5571427,4.0,5.2285714,24.342857,0.0030421913,0.0014614612,-7.345365000000001e-25,1.8626451e-08,0.0,True
2014-08-04,66.08000000000001,25.3,20.628572,26.085714,15.871429,80.17143,3.2428572,2.6714287,3.2428572,6.142857,24.028572,0.0016587675,0.0013985708,-7.345365000000001e-25,1.1175871e-08,0.0,True
2014-08-11,66.07000000000001,18.300001,19.214285,25.571428,12.571428,73.90001,3.2714286,2.6571429,3.5714285,6.3285713,22.414286,0.0021279603,0.0013465583,-7.345365000000001e-25,1.4901161e-08,0.0,True
2014-08-18,66.05000000000001,15.4,16.442858,21.885715,11.971429,73.08572,2.7999997,2.4142857,3.2,5.885714,18.885714,0.00024662912,0.0012980923,-7.345365000000001e-25,1.1175871e-08,0.0,True
2014-08-25,66.03,5.6,13.67143,19.942858,8.257143,72.71429,2.385714,1.8428571,2.8,5.6,16.657143,8.0510974e-05,0.0012578815,-7.345365000000001e-25,7.450581e-09,0.0,True
2014-09-01,66.05000000000001,7.8999996,15.257143,21.057144,9.542857,79.01429,1.9285715,1.5285714,2.2,5.6285715,17.742857,0.00012643635,0.0012216046,-7.345365000000001e-25,3.7252903e-09,0.0,True
2014-09-08,66.05000000000001,5.8,17.428572,23.914288,11.371429,81.700005,2.1714284,1.6142858,2.457143,5.7,19.414286,0.000102601945,0.0011887625,-7.345365000000001e-25,9.313226e-09,0.0,True
2014-09-15,66.04,11.0,15.528572,18.942858,12.300001,88.58572,1.2857143,1.0428572,1.4285715,5.957143,17.257143,0.00014661252,0.0011571869,-7.345365000000001e-25,1.4901161e-08,0.0,True
2014-09-22,66.01,18.7,16.300001,20.814287,12.485715,84.77143,1.6571428,1.3142856,1.7714285,6.1714287,17.885714,0.00020357966,0.0011295155,-7.345365000000001e-25,1.3038516e-08,0.0,True
2014-09-29,66.01757660275554,2.6,13.457144,18.571428,8.442858,80.97143,1.3,1.0285714,1.5,6.3428574,14.557143,2.3916364e-05,0.001105614,-7.345365000000001e-25,9.313226e-09,0.0,True
2014-10-06,66.0,0.2,14.042857,20.071428,8.471429,85.27143,1.1000001,0.78571427,1.3714286,6.142857,15.971429,2.4318695e-05,0.0010827705,-7.345365000000001e-25,1.8626451e-09,0.0,True
2014-10-13,66.0,15.4,14.457144,18.085714,11.257143,88.38572,0.9142857,0.7999999,0.9857143,6.3714285,14.928572,0.00033682585,0.0010632277,-7.345365000000001e-25,1.4901161e-08,0.0,True
2014-10-20,66.01,10.4,13.571428,18.114286,9.528572,88.67143,0.8428572,0.7571429,0.9142857,6.5857143,13.857142,0.00017641485,0.0010491982,-7.345365000000001e-25,7.450581e-09,0.0,True
2014-10-27,66.03,10.900001,10.285714,14.114286,6.8428574,90.90001,0.62857145,0.6,0.61428577,7.3714285,10.6285715,0.00018516928,0.0010413826,-7.345365000000001e-25,3.7252903e-09,0.0,True
2014-11-03,66.04,0.70000005,10.185715,14.657144,6.2571435,88.67143,0.58571434,0.44285718,0.55714285,7.357143,9.942857,3.1478703e-05,0.0010432303,-7.345365000000001e-25,3.7252903e-09,0.0,True
2014-11-10,66.06,2.5,7.585715,11.228572,3.914286,89.94286,0.37142855,0.3285714,0.42857143,7.257143,8.342857,2.4303794e-05,0.0010486618,-7.345365000000001e-25,1.8626451e-09,0.0,True
2014-11-17,66.07000000000001,2.4,8.785714,11.3,6.085715,94.87144,0.22857141,0.21428572,0.37142858,7.2,8.3714285,1.8402934e-05,0.0010552928,-7.345365000000001e-25,0.0,0.0,True
2014-11-24,66.08000000000001,6.0,5.571429,7.7571435,3.3428571,90.5,0.25714284,0.20000002,0.35714287,7.3142858,5.385714,5.555153e-05,0.0010615587,-7.345365000000001e-25,0.0,0.0,True
2014-12-01,66.08000000000001,0.1,0.7,2.2142856,-1.1571429,87.314285,0.14285715,0.114285715,0.42857143,7.4,1.6428572,7.301569e-07,0.0010663792,4.0304093e-07,1.6763806e-08,1.3485551e-06,True
2014-12-08,66.10000000000001,5.7,1.1142857,2.8285716,-0.8000001,90.32857,0.12857142,0.12857142,0.24285714,7.4142857,0.32857144,8.581579e-05,0.0010702461,1.5309879e-05,2.6227906e-05,3.0644238e-05,True
2014-12-15,66.13000000000001,10.3,3.0428574,5.642857,0.057142887,88.41429,0.37142855,0.35714284,0.3857143,7.7285714,2.1857142,0.00014793128,0.0010746643,1.343659e-05,5.3035095e-05,4.6871603e-05,True
2014-12-22,66.14,14.4,6.5,9.157143,3.614286,87.1,0.5285714,0.5285714,0.62857145,8.314285,5.0,0.00034460425,0.0010842383,1.8732888e-07,1.2740493e-06,0.0,True
2014-12-29,66.15451963958874,11.4,1.5285715,3.6000001,-1.4285716,87.62858,0.32857138,0.32857138,0.45714286,8.942857,2.7571428,0.00011537969,0.0011161491,0.0014938627,2.2875145e-05,0.0060116462,True
2015-01-05,66.15,4.8,3.0857143,4.957143,1.3857143,87.14286,0.1,0.1,0.5142857,9.2,0.0,0.0002795905,0.0011736751,0.003526472,0.009416474,0.0037372932,True
2015-01-12,66.2,29.4,4.857143,7.357143,2.1285715,84.91429,0.7714286,0.7714286,0.67142856,9.6,3.4285715,0.0005081743,0.0012631193,0.00018375828,0.0007808581,0.00038271397,True
2015-01-19,66.26,4.1,4.0142856,6.8142858,0.3142857,82.27143,0.6571428,0.6428571,0.54285717,9.857142,3.4857142,0.00018122792,0.0014382899,8.441153e-06,7.998757e-05,2.5629997e-06,True
2015-01-26,66.29,9.0,0.22857141,1.457143,-0.90000004,93.71429,0.15714286,0.15714286,0.25714287,9.828571,0.27142859,0.00015821308,0.0016634241,0.0029315096,0.002286926,0.005847227,True
2015-02-02,66.31,15.4,1.1714286,3.3857143,-0.9857143,89.328575,0.45714286,0.45714286,0.37142855,10.028571,1.0142857,0.0002053082,0.001870662,0.0043228185,0.0041363817,0.0074926987,True
2015-02-09,66.32000000000001,5.9,-0.4714286,2.1142857,-3.642857,87.685715,0.35714287,0.34285715,0.44285718,9.957143,0.22857143,0.00018060952,0.0020893663,0.008621755,0.007639423,0.005084686,True
2015-02-16,66.31,0.1,2.0,5.6285715,-0.9857143,86.62858,0.42857143,0.41428572,0.5,9.757143,1.7,7.288158e-05,0.0022955462,0.00084884395,0.0029215645,2.8721988e-05,True
2015-02-23,66.30000000000001,5.4,2.2857144,6.4428573,-1.9428571,82.01429,0.71428573,0.64285713,0.7,9.5,2.0857143,7.925928e-05,0.0024851859,0.00030590806,0.0005896725,0.0026859306,True
2015-03-02,66.29,2.5,3.5142858,8.3,-0.6285714,77.557144,1.057143,0.9857144,0.94285715,9.385715,3.2857144,0.00012992322,0.0026165545,0.00086103164,0.0022733696,3.3140182e-05,True
2015-03-09,66.27000000000001,2.9,6.114286,10.042857,1.8571428,75.08571,1.2857143,1.1571428,1.1999999,9.328571,5.4428573,5.5767596e-05,0.002699025,3.7687165e-05,0.00013005547,1.7136335e-05,True
2015-03-16,66.26,1.0,4.571429,7.742858,1.4428571,85.97143,0.8285714,0.71428573,0.9285714,8.985714,5.0142856,4.9345195e-05,0.002744466,4.915964e-06,2.380833e-05,2.2500753e-05,True
2015-03-23,66.24000000000001,3.3,4.8714285,11.342857,-1.7142857,67.57143,1.7,1.3142856,1.6857144,8.528571,7.1,5.0738454e-05,0.0027451366,1.953897e-05,3.314577e-05,8.329004e-05,True
2015-03-30,66.23901934003496,15.1,7.285714,11.6285715,3.0571427,77.17143,1.5142858,1.3000001,1.4714286,8.285714,7.9,0.00025561452,0.0027173162,9.0882895e-06,4.8758462e-05,0.0,True
2015-04-06,66.24000000000001,11.8,3.9285715,9.528571,-0.7714286,74.971436,1.8428572,1.7428572,1.6,9.042857,5.6571426,0.0003253892,0.0026929304,0.0008950801,0.0052358825,0.0054418296,True
2015-04-13,66.22000000000001,1.0,9.957144,15.900001,2.9857142,66.700005,2.5571427,2.042857,2.5571427,8.328571,11.157143,9.544194e-06,0.0026719049,1.7086664e-05,0.00012722611,0.0,True
2015-04-20,66.19000000000001,0.0,9.642858,16.414286,1.9714286,61.471428,2.9857142,2.1285713,2.9428573,7.285714,12.257143,6.6906214e-06,0.002613239,-7.345365000000001e-25,0.0,0.0,True
2015-04-27,66.17,7.2,11.271429,18.042858,3.4857144,70.47143,2.7999997,1.6714286,2.7142856,6.4857144,13.557143,0.000108122826,0.0025304705,-7.345365000000001e-25,0.0,0.0,True
2015-05-04,66.13000000000001,12.7,10.314285,16.885715,3.5,68.78572,2.9428573,2.3142855,2.9285715,6.571429,13.157143,0.00012099743,0.002445586,-7.345365000000001e-25,0.0,0.0,True
2015-05-11,66.10000000000001,4.3,13.942858,20.528574,6.1714287,66.84286,3.4285715,1.9285716,3.2285714,5.9714284,16.157143,1.590699e-05,0.0023367628,-7.345365000000001e-25,7.450581e-09,0.0,True
2015-05-18,66.08000000000001,7.5,12.071428,18.885714,4.357143,67.87143,3.3,1.4571428,3.1571429,5.542857,15.514286,7.215142e-05,0.0022139251,-7.345365000000001e-25,7.450581e-09,0.0,True
2015-05-25,66.06,0.1,13.371429,19.928572,5.057143,62.37143,3.1285713,0.68571424,3.4285715,5.1571426,17.014286,1.1354685e-05,0.0020850524,-7.345365000000001e-25,0.0,0.0,True
2015-06-01,66.03,4.8,12.67143,18.485716,6.114286,68.38572,3.0857143,0.87142855,3.0,5.0142856,15.642858,6.809831e-05,0.0019510686,-7.345365000000001e-25,0.0,0.0,True
2015-06-08,65.98,0.0,18.000002,25.057144,9.585714,54.61429,4.7999997,0.7714285,5.042857,4.8714285,20.242857,1.1071563e-05,0.0018168539,-7.345365000000001e-25,3.7252903e-09,0.0,True
2015-06-15,65.92,5.3,16.97143,23.657145,8.842857,62.8,3.9285715,1.0285714,4.057143,4.857143,20.62857,0.000112719834,0.0016649365,-7.345365000000001e-25,3.7252903e-09,0.0,True
2015-06-22,65.85000000000001,19.900002,13.642858,18.942858,8.742857,72.314285,2.8857143,1.3142859,3.042857,4.8428574,17.085714,0.0001423806,0.001537934,-7.345365000000001e-25,3.7252903e-09,0.0,True
2015-06-29,65.84988801108776,3.6000001,16.857143,22.757143,11.257143,71.75715,3.3285713,2.1714284,3.4142857,5.1857142,18.928572,0.00017780066,0.0014433861,-7.345365000000001e-25,1.4901161e-08,0.0,True
2015-07-06,65.82000000000001,23.2,24.028574,31.87143,15.471429,55.828575,6.214286,2.3999999,6.2428575,4.5857143,26.22857,6.5267086e-06,0.0013286397,-7.345365000000001e-25,1.1175871e-08,0.0,True
2015-07-13,65.81,19.0,17.357143,23.300001,11.742857,71.42857,3.885714,2.457143,3.7571428,4.5571427,20.37143,0.00021175295,0.0012158975,-7.345365000000001e-25,1.4901161e-08,0.0,True
2015-07-20,65.83000000000001,19.4,19.757143,25.628572,14.17143,75.057144,3.7714283,2.3428571,3.8,4.642857,22.214285,0.0011119992,0.001139231,-7.345365000000001e-25,1.1175871e-08,0.0,True
2015-07-27,65.84,17.0,19.742859,25.857143,13.985715,68.8,4.1571426,3.1000001,4.157143,4.6714287,22.37143,0.0005240366,0.001063481,-7.345365000000001e-25,1.4901161e-08,0.0,True
2015-08-03,65.86,0.1,17.285715,24.385715,10.142858,62.628574,3.942857,1.8714286,4.2285714,4.257143,19.614286,1.1131167e-05,0.0010001808,-7.345365000000001e-25,1.1175871e-08,0.0,True
2015-08-10,65.9,5.2,23.457142,31.214285,15.828572,59.17143,5.0142856,1.1428572,5.3714285,3.7285714,25.185715,6.1690807e-06,0.0009278208,-7.345365000000001e-25,1.4901161e-08,0.0,True
2015-08-17,65.92,66.3,22.385715,28.600002,17.785715,75.52857,3.7285714,1.1857144,4.071429,4.0,24.857143,0.0003722161,0.00085923076,-7.345365000000001e-25,1.6763806e-08,0.0,True
2015-08-24,65.95,51.6,17.428572,23.385714,11.971429,77.17143,3.0,1.9857142,3.0142858,5.8428574,20.671429,0.0019432306,0.0008184165,-7.345365000000001e-25,5.5879354e-09,0.0,True
2015-08-31,65.9885975017041,15.2,19.52857,25.62857,13.528571,74.52857,2.9714284,2.2571428,3.2142856,5.757143,21.171429,0.000858441,0.0007856637,-7.345365000000001e-25,7.450581e-09,0.0,True
2015-09-07,65.99000000000001,16.9,14.457144,19.942858,9.714286,78.48572,1.9857143,1.6857141,2.2857144,5.742857,16.971428,0.0002649799,0.00075927377,-7.345365000000001e-25,9.313226e-09,0.0,True
2015-09-14,66.05000000000001,9.4,14.571428,20.02857,9.457144,81.71429,1.7571428,1.3714285,1.9571428,5.6714287,16.357143,0.00012230873,0.00074124336,-7.345365000000001e-25,3.7252903e-09,0.0,True
2015-09-21,66.09,8.8,14.17143,19.100002,9.557143,83.04286,1.5285715,1.2857143,1.6285714,5.8,15.342857,0.00016237795,0.0007266179,-7.345365000000001e-25,1.1175871e-08,0.0,True
2015-09-28,66.14,1.9,12.085714,17.885715,7.085715,81.0,1.1999999,0.8571429,1.4714286,5.6285715,13.742857,1.7389655e-05,0.0007141307,-7.345365000000001e-25,1.8626451e-09,0.0,True
2015-10-05,66.15,0.0,10.314285,18.5,3.2285714,79.814285,1.2571429,0.7714285,1.3714286,5.2285714,12.9,2.3841858e-07,0.00070070475,-7.345365000000001e-25,3.7252903e-09,0.0,True
2015-10-12,66.17,23.0,8.214286,11.7,4.585715,84.02857,0.82857144,0.67142856,0.9142857,5.8142858,10.357142,0.00031875074,0.0006904751,-7.345365000000001e-25,3.7252903e-09,0.0,True
2015-10-19,66.2,35.1,6.3142858,7.8142858,5.1142855,94.15715,0.34285712,0.3285714,0.4857143,7.1571426,6.9857144,0.00045762956,0.00068529695,6.024043e-05,0.00041223504,0.00040261075,True
2015-10-26,66.22000000000001,1.2,8.528571,12.642858,4.328572,91.28571,0.4857143,0.4428572,0.55714285,7.8,9.071428,4.3049455e-05,0.00069206953,5.336035e-07,4.120171e-06,0.0,True
2015-11-02,66.23,0.0,6.7714286,12.542857,2.6000001,91.87144,0.44285712,0.34285712,0.4,7.614286,7.6714287,4.4703484e-06,0.0007059127,-7.345365000000001e-25,3.7252903e-09,0.0,True
2015-11-09,66.25,4.7,10.114286,14.942858,6.228572,87.4,0.71428573,0.64285713,0.62857145,7.542857,9.585714,0.00016088039,0.0007202253,2.3841858e-07,1.2833625e-06,1.244247e-06,True
2015-11-16,66.30000000000001,26.7,11.228571,13.400001,8.185715,84.32857,0.7714286,0.7285714,0.85714287,7.9428573,10.157143,0.0005299598,0.0007354617,-7.345365000000001e-25,1.4901161e-08,0.0,True
2015-11-23,66.34,12.2,6.6857147,8.914286,4.4428573,84.8,0.7285715,0.71428573,0.7,9.142858,6.7,0.00026872754,0.0007759407,0.00025190625,0.00013978034,0.0015416108,True
2015-11-30,66.40724738970893,29.3,3.2,6.3428574,0.18571432,88.0,0.47142854,0.47142854,0.3857143,9.271428,2.7,0.0013294816,0.0008551255,0.0010105598,0.0037203766,0.002398733,False
2015-12-07,66.4,1.2,7.6285715,10.257143,4.8857145,81.542854,0.54285717,0.54285717,0.62857145,9.757143,5.9428573,8.971989e-05,0.0009799004,1.3811247e-05,0.00015388057,0.0,True
2015-12-14,66.47000000000001,8.4,4.5142856,8.014286,1.0714285,87.58572,0.3857143,0.3857143,0.29999998,9.642858,4.0,0.00020866096,0.0011478588,-7.345365000000001e-25,2.2351742e-08,0.0,True
2015-12-21,66.48,11.299999,8.7,10.757143,6.542857,89.8,0.4142857,0.4142857,0.35714287,9.742857,6.9714284,0.00017891824,0.00130447,-7.345365000000001e-25,5.5879354e-09,0.0,True
2015-12-28,66.5,2.2,9.657143,12.428572,5.857143,81.12858,0.61428577,0.61428577,0.7714286,9.6,7.7714286,4.310906e-05,0.0014629439,-7.345365000000001e-25,0.0,0.0,True
2016-01-04,66.47000000000001,2.0,-1.1857141,0.8571429,-4.1,84.37142,0.3,0.23333335,0.42857143,9.533334,2.7,6.376207e-05,0.0016066357,3.80675e-05,0.0,0.00065470114,True
2016-01-11,66.45,14.3,-1.6428572,1.0142858,-3.8857143,89.12858,0.22857144,0.22857144,0.25714287,9.785714,-0.78571427,0.00030367076,0.0017285198,0.0039014134,0.004135713,0.0059004836,True
2016-01-18,66.5,11.7,-0.48571423,1.5857143,-2.6857142,93.0,0.22857143,0.22857143,0.21428572,10.1285715,0.35714287,0.00017113984,0.001864098,0.0035596972,0.0016153082,0.006615121,True
2016-01-25,66.54,9.4,-1.5142858,1.9285715,-6.2428575,89.91429,0.12857144,0.12857144,0.21428572,10.042857,-0.6857143,0.00032536685,0.002056837,0.0071699563,0.011799764,0.005650103,True
2016-02-01,66.57000000000001,8.3,7.085714,10.0,2.957143,78.614296,1.0142857,1.0,0.88571423,10.014286,4.6571426,0.00024954975,0.0022749975,0.00013346899,0.0013801139,0.0,True
2016-02-08,66.56,8.0,6.2000003,9.114286,3.6285717,77.828575,0.9571429,0.9571429,0.95714283,10.042857,4.7285714,0.0002874434,0.0025612116,5.8270634e-05,0.00029000454,0.00028398633,True
2016-02-15,66.53,3.6,3.3142858,6.357143,0.17142853,83.042854,0.74285716,0.74285716,0.7,9.971429,3.442857,0.00024029613,0.0028919354,7.645857e-05,0.0001958739,0.00051034614,True
2016-02-22,66.47000000000001,19.4,2.8428571,6.7000003,-0.7000001,84.17143,0.6571428,0.6571428,0.64285713,10.071428,3.1285715,0.000804089,0.0032448918,0.000722624,0.0018834062,0.0015701242,True
2016-02-29,66.50160075311028,1.1,1.5571429,5.6142855,-2.1142857,79.21429,0.78571427,0.7714286,0.8,10.271428,2.642857,3.1135976e-05,0.0037631094,9.981791e-05,0.00014358945,0.00032255054,True
2016-03-07,66.48,7.8999996,3.042857,7.2571435,-0.88571423,81.52857,0.8285714,0.7714286,0.82857144,9.914286,3.5428572,0.00011832267,0.004300669,0.0002751464,0.0009912886,0.0008675046,True
2016-03-14,66.49000000000001,0.6,2.4428573,6.328572,-1.3571428,80.1,0.84285706,0.7428571,0.90000004,9.742857,3.4,9.953976e-06,0.004556246,2.8848648e-05,7.9398975e-05,8.582324e-05,True
2016-03-21,66.46000000000001,3.1000001,4.6714287,8.414286,0.64285713,79.84286,1.0857142,0.94285715,1.0714285,9.357142,5.457143,7.0124865e-05,0.004619032,1.5360969e-05,7.873587e-05,1.8641353e-05,True
2016-03-28,66.47000000000001,16.699999,6.7000003,10.657144,3.1285717,82.11428,1.3714285,1.2142857,1.2857143,9.157143,7.2,0.00014618039,0.0045993477,3.40598e-08,5.662441e-07,0.0,True
2016-04-04,66.45,5.8999996,9.157143,14.828572,3.4285715,70.17143,2.0,1.7857143,1.9285715,9.1285715,9.714286,0.00016628206,0.0045277476,-7.345365000000001e-25,1.8626451e-09,0.0,True
2016-04-11,66.41000000000001,1.2,9.0,14.685715,2.5714285,70.22857,2.085714,1.6857144,2.0142856,8.5,11.528571,2.3782253e-05,0.0044025257,-7.345365000000001e-25,1.8626451e-09,0.0,True
2016-04-18,66.39,12.700001,9.5,14.557143,3.9857144,76.35714,1.9142857,1.6999999,1.9714286,8.271428,11.185715,0.00015062094,0.004271306,-7.345365000000001e-25,0.0,0.0,True
2016-04-25,66.35000000000001,5.2999997,7.014286,12.685715,1.2285715,64.04286,2.4285715,1.9142858,2.6000001,7.742857,10.585714,4.313886e-05,0.0041046366,5.858285e-06,3.9339066e-05,8.181855e-05,True
2016-05-02,66.31,7.3,8.228572,14.457144,2.357143,68.08572,2.7571428,2.2000003,2.642857,7.357143,10.485714,0.0001359433,0.003919609,1.1835779e-05,7.776171e-05,3.6276877e-05,True
2016-05-09,66.29,2.0,14.428572,21.97143,5.828572,57.657143,4.5285716,2.357143,4.3714285,6.385714,16.457144,1.5050173e-05,0.003681682,-7.345365000000001e-25,3.7252903e-08,0.0,True
2016-05-16,66.27000000000001,2.4,13.771429,20.1,7.414286,59.485718,4.142857,1.1999999,4.157143,5.5857143,16.72857,3.6731362e-05,0.003381461,-7.345365000000001e-25,3.7252903e-09,0.0,True
2016-05-23,66.25,35.7,16.557142,22.34286,10.185715,60.18572,3.714286,0.9857144,3.7714286,5.4428573,17.742857,8.2969666e-05,0.0031229258,-7.345365000000001e-25,7.450581e-09,0.0,True
2016-05-30,66.27221357751637,7.6,16.285715,21.214285,11.2,80.02857,2.7000003,1.742857,2.8285713,6.1,19.0,0.00022184849,0.0028811544,-7.345365000000001e-25,7.450581e-09,0.0,True
2016-06-06,66.39,68.9,19.628572,25.97143,13.557143,74.44286,3.9857144,3.042857,4.3285713,6.571429,23.0,0.0003655553,0.0026613772,-7.345365000000001e-25,1.1175871e-08,0.0,True
2016-06-13,66.36,16.4,17.2,23.47143,11.528572,65.1,3.7857144,2.0142858,4.2428575,5.714286,22.142857,8.2165e-05,0.002433449,-7.345365000000001e-25,7.450581e-09,0.0,True
2016-06-20,66.31,31.4,15.928572,21.071428,10.742857,80.24286,3.1142857,2.5857143,3.142857,6.457143,19.542856,0.00016981363,0.0022600144,-7.345365000000001e-25,1.1175871e-08,0.0,True
2016-06-27,66.28,1.8,21.37143,28.085714,14.1285715,67.35714,4.8142858,3.3285713,4.928571,5.9857144,24.385714,2.387166e-05,0.002082713,-7.345365000000001e-25,1.4901161e-08,0.0,True
2016-07-04,66.25,7.5,17.757143,24.014286,10.985715,67.5,3.957143,2.2428572,4.071429,5.4428573,21.5,9.6693635e-05,0.0019045472,-7.345365000000001e-25,1.1175871e-08,0.0,True
2016-07-11,66.22000000000001,4.9,19.685715,25.514286,13.457144,59.642857,4.7000003,1.7571429,4.6857142,4.9142857,21.842857,2.4750829e-05,0.0017528683,-7.345365000000001e-25,1.4901161e-08,0.0,True
2016-07-18,66.2,5.6,17.84286,23.042858,12.6,69.78571,3.2142856,1.5285712,3.3285713,4.8,20.414286,9.590387e-05,0.0016148835,-7.345365000000001e-25,1.1175871e-08,0.0,True
2016-07-25,66.18,1.4,22.514286,29.428572,14.957144,61.84286,4.442857,1.3285714,4.7571425,4.5,25.057142,2.9921532e-05,0.0014896616,-7.345365000000001e-25,1.1175871e-08,0.0,True
2016-08-01,66.13000000000001,16.4,19.628572,25.47143,14.585715,73.25715,3.2571428,1.9999999,3.5142858,4.957143,22.885714,9.2968345e-05,0.0013676658,-7.345365000000001e-25,9.313226e-09,0.0,True
2016-08-08,66.11,4.1000004,18.514286,23.571428,13.785714,74.14286,2.857143,1.9428571,3.0,5.1,20.257143,8.5517764e-05,0.0012783185,-7.345365000000001e-25,1.3038516e-08,0.0,True
2016-08-15,66.09,2.7,16.257143,21.885714,10.814285,68.3,2.6428568,1.5,3.142857,4.785714,18.971428,1.3895333e-05,0.0011895746,-7.345365000000001e-25,1.4901161e-08,0.0,True
2016-08-22,66.07000000000001,11.4,17.228573,24.742859,10.314286,69.08572,2.885714,1.2714285,3.2428572,4.4,20.471428,5.325675e-05,0.0011066496,-7.345365000000001e-25,1.1175871e-08,0.0,True
2016-08-29,66.06499810446779,4.2999997,22.528574,30.542858,15.085715,62.700005,3.9142857,1.1571429,4.2714286,4.1,23.4,3.065169e-05,0.001026392,-7.345365000000001e-25,9.313226e-09,0.0,True
2016-09-05,66.05000000000001,10.4,17.928572,24.957144,11.528572,68.957146,2.7428572,0.8000001,3.0571427,4.042857,20.657143,4.965067e-05,0.0009495467,-7.345365000000001e-25,1.1175871e-08,0.0,True
2016-09-12,66.02000000000001,0.0,20.114286,28.014286,12.028572,68.47143,2.8571432,1.1,3.2,4.0285716,21.571428,7.4505806e-08,0.00088712573,-7.345365000000001e-25,3.7252903e-09,0.0,True
2016-09-19,66.0,39.4,18.385714,24.628572,12.142858,68.02857,2.5285716,0.7571429,2.8428571,4.114286,20.1,0.00015282631,0.00082526356,-7.345365000000001e-25,1.3038516e-08,0.0,True
2016-09-26,65.98,0.0,14.457144,21.357143,8.042857,72.64286,1.6999999,0.8,1.9142857,4.3714285,17.2,4.9471855e-06,0.0007813275,-7.345365000000001e-25,5.5879354e-09,0.0,True
2016-10-03,66.0,11.2,14.642858,19.585714,9.357142,77.92857,1.3857143,0.7142858,1.7285715,4.214286,16.1,0.00017344952,0.0007407144,-7.345365000000001e-25,1.1175871e-08,0.0,True
2016-10-10,66.0,11.5,9.185715,12.714286,5.714286,86.94286,0.8285714,0.7,0.95714283,4.6714287,10.614285,4.4882298e-05,0.00071044266,-7.345365000000001e-25,5.5879354e-09,0.0,True
2016-10-17,65.99000000000001,3.3,8.585714,11.214286,6.571429,89.78571,0.5142857,0.41428572,0.7571429,4.928571,9.114285,5.6937337e-05,0.0006855801,-7.345365000000001e-25,3.7252903e-09,0.0,True
2016-10-24,65.98,24.5,7.6,10.242858,5.2571425,91.02857,0.4571429,0.4142857,0.5428571,5.5142856,8.685715,0.0003073588,0.0006630346,-7.345365000000001e-25,1.8626451e-09,0.0,True
2016-10-31,66.00536197062794,1.6999999,8.657144,11.457144,4.3428574,90.6,0.4,0.32857147,0.5714286,6.1571426,8.571428,4.9188733e-05,0.00064542145,-7.345365000000001e-25,0.0,0.0,True
2016-11-07,65.96000000000001,11.3,5.6285715,8.471429,2.4285715,88.62858,0.38571426,0.38571426,0.45714286,6.4,6.0571427,0.00013346225,0.00063082576,-7.345365000000001e-25,1.8626451e-09,0.0,True
2016-11-14,66.0,0.7,-0.08571429,3.5714285,-3.2714288,88.057144,0.25714287,0.22857144,0.2857143,6.857143,1.4857143,3.693998e-05,0.00061914325,0.0008766367,0.0006435551,0.0016603991,True
2016-11-21,66.03,14.3,7.457143,10.571428,4.728572,82.85714,0.5714286,0.55714285,0.6857143,7.3285713,5.4428573,0.00021860749,0.00060962886,0.00017582235,0.0010944642,8.026883e-05,True
2016-11-28,66.07000000000001,0.1,3.1857145,6.428571,-0.17142855,91.114296,0.20000002,0.17142858,0.24285714,7.4142857,4.0,3.6656857e-06,0.00060208887,3.8601104e-07,6.2957406e-07,1.0058284e-06,True
2016-12-05,66.08000000000001,8.5,-0.27142853,3.9428573,-4.214286,86.72857,0.2857143,0.27142859,0.21428572,7.5571427,0.6142857,3.6761165e-05,0.00059669465,4.48454e-07,1.7508864e-06,1.706183e-06,True
2016-12-12,66.10000000000001,15.1,4.8428574,7.442857,2.2285714,85.614296,0.3857143,0.37142858,0.4714286,7.7285714,2.8714285,0.00017936528,0.00059244037,-7.345365000000001e-25,4.5634806e-07,2.9802322e-08,True
2016-12-19,66.14,5.4,2.257143,4.428571,-0.8,92.685715,0.12857144,0.11428572,0.21428572,8.3,1.9142857,5.5536628e-05,0.00058915466,1.1489505e-05,1.5296042e-05,2.3290515e-05,True
2016-12-26,66.17,3.3,3.3142858,5.728572,0.58571434,87.9,0.40000004,0.40000004,0.4857143,8.442857,2.2714286,0.00013539195,0.00058734417,6.9027856e-06,1.347065e-05,4.6417117e-06,True
2017-01-02,66.2,3.5,2.457143,5.042857,-0.4571429,85.614296,0.32000002,0.3,0.37142855,8.78,2.54,1.9952655e-05,0.00058691204,0.00012754826,6.173737e-05,0.0015529804,True
2017-01-09,66.23,13.4,-1.9142858,0.6714286,-5.0,87.64286,0.22857143,0.22857143,0.31428573,9.157143,-0.22857143,0.00012878329,0.000589177,0.003469189,0.0015226714,0.0068102144,True
2017-01-16,66.24000000000001,18.199999,0.0857143,2.0857143,-2.1571429,86.98572,0.35714287,0.35714287,0.42857143,9.471429,-0.071428575,0.00018078089,0.00059494376,0.0088708,0.0048233513,0.011441916,True
2017-01-23,66.26,0.1,-2.8714287,-0.59999996,-5.6714287,90.58571,0.057142857,0.057142857,0.18571427,9.528571,-0.51428574,2.129376e-05,0.0006058216,0.01190408,0.0012591332,0.0004285872,True
2017-01-30,66.2827705535523,6.4,-0.7428571,2.1714287,-3.5571427,84.91429,0.27142859,0.24285714,0.34285715,9.485714,-0.6857143,0.00021636486,0.0006208122,0.01084779,0.004321361,0.00079235807,True
2017-02-06,66.29,0.9,1.2428572,3.6714287,-0.84285724,94.22858,0.18571429,0.18571429,0.3285714,9.671429,0.2857143,0.00016859174,0.00063978136,0.003830007,0.0060614944,0.00062630326,True
2017-02-13,66.30000000000001,0.0,-2.2857144,0.20000002,-4.457143,74.41429,0.12857142,0.12857142,0.7571429,9.585714,-1.0142857,3.0249357e-06,0.00067102164,0.0022059623,0.00016538985,0.0010960996,True
2017-02-20,66.32000000000001,10.4,3.2714288,8.414286,-1.0857143,85.14286,0.6285714,0.5857143,0.5857143,9.485714,1.1714286,0.0002591014,0.0007072687,0.0009031069,0.0023730826,0.0,True
2017-02-27,66.33000000000001,20.3,6.8142858,9.8714285,3.457143,77.52857,1.2714287,1.2428572,1.1142857,10.0,5.4,0.0006129518,0.00075718015,6.914139e-06,4.7093257e-05,2.5797635e-05,True
2017-03-06,66.34,11.400001,6.8142858,10.528571,3.1571429,74.98572,1.3857143,1.3285714,1.2285713,9.614285,6.2,0.00023932755,0.0008580908,1.4816012e-06,1.0760501e-05,9.749085e-06,True
2017-03-13,66.32000000000001,11.2,4.4428573,8.857142,0.39999995,82.41429,1.0142858,0.9857143,1.0,9.8,5.4857144,0.00020982325,0.00096990913,-7.345365000000001e-25,2.7939677e-08,0.0,True
2017-03-20,66.33000000000001,16.7,7.914286,12.5,2.9857144,74.6,1.4714286,1.3428572,1.5142858,9.585714,7.571429,0.00031243265,0.0010819882,-7.345365000000001e-25,1.8626451e-09,0.0,True
2017-03-27,66.31,3.6,6.828572,12.642858,0.4142857,71.08572,1.7857143,1.6142856,1.6285714,9.6285715,8.785714,0.00011013448,0.0011911839,-7.345365000000001e-25,1.8626451e-09,0.0,True
2017-04-03,66.34,4.2,12.3714285,18.157145,6.3428574,73.25715,2.2428572,1.857143,2.1,8.828571,13.1,2.091378e-05,0.0012867004,-7.345365000000001e-25,0.0,0.0,True
2017-04-10,66.28,0.7,9.900001,15.300001,5.0142856,74.12858,1.9285713,1.4714285,2.0571427,8.271428,11.442857,1.1086464e-05,0.001342833,-7.345365000000001e-25,1.8626451e-09,0.0,True
2017-04-17,66.29,15.1,7.6285715,12.257143,3.614286,74.08571,1.9142857,1.7142857,1.9,7.928571,9.4,0.000186041,0.0013641194,-7.345365000000001e-25,0.0,0.0,True
2017-04-24,66.26,4.0,5.914286,11.157144,0.4142857,67.557144,2.1142857,1.7571428,2.1285713,7.614286,8.028571,9.432435e-05,0.0013644919,4.4147175e-05,0.00020991825,0.00021672994,True
2017-05-01,66.24000000000001,0.8,7.371429,13.542857,-0.25714287,63.857143,2.4714286,1.7714285,2.5,7.042857,10.442857,3.285706e-05,0.0013432577,-7.345365000000001e-25,3.017485e-07,0.0,True
2017-05-08,66.2,9.9,10.042857,13.599999,6.8142858,84.78571,1.6999999,1.3285716,1.6714286,6.8,11.957143,0.00015154481,0.0013194159,-7.345365000000001e-25,0.0,0.0,True
2017-05-15,66.16000000000001,21.0,12.599999,18.785715,6.614286,73.057144,2.9857142,2.085714,3.0714285,6.3428574,15.585714,6.695092e-05,0.0012917221,-7.345365000000001e-25,7.450581e-09,0.0,True
2017-05-22,66.14,0.4,17.928572,24.6,10.314286,63.17143,4.1142855,2.0857143,4.2571425,6.0857143,20.72857,3.132224e-05,0.0012435615,-7.345365000000001e-25,7.450581e-09,0.0,True
2017-05-29,66.13993857772371,0.0,18.585714,26.1,10.3714285,61.528572,4.542857,1.6285714,4.6,5.6285715,21.142857,3.953278e-05,0.001181908,-7.345365000000001e-25,7.450581e-09,0.0,True
2017-06-05,66.12,24.0,17.571428,23.742859,11.17143,67.34286,3.8285713,2.1714287,3.9428573,5.7285714,21.22857,0.00018671155,0.0011114925,-7.345365000000001e-25,1.1175871e-08,0.0,True
2017-06-12,66.09,5.7999997,17.800001,24.114286,11.828572,66.52857,4.357143,2.7428572,4.157143,5.6285715,20.457144,7.921457e-05,0.0010533407,-7.345365000000001e-25,7.450581e-09,0.0,True
2017-06-19,66.05000000000001,11.6,18.2,24.614286,10.828572,67.8,4.285714,1.7571429,4.4142857,5.0,21.72857,6.081164e-05,0.0009897724,-7.345365000000001e-25,1.1175871e-08,0.0,True
2017-06-26,66.03,39.1,19.257143,25.37143,13.442858,69.87143,4.3428574,2.142857,4.071429,5.257143,22.614286,0.0031821877,0.0009242222,-7.345365000000001e-25,1.4901161e-08,0.0,True
2017-07-03,66.08000000000001,35.3,17.114286,22.157145,12.1,79.62858,3.085714,2.4428573,3.1571426,6.928571,19.657143,0.00036545098,0.000877589,-7.345365000000001e-25,1.8626451e-08,0.0,True
2017-07-10,66.10000000000001,16.8,18.571428,24.800001,13.514287,75.32857,3.8142855,2.6,3.7285714,6.9142857,22.828571,0.00017677248,0.00083660334,-7.345365000000001e-25,1.4901161e-08,0.0,True
2017-07-17,66.17,17.300001,16.785715,22.4,10.957144,76.25715,3.042857,2.6571429,3.1000001,7.4,20.142857,0.0023838058,0.00080157816,-7.345365000000001e-25,1.1175871e-08,0.0,True
2017-07-24,66.16000000000001,25.7,20.02857,26.157145,13.814286,74.314285,3.8428571,3.2428572,3.9428573,7.0571427,23.328571,0.0006355047,0.00076679885,-7.345365000000001e-25,1.1175871e-08,0.0,True
2017-07-31,66.1840931810297,40.3,19.057144,24.514286,14.0,77.1,3.3857143,3.0142858,3.3,8.957143,20.842857,0.0028003901,0.0007506162,-7.345365000000001e-25,1.3038516e-08,0.0,False
2017-08-07,66.14,3.7,19.6,25.685715,14.028572,71.4,3.6285713,2.9571426,3.642857,7.7285714,22.842857,5.839765e-05,0.0007247776,-7.345365000000001e-25,9.313226e-09,0.0,True
2017-08-14,66.12,15.799999,17.928572,22.97143,12.514285,75.22858,2.9142857,2.357143,3.0714285,7.857143,20.528572,0.00043858588,0.0007055998,-7.345365000000001e-25,1.8626451e-08,0.0,True
2017-08-21,66.09,10.6,18.428572,23.957142,13.071428,76.299995,2.7857144,2.5,3.1142857,8.2,20.828571,0.0015105307,0.0006888658,-7.345365000000001e-25,1.4901161e-08,0.0,True
2017-08-28,66.08000000000001,0.4,16.171429,22.7,9.214286,77.01429,2.5285716,2.0285714,2.7142856,7.714286,20.2,4.208088e-05,0.0006734729,-7.345365000000001e-25,7.450581e-09,0.0,True
2017-09-04,66.07000000000001,0.7,16.742857,23.728573,9.257143,71.94286,2.4571426,1.8142856,2.8428571,7.071429,19.528572,5.122274e-05,0.0006562546,-7.345365000000001e-25,7.450581e-09,0.0,True
2017-09-11,66.05000000000001,11.599999,15.057143,20.300001,10.571428,75.22858,1.8714285,1.4857143,2.1857142,6.8285713,16.557142,7.340312e-05,0.000642024,-7.345365000000001e-25,1.6763806e-08,0.0,True
2017-09-18,66.04,11.6,12.2,18.128572,6.928571,76.74286,1.6,1.3714285,1.9714286,6.714286,13.914286,7.818639e-05,0.00063085556,-7.345365000000001e-25,9.313226e-09,0.0,True
2017-09-25,66.01,5.0,12.728571,17.528572,8.357142,84.25714,1.0714285,0.8285713,1.3142856,6.6,14.685715,0.00014048815,0.0006186515,-7.345365000000001e-25,0.0,0.0,True
2017-10-02,66.03,17.7,14.528571,18.585714,10.428572,84.614296,1.1428572,0.95714283,1.3857143,6.785714,15.242857,0.00027546287,0.0006095469,-7.345365000000001e-25,1.3038516e-08,0.0,True
2017-10-09,66.04,26.2,10.8,14.257143,7.785714,81.77143,1.1142857,1.0714285,1.2714285,7.9857144,11.057143,0.0003952235,0.0006026402,-7.345365000000001e-25,1.1175871e-08,0.0,True
2017-10-16,66.06,0.8,14.114286,18.542858,9.942858,80.75714,1.0571429,0.9142857,1.2857143,8.228572,13.442857,2.2917986e-05,0.0006016791,-7.345365000000001e-25,1.3038516e-08,0.0,True
2017-10-23,66.06,8.4,11.857142,16.114286,8.042857,86.92857,0.74285716,0.6714286,0.8,7.9857144,12.642858,0.0001847148,0.0006033033,-7.345365000000001e-25,3.7252903e-09,0.0,True
2017-10-30,66.1198315714575,6.0,10.528571,13.414286,7.7000003,81.78571,0.95714283,0.92857134,1.0285714,8.328571,10.257143,0.0001912713,0.0006084889,-7.345365000000001e-25,1.1175871e-08,0.0,True
2017-11-06,66.13000000000001,11.1,8.157144,10.971429,5.142857,89.02857,0.50000006,0.4857143,0.51428574,8.828571,8.157143,0.00027397275,0.0006200671,-7.345365000000001e-25,5.5879354e-09,0.0,True
2017-11-13,66.15,7.7000003,5.2428575,7.5,2.7714288,89.97143,0.34285712,0.34285712,0.44285718,9.0,5.5,0.00012916327,0.0006436929,8.787428e-06,5.083345e-05,0.00010789931,True
2017-11-20,66.18,8.1,5.085715,7.6142855,2.0,88.40001,0.4,0.4,0.41428572,9.028571,4.6857142,0.00011982024,0.0006770566,1.07515425e-05,6.0183927e-05,0.0,True
2017-11-27,66.22000000000001,29.6,6.042857,8.985715,2.7000003,87.27143,0.44285712,0.42857143,0.4857143,9.671429,5.2,0.00058844686,0.000722453,-7.345365000000001e-25,2.644956e-07,0.0,True
2017-12-04,66.15,7.1,1.6857144,4.0,-0.9714286,90.814285,0.22857143,0.22857143,0.22857143,9.742857,1.8428571,0.00010050833,0.00081448257,0.0007196381,0.0024452806,0.004602302,True
2017-12-11,66.26,17.5,3.7714286,5.714286,1.8285714,81.72858,0.54285717,0.54285717,0.61428577,9.742857,2.7285714,0.00035806,0.00093375146,0.0014885096,0.0049349777,0.006255023,True
2017-12-18,66.29,8.4,2.0000002,4.2285714,-0.3285714,86.37144,0.40000004,0.40000004,0.37142858,10.0,1.3571428,0.0002619028,0.0010883436,0.001471298,0.00332327,0.0005709715,True
2017-12-25,66.30000000000001,5.7,6.0285716,7.557143,3.257143,88.02857,0.2857143,0.2857143,0.5428571,9.842857,4.214286,9.8869205e-05,0.0012936667,0.0002714736,0.0009969007,4.5984983e-05,True
2018-01-01,66.43,11.4,4.4428573,7.7714286,1.4714286,80.25715,0.51666665,0.51666665,0.61428577,9.75,2.8333333,0.00015997887,0.0014875308,2.8933797e-05,0.0001943428,0.0001895912,True
2018-01-08,66.42,14.6,3.857143,6.3428574,1.2285713,82.72857,0.5857143,0.5857143,0.55714285,10.385715,3.6285715,0.00071092695,0.0016859323,6.8744025e-06,8.486211e-06,2.9113144e-05,True
2018-01-15,66.39,2.8999999,0.9142857,3.3142858,-1.4428571,84.48572,0.27142859,0.27142859,0.41428572,9.971429,0.62857145,5.686283e-05,0.0019700378,5.336035e-05,4.646927e-05,0.00010621175,True
2018-01-22,66.4,13.3,1.2857143,3.457143,-0.45714286,89.814285,0.4285714,0.4285714,0.37142858,10.2,0.7,0.00028897077,0.0022269264,0.0022151356,0.002302872,0.006924104,True
2018-01-29,66.42001949722452,10.200001,7.1571426,9.228572,4.114286,87.14286,0.61428577,0.61428577,0.61428577,10.071428,5.4428573,0.00045472383,0.0025055185,0.0007219712,0.0049142726,2.2351742e-07,True
2018-02-05,66.41000000000001,6.9,2.0714285,4.6285715,-1.1142857,82.828575,0.5,0.5,0.5285714,10.042857,2.4142857,0.00022543967,0.0028918236,0.00084954215,0.0001794044,0.0028983727,True
2018-02-12,66.42,0.8,-1.2857143,2.4857144,-4.871429,78.68572,0.31428573,0.2857143,0.44285718,9.928572,-0.24285714,2.8938055e-05,0.003329128,0.0026642312,0.001082167,0.001772821,True
2018-02-19,66.44000000000001,1.6,0.29999998,4.857143,-3.5,79.11428,0.61428577,0.5285714,0.5714286,9.714286,0.67142856,5.276501e-05,0.0036470592,0.0021857705,0.0024382416,0.0007569082,True
2018-02-26,66.44000000000001,0.0,-3.1571429,1.1714287,-7.5285716,72.314285,0.3285714,0.2857143,0.6857143,9.5,-0.2,4.3660402e-06,0.0038201287,0.0010720888,0.00022487715,0.00046325475,True
2018-03-05,66.43,1.1,-5.514286,0.35714287,-10.857142,61.4,0.29999998,0.25714284,0.9714286,9.414286,-2.8,1.0624528e-05,0.0038954169,0.0010982752,0.0005028639,0.00014936179,True
2018-03-12,66.42,24.1,5.2428575,9.714286,0.5857143,84.82857,0.99999994,0.9571429,0.9,9.685715,3.357143,0.00055611134,0.003909193,0.0026579697,0.0098006055,0.00919443,True
2018-03-19,66.4,12.2,0.94285715,4.1714287,-2.414286,69.1,0.62857145,0.59999996,1.1999999,10.014286,2.6285715,4.8473477e-05,0.0039734542,0.0027755045,5.3048134e-05,0.006852966,True
2018-03-26,66.36,4.4,2.3714287,7.2000003,-2.9428573,78.75715,1.0285714,0.9714285,1.1,9.8,3.6142857,0.0002585426,0.004119545,0.0034944783,0.008021116,0.0035535544,True
2018-04-02,66.34,14.7,3.6571429,7.471429,-0.2857143,79.38572,1.2142857,1.1571429,1.2142857,9.828571,5.0857143,0.00040607154,0.0042516068,0.000279103,0.0011027306,0.00082048774,True
2018-04-09,66.31,7.8999996,11.714286,18.757143,4.285714,62.214287,3.0142858,2.6142857,2.9142857,9.4,11.757143,0.00023032725,0.0044534057,1.7029899e-05,0.00022323243,0.0,True
2018-04-16,66.28,11.1,14.1,20.414288,8.542857,76.114296,2.4999998,2.1571426,2.6000001,8.771428,14.6,0.001505062,0.0045376346,-7.345365000000001e-25,5.5879354e-09,0.0,True
2018-04-23,66.27000000000001,3.9,16.2,23.585714,7.571429,66.457146,3.6714284,2.8857143,3.5142858,8.185715,18.614286,1.5482306e-05,0.0045011863,-7.345365000000001e-25,7.450581e-09,0.0,True
2018-04-30,66.26297939726436,5.4,12.914286,18.828571,6.042857,68.5,3.1714284,2.4,3.0285716,7.3,15.5,8.969009e-05,0.0043668076,-7.345365000000001e-25,3.7252903e-09,0.0,True
2018-05-07,66.24000000000001,0.0,12.271429,19.442858,2.5857143,59.31429,3.8714287,1.8571427,3.6000001,6.4,16.1,7.1525574e-07,0.004168339,-7.345365000000001e-25,3.7252903e-09,0.0,True
2018-05-14,66.22000000000001,0.9,18.1,25.514286,9.528572,60.77143,4.7428575,1.3857143,4.642857,5.8285713,20.085714,3.5583973e-05,0.0038905814,-7.345365000000001e-25,7.450581e-09,0.0,True
2018-05-21,66.18,2.8,14.67143,21.242859,8.185715,66.74286,3.6285717,1.2285713,3.6857142,5.742857,18.185715,6.7695975e-05,0.0036049262,-7.345365000000001e-25,7.450581e-09,0.0,True
2018-05-28,66.15,4.4,20.128572,27.628572,10.8,54.17143,5.371429,1.0571429,5.5,5.4,22.5,1.0788441e-05,0.0032794923,-7.345365000000001e-25,1.4901161e-08,0.0,True
2018-06-04,66.10000000000001,10.3,21.814287,28.300001,15.328572,68.21429,4.557143,1.5571429,4.4428573,5.5,24.828571,0.0001205802,0.0029366165,-7.345365000000001e-25,7.450581e-09,0.0,True
2018-06-11,66.04,0.0,21.228573,28.47143,13.385715,52.342857,5.071429,1.6285714,5.6142855,5.257143,24.6,6.745756e-05,0.0026407093,-7.345365000000001e-25,3.7252903e-09,0.0,True
2018-06-18,65.97000000000001,0.0,18.27143,23.442858,12.914286,59.21429,3.8428574,0.9714285,3.8714287,4.957143,22.157143,7.495284e-06,0.0023756549,-7.345365000000001e-25,1.1175871e-08,0.0,True
2018-06-25,65.94000000000001,5.3,16.428572,22.228573,11.67143,70.25715,3.357143,1.1571429,3.4285715,4.742857,19.3,4.541874e-05,0.0021632165,-7.345365000000001e-25,1.4901161e-08,0.0,True
2018-07-02,65.88000000000001,0.0,18.642857,26.085714,10.142858,54.100002,5.428571,0.7857142,5.3142858,4.4857144,22.12857,2.1010637e-06,0.0019698292,-7.345365000000001e-25,3.7252903e-09,0.0,True
2018-07-09,65.81,0.0,20.2,27.87143,11.6,51.585716,5.414286,0.6857143,5.3857145,4.214286,23.642857,3.2484531e-06,0.0017525852,-7.345365000000001e-25,1.1175871e-08,0.0,True
2018-07-16,65.72000000000001,7.2,18.814287,25.5,12.228571,64.442856,3.9428573,2.0,4.342857,4.957143,22.028572,3.5829842e-05,0.0015842617,-7.345365000000001e-25,7.450581e-09,0.0,True
2018-07-23,65.65,1.4,21.728573,28.97143,13.657143,54.385715,5.085715,1.6,5.2571425,4.4,24.8,6.4074993e-06,0.0014170036,-7.345365000000001e-25,1.1175871e-08,0.0,True
2018-07-30,65.67727211596741,8.2,25.2,33.028572,16.542858,55.085716,5.7285714,1.5428572,5.8142858,4.1714287,27.214285,1.052022e-05,0.0012629181,-7.345365000000001e-25,1.1175871e-08,0.0,True
2018-08-06,65.7,20.3,24.800001,31.77143,17.257143,54.55714,5.3428574,1.5,5.5,4.214286,27.242857,1.296401e-05,0.0011297166,-7.345365000000001e-25,1.1175871e-08,0.0,True
2018-08-13,65.69000000000001,4.4,22.84286,30.714285,14.571428,49.42857,5.1857142,1.3857144,5.3142858,3.9857142,24.614286,2.0205975e-05,0.0010144562,-7.345365000000001e-25,1.1175871e-08,0.0,True
2018-08-20,65.67,2.9,20.685715,27.457144,13.8,63.04286,3.7285712,0.7714286,3.8714287,3.7714286,23.557142,1.886487e-05,0.00092368573,-7.345365000000001e-25,1.3038516e-08,0.0,True
2018-08-27,65.67,1.9000001,18.228573,24.885715,11.085714,59.34286,3.2999997,0.61428577,3.542857,3.6142857,21.557142,9.223819e-06,0.00084451586,-7.345365000000001e-25,7.450581e-09,0.0,True
2018-09-03,65.66000000000001,3.6,17.557144,23.557144,10.857142,67.77143,2.6000001,0.6285714,2.957143,3.642857,19.457144,1.4364719e-05,0.00078391284,-7.345365000000001e-25,1.3038516e-08,0.0,True
2018-09-10,65.68,10.900001,17.985716,24.985716,11.085715,66.27143,2.7142856,0.7857142,2.8428571,3.6,20.27143,1.6346574e-05,0.00072864443,-7.345365000000001e-25,3.7252903e-09,0.0,True
2018-09-17,65.69000000000001,0.6,17.0,23.442858,11.314285,65.14286,2.385714,0.4714286,2.6857142,3.4571428,19.014286,2.3543835e-05,0.0006803125,-7.345365000000001e-25,3.7252903e-09,0.0,True
2018-09-24,65.71000000000001,23.0,16.357143,23.328571,10.185715,64.82857,2.4714284,0.67142856,2.6857142,3.7,17.22857,0.0001474917,0.00063643605,-7.345365000000001e-25,5.5879354e-09,0.0,True
2018-10-01,65.72000000000001,0.4,10.6285715,17.328571,4.2285714,65.71429,1.5285714,1.0,1.9142857,4.2,12.328571,5.90086e-06,0.000602141,-7.345365000000001e-25,3.7252903e-09,0.0,True
2018-10-08,65.73,4.3,10.971429,16.5,5.0428576,76.02857,1.2,0.8,1.3714286,3.9285715,12.0,1.8894672e-05,0.0005735308,-7.345365000000001e-25,3.7252903e-09,0.0,True
2018-10-15,65.76,0.0,15.714287,23.942858,8.557143,63.8,1.6999998,0.71428573,1.9857142,3.6142857,14.642858,1.4901161e-08,0.00054587424,-7.345365000000001e-25,7.450581e-09,0.0,True
2018-10-22,65.78,1.7,9.985715,16.257143,4.0857143,78.957146,0.7714286,0.25714287,0.82857144,3.4,11.985714,1.3619661e-05,0.0005199462,-7.345365000000001e-25,0.0,0.0,True
2018-10-29,65.75897927432922,7.1,8.028571,10.542857,4.585714,80.67143,0.7714286,0.5285714,0.95714283,3.6142857,8.228572,2.6717782e-05,0.0005004406,-7.345365000000001e-25,5.5879354e-09,0.0,False
2018-11-05,65.79,0.2,8.228572,12.771429,3.1000001,82.48572,0.61428577,0.34285715,0.7,3.5428572,8.114285,3.322959e-06,0.00048240274,-7.345365000000001e-25,5.5879354e-09,0.0,True
2018-11-12,65.77000000000001,4.2,9.942857,15.1,5.785714,84.328575,0.5714286,0.34285715,0.5142857,3.5,9.314285,5.7563186e-05,0.000465855,-7.345365000000001e-25,3.7252903e-09,0.0,True
2018-11-19,65.78,7.7,4.6714287,8.7,0.7428571,87.01428,0.3857143,0.27142859,0.35714287,3.7,4.957143,3.184378e-05,0.000451155,-7.345365000000001e-25,0.0,0.0,True
2018-11-26,65.80000000000001,0.6,1.7285715,3.3142858,-0.11428573,88.38572,0.21428573,0.14285716,0.44285712,3.7,1.9428571,2.0615757e-05,0.000437662,0.00021104586,0.00028365105,0.00037338585,True
2018-12-03,65.80000000000001,11.5,3.4285715,6.3857145,0.50000006,80.44286,0.42857146,0.35714287,0.47142857,3.7857144,2.8,5.019456e-05,0.00042535365,5.7243167e-05,8.478202e-05,1.5176833e-05,True
2018-12-10,65.81,12.6,6.057143,8.614286,3.0571427,82.12858,0.71428573,0.6999999,0.61428577,4.457143,5.0857143,0.0001784265,0.00041390955,2.1003541e-07,1.2330711e-06,0.0,True
2018-12-17,65.83000000000001,3.8,0.9571429,2.1285715,-0.88571435,87.74286,0.17142859,0.15714288,0.3285714,4.9857144,1.1714286,4.6670437e-05,0.00040371716,0.00053203106,0.00033823587,0.0013707839,True
2018-12-24,65.84,22.6,4.6285715,7.057143,2.6285717,89.18572,0.44285718,0.44285718,0.3857143,5.5142856,3.3142858,0.0003379956,0.00039488077,0.00025675978,0.0010522511,3.7696213e-05,True
2018-12-31,65.89489997716801,7.5999994,5.4857144,6.7571435,3.8,89.6,0.3285714,0.3285714,0.42857143,6.385714,4.2714286,9.9271536e-05,0.00038801134,6.4429782e-06,3.8458034e-05,0.0,True
2019-01-07,65.89,13.799999,3.2714288,5.3,0.31428576,85.21429,0.4857143,0.4571429,0.5,6.5857143,2.6142857,0.00012615323,0.0003829971,1.7217228e-05,6.502867e-05,6.635487e-05,True
2019-01-14,65.93,24.0,3.357143,5.114286,1.5857143,85.68572,0.64285713,0.6285714,0.58571434,7.6285715,2.5428572,0.00038184226,0.00037960708,0.002006088,0.00642482,0.006635189,True
2019-01-21,65.98,6.7000003,0.59999996,3.5142858,-2.4428573,84.042854,0.4,0.3857143,0.4,8.0,1.5285715,4.8026443e-05,0.00037808716,0.00038269587,0.00037808903,0.00058271736,True
2019-01-28,66.05000000000001,15.4,-1.1999999,1.2142857,-3.4428573,84.542854,0.22857143,0.22857143,0.31428573,8.171429,-1.2142857,0.00028759986,0.00037902594,0.00086859294,0.0019178409,0.002346903,True
2019-02-04,66.07000000000001,2.8,0.44285718,2.8142858,-2.0,84.84286,0.41428572,0.35714287,0.42857143,8.357142,0.042857144,2.8476119e-05,0.0003831908,0.0025518679,0.0012541767,0.0041973367,True
2019-02-11,66.10000000000001,11.700001,4.585715,7.3142858,1.7571429,75.47143,0.95714283,0.91428566,0.9142857,8.342857,2.4857142,0.00032131374,0.00039099902,0.0015875101,0.004206199,0.00072001293,True
2019-02-18,66.12,0.0,5.8285713,12.457144,0.37142855,72.22857,1.0428572,0.91428566,0.87142855,8.342857,4.7714286,2.258271e-05,0.0004030317,7.45569e-05,0.0003038328,8.905679e-05,True
2019-02-25,66.13000000000001,1.3000001,5.085715,11.114286,-0.042857032,67.91429,1.1142857,0.9142858,1.1142857,7.957143,4.9714284,3.582239e-05,0.00041931868,8.96908e-07,5.5078417e-06,0.0,True
2019-03-04,66.13000000000001,5.6,7.114286,12.071428,2.6000001,70.78571,1.3714285,1.1428572,1.3428571,7.542857,6.357143,9.7095966e-05,0.0004343018,-7.345365000000001e-25,3.3527613e-08,0.0,True
2019-03-11,66.16000000000001,28.6,6.557143,10.6285715,2.9714286,73.28571,1.6428573,1.5428573,1.4571428,7.6,6.0142856,0.0004118681,0.00044769794,0.0001317887,0.0004623402,0.0010241866,True
2019-03-18,66.17,18.0,6.585715,9.785714,3.5,73.557144,1.5142858,1.4714286,1.4714286,8.385715,5.8714285,0.00032798946,0.00046461076,0.0001001358,0.00053737685,0.0,True
2019-03-25,66.19000000000001,3.6999998,7.085714,12.814285,1.5714285,77.65715,1.4714285,1.2571428,1.4714286,8.171429,8.242857,7.70241e-05,0.00049511343,-7.345365000000001e-25,2.8684735e-07,0.0,True
2019-04-01,66.18,7.0,7.728572,12.271429,2.142857,76.41429,1.6857141,1.3714286,1.5714285,7.8428574,8.857142,7.151067e-05,0.00052731484,-7.345365000000001e-25,0.0,0.0,True
2019-04-08,66.16000000000001,0.0,10.785714,17.87143,3.5142858,66.98572,2.557143,1.8857144,2.4857142,7.071429,12.414286,9.23872e-06,0.00055107474,-7.345365000000001e-25,0.0,0.0,True
2019-04-15,66.14,1.3,4.828572,9.3714285,0.58571434,66.27143,1.8,1.2714285,1.8857143,6.385714,8.271428,7.2568655e-05,0.0005640313,0.00031443438,0.00149424,0.0016820952,True
2019-04-22,66.10000000000001,0.0,12.114286,20.6,2.1142857,47.87143,4.2000003,1.8714286,3.957143,5.6285715,13.528571,2.5704503e-06,0.00056583434,2.4506024e-05,0.00018600374,0.0,True
2019-04-29,66.11800718284633,14.799999,13.928572,20.242857,8.242857,64.57143,3.457143,1.5285714,3.5285716,5.2285714,15.414286,0.00011257827,0.0005532503,-7.345365000000001e-25,3.7252903e-09,0.0,True
2019-05-06,66.08000000000001,3.1,9.028571,14.571428,3.2714288,63.61429,2.6,1.3285713,2.7714286,5.1571426,11.942857,2.9668212e-05,0.0005409345,-7.345365000000001e-25,0.0,0.0,True
2019-05-13,66.07000000000001,7.8,10.542857,15.857142,4.971429,65.88572,2.8999999,1.3999999,2.8428571,5.071429,13.057143,9.183586e-05,0.0005275905,-7.345365000000001e-25,0.0,0.0,True
2019-05-20,66.07000000000001,22.6,12.7,18.828571,5.785714,69.84286,3.0285716,1.7142857,3.1285713,5.1,15.157143,0.00019070506,0.0005120933,-7.345365000000001e-25,3.7252903e-09,0.0,True
2019-05-27,66.04,1.3,15.114286,20.157145,8.814286,69.11429,3.4142857,1.8142856,3.242857,5.1714287,18.242857,1.6316772e-05,0.0004950389,-7.345365000000001e-25,7.450581e-09,0.0,True
2019-06-03,65.99000000000001,0.2,18.442858,25.4,10.228572,59.128574,4.571429,1.4571428,4.6714287,4.6714287,20.957144,6.571412e-06,0.00047508627,-7.345365000000001e-25,7.450581e-09,0.0,True
2019-06-10,65.96000000000001,2.3,20.957144,27.857143,13.685715,55.857143,4.928571,1.8857144,5.2285714,4.4142857,23.442858,5.374849e-05,0.00044725835,-7.345365000000001e-25,1.4901161e-08,0.0,True
2019-06-17,65.91000000000001,17.5,21.0,27.67143,13.614286,66.15714,4.6,3.1714287,4.6,5.2,23.9,0.0014612526,0.0004228726,-7.345365000000001e-25,3.7252903e-09,0.0,True
2019-06-24,65.83000000000001,7.8999996,21.600002,28.428572,13.757143,57.600002,5.7142854,2.7285712,5.414286,4.4857144,24.985714,3.351271e-05,0.0003990531,-7.345365000000001e-25,7.450581e-09,0.0,True
2019-07-01,65.76,0.1,23.242859,31.57143,13.471429,49.44286,6.7571435,1.1714286,6.4428573,3.7857144,26.5,1.6093254e-06,0.00037124753,-7.345365000000001e-25,1.4901161e-08,0.0,True
2019-07-08,65.72000000000001,4.6,16.557142,22.028574,10.300001,58.12857,4.114286,0.67142856,4.0,3.5428572,20.757143,2.9668212e-05,0.00034688413,-7.345365000000001e-25,1.1175871e-08,0.0,True
2019-07-15,65.7,8.6,16.485714,21.47143,12.214286,71.52857,2.9714284,1.0714285,2.9142857,3.7714286,19.471428,0.000110045075,0.000330396,-7.345365000000001e-25,1.1175871e-08,0.0,True
2019-07-22,65.68,8.3,19.52857,25.985716,12.528572,66.04286,4.042857,1.9857142,3.957143,3.8714285,21.957144,2.8580427e-05,0.00031549484,-7.345365000000001e-25,1.1175871e-08,0.0,True
2019-07-29,65.64119911565305,0.7,24.84286,32.142857,16.928572,54.77143,5.7999997,1.4,6.0285716,3.4571428,26.614286,0.0001039356,0.00029630214,-7.345365000000001e-25,1.1175871e-08,0.0,True
2019-08-05,65.65,7.7,19.428572,25.528574,13.7,74.22858,3.142857,1.5285715,3.2,3.8428571,22.957144,0.0002786517,0.00027997792,-7.345365000000001e-25,3.7252903e-09,0.0,True
2019-08-12,65.59,2.9,21.314287,27.37143,14.228571,58.557148,4.0714283,2.0142858,4.2714286,3.6857142,22.842857,0.00012656301,0.00026780367,-7.345365000000001e-25,1.1175871e-08,0.0,True
2019-08-19,65.55000000000001,13.0,18.142857,24.242859,12.3,64.41429,3.1285713,1.2857143,3.5,3.3857143,20.3,8.353591e-05,0.0002560541,-7.345365000000001e-25,3.7252903e-09,0.0,True
2019-08-26,65.51,0.5,20.642857,28.671429,11.7,56.5,3.8857138,1.0,4.1285715,3.1571429,22.342857,3.322959e-06,0.00024474412,-7.345365000000001e-25,9.313226e-09,0.0,True
2019-09-02,65.46000000000001,0.1,22.428572,29.857143,14.885715,62.37143,3.542857,0.90000004,3.7142856,3.1142857,24.071428,3.6507845e-05,0.00023217499,-7.345365000000001e-25,7.450581e-09,0.0,True
2019-09-09,65.48,17.3,15.185715,20.914288,9.271429,67.77143,2.2428572,0.5857143,2.5285716,3.1,18.171429,0.0001065433,0.0002220571,-7.345365000000001e-25,9.313226e-09,0.0,True
2019-09-16,65.5,4.2999997,15.300001,21.257143,8.814286,68.87143,2.1714287,1.3285714,2.542857,3.7285714,16.87143,2.0205975e-05,0.00021418929,-7.345365000000001e-25,7.450581e-09,0.0,True
2019-09-23,65.53,4.5,12.542857,19.757143,6.057143,68.1,1.8714286,1.0,2.1857142,3.4285715,14.3,6.943941e-06,0.00020717084,-7.345365000000001e-25,1.8626451e-09,0.0,True
2019-09-30,65.53524435698634,20.6,14.971429,18.442858,11.400001,83.22858,1.4,1.1142858,1.5142858,3.6714287,15.6,0.00030712783,0.00020096451,-7.345365000000001e-25,1.3038516e-08,0.0,True
2019-10-07,65.56,34.1,8.742857,13.214286,4.6142855,85.328575,0.98571426,0.9285714,0.9857143,5.5285716,10.542857,0.000348866,0.00019699335,-7.345365000000001e-25,7.450581e-09,0.0,True
2019-10-14,65.61,6.2999997,14.328572,18.157145,10.2,78.3,1.2571429,1.1142857,1.4285715,6.142857,13.114285,9.867549e-05,0.00019365549,-7.345365000000001e-25,1.3038516e-08,0.0,True
2019-10-21,65.63000000000001,17.5,13.957144,18.571428,9.971429,84.62858,0.9857143,0.90000004,0.9714286,6.4714284,14.085714,0.00018239021,0.00019075722,-7.345365000000001e-25,1.1175871e-08,0.0,True
2019-10-28,65.65,0.8,12.028572,16.885715,7.4714284,82.328575,0.8428572,0.71428573,0.94285715,6.3714285,12.271428,1.8522143e-05,0.00018861145,-7.345365000000001e-25,5.5879354e-09,0.0,True
2019-11-04,65.67,10.2,6.2428575,11.428572,1.7142857,87.22858,0.5857143,0.5285714,0.44285712,6.357143,7.2714286,0.00019604713,0.00018698722,-7.345365000000001e-25,5.5879354e-09,0.0,True
2019-11-11,65.7,10.7,5.9000006,8.657144,3.1142857,92.08572,0.35714284,0.3285714,0.3285714,6.9714284,6.742857,0.00012762845,0.00018619001,-7.345365000000001e-25,1.8626451e-09,0.0,True
2019-11-18,65.71000000000001,7.5,4.5,7.5428576,1.1857144,88.08572,0.37142858,0.32857147,0.4,7.114286,4.457143,0.00014181435,0.00018575042,-7.345365000000001e-25,0.0,0.0,True
2019-11-25,65.74000000000001,2.9999998,5.157143,7.0142856,2.9,93.9,0.22857143,0.20000002,0.24285714,7.5,4.957143,5.3562224e-05,0.0001861602,-7.345365000000001e-25,0.0,0.0,True
2019-12-02,65.75,4.4,4.5285716,7.4857144,1.6714287,88.71429,0.37142855,0.37142855,0.3857143,7.5857143,4.1857142,6.651133e-05,0.00018741935,3.6046617e-06,1.248531e-05,3.4965575e-05,True
2019-12-09,65.76,10.3,4.6285715,7.6142855,1.8571428,84.700005,0.4857143,0.4857143,0.45714286,7.6571426,3.5428572,0.00013069808,0.00018943101,7.0957913e-06,2.3782253e-05,0.0,True
2019-12-16,65.76,17.4,3.5857143,5.971429,1.2714287,84.828575,0.47142857,0.45714286,0.41428572,8.042857,2.4571428,0.00031027198,0.00019228458,0.0010705562,0.0033948962,0.003473159,True
2019-12-23,65.78,3.7,6.4714284,10.285714,1.8857144,85.04286,0.38571426,0.35714287,0.31428573,8.1,4.8428574,0.00011125207,0.00019787252,1.864774e-05,0.00017363764,0.0,True
2019-12-30,65.78062155375785,6.6,2.7857144,4.942857,0.38571432,84.48572,0.34285715,0.32857147,0.32857147,8.285714,2.5857143,0.00015453994,0.00020736456,2.8099332e-06,8.2701445e-07,7.249415e-06,True
2020-01-06,65.79,4.6000004,2.9428573,6.071429,-1.0,85.04286,0.4,0.4,0.34285715,8.2,1.9,0.00010122359,0.00022049248,1.4759246e-06,6.105751e-06,0.0,True
2020-01-13,65.82000000000001,12.099999,5.614286,7.957143,2.5285716,86.91429,0.5428571,0.5428571,0.42857143,8.642858,4.3714285,0.00036109984,0.00023628771,-7.345365000000001e-25,1.4714897e-07,0.0,True
2020-01-20,65.83000000000001,0.6,5.6857142,8.685715,2.3714287,80.44286,0.6571428,0.59999996,0.5428571,8.542857,4.257143,1.2025237e-05,0.00026037544,-7.345365000000001e-25,1.8626451e-09,0.0,True
2020-01-27,65.86,4.7999997,1.7142857,4.4428573,-1.3285714,90.685715,0.2857143,0.22857143,0.27142859,8.4,1.2857143,4.4971704e-05,0.0002863109,4.135995e-05,9.149872e-05,0.00013029203,True
2020-02-03,65.93,27.599998,7.142857,9.157143,4.6714287,82.51429,1.0,0.9714285,0.8,8.842857,5.7285714,0.00046013296,0.00031104684,6.267003e-06,4.2993575e-05,0.0,True
2020-02-10,65.99000000000001,16.3,5.4714284,8.771429,2.457143,77.814285,1.0571429,1.0285714,0.87142855,9.357142,4.4714284,0.00032564998,0.00034591556,-7.345365000000001e-25,0.0,0.0,True
2020-02-17,66.05000000000001,6.5,5.9857144,9.214286,2.6285717,74.957146,1.2857143,1.2714287,1.1999999,9.428572,4.6857142,0.0001564771,0.0003970787,4.8926897e-05,0.00025320612,0.00024780259,True
2020-02-24,66.09,22.4,6.1285715,9.228571,3.2428572,76.6,1.3428571,1.3285713,1.1285714,9.3714285,5.2714286,0.0017471015,0.00071550906,1.8732888e-07,1.2814999e-06,0.0,True
2020-03-02,66.11,20.0,5.3,8.857142,1.8571428,79.44286,1.2428571,1.2428571,0.9571429,9.785714,5.2,0.00042830408,0.0005768165,0.00081614655,0.0042674746,0.0043029264,True
2020-03-09,66.14,9.3,5.157143,9.2,1.0,81.57143,1.0142857,1.0142857,0.95714283,9.642858,5.1285715,0.00027500093,0.000748232,2.4670646e-05,9.544194e-05,0.0,True
2020-03-16,66.16000000000001,11.7,7.2285714,12.271429,2.3857143,68.557144,1.9142858,1.8,1.6428572,9.642858,7.214286,0.00029703975,0.00093657523,2.8383164e-08,4.1909516e-07,0.0,True
2020-03-23,66.18,0.8,5.914286,11.242858,0.51428574,65.14286,1.6857144,1.3571427,1.6857144,8.885715,7.785714,1.9714236e-05,0.0011158958,-7.345365000000001e-25,0.0,0.0,True
2020-03-30,66.15813772864516,2.1,3.7285714,9.857142,-3.414286,56.8,2.057143,1.5857142,2.0857143,8.142858,6.0,4.5523047e-05,0.0012285635,3.2021886e-05,4.198216e-05,0.00048175454,True
2020-04-06,66.14,0.0,6.871429,12.900001,0.7714286,56.0,2.4428573,1.7714287,2.4428573,7.4857144,7.8714285,8.277595e-06,0.0012857616,0.00015713487,0.00041979738,6.3106418e-06,True
2020-04-13,66.09,2.3,11.1285715,18.685715,2.9,54.514286,3.2,1.8000001,3.1142857,6.5142856,13.342857,9.387732e-06,0.0012906045,3.0086153e-07,2.7995557e-06,0.0,True
2020-04-20,66.05000000000001,0.0,9.228572,16.514286,1.2714287,51.214287,3.4571426,1.1428573,3.4285715,5.9428573,12.6,8.940697e-07,0.0012628138,-7.345365000000001e-25,0.0,0.0,True
2020-04-27,66.01,0.0,12.114286,19.914286,3.0,52.585716,3.8999999,0.64285713,3.7,5.5,14.6285715,1.7136335e-06,0.0012156442,-7.345365000000001e-25,0.0,0.0,True
2020-05-04,65.98,17.4,11.342857,17.171429,5.557143,75.57143,2.4285717,1.2142857,2.2285714,5.6714287,13.828571,0.00016462803,0.0011695549,-7.345365000000001e-25,0.0,0.0,True
2020-05-11,65.96000000000001,9.5,11.585715,18.77143,3.7714286,62.61429,3.4428573,1.3142859,3.3285713,5.5142856,14.957143,3.4451485e-05,0.0011237711,-7.345365000000001e-25,3.7252903e-09,0.0,True
2020-05-18,65.95,0.0,10.6285715,16.514286,3.7000003,58.92857,3.2142856,1.3714285,3.2285714,5.428571,13.857142,5.9455633e-06,0.0010715723,-7.345365000000001e-25,0.0,0.0,True
2020-05-25,65.92,14.0,14.728572,19.914286,8.114286,64.700005,3.2428572,1.2571429,3.2285714,5.1571426,17.042856,0.00013183057,0.0010125116,-7.345365000000001e-25,0.0,0.0,True
2020-06-01,65.91000000000001,2.7,14.914286,21.828571,6.6,58.528572,4.2857146,1.1428572,4.2285714,4.928571,18.471428,1.5385449e-05,0.0009589642,-7.345365000000001e-25,0.0,0.0,True
2020-06-08,65.89,26.4,15.485715,22.47143,8.271429,66.04286,3.6571429,1.4571428,3.6285713,4.9142857,18.685715,9.538978e-05,0.0008957833,-7.345365000000001e-25,3.7252903e-09,0.0,True
2020-06-15,65.88000000000001,59.699997,18.528574,24.52857,13.257143,74.971436,3.4714286,1.9142858,3.5142856,5.1857142,20.971428,0.00043348968,0.00084494054,-7.345365000000001e-25,3.7252903e-09,0.0,True
2020-06-22,65.86,15.7,19.214285,24.285715,13.728571,70.828575,4.042857,2.5714285,3.857143,5.5,22.571428,0.00017528236,0.00079894066,-7.345365000000001e-25,1.4901161e-08,0.0,True
2020-06-29,65.83283607156918,6.5,20.357143,26.814287,12.885715,66.75715,4.928571,2.142857,4.4857144,4.7285714,23.971428,3.2559037e-05,0.0007501617,-7.345365000000001e-25,1.4901161e-08,0.0,True
2020-07-06,65.84,7.6,19.214285,24.328571,14.385715,65.67143,4.428571,1.7857143,4.142857,4.3714285,21.5,0.00018943846,0.000706777,-7.345365000000001e-25,1.4901161e-08,0.0,True
2020-07-13,65.82000000000001,5.1,16.071428,22.185715,10.014285,71.57143,3.3999999,1.4142857,3.3285713,4.3285713,19.4,9.684265e-05,0.0006737709,-7.345365000000001e-25,7.450581e-09,0.0,True
2020-07-20,65.80000000000001,9.2,18.457144,24.457142,11.157143,69.3,3.6571429,1.7142856,3.5285716,4.242857,21.828571,0.000104129314,0.00064095855,-7.345365000000001e-25,1.1175871e-08,0.0,True
2020-07-27,65.76,11.4,18.357143,25.17143,11.214286,64.72857,4.0000005,1.2857143,3.9428573,3.9714286,22.014286,8.59499e-05,0.0006068796,-7.345365000000001e-25,7.450581e-09,0.0,True
2020-08-03,65.73,8.8,19.357143,25.67143,11.785714,63.085716,4.2714286,1.2,4.214286,3.8714285,22.671429,5.157292e-05,0.00057287514,-7.345365000000001e-25,1.1175871e-08,0.0,True
2020-08-10,65.69000000000001,0.7,22.885715,30.97143,14.185715,59.87143,4.785714,1.1,4.6857142,3.7,24.828571,1.50203705e-05,0.0005385205,-7.345365000000001e-25,1.1175871e-08,0.0,True
2020-08-17,65.67,10.0,23.614286,30.571428,16.514286,60.628574,4.385714,1.3,4.457143,3.857143,25.471428,4.9486756e-05,0.0005038306,-7.345365000000001e-25,1.1175871e-08,0.0,True
2020-08-24,65.65,6.8,21.428572,27.942858,15.2,68.042854,3.4857144,1.7714287,3.6285713,4.1,23.6,6.760657e-05,0.0004747957,-7.345365000000001e-25,1.6763806e-08,0.0,True
2020-08-31,65.67534793560483,15.400001,17.085714,22.285715,12.2,72.34286,2.5285716,1.6714286,2.6571429,4.242857,19.157143,8.240342e-05,0.0004523322,-7.345365000000001e-25,1.3038516e-08,0.0,False
2020-09-07,65.66000000000001,11.9,15.328572,20.514286,10.328572,77.42857,2.0714285,1.6428572,2.1714284,4.7714286,17.714285,7.610023e-05,0.00043269992,-7.345365000000001e-25,7.450581e-09,0.0,True
2020-09-14,65.64,0.5,17.300001,24.928572,9.6285715,69.78571,2.4857142,1.6142857,2.7285714,4.3,18.828571,2.9951334e-06,0.00041476637,-7.345365000000001e-25,1.1175871e-08,0.0,True
2020-09-21,65.63000000000001,0.0,15.542857,24.800001,6.214286,63.68571,2.557143,0.9571429,2.7571428,3.6857142,18.757143,3.5762787e-07,0.00039471686,-7.345365000000001e-25,9.313226e-09,0.0,True
2020-09-28,65.61,49.3,13.842857,19.328571,9.142858,75.27143,1.542857,0.7285714,1.6714286,4.542857,15.228572,0.0014268011,0.00037711114,-7.345365000000001e-25,1.8626451e-09,0.0,True
2020-10-05,65.59,4.5,12.557143,18.514286,7.228572,81.18572,1.1857144,0.9142857,1.4,5.457143,14.485714,2.5250018e-05,0.00036477298,-7.345365000000001e-25,7.450581e-09,0.0,True
2020-10-12,65.62,7.8,10.971429,14.571428,7.3,83.42857,0.88571423,0.8142857,1.0285715,5.5,11.657143,0.0001013875,0.00035508722,-7.345365000000001e-25,7.450581e-09,0.0,True
2020-10-19,65.63000000000001,19.6,8.6,11.2,6.214286,90.971436,0.61428565,0.5714286,0.5857143,6.5,9.328571,0.00019964576,0.00034736097,-7.345365000000001e-25,7.450581e-09,0.0,True
2020-10-26,65.65,16.3,12.485715,15.971429,8.900001,83.27143,0.8428572,0.8,0.90000004,6.9428573,11.6,0.00018787384,0.0003412217,-7.345365000000001e-25,9.313226e-09,0.0,True
2020-11-02,65.67,20.7,12.314285,14.928572,9.357142,85.21429,0.90000004,0.8714286,0.7714286,7.5,11.514286,0.00064849854,0.0003362149,-7.345365000000001e-25,1.4901161e-08,0.0,True
2020-11-09,65.7,0.0,7.3857145,11.400001,3.7714288,86.35714,0.44285718,0.4,0.41428572,7.9,7.742857,3.0249357e-06,0.00033302605,-7.345365000000001e-25,0.0,0.0,True
2020-11-16,65.74000000000001,2.4,8.2,11.357142,4.928571,86.700005,0.4857143,0.42857143,0.42857143,7.7714286,7.6,3.1627715e-05,0.00033140182,-7.345365000000001e-25,1.8626451e-09,0.0,True
2020-11-23,65.76,0.8,7.057143,9.771429,3.3714287,82.114296,0.4714286,0.42857146,0.61428577,7.6714287,6.1571426,4.245341e-05,0.00033035874,-7.345365000000001e-25,0.0,0.0,True
2020-11-30,65.7820981592762,2.5,3.2142856,6.042857,0.3857143,91.92857,0.20000002,0.15714286,0.21428572,7.6,2.9,1.501292e-05,0.00032996386,1.4418647e-06,0.0,0.0001925528,True
2020-12-07,65.83000000000001,1.4,2.0285716,5.0142856,-1.0857143,84.38572,0.22857144,0.18571427,0.34285715,7.5857143,1.4571428,3.1799078e-05,0.00033014268,0.0005907218,0.0008212887,0.00071918964,True
2020-12-14,65.85000000000001,6.9,2.5285716,4.557143,0.71428573,94.057144,0.14285715,0.14285715,0.21428572,7.5857143,2.1,6.829202e-05,0.0003305897,0.00012961456,0.00028576143,0.00021734461,True
2020-12-21,65.86,9.6,5.871429,8.428572,3.2714288,86.77143,0.27142859,0.25714284,0.24285714,7.6,4.0,7.356703e-05,0.0003316328,8.418447e-06,5.6328252e-05,0.0,True
2020-12-28,65.88000000000001,13.0,4.3714285,7.057143,1.7714285,85.40001,0.42857143,0.42857143,0.5,8.485714,3.7285714,0.0003426969,0.00033383816,5.8287667e-05,4.9486756e-05,0.00041691214,True
2021-01-04,65.85000000000001,7.7000003,1.6142857,3.2142856,-0.17142858,90.057144,0.3,0.3,0.20000002,8.6,1.4,3.9741397e-05,0.00034030527,0.0021946998,0.001274785,0.010931015,True
2021-01-11,65.87,8.7,0.71428573,1.8571428,-0.37142858,92.68572,0.2,0.2,0.24285714,9.014286,0.5857143,0.0001321882,0.00035005063,0.008972117,0.0050464272,0.0059640706,True
2021-01-18,65.9,12.5,-0.48571426,1.8000001,-3.1571429,86.185715,0.22857144,0.22857144,0.32857147,9.214286,0.22857143,0.00030003488,0.00036354363,0.009321031,0.0072682854,0.0065692402,True
2021-01-25,65.92,8.2,3.6000001,6.5285716,0.64285713,84.62858,0.5857143,0.5714286,0.59999996,9.471429,2.1714287,0.00075155497,0.00039069355,0.0026093097,0.01277096,0.00524427,True
2021-02-01,65.96000000000001,13.3,-1.757143,1.7571429,-6.1857147,87.971436,0.25714287,0.25714287,0.2857143,9.7,0.5857143,4.260987e-05,0.00044460595,0.0070959157,0.0011459254,0.013456069,True
2021-02-08,65.98,38.5,-1.1857141,0.71428573,-3.2428572,90.07143,0.20000002,0.20000002,0.3285714,10.3714285,0.95714283,0.0008211434,0.0005160272,0.008881972,0.011678111,0.019819874,True
2021-02-15,65.99000000000001,7.2000003,-7.8428574,-2.8142858,-13.67143,82.98572,0.028571429,0.028571429,0.2857143,10.357142,-0.41428572,0.0,0.00063643605,0.021504793,0.0,0.008071054,True
2021-02-22,66.01,6.0,6.457143,11.642858,1.9142858,80.22858,1.0714285,1.0285715,0.82857144,10.085714,3.8428571,0.0008540079,0.00077320635,0.006817085,0.028405335,1.7624348e-05,True
2021-03-01,66.03,3.3,7.3428574,11.5,3.257143,82.700005,1.0142858,0.8571429,0.88571423,9.657143,6.885714,7.174164e-05,0.0009876415,1.4486767e-05,0.0001135692,0.0,True
2021-03-08,66.06,0.6,2.6142857,7.328572,-1.7714285,80.328575,0.9428572,0.81428576,0.82857144,9.3714285,4.1,2.5004148e-05,0.0011623129,1.2613478e-05,2.1528453e-05,3.9696693e-05,True
2021-03-15,66.09,19.9,5.0142856,9.6,1.4142857,74.52857,1.457143,1.3857143,1.2142857,9.414286,5.142857,0.0003041774,0.0012845024,1.3538769e-05,5.8513135e-05,4.3436885e-05,True
2021-03-22,66.13000000000001,3.6,2.9714284,7.328572,-0.9285714,77.77143,1.1714287,1.1,1.1142857,9.514286,4.1285715,0.00016280264,0.0013850555,0.00029253392,0.00092446245,0.0010395944,True
2021-03-29,66.15050897335539,3.9,8.5,13.742857,3.3428574,73.15715,1.8428572,1.5428572,1.6714287,9.071428,8.6,8.21352e-05,0.0014847443,1.6751743e-05,0.000100206584,0.0,True
2021-04-05,66.16000000000001,5.3,8.157144,15.1,1.4142858,67.200005,2.2,1.7571429,2.1714284,8.242857,10.085714,6.3985586e-05,0.0015446469,1.7824627e-06,6.7427754e-07,3.6157668e-05,True
2021-04-12,66.14,15.400001,5.1714287,10.099999,0.7,75.02857,1.7428572,1.5285714,1.5714285,8.042857,6.571429,0.00027802587,0.0015731528,0.00016363461,0.0005364176,0.000545077,True
2021-04-19,66.13000000000001,4.0,5.9857144,10.914286,1.457143,74.92857,1.6857144,1.4285715,1.6714286,7.885714,8.071428,0.00016823411,0.0015833005,3.7976674e-06,2.4652109e-05,2.18153e-05,True
2021-04-26,66.10000000000001,0.0,7.4428573,13.971429,0.7428571,59.97143,2.6857142,1.9714286,2.7,7.214286,10.785714,7.0482492e-06,0.0015830547,3.40598e-08,5.1781535e-07,0.0,True
2021-05-03,66.11,8.5,8.657144,14.1,2.6857142,68.48572,2.4428573,1.842857,2.3999999,6.6571426,11.157143,0.00018708408,0.0015590414,-7.345365000000001e-25,0.0,0.0,True
2021-05-10,66.10000000000001,12.8,11.7,17.37143,5.614286,63.24286,3.6714287,2.7142856,3.3428571,6.4,12.442857,0.0001283586,0.0015301034,4.944347e-06,6.116368e-05,6.0182065e-05,True
2021-05-17,66.10000000000001,48.6,12.742858,16.957144,8.428572,82.38572,2.3571432,2.0714285,2.357143,6.8142858,15.285714,0.0012730211,0.0014975816,-7.345365000000001e-25,7.450581e-09,0.0,True
2021-05-24,66.08000000000001,4.1,13.014285,18.0,8.1285715,68.700005,3.2714288,2.4857142,3.2428572,6.5285716,15.385715,0.0001412481,0.0015228093,-7.345365000000001e-25,0.0,0.0,True
2021-05-31,66.09624049396488,10.2,12.400001,17.800001,7.071429,72.32857,3.142857,2.1714287,3.1857142,6.0857143,15.385715,0.00034475327,0.0015468821,-7.345365000000001e-25,0.0,0.0,True
2021-06-07,66.05000000000001,4.6,19.814285,26.557144,13.071428,64.8,4.457143,1.9142855,4.542857,5.457143,22.7,4.5716763e-05,0.0015353635,-7.345365000000001e-25,3.7252903e-09,0.0,True
2021-06-14,66.0,2.6000001,19.67143,25.87143,12.342857,61.757145,4.5142856,1.6428572,4.457143,5.114286,23.357143,3.3721328e-05,0.0014830828,-7.345365000000001e-25,7.450581e-09,0.0,True
2021-06-21,65.97000000000001,10.4,24.300001,31.314287,16.1,58.142857,6.014286,1.5,5.6571426,4.6857142,26.757143,1.2472272e-05,0.0014066994,-7.345365000000001e-25,1.1175871e-08,0.0,True
2021-06-28,65.9,0.1,18.885714,24.742859,12.214286,68.97143,3.642857,1.7285713,3.7714286,4.8,23.257143,2.4907291e-05,0.0013257191,-7.345365000000001e-25,3.7252903e-09,0.0,True
2021-07-05,65.9,24.6,18.84286,23.300001,14.1,78.28571,3.2142854,2.5142858,3.2142856,6.1714287,22.157143,0.002930507,0.0012672842,-7.345365000000001e-25,1.1175871e-08,0.0,True
2021-07-12,65.88000000000001,39.199997,19.600002,24.7,14.914286,78.24286,3.457143,3.0,3.4857142,6.885714,22.642857,0.007582858,0.0027530566,-7.345365000000001e-25,1.4901161e-08,0.0,True
2021-07-19,65.86,10.6,20.84286,25.84286,15.028572,74.11428,3.8571432,3.2,3.7714286,7.142857,24.27143,0.0011109263,0.0011991486,-7.345365000000001e-25,1.4901161e-08,0.0,True
2021-07-26,65.82000000000001,0.0,20.17143,25.87143,14.085715,68.814285,3.6571426,2.4714284,3.6000001,6.2285714,23.6,0.00011254102,0.0011715889,-7.345365000000001e-25,1.1175871e-08,0.0,True
2021-08-02,65.81,5.0,19.34286,25.0,13.228572,64.5,3.9285715,2.2142859,4.071429,5.4428573,22.457144,1.1056662e-05,0.0011312589,-7.345365000000001e-25,1.4901161e-08,0.0,True
2021-08-09,65.83000000000001,27.099998,17.585714,23.414288,12.471429,77.08572,3.0285716,2.0285716,2.9857142,5.4,21.1,0.00024938583,0.0010949448,-7.345365000000001e-25,1.1175871e-08,0.0,True
2021-08-16,65.84,16.0,19.52857,26.514286,12.514287,68.88572,3.6571426,1.9571428,3.7,5.0571427,22.62857,0.00010681152,0.0010588318,-7.345365000000001e-25,1.4901161e-08,0.0,True
2021-08-23,65.87,12.0,17.114286,21.47143,13.17143,76.35714,2.2142856,1.3142856,2.4714284,5.0571427,18.942858,0.00018714368,0.0010246485,-7.345365000000001e-25,1.6763806e-08,0.0,True
2021-08-30,65.83858742994906,53.6,14.814286,19.571428,10.900001,85.85714,1.9285715,1.6857144,1.8571428,6.714286,17.2,0.0007208735,0.0009955391,-7.345365000000001e-25,9.313226e-09,0.0,False
2021-09-06,65.84,0.0,14.971429,21.742859,8.785715,81.98572,1.9857142,1.6428572,2.357143,7.5142856,18.242857,4.440546e-06,0.00097566843,-7.345365000000001e-25,7.450581e-09,0.0,True
2021-09-13,65.82000000000001,7.1,17.6,24.4,11.114286,80.92857,2.1714284,1.7428571,2.3428571,6.885714,20.685715,0.00015631318,0.00095199794,-7.345365000000001e-25,9.313226e-09,0.0,True
2021-09-20,65.78,7.3,15.071428,19.057144,11.771429,82.471436,1.3142856,1.1,1.5428572,6.8142858,16.842857,0.00013230741,0.000934802,-7.345365000000001e-25,7.450581e-09,0.0,True
2021-09-27,65.76,12.799999,15.6285715,20.157145,11.142858,81.08572,1.4571428,1.1999999,1.6714286,6.5285716,16.442858,0.0001449287,0.0009220019,-7.345365000000001e-25,9.313226e-09,0.0,True
2021-10-04,65.78,9.8,13.542857,18.6,9.157143,78.32857,1.4142858,1.1714287,1.5142858,6.7,15.157143,6.80089e-05,0.00090964884,-7.345365000000001e-25,7.450581e-09,0.0,True
2021-10-11,65.80000000000001,18.5,9.042857,15.457144,3.414286,84.814285,0.9,0.7714286,1.0,7.0285716,11.485714,0.00063952804,0.000899747,-7.345365000000001e-25,1.8626451e-09,0.0,True
2021-10-18,65.79,6.7,9.3,13.2,5.1142855,84.64286,0.8142857,0.74285716,0.8,7.0571427,9.8,9.997934e-05,0.00089527667,-7.345365000000001e-25,3.7252903e-09,0.0,True
2021-10-25,65.77000000000001,5.1,9.828572,14.257143,5.557143,79.01429,0.9857143,0.87142855,1.0857142,7.1714287,9.442857,0.000114932656,0.00089571625,-7.345365000000001e-25,5.5879354e-09,0.0,True
2021-11-01,65.75,0.8,10.757143,15.657144,6.557143,79.40001,0.7999999,0.64285713,0.8428572,7.0285716,9.9,3.1024218e-05,0.00089743733,-7.345365000000001e-25,3.7252903e-09,0.0,True
2021-11-08,65.79,36.5,7.857143,10.585714,5.357143,87.62858,0.5714286,0.54285717,0.54285717,8.428572,7.9714284,0.0032633916,0.0012064502,-7.345365000000001e-25,7.450581e-09,0.0,True
2021-11-15,65.82000000000001,0.8,5.571429,8.657144,2.457143,90.41429,0.3,0.2857143,0.2857143,8.828571,5.9428573,1.3060868e-05,0.0009633899,-7.345365000000001e-25,-1.8626451e-09,0.0,True
2021-11-22,65.86,2.9,7.214286,9.042857,4.7428575,87.75715,0.37142855,0.35714287,0.5,8.714286,6.5571427,4.5731664e-05,0.0010359287,-7.345365000000001e-25,5.5879354e-09,0.0,True
2021-11-29,65.88309784396088,2.4,3.614286,5.4428573,1.2285715,88.98572,0.25714287,0.22857144,0.31428573,8.671429,3.1571429,6.67572e-05,0.001101777,0.00023429167,0.0002920162,0.00074411556,True
2021-12-06,65.88000000000001,6.5,2.2857144,4.6857147,-0.62857145,86.557144,0.45714283,0.45714283,0.41428572,9.014286,1.9571428,0.00019098818,0.001161702,0.0016092403,0.0020966418,0.0054832734,True
2021-12-13,65.91000000000001,5.3,1.2142857,3.0142858,-0.64285713,93.200005,0.12857144,0.12857144,0.21428572,9.142858,0.9714286,0.00022814423,0.0012271255,0.0064967135,0.0074122287,0.0061045736,True
2021-12-20,65.92,1.3000001,5.857143,7.5,3.1857145,89.02857,0.21428572,0.20000002,0.3857143,9.171429,4.614286,9.7706914e-05,0.0013091713,0.00043255943,0.0027699005,5.736947e-07,True
2021-12-27,65.95,32.699997,-2.7428572,1.0714287,-6.7571435,87.34286,0.11428572,0.11428572,0.17142858,9.557143,-0.114285715,0.0004067421,0.0014232025,0.0017292103,0.0015367828,0.004620105,True
2022-01-03,66.0,9.400001,8.514286,10.6285715,5.6285715,87.92857,0.4,0.4,0.5857143,9.8,3.2,0.0005010143,0.0016260818,0.0006346816,0.0031959396,0.0,True
2022-01-10,66.06,9.8,2.642857,4.3142858,0.64285713,86.87144,0.3857143,0.3857143,0.3857143,10.071428,2.0857143,0.00028643757,0.0019627213,0.00033494973,0.0005240571,0.0009702146,True
2022-01-17,66.10000000000001,2.5,2.6714287,4.9428573,-0.24285714,89.72858,0.2857143,0.2857143,0.4,9.885715,1.8857143,7.084012e-05,0.0023498982,0.00024235816,0.0006102957,0.00016259402,True
2022-01-24,66.15,7.9,3.5142858,5.357143,1.0285715,86.5,0.41428572,0.41428572,0.42857143,9.9,2.2285714,0.00013110787,0.0026814193,0.0003113633,0.00078637525,0.0008873828,True
2022-01-31,66.13423901030255,7.1,4.042857,5.871429,2.2285714,81.22857,0.7285714,0.7,0.8142857,9.9,2.9857142,0.00012961775,0.0029352903,0.00016882305,0.0002770517,0.0015827678,True
2022-02-07,66.2,18.1,4.585715,7.1714287,1.4285715,81.85714,0.88571435,0.87142855,0.78571427,10.1285715,3.642857,0.00050192326,0.0031591132,0.0006302538,0.0032944418,0.0018183626,True
2022-02-14,66.22000000000001,3.8000002,5.414286,8.657144,1.6714287,78.185715,0.9285714,0.90000004,0.82857144,10.057143,4.5285716,7.554889e-05,0.0035061687,1.286325e-05,4.4824556e-05,3.877282e-05,True
2022-02-21,66.25,28.5,6.7000003,10.7,3.8285716,74.0,1.5857143,1.5714285,1.3714286,10.242857,5.542857,0.00062768906,0.003831163,7.824671e-05,0.0006761737,0.00073131546,True
2022-02-28,66.27000000000001,3.2,3.7714288,8.257143,-0.2714286,76.44286,1.0714285,1.0428572,1.0285715,10.028571,4.0857143,0.00011244416,0.0042689443,1.4373234e-05,8.392148e-05,1.17868185e-05,True
2022-03-07,66.27000000000001,0.0,0.7,5.642857,-3.2142856,72.4,0.90000004,0.7714285,0.8714286,9.571428,2.7571428,1.5571713e-06,0.004690416,4.3619246e-05,6.225519e-05,0.00015153736,True
2022-03-14,66.26,3.9,4.071429,11.542857,-3.142857,52.328575,1.9714286,1.5857143,2.0,8.985714,4.8,4.3794513e-05,0.004826203,2.9331162e-05,8.5089356e-05,0.0,True
2022-03-21,66.25,0.0,6.557143,12.6,0.47142857,65.57143,1.7714285,1.3428572,1.8571428,8.471429,7.4142857,4.1738153e-05,0.004786104,6.3010623e-07,3.4421682e-06,0.0,True
2022-03-28,66.24000000000001,0.0,7.942857,16.914288,-0.88571423,60.885715,2.1857142,1.5857142,2.1142857,7.6857142,9.942857,9.23872e-07,0.004666537,-7.345365000000001e-25,3.7252903e-09,0.0,True
2022-04-04,66.24000000000001,7.5,3.7000003,8.042857,-1.4428571,62.585716,1.5857143,1.1285714,1.7714285,7.1857142,6.285714,6.1400235e-05,0.004512787,0.00032856918,0.0004991554,0.001069665,True
2022-04-11,66.23,11.599999,7.1,10.957144,3.2857144,72.38572,2.0285714,1.8428572,1.8142856,7.457143,7.6571426,0.0002027899,0.004354425,4.2228472e-05,0.0004616566,2.3841858e-07,True
2022-04-18,66.23,2.8,9.185715,15.442858,1.7428572,66.17143,2.6571429,1.9428571,2.3857143,6.957143,12.028571,4.6789646e-05,0.0041600913,-7.345365000000001e-25,1.0430813e-07,0.0,True
2022-04-25,66.21000000000001,2.6999998,9.485715,15.057143,3.6571429,68.85714,2.4285715,1.4857143,2.4428573,6.285714,12.071428,4.4196844e-05,0.003942795,-7.345365000000001e-25,3.7252903e-09,0.0,True
2022-05-02,66.07000000000001,0.0,11.142858,18.028572,3.3714287,62.57143,2.9571426,1.0428573,3.0571427,5.8428574,15.071428,4.8801303e-06,0.003704913,-7.345365000000001e-25,0.0,0.0,True
2022-05-09,66.05000000000001,2.2,13.6,20.4,5.514286,61.328575,3.5142856,0.8714286,3.4428573,5.457143,17.5,3.425777e-05,0.003438674,-7.345365000000001e-25,0.0,0.0,True
2022-05-16,66.02000000000001,7.6,16.914286,23.857143,8.414286,58.0,4.5142856,0.78571427,4.2428575,5.142857,19.471428,1.2591481e-05,0.003147535,-7.345365000000001e-25,3.7252903e-09,0.0,True
2022-05-23,65.99000000000001,14.7,17.657145,23.428572,11.285714,67.25715,4.2000003,1.6571429,4.0,5.242857,20.77143,0.00022120774,0.0028709918,-7.345365000000001e-25,7.450581e-09,0.0,True
2022-05-30,65.95853860324763,19.4,13.942858,18.557144,8.885715,67.58572,3.3857143,1.4142858,3.357143,5.0142856,17.114286,4.440546e-05,0.0026200712,-7.345365000000001e-25,3.7252903e-09,0.0,True
2022-06-06,65.95,2.3,16.800001,23.9,8.1285715,60.871433,4.142857,1.3714286,4.4428573,4.885714,19.914286,3.5732985e-05,0.002389446,-7.345365000000001e-25,7.450581e-09,0.0,True
2022-06-13,65.91000000000001,0.70000005,18.9,25.228573,12.114286,59.68572,4.3714285,0.9714286,4.4142857,4.614286,22.028572,3.3780932e-05,0.0021560714,-7.345365000000001e-25,7.450581e-09,0.0,True
2022-06-20,65.86,15.3,19.428572,27.114286,11.071428,57.32857,5.214286,0.8142857,5.2714286,4.4428573,22.985714,7.534027e-05,0.0019339323,-7.345365000000001e-25,7.450581e-09,0.0,True
2022-06-27,65.80000000000001,1.9000001,22.4,30.114286,13.900001,57.600002,5.614286,1.7428572,5.3142858,4.4,25.342857,1.8954277e-05,0.0017263591,-7.345365000000001e-25,1.1175871e-08,0.0,True
2022-07-04,65.81,11.3,20.47143,26.742859,13.271429,62.657143,4.7571425,1.5285712,4.571429,4.214286,24.4,3.6418438e-05,0.0015463084,-7.345365000000001e-25,1.1175871e-08,0.0,True
2022-07-11,65.79,11.2,16.9,22.657145,11.957144,64.457146,3.6571429,1.6714286,3.7714288,4.2714286,20.071428,0.00010213256,0.0014051348,-7.345365000000001e-25,1.1175871e-08,0.0,True
2022-07-18,65.79,0.4,19.100002,26.328571,10.8,54.5,4.7999997,1.0,4.8142858,3.8428571,22.257143,8.612871e-06,0.0012853518,-7.345365000000001e-25,7.450581e-09,0.0,True
2022-07-25,65.77000000000001,5.8,23.385715,31.242859,14.885714,54.557148,5.585715,1.0857143,5.357143,3.7,25.328571,3.530085e-05,0.0011618957,-7.345365000000001e-25,1.1175871e-08,0.0,True
2022-08-01,65.75,7.5,19.214285,25.77143,12.0,63.628574,3.957143,0.95714283,3.885714,3.6571429,22.828571,4.1872263e-05,0.0010580719,-7.345365000000001e-25,1.4901161e-08,0.0,True
2022-08-08,65.72000000000001,0.3,21.100002,28.97143,12.1,55.514286,4.7571425,0.9571429,4.571429,3.557143,24.471428,4.5076013e-05,0.00096717477,-7.345365000000001e-25,7.450581e-09,0.0,True
2022-08-15,65.69000000000001,18.4,21.728573,29.828571,13.228572,57.785713,4.6285715,0.67142856,4.457143,3.4,24.614286,2.3454428e-05,0.00088332593,-7.345365000000001e-25,1.1175871e-08,0.0,True
2022-08-22,65.68,6.7,21.242859,27.2,15.2,70.77143,3.2142856,1.3000001,3.1571429,3.8428571,23.985714,0.00012722611,0.00081092864,-7.345365000000001e-25,7.450581e-09,0.0,True
2022-08-29,65.65754615275661,21.599998,19.614286,26.442858,13.785714,76.35714,2.7857144,1.2285715,3.1142857,4.214286,22.814285,7.367134e-05,0.0007554069,-7.345365000000001e-25,1.4901161e-08,0.0,True
2022-09-05,65.63000000000001,0.0,17.357143,23.557144,10.971429,63.257145,3.0285716,1.3285714,3.5,4.257143,20.357143,2.630055e-06,0.0007074028,-7.345365000000001e-25,5.5879354e-09,0.0,True
2022-09-12,65.59,17.6,16.528572,22.014286,11.742857,78.85714,2.0428572,1.3428571,2.1714284,4.642857,19.27143,0.00014661252,0.00066551566,-7.345365000000001e-25,7.450581e-09,0.0,True
2022-09-19,65.55000000000001,15.0,12.985715,17.857143,9.67143,80.52857,1.6,1.4285715,1.7285715,5.114286,15.014286,0.00018833578,0.0006323233,-7.345365000000001e-25,7.450581e-09,0.0,True
2022-09-26,65.53,1.5999999,11.428572,17.7,5.7714286,77.22858,1.3714286,1.1285714,1.5714285,5.5,13.757143,1.8239021e-05,0.00060302764,-7.345365000000001e-25,1.8626451e-09,0.0,True
2022-10-03,65.53,16.7,10.571428,15.1285715,6.8,82.94286,1.0857143,0.99999994,1.2428571,5.757143,11.671429,0.00019408762,0.0005788207,-7.345365000000001e-25,1.1175871e-08,0.0,True
2022-10-10,65.54,0.2,11.900001,18.228573,5.5142856,75.685715,1.2857143,0.9857144,1.4714286,5.6571426,13.028571,4.142523e-06,0.00055683404,-7.345365000000001e-25,5.5879354e-09,0.0,True
2022-10-17,65.56,3.0,12.742857,18.928572,6.7000003,79.78571,1.0857142,0.8,1.1142857,5.3142858,13.914286,7.811934e-05,0.0005367696,-7.345365000000001e-25,7.450581e-09,0.0,True
2022-10-24,65.57000000000001,27.4,12.571428,17.300001,7.357143,86.27143,0.87142855,0.78571427,0.78571427,5.7714286,13.242857,0.0002309978,0.0005205646,-7.345365000000001e-25,7.450581e-09,0.0,True
2022-10-31,65.56669507487364,0.1,14.385715,19.714285,9.457143,84.77143,0.88571423,0.7,0.8,5.6857142,14.542857,8.076429e-06,0.0005064234,-7.345365000000001e-25,5.5879354e-09,0.0,False
2022-11-07,65.58000000000001,4.7,9.485715,13.742858,5.4,82.814285,0.71428573,0.5714286,0.62857145,5.5285716,10.157143,3.4622848e-05,0.00049448013,-7.345365000000001e-25,5.5879354e-09,0.0,True
2022-11-14,65.60000000000001,1.5999999,8.785714,13.542857,4.8,83.74286,0.6,0.47142857,0.5142857,5.428571,9.257143,6.9737434e-06,0.0004838258,-7.345365000000001e-25,3.7252903e-09,0.0,True
2022-11-21,65.61,16.1,1.8285714,4.9714284,-1.2857143,88.1,0.24285717,0.18571429,0.25714287,5.8142858,3.357143,0.00017026067,0.00047481805,0.00082176074,6.0772523e-05,0.0023513176,True
2022-11-28,65.63000000000001,5.5,4.142857,7.014286,0.7571429,91.0,0.24285714,0.21428572,0.25714287,6.1,3.442857,7.1786344e-05,0.00046764314,0.0009499334,0.0022205375,2.30968e-07,True
2022-12-05,65.67,22.6,1.3000001,2.1714287,0.17142858,94.88572,0.12857144,0.10000001,0.22857143,6.357143,1.8142858,0.000101700425,0.0004618019,0.0027211849,0.0018902346,0.005777888,True
2022-12-12,65.7,6.1000004,-0.4142857,0.8428572,-1.9142858,91.58572,0.114285715,0.114285715,0.21428572,6.8142858,0.7,0.000100933015,0.00045706332,0.0030876738,0.0024811737,0.004564803,True
2022-12-19,65.73,2.4,-5.914286,-2.2428572,-10.1285715,89.299995,0.042857144,0.042857144,0.114285715,6.9428573,-2.2571428,0.00011173636,0.00045360625,0.005627524,0.002057474,0.00014994293,True
2022-12-26,65.78,41.0,6.8714285,9.185715,3.7714288,93.08572,0.3857143,0.3857143,0.27142859,7.8428574,3.0,0.0011581182,0.0004516691,0.0004998843,0.0041240845,0.0,True
