,GWL,HYRAS_pr,HYRAS_tas,HYRAS_tasmax,HYRAS_tasmin,HYRAS_hurs,DWD_evapo_p,DWD_evapo_r,DWD_evapo_fao,DWD_soil_moist,DWD_soil_temp5cm,ERA5_sro,ERA5_ssro,ERA5_sdwe,ERA5_sm,ERA5_sf,GWL_flag
1991-01-07,102.43,10.2,5.785714,8.714286,3.2857144,78.37144,0.8285714,0.78571427,0.9714286,10.014286,3.7285714,0.00034165382,0.0009865537,3.6602927e-05,0.00021445006,0.0,True
1991-01-14,102.42,4.7,5.1285715,8.471429,2.5857143,74.17143,0.78571427,0.7714286,1.1714286,9.857142,3.8285713,7.836521e-05,0.0011380464,0.0001303355,2.8854236e-05,0.00056699663,True
1991-01-21,102.385,1.6,-0.8714286,3.6428573,-5.2714286,67.01429,0.24285714,0.20000002,0.40000004,9.714286,-1.2,1.2174249e-05,0.0012821332,0.00064870855,0.00016330741,0.0018930025,True
1991-01-28,102.44,1.5,0.54285717,1.7571429,-0.35714287,91.328575,0.17142858,0.17142858,0.3285714,9.642858,-0.18571429,2.539903e-05,0.0014049038,0.0035538902,0.0010118894,0.0038331933,True
1991-02-04,102.45,0.4,-4.857143,-0.94285715,-7.7285714,66.814285,0.042857144,0.042857144,0.5,9.557143,-3.0714285,2.0861626e-06,0.0015047491,0.0062692165,8.722395e-05,0.0027706027,True
1991-02-11,102.46,5.9999995,-6.2000003,-2.6857142,-9.814286,78.02857,0.042857144,0.042857144,0.45714286,9.571428,-4.0285716,1.7903745e-05,0.0015845969,0.008833436,0.00088841654,0.009584736,True
1991-02-18,102.46,5.4,-3.3142858,-0.9285714,-5.7571425,82.72858,0.071428575,0.071428575,0.5428571,9.942857,-0.12857144,4.4703484e-08,0.0016460493,0.019147715,0.0,0.012726359,True
1991-02-25,102.47,0.8,3.4285715,8.171429,-0.48571426,77.57143,0.6714286,0.62857145,0.9285714,9.828571,0.3857143,0.000761874,0.0016932264,0.013306867,0.024083083,4.4107437e-06,True
1991-03-04,102.48,0.0,2.1857142,6.4857144,-0.9571429,76.42857,0.8285714,0.74285716,0.9714286,9.585714,1.0142857,2.2925436e-05,0.0017716289,0.0005272911,0.0009760149,9.039417e-05,True
1991-03-11,102.49,0.0,7.4428573,10.785714,4.6714287,78.38572,0.9285714,0.78571427,1.2285715,9.142858,4.8428574,3.5241246e-05,0.0018724948,1.7041251e-05,0.00011102855,0.0,True
1991-03-18,102.5,3.0,9.457144,16.242857,4.6857142,74.98572,1.3142856,1.0428572,1.5285714,8.742857,8.442857,3.5457313e-05,0.0019435063,-7.345365000000001e-25,1.1175871e-08,0.0,True
1991-03-25,102.5,11.200001,8.485715,13.071428,5.957143,80.71429,1.3000001,1.2857143,1.4428571,9.285714,9.0,0.00033055246,0.0019806698,-7.345365000000001e-25,7.450581e-09,0.0,True
1991-04-01,102.5,5.8,3.8428574,7.057143,0.27142859,72.41429,1.3428572,1.1285714,1.3142856,9.028571,5.3285713,7.8588724e-05,0.0020167306,0.0006103686,0.0016754661,0.001940757,True
1991-04-08,102.51,5.4,10.085714,14.942858,6.114286,70.87143,1.8,1.5142857,1.8714286,8.6285715,10.3714285,8.4370375e-05,0.0020383447,1.2959753e-05,0.00015622564,0.0,True
1991-04-15,102.51,0.0,10.685715,16.87143,3.257143,60.24286,2.7857144,2.085714,2.5857143,7.8,11.814285,2.7425587e-05,0.002027899,-7.345365000000001e-25,3.7252903e-09,0.0,True
1991-04-22,102.52,10.0,2.3857143,6.714286,-1.1000001,77.01429,1.6285715,1.3571428,1.6428572,7.4,6.7285714,0.00014649332,0.0019980744,0.003063832,0.0067274086,0.0109849535,True
1991-04-29,102.51284186903214,12.7,6.3428574,11.228571,1.9142858,83.94286,1.7142857,1.4428571,1.6,7.3285713,9.9,0.0002028197,0.0019739494,0.0007108734,0.0037688203,0.0,True
1991-05-06,102.51,6.7999997,7.571429,11.657143,3.8714287,78.40001,1.5,1.2857143,1.8142856,7.2,9.857142,0.00017680973,0.0019464195,2.3274194e-07,2.194196e-06,0.0,True
1991-05-13,102.51,26.2,9.814286,14.314286,5.371429,75.51429,2.057143,1.7285717,2.1142857,7.4428573,12.157143,0.0037260652,0.0027565137,8.4508036e-05,0.0005379878,0.0005336255,True
1991-05-20,102.52,12.6,9.114286,13.785714,3.6000001,71.942856,2.4714286,2.1285713,2.5857143,7.9857144,11.757143,0.00021901727,0.0019747764,-7.345365000000001e-25,7.450581e-09,0.0,True
1991-05-27,102.52,12.9,9.742858,14.042857,6.1714287,75.92857,2.6142857,2.1571429,2.4714284,7.3428574,12.614285,0.0002778098,0.0020488426,-7.345365000000001e-25,3.7252903e-09,0.0,True
1991-06-03,102.52,2.2,13.771429,19.300001,7.971429,63.4,3.557143,2.4142857,3.7,6.642857,17.22857,3.2387674e-05,0.0020746589,-7.345365000000001e-25,0.0,0.0,True
1991-06-10,102.53,9.8,13.2,17.785715,8.228572,69.8,3.0714285,1.9142858,3.2714286,6.242857,16.357143,0.00023110211,0.0020430908,-7.345365000000001e-25,0.0,0.0,True
1991-06-17,102.53,42.5,15.614286,20.014286,11.6285715,67.25714,3.4428573,1.6428572,3.6285713,6.071429,17.714285,0.0003632158,0.0019936487,-7.345365000000001e-25,7.450581e-09,0.0,True
1991-06-24,102.53,5.7,15.928572,21.142857,11.1,70.62858,3.6857142,3.1999996,3.6571429,7.1857142,18.7,0.000360772,0.0019411594,-7.345365000000001e-25,3.7252903e-09,0.0,True
1991-07-01,102.53,16.900002,16.242857,21.157145,11.957144,72.8,3.214286,2.7714288,3.2285714,7.542857,18.357143,0.0016058087,0.0018956661,-7.345365000000001e-25,0.0,0.0,True
1991-07-08,102.54,0.0,22.300001,27.914286,14.400001,61.214287,5.1142855,3.1285713,4.785714,6.4,24.471428,1.6987324e-06,0.001849249,-7.345365000000001e-25,3.7252903e-09,0.0,True
1991-07-15,102.54,13.799999,21.914288,27.628572,16.828571,70.6,3.9285717,2.2,4.1714287,5.8428574,24.8,0.00028935075,0.0017878637,-7.345365000000001e-25,1.1175871e-08,0.0,True
1991-07-22,102.54,0.0,17.671429,22.87143,13.400001,64.828575,3.5857143,1.8999999,4.0571427,5.5285716,21.342857,1.2978911e-05,0.0017315745,-7.345365000000001e-25,3.7252903e-09,0.0,True
1991-07-29,102.55628479998803,14.700001,18.828571,25.357143,12.585715,65.52857,3.7714283,1.7142857,3.9285715,5.0857143,21.828571,6.9350004e-05,0.0016614497,-7.345365000000001e-25,3.7252903e-09,0.0,False
1991-08-05,102.53,43.9,20.9,25.928572,16.628572,75.25715,3.3571427,1.5714285,3.4714284,5.2285714,22.77143,0.00031951815,0.0015918389,-7.345365000000001e-25,3.7252903e-09,0.0,True
1991-08-12,102.52,12.6,21.385715,27.37143,16.314287,67.37143,3.8714283,2.1714287,4.071429,5.1285715,23.6,0.0003158003,0.0015261397,-7.345365000000001e-25,1.1175871e-08,0.0,True
1991-08-19,102.52,3.3,17.328571,22.87143,12.085714,66.11429,3.0285714,1.7571429,3.357143,4.785714,20.614286,3.4466386e-05,0.0014632419,-7.345365000000001e-25,3.7252903e-09,0.0,True
1991-08-26,102.53,1.8,17.285715,22.214285,12.414286,68.057144,2.642857,1.2428572,2.9714284,4.6571426,19.614286,3.324449e-05,0.0014037341,-7.345365000000001e-25,7.450581e-09,0.0,True
1991-09-02,102.52,0.1,15.942858,22.0,9.6285715,69.51429,2.4571426,0.6571428,2.642857,4.357143,18.671429,1.2129545e-05,0.0013470426,-7.345365000000001e-25,1.8626451e-09,0.0,True
1991-09-09,102.52,3.1,15.514287,21.0,10.7,65.6,2.2285714,0.37142855,2.7285714,4.214286,17.942858,1.4312565e-05,0.0012834817,-7.345365000000001e-25,5.5879354e-09,0.0,True
1991-09-16,102.53,1.5,15.6285715,22.742859,8.414286,62.971428,2.085714,0.32857147,2.542857,4.0857143,16.87143,3.196299e-06,0.0012248829,-7.345365000000001e-25,0.0,0.0,True
1991-09-23,102.53,10.6,14.714287,20.385715,10.400001,74.28571,1.7285715,0.9285714,2.0857143,4.1857142,16.12857,0.00014229864,0.0011703521,-7.345365000000001e-25,7.450581e-09,0.0,True
1991-09-30,102.5177902565624,3.5,15.557143,19.600002,11.742858,70.27143,1.6857141,0.7285714,2.2571428,3.8857143,15.714286,5.221367e-05,0.001119636,-7.345365000000001e-25,7.450581e-09,0.0,True
1991-10-07,102.53,5.4,12.871429,18.528574,7.5,66.47143,1.6142856,0.75714284,1.9571428,3.7285714,13.142858,1.4863908e-05,0.0010753497,-7.345365000000001e-25,5.5879354e-09,0.0,True
1991-10-14,102.52,1.1,13.928572,19.442858,10.0,72.6,1.2,0.34285715,1.4142857,3.642857,13.942857,5.9723854e-05,0.0010302812,-7.345365000000001e-25,7.450581e-09,0.0,True
1991-10-21,102.52,2.5,8.642858,13.0,5.428571,70.72857,1.0285714,0.58571434,1.4428571,3.7285714,9.4,4.4107437e-05,0.0009928644,-7.345365000000001e-25,3.7252903e-09,2.3469329e-07,True
1991-10-28,102.52,8.6,3.5714285,8.028571,-0.55714285,71.52857,0.61428577,0.40000004,0.7285714,3.7571428,4.714286,7.9765916e-05,0.000960432,3.292447e-07,2.225861e-06,2.0191073e-06,True
1991-11-04,102.52,12.7,4.614286,8.585714,0.7000001,73.02857,0.7571429,0.4857143,1.042857,3.6571429,3.6142857,4.2364e-05,0.000929825,-7.345365000000001e-25,2.9616058e-07,2.682209e-07,True
1991-11-11,102.52,23.2,6.057143,9.057143,3.4,77.12858,0.71428573,0.62857145,1.0428572,4.6857142,4.8142858,0.00020929426,0.0009026453,6.73419e-05,0.0009052064,0.00088018924,True
1991-11-18,102.53,11.400001,4.7714286,7.3142858,2.3857143,80.92857,0.44285712,0.41428572,0.59999996,5.614286,4.257143,0.00015115738,0.00087911636,0.0007548105,0.0015167557,0.0043338723,True
1991-11-25,102.53,0.70000005,1.9285715,4.2714286,-0.71428573,85.64286,0.22857143,0.18571432,0.27142856,6.071429,1.6285714,0.00013399124,0.0008602105,0.0035828352,0.003759537,0.0040437877,True
1991-12-02,102.5,0.70000005,2.6285717,5.8142858,0.55714285,85.21429,0.10000001,0.071428575,0.20000002,6.2,2.057143,3.8601458e-05,0.00084572285,0.0016018776,0.002565613,3.889203e-06,True
1991-12-09,102.5,10.400001,-0.98571426,1.4000002,-2.6857142,89.52857,0.11428572,0.11428572,0.21428572,6.2714286,0.3,0.00012294948,0.0008342862,0.0065437383,0.0027582347,0.016943201,True
1991-12-16,102.49,0.0,-2.2428572,1.5285714,-6.0428576,73.52857,0.11428572,0.08571429,0.21428572,6.4,-2.0,7.301569e-06,0.00082563236,0.014368824,0.00052352995,6.73905e-06,True
1991-12-23,102.49,34.7,4.0857143,6.585714,1.0571429,80.3,0.5714286,0.5714286,0.7,7.7285714,0.7,0.0014170036,0.00082051754,0.0052405256,0.019006552,0.0055301227,True
1991-12-30,102.47762425732624,20.4,2.1000001,4.585714,-0.0285714,82.74286,0.45714286,0.45714286,0.55714285,8.685715,1.0714285,0.0005342886,0.0008461848,0.0030946278,0.0068540666,0.008782275,True
1992-01-06,102.49,20.5,4.142857,6.1714287,1.2,75.77143,0.1,0.1,0.7571429,8.7,1.1,0.00060433894,0.0009461716,0.0010475544,0.0019095372,4.820898e-05,True
1992-01-13,102.48,3.4,3.2857144,6.3142858,0.35714284,79.67143,0.3285714,0.31428573,0.59999996,9.357142,1.5714285,0.00015153736,0.0011441931,6.547428e-05,4.5554712e-05,0.00040461496,True
1992-01-20,102.48,21.7,2.2571428,4.457143,0.71428573,85.08572,0.42857146,0.42857146,0.61428577,9.585714,1.9714285,0.0008428693,0.001732491,0.000867855,0.0029576514,0.004839536,True
1992-01-27,102.48,0.8,-2.3714287,0.40000004,-5.3428574,83.47143,0.042857144,0.042857144,0.27142859,10.042857,-1.6857142,1.0922551e-05,0.0019276142,0.002266441,0.0004613474,0.001352191,True
1992-02-03,102.5,4.4,-0.54285717,0.7285714,-2.0428572,91.87144,0.14285715,0.14285715,0.3857143,9.928572,-0.44285715,7.44611e-05,0.0024056658,0.0031948204,0.0019304212,0.0020264275,True
1992-02-10,102.52,15.5,3.6857145,6.1285715,1.2857143,82.8,0.57142854,0.57142854,0.64285713,9.971429,0.8428571,0.00056197494,0.0027711391,0.0015466497,0.0058243005,0.0027945824,True
1992-02-17,102.54,10.5,5.114286,8.1,2.5285716,77.471436,0.7,0.71428573,0.9714286,10.028571,3.3857143,0.00015863776,0.003276065,0.00023734002,8.217711e-05,0.0031669475,True
1992-02-24,102.55,15.099999,1.5142858,3.3142858,-0.78571427,83.75715,0.5,0.5,0.7,10.057143,1.1857142,0.0003746301,0.0036819652,0.0047084433,0.009151969,0.0077112615,True
1992-03-02,102.56,1.4,6.4000006,13.014287,1.6142857,69.27143,1.0,0.91428566,1.1999999,9.9,4.7714286,4.8577785e-05,0.0040602013,0.00030455136,0.0010553449,0.0,True
1992-03-09,102.58,11.2,6.6857142,11.328572,2.8857143,68.75715,1.2857143,1.1428572,1.5,9.614285,5.957143,0.00018930435,0.0043281317,2.1117073e-06,1.837127e-05,9.413809e-06,True
1992-03-16,102.6,34.5,3.857143,7.285714,0.5285715,73.62858,1.5857142,1.542857,1.5571429,9.957143,4.0,0.0006759465,0.004441984,0.0018009458,0.0017932933,0.0076619275,True
1992-03-23,102.67,7.7,6.285714,10.3,2.7142856,75.61428,1.1571428,1.1428572,1.4,10.228572,6.285714,0.0006621331,0.004648529,0.0013366711,0.005355755,0.00061662495,True
1992-03-30,102.65998625267235,25.900002,2.4285715,4.928571,0.18571427,83.0,1.0142858,1.0142858,1.0571429,10.8,3.7428572,0.00073315203,0.005475953,0.0038227013,0.010425858,0.014280941,True
1992-04-06,102.69,5.0,6.285714,11.242858,2.0857143,71.8,1.5,1.4714286,1.8142856,9.985714,7.071429,0.0001463145,0.006755948,0.00040418762,0.003431432,5.364418e-07,True
1992-04-13,102.72,0.9,8.442858,13.585715,2.457143,57.37143,2.2285714,1.8000001,2.3285713,9.4,9.957143,1.1250377e-05,0.0072350726,7.26609e-07,4.477799e-06,0.0,True
1992-04-20,102.74,10.2,6.857143,11.342857,3.6000001,64.37143,2.1571429,1.8714286,2.6000001,8.671429,8.185715,0.00011737645,0.007120624,0.00018805549,0.0009612143,0.0010086037,True
1992-04-27,102.77,10.1,12.528571,17.628572,6.5,57.67143,2.7142856,2.2142856,2.9714284,7.928571,12.771428,8.3610415e-05,0.006853193,1.004764e-06,6.755814e-06,0.0,True
1992-05-04,102.82,24.599998,10.485715,15.185715,5.8285713,72.01429,2.1285715,1.7285713,2.2571428,7.9142857,12.857142,0.0017776117,0.006510012,-7.345365000000001e-25,0.0,0.0,True
1992-05-11,102.84,12.400001,11.471429,16.171429,6.414286,66.9,2.5285716,2.114286,2.6714287,7.3285713,13.6285715,0.0011473671,0.006147474,-7.345365000000001e-25,3.7252903e-09,0.0,True
1992-05-18,102.86,0.0,16.014286,21.685715,9.114286,59.37143,3.7285712,2.5714285,4.0571427,6.7,18.071428,1.0579824e-06,0.0057600066,-7.345365000000001e-25,-3.7252903e-09,0.0,True
1992-05-25,102.88,0.0,18.62857,24.985716,10.257143,49.87143,4.928571,1.557143,4.8142858,5.757143,20.27143,8.136034e-06,0.0053121597,-7.345365000000001e-25,3.7252903e-09,0.0,True
1992-06-01,102.91,0.0,17.314285,22.885715,9.314286,51.57143,4.585714,0.5857143,4.5285716,5.457143,19.985714,1.6242266e-06,0.0048216954,-7.345365000000001e-25,3.7252903e-09,0.0,True
1992-06-08,102.93,29.7,18.957142,24.642857,13.885715,68.14286,4.2285714,1.2857143,3.9142857,5.571429,21.285715,0.00040613115,0.004364118,-7.345365000000001e-25,7.450581e-09,0.0,True
1992-06-15,102.95,3.8999999,16.685715,21.928572,11.828572,72.47143,3.1714284,1.4,3.2428572,6.0571427,19.72857,5.2452087e-05,0.0039959997,-7.345365000000001e-25,7.450581e-09,0.0,True
1992-06-22,102.97,19.4,19.785715,24.914288,13.771429,62.42857,4.2,1.1142857,4.2571425,5.385714,22.357143,1.591444e-05,0.0036393926,-7.345365000000001e-25,3.7252903e-09,0.0,True
1992-06-29,102.97268864225887,0.7,19.914288,26.300001,11.8714285,50.785713,4.8,1.2571429,5.0285716,5.257143,23.12857,8.717179e-05,0.0032925531,-7.345365000000001e-25,3.7252903e-09,0.0,True
1992-07-06,102.98,103.5,19.985714,25.77143,15.514287,71.057144,3.942857,1.4428571,3.7142856,5.1571426,23.22857,0.0043590516,0.0029475167,-7.345365000000001e-25,7.450581e-09,0.0,True
1992-07-13,102.99,11.8,18.457144,23.87143,13.257143,68.65714,3.442857,2.3857143,3.7428572,6.0,21.485714,0.00023844838,0.002729401,-7.345365000000001e-25,3.7252903e-09,0.0,True
1992-07-20,103.0,6.2,20.242857,25.27143,14.0,62.828575,3.7857146,2.7,4.1,5.542857,21.828571,4.4375658e-05,0.002559945,-7.345365000000001e-25,7.450581e-09,0.0,True
1992-07-27,102.99,29.900002,21.085714,27.671429,15.6,66.57143,4.4000006,2.5857143,4.357143,5.5,24.342857,0.0021918267,0.002388619,-7.345365000000001e-25,3.7252903e-09,0.0,True
1992-08-03,102.99,6.5,21.87143,27.828571,14.928572,60.37143,4.371429,1.6000001,4.585714,4.742857,24.014286,6.0625374e-05,0.0022264645,-7.345365000000001e-25,7.450581e-09,0.0,True
1992-08-10,103.0,3.0,24.114286,31.071428,16.757143,51.07143,4.9000006,1.0428572,5.2428575,4.3714285,25.442858,5.836785e-05,0.0020605922,-7.345365000000001e-25,7.450581e-09,0.0,True
1992-08-17,103.01,2.2,17.142857,22.37143,13.042857,67.1,2.7857144,1.0571429,3.1571429,4.242857,19.914286,0.000108510256,0.001907289,-7.345365000000001e-25,7.450581e-09,0.0,True
1992-08-24,103.0,19.199999,19.7,25.085714,14.685715,69.77143,2.9571426,1.5428572,3.1285713,4.2,21.714285,2.9683113e-05,0.001787737,-7.345365000000001e-25,7.450581e-09,0.0,True
1992-08-31,102.98965561008028,16.0,21.77143,28.642857,16.514286,65.62858,3.0714283,2.0142858,3.8,4.242857,22.214285,8.9392066e-05,0.0016663,-7.345365000000001e-25,5.5879354e-09,0.0,False
1992-09-07,102.99,16.300001,12.985715,17.385715,9.485715,75.28571,1.8857143,1.6571428,2.2428572,4.957143,14.514286,0.00014781952,0.0015621483,-7.345365000000001e-25,1.1175871e-08,0.0,True
1992-09-14,102.98,5.6,14.685715,19.97143,9.514287,73.21429,1.6857141,1.2285715,2.0142858,4.5857143,16.214285,5.5924058e-05,0.0014738217,-7.345365000000001e-25,3.7252903e-09,0.0,True
1992-09-21,102.97,0.1,13.842857,19.628572,8.542857,68.071434,1.6285714,1.1,2.0571427,4.3,15.271428,4.172325e-06,0.0013924018,-7.345365000000001e-25,3.7252903e-09,0.0,True
1992-09-28,102.96,20.6,16.128572,22.542858,11.614286,68.88572,1.5142857,0.90000004,2.142857,4.114286,16.6,0.00013070554,0.001313448,-7.345365000000001e-25,3.7252903e-09,0.0,True
1992-10-05,102.94,5.4,11.2,15.842857,6.9000006,78.34286,1.0285715,0.6571428,1.3571428,4.3285713,12.942857,5.2556396e-05,0.0012452751,-7.345365000000001e-25,9.313226e-09,0.0,True
1992-10-12,102.92,5.2,8.814286,13.271429,5.957143,83.38572,0.62857145,0.48571426,0.85714287,4.5571427,10.342857,7.69496e-05,0.0011897162,-7.345365000000001e-25,1.8626451e-09,0.0,True
1992-10-19,102.88989575976773,1.1,5.1714287,10.614286,0.87142855,69.22857,0.7285714,0.4857143,1.0714285,4.3428574,5.8285713,8.583069e-06,0.0011390969,-7.345365000000001e-25,0.0,0.0,False
1992-10-26,102.85,24.4,5.6285715,10.2,2.2,78.65715,0.6285714,0.5285714,0.8,5.042857,5.614286,0.00035460293,0.0010935441,3.7079764e-05,0.0002852287,0.000656534,True
1992-11-02,102.84,9.9,4.0857143,8.442857,0.5285714,79.74286,0.41428572,0.37142858,0.6571428,6.8,4.257143,0.00016248971,0.0010573342,7.878599e-05,0.00048451498,9.480119e-05,True
1992-11-09,102.83,3.0,7.157143,10.642858,4.6571426,78.74286,0.61428577,0.5285714,0.82857144,6.742857,6.428571,9.355694e-05,0.0010301098,1.5894572e-07,2.6691705e-06,1.6391277e-07,True
1992-11-16,102.85,8.5,4.714286,7.714286,2.0285714,79.74286,0.55714285,0.5428571,0.78571427,7.2285714,3.6857142,0.00017301738,0.0010082275,0.00045853,0.001498349,0.0019437447,True
1992-11-23,102.82,10.9,4.142857,6.5428576,2.2714286,81.457146,0.5285714,0.5142857,0.7714286,7.785714,2.9,0.00026030093,0.0009915084,0.0007025571,0.0025169272,0.0029542297,True
1992-11-30,102.79155897237392,5.6,5.3857145,9.442857,2.5,79.0,0.42857143,0.42857143,0.7,8.342857,4.2,0.00013265014,0.0009803995,0.00016381626,0.00095711276,0.0,False
1992-12-07,102.8,1.2,4.3857145,7.6714287,1.6714287,77.78571,0.34285715,0.34285715,0.6571428,8.6285715,3.1285715,7.083267e-05,0.0009746477,5.0578797e-06,1.7490238e-06,8.612126e-05,True
1992-12-14,102.8,14.3,3.142857,4.285714,1.7142857,86.1,0.35714287,0.35714287,0.42857143,9.114285,1.9,0.00044308603,0.00097227097,0.0008022274,0.0037464257,0.004274305,True
1992-12-21,102.81,6.4,1.7142857,4.3,0.31428573,84.74286,0.15714286,0.15714286,0.29999998,9.971429,0.7,9.076297e-05,0.0009841472,0.0006810994,0.0005481653,0.0022653304,True
1992-12-28,102.81,0.1,-2.8,0.08571427,-4.942857,78.82857,0.028571429,0.028571429,0.27142856,10.2,-1.5285715,8.150935e-06,0.0010162666,0.0022021646,0.0002318658,0.00043092668,True
1993-01-04,102.8,0.0,-7.157143,-3.5714288,-10.5,76.77143,0.0,0.0,0.14285715,10.2,-2.7666667,1.937151e-07,0.001056157,0.0026058187,5.2936375e-06,0.00023134612,True
1993-01-11,102.8,18.8,4.9714284,7.571429,1.1,77.72858,0.5,0.4857143,0.87142855,10.385715,0.14285715,0.00040333718,0.0010976195,0.0006816898,0.0024722833,4.0195882e-06,True
1993-01-18,102.8,7.5,7.1142855,12.185715,3.9714286,67.942856,0.94285715,0.9285714,1.2142857,10.357142,2.8857143,0.00086983293,0.001171872,2.8218541e-05,0.00012432598,0.00012945011,True
1993-01-25,102.8,14.200001,6.7000003,10.242857,3.4285715,72.6,1.2571428,1.2428572,1.3428571,10.1,4.785714,0.001258865,0.0012783781,0.00012250741,6.5252185e-05,0.0029335096,True
1993-02-01,102.81,7.1,-3.057143,0.7571429,-5.4857144,76.62858,0.17142858,0.17142858,0.42857143,10.4,0.028571429,8.5532665e-06,0.0014279932,0.01141916,5.1978976e-05,0.0113867,True
1993-02-08,102.81,5.8,-0.04285715,4.4428573,-3.9142857,78.1,0.15714286,0.17142858,0.37142858,10.271428,-0.24285714,0.0002771318,0.001597099,0.01170344,0.008697042,0.003526751,True
1993-02-15,102.82,0.0,-0.15714288,3.9714286,-2.6000001,83.057144,0.17142858,0.15714286,0.44285712,10.228572,0.057142857,0.0001237914,0.0017703027,0.004890141,0.005662447,0.00016199425,True
1993-02-22,102.83,20.5,0.5571428,2.5857143,-1.3000001,80.78571,0.61428565,0.61428565,0.7,10.414286,0.4857143,0.00030773878,0.001970619,0.006952916,0.0060275085,0.022469014,True
1993-03-01,102.85,10.800001,-1.6000001,1.6571429,-4.457143,78.37144,0.37142855,0.37142855,0.7,10.414286,-0.014285714,3.7789345e-05,0.0022144914,0.02998482,0.001874499,0.018139265,True
1993-03-08,102.86,2.1,-1.4142858,1.4,-4.1285715,77.314285,0.4857143,0.45714283,0.7571429,10.071428,0.18571429,0.00022990257,0.0024415776,0.030291405,0.00946366,0.004375793,True
1993-03-15,102.87,0.9,5.214286,10.485715,-0.18571432,70.87143,1.0428572,0.9142858,1.2857143,9.742857,4.0,0.00060130656,0.0026881397,0.010856078,0.023520336,6.12773e-05,True
1993-03-22,102.88,5.4,9.685715,13.928572,5.2428575,66.28571,1.7571429,1.5714285,1.9285715,9.3714285,8.614285,0.00010636449,0.0031308644,9.560585e-05,0.0009633843,0.0,True
1993-03-29,102.93624690695678,6.2999997,2.1714287,6.1,-0.17142859,72.74286,1.2285713,1.1,1.3000001,8.942857,4.6714287,0.000182271,0.0034753606,0.0026184435,0.0014469754,0.008652996,True
1993-04-05,102.98,1.9,5.7285714,10.214286,0.9714285,67.75715,1.3571428,1.0857142,1.7142857,8.571428,6.7,0.00016093254,0.003666155,0.0025263797,0.0071816966,0.0011154152,True
1993-04-12,102.97,9.2,5.428571,9.542857,0.9571429,70.44286,1.6714286,1.4142858,1.7142857,8.557143,7.1285715,0.0002976358,0.0037576407,1.9720623e-05,0.00013250485,8.8404864e-05,True
1993-04-19,103.0,12.4,9.842857,14.67143,4.857143,63.957146,2.3428574,1.8571428,2.3285713,7.9,10.457143,0.0003439486,0.0038152337,3.462746e-07,3.4291297e-06,0.0,True
1993-04-26,103.0,0.0,17.014286,22.757143,10.442857,50.728573,4.3142858,2.7142856,4.4428573,7.114286,16.414286,1.2643635e-05,0.0037954077,-7.345365000000001e-25,3.7252903e-09,0.0,True
1993-05-03,103.03,0.0,17.685715,24.142857,9.957144,49.77143,4.5285716,1.6,4.428571,6.0142856,18.514286,3.9756298e-05,0.0036740527,-7.345365000000001e-25,0.0,0.0,True
1993-05-10,103.08,0.6,13.671428,19.442858,7.285714,64.557144,3.4142857,0.82857144,3.1714287,5.7,16.12857,4.4248998e-05,0.0035346672,-7.345365000000001e-25,0.0,0.0,True
1993-05-17,103.05,1.6999999,16.928572,23.357143,10.400001,53.614285,4.428571,0.78571427,4.4142857,5.457143,19.971428,4.9725175e-05,0.003346406,-7.345365000000001e-25,0.0,0.0,True
1993-05-24,103.05,37.3,16.985714,22.357143,11.828572,67.41428,3.542857,1.2428572,3.8142855,5.957143,19.1,0.001721099,0.003127709,-7.345365000000001e-25,0.0,0.0,True
1993-05-31,103.0492724310456,22.9,16.728573,22.228573,11.485715,68.11429,3.4428573,2.942857,3.7714286,6.7285714,19.1,0.00015838444,0.002944596,-7.345365000000001e-25,7.450581e-09,0.0,True
1993-06-07,103.05,13.700001,18.2,23.614286,12.17143,65.98572,3.642857,2.9428573,3.9857142,6.385714,21.457144,0.00012613833,0.002761364,-7.345365000000001e-25,3.7252903e-09,0.0,True
1993-06-14,103.04,18.2,17.9,23.5,13.0,67.65715,3.5857143,2.5571427,3.857143,6.428571,20.485714,0.00020463765,0.0025714934,-7.345365000000001e-25,7.450581e-09,0.0,True
1993-06-21,103.05,13.7,15.757143,20.2,11.328572,69.47143,2.9142857,2.6571429,3.1571429,6.9857144,18.014286,0.00013777614,0.002414301,-7.345365000000001e-25,7.450581e-09,0.0,True
1993-06-28,103.04,17.0,13.442858,17.87143,9.685715,73.48572,2.5142858,2.2571428,2.8,6.885714,16.785715,0.00028850138,0.002267599,-7.345365000000001e-25,3.7252903e-09,0.0,True
1993-07-05,103.03,37.1,18.914288,25.47143,10.842857,62.257145,4.0285716,3.057143,4.5142856,6.457143,22.0,0.00085681677,0.002131164,-7.345365000000001e-25,7.450581e-09,0.0,True
1993-07-12,102.98,41.2,14.657144,19.414288,10.67143,72.04286,3.1142862,2.7000003,3.2714286,7.1857142,17.328571,0.0026056916,0.00200399,-7.345365000000001e-25,7.450581e-09,0.0,True
1993-07-19,103.05,28.5,17.185715,21.357143,12.842857,75.07143,2.7857144,2.642857,3.2285714,8.5,19.428572,0.00051587075,0.0019347519,-7.345365000000001e-25,7.450581e-09,0.0,True
1993-07-26,102.99,11.2,16.4,21.2,12.7,70.62858,2.9428573,2.7714286,3.5714285,8.542857,18.471428,0.00023460388,0.0018890053,-7.345365000000001e-25,1.1175871e-08,0.0,True
1993-08-02,103.02,15.6,18.514286,23.67143,13.17143,71.62857,3.128571,2.8285713,3.7428572,8.685715,19.928572,0.00022488087,0.0018490776,-7.345365000000001e-25,1.1175871e-08,0.0,True
1993-08-09,103.02,19.6,18.885715,24.442858,14.157144,71.22858,3.0285714,2.5714285,3.7142856,8.0,21.842857,0.00017121434,0.0017992482,-7.345365000000001e-25,5.5879354e-09,0.0,True
1993-08-16,103.01,12.7,19.214285,25.157145,13.257143,65.64286,3.3,2.6714287,3.9714284,7.8142858,20.957144,0.0002052337,0.0017502755,-7.345365000000001e-25,7.450581e-09,0.0,True
1993-08-23,103.02,5.6,16.342857,21.84286,11.585715,69.74286,2.457143,1.957143,2.8285713,7.385714,20.514286,4.6804547e-05,0.0016926602,-7.345365000000001e-25,3.7252903e-09,0.0,True
1993-08-30,102.98870332122628,12.1,12.885715,17.985714,8.014286,71.74286,1.8000001,1.4,2.4,7.3285713,16.028572,0.00016361475,0.0016440451,-7.345365000000001e-25,1.8626451e-09,0.0,True
1993-09-06,103.03,42.1,11.285714,15.328572,8.757143,86.471436,1.4285715,1.3571427,1.5285714,8.471429,13.528571,0.0004921481,0.0016056299,-7.345365000000001e-25,3.7252903e-09,0.0,True
1993-09-13,103.04,18.199999,14.557143,18.87143,10.714286,81.38572,1.3714286,1.3285714,1.8571428,8.785714,15.657143,0.0003067702,0.0015784279,-7.345365000000001e-25,3.7252903e-09,0.0,True
1993-09-20,103.02,6.2,11.785714,17.014286,7.7571435,74.02857,1.4857143,1.3714286,2.1285713,9.1,13.3,9.7066164e-05,0.0015597418,-7.345365000000001e-25,3.7252903e-09,0.0,True
1993-09-27,102.97,0.0,15.557143,20.542858,11.942857,75.15715,1.3857142,1.1714286,2.1714284,8.714286,16.285715,4.656613e-05,0.0015394241,-7.345365000000001e-25,7.450581e-09,0.0,True
1993-10-04,102.96,0.0,10.842857,15.357142,6.428571,71.685715,1.1571429,0.9714285,1.8428571,8.357142,12.1285715,3.9123e-05,0.001521036,-7.345365000000001e-25,7.450581e-09,0.0,True
1993-10-11,102.96,12.3,13.342857,18.628572,9.014286,76.87144,1.0571429,0.9285714,1.5857142,8.285714,13.5,0.00012225658,0.0015004277,-7.345365000000001e-25,1.8626451e-09,0.0,True
1993-10-18,102.95,0.4,9.485715,14.757143,5.928571,73.02857,0.90000004,0.75714284,1.5,8.485714,10.414286,3.195554e-05,0.0014798194,-7.345365000000001e-25,5.5879354e-09,0.0,True
1993-10-25,102.95,36.5,4.8142858,7.071429,2.3142858,85.57143,0.45714286,0.38571426,0.61428577,8.8714285,5.9,0.00050584227,0.0014622435,-7.345365000000001e-25,3.7252903e-09,0.0,True
1993-11-01,102.96,0.0,4.0285716,8.228572,0.9857143,83.328575,0.2857143,0.25714284,0.51428574,9.014286,4.4142857,2.3022294e-06,0.0014530346,-7.345365000000001e-25,9.685755e-08,1.3038516e-07,True
1993-11-08,102.96,14.4,4.214286,7.114286,1.6428572,92.1,0.18571427,0.17142858,0.37142858,8.914286,4.5142856,0.00025369227,0.0014503151,-7.345365000000001e-25,3.5390258e-08,0.0,True
1993-11-15,102.92,18.3,4.3142858,7.4,2.3285716,84.8,0.4,0.4,0.59999996,9.385715,4.3,0.00028309226,0.0014600903,0.00016255038,0.0003314484,0.004148882,True
1993-11-22,102.95,10.4,-3.1142857,-0.7714286,-5.142857,83.71429,0.042857144,0.042857144,0.3,9.842857,0.17142858,2.168119e-06,0.001500696,0.008869245,3.697537e-05,0.016678564,True
1993-11-29,102.9889364042526,1.9,-4.7428575,-1.6714287,-7.9428573,84.37144,0.0,0.0,0.2857143,10.1285715,-0.41428572,0.0,0.0015678257,0.020785138,0.0,0.0039755926,True
1993-12-06,102.97,1.6,3.0285716,5.657143,-1.357143,78.1,0.2857143,0.2857143,0.67142856,10.042857,1.5142857,0.00057063997,0.0016391203,0.011529105,0.024717992,0.00010563433,True
1993-12-13,103.0,30.4,4.4857144,7.028572,1.7142857,76.5,0.7714286,0.7714286,0.9714286,10.442857,2.7428572,0.0014915019,0.0018031076,0.0007195813,0.005315855,0.006915126,True
1993-12-20,103.01,16.1,5.157143,8.714286,2.1857142,77.04286,0.55714285,0.55714285,0.9857143,10.571428,3.4857142,0.00032063574,0.0022384748,0.00059546746,0.0023656655,0.0026981346,True
1993-12-27,103.03,19.8,1.8714286,3.857143,0.21428572,82.27143,0.3857143,0.3857143,0.61428577,10.885715,1.2714286,0.0007229373,0.0030698925,0.0064750626,0.0060877316,0.013476264,True
1994-01-03,103.16,20.8,3.1285717,6.014286,0.3571429,78.98572,0.5,0.5,0.6857143,10.5,1.575,0.00090025365,0.004157603,0.0047157947,0.01398715,0.006981395,True
1994-01-10,103.18,1.2,5.1,7.4000006,2.8857143,79.24286,0.4285714,0.4285714,0.7571429,10.414286,2.8142858,0.0008617267,0.0057034343,0.00044301577,0.002481658,0.0,True
1994-01-17,103.19,4.6,3.9857144,6.4857144,2.0285716,78.91429,0.47142857,0.47142857,0.7428571,10.271428,3.057143,0.00014556944,0.0070865527,0.00030272914,7.097609e-05,0.0021825694,True
1994-01-24,103.21,3.7,2.3428571,4.585714,-0.32857147,73.200005,0.48571426,0.48571426,0.91428566,10.257143,0.41428572,0.00027225167,0.007629931,0.0015454462,0.0019033514,0.0007769987,True
1994-01-31,103.1861339852258,24.0,4.1,7.357143,1.1,79.02857,0.95714283,0.95714283,1.0571429,10.7,2.7571428,0.0005715117,0.007945053,0.0008046627,0.0028555952,0.0035739355,False
1994-02-07,103.26,2.3,2.057143,4.4,0.11428571,79.457146,0.4857143,0.4714286,0.64285713,10.228572,1.4571428,5.4255128e-05,0.008642808,0.0007264614,0.0013479535,0.0016931966,True
1994-02-14,103.3,9.400001,-2.057143,0.8571429,-3.957143,79.1,0.22857144,0.22857144,0.5428571,10.228572,0.18571429,0.00013231486,0.008941993,0.006619192,0.0039337073,0.011053413,True
1994-02-21,103.33,1.3,-4.5285716,-0.12857144,-8.242857,62.37143,0.14285715,0.14285715,0.85714287,10.171429,-2.1,1.6793609e-05,0.0089338645,0.00676209,0.0006224625,0.0015811622,True
1994-02-28,103.41,11.400001,2.7428572,6.214286,-1.3000001,83.75714,0.4857143,0.4714286,0.7285714,10.271428,0.8,0.0003867373,0.00883764,0.007501426,0.01539856,0.00901423,True
1994-03-07,103.14,17.1,5.642857,9.042857,2.2,75.67143,1.1285714,1.1285714,1.2285715,10.285714,3.7857144,0.00054989755,0.008742318,0.00031954335,0.0016806629,0.00089231133,True
1994-03-14,103.15,17.1,8.242857,12.300001,4.5571427,72.457146,1.2857143,1.2428572,1.6142856,10.185715,7.0,0.00039879233,0.008982301,1.8108459e-06,2.416782e-05,0.0,True
1994-03-21,103.17,56.4,3.5428574,7.3857145,1.4714286,80.68572,1.2571429,1.2571429,1.1857144,10.971429,4.4857144,0.003294073,0.014426559,0.0007899829,0.0030655675,0.0040636025,True
1994-03-28,103.19,15.3,7.1,11.357142,2.7428572,71.11429,1.7714285,1.7571428,1.8714286,10.414286,7.2,0.00045942515,0.016792111,0.00020560196,0.0010893494,0.00048541278,True
1994-04-04,103.3,4.4,9.085714,13.928572,4.9857144,68.71429,1.8571428,1.7428572,2.2142856,9.814285,8.985714,0.0001744777,0.01703702,1.8102783e-05,0.00019953586,0.0,True
1994-04-11,103.35,12.799999,4.8428574,8.914286,0.7714286,71.78571,1.4142857,1.2571428,1.7428571,9.514286,6.757143,0.00021587312,0.016186632,0.00023848102,0.0006156787,0.0014056675,True
1994-04-18,103.37,42.1,6.142857,9.328572,2.7142856,81.98572,1.3999999,1.3571428,1.3000001,10.914286,7.757143,0.0019767731,0.01584103,0.00015203159,0.00095507875,0.00011469796,True
1994-04-25,103.44,0.0,12.514287,18.228573,5.3428574,56.04286,3.042857,2.4285715,3.5,9.471429,13.857142,1.66893e-06,0.014420964,-7.345365000000001e-25,4.7311187e-07,0.0,True
1994-05-02,103.47,3.8,13.114286,18.97143,8.3714285,70.34286,2.5142858,1.9285715,2.7857144,8.442857,15.557143,4.9993396e-05,0.013229996,-7.345365000000001e-25,3.7252903e-09,0.0,True
1994-05-09,103.53,7.0,12.571428,17.800001,6.6857147,59.485714,3.4142857,2.5285716,3.542857,7.6571426,15.057143,0.0001475066,0.011851646,-7.345365000000001e-25,3.7252903e-09,0.0,True
1994-05-16,103.55,1.1,15.257143,20.885714,8.971429,61.142857,3.6000001,1.9571428,3.8857143,6.757143,17.985714,8.355081e-05,0.010399774,-7.345365000000001e-25,0.0,0.0,True
1994-05-23,103.57,43.8,14.1285715,18.885714,10.171428,75.34286,2.5285716,1.8428571,2.8999999,7.928571,16.514286,0.0012978315,0.009077325,-7.345365000000001e-25,7.450581e-09,0.0,True
1994-05-30,103.6172909082308,42.100002,13.1,17.27143,9.271429,72.75715,2.2999997,2.0714285,2.7857144,9.057143,16.457144,0.0015318543,0.008132793,-7.345365000000001e-25,0.0,0.0,False
1994-06-06,103.62,15.4,14.514287,19.242859,9.357142,65.12858,3.357143,2.8714287,3.9285715,8.542857,16.914286,0.00017143786,0.0074402317,-7.345365000000001e-25,3.7252903e-09,0.0,True
1994-06-13,103.6,1.4,14.528572,20.128572,9.17143,71.37144,2.6857145,2.1571429,3.3,8.042857,16.928572,0.00010743737,0.006833248,-7.345365000000001e-25,3.7252903e-09,0.0,True
1994-06-20,103.62,6.9,15.271429,19.84286,10.957144,67.58572,3.2857144,2.457143,3.642857,7.357143,17.77143,9.4383955e-05,0.0062605143,-7.345365000000001e-25,3.7252903e-09,0.0,True
1994-06-27,103.61,0.0,20.442858,25.828571,13.357142,57.67143,4.714286,2.3428574,5.1857142,6.2714286,22.785715,2.2053719e-06,0.005663492,-7.345365000000001e-25,7.450581e-09,0.0,True
1994-07-04,103.59,0.6,22.9,29.785715,15.671428,58.04286,5.1571426,1.6285715,5.7000003,5.5857143,25.928572,0.00020556897,0.0050306693,-7.345365000000001e-25,3.7252903e-09,0.0,True
1994-07-11,103.59,27.0,18.84286,23.914288,14.085715,73.971436,3.5714285,2.142857,3.7571428,6.0142856,22.428572,0.00013819337,0.0044866875,-7.345365000000001e-25,7.450581e-09,0.0,True
1994-07-18,103.61,7.8999996,22.585714,28.728573,16.214285,66.15714,4.571429,2.5857143,4.8857145,5.457143,25.485714,5.9619546e-05,0.0040097088,-7.345365000000001e-25,7.450581e-09,0.0,True
1994-07-25,103.63,3.8,22.742859,29.028574,14.900001,52.842857,5.357143,1.3999999,5.571429,5.257143,24.942858,2.2113323e-05,0.003577605,-7.345365000000001e-25,3.7252903e-09,0.0,True
1994-08-01,103.6,0.0,26.785715,34.67143,18.47143,50.67143,5.0999994,0.8142857,5.914286,4.8285713,28.071428,1.0877848e-05,0.0031260028,-7.345365000000001e-25,3.7252903e-09,0.0,True
1994-08-08,103.62,11.7,23.228573,29.185715,17.342857,61.414288,4.214286,0.75714284,4.4857144,4.6714287,26.857143,5.324185e-05,0.0027144551,-7.345365000000001e-25,7.450581e-09,0.0,True
1994-08-15,103.51,48.6,17.728573,22.300001,13.914286,72.72857,2.8428574,1.7714285,3.2857144,5.742857,20.514286,0.0039975494,0.002425544,-7.345365000000001e-25,7.450581e-09,0.0,True
1994-08-22,103.47,24.5,16.385715,21.800001,11.3,69.92857,2.7,2.2857144,3.2285714,6.571429,18.457144,0.00023944676,0.0022226572,-7.345365000000001e-25,5.5879354e-09,0.0,True
1994-08-29,103.522145149253,42.8,16.742857,21.9,13.400001,79.72857,2.2142856,2.0,2.642857,7.9857144,19.357143,0.0065199435,0.0020606741,-7.345365000000001e-25,3.7252903e-09,0.0,True
1994-09-05,103.46,28.1,16.47143,21.328571,12.242858,76.82857,2.0,1.7714287,2.6142857,8.971429,18.885714,0.0018484741,0.0019444376,-7.345365000000001e-25,0.0,0.0,True
1994-09-12,103.45,20.4,15.042857,19.2,11.571428,74.67143,1.7285713,1.6999999,2.5142858,9.6,16.428572,0.0022435933,0.0018598586,-7.345365000000001e-25,1.1175871e-08,0.0,True
1994-09-19,103.45,1.8,12.914286,16.37143,10.585714,77.200005,1.3285713,1.3,2.0285714,9.771428,14.585714,8.767843e-05,0.0017975122,-7.345365000000001e-25,1.8626451e-09,0.0,True
1994-09-26,103.48,0.6,13.357142,18.657145,8.357142,82.84286,1.1714286,0.98571426,1.6285714,9.428572,14.614285,5.3420663e-06,0.0017487258,-7.345365000000001e-25,1.8626451e-09,0.0,True
1994-10-03,103.42,13.6,13.157144,17.742857,10.071428,80.6,0.9285714,0.7857143,1.5571429,9.085714,14.257143,0.00010418147,0.001699768,-7.345365000000001e-25,7.450581e-09,0.0,True
1994-10-10,103.39,3.1,4.928571,9.814286,1.6142857,81.27143,0.8,0.7,1.0142857,9.485714,7.5571427,8.948147e-05,0.0016584247,3.7318183e-05,9.132922e-05,0.000100975856,True
1994-10-17,103.38,0.6,7.3857145,13.7,3.3428574,81.828575,0.68571424,0.54285717,0.9285714,9.185715,9.042857,9.201467e-06,0.0016187057,2.6509874e-06,1.2122095e-05,0.0,True
1994-10-24,103.39,3.4,6.957143,11.357142,2.857143,68.92857,0.9714287,0.7428571,1.6142857,8.885715,6.885714,5.3867698e-05,0.0015798435,-7.345365000000001e-25,2.4214387e-08,0.0,True
1994-10-31,103.36059166967424,12.0,10.442858,13.400001,7.5428576,76.02857,0.90000004,0.8428572,1.4142857,8.771428,8.8714285,0.00013485551,0.0015436038,-7.345365000000001e-25,3.7252903e-09,0.0,True
1994-11-07,103.36,0.0,8.557143,12.957144,5.5285716,73.0,0.8142857,0.7,1.3571428,8.928572,7.6571426,6.1765313e-06,0.0015082732,-7.345365000000001e-25,5.5879354e-09,0.0,True
1994-11-14,103.33,7.1,5.3285713,7.728572,2.614286,84.685715,0.31428573,0.2857143,0.71428573,8.757143,5.5,4.3787062e-05,0.0014768839,1.0961578e-05,3.5841018e-05,3.701821e-05,True
1994-11-21,103.35,15.1,7.7714286,10.800001,5.4714284,83.457146,0.7285714,0.7285714,0.78571427,9.614285,7.0857143,0.0003034398,0.0014495403,3.973643e-08,2.0340085e-06,0.0,True
1994-11-28,103.32,12.5,6.0285716,8.614286,3.5285716,90.814285,0.31428573,0.31428573,0.3857143,10.042857,5.6571426,0.0002944246,0.0014284775,-7.345365000000001e-25,5.5879354e-09,0.0,True
1994-12-05,103.31,5.1,4.071429,6.3285713,2.1285715,86.18572,0.24285714,0.24285714,0.44285718,10.2,3.0714285,0.00013861805,0.0014179796,-7.345365000000001e-25,4.7124922e-07,4.7311187e-07,True
1994-12-12,103.31,11.2,7.1857147,10.1,3.6142857,75.07143,0.6571428,0.64285713,0.9857143,10.285714,4.8428574,0.00016367435,0.0014161095,-7.345365000000001e-25,1.8626451e-08,0.0,True
1994-12-19,103.27,15.5,1.9714286,4.9000006,0.11428572,81.75715,0.35714287,0.35714287,0.5714286,10.471429,1.9857143,0.00032573938,0.0014399439,0.0011676891,0.00076750293,0.0024590902,True
1994-12-26,103.28,3.8000002,-0.4,0.94285715,-1.7714287,87.9,0.08571429,0.071428575,0.35714287,10.2,0.12857144,1.8820167e-05,0.001509577,0.004986661,0.00023521297,0.0056706443,True
1995-01-02,103.3,14.3,6.1571426,8.7,3.6285717,78.48572,0.78000003,0.78000003,1.1285714,10.62,4.66,0.00042369962,0.0015994608,0.0011946531,0.00689077,0.0073422194,True
1995-01-09,103.32,5.0,-6.0,-3.5142858,-9.328572,87.314285,0.014285714,0.014285714,0.2,10.357142,-0.18571429,1.7881393e-07,0.0017403141,0.01003195,0.0,0.005044155,True
1995-01-16,103.33,4.1,0.17142858,1.7714285,-2.1142857,84.27143,0.34285715,0.32857147,0.5142857,10.471429,0.042857144,0.00021834671,0.001876764,0.016383579,0.00716991,0.011077877,True
1995-01-23,103.37,10.3,0.92857134,3.7428572,-1.3714286,77.87142,0.5428571,0.5,0.94285715,10.242857,0.31428573,0.0012106672,0.0025101528,0.014932797,0.019956226,0.0074222237,True
1995-01-30,103.40485179010494,17.2,4.9714284,8.885715,1.7571429,77.314285,0.94285715,0.9142857,1.2142857,10.585714,3.0714285,0.0007935241,0.0023566484,0.0018846081,0.010280894,0.009337828,True
1995-02-06,103.37,9.4,4.9857144,7.4857144,1.2285715,75.64286,0.67142856,0.6571428,1.0142857,10.385715,2.357143,0.00015646219,0.0032194331,0.00030713988,0.0010297969,0.0002190806,True
1995-02-13,103.44,15.2,4.4,7.7428575,0.77142864,76.42857,0.85714287,0.85714287,1.0428572,10.442857,3.4142857,0.00030456483,0.0040366203,0.0021793614,0.005373873,0.0054535307,True
1995-02-20,103.47,5.4,6.714286,9.971429,4.071429,72.15714,1.2571429,1.2285713,1.4428571,10.214286,5.1,0.0005111173,0.004639879,1.3260615e-05,0.00011257455,0.0,True
1995-02-27,103.48,12.5,4.1,8.214286,1.0571429,76.84286,1.0428572,0.9714285,1.1999999,9.985714,4.1571426,0.00016549975,0.0051226765,0.00047193255,0.00080654956,0.0028179921,True
1995-03-06,103.53,0.4,5.3714285,8.957143,1.9428571,69.65714,1.2142857,1.1428572,1.5285714,9.9,4.4142857,0.000107228756,0.005402647,0.00035874615,0.00271344,0.0010537393,True
1995-03-13,103.58,0.0,3.2285714,8.528571,-1.0285715,72.685715,1.2285715,1.0285714,1.3571428,9.5,4.214286,4.056096e-05,0.005486198,0.00019914763,0.00050927326,0.00042394176,True
1995-03-20,103.59,5.9,3.2000003,6.6857142,-0.2857143,74.38572,1.1857144,1.0571429,1.5857143,9.328571,3.1,0.00018379837,0.005446993,0.0007434516,0.0022747666,0.0025221705,True
1995-03-27,103.56,13.900001,5.357143,9.942858,1.3571428,68.47143,1.8428571,1.6714287,1.8571428,9.157143,5.757143,0.00033970177,0.0053665265,0.0008689846,0.0041768085,0.006275542,True
1995-04-03,103.62,11.200001,5.1714287,8.714286,1.2428571,77.01429,1.6000001,1.4714285,1.6857144,9.6,4.8428574,0.0004865378,0.0052905306,0.0037972587,0.01081118,0.009487379,True
1995-04-10,103.65,16.8,6.1142855,10.071428,2.7428572,75.471436,1.8142856,1.6285715,1.8000001,9.228572,7.8714285,0.0003928542,0.0053050146,0.00031530857,0.0014687516,0.002915129,True
1995-04-17,103.66,31.7,4.914286,7.8857145,1.6857144,87.814285,1.1142857,0.9857143,1.0,9.385715,6.1857142,0.0014664978,0.0062025264,0.00057024613,0.003572002,0.0025024228,True
1995-04-24,103.69,3.2,12.714286,17.142857,6.942857,67.814285,2.942857,2.6285713,3.1571429,9.742857,12.1285715,0.00033526123,0.00741785,2.8366134e-05,0.0004424192,0.0,True
1995-05-01,103.72,15.299999,10.771429,15.557143,6.5285716,71.6,2.4428573,2.0142858,2.5,8.557143,14.257143,0.0003501773,0.008509234,-7.345365000000001e-25,1.8626451e-09,0.0,True
1995-05-08,103.75,0.7,13.914286,19.685715,6.414286,59.028572,3.485714,2.5285714,3.6714287,7.8285713,16.814285,4.3809414e-05,0.008342214,-7.345365000000001e-25,0.0,0.0,True
1995-05-15,103.76,64.100006,8.457143,12.228571,4.871429,77.77143,1.9571428,1.7857143,2.0428572,8.285714,11.685715,0.0041398555,0.0089462325,-7.345365000000001e-25,0.0,0.0,True
1995-05-22,103.74,6.9,10.885715,15.728572,5.7000003,66.22857,2.4857142,2.1571429,3.042857,8.914286,13.842857,0.0014156699,0.007845856,-7.345365000000001e-25,0.0,0.0,True
1995-05-29,103.85452117440263,3.9,18.585714,25.1,10.6,60.5,4.3428574,3.1428573,4.7571425,7.8428574,21.171429,7.2449446e-05,0.0075809583,-7.345365000000001e-25,3.7252903e-09,0.0,True
1995-06-05,103.85,73.5,14.300001,17.914286,10.528572,83.35714,2.1000001,1.957143,2.3999999,9.0,18.27143,0.005352646,0.0096526,-7.345365000000001e-25,3.7252903e-09,0.0,True
1995-06-12,103.89,86.8,12.885715,15.814286,10.1,83.814285,1.6999999,1.6285714,2.0,9.7,16.585714,0.0029291064,0.008324444,-7.345365000000001e-25,0.0,0.0,True
1995-06-19,103.98,19.099998,14.114286,18.37143,9.985715,78.41429,2.6285713,2.5142858,3.0285716,10.314285,16.585714,0.0030364692,0.014190935,-7.345365000000001e-25,7.450581e-09,0.0,True
1995-06-26,103.97,11.6,16.2,21.228573,11.757143,77.91429,3.0,2.7,3.0285716,9.428572,19.057142,0.00033929944,0.014795788,-7.345365000000001e-25,7.450581e-09,0.0,True
1995-07-03,104.13,18.099998,19.828571,25.37143,12.385714,63.214287,4.4428573,3.457143,4.928571,8.314285,23.071428,9.611249e-06,0.014059156,-7.345365000000001e-25,7.450581e-09,0.0,True
1995-07-10,104.17,0.2,20.928572,26.685715,13.757143,59.11429,4.4714284,2.942857,5.1285715,7.385714,24.085714,1.7002225e-05,0.012662716,-7.345365000000001e-25,3.7252903e-09,0.0,True
1995-07-17,104.17,6.2000003,21.985716,28.057144,16.985716,70.32857,3.8285713,2.2714286,4.5571427,6.5571427,25.642857,0.00028961897,0.01098337,-7.345365000000001e-25,1.1175871e-08,0.0,True
1995-07-24,104.2,31.5,20.957144,26.957144,15.157144,66.42857,3.8714287,2.5571427,4.585714,6.1714287,24.342857,0.0005556196,0.00953839,-7.345365000000001e-25,3.7252903e-09,0.0,True
1995-07-31,104.228102307489,0.1,22.042858,28.100002,14.357142,59.014286,4.642857,1.4142857,4.8714285,5.757143,24.557142,3.0845404e-06,0.008240029,-7.345365000000001e-25,0.0,0.0,True
1995-08-07,104.23,0.0,21.485716,27.642857,14.1,56.0,4.2000003,0.9,4.9,5.4428573,24.7,8.776784e-06,0.0070901513,-7.345365000000001e-25,3.7252903e-09,0.0,True
1995-08-14,104.25,26.4,20.557144,27.257143,13.257143,52.5,3.9714284,0.75714284,4.5,5.3,23.528572,0.000101581216,0.006087266,-7.345365000000001e-25,0.0,0.0,True
1995-08-21,104.24,24.7,19.885714,26.1,13.7,70.64286,3.1285713,1.1571429,3.457143,5.4714284,22.22857,6.020069e-05,0.005297601,-7.345365000000001e-25,5.5879354e-09,0.0,True
1995-08-28,104.27,27.7,18.314285,23.242859,14.785714,73.32857,2.6857145,1.1999999,3.1571429,5.571429,20.985714,0.0001975298,0.004638426,-7.345365000000001e-25,3.7252903e-09,0.0,True
1995-09-04,104.26,59.4,11.957144,15.214286,9.257143,83.814285,1.5714285,1.4142858,1.7857143,8.314285,13.785714,0.0071302503,0.0051491037,-7.345365000000001e-25,1.3038516e-08,0.0,True
1995-09-11,104.25,1.8,15.928573,21.457144,11.714286,71.78572,2.0714285,1.7285713,2.7857144,8.542857,17.1,8.639693e-05,0.0039064363,-7.345365000000001e-25,3.7252903e-09,0.0,True
1995-09-18,104.27,2.4,15.342857,20.300001,11.6285715,78.57143,1.5285715,1.2428571,2.0428572,7.9857144,17.585714,0.00012011826,0.0036787465,-7.345365000000001e-25,3.7252903e-09,0.0,True
1995-09-25,104.27,15.6,13.071428,17.5,9.985715,86.1,1.1571429,1.0142857,1.4,8.257143,14.414286,0.0018824786,0.0034902766,-7.345365000000001e-25,5.5879354e-09,0.0,True
1995-10-02,104.3,20.5,9.8714285,13.7,6.8857145,80.25715,1.0857143,1.0714285,1.5142857,9.328571,10.842857,0.00040778518,0.0033417195,-7.345365000000001e-25,7.450581e-09,0.0,True
1995-10-09,104.32,0.0,15.614286,20.77143,11.642858,81.57143,1.1285714,0.9428572,1.5285714,9.257143,15.757143,7.5250864e-06,0.0032291636,-7.345365000000001e-25,3.7252903e-09,0.0,True
1995-10-16,104.33,0.0,13.67143,17.528572,10.17143,85.542854,0.61428577,0.45714286,0.9857143,8.942857,14.485714,1.0713935e-05,0.003131114,-7.345365000000001e-25,3.7252903e-09,0.0,True
1995-10-23,104.34,0.9,9.585714,13.657143,5.871429,79.0,0.71428573,0.55714285,1.0714285,8.671429,10.5,2.7522445e-05,0.0030413345,-7.345365000000001e-25,5.5879354e-09,0.0,True
1995-10-30,104.33232766846564,12.9,10.314285,13.985716,7.042857,79.98572,0.7,0.5,1.1,8.528571,9.9,0.00018067658,0.0029486418,-7.345365000000001e-25,0.0,0.0,True
1995-11-06,104.34,39.2,2.957143,5.6285715,0.91428566,87.22858,0.4857143,0.4571429,0.5,9.3714285,4.5,0.0005453378,0.0028722435,0.0041445605,0.002434926,0.016951293,True
1995-11-13,104.31,5.5,3.8428571,6.2285714,1.5428572,87.957146,0.29999998,0.25714287,0.41428572,9.614285,3.4571428,0.0006453991,0.0028561354,0.004174193,0.014070626,2.2616237e-05,True
1995-11-20,104.3,33.9,3.8285716,6.585715,1.7285715,84.17143,0.4285714,0.3857143,0.59999996,9.885715,3.7857144,0.00030362606,0.0029781759,0.0029500553,0.0016357861,0.014719635,True
1995-11-27,104.27,0.0,-0.12857147,2.9,-2.5714285,83.685715,0.14285715,0.12857142,0.3857143,10.1,0.3857143,0.0001848638,0.0031994954,0.0086460225,0.008084469,1.5683472e-06,True
1995-12-04,104.27,0.6,-0.9714286,0.20000002,-2.1714287,90.48572,0.014285714,0.014285714,0.27142859,9.971429,-0.31428573,2.0004809e-05,0.0034833178,0.005097548,0.0006952863,0.002008427,True
1995-12-11,104.28,8.5,-1.9285715,-0.27142859,-4.4571433,88.6,0.028571429,0.028571429,0.31428573,10.057143,-1.0285715,7.3730946e-05,0.0037180781,0.00839037,0.001189407,0.006781932,True
1995-12-18,104.27,4.3999996,-1.6571429,-0.27142859,-3.1714287,88.8,0.014285714,0.014285714,0.3285714,10.114285,-0.62857145,7.505715e-05,0.0038658604,0.016767928,0.0014825873,0.0070093386,True
1995-12-25,104.31,23.2,0.85714287,4.414286,-1.9285715,89.41429,0.14285715,0.14285715,0.35714287,10.614285,-0.1,0.0022867322,0.004325308,0.013615517,0.026649345,0.014258087,True
1996-01-01,104.3,0.0,-5.5,-2.8142858,-7.542857,77.12858,0.0,0.0,0.4,10.45,-2.4166667,6.2584877e-07,0.00489185,0.0056944406,0.0,0.0011077821,True
1996-01-08,104.29,0.8,-3.542857,-1.8428571,-6.0285716,84.27143,0.042857144,0.028571429,0.41428572,10.242857,-3.142857,7.582456e-05,0.005618587,0.0062880404,0.00068037026,0.0014221817,True
1996-01-15,104.3,0.0,1.3857143,4.4857144,-0.7714286,85.91429,0.14285715,0.114285715,0.32857147,10.171429,-0.4,9.153783e-05,0.005897261,0.003750784,0.0041738935,9.0524554e-07,True
1996-01-22,104.31,0.0,-5.085714,-1.6857144,-7.114286,87.22858,0.0,0.0,0.18571427,10.1,-3.2,2.2500753e-06,0.0059605837,0.0018298058,0.000101305544,0.0003554523,True
1996-01-29,104.30939407912284,1.2,-8.485715,-6.2428575,-10.914286,77.057144,0.0,0.0,0.41428572,10.1,-6.785714,2.9802322e-07,0.005949147,0.003111317,0.0,0.0037406012,True
1996-02-05,104.32,3.0,-5.085714,-1.3000001,-8.271429,81.12858,0.014285714,0.0,0.42857143,10.1,-3.7714286,1.0803342e-06,0.005904801,0.005900264,3.853813e-06,0.0052208267,True
1996-02-12,104.31,0.0,-7.2571425,-2.8428574,-11.285714,73.557144,0.15714286,0.12857142,0.5857143,10.085714,-4.757143,4.1380525e-05,0.005829029,0.009086081,0.0018656813,0.0020448081,True
1996-02-19,104.28,21.6,0.67142856,2.8428574,-1.3428572,85.02857,0.4857143,0.47142854,0.6857143,10.357142,-3.9650823999999995e-18,0.0009208247,0.00572592,0.011633123,0.014650442,0.016192269,True
1996-02-26,104.27,1.1,-2.4285715,0.7,-5.5,76.58571,0.40000004,0.35714287,0.8,10.328571,-0.1,0.0001238212,0.005663663,0.010350488,0.0051920917,0.005094167,True
1996-03-04,104.25,2.3,-0.6714287,2.9428573,-2.857143,79.90001,0.45714286,0.41428572,0.8,9.942857,0.17142858,8.991361e-05,0.0056499615,0.007179913,0.0035943836,0.0115569085,True
1996-03-11,104.22,0.6,-1.3428572,1.957143,-4.5142856,76.0,0.71428573,0.59999996,1.0142857,9.8,-0.042857144,7.3477626e-05,0.0056507587,0.0123515865,0.0032500643,0.005213555,True
1996-03-18,104.21,0.2,-0.64285713,1.5428573,-3.1000001,85.557144,0.45714283,0.34285715,0.71428573,9.614285,-0.057142857,0.000263609,0.0056360587,0.008936888,0.011873497,0.0039207563,True
1996-03-25,104.2,10.1,4.057143,9.085714,0.15714286,80.72858,1.0285715,0.8571429,1.2714285,9.385715,3.2,0.00020433962,0.005590588,0.00038761753,0.0016127247,1.1511147e-06,True
1996-04-01,104.2,11.0,1.0,4.9428573,-2.142857,73.557144,1.3285714,1.1428572,1.4285715,9.4,2.6714287,0.00017820299,0.0055413917,0.0016124872,0.0026774257,0.007893335,True
1996-04-08,104.21,6.0,4.4857144,8.214286,0.0,81.614296,1.2714285,1.057143,1.2857143,9.271428,4.885714,0.00029727817,0.005504638,0.004720126,0.013126776,0.008910827,True
1996-04-15,104.25,7.5,4.6,9.242857,0.17142859,73.457146,1.5857143,1.3428571,1.6428572,9.071428,6.5857143,0.00020776689,0.00545533,0.0021852027,0.006828081,0.00892872,True
1996-04-22,104.26,0.0,14.400001,21.442858,5.2000003,43.17143,3.8428574,2.6857145,4.2285714,8.1,13.885715,3.0092895e-05,0.0053591803,0.00024263632,0.0015276037,0.0,True
1996-04-29,104.24756083265652,9.5,13.7,19.457144,8.757143,64.185715,2.9285715,1.9142857,3.2428572,7.071429,15.642858,0.000117242336,0.0052189603,-7.345365000000001e-25,3.7252903e-08,0.0,False
1996-05-06,104.3,20.199999,10.457143,15.528572,6.057143,76.18572,2.2857144,1.5857143,2.1571429,7.1,13.771428,0.0010704547,0.0050515905,-7.345365000000001e-25,0.0,0.0,True
1996-05-13,104.3,10.0,8.314286,10.271429,6.1,90.957146,1.1285714,0.9571429,1.1,7.7,10.714286,0.00026158988,0.0048972666,-7.345365000000001e-25,0.0,0.0,True
1996-05-20,104.31,35.699997,12.7,16.7,9.228571,84.200005,2.1285713,1.9,2.142857,8.171429,15.471429,0.002528876,0.004778929,-7.345365000000001e-25,7.450581e-09,0.0,True
1996-05-27,104.34,13.1,13.214286,17.671429,8.957143,74.85714,2.7428572,2.542857,2.9142857,8.414286,15.257143,0.00041157752,0.004661113,-7.345365000000001e-25,3.7252903e-09,0.0,True
1996-06-03,104.35,9.0,15.085715,19.87143,9.985715,72.700005,3.157143,2.6000001,3.2857144,8.3714285,17.842857,0.0021276325,0.0045523494,-7.345365000000001e-25,0.0,0.0,True
1996-06-10,104.38,3.0,21.142857,26.9,14.2,65.57143,4.371429,3.3142858,5.057143,7.7,23.62857,0.00054207444,0.0044547915,-7.345365000000001e-25,3.7252903e-09,0.0,True
1996-06-17,104.39,2.2,16.757143,22.02857,10.985715,67.27143,3.9714284,2.614286,4.071429,6.5285716,21.72857,0.00011855364,0.004323773,-7.345365000000001e-25,0.0,0.0,True
1996-06-24,104.37,12.400001,12.557143,15.928572,10.185715,77.6,2.4,1.5,2.2571428,5.9428573,16.471428,0.00017401576,0.004181087,-7.345365000000001e-25,3.7252903e-09,0.0,True
1996-07-01,104.39,9.4,14.657144,19.457144,10.428572,75.02857,2.7285714,1.6999999,3.0142858,5.9714284,17.5,0.00015844405,0.004041016,-7.345365000000001e-25,1.1175871e-08,0.0,True
1996-07-08,104.36,45.5,15.885715,21.014286,11.414286,75.38572,3.0571427,2.357143,3.2285714,6.5142856,18.485714,0.010545671,0.00681898,-7.345365000000001e-25,1.1175871e-08,0.0,True
1996-07-15,104.35,15.2,16.37143,19.828571,12.657144,79.057144,2.7999997,2.6,2.8428571,8.757143,18.342857,0.0013607144,0.0043260828,-7.345365000000001e-25,3.7252903e-09,0.0,True
1996-07-22,104.38,0.8,14.6285715,19.557144,8.714286,65.51429,3.2,2.542857,3.457143,7.6714287,19.6,2.8833747e-05,0.0042306334,-7.345365000000001e-25,0.0,0.0,True
1996-07-29,104.404810735435,18.7,17.87143,22.800001,12.971429,75.542854,2.957143,2.5142858,3.1714287,7.8714285,20.9,0.0013545454,0.004261054,-7.345365000000001e-25,7.450581e-09,0.0,False
1996-08-05,104.38,5.7,17.9,22.557144,13.114286,72.200005,2.8000004,2.242857,3.1857142,7.5857143,21.585714,6.876886e-05,0.0041817576,-7.345365000000001e-25,0.0,0.0,True
1996-08-12,104.35,26.2,18.457144,23.671429,13.471429,70.97143,3.0142856,2.2,3.357143,6.9714284,21.385714,0.00022900105,0.0040660724,-7.345365000000001e-25,1.8626451e-09,0.0,True
1996-08-19,104.37,17.9,17.014286,21.728573,13.3,83.6,2.142857,1.857143,2.3714287,7.6285715,19.557142,0.00022138655,0.003947057,-7.345365000000001e-25,0.0,0.0,True
1996-08-26,104.38,15.5,19.428572,26.357143,13.857142,69.65714,3.0285714,2.2285714,3.542857,7.114286,21.7,0.0004387796,0.0038064942,-7.345365000000001e-25,0.0,0.0,True
1996-09-02,104.35,5.8999996,15.214286,19.885715,11.242858,76.72858,1.7142857,1.3999999,2.2857144,7.357143,17.685715,0.0024265647,0.0036843196,-7.345365000000001e-25,5.5879354e-09,0.0,True
1996-09-09,104.35,21.7,12.0,16.585714,8.685715,81.77143,1.6000001,1.3571428,1.8142856,7.3142858,14.828571,0.00044761598,0.0035903826,-7.345365000000001e-25,7.450581e-09,0.0,True
1996-09-16,104.32,10.400001,10.271429,14.0,7.5285716,84.61428,1.1999999,1.0714285,1.3571428,7.757143,12.257143,0.00035384297,0.003534034,-7.345365000000001e-25,3.7252903e-09,0.0,True
1996-09-23,104.29,3.8,8.742857,11.771429,6.3285713,86.15715,1.0,0.81428576,1.2142857,7.757143,10.971429,0.00012233853,0.003520012,-7.345365000000001e-25,5.5879354e-09,0.0,True
1996-09-30,104.30392694206488,14.8,11.014287,14.1285715,8.028571,87.814285,0.78571427,0.6857143,1.1428572,7.757143,11.428572,0.00032249093,0.0035524443,-7.345365000000001e-25,7.450581e-09,0.0,True
1996-10-07,104.32,6.3,11.142858,15.3714285,8.314286,83.685715,0.88571423,0.8,1.2285715,7.9857144,11.957143,0.00021316111,0.0036288425,-7.345365000000001e-25,3.7252903e-09,0.0,True
1996-10-14,104.28,1.1,10.942857,15.200002,7.9000006,85.37144,0.74285716,0.5857143,1.0571429,7.857143,11.757143,6.2420964e-05,0.0037204698,-7.345365000000001e-25,3.7252903e-09,0.0,True
1996-10-21,104.26,26.6,10.657143,13.885715,7.8,89.71429,0.55714285,0.4714286,0.7714286,8.3,10.9,0.00048600137,0.0037973523,-7.345365000000001e-25,3.7252903e-09,0.0,True
1996-10-28,104.25,2.3,8.028571,11.6285715,4.4,83.9,0.61428577,0.54285717,0.82857144,8.6285715,7.785714,0.00020949543,0.0039884597,-7.345365000000001e-25,7.450581e-09,0.0,True
1996-11-04,104.21,5.5,10.414286,12.928572,7.9000006,76.957146,0.9142857,0.88571423,1.4285715,8.914286,9.1,0.0001566112,0.004266277,-7.345365000000001e-25,5.5879354e-09,0.0,True
1996-11-11,104.2,10.0,8.071428,11.385714,5.085715,77.87144,0.71428573,0.6714286,1.1999999,9.057143,7.071429,0.00019679964,0.004455887,-7.345365000000001e-25,3.7252903e-09,0.0,True
1996-11-18,104.19,9.9,5.2571435,7.228572,3.5285716,92.72858,0.22857144,0.21428573,0.44285718,9.142858,5.357143,0.00024288893,0.004618861,4.464104e-05,0.00016538985,0.00018177927,True
1996-11-25,104.18,0.1,1.7142857,4.285714,-0.29999998,78.14286,0.3857143,0.34285712,0.8,9.271428,1.9428571,2.861023e-05,0.0048119873,0.0004170168,9.518862e-05,0.0025195815,True
1996-12-02,104.17,8.2,0.9142857,2.2714286,-0.82857144,89.48572,0.22857143,0.22857143,0.42857143,9.542857,0.4857143,0.00023686141,0.0049421787,0.007763284,0.0059130453,0.012769297,True
1996-12-09,104.16,0.0,1.0428572,3.5428574,-0.37142855,82.14286,0.21428573,0.20000002,0.4714286,9.8,0.8142857,0.0001399666,0.0050423667,0.005049995,0.0050083026,0.0001954697,True
1996-12-16,104.16,6.9,0.18571429,2.5285716,-2.6714287,87.957146,0.11428572,0.11428572,0.3285714,9.7,-0.071428575,0.00018382818,0.0051987544,0.0057988847,0.004443478,0.0076183304,True
1996-12-23,104.14,19.1,-4.3,-1.1285714,-7.1857147,89.67143,0.057142857,0.057142857,0.21428572,9.985714,-0.85714287,0.00019677728,0.005338192,0.012689618,0.0037708376,0.015044697,True
1996-12-30,104.10399401201602,0.0,-11.785714,-8.157144,-15.800001,83.65714,0.0,0.0,0.12857142,9.942857,-3.6714287,0.0,0.0055597946,0.018064901,0.0,0.0013624616,True
1997-01-06,104.13,1.3,-10.285714,-8.471429,-13.314286,89.01428,0.0,0.0,0.18571427,9.8,-4.3,3.7252903e-08,0.0056799576,0.020099726,0.0,0.0048800185,True
1997-01-13,104.1,0.0,-5.0,-3.0714285,-7.1285715,89.71429,0.014285714,0.0,0.21428572,9.9,-2.3,2.3245811e-06,0.0056870654,0.023449387,0.00012428872,0.0014033504,True
1997-01-20,104.08,5.0,-2.7142856,1.3000001,-5.5428576,85.67143,0.14285716,0.08571429,0.21428572,9.828571,-1.1285714,0.00017631054,0.0056531653,0.022213487,0.006399585,0.002354715,True
1997-01-27,104.06,3.5,0.61428577,2.642857,-1.0142858,82.94286,0.2857143,0.24285714,0.5285714,9.785714,-0.25714287,0.00033923984,0.0056006163,0.014603672,0.0107303485,0.00039573386,True
1997-02-03,104.06,2.8,-0.38571432,1.6428572,-2.7000003,84.457146,0.25714287,0.22857143,0.37142858,9.7,-0.45714286,0.00015785545,0.0056010783,0.009295753,0.005081976,0.0047060363,True
1997-02-10,104.05,6.2000003,4.471429,7.6714287,1.2285715,76.12858,0.7428571,0.64285713,0.95714283,9.671429,0.64285713,0.00035905093,0.005693838,0.004840374,0.009792501,0.0017798953,True
1997-02-17,104.04,17.9,3.3,6.7428575,0.55714285,75.98572,0.9285714,0.9142857,1.1142857,9.8714285,1.8714286,0.0005259216,0.0060559437,0.0009983097,0.0012105815,0.0036900677,True
1997-02-24,104.02,11.599999,6.6,9.828572,2.7714288,74.88572,1.2571429,1.1571429,1.3714286,9.957143,3.7142856,0.00042171776,0.006871581,0.0006313608,0.0031523611,0.000618916,True
1997-03-03,104.03,9.4,8.414286,13.1285715,4.714286,66.942856,1.7285713,1.6,1.9428571,9.928572,7.0571427,0.00026252866,0.007586308,1.5894572e-07,2.5890768e-06,5.029142e-07,True
1997-03-10,104.03,1.1,6.4857144,12.557143,1.1142857,73.62858,1.0857143,0.84285706,1.1571429,9.428572,6.742857,1.1205673e-05,0.007852159,-7.345365000000001e-25,0.0,0.0,True
1997-03-17,104.03,12.2,6.1,10.157143,3.7000003,81.92857,0.9714287,0.8571429,1.1571429,9.157143,7.0142856,0.00019536912,0.0077754483,0.0010979687,0.0005010441,0.008579865,True
1997-03-24,104.1,12.1,1.2714285,4.214286,-1.8857144,77.24286,0.95714283,0.84285706,1.0714285,9.7,3.1714287,0.00044487417,0.0076494142,0.0047718342,0.009692028,0.005463749,True
1997-03-31,104.09413665770904,8.0,6.1,10.171428,2.4714284,73.97143,1.8428571,1.6571429,1.7571429,9.385715,6.7,0.00027406216,0.0075435415,0.00086342153,0.0046481527,0.0016619638,True
1997-04-07,104.13,18.4,5.3857145,10.814286,0.7714286,72.41429,1.9714286,1.7285715,1.8571428,9.314285,7.3714285,0.00040782988,0.007408589,0.00088212034,0.004894713,0.0061616413,True
1997-04-14,104.14,9.9,5.4000006,9.157143,0.88571423,66.42857,1.9,1.6285714,1.8571428,9.028571,7.1285715,0.000229761,0.007277973,0.00040540242,0.001876181,0.0007330589,True
1997-04-21,104.16,10.3,3.6000001,7.6,-0.4714286,68.97143,1.7714285,1.4857142,1.6999999,8.485714,6.3142858,0.00026251376,0.007153943,0.0014903942,0.005773928,0.0062369686,True
1997-04-28,104.16,7.8999996,8.885715,13.142858,3.642857,66.11428,2.5571427,1.9714288,2.5,7.9428573,10.771428,0.00018063188,0.0069865733,2.8706732e-05,0.00017709658,3.645569e-05,True
1997-05-05,104.16,17.1,12.900001,17.742857,8.642858,75.814285,2.5285714,2.1142857,2.642857,8.171429,14.1,0.00018818676,0.006785445,-7.345365000000001e-25,3.7252903e-09,0.0,True
1997-05-12,104.17,20.0,12.414286,17.985714,6.1285715,63.728577,3.3142855,2.6857142,3.557143,7.3714285,14.442857,0.00013254583,0.006506644,-7.345365000000001e-25,3.7252903e-09,0.0,True
1997-05-19,104.18,0.1,20.057144,25.37143,13.900001,68.5,3.9857142,2.5142856,4.2714286,6.428571,22.142857,0.00014439225,0.006141916,-7.345365000000001e-25,3.7252903e-09,0.0,True
1997-05-26,104.19,33.6,11.471429,16.942858,7.6857142,77.78571,2.5714285,1.9999999,2.6857142,6.457143,16.5,0.0002926141,0.005743973,-7.345365000000001e-25,0.0,0.0,True
1997-06-02,104.18,14.0,10.642858,15.085715,6.1,73.9,2.7714286,2.0714285,2.7142856,6.428571,14.385715,0.00031532347,0.00538826,-7.345365000000001e-25,3.7252903e-09,0.0,True
1997-06-09,104.17,0.1,17.985714,23.314287,10.528571,58.414288,4.3999996,1.9714285,4.6714287,5.714286,20.757143,1.35451555e-05,0.0050173476,-7.345365000000001e-25,3.7252903e-09,0.0,True
1997-06-16,104.15,17.400002,18.6,24.17143,13.271429,67.52857,4.0285716,2.0428572,4.1571426,5.457143,22.428572,0.00017726421,0.004599832,-7.345365000000001e-25,1.1175871e-08,0.0,True
1997-06-23,104.14,15.7,14.414286,18.985716,9.771429,73.88572,2.8857143,2.1714284,2.9714284,5.757143,18.057142,0.00026126206,0.0042448044,-7.345365000000001e-25,3.7252903e-09,0.0,True
1997-06-30,104.1497151016376,15.700001,18.27143,23.014286,13.228572,71.828575,3.6285713,2.8,3.8285713,6.0,20.257143,0.00021773577,0.003942758,-7.345365000000001e-25,7.450581e-09,0.0,True
1997-07-07,104.09,16.1,17.685715,22.514286,12.685715,73.14286,3.3428571,2.2428572,3.5714285,5.6,20.885714,0.0001449585,0.003655322,-7.345365000000001e-25,1.1175871e-08,0.0,True
1997-07-14,104.1,0.1,19.214285,24.557144,12.271429,61.228573,3.8857143,1.8142856,4.4,4.928571,22.642857,1.5303493e-05,0.0033944398,-7.345365000000001e-25,0.0,0.0,True
1997-07-21,104.1,81.1,16.828571,20.757143,14.428572,87.72858,2.2714286,1.7285715,2.142857,6.6571426,20.171429,0.002825439,0.0034217834,-7.345365000000001e-25,7.450581e-09,0.0,True
1997-07-28,104.09,31.8,18.528574,24.157145,14.1,76.07143,3.3285713,2.9857142,3.6000001,8.4,22.328571,0.000116199255,0.0030363277,-7.345365000000001e-25,7.450581e-09,0.0,True
1997-08-04,104.16,12.2,18.142859,23.628572,12.099999,71.38572,2.8999999,2.4428573,3.3999999,8.171429,21.642857,0.00014078617,0.002943717,-7.345365000000001e-25,0.0,0.0,True
1997-08-11,104.17,1.1,20.800001,26.414288,13.871429,65.87143,3.6428568,2.6571429,4.285714,7.4,23.62857,4.595518e-05,0.0028416142,-7.345365000000001e-25,3.7252903e-09,0.0,True
1997-08-18,104.19,0.1,21.37143,27.52857,14.742858,61.84286,3.6999996,1.9285715,4.157143,6.3142858,24.22857,6.928295e-05,0.002704896,-7.345365000000001e-25,3.7252903e-09,0.0,True
1997-08-25,104.18,0.5,22.414288,28.757143,16.442858,64.42857,3.485714,1.1142857,3.8714287,5.714286,24.342857,6.4618886e-05,0.0025675893,-7.345365000000001e-25,3.7252903e-09,0.0,True
1997-09-01,104.16,15.1,19.585714,25.685715,14.471429,70.957146,2.7714288,1.5,3.3,6.4714284,21.742857,0.0002991855,0.0024229959,-7.345365000000001e-25,5.5879354e-09,0.0,True
1997-09-08,104.13,4.5,18.314287,22.657145,14.528572,77.1,1.9428571,1.4714285,2.4285715,6.5571427,20.87143,0.00010852516,0.0023067296,-7.345365000000001e-25,7.450581e-09,0.0,True
1997-09-15,104.11,13.1,13.314286,19.085714,8.771429,69.64286,2.0,1.4857142,2.6000001,6.5571427,15.671429,0.00018552691,0.0021974146,-7.345365000000001e-25,3.7252903e-09,0.0,True
1997-09-22,104.09,0.0,12.328572,18.742859,5.7571425,68.71429,1.7142857,1.1,2.1857142,6.457143,15.3,5.379319e-06,0.0020914897,-7.345365000000001e-25,0.0,0.0,True
1997-09-29,104.13,0.9,12.214286,18.67143,5.8857145,72.21429,1.3571428,0.67142856,1.7571429,6.1571426,14.6,7.1525574e-06,0.001996383,-7.345365000000001e-25,1.8626451e-09,0.0,True
1997-10-06,104.11,10.7,12.5,16.357143,8.942858,78.15715,1.2285715,0.88571435,1.6571429,6.1,13.085714,7.772446e-05,0.0019107684,-7.345365000000001e-25,1.0244548e-08,0.0,True
1997-10-13,104.11,28.6,12.957144,16.685715,10.428572,78.5,1.2714287,1.0571429,1.7857143,6.3714285,13.214286,0.00028546154,0.0018307716,-7.345365000000001e-25,1.1175871e-08,0.0,True
1997-10-20,104.09,8.0,6.642857,11.328572,2.7857144,82.24286,0.71428573,0.61428565,0.9285714,6.9428573,7.885714,0.0002097711,0.0017673969,-7.345365000000001e-25,1.8626451e-09,0.0,True
1997-10-27,104.11,5.9999995,2.3714287,6.7714286,-0.82857144,77.0,0.58571434,0.50000006,0.7428571,6.8,4.257143,0.00012278557,0.0017154515,0.00045551005,0.00052942336,0.002361875,True
1997-11-03,104.05,0.5,1.3285714,5.1,-2.2857144,82.38572,0.4571429,0.35714287,0.5142857,6.8285713,2.442857,4.2885542e-05,0.0016752556,0.0013119777,0.001890365,0.0003691502,True
1997-11-10,104.05,5.1,7.2000003,10.885715,3.4857144,75.38572,0.6,0.4857143,1.1999999,6.8142858,5.542857,7.119775e-05,0.0016409084,9.6270014e-05,0.0002913624,0.0,True
1997-11-17,104.02,23.3,5.1857142,7.9857144,3.0,87.28571,0.3,0.21428572,0.4714286,7.042857,5.142857,0.00012774765,0.0016108453,2.1003541e-07,1.0747463e-06,0.0,True
1997-11-24,104.01,4.7,-0.028571418,2.057143,-2.0857143,84.814285,0.20000002,0.14285716,0.41428572,7.5,0.6,1.2263656e-05,0.0015859082,0.0005103236,0.00028217956,0.0013456158,True
1997-12-01,104.01,2.1999998,2.9857142,5.042857,1.3571428,90.82857,0.17142858,0.12857144,0.37142858,7.5857143,1.7857143,5.2265823e-05,0.001565665,0.00066518784,0.0010912437,0.001329951,True
1997-12-08,103.97,26.6,1.2857143,2.2857144,-1.70299e-08,90.38572,0.12857144,0.11428572,0.31428573,8.028571,0.78571427,0.00037175417,0.0015486032,0.009162511,0.0141438,0.018615875,True
1997-12-15,103.93,22.0,4.3142858,7.3,2.2285714,85.557144,0.3285714,0.29999998,0.5285714,9.157143,3.557143,0.0010227114,0.0015478134,0.0016970237,0.006458588,0.0035180375,True
1997-12-22,103.92,3.8,-2.6857142,-0.7428571,-5.2428575,83.61428,0.014285714,0.014285714,0.40000004,9.285714,-1.6571429,0.000182271,0.0016587749,0.0021201542,0.0012289956,1.628697e-05,True
1997-12-29,103.94507351441712,6.5,5.114286,7.2714286,3.0,82.5,0.4285714,0.4285714,0.7,9.485714,1.5714285,0.00012499094,0.0018369406,0.00030762242,0.0012232773,6.585196e-05,False
1998-01-05,103.93,4.1,5.514286,8.157144,2.5714285,70.957146,0.3,0.25,1.0714285,9.5,1.25,6.851554e-05,0.0020273551,1.820496e-05,4.9415976e-05,0.0,True
1998-01-12,103.92,8.1,6.6,10.357142,3.757143,76.24286,0.7285715,0.7142858,0.9857143,10.1,4.7,0.00023509562,0.0022004172,0.00012601557,0.000901103,0.0008912645,True
1998-01-19,103.92,9.2,3.9714286,6.7999997,1.1571429,77.42857,0.5714286,0.55714285,0.7285714,10.071428,2.5285714,0.00032702088,0.0023845136,0.00015759468,0.0008331146,0.0022147782,True
1998-01-26,103.9,8.9,-2.1285713,-0.0285714,-3.7428572,89.557144,0.114285715,0.114285715,0.34285715,10.2,0.37142858,3.514439e-05,0.0025974214,0.009528694,0.0008212626,0.013697717,True
1998-02-02,103.88,7.1,-5.2571425,-1.8285714,-9.542857,78.87144,0.028571429,0.028571429,0.37142855,10.3,-1.2142857,1.475215e-06,0.0028302222,0.018009327,6.22496e-05,0.008769192,True
1998-02-09,103.88,0.9,1.5142857,4.1714287,-2.2857144,72.41429,0.5285715,0.5,0.8,10.142858,-0.071428575,0.00026662648,0.0030085668,0.01778724,0.012652552,0.002597332,True
1998-02-16,103.87,5.8,9.842857,12.67143,6.8428574,66.98572,1.1428573,1.0142857,1.7714285,9.742857,5.785714,0.00026779622,0.0031645596,0.0021086591,0.009050336,0.0,True
1998-02-23,103.85,5.7,5.9428573,10.17143,2.8285716,77.25714,0.98571426,0.9,1.0714285,9.471429,5.785714,0.000355646,0.0033944994,1.2017432e-05,4.049018e-05,4.1738153e-05,True
1998-03-02,103.85,16.199999,6.285714,8.585714,3.7142856,81.41429,0.85714287,0.82857144,1.0428572,9.428572,5.6714287,0.0003017038,0.0036910921,3.496238e-05,0.00017311797,0.00027230754,True
1998-03-09,103.84,32.5,6.3857145,10.642858,3.1285717,74.0,1.5428573,1.5142858,1.7571429,10.028571,6.114286,0.0010063499,0.0046082735,0.0005845456,0.0018901378,0.0049547777,True
1998-03-16,103.83,23.199999,1.6571429,4.471429,-1.3000001,76.41429,0.95714283,0.9285714,1.1428572,10.142858,2.9285715,0.00041162968,0.005280718,0.0036137104,0.0052693337,0.00412412,True
1998-03-23,103.86,13.0,3.1285713,6.057143,1.0857143,73.957146,1.2714287,1.2142857,1.3571428,10.314285,4.9142857,0.0008954108,0.007851154,0.001127788,0.002373239,0.003643997,True
1998-03-30,103.85373597133656,0.2,6.2571425,10.928572,1.1857141,63.085716,1.7142857,1.4,2.0142858,9.585714,7.3714285,7.869303e-05,0.008723751,0.0006019785,0.0017329492,4.3213367e-07,True
1998-04-06,103.86,2.8,11.742858,16.357143,7.4000006,70.3,1.9000002,1.5857143,2.3428571,9.157143,11.742857,0.00017292798,0.0088572875,4.3710074e-07,4.760921e-06,0.0,True
1998-04-13,103.88,23.3,7.7428575,11.928572,4.042857,74.8,1.6714286,1.5714285,1.8714286,9.1,9.1285715,0.00017260015,0.00864023,-7.345365000000001e-25,3.7252903e-09,0.0,True
1998-04-20,103.87,0.3,7.557143,11.857142,2.9285715,70.057144,1.7571429,1.542857,2.0428572,8.757143,9.1,4.5105815e-05,0.008306116,-7.345365000000001e-25,0.0,0.0,True
1998-04-27,103.89,6.2,13.942858,18.928572,7.7571435,67.071434,2.7428572,2.2142856,3.1285713,8.242857,14.828571,0.00012235343,0.007885493,-7.345365000000001e-25,3.7252903e-09,0.0,True
1998-05-04,103.89,8.9,13.971429,18.885714,9.928572,71.4,2.642857,2.1,2.9285715,7.3285713,16.528572,0.00012260675,0.0073572323,-7.345365000000001e-25,3.7252903e-09,0.0,True
1998-05-11,103.88,0.70000005,16.47143,21.742857,9.571428,60.7,3.2857144,2.0714285,3.7571428,6.7285714,17.1,1.1533499e-05,0.00680808,-7.345365000000001e-25,0.0,0.0,True
1998-05-18,103.85,0.8,14.985715,21.357143,7.957143,59.857143,3.5285714,1.1285714,3.7857144,5.9857144,19.014286,1.911819e-05,0.0061607584,-7.345365000000001e-25,3.7252903e-09,0.0,True
1998-05-25,103.83,12.6,11.914286,16.357143,7.585715,70.41429,2.7000003,0.9142857,2.7142856,5.7285714,15.8,6.9737434e-05,0.005567014,-7.345365000000001e-25,0.0,0.0,True
1998-06-01,103.81,2.3000002,17.942858,23.757143,12.357142,69.557144,3.7285714,1.6428572,3.9714284,5.6714287,20.485714,8.696318e-05,0.005026102,-7.345365000000001e-25,7.450581e-09,0.0,True
1998-06-08,103.79,13.2,20.742859,26.34286,14.528572,63.914288,4.357143,2.614286,4.928571,5.757143,23.257143,0.00011514127,0.0044904053,-7.345365000000001e-25,3.7252903e-09,0.0,True
1998-06-15,103.78,37.3,15.542857,20.228573,10.357142,71.200005,2.957143,2.0571427,3.0857143,6.4142857,19.1,0.00038717687,0.004020013,-7.345365000000001e-25,3.7252903e-09,0.0,True
1998-06-22,103.76,17.8,17.0,21.414288,12.428572,75.17143,3.4142857,2.4285715,3.5,6.785714,19.857143,0.00015461445,0.003666751,-7.345365000000001e-25,1.1175871e-08,0.0,True
1998-06-29,103.77454883654852,10.6,18.328571,22.199999,14.342857,73.75714,3.357143,2.6285713,3.5714285,6.5142856,22.014286,0.0007298291,0.003366679,-7.345365000000001e-25,3.7252903e-09,0.0,True
1998-07-06,103.75,15.599999,15.557143,19.7,12.285714,77.77143,2.7857144,2.1,2.9285715,5.9857144,18.814285,0.00019931793,0.0031130835,-7.345365000000001e-25,1.4901161e-08,0.0,True
1998-07-13,103.72,19.5,15.057143,19.128572,12.0,78.24286,2.5,2.2714286,2.6285713,6.285714,16.928572,0.0003389418,0.002921909,-7.345365000000001e-25,7.450581e-09,0.0,True
1998-07-20,103.71,6.1,18.214285,23.414286,12.014287,64.04286,3.7428572,2.5714283,4.2285714,5.9,20.485714,7.970631e-05,0.0027472079,-7.345365000000001e-25,3.7252903e-09,0.0,True
1998-07-27,103.71,39.4,20.742859,26.742857,15.428572,69.88572,3.914286,2.2857141,4.328572,5.1571426,24.2,0.000799641,0.0025739893,-7.345365000000001e-25,3.7252903e-09,0.0,True
1998-08-03,103.71,44.9,18.257143,22.942858,13.857142,70.65715,3.2142854,2.2571428,3.642857,5.3142858,21.171429,0.00020840764,0.002428539,-7.345365000000001e-25,5.5879354e-09,0.0,True
1998-08-10,103.7,0.0,19.47143,25.34286,13.028572,62.157143,3.6142852,1.457143,4.285714,4.8285713,22.071428,4.835427e-06,0.002292335,-7.345365000000001e-25,3.7252903e-09,0.0,True
1998-08-17,103.69,25.099998,20.0,26.742859,13.542857,66.47143,3.5857146,1.0857142,4.057143,4.4,22.6,2.3141503e-05,0.0021449625,-7.345365000000001e-25,3.7252903e-09,0.0,True
1998-08-24,103.71,11.0,16.342857,21.857143,12.085714,68.62858,2.8999999,1.1571428,3.3,4.285714,19.457144,7.511675e-05,0.0020053461,-7.345365000000001e-25,7.450581e-09,0.0,True
1998-08-31,103.6764493108571,36.7,11.900001,15.27143,9.814286,83.77143,1.7285715,1.4857142,1.8714285,5.4142857,14.7,0.00041040778,0.0018982887,-7.345365000000001e-25,5.5879354e-09,0.0,True
1998-09-07,103.66,13.2,15.400001,19.4,11.585714,80.971436,1.7428571,1.4714285,2.1714284,5.8,17.27143,0.00023154914,0.0018093362,-7.345365000000001e-25,3.7252903e-09,0.0,True
1998-09-14,103.63,35.0,15.042857,18.542858,12.357142,81.12858,1.6000001,1.4285716,1.9857142,6.6571426,16.414286,0.0023091137,0.0017317757,-7.345365000000001e-25,7.450581e-09,0.0,True
1998-09-21,103.63,26.6,12.0,15.728572,8.5,82.74286,1.2428572,1.1714286,1.5285714,8.8,13.028571,0.003457591,0.0016917735,-7.345365000000001e-25,5.5879354e-09,0.0,True
1998-09-28,103.62,0.0,12.6,18.27143,7.5,82.75714,1.1142857,0.94285715,1.5571429,8.314285,14.657143,3.1024218e-05,0.0016771406,-7.345365000000001e-25,3.7252903e-09,0.0,True
1998-10-05,103.63,11.7,8.085714,11.0,6.2571425,87.957146,0.6428572,0.58571434,0.9857143,8.457143,10.642858,0.00016184151,0.0016649738,-7.345365000000001e-25,3.7252903e-09,0.0,True
1998-10-12,103.58,10.0,9.471429,11.214286,7.7571435,86.42857,0.6999999,0.71428573,1.0571429,8.942857,9.985714,0.00023535639,0.0016582981,-7.345365000000001e-25,7.450581e-09,0.0,True
1998-10-19,103.65,9.0,10.2,14.957144,5.8142858,78.44286,0.88571423,0.87142855,1.2857143,9.285714,10.185715,0.00010116398,0.0016623437,-7.345365000000001e-25,7.450581e-09,0.0,True
1998-10-26,103.66,16.6,10.342857,13.985715,6.8428574,75.57143,1.0714285,1.0285714,1.5285714,9.042857,9.171429,0.00039188564,0.0016756952,-7.345365000000001e-25,1.8626451e-09,0.0,True
1998-11-02,103.68,37.4,7.057143,9.914286,5.2000003,78.40001,1.0000001,1.0000001,1.4,10.7,6.857143,0.0045054704,0.0038376674,3.855569e-05,0.0002336353,0.0003516078,True
1998-11-09,103.71,14.9,5.6714287,8.585714,2.957143,81.5,0.61428565,0.61428565,0.8428572,10.728572,4.9142857,0.00055648386,0.0023123324,1.6995838e-05,0.00012404099,0.0,True
1998-11-16,103.76,12.1,3.4,6.071429,1.4428571,87.957146,0.32857147,0.32857147,0.4,10.528571,4.0,0.00036670268,0.0030678585,0.000949888,0.000739228,0.0046065785,True
1998-11-23,103.8,2.3999999,-3.3285713,-0.8714286,-5.014286,86.08572,0.057142857,0.057142857,0.2857143,10.357142,-0.1,9.611249e-07,0.0038492754,0.008809731,9.085983e-06,0.0071334764,True
1998-11-30,103.81688173968604,0.5,-0.41428572,0.88571435,-1.8142856,89.40001,0.042857144,0.042857144,0.3285714,10.271428,-0.6571429,5.0783157e-05,0.0043535978,0.009645774,0.002408322,0.0012175217,False
1998-12-07,103.83,4.2,-3.114286,-1.4142857,-4.5,85.97143,0.014285714,0.014285714,0.41428572,10.271428,-1.1285714,1.4305115e-06,0.004609801,0.011290266,5.0118193e-05,0.015208725,True
1998-12-14,103.86,11.2,-2.3,0.5857142,-6.3285713,81.02857,0.25714287,0.25714287,0.42857143,10.428572,0.15714286,0.0011276081,0.004708275,0.018625448,0.023394506,0.001992762,True
1998-12-21,103.87,5.5,4.6285715,7.7428575,2.2571428,77.11428,0.3857143,0.3857143,0.7285714,10.428572,2.6571429,0.00026489794,0.0051655546,0.00025368872,0.0014897361,0.0018845797,True
1998-12-28,103.88,1.8,4.357143,6.5285716,1.4285715,74.5,0.4142857,0.4142857,1.0,10.214286,1.6,0.00011484325,0.0059602335,0.0020497185,0.0038760453,0.0022286624,True
1999-01-04,103.9,5.0,2.0714285,4.7285714,-0.31428573,79.185715,0.2,0.2,0.5714286,10.133333,1.4333333,7.805228e-05,0.0063447356,4.4385593e-05,0.0003217347,0.0003610961,True
1999-01-11,103.91,9.8,4.8428574,7.928571,2.9142857,78.02857,0.45714286,0.44285712,0.7714286,10.185715,3.3857143,0.00017207861,0.0064347833,0.0007534765,0.0004563704,0.0029411204,True
1999-01-18,103.92,3.7,3.6285717,6.285714,0.7571429,72.1,0.5428571,0.50000006,1.0428572,10.314285,1.5714285,0.00030543655,0.006437212,0.0049526407,0.009409588,0.008358434,True
1999-01-25,103.93,2.2,3.6714287,7.442857,0.3571429,80.04286,0.37142855,0.34285715,0.54285717,10.085714,1.7428571,2.5063753e-05,0.0065023825,0.00029244876,0.0006774869,0.0,True
1999-02-01,103.95,12.2,-1.8999999,1.6,-5.1,81.88572,0.21428573,0.21428573,0.47142857,10.285714,0.98571426,0.0001859963,0.006541349,0.006908593,0.0008376986,0.01545731,True
1999-02-08,103.97,21.0,2.1571429,3.7428572,0.4714286,85.12858,0.59999996,0.59999996,0.67142856,10.571428,1.0571429,0.00084362924,0.0068063065,0.007219553,0.015443642,0.014625091,True
1999-02-15,103.99,1.6,-3.9,-0.65714294,-7.285714,77.98572,0.08571429,0.08571429,0.4714286,10.342857,-0.014285714,1.8402934e-06,0.007881358,0.015909927,7.908791e-05,0.008677192,True
1999-02-22,104.0,23.6,1.7571429,3.7857144,-0.07142858,84.54286,0.54285717,0.54285717,0.8142857,10.671429,0.4,0.0015512481,0.008420713,0.021634642,0.025667397,0.016475607,True
1999-03-01,104.02,10.1,3.8714287,6.4857144,0.71428573,76.15714,0.9142858,0.90000004,1.2285715,10.3714285,2.557143,0.00057449937,0.010136798,0.01084901,0.017891278,0.009606052,True
1999-03-08,104.05,7.6000004,6.0428576,9.314286,3.4857142,76.828575,0.9714285,0.9714285,1.2428571,10.385715,5.9,0.00047162175,0.012595393,7.829212e-05,0.0009082742,0.0,True
1999-03-15,104.08,9.3,3.542857,7.5142856,0.8142857,79.0,0.87142855,0.8285714,1.1571429,10.228572,4.1,0.00022514164,0.014061414,0.00036027885,0.0014142226,0.0014764667,True
1999-03-22,104.1,2.8000002,3.5,6.971429,0.32857147,77.200005,1.0285714,0.9714286,1.2142857,9.814285,4.4428573,0.00012616813,0.013860136,0.00037892093,0.001981113,0.0021529123,True
1999-03-29,104.15689584022893,0.70000005,8.214286,13.228572,3.8,78.200005,1.5142858,1.3714286,1.6142857,9.7,8.785714,0.00019542873,0.013270795,3.277688e-05,0.00019565225,1.0412186e-05,False
1999-04-05,104.18,0.1,10.7,16.742857,3.6857145,65.98572,2.042857,1.6428572,2.2,9.114285,11.5,1.566112e-05,0.012409285,-7.345365000000001e-25,5.2154064e-08,0.0,True
1999-04-12,104.2,8.3,10.314285,14.557143,7.085715,75.21429,1.7571428,1.5285712,2.0714285,8.742857,10.985714,9.9658966e-05,0.01141572,-7.345365000000001e-25,7.450581e-09,0.0,True
1999-04-19,104.23,23.900002,5.6142855,8.985715,2.5857143,73.814285,1.6,1.5142857,1.8428571,8.828571,7.5571427,0.00036402047,0.010400347,0.0009997459,0.005034577,0.0056503005,True
1999-04-26,104.26,6.0,10.842857,16.242857,4.4857144,70.12858,2.3142858,1.9714288,2.5285714,8.842857,12.7,0.00013323128,0.009458959,7.494291e-05,0.00051899627,0.0,True
1999-05-03,104.27,0.9,11.528572,15.885715,6.157143,70.24286,2.6285713,2.0285716,2.7428572,8.171429,15.328571,3.270805e-05,0.008611418,-7.345365000000001e-25,0.0,0.0,True
1999-05-10,104.27,21.599998,12.957143,17.557142,7.214286,60.44286,3.114286,2.3999999,3.542857,7.2285714,15.242857,0.0001500696,0.007746421,-7.345365000000001e-25,0.0,0.0,True
1999-05-17,104.26,23.4,11.857142,16.485714,8.228572,71.48572,2.642857,2.2857141,2.7428572,7.5571427,14.828571,0.00017104298,0.0069699883,-7.345365000000001e-25,3.7252903e-09,0.0,True
1999-05-24,104.25,13.5,15.471429,20.142857,9.042857,63.4,3.3571432,2.3857143,3.7714286,7.1857142,17.242857,0.0001789704,0.006252259,-7.345365000000001e-25,3.7252903e-09,0.0,True
1999-05-31,104.2394412457082,11.2,18.714285,24.614286,12.1285715,65.21429,4.1571426,2.3999999,4.457143,6.4857144,22.2,7.382035e-05,0.005613439,-7.345365000000001e-25,3.7252903e-09,0.0,True
1999-06-07,104.24,4.1,17.614286,21.985716,12.314286,66.9,3.557143,2.5714285,3.957143,6.5571427,20.757143,0.0002052933,0.005022481,-7.345365000000001e-25,3.7252903e-09,0.0,True
1999-06-14,104.23,12.7,14.885714,18.485716,10.485715,76.957146,2.3999999,1.8142856,2.4714284,6.614286,18.528572,0.00015161932,0.004556425,-7.345365000000001e-25,0.0,0.0,True
1999-06-21,104.22,50.5,16.0,20.457144,11.757143,74.84286,2.7714286,2.1714284,2.9428573,6.6285715,19.72857,0.0015419573,0.004168853,-7.345365000000001e-25,3.7252903e-09,0.0,True
1999-06-28,104.2,3.8,14.742858,19.557142,10.114286,73.17143,3.0285716,2.2,3.142857,6.5,18.685715,0.00014206767,0.003887646,-7.345365000000001e-25,0.0,0.0,True
1999-07-05,104.17,17.2,20.728573,26.685715,15.114286,69.17143,4.357143,2.6571426,4.585714,5.9714284,23.685715,0.00019195676,0.0036361963,-7.345365000000001e-25,1.1175871e-08,0.0,True
1999-07-12,104.17,53.9,19.557144,23.785715,15.7,76.78571,3.3999999,2.4857144,3.3285713,6.6,22.028572,0.00022917241,0.0034087896,-7.345365000000001e-25,3.7252903e-09,0.0,True
1999-07-19,104.17,30.300001,19.47143,24.585714,14.1,67.64286,3.971429,2.1571429,4.3,7.0142856,22.5,0.00016934425,0.0032062605,-7.345365000000001e-25,3.7252903e-09,0.0,True
1999-07-26,104.17,10.6,18.828571,23.071428,14.828572,71.17143,3.357143,1.8571427,3.7428572,6.0,21.971428,7.5906515e-05,0.0029972866,-7.345365000000001e-25,7.450581e-09,0.0,True
1999-08-02,104.17,0.0,19.800001,26.028574,11.285714,53.3,4.642857,1.4428571,4.857143,5.357143,23.157143,6.7800283e-07,0.0027957484,-7.345365000000001e-25,0.0,0.0,True
1999-08-09,104.17,0.0,21.4,27.614286,14.228572,58.628574,3.857143,0.90000004,4.285714,4.885714,23.571428,5.802512e-05,0.0025679916,-7.345365000000001e-25,7.450581e-09,0.0,True
1999-08-16,104.15,15.1,16.757143,21.100002,12.785714,69.042854,2.757143,1.2714287,3.0714285,5.0857143,19.7,7.866323e-05,0.0023841858,-7.345365000000001e-25,7.450581e-09,0.0,True
1999-08-23,104.11,8.4,15.785714,20.514286,11.2,67.71429,2.6285717,1.6714287,3.2857144,5.242857,17.985714,8.790195e-05,0.0022147968,-7.345365000000001e-25,3.7252903e-09,0.0,True
1999-08-30,104.08563045196568,2.8,18.214285,23.757143,12.228572,66.17143,2.5285716,1.1428573,3.1142857,4.928571,20.12857,3.1374395e-05,0.0020541623,-7.345365000000001e-25,1.8626451e-09,0.0,False
1999-09-06,104.08,10.5,16.2,21.685715,10.885715,74.12858,2.457143,1.0142858,2.757143,4.928571,18.242857,2.0571053e-05,0.0019199029,-7.345365000000001e-25,9.313226e-09,0.0,True
1999-09-13,104.08,0.0,19.557142,27.157145,12.771429,67.04286,2.6000001,0.55714285,3.2142856,4.6571426,20.62857,2.0772219e-05,0.0017845035,-7.345365000000001e-25,7.450581e-09,0.0,True
1999-09-20,104.08,25.5,18.857143,24.728573,13.0,65.942856,2.242857,0.6571428,2.9857142,4.642857,19.27143,0.00010102987,0.0016489476,-7.345365000000001e-25,7.450581e-09,0.0,True
1999-09-27,104.02,13.799999,16.9,3.1857145,12.8714285,77.02857,1.4285715,0.82857144,2.0142858,5.0571427,17.785715,9.474158e-05,0.0015441924,-7.345365000000001e-25,5.5879354e-09,0.0,True
1999-10-04,104.0,6.4,14.2,9.800001,11.400001,75.17143,1.3285714,1.0285714,2.0428572,5.242857,14.542857,0.00011022389,0.0014600158,-7.345365000000001e-25,1.3038516e-08,0.0,True
1999-10-11,103.99,12.8,11.185715,14.057143,8.3714285,82.957146,0.7857142,0.64285713,1.1714286,5.542857,11.385715,0.00013313442,0.0013870597,-7.345365000000001e-25,1.1175871e-08,0.0,True
1999-10-18,103.97,1.1,6.7000003,10.828572,3.1285717,83.557144,0.64285713,0.4857143,0.8,5.6,8.728572,2.3439527e-05,0.0013249218,-7.345365000000001e-25,3.7252903e-09,0.0,True
1999-10-25,103.95,6.8999996,7.5428576,10.971429,3.9,78.52857,0.78571427,0.5285714,1.0571429,5.4,7.4428573,4.9449503e-05,0.0012677982,-7.345365000000001e-25,0.0,0.0,True
1999-11-01,103.9,3.2,11.17143,15.142858,7.0,75.41429,0.9142857,0.64285713,1.2714285,5.3,9.957143,3.2514334e-05,0.0012158006,-7.345365000000001e-25,5.5879354e-09,0.0,True
1999-11-08,103.88,20.199999,7.785714,10.442858,4.557143,84.57143,0.44285712,0.38571426,0.7,5.8,7.7,0.00021457672,0.0011704415,-7.345365000000001e-25,3.7252903e-09,0.0,True
1999-11-15,103.88,25.0,2.3714287,4.428571,0.71428573,93.04286,0.25714284,0.22857143,0.27142859,6.7285714,3.8857143,0.00038343668,0.0011345148,0.0012044339,0.0018094536,0.002874609,True
1999-11-22,103.83,2.9,0.042857144,1.8714286,-2.0285716,85.24286,0.14285715,0.14285715,0.3857143,7.114286,0.5857143,7.428229e-06,0.0011100471,0.0032089949,0.00015962496,0.006108761,True
1999-11-29,103.8714279335146,0.2,3.257143,6.1714287,-0.28571427,82.77143,0.24285713,0.20000002,0.51428574,7.242857,1.7142857,9.775162e-05,0.0010916293,0.0032951264,0.006761156,0.00016995892,True
1999-12-06,103.85,8.3,4.6714287,7.857143,1.1285714,74.84286,0.68571424,0.64285713,1.1714286,7.428571,2.8,8.074194e-05,0.001075454,0.00021073932,0.0005293973,0.0010155924,True
1999-12-13,103.84,6.5,6.828572,9.442857,4.0857143,73.15715,0.72857136,0.6999999,1.1428572,7.6285715,4.428571,9.865314e-05,0.0010617822,7.561275e-05,0.0007086303,0.0,True
1999-12-20,103.83,2.5,0.9142857,2.7142856,-1.0142857,81.0,0.27142856,0.25714287,0.59999996,7.928571,0.71428573,4.7698617e-05,0.0010509416,0.0023710614,0.00085157715,0.0062239096,True
1999-12-27,103.79,7.3,-0.9285714,1.1571429,-3.0428574,80.12858,0.18571429,0.17142858,0.62857145,8.428572,-0.057142857,0.00013203919,0.0010428429,0.006863185,0.0031019263,0.01004025,True
2000-01-03,103.77,3.7,1.8142859,3.257143,-0.18571429,87.68572,0.125,0.125,0.3857143,8.85,0.1,0.00018366426,0.0010369569,0.013738797,0.008111764,0.006628651,True
2000-01-10,103.76,3.3,2.8,5.7571435,0.3285714,85.21429,0.2857143,0.27142859,0.41428572,8.714286,1.7,0.00030368567,0.0010364726,0.0027579013,0.009145215,0.0001106523,True
2000-01-17,103.74,6.9,-0.2857143,1.7142857,-3.0,83.57143,0.15714286,0.15714286,0.34285715,8.728572,-0.2857143,0.0001591295,0.001054354,0.0013253405,0.0027017426,0.0023845583,True
2000-01-24,103.72,14.7,-1.957143,1.2714285,-5.057143,82.42857,0.35714287,0.35714287,0.5,9.585714,0.2857143,0.00026398152,0.0010940433,0.007305435,0.0015707854,0.015665047,True
2000-01-31,103.7225316049907,21.7,2.3285713,4.071429,-1.5,74.01428,0.68571424,0.68571424,0.9142857,9.771428,1.0857143,0.00085526705,0.001172103,0.010110481,0.0129965115,0.0014658719,True
2000-02-07,103.69,2.8,6.857143,9.957144,3.4285715,78.042854,0.8,0.7857142,1.0428572,10.071428,4.5142856,0.00012098253,0.001363121,2.1639324e-05,0.0002303049,6.7725778e-06,True
2000-02-14,103.72,12.1,4.457143,8.342857,1.4857143,74.52857,1.0142858,1.0142858,1.1571429,10.3,3.7285714,0.0004069507,0.0016357228,0.00033428555,0.0011130515,0.0020974912,True
2000-02-21,103.74,16.1,1.6000001,4.871429,-1.2285715,85.957146,0.6,0.6,0.61428577,10.4,1.9428571,0.00036443025,0.0019558668,0.0035467658,0.0032378566,0.011495119,True
2000-02-28,103.77,17.3,3.8,6.9857144,-0.32857147,80.114296,0.85714287,0.82857144,1.0285714,10.442857,2.6857142,0.0010025427,0.0030263513,0.0059244805,0.016058449,0.007703129,True
2000-03-06,103.8,18.6,4.0285716,7.4000006,1.2142857,76.57143,1.2428571,1.1999999,1.3000001,10.071428,4.0285716,0.00027184188,0.0031946898,0.00096695195,0.0028820066,0.0044010803,True
2000-03-13,103.82,33.0,6.4000006,9.6285715,3.6285713,81.41429,1.2857143,1.3,1.2142857,10.642858,6.3285713,0.0026601031,0.0045826286,0.0005240554,0.0040525496,0.0027864948,True
2000-03-20,103.86,25.9,3.0714285,6.5,0.0142857,80.98572,1.1714286,1.1714286,1.0285714,10.857142,4.257143,0.0016928911,0.006769769,0.005368573,0.012170127,0.01538248,True
2000-03-27,103.92,25.4,6.642857,11.2,2.7857144,85.15715,1.2,1.1,1.1571429,10.114285,7.9,0.0012285411,0.009995982,0.0005688781,0.0032606088,2.6673079e-06,True
2000-04-03,104.01,8.7,6.6285715,9.814285,3.3142858,81.71429,1.1428571,1.1142857,1.2857143,10.657143,7.285714,0.0006024316,0.013170004,7.549922e-07,4.896894e-06,0.0,True
2000-04-10,104.05,1.0999999,5.9428573,10.400001,2.3142858,73.72857,1.4857143,1.3285714,1.7285715,9.771428,8.228572,0.00019665062,0.01570829,1.940273e-05,7.231347e-05,8.029491e-05,True
2000-04-17,104.08,20.9,9.6285715,15.371429,3.8999999,68.88572,2.3428574,2.1571429,2.6000001,9.571428,10.542857,0.0012562573,0.015230246,6.18753e-07,3.643334e-06,0.0,True
2000-04-24,104.15,0.9,15.7,22.257143,9.3714285,68.942856,3.2714286,2.5428574,3.3285713,8.8,17.214285,0.00012531877,0.014244229,-7.345365000000001e-25,3.7252903e-09,0.0,True
2000-05-01,104.2,0.0,17.542858,23.257143,11.414286,63.77143,3.542857,2.3999999,4.0571427,7.6714287,18.657143,1.449883e-05,0.012927316,-7.345365000000001e-25,7.450581e-09,0.0,True
2000-05-08,104.18,20.8,17.842857,24.785715,9.442858,52.257145,4.4,1.6571429,4.5571427,6.6571426,19.72857,2.169609e-05,0.011323854,-7.345365000000001e-25,0.0,0.0,True
2000-05-15,104.17,0.0,17.757143,24.7,9.557143,55.342857,4.128571,1.1,4.642857,6.2285714,21.4,1.18762255e-05,0.009723596,-7.345365000000001e-25,0.0,0.0,True
2000-05-22,104.13,19.1,14.142858,19.300001,10.071428,70.78571,2.8714287,1.6,3.0,6.3285713,17.87143,0.00029473007,0.008276209,-7.345365000000001e-25,3.7252903e-09,0.0,True
2000-05-29,104.1809668037176,3.1000001,15.642858,21.228573,9.414286,63.657143,3.5857143,2.1285713,3.7142856,6.0857143,18.4,0.00014204532,0.0072044656,-7.345365000000001e-25,3.7252903e-09,0.0,False
2000-06-05,104.19898549119964,10.4,18.228573,24.4,11.1285715,63.514286,4.028571,1.5142858,4.542857,5.714286,20.571428,9.827316e-05,0.0062711164,-7.345365000000001e-25,3.7252903e-09,0.0,True
2000-06-12,104.24,5.9,19.0,24.585714,12.828572,62.785713,4.4999995,2.0428572,4.714286,5.6,22.014286,0.000100269914,0.0054625347,-7.345365000000001e-25,3.7252903e-09,0.0,True
2000-06-19,104.22,6.6000004,18.214287,23.928572,10.571428,58.785713,4.2,1.6714286,4.4428573,5.5,21.62857,2.1338463e-05,0.0047667325,-7.345365000000001e-25,3.7252903e-09,0.0,True
2000-06-26,104.23,6.8,19.985716,25.814287,14.357142,57.5,4.3714285,1.1285715,4.8857145,5.1571426,22.328571,6.777048e-05,0.004137434,-7.345365000000001e-25,0.0,0.0,True
2000-07-03,104.18,1.5,16.071428,20.485716,10.457144,61.828575,3.3142858,0.7428571,3.7714286,4.928571,18.428572,5.3167343e-05,0.003656201,-7.345365000000001e-25,3.7252903e-09,0.0,True
2000-07-10,104.17,49.8,16.242857,20.77143,12.814286,77.314285,2.8428574,1.8142859,2.8285713,5.357143,18.842857,0.00025942922,0.0032696947,-7.345365000000001e-25,3.7252903e-09,0.0,True
2000-07-17,104.14,8.6,14.428572,18.385715,11.471429,75.0,2.4857142,1.6428572,2.7142856,6.0571427,16.714285,8.72463e-05,0.0029601902,-7.345365000000001e-25,0.0,0.0,True
2000-07-24,104.13,1.4000001,15.771429,19.300001,11.671428,74.5,2.2857144,1.5714285,2.6,6.114286,17.328571,5.8479607e-05,0.0027061254,-7.345365000000001e-25,7.450581e-09,0.0,True
2000-07-31,104.11,9.7,17.77143,22.571428,14.442858,74.88572,2.6714287,2.0285714,3.1142857,6.1,19.8,0.00015890598,0.0024772137,-7.345365000000001e-25,7.450581e-09,0.0,True
2000-08-07,104.1,3.0,19.157145,25.27143,12.828572,64.12858,3.2285712,2.1,3.9714284,5.8714285,21.514286,5.991012e-05,0.0022737682,-7.345365000000001e-25,7.450581e-09,0.0,True
2000-08-14,104.09,2.0,19.67143,26.114286,12.828572,62.828575,3.2285712,1.7571429,3.8714287,5.3,21.514286,1.8894672e-05,0.0020893887,-7.345365000000001e-25,0.0,0.0,True
2000-08-21,104.04,34.7,22.228573,28.942858,16.314287,64.84286,3.3857143,2.4857142,4.042857,5.6571426,23.485714,0.00011919439,0.0019060075,-7.345365000000001e-25,9.313226e-09,0.0,True
2000-08-28,104.05,1.5,16.671429,21.557144,11.371429,68.5,2.742857,2.1857142,3.2571428,6.2714286,19.785715,0.00020776689,0.001753658,-7.345365000000001e-25,1.8626451e-09,0.0,True
2000-09-04,104.02,23.8,15.728572,20.428572,12.085714,78.24286,2.0,1.7,2.2571428,6.1571426,18.185715,0.0002386719,0.0016294494,-7.345365000000001e-25,9.313226e-09,0.0,True
2000-09-11,104.0,9.700001,16.228573,20.685715,11.885715,76.62858,1.6000001,1.4714286,2.2428572,6.9857144,16.857143,9.571016e-05,0.0015329719,-7.345365000000001e-25,5.5879354e-09,0.0,True
2000-09-18,103.98,7.9,15.428572,19.9,11.785714,77.58572,1.4571428,1.2285715,1.9285715,7.0285716,16.985714,0.00015676022,0.0014483333,-7.345365000000001e-25,3.7252903e-09,0.0,True
2000-09-25,103.96,6.2,10.842857,16.085714,6.2428575,77.02857,1.3285713,1.0714285,1.7142857,7.1571426,12.785714,0.00030633807,0.0013805255,-7.345365000000001e-25,0.0,0.0,True
2000-10-02,103.94,9.0,16.542858,21.628572,12.17143,70.41429,1.6,1.2857143,2.4857142,6.757143,16.5,0.00024269521,0.0013203546,-7.345365000000001e-25,9.313226e-09,0.0,True
2000-10-09,103.92,24.300001,11.67143,14.785714,9.085714,89.02857,0.61428577,0.5285714,0.87142855,7.071429,13.3714285,0.00032129884,0.0012719482,-7.345365000000001e-25,0.0,0.0,True
2000-10-16,103.89,1.3,13.085715,16.957144,9.271429,81.42857,0.78571427,0.67142856,1.2857143,7.457143,12.557143,0.00011456013,0.0012409538,-7.345365000000001e-25,5.5879354e-09,0.0,True
2000-10-23,103.87,8.400001,10.542857,14.8,7.3,80.0,0.7000001,0.58571434,1.1285714,7.5571427,11.185715,0.00018961728,0.001217477,-7.345365000000001e-25,3.7252903e-09,0.0,True
2000-10-30,103.84426112838165,0.8,11.6285715,14.971429,8.071429,74.314285,0.9285714,0.7285714,1.5,7.4714284,10.214286,7.736683e-05,0.001199767,-7.345365000000001e-25,9.313226e-09,0.0,True
2000-11-06,103.83,6.2,8.514285,12.371429,5.8428574,77.22857,0.64285713,0.5285714,1.1285714,7.2714286,7.8714285,0.00013723224,0.0011857003,-7.345365000000001e-25,3.7252903e-09,0.0,True
2000-11-13,103.83,0.5,7.371429,10.928572,4.4428573,73.85714,0.6571428,0.55714285,1.0428572,7.285714,6.4857144,2.6114285e-05,0.0011744499,-7.345365000000001e-25,0.0,0.0,True
2000-11-20,103.81,9.900001,5.642857,8.685715,2.9428573,82.64286,0.41428572,0.3857143,0.54285717,7.5571427,5.285714,0.00031013787,0.0011655688,-7.345365000000001e-25,0.0,0.0,True
2000-11-27,103.8,8.3,6.3285713,8.542857,4.042857,87.37144,0.21428572,0.21428572,0.4857143,7.8142858,4.9142857,0.00016509742,0.0011611655,-7.345365000000001e-25,0.0,0.0,True
2000-12-04,103.78,0.7,6.0,9.114286,3.1571429,87.200005,0.20000002,0.17142859,0.35714287,7.885714,4.7285714,3.0398369e-05,0.0011625588,-7.345365000000001e-25,0.0,0.0,True
2000-12-11,103.76,6.4,6.414286,8.957143,3.7857144,82.457146,0.35714287,0.34285715,0.7285714,7.957143,4.6,9.1031194e-05,0.0011704713,-7.345365000000001e-25,0.0,0.0,True
2000-12-18,103.75,7.3,6.357143,8.485715,4.571429,76.471436,0.6857143,0.67142856,1.0285714,8.385715,5.0285716,0.00016651303,0.0011812672,0.00047188145,0.0003781952,0.0017851517,True
2000-12-25,103.71,2.3,-2.2857144,0.7,-4.357143,79.814285,0.028571429,0.028571429,0.24285714,8.6285715,-0.55714285,9.536743e-07,0.0012006834,0.001581578,2.9191375e-05,0.0026178956,True
2001-01-01,103.73,2.4,-0.12857142,1.9,-2.8428574,83.92857,0.083333336,0.083333336,0.35714287,9.0,-0.06666667,2.4527311e-05,0.001226157,0.004890124,0.0011025611,0.0050665364,True
2001-01-08,103.68,2.6,3.9714286,6.6714287,1.5,83.471436,0.4142857,0.4142857,0.6571428,9.271428,1.3285714,0.00028295815,0.0012519956,0.0027530307,0.0076382477,7.450581e-09,True
2001-01-15,103.67,0.3,-0.6857143,1.5857143,-3.2714288,84.77143,0.11428572,0.11428572,0.25714287,9.442857,0.21428572,3.911555e-06,0.001291655,0.0017857609,0.00011066906,0.0025559478,True
2001-01-22,103.68,1.5,-0.8714286,1.1285714,-3.1571429,79.40001,0.071428575,0.071428575,0.5142857,9.228572,-1.5285715,5.9455633e-06,0.001341708,0.0028627997,0.00030066818,0.004288528,True
2001-01-29,103.6837711807528,11.9,2.8142858,5.2000003,0.9714286,82.88572,0.5285714,0.5285714,0.71428573,9.3,0.21428572,0.00034347177,0.0013911575,0.0032283068,0.0052658897,0.00077370554,True
2001-02-05,103.65,15.7,-0.04285717,1.5714285,-2.4714284,89.08572,0.18571427,0.18571427,0.37142858,9.928572,0.028571429,0.00045789033,0.0014633834,0.008349004,0.014136808,0.01790683,True
2001-02-12,103.66,1.3000001,7.2714286,11.342857,3.4142857,71.58572,0.8142857,0.78571427,1.2285715,10.042857,4.4,0.00017139316,0.0015845373,0.00048219023,0.0060431957,0.00042401627,True
2001-02-19,103.62,1.2,2.6571429,7.3,-0.74285716,82.90001,0.50000006,0.4571429,0.61428577,9.814285,2.9285715,6.5132976e-05,0.0017614216,0.00025913262,0.00062120333,0.0015224777,True
2001-02-26,103.67,13.0,-0.8,2.3142858,-3.8000004,81.8,0.59999996,0.5857143,0.67142856,9.671429,1.6,0.000173226,0.0019150749,0.009693719,0.002055198,0.019396394,True
2001-03-05,103.63,9.6,0.32857147,3.7142856,-2.6000001,81.07143,0.68571436,0.62857145,0.8285714,9.885715,0.41428572,0.00023567677,0.002065815,0.014439146,0.010082748,0.010914739,True
2001-03-12,103.62,22.3,7.514286,11.371429,3.6571429,75.40001,1.1714286,1.1428572,1.4428571,10.042857,6.3428574,0.0016429871,0.002514176,0.005504188,0.016209792,1.0803342e-06,True
2001-03-19,103.6,17.9,4.8428574,8.642858,1.9428571,82.90001,1.1,1.1142857,1.0571429,10.442857,6.0857143,0.0010586679,0.0032282397,0.0001410927,0.00037474,0.0026551485,True
2001-03-26,103.63,35.2,1.6428572,5.042857,-0.7714286,85.98572,0.5714286,0.55714285,0.7285715,10.771428,3.0857143,0.00057701766,0.004215695,0.003355537,0.006099375,0.013773683,True
2001-04-02,103.68,0.5,5.942857,9.985715,0.61428577,71.48571,1.5428572,1.4285715,1.7571429,10.242857,6.6,0.00035303086,0.0057411864,0.0040113754,0.008429952,5.1259995e-05,True
2001-04-09,103.71,7.1,9.257143,13.942858,5.4428573,73.85714,1.8,1.7142857,2.0142858,9.785714,10.214286,0.00023709983,0.0067583323,5.5744536e-06,6.8554655e-05,0.0,True
2001-04-16,103.73,12.4,4.7000003,8.328572,1.5571429,81.5,1.3285714,1.2285715,1.3714286,9.785714,6.714286,0.00036385655,0.0070544854,0.0015978643,0.0055200495,0.006826779,True
2001-04-23,103.75,5.2999997,4.857143,8.271429,1.5714285,77.057144,1.2857143,1.1999999,1.4285715,9.657143,6.614286,0.00022491068,0.0071044266,0.0004279273,0.002536552,0.0016494393,True
2001-04-30,103.74665311943922,9.7,12.214286,17.914286,6.2428575,67.65714,2.8714287,2.5571427,3.0857143,9.157143,13.185715,0.0002207458,0.0070698857,3.6387217e-05,0.0003276132,0.0,False
2001-05-07,103.76,36.7,13.828572,18.214287,9.357142,74.957146,2.7857144,2.2857141,2.857143,8.342857,15.814285,0.00037518144,0.0068918616,-7.345365000000001e-25,3.7252903e-09,0.0,True
2001-05-14,103.79,1.0,14.957143,20.67143,7.6,62.27143,3.8999999,2.8142858,4.0285716,7.9142857,17.671429,6.6012144e-06,0.0066992715,-7.345365000000001e-25,0.0,0.0,True
2001-05-21,103.81,9.6,14.471429,18.657145,9.900001,68.314285,3.1285713,2.4428573,3.3,7.1857142,17.542856,0.0002732873,0.006399855,-7.345365000000001e-25,0.0,0.0,True
2001-05-28,103.81,4.2,16.485714,21.957144,8.714286,59.628574,4.057143,2.0714285,4.2428575,6.3,19.957144,6.2800944e-05,0.0060341507,-7.345365000000001e-25,0.0,0.0,True
2001-06-04,103.82,21.4,13.071428,17.128572,9.771429,72.75715,2.8285713,2.1142857,2.9428573,6.3,15.9,0.0003566444,0.0056389347,-7.345365000000001e-25,3.7252903e-09,0.0,True
2001-06-11,103.82,18.6,13.042857,17.1,8.942858,77.94286,2.2000003,1.7571428,2.5142858,6.6,15.942857,0.00026599318,0.0052847564,-7.345365000000001e-25,3.7252903e-09,0.0,True
2001-06-18,103.81,38.0,15.67143,20.714285,10.057143,73.614296,2.8714287,2.2428572,3.1571426,6.5285716,18.614286,0.00022488832,0.0049534068,-7.345365000000001e-25,0.0,0.0,True
2001-06-25,103.79,17.5,14.685715,19.328571,10.185715,76.14286,3.2,2.3285716,3.1142857,6.3428574,18.028572,0.00015116483,0.004653752,-7.345365000000001e-25,7.450581e-09,0.0,True
2001-07-02,103.79,3.2,19.214285,24.2,13.957144,69.8,4.0,2.357143,4.2,5.6571426,22.77143,7.839501e-05,0.0043539554,-7.345365000000001e-25,7.450581e-09,0.0,True
2001-07-09,103.81,24.6,19.814287,24.571428,13.957144,71.27143,4.0571427,1.7142857,3.885714,5.4,22.72857,0.0020186305,0.0040456727,-7.345365000000001e-25,7.450581e-09,0.0,True
2001-07-16,103.8,17.2,18.000002,22.185715,13.485715,71.571434,3.2571428,2.2857141,3.5571427,5.9714284,20.857143,0.0005693808,0.0037792102,-7.345365000000001e-25,1.1175871e-08,0.0,True
2001-07-23,103.76,9.0,17.27143,22.728573,11.228572,74.814285,3.1857142,2.3428571,3.5142856,6.3714285,20.185715,0.00010038912,0.0035781488,-7.345365000000001e-25,7.450581e-09,0.0,True
2001-07-30,103.7775511917184,1.4000001,21.942858,28.285715,14.7,62.42857,4.257143,2.0,4.7714286,5.6714287,24.785715,2.6628375e-05,0.0033550486,-7.345365000000001e-25,3.7252903e-09,0.0,True
2001-08-06,103.78,20.7,19.557144,25.442858,14.185715,71.84286,3.3285716,2.3999999,3.642857,5.742857,22.642857,0.00016946346,0.003127709,-7.345365000000001e-25,7.450581e-09,0.0,True
2001-08-13,103.78,2.9,18.071428,22.84286,13.428572,67.200005,2.9285717,1.9999999,3.5571427,5.785714,19.642857,0.000102713704,0.0029303655,-7.345365000000001e-25,7.450581e-09,0.0,True
2001-08-20,103.76,16.3,22.642857,28.300001,17.842857,74.28571,3.3285716,1.8857142,3.9285715,5.5857143,23.77143,0.0019032955,0.0027371272,-7.345365000000001e-25,7.450581e-09,0.0,True
2001-08-27,103.74,2.1,20.814287,27.242859,15.771429,79.057144,2.7857144,1.4714285,3.1571429,5.9857144,23.62857,0.0016637295,0.0025877878,-7.345365000000001e-25,3.7252903e-09,0.0,True
2001-09-03,103.73,16.7,15.557143,19.642857,11.642858,75.557144,2.0285714,1.1142857,2.4285715,6.0285716,18.028572,0.00025385618,0.0024667606,-7.345365000000001e-25,5.5879354e-09,0.0,True
2001-09-10,103.74,30.1,12.814286,15.985715,10.557143,83.58572,1.6142857,1.3714286,1.6285714,6.742857,14.3714285,0.00095525384,0.002378203,-7.345365000000001e-25,1.1175871e-08,0.0,True
2001-09-17,103.71,11.0,11.714286,14.871429,8.514286,82.35714,1.1428571,1.1,1.5428572,8.357142,12.642858,0.000382483,0.0023350194,-7.345365000000001e-25,3.7252903e-09,0.0,True
2001-09-24,103.74,16.4,11.714286,15.071428,8.342857,83.42857,1.1142857,1.057143,1.5142858,9.1285715,12.671429,0.0004875064,0.002356179,-7.345365000000001e-25,3.7252903e-09,0.0,True
2001-10-01,103.79,10.1,13.028572,15.942858,9.900001,90.557144,0.8000001,0.7714286,1.0,9.385715,13.585714,0.00034362078,0.0024628267,-7.345365000000001e-25,7.450581e-09,0.0,True
2001-10-08,103.81,11.2,14.842857,20.214285,10.400001,82.314285,1.1857141,1.1571429,1.6714286,9.814285,15.228572,0.00044576824,0.002695553,-7.345365000000001e-25,7.450581e-09,0.0,True
2001-10-15,103.82,0.0,14.585714,20.142857,10.17143,76.28571,1.0714287,0.9142857,1.5714285,9.471429,14.542857,9.9390745e-06,0.0029655918,-7.345365000000001e-25,3.7252903e-09,0.0,True
2001-10-22,103.83,8.9,12.114286,15.571428,8.900001,85.75715,0.5142857,0.4,0.82857144,9.228572,12.528571,6.6392124e-05,0.0031107068,-7.345365000000001e-25,3.7252903e-09,0.0,True
2001-10-29,103.83491206845244,4.5,10.571428,13.371429,8.442858,86.94286,0.4571429,0.42857146,0.8142857,9.385715,10.214286,9.930134e-05,0.0031622276,-7.345365000000001e-25,1.8626451e-09,0.0,True
2001-11-05,103.79,6.6,9.957144,13.257143,6.828572,76.11428,0.7857142,0.7142857,1.3428572,9.342857,9.1285715,5.00679e-05,0.00316263,-7.345365000000001e-25,3.7252903e-09,0.0,True
2001-11-12,103.81,26.5,3.8142858,6.714286,0.62857145,82.92857,0.4428572,0.42857146,0.61428577,9.771428,4.1,0.0015584156,0.0036901608,0.001022407,0.0011005588,0.0021570213,True
2001-11-19,103.79,2.5,2.8142858,5.6285715,-0.12857144,90.185715,0.22857144,0.20000002,0.27142859,10.0,2.6,0.00015334785,0.0033833012,0.00046607427,0.0011276919,0.0001389347,True
2001-11-26,103.84,14.6,2.7285714,5.228572,-0.12857144,86.90001,0.35714284,0.35714284,0.44285712,10.257143,2.1857142,0.00035354495,0.0036234558,0.0009290037,0.0008484274,0.0019996464,True
2001-12-03,103.82,7.4,2.0428572,4.1,0.54285717,89.07143,0.15714286,0.15714286,0.31428573,10.557143,1.6571429,0.00039078295,0.0039713085,0.00043094158,0.0011857972,0.00018027797,True
2001-12-10,103.81,16.699999,1.3428571,3.614286,-0.8428572,89.64286,0.14285715,0.14285715,0.3,10.642858,1.4428571,0.00047329068,0.0047138333,0.00015057836,0.00017862767,0.0024519265,True
2001-12-17,103.84,7.6,-2.6857145,-0.25714287,-4.9428573,88.97143,0.071428575,0.071428575,0.27142856,10.328571,-1.0285715,0.00020833313,0.0056907535,0.008675229,0.003270857,0.01583106,True
2001-12-24,103.85,8.1,-1.6285715,1.1428572,-4.9000006,80.17143,0.057142857,0.057142857,0.4714286,10.457143,-0.14285715,0.0001398772,0.0064286515,0.021544559,0.004965987,0.024342328,True
2001-12-31,103.827036595359,10.3,0.5142857,2.7,-1.5857143,81.82857,0.34285715,0.34285715,0.67142856,10.671429,0.0,0.0003591776,0.0058523193,0.028838046,0.008697141,0.013415955,True
2002-01-07,103.84,5.3,-4.371429,-0.35714287,-9.057143,81.87144,0.10000001,0.10000001,0.29999998,10.3714285,-0.5,2.810359e-05,0.0072445124,0.041856386,0.0010009259,0.010014977,True
2002-01-14,103.86,3.9,-2.3142858,0.40000004,-4.6285715,92.90001,0.042857144,0.042857144,0.114285715,10.3,-0.21428572,3.874302e-06,0.0074062794,0.04768496,0.00017672032,0.0050570853,True
2002-01-21,103.89,6.3,0.90000004,3.2,-1.6,83.685715,0.21428572,0.21428572,0.5142857,10.342857,-0.071428575,0.0030470565,0.009116866,0.044753727,0.045862913,0.00043725967,True
2002-01-28,103.91,9.0,7.9428573,11.457144,4.1857142,72.14286,1.1857144,1.1857144,1.4,10.271428,4.6857142,0.00049661845,0.009282149,0.0012471619,0.007059304,0.0,True
2002-02-04,103.93,0.0,9.385715,13.957143,5.357143,64.328575,1.2714287,1.1571428,1.7142857,10.0,6.4428573,1.8626451e-06,0.011406258,8.5149495e-08,1.2721866e-06,0.0,True
2002-02-11,103.95,9.3,8.314286,10.757143,5.414286,76.957146,0.98571426,0.91428566,1.2428571,10.014286,6.214286,0.00029375404,0.011612631,-7.2791902999999985e-25,3.7252903e-09,0.0,True
2002-02-18,104.02,5.9,3.9857142,8.285714,0.05714294,72.685715,1.0714285,1.0,1.0857142,10.3,4.242857,0.00017974526,0.011385366,9.701365e-06,8.62591e-06,1.7419457e-05,True
2002-02-25,104.04,27.3,2.0,5.642857,-1.3142856,83.07143,0.78571427,0.78571427,0.85714287,10.485714,1.6714286,0.0007105917,0.011133961,0.004792174,0.010403339,0.01900239,True
2002-03-04,104.08,7.7,4.8857145,7.871429,1.2571429,72.34286,1.1999999,1.1999999,1.4285715,10.6285715,4.114286,0.0009963065,0.01176852,0.0008393583,0.009042356,0.0014646947,True
2002-03-11,104.12,4.9999995,6.8142858,12.400001,1.6,65.84286,1.6142856,1.5000001,1.8714286,9.9,6.2714286,0.00015901029,0.012627713,0.00010569322,0.00059937686,1.5947968e-05,True
2002-03-18,104.14,6.2,6.471429,11.0,3.1571429,79.314285,1.1285714,1.0142857,1.3000001,9.714286,6.757143,0.00014811754,0.012384877,0.0009762616,0.0044827536,0.00456658,True
2002-03-25,104.18,13.3,4.9,7.514286,2.9428573,81.77143,1.0142858,1.0000001,1.1571429,10.214286,5.6,0.00052824616,0.011937834,0.001501969,0.003162114,0.0075367875,True
2002-04-01,104.24,0.0,5.5142856,12.1,-0.7571429,66.12857,1.6428572,1.4142857,1.8571428,9.757143,7.6571426,9.422004e-05,0.011511095,0.0015526442,0.004265558,0.00019755587,True
2002-04-08,104.26,0.0,5.4000006,11.17143,-0.90000004,58.057148,2.3999999,1.8142856,2.5142858,8.757143,8.671429,1.2993813e-05,0.010896876,0.00019301119,0.0007007271,0.00093080476,True
2002-04-15,104.29,26.6,7.3285713,10.385714,3.5285716,78.185715,1.3714285,1.0571429,1.4428571,8.314285,8.8,0.0004387945,0.01016321,3.6847025e-05,0.00020461157,0.0,True
2002-04-22,104.29,0.4,9.2,13.871429,4.785714,79.28571,1.6000001,1.4428571,1.8857143,9.1285715,11.271428,0.00048822165,0.009450212,-7.2791902999999985e-25,2.2351742e-08,0.0,True
2002-04-29,104.29599860384404,3.6,11.071428,15.814286,6.5,74.18572,2.1142857,1.9285715,2.357143,9.0,12.471429,0.00020262599,0.008824803,-7.2791902999999985e-25,0.0,0.0,True
2002-05-06,104.33,8.0,13.1,17.4,9.314286,79.52857,2.2714283,1.942857,2.4714284,8.571428,15.228572,0.0025432408,0.008208297,-7.2791902999999985e-25,0.0,0.0,True
2002-05-13,104.32,7.9,16.957144,21.785715,12.528572,71.14286,3.5714285,2.9428575,3.7,8.3,18.671429,0.00017546117,0.007701464,-7.2791902999999985e-25,3.7252903e-09,0.0,True
2002-05-20,104.3,3.3,15.985715,21.528574,10.085714,66.700005,3.2714286,2.4285715,3.8,7.6,18.928572,9.444356e-05,0.0072100386,-7.2791902999999985e-25,3.7252903e-09,0.0,True
2002-05-27,104.31,22.6,16.357143,21.114286,11.585715,74.77143,2.8714287,2.3285713,3.2857144,7.3,19.042856,0.00035855174,0.0066909418,-7.2791902999999985e-25,3.7252903e-09,0.0,True
2002-06-03,104.3,3.3,15.142858,19.9,9.828572,68.14286,3.2714286,2.542857,3.7571428,7.6714287,18.814285,8.073449e-05,0.006221764,-7.2791902999999985e-25,0.0,0.0,True
2002-06-10,104.31,24.9,17.142857,20.785715,13.657144,78.17143,2.7571428,2.0428572,2.9428573,7.0,19.6,0.001171425,0.00574708,-7.2791902999999985e-25,7.450581e-09,0.0,True
2002-06-17,104.28,11.7,18.071428,23.37143,12.985715,73.700005,3.2857146,2.6714284,3.5142856,7.114286,20.171429,8.369982e-05,0.005400449,-7.2791902999999985e-25,7.450581e-09,0.0,True
2002-06-24,104.24,5.0,21.2,26.428572,16.457144,72.37143,4.171428,2.8857143,4.3714285,6.3714285,24.657143,0.000290066,0.005041912,-7.2791902999999985e-25,3.7252903e-09,0.0,True
2002-07-01,104.26,2.5,17.114286,22.485716,11.285714,59.05714,3.7714286,1.8714286,4.5,5.6714287,20.442858,3.0264258e-05,0.004687503,-7.2791902999999985e-25,3.7252903e-09,0.0,True
2002-07-08,104.22,11.0,18.442858,23.685715,12.342857,68.557144,3.5714285,1.8714285,3.9857142,5.7285714,20.214285,0.00020828843,0.0043551475,-7.2791902999999985e-25,7.450581e-09,0.0,True
2002-07-15,104.2,7.6,21.014286,26.757143,15.142858,66.0,4.1,2.0714285,4.4857144,5.4428573,23.357143,0.0001809895,0.0040018484,-7.2791902999999985e-25,0.0,0.0,True
2002-07-22,104.18,18.0,17.942858,22.585714,14.8714285,77.57143,2.7142856,2.3142858,3.0,7.1285715,20.314285,0.0016469434,0.004079446,-7.2791902999999985e-25,7.450581e-09,0.0,True
2002-07-29,104.17664825846616,3.2,18.828571,23.742859,13.5,70.64286,3.0571427,2.3428571,3.4714284,6.9,20.12857,7.579476e-05,0.0035613328,-7.2791902999999985e-25,7.450581e-09,0.0,True
2002-08-05,104.15,44.5,21.242857,27.457144,16.228573,72.71429,3.3714283,2.542857,3.9857142,6.428571,23.885714,0.00044864416,0.0033607334,-7.2791902999999985e-25,7.450581e-09,0.0,True
2002-08-12,104.13,148.3,19.514286,24.12857,15.228572,79.314285,2.357143,2.1571429,2.9142857,8.271428,21.7,0.02518648,0.01600355,-7.2791902999999985e-25,3.7252903e-09,0.0,True
2002-08-19,104.21,6.5,20.100002,24.785715,15.785714,78.24286,2.7714286,2.4714286,3.142857,10.428572,21.685715,0.009391487,0.00821346,-7.2791902999999985e-25,1.3038516e-08,0.0,True
2002-08-26,104.45,0.0,21.414288,27.742859,15.228572,67.98572,3.2857144,2.557143,4.042857,8.914286,23.957144,0.00019633025,0.0062051117,-7.2791902999999985e-25,1.8626451e-09,0.0,True
2002-09-02,104.58,17.0,19.557144,25.328571,14.157144,73.71429,2.642857,2.0142856,3.2714286,8.614285,22.9,0.00011070073,0.006132543,-7.2791902999999985e-25,3.7252903e-09,0.0,True
2002-09-09,104.71,8.5,18.228573,24.27143,12.528572,72.6,2.4714284,1.5142859,3.042857,7.7285714,20.428572,0.00010921061,0.005921282,-7.2791902999999985e-25,5.5879354e-09,0.0,True
2002-09-16,104.74,23.1,14.185715,20.214285,9.414286,76.25715,1.8285714,1.2142857,2.2285714,7.5142856,16.957144,0.00013434887,0.0056579188,-7.2791902999999985e-25,3.7252903e-09,0.0,True
2002-09-23,104.8,4.9,12.385715,16.000002,9.557143,84.02857,1.0142857,0.8000001,1.3285714,7.571429,14.328571,0.00020238757,0.0053972825,-7.2791902999999985e-25,1.8626451e-09,0.0,True
2002-09-30,104.75107503814338,9.7,9.342857,13.67143,5.8285713,82.34286,0.9571429,0.82857144,1.2142857,8.528571,10.757143,0.00016761571,0.005157158,-7.2791902999999985e-25,1.8626451e-09,0.0,False
2002-10-07,104.81,16.7,10.971429,15.67143,7.071429,82.72857,0.9714287,0.88571435,1.2714285,8.6285715,12.271428,0.0003947094,0.0049360767,-7.2791902999999985e-25,5.5879354e-09,0.0,True
2002-10-14,104.84,2.3,5.3,8.400001,1.9428571,81.21429,0.6285714,0.5714286,0.95714283,9.471429,6.428571,8.638203e-05,0.004772015,0.00042324973,0.0017445125,0.0024317205,True
2002-10-21,104.86,27.7,9.071428,12.142858,6.1857142,80.87144,0.7285714,0.7285714,1.1285714,9.842857,8.657143,0.00033881515,0.004655212,5.0028164e-05,0.0007565748,0.0,True
2002-10-28,104.88,17.2,9.785714,13.957144,5.9714284,75.14286,1.1999999,1.1857144,1.6428572,10.214286,8.6,0.00044348836,0.0045773014,-7.2791902999999985e-25,5.5879354e-09,0.0,True
2002-11-04,104.88,17.4,6.014286,8.8714285,3.1571429,84.88572,0.42857143,0.42857143,0.62857145,10.6,6.357143,0.0008597374,0.0045564547,2.6560965e-05,2.3543835e-05,0.00039228797,True
2002-11-11,104.9,23.4,2.1857142,5.6571426,-0.9285714,82.87144,0.42857143,0.42857143,0.62857145,10.728572,2.1571429,0.0006317422,0.0048277304,0.001262205,0.0064834673,0.0066829566,True
2002-11-18,104.94,6.6,8.5,12.114286,4.9,80.77143,0.45714286,0.45714286,0.8428572,10.457143,6.4,0.00014412403,0.0057505444,0.00013631866,0.00073598884,0.0,True
2002-11-25,104.96,31.5,4.7285714,7.585715,1.7857143,90.71429,0.17142858,0.17142858,0.3285714,10.828571,3.9857142,0.002814263,0.008833051,2.3098219e-05,7.8322366e-05,7.585436e-05,True
2002-12-02,104.99,32.9,6.5142856,8.385715,4.871429,89.61428,0.14285715,0.14285715,0.44285718,10.742857,5.142857,0.0007522553,0.011355549,2.1571205e-07,1.4044344e-06,0.0,True
2002-12-09,105.0,0.0,-2.0,0.0285714,-3.3857143,87.85714,0.042857144,0.042857144,0.34285715,10.457143,0.45714286,1.3202429e-05,0.014125213,0.00018347445,0.0,0.000381954,True
2002-12-16,105.02,2.2,-4.542857,-1.7285715,-7.585715,79.34286,0.0,0.0,0.41428572,10.285714,-3.8428571,2.323091e-05,0.01447124,0.00037191596,8.426234e-05,0.0002746731,True
2002-12-23,105.0,16.400002,-0.8142857,1.1571429,-2.6714287,91.07143,0.0,0.0,0.25714287,10.471429,-0.87142855,0.0002965629,0.013991602,0.0054025706,0.00047254004,0.011332065,True
2002-12-30,105.05291384015544,33.8,0.21428572,2.3857143,-1.6714286,83.85714,0.11428572,0.11428572,0.54285717,10.642858,-0.87142855,0.0011950135,0.013444476,0.008719569,0.008350637,0.014238849,True
2003-01-06,105.07,23.699999,-1.7428572,1.857143,-5.4857144,85.67143,0.0,0.0,0.37142855,11.3,0.1,0.0033296347,0.017486066,0.009524993,0.0228487,0.01245277,True
2003-01-13,105.07,3.3,-7.6285715,-4.6285715,-11.6285715,84.957146,0.014285714,0.014285714,0.21428572,10.471429,-1.8857143,4.3675303e-05,0.020573273,0.008210137,0.0009075515,0.0101500265,True
2003-01-20,105.13,0.3,3.2714288,5.957143,0.42857143,79.557144,0.51428574,0.5,0.6857143,10.342857,0.41428572,0.0005136132,0.020002991,0.002992681,0.0148159545,2.30968e-07,True
2003-01-27,105.19,10.3,2.457143,4.914286,0.18571427,86.24286,0.31428573,0.3,0.5285714,10.2,0.6857143,0.00027375668,0.018818691,0.001237171,0.0031260382,0.0027581453,True
2003-02-03,105.2,10.6,-0.5714286,2.114286,-3.3428571,84.185715,0.3285714,0.3285714,0.5285714,10.471429,0.6142857,0.00030490756,0.017431967,0.00500918,0.0020295363,0.009804521,True
2003-02-10,105.2,3.1,-1.7714287,1.1857144,-4.6285715,81.700005,0.14285715,0.14285715,0.42857143,10.357142,-0.042857144,3.0316412e-05,0.01615668,0.009893445,0.0014298037,0.0052769147,True
2003-02-17,105.23,0.3,-5.371429,-0.85714287,-9.457143,75.75714,0.057142857,0.057142857,0.42857143,10.228572,-1.1428572,9.11206e-06,0.014815442,0.011401347,0.00044670515,0.0030217543,True
2003-02-24,105.24,0.0,-1.5857143,2.6285717,-5.2571425,78.0,0.4,0.37142855,0.62857145,10.1285715,-0.62857145,0.000110171735,0.01346343,0.01061301,0.0059282538,0.0004119724,True
2003-03-03,105.25,0.2,3.557143,9.085714,-0.6,70.61429,0.75714284,0.6571428,1.1428572,9.757143,0.35714287,0.00012747943,0.012192689,0.0021553892,0.0054821633,0.0013356991,True
2003-03-10,105.23,5.0,4.357143,8.314286,0.45714286,77.64286,0.87142855,0.81428576,1.1714286,9.671429,2.4571428,0.00014407188,0.011082411,0.001079775,0.0036355946,0.0021170415,True
2003-03-17,105.2,12.5,4.142857,8.6,0.54285717,76.58572,1.0857143,1.0428572,1.2571429,9.9,4.9857144,0.00026126206,0.010138415,0.0002692427,0.00072214194,0.0009348728,True
2003-03-24,105.24,0.0,3.7857144,9.5,-1.3285713,60.128574,1.542857,1.2571428,1.8571428,9.428572,5.0,1.5944242e-05,0.00938499,0.00030379067,0.0007597003,0.0007219799,True
2003-03-31,105.24286853098876,5.6,8.785714,15.400001,2.8285716,69.62857,1.8857143,1.5142857,2.0714285,8.785714,9.714286,2.8900802e-05,0.008641832,1.00760235e-05,8.315034e-05,0.0,True
2003-04-07,105.225,3.4,4.328572,8.671429,0.21428572,67.814285,1.6142857,1.3428572,1.9142858,8.342857,6.3714285,0.00013747811,0.00791873,0.0006479082,0.00028792396,0.0042585544,True
2003-04-14,105.21,0.3,4.257143,9.7,-1.8142859,61.8,1.9571428,1.4857142,2.2428572,7.957143,6.3,7.2948635e-05,0.007267125,0.0024778333,0.005257422,0.0022781454,True
2003-04-21,105.19,9.700001,11.014285,16.542858,4.828572,58.12857,3.414286,2.414286,3.3285713,7.042857,11.957143,0.00020875037,0.006607853,0.00011310123,0.0013712607,0.001258187,True
2003-04-28,105.18,1.3,13.742857,19.97143,6.557143,55.37143,3.2142854,1.6428572,3.642857,6.285714,14.842857,4.0352345e-05,0.005979672,5.676633e-08,1.0952353e-06,0.0,True
2003-05-05,105.14,0.0,16.47143,21.757143,9.214286,53.014286,3.942857,1.3857143,4.4,5.7714286,16.62857,3.8951635e-05,0.005399719,-7.2791902999999985e-25,3.7252903e-09,0.0,True
2003-05-12,105.13,32.4,16.514286,22.028574,11.3,70.54286,3.3428571,0.84285724,3.5285716,5.6857142,19.5,0.00015608966,0.004835449,-7.2791902999999985e-25,0.0,0.0,True
2003-05-19,105.1,8.1,12.157144,17.314287,7.1,72.61429,2.6571429,1.5714285,2.8428571,5.6857142,15.6,0.0001937002,0.004388869,-7.2791902999999985e-25,0.0,0.0,True
2003-05-26,105.09,2.3,16.37143,21.257143,11.157143,66.28571,3.5571425,1.6714286,4.0142856,5.6857142,18.4,7.810444e-05,0.003977768,-7.2791902999999985e-25,7.450581e-09,0.0,True
2003-06-02,105.07,0.3,18.97143,25.585714,11.214286,58.94286,4.3,0.88571435,4.7285714,5.3714285,22.114286,9.3355775e-06,0.003577277,-7.2791902999999985e-25,0.0,0.0,True
2003-06-09,105.04,1.0,22.571428,28.67143,15.414286,58.12857,5.142857,1.9428571,5.542857,5.1857142,24.9,5.90384e-05,0.0031761453,-7.2791902999999985e-25,3.7252903e-09,0.0,True
2003-06-16,105.01,6.0,20.542858,26.085714,13.571428,57.600002,4.671428,1.7,5.1,5.142857,24.557142,2.8297305e-05,0.0028055608,-7.2791902999999985e-25,0.0,0.0,True
2003-06-23,104.98,9.5,18.485716,23.542858,12.67143,61.87143,3.957143,1.9571428,4.4,5.0857143,20.8,0.00010418892,0.0025023445,-7.2791902999999985e-25,7.450581e-09,0.0,True
2003-06-30,104.98536108903797,7.1,19.5,25.714285,12.942857,57.3,4.4428573,1.1857141,4.957143,4.6714287,22.6,4.246831e-06,0.0022381097,-7.2791902999999985e-25,3.7252903e-09,0.0,True
2003-07-07,104.94,15.099999,16.514286,20.385714,13.6,75.35714,2.7714288,1.7857141,3.1142857,4.9428573,19.114286,7.24867e-05,0.0020084158,-7.2791902999999985e-25,1.4901161e-08,0.0,True
2003-07-14,104.9,3.6,18.142857,23.314285,11.942858,60.657143,3.8999999,1.3714285,4.3285713,4.542857,21.414286,2.5302172e-05,0.001829341,-7.2791902999999985e-25,7.450581e-09,0.0,True
2003-07-21,104.87,12.7,23.028574,29.985714,15.528572,57.228573,5.0285716,1.7999998,5.414286,4.285714,24.928572,5.3189695e-05,0.0016357526,-7.2791902999999985e-25,0.0,0.0,True
2003-07-28,104.83,39.0,21.557144,27.571428,16.828571,71.22857,3.842857,2.4285715,4.042857,4.4714284,24.642857,0.00021740794,0.0014612973,-7.2791902999999985e-25,7.450581e-09,0.0,True
2003-08-04,104.77,2.1,22.628572,28.628572,16.557142,67.71429,3.7285717,2.0428574,4.4,4.4428573,25.12857,4.9367547e-05,0.0013354421,-7.2791902999999985e-25,3.7252903e-09,0.0,True
2003-08-11,104.73,0.0,23.085714,30.385715,14.6,48.68572,4.657143,0.7714286,5.4857144,3.8857143,25.928572,0.0,0.0012035072,-7.2791902999999985e-25,3.7252903e-09,0.0,True
2003-08-18,104.7,3.4,22.0,29.414286,13.985715,50.785713,4.2285714,0.64285713,4.9857144,3.7428572,24.014286,3.6031008e-05,0.0010779724,-7.2791902999999985e-25,5.5879354e-09,0.0,True
2003-08-25,104.64,0.3,19.27143,24.914288,14.071428,63.200005,3.2285712,0.55714285,3.7,3.7428572,22.071428,1.3142824e-05,0.0009824559,-7.325276e-25,5.5879354e-09,0.0,True
2003-09-01,104.59,10.3,15.957144,21.585714,11.157143,66.98572,2.5000002,0.82857144,3.1571429,3.8285713,18.514286,2.488494e-05,0.0009043291,-7.345365000000001e-25,5.5879354e-09,0.0,True
2003-09-08,104.54,0.9,15.385715,21.514286,9.671428,62.34286,2.4714284,1.1142857,3.1000001,3.9,16.885714,2.1323562e-05,0.00084263086,-7.345365000000001e-25,1.8626451e-09,0.0,True
2003-09-15,104.5,6.9,14.085714,18.728573,10.67143,79.957146,1.5142857,1.1,1.7857143,4.4428573,16.257143,0.00018429756,0.00078859925,-7.345365000000001e-25,3.7252903e-09,0.0,True
2003-09-22,104.47,0.0,18.728573,27.7,10.67143,60.914284,2.5,1.4857143,3.457143,4.1857142,18.414286,0.0,0.0007421896,-7.345365000000001e-25,3.7252903e-09,0.0,True
2003-09-29,104.43631023551016,5.4,13.085715,18.9,7.828572,67.314285,1.5714284,0.7285715,2.1571429,3.8285713,14.9,5.4508448e-05,0.0006965026,-7.345365000000001e-25,3.7252903e-09,0.0,False
2003-10-06,104.42,10.4,10.757143,14.485715,6.142857,80.72858,0.95714283,0.6857143,1.2285715,4.0285716,12.1,7.991493e-05,0.00066158175,-7.345365000000001e-25,5.5879354e-09,0.0,True
2003-10-13,104.39,6.5,9.457144,13.1,6.3,76.98572,1.0,0.87142855,1.4428571,4.928571,9.6285715,0.00016190112,0.0006335825,4.8251377e-07,8.998439e-06,8.653849e-06,True
2003-10-20,104.33,0.0,4.4428573,9.6,-0.27142859,78.08571,0.67142856,0.5,0.85714287,4.7285714,6.4857144,9.23872e-06,0.00060777366,-7.345365000000001e-25,0.0,0.0,True
2003-10-27,104.3,11.6,2.1142857,4.8857145,-0.82857144,83.24286,0.44285718,0.35714287,0.62857145,4.9,3.6142857,0.00013599917,0.0005857572,0.00027307443,0.00064037926,0.0008370206,True
2003-11-03,104.25,9.4,6.5142856,10.071428,3.0428574,78.057144,0.5714286,0.4714286,1.0285715,5.114286,5.1571426,6.599724e-05,0.0005664453,4.6270234e-05,0.0001550708,0.0,True
2003-11-10,104.22,0.0,5.4857144,9.528572,2.1857142,82.48572,0.38571432,0.2857143,0.6,5.1,4.928571,2.2277236e-06,0.0005490184,-7.345365000000001e-25,1.4714897e-07,0.0,True
2003-11-17,104.19,8.3,3.614286,7.5,0.7714285,78.28571,0.3857143,0.31428573,0.62857145,5.1,2.3714285,8.273125e-05,0.0005332306,-7.345365000000001e-25,1.4901161e-08,1.4901161e-08,True
2003-11-24,104.16,0.4,8.714286,11.728572,6.057143,82.17143,0.41428572,0.34285715,0.7428571,5.714286,6.9714284,3.4928322e-05,0.0005196631,-7.345365000000001e-25,5.5879354e-09,0.0,True
2003-12-01,104.11,12.4,6.9857144,9.314286,5.085715,90.24286,0.18571429,0.18571429,0.32857147,6.071429,5.8,0.00011649728,0.00050747395,-7.345365000000001e-25,0.0,0.0,True
2003-12-08,104.08,1.4,2.6285713,5.614286,0.4714286,85.78571,0.24285714,0.22857143,0.27142859,6.4428573,2.6,3.2238662e-05,0.00049682707,0.0003797213,2.1029264e-06,0.0012990199,True
2003-12-15,104.05,28.400002,2.8428574,6.4428573,-1.1,78.14286,0.4857143,0.45714283,0.7428571,7.1,0.87142855,0.00033538043,0.00048770756,0.0010405893,0.0014195945,0.004536286,True
2003-12-22,104.03,5.2,2.7428572,5.9000006,-0.20000002,82.52857,0.3857143,0.3857143,0.55714285,8.385715,1.4571428,0.000108748674,0.0004805699,0.0031523535,0.0052207354,0.004346244,True
2003-12-29,104.00380583874684,0.0,0.15714283,3.2,-2.6000001,73.62858,0.27142856,0.21428572,0.7714286,8.485714,-0.17142858,3.2022595e-05,0.00047595054,0.0025015955,0.0022254381,0.00030023977,True
2004-01-05,104.01,3.1,-3.614286,-0.90000004,-6.557143,86.314285,0.1,0.1,0.17142858,8.4,0.05,6.631017e-07,0.00047268718,0.0032221307,1.7508864e-05,0.0061305463,True
2004-01-12,103.99,15.1,0.71428573,3.2142856,-2.7714286,87.457146,0.21428572,0.21428572,0.42857143,9.3,-0.32857144,0.001010023,0.0004704073,0.008158411,0.017916886,0.01733343,True
2004-01-19,103.94,20.8,2.8,5.357143,0.0285714,81.37144,0.48571426,0.48571426,0.8,10.385715,0.7,0.00048760325,0.000475958,0.0043499186,0.01089534,0.016565125,True
2004-01-26,103.94,1.8,-5.3428574,-1.9428571,-8.442857,85.28571,0.028571429,0.028571429,0.24285714,10.442857,-0.2,1.0848045e-05,0.00050169975,0.02026454,0.0002949275,0.012274701,True
2004-02-02,103.93,19.400002,2.2142856,4.6285715,-0.1714286,77.8,0.48571426,0.48571426,0.9285714,10.4,0.7714286,0.0013751164,0.0006217882,0.021533126,0.032865547,0.010902356,True
2004-02-09,103.94,15.9,9.0,11.871429,6.457143,72.37143,1.2142857,1.1999999,1.7857143,10.442857,6.3142858,0.00024814904,0.0006415248,0.00093289785,0.00081747957,0.00851066,True
2004-02-16,103.97,5.7000003,1.2285715,3.2285714,-1.4,87.942856,0.3,0.3,0.42857143,10.471429,0.94285715,0.0005669445,0.0007711053,0.0105554145,0.017360492,0.012656506,True
2004-02-23,104.02,1.5,0.55714285,3.0714285,-1.7571429,73.685715,0.65714294,0.61428577,0.9285714,10.1,0.64285713,7.502735e-05,0.0009848699,0.0037098725,0.0020693317,0.0043004192,True
2004-03-01,104.01,5.7,-1.1,2.2571428,-3.957143,77.48572,0.45714286,0.4,0.7571429,9.942857,0.14285715,4.325062e-05,0.0012010783,0.006107495,0.0017301161,0.00823085,True
2004-03-08,104.03,2.7,-0.12857142,3.0857143,-3.1714287,75.77143,0.64285713,0.59999996,0.88571423,9.885715,0.6142857,0.00022175163,0.0013778508,0.0073120254,0.007064678,0.005661335,True
2004-03-15,104.03,4.9,4.785714,8.6285715,1.6857144,76.15715,1.1571429,1.0428572,1.3714286,9.642858,3.642857,0.0003039986,0.0015443265,0.0059589543,0.012914905,0.0076320805,True
2004-03-22,104.05,10.099999,11.057143,16.257143,6.2428575,68.78571,1.9857142,1.7857143,2.2857144,9.171429,9.914286,0.00020284951,0.0017019659,1.5082814e-05,0.00016495958,0.0,True
2004-03-29,104.07052244560585,7.1,3.2000003,6.914286,-0.5285714,77.38572,1.0,0.8714286,1.2142857,9.228572,4.9428573,0.00025381893,0.0018468127,0.0017003218,0.002535209,0.0037909225,True
2004-04-05,104.06,3.3,10.114286,15.728572,4.0,60.84286,2.5428574,2.1285713,2.742857,8.6,10.0,0.000103354454,0.001984626,0.00013121536,0.0009951871,0.0,True
2004-04-12,104.09,5.0,6.042857,10.5,2.3,78.14286,1.4714285,1.2857143,1.6857144,8.657143,8.285714,8.110702e-05,0.0020636097,-7.2791902999999985e-25,7.450581e-09,0.0,True
2004-04-19,104.11,2.5,11.157144,16.528572,5.0,65.01429,2.4857142,1.8714284,2.6571429,7.9714284,12.685715,3.7051737e-05,0.0020887703,-7.2791902999999985e-25,0.0,0.0,True
2004-04-26,104.12,11.099999,11.071428,16.671429,5.9,74.71429,2.2571428,1.6714286,2.3428571,7.3,13.885715,0.00021062046,0.0020691603,-7.2791902999999985e-25,1.8626451e-09,0.0,True
2004-05-03,104.14,5.7,14.557143,19.885714,8.357142,66.4,3.4571426,2.1000001,3.3428571,6.457143,16.514286,4.942715e-05,0.0020309836,-7.2791902999999985e-25,3.7252903e-09,0.0,True
2004-05-10,104.14,49.5,12.5,16.728573,7.9428573,78.94286,2.2714286,1.7571429,2.2,6.757143,14.885715,0.00075237453,0.0019848198,-7.2791902999999985e-25,0.0,0.0,True
2004-05-17,104.11,8.8,11.571428,15.285714,7.642857,81.85714,2.0857143,1.7,2.1,7.242857,14.557143,0.00029598176,0.0019500926,-7.2791902999999985e-25,0.0,0.0,True
2004-05-24,104.115,12.6,11.2,15.657144,6.957143,74.457146,2.8428571,2.1000001,2.7142856,6.8428574,14.928572,0.00031355023,0.0019157082,-7.2791902999999985e-25,3.7252903e-09,0.0,True
2004-05-31,104.1171898932831,0.5,12.871429,18.428572,5.828572,66.52857,3.1714284,2.0142856,3.385714,6.5,16.571428,4.5135617e-05,0.0018840432,-7.2791902999999985e-25,0.0,0.0,True
2004-06-07,104.13,9.1,15.242857,20.185715,10.485715,77.18572,2.885714,1.7142856,2.9428573,6.8285713,18.757143,0.00035043806,0.001845561,-7.2791902999999985e-25,0.0,0.0,True
2004-06-14,104.1,12.199999,18.071428,22.928572,13.400001,75.34286,3.4285715,2.4571426,3.642857,6.6285715,21.0,0.00038450956,0.0018042773,-7.2791902999999985e-25,1.1175871e-08,0.0,True
2004-06-21,104.11,24.099998,14.571428,19.77143,9.771429,73.72858,3.057143,2.5285714,3.2285714,6.542857,17.585714,0.00023769587,0.0017640218,-7.2791902999999985e-25,7.450581e-09,0.0,True
2004-06-28,104.1,2.5,16.585714,21.357143,11.028572,65.48571,3.785714,2.8285713,4.0857143,5.9428573,19.2,9.174645e-05,0.0017209128,-7.2791902999999985e-25,7.450581e-09,0.0,True
2004-07-05,104.1,16.4,16.4,22.114286,11.814285,68.25715,3.6142857,2.357143,3.885714,5.3,19.442858,0.0001359731,0.0016667917,-7.2791902999999985e-25,0.0,0.0,True
2004-07-12,104.08,15.6,16.571428,21.77143,11.842857,69.48571,3.414286,2.3999999,3.8428571,5.9857144,19.585714,0.00032030046,0.0016079843,-7.2791902999999985e-25,1.1175871e-08,0.0,True
2004-07-19,104.03,4.3,18.800001,23.657145,14.357142,73.02857,3.1,2.4714284,3.7999997,6.0285716,20.557142,8.495152e-05,0.0015553683,-7.284705e-25,9.313226e-09,0.0,True
2004-07-26,104.01,38.7,19.714285,25.057144,14.685715,74.92857,3.2999997,2.7857144,3.6714287,6.5285716,23.257143,0.0012213811,0.0014937147,-7.345365000000001e-25,5.5879354e-09,0.0,True
2004-08-02,103.97,0.0,19.028574,25.157145,12.214286,66.11429,3.642857,2.7428572,4.1142855,6.1285715,22.442858,5.4739416e-05,0.001437664,-7.345365000000001e-25,3.7252903e-09,0.0,True
2004-08-09,103.94,0.0,22.157145,28.657145,14.1285715,57.457146,4.571429,2.0142858,5.057143,5.0857143,24.185715,2.1755695e-06,0.0013721213,-7.345365000000001e-25,3.7252903e-09,0.0,True
2004-08-16,103.92,17.1,21.100002,27.34286,14.857142,63.714287,3.6857145,1.6142856,4.1714287,4.757143,22.957144,5.2399933e-05,0.0012968481,-7.345365000000001e-25,3.7252903e-09,0.0,True
2004-08-23,103.88,5.0,18.914288,24.642857,14.071428,67.42857,2.8142858,1.5714285,3.4285715,4.8142858,21.1,7.601082e-05,0.0012301281,-7.345365000000001e-25,1.8626451e-09,0.0,True
2004-08-30,103.85916916050144,17.7,16.942858,21.300001,13.485715,77.17143,1.9714288,1.6571429,2.4857142,5.714286,18.4,0.0001193881,0.0011720657,-7.345365000000001e-25,9.313226e-09,0.0,True
2004-09-06,103.85,0.0,17.0,23.942858,9.814286,66.98572,2.5571427,1.7142857,3.2714286,5.6857142,18.885714,2.7045608e-06,0.0011178255,-7.345365000000001e-25,1.8626451e-09,0.0,True
2004-09-13,103.82,11.9,15.785714,21.985716,9.657144,63.81429,2.3857143,1.4857142,3.0571427,4.8285713,17.928572,5.760789e-05,0.0010569319,-7.345365000000001e-25,3.7252903e-09,0.0,True
2004-09-20,103.8,0.2,15.085715,20.985716,9.342857,65.77143,2.1714284,1.0571429,2.7428572,4.6285715,16.642857,6.2659383e-06,0.0010041073,-7.345365000000001e-25,1.8626451e-09,0.0,True
2004-09-27,103.77,16.5,11.3714285,14.114286,8.857142,82.971436,1.2142859,0.9714287,1.4285715,4.9857144,12.442857,0.00013682246,0.00095941126,-7.345365000000001e-25,1.1175871e-08,0.0,True
2004-10-04,103.72,10.4,12.242858,16.84286,7.6857142,83.057144,1.0285714,0.8142857,1.3428571,5.5857143,13.242857,5.3152442e-05,0.00092639774,-7.345365000000001e-25,3.7252903e-09,0.0,True
2004-10-11,103.7,9.0,10.528572,15.557143,6.3428574,80.17143,1.0285714,0.78571427,1.3285714,5.542857,12.357142,4.4055283e-05,0.0008904189,-7.345365000000001e-25,3.7252903e-09,0.0,True
2004-10-18,103.69,10.299999,7.9,11.0,4.928571,75.21429,0.7571429,0.5857143,1.3571428,5.4857144,7.9,7.851422e-05,0.00085856766,-7.345365000000001e-25,3.7252903e-09,0.0,True
2004-10-25,103.66,4.1,12.728571,18.4,7.214286,71.94286,1.0571429,0.85714287,1.5714285,5.571429,10.885715,5.866587e-05,0.00082963705,-7.345365000000001e-25,5.5879354e-09,0.0,True
2004-11-01,103.61,15.799999,10.657144,13.2,8.5,90.557144,0.3857143,0.31428573,0.5142857,5.6,10.742857,0.00023494661,0.00080356,-7.345365000000001e-25,0.0,0.0,True
2004-11-08,103.59,15.2,8.157144,10.3,6.2428575,86.25715,0.3857143,0.34285715,0.54285717,5.9428573,7.9428573,0.00014671683,0.0007830709,8.248147e-06,2.4344772e-05,5.301088e-05,True
2004-11-15,103.58,21.6,3.2000003,5.642857,0.50000006,88.35714,0.31428573,0.3,0.32857147,6.9,3.1285715,0.00059725344,0.0007671043,0.0029491414,0.0075579695,0.008189265,True
2004-11-22,103.58,46.6,4.3428574,7.285714,1.5428572,88.25715,0.51428574,0.51428574,0.5142857,8.271428,3.5142858,0.0019355193,0.0010773614,0.005615325,0.014696728,0.017220408,True
2004-11-29,103.59140724437516,2.6,2.8999999,5.9428573,0.21428578,82.98572,0.34285712,0.34285712,0.45714286,9.157143,2.057143,0.0005919188,0.0008057952,0.00076113426,0.0035997313,8.1609935e-05,True
2004-12-06,103.58,2.1000001,3.4714284,5.542857,0.78571427,87.328575,0.17142858,0.17142858,0.2857143,9.271428,2.442857,2.6293099e-05,0.0009135455,4.13713e-05,0.00015468337,1.1175871e-08,True
2004-12-13,103.57,0.0,0.6714286,3.0714285,-1.0142858,85.24286,0.10000001,0.10000001,0.21428572,9.171429,0.9714286,7.778406e-06,0.0010221452,5.0834245e-05,1.745671e-05,0.00021098927,True
2004-12-20,103.59,6.4,-0.17142859,2.7428572,-2.5714285,82.07143,0.25714287,0.24285717,0.41428572,9.314285,-0.55714285,8.1151724e-05,0.0011173189,0.002123526,0.0005606655,0.0065731443,True
2004-12-27,103.57,20.0,2.4285715,5.4000006,-0.5428571,85.5,0.34285715,0.34285715,0.4857143,9.857142,0.6571429,0.0003670901,0.0012006685,0.004839403,0.007858466,0.018153474,True
2005-01-03,103.57,5.4,3.8142858,5.8,1.9714286,81.41429,0.22500001,0.22500001,0.6857143,10.225,0.95,0.00061430037,0.0013130307,0.00860623,0.017774547,0.002491597,True
2005-01-10,103.58,2.4,7.1714287,10.1285715,3.9285715,72.1,0.9285715,0.9142857,1.2142857,10.185715,4.0571427,0.0002111867,0.0015963316,0.000112085116,0.0011174474,0.0,True
2005-01-17,103.59,0.4,3.4428573,6.2428575,0.44285712,78.4,0.42857143,0.38571426,0.64285713,9.828571,2.1571429,5.801022e-05,0.0019489005,0.0004996175,0.00055029243,0.0013183914,True
2005-01-24,103.61,35.5,1.757143,3.8285716,0.0,83.67143,0.5714286,0.55714285,0.6571428,10.457143,1.0428572,0.0008631572,0.002240263,0.004105744,0.002903415,0.017640136,True
2005-01-31,103.60944719104224,17.9,-3.1142857,-1.3142859,-4.8857145,86.91429,0.057142857,0.057142857,0.31428573,10.442857,0.27142859,0.00021313131,0.0026466846,0.023432795,0.00432832,0.01985035,True
2005-02-07,103.62,7.1,-0.7285715,2.2,-3.414286,78.51429,0.34285715,0.3571429,0.58571434,10.4,0.22857143,0.0003007576,0.0030560717,0.029645823,0.0058088824,0.004355397,True
2005-02-14,103.63,19.900002,1.4857143,4.8285713,-1.8428572,76.78571,0.55714285,0.55714285,0.90000004,10.542857,0.3857143,0.0021566302,0.0057865456,0.014651088,0.025798645,0.006769184,True
2005-02-21,103.65,5.0,-1.3857144,0.6428572,-3.8142858,84.64286,0.12857142,0.12857142,0.4857143,10.485714,0.14285715,2.2761524e-05,0.006309949,0.01902481,0.0010144468,0.017164726,True
2005-02-28,103.69,8.3,-3.7000003,-1.2571429,-6.8142858,85.84286,0.057142857,0.057142857,0.44285712,10.342857,0.1,3.7103891e-06,0.007338077,0.031206159,0.00018314458,0.016319953,True
2005-03-07,103.72,0.4,-4.0,0.2857143,-7.657143,69.84286,0.057142857,0.057142857,0.88571423,10.3,0.1,2.9802322e-08,0.0075114295,0.037801273,0.0,0.0072830655,True
2005-03-14,103.72,9.2,0.6714286,3.3285716,-2.5,78.07143,0.7285714,0.7285714,1.0,10.285714,0.41428572,0.00033397973,0.0074583516,0.0433078,0.012332765,0.012363486,True
2005-03-21,103.74,7.5,6.8142858,11.728572,2.1857145,66.9,1.6857144,1.5285714,1.9714286,9.814285,6.457143,0.0024779588,0.009264864,0.0092823105,0.04072678,0.00077579916,True
2005-03-28,103.79,5.0,8.900001,14.085715,3.7000003,75.74286,1.4,1.1285714,1.6428572,9.385715,9.285714,0.00010730326,0.010217801,4.9812454e-05,0.00025629438,0.0,True
2005-04-04,103.87,0.0,8.228571,15.400001,0.11428571,51.42857,2.8428571,2.1714284,3.0285716,8.7,9.585714,2.8014183e-06,0.010385476,-7.345365000000001e-25,1.5832484e-07,0.0,True
2005-04-11,103.92,8.7,8.785714,13.742858,4.257143,73.72858,1.9,1.6142856,1.9857142,7.928571,10.285714,0.0002926588,0.00996317,2.0776477e-06,9.011477e-06,1.2081116e-05,True
2005-04-18,103.95,0.0,12.6285715,18.614286,6.3,69.97143,2.5571427,1.6999999,2.7857144,7.4142857,14.085714,4.632771e-05,0.009405769,5.336035e-07,3.1404197e-06,0.0,True
2005-04-25,103.96,2.6,8.071428,13.528572,1.6285715,57.657143,2.6285713,1.2714287,2.857143,7.0,12.271428,1.7225742e-05,0.008719593,-7.345365000000001e-25,1.1175871e-08,1.1175871e-08,True
2005-05-02,104.01,5.9,14.471429,20.685715,7.428571,66.52857,3.1571429,1.4428571,3.357143,6.8285713,15.942857,7.3194504e-05,0.007984728,-7.345365000000001e-25,0.0,0.0,True
2005-05-09,104.02,26.099998,10.6,14.871429,7.285714,77.91429,2.2285714,1.5,2.3,6.8,13.714286,0.0003594756,0.0072394535,3.093765e-06,4.493259e-05,4.6132132e-05,True
2005-05-16,104.03,20.9,10.014285,15.1285715,4.828572,72.37143,2.5142856,2.0857143,2.6000001,7.357143,13.185715,0.000109903514,0.0065887347,2.4409522e-07,1.9483268e-06,0.0,True
2005-05-23,104.04,22.699999,12.771429,17.414286,7.728572,76.957146,2.5142858,2.0857143,2.5714285,7.428571,15.757143,0.00027932227,0.0060061663,-7.345365000000001e-25,0.0,0.0,True
2005-05-30,104.06116854023924,0.9,19.857143,26.571428,12.271429,64.65714,4.642857,3.4142857,5.057143,6.7714286,23.071428,2.1770597e-05,0.0054558218,-7.345365000000001e-25,0.0,0.0,True
2005-06-06,104.04,6.5,14.571428,19.157145,9.414286,66.97143,3.0714285,1.9285715,3.6,6.1571426,18.071428,0.00014859438,0.0049159825,-7.345365000000001e-25,3.7252903e-09,0.0,True
2005-06-13,104.03,8.3,11.928572,16.485714,6.857143,68.11429,2.7000003,1.9714285,3.1142857,6.1571426,14.8714285,8.518994e-05,0.004482478,-7.345365000000001e-25,0.0,0.0,True
2005-06-20,104.03,13.7,18.785715,24.485716,12.314286,68.61429,4.1714287,1.9,4.5142856,5.6285715,22.171429,0.00012041628,0.0040682703,-7.345365000000001e-25,3.7252903e-09,0.0,True
2005-06-27,104.01,31.0,20.585714,26.942858,13.657143,64.5,5.0,1.8428571,5.1857142,5.257143,25.0,9.018183e-05,0.0036459118,-7.345365000000001e-25,3.7252903e-09,0.0,True
2005-07-04,104.01,22.3,18.642857,23.571428,13.1,71.62858,3.9714286,1.8571428,3.9142857,5.4,22.942858,0.00015132129,0.0032828972,-7.345365000000001e-25,3.7252903e-09,0.0,True
2005-07-11,103.95,48.2,15.914286,21.300001,12.17143,82.07143,2.6,2.3285713,2.7000003,7.3,19.528572,0.00054730475,0.0030113235,-7.345365000000001e-25,7.450581e-09,0.0,True
2005-07-18,103.95,8.7,20.985716,27.414288,13.771429,63.985718,4.6,3.4285715,4.942857,6.6714287,24.9,3.6522746e-05,0.0027756244,-7.345365000000001e-25,0.0,0.0,True
2005-07-25,103.96,24.800001,16.857143,21.128572,13.185715,75.614296,2.8428571,2.4285715,3.0428574,7.3,18.985714,0.00030721724,0.002569124,-7.345365000000001e-25,1.4901161e-08,0.0,True
2005-08-01,103.94,15.799999,21.757143,27.714285,16.057142,67.7,3.957143,3.4428573,4.8857145,7.885714,23.971428,0.0034876987,0.0023873076,-7.345365000000001e-25,1.1175871e-08,0.0,True
2005-08-08,103.93,14.2,15.042857,19.685715,10.7,77.15715,2.5285714,2.3714287,3.0285716,7.9,18.942858,0.00029857457,0.0022239462,-7.345365000000001e-25,3.7252903e-09,0.0,True
2005-08-15,103.92,11.599999,14.771429,19.014286,11.042857,78.8,2.142857,2.0142856,2.4714284,8.042857,16.785715,0.00020578504,0.0020988658,-7.345365000000001e-25,7.450581e-09,0.0,True
2005-08-22,103.9,31.7,18.87143,25.057144,12.885715,73.92857,2.9714284,2.4714284,3.5285714,7.614286,21.3,0.00015676022,0.0019907728,-7.345365000000001e-25,3.7252903e-09,0.0,True
2005-08-29,103.86348595556542,6.0,16.557142,21.557144,11.900001,77.74286,2.2714286,1.9142857,2.6142857,7.7285714,19.414286,0.00010640919,0.0018918216,-7.345365000000001e-25,7.450581e-09,0.0,False
2005-09-05,103.89,0.0,19.242857,25.37143,13.371429,72.58572,2.8,2.0714285,3.2142856,7.3142858,21.8,2.0727515e-05,0.0017920509,-7.345365000000001e-25,3.7252903e-09,0.0,True
2005-09-12,103.9,40.4,19.414288,25.485716,14.1285715,74.042854,2.357143,1.6285714,3.0285716,6.8285713,21.414286,0.00018772483,0.0016924217,-7.345365000000001e-25,1.8626451e-09,0.0,True
2005-09-19,103.91,15.0,12.942857,18.528574,8.2,80.88572,1.557143,1.3000001,1.8142856,7.2714286,15.8714285,0.001087606,0.0016150549,-7.345365000000001e-25,3.7252903e-09,0.0,True
2005-09-26,103.87,1.6,13.400001,20.885715,6.657143,75.74286,1.6428573,1.2714285,2.0714285,7.0857143,15.557143,5.3584576e-05,0.0015465394,-7.345365000000001e-25,0.0,0.0,True
2005-10-03,103.89,21.199999,11.842857,15.942858,8.671429,85.94286,0.8714285,0.78571427,1.2142857,7.7,13.271428,0.00033293664,0.0014879629,-7.345365000000001e-25,1.8626451e-09,0.0,True
2005-10-10,103.87,0.0,13.557143,19.628572,8.614285,76.35714,1.3000001,1.0714285,1.8571428,7.957143,14.114285,5.5134296e-07,0.0014403537,-7.345365000000001e-25,3.7252903e-09,0.0,True
2005-10-17,103.86,0.0,9.828572,15.985715,4.785714,75.6,0.95714283,0.71428573,1.2714287,7.5285716,11.357142,8.493662e-07,0.0013942197,-7.345365000000001e-25,1.8626451e-09,0.0,True
2005-10-24,103.88,9.6,10.142858,14.314286,6.0285716,78.5,0.85714287,0.6857143,1.2142857,7.4,10.485714,7.478893e-05,0.001355581,-7.345365000000001e-25,5.5879354e-09,0.0,True
2005-10-31,103.8436059355144,0.4,12.071428,16.928572,8.242857,72.457146,0.9142857,0.71428573,1.4714286,7.7285714,10.557143,2.7865171e-06,0.001319468,-7.345365000000001e-25,7.450581e-09,0.0,True
2005-11-07,103.85,5.2,8.7,12.742858,5.014286,84.614296,0.51428574,0.42857143,0.71428573,7.642857,8.471429,7.583201e-05,0.0012854338,-7.345365000000001e-25,3.7252903e-09,0.0,True
2005-11-14,103.83,0.2,7.071429,11.385715,3.457143,83.685715,0.38571426,0.27142859,0.5285714,7.614286,6.3714285,2.3841858e-06,0.0012556165,-7.345365000000001e-25,0.0,0.0,True
2005-11-21,103.82,29.599998,2.2714286,4.3,0.10000001,91.21429,0.21428573,0.21428573,0.32857147,8.485714,2.4142857,0.00031718612,0.0012280941,0.0029671874,0.004599817,0.011073437,True
2005-11-28,103.79,1.2,-0.10000002,2.4142857,-2.3142858,83.21429,0.17142858,0.14285715,0.44285712,8.757143,0.5285714,4.8980117e-05,0.0012066513,0.008082975,0.0021991543,0.0050513,True
2005-12-05,103.78,6.7,1.6428572,4.2000003,-1.3285714,82.98572,0.18571432,0.15714286,0.45714286,8.857142,-0.057142857,0.00024567544,0.0011908635,0.0076042754,0.006106386,0.0013645999,True
2005-12-12,103.77,7.1,2.0571427,3.8857143,-0.20000005,90.54286,0.11428572,0.11428572,0.27142856,8.942857,0.64285713,0.0001322329,0.0011801198,0.0022043728,0.004025221,0.00083327666,True
2005-12-19,103.77,32.5,2.0857143,3.8142858,0.5714286,89.07143,0.3428571,0.3428571,0.44285718,9.571428,1.3285714,0.00044089556,0.001177758,0.005591875,0.0014161505,0.021384168,True
2005-12-26,103.74,11.5,2.5571427,4.542857,0.50000006,89.28571,0.25714287,0.25714287,0.31428573,10.3,1.6857142,0.00094059855,0.0012323856,0.0063493764,0.023096386,0.002634108,True
2006-01-02,103.74,8.3,-2.557143,0.27142856,-6.471429,87.42857,0.02,0.02,0.24285714,10.48,0.18,0.00012271106,0.0014644414,0.007782885,0.0045235977,0.01321014,True
2006-01-09,103.73,0.5,-1.0857142,0.5857143,-2.642857,86.98572,0.057142857,0.057142857,0.2857143,10.228572,0.071428575,1.4603138e-05,0.0017190874,0.015246777,0.0005915463,0.0074196495,True
2006-01-16,103.74,1.6,-2.7857144,1.0000001,-5.5285716,80.48572,0.08571429,0.08571429,0.3,10.1,-0.6,2.8207898e-05,0.0019378886,0.016216641,0.0013193339,0.0014794208,True
2006-01-23,103.72,22.0,-4.285714,-0.81428576,-7.3857145,85.91429,0.10000001,0.10000001,0.3,10.542857,-0.8,0.0015734285,0.00211782,0.019124594,0.014610097,0.015400264,True
2006-01-30,103.73217088251988,0.0,-7.1285715,-2.5142858,-10.885715,72.17143,0.0,0.0,0.37142858,10.328571,-3.142857,1.9073486e-06,0.0024058,0.016108355,7.439777e-05,4.735589e-05,True
2006-02-06,103.75,11.9,-4.571429,-1.1428572,-8.685715,88.85714,0.028571429,0.028571429,0.20000002,10.228572,-1.7285714,6.4224005e-06,0.00269261,0.017454067,0.0002611652,0.0056912377,True
2006-02-13,103.77,26.1,0.64285713,2.3428571,-1.1571429,87.685715,0.3857143,0.3857143,0.45714286,10.842857,-0.014285714,0.0050290376,0.002971664,0.023632498,0.014898321,0.024131201,True
2006-02-20,103.77,4.7000003,2.2428572,5.3428574,-0.94285715,82.28571,0.54285717,0.54285717,0.67142856,10.342857,0.4,0.0020259693,0.0035122782,0.017435052,0.022816451,0.0006142035,True
2006-02-27,103.72,0.2,-1.6,0.85714287,-3.7714286,82.18572,0.2857143,0.2857143,0.64285713,10.142858,-0.014285714,1.5199184e-05,0.0046754554,0.00977905,0.00038951822,0.0056815185,True
2006-03-06,103.75,12.299999,-0.9857143,2.3714287,-4.1285715,75.94286,0.51428574,0.4857143,0.9285714,10.1,-0.071428575,5.3733587e-05,0.005523078,0.012271984,0.0020279232,0.007866267,True
2006-03-13,103.74,32.3,-1.4142859,1.4428571,-4.542857,84.32857,0.2857143,0.27142859,0.67142856,10.471429,0.0,0.0004778579,0.005908251,0.018477956,0.009734586,0.025990598,True
2006-03-20,103.74,2.3,-0.40000004,1.7285715,-2.1000001,87.25714,0.37142855,0.37142855,0.6571428,10.257143,0.0,0.00027035922,0.006294653,0.029035296,0.011140196,0.0063208714,True
2006-03-27,103.76,11.700001,4.8285713,9.471429,0.61428577,72.457146,1.3142856,1.1999999,1.5285714,9.971429,3.357143,0.0015100092,0.007919401,0.0095713595,0.021603476,0.00075856596,True
2006-04-03,103.8,13.8,10.285714,14.257143,6.571429,72.957146,1.8142859,1.8000001,2.042857,10.042857,9.328571,0.00035214424,0.008975126,1.2590772e-05,0.00012626313,0.0,True
2006-04-10,103.91,0.2,5.714286,10.400001,1.0714285,65.24286,1.8857144,1.6285715,2.0714285,9.657143,7.5571427,7.95275e-05,0.010204829,2.79858e-06,1.0391697e-05,1.1265278e-05,True
2006-04-17,104.01,13.1,8.1,11.942858,3.857143,75.25715,1.6571428,1.5285714,1.7857143,9.3714285,8.728572,0.0001693368,0.010126516,1.8505823e-06,1.5409663e-05,1.4979392e-05,True
2006-04-24,104.09,1.6,11.642858,16.97143,6.3142858,70.62858,2.542857,2.0714285,2.6714287,8.985714,14.014286,0.00024743378,0.009717785,-7.345365000000001e-25,0.0,0.0,True
2006-05-01,104.16,11.4,10.642858,16.071428,5.157143,76.37144,2.2571428,1.9285715,2.3857143,8.714286,14.185715,0.00031084567,0.009156093,-7.345365000000001e-25,0.0,0.0,True
2006-05-08,104.2,0.0,14.942858,21.814287,7.071429,55.11429,4.3714285,3.1714287,4.342857,7.8142858,17.057142,1.0058284e-05,0.008536771,-7.345365000000001e-25,3.7252903e-09,0.0,True
2006-05-15,104.23,2.5,14.728572,21.128572,6.642857,60.82857,3.885714,1.8285716,3.8714287,6.5571427,18.0,5.00381e-05,0.0077838227,-7.345365000000001e-25,0.0,0.0,True
2006-05-22,104.24,9.8,15.228572,20.514286,9.857142,69.62858,3.2285714,2.1285713,3.5,6.5571427,16.542856,0.00017218292,0.0070697963,-7.345365000000001e-25,3.7252903e-09,0.0,True
2006-05-29,104.27101663083926,30.6,12.7,16.985714,8.385715,69.82857,3.0571427,2.0714285,3.142857,6.4714284,15.2,0.00037698448,0.0063695684,-7.345365000000001e-25,3.7252903e-09,0.0,True
2006-06-05,104.26,8.2,9.914286,14.0,5.7428575,75.15715,2.2857144,1.7857141,2.4857142,6.757143,13.3714285,0.00017920136,0.005794257,-7.345365000000001e-25,3.7252903e-09,0.0,True
2006-06-12,104.29,1.0,15.414286,21.77143,7.557143,63.857143,3.8571432,2.2857144,4.285714,6.4142857,19.142857,2.348423e-05,0.0052902624,-7.345365000000001e-25,0.0,0.0,True
2006-06-19,104.31,11.1,20.542858,27.77143,13.057143,64.6,4.6285715,1.6857141,4.7999997,5.571429,24.157143,3.1605363e-05,0.004744552,-7.345365000000001e-25,7.450581e-09,0.0,True
2006-06-26,104.31,12.9,21.728573,27.228573,15.285715,65.78571,5.071429,1.4714286,5.142857,5.242857,25.257143,0.00013206899,0.0042466,-7.345365000000001e-25,3.7252903e-09,0.0,True
2006-07-03,104.31,16.1,19.042858,24.442858,13.014287,66.42857,4.571429,1.3571428,4.528571,5.214286,23.214285,0.00012423098,0.0038062707,-7.345365000000001e-25,7.450581e-09,0.0,True
2006-07-10,104.31,1.8,22.928572,29.17143,16.157145,62.614285,5.3,1.3857144,5.557143,4.9142857,25.914286,7.939339e-05,0.003384538,-7.345365000000001e-25,3.7252903e-09,0.0,True
2006-07-17,104.26,0.1,21.77143,28.385715,14.1,58.24286,5.142857,1.642857,5.2714286,4.5285716,25.657143,7.659197e-06,0.0030098855,-7.345365000000001e-25,1.8626451e-09,0.0,True
2006-07-24,104.26,0.6,25.028574,32.8,16.242857,49.100002,5.657143,0.7857142,6.0285716,4.2714286,27.242857,1.0684133e-05,0.0026263893,-7.345365000000001e-25,0.0,0.0,True
2006-07-31,104.24443138168286,3.9,24.285715,31.085714,17.657145,58.800007,4.7428575,0.9428572,4.928571,4.1285715,26.985714,8.2716346e-05,0.002282329,-7.345365000000001e-25,7.450581e-09,0.0,True
2006-08-07,104.23,41.6,18.157145,22.428572,14.328572,71.94286,2.8714287,1.2571429,3.042857,4.7285714,20.957144,0.0004708618,0.0020450056,-7.345365000000001e-25,1.3038516e-08,0.0,True
2006-08-14,104.2,5.7,15.985715,20.357143,12.071428,73.88572,2.3,1.6428572,2.7857144,5.5285716,18.914286,9.36687e-05,0.0018884391,-7.345365000000001e-25,0.0,0.0,True
2006-08-21,104.19,12.8,18.557144,24.257143,13.1285715,72.3,2.9857142,2.4142857,3.357143,5.714286,20.62857,0.00031876564,0.0017527565,-7.345365000000001e-25,9.313226e-09,0.0,True
2006-08-28,104.17,15.1,15.828572,20.37143,11.828572,77.84286,2.1,1.8285713,2.5714285,6.0,18.085714,0.00027781725,0.0016370788,-7.345365000000001e-25,7.450581e-09,0.0,True
2006-09-04,104.14,13.0,16.800001,20.485716,13.257143,73.84286,2.3142855,1.9428571,2.914286,6.3,16.885714,8.5532665e-05,0.0015454069,-7.345365000000001e-25,1.8626451e-08,0.0,True
2006-09-11,104.12,2.3,16.214285,22.542858,10.485715,71.1,2.4714286,1.7428571,3.0142858,5.5142856,18.357143,1.8879771e-05,0.0014583841,-7.345365000000001e-25,1.8626451e-09,0.0,True
2006-09-18,104.13,0.0,19.7,25.2,14.028572,58.94286,2.9571426,1.5571429,3.9857142,4.8,19.742857,7.5399876e-06,0.0013711378,-7.345365000000001e-25,7.450581e-09,0.0,True
2006-09-25,104.1,0.0,17.385715,22.914288,11.742858,65.08572,2.3142858,0.5714286,2.9714284,4.5571427,18.27143,2.9727817e-05,0.0012923628,-7.345365000000001e-25,5.5879354e-09,0.0,True
2006-10-02,104.07,15.1,16.47143,21.742859,11.942857,78.58572,1.3857143,0.5428571,1.8428572,4.5857143,17.671429,0.00010223687,0.0012208447,-7.345365000000001e-25,3.7252903e-09,0.0,True
2006-10-09,104.04,32.9,12.528572,16.514286,8.900001,80.91429,1.0285714,0.7714286,1.3857143,5.1714287,12.914286,0.00025937706,0.0011668727,-7.345365000000001e-25,5.5879354e-09,0.0,True
2006-10-16,104.01,0.2,11.142858,15.842857,6.7428575,84.185715,0.78571427,0.5,1.0,5.142857,12.914286,8.225441e-06,0.0011190176,-7.345365000000001e-25,0.0,0.0,True
2006-10-23,104.01,1.3,11.342857,16.5,6.928571,74.17143,0.95714283,0.55714285,1.4428571,4.928571,11.228572,2.3253262e-05,0.0010767579,-7.345365000000001e-25,3.7252903e-09,0.0,True
2006-10-30,103.98451424684444,31.7,13.114286,16.97143,8.285714,72.685715,1.2285715,0.7857143,1.6571428,4.885714,12.385715,0.000781931,0.0010372475,-7.345365000000001e-25,1.1175871e-08,0.0,False
2006-11-06,104.0,16.2,6.2000003,9.242858,3.1857145,77.77143,0.8,0.6999999,1.1,5.614286,5.8142858,0.000345096,0.0010043755,0.0014503286,0.0050761513,0.00498838,True
2006-11-13,103.97,29.1,7.2714286,10.571428,3.3999999,78.14286,0.75714284,0.7428571,0.9714286,6.4428573,6.357143,0.00023272634,0.0009816214,1.6462235e-06,2.3605302e-05,2.0261854e-05,True
2006-11-20,103.95,1.1,9.8714285,13.757143,6.6,79.41429,0.5428571,0.44285718,0.82857144,6.714286,8.228572,3.749132e-05,0.00096720457,-7.345365000000001e-25,5.19678e-07,0.0,True
2006-11-27,103.91714285714286,4.5,7.914286,11.257143,4.914286,79.27143,0.44285718,0.4,0.8142857,6.6714287,6.357143,4.0233135e-05,0.00095728785,-7.345365000000001e-25,3.7252903e-09,0.0,True
2006-12-04,103.90142857142858,2.8,6.428571,9.3,3.614286,82.685715,0.35714287,0.2857143,0.62857145,6.5571427,4.8142858,2.1845102e-05,0.00094958395,-7.345365000000001e-25,0.0,0.0,True
2006-12-11,103.89142857142858,12.400001,8.185714,10.971429,4.6857142,76.07143,0.5571429,0.47142857,0.9714286,6.642857,6.0571427,0.00015084445,0.0009426996,-7.345365000000001e-25,3.7252903e-09,0.0,True
2006-12-18,103.87,7.0,5.557143,8.914286,1.5857143,78.700005,0.40000004,0.37142858,0.64285713,7.042857,3.7714286,0.00012534857,0.00093740225,1.8051693e-06,5.1092356e-06,1.63652e-05,True
2006-12-25,103.85285714285716,2.2,3.3428571,4.3857145,1.9428571,91.07143,0.12857144,0.11428572,0.3,7.1714287,2.6285715,6.41942e-05,0.0009348467,7.530621e-05,0.00015682355,0.0004657209,True
2007-01-01,103.85,11.6,3.2428572,6.2285714,-0.10000001,83.02857,0.26666668,0.25,0.59999996,7.2166667,1.1,0.00018645823,0.00093603134,0.0014974049,0.004794959,0.004494436,True
2007-01-08,103.84714285714286,6.8999996,6.714286,8.757143,4.357143,79.22858,0.64285713,0.62857145,0.94285715,7.7,4.6571426,0.00024287403,0.0009422675,2.5862739e-05,0.00016885623,0.00013783574,True
2007-01-15,103.83571428571427,4.7,8.642858,11.471429,5.2000003,69.700005,1.1428571,1.1,1.5714285,7.957143,6.385714,0.00011754036,0.0009637177,-7.345365000000001e-25,1.4901161e-08,0.0,True
2007-01-22,103.85,22.800001,7.542857,10.685715,2.3857143,71.24286,1.1142857,1.0714287,1.4857142,9.028571,5.1571426,0.00040465593,0.0010012984,2.8553463e-06,3.7252903e-09,0.00013679639,True
2007-01-29,103.8442857142857,23.7,-1.3857144,0.6571428,-4.542857,81.85714,0.34285715,0.34285715,0.5714286,9.685715,0.071428575,0.0010142326,0.0013801381,0.012524469,0.016255587,0.024549082,True
2007-02-05,103.8457142857143,5.5,4.8857145,7.1714287,2.0142858,82.32857,0.62857145,0.5714286,0.82857144,9.757143,3.4571428,0.00048196316,0.0012824014,0.0010567734,0.007274259,0.000152383,True
2007-02-12,103.88142857142856,11.2,2.6571429,5.5285716,-0.0142857,83.51428,0.34285715,0.34285715,0.62857145,9.914286,1.5142857,0.00039981306,0.0016667694,0.0032372929,0.008766685,0.009162657,True
2007-02-19,103.88,13.3,4.8,7.371429,2.5571427,79.21429,0.87142855,0.8428572,0.9428572,10.228572,4.3142858,0.00045841932,0.0021158457,0.00010784467,0.0009599449,0.00011707842,True
2007-02-26,103.91428571428573,6.5,5.3857145,8.942858,1.7857143,77.78571,0.8428572,0.7571429,1.0857142,9.928572,4.428571,0.00010382384,0.0027241185,4.50157e-06,2.0172447e-05,0.0,True
2007-03-05,103.92857142857144,33.0,6.3857145,9.8714285,2.7857144,76.114296,1.1428573,1.1142857,1.3000001,10.342857,5.257143,0.00061348826,0.003150478,0.00013592697,0.000881616,0.0009740889,True
2007-03-12,103.93857142857144,2.7,7.8857145,13.142858,2.3857143,73.24286,1.3714286,1.2857143,1.4714286,9.957143,7.4,7.787347e-05,0.0036707968,1.7098018e-05,0.000108819455,0.0,True
2007-03-19,103.96714285714286,1.2,7.2285714,11.914286,2.2428572,72.22857,1.4857142,1.3000001,1.5714285,9.428572,7.9142857,0.00012309849,0.0040446743,-7.345365000000001e-25,2.3841858e-07,0.0,True
2007-03-26,103.98571428571428,20.9,5.1714287,8.814286,1.2285715,75.442856,1.5285714,1.4571428,1.5714285,9.814285,5.5571427,0.00048442185,0.0042167157,0.0022567566,0.00915234,0.009244978,True
2007-04-02,103.99142857142856,0.0,9.2,15.900001,1.7285715,56.385715,2.7142856,2.1285717,2.7714286,9.1285715,10.357142,5.275011e-06,0.00439018,2.628281e-06,2.0192936e-05,0.0,True
2007-04-09,104.00142857142858,0.0,7.7571435,12.314285,2.4857144,65.6,2.1,1.6,2.2142856,8.3,10.114285,2.0369887e-05,0.0043969974,1.0933195e-05,5.7660043e-05,5.974993e-05,True
2007-04-16,104.00142857142858,0.0,13.6285715,20.685715,5.4857144,59.8,3.4571426,2.1714287,3.457143,7.4142857,14.557143,1.4647841e-05,0.0043040216,-7.345365000000001e-25,2.0489097e-08,0.0,True
2007-04-23,104.00428571428571,0.6,10.671428,16.814285,3.257143,54.085716,3.3142855,1.2142857,3.2857144,6.5857143,13.8,2.1442771e-05,0.004128501,-7.345365000000001e-25,0.0,0.0,True
2007-04-30,103.98571428571428,0.1,15.028572,21.84286,6.642857,55.028572,3.9285715,0.85714287,3.9714284,6.0571427,17.414286,6.2584877e-06,0.0038981214,-7.345365000000001e-25,0.0,0.0,True
2007-05-07,103.96285714285716,13.4,13.471429,20.185715,5.0142856,49.485718,3.8857143,0.6571428,4.0571427,5.8285713,16.642857,1.911819e-05,0.0036130622,-7.345365000000001e-25,3.7252903e-09,0.0,True
2007-05-14,103.93571428571428,38.6,15.114286,20.285715,9.485715,68.11429,3.4714286,2.8857143,3.457143,6.8142858,15.542857,0.00024916232,0.0033476874,-7.345365000000001e-25,7.450581e-09,0.0,True
2007-05-21,103.89714285714284,4.3,15.300001,21.142857,8.5,61.12857,3.6285717,2.8857143,4.1285715,6.957143,17.6,8.7440014e-05,0.0030871779,-7.345365000000001e-25,0.0,0.0,True
2007-05-28,103.87571428571428,72.4,19.614286,26.257143,14.285714,75.971436,3.9285715,3.257143,3.9857142,6.6714287,23.114286,0.00032922626,0.0028185025,-7.345365000000001e-25,3.7252903e-09,0.0,True
2007-06-04,103.84857142857145,4.5,15.514287,19.528574,10.900001,76.34286,2.5,2.0714285,2.9714284,7.1857142,19.1,0.00014610589,0.0026090518,-7.345365000000001e-25,3.7252903e-09,0.0,True
2007-06-11,103.83428571428573,1.3,21.285715,27.957144,14.285714,65.54286,4.585714,3.2714286,4.8857145,6.242857,24.542856,1.0237098e-05,0.00242275,-7.345365000000001e-25,0.0,0.0,True
2007-06-18,103.81714285714284,33.5,20.228573,26.34286,14.385715,66.47143,4.2571425,3.1571429,4.585714,5.9,23.857143,0.0017845482,0.0022135526,-7.345365000000001e-25,7.450581e-09,0.0,True
2007-06-25,103.79428571428572,17.400002,19.357143,25.071428,13.6285715,69.48572,4.085714,3.3857143,4.2,6.457143,22.557142,0.0012940094,0.002046436,-7.345365000000001e-25,3.7252903e-09,0.0,True
2007-07-02,103.77857142857144,6.2000003,16.6,21.2,12.428572,66.828575,3.357143,2.8142855,3.8142858,6.4,18.37143,0.00015991926,0.0019053444,-7.345365000000001e-25,3.7252903e-09,0.0,True
2007-07-09,103.7585714285714,18.199999,16.514286,20.885714,12.914286,68.6,3.1571426,2.7,3.7285714,6.242857,18.185715,0.00019729137,0.0017858148,-7.345365000000001e-25,1.1175871e-08,0.0,True
2007-07-16,103.73571428571428,9.8,20.614286,26.7,14.1,63.54286,3.8999999,3.1142857,4.7428575,6.0285716,20.942858,7.498264e-05,0.0016784072,-7.345365000000001e-25,3.7252903e-09,0.0,True
2007-07-23,103.71142857142856,24.7,21.542858,27.585714,15.571428,65.87143,4.3142858,3.0714288,4.571429,5.742857,24.528572,0.00011266768,0.0015538186,-7.345365000000001e-25,7.450581e-09,0.0,True
2007-07-30,103.69285714285716,17.400002,18.157145,22.542858,13.300001,66.42857,3.542857,2.9428573,3.9714284,6.3428574,19.72857,0.0006450191,0.0014453679,-7.345365000000001e-25,7.450581e-09,0.0,True
2007-08-06,103.66714285714284,0.2,17.285715,23.214285,10.6285715,63.585716,3.4857144,2.585714,4.0285716,6.1714287,19.857143,9.0152025e-06,0.0013593137,-7.345365000000001e-25,7.450581e-09,0.0,True
2007-08-13,103.64571428571428,11.8,19.228573,24.314287,14.885715,79.58571,2.6285717,1.9571428,2.8142858,5.571429,22.257143,0.00010852516,0.0012727752,-7.345365000000001e-25,1.3038516e-08,0.0,True
2007-08-20,103.62,26.6,19.457142,25.257143,13.457144,67.42857,2.914286,2.085714,3.5142858,5.9142857,21.357143,0.00014227629,0.0012032762,-7.345365000000001e-25,0.0,0.0,True
2007-08-27,103.59142857142857,12.700001,18.657145,23.714285,13.714286,75.542854,2.6857145,2.2714286,3.0714285,6.8,21.257143,0.00030899048,0.0011389107,-7.345365000000001e-25,7.450581e-09,0.0,True
2007-09-03,103.57428571428572,16.4,14.228572,18.614286,9.614286,71.77143,1.8571427,1.5,2.3285713,6.4142857,17.314285,0.00013447553,0.0010831952,-7.345365000000001e-25,1.8626451e-09,0.0,True
2007-09-10,103.55285714285716,27.3,12.642858,15.985715,9.957144,79.971436,1.3857143,1.2714287,1.8428571,7.6571426,13.814285,0.0002995208,0.0010404661,-7.345365000000001e-25,1.8626451e-08,0.0,True
2007-09-17,103.53142857142858,1.8,13.957143,19.071428,8.142858,73.15715,1.8000001,1.5285714,2.3285713,8.2,14.8714285,0.00011539459,0.0010062307,-7.345365000000001e-25,7.450581e-09,0.0,True
2007-09-24,103.51428571428572,6.0,13.428572,20.114286,7.428571,72.01429,1.7142857,1.3714286,2.2142856,8.4,14.257143,0.0001243949,0.0009736717,-7.345365000000001e-25,1.8626451e-09,0.0,True
2007-10-01,103.50285714285714,37.5,12.442858,16.028572,8.8714285,80.74286,1.0428572,0.9714286,1.3714286,9.028571,13.3714285,0.0019672662,0.00094727427,-7.345365000000001e-25,7.450581e-09,0.0,True
2007-10-08,103.49142857142856,5.6,12.142858,15.714286,8.557143,84.37142,0.7714286,0.7285715,1.0428572,9.571428,13.057143,0.00011086464,0.00093034655,-7.345365000000001e-25,0.0,0.0,True
2007-10-15,103.49285714285712,0.4,8.757143,14.028572,3.557143,74.34286,0.7999999,0.6571428,1.1142857,9.414286,9.742857,2.2500753e-05,0.0009178221,-7.345365000000001e-25,1.8626451e-09,0.0,True
2007-10-22,103.48857142857142,12.900001,6.857143,11.528572,2.7285714,81.17143,0.8142857,0.71428573,0.94285715,9.028571,7.5857143,0.00021662563,0.000906229,7.515862e-06,1.3899058e-05,4.065782e-05,True
2007-10-29,103.47857142857144,4.2000003,6.3285713,8.785714,3.7428572,87.62858,0.35714287,0.3,0.5285714,9.114285,6.571429,2.7775764e-05,0.0008996129,4.512923e-06,2.7123839e-05,0.0,True
2007-11-05,103.46714285714286,10.1,7.971429,10.614286,4.4857144,85.57143,0.4142857,0.3571429,0.59999996,8.957143,7.4714284,0.00012747943,0.0008945465,-7.345365000000001e-25,5.9604645e-08,0.0,True
2007-11-12,103.47,48.6,4.728572,7.3142858,2.5285716,83.14286,0.7142858,0.7142858,0.8,10.257143,4.0,0.0027469024,0.0008957684,0.0031169313,0.007334931,0.02157684,True
2007-11-19,103.46285714285716,13.400001,1.7428572,3.5285716,-0.3285714,87.4,0.21428572,0.21428572,0.41428572,10.514286,1.6,0.0005299598,0.0009718612,0.0145772295,0.013990577,0.0075292364,True
2007-11-26,103.49857142857142,6.7,2.7857144,5.0,-0.085714236,79.67143,0.2857143,0.2857143,0.64285713,10.2,1.3857143,0.00027292967,0.001170747,0.004523249,0.0072021,0.005865652,True
2007-12-03,103.53428571428572,12.2,4.0,6.7428575,0.84285706,75.38572,0.5285714,0.5285714,0.85714287,10.242857,2.142857,0.0003424734,0.0014225394,0.0037077665,0.0067128986,0.00024022162,True
2007-12-10,103.56,6.7,6.785714,9.085714,4.2428575,74.685715,0.5857143,0.5714286,0.9285714,10.442857,4.357143,0.00023241341,0.0017191246,1.9459498e-05,8.7624416e-05,7.79368e-05,True
2007-12-17,103.58142857142856,11.3,1.0857142,2.1285713,0.057142887,84.12858,0.14285715,0.14285715,0.42857143,10.271428,1.4285715,0.00029097497,0.0020830482,0.0010440691,2.476573e-05,0.0023903586,True
2007-12-24,103.62428571428572,0.0,-3.1285713,-0.7285715,-4.857143,83.37144,0.0,0.0,0.20000002,10.2,-1.5857143,4.0456653e-06,0.0024973303,0.0023134039,0.00018323213,0.00030783936,True
2007-12-31,103.65714285714286,1.7,0.61428577,3.3428571,-1.8142856,78.62858,0.18571427,0.18571427,0.5,10.1285715,-0.8,7.24867e-05,0.0028061792,0.0022080627,0.001416212,0.0027081184,True
2008-01-07,103.68,12.2,-0.41428572,1.6428572,-2.6285717,79.28571,0.08571429,0.08571429,0.6571428,10.228572,-1.0285715,0.00022132695,0.003008835,0.0048913844,0.0034823697,0.0038960725,True
2008-01-14,103.68714285714285,0.6,3.6000001,6.8,0.42857143,76.41429,0.51428574,0.4857143,0.71428573,10.257143,0.18571429,9.6313655e-05,0.00316599,0.0012021008,0.0034912731,8.381903e-07,True
2008-01-21,103.69428571428573,32.899998,7.5,9.900001,4.9,77.12858,0.7285715,0.71428573,1.0571429,10.485714,4.357143,0.0011111349,0.004103571,5.55345e-05,0.00023713149,3.8966537e-06,True
2008-01-28,103.69,33.800003,5.828572,8.671429,3.2285714,73.78571,0.85714287,0.8428572,1.0857142,10.685715,3.7142856,0.00079966336,0.004321225,0.00040142876,0.0011224262,0.0011948198,True
2008-02-04,103.72285714285714,4.7000003,4.057143,6.6857147,1.1857144,73.64286,0.7,0.7,0.9857143,10.314285,2.5714285,7.916987e-05,0.004881352,2.9223305e-05,4.2641535e-05,9.266287e-05,True
2008-02-11,103.73714285714286,4.8,5.585715,9.7,1.5000001,75.35714,0.7714285,0.7285714,0.8428572,10.071428,3.9142857,0.00012542307,0.005806066,9.145056e-06,5.377084e-05,0.0,True
2008-02-18,103.75714285714284,0.6,0.95714283,3.357143,-1.7857143,72.91429,0.3857143,0.34285715,0.71428573,9.9,1.2428571,2.9399991e-05,0.0062131286,0.0010170368,0.00067316554,0.0032985732,True
2008-02-25,103.78142857142858,2.3,7.4000006,11.457144,3.457143,72.98572,1.1571429,1.0857143,1.4,9.642858,5.5571427,0.0001654923,0.006293088,0.0005286932,0.0023784898,1.616776e-06,True
2008-03-03,103.79142857142858,27.7,7.714286,10.771429,3.4857142,70.41429,1.4571428,1.3999999,1.6,9.857142,6.1,0.0012500584,0.006247416,1.4901161e-05,0.00019196421,0.00020873547,True
2008-03-10,103.80428571428573,1.5,4.7714286,8.571428,0.14285718,70.08572,1.1571429,1.0571429,1.4714286,10.085714,4.428571,9.934604e-05,0.0063791573,0.00042059875,0.0010968689,0.0011716597,True
2008-03-17,103.83142857142856,14.300001,7.142857,10.957144,3.414286,68.457146,1.4428571,1.4,1.8142856,9.8714285,6.214286,0.00034303963,0.0064938143,1.2363706e-05,5.7535246e-05,0.0003715828,True
2008-03-24,103.85428571428572,14.3,1.6999999,4.928571,-0.6714286,78.34286,1.0,1.0,1.1571429,10.114285,2.6,0.00026526302,0.006511055,0.003538864,0.0063456763,0.01105652,True
2008-03-31,103.87,3.9,6.057143,10.785714,1.4,67.1,1.7857143,1.6571428,2.1714287,9.985714,5.7714286,0.00016720593,0.0065868273,0.0024066141,0.005961774,0.0023389868,True
2008-04-07,103.88571428571429,30.0,6.457143,9.971429,2.7142856,81.328575,1.1714287,1.1285714,1.3571428,9.8,7.9142857,0.0005041361,0.006549269,6.738163e-05,0.0001182016,0.0014419109,True
2008-04-14,103.91,50.800003,7.614286,13.114286,2.8,76.40001,1.6142856,1.6,1.8285714,10.457143,8.828571,0.0021206588,0.0074389502,0.000998111,0.0068284385,0.005839903,True
2008-04-21,103.9342857142857,27.5,6.871429,10.042857,2.857143,80.37142,1.5571429,1.4857142,1.6428572,10.471429,9.085714,0.00029185414,0.007890597,4.5946665e-05,0.0003600996,0.0,True
2008-04-28,103.96142857142856,3.0,11.614286,17.114286,5.3714285,65.442856,2.9714284,2.4857142,3.142857,9.542857,13.814285,0.00013485551,0.00860361,-7.345365000000001e-25,3.7252903e-08,0.0,True
2008-05-05,103.98,8.5,12.042857,17.300001,6.9428573,72.88572,2.6,2.2285714,2.7428572,8.914286,15.057143,0.0002605468,0.008459657,-7.345365000000001e-25,0.0,0.0,True
2008-05-12,103.99142857142856,0.0,15.185715,22.314287,6.8428574,58.985714,4.171428,2.8285713,4.357143,7.857143,18.685715,2.0116568e-06,0.008114591,-7.345365000000001e-25,0.0,0.0,True
2008-05-19,104.00285714285714,10.5,14.914286,20.614286,8.357142,69.08572,3.0571427,1.6428572,3.4428573,6.7714286,18.828571,0.00018766522,0.0075826272,-7.345365000000001e-25,0.0,0.0,True
2008-05-26,103.99428571428572,1.2,13.771429,18.757143,8.3,68.21429,2.8142858,1.1571429,3.0,6.5,17.042856,2.7894974e-05,0.007065475,-7.345365000000001e-25,3.7252903e-09,0.0,True
2008-06-02,103.99,8.6,20.9,27.557144,14.614286,66.62858,5.0428576,1.1571429,5.1,6.0142856,22.757143,0.00011332333,0.006444052,-7.345365000000001e-25,3.7252903e-09,0.0,True
2008-06-09,103.97285714285714,0.70000005,19.742859,26.128572,12.785714,60.100002,4.642857,1.1,5.1571426,5.9142857,22.785715,0.00010063499,0.0057929903,-7.345365000000001e-25,0.0,0.0,True
2008-06-16,103.96,16.8,14.6285715,19.257143,10.1285715,69.457146,3.3142858,1.457143,3.457143,6.0,19.3,0.00018413365,0.0051717386,-7.345365000000001e-25,0.0,0.0,True
2008-06-23,103.93857142857144,16.7,18.985716,24.77143,11.900001,62.714287,4.542857,2.2428572,4.585714,5.785714,21.885714,2.4914742e-05,0.0046596304,-7.345365000000001e-25,3.7252903e-09,0.0,True
2008-06-30,103.92,23.7,18.885715,24.9,12.6285715,64.6,4.3714285,1.7142857,4.542857,5.5142856,22.142857,5.6110322e-05,0.0041561574,-7.345365000000001e-25,3.7252903e-09,0.0,True
2008-07-07,103.9057142857143,25.9,20.257143,26.614286,13.414286,64.15714,4.585715,1.8714286,4.6142855,5.5142856,23.042856,0.00027102232,0.0036849454,-7.345365000000001e-25,7.450581e-09,0.0,True
2008-07-14,103.88857142857144,21.2,17.128572,21.757143,12.6285715,76.01429,2.9714286,2.1857142,3.1857142,5.9142857,19.72857,0.0002272129,0.0033233613,-7.345365000000001e-25,0.0,0.0,True
2008-07-21,103.87142857142858,16.2,17.128572,21.800001,12.714286,69.41429,2.8999999,2.1714284,3.3857143,5.857143,19.028572,9.074807e-05,0.0030328408,-7.345365000000001e-25,7.450581e-09,0.0,True
2008-07-28,103.85285714285716,2.6999998,19.928572,26.328571,13.528572,69.6,3.957143,2.5285716,4.2428575,5.8,21.942858,4.3801963e-05,0.0027710572,-7.345365000000001e-25,3.7252903e-09,0.0,True
2008-08-04,103.83333333333331,2.8,22.34286,28.328571,15.828572,61.585716,4.085714,1.8714286,4.571429,4.8714285,23.942858,9.3214214e-05,0.002499424,-7.345365000000001e-25,7.450581e-09,0.0,True
2008-08-11,103.81,45.2,20.0,25.957144,13.371429,61.028572,3.9428573,1.6714284,4.5,4.6714287,21.614286,6.9499016e-05,0.0022714436,-7.345365000000001e-25,9.313226e-09,0.0,True
2008-08-18,103.78285714285714,29.400002,17.557142,22.314285,12.957144,72.22857,2.8285713,1.7142857,3.3142858,5.4142857,19.642857,0.0004747808,0.0020824522,-7.345365000000001e-25,7.450581e-09,0.0,True
2008-08-25,103.76142857142858,20.8,17.542858,22.642857,12.457144,70.8,2.614286,2.0,3.3,5.7714286,19.385714,0.0010764301,0.0019342974,-7.345365000000001e-25,7.450581e-09,0.0,True
2008-09-01,103.74571428571429,0.7,17.728573,22.928572,13.442858,72.07143,2.357143,1.7428571,2.957143,5.5285716,19.671429,7.639825e-05,0.0018259585,-7.345365000000001e-25,3.7252903e-09,0.0,True
2008-09-08,103.73428571428572,34.5,18.442858,23.7,13.6,76.18572,2.0285716,1.7,2.642857,6.0285716,19.542856,0.00041513145,0.0017301664,-7.345365000000001e-25,1.8626451e-09,0.0,True
2008-09-15,103.71285714285716,0.0,14.2,19.228573,8.957143,71.75715,1.7571428,1.3285713,2.3428571,6.428571,16.857143,3.8415194e-05,0.0016466007,-7.345365000000001e-25,3.7252903e-09,0.0,True
2008-09-22,103.69571428571427,13.9,9.228571,12.771429,5.914286,78.77143,0.94285715,0.75714284,1.3,6.2285714,12.214286,0.00016435981,0.0015818179,-7.345365000000001e-25,0.0,0.0,True
2008-09-29,103.67857142857144,4.5,10.357142,15.357142,5.371429,85.01429,0.9857143,0.81428576,1.3000001,6.4428573,12.014286,6.440282e-05,0.0015296116,-7.345365000000001e-25,3.7252903e-09,0.0,True
2008-10-06,103.66857142857144,11.4,10.385715,14.142858,6.4428573,75.64286,0.99999994,0.91428566,1.6714286,6.242857,10.242857,0.00014327466,0.0014797188,-7.345365000000001e-25,5.5879354e-09,0.0,True
2008-10-13,103.64142857142858,1.2,12.271429,17.571428,8.271429,85.48572,0.7,0.5714286,1.1285714,6.2285714,12.185715,4.5895576e-06,0.001436878,-7.345365000000001e-25,0.0,0.0,True
2008-10-20,103.63142857142856,6.7,10.585714,15.300001,6.1285715,78.442856,0.81428564,0.6857143,1.1999999,6.3428574,10.314285,0.00014834106,0.0013981909,-7.345365000000001e-25,5.5879354e-09,0.0,True
2008-10-27,103.61857142857144,24.7,8.271429,13.471429,3.957143,82.22857,0.6571428,0.55714285,0.87142855,6.8714285,8.571428,0.00023968518,0.0013631359,-7.345365000000001e-25,1.8626451e-09,0.0,True
2008-11-03,103.61142857142856,23.5,5.571429,8.2,2.7857144,92.98572,0.25714287,0.24285717,0.4,8.885715,6.3714285,0.00087822974,0.0013398752,0.0012223436,0.0043129586,0.0043373965,True
2008-11-10,103.59571428571428,0.2,9.757143,12.371429,6.9857144,87.78571,0.35714287,0.34285715,0.6857143,9.214286,9.1,5.955994e-05,0.0013329983,1.578104e-05,0.00011759065,0.0,True
2008-11-17,103.58,0.6,7.142857,10.6,3.0571427,78.457146,0.41428572,0.41428572,0.87142855,9.2,6.357143,2.670288e-05,0.001331456,-7.345365000000001e-25,1.8626451e-09,0.0,True
2008-11-24,103.58285714285716,26.0,2.7000003,4.7571435,0.12857148,82.685715,0.45714286,0.45714286,0.71428573,9.942857,2.7,0.00039586425,0.0013366491,0.0046585063,0.00021184608,0.016039822,True
2008-12-01,103.56285714285714,3.1000001,2.6571429,4.928571,0.2,80.27143,0.25714287,0.25714287,0.64285713,9.957143,0.9142857,0.00034469366,0.0013729259,0.009250034,0.012574263,0.0016895719,True
2008-12-08,103.5442857142857,11.2,3.4428573,5.914286,0.0,82.67143,0.28571433,0.28571433,0.5857143,10.114285,1.8,0.0003862083,0.0014593899,0.0019446497,0.0046862736,0.0012894515,True
2008-12-15,103.53571428571428,15.8,2.557143,4.2285714,1.0714285,85.67143,0.17142858,0.17142858,0.41428572,10.285714,0.75714284,0.00029335916,0.00162898,0.0058473633,0.01217116,0.012766089,True
2008-12-22,103.51857142857143,14.5,4.6285715,6.371429,2.5571427,85.28571,0.31428573,0.31428573,0.59999996,10.414286,2.2714286,0.00049907714,0.0018849596,0.0022451538,0.0073602665,0.005627878,True
2008-12-29,103.50571428571428,5.9,-0.37142858,1.8285714,-3.2,83.07143,0.1,0.1,0.37142855,10.342857,0.5285714,0.0002635941,0.0023594126,0.00013198738,5.363114e-05,0.00021885335,True
2009-01-05,103.51142857142858,12.5,-3.4142857,-0.71428573,-7.7714286,82.42857,0.0,0.0,0.32857147,10.3,-3.4,1.937151e-07,0.0029447377,0.0042636506,0.0,0.016845006,True
2009-01-12,103.50142857142858,0.6,-8.6,-4.5,-13.157143,82.700005,0.0,0.0,0.17142858,10.314285,-0.42857143,0.0,0.0033378303,0.016933702,0.0,0.00053798035,True
2009-01-19,103.51142857142858,6.7999997,-0.82857144,1.5142858,-3.4714286,82.74286,0.24285714,0.24285714,0.42857143,10.271428,-0.071428575,0.00039073825,0.0035599694,0.015934689,0.012246346,0.004582867,True
2009-01-26,103.51,5.4,1.2285715,4.1285715,-2.1714284,86.185715,0.2857143,0.2857143,0.4714286,10.328571,0.0,0.00030442327,0.003759168,0.0063624154,0.007556651,0.0023811385,True
2009-02-02,103.48571428571428,2.1,-0.32857147,0.90000004,-1.6571429,84.457146,0.1,0.1,0.5,10.214286,-0.35714287,4.6029687e-05,0.0041302145,0.0050977524,0.002147777,0.0046353973,True
2009-02-09,103.49142857142856,2.5,2.2857144,5.3,-0.71428573,81.15714,0.35714287,0.35714287,0.59999996,10.085714,0.028571429,0.00011527538,0.0044453144,0.002144456,0.0042875875,0.00036768243,True
2009-02-16,103.4742857142857,12.8,-0.5857143,1.5285715,-2.857143,81.64286,0.3,0.3,0.64285713,10.285714,-0.028571429,0.00011879206,0.0046446025,0.009149682,0.0027872734,0.024155594,True
2009-02-23,103.46714285714286,20.8,-0.44285718,1.2,-2.4428573,88.22857,0.15714286,0.15714286,0.4857143,10.6,0.0,0.00057044625,0.004776798,0.031998437,0.013980582,0.027583022,True
2009-03-02,103.47571428571428,16.1,4.6,6.7428575,2.7714288,85.700005,0.5714286,0.5714286,0.7571429,10.571428,2.4714286,0.0023692995,0.0071647465,0.017380664,0.037249498,0.0034004152,True
2009-03-09,103.51142857142858,7.8999996,5.7714286,8.214286,2.8285716,81.957146,0.7285715,0.7285715,0.95714283,10.285714,4.285714,0.00024481118,0.010642827,0.00014746757,0.00081790984,2.529472e-06,True
2009-03-16,103.54857142857144,31.3,5.7999997,8.428572,3.457143,83.84286,0.88571423,0.88571423,0.94285715,10.585714,5.285714,0.00089509785,0.012362264,0.0007162094,0.0044520125,0.004419539,True
2009-03-23,103.60428571428572,15.5,4.357143,7.585715,1.0285715,71.21429,1.4714285,1.4142858,1.5,10.057143,5.0285716,0.0005063489,0.014218688,0.0007605893,0.00253555,0.0030396953,True
2009-03-30,103.6657142857143,6.8,5.1285715,8.971429,0.9857144,75.48572,1.1,1.1,1.3428571,10.214286,5.3142858,0.00027357042,0.014728621,0.0011134772,0.004096646,0.0039513186,True
2009-04-06,103.7057142857143,0.0,10.857142,17.657145,3.2714288,67.72857,2.4,1.9857143,2.542857,9.5,11.885715,2.9996037e-05,0.01454971,1.9754682e-06,1.3463199e-05,0.0,True
2009-04-13,103.76,4.0,13.971429,21.414288,6.4857144,66.457146,2.9142857,2.2,3.1285713,8.571428,15.457143,4.5225024e-05,0.013723373,-7.345365000000001e-25,0.0,0.0,True
2009-04-20,103.82142857142856,4.2,12.442857,18.67143,5.414286,65.814285,3.0714285,2.1714284,3.0285716,7.714286,14.585714,0.00015330315,0.012425758,-7.345365000000001e-25,0.0,0.0,True
2009-04-27,103.86857142857144,4.6,12.885715,19.385714,5.957143,59.3,3.6285713,1.8428572,3.8428571,7.1571426,14.8,1.7978251e-05,0.011013955,-7.345365000000001e-25,3.7252903e-09,0.0,True
2009-05-04,103.89857142857144,1.9000001,13.885715,19.914286,6.714286,64.54286,3.3999999,1.1999999,3.542857,6.8142858,16.957144,3.400445e-05,0.009551197,-7.345365000000001e-25,0.0,0.0,True
2009-05-11,103.92142857142858,11.6,13.214286,17.828571,7.642857,73.40001,2.6285713,1.6428572,2.5857143,6.9142857,15.514286,0.00013041496,0.008308388,-7.345365000000001e-25,3.7252903e-09,0.0,True
2009-05-18,103.93714285714285,5.4,14.2,19.742859,7.557143,63.528572,3.542857,1.8571427,3.8857143,6.857143,17.142857,5.6922436e-05,0.0072360486,-7.345365000000001e-25,0.0,0.0,True
2009-05-25,103.94571428571427,12.4,17.285715,23.257143,10.7,64.85714,3.585714,2.3,3.9285715,6.6857142,20.414286,0.00012487173,0.00630413,-7.345365000000001e-25,3.7252903e-09,0.0,True
2009-06-01,103.95285714285714,36.4,13.857142,18.77143,9.5,76.957146,2.8,2.614286,2.7428572,7.4714284,17.014286,0.00029490888,0.0055202693,-7.345365000000001e-25,3.7252903e-09,0.0,True
2009-06-08,103.96714285714286,5.3999996,12.885715,17.585714,8.1285715,68.12858,2.8999999,2.4142857,3.2142856,7.257143,16.185715,0.00013303757,0.00491447,-7.345365000000001e-25,0.0,0.0,True
2009-06-15,103.95714285714284,31.099998,15.542857,21.628572,9.742857,69.01429,3.5428574,2.9857144,3.8714287,7.2,18.071428,0.0003077984,0.0043948144,-7.345365000000001e-25,7.450581e-09,0.0,True
2009-06-22,103.95142857142856,10.0,15.214286,19.885715,10.385715,74.01428,3.057143,2.6142857,3.1571429,7.0142856,19.157143,0.0006666705,0.003959857,-7.345365000000001e-25,0.0,0.0,True
2009-06-29,103.95285714285714,18.2,17.27143,20.34286,14.6285715,85.557144,2.2857141,1.9285715,2.0142858,7.2714286,19.77143,0.00039577484,0.003650859,-7.345365000000001e-25,1.1175871e-08,0.0,True
2009-07-06,103.9542857142857,56.2,20.614286,27.128572,15.500001,77.0,3.3714287,2.857143,4.142857,7.3714285,24.428572,0.0011372194,0.0034169406,-7.345365000000001e-25,3.7252903e-09,0.0,True
2009-07-13,103.97714285714288,11.2,17.014286,22.214285,12.757143,70.52857,3.2571428,2.7999997,3.7000003,7.2714286,19.6,0.00016260892,0.0032074228,-7.345365000000001e-25,7.450581e-09,0.0,True
2009-07-20,103.99857142857142,26.0,19.714285,24.957144,15.028572,72.37144,3.3428574,2.7428572,3.7857144,6.9,22.0,0.0027159005,0.003027454,-7.345365000000001e-25,1.1175871e-08,0.0,True
2009-07-27,104.02,17.4,19.485716,25.34286,14.214286,68.07143,3.7857144,3.1285713,3.914286,7.0857143,21.542856,0.00020620227,0.0028796047,-7.345365000000001e-25,7.450581e-09,0.0,True
2009-08-03,104.02714285714286,12.7,19.385715,25.17143,12.642858,63.97143,3.7714288,2.5714285,4.157143,6.2714286,22.842857,0.00010739267,0.002733007,-7.345365000000001e-25,3.7252903e-09,0.0,True
2009-08-10,104.02857142857144,11.9,20.157145,26.6,13.457143,64.4,3.7428572,1.9142859,4.214286,6.1,23.142857,8.007884e-05,0.0025821328,-7.345365000000001e-25,1.8626451e-09,0.0,True
2009-08-17,104.03142857142858,15.9,19.614286,25.057144,14.328572,69.74286,3.2285714,1.7428572,3.6857142,5.8285713,21.928572,0.00027668476,0.0024332404,-7.345365000000001e-25,9.313226e-09,0.0,True
2009-08-24,104.01857142857143,4.2,19.142857,24.928572,12.742858,65.15714,3.3285713,1.6000001,3.8999999,5.6857142,21.9,6.5520406e-05,0.0022835135,-7.345365000000001e-25,0.0,0.0,True
2009-08-31,104.01,13.4,19.171429,25.071428,12.885715,66.057144,3.0,1.4,3.5857143,5.4142857,21.671429,0.00011303276,0.002143152,-7.345365000000001e-25,7.450581e-09,0.0,True
2009-09-07,103.98142857142857,8.299999,17.27143,22.357143,12.17143,67.97143,2.3428571,1.5,3.042857,5.5,18.357143,0.00039850175,0.0020134374,-7.345365000000001e-25,7.450581e-09,0.0,True
2009-09-14,103.95142857142856,2.9,15.242858,20.800001,9.528571,72.87143,1.9285716,1.2571429,2.457143,5.1285715,18.042856,5.3569674e-05,0.0019033477,-7.345365000000001e-25,3.7252903e-09,0.0,True
2009-09-21,103.92571428571428,0.1,16.300001,22.214285,10.657143,77.814285,1.8,0.95714283,2.2857144,4.9142857,17.971428,3.914535e-05,0.0018114,-7.345365000000001e-25,7.450581e-09,0.0,True
2009-09-28,103.89571428571428,0.0,14.471429,20.600002,8.3,76.85714,1.4285715,0.5285715,1.9285715,4.7,17.114286,3.3676624e-06,0.0017198324,-7.345365000000001e-25,1.8626451e-09,0.0,True
2009-10-05,103.87714285714286,23.1,12.1285715,15.342857,8.171429,77.65715,1.0857142,0.8,1.5571429,4.757143,12.814285,0.00019581616,0.0016425997,-7.345365000000001e-25,5.5879354e-09,0.0,True
2009-10-12,103.85,16.8,12.428572,16.314287,7.8,82.58572,0.9285714,0.7571429,1.3000001,5.385714,12.814285,0.00032767653,0.0015756935,-7.345365000000001e-25,7.450581e-09,0.0,True
2009-10-19,103.82714285714285,44.0,4.157143,6.8857145,1.8857144,88.38572,0.54285717,0.4857143,0.64285713,7.214286,5.2714286,0.0009223223,0.001525484,0.004108673,0.016372502,0.017818324,True
2009-10-26,103.81857142857145,11.5,7.4857144,10.742858,4.285714,87.057144,0.32857147,0.31428573,0.62857145,7.571429,6.8142858,0.00016694516,0.0015049279,0.00046593804,0.0019856002,2.9802322e-08,True
2009-11-02,103.81142857142856,31.9,5.642857,8.542857,2.4428573,88.14286,0.35714287,0.3285714,0.5285714,7.9857144,6.428571,0.00038930774,0.0015014559,6.471361e-07,6.420538e-06,1.2256205e-06,True
2009-11-09,103.82142857142856,15.2,5.142857,8.114285,2.1714287,87.457146,0.3571429,0.3571429,0.5714286,9.714286,4.9428573,0.0005104244,0.0015363321,-7.345365000000001e-25,3.632158e-07,0.0,True
2009-11-16,103.80714285714284,2.6,8.2,11.3,5.042857,82.21429,0.35714287,0.35714287,0.67142856,9.928572,6.6714287,0.00010159612,0.0016478673,-7.345365000000001e-25,3.7252903e-09,0.0,True
2009-11-23,103.80714285714284,9.6,10.071428,13.157144,5.9857144,75.15714,0.6,0.6,1.0714285,10.0,7.8285713,0.00019565225,0.0017773807,-7.345365000000001e-25,3.7252903e-09,0.0,True
2009-11-30,103.81714285714284,5.2999997,9.385715,12.528572,6.1,66.314285,0.7857143,0.7285715,1.4285715,9.9,6.7285714,4.9710274e-05,0.0019118935,-7.345365000000001e-25,0.0,0.0,True
2009-12-07,103.80285714285716,14.200001,4.3,6.914286,1.6000001,86.75714,0.21428572,0.21428572,0.3285714,10.3714285,3.2285714,0.0004897341,0.0020426959,-7.345365000000001e-25,1.2293458e-07,1.2107193e-07,True
2009-12-14,103.79285714285716,20.2,2.2857144,3.8285716,0.62857145,90.22858,0.08571429,0.08571429,0.37142855,10.714286,2.3142858,0.0014156252,0.0023084208,0.00065711566,3.6347657e-05,0.0025409237,True
2009-12-21,103.81,4.2,-7.0428576,-4.2428575,-9.67143,81.15715,0.0,0.0,0.29999998,10.314285,-1.8857143,3.2037497e-07,0.002835922,0.005610057,0.0,0.006797515,True
2009-12-28,103.82285714285716,14.6,2.3857143,5.785714,-1.0571429,80.814285,0.34285715,0.34285715,0.61428577,10.514286,-0.028571429,0.00044570863,0.0032611378,0.0058416585,0.01114331,0.005207021,True
2010-01-04,103.82428571428572,27.7,-1.4285715,0.29999998,-3.642857,92.78571,0.033333335,0.033333335,0.18571429,10.8,-0.06666667,0.00050237775,0.0037880838,0.01174736,0.0013784654,0.020063043,True
2010-01-11,103.82571428571428,14.7,-6.142857,-3.914286,-9.085714,88.48572,0.0,0.0,0.18571429,10.471429,0.0,0.0,0.004523158,0.03151595,0.0,0.03093642,True
2010-01-18,103.83,4.5,-1.2857143,0.25714287,-3.257143,83.457146,0.042857144,0.042857144,0.44285718,10.4,0.014285714,0.00013430417,0.0049742684,0.052914824,0.003425181,0.0046455152,True
2010-01-25,103.83714285714288,2.4,-4.114286,-2.0571427,-6.7000003,82.62858,0.014285714,0.014285714,0.3857143,10.342857,0.071428575,6.252527e-05,0.0051732063,0.053788856,0.0013564043,0.00087077916,True
2010-02-01,103.86857142857144,6.0,-3.357143,0.014285667,-7.071429,78.4,0.12857144,0.12857144,0.4857143,10.357142,0.042857144,7.227063e-07,0.0052723065,0.061793264,0.0,0.015212331,True
2010-02-08,103.86857142857144,4.5,-0.8714286,1.1142857,-3.7857144,78.5,0.27142856,0.27142856,0.62857145,10.314285,0.1,1.1332333e-05,0.0052967668,0.07429506,0.00020768866,0.007033147,True
2010-02-15,103.87428571428572,6.0,-4.0857143,-2.0,-6.3857145,82.98572,0.0,0.0,0.37142858,10.3,0.1,1.4901161e-08,0.005277753,0.08130019,0.0,0.011124432,True
2010-02-22,103.87857142857142,2.1,0.7428571,3.914286,-2.8,77.88572,0.5142857,0.48571426,0.7428571,10.214286,0.15714286,0.00018433481,0.005233556,0.08315184,0.007354643,0.0024301559,True
2010-03-01,103.87285714285714,7.3,6.1142855,10.085714,2.3857143,72.52857,1.1,1.0857142,1.4285715,10.157143,2.2428572,0.0032627732,0.0070983693,0.046797656,0.06926212,0.0,True
2010-03-08,103.86,4.4,-1.7142857,1.5285715,-5.957143,74.942856,0.5,0.44285712,0.88571423,9.885715,0.78571427,8.970499e-05,0.00901188,0.010141906,0.002813436,0.0072166696,True
2010-03-15,103.89857142857144,18.0,-1.70299e-08,3.8428574,-4.042857,76.38572,0.7285715,0.7,0.9285714,10.028571,0.94285715,0.0005866289,0.010711804,0.010549012,0.013717199,0.0116584785,True
2010-03-22,103.91857142857144,10.0,8.457143,13.357144,3.7142856,69.77143,1.4285715,1.3571428,1.8428571,10.1,7.0857143,0.0008196384,0.011384025,0.003696294,0.011572404,0.0032420307,True
2010-03-29,103.94428571428573,15.400001,10.742858,16.2,5.214286,69.84286,1.9142857,1.6857141,2.1857142,9.771428,10.285714,0.00023732334,0.012504458,2.724784e-07,2.5313348e-06,0.0,True
2010-04-05,103.97571428571428,0.4,8.6,13.085715,3.1857145,65.85714,1.7285715,1.5142857,1.9714286,9.642858,9.242857,8.884072e-05,0.012417093,-7.345365000000001e-25,0.0,0.0,True
2010-04-12,104.00285714285714,11.5,7.9000006,12.957144,3.1857142,70.52857,2.0,1.6285714,2.0714285,8.957143,9.971429,0.00023657084,0.011909306,-7.345365000000001e-25,3.7252903e-09,0.0,True
2010-04-19,104.03714285714284,6.5,7.9428573,12.900001,2.3285716,75.34286,2.1142857,1.6857141,2.0857143,8.3714285,10.385715,0.00017119944,0.011219777,-7.345365000000001e-25,0.0,0.0,True
2010-04-26,104.05571428571427,5.7,9.357142,15.6285715,2.614286,61.200005,2.9571426,2.2,2.8428571,7.5571427,12.442857,5.0917268e-05,0.010390773,-7.345365000000001e-25,1.1175871e-08,1.4901161e-08,True
2010-05-03,104.07428571428572,15.7,14.014285,18.957142,8.8,70.942856,2.7714286,1.9857143,2.8999999,7.114286,15.442857,0.00027140975,0.0094501,-7.345365000000001e-25,3.7252903e-09,0.0,True
2010-05-10,104.08,19.2,9.971429,13.785714,6.2571435,77.74286,1.7714285,1.4857143,2.1857142,7.7285714,12.185715,0.00021898746,0.008587189,-7.345365000000001e-25,0.0,0.0,True
2010-05-17,104.08714285714288,12.8,10.3,13.342857,7.5,78.457146,1.8142859,1.557143,2.1571429,7.957143,12.2,0.00018238276,0.0078435615,-7.345365000000001e-25,0.0,0.0,True
2010-05-24,104.08857142857144,20.4,13.228571,17.014286,9.742858,82.52857,2.1714284,2.0,2.2142856,8.785714,15.1,0.00025750697,0.0072200894,-7.345365000000001e-25,1.1175871e-08,0.0,True
2010-05-31,104.10142857142856,23.9,12.985715,17.128572,8.071428,78.22857,2.457143,2.2571428,2.5857143,9.114285,16.142857,0.0003605187,0.0066594705,-7.345365000000001e-25,7.450581e-09,0.0,True
2010-06-07,104.11285714285714,38.7,15.228572,19.97143,9.400001,78.41429,3.2285717,2.7571428,3.1714287,9.442857,18.1,0.0013228208,0.0065344945,-7.345365000000001e-25,1.1175871e-08,0.0,True
2010-06-14,104.13714285714286,10.3,19.27143,24.87143,13.728572,71.74286,3.9714284,2.9285715,4.142857,8.2,23.485714,0.000100016594,0.0059298724,-7.345365000000001e-25,3.7252903e-09,0.0,True
2010-06-21,104.15428571428572,0.0,14.871429,19.828571,8.842857,64.5,3.4857142,1.8000001,3.7285714,7.4428573,19.3,3.3184886e-05,0.005570054,-7.345365000000001e-25,0.0,0.0,True
2010-06-28,104.16571428571427,0.0,18.47143,24.514286,11.1285715,61.528572,4.2714286,1.4857142,4.7428575,6.6,21.9,7.659197e-06,0.0051728114,-7.345365000000001e-25,3.7252903e-09,0.0,True
2010-07-05,104.17,18.5,23.100002,29.84286,15.228572,59.200005,5.328571,1.2142857,5.457143,5.957143,26.485714,1.6704202e-05,0.004676178,-7.345365000000001e-25,7.450581e-09,0.0,True
2010-07-12,104.16,1.8,23.185715,29.800001,15.342857,57.971428,5.5285716,1.7857143,5.6142855,5.8714285,25.885714,3.963709e-05,0.0041690394,-7.345365000000001e-25,3.7252903e-09,0.0,True
2010-07-19,104.13714285714286,8.7,22.600002,27.828571,16.300001,66.37143,4.357143,1.5142858,4.428571,5.8714285,26.071428,0.00012235343,0.0036526546,-7.345365000000001e-25,7.450581e-09,0.0,True
2010-07-26,104.12571428571428,64.2,19.485716,24.785715,13.871429,72.6,3.6000001,2.585714,3.5714285,7.4142857,22.642857,0.005009681,0.003256753,-7.345365000000001e-25,7.450581e-09,0.0,True
2010-08-02,104.11428571428571,47.3,18.957142,24.457144,13.728572,71.22858,3.2571428,2.7142856,3.8,7.7714286,22.242857,0.00016200542,0.0029790252,-7.345365000000001e-25,3.7252903e-09,0.0,True
2010-08-09,104.11714285714288,25.3,17.857143,21.942858,13.8714285,80.85714,2.357143,2.1142857,2.5142858,8.985714,20.614286,0.0093199015,0.0042316094,-7.345365000000001e-25,3.7252903e-09,0.0,True
2010-08-16,104.15,43.399998,18.67143,23.87143,14.528572,80.94286,2.3714287,2.2142856,2.7714286,9.171429,21.614286,0.0059307814,0.002689883,-7.345365000000001e-25,3.7252903e-09,0.0,True
2010-08-23,104.19571428571427,9.5,19.242857,24.84286,13.514287,71.62858,2.8285716,2.6571429,3.4428573,9.9,20.828571,0.00030979514,0.0026776046,-7.345365000000001e-25,7.450581e-09,0.0,True
2010-08-30,104.2242857142857,81.2,16.1,20.328571,12.485715,76.90001,2.042857,1.942857,2.385714,9.928572,17.885714,0.0044626743,0.0026961416,-7.345365000000001e-25,7.450581e-09,0.0,True
2010-09-06,104.24571428571429,8.6,11.800001,16.557142,6.8285713,82.32857,1.5857142,1.4857143,1.7714285,10.157143,15.0,0.00016389787,0.002951011,-7.345365000000001e-25,0.0,0.0,True
2010-09-13,104.27142857142856,7.0,15.114286,20.0,10.042857,76.22858,1.7,1.4571428,2.2571428,9.614285,16.6,0.00010302663,0.0032227635,-7.345365000000001e-25,3.7252903e-09,0.0,True
2010-09-20,104.28857142857144,16.1,12.528572,16.5,8.285714,75.72857,1.5428572,1.4428571,1.9857142,9.914286,13.828571,0.00033333898,0.0033344328,-7.345365000000001e-25,1.1175871e-08,0.0,True
2010-09-27,104.30142857142856,101.799995,13.17143,17.285715,9.214286,82.88572,1.3428572,1.1571429,1.6142857,9.942857,14.885715,0.0044313967,0.005443357,-7.345365000000001e-25,7.450581e-09,0.0,True
2010-10-04,104.34142857142857,3.0,10.2,13.471429,7.057143,83.07143,0.9285715,0.90000004,1.2857143,10.771428,11.157143,0.0008045882,0.0062857047,-7.345365000000001e-25,3.7252903e-09,0.0,True
2010-10-11,104.41285714285712,0.0,11.3714285,16.47143,6.7000003,75.185715,1.0571429,0.9142857,1.5285714,9.785714,12.485714,2.1412969e-05,0.006316796,-7.345365000000001e-25,5.5879354e-09,0.0,True
2010-10-18,104.46285714285716,4.4,6.1285715,9.971429,2.1857145,86.91429,0.5,0.41428572,0.6571428,9.585714,8.442857,0.00012329221,0.0065152496,-7.345365000000001e-25,0.0,0.0,True
2010-10-25,104.50285714285714,7.6,6.071429,9.857142,1.9428571,75.58571,0.64285713,0.61428577,1.0857142,9.8,5.6857142,9.870529e-05,0.0064535365,-7.345365000000001e-25,0.0,0.0,True
2010-11-01,104.53,0.0,7.914286,13.028572,3.114286,71.92857,0.7285714,0.62857145,1.1571429,9.657143,6.6,1.5169382e-05,0.0063371956,-7.345365000000001e-25,1.8626451e-09,0.0,True
2010-11-08,104.55,30.3,9.528572,11.857142,6.057143,82.328575,0.59999996,0.55714285,1.0571429,9.928572,8.728572,0.00045493245,0.0061878413,0.00036662532,0.0005659722,0.0034938753,True
2010-11-15,104.56,22.199999,9.357142,12.985715,5.557143,76.71429,0.7714286,0.7714286,1.0571429,10.471429,7.3714285,0.000422813,0.0060593113,0.0007907095,0.0031598397,0.000113198534,True
2010-11-22,104.56857142857145,28.8,5.2428575,7.014286,3.2857144,90.64286,0.20000002,0.20000002,0.32857147,11.171429,5.3714285,0.0016548932,0.0072623715,0.00024218786,0.0009634942,0.0009829998,True
2010-11-29,104.58428571428573,26.300001,-0.59999996,1.2571429,-2.9285715,89.3,0.14285715,0.14285715,0.21428572,10.685715,1.0571429,0.00013189763,0.007937372,0.008709528,0.00079236366,0.023095489,True
2010-12-06,104.59142857142857,12.3,-6.9000006,-3.8857143,-10.271429,83.34286,0.042857144,0.042857144,0.24285714,10.585714,0.17142858,2.2351742e-08,0.0087926015,0.032589704,0.0,0.01590582,True
2010-12-13,104.59714285714286,39.0,-0.7142858,1.057143,-2.7571428,89.94286,0.12857144,0.12857144,0.31428573,10.942857,0.27142859,0.0005494505,0.008904241,0.04928098,0.011620091,0.030502714,True
2010-12-20,104.61714285714288,13.0,-4.8714285,-1.2714285,-8.814286,84.72858,0.014285714,0.014285714,0.31428573,10.657143,0.18571429,5.289912e-07,0.009072512,0.07434169,0.0,0.025616974,True
2010-12-27,104.63714285714286,24.0,-1.7,0.20000008,-4.4714284,88.92857,0.014285714,0.014285714,0.22857143,10.585714,0.2,1.4014542e-05,0.0091615915,0.0972025,0.0003360808,0.030955862,True
2011-01-03,104.65857142857143,1.2,-4.1714287,-1.1857144,-7.9428573,86.97143,0.025,0.025,0.2857143,10.45,0.2,3.874302e-07,0.009078726,0.12082148,0.0,0.010355327,True
2011-01-10,104.68857142857144,5.5,1.5142858,4.7428575,-2.257143,82.94286,0.22857141,0.22857141,0.5,10.285714,0.5714286,0.0014252067,0.009449504,0.11124604,0.043571245,0.0006502867,True
2011-01-17,104.71857142857142,20.1,5.957143,8.957143,3.2,84.328575,0.49999997,0.49999997,0.51428574,10.685715,3.8285713,0.014020778,0.035063773,0.04414052,0.08348807,6.817281e-07,True
2011-01-24,104.78285714285714,22.300001,0.7714286,2.5714285,-1.0714285,88.700005,0.14285715,0.14285715,0.32857147,10.3714285,1.0,0.00020892173,0.041228004,0.008141943,0.0036364254,0.013607826,True
2011-01-31,104.86428571428571,5.4,-2.3,0.44285712,-4.657143,85.34286,0.114285715,0.114285715,0.25714287,10.357142,-0.1,4.4450164e-05,0.033393145,0.021505985,0.0010390375,0.008302763,True
2011-02-07,104.93,6.1,2.8999999,6.057143,-0.9428572,76.21429,0.62857145,0.61428577,1.0428572,10.271428,1.5714285,0.00050897896,0.025664993,0.013087045,0.02383884,0.0014909953,True
2011-02-14,104.98857142857142,8.0,2.7428572,6.114286,-1.0571429,74.08571,0.6,0.55714285,0.8428572,10.242857,1.8428571,0.00019620359,0.020908229,0.0006873267,0.00036659092,0.0029522218,True
2011-02-21,105.04,1.1,-2.142857,-0.31428576,-3.8285713,77.0,0.18571429,0.18571429,0.71428573,10.214286,-0.2,2.1964312e-05,0.017774075,0.004032044,0.0010962803,0.004866846,True
2011-02-28,105.07,0.0,-3.2857144,2.2285714,-8.542857,67.942856,0.54285717,0.4714286,0.8142857,10.071428,-1.5428572,4.865229e-05,0.015341483,0.0042367154,0.0029430594,3.84897e-05,True
2011-03-07,105.09142857142857,0.0,0.29999998,6.3428574,-5.3857145,68.34286,1.1142857,0.9285714,1.1,9.642858,0.7714286,2.2143126e-05,0.0133466795,0.0007952111,0.001337314,0.00023874268,True
2011-03-14,105.12,4.1000004,7.2571435,12.542857,1.6428572,61.37143,1.5857142,1.2714285,1.7571429,9.142858,5.0857143,3.450364e-05,0.011691406,9.8194396e-05,0.0004002303,0.0,True
2011-03-21,105.10857142857142,21.4,5.3285713,9.028571,1.6,81.9,1.0857143,0.95714283,1.0571429,9.342857,6.242857,0.00027440488,0.010306582,0.0009420883,0.0029966775,0.0038037188,True
2011-03-28,105.12428571428572,1.7,6.228572,12.114286,0.11428567,70.28571,1.6714286,1.4000002,1.7142857,9.257143,7.7714286,3.913045e-05,0.009189472,0.00015987668,0.00079298206,1.5236437e-06,True
2011-04-04,105.13857142857144,12.6,12.400001,18.114286,6.7428575,66.75715,2.3,1.8714284,2.5285716,8.642858,12.171429,0.00014974177,0.008241855,3.4059798e-07,2.7511269e-06,0.0,True
2011-04-11,105.13285714285712,0.0,11.657144,17.057142,5.514286,63.957146,2.7000003,2.0,2.7714286,8.071428,12.414286,8.5532665e-06,0.007402085,-7.345365000000001e-25,3.7252903e-09,0.0,True
2011-04-18,105.13142857142856,25.5,8.328572,12.357142,4.042857,73.24286,1.8571428,1.5285712,1.9,7.714286,10.185715,0.00029098988,0.0066818222,-7.345365000000001e-25,0.0,0.0,True
2011-04-25,105.12857142857142,0.0,14.042857,21.385714,5.4714284,58.74286,3.7857144,2.3285713,3.6000001,6.6571426,16.185715,7.688999e-06,0.0060342476,-7.345365000000001e-25,0.0,0.0,True
2011-05-02,105.11857142857144,7.2999997,11.842857,17.714285,6.1,71.37143,3.085714,1.5142859,2.8285713,6.071429,15.528571,0.00020497292,0.005448088,-7.345365000000001e-25,3.7252903e-09,0.0,True
2011-05-09,105.08285714285714,2.4,10.485715,17.27143,2.442857,61.54286,3.7285714,1.2142856,3.4714284,5.785714,14.042857,7.6815486e-05,0.0049298033,0.00023563135,0.0012520403,0.0012795813,True
2011-05-16,105.06714285714284,14.2,14.685715,20.857143,8.3,67.37143,3.3714283,1.5142857,3.4285715,5.642857,17.314285,7.203221e-05,0.0044230074,-7.345365000000001e-25,2.3841858e-07,0.0,True
2011-05-23,105.04285714285712,0.5,17.585714,24.0,10.985715,66.700005,3.8714287,1.6000001,4.142857,5.357143,20.285715,4.5113266e-05,0.003985375,-7.345365000000001e-25,3.7252903e-09,0.0,True
2011-05-30,105.02142857142856,0.9,16.97143,23.685715,9.285714,53.471428,4.771428,0.5857143,5.0,5.114286,19.885714,5.3718686e-06,0.0035417378,-7.345365000000001e-25,3.7252903e-09,0.0,True
2011-06-06,105.0,19.800001,19.628572,26.128572,13.214286,62.37143,4.785714,1.8,5.0142856,5.257143,21.9,0.00049458444,0.0031467676,-7.345365000000001e-25,7.450581e-09,0.0,True
2011-06-13,104.9742857142857,2.7,17.985714,23.857143,11.971429,65.057144,3.7285714,1.8285714,4.2,5.042857,21.6,0.000102475286,0.0028245375,-7.345365000000001e-25,3.7252903e-09,0.0,True
2011-06-20,104.95,11.0,18.028572,23.571428,12.900001,66.07143,3.8857143,2.1,4.2285714,4.9142857,20.77143,8.779764e-05,0.0025490746,-7.345365000000001e-25,1.1175871e-08,0.0,True
2011-06-27,104.91857142857144,14.799999,17.185715,22.97143,11.714286,74.25714,3.6142857,2.5000002,3.642857,5.1,19.842857,8.2969666e-05,0.0023101792,-7.345365000000001e-25,7.450581e-09,0.0,True
2011-07-04,104.90142857142858,36.9,15.67143,19.828571,10.8,75.37144,3.0714283,1.457143,2.8,4.9714284,19.257143,0.0003836751,0.0020924583,-7.345365000000001e-25,1.1175871e-08,0.0,True
2011-07-11,104.87428571428572,36.600002,20.27143,26.014286,14.2,71.5,4.214286,3.5142856,4.528571,5.9142857,23.22857,0.00029443204,0.0019304603,-7.345365000000001e-25,3.7252903e-09,0.0,True
2011-07-18,104.85571428571428,12.1,19.314285,24.942858,13.685715,62.8,4.2,3.4428573,4.4,5.9428573,21.785715,0.004685104,0.0017801151,-7.345365000000001e-25,7.450581e-09,0.0,True
2011-07-25,104.83428571428573,23.8,15.900001,19.442858,11.857142,70.700005,2.8142858,2.4142857,3.1285713,7.957143,17.957144,0.005223505,0.001675576,-7.345365000000001e-25,1.1175871e-08,0.0,True
2011-08-01,104.81428571428572,77.8,16.214285,19.585714,12.428572,81.685715,2.057143,1.7857143,2.3714287,9.085714,18.757143,0.0033680499,0.002237998,-7.345365000000001e-25,1.3038516e-08,0.0,True
2011-08-08,104.82,28.099998,19.585714,24.600002,14.471429,78.58572,2.914286,2.7285712,3.2285714,9.642858,22.085714,0.00045116246,0.001577884,-7.345365000000001e-25,3.7252903e-09,0.0,True
2011-08-15,104.8157142857143,33.0,17.87143,22.357143,13.757143,73.200005,2.7142854,2.4714284,3.142857,9.214286,19.22857,0.00024748594,0.0015639514,-7.345365000000001e-25,7.450581e-09,0.0,True
2011-08-22,104.82,12.2,19.914288,25.97143,13.542857,74.72858,2.9857144,2.5285716,3.457143,9.114285,22.3,4.401058e-05,0.0015503988,-7.345365000000001e-25,5.5879354e-09,0.0,True
2011-08-29,104.82,13.299999,20.414288,26.52857,14.742858,72.57143,2.7571428,2.4285715,3.5,9.014286,21.9,0.00015067309,0.001519002,-7.345365000000001e-25,5.5879354e-09,0.0,True
2011-09-05,104.81000000000002,14.2,16.97143,22.97143,10.5,72.14286,2.2142859,1.7285715,2.8428571,8.642858,19.6,0.0011289939,0.0014848784,-7.345365000000001e-25,3.7252903e-09,0.0,True
2011-09-12,104.79857142857144,13.6,17.728573,22.02857,13.557143,73.58572,2.1,2.0,2.7285714,9.085714,18.342857,0.00021634996,0.0014522299,-7.345365000000001e-25,7.450581e-09,0.0,True
2011-09-19,104.78285714285714,44.4,15.028572,19.785715,10.071428,76.52857,1.7285713,1.5,2.0285714,9.5,17.0,0.0013249367,0.0014220029,-7.345365000000001e-25,1.8626451e-09,0.0,True
2011-09-26,104.76142857142858,0.0,14.285714,20.542858,8.657143,77.01429,1.5,1.3285714,1.942857,9.914286,15.8714285,8.650124e-05,0.0014073327,-7.345365000000001e-25,3.7252903e-09,0.0,True
2011-10-03,104.74142857142856,0.0,16.128572,24.357143,9.3714285,76.814285,1.4571428,1.1571428,1.9142857,9.214286,17.671429,4.7132373e-05,0.0014004111,-7.345365000000001e-25,0.0,0.0,True
2011-10-10,104.73571428571428,17.900002,12.814286,16.9,9.014286,77.3,1.2285713,1.1,1.6142857,9.042857,13.614285,0.00028502196,0.0013870671,-7.345365000000001e-25,7.450581e-09,0.0,True
2011-10-17,104.70857142857145,6.7999997,8.357142,13.014287,3.5428574,77.37144,0.90000004,0.84285724,1.1,10.071428,9.471429,0.000127092,0.0013811216,-7.345365000000001e-25,9.313226e-09,0.0,True
2011-10-24,104.69714285714284,4.1,6.7571435,11.942858,1.8857144,79.22858,0.7,0.5857143,0.95714283,9.7,6.8142858,9.171665e-05,0.0013797358,-7.345365000000001e-25,5.7742e-08,5.2154064e-08,True
2011-10-31,104.68,0.2,10.428572,14.057143,7.371429,83.557144,0.47142863,0.38571426,0.7285714,9.557143,9.2,0.00014574826,0.0013834015,-7.345365000000001e-25,1.8626451e-09,0.0,True
2011-11-07,104.66571428571427,0.0,9.2,13.1285715,5.7428575,76.91429,0.50000006,0.4,0.94285715,9.357142,7.6,1.4454126e-06,0.0013911352,-7.345365000000001e-25,1.8626451e-09,0.0,True
2011-11-14,104.63714285714286,0.0,4.2285714,9.3,-0.18571427,81.557144,0.3,0.24285714,0.44285712,9.171429,4.042857,1.013279e-06,0.0013967827,4.995437e-07,3.6135316e-07,1.0244548e-06,True
2011-11-21,104.62142857142858,0.0,2.6142857,5.8428574,-0.25714287,86.3,0.114285715,0.1,0.2857143,9.1,2.0714285,4.4181943e-06,0.0013999343,4.1916257e-05,6.4548105e-05,7.925555e-05,True
2011-11-28,104.58714285714288,0.1,4.1857142,8.185715,0.7285715,80.12858,0.3,0.22857144,0.4857143,9.071428,2.5142858,2.2053719e-06,0.0013997704,6.817636e-06,1.8732622e-05,6.4074993e-07,True
2011-12-05,104.57142857142856,16.7,5.3428574,9.185715,1.3571428,79.64286,0.5285714,0.5285714,0.71428573,9.114285,3.7,0.00021854043,0.0013959333,1.5099844e-06,3.91528e-06,3.0770898e-05,True
2011-12-12,104.54142857142855,10.6,3.9714286,7.0428576,0.85714287,73.90001,0.5714286,0.55714285,0.8428572,9.971429,2.1142857,0.00023822486,0.0013939515,0.0004771437,0.0019562058,0.002137389,True
2011-12-19,104.5257142857143,9.200001,4.3,7.0285716,1.8285714,74.65715,0.5857143,0.5714286,1.0285714,10.271428,2.2714286,0.00018160045,0.0014081597,0.0011944885,0.0019318908,0.004624296,True
2011-12-26,104.48857142857142,11.400001,4.6285715,6.3428574,2.1285715,84.15715,0.27142859,0.27142859,0.55714285,10.357142,2.5714285,0.00036671758,0.001447469,0.002385724,0.008346267,0.0056156367,True
2012-01-02,104.48142857142857,11.4,5.9857144,8.257143,3.1571429,81.47143,0.38000003,0.38000003,0.6571428,10.34,3.58,0.0003296733,0.0015373603,0.00068080425,0.0028042141,0.0025681257,True
2012-01-09,104.46857142857142,27.0,4.7714286,7.1857147,2.7000003,78.62858,0.71428573,0.71428573,0.94285715,10.828571,3.1857142,0.0008444041,0.0017059073,0.000956927,0.0031270925,0.0036350898,True
2012-01-16,104.44857142857144,9.6,3.2285714,4.871429,1.1714286,81.14286,0.5857143,0.57142854,0.62857145,10.442857,2.5,0.00032362342,0.002245903,0.0026635895,0.0010652263,0.00930474,True
2012-01-23,104.46285714285716,39.7,3.0,5.3428574,0.54285717,82.07143,0.5285714,0.5285714,0.64285713,10.9,1.0571429,0.0025332943,0.004575476,0.008319877,0.020581283,0.017075326,True
2012-01-30,104.45142857142856,1.0,-1.8285714,1.0142858,-4.3714285,79.24286,0.071428575,0.071428575,0.42857143,10.571428,-0.6571429,4.0389597e-05,0.0051915497,0.009831372,0.0006966032,0.0064781457,True
2012-02-06,104.46285714285716,0.0,-11.285714,-7.214286,-14.857142,73.971436,0.0,0.0,0.29999998,10.285714,-5.9,1.0430813e-07,0.006563209,0.00975178,0.0,0.0004882999,True
2012-02-13,104.48,2.9,-10.285714,-6.1285715,-14.771429,80.52857,0.0,0.0,0.2857143,10.271428,-4.9857144,6.7055225e-08,0.0069278553,0.013333513,0.0,0.0072002076,True
2012-02-20,104.49285714285716,15.5,1.7285715,4.2428575,-1.1857144,79.51429,0.74285716,0.74285716,0.78571427,10.385715,-0.08571429,0.0024910867,0.006986998,0.014068308,0.021980315,0.01123466,True
2012-02-27,104.48571428571428,5.7,4.714286,7.9428573,0.82857144,76.54286,0.94285715,0.94285715,1.1142857,10.228572,2.1571429,0.00038213283,0.0073653907,0.0015700602,0.0058692284,0.0028427206,True
2012-03-05,104.49428571428572,3.8000002,6.4428573,9.714286,2.9857142,76.38572,0.87142855,0.8142857,1.0142857,10.157143,4.4428573,0.0011250973,0.008525506,9.820007e-05,0.0010667238,0.0,True
2012-03-12,104.51,5.5,4.657143,8.142858,1.4,73.74286,1.0714285,0.9714286,1.2285715,9.785714,4.1714287,0.00017105043,0.009724297,0.00012762206,0.00064688735,0.00064077973,True
2012-03-19,104.53285714285714,2.8999999,8.771429,14.185715,3.6285717,67.54286,1.7714287,1.442857,1.9428571,9.4,7.857143,5.5149198e-05,0.0097922385,6.81196e-08,1.4007092e-06,0.0,True
2012-03-26,104.53857142857144,0.0,8.842857,15.7,1.7142857,69.71429,2.0714285,1.5857143,1.9285715,8.671429,10.328571,1.0579824e-06,0.009525441,-7.345365000000001e-25,0.0,0.0,True
2012-04-02,104.56142857142856,3.9,7.614286,11.657144,2.9428573,69.67143,2.057143,1.6714286,2.0,8.0,8.714286,0.00016865134,0.0090881735,7.3098e-05,0.00025933608,0.0003793612,True
2012-04-09,104.56285714285714,4.6,5.2428575,9.1285715,1.1714287,71.84286,1.5142858,1.1571429,1.6,7.7714286,6.8142858,9.933114e-05,0.00857982,0.00017628216,0.00069088675,0.0009283051,True
2012-04-16,104.56142857142856,14.900001,8.242857,12.842857,3.6142857,70.0,2.0,1.6285714,2.1571429,7.571429,9.3,0.00025640056,0.008020654,1.916999e-05,0.00025178492,0.0,True
2012-04-23,104.55428571428573,3.3,9.242857,14.6285715,3.457143,59.77143,2.7,2.1142857,2.8,7.1857142,11.1285715,8.85427e-05,0.0074503943,-7.345365000000001e-25,3.7252903e-09,0.0,True
2012-04-30,104.52428571428572,6.7,16.97143,23.628572,10.085715,55.700005,4.3857145,2.7285714,4.5,6.5,16.757143,7.7456236e-05,0.006848417,-7.345365000000001e-25,3.7252903e-09,0.0,True
2012-05-07,104.51,9.6,14.67143,20.542858,8.8714285,74.12858,3.0714283,1.5999998,3.0285716,6.042857,17.471428,0.00018289685,0.006218478,-7.345365000000001e-25,7.450581e-09,0.0,True
2012-05-14,104.4725,10.6,14.771429,20.328571,8.057143,66.02857,3.6142857,2.0428572,3.5,5.8285713,16.957144,7.110834e-05,0.0056553036,-7.345365000000001e-25,3.7252903e-09,0.0,True
2012-05-21,104.47285714285714,4.9,13.900001,19.87143,6.971429,56.81429,4.157143,1.0428572,4.1857142,5.4714284,15.985714,2.0220876e-05,0.005110331,-7.345365000000001e-25,0.0,0.0,True
2012-05-28,104.44428571428573,1.4,19.014286,25.142857,11.17143,54.114285,5.2000003,0.6571428,5.1571426,5.1,21.757143,3.0249357e-06,0.0045267567,-7.345365000000001e-25,3.7252903e-09,0.0,True
2012-06-04,104.42714285714284,27.9,13.928572,18.757143,8.957143,70.52857,2.957143,1.4857143,3.2142856,5.5285716,17.057142,0.00018033385,0.0040150136,-7.345365000000001e-25,3.7252903e-09,0.0,True
2012-06-11,104.4057142857143,3.8000002,15.300001,20.328571,9.728571,69.9,3.1000001,2.4714286,3.3,5.742857,17.471428,0.000120177865,0.0036382154,-7.345365000000001e-25,3.7252903e-09,0.0,True
2012-06-18,104.38285714285712,19.3,17.514286,23.128572,10.842857,72.314285,3.9714284,2.5142858,3.857143,5.5142856,20.428572,0.0005167872,0.0032949746,-7.345365000000001e-25,3.7252903e-09,0.0,True
2012-06-25,104.36142857142856,23.7,18.042858,22.785715,13.1285715,71.828575,3.857143,2.942857,3.857143,6.0857143,20.9,0.00074510276,0.0030013993,-7.345365000000001e-25,7.450581e-09,0.0,True
2012-07-02,104.33833333333332,29.6,19.914288,25.028574,14.071428,72.4,4.028571,3.1000001,4.0,5.714286,22.2,0.00038278103,0.002751775,-7.345365000000001e-25,7.450581e-09,0.0,True
2012-07-09,104.32743403545814,51.8,19.9,25.528574,15.314286,80.3,3.4857144,3.0142856,3.6857142,6.6714287,23.6,0.017087772,0.0076228753,-7.345365000000001e-25,3.7252903e-09,0.0,True
2012-07-16,104.30479961426364,22.6,17.0,22.042858,12.457143,71.15714,3.2714288,2.9142857,3.7142856,6.957143,19.442858,0.00016875565,0.0024093539,-7.345365000000001e-25,7.450581e-09,0.0,True
2012-07-23,104.3,4.1,17.042858,21.9,12.185715,69.21429,3.1857142,2.6142857,3.6000001,7.5285716,18.842857,0.00024594367,0.0023096576,-7.345365000000001e-25,7.450581e-09,0.0,True
2012-07-30,104.28711186452584,7.4,22.47143,29.142857,15.542857,65.25715,4.3142858,3.0428574,4.6142855,6.614286,24.114286,0.0001065135,0.0021929145,-7.345365000000001e-25,7.450581e-09,0.0,False
2012-08-06,104.26434518434822,18.3,20.5,26.47143,14.885715,72.314285,3.642857,2.6285717,3.8428571,6.142857,23.442858,8.2582235e-05,0.0020781904,-7.345365000000001e-25,3.7252903e-09,0.0,True
2012-08-13,104.2257184313372,2.1,16.628572,21.914288,11.457144,65.67143,3.1571429,1.8857143,3.6857142,5.5142856,20.4,3.693998e-05,0.0019667149,-7.345365000000001e-25,3.7252903e-09,0.0,True
2012-08-20,104.22785209009498,2.1,20.485716,28.642857,12.042857,60.328575,3.8857143,0.9857144,4.3857145,5.071429,22.714285,5.811453e-06,0.0018481612,-7.345365000000001e-25,7.450581e-09,0.0,False
2012-08-27,104.21196397923848,22.800001,20.114286,25.542858,14.842857,70.0,3.0571427,1.9000002,3.6142857,5.6,21.885714,4.9829483e-05,0.0017193332,-7.345365000000001e-25,3.7252903e-09,0.0,True
2012-09-03,104.1693195307636,20.5,17.628572,22.542858,12.314285,76.35714,2.2142856,1.4857142,2.5714285,5.928571,19.8,0.00069750845,0.0016132221,-7.345365000000001e-25,0.0,0.0,True
2012-09-10,104.14142857142858,1.9,17.185715,23.142857,10.757143,71.92857,2.3,1.3285714,2.8,5.714286,19.085714,3.46452e-05,0.0015310273,-7.345365000000001e-25,5.5879354e-09,0.0,True
2012-09-17,104.12,15.6,15.071428,20.557144,9.942857,74.15714,1.957143,1.3714286,2.3428571,5.9142857,16.77143,0.0002475381,0.0014526099,-7.345365000000001e-25,3.7252903e-09,0.0,True
2012-09-24,104.10142857142856,15.3,12.528572,17.97143,6.7000003,71.88572,1.7,1.2857143,2.1142857,6.1,14.171429,0.00013887882,0.0013864189,-7.345365000000001e-25,3.7252903e-09,0.0,True
2012-10-01,104.07714285714285,13.799999,13.857142,19.457144,8.157144,73.22858,1.5285714,1.1571429,2.0428572,5.5285716,14.657143,4.2289495e-05,0.0013274625,-7.345365000000001e-25,3.7252903e-09,0.0,True
2012-10-08,104.05428571428573,4.4,12.571428,18.014286,6.728572,73.957146,1.2142857,1.0142858,1.8285714,5.3285713,12.771428,9.9644065e-05,0.0012746081,-7.345365000000001e-25,5.5879354e-09,0.0,True
2012-10-15,104.03857142857144,4.5,8.6285715,12.714286,4.114286,77.41429,0.7714285,0.61428577,1.1999999,5.8428574,9.057143,7.618964e-05,0.001229696,-7.345365000000001e-25,1.8626451e-09,0.0,True
2012-10-22,104.01285714285714,0.0,10.914286,16.242857,6.3857145,81.057144,0.8,0.5857143,1.1428572,5.6571426,10.728572,1.6987324e-06,0.0011882856,-7.345365000000001e-25,3.7252903e-09,0.0,True
2012-10-29,104.0,13.7,4.585715,6.5285716,2.6571429,88.557144,0.44285718,0.35714287,0.5285714,5.6714287,6.6285715,5.3152442e-05,0.0011524931,0.0049793324,0.0024815295,0.014598921,True
2012-11-05,103.98857142857142,14.3,7.1,9.957144,4.4428573,80.02857,0.65714294,0.61428577,0.9285714,6.257143,5.9,0.00029425323,0.0011221766,0.002505416,0.012415299,0.00044317916,True
2012-11-12,103.96571428571428,11.3,7.657143,9.5,5.428571,81.314285,0.5,0.4714286,0.8428572,6.857143,6.6857142,0.00021710992,0.0010961369,4.7116052e-07,4.5169145e-06,0.0,True
2012-11-19,103.9542857142857,0.6,3.1285717,7.7571435,-1.1857144,86.22858,0.18571432,0.14285716,0.27142859,7.0857143,2.8714285,5.364418e-06,0.0010765791,1.2318293e-06,2.404675e-06,3.4309924e-06,True
2012-11-26,103.93999999999998,0.4,5.9000006,9.671428,1.3285714,84.18572,0.25714284,0.22857141,0.55714285,7.1,4.614286,3.1292439e-06,0.0010623857,7.947286e-08,1.15484e-06,0.0,True
2012-12-03,103.93,56.4,2.0428572,3.7857144,1.70299e-08,90.0,0.17142858,0.17142858,0.31428573,8.528571,2.6285715,0.0004209727,0.0010511279,0.021300599,0.0042403787,0.03939881,True
2012-12-10,103.92142857142858,17.0,-2.4857142,0.9285714,-6.285714,84.47143,0.1,0.1,0.35714287,9.342857,0.08571429,1.0497868e-05,0.0010473505,0.043958534,0.0003291536,0.020796794,True
2012-12-17,103.90142857142858,11.900001,-0.38571426,1.5857143,-2.3857143,86.35714,0.08571429,0.08571429,0.41428572,9.642858,0.15714286,0.00031420588,0.0010483041,0.060350753,0.011304354,0.0069726817,True
2012-12-24,103.88714285714286,32.0,2.7857144,5.2999997,0.87142855,91.21429,0.08571429,0.08571429,0.34285715,10.071428,0.3857143,0.0057262406,0.006232299,0.042681843,0.045348503,0.0041497424,True
2012-12-31,103.88857142857144,2.6,6.1857142,9.599999,3.0142858,72.1,0.54285717,0.54285717,1.0714285,10.342857,3.2714286,0.00072301924,0.0023991168,0.002022134,0.015230488,6.867945e-05,True
2013-01-07,103.9,30.9,6.3428574,8.071428,4.3857145,86.057144,0.4571429,0.44285718,0.7,10.3714285,4.642857,0.0010763407,0.0029420108,1.2687275e-05,6.1756e-05,3.7252903e-08,True
2013-01-14,103.94142857142856,15.9,0.41428575,1.8142856,-1.8714286,88.557144,0.114285715,0.114285715,0.34285715,10.6285715,1.8142858,0.00043348968,0.004515223,0.0034051395,5.850196e-05,0.0075679086,True
2013-01-21,103.98857142857142,5.9,-4.785714,-3.4714286,-6.1714287,86.21429,0.0,0.0,0.31428573,10.342857,-0.6142857,1.8626451e-07,0.0061440766,0.011565702,2.194196e-06,0.01262407,True
2013-01-28,104.01428571428572,5.0,-5.457143,-3.0285716,-8.685715,82.91429,0.08571429,0.08571429,0.31428573,10.328571,-0.41428572,4.273653e-05,0.006756045,0.02006205,0.0017160773,0.0039613135,True
2013-02-04,104.03571428571428,29.0,5.0285716,7.4428573,1.3714285,79.67143,0.7285714,0.7285714,0.9857143,10.857142,1.8285714,0.0020574331,0.007618852,0.003710514,0.025472589,0.007079415,True
2013-02-11,104.06857142857145,6.2000003,-0.9857143,2.4714286,-4.8285713,80.91429,0.29999998,0.29999998,0.55714285,10.442857,0.5,5.8874488e-05,0.008969225,0.0041079125,0.0012903456,0.003471952,True
2013-02-18,104.09714285714286,11.8,-0.84285724,0.5714286,-2.5,89.84286,0.12857142,0.12857142,0.42857143,10.257143,-0.014285714,8.9108944e-05,0.009829454,0.010962208,0.0041429866,0.010104585,True
2013-02-25,104.13,24.400002,-1.5714285,-0.24285719,-2.8142858,91.328575,0.10000001,0.10000001,0.42857143,10.428572,0.0,0.00014896691,0.0098647475,0.027245414,0.0055973697,0.032547086,True
2013-03-04,104.15285714285714,1.0,1.3142859,3.3285713,-1.0285715,86.3,0.61428577,0.59999996,0.67142856,10.285714,0.8428571,0.00040219724,0.009733528,0.030676614,0.017558752,0.0027487278,True
2013-03-11,104.18714285714286,8.7,2.857143,6.9857144,-0.77142864,80.08572,0.7571429,0.6857143,0.9714286,9.8714285,2.7142856,0.0006027967,0.009794183,0.0072751273,0.019065179,0.00530741,True
2013-03-18,104.21285714285716,14.4,-2.7714288,0.8714286,-6.871429,74.25715,0.51428574,0.4857143,1.0428572,10.157143,0.12857144,6.322563e-05,0.010520078,0.010802223,0.0021773893,0.010322697,True
2013-03-25,104.23142857142857,2.7,-2.4142857,0.42857146,-5.042857,73.5,0.27142859,0.27142859,1.0857142,10.3,0.21428572,0.00010859966,0.010683425,0.016109517,0.003487736,0.010909349,True
2013-04-01,104.25714285714284,7.0,-0.7,2.1000001,-3.457143,75.0,0.7714285,0.7428571,1.1571429,10.157143,0.25714287,0.00015611947,0.010581613,0.01232775,0.006931346,0.010560714,True
2013-04-08,104.27285714285712,1.0,1.4142858,4.2714286,-1.5142858,75.299995,1.0428572,0.9571429,1.2571429,9.957143,2.1142857,0.0002773404,0.010363534,0.009398574,0.012410147,0.0042302646,True
2013-04-15,104.28571428571428,12.4,10.214286,15.214286,4.8428574,70.685715,2.1000001,1.9142857,2.357143,9.714286,9.457143,0.00040130317,0.010067783,0.0005250715,0.0034424532,8.092448e-05,True
2013-04-22,104.29714285714286,1.7,13.900001,19.0,8.314286,60.3,3.0285714,2.4285715,3.2428572,8.8714285,14.485714,8.4489584e-05,0.009727046,-7.345365000000001e-25,3.3527613e-08,0.0,True
2013-04-29,104.31,6.0,12.971429,18.514286,7.7571435,70.8,2.8,2.2,2.8142858,8.028571,14.5,0.00018968433,0.009238206,-7.345365000000001e-25,0.0,0.0,True
2013-05-06,104.31714285714284,7.8,11.8714285,16.1,7.571429,79.58571,2.3142858,1.8142856,2.1571429,7.642857,14.114285,0.00022304058,0.0086977035,-7.345365000000001e-25,0.0,0.0,True
2013-05-13,104.33,24.199999,14.557143,19.17143,9.8714285,80.299995,2.5142856,2.0571427,2.6571429,7.4428573,17.042856,0.0018375218,0.00814157,-7.345365000000001e-25,3.7252903e-09,0.0,True
2013-05-20,104.34,12.4,16.77143,22.457144,10.071428,65.72857,3.957143,2.6142857,4.1285715,7.0142856,18.62857,0.00016717613,0.0076386184,-7.345365000000001e-25,7.450581e-09,0.0,True
2013-05-27,104.34714285714286,36.0,9.785714,13.742858,6.1714287,80.14286,2.0142856,1.4142857,2.0857143,7.5285716,13.414286,0.00054860115,0.0071505606,-7.345365000000001e-25,0.0,0.0,True
2013-06-03,104.35571428571428,163.9,11.828572,14.971429,8.685715,93.98572,1.5857143,1.6,1.2428571,10.357142,14.085714,0.018518955,0.01840964,-7.345365000000001e-25,1.1175871e-08,0.0,True
2013-06-10,104.47142857142856,25.8,15.457144,20.9,9.957144,82.11428,3.3428571,3.0428574,2.9285715,10.428572,19.328571,0.00041013956,0.016888604,-7.345365000000001e-25,0.0,0.0,True
2013-06-17,104.65,3.7,18.428572,24.242859,10.985715,64.47143,4.571429,3.6571429,4.571429,9.142858,22.057142,8.559227e-05,0.016970195,-7.345365000000001e-25,7.450581e-09,0.0,True
2013-06-24,104.76857142857143,49.600002,22.34286,27.600002,16.285715,68.28571,4.8857145,3.9714284,4.9,8.0,25.085714,0.0001078397,0.0151934475,-7.345365000000001e-25,7.450581e-09,0.0,True
2013-07-01,104.85571428571428,33.3,13.928572,17.914286,10.1285715,77.07143,2.8,2.5285716,2.7,9.257143,17.2,0.0009865165,0.013341352,-7.345365000000001e-25,1.1175871e-08,0.0,True
2013-07-08,104.93142857142855,2.3,19.685715,25.114286,13.6285715,72.37143,4.1285715,3.2714288,4.1714287,7.9428573,23.457144,9.9778175e-05,0.011862814,-7.345365000000001e-25,7.450581e-09,0.0,True
2013-07-15,104.99714285714286,0.0,17.857143,22.87143,12.342857,69.52857,3.642857,2.2285714,3.8285713,6.7714286,22.085714,2.2947788e-05,0.010412678,-7.345365000000001e-25,7.450581e-09,0.0,True
2013-07-22,105.04,0.0,20.928572,28.014286,12.8,61.014286,5.028571,1.4142858,5.0,5.928571,25.0,2.0116568e-06,0.009032108,-7.345365000000001e-25,7.450581e-09,0.0,True
2013-07-29,105.0657142857143,46.2,24.257143,31.014286,16.557142,60.67143,4.942857,1.1142857,5.0142856,5.8,27.0,0.0019260794,0.007674195,-7.345365000000001e-25,3.7252903e-09,0.0,True
2013-08-05,105.07857142857142,7.1000004,22.685715,29.2,16.542858,69.04286,4.3428574,3.0571427,4.428571,6.1285715,25.057142,0.0002706647,0.006584637,-7.345365000000001e-25,7.450581e-09,0.0,True
2013-08-12,105.08,23.6,19.37143,25.271427,14.014287,76.1,3.2714286,2.642857,3.357143,6.1571426,23.27143,0.005128011,0.005757585,-7.345365000000001e-25,3.7252903e-09,0.0,True
2013-08-19,105.07285714285716,6.1000004,18.4,24.7,11.942858,64.51429,3.3714287,2.4428573,3.6285713,5.8428574,21.2,0.00013665855,0.0051571056,-7.345365000000001e-25,5.5879354e-09,0.0,True
2013-08-26,105.05571428571427,0.1,16.557142,22.385715,10.471429,70.67143,2.9,1.7142857,3.1285717,5.5,19.985714,2.5495887e-05,0.004665658,-7.345365000000001e-25,3.7252903e-09,0.0,True
2013-09-02,105.02714285714286,1.9,16.328571,22.014286,10.671428,68.828575,2.3857143,0.98571426,3.0142858,5.142857,19.028572,6.324798e-05,0.0042326525,-7.345365000000001e-25,9.313226e-09,0.0,True
2013-09-09,104.99857142857142,18.0,17.7,23.114286,12.542857,76.97143,2.4857142,1.3714286,2.7285714,5.214286,19.357143,0.00041526556,0.003873527,-7.345365000000001e-25,9.313226e-09,0.0,True
2013-09-16,104.97714285714288,6.4,13.971429,17.7,10.571428,80.65715,1.2285715,1.0571429,1.6999999,5.9142857,15.257143,0.00037446618,0.003567256,-7.345365000000001e-25,1.8626451e-09,0.0,True
2013-09-23,104.94857142857144,5.9,12.300001,15.5,9.228571,82.32857,1.1142857,0.98571426,1.4428571,6.385714,13.2,0.00011590123,0.003333725,-7.345365000000001e-25,9.313226e-09,0.0,True
2013-09-30,104.92571428571428,6.4,10.071428,15.185715,4.9714284,81.6,1.0857143,0.88571423,1.3285714,6.642857,12.271428,9.818375e-05,0.0031476766,-7.345365000000001e-25,3.7252903e-09,0.0,True
2013-10-07,104.89571428571428,0.0,8.528571,13.714286,3.6285717,70.828575,1.1,0.81428576,1.6428572,6.3428574,10.342857,3.1739473e-06,0.0029749125,-7.345365000000001e-25,0.0,0.0,True
2013-10-14,104.87571428571428,50.8,10.485715,15.114286,6.3142858,86.314285,0.71428573,0.6571428,0.9142857,7.428571,11.442857,0.00082322955,0.0028303117,-7.345365000000001e-25,1.8626451e-09,0.0,True
2013-10-21,104.85285714285716,6.5,10.971429,14.928572,6.285714,83.328575,0.8142857,0.8000001,0.9857143,8.6,10.585714,0.0001771152,0.0027276725,-7.345365000000001e-25,5.5879354e-09,0.0,True
2013-10-28,104.83285714285716,5.7,15.657144,21.014286,10.457144,72.87143,1.1857141,1.0714285,1.7857143,8.542857,13.285714,1.8924475e-05,0.0026458055,-7.345365000000001e-25,9.313226e-09,0.0,True
2013-11-04,104.81428571428572,5.2999997,9.400001,13.885715,4.4714284,73.057144,0.7857143,0.7285715,1.2428571,8.5,8.842857,0.00019058585,0.002572149,-7.345365000000001e-25,5.5879354e-09,0.0,True
2013-11-11,104.78857142857144,12.5,8.914286,11.685715,4.9,80.5,0.6571428,0.62857145,0.88571423,8.857142,7.9,0.00024174154,0.0025141016,-7.345365000000001e-25,5.5879354e-09,0.0,True
2013-11-18,104.7585714285714,2.5,3.1000001,6.6,-0.042857144,91.185715,0.25714287,0.24285717,0.25714284,9.3714285,4.0857143,3.9473176e-05,0.0024738535,1.515661e-06,3.4570694e-06,4.708767e-06,True
2013-11-25,104.74571428571429,8.2,3.8,5.414286,1.457143,91.3,0.24285714,0.24285714,0.32857147,9.842857,4.0285716,0.00024849176,0.0024473667,0.00010888917,4.8112124e-06,0.00088948384,True
2013-12-02,104.71285714285716,3.5,2.7857146,4.8857145,0.07142859,86.62858,0.24285714,0.24285714,0.34285715,10.028571,1.8142858,0.00020726025,0.0024335384,0.0012093271,0.0030888822,0.002264645,True
2013-12-09,104.69428571428573,20.7,2.757143,5.1285715,0.3142857,83.08572,0.37142858,0.37142858,0.5714286,10.171429,1.4857143,0.00067538023,0.0024414212,0.0016269911,0.006477734,0.0068940073,True
2013-12-16,104.66571428571427,0.5,3.9285715,7.2714286,1.0142857,89.28571,0.17142858,0.17142858,0.2,10.314285,2.9285715,7.2047114e-05,0.0026096255,0.00010821365,0.00036904588,5.9604645e-08,True
2013-12-23,104.65285714285714,4.4,3.642857,4.9857144,0.90000004,78.85714,0.35714287,0.35714287,0.6571428,10.114285,1.8714286,5.480647e-05,0.0029089674,1.3754481e-05,2.6626512e-05,0.0,True
2013-12-30,104.64428571428572,1.3,5.8142858,0.0,3.4,77.84286,0.45714286,0.44285718,0.8142857,9.942857,3.7714286,9.059906e-05,0.0031240284,-7.345365000000001e-25,3.594905e-07,0.0,True
2014-01-06,104.61571428571428,6.1,4.357143,6.7000003,0.88571423,80.25715,0.2,0.2,0.59999996,9.9,0.6,4.8696995e-05,0.0032658055,4.950024e-06,1.1011958e-05,1.1090189e-05,True
2014-01-13,104.59142857142857,4.7,6.1714287,9.800001,1.8857144,75.3,0.6714286,0.6714286,0.8428572,10.185715,3.9857142,9.2327595e-05,0.00335221,4.7683716e-07,8.1397593e-07,1.9595027e-06,True
2014-01-20,104.57714285714285,13.2,2.9428573,4.785714,0.5,91.87144,0.15714286,0.15714286,0.31428573,10.271428,1.9857143,0.00034239888,0.0034163296,0.0019132013,0.005520502,0.0055831894,True
2014-01-27,104.55428571428573,9.1,-3.9857142,-1.7571429,-6.914286,88.185715,0.014285714,0.014285714,0.24285714,10.3,-0.51428574,5.0887465e-06,0.003549993,0.006698733,9.150244e-05,0.011570051,True
2014-02-03,104.53,3.1,0.35714287,2.6000001,-1.4142857,82.32857,0.2857143,0.27142859,0.5714286,10.257143,-0.24285714,9.5784664e-05,0.0036828667,0.009458701,0.0036084391,0.00037930906,True
2014-02-10,104.51428571428572,0.1,4.3428574,7.7571435,0.61428577,70.65714,0.9571429,0.85714287,1.1857144,9.914286,1.8857143,0.00012812018,0.0037684888,0.0029020763,0.006348582,1.5646219e-07,True
2014-02-17,104.48714285714286,5.7000003,5.2999997,9.185715,1.1714286,69.12858,1.1142857,0.9714287,1.3142856,9.5,3.8142858,0.00010493398,0.003814146,5.3570384e-05,0.00022285059,4.1611493e-05,True
2014-02-24,104.46,2.5,5.8428574,11.0,0.8000001,71.700005,1.0285715,0.84285706,1.1428572,9.157143,4.6714287,3.2655895e-05,0.0038217157,2.78155e-07,1.7397106e-06,0.0,True
2014-03-03,104.44285714285716,0.0,5.414286,11.085714,0.35714287,75.64286,1.1428571,0.88571423,1.1142857,8.842857,5.6285715,9.6187e-06,0.0037990212,-7.345365000000001e-25,1.1175871e-08,0.0,True
2014-03-10,104.40428571428572,0.0,6.1,11.942858,0.37142855,77.057144,1.2428571,0.94285715,1.1142857,8.514286,6.6,8.746982e-06,0.0037613735,-7.345365000000001e-25,0.0,0.0,True
2014-03-17,104.38285714285712,6.9,8.014285,14.3714285,2.0428572,67.85714,1.8000001,1.442857,1.8142856,7.9,7.928571,0.00014618039,0.0036962107,-7.345365000000001e-25,3.7252903e-09,0.0,True
2014-03-24,104.35857142857142,17.2,10.5,14.642858,6.6285715,67.87143,2.0,1.6428572,2.2142856,7.5571427,9.757143,0.0003779605,0.0036180615,7.606688e-06,3.8612634e-05,0.00012787059,True
2014-03-31,104.33,0.3,7.371429,14.028572,0.9428572,77.37144,1.6714287,1.2714285,1.6714286,7.428571,9.028571,4.517287e-05,0.003539987,2.0884332e-05,9.844825e-05,2.5443733e-06,True
2014-04-07,104.31,4.4,12.6285715,18.542858,6.614286,71.47143,2.1428573,1.5857142,2.2571428,6.7285714,13.185715,2.1904707e-05,0.0034486726,-7.345365000000001e-25,8.381903e-08,0.0,True
2014-04-14,104.28285714285714,8.1,9.914286,14.0,5.3285713,69.92857,2.114286,1.6857144,2.3285713,6.4714284,11.3,0.00022805482,0.0033522323,5.160059e-06,7.5455755e-05,7.5068325e-05,True
2014-04-21,104.26571428571428,8.3,8.814286,14.214286,2.4857144,72.1,2.5285716,1.8285714,2.3285713,6.357143,11.357142,0.00012408197,0.0032512546,-7.345365000000001e-25,3.7252903e-09,0.0,True
2014-04-28,104.23857142857142,1.6999999,14.571428,20.9,8.5,78.314285,2.6571426,1.6285714,2.857143,5.8428574,16.785715,0.00019109249,0.003137581,-7.345365000000001e-25,3.7252903e-09,0.0,True
2014-05-05,104.20857142857145,4.8,9.642858,15.5,3.7714286,76.9,2.2999997,1.2714287,2.1,5.8285713,13.7,4.249066e-05,0.0030201077,-7.345365000000001e-25,0.0,0.0,True
2014-05-12,104.19,9.099999,13.6,18.542858,7.457143,66.17143,3.2,2.4428573,3.3,5.642857,14.571428,0.00012622029,0.0028935596,-7.345365000000001e-25,3.7252903e-09,0.0,True
2014-05-19,104.15714285714286,23.6,11.342857,15.871429,7.585715,76.38572,2.4285715,1.7857143,2.4714284,5.642857,13.614285,0.00022628158,0.0027613565,-7.345365000000001e-25,0.0,0.0,True
2014-05-26,104.13714285714286,29.6,18.97143,25.228573,12.157144,68.72857,4.6142855,3.0,4.5571427,5.457143,21.714285,9.7587705e-05,0.002620928,-7.345365000000001e-25,3.7252903e-09,0.0,True
2014-06-02,104.11571428571428,45.3,13.042857,17.857143,8.457143,79.58572,2.7142856,2.3428571,2.8285713,7.9142857,16.342857,0.0010151938,0.0024966747,-7.345365000000001e-25,0.0,0.0,True
2014-06-09,104.10428571428572,0.6,20.2,26.642857,12.042857,55.957146,4.714286,3.3142858,5.2999997,6.5571427,22.828571,1.3455749e-05,0.0023818612,-7.345365000000001e-25,3.7252903e-09,0.0,True
2014-06-16,104.08857142857144,6.6,18.34286,24.071428,12.1285715,68.32857,4.214286,2.2285714,4.142857,5.457143,22.72857,0.00018703938,0.0022414476,-7.345365000000001e-25,7.450581e-09,0.0,True
2014-06-23,104.06857142857145,1.5,15.542857,20.057144,10.885715,66.04286,3.7857144,1.1999999,3.6857142,4.9714284,19.542856,3.08156e-05,0.0021191463,-7.345365000000001e-25,7.450581e-09,0.0,True
2014-06-30,104.04428571428572,24.4,15.685715,21.257143,10.657143,76.828575,3.2428572,1.9000002,3.0428574,5.428571,19.385714,0.00032866,0.0020057112,-7.345365000000001e-25,0.0,0.0,True
2014-07-07,104.02,16.2,20.571428,26.785715,13.942858,59.028572,5.071429,1.9142857,5.1142855,4.9714284,22.814285,3.9875507e-05,0.0018915161,-7.345365000000001e-25,3.7252903e-09,0.0,True
2014-07-14,103.99714285714286,62.7,17.657145,23.285715,13.185715,82.92857,3.1857142,2.7714286,2.9142857,6.1,21.185715,0.00074492395,0.0017806366,-7.345365000000001e-25,3.7252903e-09,0.0,True
2014-07-21,103.97142857142856,0.6,23.114286,29.514286,16.2,63.542854,4.8857145,2.9142857,4.8142858,5.3,26.042856,2.2009015e-05,0.0016906336,-7.345365000000001e-25,3.7252903e-09,0.0,True
2014-07-28,103.95,20.4,21.057144,26.528574,15.742857,73.3,4.0571427,2.4857142,4.0,5.3428574,23.985714,0.00020951033,0.0015964657,-7.345365000000001e-25,7.450581e-09,0.0,True
2014-08-04,103.93,32.9,20.742859,26.014286,15.828572,78.64286,3.3428571,2.7142856,3.4571426,6.1857142,24.2,0.0005879551,0.0015215799,-7.345365000000001e-25,3.7252903e-09,0.0,True
2014-08-11,103.91428571428573,12.8,20.47143,26.014286,14.6,71.47143,3.4285715,2.7,3.7428572,6.0142856,23.2,6.996095e-05,0.0014531612,-7.345365000000001e-25,3.7252903e-09,0.0,True
2014-08-18,103.9,20.9,16.742857,21.228573,12.5,71.77143,2.8285713,2.2714286,3.1857142,5.885714,19.242857,0.0001964271,0.0013836548,-7.345365000000001e-25,7.450581e-09,0.0,True
2014-08-25,103.87857142857142,5.6,14.442858,19.77143,9.071428,68.057144,2.5571427,1.757143,2.9857142,5.4857144,17.657143,3.7699938e-05,0.001320906,-7.345365000000001e-25,5.5879354e-09,0.0,True
2014-09-01,103.86428571428571,16.2,15.357142,19.928572,11.214286,80.67143,1.8571428,1.4428571,2.1714284,5.785714,17.557142,0.00035594404,0.0012670606,-7.345365000000001e-25,3.7252903e-09,0.0,True
2014-09-08,103.84857142857142,10.7,17.242857,22.7,12.642858,85.28571,2.142857,1.6857141,2.0714285,6.0142856,19.185715,0.00023043156,0.0012251809,-7.345365000000001e-25,3.7252903e-09,0.0,True
2014-09-15,103.83714285714288,31.099998,16.028572,19.028574,13.542857,88.25715,1.3571428,1.1428572,1.4714286,6.5285716,17.685715,0.0016787872,0.0011901334,-7.345365000000001e-25,3.7252903e-09,0.0,True
2014-09-22,103.83142857142856,54.8,16.685715,21.414288,12.657144,81.67143,1.7428572,1.4142857,2.0428572,6.9142857,18.085714,0.00028190017,0.0011724532,-7.345365000000001e-25,7.450581e-09,0.0,True
2014-09-29,103.83428571428573,2.3,13.028572,18.114286,7.9428573,82.18572,1.3142856,1.0428572,1.5142858,7.114286,14.1,0.00011113286,0.0011663139,-7.345365000000001e-25,3.7252903e-09,0.0,True
2014-10-06,103.86142857142856,4.0,13.857142,18.87143,9.271429,84.72857,1.0428572,0.75714284,1.3714286,6.9714284,15.6,1.1846423e-05,0.0011696294,-7.345365000000001e-25,0.0,0.0,True
2014-10-13,103.87571428571428,11.3,15.414286,18.885715,11.971429,83.14286,1.0428572,0.81428576,1.3714286,6.6571426,15.6,6.5878034e-05,0.0011703521,-7.345365000000001e-25,9.313226e-09,0.0,True
2014-10-20,103.88,8.7,14.371429,19.057144,10.657144,84.72858,0.88571423,0.8,1.1857144,7.142857,14.157143,0.000506863,0.0011713207,-7.345365000000001e-25,9.313226e-09,0.0,True
2014-10-27,103.87714285714286,22.6,9.328572,12.6285715,5.9428573,85.07143,0.61428565,0.5714286,0.78571427,8.014286,9.9,0.00054434687,0.0011899695,-7.345365000000001e-25,0.0,0.0,True
2014-11-03,103.89142857142858,0.0,9.085714,13.5,5.957143,82.57143,0.5857143,0.4857143,0.71428573,7.785714,9.028571,3.5017729e-06,0.0012438446,-7.345365000000001e-25,3.7252903e-09,0.0,True
2014-11-10,103.90714285714286,1.9,8.528571,11.957144,5.057143,86.97143,0.45714283,0.4,0.5714286,7.571429,8.657143,8.381903e-05,0.0012978017,-7.345365000000001e-25,1.8626451e-09,0.0,True
2014-11-17,103.90428571428572,1.2,10.071428,12.757143,6.1285715,86.25714,0.34285715,0.29999998,0.5714286,7.4714284,8.642858,2.156198e-05,0.001344353,-7.345365000000001e-25,3.7252903e-09,0.0,True
2014-11-24,103.88857142857144,8.8,5.371429,6.914286,3.7857144,88.52857,0.24285714,0.21428572,0.3857143,7.8,5.0571427,0.00020843744,0.0013867319,-7.345365000000001e-25,0.0,0.0,True
2014-12-01,103.89,0.0,2.1714287,4.1,0.37142855,81.58572,0.20000002,0.15714286,0.5714286,7.6571426,1.8142858,1.1622906e-06,0.0014354512,1.1012668e-06,6.444752e-07,1.9099563e-05,True
2014-12-08,103.87857142857142,3.2,2.757143,4.585714,0.24285714,85.34286,0.21428572,0.17142858,0.41428572,7.614286,1.2857143,4.3928623e-05,0.0014815852,0.0004020759,0.0010293461,0.0013855658,True
2014-12-15,103.87,14.8,3.9285715,7.7000003,0.4714286,85.15715,0.37142858,0.34285712,0.5428571,7.7285714,2.3857143,0.00022996962,0.001521498,0.00025183248,0.0006683413,0.00030254573,True
2014-12-22,103.86,15.0,7.142857,9.314286,4.1285715,78.87144,0.5857143,0.5857143,0.9857143,8.271428,5.1714287,0.00035121292,0.0015710369,1.9618443e-05,0.0001330562,0.00012725964,True
2014-12-29,103.84714285714286,16.0,1.1714286,3.057143,-1.3571428,82.44286,0.35714284,0.35714284,0.67142856,8.485714,2.557143,0.00012560189,0.001678288,0.0030468646,2.465956e-05,0.010152474,True
2015-01-05,103.8442857142857,11.3,1.8428571,4.0142856,-0.44285712,86.92857,0.05,0.05,0.47142857,8.7,0.0,0.00041039288,0.0018305853,0.0068552606,0.012323163,0.010518901,True
2015-01-12,103.84857142857145,28.8,5.0428576,7.642857,2.0142858,80.15715,0.82857144,0.82857144,0.95714283,9.385715,3.0285714,0.001538381,0.0024105608,0.0036045823,0.011238389,0.0038231388,True
2015-01-19,103.86285714285714,4.8,5.014286,8.514286,1.3285714,75.0,0.64285713,0.6285714,0.9285714,9.557143,3.0428572,0.0002194047,0.0029771775,8.455912e-05,0.00081901066,2.1122396e-06,True
2015-01-26,103.88142857142856,12.8,0.64285713,1.7428572,-0.3857143,90.28571,0.20000002,0.20000002,0.31428573,9.585714,0.42857143,7.708371e-05,0.003744483,0.005910056,0.002094172,0.014394753,True
2015-02-02,103.92142857142858,5.9,1.9428571,4.214286,-0.11428571,79.41429,0.51428574,0.51428574,0.6571428,9.8,0.9285714,0.00027703494,0.0042553544,0.010767488,0.008095138,0.008582659,True
2015-02-09,103.90857142857143,3.4,-0.25714287,1.9285715,-2.5142858,81.25714,0.32857147,0.32857147,0.5714286,9.771428,0.17142858,0.00018656999,0.00467097,0.012556956,0.006974615,0.006146457,True
2015-02-16,103.92142857142858,0.0,2.1000001,5.5285716,-1.6428573,81.87144,0.5285715,0.45714286,0.59999996,9.614285,1.3428571,0.000213027,0.0050101057,0.0026856433,0.0076913256,4.5076013e-07,True
2015-02-23,103.92571428571428,2.0,2.9142857,8.071428,-2.1428573,77.25715,0.7714285,0.6571428,0.8428572,9.328571,1.8571428,7.669628e-05,0.0053383186,0.00039085888,0.0009453334,0.0002793558,True
2015-03-02,103.92714285714284,7.5,3.7000003,8.542857,-1.2428572,75.15714,0.9857144,0.88571435,1.0714285,9.1285715,3.2857144,8.518249e-05,0.005466737,5.3048134e-05,0.00017898157,0.00086550415,True
2015-03-09,103.9057142857143,2.9,5.8285713,10.014285,2.0857143,69.057144,1.4285715,1.2428571,1.4571428,8.985714,5.4,0.000104002655,0.005455941,0.0006474143,0.0021858774,0.0015874356,True
2015-03-16,103.89428571428572,7.7,4.942857,7.657143,2.057143,83.42857,1.0285714,0.88571423,0.9857143,8.6,5.4857144,0.00023331493,0.0053991824,0.00024942556,0.0015810933,0.0015301108,True
2015-03-23,103.89,0.4,5.4857144,12.057143,-1.2428571,65.828575,1.9142858,1.4714286,1.8428572,8.042857,7.642857,1.2092292e-05,0.0053112507,9.280727e-05,0.0003269948,0.0005001612,True
2015-03-30,103.88714285714286,15.900001,8.157144,12.900001,3.7714288,71.98572,1.6571426,1.4285715,1.7714285,7.7,8.228572,0.00029277802,0.005192235,2.508504e-05,0.00018602237,0.0,True
2015-04-06,103.86428571428571,25.0,3.642857,8.471429,-0.18571432,76.28571,1.7142857,1.6428572,1.5,8.571428,5.242857,0.0007163584,0.005091548,0.0025799728,0.01009924,0.0115700625,True
2015-04-13,103.86428571428571,0.2,10.042857,15.114286,4.071429,64.15715,2.614286,2.0000002,2.6285713,7.9428573,11.171429,4.3854117e-05,0.0050447807,0.00015316691,0.0010919943,1.3411045e-07,True
2015-04-20,103.87857142857142,0.1,9.771429,15.471429,3.0285716,61.67143,2.9714284,2.0571427,2.8142858,6.9714284,12.071428,8.434057e-06,0.0049396604,-7.345365000000001e-25,3.5390258e-08,0.0,True
2015-04-27,103.88571428571429,19.0,12.385715,19.385714,4.857143,65.21429,3.3142858,1.8714286,3.2,6.214286,14.285714,0.00020211935,0.0047692806,-7.345365000000001e-25,0.0,0.0,True
2015-05-04,103.88428571428572,25.8,10.514287,15.928572,4.3,69.8,2.7142856,2.242857,2.8,6.614286,13.357142,0.0003193766,0.004572898,0.00011596793,0.0006387867,0.00063095987,True
2015-05-11,103.87428571428572,5.1,14.914286,20.4,8.085714,63.9,3.4714284,2.0571427,3.5,6.357143,16.942858,0.00011406839,0.00436382,-7.345365000000001e-25,1.0058284e-07,0.0,True
2015-05-18,103.87,2.8000002,13.285714,19.328571,5.7714286,61.74286,3.6714287,1.9714285,3.7857144,5.7714286,16.657143,4.273653e-05,0.0041108504,-7.345365000000001e-25,3.7252903e-09,0.0,True
2015-05-25,103.85142857142856,2.0,13.957144,19.171429,7.357143,62.585716,2.914286,0.8714286,3.3,5.757143,17.042856,2.373755e-05,0.003843017,-7.345365000000001e-25,0.0,0.0,True
2015-06-01,103.83142857142856,7.6,13.757143,18.914288,7.785714,65.35714,3.2571428,1.2142857,3.3142858,5.542857,16.6,5.182624e-05,0.0035744607,-7.345365000000001e-25,3.7252903e-09,0.0,True
2015-06-08,103.81,12.6,18.828571,25.628572,10.828572,59.5,5.071429,1.5,5.0285716,5.214286,21.714285,8.247793e-05,0.0032790303,-7.345365000000001e-25,3.7252903e-09,0.0,True
2015-06-15,103.79714285714286,23.7,17.028572,22.585714,11.385714,74.28571,4.0285716,2.0571427,3.7428572,5.4142857,21.457144,0.00022900105,0.0030102804,-7.345365000000001e-25,0.0,0.0,True
2015-06-22,103.77571428571429,24.5,13.642858,18.071428,9.7,73.65715,2.8428571,1.6571428,2.7714286,5.214286,17.5,0.0001000911,0.0027741194,-7.345365000000001e-25,7.450581e-09,0.0,True
2015-06-29,103.75857142857144,5.0,16.328571,21.428572,11.1,71.52857,3.2142856,2.4571426,3.414286,5.5571427,18.814285,0.00013659894,0.00257729,-7.345365000000001e-25,7.450581e-09,0.0,True
2015-07-06,103.73714285714286,5.1,24.5,31.257143,16.614286,54.84286,6.1571426,2.1714284,6.2428575,4.571429,26.528572,9.283423e-06,0.0023537204,-7.345365000000001e-25,3.7252903e-09,0.0,True
2015-07-13,103.71428571428572,15.3,18.228573,24.242859,12.099999,63.628574,4.271428,2.2857144,4.3142858,4.4142857,21.285715,0.000110305846,0.0021233335,-7.345365000000001e-25,3.7252903e-09,0.0,True
2015-07-20,103.69142857142856,17.4,22.085714,28.542858,15.985715,67.71429,4.357143,2.142857,4.6,4.3142858,23.571428,0.00021205842,0.0019475147,-7.345365000000001e-25,7.450581e-09,0.0,True
2015-07-27,103.66714285714284,32.800003,21.485716,27.428572,15.928572,62.385715,4.528571,2.614286,4.8857145,4.1571426,23.857143,0.00012604892,0.0017802939,-7.345365000000001e-25,7.450581e-09,0.0,True
2015-08-03,103.64142857142858,0.0,18.642857,24.942858,11.771429,54.985714,4.0857143,1.4,4.6142855,3.8142858,20.585714,3.0398369e-06,0.0016333833,-7.345365000000001e-25,1.8626451e-09,0.0,True
2015-08-10,103.61285714285714,0.0,25.800001,33.485714,17.542858,54.785713,5.457143,0.5857143,5.9714284,3.5142858,26.471428,1.0482967e-05,0.0014783442,-7.345365000000001e-25,1.1175871e-08,0.0,True
2015-08-17,103.58142857142856,58.600002,23.714285,29.585714,17.928572,70.07143,4.357143,0.84285706,4.257143,3.5285714,26.185715,0.00027570128,0.0013270378,-7.345365000000001e-25,9.313226e-09,0.0,True
2015-08-24,103.55285714285716,41.0,17.628572,22.557144,12.342857,73.64286,3.2714283,1.7142857,3.0857143,4.6571426,21.1,0.0026103705,0.0012404472,-7.345365000000001e-25,3.7252903e-09,0.0,True
2015-08-31,103.53571428571428,0.9,20.942858,27.542858,14.2,68.942856,3.457143,1.6428572,3.7142856,4.3428574,22.257143,0.00044883788,0.0011782423,-7.345365000000001e-25,0.0,0.0,True
2015-09-07,103.51714285714286,29.8,15.1285715,20.457142,10.714286,77.700005,2.142857,1.6000001,2.4142857,4.5142856,17.914286,0.0003537014,0.0011237413,-7.345365000000001e-25,9.313226e-09,0.0,True
2015-09-14,103.49571428571429,3.8,14.657144,20.0,9.7,78.07143,1.9285715,1.3428571,2.3285713,4.4857144,16.242857,0.00010523945,0.0010837689,-7.345365000000001e-25,7.450581e-09,0.0,True
2015-09-21,103.48,14.7,15.714286,21.014286,11.071428,75.957146,1.9,1.3571428,2.2428572,4.3,16.785715,7.5533986e-05,0.0010464936,-7.345365000000001e-25,5.5879354e-09,0.0,True
2015-09-28,103.45857142857145,2.3,12.17143,17.157145,7.1714287,80.75715,1.3428572,0.7857142,1.5857143,4.1285715,14.242857,5.249679e-05,0.0010138527,-7.345365000000001e-25,0.0,0.0,True
2015-10-05,103.43999999999998,0.0,11.028572,18.071428,4.328572,77.02857,1.3857143,0.64285713,1.6285714,3.8428571,13.1,1.7732382e-06,0.0009824932,-7.345365000000001e-25,3.7252903e-09,0.0,True
2015-10-12,103.42428571428572,30.5,9.1,13.057143,4.914286,80.77143,0.9714286,0.6714286,1.1,4.6285715,10.8,0.00035125017,0.0009555891,-7.345365000000001e-25,0.0,5.2154064e-08,True
2015-10-19,103.41142857142856,21.6,6.1285715,7.9857144,3.9142857,92.71429,0.37142858,0.3285714,0.5,6.042857,7.5285716,0.0003039539,0.00093595684,0.00033349651,0.0016404558,0.0016348921,True
2015-10-26,103.4,5.1,8.8,12.471429,4.6857147,88.15715,0.54285717,0.45714286,0.6571428,6.642857,8.928572,7.967651e-05,0.0009240657,3.525189e-06,2.72654e-05,0.0,True
2015-11-02,103.38857142857144,0.0,9.185715,13.7,4.785714,75.34286,0.6428571,0.5,1.0142857,6.4428573,7.8714285,1.9282103e-05,0.0009143725,-7.345365000000001e-25,3.7252903e-09,0.0,True
2015-11-09,103.38,10.400001,10.857142,15.842857,5.6142855,81.542854,0.6857143,0.58571434,0.8142857,6.3285713,8.928572,9.415299e-05,0.0009055212,-7.345365000000001e-25,7.450581e-09,0.0,True
2015-11-16,103.36714285714288,24.9,11.7,13.971429,8.914286,78.6,0.7857143,0.74285716,1.1714286,6.7285714,9.757143,0.00037820637,0.0008985549,-7.345365000000001e-25,1.3038516e-08,0.0,True
2015-11-23,103.36,23.5,7.157143,9.5,4.057143,81.44286,0.78571427,0.7714286,0.91428566,8.342857,6.614286,0.00034195185,0.0008971095,0.00035507907,1.7974526e-05,0.0028179362,True
2015-11-30,103.36,27.0,3.2285714,6.5285716,-0.24285714,83.64286,0.48571426,0.48571426,0.61428577,8.885715,2.3142858,0.001186341,0.00091779977,0.0019214664,0.0047315154,0.002040498,True
2015-12-07,103.35714285714286,2.1,7.7714286,11.242858,3.642857,77.942856,0.5428571,0.5428571,0.85714287,9.514286,5.6857142,0.00015443563,0.0009879023,6.1137334e-06,9.387359e-05,0.0,True
2015-12-14,103.37714285714286,9.5,4.642857,8.342857,0.5142857,83.15715,0.41428572,0.40000004,0.4857143,9.342857,3.5857143,0.00011025369,0.0011078864,-7.345365000000001e-25,1.4901161e-08,0.0,True
2015-12-21,103.39571428571428,9.4,7.828572,10.728571,5.157143,86.98572,0.34285715,0.34285715,0.5142857,9.6,6.114286,0.00026640296,0.0012209192,-7.345365000000001e-25,3.7252903e-09,0.0,True
2015-12-28,103.4057142857143,2.8,10.1285715,13.428572,5.785714,77.37144,0.55714285,0.5285714,1.0857142,9.528571,6.614286,2.9295683e-05,0.0013476312,-7.345365000000001e-25,1.1175871e-08,0.0,True
2016-01-04,103.42142857142858,4.2,0.114285745,2.1142857,-2.3,79.72858,0.3,0.26666668,0.55714285,9.4,1.8333334,3.20673e-05,0.0014721677,0.00010287762,6.556511e-06,0.0014743246,True
2016-01-11,103.43714285714285,18.0,0.7285715,3.357143,-2.1857142,85.71429,0.25714287,0.25714287,0.3857143,9.671429,-0.64285713,0.00018544495,0.0015775412,0.003320501,0.0025772508,0.0034312867,True
2016-01-18,103.42142857142858,16.9,0.6285714,2.9285715,-2.2428572,86.75714,0.27142859,0.27142859,0.37142855,10.328571,0.3857143,0.00030192733,0.0016888529,0.0052827937,0.0018638019,0.011829779,True
2016-01-25,103.41571428571427,14.7,-2.2571428,1.5571429,-6.8857145,87.0,0.08571429,0.08571429,0.34285715,10.1285715,-0.4857143,0.00069984794,0.001858674,0.012569501,0.018900841,0.008264046,True
2016-02-01,103.43285714285716,13.7,7.585714,11.114286,3.142857,73.71429,0.9571429,0.9571429,1.3000001,10.114285,3.9142857,0.0003516376,0.0021685734,0.0002306643,0.002091013,1.385808e-06,True
2016-02-08,103.44285714285716,6.9,6.5,9.485715,3.5142858,75.057144,1.0,1.0,1.2285715,10.185715,4.5285716,0.00020394474,0.0026237816,0.0004965975,0.0021245703,0.0021563917,True
2016-02-15,103.46428571428572,8.0,4.557143,7.957143,1.3428571,77.71429,0.8285714,0.8142857,1.0,9.914286,3.7,0.00018188357,0.0030626953,7.6413155e-05,0.0002125483,0.0005591735,True
2016-02-22,103.47142857142856,29.3,3.8428574,7.014286,-0.057142887,83.01429,0.7714285,0.7428571,0.8142857,10.1,3.5285714,0.000702329,0.0034145862,0.0017172439,0.00363262,0.0039098933,True
2016-02-29,103.5,16.199999,1.2428571,5.057143,-2.5714285,81.58572,0.85714287,0.8428572,0.7428571,10.357142,2.9714286,0.0001379475,0.004040934,0.0021306446,0.002545422,0.016191013,True
2016-03-07,103.52714285714286,6.8999996,3.1000001,6.8285713,-0.9857143,80.34286,0.8285714,0.8,0.9857143,10.185715,3.442857,0.00072586536,0.0048180297,0.007898961,0.017332872,0.005242672,True
2016-03-14,103.5457142857143,5.0,2.9857144,5.7714286,0.22857141,83.042854,0.94285715,0.8714285,0.85714287,9.8714285,4.071429,7.927418e-05,0.0057206824,0.0006575414,0.0018469468,0.00040192902,True
2016-03-21,103.57571428571428,4.3,4.4285717,8.400001,0.6714286,80.02857,1.1857141,1.0857143,1.1714286,9.557143,5.285714,0.00021462142,0.006357573,0.0008085001,0.0035042092,0.0033249222,True
2016-03-28,103.60285714285716,5.0,6.9857144,11.314286,2.4285715,77.94286,1.4571428,1.3,1.5285714,9.328571,7.4714284,0.00021612644,0.0065732226,7.861001e-05,0.00054123066,0.00052605197,True
2016-04-04,103.62428571428572,21.3,9.400001,14.528572,4.114286,70.25715,2.142857,1.9,2.0857143,9.214286,10.1,0.0003606528,0.006583333,0.00041488805,0.0022095386,0.0022737235,True
2016-04-11,103.64428571428572,5.0,10.042857,14.385715,5.2571435,71.185715,2.0285714,1.6285714,1.9857142,8.614285,12.071428,0.00022500753,0.0065190196,4.887581e-06,5.1379204e-05,0.0,True
2016-04-18,103.66428571428573,29.5,9.971429,14.371429,5.428571,80.85714,1.7714287,1.6571429,1.8142856,8.771428,11.3,0.0007112175,0.0064266697,-7.345365000000001e-25,0.0,0.0,True
2016-04-25,103.67428571428572,4.5,6.328572,11.514285,1.3714286,71.37144,2.4142857,2.0142856,2.2285714,8.4,10.642858,4.7788024e-05,0.0063477308,1.4895484e-05,7.041171e-05,0.00014274567,True
2016-05-02,103.68,2.2,8.400001,13.928572,1.9857142,61.92857,2.8999999,2.2999997,2.9285715,7.8142858,10.585714,0.00010845065,0.006213315,2.117384e-05,0.00013516285,6.832555e-05,True
2016-05-09,103.68,3.4,13.642858,20.042858,5.6714287,65.64286,4.271428,2.6857145,3.8142858,6.8142858,16.285715,6.8724155e-05,0.005985655,-7.345365000000001e-25,2.2351742e-08,0.0,True
2016-05-16,103.68285714285716,7.0,12.942858,18.600002,7.414286,68.61429,3.7714286,1.7428571,3.5571427,6.071429,16.5,5.6564808e-05,0.0056335106,-7.345365000000001e-25,7.450581e-09,0.0,True
2016-05-23,103.67142857142858,11.700001,15.971429,21.328571,9.642858,61.885715,3.8714283,1.3999999,3.8857143,5.9,17.7,7.686019e-05,0.005253352,-7.345365000000001e-25,0.0,0.0,True
2016-05-30,103.65857142857143,3.5,17.114286,22.414288,12.314286,79.042854,3.0428574,1.8285716,3.2,6.1571426,19.9,0.00018177927,0.004852079,-7.345365000000001e-25,3.7252903e-09,0.0,True
2016-06-06,103.64285714285714,53.0,18.2,24.27143,13.285714,80.14286,3.6428568,2.5571427,3.7571428,6.6571426,22.22857,0.00027118623,0.004480377,-7.345365000000001e-25,3.7252903e-09,0.0,True
2016-06-13,103.64571428571428,19.6,17.142857,22.628572,11.514287,71.04286,3.7428567,1.8000001,3.7142856,6.2,21.914286,0.0001321435,0.004103802,-7.345365000000001e-25,0.0,0.0,True
2016-06-20,103.64,32.899998,16.5,21.642857,11.728571,78.51429,3.1857142,2.7857144,3.357143,7.4,19.785715,0.004404366,0.003860578,-7.345365000000001e-25,3.7252903e-09,0.0,True
2016-06-27,103.62714285714286,10.8,21.34286,27.414288,15.5,69.21429,4.7571425,3.7571428,4.6857142,7.0285716,24.485714,0.00025260448,0.0035511553,-7.345365000000001e-25,7.450581e-09,0.0,True
2016-07-04,103.62285714285714,13.9,18.657145,24.714285,12.67143,70.52857,4.071429,2.9285715,4.042857,6.5285716,22.385714,0.00019039214,0.0033143088,-7.345365000000001e-25,7.450581e-09,0.0,True
2016-07-11,103.61857142857144,5.7000003,19.84286,26.142857,13.400001,62.17143,4.914286,2.6714284,4.9,5.7285714,22.27143,1.9431114e-05,0.003089629,-7.345365000000001e-25,3.7252903e-09,0.0,True
2016-07-18,103.60428571428572,50.0,17.9,22.085714,13.757143,74.27143,2.8714287,1.8142855,3.0857143,6.4857144,20.257143,0.00038473308,0.0028719231,-7.345365000000001e-25,1.1175871e-08,0.0,True
2016-07-25,103.59,21.4,21.514286,27.542858,15.485716,73.28571,4.2285714,2.085714,4.2285714,6.071429,24.928572,0.00024944544,0.0026910976,-7.345365000000001e-25,0.0,0.0,True
2016-08-01,103.58285714285716,7.2,20.199999,25.628572,15.642858,76.685715,3.3285713,2.414286,3.4,6.4857144,23.642857,0.0007161945,0.0025277957,-7.345365000000001e-25,5.5879354e-09,0.0,True
2016-08-08,103.58285714285716,24.600002,18.957144,24.0,13.914286,75.12858,2.9857144,2.4285715,3.2285714,6.614286,21.0,0.0006327331,0.0023998842,-7.345365000000001e-25,7.450581e-09,0.0,True
2016-08-15,103.57714285714285,2.7,16.057142,20.757143,11.285714,75.200005,2.6142857,1.9714288,2.7571428,6.5142856,19.442858,7.8745186e-05,0.0022935271,-7.345365000000001e-25,3.7252903e-09,0.0,True
2016-08-22,103.56714285714284,5.7,17.214287,23.857143,10.357142,69.78571,2.8285716,1.9,3.3428571,5.9428573,20.814285,8.9883804e-05,0.0021900833,-7.345365000000001e-25,3.7252903e-09,0.0,True
2016-08-29,103.5457142857143,1.9,22.27143,29.34286,15.228572,62.3,3.8,1.8000001,4.4714284,5.4714284,23.328571,1.2367964e-06,0.0020713657,-7.345365000000001e-25,1.8626451e-09,0.0,True
2016-09-05,103.52285714285712,18.8,18.242857,24.742857,12.400001,68.77143,2.7999997,1.1428573,3.2142856,5.2285714,21.071428,0.00010660291,0.001943551,-7.345365000000001e-25,5.5879354e-09,0.0,True
2016-09-12,103.50285714285714,0.0,20.17143,27.528574,13.5,74.01428,2.8428571,1.357143,3.2,5.114286,21.857143,2.7120113e-06,0.001836352,-7.345365000000001e-25,5.5879354e-09,0.0,True
2016-09-19,103.47857142857144,32.5,18.071428,23.800001,13.214286,74.24286,2.4142857,0.9142858,2.642857,5.242857,20.2,0.0003428161,0.0017242134,-7.345365000000001e-25,5.5879354e-09,0.0,True
2016-09-26,103.4557142857143,0.0,13.514285,19.885715,8.271429,78.042854,1.7,0.85714287,1.8142856,5.6857142,16.528572,1.0192394e-05,0.0016414523,-7.345365000000001e-25,1.8626451e-09,0.0,True
2016-10-03,103.43857142857144,25.8,15.457144,21.157145,10.114286,76.65714,1.4,0.7714285,1.9,5.4,16.485714,5.1796436e-05,0.0015627965,-7.345365000000001e-25,3.7252903e-09,0.0,True
2016-10-10,103.42142857142858,34.3,8.585714,10.957144,6.442857,90.057144,0.7714286,0.7,0.8,6.4428573,10.414286,0.0005405396,0.001502052,-7.345365000000001e-25,5.5879354e-09,0.0,True
2016-10-17,103.40714285714286,3.3,9.085714,12.014287,5.9857144,87.12858,0.55714285,0.50000006,0.78571427,6.8,9.171429,0.000102326274,0.0014633611,-7.345365000000001e-25,1.8626451e-09,0.0,True
2016-10-24,103.40428571428572,30.0,8.314286,11.214286,5.6714287,88.4,0.54285717,0.54285717,0.64285713,7.114286,9.171429,0.00036597997,0.0014346913,-7.345365000000001e-25,0.0,0.0,True
2016-10-31,103.39857142857144,3.0,8.942858,11.1285715,5.3285713,88.957146,0.42857143,0.37142855,0.59999996,7.542857,8.571428,0.00022029877,0.001419574,-7.345365000000001e-25,5.5879354e-09,0.0,True
2016-11-07,103.41428571428573,17.0,6.0,8.571428,3.142857,82.77143,0.45714283,0.44285712,0.7,7.742857,6.071429,0.00017404556,0.0014152825,2.026558e-06,4.110858e-06,2.7179718e-05,True
2016-11-14,103.40285714285714,4.1,0.4857143,3.8142858,-2.5,87.32857,0.27142856,0.22857144,0.3,8.114285,1.7142857,4.4986606e-05,0.0014240965,0.0021641199,0.00076955743,0.0039720014,True
2016-11-21,103.42,14.2,7.8142858,10.914286,4.071429,80.82857,0.5142857,0.5,0.9142857,8.571428,5.1714287,0.00027999282,0.0014460087,0.000582695,0.0032919794,3.1553209e-06,True
2016-11-28,103.41285714285712,0.90000004,4.457143,7.0285716,1.6142857,88.87144,0.25714284,0.22857143,0.31428573,8.442857,4.2714286,2.0891428e-05,0.0014892146,5.858285e-06,2.53506e-06,7.107481e-05,True
2016-12-05,103.41571428571427,21.400002,-0.4285714,3.5428574,-4.0142856,85.52857,0.3142857,0.29999998,0.25714287,8.642858,0.34285715,0.00030881912,0.001542896,0.001339129,0.004891595,0.005700309,True
2016-12-12,103.42714285714284,5.3,4.928571,7.928571,1.0285715,79.814285,0.38571432,0.35714287,0.7571429,8.757143,2.1285715,0.00023886561,0.0016283393,0.00056320144,0.0013129637,0.00037951395,True
2016-12-19,103.42142857142858,5.8,1.9,4.0285716,-0.7,88.22857,0.15714288,0.15714288,0.25714287,9.1285715,0.85714287,0.00018177927,0.0017407164,4.3318385e-05,5.8026984e-05,0.00012494251,True
2016-12-26,103.43,4.3,3.0714285,5.8142858,0.49999997,82.74286,0.3285714,0.3285714,0.55714285,9.242857,1.1285714,0.00017155707,0.0018948391,6.731919e-05,0.00015887618,7.7623874e-05,True
2017-01-02,103.42428571428572,10.6,1.4571428,4.214286,-1.3142856,86.5,0.3,0.3,0.34285715,9.46,1.84,0.0006695092,0.0021387711,0.00030987602,7.8603625e-07,0.0037664697,True
2017-01-09,103.43,18.9,-2.7714286,-0.74285716,-5.5,87.57143,0.18571427,0.18571427,0.29999998,9.771428,-0.2,9.788573e-05,0.0025781617,0.016114831,0.0018378962,0.022222113,True
2017-01-16,103.44428571428573,12.8,-0.50000006,2.3,-3.2714288,83.185715,0.3,0.3,0.5714286,9.9,-0.114285715,0.00016056001,0.0029417202,0.02712588,0.0054543763,0.019833714,True
2017-01-23,103.41714285714284,0.2,-4.342857,-1.0,-7.8428574,83.91429,0.057142857,0.057142857,0.2,9.842857,-0.24285714,7.450581e-09,0.003225118,0.038025305,0.0,0.0015294515,True
2017-01-30,103.42142857142858,6.9,-2.6000001,0.11428572,-4.785714,81.42857,0.20000002,0.18571427,0.44285718,9.757143,-0.4857143,1.0207295e-05,0.0034311488,0.039314445,4.306063e-05,0.0030564666,True
2017-02-06,103.42428571428572,6.2999997,0.37142855,2.8714287,-2.2285714,89.18572,0.24285714,0.24285714,0.37142855,9.971429,0.15714286,0.00029949844,0.0035507232,0.04079351,0.012391344,0.003662113,True
2017-02-13,103.39571428571428,0.0,-1.2571429,1.5571429,-4.1,78.957146,0.25714287,0.24285714,0.62857145,9.842857,-0.78571427,9.988248e-05,0.0036550686,0.033317775,0.0049323626,0.002033271,True
2017-02-20,103.39428571428572,9.9,4.357143,9.514287,0.042857103,76.14286,0.7,0.64285713,0.82857144,9.728572,1.1714286,0.001161769,0.003974423,0.014017775,0.028923191,1.2174249e-05,True
2017-02-27,103.4057142857143,22.0,7.557143,11.142858,3.5571427,69.85714,1.3,1.2857143,1.5571429,10.257143,5.1714287,0.00096111,0.0059493184,0.00058574334,0.0029267352,0.0019681193,True
2017-03-06,103.4342857142857,12.799999,7.5,11.142858,3.6571429,66.64286,1.5000001,1.3999999,1.8285713,9.814285,6.2714286,0.00016157329,0.0072616637,2.8229895e-05,0.0001908429,1.4975667e-05,True
2017-03-13,103.45142857142856,21.7,4.7999997,8.857142,0.85714287,80.6,1.0571429,1.0285714,1.0142858,9.942857,5.6571426,0.00036653876,0.007847868,-7.345365000000001e-25,1.5646219e-07,0.0,True
2017-03-20,103.48857142857142,22.6,8.1,12.900001,3.1285717,73.11429,1.4571428,1.3428571,1.6714287,9.857142,7.4142857,0.00046163797,0.008014075,-7.345365000000001e-25,7.450581e-09,0.0,True
2017-03-27,103.51571428571428,4.1,7.471429,12.557143,2.0714285,70.65714,1.7714285,1.6,1.6857144,9.8714285,8.985714,0.00011301041,0.008085117,-7.345365000000001e-25,0.0,0.0,True
2017-04-03,103.54714285714286,0.90000004,13.057143,19.071428,6.8142858,68.21429,2.4285715,1.9571428,2.5142858,8.942857,13.328571,2.5518239e-05,0.00801751,-7.345365000000001e-25,0.0,0.0,True
2017-04-10,103.57,17.300001,9.814286,14.185715,5.871429,78.41429,2.042857,1.6285715,1.957143,8.585714,11.6,0.0002529621,0.007807538,-7.345365000000001e-25,1.8626451e-09,0.0,True
2017-04-17,103.59571428571428,16.0,8.271429,12.028572,5.014286,71.42857,2.0142858,1.7714285,2.085714,8.214286,9.942857,0.00023084879,0.007511951,2.7191072e-06,1.4800578e-05,3.2044947e-05,True
2017-04-24,103.61285714285714,5.8,5.7714286,10.357142,1.0142857,67.957146,2.1857142,1.8714286,2.2571428,8.085714,7.8142858,0.00018624216,0.0071933717,0.00036542187,0.0015646461,0.001645742,True
2017-05-01,103.63142857142856,1.9,7.585715,12.6285715,1.4285715,68.185715,2.2285714,1.7285715,2.3285713,7.9142857,10.214286,3.6641955e-05,0.006838642,1.1353266e-07,1.7099082e-06,0.0,True
2017-05-08,103.64285714285714,2.6,10.485715,14.657143,6.1142855,82.67143,1.8000002,1.4857143,1.8000001,7.5285716,12.514286,0.00012238324,0.0064564496,-7.345365000000001e-25,3.7252903e-09,0.0,True
2017-05-15,103.65428571428572,17.3,12.914286,19.428572,6.3,70.71429,3.0714285,2.3,3.2142856,7.2,15.571428,0.00018692017,0.006054826,-7.345365000000001e-25,0.0,0.0,True
2017-05-22,103.66428571428573,0.0,17.642857,23.485716,10.585715,59.228573,4.3714285,2.0714285,4.571429,6.5,20.785715,1.5616417e-05,0.0055938363,-7.345365000000001e-25,3.7252903e-09,0.0,True
2017-05-29,103.67,1.2,18.128572,24.685715,10.400001,61.028572,4.714286,1.5714285,4.7000003,5.8,20.87143,5.0216913e-06,0.0051036477,-7.345365000000001e-25,3.7252903e-09,0.0,True
2017-06-05,103.66857142857144,30.1,18.042858,24.5,10.814286,68.11429,4.2,1.7714285,4.0142856,5.6714287,22.171429,0.00013485551,0.0045918897,-7.345365000000001e-25,3.7252903e-09,0.0,True
2017-06-12,103.6557142857143,1.8,18.828571,24.77143,12.328572,57.100002,4.8142853,2.5142858,5.071429,5.5285716,21.428572,0.000114411116,0.004131958,-7.345365000000001e-25,7.450581e-09,0.0,True
2017-06-19,103.62714285714286,8.799999,18.185715,24.242859,11.185715,63.885715,4.6571426,1.3428571,4.5142856,5.042857,22.071428,3.877282e-05,0.0036904886,-7.345365000000001e-25,3.7252903e-09,0.0,True
2017-06-26,103.60571428571428,20.2,20.857143,27.257143,14.242858,62.585716,5.1142855,1.9142859,4.9857144,5.1571426,23.842857,2.065301e-05,0.0032616258,-7.345365000000001e-25,3.7252903e-09,0.0,True
2017-07-03,103.5842857142857,28.0,17.857143,22.842855,13.2,74.21429,3.4428575,2.6714284,3.5142858,6.542857,20.657143,0.0016329288,0.0029150397,-7.345365000000001e-25,1.1175871e-08,0.0,True
2017-07-10,103.56000000000002,17.4,20.87143,27.014286,15.042857,68.04286,4.1,2.8142858,4.442857,6.2,23.571428,0.00014317036,0.0026526228,-7.345365000000001e-25,7.450581e-09,0.0,True
2017-07-17,103.54,23.0,17.0,22.34286,12.014285,76.457146,3.3428571,2.885714,3.1714287,6.8,20.785715,0.00022803247,0.0024369583,-7.345365000000001e-25,7.450581e-09,0.0,True
2017-07-24,103.52428571428572,15.799999,21.27143,27.428572,15.457144,68.52857,4.2428575,3.214286,4.328572,6.1285715,24.72857,0.00032570958,0.00224673,-7.345365000000001e-25,0.0,0.0,True
2017-07-31,103.50714285714284,29.5,19.814287,25.214285,15.014287,70.957146,3.6285713,3.0857146,3.8,7.385714,21.457144,0.0005662739,0.0020898208,-7.345365000000001e-25,1.1175871e-08,0.0,True
2017-08-07,103.48857142857142,13.4,21.442858,27.685715,15.742858,67.557144,4.042857,3.2000003,4.2571425,6.542857,24.471428,8.5800886e-05,0.001947552,-7.345365000000001e-25,3.7252903e-09,0.0,True
2017-08-14,103.47285714285714,33.7,18.642857,22.942858,13.528572,76.1,3.0714285,2.5142856,3.1285713,6.885714,21.342857,0.0010556579,0.0018202215,-7.345365000000001e-25,7.450581e-09,0.0,True
2017-08-21,103.45571428571428,11.200001,19.157145,24.514286,13.585715,71.52857,3.1142852,2.7285714,3.4714284,7.285714,21.914286,0.0002682954,0.0017210841,-7.345365000000001e-25,9.313226e-09,0.0,True
2017-08-28,103.44285714285716,5.7,17.37143,23.785715,11.071428,73.37144,2.7285714,1.9714285,3.0571427,6.6857142,21.142857,9.0546906e-05,0.001630418,-7.345365000000001e-25,3.7252903e-09,0.0,True
2017-09-04,103.42428571428572,22.8,16.728573,22.27143,11.057143,74.35714,2.5285716,1.8571427,2.8428571,6.428571,19.37143,0.0003857687,0.0015461817,-7.345365000000001e-25,7.450581e-09,0.0,True
2017-09-11,103.41714285714284,5.4,15.757143,20.685715,11.414286,71.34286,1.9285713,1.5428572,2.6285713,6.428571,16.757143,4.8533082e-05,0.0014812797,-7.345365000000001e-25,5.5879354e-09,0.0,True
2017-09-18,103.40142857142858,2.8999999,12.528572,17.542858,7.728572,75.8,1.5571429,1.2714287,2.057143,6.1857142,14.314285,0.00015415251,0.001425989,-7.345365000000001e-25,7.450581e-09,0.0,True
2017-09-25,103.38285714285712,9.900001,12.0,16.628572,7.7999997,84.685715,1.1142857,0.82857144,1.3428571,6.285714,14.185715,0.00016793609,0.0013795719,-7.345365000000001e-25,0.0,0.0,True
2017-10-02,103.36857142857144,11.0,14.928572,19.157145,11.114286,76.17143,1.3428571,1.0714285,1.9571428,6.4428573,15.6285715,0.00016364455,0.0013384,-7.345365000000001e-25,5.5879354e-09,0.0,True
2017-10-09,103.35857142857142,22.5,10.742858,13.7,8.157144,80.814285,1.1285714,1.1,1.3428571,7.5857143,11.2,0.00041379035,0.0013043508,-7.345365000000001e-25,3.7252903e-09,0.0,True
2017-10-16,103.34142857142857,3.0,14.471429,19.557144,10.428572,77.58571,1.1,0.9571429,1.5857143,8.1,13.471429,3.424287e-05,0.0012821183,-7.345365000000001e-25,7.450581e-09,0.0,True
2017-10-23,103.33571428571427,11.8,12.714286,17.857143,8.614286,80.1,0.87142855,0.75714284,1.1285714,7.8714285,13.028571,0.0001309812,0.0012623593,-7.345365000000001e-25,1.8626451e-09,0.0,True
2017-10-30,103.33142857142856,20.7,10.571428,13.342857,7.971429,79.08571,0.9857143,0.9857143,1.1285714,8.528571,10.0,0.0011612922,0.0012487173,-7.345365000000001e-25,7.450581e-09,0.0,True
2017-11-06,103.33142857142856,16.6,8.228572,10.942857,5.7571435,82.42857,0.54285717,0.5142857,0.7714286,9.028571,7.8285713,0.000324741,0.0012472719,-7.345365000000001e-25,1.8626451e-09,0.0,True
2017-11-13,103.33857142857144,7.9,5.7714286,7.8857145,3.2,85.48572,0.37142855,0.35714287,0.6,9.342857,5.785714,0.00025834143,0.0012758896,0.00013266291,0.00049802475,0.0013230182,True
2017-11-20,103.34285714285714,15.799999,4.5285716,7.157143,1.5714285,85.41429,0.37142855,0.37142855,0.51428574,9.3714285,4.1,0.00021571666,0.0013468862,0.00021305538,0.00087513775,6.6611916e-05,True
2017-11-27,103.35857142857142,19.0,6.8857145,9.914286,3.2714286,79.314285,0.5,0.5,0.7285714,9.8714285,4.928571,0.0009945631,0.0014830828,4.572528e-05,0.00013247877,0.00017794594,True
2017-12-04,103.36714285714288,11.0,1.6571429,3.8,-1.0,83.47143,0.24285714,0.24285714,0.34285715,9.957143,1.6571429,0.00016611814,0.0018051565,0.00069181126,0.0011939518,0.0038845092,True
2017-12-11,103.39428571428572,3.8,4.2000003,7.014286,1.5142857,73.87144,0.55714285,0.55714285,0.9142857,10.028571,2.1285715,0.00037959218,0.0021830052,0.0011992624,0.005234897,0.004183188,True
2017-12-18,103.40142857142858,13.5,2.2,4.5,-0.44285718,80.87144,0.42857143,0.42857143,0.59999996,10.257143,1.3,0.00022740662,0.0025870502,0.003593354,0.0022307094,0.0086127855,True
2017-12-25,103.40285714285714,2.3,4.957143,6.871429,2.3285716,85.35714,0.29999998,0.2857143,0.62857145,10.157143,3.1285715,0.0004063323,0.0030208826,0.003437082,0.009925395,0.0014796108,True
2018-01-01,103.42571428571428,12.099999,5.014286,8.514286,1.8714286,75.185715,0.46666667,0.46666667,0.90000004,10.15,2.2,0.0004345104,0.0035932884,0.0010451193,0.0034329686,0.0034500025,True
2018-01-08,103.43142857142855,21.2,5.3857145,7.8142858,3.057143,79.8,0.64285713,0.62857145,0.8142857,10.642858,3.6571429,0.0011223853,0.004345283,1.0308765e-05,3.3501536e-05,3.6738813e-05,True
2018-01-15,103.44857142857144,1.9,2.9714286,5.457143,0.18571432,82.02857,0.31428573,0.31428573,0.5142857,10.214286,1.2428571,6.3702464e-05,0.0052408352,1.5922955e-05,3.1866133e-05,0.00017292798,True
2018-01-22,103.47428571428571,14.200001,1.6857144,4.1714287,-0.90000004,81.1,0.5,0.5,0.6857143,10.528571,0.54285717,0.00022561848,0.0058241785,0.003982697,0.0035835318,0.011458434,True
2018-01-29,103.48714285714286,6.5,6.785714,9.0,3.7285714,80.42857,0.58571434,0.58571434,0.90000004,10.257143,4.285714,0.00033068657,0.0062225014,0.0013240917,0.007979579,1.2986362e-05,True
2018-02-05,103.51142857142858,5.8999996,2.414286,5.2571435,-1.6285715,78.1,0.61428577,0.6,0.7285714,10.1,2.4571428,0.00018079579,0.0066115186,0.0006398303,0.00011735968,0.002767615,True
2018-02-12,103.53285714285714,0.90000004,-0.8142857,2.6142857,-4.2000003,76.22858,0.37142855,0.35714287,0.55714285,10.057143,-0.1,2.8662384e-05,0.0068887994,0.0022539694,0.0010676589,0.00063695014,True
2018-02-19,103.55142857142856,0.1,0.51428574,4.6285715,-3.7428572,73.91429,0.61428577,0.5571429,0.6857143,9.828571,0.64285713,5.0328672e-05,0.0069467053,0.0014725073,0.0017625671,0.0010655709,True
2018-02-26,103.56000000000002,0.0,-4.5,0.12857138,-8.842857,66.6,0.34285715,0.3,0.78571427,9.6285715,-0.44285715,3.0994415e-06,0.006905094,0.0009031353,0.0001522433,0.00036522,True
2018-03-05,103.57142857142856,0.0,-5.6285715,-0.5714286,-10.67143,59.0,0.3285714,0.29999998,1.1,9.557143,-2.6714287,5.6177378e-06,0.0068233497,0.00084575586,0.00028578006,7.2639436e-05,True
2018-03-12,103.57285714285716,23.3,6.428571,10.671428,2.7428572,75.814285,1.0571429,1.0285714,1.3857143,9.828571,2.942857,0.00038030744,0.0066890046,0.0018278303,0.0072414763,0.006811831,True
2018-03-19,103.56428571428572,8.4,0.9142857,4.214286,-2.7857144,69.61429,0.71428573,0.7,1.2571429,10.114285,3.0714285,8.8468194e-05,0.006526038,0.0046101697,0.00011854991,0.011432983,True
2018-03-26,103.56285714285714,2.0,1.9285715,6.142857,-2.6000001,73.38572,1.1428572,1.0571429,1.2571429,9.9,3.3142858,0.000250265,0.006408319,0.00606815,0.009829961,0.0026380084,True
2018-04-02,103.56857142857145,4.4,5.2571435,9.1,1.0714285,71.92857,1.3714286,1.3142856,1.5571429,9.8714285,5.7714286,0.000279665,0.0062888414,0.0005157278,0.0025628507,0.001345899,True
2018-04-09,103.56,3.0,12.1285715,18.928572,4.8857145,56.214287,3.2,2.6714284,3.3714283,9.142858,12.342857,7.878244e-05,0.0061517283,3.9225533e-06,4.9635768e-05,0.0,True
2018-04-16,103.55285714285716,40.1,15.014287,20.457144,8.428572,65.814285,3.0857143,2.5142858,3.2,8.257143,15.714286,0.00032319129,0.005933605,-7.345365000000001e-25,9.313226e-09,0.0,True
2018-04-23,103.54,9.8,16.142857,23.257143,8.3,68.814285,3.7285714,2.8285716,3.3714287,7.7714286,18.857143,4.658103e-05,0.0056743994,-7.345365000000001e-25,3.7252903e-09,0.0,True
2018-04-30,103.55,7.3999996,14.328572,20.157145,7.9000006,66.75715,3.6714287,2.4142857,3.4142857,6.8142858,17.057142,2.2158027e-05,0.0053605884,-7.345365000000001e-25,3.7252903e-09,0.0,True
2018-05-07,103.52857142857144,12.0,13.314286,19.542858,6.2000003,62.4,4.042857,1.557143,3.5142858,6.142857,17.471428,4.8935413e-05,0.0049975887,-7.345365000000001e-25,0.0,0.0,True
2018-05-14,103.52,1.8000001,17.828571,24.028574,10.471429,63.68572,4.6857142,1.0,4.5571427,5.6571426,20.5,0.00016307086,0.004600458,-7.345365000000001e-25,7.450581e-09,0.0,True
2018-05-21,103.49428571428572,9.6,14.114286,19.157145,8.557143,71.47143,3.5142858,1.4857143,3.1000001,5.8285713,18.114286,0.00012722611,0.0042244345,-7.345365000000001e-25,3.7252903e-09,0.0,True
2018-05-28,103.4742857142857,2.1000001,20.042858,26.985716,12.185715,59.17143,5.2571435,1.2285715,5.142857,5.5142856,22.9,7.018447e-06,0.0038381144,-7.345365000000001e-25,7.450581e-09,0.0,True
2018-06-04,103.45285714285714,7.0,21.84286,27.84286,15.971429,66.48572,4.8714285,1.6285714,4.8142858,5.542857,25.142857,0.00012229383,0.0034357682,-7.345365000000001e-25,0.0,0.0,True
2018-06-11,103.43,4.2,20.557144,26.757143,14.214286,67.314285,5.1,2.0285716,4.6142855,5.385714,24.957144,7.227808e-05,0.0030844659,-7.345365000000001e-25,3.7252903e-09,0.0,True
2018-06-18,103.40428571428572,1.2,18.0,23.27143,13.1285715,64.87144,4.057143,1.7142857,3.9285715,5.757143,22.87143,8.712709e-05,0.0027821586,-7.345365000000001e-25,3.7252903e-09,0.0,True
2018-06-25,103.38285714285712,8.2,16.571428,22.300001,11.828572,69.51429,3.6714287,1.5857142,3.7285714,5.1857142,20.328571,4.749745e-05,0.0025135428,-7.345365000000001e-25,3.7252903e-09,0.0,True
2018-07-02,103.35857142857142,0.0,18.142857,23.87143,11.271429,55.31429,4.942857,1.1714287,4.8857145,4.8714285,21.485714,3.1158328e-05,0.002288103,-7.345365000000001e-25,0.0,0.0,True
2018-07-09,103.33285714285714,0.0,20.557144,27.37143,13.014285,49.77143,5.414286,0.9428572,5.6857142,4.5,23.814285,2.1457672e-06,0.002030611,-7.345365000000001e-25,7.450581e-09,0.0,True
2018-07-16,103.31142857142856,25.5,18.257143,23.814285,12.557143,69.52857,3.8285716,2.385714,3.9428573,5.385714,22.071428,0.00014093518,0.0018306226,-7.345365000000001e-25,3.7252903e-09,0.0,True
2018-07-23,103.28714285714284,0.0,22.085714,28.642857,14.7,54.357143,4.914285,1.8857143,5.357143,4.8142858,24.685715,9.536743e-07,0.0016443878,-7.345365000000001e-25,7.450581e-09,0.0,True
2018-07-30,103.26142857142858,3.6000001,24.4,32.07143,16.6,56.54286,5.4428573,1.7571429,5.457143,4.428571,26.828571,2.336502e-05,0.0014539957,-7.345365000000001e-25,3.7252903e-09,0.0,True
2018-08-06,103.23142857142857,2.8,25.34286,32.714287,17.77143,56.12857,5.485714,1.1714286,5.6571426,4.2285714,27.842857,1.0415912e-05,0.0012776777,-7.345365000000001e-25,0.0,0.0,True
2018-08-13,103.20857142857145,7.9,23.057144,31.057144,14.6285715,50.2,5.357143,1.3571428,5.542857,4.1285715,25.328571,1.7344952e-05,0.0011263192,-7.345365000000001e-25,7.450581e-09,0.0,True
2018-08-20,103.18285714285716,9.9,22.157145,28.47143,15.6285715,59.8,4.242857,0.95714283,4.642857,3.9285715,24.9,1.5050173e-06,0.001006946,-7.345365000000001e-25,3.7252903e-09,0.0,True
2018-08-27,103.16,2.1,19.17143,25.642857,12.614286,61.600002,3.4142857,0.8285714,3.6857142,3.7571428,22.4,7.5101852e-06,0.00090530515,-7.345365000000001e-25,1.8626451e-09,0.0,True
2018-09-03,103.13857142857144,17.699999,16.9,21.428572,12.314285,73.62858,2.4857142,0.7142858,2.4857142,3.8857143,19.785715,0.00013118982,0.0008307621,-7.345365000000001e-25,5.5879354e-09,0.0,True
2018-09-10,103.11714285714288,1.3,18.27143,24.985716,11.67143,66.21429,2.6714287,0.9571429,3.0857143,4.3,20.714285,2.5257468e-05,0.0007767603,-7.345365000000001e-25,0.0,0.0,True
2018-09-17,103.09714285714286,2.5,17.314287,23.5,11.471429,66.457146,2.5571427,0.7,2.9285715,4.042857,19.942858,1.4618039e-05,0.00072328,-7.345365000000001e-25,1.8626451e-09,0.0,True
2018-09-24,103.07428571428572,32.1,17.242857,23.642857,11.571428,63.457146,2.4857142,0.9285714,3.1714287,4.3142858,18.171429,0.0001296401,0.00067351013,-7.345365000000001e-25,3.7252903e-09,0.0,True
2018-10-01,103.05714285714284,0.7,10.071428,16.342857,3.5857143,68.24286,1.6,1.1428572,1.8428571,4.9,12.4,3.8146973e-06,0.00063530356,-7.345365000000001e-25,0.0,0.0,True
2018-10-08,103.04142857142855,0.6,11.785714,17.257143,6.5285716,70.057144,1.3571428,0.9857143,1.9142857,4.5285716,12.714286,5.8859587e-06,0.0006027445,-7.345365000000001e-25,5.5879354e-09,0.0,True
2018-10-15,103.02,0.0,16.800001,23.571428,10.714286,59.04286,1.9,1.0,2.8857143,4.114286,15.1285715,1.4901161e-08,0.00057082623,-7.345365000000001e-25,9.313226e-09,0.0,True
2018-10-22,102.99714285714286,1.7,10.842857,16.285715,5.542857,79.185715,0.87142855,0.35714287,1.042857,3.8142858,12.214286,1.44690275e-05,0.00054106116,-7.345365000000001e-25,0.0,0.0,True
2018-10-29,102.98857142857142,17.9,8.042857,10.285714,5.6,81.02857,0.85714287,0.6857143,0.9857143,4.2,8.414286,0.00016370416,0.0005195886,1.2318294e-05,9.170547e-05,0.000121079385,True
2018-11-05,102.97285714285714,0.0,10.7,15.042857,5.8142858,74.51429,0.81428576,0.5857143,1.1999999,4.4857144,9.471429,2.346933e-06,0.000499703,9.1961454e-07,3.4397468e-05,0.0,True
2018-11-12,102.95714285714284,0.0,10.1285715,13.985715,6.7428575,82.61428,0.55714285,0.38571432,0.78571427,4.3142858,9.342857,1.9490719e-05,0.00048155338,-7.345365000000001e-25,7.450581e-09,0.0,True
2018-11-19,102.94142857142856,6.8999996,3.9,8.0,-0.28571427,83.042854,0.42857143,0.3285714,0.4,4.5285716,4.8428574,2.0354986e-05,0.00046538562,0.00027296657,0.00041311234,0.0022781827,True
2018-11-26,102.93142857142855,0.0,3.2000003,4.9857144,1.4142858,85.057144,0.2714286,0.22857144,0.4714286,4.5142856,2.357143,2.4460256e-05,0.00045074522,0.001825293,0.0024365205,0.0012555867,True
2018-12-03,102.92,15.599999,1.7142857,4.9857144,-1.2571429,79.37144,0.34285715,0.2857143,0.62857145,4.885714,1.7285714,0.00020422041,0.0004374236,0.0005353008,0.0011099372,0.00038431585,True
2018-12-10,102.90857142857143,17.8,6.0428576,9.1285715,3.114286,77.84286,0.7571429,0.7285715,0.9142857,5.885714,4.8,0.0001552403,0.00042548776,1.6581445e-05,5.9796497e-05,0.0003590919,True
2018-12-17,102.89571428571428,6.4,0.8000001,1.9,-0.58571434,84.92857,0.15714286,0.15714286,0.40000004,6.4,0.95714283,0.00012850761,0.0004156083,0.0074361335,0.0035476387,0.011263385,True
2018-12-24,102.88714285714286,37.100002,4.6857142,7.5142856,2.4285715,84.44286,0.4571429,0.4428572,0.6571428,6.9714284,2.7428572,0.0007823333,0.0004081875,0.0029081334,0.008404311,0.0017519854,True
2018-12-31,102.87857142857142,7.2000003,4.7714286,6.085715,3.4714284,86.9,0.34285715,0.34285715,0.5142857,7.6857142,3.4142857,0.00030964613,0.0004050359,0.0004439354,0.0024333764,0.00091303885,True
2019-01-07,102.88,19.1,2.2714286,4.2000003,-0.71428573,87.457146,0.42857143,0.42857143,0.5,7.9428573,1.7142857,0.00050216913,0.00040726364,0.0038822207,0.009126164,0.011740997,True
2019-01-14,102.89714285714284,42.4,2.4428573,4.3857145,0.5714286,87.0,0.54285717,0.54285717,0.55714285,9.1,1.8,0.0017983988,0.0011369362,0.0127539355,0.028972358,0.02958947,True
2019-01-21,102.91142857142856,7.2000003,0.071428575,3.6571429,-3.542857,78.87144,0.44285712,0.42857143,0.5428571,9.2,1.1571429,0.00031790137,0.00063285977,0.0026598317,0.005515322,0.0038244762,True
2019-01-28,102.95285714285714,14.3,-1.2285713,1.8142859,-4.142857,80.1,0.21428572,0.21428572,0.4857143,9.3,-1.2428571,0.00030928105,0.0008926019,0.0033859753,0.0057928544,0.007308256,True
2019-02-04,102.97571428571428,28.3,0.4857143,2.7714288,-1.6571429,83.71429,0.42857146,0.42857146,0.5,9.557143,0.057142857,6.882846e-05,0.0011114702,0.008984742,0.000924848,0.019386575,True
2019-02-11,103.00714285714284,6.3,3.114286,6.214286,-0.3428571,74.814285,0.88571423,0.85714287,0.9571429,9.514286,1.4428571,0.00063481927,0.0013206452,0.013951307,0.020586666,0.0008362904,True
2019-02-18,103.03285714285714,0.9,5.2000003,12.0,0.17142858,71.557144,1.0428572,0.9571428,1.0714285,9.3,3.8857143,0.000102989376,0.0016267225,0.0010949827,0.003353767,0.0021030977,True
2019-02-25,103.05857142857144,4.8,4.142857,9.742857,-1.0857143,68.457146,1.1,0.95714283,1.1142857,8.957143,3.8714285,0.00016018748,0.00195764,3.341834e-05,0.0001700297,8.389354e-06,True
2019-03-04,103.09,5.6,7.7000003,12.6285715,2.9857144,69.8,1.3857143,1.1571428,1.6142856,8.685715,5.7,0.00015933067,0.0021969303,9.0826126e-07,4.645437e-06,0.0,True
2019-03-11,103.12,23.2,7.2000003,10.900001,3.357143,69.28572,1.7428571,1.6285714,1.8571428,8.642858,6.1,0.00034850836,0.002363667,0.0001399744,0.0004256256,0.0018967092,True
2019-03-18,103.14857142857144,12.0,7.1,10.814286,4.042857,68.97143,1.7285715,1.6999999,1.8999999,9.385715,6.3142858,0.0005090982,0.0025306642,0.00029109773,0.0014652703,0.00012518093,True
2019-03-25,103.17714285714284,2.6,7.728572,13.357142,2.5285716,72.4,1.7142857,1.4999999,1.7285713,8.971429,9.014286,8.5130334e-05,0.0028350577,2.9938561e-05,0.00018188357,0.00022976846,True
2019-04-01,103.21714285714286,2.0,7.714286,11.857142,2.9428573,76.42857,1.6999999,1.3714286,1.5857143,8.542857,9.171429,0.000108867884,0.0030505806,5.9774943e-06,4.2578205e-05,0.0,True
2019-04-08,103.2585714285714,0.0,12.5,19.100002,5.3714285,60.842857,3.0571427,2.257143,3.042857,7.6,13.571428,7.286668e-06,0.003129229,-7.345365000000001e-25,1.6763806e-08,0.0,True
2019-04-15,103.28428571428572,1.6999999,5.071429,9.528571,0.7,66.54286,2.0714285,1.4714285,2.0428572,6.8142858,9.5,5.1870942e-05,0.0031013414,0.00023249786,0.0012048781,0.0014428571,True
2019-04-22,103.30428571428573,0.0,12.085714,19.942858,2.2571428,51.27143,4.214286,1.6571428,3.8714287,6.0285716,13.8,3.2559037e-06,0.00302767,2.9768262e-05,0.00023207068,0.0,True
2019-04-29,103.31428571428572,28.8,13.400001,18.428572,8.014286,68.15714,3.3857138,1.1857144,3.3285713,5.571429,15.471429,0.00027009845,0.0029012114,-7.345365000000001e-25,3.7252903e-09,0.0,True
2019-05-06,103.3157142857143,10.4,8.0,12.785714,2.542857,72.328575,2.5714285,1.3000001,2.357143,5.6,11.714286,0.00010062754,0.0027857572,0.00038241773,0.0014749449,0.0018923655,True
2019-05-13,103.31714285714284,15.7,10.8,15.357142,5.3285713,67.77143,2.9428573,1.6,2.7571428,5.5142856,13.3714285,0.0003067404,0.002670534,5.3252494e-05,0.00039717183,0.0,True
2019-05-20,103.32714285714285,10.4,11.6285715,16.342857,6.3428574,75.557144,2.8142855,1.8000001,2.7571428,5.6571426,14.842857,0.0017801374,0.0025626943,-7.345365000000001e-25,3.7252903e-09,0.0,True
2019-05-27,103.32428571428572,8.7,15.271429,20.714285,9.142858,70.1,3.6000004,2.3285713,3.6571429,5.8428574,18.842857,8.878112e-05,0.0024575219,-7.345365000000001e-25,7.450581e-09,0.0,True
2019-06-03,103.31857142857145,4.7999997,17.942858,23.557144,10.800001,65.32857,4.3285713,1.9285713,4.342857,5.7,21.071428,0.00018385053,0.002347596,-7.345365000000001e-25,0.0,0.0,True
2019-06-10,103.31142857142856,18.599998,20.714285,27.314287,13.1,62.200005,5.1142855,2.2285714,5.042857,5.042857,24.328571,0.00020951033,0.0022128075,-7.345365000000001e-25,7.450581e-09,0.0,True
2019-06-17,103.2957142857143,12.5,21.385715,28.114288,14.685715,68.314285,5.228572,3.1714287,5.1142855,5.0857143,25.514286,0.00014345348,0.0020841658,-7.345365000000001e-25,7.450581e-09,0.0,True
2019-06-24,103.26857142857143,4.2999997,21.742857,27.87143,14.428572,59.47143,5.5999994,2.357143,5.628571,4.542857,25.385714,7.210672e-05,0.0019481033,-7.345365000000001e-25,3.7252903e-09,0.0,True
2019-07-01,103.22571428571428,0.0,24.214285,31.228573,15.914286,49.985718,6.928571,1.1714286,6.6571426,3.9571428,27.257143,4.172325e-07,0.0017875358,-7.345365000000001e-25,3.7252903e-09,0.0,True
2019-07-08,103.19714285714284,2.6,17.414286,22.97143,10.942857,52.142857,4.7999997,0.6571428,4.8,3.7142856,22.314285,4.3809414e-06,0.0016181618,-7.345365000000001e-25,3.7252903e-09,0.0,True
2019-07-15,103.17,38.9,16.328571,21.071428,12.057143,72.62858,3.3,1.3428572,3.1000001,4.214286,20.27143,0.00011180341,0.0014859363,-7.345365000000001e-25,3.7252903e-09,0.0,True
2019-07-22,103.15142857142855,8.8,19.928572,25.885715,13.457144,63.914284,4.2714286,2.5,4.2428575,4.257143,23.157143,3.413856e-05,0.0013831183,-7.345365000000001e-25,3.7252903e-09,0.0,True
2019-07-29,103.13142857142856,0.0,24.84286,31.957142,16.457144,53.642857,5.571429,1.6428572,6.0285716,3.7142856,26.814285,9.49204e-06,0.0012572035,-7.345365000000001e-25,7.450581e-09,0.0,True
2019-08-05,103.10285714285716,5.2,20.114286,26.214285,14.185715,68.6,3.3428571,1.6,3.7714288,3.9714286,23.414286,7.146597e-05,0.0011436939,-7.345365000000001e-25,3.7252903e-09,0.0,True
2019-08-12,103.07857142857142,17.5,21.314287,26.885715,15.471429,64.957146,3.9571426,1.9857141,4.157143,3.9857142,23.528572,0.000107102096,0.0010570735,-7.345365000000001e-25,7.450581e-09,0.0,True
2019-08-19,103.05857142857144,6.9,18.914288,24.728573,12.942858,63.257145,3.3571427,1.4285715,3.8428571,3.8428571,21.2,5.2437186e-05,0.0009793192,-7.345365000000001e-25,3.7252903e-09,0.0,True
2019-08-26,103.03714285714284,4.0,20.428572,27.614286,13.2,66.185715,3.7142854,1.5571429,4.0857143,3.8428571,22.957144,0.00011382997,0.00091177225,-7.345365000000001e-25,5.5879354e-09,0.0,True
2019-09-02,103.01285714285714,2.1,22.7,29.942858,16.37143,64.37143,3.6714287,1.0,4.0857143,3.5285714,24.885714,2.732873e-05,0.000843592,-7.345365000000001e-25,7.450581e-09,0.0,True
2019-09-09,102.99,28.400002,15.371429,20.585714,9.514285,67.02857,2.2714286,0.6,2.7285714,3.4857142,18.557142,0.00030466914,0.0007841289,-7.345365000000001e-25,3.7252903e-09,0.0,True
2019-09-16,102.97,2.4,15.514285,21.528574,9.757143,70.25714,2.1571429,1.4857143,2.5142858,4.114286,17.7,3.235042e-05,0.0007423684,-7.345365000000001e-25,3.7252903e-09,0.0,True
2019-09-23,102.95285714285714,1.3,12.442858,18.800001,6.6,65.72857,1.9285715,1.1714286,2.457143,3.6571429,14.685715,1.0997057e-05,0.0007054806,-7.345365000000001e-25,0.0,0.0,True
2019-09-30,102.9342857142857,5.5,15.785714,20.2,11.814286,75.442856,1.4428571,1.1571429,2.1,3.6285715,15.957143,0.00010474026,0.00067293644,-7.345365000000001e-25,7.450581e-09,0.0,True
2019-10-07,102.91857142857144,32.6,9.685715,14.1285715,5.7428575,79.87144,1.0428572,0.9285715,1.3714286,4.8428574,10.914286,0.0002439022,0.0006463975,-7.345365000000001e-25,3.7252903e-09,0.0,True
2019-10-14,102.90285714285714,11.8,14.657144,19.271427,10.014285,71.04286,1.3857144,1.2,2.0857143,6.114286,13.157143,0.00017056614,0.0006238073,-7.345365000000001e-25,1.1175871e-08,0.0,True
2019-10-21,102.89142857142858,4.0,14.385715,18.77143,10.471429,75.9,1.1142857,0.9285714,1.4857142,5.9428573,14.1285715,5.1036477e-05,0.0006032139,-7.345365000000001e-25,5.5879354e-09,0.0,True
2019-10-28,102.88142857142856,2.0,12.114286,18.4,7.085715,80.24286,0.85714287,0.6714286,1.0714285,5.7,13.042857,2.412498e-05,0.000586316,-7.345365000000001e-25,5.5879354e-09,0.0,True
2019-11-04,102.87857142857142,6.7999997,6.4714284,10.685715,2.1142857,81.28571,0.59999996,0.55714285,0.8142857,5.714286,7.4714284,0.00014042109,0.000571467,-7.345365000000001e-25,7.636845e-08,7.4505806e-08,True
2019-11-11,102.86571428571428,1.2,6.142857,10.114286,2.4142857,82.38572,0.4,0.34285712,0.62857145,6.214286,7.0,2.0936131e-05,0.00055883825,-7.345365000000001e-25,0.0,0.0,True
2019-11-18,102.86,8.2,6.371429,9.942857,2.2428572,80.77143,0.42857146,0.37142855,0.7,6.3285713,5.214286,9.857118e-05,0.00054804236,-7.345365000000001e-25,3.7252903e-09,0.0,True
2019-11-25,102.85,4.3,6.142857,8.785714,3.2714286,85.58572,0.29999998,0.2857143,0.45714286,6.5285716,5.542857,9.5926225e-05,0.00053874403,-7.345365000000001e-25,0.0,0.0,True
2019-12-02,102.84,6.2,4.642857,7.514286,1.1571429,82.47143,0.44285718,0.4142857,0.67142856,6.5857143,4.071429,7.066131e-05,0.0005307272,3.176076e-05,6.114319e-05,0.00021315739,True
2019-12-09,102.83,3.8999999,5.071429,8.014286,2.1142857,73.07143,0.5,0.4857143,0.87142855,6.6571426,2.9142857,9.953976e-05,0.0005240068,9.497007e-05,0.00023765117,8.328259e-05,True
2019-12-16,102.82714285714285,8.3,4.042857,7.2285714,1.0714285,75.8,0.47142857,0.45714283,0.8,6.9,2.4142857,0.0001604855,0.00051831454,0.0002474501,0.0009393655,0.00096101686,True
2019-12-23,102.81714285714284,3.8999999,6.857143,9.7,3.2857144,81.314285,0.3857143,0.34285715,0.61428577,7.1857142,4.8,6.483495e-05,0.00051413476,3.4684226e-06,3.050454e-05,0.0,True
2019-12-30,102.80285714285716,5.1000004,3.4428573,5.414286,1.557143,77.828575,0.3571429,0.34285715,0.5714286,7.542857,2.7,0.00017723441,0.00051154196,0.0005440655,0.00012344494,0.0013909638,True
2020-01-06,102.79857142857144,3.1999998,3.0714285,6.5285716,-1.2142857,76.74286,0.5,0.4,0.64285713,7.5,1.4,0.00010436773,0.0005104318,0.0003988686,0.0011549946,0.00011292845,True
2020-01-13,102.7957142857143,9.5,4.9857144,7.7000003,1.2571429,81.057144,0.50000006,0.4714286,0.6571428,7.8714285,3.2428572,0.00022752583,0.0005116612,3.0307543e-05,0.00012582913,9.4622374e-07,True
2020-01-20,102.78857142857144,1.0,4.1714287,6.9857144,1.457143,77.11428,0.59999996,0.5,0.7571429,7.8285713,2.9571428,3.2156706e-05,0.00051753223,3.794829e-05,4.876405e-05,0.00019168854,True
2020-01-27,102.78571428571428,1.5,0.014285768,4.042857,-4.0,84.65715,0.25714287,0.22857143,0.34285715,7.6857142,0.6571429,2.6583672e-05,0.00052700937,0.0004552319,0.0004860852,0.00058464706,True
2020-02-03,102.78428571428572,41.8,7.8,10.285714,4.8714285,73.34286,1.0142857,1.0000001,1.3142856,8.242857,5.3,0.00040237606,0.00053765625,7.590226e-05,0.0004946068,0.0002258718,True
2020-02-10,102.77714285714283,14.700001,4.457143,7.9428573,0.9142857,77.14286,1.0571429,1.0571429,1.0285714,9.114285,3.9714286,0.0020239651,0.0005634427,0.0023196992,0.005834529,0.005998168,True
2020-02-17,102.78428571428572,2.2,6.571429,10.114286,3.2857144,66.71429,1.2857143,1.2285715,1.7428571,9.157143,4.6857142,0.00015981495,0.00063025206,0.00016046138,0.0004928149,0.00047222525,True
2020-02-24,102.79714285714286,21.7,6.7999997,10.071428,3.0857143,67.542854,1.3857144,1.3714286,1.7285715,9.114285,5.3285713,0.0009877235,0.00071745366,6.81196e-08,1.1213124e-06,0.0,True
2020-03-02,102.83285714285714,11.799999,5.7000003,9.257143,2.4285715,73.12858,1.2142857,1.2142857,1.3285714,9.657143,5.071429,0.00034980476,0.00083449483,0.0012518452,0.0063188095,0.0065796226,True
2020-03-09,102.85285714285716,5.8,5.428571,9.071428,1.3857143,74.14286,1.0285714,1.0,1.2571429,9.571428,5.0857143,0.0003232956,0.001009047,0.0001271509,0.0006412547,0.0005436912,True
2020-03-16,102.88,9.099999,7.471429,12.242857,2.6000001,62.77143,1.9714285,1.8428571,2.1,9.6285715,7.1,0.0005584657,0.0012329146,8.588746e-06,8.106418e-05,0.0,True
2020-03-23,102.91285714285712,2.8,5.6285715,10.585714,-0.02857147,68.67143,1.6857144,1.3714285,1.6142857,8.914286,7.785714,0.000103622675,0.0014799982,8.940697e-06,2.5890768e-07,4.4692308e-05,True
2020-03-30,102.94571428571427,1.7,3.5857143,10.071428,-3.6000001,58.128574,2.2285714,1.7,2.1285715,8.214286,6.4714284,3.3006072e-05,0.0016413033,0.00023655097,0.00023960881,0.0015533753,True
2020-04-06,102.96714285714286,0.0,6.3142858,12.442858,-0.8571429,56.014286,2.557143,1.8428571,2.6142857,7.457143,8.214286,3.6366284e-05,0.0017244294,0.0007009677,0.0019756164,0.0008862242,True
2020-04-13,102.97142857142856,1.0,11.928572,19.114286,3.8428574,54.157143,3.3571432,1.857143,3.1714287,6.4142857,13.757143,9.506941e-06,0.0017360523,3.6898115e-07,3.883615e-06,1.1697412e-06,True
2020-04-20,102.96285714285716,0.0,9.857142,16.571428,1.957143,50.97143,3.4714284,1.0571429,3.4714284,5.8428574,12.728572,5.9753656e-06,0.0017056763,4.7416914e-05,0.00023182854,0.0002461113,True
2020-04-27,102.94714285714284,0.0,12.085714,18.87143,3.557143,51.128574,4.0571427,0.5714286,3.8142858,5.4428573,14.728572,4.0382147e-06,0.0016511679,-7.345365000000001e-25,1.2665987e-07,0.0,True
2020-05-04,102.93,14.4,12.814286,17.928572,7.7428575,67.67143,2.6857145,1.2714285,2.8857143,5.742857,14.642858,0.000118508935,0.0015921593,-7.345365000000001e-25,0.0,0.0,True
2020-05-11,102.91,19.6,11.514287,18.37143,4.114286,68.74286,3.3571427,1.457143,2.885714,5.6571426,15.285714,0.0002181381,0.0015316308,-7.345365000000001e-25,0.0,0.0,True
2020-05-18,102.88857142857144,0.0,10.571428,16.300001,3.7428572,59.67143,3.2714286,2.0142856,3.5142858,5.8428574,14.485714,9.208918e-06,0.0014662594,-7.345365000000001e-25,0.0,0.0,True
2020-05-25,102.86428571428571,16.6,14.185715,19.142857,8.714286,68.042854,3.3999999,1.6571428,3.2285714,5.3428574,17.514286,0.00013516843,0.0013956577,-7.345365000000001e-25,3.7252903e-09,0.0,True
2020-06-01,102.84857142857142,5.1,14.142858,20.157145,7.214286,62.200005,3.9571433,1.6285714,3.914286,5.0571427,17.685715,4.271418e-05,0.0013286248,-7.345365000000001e-25,0.0,0.0,True
2020-06-08,102.84285714285714,17.0,15.214286,20.885715,9.542857,71.042854,3.5142858,1.5142858,3.4142857,4.9,18.885714,8.416921e-05,0.0012530908,-7.345365000000001e-25,0.0,0.0,True
2020-06-15,102.82571428571428,9.3,18.914288,24.414288,13.542857,73.74286,3.6285713,1.7571429,3.3285713,5.1571426,21.3,0.0001284182,0.0011938885,-7.345365000000001e-25,7.450581e-09,0.0,True
2020-06-22,102.81142857142856,4.5,18.985716,23.84286,14.17143,69.61429,3.6714282,2.142857,3.8,5.4714284,21.642857,0.00021536648,0.0011315867,-7.345365000000001e-25,1.1175871e-08,0.0,True
2020-06-29,102.80571428571427,7.0,19.800001,26.114286,13.599999,66.9,4.771428,2.5857143,4.542857,5.2714286,23.742857,0.00020156801,0.0010697618,-7.345365000000001e-25,3.7252903e-09,0.0,True
2020-07-06,102.81428571428572,3.8999999,20.785715,26.2,14.5,57.2,5.1,2.442857,5.6857142,5.0142856,22.985714,1.2695789e-05,0.0010049567,-7.345365000000001e-25,3.7252903e-09,0.0,True
2020-07-13,102.82142857142856,4.1,16.885715,23.157145,10.471429,63.68572,3.8285713,1.642857,3.8,4.6571426,20.757143,7.468462e-05,0.00094579905,-7.345365000000001e-25,3.7252903e-09,0.0,True
2020-07-20,102.82428571428572,8.8,18.928572,25.157145,12.714286,66.91429,3.6857145,1.6428572,4.0857143,4.742857,21.985714,8.314848e-05,0.0008915886,-7.345365000000001e-25,3.7252903e-09,0.0,True
2020-07-27,102.80571428571427,5.1,19.485716,25.942858,12.614286,58.87143,4.285714,1.4428571,4.4857144,4.4,23.1,6.0737133e-05,0.00083556026,-7.345365000000001e-25,0.0,0.0,True
2020-08-03,102.79142857142858,12.6,21.100002,27.814287,13.814286,54.514286,4.542857,1.3285713,4.8857145,4.1857142,23.72857,0.0001964271,0.00077628344,-7.345365000000001e-25,3.7252903e-09,0.0,True
2020-08-10,102.77857142857144,10.0,22.34286,29.0,14.657144,60.74286,4.414285,1.4428571,4.4428573,4.428571,24.328571,2.4497509e-05,0.0007251054,-7.345365000000001e-25,0.0,0.0,True
2020-08-17,102.76857142857143,9.8,23.642857,30.885714,17.4,63.957146,4.357143,1.7428571,4.428571,4.2285714,25.614286,0.00011089444,0.0006765947,-7.345365000000001e-25,7.450581e-09,0.0,True
2020-08-24,102.75571428571428,11.299999,21.314285,27.242859,15.728572,66.48572,3.542857,1.9714285,3.8,4.4142857,23.62857,9.173155e-05,0.0006366819,-7.345365000000001e-25,7.450581e-09,0.0,True
2020-08-31,102.75142857142858,56.7,17.942858,22.328571,13.285714,68.11429,2.7,1.8142856,3.2428572,4.6,19.714285,0.0012872964,0.0006016791,-7.345365000000001e-25,7.450581e-09,0.0,True
2020-09-07,102.74285714285712,1.5,15.800001,20.97143,10.328572,72.14286,2.1285713,1.8285714,2.4714284,5.714286,18.4,5.8561563e-05,0.00057663023,-7.345365000000001e-25,3.7252903e-09,0.0,True
2020-09-14,102.73714285714286,1.1,18.0,25.571428,10.071428,66.54286,2.6571429,1.8999999,3.1857142,5.0,19.914286,1.1906028e-05,0.00055265427,-7.345365000000001e-25,3.7252903e-09,0.0,True
2020-09-21,102.72857142857144,0.0,16.857143,24.642857,8.828572,61.357143,2.6000001,1.3142856,3.0857143,4.2285714,19.5,8.493662e-07,0.0005273819,-7.345365000000001e-25,1.8626451e-09,0.0,True
2020-09-28,102.72142857142856,45.6,13.614286,18.985716,8.157144,77.27143,1.4857142,0.85714287,1.8142856,5.257143,15.3714285,0.00076144934,0.0005056411,-7.345365000000001e-25,3.7252903e-09,0.0,True
2020-10-05,102.72,4.8999996,13.042857,18.642857,7.457143,78.700005,1.2285713,1.0428572,1.6,6.457143,14.742857,3.9465725e-05,0.00049066544,-7.345365000000001e-25,5.5879354e-09,0.0,True
2020-10-12,102.71,4.9,11.185715,14.714286,7.457143,79.12858,0.9,0.85714287,1.3142856,6.4714284,12.071428,0.00018943846,0.0004781708,-7.345365000000001e-25,5.5879354e-09,0.0,True
2020-10-19,102.72,58.9,8.614286,10.614286,6.6714287,87.88572,0.59999996,0.5857143,0.7428571,8.028571,9.285714,0.0030107647,0.0004702732,-7.345365000000001e-25,3.7252903e-09,0.0,True
2020-10-26,102.74857142857142,1.1,12.371429,16.37143,8.742857,77.17143,0.85714287,0.8,1.3428571,8.2,11.428572,0.0001591146,0.0004671961,-7.345365000000001e-25,5.5879354e-09,0.0,True
2020-11-02,102.78857142857144,17.2,11.742857,14.457144,8.171429,81.51429,0.7428571,0.7285714,1.0285714,8.885715,10.9,0.00048327446,0.00046737492,-7.345365000000001e-25,9.313226e-09,0.0,True
2020-11-09,102.82571428571428,0.0,6.414286,11.642858,2.2142856,80.78571,0.4142857,0.4,0.47142857,9.157143,7.8,3.2186508e-06,0.0004772544,-7.345365000000001e-25,0.0,0.0,True
2020-11-16,102.87,2.7,7.414286,11.257143,3.9,80.971436,0.48571426,0.42857143,0.6857143,8.857142,7.1,3.003329e-05,0.0004935041,-7.345365000000001e-25,3.7252903e-09,0.0,True
2020-11-23,102.9057142857143,2.1,7.1142855,9.914286,3.5285716,77.07143,0.5,0.4714286,0.8428572,8.757143,5.642857,7.686019e-05,0.000509955,-7.345365000000001e-25,0.0,0.0,True
2020-11-30,102.93285714285716,0.8,1.8000001,4.9428573,-0.9714286,84.08571,0.20000002,0.18571429,0.34285715,8.642858,2.0142858,1.8678606e-05,0.0005261004,3.7630398e-05,3.118813e-05,0.0002872236,True
2020-12-07,102.9542857142857,0.1,3.4428573,5.957143,0.042857103,75.61428,0.32857147,0.27142859,0.7428571,8.557143,1.5714285,4.553795e-05,0.0005418509,0.0015124651,0.0024054646,0.0022943616,True
2020-12-14,102.96,0.0,4.0285716,5.914286,1.7142857,81.07143,0.17142858,0.15714286,0.51428574,8.557143,2.0285714,3.5732985e-05,0.00055686384,5.1884424e-05,0.00014296919,8.115545e-05,True
2020-12-21,102.95142857142856,5.0,3.9857142,6.785714,2.0,81.200005,0.27142859,0.21428572,0.5285714,8.5,2.8857143,2.1740794e-05,0.00057175756,4.5640127e-06,2.2482127e-05,0.0,True
2020-12-28,102.96,12.3,4.8,7.414286,2.0714285,79.057144,0.4714286,0.45714286,0.8,9.185715,3.6142857,0.0005829036,0.00058791786,0.0007965565,4.414469e-05,0.0028434284,True
2021-01-04,102.96,9.3,1.8285714,4.2000003,-0.29999998,82.971436,0.36666667,0.33333334,0.41428572,9.1,1.1333333,8.0026686e-05,0.00061457604,0.004521001,0.0026716646,0.010413762,True
2021-01-11,102.96,6.2000003,0.25714284,1.4857143,-1.3000001,86.957146,0.18571429,0.18571429,0.37142855,9.6285715,0.32857144,3.644824e-05,0.0006477535,0.0196805,0.0012731608,0.014084797,True
2021-01-18,102.96857142857142,11.2,-0.95714283,0.95714283,-3.914286,82.84286,0.18571429,0.18571429,0.4857143,9.857142,0.057142857,0.000105291605,0.00068441033,0.033483736,0.0028784852,0.020461567,True
2021-01-25,102.98142857142857,25.9,3.7428572,6.542857,1.1142857,77.85714,0.59999996,0.5857143,0.9285714,10.114285,1.5857143,0.001070112,0.0007452741,0.022047026,0.035882793,0.018742353,True
2021-02-01,102.99142857142856,24.2,-0.18571429,2.9428573,-2.6857145,81.07143,0.31428576,0.31428576,0.5142857,10.442857,0.55714285,0.0004492551,0.00094858557,0.026663791,0.0075230226,0.016430575,True
2021-02-08,103.01,28.4,0.98571426,3.6142857,-1.5285714,83.74286,0.2857143,0.2857143,0.5714286,10.642858,1.4285715,0.0021456853,0.0032999963,0.010307868,0.031338736,0.017495904,True
2021-02-15,103.04142857142855,4.7,-8.314286,-4.3,-14.142858,80.200005,0.042857144,0.042857144,0.31428573,10.385715,-0.3,0.0,0.0027210563,0.020649076,0.0,0.007138189,True
2021-02-22,103.09,5.2,5.157143,9.842857,0.7571429,75.700005,1.0142858,0.9714286,1.1142857,10.114285,3.3142858,0.00071980804,0.003362827,0.0065887314,0.026295291,0.0011535026,True
2021-03-01,103.12571428571428,2.6000001,6.3285713,12.071428,1.7714287,79.71429,1.0714287,0.9,1.0,9.657143,6.385714,7.297099e-05,0.004069984,1.4106433e-05,8.2511455e-05,0.0,True
2021-03-08,103.17,6.3,2.7000003,8.171429,-2.1142857,73.78571,1.0857143,0.9285714,1.0714285,9.3714285,4.214286,8.72761e-05,0.004477486,0.0010539407,0.0015933514,0.0040707253,True
2021-03-15,103.21142857142856,9.9,5.142857,9.257143,1.5857143,66.47143,1.4571428,1.3571428,1.7142857,9.271428,4.9428573,0.00025726855,0.004619099,0.00074894086,0.003634151,0.0015719384,True
2021-03-22,103.23857142857142,9.2,2.0285716,5.2000003,-0.82857144,79.24286,1.057143,1.0142858,1.0428572,9.542857,3.4,0.000340797,0.004669428,0.0034207334,0.007506028,0.010270923,True
2021-03-29,103.26571428571428,1.4,8.428572,13.871429,2.8999999,66.71429,1.8857143,1.5857143,2.0714285,9.1285715,8.642858,0.00012251735,0.004786484,0.0004671812,0.0023707002,0.0,True
2021-04-05,103.29142857142855,7.4,8.3,14.957144,1.7285715,65.58572,2.3142855,1.8714286,2.3142858,8.3,10.6285715,0.000107720494,0.0048163086,0.00010129951,0.00016025454,0.0016054325,True
2021-04-12,103.31285714285715,8.4,5.3142858,9.599999,0.85714287,69.51429,1.957143,1.6714286,1.9857142,7.8714285,7.0857143,0.00021281838,0.004760787,0.001502599,0.0045476686,0.0047565103,True
2021-04-19,103.32285714285716,8.7,5.1571426,8.900001,1.4285715,76.700005,1.5285712,1.3142856,1.4857142,7.7,7.6285715,0.00027482212,0.0046830177,0.0015356427,0.0063832197,0.0056188516,True
2021-04-26,103.33714285714288,0.5,7.2571435,12.442858,1.6285715,64.7,2.6857142,2.0285714,2.4857142,7.385714,11.014286,4.87715e-05,0.0045951083,2.8496697e-05,0.00027276017,0.0,True
2021-05-03,103.3442857142857,15.0,9.171428,14.285714,3.9857142,63.828575,2.5428574,1.9571428,2.7142856,6.885714,11.742857,0.00030373037,0.0044690818,-7.345365000000001e-25,5.9604645e-08,0.0,True
2021-05-10,103.34857142857142,6.3,12.300001,17.585714,6.2571435,54.971428,3.8428571,2.9857142,4.0285716,7.2,12.828571,0.0001538992,0.0043352097,-7.345365000000001e-25,0.0,0.0,True
2021-05-17,103.35428571428572,35.5,13.328572,17.914286,9.028571,77.799995,2.714286,2.3285713,2.7,7.5857143,16.0,0.0011422485,0.0043155327,-7.345365000000001e-25,0.0,0.0,True
2021-05-24,103.36571428571428,8.6,12.67143,17.47143,7.2571435,67.75715,3.2714288,2.5285716,3.4142857,7.357143,15.385715,0.00023929775,0.0041260794,-7.345365000000001e-25,3.7252903e-09,0.0,True
2021-05-31,103.38428571428572,11.8,11.6285715,16.685715,6.1714287,71.92857,3.0285714,2.3142855,3.0142858,6.857143,14.985714,0.00022257864,0.0040525794,-7.345365000000001e-25,0.0,0.0,True
2021-06-07,103.4,6.0,19.300001,25.87143,12.671428,64.38572,4.571429,2.2285714,4.4428573,6.0,22.514286,1.0699034e-05,0.0039261207,-7.345365000000001e-25,3.7252903e-09,0.0,True
2021-06-14,103.38857142857144,5.9,18.457144,24.514286,12.228571,67.27143,4.4571424,1.942857,4.3714285,5.5,22.957144,4.0322542e-05,0.003734246,-7.345365000000001e-25,7.450581e-09,0.0,True
2021-06-21,103.36428571428571,4.9,24.87143,31.314287,17.614286,56.485718,6.3285713,1.3714285,6.1142855,4.857143,27.285715,9.387732e-06,0.0034890547,-7.345365000000001e-25,3.7252903e-09,0.0,True
2021-06-28,103.33,26.8,18.985716,23.571428,14.828572,76.5,3.9142857,2.1857142,3.3714287,5.5142856,24.085714,0.0001609996,0.0032382533,-7.345365000000001e-25,0.0,0.0,True
2021-07-05,103.32857142857142,81.6,19.100002,24.114286,14.6285715,73.200005,3.5,2.8714287,3.7,7.1,22.471428,0.00016714633,0.0030181855,-7.345365000000001e-25,7.450581e-09,0.0,True
2021-07-12,103.33857142857144,59.200005,19.4,25.300001,14.5,78.3,3.7285714,3.3857143,3.6571429,7.428571,23.114286,0.0023866892,0.002812773,-7.345365000000001e-25,7.450581e-09,0.0,True
2021-07-19,103.36714285714288,42.6,20.542858,25.37143,15.885715,76.22858,4.042857,3.6142857,3.9714284,7.8142858,24.514286,0.001626879,0.0026366562,-7.345365000000001e-25,7.450581e-09,0.0,True
2021-07-26,103.4057142857143,1.5999999,19.914288,25.857143,14.485715,68.52857,3.842857,2.7,3.8857143,7.0857143,24.285715,0.00015655905,0.0024963096,-7.345365000000001e-25,3.7252903e-09,0.0,True
2021-08-02,103.43,5.2,19.7,25.142857,14.214286,66.957146,4.0571427,2.4428573,4.3,6.357143,23.314285,6.873906e-05,0.00235907,-7.345365000000001e-25,3.7252903e-09,0.0,True
2021-08-09,103.44285714285716,26.3,17.785715,23.34286,12.914286,76.21429,3.1857142,2.1714287,3.3285713,6.385714,21.642857,0.00028055906,0.0022352785,-7.345365000000001e-25,3.7252903e-09,0.0,True
2021-08-16,103.45285714285714,4.7,20.37143,26.757143,13.7,67.61429,3.9285715,2.1714284,4.1142855,5.857143,24.22857,3.4570694e-05,0.002110891,-7.345365000000001e-25,7.450581e-09,0.0,True
2021-08-23,103.45285714285714,16.400002,17.1,21.528574,12.7,75.97143,2.2428572,1.1999999,2.6142857,5.714286,19.757143,0.00088590384,0.0019930154,-7.345365000000001e-25,1.8626451e-09,0.0,True
2021-08-30,103.44857142857144,47.6,14.057143,18.285715,10.242858,85.88572,1.9714286,1.8571428,1.8857143,7.757143,17.3,0.0010427684,0.0019172728,-7.345365000000001e-25,3.7252903e-09,0.0,True
2021-09-06,103.4542857142857,1.9,15.585715,21.87143,9.485715,81.27143,2.242857,1.8857142,2.5142858,8.157143,18.571428,0.00010688603,0.0018795282,-7.345365000000001e-25,5.5879354e-09,0.0,True
2021-09-13,103.46142857142856,4.3,18.042858,24.028574,12.8714285,76.12858,2.4285715,1.9142857,2.8142858,7.3714285,21.071428,0.00010326505,0.001838401,-7.345365000000001e-25,0.0,0.0,True
2021-09-20,103.46142857142856,10.599999,14.900001,18.142857,11.742858,82.01429,1.4285715,1.1857144,1.6285714,7.1571426,17.4,0.00016316772,0.0018045008,-7.345365000000001e-25,7.450581e-09,0.0,True
2021-09-27,103.45571428571428,3.8999999,15.757143,20.442858,11.242858,76.799995,1.5285714,1.2142857,2.057143,6.8428574,16.457144,7.12201e-05,0.0017754287,-7.345365000000001e-25,5.5879354e-09,0.0,True
2021-10-04,103.45285714285714,2.4,13.971429,18.585714,9.671428,73.828575,1.4571428,1.1571429,2.0,6.757143,15.757143,0.00014368445,0.0017453209,-7.345365000000001e-25,3.7252903e-09,0.0,True
2021-10-11,103.4357142857143,1.6,9.742857,15.385715,3.7000003,78.37144,0.99999994,0.8000001,1.2428571,6.6285715,12.257143,0.00043177605,0.0017165989,-7.345365000000001e-25,1.8626451e-09,0.0,True
2021-10-18,103.42714285714284,4.7000003,8.614286,13.0,3.8857143,83.5,0.8,0.6571428,0.90000004,6.6714287,9.728572,0.00011550635,0.0016947016,-7.345365000000001e-25,1.8626451e-09,0.0,True
2021-10-25,103.4157142857143,2.2,10.314285,15.114286,5.285714,70.21429,1.1142857,0.9,1.7285715,6.4142857,9.7,7.710606e-05,0.0016724393,-7.345365000000001e-25,7.450581e-09,0.0,True
2021-11-01,103.40142857142858,19.3,9.800001,14.085715,5.642857,74.12858,0.84285724,0.59999996,1.3000001,6.3285713,9.3714285,0.00011242181,0.0016516149,-7.345365000000001e-25,0.0,0.0,True
2021-11-08,103.39857142857144,34.6,7.7428575,10.085715,4.8,81.828575,0.59999996,0.5857143,0.82857144,8.214286,7.5142856,0.0013660267,0.0016390607,-7.345365000000001e-25,5.5879354e-09,0.0,True
2021-11-15,103.4,0.0,5.2000003,8.842857,1.4428571,85.1,0.34285712,0.3285714,0.41428572,8.657143,5.4857144,3.9979815e-05,0.0016682893,-7.345365000000001e-25,0.0,0.0,True
2021-11-22,103.39571428571428,1.6,7.114286,8.914286,4.1,82.67143,0.4,0.3285714,0.71428573,8.585714,6.257143,6.698072e-05,0.0017150193,-7.345365000000001e-25,5.5879354e-09,2.1606684e-07,True
2021-11-29,103.39714285714284,1.4,2.357143,4.3142858,-1.0857143,84.21429,0.25714284,0.22857144,0.45714286,8.557143,2.3285713,1.912564e-05,0.0017613173,0.00028750443,7.702038e-05,0.0030119605,True
2021-12-06,103.37714285714286,12.1,2.7714288,5.0142856,0.11428572,79.72858,0.4714286,0.4714286,0.6571428,9.0,1.5142857,0.00038392842,0.0018095076,0.0026202884,0.0069180615,0.010274272,True
2021-12-13,103.35285714285716,9.0,1.1571429,3.2000003,-1.2285715,87.72858,0.14285715,0.14285715,0.25714287,9.157143,0.41428572,0.00024612993,0.0018949732,0.007776374,0.0077948235,0.004422821,True
2021-12-20,103.32857142857142,2.1999998,5.2999997,6.6,3.5714285,89.01429,0.21428572,0.20000002,0.45714286,9.1285715,3.5714285,0.00023259223,0.0020278767,0.0005633774,0.0032863151,0.00039922819,True
2021-12-27,103.32428571428572,14.000001,-0.9428571,2.4714284,-4.5285716,80.9,0.12857144,0.12857144,0.4,9.557143,0.028571429,0.0002542436,0.0022432655,0.003303034,0.003001321,0.00767738,True
2022-01-03,103.3142857142857,8.8,8.857142,11.514285,5.2428575,79.65715,0.4,0.4,0.9857143,10.025,3.025,0.00048217177,0.002576448,0.0011364563,0.0052528735,0.0,True
2022-01-10,103.31285714285714,24.1,2.414286,4.542857,-0.05714282,84.47143,0.42857146,0.42857146,0.5285714,10.228572,2.0142858,0.0006900504,0.0032519847,0.003352608,0.002608573,0.0061676763,True
2022-01-17,103.31142857142856,6.0,1.8428572,4.3142858,-1.5714285,84.17143,0.27142856,0.27142856,0.47142857,9.914286,1.1142857,0.00020576268,0.0041420236,0.0020478794,0.0033415873,0.0005215518,True
2022-01-24,103.32428571428572,11.3,2.557143,4.414286,0.34285715,84.87144,0.4571429,0.4571429,0.5,9.942857,1.3857143,0.00035812706,0.0048093945,0.0030691908,0.0057779737,0.00767434,True
2022-01-31,103.34,10.200001,3.3428574,4.971429,1.4857143,78.457146,0.7428571,0.7285714,0.95714283,10.014286,2.3142858,0.0003052354,0.0054745898,0.0016941229,0.00372836,0.0050136223,True
2022-02-07,103.35285714285716,14.099999,4.5142856,6.914286,1.8000001,77.24286,0.95714283,0.95714283,1.0571429,10.2,3.1285715,0.0006225556,0.0063499287,0.0015518722,0.006732827,0.004406091,True
2022-02-14,103.35285714285716,8.9,5.057143,8.528571,1.5714285,73.37144,1.0285714,1.0142857,1.1714286,10.071428,4.0,0.0004292801,0.007638119,0.0009371156,0.0031862408,0.0028083362,True
2022-02-21,103.38571428571429,20.5,7.4428573,11.8,3.5857143,65.75715,1.6857144,1.6714286,2.0714285,10.071428,5.428571,0.0012893379,0.0090730935,0.00014198961,0.0011044405,0.00046801195,True
2022-02-28,103.39571428571428,4.2,3.9428573,7.914286,-0.057142872,72.75715,1.1714287,1.1285714,1.2285715,9.942857,4.142857,0.00014279783,0.010088243,0.00013920238,0.0004133433,0.00060071424,True
2022-03-07,103.42428571428572,0.3,0.55714285,5.457143,-3.6285717,71.51429,0.98571426,0.8142857,0.9714286,9.542857,2.4857142,1.912564e-05,0.010301895,0.0005143143,0.0006941967,0.0014737211,True
2022-03-14,103.44285714285716,4.2,4.0857143,10.400001,-1.6428572,48.771427,2.0571427,1.6285714,2.3428571,8.957143,4.757143,7.954985e-05,0.010113828,0.00025152593,0.00081720203,2.2090971e-06,True
2022-03-21,103.44714285714284,6.0,6.9,12.285714,0.9142857,62.985714,1.9857142,1.5571429,2.0571427,8.457143,8.1,5.1751733e-05,0.009706706,2.8156098e-06,1.78013e-05,0.0,True
2022-03-28,103.45285714285714,0.2,8.942858,17.300001,0.29999998,57.27143,2.5142858,1.8142856,2.5285716,7.5571427,10.614285,9.23872e-07,0.009123825,-7.345365000000001e-25,2.6077032e-08,0.0,True
2022-04-04,103.46285714285716,11.4,3.642857,6.7571435,0.3857143,68.88572,1.6428572,1.1857141,1.6428572,7.1,6.6857142,0.00013744831,0.0084794685,0.0012953962,0.00135234,0.0038529187,True
2022-04-11,103.45714285714288,12.8,7.5,11.8,3.7428572,69.75715,2.142857,1.942857,2.2142856,7.3714285,8.028571,0.00033411384,0.007856064,0.00021782944,0.0024148896,0.00071399286,True
2022-04-18,103.44285714285716,2.9,9.571428,15.657144,2.7285714,63.57143,2.9428573,2.1714284,2.7,6.7285714,12.414286,4.6789646e-05,0.007246323,1.8965631e-05,0.000111438334,0.00010441244,True
2022-04-25,103.45857142857142,10.700001,8.114286,12.885715,2.3857143,76.91429,2.2142856,1.3714285,1.9714286,6.142857,11.528571,0.00019620359,0.0066911355,1.992498e-06,1.2384728e-05,0.0,True
2022-05-02,103.44285714285716,0.0,11.114286,18.042858,3.2857144,64.61429,3.0571427,1.3142856,3.042857,6.0142856,15.171429,6.005168e-06,0.006155573,-7.345365000000001e-25,0.0,0.0,True
2022-05-09,103.4342857142857,0.0,14.300001,20.914288,6.2571425,61.57143,3.4714284,1.1285714,3.7142856,5.6285715,18.171429,1.4275312e-05,0.00560385,-7.345365000000001e-25,0.0,0.0,True
2022-05-16,103.41285714285712,9.5,17.585714,24.357143,9.257143,56.057148,4.7714286,1.1714286,4.7714286,5.3142858,20.457144,9.655952e-06,0.0050385967,-7.345365000000001e-25,3.7252903e-09,0.0,True
2022-05-23,103.38571428571429,3.9,17.685715,23.014286,11.785714,64.3,4.5,2.2571428,4.214286,5.4428573,21.2,0.00031340122,0.0045067817,-7.345365000000001e-25,3.7252903e-09,0.0,True
2022-05-30,103.36285714285714,4.3,14.571428,19.185715,8.785714,62.357143,3.4,1.5571429,3.6714287,5.242857,17.828571,6.400049e-05,0.004061036,-7.345365000000001e-25,0.0,0.0,True
2022-06-06,103.33428571428573,9.4,17.214287,23.87143,9.185715,65.700005,4.271428,1.7285715,4.2571425,5.0857143,21.171429,0.0001122877,0.0036622435,-7.345365000000001e-25,3.7252903e-09,0.0,True
2022-06-13,103.30571428571427,2.0,18.614286,24.014286,12.471429,64.48571,4.1857142,1.6857144,4.242857,5.3714285,22.342857,4.737079e-05,0.003302455,-7.345365000000001e-25,0.0,0.0,True
2022-06-20,103.2757142857143,1.1,20.714285,28.157145,12.342857,54.07143,5.5571427,1.5285715,5.6857142,4.928571,23.857143,4.386902e-05,0.0029404834,-7.345365000000001e-25,3.7252903e-09,0.0,True
2022-06-27,103.24714285714286,22.0,22.142857,29.514286,14.800001,57.97143,5.6142855,2.357143,5.4714284,4.785714,25.385714,0.00014580786,0.0026009083,-7.345365000000001e-25,7.450581e-09,0.0,True
2022-07-04,103.22285714285714,2.8,20.642857,26.242859,14.771429,67.9,4.3714285,2.057143,4.3285713,4.785714,24.528572,0.0020338595,0.0023415014,-7.345365000000001e-25,3.7252903e-09,0.0,True
2022-07-11,103.2042857142857,6.7000003,16.9,21.77143,11.957144,64.58572,3.6,1.6999999,3.8142858,4.5571427,20.314285,9.343028e-05,0.0021286383,-7.345365000000001e-25,7.450581e-09,0.0,True
2022-07-18,103.18571428571428,0.4,19.028574,25.714285,10.742857,52.485714,5.085714,1.1285714,4.7999997,4.071429,22.814285,6.6161156e-06,0.0019442737,-7.345365000000001e-25,3.7252903e-09,0.0,True
2022-07-25,103.16142857142856,0.8,24.128572,31.628572,15.542857,52.100002,5.714286,0.9142857,5.8714285,3.8285713,26.0,6.604195e-05,0.0017433539,-7.345365000000001e-25,0.0,0.0,True
2022-08-01,103.13857142857144,1.8,20.12857,25.97143,13.17143,59.17143,4.142857,1.0714285,4.214286,3.8857143,23.685715,8.316338e-05,0.0015704408,-7.345365000000001e-25,7.450581e-09,0.0,True
2022-08-08,103.11,1.2,22.600002,30.057144,13.8714285,50.157143,5.1,1.0571429,5.585714,3.7428572,25.528572,2.8297305e-05,0.001424402,-7.345365000000001e-25,3.7252903e-09,0.0,True
2022-08-15,103.08428571428573,1.1,21.0,28.414288,12.871429,57.157143,4.428571,0.78571427,4.2714286,3.5428572,24.471428,2.9101968e-05,0.0012849346,-7.345365000000001e-25,5.5879354e-09,0.0,True
2022-08-22,103.06285714285714,47.8,21.128572,26.071428,15.857142,70.9,3.1714284,1.3428571,3.1285713,4.242857,24.085714,0.00017754734,0.0011743084,-7.345365000000001e-25,1.8626451e-09,0.0,True
2022-08-29,103.04857142857144,23.1,19.728573,24.628572,15.414287,81.25715,2.4285715,1.7428572,2.7142856,5.242857,22.342857,0.00071279705,0.0010991693,-7.345365000000001e-25,3.7252903e-09,0.0,True
2022-09-05,103.03857142857144,0.0,16.957144,23.257143,10.7,69.942856,2.8142858,1.8714286,2.9714284,5.2714286,20.442858,8.709729e-06,0.0010340735,-7.345365000000001e-25,1.8626451e-09,0.0,True
2022-09-12,103.02857142857144,17.5,16.97143,22.328571,12.514285,81.57143,2.057143,1.5714285,2.1714284,5.285714,19.542856,0.00027780235,0.0009794906,-7.345365000000001e-25,1.8626451e-09,0.0,True
2022-09-19,103.01857142857143,58.5,13.257143,17.171429,10.357142,80.65714,1.5285715,1.4142857,1.6857144,6.0571427,15.228572,0.0022244006,0.0009390265,-7.345365000000001e-25,3.7252903e-09,0.0,True
2022-09-26,103.00714285714288,6.6,11.457144,17.27143,7.0,78.22858,1.4,1.1999999,1.7285715,6.742857,13.728572,0.00011532754,0.0009110272,-7.345365000000001e-25,0.0,0.0,True
2022-10-03,103.00428571428571,11.6,10.685715,14.571428,6.642857,80.77143,1.057143,0.9714285,1.3857143,7.0571427,11.842857,0.00022858381,0.00089120865,-7.345365000000001e-25,7.450581e-09,0.0,True
2022-10-10,102.99714285714286,0.2,12.314286,18.085714,5.928571,76.42857,1.2285715,0.9857143,1.5857143,6.857143,13.3,6.7949295e-06,0.00087518245,-7.345365000000001e-25,1.8626451e-09,0.0,True
2022-10-17,102.99,0.8,13.228572,18.814287,8.342857,80.90001,1.1,0.85714287,1.3000001,6.6,14.342857,3.3199787e-05,0.0008602515,-7.345365000000001e-25,1.8626451e-09,0.0,True
2022-10-24,102.99,9.3,12.085715,16.228573,7.785714,84.24286,0.87142855,0.81428576,1.0571429,6.9857144,13.114285,0.00027795136,0.00084890425,-7.345365000000001e-25,7.450581e-09,0.0,True
2022-10-31,102.98142857142857,0.2,14.0,20.100002,9.271429,81.64286,0.9285714,0.7714285,0.9714286,6.9428573,14.357142,9.894371e-06,0.0008388087,-7.345365000000001e-25,0.0,0.0,True
2022-11-07,102.98,26.699999,9.3,13.942857,4.5,83.38572,0.6571428,0.5571429,0.78571427,6.957143,10.271428,0.00019734353,0.0008305162,-7.345365000000001e-25,1.8626451e-09,0.0,True
2022-11-14,102.97,0.7,8.6285715,13.185715,4.642857,80.97143,0.61428577,0.5428571,0.7285714,7.0,8.842857,5.3673983e-05,0.00082451105,-7.345365000000001e-25,1.8626451e-09,0.0,True
2022-11-21,102.97,17.7,1.9428571,5.414286,-1.0428572,86.71429,0.21428573,0.20000002,0.31428573,7.428571,3.4142857,0.00021709502,0.000821054,0.0007686558,0.00013004616,0.002609305,True
2022-11-28,102.95857142857145,4.7,4.257143,7.3857145,0.8000001,87.04286,0.27142856,0.24285714,0.37142855,7.5142856,3.5142858,9.615719e-05,0.00082253665,0.0011120865,0.0024823323,0.0,True
2022-12-05,102.95142857142856,4.2,2.6142857,4.057143,0.9857144,87.21429,0.20000002,0.15714286,0.40000004,7.4714284,1.9714285,7.800758e-05,0.0008298978,0.0015791939,0.003035795,0.0041577443,True
2022-12-12,102.95,10.8,0.78571427,2.3285716,-0.7285715,86.957146,0.12857144,0.12857144,0.34285715,7.6857142,1.0714285,9.905547e-05,0.00084205717,0.004214741,0.0015113875,0.012254488,True
2022-12-19,102.94857142857144,3.0,-4.728572,-1.3285714,-8.928572,82.48572,0.028571429,0.028571429,0.24285714,7.8428574,-1.0857143,4.2364e-05,0.00086049736,0.012253176,0.0005872194,0.00090650097,True
2022-12-26,102.95571428571428,15.3,6.8428574,9.742858,3.0285716,83.957146,0.41428572,0.41428572,0.6571428,8.5,3.2571428,0.00062904507,0.0008865893,0.0026050636,0.011640381,0.0,True
