,GWL,HYRAS_pr,HYRAS_tas,HYRAS_tasmax,HYRAS_tasmin,HYRAS_hurs,DWD_evapo_p,DWD_evapo_r,DWD_evapo_fao,DWD_soil_moist,DWD_soil_temp5cm,ERA5_sro,ERA5_ssro,ERA5_sdwe,ERA5_sm,ERA5_sf,GWL_flag
1991-01-07,476.96,52.300003,3.1000001,5.557143,1.2285715,87.0,0.5428571,0.5428571,0.4,11.071428,2.3142858,0.0022600442,0.0048889965,0.0038035824,0.012997409,0.004475277,True
1991-01-14,477.67,20.6,2.7714288,5.5,0.6999999,82.28571,0.55714285,0.55714285,0.5285714,10.8,2.357143,0.00030519068,0.005952604,0.0003654446,0.001298422,0.00044726953,True
1991-01-21,477.31,3.4,-2.6571429,2.1,-6.557143,63.74286,0.20000002,0.20000002,0.5857143,10.285714,-1.2428571,2.2798777e-06,0.0073954538,0.00066066923,5.7196245e-05,0.0028458312,True
1991-01-28,477.15,0.0,-1.9714286,-0.20000002,-3.3999999,88.17143,0.08571429,0.08571429,0.24285714,10.2,-0.7714286,1.5340745e-05,0.007874042,0.0031319233,0.0007741768,0.0007889345,True
1991-02-04,476.88,0.0,-6.6714287,-1.6714287,-10.785714,69.32857,0.014285714,0.014285714,0.34285715,10.142858,-3.6714287,9.23872e-07,0.00787814,0.0030046985,4.1007996e-05,0.0005434789,True
1991-02-11,476.84,10.6,-8.242857,-5.2571435,-11.728572,84.17143,0.014285714,0.014285714,0.2857143,10.285714,-3.357143,2.7567148e-07,0.007771462,0.0071494807,0.0,0.0141566135,True
1991-02-18,476.88,29.3,-5.371429,-2.1857145,-8.428572,85.61428,0.028571429,0.028571429,0.32857147,10.685715,-0.057142857,1.0058284e-05,0.00759656,0.02398344,0.00051287,0.016118832,True
1991-02-25,476.82,3.6,1.9000002,6.142857,-2.5,83.3,0.59999996,0.59999996,0.5,10.257143,0.071428575,0.00052557886,0.0073699728,0.0199665,0.024428349,0.00014030375,True
1991-03-04,476.83,3.9,0.9285714,5.7571425,-2.2428572,83.08572,0.5714286,0.5142857,0.7285714,9.914286,0.42857143,0.00016067922,0.007173486,0.0035465274,0.00531701,0.00018594041,True
1991-03-11,476.87,3.9,6.428571,11.942858,2.5571427,79.75714,0.8285714,0.74285716,1.1,9.7,3.5857143,5.8084726e-05,0.0070173144,0.0002722797,0.0010526814,0.0,True
1991-03-18,476.95,1.0,7.6285715,14.1285715,2.8999999,76.5,1.2571429,1.0571429,1.3,9.3714285,7.242857,3.6761165e-05,0.006822504,9.877341e-07,5.2824616e-06,0.0,True
1991-03-25,476.98,36.3,6.414286,9.342857,4.0285716,86.02857,0.90000004,0.8714285,0.85714287,10.142858,6.7285714,0.00038398802,0.006613873,-7.345365000000001e-25,1.3038516e-08,0.0,True
1991-04-01,476.98,3.0,1.1142857,5.0,-2.857143,75.042854,0.9142857,0.8,1.1142857,9.8,2.942857,5.4359436e-05,0.006428264,0.00027246136,0.0005257372,0.000711143,True
1991-04-08,476.92,6.7000003,7.057143,11.942858,3.3285716,71.22857,1.6142857,1.3857144,1.6857144,9.442857,7.7,4.027784e-05,0.0062210113,1.9533294e-05,0.00015844963,0.0,True
1991-04-15,476.9,0.0,8.514286,15.657144,2.4142857,60.47143,2.6142857,2.057143,2.7571428,8.814285,10.542857,9.36538e-06,0.005940892,-7.345365000000001e-25,1.7136335e-07,0.0,True
1991-04-22,476.93,9.7,0.41428572,5.4,-3.142857,77.52857,1.1142857,0.95714283,1.4714286,8.457143,5.0285716,7.8588724e-05,0.0056129247,0.001192899,0.0015980713,0.0032853335,True
1991-04-29,476.8992706279552,9.4,4.5000005,9.714286,0.20000002,76.02857,1.6142857,1.3142856,1.8285714,8.428572,7.257143,0.00012551248,0.005313672,0.00038122563,0.0017781407,0.00033000484,True
1991-05-06,476.83,24.1,4.6857142,8.385715,0.8,82.299995,1.2,1.0714285,1.5142858,8.885715,7.257143,0.0002886653,0.0050085634,1.6746067e-06,8.5011125e-06,0.0,True
1991-05-13,476.86,3.8,7.814286,12.328572,3.1000001,76.98572,1.9285715,1.557143,2.1571429,8.442857,10.314285,0.00019659847,0.004716985,-7.345365000000001e-25,4.0978193e-08,0.0,True
1991-05-20,476.89,12.3,6.8857145,11.099999,1.9285715,75.15714,1.8142856,1.557143,2.0,8.742857,9.142858,0.00018538535,0.004453525,6.528128e-07,5.170703e-06,5.1409006e-06,True
1991-05-27,476.83,5.8,8.928572,13.714286,4.942857,73.62858,2.057143,1.6142857,2.2,8.114285,11.1,8.7328255e-05,0.0041994154,-7.345365000000001e-25,2.6077032e-08,0.0,True
1991-06-03,476.9,2.1,11.7,17.714285,4.928571,65.62858,2.9857144,1.9714286,3.3285716,7.4714284,15.071428,1.18762255e-05,0.0039342716,-7.345365000000001e-25,0.0,0.0,True
1991-06-10,476.84,18.400002,10.099999,14.142858,6.1,80.15715,2.057143,1.5714285,2.0,7.1857142,12.842857,0.00023399293,0.003650479,-7.345365000000001e-25,7.450581e-09,0.0,True
1991-06-17,476.82,24.4,12.657143,17.228573,9.0,73.814285,2.7285714,2.0571427,2.642857,7.242857,14.428572,0.0001655519,0.003408283,-7.345365000000001e-25,7.450581e-09,0.0,True
1991-06-24,476.86,24.900002,13.328572,17.942858,9.3,77.457146,2.7571428,2.5285714,2.6857142,8.528571,15.5,0.00046057254,0.0031838492,-7.345365000000001e-25,7.450581e-09,0.0,True
1991-07-01,476.77,35.5,13.67143,18.328571,9.214286,79.52857,2.6571429,2.4285715,2.4714284,8.914286,15.314285,0.00086681545,0.0029930696,-7.345365000000001e-25,3.7252903e-09,0.0,True
1991-07-08,476.79,0.0,20.757143,25.928572,13.157143,63.757145,4.571429,3.2142856,4.8285713,7.7285714,22.485714,1.9311905e-05,0.0028091967,-7.345365000000001e-25,1.1175871e-08,0.0,True
1991-07-15,476.76,2.7,20.042858,25.600002,14.6,67.77143,3.7571428,2.242857,4.1714287,6.7,22.9,0.000111714005,0.002604045,-7.345365000000001e-25,7.450581e-09,0.0,True
1991-07-22,476.76,6.3999996,15.142858,20.014286,10.6,70.97143,2.8,1.6428572,3.1285713,6.4714284,18.7,3.309548e-05,0.0024365485,-7.345365000000001e-25,7.450581e-09,0.0,True
1991-07-29,476.6994713064858,19.2,16.057142,22.157145,10.385715,71.98572,3.1571426,2.0285716,3.457143,6.3428574,19.12857,0.00017438829,0.0022726655,-7.345365000000001e-25,7.450581e-09,0.0,True
1991-08-05,476.74,6.2,18.057142,22.34286,13.67143,72.15714,2.5142858,1.6571429,2.9714284,6.4,20.0,0.00016903877,0.0021253899,-7.345365000000001e-25,1.1175871e-08,0.0,True
1991-08-12,476.71,14.7,20.02857,25.828571,15.185715,65.37143,3.3142858,2.2285714,3.8142858,6.0571427,21.842857,0.00020611286,0.0019849092,-7.345365000000001e-25,1.1175871e-08,0.0,True
1991-08-19,476.62,3.8,15.985715,21.800001,10.257143,63.77143,2.7142856,1.4142857,3.0857143,5.542857,19.085714,1.835823e-05,0.0018540025,-7.345365000000001e-25,3.7252903e-09,0.0,True
1991-08-26,476.54,5.2,16.142857,21.657145,10.599999,69.77143,2.3142858,1.1,2.7428572,5.3428574,18.242857,2.8535724e-05,0.0017362982,-7.345365000000001e-25,5.5879354e-09,0.0,True
1991-09-02,476.53,0.0,15.185715,21.928572,8.242857,62.3,2.5571427,0.5857143,3.2285714,5.071429,18.014286,1.7434359e-06,0.0016208664,-7.345365000000001e-25,1.8626451e-09,0.0,True
1991-09-09,476.55,8.7,14.642858,19.97143,10.1,66.41429,2.0285714,0.44285712,2.5,4.9428573,16.885714,1.2412667e-05,0.0015041232,-7.345365000000001e-25,3.7252903e-09,0.0,True
1991-09-16,476.58,14.5,14.714286,21.242859,8.1,59.92857,1.9714285,0.61428577,2.4428573,4.9714284,15.757143,2.3536384e-05,0.0014080033,-7.345365000000001e-25,3.7252903e-09,0.0,True
1991-09-23,476.54,15.499999,13.542857,18.571428,8.828572,75.314285,1.457143,0.85714287,1.6571429,5.5142856,14.757143,0.00016959757,0.0013230443,-7.345365000000001e-25,5.5879354e-09,0.0,True
1991-09-30,476.54444149907937,15.299999,12.857142,16.442858,9.914286,78.700005,1.0285715,0.81428564,1.2142857,6.3,12.928572,8.583069e-05,0.0012553856,-7.345365000000001e-25,5.5879354e-09,0.0,False
1991-10-07,476.51,8.3,10.442857,15.357142,6.285714,79.35714,1.0000001,0.8142857,1.2142857,6.8142858,10.957143,4.8540533e-05,0.0011984706,-7.345365000000001e-25,1.8626451e-09,0.0,True
1991-10-14,476.55,1.6,11.371429,17.414286,6.6285715,77.5,0.88571423,0.64285713,1.1999999,6.6857142,11.914286,9.223819e-06,0.0011440814,-7.345365000000001e-25,5.5879354e-09,0.0,True
1991-10-21,476.53,22.4,5.514286,9.457144,2.7285714,80.18572,0.8,0.65714294,0.7714286,7.0,7.1285715,9.7595155e-05,0.001097478,7.090114e-06,3.317371e-06,7.8532845e-05,True
1991-10-28,476.58,5.1,2.4428573,7.0285716,-1.8000001,77.6,0.4714286,0.37142858,0.71428573,7.3,3.357143,6.233156e-05,0.0010591745,0.00019180775,0.0007545296,0.00070269033,True
1991-11-04,476.59,17.2,3.2142856,8.1285715,-0.5571429,76.27143,0.62857145,0.54285717,0.6857143,7.3714285,2.9285715,0.00017227232,0.0010225922,1.736482e-05,3.7584454e-05,3.6507845e-07,True
1991-11-11,476.56,66.8,3.2142856,5.585714,1.1857144,88.65715,0.48571435,0.4714286,0.41428572,8.957143,3.1857142,0.00069942325,0.0009933636,0.0008572283,0.0054837484,0.005694881,True
1991-11-18,476.54,23.5,2.757143,4.3857145,1.0142858,86.94286,0.3142857,0.29999998,0.3285714,9.614285,2.4285715,0.00034029037,0.0009775683,0.0002994594,0.0006243568,0.0007193461,True
1991-11-25,476.51,1.7,0.38571426,2.7000003,-1.9142857,92.34286,0.15714288,0.14285716,0.3,9.471429,0.8428571,0.000106975436,0.00097453967,0.0009203809,0.00079041347,0.001105994,True
1991-12-02,476.65,0.7,0.11428571,3.757143,-2.2,88.92857,0.12857144,0.10000001,0.34285715,9.428572,0.32857144,1.0803342e-05,0.0009775609,0.00051606836,0.0005741492,2.7529895e-06,True
1991-12-09,476.6,5.1,-1.8142859,0.1,-3.7857144,86.92857,0.042857144,0.042857144,0.24285714,9.485714,-0.34285715,2.6017427e-05,0.0009844676,0.0024904637,0.00023499876,0.004818596,True
1991-12-16,476.82,1.3,-4.414286,-0.09999997,-8.485715,73.71429,0.042857144,0.042857144,0.3285714,9.5,-2.2142856,4.0978193e-06,0.0009932294,0.0045295046,0.00022718683,2.1606684e-06,True
1991-12-23,477.0,97.7,2.8857143,5.442857,0.25714287,89.08572,0.3857143,0.3857143,0.37142855,10.942857,0.4,0.0021540597,0.0010089725,0.00471492,0.015583737,0.011103284,True
1991-12-30,476.89577738661205,37.1,-0.042857137,2.4285715,-1.9857142,85.28571,0.25714287,0.25714287,0.2857143,11.1,0.32857144,0.0002969429,0.0011420324,0.00359416,0.0026245434,0.0058247447,True
1992-01-06,477.1,32.3,1.5714285,3.5714285,-0.75714296,84.5,0.1,0.1,0.3,10.5,0.1,0.00054410845,0.0013942122,0.0035313368,0.0037315805,0.0005567521,True
1992-01-13,477.15,9.4,1.2571429,3.7857144,-0.7714286,86.942856,0.22857143,0.22857143,0.25714287,10.614285,0.9,0.00022964925,0.0017571524,0.0011054277,0.0008354839,0.0019589663,True
1992-01-20,477.06,18.9,0.20000002,2.1571429,-1.0142857,86.72858,0.24285714,0.21428573,0.35714287,10.428572,0.3857143,0.00013396144,0.002228044,0.0036290374,0.0019690134,0.009532258,True
1992-01-27,477.12,0.0,-5.0285716,-1.4857143,-8.342857,85.71429,0.014285714,0.014285714,0.27142859,10.385715,-0.5714286,2.2239983e-05,0.0026158318,0.008587803,0.0010649227,0.0012375861,True
1992-02-03,477.0,2.2,-1.4857143,1.7285715,-4.6,84.75714,0.18571427,0.18571427,0.44285712,10.2,-0.4,7.3738396e-05,0.0028966293,0.0069135427,0.0035232883,0.001753509,True
1992-02-10,476.98,14.2,1.6714286,4.0285716,-0.3857143,86.957146,0.34285715,0.34285715,0.31428573,10.328571,0.18571429,0.00032193214,0.0030960888,0.0050452435,0.00997621,0.0047407188,True
1992-02-17,476.93,24.0,2.3142858,4.9857144,0.4142858,86.814285,0.48571426,0.47142857,0.5285714,10.557143,1.6428572,0.00032949448,0.0033284202,0.0017117886,0.0029671174,0.0074728504,True
1992-02-24,476.96,6.9,-1.2285715,0.87142855,-3.8,86.471436,0.24285714,0.22857143,0.44285718,10.514286,0.31428573,0.000117756426,0.0036825985,0.007621345,0.005097706,0.004558321,True
1992-03-02,476.86,3.1,4.4,9.67143,0.028571418,75.34286,0.88571423,0.7714286,0.94285715,10.042857,2.5142858,0.00016335398,0.003981419,0.0016132934,0.0050574318,1.4901161e-08,True
1992-03-09,476.86,4.2999997,4.9714284,10.357142,0.61428577,74.04286,1.0285715,0.9285714,1.1,9.814285,4.6571426,5.2839518e-05,0.004179053,5.9298105e-05,0.0002571568,0.000108890235,True
1992-03-16,476.92,50.9,2.057143,5.1142855,-0.6,79.8,1.0571429,1.0142858,0.9142857,10.657143,2.8,0.0007575974,0.0044430792,0.0015721605,0.00074125826,0.0060315356,True
1992-03-23,476.84,32.8,3.8999999,7.1,0.34285715,84.02857,0.8285714,0.8,0.7571429,10.657143,3.6285715,0.00038821995,0.0048033074,0.0032313948,0.007241767,0.010444228,True
1992-03-30,477.037415324708,26.2,0.5285714,3.0714285,-1.3428572,83.82857,0.67142856,0.67142856,0.78571427,11.0,1.6285714,0.00047580153,0.0053687617,0.01914591,0.015483838,0.025198232,True
1992-04-06,477.05,18.4,3.4,8.114285,-0.37142858,76.957146,1.1285715,1.1,1.4142857,10.457143,3.5285714,0.00061301887,0.0063823685,0.0047598965,0.015214032,0.00032300875,True
1992-04-13,476.91,3.5,6.4000006,12.614286,0.7571429,61.042854,2.2142856,1.8571428,2.4142857,9.657143,7.5571427,3.8951635e-05,0.0076053366,0.00020606745,0.00077925995,0.0,True
1992-04-20,477.28,18.6,4.2285714,7.914286,1.1714286,73.04286,1.5571429,1.4142857,1.6571429,9.442857,5.457143,0.00021828711,0.007710457,0.0005239021,0.0022810306,0.0024547204,True
1992-04-27,477.11,8.4,10.414286,14.942858,5.2000003,67.74286,2.2571428,1.9285715,2.2857144,9.114285,10.6,0.00019139051,0.007524006,3.164723e-05,0.00016912818,0.0,True
1992-05-04,476.98,15.1,7.4,11.814286,3.6714287,77.557144,1.6285715,1.4428571,1.9142857,9.214286,9.157143,0.0003510043,0.007266581,-7.345365000000001e-25,3.7252903e-09,0.0,True
1992-05-11,476.95,24.400002,9.742857,14.042857,5.114286,73.04286,2.1,1.8428572,2.2,8.928572,11.271428,0.0008846,0.00697238,-7.345365000000001e-25,0.0,0.0,True
1992-05-18,476.96,0.0,14.428573,20.285715,7.4714284,63.84286,3.5285714,2.6857145,3.957143,8.557143,16.757143,5.6922436e-06,0.0066481233,-7.345365000000001e-25,0.0,0.0,True
1992-05-25,476.94,0.2,17.314287,23.157145,8.714286,53.214287,4.542857,2.642857,4.857143,7.2,18.585714,4.2021275e-06,0.006189294,-7.345365000000001e-25,0.0,0.0,True
1992-06-01,476.91,0.0,16.4,21.957142,8.942857,53.385715,4.1571426,1.2142857,4.542857,6.3142858,18.87143,2.8312206e-06,0.005617842,-7.345365000000001e-25,0.0,0.0,True
1992-06-08,476.85,65.1,14.485715,19.114286,11.157143,84.34286,2.1857142,1.7857143,2.3714287,8.028571,17.27143,0.0030511916,0.0051111057,-7.345365000000001e-25,7.450581e-09,0.0,True
1992-06-15,476.83,15.3,14.5,18.77143,10.057143,73.52857,2.7571428,2.2714286,3.1000001,8.542857,17.742857,0.00033311546,0.0048096552,-7.345365000000001e-25,7.450581e-09,0.0,True
1992-06-22,476.86,15.5,14.800001,18.957144,10.485715,78.48572,2.7857144,2.357143,2.9714284,8.271428,18.542856,0.0008548647,0.004512146,-7.345365000000001e-25,3.7252903e-09,0.0,True
1992-06-29,476.8623687749775,14.5,16.47143,21.100002,11.142858,64.057144,3.5,2.6571429,3.7428572,8.242857,19.971428,0.00045484304,0.004273124,-7.345365000000001e-25,3.7252903e-09,0.0,True
1992-07-06,476.82,24.6,16.828571,20.685715,12.828572,74.314285,2.7,1.9428571,3.2,7.6857142,20.285715,0.00084272027,0.00400497,-7.345365000000001e-25,1.1175871e-08,0.0,True
1992-07-13,476.79,18.7,15.314286,19.485716,10.828572,74.07143,2.542857,2.3142858,2.8,9.2,18.12857,0.0002464056,0.0038405508,-7.345365000000001e-25,3.7252903e-09,0.0,True
1992-07-20,476.78,14.1,17.628572,22.485716,12.042857,70.442856,3.1714287,2.7285712,3.542857,8.942857,20.142857,0.0001346618,0.003688544,-7.345365000000001e-25,1.1175871e-08,0.0,True
1992-07-27,476.75,19.1,18.642857,24.457142,13.814286,67.88572,3.414286,2.957143,3.914286,8.828571,21.742857,0.002104178,0.0034920126,-7.345365000000001e-25,1.1175871e-08,0.0,True
1992-08-03,476.74,11.8,19.114286,24.985716,13.1285715,65.0,3.5714285,2.8714287,3.8714287,8.157143,21.542856,0.00040791184,0.0032979697,-7.345365000000001e-25,1.1175871e-08,0.0,True
1992-08-10,476.73,0.0,21.042858,27.942858,14.785714,58.92857,3.9,2.5857143,4.4714284,7.385714,23.657143,7.711351e-06,0.0030834973,-7.345365000000001e-25,7.450581e-09,0.0,True
1992-08-17,476.77,27.500002,14.514287,18.614286,10.271429,74.62858,2.2,1.5142858,2.3714287,7.357143,17.314285,0.0002783835,0.0028842315,-7.345365000000001e-25,1.4901161e-08,0.0,True
1992-08-24,476.75,27.3,17.27143,22.557144,12.742858,77.52857,2.2142856,1.8,2.3999999,7.9714284,19.385714,0.0033025444,0.0027342662,-7.345365000000001e-25,7.450581e-09,0.0,True
1992-08-31,476.77793105860417,36.199997,18.185715,23.87143,14.528572,73.34286,2.5285716,2.0428572,2.7142856,7.957143,19.614286,0.00084741414,0.0025853142,-7.345365000000001e-25,9.313226e-09,0.0,True
1992-09-07,476.81,32.2,10.257143,14.642858,6.457143,78.542854,1.6428573,1.5571429,1.5142858,9.042857,11.857142,0.0003940612,0.0024815649,-7.345365000000001e-25,3.7252903e-09,0.0,True
1992-09-14,476.79,10.7,12.042857,17.557144,7.857143,73.5,1.557143,1.3000001,1.8857143,8.4,14.471429,0.00010316074,0.002412431,-7.345365000000001e-25,3.7252903e-09,0.0,True
1992-09-21,476.81,1.8,12.157144,17.97143,6.714286,76.14286,1.3000001,1.0285715,1.5857142,8.228572,13.857142,3.259629e-05,0.0023541152,-7.345365000000001e-25,3.7252903e-09,0.0,True
1992-09-28,476.77,1.2,13.514287,20.042858,8.157144,74.52857,1.2714285,0.97142845,1.6999999,7.9,14.485714,1.43274665e-05,0.0022883639,-7.345365000000001e-25,5.5879354e-09,0.0,True
1992-10-05,476.75,12.2,10.285714,13.028572,8.271429,87.328575,0.6999999,0.61428565,0.94285715,8.1285715,12.028571,0.00015736371,0.0022260696,-7.345365000000001e-25,3.7252903e-09,0.0,True
1992-10-12,476.71,1.4,7.014286,10.957144,4.142857,81.52857,0.61428577,0.5428571,0.82857144,8.442857,9.042857,3.5896897e-05,0.0021800175,-7.345365000000001e-25,0.0,0.0,True
1992-10-19,476.76,2.6,2.3857143,6.514286,-1.2714285,77.057144,0.55714285,0.4857143,0.7285715,8.414286,3.6857142,7.657707e-05,0.0021318123,1.2335323e-05,2.7574599e-05,6.346777e-05,True
1992-10-26,476.74,55.699997,3.7714288,6.3285713,1.2285715,85.77143,0.4714286,0.44285712,0.4857143,9.1285715,3.4142857,0.0012789369,0.0020902753,0.00033465453,0.0015901271,0.0021097697,True
1992-11-02,476.72,26.199999,2.4428573,5.4857144,-0.31428573,85.07143,0.3857143,0.35714287,0.37142855,10.442857,2.7428572,0.00042699277,0.0020831898,0.00014384587,0.0006080158,2.7384609e-05,True
1992-11-09,476.71,9.1,5.4428573,7.928571,2.8285713,85.11428,0.34285712,0.34285712,0.42857143,10.228572,4.614286,0.00014999509,0.0021648481,5.8639616e-06,4.466623e-05,0.0,True
1992-11-16,476.74,45.7,3.142857,5.071429,1.0714287,85.52857,0.4142857,0.4142857,0.41428572,10.885715,2.642857,0.0005553141,0.0023067966,0.00086434116,0.0016942434,0.0026722103,True
1992-11-23,476.75,62.899998,3.3714287,5.4857144,0.9714286,86.77143,0.42857146,0.42857146,0.42857143,11.142858,2.3714285,0.0011452436,0.0028384477,0.005239827,0.012515647,0.011804447,True
1992-11-30,477.1231606487095,14.700001,4.7000003,7.3857145,2.1285713,82.51429,0.42857143,0.42857143,0.41428572,10.985714,3.557143,0.00017508864,0.003311418,0.00010624386,0.0005880464,0.0,True
1992-12-07,477.13,34.3,2.9,5.1285715,1.1714286,83.957146,0.35714284,0.35714284,0.42857143,10.8,2.5857143,0.00032755733,0.004151143,0.0012127104,0.0009946357,0.0058138967,True
1992-12-14,477.16,47.0,0.7,1.7857143,-0.4,89.200005,0.17142858,0.17142858,0.32857147,10.757143,0.55714285,0.0004966259,0.0048617646,0.0064190114,0.0070662815,0.008012045,True
1992-12-21,477.35,7.3,0.25714287,2.957143,-1.6571429,88.61428,0.11428572,0.11428572,0.10000001,10.514286,0.3857143,0.00020837784,0.00564605,0.004510068,0.0024336074,0.00057215244,True
1992-12-28,477.28,5.7,-2.7285714,-0.028571453,-4.7714286,85.91429,0.028571429,0.028571429,0.31428573,10.442857,-0.25714287,9.867549e-05,0.00642848,0.0028954516,0.0018336438,0.00016317144,True
1993-01-04,477.21,0.0,-8.1285715,-3.8142858,-11.642858,69.47143,0.0,0.0,0.3285714,10.3,-2.7,3.799796e-06,0.0069540516,0.0024792638,0.0001693219,2.3469329e-07,True
1993-01-11,477.13,67.7,2.7285714,5.214286,-1.5,84.542854,0.34285715,0.34285715,0.41428572,10.757143,0.028571429,0.0008946359,0.0071113184,0.0010827894,0.0023964643,1.3157725e-05,True
1993-01-18,477.3,9.1,4.7714286,8.157144,2.1000001,77.98572,0.6857143,0.6857143,0.44285718,10.9,2.2,0.0012243018,0.01039584,4.343192e-05,0.00015491247,0.00012274459,True
1993-01-25,477.43,28.3,4.585715,7.1857142,1.9142858,81.614296,0.87142855,0.85714287,0.67142856,10.642858,3.5285714,0.00036874413,0.00957749,0.0001920859,6.934255e-05,0.0034334585,True
1993-02-01,477.26,33.0,-4.942857,-0.88571423,-7.857143,81.25714,0.114285715,0.114285715,0.42857143,11.085714,0.15714286,0.00017851591,0.010068826,0.016309386,0.0008894205,0.019552443,True
1993-02-08,477.19,1.2,-2.1714287,2.3857143,-6.3714285,81.98572,0.21428573,0.20000002,0.37142858,10.271428,0.028571429,0.0002572313,0.0102517605,0.01565852,0.010928653,1.0903925e-05,True
1993-02-15,477.09,0.0,-2.2714286,2.2428572,-5.857143,83.84286,0.25714287,0.24285714,0.54285717,10.1,-0.014285714,0.00016362965,0.010252334,0.0056151096,0.007058069,2.5911257e-05,True
1993-02-22,477.01,36.3,-1.5,0.7571429,-3.4428575,84.700005,0.31428573,0.31428573,0.51428574,10.6,0.0,0.0001680851,0.01020541,0.01006018,0.0041966904,0.022411156,True
1993-03-01,477.02,2.8,-3.6714287,-0.85714287,-7.6857147,76.07143,0.17142858,0.17142858,0.55714285,10.514286,-0.042857144,6.621331e-05,0.01010973,0.019633124,0.0032002926,0.0033381097,True
1993-03-08,477.13,9.1,-2.3285716,0.18571429,-4.3714285,83.88572,0.3285714,0.31428573,0.6571428,10.257143,0.057142857,0.00026483834,0.009943806,0.016300945,0.007373018,0.0045684986,True
1993-03-15,477.08,0.0,3.8999999,9.771429,-1.3714286,69.3,1.1571428,1.0428572,1.2428571,9.971429,2.1571429,0.00026200712,0.009729676,0.0052391915,0.0115989335,5.5134296e-07,True
1993-03-22,477.36,14.900001,7.8142858,12.042857,3.3857143,73.12858,1.4142857,1.2428571,1.4428571,9.571428,6.357143,9.404868e-05,0.009480666,8.100555e-05,0.00062248483,0.0,True
1993-03-29,477.16231306963454,2.5,-0.22857144,3.5285716,-2.4285715,73.75715,0.8285715,0.7571429,1.1428572,9.571428,3.0428572,0.00013555586,0.009170242,0.0025898162,0.00066466816,0.0066744722,True
1993-04-05,477.23,12.5,5.0285716,9.942857,-0.2714286,72.8,1.2714285,1.1,1.5142858,9.385715,5.3714285,0.00030896813,0.008812867,0.0015529848,0.005103953,2.5331974e-06,True
1993-04-12,477.11,7.9,4.6714287,8.485715,1.4142858,78.14286,1.2428571,1.1428572,1.3428571,9.542857,5.8142858,0.0002027452,0.0084366575,9.848958e-06,5.8550388e-05,1.1403114e-05,True
1993-04-19,477.08,30.7,7.5428576,11.942858,3.8428574,79.38572,1.5285715,1.4142857,1.7428572,9.328571,8.8,0.000279665,0.008055873,3.973643e-08,5.5134296e-07,0.0,True
1993-04-26,477.11,4.3,14.642858,21.071428,8.185715,57.057148,3.4428573,2.742857,3.5285716,8.842857,15.157143,9.663403e-06,0.007612951,-7.345365000000001e-25,0.0,0.0,True
1993-05-03,477.08,8.3,14.885714,20.928572,8.814286,59.971428,3.828571,2.542857,4.1142855,7.385714,16.528572,0.00010988116,0.006997384,-7.345365000000001e-25,0.0,0.0,True
1993-05-10,477.03,6.1,11.042857,15.900001,5.6285715,71.52857,2.7714286,1.7285715,2.7714286,7.0,13.471429,5.58272e-05,0.0064379796,-7.345365000000001e-25,3.7252903e-09,0.0,True
1993-05-17,476.96,1.6,13.842857,19.87143,7.3714285,67.02857,3.1714287,1.6000001,3.242857,6.5571427,17.042856,2.7149916e-05,0.0058306158,-7.345365000000001e-25,7.450581e-09,0.0,True
1993-05-24,476.91,22.7,14.300001,20.028574,8.757143,72.91429,2.7714286,1.7142857,3.1714287,6.957143,17.071428,0.0003407076,0.0052409098,-7.345365000000001e-25,3.7252903e-09,0.0,True
1993-05-31,476.8839936807221,19.900002,15.085715,20.528574,10.214286,71.52857,3.114286,2.5571427,3.1285713,7.3,17.757143,0.00025898218,0.004730478,-7.345365000000001e-25,3.7252903e-09,0.0,False
1993-06-07,476.9,17.3,15.814286,20.557144,10.728571,77.97143,2.8999999,2.4142857,3.2714286,7.8142858,18.814285,0.00018920004,0.0043094456,-7.345365000000001e-25,3.7252903e-09,0.0,True
1993-06-14,476.87,37.0,15.500001,19.857143,11.214286,74.90001,2.957143,2.4142857,3.0285716,7.571429,18.9,0.00030897558,0.0038975626,-7.345365000000001e-25,0.0,0.0,True
1993-06-21,476.85,19.300001,14.042857,18.442858,9.342857,75.62858,2.6714287,2.3285716,2.7571428,8.4,16.37143,0.00019034743,0.0035947636,-7.345365000000001e-25,3.7252903e-09,0.0,True
1993-06-28,476.88,9.3,12.1,16.37143,8.285714,75.94286,2.2857144,1.9285715,2.6000001,7.9857144,15.457143,7.471442e-05,0.0033213422,-7.345365000000001e-25,7.450581e-09,0.0,True
1993-07-05,476.83,10.4,18.242857,24.728573,10.242858,62.3,4.1,2.6714284,4.5285716,7.1857142,21.442858,0.00020198524,0.0030476227,-7.345365000000001e-25,7.450581e-09,0.0,True
1993-07-12,476.85,22.1,13.185715,17.685715,8.957143,71.21429,2.6857142,1.9714285,3.0,7.1857142,16.314285,0.00018335879,0.0027901083,-7.345365000000001e-25,0.0,0.0,True
1993-07-19,476.82,38.5,14.714286,18.814285,10.842857,79.58572,2.3142855,2.142857,2.2285714,8.385715,16.742857,0.00039818883,0.0026074946,-7.345365000000001e-25,3.7252903e-09,0.0,True
1993-07-26,476.83,18.5,13.471429,17.585714,10.428572,76.77143,2.357143,2.1714284,2.1285713,8.542857,15.842857,0.00091832876,0.0024536997,-7.345365000000001e-25,1.4901161e-08,0.0,True
1993-08-02,476.83,25.2,16.142857,20.857143,11.442858,77.557144,2.5571427,2.3428571,2.6285713,9.042857,17.77143,0.0032494217,0.0023378953,-7.345365000000001e-25,1.4901161e-08,0.0,True
1993-08-09,476.78,39.5,17.085714,22.257143,11.085715,69.84286,2.7714286,2.4285715,3.1714287,8.614285,19.457144,0.00011520833,0.0022190586,-7.345365000000001e-25,5.5879354e-09,0.0,True
1993-08-16,476.79,11.900001,16.97143,22.37143,11.028571,70.64286,2.9285715,2.457143,3.2999997,8.7,18.942858,0.00019726157,0.0021164939,-7.345365000000001e-25,9.313226e-09,0.0,True
1993-08-23,476.74,3.1,15.6,22.114286,10.657143,70.442856,2.4714284,1.8142856,2.8999999,7.714286,19.471428,3.154576e-05,0.0020040572,-7.345365000000001e-25,5.5879354e-09,0.0,True
1993-08-30,476.7225671311672,5.3,10.599999,16.042858,5.3,74.48572,1.6142857,1.1142857,2.1,7.214286,14.528571,9.202957e-05,0.0019105077,-7.345365000000001e-25,1.8626451e-09,0.0,True
1993-09-06,476.79,22.5,9.457143,13.814286,6.2571425,83.9,1.3428572,1.1714286,1.5,8.028571,11.742857,0.00018303096,0.0018341988,-7.345365000000001e-25,0.0,0.0,True
1993-09-13,476.76,30.0,12.585714,16.671429,9.071428,84.557144,1.2142857,1.1285714,1.2714285,8.542857,13.828571,0.0006004125,0.0017675087,-7.345365000000001e-25,3.7252903e-09,0.0,True
1993-09-20,476.77,10.7,10.8,15.428572,7.057143,78.68572,1.3999999,1.3142856,1.5571429,9.057143,11.814285,0.00016127527,0.0017181709,-7.345365000000001e-25,7.450581e-09,0.0,True
1993-09-27,476.79,2.7,12.714286,16.885715,10.0,83.971436,0.9857143,0.8285714,1.2714285,8.528571,13.928572,9.390712e-05,0.0016770586,-7.345365000000001e-25,9.313226e-09,0.0,True
1993-10-04,476.79,25.1,9.114286,13.471429,5.142857,82.58572,0.7714286,0.67142856,1.0857142,8.785714,10.1285715,0.00043744594,0.0016466826,-7.345365000000001e-25,1.8626451e-09,0.0,True
1993-10-11,476.81,17.4,11.142858,15.17143,7.6571426,83.28571,0.82857144,0.78571427,0.9285714,9.357142,11.057143,0.00027507544,0.001628533,-7.345365000000001e-25,5.5879354e-09,0.0,True
1993-10-18,476.83,3.6999998,6.714286,11.0,3.7142856,80.41429,0.7571429,0.71428573,0.90000004,9.485714,7.857143,0.00010370463,0.0016319081,1.1977695e-06,1.0430813e-07,3.8169324e-05,True
1993-10-25,476.92,5.7,2.7,4.7285714,0.7285715,89.68572,0.31428573,0.31428573,0.44285712,9.757143,3.4285715,0.00028079748,0.0016585141,2.587977e-05,7.674657e-05,8.40947e-05,True
1993-11-01,476.8,0.0,2.2142856,6.871429,-0.8428572,86.471436,0.35714287,0.3285714,0.41428572,9.842857,3.3857143,2.9876828e-06,0.0017126873,1.680851e-05,4.3865293e-05,0.0,True
1993-11-08,476.78,8.4,2.0428572,4.2714286,-0.29999998,94.65715,0.25714287,0.21428573,0.34285715,9.8,3.6857142,0.00020813197,0.0017755255,1.1069434e-06,3.4049153e-06,0.0,True
1993-11-15,476.76,33.5,2.7142856,5.4000006,1.0285714,88.57143,0.31428573,0.31428573,0.34285715,10.342857,2.6571429,0.00023344159,0.0018405244,0.0009828295,0.0017713811,0.009741239,True
1993-11-22,476.77,1.1,-4.9,-2.3142858,-6.6857147,82.77143,0.028571429,0.042857144,0.22857143,10.6,0.014285714,3.3676624e-06,0.0019323602,0.009792878,0.00015768223,0.003971085,True
1993-11-29,476.84000759971326,1.6,-6.557143,-2.8714287,-9.400001,88.057144,0.0,0.0,0.20000002,10.3,-1.4714285,1.4856458e-05,0.0020446405,0.010372287,0.00077243894,0.0025382712,False
1993-12-06,476.77,13.6,-0.2142857,2.4428573,-3.6000001,89.24286,0.15714286,0.15714286,0.22857143,10.3,-0.25714287,0.00033469498,0.0021431893,0.0076032253,0.012286391,0.0020454675,True
1993-12-13,476.8,79.3,2.1000001,4.428571,0.08571427,86.314285,0.4857143,0.4857143,0.40000004,11.085714,0.8428571,0.0033762157,0.0040865615,0.0043141954,0.014356719,0.01755179,True
1993-12-20,476.76,73.9,2.6571429,5.4714284,0.59999996,89.14286,0.37142855,0.37142855,0.37142858,11.4,1.8,0.0016392544,0.0034075305,0.0061146817,0.012489358,0.02141045,True
1993-12-27,476.74,65.7,-0.34285715,1.2285715,-1.8428571,88.65715,0.22857144,0.22857144,0.31428573,11.614285,0.5714286,0.003757961,0.010068089,0.030100176,0.0052380674,0.033538993,True
1994-01-03,477.68,51.1,1.3571428,3.4142857,-1.0714285,86.957146,0.4,0.4,0.3285714,11.05,0.975,0.004455507,0.015300922,0.028750256,0.03963448,0.0076758116,True
1994-01-10,478.19,35.2,2.6714287,4.6857142,0.6571428,89.18572,0.3142857,0.3142857,0.34285715,10.971429,1.7142857,0.0012352094,0.029531226,0.00416192,0.012409586,0.000977017,True
1994-01-17,477.69,18.9,1.2285715,3.6285717,-0.4428572,87.25714,0.3285714,0.3285714,0.34285715,10.6,1.7571429,0.00022789836,0.031484284,0.0009326537,0.0017703492,0.002323188,True
1994-01-24,477.46,11.200001,-1.0857142,1.2714287,-4.114286,82.957146,0.18571427,0.18571427,0.31428573,10.485714,-0.18571429,0.00025828183,0.027252063,0.002546617,0.0015914552,0.0012445487,True
1994-01-31,477.5834503297928,40.0,1.8428572,4.542857,-0.51428574,85.51429,0.55714285,0.55714285,0.4714286,11.228572,0.98571426,0.0020861924,0.023374379,0.0048639434,0.0059001967,0.012233339,True
1994-02-07,477.47,5.3,1.3000001,3.4,-0.6857143,87.64286,0.27142859,0.27142859,0.32857147,10.5,0.94285715,0.00018990785,0.020760134,0.0071488447,0.008402139,0.0045297965,True
1994-02-14,477.27,23.1,-3.2142856,-0.0285714,-4.714286,85.48572,0.15714286,0.15714286,0.45714286,10.571428,0.25714287,7.113069e-05,0.018653452,0.010613288,0.0018962044,0.011543125,True
1994-02-21,477.33,5.2999997,-7.442857,-1.9285715,-12.057143,72.185715,0.014285714,0.014285714,0.4857143,10.342857,-0.8428571,7.0035458e-06,0.016677983,0.010959444,0.00037733838,0.0028477497,True
1994-02-28,477.45,23.5,3.1142857,5.9428573,-0.3000001,88.41429,0.45714283,0.45714283,0.4857143,10.5,0.71428573,0.00051694363,0.014853589,0.010423774,0.018619334,0.0074404664,True
1994-03-07,477.25,25.1,4.4857144,7.7714286,1.4142858,77.200005,1.1,1.0857142,0.85714287,10.457143,3.2571428,0.00033747405,0.01351475,0.0005737316,0.0018381029,4.563108e-05,True
1994-03-14,477.33,22.5,6.557143,10.17143,2.9714284,80.64286,1.0571429,1.0,0.8714286,10.257143,5.7285714,0.0005444959,0.012594499,1.3164112e-05,9.4292685e-05,8.158386e-07,True
1994-03-21,477.39,39.2,2.1142857,5.0285716,0.35714287,83.51429,0.90000004,0.90000004,0.7285714,11.285714,2.8857143,0.0011132732,0.012699626,0.0017855791,0.003970787,0.0054247826,True
1994-03-28,477.43,28.599998,5.414286,8.957143,1.4142858,77.62858,1.2714287,1.2571429,1.1285714,10.842857,5.357143,0.0008151233,0.011796124,0.00029163132,0.0014638007,0.0004963577,True
1994-04-04,477.43,29.2,5.9,9.985715,3.1000001,81.42857,1.3428572,1.3142856,1.2142857,10.342857,6.5142856,0.00043790042,0.012211949,0.00034701824,0.0012365542,0.0049565434,True
1994-04-11,477.28,18.6,2.1142857,5.857143,-0.78571427,82.41429,1.0285715,0.9857143,1.042857,10.5,3.7142856,0.0006130487,0.012099549,0.0026779005,0.0075566005,0.0065331385,True
1994-04-18,477.74,64.4,3.7857144,6.6714287,0.9857144,85.87144,1.0571429,1.0428572,0.9714286,11.214286,4.6571426,0.0049465895,0.022350274,0.00085328304,0.0047784634,0.0020930022,True
1994-04-25,477.53,2.9,10.071428,16.214285,3.9142857,66.34286,2.457143,2.1285713,2.642857,9.757143,11.542857,0.000105038285,0.020595461,1.25226525e-05,6.4026564e-05,1.0803342e-07,True
1994-05-02,477.27,0.0,11.342857,17.028572,6.714286,74.25714,2.2571428,1.8285713,2.5,9.028571,14.042857,5.9381127e-05,0.018561482,-7.345365000000001e-25,3.7252903e-09,0.0,True
1994-05-09,477.14,12.200001,10.942857,16.37143,5.0285716,66.942856,2.8142858,2.2428572,2.9,8.714286,12.857142,0.00014032423,0.016016334,-7.345365000000001e-25,0.0,0.0,True
1994-05-16,477.18,10.0,13.671428,19.114286,7.057143,67.52857,3.1714287,2.3714287,3.3285713,7.8714285,15.928572,7.766485e-05,0.013438709,-7.345365000000001e-25,3.7252903e-09,0.0,True
1994-05-23,477.31,19.6,12.300001,16.342857,8.842857,80.87144,2.142857,1.9,2.2285714,8.142858,14.6,0.0005784482,0.011285201,-7.345365000000001e-25,7.450581e-09,0.0,True
1994-05-30,476.9603951069273,17.9,10.328572,14.757143,6.357143,80.6,2.0142858,1.8142856,2.3,9.2,14.014286,0.0004670322,0.009732574,-7.345365000000001e-25,0.0,0.0,True
1994-06-06,477.05,21.5,12.6285715,17.84286,6.971429,68.957146,3.0571427,2.6714284,3.1285713,8.8714285,14.8,0.0002694428,0.008546405,-7.345365000000001e-25,7.450581e-09,0.0,True
1994-06-13,476.92,8.799999,11.971429,17.085714,7.428571,76.6,2.5285714,2.2142859,2.6000001,8.928572,14.771428,0.00015355647,0.007602975,-7.345365000000001e-25,3.7252903e-09,0.0,True
1994-06-20,476.88,4.3,14.028572,18.457142,9.585715,72.35715,2.9714286,2.2857141,3.1285713,8.1285715,16.242857,8.08835e-05,0.0067941993,-7.345365000000001e-25,0.0,0.0,True
1994-06-27,476.84,0.9,19.142857,24.557144,12.800001,65.91429,4.2571425,2.4714286,4.5571427,7.1285715,21.528572,8.836389e-06,0.0060107484,-7.345365000000001e-25,1.1175871e-08,0.0,True
1994-07-04,476.99,21.9,21.228573,27.942858,14.757143,65.8,4.3285713,2.7142856,4.8285713,6.757143,23.985714,0.00016853213,0.005230762,-7.345365000000001e-25,7.450581e-09,0.0,True
1994-07-11,476.84,28.3,16.800001,21.714285,11.657144,74.3,3.1714284,2.457143,3.6000001,6.9857144,20.285715,0.00018595159,0.004602261,-7.345365000000001e-25,1.1175871e-08,0.0,True
1994-07-18,476.81,7.8,20.071428,25.557144,15.157144,73.25715,3.514286,2.4857142,4.0285716,6.457143,23.22857,0.00012344122,0.0040583834,-7.345365000000001e-25,1.4901161e-08,0.0,True
1994-07-25,476.75,5.2,20.257143,25.885715,13.942858,62.414288,4.1,2.7142856,4.342857,6.857143,22.7,0.00013785064,0.0036241636,-7.345365000000001e-25,1.1175871e-08,0.0,True
1994-08-01,477.03,0.7,23.557144,30.085714,17.557144,61.557148,4.2428575,1.9428571,4.8428574,5.857143,25.928572,3.0979514e-05,0.0031809509,-7.345365000000001e-25,1.1175871e-08,0.0,True
1994-08-08,476.82,8.6,21.528574,27.514286,16.214287,65.1,3.5714285,1.3714286,4.0857143,5.6,24.27143,8.375943e-05,0.0027979463,-7.345365000000001e-25,7.450581e-09,0.0,True
1994-08-15,476.81,15.8,15.228571,20.157145,11.585714,72.828575,2.4714284,1.9714285,2.5714285,6.542857,18.071428,0.00015959144,0.0025152192,-7.345365000000001e-25,7.450581e-09,0.0,True
1994-08-22,476.85,24.800001,14.914286,20.014286,9.957144,74.88572,2.3428571,1.9142857,2.6000001,7.2285714,16.571428,9.6946955e-05,0.0022906438,-7.345365000000001e-25,7.450581e-09,0.0,True
1994-08-29,476.7611138813476,18.0,15.371429,19.628572,11.771429,81.471436,1.9857142,1.7857143,2.2,8.3,17.757143,0.001317963,0.0021095797,-7.345365000000001e-25,7.450581e-09,0.0,False
1994-09-05,476.62,19.4,14.057143,18.7,9.228571,78.65714,1.5857143,1.3714286,1.8571428,8.328571,15.7,0.00012423098,0.001960218,-7.345365000000001e-25,9.313226e-09,0.0,True
1994-09-12,476.62,39.7,12.6,15.442858,9.485715,84.8,1.3999999,1.3714285,1.3142856,9.2,13.385715,0.0039183497,0.0018479377,-7.345365000000001e-25,1.1175871e-08,0.0,True
1994-09-19,476.69,32.5,9.800001,12.928572,7.357143,85.67143,1.1142857,1.0857143,1.1714286,9.842857,11.157143,0.00031371415,0.0017716661,-7.345365000000001e-25,7.450581e-09,0.0,True
1994-09-26,476.67,0.0,12.285714,18.442858,7.1,78.32857,1.3714285,1.1857144,1.6,9.228572,13.385715,2.7567148e-07,0.0017201677,-7.345365000000001e-25,1.8626451e-09,0.0,True
1994-10-03,476.64,16.3,11.6,16.37143,8.271429,82.75714,0.88571435,0.7857143,1.0142857,8.914286,13.314285,0.00011990219,0.0016677082,1.4191582e-07,5.5879354e-09,2.4229288e-05,True
1994-10-10,476.68,8.099999,3.5285716,8.228572,0.42857143,82.17143,0.62857145,0.59999996,0.7285714,9.528571,5.7285714,7.780641e-05,0.0016290769,0.00040451117,0.001038529,0.0011065416,True
1994-10-17,476.71,0.0,7.2714286,14.542857,2.1714284,78.98572,0.8,0.7285714,1.1,9.171429,8.842857,1.9446015e-06,0.0015919805,1.8085751e-05,8.764304e-05,8.046627e-07,True
1994-10-24,476.61,3.8000002,5.6714287,10.3714285,1.1714287,77.457146,0.67142856,0.54285717,0.90000004,8.957143,5.785714,5.8613718e-05,0.0015570596,3.292447e-07,1.1269003e-06,0.0,True
1994-10-31,476.6236524697151,40.3,7.8857145,9.67143,5.3428574,87.700005,0.67142856,0.64285713,0.67142856,9.657143,6.957143,0.0004105568,0.0015296191,-7.345365000000001e-25,9.313226e-09,0.0,True
1994-11-07,476.65,2.2,7.428571,12.7,3.857143,83.35714,0.5285714,0.5285714,0.64285713,9.814285,6.8,4.3161213e-05,0.0015074983,-7.345365000000001e-25,1.8626451e-09,0.0,True
1994-11-14,476.69,23.300001,5.3857145,7.1714287,3.2571428,94.18572,0.22857143,0.22857143,0.3857143,9.742857,5.6,0.00013443083,0.0014943704,4.7042256e-05,0.00019709766,0.0002087988,True
1994-11-21,476.75,39.2,6.057143,8.6,3.6571429,89.58572,0.45714286,0.45714286,0.40000004,10.9,5.542857,0.0007279664,0.0014957935,1.1012668e-06,1.806207e-05,0.0,True
1994-11-28,476.77,8.0,4.914286,7.4000006,2.4714284,89.65715,0.18571429,0.18571429,0.24285714,10.442857,4.5857143,0.0009384081,0.0015713573,-7.345365000000001e-25,0.0,0.0,True
1994-12-05,476.63,18.5,3.4285715,6.3428574,0.67142856,87.25714,0.22857143,0.22857143,0.2,10.328571,2.857143,0.00022304058,0.0017080456,-7.345365000000001e-25,0.0,0.0,True
1994-12-12,476.67,17.0,5.2571435,7.2428575,2.4285715,84.8,0.5,0.5,0.4,10.642858,3.8,0.00025339425,0.0018788949,-7.345365000000001e-25,3.7252903e-09,0.0,True
1994-12-19,476.76,24.4,-0.24285711,2.6000001,-2.1857142,91.65715,0.17142858,0.17142858,0.27142859,10.842857,1.4714285,0.001688093,0.0022738501,0.0023484968,0.0007103607,0.0038371868,True
1994-12-26,476.74,8.0,-2.357143,-0.4857143,-4.071429,91.08572,0.042857144,0.042857144,0.27142859,10.314285,-0.08571429,1.5079975e-05,0.002589278,0.0043985276,0.00029299408,0.0036027543,True
1995-01-02,476.98,73.1,3.3857143,5.514286,1.2285715,88.17143,0.62,0.62,0.47142857,11.2,3.26,0.0014945045,0.0034026876,0.0023547013,0.008334991,0.010469053,True
1995-01-09,476.96,20.5,-7.9,-5.085715,-11.328572,86.71429,0.0,0.0,0.14285715,10.657143,-0.057142857,1.2814999e-06,0.004122764,0.00996882,5.215779e-05,0.007668454,True
1995-01-16,476.91,33.4,-2.4857144,-0.5285714,-4.9714284,88.07143,0.17142858,0.17142858,0.22857143,11.028571,0.1,2.2947788e-05,0.0047462955,0.02882279,0.0003737975,0.017660115,True
1995-01-23,476.68,54.3,0.8,3.1571429,-1.6857144,83.21429,0.44285712,0.45714286,0.35714287,10.7,0.47142857,0.008153595,0.008623943,0.03350975,0.029725675,0.01095527,True
1995-01-30,477.1673963188687,81.5,2.3857143,5.4428573,-0.3,87.51429,0.65714294,0.65714294,0.4857143,11.671429,1.7142857,0.0047440007,0.01344613,0.011891592,0.034791667,0.021789774,True
1995-02-06,477.63,9.0,2.4428573,4.514286,-0.78571427,84.28571,0.3857143,0.4,0.44285712,10.771428,1.2,0.0001770109,0.02240853,0.0017899843,0.0031995196,1.7922372e-05,True
1995-02-13,477.72,21.5,3.142857,5.871429,0.14285716,84.14286,0.6,0.6,0.55714285,10.585714,2.5142858,0.0007060915,0.022557601,0.0018290224,0.0046910383,0.0045558996,True
1995-02-20,477.66,27.4,4.414286,6.7999997,2.2285714,86.35714,0.87142855,0.85714287,0.61428577,10.828571,3.4857142,0.000691168,0.021352395,6.21421e-05,0.0004495103,0.0001495555,True
1995-02-27,477.59,23.3,1.3714286,4.4428573,-0.37142855,84.47143,0.6999999,0.7142857,0.64285713,10.671429,2.3428571,0.0001872927,0.020340689,0.0041615055,0.002215648,0.011752434,True
1995-03-06,477.13,14.6,1.6857144,5.042857,-0.88571435,82.64286,0.78571427,0.78571427,0.7285714,10.471429,2.0857143,0.0004118234,0.01915168,0.0034295889,0.011841832,0.0067655966,True
1995-03-13,477.2,1.1,1.7428571,6.828572,-2.0571427,74.38572,1.0571429,0.9714285,1.0714285,10.114285,2.3285713,0.00011950731,0.017864801,0.002960625,0.0042678043,0.001377102,True
1995-03-20,477.22,41.9,0.84285724,3.8428574,-1.6285715,86.24286,0.7714286,0.8,0.7571429,10.457143,1.6857142,0.0009436682,0.016348824,0.002980942,0.006285241,0.007510308,True
1995-03-27,477.21,23.900002,3.8142858,8.071428,-0.21428572,70.94286,1.3714285,1.3142855,1.3142856,10.514286,3.5142858,0.00038774312,0.015014216,0.0014748403,0.0039767493,0.0058073364,True
1995-04-03,477.38,39.0,3.457143,6.742858,-0.9285715,77.61428,1.1714286,1.1428572,1.3285714,10.9,3.2571428,0.00044927,0.013919994,0.0076985643,0.017561426,0.01509532,True
1995-04-10,477.24,8.0,5.7714286,9.585714,2.5285716,75.557144,1.3428572,1.1857144,1.4142857,9.9,6.457143,0.00014007092,0.013035044,0.00054639863,0.0017295647,0.0034959354,True
1995-04-17,477.43,35.4,4.657143,7.6285715,1.2857143,80.72858,1.1857144,1.1571429,1.2571429,9.971429,5.4,0.0007595122,0.012245387,0.00043286028,0.0026897248,0.0015069246,True
1995-04-24,477.36,23.5,9.871429,14.357142,5.0285716,76.72858,2.3285713,2.1142857,2.2428572,10.557143,9.8714285,0.0006136149,0.011678919,9.53277e-05,0.0007720478,0.000103298575,True
1995-05-01,477.15,27.9,9.471429,14.028572,5.8285713,80.6,1.7571428,1.6,1.8571428,9.771428,12.014286,0.0004428923,0.011292949,-7.345365000000001e-25,7.450581e-09,0.0,True
1995-05-08,477.24,0.0,13.457144,19.957144,6.1714287,60.714287,3.5142858,2.757143,3.5571427,9.014286,16.042856,9.177625e-05,0.010679871,-7.345365000000001e-25,3.7252903e-09,0.0,True
1995-05-15,477.13,10.200001,6.3285713,9.857142,3.0428574,78.1,1.6142856,1.4142857,1.6857144,8.785714,9.3714285,0.00012412667,0.0099364,-7.345365000000001e-25,0.0,0.0,True
1995-05-22,476.98,38.5,7.828572,12.514285,2.9,77.17143,1.9285715,1.7285715,2.0142858,9.542857,10.885715,0.0012745112,0.009242684,-7.345365000000001e-25,3.7252903e-09,0.0,True
1995-05-29,477.1345981693439,9.3,15.814286,21.2,9.971429,69.98572,3.1285713,2.5714285,3.357143,8.9,17.77143,0.00012848526,0.008532919,-7.345365000000001e-25,7.450581e-09,0.0,True
1995-06-05,477.4,51.1,10.685715,14.071428,7.9428573,89.78571,1.4714285,1.4571428,1.6857141,10.3714285,13.457143,0.00091575086,0.007969148,-7.345365000000001e-25,3.7252903e-09,0.0,True
1995-06-12,477.22,4.0,11.057143,15.014287,7.414286,76.35714,1.8428572,1.7428572,2.2428572,10.214286,13.6,0.00012792647,0.0076300725,-7.345365000000001e-25,0.0,0.0,True
1995-06-19,477.41,20.0,11.785714,15.514287,8.385715,83.37142,1.8285713,1.7571428,1.9857142,10.228572,13.485714,0.0003181845,0.007283777,-7.345365000000001e-25,3.7252903e-09,0.0,True
1995-06-26,477.33,13.1,14.528571,19.128572,9.67143,77.78571,2.7999997,2.5285716,3.0142858,9.785714,16.7,0.0001142472,0.0069051534,-7.345365000000001e-25,7.450581e-09,0.0,True
1995-07-03,476.77,16.0,18.157145,23.785715,11.985715,69.34286,3.9285715,3.042857,4.042857,8.7,21.314285,8.139014e-05,0.006411396,-7.345365000000001e-25,1.1175871e-08,0.0,True
1995-07-10,476.81,0.0,19.285715,24.514286,12.871429,63.77143,3.8142855,2.7714286,4.142857,8.271428,21.971428,1.1861324e-05,0.005878441,-7.345365000000001e-25,3.7252903e-09,0.0,True
1995-07-17,476.74,46.600002,19.285715,25.17143,15.385715,76.51429,3.2999997,2.614286,3.5714285,7.7285714,23.171429,0.00025589764,0.0052803457,-7.345365000000001e-25,1.4901161e-08,0.0,True
1995-07-24,476.72,16.2,18.485714,24.62857,13.242858,73.471436,3.357143,2.6857145,3.6714287,7.928571,21.757143,0.00025895238,0.004796952,-7.345365000000001e-25,7.450581e-09,0.0,True
1995-07-31,476.7848274297029,23.5,19.185715,24.7,13.771429,69.34286,3.6000001,2.8428574,3.9428573,8.185715,21.942858,7.070601e-05,0.004322782,-7.345365000000001e-25,7.450581e-09,0.0,True
1995-08-07,476.9,0.0,19.828571,25.84286,13.099999,62.3,3.8285713,2.457143,4.2571425,7.3714285,23.3,2.527237e-05,0.0038708225,-7.345365000000001e-25,9.313226e-09,0.0,True
1995-08-14,476.88,0.5,17.928572,23.914288,12.514285,62.07143,3.285714,1.9142858,3.642857,6.8714285,20.9,0.00015561283,0.0034498125,-7.345365000000001e-25,7.450581e-09,0.0,True
1995-08-21,476.84,8.8,18.1,23.800001,12.942857,70.02857,2.8428571,1.7857143,3.3999999,6.428571,20.385714,5.2392483e-05,0.0031094775,-7.345365000000001e-25,7.450581e-09,0.0,True
1995-08-28,476.79,40.7,15.785714,20.4,12.414286,80.87144,2.0285714,1.5714285,2.1,6.7,17.985714,0.00023260713,0.0028252453,-7.345365000000001e-25,1.4901161e-08,0.0,True
1995-09-04,476.77,29.4,10.142858,13.17143,7.6,85.12858,1.1999999,1.1428572,1.3000001,9.0,11.442857,0.0003925264,0.0026309192,-7.345365000000001e-25,7.450581e-09,0.0,True
1995-09-11,476.75,18.8,13.17143,17.914286,9.271429,79.828575,1.5857143,1.4714285,1.7285715,9.3,14.071428,7.042289e-05,0.0024689734,-7.345365000000001e-25,1.1175871e-08,0.0,True
1995-09-18,476.72,21.4,13.17143,18.34286,9.1285715,79.62858,1.3142856,1.1999999,1.6999999,9.428572,14.542857,0.00031343102,0.0023339987,-7.345365000000001e-25,0.0,0.0,True
1995-09-25,476.71,30.6,10.285714,13.714286,7.3857145,89.02857,0.77142864,0.7571429,0.94285715,10.1285715,11.671429,0.0004339218,0.0022326112,-7.345365000000001e-25,1.8626451e-09,0.0,True
1995-10-02,476.83,62.7,7.7714286,10.828572,4.7428575,88.828575,0.7714286,0.7571429,0.7714286,10.828571,8.342857,0.0005888194,0.0021739379,-7.345365000000001e-25,3.7252903e-09,0.0,True
1995-10-09,476.86,3.1,14.228572,19.228573,10.5,83.75715,0.98571426,0.94285715,1.1285714,10.214286,14.057143,5.0753355e-05,0.0021429956,-7.345365000000001e-25,5.5879354e-09,0.0,True
1995-10-16,476.8,0.6,12.114286,16.4,9.014285,89.12858,0.57142866,0.5,0.7714286,9.742857,13.557143,8.665025e-06,0.0021124706,-7.345365000000001e-25,3.7252903e-09,0.0,True
1995-10-23,476.81,8.599999,7.7000003,11.6,4.328572,85.92857,0.54285717,0.47142854,0.62857145,9.6285715,8.842857,3.4719706e-05,0.002089411,-7.345365000000001e-25,3.7252903e-09,0.0,True
1995-10-30,476.8056187692712,14.3,9.985715,13.2,7.142857,87.65715,0.5,0.4714286,0.59999996,9.685715,9.457143,0.00014583766,0.0020657778,-7.345365000000001e-25,1.8626451e-09,0.0,True
1995-11-06,476.9,31.099998,1.4571428,3.9857142,-0.8285714,84.057144,0.35714287,0.34285712,0.42857143,10.642858,3.557143,0.0002712384,0.0020491034,0.0009353218,5.5311248e-05,0.0030760802,True
1995-11-13,476.86,6.5,4.1,6.457143,1.7571429,86.38572,0.27142859,0.27142859,0.44285712,10.3714285,2.8,0.00013402104,0.0020451173,0.0012805632,0.0032410324,0.00055493414,True
1995-11-20,476.84,41.6,1.9285715,4.714286,-0.2857143,91.52857,0.24285717,0.24285717,0.34285715,10.857142,3.0,0.0003777519,0.0020618439,0.0028972796,0.00031383336,0.010958895,True
1995-11-27,476.81,1.1,-0.31428573,2.8857143,-2.8714287,86.5,0.114285715,0.14285715,0.17142858,10.457143,0.6571429,0.00011751056,0.002123788,0.0077369385,0.005734561,4.440546e-06,True
1995-12-04,476.87,2.9,-2.9428573,-1.4,-4.0285716,94.57143,0.0,0.0,0.2,10.2,-0.22857143,1.7628074e-05,0.0022097751,0.0042507253,0.00083805807,0.0013621114,True
1995-12-11,476.91,0.6,-3.4,-1.5285715,-5.8,90.957146,0.014285714,0.014285714,0.20000002,10.2,-0.9714286,2.5957823e-05,0.0022954196,0.0049734456,0.0010406803,0.00071608275,True
1995-12-18,476.9,4.3,-3.414286,-1.5571429,-4.957143,92.38572,0.014285714,0.014285714,0.22857143,10.285714,-0.87142855,2.2925436e-05,0.0023648515,0.0076928535,0.00019356236,0.004808724,True
1995-12-25,476.86,65.0,0.4571428,3.4,-2.1285713,93.12858,0.15714286,0.15714286,0.25714287,11.142858,0.17142858,0.0020104945,0.0028014705,0.0113863945,0.021711595,0.01854571,True
1996-01-01,477.03,4.0,-6.514286,-3.257143,-9.328572,82.4,0.0,0.0,0.14285715,10.633333,-1.1,6.4074993e-07,0.0028413162,0.007675205,0.0,0.0032566488,True
1996-01-08,477.05,0.8,-4.6142855,-1.6714287,-7.9857144,87.17143,0.028571429,0.028571429,0.14285715,10.3,-1.5714285,3.1523407e-05,0.0032753274,0.00916254,0.00125256,0.00024693832,True
1996-01-15,477.02,0.0,-0.11428572,3.1714287,-2.2571428,92.37144,0.14285715,0.14285715,0.12857144,10.242857,-0.042857144,0.00011450052,0.0035484806,0.0054735625,0.0046749264,8.72463e-06,True
1996-01-22,477.01,0.0,-5.057143,-2.5428574,-6.914286,89.78571,0.0,0.0,0.25714287,10.114285,-2.1,7.495284e-06,0.003718771,0.0033443768,0.00033728778,0.00012878329,True
1996-01-29,476.85598888698536,0.1,-8.314286,-5.9714284,-10.6,86.8,0.0,0.0,0.32857147,10.157143,-4.4714284,2.2351742e-07,0.0038205534,0.0039481777,0.0,0.002343528,True
1996-02-05,476.75,2.6,-4.957143,-0.5142857,-8.442858,77.21429,0.10000001,0.10000001,0.3,10.114285,-2.0714285,7.838011e-06,0.0038598329,0.005588128,0.00033823214,0.003661234,True
1996-02-12,476.75,28.3,-5.9857144,-2.4857144,-9.957144,83.314285,0.08571429,0.08571429,0.35714287,10.242857,-2.3428571,2.3841858e-05,0.003858991,0.0074851117,0.00076456554,0.007203914,True
1996-02-19,476.71,42.2,-0.78571427,0.6714286,-2.1000001,91.314285,0.25714287,0.25714287,0.4714286,11.171429,-0.014285714,0.0001636669,0.0038426444,0.0257117,0.0028111916,0.02914406,True
1996-02-26,476.69,6.2,-4.071429,-0.61428577,-7.471429,81.21429,0.31428573,0.29999998,0.55714285,10.657143,-0.014285714,0.000178352,0.0038170516,0.040813196,0.008330505,0.003985252,True
1996-03-04,476.74,2.2,-1.3571428,3.4285715,-4.542857,74.314285,0.5,0.44285712,0.8142857,10.014286,0.08571429,0.00039073825,0.0038055778,0.023360929,0.014483748,0.00422284,True
1996-03-11,476.73,8.3,-2.2285714,0.9571429,-4.9,77.08571,0.42857143,0.42857143,0.8000001,10.028571,0.042857144,2.8640032e-05,0.0038738325,0.02307616,0.0011558272,0.0072383843,True
1996-03-18,476.7,0.1,-2.0857143,0.27142859,-4.614286,88.04286,0.3285714,0.31428573,0.64285713,9.985714,0.028571429,0.00035710633,0.003944494,0.020330679,0.014243541,0.0035034865,True
1996-03-25,476.69,4.5,3.6285713,7.928571,0.41428572,85.74286,0.81428576,0.7571429,1.0,9.8714285,2.1142857,0.0003400594,0.0040447637,0.0035145567,0.009892669,2.8312206e-07,True
1996-04-01,476.83,10.9,-0.81428576,3.0,-3.557143,74.62858,0.7285714,0.71428573,1.1285714,10.071428,1.6,0.000114530325,0.0043083653,0.0026907807,0.00096580945,0.007399518,True
1996-04-08,476.77,7.5999994,2.1000001,5.3285713,-1.3142856,87.52857,0.8000001,0.7428571,1.1,9.971429,2.6571429,0.00028793514,0.0045446306,0.006398899,0.011497637,0.006691713,True
1996-04-15,476.83,0.5,2.6571429,7.014286,-0.9714286,76.5,1.042857,0.9142857,1.3000001,9.657143,4.4714284,0.00014176965,0.0046793595,0.00064735755,0.0012415089,0.0011940897,True
1996-04-22,476.83,0.0,12.542857,20.085714,4.5285716,46.31429,3.5714285,2.7142856,3.542857,8.742857,12.171429,8.203089e-06,0.0047061145,7.145178e-05,0.00042586587,0.0,True
1996-04-29,476.7998169212009,29.9,11.357142,17.157145,5.871429,68.35714,2.5571427,2.1285715,2.7,8.1,13.671429,0.00024715066,0.0045679584,-7.345365000000001e-25,7.0780516e-08,0.0,True
1996-05-06,476.88,17.6,8.385715,12.728572,4.2428575,78.42857,1.7285715,1.4857142,1.9,8.214286,10.8,0.00025045872,0.004474506,-7.345365000000001e-25,0.0,0.0,True
1996-05-13,476.8,5.7,5.785714,7.7571435,4.142857,92.814285,0.82857144,0.7428571,1.0571429,8.514286,7.8142858,6.66976e-05,0.0043855086,3.9055235e-06,2.225861e-05,2.182275e-05,True
1996-05-20,476.77,25.8,10.485715,14.828572,7.414286,85.98572,1.7571428,1.7,1.8142856,9.057143,12.328571,0.00035519898,0.004280746,-7.345365000000001e-25,1.2665987e-07,0.0,True
1996-05-27,476.86,47.5,11.071428,15.385715,6.785714,78.47143,2.3285713,2.2714286,2.1142857,9.6,12.657143,0.00035446882,0.0041261017,-7.345365000000001e-25,7.450581e-09,0.0,True
1996-06-03,476.85,5.4,13.371429,18.114286,8.085714,73.557144,2.7142856,2.3285716,2.9714284,9.385715,15.485714,0.00012305379,0.0039608553,-7.345365000000001e-25,0.0,0.0,True
1996-06-10,476.82,0.4,19.9,25.728573,12.17143,64.9,4.157143,3.242857,4.928571,8.3714285,21.942858,8.6560845e-05,0.0037620068,-7.345365000000001e-25,7.450581e-09,0.0,True
1996-06-17,476.81,0.2,15.2,21.071428,9.314286,66.65715,3.7285717,2.4857142,4.1,7.3285713,20.5,1.0296702e-05,0.0035158545,-7.345365000000001e-25,0.0,0.0,True
1996-06-24,476.81,15.6,10.67143,14.242858,8.114285,77.5,2.0,1.3285713,2.2,6.9714284,14.214286,0.0001155138,0.0032795668,-7.345365000000001e-25,0.0,0.0,True
1996-07-01,476.78,49.6,12.871429,17.242857,8.028571,78.814285,2.2428572,1.742857,2.2714286,7.285714,14.985714,0.00014038384,0.003086947,-7.345365000000001e-25,7.450581e-09,0.0,True
1996-07-08,476.81,90.3,12.685715,16.842857,9.385715,82.48572,2.3,2.0714288,2.142857,8.657143,14.842857,0.0009264201,0.0029108077,-7.345365000000001e-25,1.1175871e-08,0.0,True
1996-07-15,476.84,8.2,15.17143,19.557144,10.814285,78.21429,2.5,2.357143,2.7142856,10.114285,16.971428,0.00021140277,0.0027714074,-7.345365000000001e-25,3.7252903e-09,0.0,True
1996-07-22,476.83,0.0,12.614286,17.800001,6.514286,66.87143,2.9285715,2.2142856,3.3,8.857142,17.542856,2.6524067e-06,0.0026335567,-7.345365000000001e-25,0.0,0.0,True
1996-07-29,476.9218554066152,50.0,16.442858,21.828571,11.585715,77.41429,2.6857142,2.4142857,2.9428573,8.657143,18.72857,0.00020082295,0.0024839193,-7.345365000000001e-25,1.1175871e-08,0.0,True
1996-08-05,476.93,1.8,16.0,21.242859,10.957144,71.54286,2.8142858,2.2714286,3.2,8.471429,19.414286,4.1246414e-05,0.0023461506,-7.345365000000001e-25,7.450581e-09,0.0,True
1996-08-12,476.93,29.199999,16.514286,21.642857,11.828572,76.37144,2.357143,1.9,2.7428572,7.9714284,19.3,0.00040902197,0.0022070631,-7.345365000000001e-25,1.1175871e-08,0.0,True
1996-08-19,476.86,17.5,15.400001,19.814285,11.7,81.62858,1.9857143,1.8000001,2.4142857,9.442857,17.428572,0.00014016032,0.002101414,-7.345365000000001e-25,0.0,0.0,True
1996-08-26,476.83,3.6,16.87143,22.314287,12.857142,76.14286,2.257143,1.9285713,2.7857144,8.8714285,19.27143,0.00017549098,0.0019923598,-7.345365000000001e-25,7.450581e-09,0.0,True
1996-09-02,476.95,19.400002,12.014287,15.728572,9.2,83.542854,1.4142857,1.3285714,1.6428572,9.585714,14.228572,0.00023441762,0.0019082427,-7.345365000000001e-25,3.7252903e-09,0.0,True
1996-09-09,476.95,13.900001,10.314286,15.271429,6.4000006,78.22858,1.4714285,1.3000001,1.8714286,9.385715,12.928572,5.2168965e-05,0.0018335059,-7.345365000000001e-25,0.0,0.0,True
1996-09-16,476.84,35.0,8.257143,11.400001,5.571429,86.52857,0.88571435,0.8428572,1.1,9.957143,9.985714,0.00026126206,0.0017744601,-7.345365000000001e-25,1.8626451e-09,0.0,True
1996-09-23,476.82,6.7,7.928571,10.228571,5.714286,88.442856,0.7,0.6714286,0.9857143,9.842857,8.9,0.00013270229,0.0017264187,-7.345365000000001e-25,3.7252903e-09,0.0,True
1996-09-30,476.7271868607714,4.0,9.728572,12.485715,6.357143,87.614296,0.64285713,0.6,0.8428572,9.771428,9.742857,7.249415e-05,0.0016912296,-7.345365000000001e-25,5.5879354e-09,0.0,True
1996-10-07,476.68,11.2,8.0,12.328572,4.5,86.38572,0.6714286,0.65714294,0.88571423,9.957143,8.957143,8.4742904e-05,0.00165914,-7.345365000000001e-25,1.8626451e-09,0.0,True
1996-10-14,476.65,0.7,9.385715,13.442858,6.4428573,86.12858,0.55714285,0.5285714,0.7714286,9.714286,9.971429,2.4110079e-05,0.0016336292,-7.345365000000001e-25,3.7252903e-09,0.0,True
1996-10-21,476.61,61.699997,8.385715,11.0,5.857143,90.25715,0.4571429,0.4714286,0.5428571,10.728572,8.4,0.0015257001,0.0018390268,-7.345365000000001e-25,5.5879354e-09,0.0,True
1996-10-28,476.58,19.1,6.7714286,10.557143,3.3857143,82.08572,0.61428577,0.61428577,0.5714286,10.8,6.714286,0.00015720725,0.0016475841,-7.345365000000001e-25,3.7252903e-09,0.0,True
1996-11-04,476.67,31.6,7.7571435,10.242857,5.514286,82.97143,0.61428577,0.61428577,0.67142856,10.842857,6.885714,0.00024577975,0.0017490983,-7.345365000000001e-25,5.5879354e-09,0.0,True
1996-11-11,476.63,23.199999,6.142857,8.685715,3.3714287,83.90001,0.51428574,0.5285714,0.55714285,10.714286,5.3,0.00025063753,0.0019005984,1.2204761e-06,8.609146e-06,8.866191e-06,True
1996-11-18,476.65,26.3,2.6857145,5.0285716,1.0285714,92.48572,0.17142858,0.17142858,0.34285715,10.8,3.057143,0.00051653385,0.0021229386,0.00031893593,0.0005276613,0.0021034628,True
1996-11-25,476.62,23.5,0.0,1.9285715,-1.4571428,84.72858,0.22857144,0.24285717,0.3,10.814285,0.8428571,0.00016151369,0.002491869,0.005290457,0.0027042218,0.010636691,True
1996-12-02,476.63,41.0,-0.41428572,0.8000001,-1.957143,93.34286,0.12857144,0.12857144,0.27142859,10.8714285,0.3,0.00013270229,0.0028670058,0.015889775,0.003290465,0.019609403,True
1996-12-09,476.6,0.8,-0.61428565,1.8428572,-2.2,89.24286,0.14285715,0.14285715,0.29999998,10.6,0.62857145,0.00021545589,0.0031703636,0.019066129,0.008809045,0.00028080493,True
1996-12-16,476.61,12.4,-2.1142857,0.6857143,-5.457143,94.57143,0.028571429,0.057142857,0.21428572,10.3714285,-0.042857144,0.00012236089,0.0034612194,0.01687608,0.003637839,0.008075491,True
1996-12-23,476.83,15.4,-3.4857142,-0.2857142,-5.9857144,87.40001,0.042857144,0.042857144,0.24285714,10.7,-0.1,0.00037837774,0.0037473664,0.020544909,0.0077011418,0.007979371,True
1996-12-30,477.0464145135562,1.2,-11.485715,-7.6857147,-14.985715,79.48572,0.0,0.0,0.15714286,10.342857,-1.3714286,0.0,0.004175395,0.020367844,0.0,0.0019168109,True
1997-01-06,477.26,1.5,-10.942858,-8.585714,-13.971429,89.85714,0.0,0.0,0.20000002,10.3,-1.2,0.0,0.0045045167,0.02247992,0.0,0.0047187135,True
1997-01-13,477.24,0.9,-7.4000006,-4.7571435,-10.142858,90.94286,0.014285714,0.014285714,0.114285715,10.3,-0.17142858,0.0,0.0046641305,0.024986794,0.0,0.0003396161,True
1997-01-20,477.19,7.6,-1.4285715,2.9714284,-5.3142858,81.11428,0.20000002,0.20000002,0.22857143,10.214286,-0.08571429,0.00013239682,0.0047021583,0.023079816,0.0050004236,0.0027820058,True
1997-01-27,477.2,8.6,0.4428572,2.7,-1.7571429,91.64286,0.12857144,0.14285715,0.22857143,10.328571,0.057142857,0.0003426522,0.004696563,0.017204659,0.0115092285,0.005757183,True
1997-02-03,477.14,2.0,-1.8285714,0.44285718,-4.114286,82.700005,0.1,0.114285715,0.27142859,10.271428,-0.042857144,1.8849969e-05,0.0047611445,0.017381776,0.0008501336,0.0023225024,True
1997-02-10,477.13,11.099999,2.0428572,4.3,-0.68571424,83.17143,0.45714286,0.45714286,0.37142855,10.442857,0.24285714,0.00044565648,0.004843347,0.020191096,0.018230226,0.009924658,True
1997-02-17,477.27,37.100002,1.9857143,5.0285716,-0.82857144,82.957146,0.65714294,0.65714294,0.5142857,10.885715,1.4,0.0015296713,0.006011188,0.008275549,0.010192322,0.0112033,True
1997-02-24,477.46,38.8,4.785714,7.2000003,1.7714287,81.07143,0.9285714,0.94285715,0.7571429,10.942857,2.857143,0.0014983565,0.0073698983,0.0045581204,0.011629421,0.0024881177,True
1997-03-03,477.8,46.2,6.142857,10.214286,2.914286,78.08572,1.3,1.3142856,0.94285715,11.1,5.214286,0.0017495155,0.0112785995,9.721801e-05,0.00046109408,0.00033143908,True
1997-03-10,477.7,1.4,5.785714,11.142858,1.7857143,81.314285,0.95714283,0.8714286,0.9285714,10.157143,6.1571426,0.00018031895,0.012663268,1.4418647e-06,7.2196126e-06,0.0,True
1997-03-17,477.54,43.2,6.2714286,10.242858,2.8142858,84.01429,0.85714287,0.78571427,0.9285714,10.014286,6.6,0.0004087314,0.012673475,8.798781e-07,3.9115548e-08,3.470853e-05,True
1997-03-24,477.59,16.9,1.1142857,4.214286,-1.7285715,87.97143,0.48571426,0.5,0.67142856,10.771428,2.5142858,0.00030947477,0.01240176,0.0030519962,0.0035848524,0.009158563,True
1997-03-31,477.57676151557393,18.9,5.1,8.942858,1.8000001,79.37144,1.3285714,1.3285713,1.2714285,10.4,5.0857143,0.0004363507,0.012154765,0.0019260645,0.007900458,0.0031378195,True
1997-04-07,477.54,27.9,4.1,9.928572,-0.37142855,73.5,1.5428572,1.457143,1.6428572,10.171429,6.3285713,0.00028304756,0.011832967,0.0017071224,0.0042750873,0.006901026,True
1997-04-14,477.49,2.9,4.6714287,9.971429,-0.85714287,66.78571,1.7571428,1.5428572,1.8857143,9.742857,6.385714,0.0001282841,0.011402532,0.0008079154,0.0029787086,6.425381e-05,True
1997-04-21,477.4,0.5,2.3142858,7.414286,-2.1857142,65.12858,1.6714286,1.3714286,1.8428571,9.242857,5.4714284,5.6907535e-05,0.0108594075,0.0004928396,0.0011887904,0.0014426447,True
1997-04-28,477.41,17.2,7.371429,11.5,2.8285713,72.15714,1.8000001,1.5142858,1.9857142,8.814285,8.571428,0.00020368397,0.0101478845,3.9191473e-05,0.00015024468,4.8205256e-06,True
1997-05-05,477.32,16.1,11.428572,15.842857,7.557143,76.200005,2.3,1.9857143,2.2285714,9.142858,12.485714,0.00024226308,0.00942266,-7.345365000000001e-25,1.5646219e-07,0.0,True
1997-05-12,477.34,17.0,8.814286,13.757143,4.042857,71.91429,2.3142855,2.1,2.2285714,9.1,10.528571,0.00022029132,0.008682571,0.00027003174,0.0013103783,0.00132934,True
1997-05-19,477.24,6.6,17.285715,23.428572,11.457144,68.65714,3.5142858,2.642857,3.7142856,8.185715,19.385714,0.00014667213,0.007922448,5.676633e-08,1.1064112e-06,0.0,True
1997-05-26,477.25,14.4,10.057143,14.542857,5.585714,72.21429,2.385714,1.8571427,2.457143,8.085714,13.742857,0.00023648143,0.0071958452,-7.345365000000001e-25,7.450581e-09,0.0,True
1997-06-02,477.15,1.0,9.471429,14.057143,4.257143,67.54286,2.6,1.5428572,2.7428572,7.6,12.885715,4.42788e-05,0.006554343,-7.345365000000001e-25,0.0,0.0,True
1997-06-09,477.14,2.2,16.042858,22.128572,8.8,58.157143,3.8571427,1.8285714,4.3,6.8,18.4,1.2256205e-05,0.0058909133,-7.345365000000001e-25,7.450581e-09,0.0,True
1997-06-16,477.13,24.3,16.9,22.214285,11.542857,66.78571,3.4714284,1.7714285,3.6571429,6.357143,19.62857,0.00018256903,0.0051976666,-7.345365000000001e-25,3.7252903e-09,0.0,True
1997-06-23,477.13,31.2,11.785714,15.5,7.971429,79.64286,2.1571429,1.7571428,2.1,6.957143,14.657143,0.00041626394,0.0046924576,-7.345365000000001e-25,7.450581e-09,0.0,True
1997-06-30,477.06663441010585,27.400002,14.085714,19.014286,9.957144,77.78571,2.7,2.3714287,2.6857142,8.028571,16.27143,0.00019291043,0.004295878,-7.345365000000001e-25,7.450581e-09,0.0,True
1997-07-07,477.03,12.6,14.542857,18.714285,10.971429,78.21429,2.457143,2.2,2.7142856,8.314285,17.0,0.00024242699,0.0039454997,-7.345365000000001e-25,1.1175871e-08,0.0,True
1997-07-14,477.04,19.4,16.814287,22.17143,11.6285715,70.57143,3.0,2.2857146,3.542857,7.9,19.971428,5.249679e-05,0.0036438778,-7.345365000000001e-25,0.0,0.0,True
1997-07-21,477.03,18.300001,14.985715,18.857143,12.214286,86.47143,1.9285716,1.857143,2.1857142,8.928572,17.714285,0.0013714284,0.0033717975,-7.345365000000001e-25,7.450581e-09,0.0,True
1997-07-28,477.03,20.3,15.971429,20.571428,11.914286,78.700005,2.3714287,2.2999997,2.7,10.114285,18.571428,0.0012412593,0.00320708,-7.345365000000001e-25,1.1175871e-08,0.0,True
1997-08-04,477.02,17.0,16.300001,21.47143,11.67143,76.02857,2.3999999,2.142857,2.7428572,9.6285715,18.957144,0.00013673306,0.0030815154,-7.345365000000001e-25,3.7252903e-09,0.0,True
1997-08-11,476.98,0.1,18.657145,24.357143,12.742858,66.01429,3.4714284,2.7000003,3.9714284,8.742857,21.585714,0.00047574937,0.0029574558,-7.345365000000001e-25,1.4901161e-08,0.0,True
1997-08-18,476.97,0.9,19.285715,25.157145,13.771429,63.657143,3.1285713,2.1999998,3.7,7.642857,22.042856,1.9691885e-05,0.0027915835,-7.345365000000001e-25,5.5879354e-09,0.0,True
1997-08-25,476.96,1.6,19.857143,25.814287,15.042857,71.828575,2.542857,1.6714284,3.142857,7.285714,21.72857,0.0003271848,0.002651669,-7.345365000000001e-25,7.450581e-09,0.0,True
1997-09-01,476.95,12.8,17.057142,23.585714,12.571428,75.457146,2.3,1.8428571,2.6571429,7.614286,19.571428,0.00083467364,0.002525501,-7.345365000000001e-25,5.5879354e-09,0.0,True
1997-09-08,476.93,1.6,16.214285,20.97143,12.457144,77.04286,1.6714286,1.2571429,2.0571427,7.4142857,18.457144,0.00018893182,0.00242237,-7.345365000000001e-25,3.7252903e-09,0.0,True
1997-09-15,476.95,10.5,11.742858,17.528572,6.514286,68.35714,1.7857143,1.3714286,2.0571427,7.242857,13.857142,0.0001847744,0.002336122,-7.345365000000001e-25,3.7252903e-09,0.0,True
1997-09-22,476.91,0.0,11.5,18.728573,5.2571435,67.74286,1.6571429,1.0428572,2.0857143,6.857143,14.142858,1.7285347e-06,0.0022498816,-7.345365000000001e-25,1.8626451e-09,0.0,True
1997-09-29,476.9983047021614,0.2,11.271429,18.9,4.8,71.22857,1.3857143,0.6999999,1.8000001,6.428571,13.785714,1.2218952e-06,0.0021671578,-7.345365000000001e-25,1.8626451e-09,0.0,True
1997-10-06,476.92,7.7,11.142858,15.17143,7.1285715,79.91429,0.8714286,0.61428577,1.0714285,6.614286,11.271428,0.00011305511,0.002096966,-7.345365000000001e-25,5.5879354e-09,0.0,True
1997-10-13,476.92,59.4,10.900001,14.271429,8.671429,83.25715,1.0714285,0.9857144,1.0,8.057143,11.042857,0.0005759299,0.002033703,-7.345365000000001e-25,1.3038516e-08,0.0,True
1997-10-20,476.93,10.5,5.8428574,10.428572,2.6142857,84.5,0.5857143,0.5428571,0.6571428,9.071428,6.8428574,6.566942e-05,0.0019921064,-7.345365000000001e-25,0.0,0.0,True
1997-10-27,476.91,6.3,1.3142859,5.5285716,-1.6714287,79.44286,0.4571429,0.4,0.5857143,8.814285,3.3428571,5.558133e-05,0.0019616112,3.9316357e-05,5.5395067e-06,0.00027285516,True
1997-11-03,476.87,0.0,0.5285715,5.457143,-3.8428574,75.92857,0.37142858,0.31428573,0.5285714,8.771428,1.2428571,6.5863132e-06,0.0019370914,0.00016353812,0.0001862552,3.7252903e-06,True
1997-11-10,476.91,13.7,6.4428573,9.842857,3.0,76.65715,0.51428574,0.4857143,0.6857143,8.814285,4.1571426,0.00022938848,0.0019151419,2.007825e-05,6.413646e-05,0.0,True
1997-11-17,476.88,30.8,3.3714287,5.9428573,1.0714287,89.98572,0.22857144,0.21428573,0.34285715,9.385715,3.5,0.0005288571,0.0019012243,1.0104407e-06,2.561137e-06,9.505078e-06,True
1997-11-24,476.88,2.0,0.11428571,2.6571429,-2.2857144,87.44286,0.11428572,0.11428572,0.22857143,9.457143,0.31428573,9.357929e-06,0.0019205511,6.4089186e-06,6.4019114e-06,2.8535724e-06,True
1997-12-01,476.9,12.1,1.9428571,4.0,-0.057142872,92.47143,0.15714286,0.15714286,0.25714287,9.471429,1.3857143,7.89389e-05,0.0019659847,0.000120418415,2.2066757e-05,0.0015710145,True
1997-12-08,476.89,8.599999,-1.2142857,0.09999999,-3.3714287,91.37144,0.042857144,0.057142857,0.18571427,10.1285715,0.17142858,4.6528876e-05,0.0020110756,0.0146552045,0.0016857311,0.018962566,True
1997-12-15,476.92,58.1,2.7428572,5.057143,1.1142857,92.41429,0.24285714,0.25714284,0.31428573,10.985714,2.357143,0.0022610575,0.0023866445,0.005491637,0.019313056,0.005336307,True
1997-12-22,476.93,2.8,-2.3714287,0.14285716,-4.914286,88.314285,0.028571429,0.042857144,0.22857143,10.6285715,-0.14285715,4.5731664e-05,0.0027881488,0.005910436,0.001065053,0.0036286227,True
1997-12-29,476.9288377808375,31.1,3.357143,5.2000003,1.5428572,90.0,0.34285712,0.35714287,0.31428573,10.7,1.5571429,0.00047126412,0.0033742264,0.0029229096,0.008800978,0.0035095215,True
1998-01-05,477.06,29.0,3.6571429,5.5,1.5285714,84.21429,0.15,0.15,0.47142857,10.6,0.75,0.0005904138,0.003995113,0.0014143671,0.0033744331,0.0008639656,True
1998-01-12,477.12,5.3,5.457143,8.814286,2.5142858,77.01428,0.61428577,0.61428577,0.45714286,10.571428,2.9714286,0.00030860305,0.0049848184,0.0006380989,0.0025674738,0.0019055605,True
1998-01-19,477.14,32.2,2.9428573,5.557143,0.7571429,81.85714,0.4571429,0.4571429,0.37142858,10.328571,1.7571429,0.00040242076,0.006135732,0.001255586,0.0018639285,0.011580471,True
1998-01-26,477.14,14.0,-3.6571429,-1.1,-5.357143,92.34286,0.014285714,0.014285714,0.31428573,10.771428,0.17142858,2.8312206e-07,0.0069069937,0.016729333,0.0,0.010738559,True
1998-02-02,477.14,6.1000004,-7.357143,-2.4857144,-12.599999,79.1,0.0,0.0,0.22857143,10.3,-0.3,0.0,0.0073456094,0.021059008,0.0,0.0040514693,True
1998-02-09,477.09,3.1,-1.7142857,2.0428574,-5.5428576,76.42857,0.31428573,0.29999998,0.34285715,10.242857,-0.24285714,0.00013801455,0.0074088126,0.020303244,0.007096125,0.0021793097,True
1998-02-16,477.05,8.2,7.4,10.814285,4.0,71.27143,0.90000004,0.7857143,0.7428571,9.914286,2.8285713,0.00034403056,0.0073591024,0.0052999714,0.015234824,0.0,True
1998-02-23,477.11,11.799999,5.428571,9.642858,2.5142858,79.685715,0.8285714,0.7428571,0.71428573,9.8714285,4.6857142,0.0003195107,0.0073105767,5.0771803e-05,0.00018397346,5.3346157e-06,True
1998-03-02,477.16,13.3,4.4428573,6.914286,1.8142859,87.057144,0.5857143,0.55714285,0.5857143,10.1285715,3.9857142,0.00022381544,0.007331215,0.00046342326,0.0011713877,0.0026462488,True
1998-03-09,477.23,51.899998,4.2571425,7.914286,1.0142858,80.48572,1.2142856,1.1999999,1.0285714,10.928572,4.114286,0.0021840185,0.007842481,0.0013236773,0.0059969667,0.0063142814,True
1998-03-16,477.37,8.7,1.7714285,4.071429,-1.0285715,81.51429,0.5714286,0.5714286,0.7571429,10.5,1.9285715,0.00039947033,0.010404572,0.0027686073,0.0041402914,0.0031802617,True
1998-03-23,477.27,11.5,1.8571428,4.785714,-0.29999998,74.17143,0.8000001,0.7714286,0.9714286,10.242857,3.0285714,0.0001232624,0.011779547,0.0013599112,0.00090481713,0.0066334866,True
1998-03-30,477.2445236205783,0.2,5.085715,10.728572,-0.58571434,66.957146,1.5142858,1.2857143,1.7142857,9.9,5.4857144,0.00012600422,0.011944599,0.00258276,0.0056825876,0.00039558113,True
1998-04-06,477.18,21.2,9.3,14.142858,5.9000006,78.17143,1.5857142,1.4285715,1.4857142,9.657143,9.785714,0.00032486022,0.011552975,8.543332e-06,8.133054e-05,0.0,True
1998-04-13,477.2,23.6,5.3857145,9.885714,1.6285714,76.1,1.4,1.357143,1.3857143,10.071428,6.8714285,0.0005437434,0.011139028,4.0826344e-05,0.00025730208,0.00025170296,True
1998-04-20,477.18,12.0,5.071429,8.900001,0.61428565,74.07143,1.4,1.2571428,1.4571428,9.6,6.5,0.00027255714,0.010776952,3.7925583e-05,0.00014184788,0.00014949217,True
1998-04-27,477.15,18.5,10.900001,15.842857,5.8142858,73.11429,2.1285713,1.8714286,2.1,9.271428,12.042857,0.0018835217,0.010316573,6.2442965e-08,1.2181699e-06,0.0,True
1998-05-04,477.14,34.0,9.885715,14.142858,6.7285714,83.471436,1.5857142,1.4857141,1.8857143,9.6285715,12.357142,0.0016986281,0.009854823,-7.345365000000001e-25,0.0,0.0,True
1998-05-11,477.15,0.9,13.928572,19.257143,7.6857147,65.22857,2.9857142,2.3857143,3.1857142,9.171429,14.785714,3.015995e-05,0.0094843805,-7.345365000000001e-25,3.7252903e-09,0.0,True
1998-05-18,477.15,0.0,13.771429,19.671429,7.2000003,62.04286,3.6714284,2.4285715,3.8999999,7.7714286,17.942858,1.1965632e-05,0.008825652,-7.345365000000001e-25,3.7252903e-09,0.0,True
1998-05-25,477.12,10.4,10.1285715,14.285714,5.9857144,75.64286,2.0285714,1.2,2.3285716,7.0285716,13.857142,9.638071e-05,0.008103371,-7.345365000000001e-25,0.0,0.0,True
1998-06-01,477.08,15.7,14.328572,19.057144,10.014285,80.42857,2.5142858,1.9571428,2.7571428,7.1857142,17.028572,0.0018166751,0.0074330345,-7.345365000000001e-25,3.7252903e-09,0.0,True
1998-06-08,477.05,12.5,18.357143,23.600002,12.428572,65.75714,3.7142854,3.0000002,3.8285713,7.6,20.385714,0.00011588633,0.006786503,-7.345365000000001e-25,7.450581e-09,0.0,True
1998-06-15,477.03,22.6,12.228572,16.842857,7.9857144,77.25715,2.1714287,1.8857144,2.4571426,8.085714,15.6,0.00040625036,0.006238006,-7.345365000000001e-25,3.7252903e-09,0.0,True
1998-06-22,476.98,20.3,15.685715,20.014286,11.014285,76.24286,2.9142857,2.5571427,2.8999999,8.385715,17.585714,0.00045616925,0.005842909,-7.345365000000001e-25,7.450581e-09,0.0,True
1998-06-29,476.96868784966045,5.1,16.685715,21.100002,12.057143,69.97143,3.114286,2.4714286,3.1714284,7.6857142,19.87143,8.4377825e-05,0.0054592118,-7.345365000000001e-25,7.450581e-09,0.0,True
1998-07-06,476.93,16.2,14.014287,18.2,10.7,77.971436,2.1857142,1.6571429,2.2285714,7.4142857,16.671429,0.0002857074,0.0050897077,-7.345365000000001e-25,3.7252903e-09,0.0,True
1998-07-13,476.94,57.0,12.742858,16.128572,9.914286,86.557144,1.8142856,1.6714287,1.5142858,8.5,14.242857,0.00044448674,0.0048219264,-7.345365000000001e-25,1.1175871e-08,0.0,True
1998-07-20,476.94,12.299999,15.471429,19.957144,10.071428,73.24286,2.8714283,2.4142857,2.9142857,8.414286,17.014286,0.00013589859,0.0045869946,-7.345365000000001e-25,3.7252903e-09,0.0,True
1998-07-27,476.93,21.5,18.514286,24.685715,14.085715,71.54286,3.2142856,2.5000002,3.5,7.457143,21.542856,0.00010308623,0.0043018833,-7.345365000000001e-25,7.450581e-09,0.0,True
1998-08-03,476.93,38.100002,15.185715,19.9,11.742858,79.24286,2.2714286,1.9857143,2.4428573,7.8142858,17.957144,0.0003799498,0.004055321,-7.345365000000001e-25,9.313226e-09,0.0,True
1998-08-10,476.94,1.2,18.542858,24.857143,11.228572,62.728573,3.457143,2.085714,3.9285715,7.2,20.6,9.37283e-06,0.0038152784,-7.345365000000001e-25,1.1175871e-08,0.0,True
1998-08-17,476.93,0.0,20.285715,27.214285,13.214286,57.342857,3.5714283,1.6999999,4.0285716,6.285714,22.014286,7.942319e-05,0.003529273,-7.345365000000001e-25,7.450581e-09,0.0,True
1998-08-24,476.95,39.0,14.571428,19.657145,10.271429,73.057144,2.2714286,1.2571429,2.4142857,6.614286,17.185715,0.0002066642,0.0032745749,-7.345365000000001e-25,1.1175871e-08,0.0,True
1998-08-31,476.9528357810793,12.0,10.328572,14.5,7.471429,80.971436,1.2714285,1.1142857,1.5142858,8.257143,12.114285,0.0001335442,0.0030900836,-7.345365000000001e-25,1.8626451e-09,0.0,True
1998-09-07,476.91,43.7,14.042857,17.028572,10.842857,85.84286,1.1999999,1.1142857,1.3857143,8.685715,14.928572,0.00060158223,0.0029336214,-7.345365000000001e-25,3.7252903e-09,0.0,True
1998-09-14,476.94,76.2,12.214286,15.114286,10.1285715,86.84286,1.1714286,1.1571429,1.1571429,9.428572,13.4,0.001466468,0.0032134056,-7.345365000000001e-25,1.3038516e-08,0.0,True
1998-09-21,477.03,62.899998,9.685715,13.571428,6.3,85.02857,1.1428572,1.1428572,1.2857143,10.8714285,10.785714,0.002243802,0.0037541762,-7.345365000000001e-25,3.7252903e-09,0.0,True
1998-09-28,477.4,2.3,12.300001,17.457144,8.114286,81.38572,1.1428571,1.0285714,1.4857142,9.857142,13.728572,7.532537e-05,0.0033851266,-7.345365000000001e-25,5.5879354e-09,0.0,True
1998-10-05,477.3,45.699997,7.614286,10.757143,5.1857147,94.38572,0.4571429,0.4571429,0.71428573,10.742857,9.4,0.0011193454,0.0036845505,8.083525e-06,3.8832426e-05,3.984943e-05,True
1998-10-12,477.21,44.5,7.014286,8.6285715,5.7714286,92.64286,0.5285715,0.5285715,0.6,11.3,7.4857144,0.001780279,0.0064224154,1.6462235e-07,2.136454e-06,0.0,True
1998-10-19,477.33,22.3,8.671429,12.642858,5.2714286,83.87144,0.75714284,0.7428571,0.74285716,10.928572,8.7,0.00023764372,0.0066058487,-7.345365000000001e-25,7.450581e-09,0.0,True
1998-10-26,477.44,56.3,7.7428575,10.742858,4.9428573,82.67143,0.88571435,0.85714287,0.7428571,10.842857,7.3714285,0.0025642663,0.009500191,-7.345365000000001e-25,9.313226e-09,0.0,True
1998-11-02,477.78,98.1,5.0428576,7.7000003,3.0,88.64286,0.7571429,0.7571429,0.5428571,11.828571,4.714286,0.0062845945,0.016046867,1.448109e-05,3.6558136e-05,0.00013304502,True
1998-11-09,477.96,42.7,4.0285716,6.6857147,1.3428571,87.614296,0.44285718,0.44285718,0.4,11.2,3.4714286,0.00068199635,0.023745038,0.00023051102,0.0006438028,0.00061430037,True
1998-11-16,477.96,29.2,1.7714287,4.3,0.071428575,94.25714,0.17142859,0.17142859,0.2857143,11.142858,2.3714285,0.00026620924,0.023837589,0.0023235707,0.0020924415,0.0100355,True
1998-11-23,477.71,11.7,-4.728572,-2.3285713,-7.357143,87.02857,0.014285714,0.014285714,0.17142858,10.742857,0.2857143,8.940697e-08,0.022435687,0.0136958305,0.0,0.00923403,True
1998-11-30,477.5682350735645,7.6000004,-1.4142857,-0.05714286,-2.857143,93.75714,0.028571429,0.028571429,0.24285714,10.328571,0.17142858,4.7534704e-05,0.020273969,0.018127497,0.0021371432,0.0061409585,True
1998-12-07,477.47,15.8,-4.6,-2.5714285,-6.142857,90.40001,0.0,0.0,0.3,10.442857,0.028571429,2.6971102e-06,0.0178494,0.021324549,0.00015402958,0.0077478886,True
1998-12-14,477.34,18.9,-1.7714287,0.62857145,-5.2428575,88.04286,0.17142858,0.17142858,0.21428572,10.6,0.25714287,0.0005039796,0.015588462,0.023839643,0.019698558,0.0040428936,True
1998-12-21,477.29,20.7,2.4428573,5.1857142,0.6714286,84.58572,0.2857143,0.2857143,0.25714287,10.6,1.3285714,0.00068594515,0.013973512,0.0037304845,0.008716797,0.0019400418,True
1998-12-28,477.46,12.0,1.9714286,3.614286,-0.25714287,86.61428,0.25714287,0.25714287,0.47142857,10.457143,1.2142857,0.00024810433,0.013079472,0.004003275,0.006102523,0.0027043894,True
1999-01-04,477.51,15.4,1.6,4.8428574,-1.1142857,87.557144,0.13333334,0.13333334,0.17142858,10.333333,0.8333333,0.00018237531,0.012331769,0.00039798307,0.0011093393,0.0012443736,True
1999-01-11,477.53,16.6,2.5285716,5.2000003,1.1999999,86.91429,0.34285712,0.34285712,0.2857143,10.7,2.4285715,0.00019557774,0.01168865,0.0007841814,0.0006268993,0.003342189,True
1999-01-18,477.54,14.5,1.8000001,4.1285715,-0.8142857,80.35714,0.4285714,0.4,0.55714285,10.7,0.85714287,0.00023902953,0.01116541,0.0072899037,0.0097870305,0.011235781,True
1999-01-25,477.43,10.8,2.4428573,5.6,-0.3857143,83.85714,0.37142855,0.31428576,0.27142859,10.142858,1.2,0.00013156235,0.010693289,0.0021600383,0.003928015,0.000117551535,True
1999-02-01,477.34,28.0,-3.1714287,-0.28571424,-5.071429,89.200005,0.10000001,0.10000001,0.32857147,10.914286,0.5857143,0.00033465773,0.010286547,0.010300415,0.00046388805,0.01959844,True
1999-02-08,477.43,34.1,0.071428575,2.0285714,-1.5857143,88.37144,0.32857147,0.32857147,0.4,10.8,0.42857143,0.0005515814,0.009961113,0.014585937,0.016136112,0.01897585,True
1999-02-15,477.4,1.8,-6.442857,-2.9142857,-10.6285715,84.62858,0.014285714,0.014285714,0.31428573,10.571428,0.057142857,1.3828278e-05,0.009787448,0.021324214,0.00066613406,0.0027882308,True
1999-02-22,477.43,67.7,0.14285718,2.5428574,-2.4428573,88.057144,0.34285715,0.34285715,0.45714286,11.114285,0.2,0.0008143559,0.009616204,0.028082013,0.015757553,0.02258597,True
1999-03-01,477.49,30.699999,1.9714286,4.6142855,-0.9285714,78.34286,0.7,0.7,0.5857143,10.8714285,1.0,0.0015667528,0.010618791,0.027141657,0.028524986,0.00821941,True
1999-03-08,478.19,47.800003,3.4,5.914286,1.6571429,86.18572,0.6714286,0.6714286,0.5714286,10.942857,3.2285714,0.001868017,0.02078744,0.0016237043,0.0073818266,0.0018145777,True
1999-03-15,477.82,6.9,3.9857142,8.528571,0.2571428,82.74286,0.88571423,0.8285714,0.9142857,10.3714285,4.071429,0.00035378337,0.023304574,0.002209879,0.007183984,0.005546026,True
1999-03-22,477.7,21.2,1.5142858,5.042857,-0.9714286,83.62858,0.8142857,0.74285716,0.87142855,9.985714,3.1142857,0.00017602742,0.02198416,0.00093275594,0.0023825094,0.0032394566,True
1999-03-29,477.5720145147006,15.6,6.057143,9.857142,2.7142856,85.58571,1.042857,1.0,1.0857142,10.2,5.9428573,0.0002091229,0.019773662,0.00080050173,0.00377707,0.0027961768,True
1999-04-05,477.55,5.2999997,8.771429,14.714286,4.0285716,73.8,1.7285715,1.4857142,1.8285714,9.814285,9.728572,0.0001565963,0.017341644,2.304713e-06,1.417473e-05,0.0,True
1999-04-12,477.45,15.2,7.9,11.914286,4.857143,81.4,1.4142858,1.3857144,1.3714286,10.142858,8.971429,0.00019025803,0.015088618,-7.345365000000001e-25,3.7252903e-09,0.0,True
1999-04-19,477.4,21.4,2.7428572,6.6,0.32857147,85.1,1.1285715,1.1142857,1.0714285,10.442857,4.7714286,0.00040142238,0.013292007,0.0014907406,0.00558264,0.0060641877,True
1999-04-26,477.31,4.8,8.414286,13.542857,3.4285715,79.42857,1.9,1.742857,2.0714285,9.928572,10.085714,0.00019414723,0.011922799,8.6920605e-05,0.00047728047,4.0978193e-07,True
1999-05-03,477.25,0.4,10.8714285,16.114286,5.228572,75.44286,2.4142857,1.9428571,2.5142858,9.171429,14.0,1.6987324e-05,0.010707855,-7.345365000000001e-25,4.8428774e-08,0.0,True
1999-05-10,477.22,2.1,11.185715,15.571428,6.8142858,73.68572,2.3,1.9571428,2.2142856,8.642858,13.071428,0.00024897605,0.009527087,-7.345365000000001e-25,0.0,0.0,True
1999-05-17,477.18,8.5,10.385715,14.599999,6.6142855,77.057144,2.142857,1.9285715,2.0714285,8.685715,12.7,0.00018987805,0.008536197,-7.345365000000001e-25,3.7252903e-09,0.0,True
1999-05-24,477.15,13.0,12.828572,17.442858,7.728572,74.87142,2.642857,2.2428572,2.7428572,8.814285,14.785714,0.00046376884,0.00762628,-7.345365000000001e-25,0.0,0.0,True
1999-05-31,477.1824618998687,7.8,16.714285,23.071428,10.485715,69.8,3.6285717,2.8999999,4.0285716,8.542857,20.1,8.3103776e-05,0.0068638325,-7.345365000000001e-25,3.7252903e-09,0.0,True
1999-06-07,477.08,28.900002,14.5,19.742859,10.342857,76.27143,3.0,2.7,3.0,8.571428,17.8,0.0005141422,0.006136395,-7.345365000000001e-25,3.7252903e-09,0.0,True
1999-06-14,477.06,18.699999,13.057143,17.428572,8.157143,76.82857,2.4428573,2.1285713,2.7571428,8.957143,16.485714,0.00016988814,0.0055753216,-7.345365000000001e-25,3.7252903e-09,0.0,True
1999-06-21,477.01,14.3,13.414286,17.97143,8.928572,77.67143,2.5285716,2.142857,2.6285713,8.557143,17.0,0.00024607778,0.005067393,-7.345365000000001e-25,3.7252903e-09,0.0,True
1999-06-28,476.99,3.0,13.571428,18.385714,8.328572,71.01429,2.914286,2.385714,3.3142858,8.285714,17.114286,6.2689185e-05,0.0046335086,-7.345365000000001e-25,3.7252903e-09,0.0,True
1999-07-05,476.97,39.7,19.457144,24.528574,13.928572,70.87143,3.8142858,2.914286,4.1,7.6571426,21.37143,0.00017005205,0.0042245984,-7.345365000000001e-25,1.1175871e-08,0.0,True
1999-07-12,476.99,33.6,16.757143,20.828571,13.657144,84.08572,2.3714287,2.0857143,2.4142857,8.914286,19.1,0.0022163838,0.0038834214,-7.345365000000001e-25,1.8626451e-08,0.0,True
1999-07-19,477.0,33.5,17.37143,22.914288,11.942857,72.14286,3.3285713,2.8999999,3.5714285,9.014286,20.12857,0.00058960915,0.0036430508,-7.345365000000001e-25,7.450581e-09,0.0,True
1999-07-26,476.98,21.900002,16.328571,20.4,12.685715,76.542854,2.5714285,2.1857142,2.6000001,8.557143,18.77143,0.00031843781,0.0034291446,-7.345365000000001e-25,1.1175871e-08,0.0,True
1999-08-02,476.95,4.0,17.87143,23.685715,11.842857,57.271427,4.042857,2.614286,4.7285714,7.642857,20.857143,3.2261014e-06,0.0032334551,-7.345365000000001e-25,3.7252903e-09,0.0,True
1999-08-09,476.96,13.0,18.557144,23.800001,13.571428,72.85714,2.9142857,1.9571428,3.0714285,7.114286,20.928572,0.0004749745,0.0030160546,-7.345365000000001e-25,1.1175871e-08,0.0,True
1999-08-16,476.95,28.6,13.528572,17.87143,10.057143,80.24286,1.9142857,1.6142856,1.9714286,7.6285715,16.257143,0.00031244755,0.0028573647,-7.345365000000001e-25,1.1175871e-08,0.0,True
1999-08-23,476.9,27.4,13.114286,18.014286,8.857142,74.24286,2.1714287,1.8428571,2.357143,8.3,15.4,0.00013944507,0.0027167574,-7.345365000000001e-25,5.5879354e-09,0.0,True
1999-08-30,476.9334541565723,16.6,16.27143,21.600002,11.971429,75.25715,2.1,1.6428572,2.542857,7.785714,18.042856,0.00016073883,0.0025783554,-7.345365000000001e-25,1.8626451e-09,0.0,False
1999-09-06,476.88,4.4,14.800001,20.614286,10.0,76.64286,2.1000001,1.557143,2.5714285,7.5142856,17.114286,5.0850213e-05,0.0024569258,-7.345365000000001e-25,3.7252903e-09,0.0,True
1999-09-13,476.86,2.0,18.228573,25.242859,12.67143,68.942856,2.4142857,1.5142857,3.0,7.042857,19.542856,2.0995736e-05,0.0023265556,-7.345365000000001e-25,0.0,0.0,True
1999-09-20,476.86,3.8,16.4,22.957144,11.1285715,72.4,1.942857,0.9714286,2.4857142,6.457143,18.671429,5.5104494e-05,0.0021906793,-7.345365000000001e-25,1.8626451e-09,0.0,True
1999-09-27,476.87,38.1,14.785715,2.8,12.142858,81.35714,1.3571428,1.0857143,1.3571428,6.9714284,15.671429,0.00024012476,0.0020845905,-7.345365000000001e-25,7.450581e-09,0.0,True
1999-10-04,476.89,41.7,11.057143,7.5428576,9.342857,86.22858,0.95714283,0.9142857,0.9285714,8.471429,11.528571,0.0003014952,0.0020082146,-7.345365000000001e-25,1.3038516e-08,0.0,True
1999-10-11,476.86,28.2,8.557143,10.742857,6.2571435,90.17143,0.55714285,0.5142857,0.64285713,8.842857,9.028571,0.00017057359,0.0019489676,-7.345365000000001e-25,7.450581e-09,0.0,True
1999-10-18,476.87,0.7,4.471429,9.485715,0.9,82.90001,0.5857143,0.51428574,0.7285714,8.614285,6.9142857,7.495284e-06,0.0019020438,-7.345365000000001e-25,0.0,0.0,True
1999-10-25,476.92,5.9,6.085714,10.085714,2.557143,81.97143,0.5285714,0.4571429,0.6857143,8.342857,5.857143,6.522983e-05,0.0018589497,-7.345365000000001e-25,0.0,0.0,True
1999-11-01,476.88,9.299999,9.185715,13.185715,5.5,81.957146,0.62857145,0.5428571,0.6,8.471429,8.314285,0.00010102987,0.0018223673,-7.345365000000001e-25,1.8626451e-09,0.0,True
1999-11-08,476.9,36.9,5.1714287,8.357142,2.7000003,89.5,0.34285712,0.3285714,0.42857143,9.1285715,5.6857142,0.00028283894,0.0017908588,-7.345365000000001e-25,3.7252903e-09,0.0,True
1999-11-15,476.97,26.500002,0.95714283,2.6857145,-0.22857144,92.28571,0.17142858,0.17142858,0.3,10.157143,2.3857143,0.00045528263,0.0017780066,0.0015134868,0.0015475787,0.003096275,True
1999-11-22,476.99,26.9,-2.6285713,-0.88571435,-4.4,88.78571,0.028571429,0.042857144,0.25714287,10.185715,0.1,8.5681677e-07,0.0018020794,0.008156629,1.7279759e-05,0.01759667,True
1999-11-29,476.95022029672754,6.1,2.0428572,3.614286,0.11428572,88.457146,0.17142858,0.17142858,0.24285714,10.185715,0.9,0.0004588142,0.0018475577,0.0117740175,0.018402891,0.003029313,False
1999-12-06,477.01,22.1,2.0857143,4.342857,0.071428604,84.25715,0.38571432,0.38571432,0.42857143,10.342857,1.5285715,0.0002598539,0.0019605532,0.0020677475,0.004022574,0.0053709596,True
1999-12-13,477.06,57.3,3.6285713,5.3857145,2.0714288,89.08572,0.47142857,0.47142857,0.45714286,10.857142,2.6714287,0.0022798702,0.0028669387,0.0011636643,0.0055239312,0.0009159595,True
1999-12-20,477.22,19.9,-2.1714284,-0.2857143,-3.9714286,87.314285,0.08571429,0.08571429,0.27142859,11.0,0.35714287,5.1558018e-05,0.003184408,0.0095404275,0.0007320531,0.015986446,True
1999-12-27,477.23,50.9,-1.4285715,0.4714286,-3.614286,87.9,0.18571429,0.18571429,0.25714287,10.942857,0.25714287,0.00054614246,0.0040274337,0.01637951,0.008774381,0.02352798,True
2000-01-03,477.19,15.1,-0.25714284,0.77142864,-1.5,92.34286,0.1,0.1,0.27142859,11.175,0.2,3.771484e-05,0.0047935024,0.036768988,0.0014353357,0.011489976,True
2000-01-10,477.2,15.0,1.4714286,3.2142856,0.04285717,90.700005,0.18571429,0.18571429,0.24285714,10.457143,1.0,0.0010637343,0.005606912,0.023624767,0.029094765,0.0013380945,True
2000-01-17,477.32,4.7,-1.7428572,0.0142857,-4.1714287,89.18572,0.071428575,0.071428575,0.3,10.314285,-0.114285715,0.00025784224,0.00748758,0.012823099,0.006622579,0.0029631741,True
2000-01-24,477.42,35.5,-3.1285713,0.0285714,-5.557143,85.85714,0.17142858,0.17142858,0.31428573,10.6285715,0.114285715,0.00026379526,0.009032935,0.0132214,0.0030907653,0.014028419,True
2000-01-31,477.3035540001082,40.9,-1.3714286,0.88571435,-5.1714287,84.88572,0.34285715,0.34285715,0.3857143,10.828571,0.41428572,0.0036107302,0.010997392,0.016614249,0.022044465,0.005557712,True
2000-02-07,477.42,15.5,4.2428575,6.4,2.457143,83.42857,0.61428565,0.61428565,0.47142857,10.614285,3.0285714,0.00026856363,0.013831995,0.00094165123,0.0034126267,0.00025092065,True
2000-02-14,477.76,26.1,1.7857143,5.1714287,-0.5285715,81.64286,0.68571424,0.68571424,0.55714285,10.728572,2.1714287,0.00037378818,0.015807182,0.0009129445,0.00092667714,0.0035725571,True
2000-02-21,477.7,38.8,-0.5857143,1.7285715,-2.857143,90.02857,0.34285715,0.34285715,0.42857143,11.042857,0.8428571,0.0005201176,0.015900426,0.009484541,0.0061776023,0.018866666,True
2000-02-28,477.65,25.0,2.2142856,5.7999997,-1.5,84.957146,0.71428573,0.7285715,0.64285713,10.8,1.8714286,0.001555264,0.017725289,0.0094632255,0.015823105,0.0023833811,True
2000-03-06,477.71,34.3,1.2,3.957143,-0.8285714,83.88572,0.7571429,0.7571429,0.6714286,10.957143,2.0857143,0.0010023117,0.018689573,0.0032596304,0.003494585,0.008708473,True
2000-03-13,477.77,58.0,5.3428574,8.1285715,2.8714287,82.299995,0.9285714,0.90000004,0.82857144,10.9,4.8,0.0008520782,0.020761706,0.00091456797,0.0060077105,0.00014674664,True
2000-03-20,477.97,52.3,2.5571427,5.3857145,0.3857143,84.68572,0.7714286,0.7714286,0.78571427,11.142858,3.4,0.0010311157,0.02283609,0.0019320135,0.004971953,0.0061051324,True
2000-03-27,478.0,2.3,6.4428573,11.585714,2.5142858,77.08572,1.2285713,1.1428571,1.3571428,10.157143,7.0857143,0.00028155,0.024173655,0.00021982193,0.0010947939,0.0,True
2000-04-03,477.75,14.6,4.585714,7.914286,1.1428572,82.85714,1.0285715,0.9714286,1.1142857,10.428572,5.1,0.00030184537,0.022627182,6.7864145e-05,0.0003141109,0.00030884147,True
2000-04-10,477.48,5.3999996,4.7428575,9.714286,0.48571426,69.38572,1.6428572,1.4285715,1.8142856,9.8,7.4142857,4.042685e-05,0.020264015,4.2574748e-06,1.2310222e-05,1.2047589e-05,True
2000-04-17,477.36,16.6,6.5428576,11.142858,2.757143,75.67143,1.6285715,1.4857142,1.5857143,9.542857,7.4142857,0.00019150972,0.017560415,5.1089696e-08,8.698553e-07,0.0,True
2000-04-24,477.27,16.2,12.614286,17.828571,7.6714287,71.98572,2.3714283,2.0,2.5571427,9.242857,13.585714,0.00032266974,0.015008204,-7.345365000000001e-25,3.7252903e-09,0.0,True
2000-05-01,477.19,0.7,14.785714,19.671429,9.571428,75.14286,2.4857142,2.042857,2.8142858,8.642858,16.257143,0.00034950674,0.01280123,-7.345365000000001e-25,1.1175871e-08,0.0,True
2000-05-08,477.14,77.7,15.7,21.771427,9.900001,66.61428,3.385714,2.7428572,3.6714287,8.185715,17.914286,0.0001899004,0.01099243,-7.345365000000001e-25,3.7252903e-09,0.0,True
2000-05-15,477.29,2.3,16.457144,22.742859,9.585714,61.714287,3.8571427,2.4571426,4.442857,7.257143,20.1,6.3583255e-05,0.009430908,-7.345365000000001e-25,3.7252903e-09,0.0,True
2000-05-22,476.97,16.2,11.685715,16.742857,7.085714,73.200005,2.4857142,1.7857143,2.642857,6.9428573,15.242857,0.00022798777,0.008101247,-7.345365000000001e-25,3.7252903e-09,0.0,True
2000-05-29,476.9287056379126,9.4,11.328572,16.285715,6.9,74.97143,2.4285715,1.8285713,2.3857143,7.1571426,14.157143,6.712973e-05,0.007135503,-7.345365000000001e-25,7.450581e-09,0.0,True
2000-06-05,476.81,11.1,15.928573,21.185715,9.742858,71.200005,3.1142857,2.2142856,3.4142857,6.9,17.614286,0.00021354854,0.006279953,-7.345365000000001e-25,7.450581e-09,0.0,True
2000-06-12,476.77,5.7,16.1,22.085714,10.385715,69.34286,3.3714287,2.4142857,3.9142857,7.071429,19.085714,0.0001308471,0.0055144727,-7.345365000000001e-25,3.7252903e-09,0.0,True
2000-06-19,476.7,2.5,16.585714,22.7,9.242858,58.585716,3.7857144,2.2571428,4.3,6.757143,20.22857,2.1740794e-05,0.004825376,-7.345365000000001e-25,7.450581e-09,0.0,True
2000-06-26,476.64,9.0,16.742857,21.77143,12.1,63.785713,3.6285713,1.8428572,3.7857144,5.8428574,19.642857,0.00010509789,0.004204951,-7.345365000000001e-25,3.7252903e-09,0.0,True
2000-07-03,476.68,32.4,13.928572,19.014286,7.6142855,67.64286,2.9285715,1.5428572,3.2,5.7714286,16.785715,8.6180866e-05,0.003751807,-7.345365000000001e-25,7.450581e-09,0.0,True
2000-07-10,476.7,37.4,13.328572,16.828571,10.514287,83.957146,2.0857143,1.8571428,1.9428571,7.4857144,15.7,0.000627622,0.0033903718,-7.345365000000001e-25,1.4901161e-08,0.0,True
2000-07-17,476.71,31.400002,11.028571,14.714286,7.914286,82.07143,1.8285713,1.7428571,1.8857143,8.714286,13.614285,0.00025972724,0.0031257942,-7.345365000000001e-25,0.0,0.0,True
2000-07-24,476.51,5.7000003,13.328572,16.928572,9.400001,81.17143,1.8857143,1.5857142,2.1142857,8.271428,15.557143,0.0005934164,0.0029270276,-7.345365000000001e-25,3.7252903e-09,0.0,True
2000-07-31,476.71149124751554,21.7,14.585715,18.9,11.557143,85.51429,2.0714285,1.8857142,2.1714284,8.771428,16.942858,0.00067698956,0.0027690753,-7.345365000000001e-25,1.1175871e-08,0.0,True
2000-08-07,476.66,30.400002,16.328571,21.27143,11.185715,73.91429,2.614286,2.2,3.1142857,8.657143,18.642857,0.0006120354,0.002630651,-7.345365000000001e-25,7.450581e-09,0.0,True
2000-08-14,476.66,10.9,17.9,23.485716,12.414286,71.88572,2.8,2.1857142,3.2857144,8.171429,20.057142,8.574128e-05,0.0025167167,-7.345365000000001e-25,3.7252903e-09,0.0,True
2000-08-21,476.65,30.3,19.0,24.428572,14.6285715,75.22858,2.6714287,2.142857,2.8999999,7.7714286,21.242857,0.0017322302,0.0023848712,-7.345365000000001e-25,9.313226e-09,0.0,True
2000-08-28,476.66,0.0,14.900001,20.7,9.714286,71.942856,2.4285715,2.0142858,2.9857142,8.528571,18.442858,6.122887e-05,0.0022710636,-7.345365000000001e-25,5.5879354e-09,0.0,True
2000-09-04,476.7,63.8,12.985715,17.485714,9.885715,81.314285,1.5714285,1.3714285,1.8857144,8.457143,15.771428,0.0007420778,0.0021717027,-7.345365000000001e-25,5.5879354e-09,0.0,True
2000-09-11,476.73,24.4,13.742857,18.2,9.571428,82.057144,1.4142857,1.2714287,1.6999999,9.1,14.685715,0.0002182126,0.002103299,-7.345365000000001e-25,3.7252903e-09,0.0,True
2000-09-18,476.75,26.2,14.028572,18.47143,10.742857,84.57143,1.3285714,1.2,1.4714286,8.914286,16.114286,0.0001783371,0.002037704,-7.345365000000001e-25,7.450581e-09,0.0,True
2000-09-25,476.77,13.0,9.828572,14.0,6.5,86.98572,0.9,0.8428572,1.3000001,9.385715,11.671429,0.00045742095,0.0019857213,-7.345365000000001e-25,3.7252903e-09,0.0,True
2000-10-02,476.8,4.0,13.928572,18.314285,10.528571,84.71429,1.0285714,0.9,1.3000001,9.185715,14.5,0.00014659762,0.0019445866,-7.345365000000001e-25,1.1175871e-08,0.0,True
2000-10-09,476.76,22.7,8.3714285,11.257143,6.2285714,90.957146,0.5285714,0.5,0.7,9.471429,10.342857,0.00027282536,0.001913771,-7.345365000000001e-25,0.0,0.0,True
2000-10-16,476.79,11.6,10.142858,13.828572,7.1285715,84.67143,0.7428571,0.7,0.82857144,9.985714,9.9,0.00018402934,0.0019002557,-7.345365000000001e-25,7.450581e-09,0.0,True
2000-10-23,476.76,10.3,8.257143,12.542857,4.8,88.01429,0.5,0.44285718,0.55714285,9.7,9.257143,8.666515e-05,0.0019013062,-7.345365000000001e-25,3.7252903e-09,0.0,True
2000-10-30,476.801382363142,24.1,8.900001,11.385715,6.4857144,83.62858,0.65714294,0.64285713,0.7428571,9.885715,8.285714,0.00018002093,0.0019143075,-7.345365000000001e-25,7.450581e-09,0.0,True
2000-11-06,476.83,16.9,5.942857,8.514285,3.5428574,84.91429,0.4714286,0.44285718,0.54285717,10.228572,5.5285716,0.0002803579,0.0019406304,-7.345365000000001e-25,5.5879354e-09,0.0,True
2000-11-13,476.86,11.200001,5.2428575,7.8857145,3.2142856,82.057144,0.4285714,0.4142857,0.5857143,9.914286,4.357143,0.00013267994,0.0020047948,-7.345365000000001e-25,1.8626451e-09,0.0,True
2000-11-20,476.86,19.6,3.5285716,5.585715,1.6714286,89.18572,0.25714284,0.22857144,0.3,10.328571,3.357143,0.00031355023,0.0020983592,1.0308765e-05,2.3741275e-05,3.9845705e-05,True
2000-11-27,476.9,13.4,3.8857143,6.214286,1.6428572,89.64286,0.21428572,0.20000002,0.2857143,10.1,2.8857143,0.00011650473,0.0022556558,0.00038156056,0.0013833698,0.0023238324,True
2000-12-04,476.9,11.400001,5.2428575,7.657143,3.0571427,91.457146,0.17142858,0.17142858,0.15714286,10.185715,4.3428574,0.00010287762,0.0024295524,0.0002403089,0.001006376,0.0,True
2000-12-11,476.92,19.2,5.4000006,7.714286,3.2142856,87.91429,0.3285714,0.3285714,0.29999998,10.1,4.3285713,0.00017438829,0.00259988,6.0796738e-06,2.3897737e-05,0.0,True
2000-12-18,476.97,30.0,3.1142857,5.228572,1.6428572,86.15715,0.4142857,0.4,0.44285718,10.714286,3.3142858,0.00028700382,0.0027646422,0.001339464,7.1583316e-05,0.0042580627,True
2000-12-25,477.02,5.1,-3.5428574,-0.028571453,-6.414286,82.85714,0.042857144,0.042857144,0.14285715,10.357142,-0.51428574,4.887581e-06,0.0030066073,0.0045641433,0.00010468438,0.0025427788,True
2001-01-01,477.01,14.7,-1.3428571,0.37142855,-3.4428573,86.92857,0.05,0.05,0.17142858,10.383333,-0.13333334,6.0349703e-05,0.00322368,0.0102175195,0.00097612664,0.006785337,True
2001-01-08,477.02,31.9,2.5857143,4.5142856,0.5,93.14286,0.27142859,0.25714287,0.27142859,10.814285,0.78571427,0.00077386945,0.003429763,0.004853345,0.014055593,0.001946874,True
2001-01-15,477.11,6.5,-3.0142858,-0.17142856,-5.5428576,82.48572,0.057142857,0.042857144,0.15714286,10.514286,-0.1,5.6624413e-06,0.0039692298,0.006125575,2.9940158e-05,0.0075395256,True
2001-01-22,477.07,12.9,-3.4285715,-0.81428576,-6.414286,83.64286,0.014285714,0.014285714,0.22857143,10.328571,-1.4571428,3.270805e-05,0.004458919,0.008582978,0.0012944769,0.008448392,True
2001-01-29,477.03753461333287,32.8,1.0428572,2.957143,-0.44285718,92.21429,0.3285714,0.3285714,0.2857143,10.957143,0.1,0.00059111416,0.004808165,0.007155901,0.012778029,0.006050635,True
2001-02-05,477.1,43.7,-0.6,1.2714285,-2.9857142,89.5,0.15714286,0.15714286,0.2857143,10.8,0.114285715,0.0008261204,0.00556837,0.012081192,0.016972015,0.014365707,True
2001-02-12,477.32,8.1,5.142857,8.542857,1.8714286,76.51429,0.7285714,0.7,0.7571429,10.6,3.3714285,0.00024947524,0.0065506995,0.0007094599,0.0064205173,9.222329e-05,True
2001-02-19,477.4,4.5,2.1714287,6.8142858,-0.8285715,79.685715,0.61428577,0.55714285,0.5142857,10.142858,2.5,6.5267086e-05,0.007828318,0.00030208201,0.00027214177,0.0012389049,True
2001-02-26,477.35,19.8,-2.3714287,0.31428576,-5.3142858,83.64286,0.3142857,0.3142857,0.45714286,10.328571,0.71428573,8.5771084e-05,0.008136012,0.0061977706,0.0011461005,0.011803068,True
2001-03-05,477.24,13.8,-1.0,1.8857143,-3.6285717,79.78571,0.3857143,0.37142858,0.5714286,10.342857,0.17142858,0.00011861324,0.008105405,0.012398192,0.004168229,0.014681231,True
2001-03-12,477.15,38.0,5.5,8.6,2.357143,84.65714,0.7714285,0.7571429,0.71428573,10.557143,4.3142858,0.0017465502,0.008847453,0.007210618,0.019874169,1.2554228e-06,True
2001-03-19,477.2,36.9,3.7,7.1714287,1.4142858,88.4,0.87142855,0.85714287,0.7,11.014286,4.6,0.0012837797,0.009684302,0.0004279273,0.0016257036,0.0024968982,True
2001-03-26,477.52,48.6,2.6000001,5.6857142,-0.1571428,89.042854,0.48571423,0.48571423,0.6857143,11.428572,3.3285713,0.0018821657,0.01468455,0.0031734307,0.009500749,0.011353597,True
2001-04-02,477.69,5.1000004,5.0285716,9.085714,0.64285713,78.25714,1.2571429,1.1857144,1.3000001,10.614285,5.428571,0.00022964925,0.020180121,0.0011823858,0.003114216,4.2986125e-05,True
2001-04-09,477.55,13.0,6.8714285,11.485715,3.0714285,76.51429,1.5142858,1.4428571,1.4571428,10.028571,7.9,0.00032679737,0.019816212,2.6566643e-06,2.3346394e-05,0.0,True
2001-04-16,477.35,45.899998,2.3857143,5.642857,-0.08571426,83.42857,0.9714286,0.9428572,1.1,10.314285,5.0,0.00043663383,0.018308617,0.0021331254,0.0069170706,0.010436552,True
2001-04-23,477.41,6.7999997,2.542857,5.785714,-0.4,80.14286,1.1,1.0428572,1.1285714,10.428572,4.1714287,0.00032232702,0.016741559,0.0021167141,0.0062330514,0.004137665,True
2001-04-30,477.3664845679406,19.1,9.557143,14.242858,5.514286,79.74286,1.9428571,1.8428571,1.9428571,10.142858,10.114285,0.00040714443,0.015356481,0.00016770477,0.0012601651,0.0,True
2001-05-07,477.35,2.1,11.6285715,16.114286,7.8428574,78.6,2.3714287,2.0142858,2.4857142,9.428572,14.057143,6.450713e-05,0.0139492825,-7.345365000000001e-25,3.7252903e-08,0.0,True
2001-05-14,477.18,0.0,13.7,19.085714,7.2714286,64.98572,3.5,2.7285712,3.585714,8.8,16.171429,1.1011958e-05,0.012484051,-7.345365000000001e-25,0.0,0.0,True
2001-05-21,477.17,26.0,11.514285,16.342857,7.5428576,75.28571,2.4142857,2.0714288,2.3285713,8.5,14.714286,0.00017854571,0.010896072,-7.345365000000001e-25,0.0,0.0,True
2001-05-28,477.09,1.1,15.5,20.4,8.8,62.514286,3.5571425,2.4142857,3.8,7.6571426,18.257143,2.1450222e-05,0.009403631,-7.345365000000001e-25,0.0,0.0,True
2001-06-04,477.05,29.5,10.971429,15.328572,7.457143,75.471436,2.585714,1.8428571,2.5,7.428571,14.257143,0.00023500621,0.0080810115,-7.345365000000001e-25,0.0,0.0,True
2001-06-11,477.02,17.2,10.771429,14.571428,7.3571434,81.457146,1.7714285,1.542857,2.0142858,8.314285,13.328571,0.0001988411,0.007110499,-7.345365000000001e-25,0.0,0.0,True
2001-06-18,476.98,26.699999,13.514287,18.057142,9.042857,77.4,2.4714284,2.1857142,2.6857142,8.557143,16.342857,0.00023856759,0.0062903017,-7.345365000000001e-25,3.7252903e-09,0.0,True
2001-06-25,476.95,1.7,13.300001,18.085714,7.5142856,72.00001,2.9142857,2.3142858,3.0714285,8.557143,16.414286,5.9619546e-05,0.005604461,-7.345365000000001e-25,0.0,0.0,True
2001-07-02,476.91,29.900002,17.514286,22.84286,11.971429,71.94286,3.4714286,2.6857142,3.8285713,7.885714,21.171429,7.325411e-05,0.004958071,-7.345365000000001e-25,1.1175871e-08,0.0,True
2001-07-09,476.91,25.099998,17.77143,22.485716,12.6285715,69.85714,3.6142857,2.4857144,3.7857144,7.5,20.4,0.0012486875,0.004391335,-7.345365000000001e-25,1.1175871e-08,0.0,True
2001-07-16,476.89,41.2,14.800001,18.9,10.842857,75.6,2.6714287,2.3428571,2.5571427,8.342857,17.37143,0.0017728359,0.0040396154,-7.345365000000001e-25,1.1175871e-08,0.0,True
2001-07-23,476.88,4.4,15.271429,20.514286,10.3,73.35714,2.7571428,2.4285715,3.2857144,9.2,17.842857,3.0435622e-05,0.0036686063,-7.345365000000001e-25,7.450581e-09,0.0,True
2001-07-30,476.834613278475,0.0,21.085714,27.042858,14.414286,61.100002,3.9,2.7571428,4.5571427,7.757143,23.957144,1.628697e-05,0.0033852682,-7.345365000000001e-25,1.1175871e-08,0.0,True
2001-08-06,476.82,44.5,17.528572,22.34286,12.914286,75.58572,2.857143,1.9571428,2.8714283,7.1857142,20.457144,0.00017631799,0.0030987337,-7.345365000000001e-25,1.6763806e-08,0.0,True
2001-08-13,476.85,0.8,15.1285715,19.514286,10.971429,73.18572,2.3999999,1.8285714,2.642857,7.3428574,17.214285,7.541478e-05,0.0028882474,-7.345365000000001e-25,9.313226e-09,0.0,True
2001-08-20,476.81,13.799999,20.5,25.628572,15.971429,71.62858,3.1,1.8142856,3.4428573,6.714286,22.357143,7.201731e-05,0.0026612282,-7.345365000000001e-25,1.1175871e-08,0.0,True
2001-08-27,476.8,0.3,19.242857,25.857143,13.857142,71.72857,2.5714285,1.5142857,3.1571429,6.5,21.7,3.5449862e-05,0.002468884,-7.345365000000001e-25,7.450581e-09,0.0,True
2001-09-03,476.79,15.3,14.142858,18.5,9.7,74.114296,1.8999999,1.0714285,2.2142856,6.242857,16.87143,0.00011871755,0.0022788495,-7.345365000000001e-25,3.7252903e-09,0.0,True
2001-09-10,476.82,59.8,9.871429,12.800001,7.557143,88.18572,1.2571429,1.2,1.1142857,7.9428573,11.642858,0.00048466027,0.0021510199,-7.345365000000001e-25,9.313226e-09,0.0,True
2001-09-17,476.85,55.5,8.914286,11.714286,7.0,88.02857,0.9714287,0.95714295,0.9857143,9.342857,10.457143,0.00040622056,0.0020584539,-7.345365000000001e-25,3.7252903e-09,0.0,True
2001-09-24,476.94,48.899998,8.971429,12.657144,5.9428573,85.91429,0.9714286,0.94285715,1.1,9.828571,10.328571,0.0005697161,0.0019955933,-7.345365000000001e-25,7.450581e-09,0.0,True
2001-10-01,477.01,34.4,11.328572,15.042857,8.085714,90.38572,0.7428571,0.6999999,0.94285715,9.828571,11.928572,0.00025945902,0.0019575804,-7.345365000000001e-25,7.450581e-09,0.0,True
2001-10-08,477.01,8.1,12.928572,16.685715,9.5,85.98572,0.9,0.88571423,0.95714283,10.142858,13.1,0.00032769144,0.0019394308,-7.345365000000001e-25,9.313226e-09,0.0,True
2001-10-15,476.98,0.0,12.542857,18.357143,8.457143,78.957146,1.0,0.85714287,1.1857144,9.685715,12.5,5.066395e-07,0.0019419193,-7.345365000000001e-25,5.5879354e-09,0.0,True
2001-10-22,477.0,6.6,10.328572,15.014287,6.828572,88.74286,0.59999996,0.54285717,0.8142857,9.428572,11.657143,6.444007e-05,0.0019476339,-7.345365000000001e-25,3.7252903e-09,0.0,True
2001-10-29,476.9075187962987,15.3,9.071428,11.514285,6.871429,92.78571,0.35714284,0.35714284,0.47142857,9.971429,9.3714285,0.00027008355,0.0019526556,-7.345365000000001e-25,3.7252903e-09,0.0,True
2001-11-05,476.88,6.4,6.3285713,10.228572,3.257143,85.3,0.5714286,0.5428571,0.45714286,10.028571,6.9428573,5.3301454e-05,0.0019705072,-7.345365000000001e-25,3.7252903e-09,0.0,True
2001-11-12,476.91,45.8,1.6,4.5285716,-1.6428572,90.75715,0.2857143,0.2857143,0.2857143,10.9,2.5714285,0.002296351,0.003109172,0.0009835958,0.00057961233,0.0019337758,True
2001-11-19,476.93,3.9,0.34285712,2.642857,-2.4857144,91.114296,0.17142858,0.17142858,0.21428572,10.442857,1.1714286,0.00015258789,0.002260089,0.0016018266,0.0018077008,0.0012506843,True
2001-11-26,476.95,42.9,1.9428571,3.4857144,0.4857143,92.0,0.20000002,0.20000002,0.25714284,10.814285,1.8142858,0.00050877035,0.0025082678,0.0024368025,0.0030617807,0.004918754,True
2001-12-03,477.1,36.3,2.4285715,3.957143,1.2857143,96.22858,0.14285715,0.14285715,0.17142858,11.228572,2.3857143,0.00077071786,0.0029347315,0.0024456808,0.0064828545,0.0042596273,True
2001-12-10,477.37,31.8,0.71428573,3.0428574,-1.8571428,89.08572,0.14285716,0.14285716,0.21428572,10.957143,1.2,0.00047145784,0.0041282997,0.00034125647,0.0005414076,0.00043255463,True
2001-12-17,477.44,4.8,-4.071429,-1.4714286,-6.7000003,86.9,0.028571429,0.028571429,0.21428572,10.357142,-1.2,5.312264e-06,0.0054887384,0.0032100054,6.9048256e-05,0.005197834,True
2001-12-24,477.3,49.1,-4.9428573,-1.6000001,-8.657144,88.61428,0.014285714,0.014285714,0.22857143,10.771428,-0.3857143,6.92904e-07,0.006105937,0.017451713,2.6784837e-06,0.027954988,True
2001-12-31,477.1285697414899,53.899998,-2.3,-0.3857143,-4.6,89.1,0.14285715,0.14285715,0.27142859,11.342857,0.0,0.00014095008,0.0053641573,0.047893927,0.0025687218,0.03178132,True
2002-01-07,477.08,1.6999999,-6.4857144,-2.4857144,-10.985715,81.614296,0.0,0.0,0.08571429,10.528571,-0.014285714,0.0,0.0062482357,0.06362082,0.0,0.002892729,True
2002-01-14,477.03,1.4,-4.5285716,-1.8428572,-6.5142856,93.51429,0.014285714,0.014285714,0.1,10.3,0.0,0.0,0.0062023476,0.06610183,0.0,0.0025311038,True
2002-01-21,477.0,20.0,-1.6000001,-0.12857144,-3.5857143,92.457146,0.14285715,0.14285715,0.24285714,10.3714285,0.27142859,0.0008419156,0.006259054,0.06526326,0.024193043,0.0016698726,True
2002-01-28,476.96,59.9,5.1571426,7.085715,2.9857142,86.8,0.78571427,0.78571427,0.51428574,10.828571,3.3285713,0.0030836314,0.0096275285,0.017940084,0.04758876,0.000328511,True
2002-02-04,477.93,0.6,6.9714284,10.471429,3.757143,72.828575,1.057143,1.0,0.8142857,10.4,5.0,2.4415553e-05,0.016077816,0.000114043556,0.0006353315,0.0,True
2002-02-11,477.95,46.9,5.214286,7.357143,2.457143,89.74286,0.64285713,0.62857145,0.54285717,10.385715,4.428571,0.0007154271,0.017006226,6.6830995e-05,0.00044378638,0.0004345663,True
2002-02-18,477.65,30.9,1.7428571,5.7714286,-1.1285715,80.40001,0.7285715,0.71428573,0.6,11.0,2.7142856,0.0016386211,0.020176597,2.0208812e-05,1.5093014e-05,0.00042891875,True
2002-02-25,477.78,83.2,-0.114285745,2.5,-2.9428573,88.88572,0.45714286,0.45714286,0.44285712,11.328571,0.67142856,0.0011365712,0.019708715,0.009792884,0.011399828,0.026925027,True
2002-03-04,477.96,24.4,2.0857143,4.928571,-0.12857142,79.71429,0.88571435,0.88571435,0.6857143,11.014286,2.2714286,0.002175212,0.030909419,0.0033183326,0.016626067,0.0021648556,True
2002-03-11,477.89,10.0,4.585715,9.157143,0.057142857,73.61428,1.2714285,1.2,1.1428572,10.214286,3.9714286,0.00012260675,0.030043699,0.00044829506,0.0018476471,4.7311187e-07,True
2002-03-18,477.61,11.8,6.0142856,11.414286,1.957143,78.77143,1.1428572,1.0000001,1.3142856,9.8714285,6.071429,0.00014619529,0.025319204,0.0018659489,0.006294811,0.0065336227,True
2002-03-25,477.4,42.1,3.2857144,6.3,1.1999999,83.90001,0.7142858,0.7142858,0.71428573,11.114285,4.4142857,0.0007454902,0.020856775,0.0009842089,0.00046798587,0.0033787414,True
2002-04-01,477.39,0.0,4.5285716,11.042857,-0.8142858,63.357143,1.5285714,1.3285714,1.7285715,10.042857,5.8,5.51939e-05,0.01800339,0.0012728657,0.0028156582,0.00014202669,True
2002-04-08,477.28,0.0,4.6285715,10.785714,-0.81428576,61.92857,2.2142856,1.6999999,2.357143,9.1,7.6571426,8.1956387e-07,0.015359439,8.123262e-06,4.916452e-05,6.377697e-06,True
2002-04-15,477.13,10.6,4.6142855,8.285714,0.9285714,80.12858,1.3142856,1.0285715,1.4428571,8.728572,6.6571426,0.00010295212,0.013099022,1.9697916e-06,1.1233613e-05,8.59797e-06,True
2002-04-22,477.06,7.3999996,6.7000003,11.014287,3.1857142,80.21429,1.3571428,1.2,1.6142856,9.242857,8.557143,0.0001463294,0.011308104,-7.2791902999999985e-25,1.1175871e-07,0.0,True
2002-04-29,477.0979607020447,33.2,8.714286,12.7,5.3428574,81.97143,1.7142857,1.6428572,1.6,9.414286,10.114285,0.0002689585,0.009814918,-7.2791902999999985e-25,0.0,0.0,True
2002-05-06,477.04,13.3,8.485715,11.314285,5.6142855,85.62858,1.3428572,1.2285713,1.3714286,9.928572,9.957143,0.00063192844,0.008676589,-7.2791902999999985e-25,0.0,0.0,True
2002-05-13,476.98,24.6,13.928572,18.300001,9.8,79.88572,2.3999999,2.1999998,2.4857142,9.985714,15.6285715,0.0010998398,0.007920936,-7.2791902999999985e-25,3.7252903e-09,0.0,True
2002-05-20,476.95,13.8,14.17143,19.142857,9.028571,72.98572,2.7571428,2.3428571,3.0,9.471429,16.9,0.00021322072,0.0073423237,-7.2791902999999985e-25,7.450581e-09,0.0,True
2002-05-27,476.97,35.6,13.328572,18.157145,8.957143,78.57143,2.2999997,2.1142857,2.7,9.3714285,15.985714,0.00025625527,0.0068060234,-7.2791902999999985e-25,3.7252903e-09,0.0,True
2002-06-03,476.92,0.0,12.928572,17.985714,6.6285715,67.942856,2.9857144,2.457143,3.3428571,9.014286,16.485714,5.362183e-05,0.006343521,-7.2791902999999985e-25,0.0,0.0,True
2002-06-10,476.95,45.3,14.985715,19.014286,11.414286,79.98572,2.2714283,2.0,2.4285715,9.428572,17.5,0.0007509142,0.0058161616,-7.2791902999999985e-25,1.1175871e-08,0.0,True
2002-06-17,476.92,4.4,16.5,20.985716,11.942858,77.88572,2.7999997,2.5142858,2.8285713,9.6,18.157143,0.00014548004,0.005442135,-7.2791902999999985e-25,7.450581e-09,0.0,True
2002-06-24,476.88,9.0,19.457144,24.600002,14.914286,76.12858,3.7428572,3.0142858,4.171428,8.657143,23.22857,0.0002565235,0.005028732,-7.2791902999999985e-25,3.7252903e-09,0.0,True
2002-07-01,476.84,3.6999998,14.6,19.6,9.214286,64.65715,3.3571432,2.3142855,3.7142856,7.8,18.87143,3.0845404e-05,0.0046204254,-7.2791902999999985e-25,3.7252903e-09,0.0,True
2002-07-08,476.82,3.1,15.357142,19.985716,10.814286,73.04286,2.6571426,1.7857143,2.7285714,7.3428574,17.12857,8.1487e-05,0.004262291,-7.2791902999999985e-25,1.1175871e-08,0.0,True
2002-07-15,476.81,31.7,17.6,22.557144,13.428572,76.41429,2.8428571,2.1571429,2.9428573,7.5857143,19.757143,0.00025206804,0.003887169,-7.2791902999999985e-25,1.1175871e-08,0.0,True
2002-07-22,476.78,7.5,14.6,18.571428,11.2,79.78571,2.1571429,1.8857144,2.4857142,9.6,17.22857,0.0010875687,0.003617555,-7.2791902999999985e-25,1.1175871e-08,0.0,True
2002-07-29,476.8217818304963,10.7,17.057142,21.27143,12.214286,74.471436,2.5571427,2.1285715,2.7428572,9.142858,18.22857,0.00010249019,0.0034013912,-7.2791902999999985e-25,3.7252903e-09,0.0,True
2002-08-05,476.75,21.5,18.985716,24.314287,14.857142,72.08572,2.7857144,2.3142858,3.1142857,8.557143,21.757143,0.00028267503,0.0031696334,-7.2791902999999985e-25,9.313226e-09,0.0,True
2002-08-12,476.74,37.8,15.414286,18.7,12.357142,87.957146,1.6714287,1.5714287,1.9,9.3,18.171429,0.0014562458,0.0029907897,-7.2791902999999985e-25,1.3038516e-08,0.0,True
2002-08-19,476.71,3.1,18.214287,23.328571,13.514287,74.48572,2.5285716,2.1714284,3.0714285,9.642858,20.1,0.0001854822,0.0028683394,-7.2791902999999985e-25,9.313226e-09,0.0,True
2002-08-26,476.69,3.1,18.457144,23.800001,13.814286,78.14286,2.4714284,2.1142857,2.9285715,8.942857,21.242857,0.00046688318,0.0027463734,-7.2791902999999985e-25,1.1175871e-08,0.0,True
2002-09-02,476.67,0.6,16.9,22.17143,13.157144,81.11428,1.9714286,1.7,2.4285715,8.942857,19.971428,0.0006121844,0.002652727,-7.2791902999999985e-25,7.450581e-09,0.0,True
2002-09-09,476.67,1.4,16.157145,21.985714,11.0,73.328575,2.0285714,1.5714285,2.6285713,8.571428,17.885714,2.6017427e-05,0.0025772005,-7.2791902999999985e-25,9.313226e-09,0.0,True
2002-09-16,476.66,18.300001,11.6,16.171429,7.7142863,81.18572,1.3428571,1.2142857,1.6999999,9.185715,14.528571,0.0010333657,0.0025164038,-7.2791902999999985e-25,7.450581e-09,0.0,True
2002-09-23,476.65,9.8,10.228571,14.228572,6.8571434,84.85714,0.8714285,0.7285714,1.1857144,9.0,12.5,6.171316e-05,0.0024922714,-7.2791902999999985e-25,3.7252903e-09,0.0,True
2002-09-30,476.6120910086938,11.2,7.4000006,11.242858,3.857143,82.21429,0.87142855,0.8142857,1.0714285,9.614285,8.842857,0.00015423447,0.0024700165,-7.2791902999999985e-25,1.8626451e-09,0.0,False
2002-10-07,476.62,41.8,8.771429,12.514285,5.2428575,86.54286,0.8,0.7428571,0.88571423,9.9,10.285714,0.00043863058,0.0024366975,-7.2791902999999985e-25,5.5879354e-09,0.0,True
2002-10-14,476.65,1.6999999,4.614286,7.5285716,1.8571428,84.957146,0.5285714,0.51428574,0.7,10.085714,5.8,4.082173e-05,0.0024361834,1.0325795e-05,6.716885e-05,7.54185e-05,True
2002-10-21,476.65,52.4,6.914286,9.514285,4.4428573,88.12858,0.5285714,0.5142857,0.51428574,10.742857,6.9428573,0.0005061999,0.0024735183,7.8905197e-07,1.0648742e-05,0.0,True
2002-10-28,476.66,75.8,7.8142858,10.985715,5.142857,83.98572,1.0714285,1.0714285,0.71428573,11.314285,7.114286,0.0026822984,0.0026946068,-7.2791902999999985e-25,9.313226e-09,0.0,True
2002-11-04,476.84,45.8,5.7428575,8.271429,2.8428571,93.44286,0.3,0.3,0.3857143,11.157143,5.8428574,0.00083111227,0.0035545453,3.973643e-07,9.685755e-08,3.0189753e-05,True
2002-11-11,476.96,52.1,1.5285715,3.6714287,-0.9285714,87.35714,0.35714287,0.35714287,0.34285715,11.314285,2.2142856,0.0025975779,0.0062156618,0.002947989,0.009889767,0.012288392,True
2002-11-18,477.18,9.4,6.6142855,9.314286,4.3,87.5,0.2857143,0.2857143,0.3285714,10.828571,4.9857144,0.0003206581,0.007238619,0.0005196844,0.0026216507,0.0,True
2002-11-25,477.18,7.8,4.828572,7.7000003,2.6714287,90.62858,0.21428575,0.21428575,0.2857143,10.685715,3.9142857,0.0002718717,0.0090394765,6.7949295e-06,2.5508925e-05,0.0,True
2002-12-02,477.0,35.3,4.857143,6.1285715,3.8714287,94.3,0.17142858,0.17142858,0.25714284,10.914286,4.3428574,0.001179412,0.010850832,1.0280382e-05,3.0424446e-05,0.00011308491,True
2002-12-09,477.03,2.0,-2.1714287,0.0142857,-3.642857,92.700005,0.057142857,0.057142857,0.2857143,10.5,0.25714287,6.7181885e-05,0.012847975,0.00016499133,4.552491e-05,0.00024700165,True
2002-12-16,476.98,8.7,-5.1,-2.3,-8.071428,88.057144,0.014285714,0.014285714,0.114285715,10.314285,-3.2285714,8.663535e-05,0.013516404,0.0005441393,0.00039761886,0.001082465,True
2002-12-23,476.93,33.9,-0.61428577,2.0142858,-2.7714286,94.614296,0.071428575,0.071428575,0.17142858,10.657143,-0.7714286,0.0011538714,0.013193414,0.0017241808,0.0012846664,0.0014135689,True
2002-12-30,476.7226719036986,68.0,3.0,4.585714,1.1,93.42857,0.17142858,0.17142858,0.24285714,11.1285715,0.6571429,0.0035271794,0.0139879435,0.0005774271,0.0012164898,2.2429973e-05,True
2003-01-06,477.12,48.9,-0.59999996,3.2142856,-3.1857145,88.02857,0.0,0.0,0.2857143,11.8,0.7,0.0054632276,0.024596788,0.002289823,0.005404569,0.009377547,True
2003-01-13,477.75,18.699999,-9.67143,-6.1285715,-13.928572,83.84286,0.0,0.0,0.17142858,10.5,-1.9,4.8726797e-06,0.029904969,0.005141968,3.5986304e-06,0.00820215,True
2003-01-20,477.34,3.6,0.8000001,2.414286,-0.9714286,89.62858,0.2857143,0.2857143,0.25714284,10.414286,0.014285714,0.00021591783,0.026413798,0.008993495,0.0081072375,0.0011268482,True
2003-01-27,477.25,28.3,1.0571429,3.2428572,-1.0285715,90.28571,0.20000002,0.20000002,0.3,10.442857,0.21428572,0.0002373308,0.022162326,0.00445136,0.005591251,0.003645219,True
2003-02-03,477.18,47.6,-2.4428573,-0.028571444,-4.5285716,89.6,0.20000002,0.20000002,0.3,11.071428,0.22857143,0.00016057491,0.01888384,0.01381827,0.0018645748,0.024453726,True
2003-02-10,477.22,13.4,-3.1571429,-0.5571429,-5.8714285,90.42857,0.057142857,0.057142857,0.27142859,10.8,0.0,2.8923154e-05,0.016480282,0.028678752,0.00134244,0.0067662597,True
2003-02-17,477.04,0.7,-6.9857144,-3.2857144,-10.385714,79.8,0.0,0.0,0.41428572,10.314285,-0.08571429,1.0430813e-07,0.014463179,0.02900823,6.0033053e-06,0.0011093542,True
2003-02-24,476.97,0.0,-3.9857142,2.142857,-8.928572,78.27143,0.34285715,0.34285715,0.62857145,10.185715,-0.08571429,0.00015535206,0.012766257,0.025295882,0.009341072,6.566569e-05,True
2003-03-03,476.92,9.3,3.0571427,7.785714,-0.82857144,74.685715,0.7571429,0.6571428,0.88571423,9.928572,0.5714286,0.00037762523,0.011383206,0.008214615,0.01517478,0.0,True
2003-03-10,476.92,6.7,4.0142856,7.714286,0.8714286,81.92857,0.8000001,0.7571429,0.7428571,10.085714,2.6857142,0.00014895201,0.010392919,0.0010232471,0.0021079723,7.4336305e-05,True
2003-03-17,477.11,9.4,2.4285715,6.871429,-0.78571427,76.08572,0.9285714,0.85714287,0.9857143,10.1285715,3.3428571,0.00014647096,0.009642452,0.00015760036,0.00038857944,0.0003917031,True
2003-03-24,477.15,0.0,3.0428574,10.428572,-2.6714287,57.81429,1.6857144,1.3285716,1.7857143,9.528571,4.7714286,3.7252903e-06,0.008979522,8.4349085e-05,0.00022184849,0.00010031462,True
2003-03-31,476.9647924473945,3.5,8.314286,14.385715,3.414286,69.24286,1.6428572,1.3571428,1.7428571,8.914286,9.3714285,5.966425e-05,0.008291863,4.036086e-06,2.8297305e-05,0.0,True
2003-04-07,477.0,12.0,2.3714287,6.4000006,-1.3714286,69.32857,1.3428571,1.1714286,1.5,9.014286,4.9428573,0.00016269088,0.0076216757,0.00069671584,0.00034604967,0.0033705384,True
2003-04-14,476.9,0.0,2.5142858,8.285714,-3.8285716,58.87143,1.6857144,1.3142856,2.0285716,8.785714,5.1,5.006045e-05,0.0070335045,0.0020089603,0.0034469701,0.0012891516,True
2003-04-21,476.85,1.3000001,9.071428,15.685715,2.9,64.42857,2.9142857,2.1,2.8714287,8.1,10.728572,0.000117622316,0.0064059645,0.0003765935,0.002842432,0.002708599,True
2003-04-28,476.83,14.400001,11.885715,17.657145,6.285714,63.157143,2.7428572,1.9857143,3.1000001,7.6285715,13.2,6.867945e-05,0.0058045685,9.269941e-06,8.40351e-05,0.0,True
2003-05-05,476.79,4.3,13.471429,18.7,7.1714287,62.54286,3.1857145,2.0142856,2.957143,7.285714,13.357142,9.135902e-05,0.0052731037,-7.2791902999999985e-25,3.7252903e-09,0.0,True
2003-05-12,476.74,73.0,14.028572,19.585714,9.471429,77.21429,2.6000001,1.6000001,2.7714286,7.114286,16.857143,0.00025436282,0.004745282,-7.2791902999999985e-25,7.450581e-09,0.0,True
2003-05-19,476.79,36.6,9.1285715,13.414286,4.942857,80.41429,1.9142858,1.6714286,1.8857143,7.8714285,12.1,0.00031950325,0.0043290555,-7.2791902999999985e-25,3.7252903e-09,0.0,True
2003-05-26,476.83,5.3999996,12.685715,16.857143,8.757143,77.74286,2.357143,1.9857143,2.3142858,8.357142,14.5,0.00010813773,0.0039881095,-7.2791902999999985e-25,3.7252903e-09,0.0,True
2003-06-02,476.84,4.9,17.4,22.714285,11.942857,69.35714,3.442857,2.3714283,3.7571428,7.614286,19.757143,0.00011141598,0.0036518797,-7.2791902999999985e-25,1.1175871e-08,0.0,True
2003-06-09,476.79,0.6,19.957144,26.414288,14.1,64.24286,4.1,2.757143,5.0142856,6.9857144,23.328571,0.000111848116,0.0032969043,-7.2791902999999985e-25,7.450581e-09,0.0,True
2003-06-16,476.76,2.8000002,18.828571,24.957142,12.67143,64.71429,3.985714,2.5285716,4.5142856,6.457143,22.942858,3.454089e-05,0.0029588267,-7.2791902999999985e-25,3.7252903e-09,0.0,True
2003-06-23,476.73,18.4,17.1,22.2,11.214286,65.85714,3.6857142,2.3857143,3.8428571,6.3428574,20.0,0.000117614865,0.0026599616,-7.2791902999999985e-25,1.4901161e-08,0.0,True
2003-06-30,476.7353118263996,1.5999999,18.171429,24.585714,11.285714,60.228573,4.0714283,1.6857141,4.6142855,5.7,22.157143,1.1637807e-05,0.0023809075,-7.2791902999999985e-25,7.450581e-09,0.0,True
2003-07-07,476.73,17.6,14.185715,18.1,11.314285,79.34286,2.2,1.6999999,2.1857142,6.257143,16.542856,0.00016710907,0.0021581203,-7.2791902999999985e-25,1.1175871e-08,0.0,True
2003-07-14,476.66,0.0,16.928572,22.542858,10.314286,61.87143,3.8000004,1.7714285,4.214286,5.7285714,20.542856,1.1950731e-05,0.0019721687,-7.2791902999999985e-25,7.450581e-09,0.0,True
2003-07-21,476.65,3.6,21.528574,28.257143,14.742858,54.385715,4.585714,1.6999999,4.957143,5.114286,23.042856,7.747114e-05,0.0017623529,-7.2791902999999985e-25,7.450581e-09,0.0,True
2003-07-28,476.64,32.899998,18.67143,24.857143,14.242858,74.8,3.0142858,2.0714285,3.5571427,5.542857,21.471428,0.00020761788,0.0015937239,-7.2791902999999985e-25,1.4901161e-08,0.0,True
2003-08-04,476.62,0.0,21.257143,27.5,14.900001,61.757145,3.6714287,2.0714285,4.3,5.8,23.314285,3.144145e-05,0.0014629811,-7.2791902999999985e-25,7.450581e-09,0.0,True
2003-08-11,476.6,0.4,24.957144,32.27143,17.0,44.31429,5.0285716,1.3142856,5.7714286,4.757143,25.971428,1.4901161e-08,0.0013088211,-7.2791902999999985e-25,7.450581e-09,0.0,True
2003-08-18,476.6,2.9,21.17143,28.171429,14.142858,52.228573,4.0571427,0.78571427,4.7999997,4.385714,23.471428,5.0649047e-05,0.0011710897,-7.2791902999999985e-25,7.450581e-09,0.0,True
2003-08-25,476.58,0.0,17.614286,23.857143,12.014285,63.157143,2.8714287,0.62857145,3.442857,4.3428574,20.614286,9.536743e-06,0.0010635257,-7.325276e-25,1.8626451e-09,0.0,True
2003-09-01,476.59,30.7,14.242858,19.785715,9.3714285,70.1,2.0428574,0.82857144,2.3285713,4.6571426,16.62857,4.5493245e-05,0.0009753108,-7.345365000000001e-25,7.450581e-09,0.0,True
2003-09-08,476.57,5.3,12.514287,18.185715,7.3285713,72.15714,1.7285713,1.0285714,2.1571429,4.9142857,14.857142,3.8653612e-05,0.0009104088,-7.345365000000001e-25,3.7252903e-09,0.0,True
2003-09-15,476.57,37.2,11.642858,16.457144,7.8428574,80.72858,1.3571428,1.0857143,1.6285714,6.2285714,13.442857,0.00015883148,0.00085549057,-7.345365000000001e-25,3.7252903e-09,0.0,True
2003-09-22,476.56,2.2,17.242857,25.085714,10.214286,56.957146,2.4571426,1.6571428,3.2,6.114286,17.457144,1.1920929e-06,0.0008017495,-7.345365000000001e-25,5.5879354e-09,0.0,True
2003-09-29,476.5429885409113,15.4,9.957143,15.500001,5.1,76.942856,1.2142857,0.84285706,1.5428572,5.9714284,12.171429,8.863211e-05,0.0007523298,-7.345365000000001e-25,5.5879354e-09,0.0,True
2003-10-06,476.56,30.5,9.271429,13.1,5.4,83.9,0.8142857,0.68571424,0.9714286,6.4857144,10.242857,0.00013487041,0.00071749836,-7.345365000000001e-25,3.7252903e-09,0.0,True
2003-10-13,476.59,55.300003,7.1285715,10.185715,4.3142858,84.04286,0.7857143,0.7285714,0.7571429,8.557143,7.6,0.00025687367,0.0006902665,-7.345365000000001e-25,3.7252903e-09,0.0,True
2003-10-20,476.6,2.0,2.0428572,7.5142856,-1.7857143,80.557144,0.59999996,0.50000006,0.7714286,8.242857,4.6571426,4.515052e-06,0.0006654784,-7.345365000000001e-25,0.0,0.0,True
2003-10-27,476.6,11.9,0.65714294,2.9285715,-1.7714285,86.557144,0.25714284,0.22857144,0.45714286,8.414286,1.9428571,6.803125e-05,0.0006453246,0.0011137213,0.001256723,0.0026041046,True
2003-11-03,476.62,20.1,5.2571425,7.928571,2.4857144,82.85714,0.4857143,0.4714286,0.55714285,8.528571,3.857143,0.0001039207,0.0006284267,0.00046629,0.0014669821,9.5032156e-05,True
2003-11-10,476.54,0.0,4.0285716,9.085714,0.4,83.15715,0.41428575,0.37142858,0.44285712,8.557143,4.1571426,1.8849969e-06,0.00061301887,1.1069434e-06,5.7965517e-06,0.0,True
2003-11-17,476.56,30.1,2.0142858,4.857143,-0.61428577,89.22858,0.22857144,0.21428572,0.3,8.557143,2.2714286,0.00013972819,0.0005992353,3.9906727e-06,1.06636435e-05,1.1354685e-05,True
2003-11-24,476.6,4.7999997,7.0,9.557143,4.557143,85.88572,0.28571433,0.28571433,0.3285714,8.942857,5.428571,4.2513013e-05,0.00058816373,1.1920929e-07,1.0486692e-06,0.0,True
2003-12-01,476.61,8.4,4.285714,6.214286,2.857143,93.85714,0.18571429,0.18571429,0.27142859,9.1,4.3285713,0.00022029877,0.0005786419,-7.345365000000001e-25,0.0,0.0,True
2003-12-08,476.58,2.2,0.10000004,3.4142857,-2.2285714,87.457146,0.12857144,0.12857144,0.22857143,9.257143,1.4714285,1.01700425e-05,0.00057128817,5.4864657e-05,2.0377338e-06,0.0002034679,True
2003-12-15,476.63,47.300003,1.6142857,5.3428574,-1.8000001,79.85714,0.37142855,0.37142855,0.34285715,9.771428,0.34285715,0.001034528,0.0005659908,0.0012875965,0.002307307,0.007669218,True
2003-12-22,476.71,26.1,0.44285712,2.8285713,-1.6,89.314285,0.24285713,0.24285713,0.22857143,10.485714,0.67142856,0.00049415976,0.0005641356,0.005318863,0.0055365525,0.00573897,True
2003-12-29,476.78465855918495,3.3000002,-1.6857144,0.8000001,-4.285714,82.4,0.14285715,0.14285715,0.32857147,10.357142,0.114285715,0.00010436773,0.0005696118,0.005267955,0.0030733906,0.0012095273,True
2004-01-05,476.73,10.299999,-3.8714287,-1.7857143,-6.0,84.51428,0.1,0.1,0.22857143,10.1,-0.05,2.0861626e-07,0.0005828589,0.004896459,9.2573464e-07,0.006643679,True
2004-01-12,476.71,66.1,1.1142857,3.142857,-1.1428572,91.92857,0.18571429,0.18571429,0.24285714,10.8714285,-0.014285714,0.0028327033,0.000726223,0.013533059,0.017815312,0.02789504,True
2004-01-19,476.89,55.6,0.6285715,2.5714285,-1.8142859,86.92857,0.37142852,0.37142852,0.35714287,11.3714285,0.6,0.0009054765,0.00092660636,0.019127635,0.013762362,0.019394763,True
2004-01-26,476.96,5.8,-4.3857145,-1.5,-6.9857144,85.01429,0.042857144,0.042857144,0.18571429,10.685715,0.0,8.419156e-06,0.00090520084,0.035480965,1.8624589e-05,0.011341881,True
2004-02-02,476.86,29.5,0.37142864,1.9857142,-1.9285715,83.057144,0.32857147,0.32857147,0.47142857,10.5,0.6142857,0.0029293746,0.002599068,0.036262978,0.04180199,0.010037199,True
2004-02-09,477.3,24.7,5.928571,8.3714285,3.914286,76.24286,0.88571423,0.85714287,0.74285716,10.557143,4.1571426,0.00036251545,0.0018069521,0.002756482,0.007258473,0.010087766,True
2004-02-16,477.38,22.1,0.6857143,2.7285714,-1.3857144,89.21429,0.24285714,0.22857143,0.3857143,10.642858,0.8142857,0.00043138862,0.0026148036,0.012363485,0.014683645,0.011074733,True
2004-02-23,477.24,0.90000004,-1.3571428,1.5714285,-4.1285715,78.21429,0.34285715,0.31428573,0.61428577,10.214286,0.24285714,6.7949295e-05,0.0032661632,0.0057498896,0.0024079885,0.0026883446,True
2004-03-01,477.14,13.5,-3.5142858,-0.15714285,-6.8,79.5,0.18571429,0.18571429,0.55714285,10.2,-0.057142857,2.2433698e-05,0.003793314,0.008178614,0.001045974,0.007754881,True
2004-03-08,476.88,3.0,-1.6571429,1.1714287,-4.4142857,81.42857,0.3571429,0.3285714,0.59999996,10.228572,-0.042857144,5.0224364e-05,0.004114583,0.01389877,0.00194964,0.008295037,True
2004-03-15,476.81,4.6,1.9857143,5.085714,-1.1857144,82.51429,0.62857145,0.5857143,0.67142856,10.142858,1.2857143,0.0003696829,0.0042809695,0.012388996,0.015905341,0.0048478134,True
2004-03-22,476.88,21.3,8.528571,13.157143,4.428571,76.85714,1.6142856,1.4857142,1.3000001,10.014286,7.4857144,0.0012318343,0.004401095,0.00027516342,0.0019686054,4.5392662e-05,True
2004-03-29,476.9336556143104,0.3,0.9428572,5.1285715,-2.8285713,74.542854,0.82857144,0.7714286,1.1428572,10.185715,3.0857143,5.77569e-05,0.004710369,0.0005139737,0.0007787235,0.0011630952,True
2004-04-05,476.95,5.8,7.3142858,13.028572,2.1428573,71.67143,1.9,1.6000001,1.8285714,9.442857,8.1285715,0.00013743341,0.0049367025,5.7901656e-05,0.00032024272,0.0,True
2004-04-12,476.89,19.9,3.1571429,7.2428575,-0.028571436,84.82857,1.2,1.1142857,1.1714286,9.957143,5.1285715,0.0003528595,0.0049643144,0.00058895064,0.0025196,0.002627045,True
2004-04-19,476.82,7.5,8.571428,13.685715,3.6857145,68.21429,2.0714285,1.7285713,2.1857142,9.185715,10.328571,5.571544e-05,0.004955113,2.071971e-05,0.00011747144,0.0,True
2004-04-26,476.79,1.9,9.3714285,14.7,3.8285716,74.15715,2.114286,1.7571428,2.2857144,8.971429,11.842857,7.712096e-05,0.0048447996,-7.2791902999999985e-25,7.636845e-08,0.0,True
2004-05-03,476.77,32.800003,12.214286,18.071428,6.8,75.17143,2.6714287,2.2,2.8428571,8.785714,14.757143,0.00060108304,0.004676871,-7.2791902999999985e-25,3.7252903e-09,0.0,True
2004-05-10,476.92,79.700005,7.957143,11.17143,5.4714284,89.42857,1.2428572,1.2285715,1.2428571,10.557143,9.8714285,0.0054504722,0.009067439,0.0005009572,0.003791418,0.003726408,True
2004-05-17,477.19,5.6,10.014285,14.300001,6.071429,79.71429,1.8142856,1.6999998,2.1,10.3,12.3714285,9.87798e-05,0.0069841146,6.0172306e-06,6.124005e-05,0.0,True
2004-05-24,477.02,3.5,9.857142,14.800001,4.2428575,71.85714,2.5285716,2.1142857,2.8142858,9.528571,13.257143,0.0001064837,0.0074261576,2.4409522e-07,2.3171306e-06,2.8423965e-06,True
2004-05-31,476.8945131727956,0.1,10.457143,15.728572,4.542857,67.67143,2.6000001,2.0285714,3.042857,8.914286,14.4,7.635355e-05,0.0071468875,-7.2791902999999985e-25,4.4703484e-07,0.0,True
2004-06-07,476.87,23.7,12.857142,17.571428,7.928571,79.75714,2.3142858,1.9714285,2.7857144,8.714286,15.771428,0.00031237304,0.006744221,-7.2791902999999985e-25,0.0,0.0,True
2004-06-14,476.78,24.1,16.942858,22.4,11.542857,72.58572,3.357143,2.8428571,3.642857,8.185715,19.542856,0.0003902018,0.0062720627,-7.2791902999999985e-25,7.450581e-09,0.0,True
2004-06-21,476.77,15.9,11.885715,16.742857,7.214286,78.02857,2.5714285,2.2285714,2.5285716,7.885714,15.342857,0.00018502772,0.005832605,-7.2791902999999985e-25,3.7252903e-09,0.0,True
2004-06-28,476.75,8.0,14.085715,18.628572,9.728571,69.51429,3.1,2.385714,3.0571427,7.742857,16.057142,0.00017417967,0.0054379627,-7.2791902999999985e-25,7.450581e-09,0.0,True
2004-07-05,476.68,18.2,13.757143,18.814285,9.642858,74.52857,2.857143,2.1571426,2.7714286,7.257143,16.642857,0.00022958219,0.0050369874,-7.2791902999999985e-25,7.450581e-09,0.0,True
2004-07-12,476.68,61.6,13.1285715,17.442858,9.514285,79.88572,2.4285715,2.0714285,2.357143,7.8285713,15.857142,0.0074790865,0.0047513694,-7.2791902999999985e-25,1.1175871e-08,0.0,True
2004-07-19,476.68,29.8,16.157145,20.67143,12.271429,81.15715,2.6,2.2714286,2.6285713,8.242857,17.6,0.0014787316,0.0044466853,-7.284705e-25,1.1175871e-08,0.0,True
2004-07-26,476.69,22.4,17.628572,22.9,13.014287,79.57143,2.842857,2.6000001,3.1714287,8.6285715,20.671429,0.00038214028,0.0042026863,-7.345365000000001e-25,7.450581e-09,0.0,True
2004-08-02,476.68,0.4,17.328571,23.071428,10.828572,68.24286,3.2999997,2.5285716,3.7285714,7.9857144,20.557142,8.203089e-06,0.003985226,-7.345365000000001e-25,3.7252903e-09,0.0,True
2004-08-09,476.67,0.0,20.84286,27.157145,14.528572,58.04286,4.2000003,2.357143,4.714286,6.714286,23.314285,1.7732382e-06,0.0037134364,-7.345365000000001e-25,7.450581e-09,0.0,True
2004-08-16,476.67,32.4,17.914288,23.300001,13.228572,75.24286,2.7714288,1.8714286,2.8714287,6.785714,20.114286,0.00025464594,0.003433749,-7.345365000000001e-25,7.450581e-09,0.0,True
2004-08-23,476.65,29.2,16.028572,20.728573,12.328572,77.62858,2.3857143,2.0428572,2.4285715,7.357143,18.114286,9.7215176e-05,0.0032166988,-7.345365000000001e-25,5.5879354e-09,0.0,True
2004-08-30,476.6812288554306,38.0,14.0,17.257143,11.571428,86.114296,1.5,1.3999999,1.3857143,8.185715,15.1285715,0.0004105121,0.0030302554,-7.345365000000001e-25,1.1175871e-08,0.0,True
2004-09-06,476.67,0.5,15.400001,21.885715,9.457144,69.71429,2.3285716,1.8142855,2.7428572,8.2,17.057142,7.160008e-06,0.0028663278,-7.345365000000001e-25,7.450581e-09,0.0,True
2004-09-13,476.63,18.5,14.6285715,20.214285,8.842857,65.87143,2.2571428,1.7,2.7,7.5,16.7,4.1157007e-05,0.0026814267,-7.345365000000001e-25,5.5879354e-09,0.0,True
2004-09-20,476.65,1.9000001,11.957143,17.214287,7.4000006,75.27143,1.4857143,1.0714287,1.8428572,7.385714,13.8,3.118068e-05,0.0025258511,-7.345365000000001e-25,5.5879354e-09,0.0,True
2004-09-27,476.65,91.9,8.985715,11.514285,6.971429,87.35714,0.9714286,0.9285714,1.1142857,9.214286,9.714286,0.003594406,0.0024068952,-7.345365000000001e-25,0.0,0.0,True
2004-10-04,476.79,8.9,10.728572,14.6,7.285714,85.8,0.84285706,0.8142857,1.0428572,9.3714285,11.242857,6.0394406e-05,0.00233379,-7.345365000000001e-25,7.450581e-09,0.0,True
2004-10-11,476.79,7.0,8.728572,12.957144,5.6714287,82.61428,0.8,0.72857136,1.0142857,9.171429,10.0,3.390014e-05,0.0022675842,-7.345365000000001e-25,1.8626451e-09,0.0,True
2004-10-18,476.76,14.1,5.428571,9.371429,2.0,83.88572,0.62857145,0.55714285,0.78571427,9.2,6.2714286,0.00012040883,0.0022097602,2.1003541e-07,2.3134053e-06,2.4288893e-06,True
2004-10-25,476.74,10.7,10.585715,15.271429,5.9000006,80.68572,0.8428572,0.78571427,0.87142855,9.357142,9.214286,1.8380582e-05,0.0021596774,-7.345365000000001e-25,2.0861626e-07,0.0,True
2004-11-01,476.71,2.0,8.542857,11.457144,6.214286,89.35714,0.35714287,0.35714287,0.5285714,9.685715,8.514286,0.00024145097,0.0021128803,-7.345365000000001e-25,1.8626451e-09,0.0,True
2004-11-08,476.7,5.1,6.0285716,8.2,4.114286,90.814285,0.29999998,0.29999998,0.4,9.757143,6.3285713,0.000109285116,0.0020793155,4.314241e-07,1.0617077e-07,3.068894e-05,True
2004-11-15,476.68,12.3,0.37142858,2.3142858,-1.1142857,93.88572,0.17142858,0.17142858,0.22857143,10.4,1.3,0.0002162978,0.0020542815,0.008898627,0.008418858,0.015448667,True
2004-11-22,476.79,84.4,2.5,4.857143,0.24285714,90.64286,0.34285715,0.34285715,0.37142858,11.042857,2.2714286,0.0021499097,0.0031606331,0.005957586,0.014761226,0.012054464,True
2004-11-29,477.13628399319407,13.6,1.557143,4.471429,-1.1857145,87.74286,0.20000002,0.20000002,0.20000002,10.8,1.3142858,0.00047902763,0.0027439818,0.0017257986,0.004042655,0.0001257509,False
2004-12-06,477.12,2.7,0.31428573,2.1571429,-1.0571429,94.17143,0.11428572,0.11428572,0.114285715,10.314285,0.9,3.515929e-05,0.0031900182,0.0006249235,0.00057303347,0.00037131086,True
2004-12-13,477.04,0.0,-2.3428574,1.0285715,-4.9428573,86.328575,0.10000001,0.08571429,0.114285715,10.228572,-0.1,7.197261e-06,0.003623791,0.00042582126,0.0002616234,3.5943463e-05,True
2004-12-20,476.87,30.8,-2.8142858,-0.09999998,-5.4000006,92.185715,0.17142858,0.17142858,0.20000002,10.657143,-0.5714286,7.432699e-05,0.0038761199,0.007453578,0.0003732685,0.018160362,True
2004-12-27,476.85,32.2,-0.39999995,1.8571428,-2.7285714,91.971436,0.17142858,0.17142858,0.2857143,10.8,0.08571429,0.0006836429,0.0040390044,0.011698235,0.018038798,0.008565132,True
2005-01-03,477.01,17.0,0.88571435,2.5,-0.85714287,88.88572,0.1,0.1,0.34285715,10.65,0.05,0.0003650859,0.004519783,0.008860764,0.008682299,0.0061283708,True
2005-01-10,477.1,9.3,4.0857143,6.571429,1.6428572,84.35714,0.5714286,0.5714286,0.45714286,10.357142,2.4857142,0.00042419136,0.0053109005,0.0020728395,0.0075340234,0.00040965155,True
2005-01-17,477.13,10.0,1.0571429,3.8285716,-1.1285714,84.5,0.27142859,0.25714287,0.22857143,10.214286,1.3285714,4.4062734e-05,0.006367244,0.0007803213,0.00029312633,0.0014202818,True
2005-01-24,477.2,90.0,0.20000002,2.3428574,-1.4142858,89.85714,0.37142855,0.34285715,0.32857147,11.185715,0.54285717,0.0027266368,0.009396367,0.004580072,0.003701102,0.014584534,True
2005-01-31,477.3181961350125,23.199999,-5.571429,-3.8,-7.514286,90.3,0.014285714,0.014285714,0.3,10.714286,0.071428575,3.954768e-05,0.008907691,0.017233316,0.0005025156,0.017011002,True
2005-02-07,477.34,8.7,-2.4714284,1.1142857,-5.2714286,83.0,0.20000002,0.21428573,0.3,10.642858,0.114285715,0.00016987324,0.009388834,0.028488647,0.0041082017,0.0048311017,True
2005-02-14,477.1,86.2,-0.028571486,2.6000001,-2.957143,87.74286,0.35714287,0.35714287,0.3857143,11.014286,0.34285715,0.0037292093,0.01373893,0.018535262,0.022937536,0.009677868,True
2005-02-21,477.41,18.800001,-3.6714287,-1.9714286,-5.414286,88.78571,0.028571429,0.028571429,0.37142858,10.9,0.1,5.327165e-06,0.016780682,0.022992441,0.00025564246,0.015122626,True
2005-02-28,477.56,6.8,-6.3857145,-2.7857144,-9.528571,84.942856,0.0,0.0,0.41428572,10.4,0.1,4.3660402e-06,0.016852483,0.033381246,0.00022101589,0.012339249,True
2005-03-07,477.29,2.3000002,-6.2571435,-2.0285716,-10.3714285,72.057144,0.042857144,0.042857144,0.5142857,10.3,0.1,4.3213367e-07,0.015949793,0.036481466,2.4488196e-05,0.0029873103,True
2005-03-14,477.07,23.2,-0.5142857,2.0428572,-3.2000003,82.40001,0.47142857,0.45714286,0.61428577,10.557143,0.14285715,0.00014346838,0.014684662,0.044692874,0.004776785,0.018340666,True
2005-03-21,476.96,4.0,6.2000003,11.585715,1.3571428,73.614296,1.5428572,1.3857144,1.3714286,10.114285,4.5571427,0.0025235564,0.013798244,0.014948601,0.04997983,3.9860606e-07,True
2005-03-28,477.29,9.3,7.6285715,12.5,3.3857143,83.057144,1.1,1.042857,1.3142856,9.957143,8.257143,0.00055870414,0.0131247565,0.00011109738,0.0005041305,0.0,True
2005-04-04,477.39,2.5,7.1857147,13.857142,1.3000001,61.214287,2.2285714,1.9,2.1714284,9.771428,8.742857,0.00011271238,0.012871996,3.1789145e-07,2.2351742e-06,0.0,True
2005-04-11,477.19,9.4,5.5285716,9.671428,1.4,82.042854,1.3,1.2142857,1.2285715,9.585714,7.0571427,0.00031380355,0.012449041,7.6668606e-05,0.0002648905,0.0003783144,True
2005-04-18,477.01,9.4,9.985715,15.542857,4.8,75.88572,1.9714285,1.6428573,2.0571427,9.285714,11.242857,0.0002529621,0.0117981285,1.6723361e-05,0.00011084601,0.0,True
2005-04-25,476.91,25.3,6.8,11.685715,2.0714288,72.14286,1.9000002,1.657143,1.9571428,9.757143,10.228572,0.0003684461,0.01101616,2.5544847e-07,1.2554228e-06,1.3001263e-06,True
2005-05-02,476.83,8.4,12.528571,17.428572,7.0428576,74.02857,2.6285713,2.2857144,2.642857,9.657143,13.728572,0.00031214952,0.010347143,-7.345365000000001e-25,1.1175871e-08,0.0,True
2005-05-09,476.81,20.0,7.957143,12.528572,5.142857,78.799995,1.8571428,1.8000001,1.7428571,9.514286,10.7,0.0003735125,0.009695493,1.5099844e-06,1.1917204e-05,1.9310042e-05,True
2005-05-16,476.77,22.900002,7.6857147,12.957144,2.2571428,73.88572,2.2142856,2.0,2.357143,9.6285715,10.757143,0.00045569986,0.009071916,1.3113022e-06,7.286668e-06,0.0,True
2005-05-23,476.77,63.9,10.5,14.67143,6.014286,79.01429,2.0571427,1.8714286,2.1857142,9.614285,12.914286,0.0005050674,0.008505233,-7.345365000000001e-25,3.7252903e-09,0.0,True
2005-05-30,476.8455740861212,6.5,18.02857,24.157145,10.614286,65.314285,4.2428575,3.3428571,4.4714284,8.8714285,20.4,4.041195e-05,0.00791923,-7.345365000000001e-25,0.0,0.0,True
2005-06-06,476.95,11.7,12.228572,17.214285,6.8285713,70.200005,2.8857143,2.2571428,3.0857143,8.057143,15.842857,0.00018039346,0.0072490424,-7.345365000000001e-25,3.7252903e-09,0.0,True
2005-06-13,476.84,1.6,9.485715,13.785714,4.5142856,70.5,2.4285715,1.7142857,2.6857142,7.8142858,13.142858,5.9485435e-05,0.0066508055,-7.345365000000001e-25,0.0,0.0,True
2005-06-20,476.79,0.4,17.228573,22.642857,10.5,65.35714,3.7714286,1.9999999,4.0142856,7.142857,19.87143,2.8200448e-05,0.0060298666,-7.345365000000001e-25,7.450581e-09,0.0,True
2005-06-27,476.73,19.6,19.77143,25.914288,12.828572,65.3,4.4428573,2.0428572,4.6,6.357143,23.357143,0.00030189753,0.0053288043,-7.345365000000001e-25,3.7252903e-09,0.0,True
2005-07-04,476.7,31.4,17.1,22.514286,11.957144,74.02857,3.1714284,2.142857,3.5857143,7.071429,20.328571,0.00018286705,0.0047545657,-7.345365000000001e-25,7.450581e-09,0.0,True
2005-07-11,476.67,17.4,14.485715,19.642857,9.314285,73.42857,2.8428571,2.3714287,3.0571427,7.428571,17.457144,0.00014811754,0.0042949915,-7.345365000000001e-25,3.7252903e-09,0.0,True
2005-07-18,476.62,17.3,19.514286,26.314287,12.542857,60.24286,4.457143,2.9857142,4.857143,6.5857143,22.77143,2.887845e-05,0.0038477555,-7.345365000000001e-25,3.7252903e-09,0.0,True
2005-07-25,476.62,25.0,14.157144,18.457144,10.1,76.614296,2.3428574,1.8714285,2.2428572,6.714286,16.042856,0.00014314055,0.0034648255,-7.345365000000001e-25,1.4901161e-08,0.0,True
2005-08-01,476.59,18.6,19.185715,24.914288,13.828572,69.24286,3.3857143,2.7,3.7428572,7.1,20.885714,0.00013034046,0.0031410009,-7.345365000000001e-25,1.1175871e-08,0.0,True
2005-08-08,476.6,46.4,12.271429,16.614286,8.485715,81.15715,1.9999999,1.8571428,2.1571429,7.957143,15.471429,0.00035116076,0.002860777,-7.345365000000001e-25,0.0,0.0,True
2005-08-15,476.59,18.199999,12.814285,17.128572,9.599999,79.8,1.6571428,1.4857142,2.0,8.357142,14.3,0.0002284795,0.0026481599,-7.345365000000001e-25,7.450581e-09,0.0,True
2005-08-22,476.58,14.6,16.657145,21.757143,12.342857,79.3,2.3285713,1.9571427,2.8,8.357142,18.385714,0.0002386123,0.0024656877,-7.345365000000001e-25,7.450581e-09,0.0,True
2005-08-29,476.5987221207585,9.4,14.471429,19.542858,9.5,77.27143,1.957143,1.6142857,2.3142858,8.5,16.642857,0.00011161715,0.0023148954,-7.345365000000001e-25,3.7252903e-09,0.0,True
2005-09-05,476.53,2.1,18.300001,24.514286,12.642858,69.48572,2.642857,1.8714285,3.3,7.542857,20.185715,2.95043e-05,0.0021643192,-7.345365000000001e-25,1.1175871e-08,0.0,True
2005-09-12,476.54,9.3,17.714285,23.600002,12.785714,72.07143,2.0000002,1.2714287,2.542857,7.142857,19.6,0.00014987588,0.0020194277,-7.345365000000001e-25,7.450581e-09,0.0,True
2005-09-19,476.53,40.199997,10.900001,16.1,6.1857142,79.40001,1.3142856,1.1857144,1.5571429,8.471429,13.428572,0.00017076731,0.0019178241,-7.345365000000001e-25,5.5879354e-09,0.0,True
2005-09-26,476.53,10.0,11.900001,18.742859,6.085714,74.971436,1.4857142,1.1857144,1.9285715,8.171429,13.942857,2.7298927e-05,0.0018178001,-7.345365000000001e-25,0.0,0.0,True
2005-10-03,476.54,39.9,9.900001,12.328572,7.914286,86.38572,0.6857143,0.6571428,0.85714287,8.914286,10.757143,0.0003914535,0.0017387122,-7.345365000000001e-25,7.450581e-09,0.0,True
2005-10-10,476.56,0.0,11.728571,16.571428,8.3714285,84.71429,0.9714285,0.8428572,1.1857144,9.042857,12.757143,6.943941e-06,0.0016779527,-7.345365000000001e-25,7.450581e-09,0.0,True
2005-10-17,476.55,0.0,7.9,15.2,2.857143,76.37144,0.9142858,0.7285714,1.2142857,8.571428,10.385715,5.9604645e-08,0.0016185045,-7.345365000000001e-25,1.8626451e-09,0.0,True
2005-10-24,476.57,11.6,8.942858,12.6285715,5.5,82.35714,0.6571428,0.59999996,0.87142855,8.5,9.271428,0.00019682199,0.0015675947,-7.345365000000001e-25,7.450581e-09,0.0,True
2005-10-31,476.5228240194055,4.2,10.471429,14.942858,6.6714287,83.58572,0.71428573,0.61428565,0.87142855,8.757143,10.585714,7.8082085e-06,0.0015259385,-7.345365000000001e-25,7.450581e-09,0.0,True
2005-11-07,476.53,14.599999,7.642857,9.971429,5.6285715,91.5,0.4142857,0.3571429,0.44285712,8.842857,7.9,0.00014732033,0.0014898703,-7.345365000000001e-25,3.7252903e-09,0.0,True
2005-11-14,476.5,0.5,5.1142855,8.742857,2.5857143,89.75715,0.29999998,0.27142856,0.35714287,8.9,5.8142858,5.1409006e-06,0.0014595538,-7.345365000000001e-25,0.0,0.0,True
2005-11-21,476.52,45.4,0.4857143,2.4285715,-1.4428571,92.51429,0.17142858,0.15714288,0.24285714,9.571428,1.6,0.00037117302,0.0014350191,0.002208596,0.0018304642,0.0062236637,True
2005-11-28,476.52,20.3,-2.3714287,-0.6,-4.4,89.08572,0.071428575,0.071428575,0.3285714,9.914286,0.4,5.364418e-07,0.0014183596,0.009220112,1.9043684e-05,0.010636035,True
2005-12-05,476.58,27.000002,-0.4857143,1.5571429,-2.857143,89.92857,0.14285715,0.12857144,0.22857143,10.071428,0.45714286,0.00034964085,0.0014083162,0.012522601,0.009261774,0.0006911196,True
2005-12-12,476.63,2.6,-0.25714284,2.0285714,-2.642857,92.15715,0.08571429,0.10000001,0.17142858,10.228572,0.55714285,7.095933e-05,0.0014082268,0.0039930684,0.002537191,0.0006856024,True
2005-12-19,476.68,49.899998,-0.15714286,1.557143,-1.9857143,89.84286,0.2,0.2,0.2857143,10.642858,0.35714287,0.00046592206,0.0014323667,0.004765045,0.0028651208,0.010382388,True
2005-12-26,476.72,18.9,0.3285714,1.8428572,-1.2142857,92.700005,0.10000001,0.10000001,0.17142858,10.6285715,0.51428574,0.00042009354,0.001510419,0.010597831,0.012473896,0.011456469,True
2006-01-02,476.78,15.4,-3.2857144,-1.5000001,-5.457143,90.58572,0.02,0.02,0.25714287,10.48,0.14,0.00016373396,0.0016722456,0.015065591,0.006784994,0.010777816,True
2006-01-09,476.72,0.4,-1.9142858,-0.10000001,-3.5142858,90.77143,0.057142857,0.057142857,0.18571429,10.3,0.114285715,1.9818544e-06,0.0018719658,0.0149888145,9.137392e-05,0.0018548779,True
2006-01-16,476.68,4.8,-4.871429,-1.4,-7.857143,89.98572,0.042857144,0.042857144,0.14285715,10.228572,-0.4857143,1.30832195e-05,0.0020592436,0.016207775,0.00068743154,0.0029037856,True
2006-01-23,476.68,37.3,-2.7428572,0.5285715,-5.328572,88.77143,0.114285715,0.114285715,0.27142859,10.742857,-0.42857143,0.00027114153,0.0022097975,0.024891984,0.007109128,0.016309254,True
2006-01-30,476.6573043400837,3.2,-7.1857147,-1.9428571,-11.428572,77.971436,0.071428575,0.071428575,0.42857143,10.342857,-1.4857143,5.7816505e-06,0.0023600236,0.02663408,0.00028971955,0.0024549104,True
2006-02-06,476.63,6.3,-4.4142857,-0.37142858,-8.614285,82.12858,0.12857144,0.114285715,0.5,10.185715,-1.2285714,5.593896e-05,0.002507709,0.02405665,0.002809599,0.0025023296,True
2006-02-13,476.64,50.1,-2.3714287,0.14285716,-5.0,89.62858,0.20000002,0.20000002,0.34285715,10.8714285,-0.014285714,0.00018715858,0.0026368052,0.036336478,0.0035775676,0.022421315,True
2006-02-20,476.63,37.8,0.59999996,2.8857143,-1.8571428,91.35714,0.37142858,0.37142858,0.42857143,10.757143,0.17142858,0.001091592,0.0028391033,0.034232877,0.022408426,0.008715853,True
2006-02-27,476.72,7.0,-3.3428574,-1.3000001,-5.1857147,85.02857,0.11428572,0.11428572,0.5,10.342857,-0.014285714,2.8371811e-05,0.0035750642,0.028279208,0.0010831933,0.0023184586,True
2006-03-06,476.82,24.3,-3.2142856,-0.9285715,-5.514286,86.02857,0.114285715,0.114285715,0.45714286,10.514286,0.0,4.1276217e-06,0.004246205,0.035473183,0.00010467321,0.016854856,True
2006-03-13,476.8,41.8,-2.7571428,0.24285719,-6.057143,87.21429,0.2857143,0.2857143,0.5857143,11.028571,-0.028571429,0.0013265461,0.004781559,0.04029097,0.018304314,0.016019102,True
2006-03-20,476.79,0.0,-2.5,1.5714285,-6.142857,85.41429,0.40000004,0.37142855,0.8000001,10.357142,0.014285714,0.00030892342,0.005802937,0.03814217,0.012750128,0.002288349,True
2006-03-27,476.82,25.7,3.9285715,8.3,-0.0714285,76.75714,1.0285714,1.0,1.1285714,10.2,2.3142858,0.0026156604,0.008333012,0.01900272,0.028852189,0.0033431798,True
2006-04-03,477.74,65.4,6.8428574,10.17143,4.0142856,84.82857,1.2714287,1.2714287,1.0428572,10.771428,6.2714286,0.0011413693,0.011965685,0.00016757988,0.0009882431,0.0,True
2006-04-10,477.92,0.3,3.3,8.014285,-0.88571423,65.87143,1.5714285,1.4428571,1.6999999,10.142858,5.042857,5.9589744e-05,0.016151346,4.527682e-05,0.0001532603,0.00018122792,True
2006-04-17,477.53,25.0,5.4428573,8.385715,2.2428572,85.64286,1.0714285,1.0142857,1.1285714,10.157143,6.0142856,0.0005108267,0.015987009,0.00018580754,0.0009811241,0.00095482916,True
2006-04-24,477.2,5.5,9.385714,15.17143,3.5714288,72.14286,2.2142856,1.9714288,2.357143,9.842857,11.585714,0.00017741323,0.015071295,6.2442965e-08,9.275973e-07,0.0,True
2006-05-01,477.03,23.099998,7.971429,12.228572,3.9285715,81.97143,1.6857145,1.5714285,1.8428571,10.057143,10.6285715,0.0009808764,0.013927765,2.9126802e-05,0.00014683977,0.00017042086,True
2006-05-08,476.92,0.0,13.3714285,19.642857,6.1714287,51.014286,4.285714,3.3428571,4.342857,9.042857,15.142858,5.7294965e-06,0.012783937,2.4352755e-06,2.1718442e-05,0.0,True
2006-05-15,476.87,26.500002,12.985715,18.614286,6.2000003,64.685715,3.2999997,2.357143,3.457143,7.6714287,15.757143,0.00017006695,0.011328228,-7.345365000000001e-25,0.0,0.0,True
2006-05-22,476.85,39.4,12.400001,16.685715,9.157144,78.87144,2.385714,2.2,2.1571429,8.385715,13.757143,0.00037397444,0.010072775,-7.345365000000001e-25,1.1175871e-08,0.0,True
2006-05-29,476.8993834070193,67.8,10.085714,13.557143,5.828572,78.11428,2.2000003,2.0571427,1.9714286,9.671429,12.1285715,0.0020797476,0.009194344,-7.345365000000001e-25,7.450581e-09,0.0,True
2006-06-05,477.11,32.4,7.071429,11.085714,3.8714287,81.44286,1.7857141,1.7142857,1.8714286,10.457143,10.028571,0.00032907724,0.008385725,-7.345365000000001e-25,0.0,0.0,True
2006-06-12,477.26,1.3,13.957144,19.985716,6.428571,63.100002,3.7857144,2.9428573,4.1142855,9.257143,17.471428,2.232194e-05,0.007876031,-7.345365000000001e-25,0.0,0.0,True
2006-06-19,477.11,6.6000004,19.17143,25.27143,11.842857,65.64286,4.1285715,3.0714283,4.6571426,7.857143,22.357143,0.00038726628,0.007155329,-7.345365000000001e-25,7.450581e-09,0.0,True
2006-06-26,476.9,26.5,18.414288,23.671429,12.642858,69.92857,3.7857144,2.6714287,3.6571429,7.3714285,21.8,0.00016757846,0.0064989626,-7.345365000000001e-25,7.450581e-09,0.0,True
2006-07-03,476.8,4.3999996,17.428572,22.37143,11.785714,70.9,3.757143,2.3714287,4.0142856,7.0285716,21.1,8.574128e-05,0.0058836862,-7.345365000000001e-25,7.450581e-09,0.0,True
2006-07-10,476.75,19.0,20.242857,25.614286,15.228572,71.38572,3.7571428,2.2571428,4.157143,7.0,23.257143,0.00016611814,0.0052484795,-7.345365000000001e-25,1.1175871e-08,0.0,True
2006-07-17,476.72,45.1,18.800001,24.714285,12.285714,66.38572,4.285714,2.6714287,4.642857,6.7714286,23.27143,8.247793e-05,0.004689619,-7.345365000000001e-25,1.1175871e-08,0.0,True
2006-07-24,476.71,1.5,23.128572,30.228573,15.314286,53.32857,4.985714,1.6857144,5.428571,5.928571,25.328571,3.6671758e-05,0.0041137487,-7.345365000000001e-25,7.450581e-09,0.0,True
2006-07-31,476.6880036439221,33.3,20.957144,28.2,15.685715,71.314285,3.6714284,1.9714285,4.0571427,6.1,24.085714,0.000350222,0.0036202222,-7.345365000000001e-25,1.1175871e-08,0.0,False
2006-08-07,476.68,36.9,14.842857,19.085714,10.985715,82.01429,2.2,1.8571428,2.4857142,7.0142856,17.557142,0.00022553653,0.003270425,-7.345365000000001e-25,1.3038516e-08,0.0,True
2006-08-14,476.67,14.7,12.528572,17.0,9.285714,79.9,1.757143,1.5142858,2.0285714,7.7285714,15.6285715,0.00021988899,0.0029962212,-7.345365000000001e-25,0.0,0.0,True
2006-08-21,476.65,42.800003,15.471429,20.128572,11.457144,78.61428,2.1142857,1.9428571,2.2571428,8.1285715,17.028572,0.0003091544,0.0027737021,-7.345365000000001e-25,1.1175871e-08,0.0,True
2006-08-28,476.63,32.199997,12.885715,17.157145,10.157144,84.18572,1.5714285,1.4714285,1.5857143,8.728572,14.9,0.0010748059,0.0025966838,-7.345365000000001e-25,5.5879354e-09,0.0,True
2006-09-04,476.65,14.5,14.67143,18.585714,11.3,77.042854,1.8571428,1.7142857,2.0285714,9.2,15.171429,0.00016769767,0.0024815798,-7.345365000000001e-25,1.3038516e-08,0.0,True
2006-09-11,476.64,0.0,15.242858,22.042858,9.528571,71.38572,2.2714286,1.7571428,2.857143,8.3,17.685715,2.0042062e-05,0.0023754686,-7.345365000000001e-25,3.7252903e-09,0.0,True
2006-09-18,476.64,0.1,17.328571,24.042858,11.514287,70.01429,2.242857,1.5857143,2.7857144,7.5142856,19.171429,2.0861626e-05,0.002255343,-7.345365000000001e-25,3.7252903e-09,0.0,True
2006-09-25,476.61,0.4,15.214286,22.185715,9.314285,69.200005,1.9285715,1.2428571,2.4714284,7.2285714,16.9,1.1608005e-05,0.0021450967,-7.345365000000001e-25,5.5879354e-09,0.0,True
2006-10-02,476.61,48.0,13.842857,17.6,10.857142,87.057144,0.91428566,0.7714285,1.1,7.5571427,15.3714285,0.00016272813,0.0020484328,-7.345365000000001e-25,5.5879354e-09,0.0,True
2006-10-09,476.64,41.199997,10.014285,13.485715,7.228572,86.700005,0.8428572,0.78571427,0.88571423,9.228572,11.185715,0.0005168021,0.0019798428,-7.345365000000001e-25,7.450581e-09,0.0,True
2006-10-16,476.63,0.2,10.085714,15.5,6.157143,86.14286,0.75714284,0.62857145,0.9428572,8.842857,12.028571,0.0001193732,0.0019259974,-7.345365000000001e-25,1.8626451e-09,0.0,True
2006-10-23,476.66,23.6,10.7,14.985715,7.142857,79.88572,0.78571427,0.6571428,0.94285715,8.6,10.557143,0.00019329041,0.00188265,-7.345365000000001e-25,7.450581e-09,0.0,True
2006-10-30,476.5932016205432,18.199999,11.842857,14.800001,8.714286,81.11428,0.87142855,0.8142857,0.90000004,9.185715,10.957143,0.00022541732,0.0018507466,-7.345365000000001e-25,9.313226e-09,0.0,False
2006-11-06,476.65,16.0,4.0571427,6.857143,1.3571428,82.07143,0.47142857,0.44285712,0.5,9.3714285,4.3428574,0.00028084219,0.0018317625,0.002863231,0.0076741483,0.007781066,True
2006-11-13,476.65,48.5,5.2571435,8.3714285,2.0,81.85714,0.5714286,0.5571429,0.47142857,9.642858,4.7285714,0.00036415458,0.0018316954,7.086141e-05,0.00035270117,0.00011139363,True
2006-11-20,476.73,10.9,8.571428,11.314285,6.2714286,85.5,0.45714286,0.44285718,0.42857143,9.985714,7.3,0.00016567856,0.0018861294,3.7749608e-06,4.4466928e-05,0.0,True
2006-11-27,476.84,16.8,6.371429,9.3,4.042857,85.957146,0.34285715,0.34285715,0.45714286,10.242857,5.257143,0.00021559,0.0020088404,-7.345365000000001e-25,9.313226e-09,0.0,True
2006-12-04,476.84,10.5,4.214286,6.6142855,2.2142856,92.37144,0.22857143,0.21428572,0.2857143,9.957143,4.285714,0.0001039654,0.0021712407,-7.345365000000001e-25,0.0,0.0,True
2006-12-11,476.83,24.6,5.4857144,7.657143,3.3285716,84.27143,0.44285718,0.42857146,0.5,10.214286,4.6285715,0.00016337633,0.0023211911,7.594199e-05,0.00020509213,0.0016783252,True
2006-12-18,476.78,4.6000004,3.2,5.714286,0.9571429,85.91429,0.25714287,0.25714287,0.20000002,10.342857,2.2,0.00022421777,0.0024823472,0.0004575139,0.0014779065,0.00043727458,True
2006-12-25,476.77,0.5,0.9714286,2.957143,-0.7285715,90.58572,0.1,0.1,0.24285714,10.157143,0.9714286,4.144013e-05,0.002674535,0.0008322398,0.00082710385,0.0008478686,True
2007-01-01,476.79,32.4,1.1285715,4.0857143,-1.1571429,86.37144,0.23333335,0.23333335,0.29999998,10.183333,0.28333333,0.0004964024,0.0028508902,0.00258385,0.005865529,0.005540978,True
2007-01-08,476.87,41.0,4.3,5.714286,2.5714285,88.88572,0.41428572,0.41428572,0.42857143,10.9,3.0142858,0.0004901141,0.0030691102,0.00037693977,0.0011765324,0.000730671,True
2007-01-15,476.88,23.3,5.728572,8.000001,3.0857143,82.51429,0.7571429,0.7142858,0.61428577,10.885715,4.6857142,0.0010172725,0.003685698,1.832417e-05,0.00012210011,0.00012939423,True
2007-01-22,477.36,43.300003,5.157143,7.4,2.3,82.52857,0.82857144,0.81428576,0.64285713,11.0,3.9714286,0.002498597,0.0064208657,0.000118471326,9.489991e-05,0.00084875897,True
2007-01-29,477.36869779691256,33.6,-3.3,-1.4285715,-5.928571,86.41429,0.17142858,0.17142858,0.3857143,10.642858,-0.47142857,0.0001847446,0.006959453,0.0045278016,0.0036275815,0.009981532,True
2007-02-05,477.32,7.2999997,2.957143,4.8285713,1.0142858,87.1,0.35714287,0.34285712,0.41428572,10.414286,1.5,0.00026628375,0.0079196915,0.0027604897,0.0067177434,0.00022133067,True
2007-02-12,477.34,43.5,1.3428571,3.042857,-0.4714286,91.6,0.27142856,0.27142856,0.35714287,10.685715,0.78571427,0.0011746585,0.008446246,0.006644788,0.011876393,0.013522442,True
2007-02-19,477.4,13.5,3.0714285,6.157143,0.5714286,83.08572,0.62857145,0.61428565,0.64285713,10.857142,2.6142857,0.000423491,0.010096289,0.00073776924,0.00314889,5.3197145e-06,True
2007-02-26,477.52,18.1,4.071429,7.642857,1.1999999,87.042854,0.67142856,0.64285713,0.64285713,10.242857,4.1,0.00023128837,0.011793353,4.8609007e-05,0.00016618706,6.619841e-06,True
2007-03-05,477.41,47.6,4.071429,7.4000006,1.057143,84.14286,0.9142857,0.9142857,0.7428571,11.1285715,3.6714287,0.0014608428,0.012621716,0.0010336468,0.0060242023,0.006490279,True
2007-03-12,477.5,2.1999998,5.085714,10.1285715,0.5285714,78.88572,1.1428572,1.0714285,1.1,10.3,5.1857142,0.00013411045,0.014197573,0.00011607579,0.00060948543,0.0,True
2007-03-19,477.4,12.2,4.914286,9.885715,0.55714285,76.814285,1.2142857,1.0571429,1.2285715,9.842857,6.457143,0.00021398067,0.014219761,4.956268e-05,0.00014184974,0.0007410608,True
2007-03-26,477.31,34.2,2.414286,5.7714286,-0.61428577,84.71429,1.0285714,1.0,1.1571429,10.685715,2.6285715,0.00067348033,0.013695054,0.009510341,0.023473622,0.026031468,True
2007-04-02,477.16,0.0,7.4428573,13.428572,1.5142858,62.628574,2.2428572,1.8571428,2.4714284,9.685715,8.257143,0.0001912117,0.013150841,0.0004549651,0.0023851302,0.0,True
2007-04-09,477.09,0.9,5.7571435,11.142858,0.44285718,72.01429,1.8,1.4285715,1.9,9.0,8.228572,3.1083822e-05,0.012547351,8.7965105e-05,0.00037270412,0.00038841367,True
2007-04-16,476.98,0.0,12.557143,19.571428,5.2571425,62.31429,3.2714288,2.2999997,3.4142857,8.114285,13.728572,3.1590462e-06,0.011692345,3.6898115e-07,3.5706908e-06,0.0,True
2007-04-23,476.92,3.0,9.485715,16.114286,1.7714285,58.04286,2.9857142,1.442857,3.1142857,7.1,13.157143,2.3245811e-05,0.010531351,-7.345365000000001e-25,0.0,0.0,True
2007-04-30,476.8861882071301,0.2,13.842857,20.228573,7.3857145,58.17143,3.7142856,1.3285714,3.857143,6.542857,16.614286,2.1114945e-05,0.009286873,-7.345365000000001e-25,0.0,0.0,True
2007-05-07,476.86,20.4,11.842857,17.842857,4.7000003,52.37143,3.7142856,0.74285716,4.042857,6.1714287,14.657143,5.3092837e-05,0.00803449,-7.345365000000001e-25,0.0,0.0,True
2007-05-14,476.83,54.2,12.071428,16.27143,7.5142856,74.87142,2.642857,2.3285716,2.4142857,7.8428574,12.842857,0.00029736757,0.00704246,-7.345365000000001e-25,3.7252903e-09,0.0,True
2007-05-21,476.81,17.400002,12.271429,18.128572,5.442857,74.3,2.8428571,2.3428574,3.0714285,8.385715,14.557143,0.00015044212,0.0062240288,-7.345365000000001e-25,3.7252903e-09,0.0,True
2007-05-28,476.81,22.1,17.800001,23.47143,12.642858,75.58572,3.3285713,2.7,4.0,7.7714286,20.428572,0.00018773973,0.005454637,-7.345365000000001e-25,7.450581e-09,0.0,True
2007-06-04,476.78,19.5,12.814286,17.342857,7.657143,76.328575,2.2857144,2.0714285,2.6000001,9.828571,15.757143,0.0013291091,0.004876606,-7.345365000000001e-25,3.7252903e-09,0.0,True
2007-06-11,476.74,12.1,18.62857,24.814287,13.285714,72.557144,3.7,3.0428574,4.1142855,8.742857,21.928572,0.00012516975,0.004415624,-7.345365000000001e-25,3.7252903e-09,0.0,True
2007-06-18,476.75,38.8,17.157145,22.87143,12.17143,73.35714,3.4714286,3.2285714,3.7571428,9.085714,20.2,0.00055992603,0.0039974228,-7.345365000000001e-25,7.450581e-09,0.0,True
2007-06-25,476.76,56.6,16.428572,21.742859,11.914286,79.3,3.0857143,2.857143,3.0714285,10.085714,19.471428,0.0064099208,0.003657028,-7.345365000000001e-25,7.450581e-09,0.0,True
2007-07-02,476.82,28.400002,13.228572,17.214285,9.328572,78.971436,2.3428571,2.2,2.2714286,10.114285,14.885715,0.00037359446,0.0034487844,-7.345365000000001e-25,7.450581e-09,0.0,True
2007-07-09,476.83,53.9,13.328572,17.37143,10.185715,79.057144,2.542857,2.3999999,2.4857142,10.171429,15.328571,0.0005298853,0.0033062994,-7.345365000000001e-25,1.1175871e-08,0.0,True
2007-07-16,476.88,7.4,17.87143,23.257143,12.371429,70.28571,3.642857,3.114286,3.8428571,9.671429,18.957144,6.6936016e-05,0.0031771064,-7.345365000000001e-25,1.1175871e-08,0.0,True
2007-07-23,476.91,90.49999,18.214287,23.714285,13.028572,75.71429,3.2571428,2.957143,3.4714284,9.1285715,21.27143,0.0037879646,0.0035222918,-7.345365000000001e-25,1.1175871e-08,0.0,True
2007-07-30,476.9380658961151,25.8,14.857142,18.914288,10.785714,76.14286,2.6714284,2.4428573,2.7571428,9.971429,16.942858,0.0016478002,0.0028831363,-7.345365000000001e-25,1.1175871e-08,0.0,False
2007-08-06,477.05,7.2,14.828572,21.142857,8.014286,69.61429,3.0285714,2.5285714,3.3999999,9.557143,17.828571,0.00012227893,0.0028146952,-7.345365000000001e-25,7.450581e-09,0.0,True
2007-08-13,477.01,37.600002,15.942858,20.357143,12.3,87.27143,1.7857143,1.6857141,2.1714287,10.2,18.6,0.005209416,0.004195288,-7.345365000000001e-25,1.3038516e-08,0.0,True
2007-08-20,476.97,12.400001,15.957144,21.328571,10.114286,74.61428,2.3999999,2.142857,2.8714287,9.942857,18.528572,0.0001450032,0.0029990897,-7.345365000000001e-25,7.450581e-09,0.0,True
2007-08-27,476.94,7.5,15.685715,20.942858,10.857142,80.65715,2.1857142,1.9714285,2.7,10.342857,18.642857,0.0027604848,0.0031965598,-7.345365000000001e-25,5.5879354e-09,0.0,True
2007-09-03,476.85,15.799999,12.114286,16.2,7.971429,79.34286,1.5428572,1.3142859,1.8857143,9.557143,15.385715,0.00034169853,0.0034569278,-7.345365000000001e-25,7.450581e-09,0.0,True
2007-09-10,476.83,30.2,9.885715,12.985715,7.1285715,88.08572,1.0142858,0.98571426,1.2857143,10.057143,11.485714,0.00065658987,0.003595896,-7.345365000000001e-25,7.450581e-09,0.0,True
2007-09-17,476.83,10.8,11.714286,17.057142,6.285714,80.314285,1.5285714,1.4142857,1.8142856,9.971429,13.4,0.00023396313,0.0037711188,-7.345365000000001e-25,1.8626451e-09,0.0,True
2007-09-24,476.81,10.200001,10.985715,17.457144,4.957143,78.04286,1.4857142,1.3285714,1.7428571,9.771428,12.885715,0.00056257844,0.003925942,-7.345365000000001e-25,5.5879354e-09,0.0,True
2007-10-01,476.88,64.1,9.771429,13.185715,6.571429,87.47143,0.84285724,0.84285724,1.0714285,10.942857,10.814285,0.0040638745,0.006866887,-7.345365000000001e-25,0.0,0.0,True
2007-10-08,476.93,1.3,10.557143,14.785714,7.1285715,87.3,0.7,0.67142856,0.9714286,10.342857,12.257143,0.0001346916,0.0056442693,-7.345365000000001e-25,0.0,0.0,True
2007-10-15,476.89,0.2,7.6857142,12.885715,2.914286,81.35714,0.7,0.5857143,0.9714286,9.885715,9.428572,2.2560358e-05,0.0063914806,-7.345365000000001e-25,1.8626451e-09,0.0,True
2007-10-22,476.84,16.6,4.7000003,8.114286,2.1,86.38572,0.5714286,0.5571429,0.61428577,9.971429,6.2,0.00012235343,0.0064855814,5.2202315e-05,5.821511e-05,0.00019169599,True
2007-10-29,476.777142243952,0.7,4.057143,6.042857,2.114286,90.17143,0.24285714,0.24285714,0.5,9.971429,4.285714,2.1651387e-05,0.0064304247,3.9503688e-05,0.00014110096,1.0102987e-05,True
2007-11-05,476.79,10.700001,5.2714286,8.471429,2.1714287,90.35714,0.31428573,0.3,0.41428572,9.985714,5.757143,4.9218535e-05,0.0063377395,2.3274194e-07,1.417473e-06,0.0,True
2007-11-12,476.81,102.200005,2.8714287,5.3428574,1.4428574,89.12858,0.5142857,0.5142857,0.44285712,11.2,2.9,0.0015796721,0.00684157,0.0033263196,0.0064833052,0.016649395,True
2007-11-19,477.03,22.9,-0.45714283,1.0714285,-2.057143,92.57143,0.11428572,0.11428572,0.27142859,11.1285715,0.7714286,0.00022810698,0.0065461695,0.018203855,0.0077844597,0.014133869,True
2007-11-26,477.18,23.4,1.2285715,3.642857,-1.0857143,88.48572,0.18571427,0.18571427,0.35714287,10.428572,1.0571429,0.00066547096,0.007216938,0.010660245,0.011395294,0.007119216,True
2007-12-03,477.23,40.5,1.6,3.4714286,-0.22857146,90.542854,0.34285715,0.34285715,0.31428573,10.8,1.4142857,0.0015368611,0.009871736,0.009706696,0.01597849,0.004242167,True
2007-12-10,477.67,47.600002,4.114286,6.0,2.0428572,88.24286,0.3857143,0.3857143,0.3857143,11.214286,2.9857142,0.0013205037,0.013571978,0.0012717644,0.0041494165,0.0054017417,True
2007-12-17,477.73,2.7,-1.3000001,0.057142887,-2.642857,86.1,0.057142857,0.057142857,0.35714287,10.828571,0.41428572,0.00018396229,0.017912552,0.0038119724,0.0016120113,0.0032891408,True
2007-12-24,477.59,2.9,-3.7857144,0.21428569,-6.8857145,85.02857,0.057142857,0.057142857,0.20000002,10.228572,-1.4857143,9.3355775e-06,0.018246017,0.0043216147,0.00042906776,0.0027558804,True
2007-12-31,477.3432602439691,12.5,-1.3285714,0.31428573,-3.2000003,90.185715,0.057142857,0.057142857,0.17142858,10.242857,-0.82857144,7.2062016e-05,0.017355338,0.0068057664,0.0011169426,0.00263286,True
2008-01-07,477.26,18.0,-0.98571426,1.2571429,-3.2857144,85.65715,0.12857142,0.12857142,0.27142859,10.485714,-0.54285717,0.00027503073,0.015978172,0.0077506644,0.003750924,0.0019170791,True
2008-01-14,477.2,2.9,1.9285716,4.114286,-0.22857143,86.91429,0.3,0.3,0.3285714,10.428572,0.2,0.00013808906,0.0145666525,0.0033943313,0.005090298,0.00033279508,True
2008-01-21,477.11,38.1,5.414286,7.0285716,3.2857144,88.28571,0.5285714,0.5142857,0.5,10.614285,3.2285714,0.00038537383,0.013421401,0.00054260093,0.002051251,0.00045027584,True
2008-01-28,477.12,13.4,2.9285715,5.5428576,0.59999996,81.314285,0.5142857,0.5,0.4857143,10.671429,2.1,0.00015586615,0.012563437,0.00025135564,0.00043564662,0.0005106665,True
2008-02-04,477.48,19.800001,0.34285715,2.857143,-2.2714286,85.57143,0.3285714,0.3285714,0.37142858,10.485714,0.7285714,0.00016278028,0.011853218,0.0037503357,0.0026574302,0.008843455,True
2008-02-11,477.42,19.400002,2.4428573,7.714286,-0.8142857,80.814285,0.7,0.68571424,0.5285714,10.557143,1.9428571,0.00033418834,0.011228636,0.0018117428,0.006210964,0.00050358474,True
2008-02-18,477.45,0.0,-1.7142857,2.8714287,-6.071429,74.52857,0.40000004,0.37142858,0.59999996,10.028571,0.5285714,7.584691e-06,0.010751978,0.00060487364,0.0002572108,0.0005860776,True
2008-02-25,477.35,6.1,5.1142855,8.7,1.3285716,81.25714,0.8428572,0.74285716,0.7428571,9.842857,3.6857142,6.0513616e-05,0.010251403,0.0002366872,0.0007699095,4.7776848e-05,True
2008-03-03,477.24,40.1,5.2571425,8.542857,1.7571429,80.44286,1.0,0.9714286,0.87142855,10.6,4.5285716,0.002254352,0.009802863,1.048474e-05,9.866431e-05,0.000140924,True
2008-03-10,477.19,8.2,2.357143,6.2571435,-1.042857,73.828575,0.84285706,0.81428576,1.0714285,10.3714285,2.6142857,0.00010916591,0.009342633,0.00034432183,0.0006275922,0.000677336,True
2008-03-17,477.21,49.2,4.3142858,7.9714284,0.7285715,81.62858,1.1714286,1.1571429,1.0285714,10.842857,4.4714284,0.0006804615,0.009064771,0.000116336916,0.00045528077,0.0008658357,True
2008-03-24,477.43,33.4,-1.0285715,2.1000001,-3.4857144,86.77143,0.5285714,0.5285714,0.7285714,11.014286,1.0142857,0.00021986663,0.008937016,0.010106092,0.0056887306,0.02471093,True
2008-03-31,477.44825797905366,14.2,3.642857,7.4,6.81196e-08,76.057144,1.2857143,1.2285715,1.4,10.428572,3.057143,0.0005643219,0.0089241415,0.012098852,0.019604236,0.0046440996,True
2008-04-07,477.47,33.3,3.6000001,6.571429,1.1,87.114296,0.9285714,0.90000004,1.0142857,10.471429,4.885714,0.00046434999,0.009258941,0.0009088516,0.0028376114,0.0056145117,True
2008-04-14,477.59,42.3,5.042857,9.471429,1.5,82.185715,1.1857141,1.1857144,1.3000001,10.757143,6.0,0.0016977042,0.010807693,0.0011952718,0.0046889074,0.0009378381,True
2008-04-21,477.73,3.1,4.4857144,8.085714,0.8142857,81.67143,1.3285714,1.2714285,1.3857143,10.257143,6.5571427,0.00022789836,0.012222879,1.2579419e-05,6.257743e-05,4.4599175e-05,True
2008-04-28,477.74,27.4,9.428572,15.0,4.0,71.77143,2.3428571,2.1571429,2.457143,9.8714285,11.157143,0.0002875626,0.012222849,-7.345365000000001e-25,2.0861626e-07,0.0,True
2008-05-05,477.44,6.6,9.142858,14.714286,3.2714288,72.77143,2.3857143,2.1428573,2.4428573,9.728572,12.3,0.00022831559,0.011631332,-7.345365000000001e-25,0.0,0.0,True
2008-05-12,477.25,0.0,14.071428,20.542858,6.057143,55.542854,4.2428575,3.142857,4.4142857,8.442857,16.885714,3.1888485e-06,0.010767721,-7.345365000000001e-25,0.0,0.0,True
2008-05-19,477.16,9.400001,12.957144,18.157145,8.242857,73.042854,2.542857,1.8571427,2.9285715,7.5285716,15.771428,0.0001950413,0.009673335,-7.345365000000001e-25,3.7252903e-09,0.0,True
2008-05-26,477.08,0.90000004,12.342857,17.185715,7.2428575,69.72858,2.4428573,1.4142857,2.7714286,7.0857143,14.471429,9.074807e-05,0.008722201,-7.345365000000001e-25,0.0,0.0,True
2008-06-02,476.99,8.2,19.671429,26.157145,13.6,72.22857,3.9714284,1.6857144,4.4714284,6.5285716,21.8,0.00015841424,0.0077316537,-7.345365000000001e-25,1.4901161e-08,0.0,True
2008-06-09,476.97,33.8,16.800001,22.0,11.785714,69.84286,3.4285717,2.1714287,3.8714283,6.8285713,20.142857,0.000106580555,0.0068157837,-7.345365000000001e-25,7.450581e-09,0.0,True
2008-06-16,476.92,14.400001,12.142858,17.285715,7.514286,72.9,2.6000001,1.8285714,3.0,6.7,16.457144,0.00028385222,0.005982615,-7.345365000000001e-25,0.0,0.0,True
2008-06-23,476.89,2.3,17.142857,22.828571,10.485715,61.04286,4.0571427,2.614286,4.357143,6.4857144,19.328571,4.579127e-05,0.0053096265,-7.345365000000001e-25,7.450581e-09,0.0,True
2008-06-30,476.84745724767936,9.6,17.357143,23.242859,11.542857,65.01429,3.7285714,2.1,4.057143,6.0571427,20.37143,0.00027748942,0.004687369,-7.345365000000001e-25,7.450581e-09,0.0,True
2008-07-07,476.89,23.6,18.428572,25.357143,11.757143,61.97143,4.2,2.2142856,4.5285716,5.885714,21.37143,0.00013561547,0.004128583,-7.345365000000001e-25,1.1175871e-08,0.0,True
2008-07-14,476.84,25.4,15.342857,20.285715,10.7,74.07143,2.7714288,1.9142859,2.9285715,6.1714287,17.214285,0.00020164251,0.0036938712,-7.345365000000001e-25,7.450581e-09,0.0,True
2008-07-21,476.8,37.9,14.057143,19.485716,9.6,77.78571,2.3714287,1.7,2.4857142,6.4,16.257143,0.00016719103,0.003351532,-7.345365000000001e-25,7.450581e-09,0.0,True
2008-07-28,476.8,2.0,18.800001,24.642857,12.585715,64.700005,3.8428571,2.542857,4.4,6.6,20.114286,5.8688223e-05,0.003052555,-7.345365000000001e-25,7.450581e-09,0.0,True
2008-08-04,476.78,14.8,19.84286,26.171429,14.371429,67.48572,3.5714288,2.2285712,3.7857144,5.8,22.2,0.00014153868,0.0027425662,-7.345365000000001e-25,7.450581e-09,0.0,True
2008-08-11,476.78,28.6,17.228573,23.385715,11.257143,69.17143,3.2285712,2.1714284,3.3857143,5.9428573,19.285715,0.00013399124,0.0024910197,-7.345365000000001e-25,7.450581e-09,0.0,True
2008-08-18,476.77,3.9,15.071428,19.885714,10.085715,71.48572,2.4285715,1.7142857,2.7714286,6.257143,17.2,0.0022771508,0.0022939667,-7.345365000000001e-25,1.1175871e-08,0.0,True
2008-08-25,476.75,28.099998,14.7,19.685715,10.857142,77.557144,2.0428572,1.6428572,2.1571429,6.642857,16.457144,0.00016877055,0.0021229908,-7.345365000000001e-25,1.1175871e-08,0.0,True
2008-09-01,476.73,31.3,16.37143,21.300001,11.557143,74.21429,1.9714286,1.3999999,2.4428573,6.6,17.557142,9.3236566e-05,0.001979962,-7.345365000000001e-25,7.450581e-09,0.0,True
2008-09-08,476.76,28.099998,14.7,19.428572,10.542857,82.957146,1.5857142,1.3428571,1.6571429,7.2285714,15.885715,0.0002657175,0.001857914,-7.345365000000001e-25,7.450581e-09,0.0,True
2008-09-15,476.73,9.2,12.6285715,17.171429,8.071428,78.14286,1.5285714,1.1999999,1.9428571,7.285714,14.728572,8.575618e-05,0.001751326,-7.345365000000001e-25,3.7252903e-09,0.0,True
2008-09-22,476.69,2.9,6.9000006,11.157143,2.2142859,78.685715,0.9142857,0.68571424,1.2571429,7.242857,9.157143,4.710257e-05,0.0016640276,-7.345365000000001e-25,1.8626451e-09,0.0,True
2008-09-29,476.7606472195665,12.9,8.442858,12.728571,4.2714286,85.88572,0.7571429,0.64285713,1.1428572,7.928571,9.742857,0.00014425069,0.0015963018,-7.345365000000001e-25,1.8626451e-09,0.0,False
2008-10-06,476.76,51.199997,7.5,10.542857,4.428571,86.17143,0.7714285,0.75714284,0.82857144,8.7,7.7714286,0.00042485446,0.0015378445,-7.345365000000001e-25,5.5879354e-09,0.0,True
2008-10-13,476.74,5.4,10.828572,14.871429,7.657143,90.02857,0.62857145,0.5428571,0.71428573,8.442857,11.442857,1.9818544e-05,0.0014956258,-7.345365000000001e-25,1.8626451e-09,0.0,True
2008-10-20,476.76,20.1,7.785714,12.114286,3.3142858,86.15715,0.55714285,0.5142857,0.62857145,8.7,8.457143,0.00032256544,0.0014617294,-7.345365000000001e-25,5.5879354e-09,0.0,True
2008-10-27,476.79,23.5,6.328572,10.257143,2.6285717,86.92857,0.4714286,0.44285712,0.55714285,8.928572,6.785714,0.0003258586,0.0014367551,-7.345365000000001e-25,1.8626451e-09,0.0,True
2008-11-03,476.83,12.099999,4.257143,7.6285715,1.6571429,92.0,0.22857144,0.22857144,0.44285718,9.885715,4.457143,0.00033171475,0.0014254153,0.0031135536,0.008491304,0.008728504,True
2008-11-10,476.81,4.1,7.657143,10.771429,4.6857142,89.67143,0.35714287,0.35714287,0.5142857,9.642858,7.0857143,5.9902668e-05,0.0014377832,8.323079e-05,0.00060841814,0.0,True
2008-11-17,476.8,4.4,4.5285716,7.7428575,0.55714285,85.17143,0.35714287,0.31428573,0.41428572,9.585714,4.6857142,2.336502e-05,0.0014667064,-7.345365000000001e-25,7.0780516e-08,0.0,True
2008-11-24,476.85,53.600002,0.8285714,2.8,-1.5714285,87.200005,0.24285714,0.24285714,0.41428572,10.3,1.8428571,0.00035776198,0.0015012249,0.0032623438,0.00020535663,0.014247693,True
2008-12-01,476.88,11.200001,-1.1857144,1.5714285,-4.328572,88.814285,0.114285715,0.114285715,0.20000002,10.3714285,0.41428572,6.599724e-05,0.001568988,0.014478377,0.003010638,0.0068833455,True
2008-12-08,476.93,50.6,0.6857143,2.2,-1.3714286,91.87144,0.17142858,0.17142858,0.25714287,10.814285,0.5857143,0.00057144463,0.0016579404,0.021294197,0.0149668995,0.015116468,True
2008-12-15,476.96,7.6000004,-0.7571429,1.2,-2.5285716,91.82857,0.071428575,0.071428575,0.14285715,10.5,0.22857143,6.593764e-05,0.0018487796,0.021343311,0.003209781,0.007128805,True
2008-12-22,476.96,32.3,0.82857144,2.757143,-1.0428572,93.042854,0.15714286,0.15714286,0.25714287,10.542857,0.7,0.0007558018,0.0022002608,0.019238114,0.022894721,0.007618211,True
2008-12-29,477.07667975348943,5.3999996,-1.8857144,0.18571432,-3.8,84.25714,0.042857144,0.042857144,0.31428573,10.5,0.1,0.00020217896,0.0025806352,0.004325674,0.003970841,0.00067739934,True
2009-01-05,477.24,10.9,-5.7285714,-2.1000001,-9.400001,86.6,0.0,0.0,0.18571427,10.3,-2.9,1.1771917e-06,0.0032612756,0.0054003852,4.3887645e-05,0.0075195134,True
2009-01-12,477.19,0.1,-10.028572,-3.4714286,-14.957144,75.17143,0.028571429,0.028571429,0.2857143,10.328571,-1.6142857,3.7774444e-06,0.003690362,0.0107910745,0.00016583502,0.00023595244,True
2009-01-19,477.1,20.3,-2.4428573,1.4142858,-5.8428574,84.74286,0.15714286,0.15714286,0.2857143,10.314285,-0.6571429,0.00021896511,0.003913529,0.010992777,0.004169924,0.0069601648,True
2009-01-26,477.07,21.5,-0.34285715,2.2857144,-2.6857142,89.200005,0.22857144,0.22857144,0.25714287,10.728572,0.028571429,0.00034485012,0.0040310174,0.0141323125,0.005830221,0.009636927,True
2009-02-02,476.98,1.6,-2.7428572,-0.71428573,-4.8285713,84.02857,0.057142857,0.057142857,0.40000004,10.342857,-0.37142858,4.0084124e-06,0.0042011514,0.017169544,0.00018485263,0.0017675348,True
2009-02-09,476.98,14.2,0.028571436,3.5428574,-2.7571428,85.200005,0.3,0.28571433,0.3857143,10.185715,-0.014285714,0.0002900213,0.004359089,0.011697309,0.008878393,0.0015396178,True
2009-02-16,476.93,51.0,-2.7428572,-0.2142857,-5.7000003,87.82857,0.17142858,0.17142858,0.3857143,10.971429,0.014285714,0.00041931868,0.004597917,0.024090836,0.0029562078,0.027388535,True
2009-02-23,476.91,31.099998,-2.3857143,0.64285713,-5.8428574,88.328575,0.17142858,0.17142858,0.41428572,10.8714285,-0.014285714,0.00021077693,0.0049369857,0.04346675,0.0042315945,0.02169254,True
2009-03-02,476.97,30.2,1.8000001,3.542857,0.057142887,91.77143,0.3857143,0.3857143,0.5,10.671429,0.6142857,0.0014584959,0.0054041296,0.040788203,0.03529095,0.0036909878,True
2009-03-09,477.3,18.5,2.0857143,5.285714,-1.042857,89.15715,0.5714286,0.5714286,0.67142856,10.571428,1.5857143,0.001048997,0.0077644438,0.0092276335,0.016863193,0.0025094822,True
2009-03-16,477.41,46.0,3.1571429,5.457143,0.9428572,87.84286,0.61428577,0.61428577,0.67142856,11.057143,2.4714286,0.0008205548,0.012034886,0.005379586,0.013301289,0.009331219,True
2009-03-23,477.82,7.8999996,1.8285714,5.9714284,-2.6285713,70.0,1.0285714,0.9571429,1.2428571,10.2,2.6285715,0.00017018616,0.015261076,0.00043048745,0.0009574257,0.0008255914,True
2009-03-30,477.7788439615758,35.1,2.2571428,5.442857,-0.7714285,83.37144,0.7714285,0.75714284,0.9142857,10.728572,2.3857143,0.0005808994,0.0154052675,0.0030652229,0.009148726,0.008967213,True
2009-04-06,477.85,2.0,9.542857,15.985715,3.1285713,70.328575,2.1142857,1.7857143,2.3,9.771428,8.828571,0.00010022521,0.015020534,0.00010677179,0.00058894604,0.0,True
2009-04-13,477.85,0.9,13.0,20.0,6.142857,62.985718,2.8142855,2.142857,2.9142857,8.885715,13.357142,3.7282705e-05,0.014197081,-7.345365000000001e-25,8.195639e-08,0.0,True
2009-04-20,477.73,43.8,10.771429,16.114286,5.3285713,73.34286,2.357143,1.9285715,2.5,8.971429,12.571428,0.00043622404,0.012911692,-7.345365000000001e-25,0.0,0.0,True
2009-04-27,477.52,2.1999998,10.685715,16.614286,4.2428575,62.714287,2.8714287,2.2714286,3.1142857,8.885715,12.957143,7.318705e-05,0.011622034,2.724784e-07,3.4198165e-06,3.3341348e-06,True
2009-05-04,477.38,16.9,10.314286,15.514287,5.571429,80.18572,2.0,1.8428572,2.3,8.8,13.214286,0.0006957948,0.010443211,-7.345365000000001e-25,3.7252903e-09,0.0,True
2009-05-11,477.26,41.300003,11.0,15.257143,6.371429,79.14286,2.0857143,1.9714286,2.1714284,9.1,12.742857,0.0014335811,0.009578139,-7.345365000000001e-25,3.7252903e-09,0.0,True
2009-05-18,477.21,27.400002,12.242858,17.028572,7.3714285,72.84286,2.4714286,2.3,2.7,9.557143,13.971429,0.0010988042,0.0089193955,-7.345365000000001e-25,3.7252903e-09,0.0,True
2009-05-25,477.19,6.6000004,15.914286,22.17143,8.857143,67.47143,3.6000001,2.9857142,4.042857,9.042857,18.928572,0.00013121963,0.008316904,-7.345365000000001e-25,7.450581e-09,0.0,True
2009-06-01,477.13,9.3,12.485715,17.542858,7.085714,73.77143,2.7857144,2.3285716,2.8714287,8.328571,15.742857,0.00015411526,0.007680051,-7.345365000000001e-25,1.1175871e-08,0.0,True
2009-06-08,477.13,10.1,10.685715,14.800001,6.157143,69.22857,2.457143,1.8571428,2.7714286,7.7714286,13.8714285,0.00022514164,0.007072799,-7.345365000000001e-25,3.7252903e-09,0.0,True
2009-06-15,477.07,75.8,13.385715,18.77143,7.5,74.971436,2.9714286,2.6142857,2.9714286,8.3714285,15.6285715,0.0031493455,0.006517552,-7.345365000000001e-25,3.7252903e-09,0.0,True
2009-06-22,477.06,9.6,12.67143,17.828571,7.328572,77.51429,2.5,2.1571429,2.8142858,8.771428,16.314285,0.00035285205,0.006036207,-7.345365000000001e-25,3.7252903e-09,0.0,True
2009-06-29,477.00313951275166,2.4999998,15.800001,19.642857,11.714286,80.21429,2.3142858,1.8571428,2.7285714,8.342857,17.642857,0.00010308623,0.005682625,-7.345365000000001e-25,1.1175871e-08,0.0,True
2009-07-06,477.03,14.6,19.157145,25.228573,13.557143,74.78571,3.3999999,2.614286,4.1142855,7.8428574,22.757143,0.00028973818,0.005298309,-7.345365000000001e-25,7.450581e-09,0.0,True
2009-07-13,477.03,27.6,13.985715,18.557144,10.557143,79.814285,2.3142858,2.0571427,2.3714287,8.185715,15.942857,0.0024218932,0.004958883,-7.345365000000001e-25,1.8626451e-08,0.0,True
2009-07-20,477.01,26.6,16.242857,20.757143,12.528572,80.971436,2.5142858,2.3285713,2.4285715,8.528571,18.485714,0.0010290742,0.0046964064,-7.345365000000001e-25,3.7252903e-09,0.0,True
2009-07-27,476.99,30.300001,17.242857,22.814287,11.8714285,73.34286,3.4,3.085714,3.3857143,8.785714,19.142857,0.0002488196,0.0044987127,-7.345365000000001e-25,1.1175871e-08,0.0,True
2009-08-03,476.96,0.8,16.642857,22.142857,10.1285715,67.24286,3.085714,2.3714287,3.5285716,7.7285714,19.928572,7.019937e-05,0.0042785257,-7.345365000000001e-25,1.1175871e-08,0.0,True
2009-08-10,476.94,11.8,18.34286,24.614286,12.442858,67.457146,3.128571,2.1000001,3.5714285,6.928571,21.157143,0.0001309365,0.0040327534,-7.345365000000001e-25,9.313226e-09,0.0,True
2009-08-17,476.94,10.800001,17.4,23.357143,11.67143,74.61428,2.7428572,1.9714288,3.1285713,6.9428573,19.714285,0.00067451596,0.003803365,-7.345365000000001e-25,7.450581e-09,0.0,True
2009-08-24,476.9,4.3,18.114286,24.714285,10.942857,65.1,3.1714284,2.0285714,3.8142858,6.7,20.242857,7.3224306e-05,0.0035563335,-7.345365000000001e-25,1.1175871e-08,0.0,True
2009-08-31,476.8408582642196,1.9,16.485714,22.5,10.285714,68.51429,2.4857142,1.3714286,2.957143,6.142857,18.757143,4.94048e-05,0.003330633,-7.345365000000001e-25,7.450581e-09,0.0,True
2009-09-07,476.88,44.8,14.300001,19.5,9.928572,75.01429,2.1,1.5285715,2.3999999,6.5285716,15.614285,0.00024265051,0.0031191185,-7.345365000000001e-25,5.5879354e-09,0.0,True
2009-09-14,476.87,39.1,13.157143,18.27143,8.457143,76.48572,1.6714286,1.1428572,2.1285713,6.8285713,15.4,0.00025532395,0.00293345,-7.345365000000001e-25,7.450581e-09,0.0,True
2009-09-21,476.88,4.6,14.471429,18.485716,10.814286,86.28571,1.1285714,0.9,1.5714285,7.9142857,15.214286,0.00018005073,0.0027921125,-7.345365000000001e-25,7.450581e-09,0.0,True
2009-09-28,476.85,0.6,12.414286,18.171429,7.0428576,82.1,1.2,0.90000004,1.6,7.3285713,14.757143,4.3079257e-05,0.0026695058,-7.345365000000001e-25,3.7252903e-09,0.0,True
2009-10-05,476.85,18.7,10.414286,13.5,7.2999997,84.62858,0.75714284,0.64285713,1.0285714,7.4857144,11.071428,0.00015760958,0.0025676638,-7.345365000000001e-25,9.313226e-09,0.0,True
2009-10-12,476.86,41.4,11.214286,14.242858,7.8,87.0,0.8285714,0.74285716,0.88571435,8.614285,11.471429,0.00035525858,0.0024852753,-7.345365000000001e-25,1.1175871e-08,0.0,True
2009-10-19,476.85,26.199999,2.057143,5.357143,-0.54285717,86.88572,0.42857146,0.41428575,0.61428577,9.614285,3.442857,0.0003966093,0.0024240315,0.00081857614,0.0022773463,0.0026731417,True
2009-10-26,476.9,9.0,5.071429,8.614286,1.8142859,87.92857,0.38571432,0.40000004,0.61428577,9.428572,5.1857142,0.00015988573,0.0023971125,0.00015247436,0.00045509636,0.0,True
2009-11-02,476.88,19.8,5.6285715,8.471429,2.7000003,90.07143,0.27142859,0.25714284,0.41428572,9.5,5.885714,0.00018491969,0.0024005175,2.5544847e-07,2.3320317e-06,0.0,True
2009-11-09,476.97,30.0,4.4,6.6,2.5857143,88.91429,0.32857147,0.32857147,0.44285712,10.757143,4.1857142,0.0005567521,0.0024472252,7.3614574e-05,0.0001701098,0.0010273755,True
2009-11-16,476.98,14.0,6.0,8.042857,3.642857,89.84286,0.22857143,0.21428572,0.37142858,10.542857,4.785714,0.00023508072,0.0026364997,0.00022975604,0.00088319555,0.0,True
2009-11-23,476.97,35.1,7.9857144,10.857142,5.157143,81.02857,0.4857143,0.4714286,0.5,10.585714,6.242857,0.00059206784,0.0029527396,2.3841858e-07,2.2407621e-06,0.0,True
2009-11-30,477.05283029212507,29.0,6.2571435,8.171429,4.1714287,79.02857,0.61428565,0.59999996,0.7571429,10.771428,5.0571427,0.00034990907,0.003395252,-7.345365000000001e-25,1.8626451e-09,0.0,True
2009-12-07,477.06,30.6,2.457143,4.4142857,-0.07142854,91.24286,0.17142858,0.17142858,0.2857143,10.828571,2.0285714,0.00044102967,0.0039633512,0.00025934834,0.0005579293,0.0005860124,True
2009-12-14,477.1,42.800003,0.58571434,2.5,-0.85714287,88.68572,0.14285715,0.14285715,0.3285714,11.214286,1.6285714,0.0010625646,0.005841233,0.0020324956,0.00017289817,0.0050952807,True
2009-12-21,477.41,11.0,-8.828572,-5.5142856,-12.214286,84.57143,0.0,0.0,0.21428572,10.442857,-1.0285715,2.5331974e-07,0.0066408515,0.0064512664,0.0,0.005666446,True
2009-12-28,477.48,31.2,0.5285714,2.8428571,-2.1142857,87.51429,0.21428573,0.21428573,0.27142859,10.8,0.0,0.0005133897,0.0073660985,0.013873804,0.00969157,0.013943236,True
2010-01-04,477.4,38.7,-2.3999999,0.05714294,-5.4000006,93.41429,0.06666667,0.06666667,0.21428572,11.233334,0.0,0.0010242537,0.008358166,0.01486587,0.011203881,0.014549896,True
2010-01-11,477.52,7.8,-7.6857147,-5.642857,-9.814286,87.1,0.0,0.0,0.22857143,10.471429,0.0,0.0,0.010238044,0.021967502,0.0,0.013882872,True
2010-01-18,477.43,17.4,-3.642857,-1.6285714,-6.1142855,89.35714,0.028571429,0.028571429,0.24285714,10.457143,0.014285714,0.00012306869,0.010573395,0.031981595,0.0029219761,0.0056723244,True
2010-01-25,477.33,7.0,-3.7714286,-2.0714285,-5.2428575,90.51428,0.028571429,0.028571429,0.24285714,10.442857,0.014285714,1.0833144e-05,0.010429561,0.03679598,0.00042155012,0.005587321,True
2010-02-01,477.28,34.5,-5.614286,-3.1285713,-9.571428,85.98572,0.028571429,0.028571429,0.2857143,10.671429,-0.028571429,0.0,0.010167278,0.048240196,0.0,0.021926802,True
2010-02-08,477.21,13.3,-2.8714287,0.02857147,-7.0,89.34286,0.11428572,0.11428572,0.31428573,10.728572,0.028571429,1.9200146e-05,0.00980255,0.068059035,0.0010581184,0.011724357,True
2010-02-15,477.16,5.2,-6.9857144,-4.7000003,-9.028571,86.28571,0.0,0.0,0.35714287,10.385715,0.1,0.0,0.009364493,0.07427362,0.0,0.009844407,True
2010-02-22,477.15,11.5,-1.3571428,1.8571428,-4.8142858,83.35714,0.22857143,0.22857143,0.44285712,10.342857,0.1,0.00018865615,0.008885361,0.07588011,0.007261995,0.003915943,True
2010-03-01,477.3,29.5,3.6714287,6.9428573,0.82857144,82.814285,0.91428566,0.87142855,0.74285716,10.571428,1.4,0.0031657815,0.009473309,0.040094383,0.06040266,0.00033607706,True
2010-03-08,477.52,16.300001,-4.042857,0.1571429,-7.928571,75.57143,0.2857143,0.25714287,0.7428571,10.314285,0.47142857,5.4329634e-05,0.01144512,0.016868142,0.0019799154,0.009944648,True
2010-03-15,477.47,16.6,-1.7142857,1.557143,-5.4428573,75.01429,0.38571426,0.38571426,0.85714287,10.271428,0.25714287,0.0002475977,0.0126034245,0.019451538,0.005633071,0.0068709776,True
2010-03-22,477.49,9.200001,6.714286,10.900001,2.542857,77.200005,1.2285713,1.1714286,1.2285715,10.328571,4.885714,0.0010341257,0.012676284,0.008044652,0.019917712,0.0012303926,True
2010-03-29,477.6606768305732,17.3,7.957143,13.828572,3.142857,75.98572,1.5857143,1.5,1.5714285,10.114285,7.928571,0.00031916052,0.013496652,3.8674898e-05,0.00017950498,0.0,True
2010-04-05,477.77,8.6,5.457143,10.314286,1.1,73.057144,1.5,1.4142857,1.5428572,10.142858,6.5571427,0.00027747452,0.013438806,4.2835873e-05,0.0002728887,0.00029409304,True
2010-04-12,477.68,9.0,6.0,10.742858,1.4428571,71.35714,1.7428571,1.4714288,1.8857143,9.485714,7.8,0.0001861155,0.012976326,6.0189337e-05,0.00040392578,0.00054724514,True
2010-04-19,477.56,2.6000001,6.7571435,12.457144,1.4428571,72.54286,1.9428571,1.6285714,2.1857142,9.5,8.7,0.00011602044,0.012289256,4.1467803e-05,0.0002831109,0.00010426715,True
2010-04-26,477.4,1.5,8.3,14.971429,1.1428572,57.5,2.8285713,2.2,2.9428573,8.5,11.357142,3.2141805e-05,0.011313513,8.5149495e-08,1.5385449e-06,6.109476e-07,True
2010-05-03,477.27,6.6,11.857142,17.0,6.2999997,68.685715,2.4857142,1.8428571,2.7142856,7.6285715,13.785714,0.00013141334,0.010189094,-7.345365000000001e-25,0.0,0.0,True
2010-05-10,477.27,19.9,6.5,10.0,3.057143,84.17143,1.2142857,1.1,1.4428571,8.1,8.557143,0.00045114756,0.009210475,-7.345365000000001e-25,0.0,0.0,True
2010-05-17,477.22,22.1,7.285714,10.5,4.357143,81.58572,1.3571428,1.2714287,1.6142857,9.142858,8.928572,0.00038808584,0.008439474,-7.345365000000001e-25,0.0,0.0,True
2010-05-24,477.13,15.7,11.328572,15.900001,6.971429,78.01428,2.2714286,2.0,2.542857,9.5,12.6,0.0002201274,0.007805556,-7.345365000000001e-25,0.0,0.0,True
2010-05-31,477.0907300082316,35.600002,11.8,16.0,7.142857,79.6,2.114286,1.9714288,2.3285713,9.457143,14.157143,0.0016188025,0.007197514,-7.345365000000001e-25,0.0,0.0,True
2010-06-07,477.14,7.0,14.671428,19.214285,9.0,71.72857,3.1714284,2.8,3.5285716,9.771428,16.4,0.00017438829,0.006729126,-7.345365000000001e-25,7.450581e-09,0.0,True
2010-06-14,477.13,4.4,17.2,22.757143,11.685715,70.75715,3.2999997,2.8,3.6285713,8.828571,20.142857,0.0026411712,0.00619787,-7.345365000000001e-25,7.450581e-09,0.0,True
2010-06-21,477.1,3.7,12.385715,17.47143,6.957143,67.1,2.8857143,2.1142857,3.5,8.314285,16.2,1.9341707e-05,0.0057435706,-7.345365000000001e-25,3.7252903e-09,0.0,True
2010-06-28,477.08,3.4,16.77143,23.485716,8.885715,60.657143,3.9571424,2.4142857,4.5285716,7.5285716,20.171429,1.8149614e-05,0.0052674115,-7.345365000000001e-25,3.7252903e-09,0.0,True
2010-07-05,477.02,24.5,21.571428,28.185715,14.6,60.17143,4.414286,1.8285714,4.9,6.542857,24.528572,6.020069e-05,0.0047127977,-7.345365000000001e-25,1.1175871e-08,0.0,True
2010-07-12,477.0,27.2,21.600002,28.514286,14.042857,56.37143,4.9000006,1.8285713,5.2285714,6.2,24.385714,7.3984265e-05,0.0041890293,-7.345365000000001e-25,7.450581e-09,0.0,True
2010-07-19,477.02,8.3,19.800001,25.928572,13.428572,65.9,4.085714,2.3,4.3857145,6.142857,23.12857,3.8579106e-05,0.0036722943,-7.345365000000001e-25,7.450581e-09,0.0,True
2010-07-26,477.01,58.200005,17.514286,23.314287,11.528572,69.75714,3.1714287,1.8857143,3.6000001,7.0,20.457144,0.00025884807,0.003231816,-7.345365000000001e-25,7.450581e-09,0.0,True
2010-08-02,476.92,29.4,15.785714,20.914288,11.1285715,78.42857,2.4428573,2.1000001,2.8285713,8.485714,18.3,0.00085930526,0.0029382631,-7.345365000000001e-25,7.450581e-09,0.0,True
2010-08-09,476.87,18.4,14.742857,18.928572,11.028572,82.0,1.9142858,1.7428571,2.2714286,9.257143,17.114286,0.000755474,0.0027032793,-7.345365000000001e-25,0.0,0.0,True
2010-08-16,476.88,33.5,15.442858,19.714285,11.428572,83.22858,1.7571429,1.5857142,2.1857142,9.657143,17.614286,0.0014935136,0.0025287569,-7.345365000000001e-25,1.1175871e-08,0.0,True
2010-08-23,476.91,48.2,16.242857,21.214285,11.17143,80.314285,2.2714286,2.1000001,2.5857143,10.1,17.757143,0.0018954128,0.0024184436,-7.345365000000001e-25,1.4901161e-08,0.0,True
2010-08-30,477.0380551280746,68.1,13.242858,17.385715,9.171428,81.18572,1.757143,1.7,1.7857143,10.614285,14.928572,0.00412938,0.0034789667,-7.345365000000001e-25,7.450581e-09,0.0,True
2010-09-06,477.07,1.9,10.585715,15.528572,6.142857,79.814285,1.4,1.3285714,1.8857143,10.5,12.885715,0.00012074411,0.0023957193,-7.345365000000001e-25,0.0,0.0,True
2010-09-13,477.08,9.4,12.542857,17.042858,8.485715,82.34286,1.3142856,1.2,1.7428571,9.971429,14.014286,0.00022354722,0.0025225058,-7.345365000000001e-25,1.8626451e-09,0.0,True
2010-09-20,477.09,14.8,9.842857,14.228572,5.9714284,81.07143,1.2285713,1.1428572,1.3714285,10.114285,11.285714,0.00015692413,0.0026095212,-7.345365000000001e-25,7.450581e-09,0.0,True
2010-09-27,477.06,35.8,11.185715,16.22857,6.6,81.62858,1.1285714,0.99999994,1.5,10.028571,12.6285715,0.00066925585,0.0026722327,-7.345365000000001e-25,1.8626451e-09,0.0,True
2010-10-04,477.03,4.9,9.485715,12.985715,6.414286,87.814285,0.6857143,0.6857143,1.0142857,10.728572,10.228572,0.00039355457,0.0030815601,-7.345365000000001e-25,1.8626451e-09,0.0,True
2010-10-11,477.01,0.2,10.071428,15.714286,5.1714287,78.11428,0.95714283,0.8428572,1.3571428,9.971429,11.442857,3.4421682e-06,0.0031012297,-7.345365000000001e-25,1.8626451e-09,0.0,True
2010-10-18,477.02,15.8,4.471429,8.814286,0.68571424,88.08571,0.5,0.44285712,0.7714286,9.971429,6.7285714,0.00037142634,0.0032515302,-7.345365000000001e-25,1.15484e-07,4.3213367e-07,True
2010-10-25,477.0,13.299999,2.9714284,6.1714287,-0.51428574,85.28571,0.47142857,0.47142857,0.5,10.485714,3.6,0.00020508468,0.0033968166,2.6867503e-05,7.372722e-05,8.185953e-05,True
2010-11-01,477.0,0.2,6.357143,11.114286,2.0428572,76.957146,0.58571434,0.54285717,0.78571427,10.085714,5.6,5.468726e-06,0.0035856515,2.2593e-06,7.5101852e-06,0.0,True
2010-11-08,477.03,21.1,7.614286,9.514285,5.4714284,87.35714,0.41428572,0.38571432,0.59999996,10.3,7.0857143,0.0004150495,0.0037075132,5.677768e-05,0.000105243176,0.0004945956,True
2010-11-15,477.04,59.2,7.1,9.900001,4.2857146,84.37144,0.62857145,0.64285713,0.61428577,11.1,6.114286,0.0024313182,0.0051812828,0.00012460777,0.0005898662,0.00015763193,True
2010-11-22,477.16,18.3,2.0142858,3.6571429,0.057142828,92.74286,0.11428572,0.11428572,0.3,11.028571,2.6,0.00044585764,0.0058833733,0.0008548214,0.0006879419,0.01225663,True
2010-11-29,477.1939265615304,28.4,-2.3857143,-0.47142857,-4.3,91.07143,0.071428575,0.071428575,0.22857143,10.985714,0.5285714,4.132837e-05,0.007734172,0.021892373,0.0011262484,0.023806974,True
2010-12-06,477.19,8.7,-7.057143,-4.728572,-9.585714,86.67143,0.0,0.0,0.22857143,10.642858,0.24285714,0.0,0.008291751,0.039533906,0.0,0.011136353,True
2010-12-13,477.23,63.6,-1.9714286,-0.15714285,-4.714286,89.87144,0.08571429,0.08571429,0.24285714,11.314285,0.22857143,0.00029091537,0.008299366,0.062717535,0.0039847326,0.033325594,True
2010-12-20,477.18,39.7,-6.1142855,-3.3142858,-9.985715,87.14286,0.014285714,0.014285714,0.22857143,10.971429,0.17142858,2.2351742e-08,0.00821466,0.08563415,0.0,0.025340986,True
2010-12-27,477.29,22.5,-3.8142858,-1.5714285,-7.328572,90.27143,0.028571429,0.028571429,0.21428572,11.028571,0.2,8.331239e-05,0.008100286,0.11242684,0.0030728858,0.022378393,True
2011-01-03,477.24,7.3,-5.3857145,-2.1142857,-9.185715,89.65714,0.0,0.0,0.15714286,10.5,0.2,0.0,0.007948756,0.12484115,0.0,0.004315179,True
2011-01-10,477.29,29.9,-0.1285713,2.6285713,-3.3142858,90.38572,0.17142858,0.17142858,0.24285714,10.828571,0.51428574,0.002276495,0.010249779,0.11144275,0.05190545,0.0051026754,True
2011-01-17,477.59,56.8,3.8857143,5.914286,1.5285715,89.77143,0.3285714,0.3285714,0.29999998,11.114285,2.6285715,0.0061510056,0.030279689,0.0501427,0.0706145,0.00024475157,True
2011-01-24,478.15,18.199999,-1.3285714,0.8714286,-3.5857143,89.90001,0.08571429,0.08571429,0.24285714,10.571428,0.6857143,0.00023581833,0.042699106,0.016214082,0.0049756616,0.008340791,True
2011-01-31,478.0289144365256,10.2,-4.9000006,-1.4285715,-7.9857144,87.9,0.042857144,0.042857144,0.34285715,10.5,3.9650823999999995e-18,1.4454126e-06,0.03467346,0.024995923,8.269586e-05,0.007122319,False
2011-02-07,477.93,6.4,0.3857143,3.4,-2.8714287,82.17143,0.42857143,0.41428572,0.5,10.257143,1.0285715,0.00053066015,0.026305825,0.018484592,0.024356073,0.0031747818,True
2011-02-14,477.71,21.699999,1.4285715,4.928571,-1.8142856,85.200005,0.4,0.37142852,0.41428572,10.4,1.7285714,0.00028413534,0.021222338,0.0037272486,0.005818438,0.0047977567,True
2011-02-21,477.69,0.1,-2.7428572,-0.18571432,-4.614286,85.52857,0.12857144,0.11428572,0.4857143,10.385715,0.014285714,3.4734607e-05,0.018153377,0.0033547196,0.0014954191,0.00092637166,True
2011-02-28,477.68,3.2,-2.5714285,2.5714285,-7.1857147,65.88572,0.5,0.45714286,0.8714286,10.185715,-0.8,5.7920814e-05,0.015829049,0.0036319722,0.0031800233,0.0047709383,True
2011-03-07,477.6,0.0,-0.6571428,5.0285716,-5.2000003,67.057144,0.9714286,0.82857144,1.1999999,9.9,0.5857143,3.5867095e-05,0.013869777,0.0028000162,0.002174195,0.00015225261,True
2011-03-14,477.47,2.9,5.1857142,10.142858,-0.0142857,67.17143,1.2285713,1.0142858,1.3428571,9.457143,3.9142857,8.9108944e-05,0.012218185,0.00058366003,0.0016130041,0.0,True
2011-03-21,477.46,11.200001,3.7285714,7.857143,0.0857143,81.51429,0.9714286,0.8142857,1.0714285,9.428572,4.9142857,0.000117875636,0.010810316,3.831727e-05,0.00012267753,0.00012405589,True
2011-03-28,477.43,0.2,5.642857,12.5,-0.6,68.28571,1.6999999,1.3285713,1.7857143,9.0,7.742857,4.917383e-06,0.0096129775,4.898934e-06,2.4599954e-05,0.0,True
2011-04-04,477.39,14.0,10.085715,15.7,4.157143,73.08572,1.8714286,1.5428572,1.9142857,8.614285,10.557143,0.0001784116,0.0085629,-7.345365000000001e-25,1.7695129e-07,0.0,True
2011-04-11,477.31,0.7,10.571428,16.828571,3.8857143,63.57143,2.5571427,1.9285715,2.6714287,8.271428,11.842857,2.129376e-05,0.0076377764,-7.345365000000001e-25,3.7252903e-09,0.0,True
2011-04-18,477.28,3.3,6.328572,11.757143,0.8428572,64.47143,1.9285715,1.4,2.0571427,7.714286,8.6,6.2681735e-05,0.0068282336,1.448109e-05,5.340576e-05,5.8047473e-05,True
2011-04-25,477.24,0.0,13.542857,20.9,5.1285715,51.0,3.8428571,1.9142858,3.957143,6.7714286,15.314285,1.385808e-06,0.006066859,5.1089696e-08,1.0766089e-06,0.0,True
2011-05-02,477.2,11.0,9.728571,15.328572,4.714286,72.35714,2.5285714,1.6571429,2.7285714,6.614286,12.857142,0.000224635,0.0053908974,-7.345365000000001e-25,0.0,0.0,True
2011-05-09,477.13,0.70000005,10.228571,17.528572,1.7714285,53.55714,3.7142856,1.3000001,3.7857144,6.0285716,13.328571,9.968877e-06,0.004811533,1.1217026e-05,5.4836273e-05,5.6970865e-05,True
2011-05-16,477.08,3.3,12.357142,18.87143,5.7285714,63.128574,2.9428573,0.9714286,3.142857,5.714286,15.757143,8.825213e-05,0.004246235,-7.345365000000001e-25,7.450581e-09,0.0,True
2011-05-23,477.06,9.0,15.17143,21.84286,8.671429,67.25715,3.3999999,1.5428572,3.7999997,5.757143,17.414286,9.871274e-05,0.0037945732,-7.345365000000001e-25,1.1175871e-08,0.0,True
2011-05-30,477.0757101574197,2.3,14.442858,21.685715,6.3,53.57143,4.2714286,1.0714287,4.5285716,5.385714,17.62857,9.037554e-06,0.0033548623,-7.345365000000001e-25,3.7252903e-09,0.0,False
2011-06-06,477.02,26.599998,16.657145,22.728573,10.914286,62.414288,3.7142854,2.0714285,4.3142858,5.642857,18.471428,0.000101312995,0.0029641092,-7.345365000000001e-25,1.1175871e-08,0.0,True
2011-06-13,477.04,23.5,14.242858,19.414288,8.857142,71.01429,2.5571427,1.7428572,2.957143,6.0142856,17.657143,0.00010019541,0.002647154,-7.345365000000001e-25,3.7252903e-09,0.0,True
2011-06-20,477.02,45.5,14.714286,19.6,10.271429,75.614296,2.9142857,2.3999999,2.8714287,6.0857143,17.3,0.00018874556,0.0023862198,-7.345365000000001e-25,1.1175871e-08,0.0,True
2011-06-27,476.99,33.4,15.014287,20.442858,10.257143,78.12858,2.9571426,2.542857,2.9285715,7.0571427,17.185715,0.00039824843,0.0021793842,-7.345365000000001e-25,1.1175871e-08,0.0,True
2011-07-04,476.99,38.3,14.085714,18.914288,9.685715,77.65715,2.7714288,2.3,3.0571427,7.5571427,17.057142,0.0003002435,0.0019866005,-7.345365000000001e-25,3.7252903e-09,0.0,True
2011-07-11,476.99,32.6,17.800001,24.085714,12.014285,72.24286,3.657143,3.2,4.0,7.9,20.671429,0.00025381893,0.0018378794,-7.345365000000001e-25,1.1175871e-08,0.0,True
2011-07-18,476.98,26.800001,15.285715,20.385714,10.271429,73.4,2.9999998,2.6571429,3.0285716,7.8714285,17.828571,0.0007760227,0.0016956478,-7.345365000000001e-25,1.1175871e-08,0.0,True
2011-07-25,476.99,17.5,13.099999,17.428572,9.057143,76.77143,2.1428573,1.8714285,2.4285715,8.471429,15.671429,9.0658665e-05,0.0015891418,-7.345365000000001e-25,7.450581e-09,0.0,True
2011-08-01,476.95,7.6,14.67143,19.485716,10.228571,75.15715,2.2,1.7714285,2.7142856,7.9,17.22857,4.9576163e-05,0.0014950857,-7.345365000000001e-25,1.1175871e-08,0.0,True
2011-08-08,476.96,33.8,17.47143,22.957142,12.471429,78.15714,2.7857144,2.4428573,2.9714284,7.6285715,19.714285,0.0004478842,0.0014116988,-7.345365000000001e-25,1.1175871e-08,0.0,True
2011-08-15,476.97,30.1,14.914286,20.028574,11.085714,78.15714,2.1714287,1.9,2.2428572,8.1,16.6,0.00024112314,0.0013376698,-7.345365000000001e-25,7.450581e-09,0.0,True
2011-08-22,476.96,10.5,18.414288,24.600002,11.514285,73.11429,2.7714288,2.3,3.142857,7.9428573,20.357143,0.00014716387,0.0012719482,-7.345365000000001e-25,9.313226e-09,0.0,True
2011-08-29,476.9621606827206,19.3,18.085714,24.428572,12.557143,72.35714,2.6285713,2.2285714,3.1285713,7.8,20.071428,0.00013182312,0.0012049973,-7.345365000000001e-25,7.450581e-09,0.0,True
2011-09-05,476.99,13.300001,15.014287,21.228573,8.7,72.957146,2.0857143,1.6571429,2.5285716,7.6285715,17.585714,0.00018226355,0.0011477917,-7.345365000000001e-25,3.7252903e-09,0.0,True
2011-09-12,476.98,42.1,15.285714,19.342855,11.685715,79.65715,1.7857143,1.6142857,1.9857142,8.542857,16.071428,0.0034501404,0.0010989979,-7.345365000000001e-25,1.4901161e-08,0.0,True
2011-09-19,476.97,24.599998,12.6285715,17.314287,8.028571,79.48572,1.3857143,1.1857144,1.6571429,8.614285,14.8,0.00013591349,0.0010616109,-7.345365000000001e-25,5.5879354e-09,0.0,True
2011-09-26,476.97,0.0,11.800001,18.414288,6.0,79.67143,1.3857143,1.1,1.7142857,8.385715,14.071428,6.8098307e-06,0.0010314658,-7.345365000000001e-25,3.7252903e-09,0.0,True
2011-10-03,476.95,0.1,15.414286,23.085714,9.1285715,72.65714,1.6428572,1.2428571,2.0571427,7.8,16.87143,2.5898218e-05,0.0009993538,-7.345365000000001e-25,9.313226e-09,0.0,True
2011-10-10,476.97,40.2,9.885715,13.771429,5.914286,82.92857,0.9714285,0.85714287,1.0428572,7.928571,11.414286,0.00030095875,0.0009708479,-7.345365000000001e-25,5.5879354e-09,0.0,True
2011-10-17,476.98,26.4,6.285714,10.928572,2.0857143,82.557144,0.71428573,0.64285713,0.90000004,9.3,8.042857,0.0003285855,0.0009550899,-7.345365000000001e-25,1.8626451e-09,0.0,True
2011-10-24,477.04,13.0,4.1857142,9.442857,-0.2714286,83.92857,0.5857143,0.57142854,0.6857143,9.142858,5.3428574,0.00014237314,0.0009455383,-7.345365000000001e-25,4.0978193e-08,3.7252903e-08,True
2011-10-31,477.0128148972353,1.1999999,8.028571,12.757143,3.3857143,86.32857,0.47142857,0.4,0.59999996,8.857142,8.085714,4.249811e-05,0.00094105303,-7.345365000000001e-25,3.7252903e-09,0.0,True
2011-11-07,477.02,0.3,6.5428576,11.5,2.7714286,87.72858,0.44285718,0.37142855,0.62857145,8.671429,7.7,7.1525574e-07,0.0009386614,-7.345365000000001e-25,1.8626451e-09,0.0,True
2011-11-14,477.01,0.0,2.4142857,8.514285,-1.8428572,86.28571,0.31428576,0.24285714,0.4714286,8.5,4.285714,2.1606684e-06,0.00093603134,-7.345365000000001e-25,4.284084e-08,7.4505806e-08,True
2011-11-21,476.96,0.70000005,1.4,5.928571,-2.0857143,88.82857,0.17142858,0.14285715,0.34285715,8.385715,2.2857144,2.4735928e-06,0.0009339079,1.6995838e-05,2.5464222e-05,3.656745e-05,True
2011-11-28,476.95,1.4,1.7714287,5.6857147,-1.4,88.74286,0.24285714,0.18571432,0.27142859,8.242857,2.5,4.693866e-06,0.00093191117,6.386212e-06,1.2384728e-05,2.0302832e-06,True
2011-12-05,476.95,47.5,3.4,6.1714287,-0.22857143,89.75714,0.3285714,0.3285714,0.3285714,8.757143,2.8285713,0.003434211,0.0009505823,0.00016070547,0.00011697598,0.002984859,True
2011-12-12,477.01,30.6,1.4857143,3.6000001,-0.6714286,84.64286,0.3285714,0.3285714,0.37142855,10.442857,1.0857143,0.001070261,0.00093949586,0.004944319,0.0064048227,0.0068982206,True
2011-12-19,477.04,56.4,1.4285715,3.4285715,-0.41428572,86.957146,0.34285712,0.31428573,0.3857143,10.957143,1.1571429,0.0013274997,0.0010111183,0.01014571,0.008249525,0.02444103,True
2011-12-26,477.21,40.4,1.7142857,3.3285716,0.14285712,92.35714,0.14285715,0.14285715,0.27142859,10.857142,1.1714286,0.000836432,0.0012158081,0.016846554,0.023903852,0.009972051,True
2012-01-02,477.51,36.7,3.357143,5.228572,1.2428572,90.84286,0.18,0.18,0.3285714,10.66,1.7,0.0015657991,0.0028645843,0.005824884,0.016013298,0.010841504,True
2012-01-09,477.76,74.7,2.0857143,4.157143,0.35714287,86.9,0.4857143,0.4714286,0.40000004,11.3714285,1.5428572,0.0019976646,0.0047739,0.0043988684,0.006169021,0.011515427,True
2012-01-16,477.88,10.2,0.5,2.642857,-2.2,84.84286,0.34285712,0.3285714,0.27142856,10.714286,1.3285714,0.00030837208,0.005016625,0.0036738089,0.0058341734,0.0031909533,True
2012-01-23,477.93,73.2,0.21428569,3.414286,-2.142857,85.74286,0.37142864,0.37142864,0.34285715,11.171429,0.31428573,0.0015437827,0.0071018785,0.0068776496,0.0081669055,0.012899641,True
2012-01-30,477.9344009397124,3.6,-2.957143,-1.0,-4.6714287,86.88572,0.042857144,0.042857144,0.34285715,10.714286,0.08571429,8.7320805e-06,0.009326562,0.011047284,0.0002913233,0.004032921,True
2012-02-06,477.88,0.0,-13.371429,-8.985715,-16.942858,74.34286,0.0,0.0,0.35714287,10.3,-2.1,3.7252903e-08,0.010515675,0.011326671,0.0,0.000243254,True
2012-02-13,477.66,5.7,-11.471429,-7.642857,-15.857142,78.42857,0.0,0.0,0.32857147,10.3,-2.3285713,7.4505806e-08,0.010489821,0.01225354,0.0,0.0044848993,True
2012-02-20,477.56,28.1,0.028571418,2.3,-2.257143,85.57143,0.42857143,0.42857143,0.4714286,10.528571,0.028571429,0.0005527884,0.010222778,0.018019041,0.011017216,0.010923337,True
2012-02-27,477.42,4.8,2.4285715,5.4,-0.6714286,82.14286,0.61428577,0.5857143,0.62857145,10.3,1.0285715,0.00036412477,0.009915538,0.006427112,0.012358023,0.0007843785,True
2012-03-05,477.35,6.6,4.7000003,7.871429,1.5857143,90.9,0.5428571,0.4714286,0.62857145,10.057143,3.8142858,9.831786e-05,0.009734198,0.00041914554,0.0020242073,4.4502318e-05,True
2012-03-12,477.4,11.7,3.0,6.571429,-0.37142864,82.52857,0.90000004,0.8428572,0.85714287,9.957143,3.2285714,0.0001219213,0.009538405,0.0010490929,0.0031867828,0.003311053,True
2012-03-19,477.4,3.0,6.414286,11.814286,1.8714286,71.3,1.5857143,1.3428571,1.5,9.6,6.542857,2.7619302e-05,0.009257622,3.0574345e-05,0.0001542177,1.2144446e-06,True
2012-03-26,477.37,0.0,7.8142858,15.17143,0.9571429,68.21429,2.142857,1.6428572,2.0285714,8.914286,9.385715,3.9190054e-06,0.008835189,1.9300552e-07,1.3895333e-06,0.0,True
2012-04-02,477.33,8.7,6.1,10.814286,0.95714283,71.12858,1.7428571,1.3571428,1.7142857,8.271428,7.6571426,6.055832e-05,0.008311592,1.9720623e-05,3.350526e-05,7.538311e-05,True
2012-04-09,477.31,12.5,3.3285716,7.228572,-0.6000001,78.32857,1.1571429,0.94285715,1.2142857,8.3,5.1857142,0.0001180768,0.007779315,0.00042616186,0.00092182495,0.0018042848,True
2012-04-16,477.26,7.5,5.914286,10.428572,1.3000001,75.42857,1.6714286,1.3571428,1.7428571,8.4,7.242857,0.00010409951,0.007235348,8.1805956e-05,0.0008231513,0.0,True
2012-04-23,477.21,10.0,5.7571425,11.185715,0.81428576,72.51429,1.9857142,1.557143,1.9142857,7.928571,7.9428573,0.00013012439,0.006679602,2.0634561e-05,0.0001382567,0.00013830513,True
2012-04-30,477.1268802187005,4.7,14.057143,19.52857,7.857143,59.92857,3.5714285,2.2,3.4142857,7.5285716,13.514286,2.0742416e-05,0.006131217,-7.345365000000001e-25,2.5704503e-07,0.0,True
2012-05-07,477.13,37.7,12.071428,16.9,7.0,80.18572,2.3714287,1.5142858,2.4428573,7.2,14.685715,0.00047445297,0.005548045,-7.345365000000001e-25,3.7252903e-09,0.0,True
2012-05-14,477.11,10.200001,12.071428,17.985714,5.142857,70.71429,3.1142857,2.4857142,3.0285716,7.257143,14.842857,9.316206e-05,0.005085215,-7.345365000000001e-25,3.7252903e-09,0.0,True
2012-05-21,477.08,5.3,12.085714,18.257143,5.728572,62.357143,3.3857143,2.085714,3.542857,6.8285713,14.414286,8.305907e-05,0.0046393424,-7.345365000000001e-25,0.0,0.0,True
2012-05-28,477.08,3.8,16.985714,23.028574,10.185715,56.44286,4.614286,1.5571426,4.7571425,5.8428574,20.014286,7.3611736e-06,0.0041654706,-7.345365000000001e-25,0.0,0.0,True
2012-06-04,477.02,54.6,12.771429,18.014286,7.5142856,77.98572,2.4857142,1.3285713,2.5571427,6.242857,15.614285,0.00031624734,0.003743142,-7.345365000000001e-25,3.7252903e-09,0.0,True
2012-06-11,477.04,12.1,12.542857,17.257143,7.5,76.14286,2.5857143,2.2428572,2.6714287,7.3142858,14.885715,0.0001540184,0.0034353882,-7.345365000000001e-25,3.7252903e-09,0.0,True
2012-06-18,477.04,21.1,14.728572,20.2,9.057143,78.3,3.0571425,2.4571426,3.0857143,7.4,17.042856,0.00043186545,0.0031561777,-7.345365000000001e-25,7.450581e-09,0.0,True
2012-06-25,477.08,68.7,15.6,20.2,11.042857,79.14286,3.1000001,2.6285713,2.9142857,7.857143,18.328571,0.0048026294,0.0029198304,-7.345365000000001e-25,3.7252903e-09,0.0,True
2012-07-02,477.09,33.399998,17.6,22.814287,12.1285715,77.94286,3.3142858,2.7285714,3.3714287,7.6571426,19.62857,0.005844705,0.0027240813,-7.345365000000001e-25,1.1175871e-08,0.0,True
2012-07-09,477.1,24.8,17.571428,22.028574,13.400001,81.17143,3.0714283,2.757143,3.0714285,8.257143,20.428572,0.00016237795,0.0025721043,-7.345365000000001e-25,3.7252903e-09,0.0,True
2012-07-16,477.12,54.5,13.785714,18.171429,10.228572,81.4,2.7142854,2.542857,2.3857143,8.514286,16.142857,0.0020383447,0.0024452284,-7.345365000000001e-25,7.450581e-09,0.0,True
2012-07-23,477.23,25.6,14.185715,19.057144,9.414286,76.957146,2.8142858,2.4857142,2.8285713,8.7,16.457144,0.000357531,0.0023745224,-7.345365000000001e-25,1.1175871e-08,0.0,True
2012-07-30,477.190846898782,21.4,19.585714,25.528574,12.957144,70.58572,4.0,3.0857143,4.1,7.642857,21.671429,0.0001617223,0.0022837073,-7.345365000000001e-25,1.1175871e-08,0.0,True
2012-08-06,477.23,9.700001,18.014286,23.685715,12.17143,69.48572,3.385714,2.5,3.7,7.1285715,20.928572,0.00019495189,0.002184622,-7.345365000000001e-25,7.450581e-09,0.0,True
2012-08-13,477.15,1.4,14.642858,20.071428,8.957143,71.57143,2.7714288,1.5857143,2.9714284,6.757143,18.114286,3.8191676e-05,0.0020935833,-7.345365000000001e-25,3.7252903e-09,0.0,True
2012-08-20,477.11,8.7,19.942858,27.042858,12.157144,60.928577,4.042857,2.1142857,4.3142858,6.242857,21.62857,0.00011201203,0.0019885004,-7.345365000000001e-25,3.7252903e-09,0.0,True
2012-08-27,477.07,32.1,17.47143,22.800001,12.357142,74.77143,2.7857144,1.7571429,2.7999997,6.214286,20.0,0.00036627054,0.0018771589,-7.345365000000001e-25,5.5879354e-09,0.0,True
2012-09-03,477.02,4.3,15.228572,20.614286,10.057143,78.47143,2.0142856,1.4428571,2.3999999,6.5571427,17.27143,0.00011317432,0.0017937049,-7.345365000000001e-25,1.8626451e-09,0.0,True
2012-09-10,476.98,1.9,15.485715,22.057142,8.900001,72.47143,2.4142857,1.3285714,2.7142856,6.114286,17.757143,1.4774501e-05,0.0017160848,-7.345365000000001e-25,5.5879354e-09,0.0,True
2012-09-17,476.99,33.6,11.828572,17.185715,6.528572,81.24286,1.5571429,1.2,1.7571429,6.6,14.185715,0.00015868247,0.0016396865,-7.345365000000001e-25,7.450581e-09,0.0,True
2012-09-24,476.99,28.7,10.1285715,15.357142,4.228572,78.40001,1.4285713,1.1999999,1.5714285,6.5571427,12.171429,0.00016823411,0.0015744641,-7.345365000000001e-25,5.5879354e-09,0.0,True
2012-10-01,476.96,30.2,10.371429,16.2,5.6142855,82.71429,1.1857144,0.9857144,1.3142856,7.0571427,11.7,0.00019471347,0.0015197918,-7.345365000000001e-25,3.7252903e-09,0.0,True
2012-10-08,476.94,24.2,9.7,14.3714285,4.471429,84.28571,1.0285715,0.90000004,1.0142857,7.6,10.8,0.00035108626,0.0014728531,-7.345365000000001e-25,7.450581e-09,0.0,True
2012-10-15,476.94,7.4,6.142857,10.442858,2.0285716,84.38572,0.6857143,0.61428577,0.8,8.028571,7.5,9.652972e-05,0.0014390349,-7.345365000000001e-25,1.8626451e-09,0.0,True
2012-10-22,476.91,0.0,10.642858,16.428572,5.9857144,78.97143,0.9285714,0.7714286,1.1428572,7.8285713,10.3,2.9802322e-07,0.0014134273,-7.345365000000001e-25,1.8626451e-09,0.0,True
2012-10-29,476.8052619319185,14.699999,2.6571429,5.228572,-0.27142859,91.98572,0.25714287,0.22857144,0.45714286,7.928571,5.3,5.415082e-05,0.001391001,0.004983272,0.0010260846,0.012974661,False
2012-11-05,476.72,44.2,4.571429,7.1714287,2.2,89.24286,0.4857143,0.4857143,0.44285712,8.928572,4.214286,0.0007981807,0.0013766363,0.0044724206,0.016016673,0.004433222,True
2012-11-12,476.72,25.9,5.2571425,6.971429,2.8857143,89.41429,0.3,0.3,0.37142858,9.5,4.6857142,0.00021870434,0.0014003441,1.5031724e-05,6.9661066e-05,0.0,True
2012-11-19,476.77,1.2,0.48571426,4.2428575,-2.5857143,96.057144,0.18571432,0.15714288,0.18571427,9.3714285,1.9,1.0207295e-05,0.0014767349,2.4926096e-05,5.8723614e-05,7.731095e-05,True
2012-11-26,476.78,10.2,4.2571425,6.8714285,1.1142858,91.25714,0.22857144,0.20000002,0.27142856,9.285714,3.5857143,4.8175454e-05,0.0015639812,6.5735408e-06,2.0911917e-05,0.0,True
2012-12-03,476.78,33.0,0.04285715,1.5285714,-2.3,94.52857,0.11428572,0.11428572,0.21428572,10.271428,1.7285714,0.0002246499,0.0016444623,0.006862379,0.00028003752,0.01609182,True
2012-12-10,476.8,38.600002,-3.7,-0.82857144,-6.9,90.37144,0.071428575,0.071428575,0.18571429,10.571428,0.24285714,1.02669e-05,0.0017416254,0.022119403,0.00042240694,0.021375183,True
2012-12-17,476.81,51.0,-1.4,0.38571423,-3.6857145,92.68572,0.10000001,0.10000001,0.21428572,10.985714,0.37142858,0.0010752007,0.0018387809,0.035442177,0.021803372,0.006557457,True
2012-12-24,477.09,48.9,2.4714284,4.3714285,0.37142855,95.557144,0.18571427,0.18571427,0.22857143,11.114285,1.5142857,0.0043937787,0.0062916875,0.0152458865,0.026959874,0.006199863,True
2012-12-31,477.5354232644849,37.7,4.4428573,6.357143,2.3857143,86.85714,0.4714286,0.4714286,0.41428572,11.185715,3.3,0.0007354766,0.00457149,0.00037815174,0.0018505342,8.5461885e-05,True
2013-01-07,477.76,23.5,4.214286,5.8857145,2.4142857,92.02857,0.27142859,0.27142859,0.27142859,10.728572,3.3,0.0003311932,0.00784187,3.7630398e-05,0.0001555495,0.00010567531,True
2013-01-14,477.61,20.2,-1.6571429,0.19999997,-4.414286,89.07143,0.071428575,0.071428575,0.21428572,10.614285,0.9,0.00021451712,0.008978039,0.0025901739,0.00028179213,0.005344067,True
2013-01-21,477.61,14.5,-6.0428576,-3.9428573,-8.3,89.614296,0.0,0.0,0.25714287,10.385715,-0.42857143,4.917383e-07,0.009579748,0.009404506,0.0,0.016162444,True
2013-01-28,477.53,4.4,-4.7714286,-3.042857,-6.6285715,90.957146,0.042857144,0.042857144,0.27142859,10.357142,0.0,3.3199787e-05,0.009606138,0.021212403,0.0014187582,0.0032083131,True
2013-02-04,477.31,59.300003,2.7285714,4.857143,0.55714285,89.557144,0.5285714,0.5285714,0.42857143,11.1285715,1.3857143,0.001675576,0.010713786,0.0071919137,0.026357846,0.016717084,True
2013-02-11,477.5,13.4,-4.0285716,-1.0857143,-7.957143,89.34286,0.12857142,0.12857142,0.32857147,10.828571,0.27142859,0.00011084974,0.01161018,0.018485466,0.0018401463,0.010834731,True
2013-02-18,477.47,3.5,-2.4285715,-0.34285715,-4.714286,86.24286,0.08571429,0.08571429,0.37142858,10.314285,0.057142857,7.849932e-05,0.012392789,0.019986805,0.0033931658,0.0030011311,True
2013-02-25,477.36,15.5,-4.1,-2.6285713,-5.8285713,89.6,0.028571429,0.028571429,0.42857143,10.528571,0.08571429,0.0,0.012258425,0.028073873,0.0,0.022160657,True
2013-03-04,477.23,0.0,-0.9857143,1.9857142,-3.6714287,88.48572,0.40000004,0.3857143,0.55714285,10.3714285,0.12857144,0.00028334558,0.011901192,0.034423966,0.014150713,0.0012676008,True
2013-03-11,477.21,6.7,2.142857,7.1857147,-2.0,82.21429,0.8428572,0.74285716,0.9285714,9.971429,1.8142858,0.00061783195,0.011478156,0.009479801,0.02189665,0.002074182,True
2013-03-18,477.25,15.7,-4.0142856,-0.37142855,-8.1,79.52857,0.31428573,0.31428573,0.8142857,10.314285,-0.042857144,0.000105559826,0.011297829,0.012514245,0.0029581971,0.016310383,True
2013-03-25,477.27,7.4,-2.6142857,0.67142856,-4.9714284,78.88572,0.2857143,0.29999998,0.85714287,10.471429,0.21428572,0.0002886355,0.011149801,0.012331514,0.005424062,0.004081141,True
2013-04-01,477.23,4.5,-2.7000003,0.6857143,-5.4428573,78.02857,0.4,0.38571426,0.94285715,10.257143,0.18571429,2.6620924e-05,0.011016801,0.011391293,0.0012045056,0.00665359,True
2013-04-08,477.17,2.3000002,-0.90000004,1.9,-3.7857144,80.042854,0.7285715,0.67142856,1.0,10.057143,0.74285716,0.00010561198,0.010778166,0.010681124,0.0053281058,0.0016987883,True
2013-04-15,477.16,33.7,8.257143,13.371429,3.8428574,79.38572,1.9142857,1.8285713,1.6428572,10.342857,7.3285713,0.0018199533,0.011705101,0.0014875559,0.0074459966,0.00054429844,True
2013-04-22,477.24,0.0,11.271429,16.328571,6.4000006,66.72857,2.457143,1.9714285,2.5285714,9.428572,12.328571,2.1129847e-05,0.010333583,2.4409522e-07,2.881512e-06,0.0,True
2013-04-29,477.1737099622476,22.7,10.142858,15.542857,4.7000003,74.21429,2.3714287,2.0142858,2.3142858,9.1,11.6,0.0005737841,0.009936027,5.971818e-05,0.0003921166,0.0004605055,True
2013-05-06,477.23,6.3,10.142858,13.642858,6.428571,82.38572,1.8571428,1.5714285,1.8571428,9.271428,11.457143,0.00018116832,0.009546116,9.712719e-06,7.6349825e-05,0.0,True
2013-05-13,477.17,25.8,11.357142,15.457144,7.428571,82.68572,2.0142858,1.8285714,2.0714285,9.042857,13.3714285,0.00035758317,0.009116709,-7.345365000000001e-25,3.7252903e-09,0.0,True
2013-05-20,477.15,64.5,12.671428,18.542858,7.457143,79.42857,2.642857,2.5,2.7571428,9.428572,14.528571,0.004314482,0.009725213,-7.345365000000001e-25,7.450581e-09,0.0,True
2013-05-27,477.17,79.4,6.7428575,9.642858,4.1714287,87.24286,1.3428571,1.3285714,1.3285714,10.742857,8.971429,0.0023542494,0.01075837,5.269618e-05,0.00034368038,0.00035344437,True
2013-06-03,477.74,69.5,9.557143,12.942858,6.2714286,88.057144,1.6999999,1.6857141,1.6714286,11.471429,11.457143,0.003913641,0.018287979,1.7086664e-06,1.5757978e-05,0.0,True
2013-06-10,477.97,24.1,14.300001,19.457144,8.557143,77.971436,3.1000001,2.6714284,3.3428571,10.0,17.5,0.00086043775,0.023230359,-7.345365000000001e-25,3.7252903e-09,0.0,True
2013-06-17,477.81,26.1,15.800001,21.657145,8.585714,73.200005,3.7714288,3.2857144,3.6142857,9.671429,18.885714,0.00019612908,0.021133281,-7.345365000000001e-25,7.450581e-09,0.0,True
2013-06-24,477.65,3.5,19.185715,24.957144,13.528572,70.62858,4.214286,3.4285717,4.4,8.485714,22.185715,0.00017870963,0.017895862,-7.345365000000001e-25,1.4901161e-08,0.0,True
2013-07-01,477.48,14.599999,11.414286,15.542857,7.214286,79.52857,2.2571428,1.8857142,2.2857144,8.342857,14.357142,0.00020028651,0.015012845,-7.345365000000001e-25,7.450581e-09,0.0,True
2013-07-08,477.36,2.5,17.514286,22.84286,11.942857,72.71429,3.6000001,2.614286,3.7999997,7.785714,20.6,0.00013428926,0.012611054,-7.345365000000001e-25,3.7252903e-09,0.0,True
2013-07-15,477.27,0.0,16.37143,22.742859,9.7,67.47143,3.8428571,1.5571429,4.0857143,6.7714286,21.2,8.434057e-06,0.010486126,-7.345365000000001e-25,7.450581e-09,0.0,True
2013-07-22,477.19,0.0,19.885715,26.7,12.014285,59.61429,4.928571,1.1,5.042857,6.1,23.514286,2.771616e-06,0.008693241,-7.345365000000001e-25,1.1175871e-08,0.0,True
2013-07-29,477.1669813591626,27.0,21.34286,28.285715,15.2,70.057144,4.1142855,2.1142857,4.285714,6.285714,24.071428,0.00015732646,0.0071909428,-7.345365000000001e-25,7.450581e-09,0.0,True
2013-08-05,477.11,3.5,20.942858,27.271427,14.442858,66.9,4.1571426,2.5857143,4.4,6.4142857,22.885714,8.326769e-05,0.0060912073,-7.345365000000001e-25,1.4901161e-08,0.0,True
2013-08-12,477.08,24.4,17.285715,23.142857,11.800001,74.58572,2.8,2.142857,3.0857143,6.4714284,20.285715,0.00037045777,0.0052120015,-7.345365000000001e-25,7.450581e-09,0.0,True
2013-08-19,477.02,5.7,15.485715,21.485716,9.271429,69.61429,2.8714287,1.8571428,3.0285716,6.2285714,18.22857,4.5090914e-05,0.004552655,-7.345365000000001e-25,9.313226e-09,0.0,True
2013-08-26,477.0,4.0,15.285714,20.128572,10.414286,73.25714,2.2857144,1.4428571,2.457143,6.2714286,17.714285,0.00011985004,0.004020743,-7.345365000000001e-25,0.0,0.0,True
2013-09-02,476.95,1.6,14.342857,19.642857,8.971429,71.37144,2.0714285,1.3857143,2.457143,6.3714285,16.642857,2.0250678e-05,0.0035953969,-7.345365000000001e-25,7.450581e-09,0.0,True
2013-09-09,476.93,42.0,17.185715,23.114286,11.728572,73.65715,2.3428571,1.4428571,2.7285714,6.1285715,18.528572,0.00018063188,0.0032351092,-7.345365000000001e-25,9.313226e-09,0.0,True
2013-09-16,476.97,55.800003,10.528572,13.257143,8.0,92.35714,1.0285715,1.0142857,1.0285714,8.642858,12.228572,0.00056782365,0.002955392,-7.345365000000001e-25,9.313226e-09,0.0,True
2013-09-23,476.97,26.3,9.971429,13.514287,6.7571435,88.15715,0.9142857,0.88571435,0.9857143,9.542857,11.114285,0.0001309514,0.002769217,-7.345365000000001e-25,0.0,0.0,True
2013-09-30,476.904373380214,0.0,9.857142,15.300001,4.8,78.92857,1.1428572,0.94285715,1.5,8.914286,11.957143,1.8715858e-05,0.002613932,-7.345365000000001e-25,1.8626451e-09,0.0,False
2013-10-07,476.92,10.599999,7.914286,12.442857,3.5428574,77.5,0.9142857,0.8,1.3428572,9.014286,9.6285715,0.00013822317,0.0024715066,-7.345365000000001e-25,0.0,0.0,True
2013-10-14,476.91,30.4,6.8857145,10.171428,3.5857143,91.5,0.4857143,0.4571429,0.62857145,10.214286,8.142858,0.0003068447,0.0023613498,-7.345365000000001e-25,0.0,0.0,True
2013-10-21,476.94,20.9,9.357142,12.385715,5.857143,89.57143,0.6714286,0.65714294,0.61428577,10.528571,9.342857,0.00025834143,0.0022810102,-7.345365000000001e-25,3.7252903e-09,0.0,True
2013-10-28,476.93,18.0,12.814286,16.571428,9.042857,83.41429,1.0285714,0.9714286,0.9714286,10.157143,11.928572,0.00021882355,0.0022203103,-7.345365000000001e-25,1.3038516e-08,0.0,True
2013-11-04,476.6220315193535,34.7,6.514286,10.042857,2.5714285,84.971436,0.6571428,0.6285714,0.5857143,10.385715,6.957143,0.00044085085,0.0021755695,-7.345365000000001e-25,7.450581e-09,0.0,True
2013-11-11,476.6366963377001,34.3,6.3,8.814286,3.4428573,89.542854,0.4857143,0.4857143,0.42857143,11.142858,6.1857142,0.0008306876,0.0021655783,4.548118e-05,0.00041242316,0.00039720535,False
2013-11-18,476.6345031570101,1.8000001,1.3142859,4.2000003,-1.8857144,92.72858,0.21428575,0.21428575,0.2857143,10.428572,2.3857143,8.0272555e-05,0.0022697374,3.0489195e-05,5.7656318e-05,7.870421e-05,True
2013-11-25,476.54,19.300001,1.0142858,2.6285713,-0.7714286,95.15715,0.14285715,0.14285715,0.22857143,10.614285,1.7142857,0.00034295022,0.002429165,0.0069364705,0.008609476,0.014447741,True
2013-12-02,476.57,13.7,-0.19999997,1.8428572,-2.7285714,93.37144,0.114285715,0.1,0.17142858,10.385715,0.41428572,0.00023312867,0.0026415363,0.005864592,0.0050455313,0.0032139085,True
2013-12-09,476.61,23.5,0.4571429,2.7142856,-1.4285715,89.700005,0.22857144,0.22857144,0.2857143,10.485714,0.62857145,0.00030612946,0.0029132068,0.007666639,0.010652615,0.010391941,True
2013-12-16,476.66,4.2,1.5142858,4.1,-0.6857143,92.457146,0.17142858,0.17142858,0.15714286,10.328571,1.3,9.076297e-05,0.0032508895,0.0019978,0.0032703858,0.0008871518,True
2013-12-23,476.65,7.9,2.7428572,4.1714287,0.22857141,85.78571,0.31428573,0.31428573,0.3285714,10.242857,1.5,0.00018258393,0.0036262274,0.0009379671,0.0016501173,1.5683472e-06,True
2013-12-30,476.7198148538391,29.6,3.8857143,0.0,1.9857143,85.01429,0.3857143,0.3857143,0.48571426,10.514286,2.9857142,0.0005347356,0.0039660186,2.2621382e-05,7.338077e-05,2.8204173e-05,True
2014-01-06,476.71,12.299999,2.3999999,4.3,-0.04285713,88.61428,0.2,0.2,0.27142859,10.4,0.5,0.00013426691,0.004560806,4.0968258e-05,0.000100538135,7.0117414e-05,True
2014-01-13,476.78,10.200001,3.6857145,6.3428574,0.6285715,87.28571,0.47142857,0.47142857,0.25714287,10.4,2.9857142,0.00021724403,0.0051106215,1.8908864e-05,1.7466024e-05,0.0006980337,True
2014-01-20,476.8,8.3,1.8142859,4.1,-0.24285713,94.71429,0.17142858,0.15714286,0.18571429,10.357142,1.5142857,0.00013780594,0.0055472627,0.0005118847,0.0011434834,0.0007377006,True
2014-01-27,476.78,24.2,-1.5285714,0.34285715,-3.2142856,98.34286,0.114285715,0.114285715,0.2,10.414286,0.2,2.6509166e-05,0.005865529,0.0069259917,0.0007373579,0.019602701,True
2014-02-03,476.74,4.6000004,-0.9857143,1.3000001,-3.1285713,92.35714,0.17142858,0.17142858,0.2857143,10.442857,0.014285714,0.00017383695,0.0060076267,0.01661195,0.007838221,0.00055468455,True
2014-02-10,476.72,13.0,2.1571429,4.9857144,-0.5,82.37144,0.64285713,0.6,0.59999996,10.228572,1.2571429,0.00033083558,0.0060364157,0.0056389626,0.009671675,8.3032995e-05,True
2014-02-17,476.81,27.1,2.8428574,5.657143,0.19999997,83.77143,0.6999999,0.67142856,0.5857143,10.342857,2.2285714,0.00035002828,0.0061814636,0.0017441114,0.004061712,0.002965685,True
2014-02-24,476.98,6.4,3.2285714,7.114286,-0.3,83.67143,0.7714286,0.7285714,0.59999996,10.2,2.8857143,5.8740377e-05,0.006526403,0.00020014672,0.0004879348,7.338822e-07,True
2014-03-03,476.93,3.8,3.8428574,8.228572,0.10000001,81.14286,0.87142855,0.7571429,0.78571427,9.857142,4.042857,0.00011816621,0.006735906,0.00022650333,0.00067009404,0.00078099966,True
2014-03-10,476.77,0.0,4.6571426,11.814286,-0.9857143,77.14286,1.3142856,1.0714285,1.2285715,9.514286,5.4857144,2.732873e-05,0.006719731,4.5049757e-05,0.00015525147,0.0,True
2014-03-17,476.7,7.6000004,7.157143,12.557143,1.8857144,70.1,1.6142858,1.2714285,1.5142858,8.885715,7.1571426,5.1803887e-05,0.006598197,3.3492134e-07,2.3785979e-06,0.0,True
2014-03-24,476.67,14.8,6.9714284,11.1285715,2.5857143,76.72857,1.6285714,1.3999999,1.3714286,8.671429,7.385714,0.0002456978,0.0064384416,9.0826126e-07,2.6058406e-06,1.0769814e-05,True
2014-03-31,476.6451589967968,1.0,6.1714287,12.642858,0.21428575,73.0,1.7714285,1.3857143,1.8142856,8.4,7.714286,3.347546e-05,0.0062297434,3.7641752e-05,0.00017146021,0.00016489625,True
2014-04-07,476.54,8.7,12.257143,18.714285,6.228572,68.457146,2.3428571,1.6428572,2.3285713,7.6,13.528571,5.64456e-05,0.0059427395,-7.345365000000001e-25,3.9860606e-07,0.0,True
2014-04-14,476.54,10.4,8.071428,12.142858,4.1714287,77.185715,1.7428571,1.2714285,1.7,7.242857,10.042857,0.00018338859,0.0056486875,2.8950828e-07,1.8626451e-09,1.7035753e-05,True
2014-04-21,476.54,8.8,6.057143,11.085715,0.55714285,76.185715,2.057143,1.457143,1.9857142,7.142857,8.571428,0.00014933944,0.005364135,6.274382e-05,0.00021514669,0.00020612404,True
2014-04-28,476.55,17.7,11.914286,17.628572,6.642857,81.200005,2.2857141,1.3857143,2.2714286,6.9428573,14.285714,0.00042816997,0.005047314,-7.345365000000001e-25,2.3283064e-07,0.0,True
2014-05-05,476.51,9.6,8.885715,14.1285715,3.8428574,80.557144,1.9714285,1.6142857,2.0714285,7.571429,12.385715,0.0003015101,0.00478746,-7.345365000000001e-25,0.0,0.0,True
2014-05-12,476.48,39.2,10.314286,14.742858,5.9857144,77.98572,2.457143,2.2285714,2.0285714,7.8428574,11.814285,0.000488922,0.0045723096,-7.345365000000001e-25,3.7252903e-09,0.0,True
2014-05-19,476.47,7.9,9.685715,14.6285715,5.5,77.62858,2.3,1.8714286,2.5142858,7.957143,11.957143,0.00014026463,0.0044005886,-7.345365000000001e-25,0.0,0.0,True
2014-05-26,476.48,16.1,16.385715,22.657145,9.071428,66.98572,3.9714284,2.7857144,4.1,7.1857142,19.114286,0.0015314668,0.004188083,-7.345365000000001e-25,7.450581e-09,0.0,True
2014-06-02,476.51,24.6,10.742858,14.871429,6.414286,82.35714,2.1285713,1.8571428,2.2,8.685715,14.3714285,0.0016569421,0.004013747,-7.345365000000001e-25,0.0,0.0,True
2014-06-09,476.49,4.5,17.757143,24.614286,9.414286,60.0,4.714286,3.5428574,5.0285716,7.5142856,20.4,7.748604e-05,0.0038399175,-7.345365000000001e-25,3.7252903e-09,0.0,True
2014-06-16,476.53,8.5,16.214285,21.814287,10.328572,70.957146,3.6,1.942857,3.7999997,6.4714284,20.457144,7.2062016e-05,0.0036069602,-7.345365000000001e-25,3.7252903e-09,0.0,True
2014-06-23,476.5,1.0,13.071428,18.614286,7.7714286,71.07143,3.1285717,1.1,3.1285713,5.9428573,17.385714,2.2694468e-05,0.0033951625,-7.345365000000001e-25,0.0,0.0,True
2014-06-30,476.4631168744139,32.1,13.371429,18.614286,8.214286,78.84286,2.8428571,1.6428572,2.7571428,5.9714284,17.0,0.00046499074,0.0031838864,-7.345365000000001e-25,7.450581e-09,0.0,True
2014-07-07,476.46,12.700001,17.714285,23.885715,10.771429,63.371433,4.4,2.2714286,4.242857,5.8142858,20.528572,8.0779195e-05,0.0029700324,-7.345365000000001e-25,1.1175871e-08,0.0,True
2014-07-14,476.45,100.1,14.857142,19.385715,11.142858,86.92857,2.4142857,2.3142858,2.5285716,9.042857,17.842857,0.010734767,0.0045715943,-7.345365000000001e-25,7.450581e-09,0.0,True
2014-07-21,476.63,24.4,20.657145,26.84286,13.957144,66.42857,4.3142853,3.457143,4.4428573,8.328571,23.585714,0.00013555586,0.0027234927,-7.345365000000001e-25,1.1175871e-08,0.0,True
2014-07-28,476.57,17.6,18.84286,25.157145,13.457144,73.87142,3.785714,3.1571429,4.0,7.8,22.471428,0.0002938807,0.0026111081,-7.345365000000001e-25,1.4901161e-08,0.0,True
2014-08-04,476.5,23.900002,18.2,23.428572,13.771429,82.15714,2.7142856,2.4571426,2.9142857,8.471429,21.457144,0.0017049089,0.0025201067,-7.345365000000001e-25,1.1175871e-08,0.0,True
2014-08-11,476.45,10.200001,17.1,22.528574,11.114286,75.72858,3.0,2.5857143,3.242857,8.585714,20.27143,0.0023048818,0.0024524257,-7.345365000000001e-25,1.1175871e-08,0.0,True
2014-08-18,476.44,28.5,13.228572,17.557142,9.785714,82.17143,2.0142856,1.8857143,2.085714,8.785714,15.714286,0.0005222857,0.0024105385,-7.345365000000001e-25,9.313226e-09,0.0,True
2014-08-25,476.42,18.1,11.3,16.97143,6.042857,75.54286,2.0,1.7714287,2.3428571,8.642858,14.385715,0.0001746118,0.0024250597,-7.345365000000001e-25,0.0,0.0,True
2014-09-01,476.41,33.3,13.271429,17.828571,8.814286,84.25714,1.7,1.6285714,1.9857142,9.585714,15.671429,0.0019305199,0.0031234697,-7.345365000000001e-25,3.7252903e-09,0.0,True
2014-09-08,476.41,20.2,15.242858,20.27143,11.242858,88.700005,1.5571429,1.4285715,1.9285715,9.742857,17.2,0.0004010424,0.0027616248,-7.345365000000001e-25,1.1175871e-08,0.0,True
2014-09-15,476.42,32.3,12.985715,15.914286,10.742858,90.457146,1.1142857,1.0142857,1.3428571,9.971429,15.042857,0.00044677407,0.0030437037,-7.345365000000001e-25,3.7252903e-09,0.0,True
2014-09-22,476.44,23.8,14.071428,18.885715,9.928572,87.32857,1.3857143,1.2857143,1.5857143,10.0,16.085714,0.00045706332,0.0034037605,-7.345365000000001e-25,5.5879354e-09,0.0,True
2014-09-29,476.467000592531,1.8,11.285714,16.185715,6.5285716,84.01429,1.1142857,1.0285715,1.3571428,10.142858,12.857142,2.3022294e-05,0.0037515312,-7.345365000000001e-25,5.5879354e-09,0.0,True
2014-10-06,476.41,1.2,12.185715,17.97143,7.557143,83.92857,0.9714287,0.8285714,1.3857143,9.542857,14.157143,3.1352043e-05,0.003999047,-7.345365000000001e-25,1.8626451e-09,0.0,True
2014-10-13,476.5,18.7,13.400001,16.642857,10.585714,89.02857,0.8142857,0.7714286,0.9285714,9.842857,13.585714,0.0015388131,0.0040646717,-7.345365000000001e-25,1.3038516e-08,0.0,True
2014-10-20,476.41,12.8,12.228572,16.042858,8.585714,88.77143,0.8428572,0.8142857,0.7571429,10.071428,12.642858,0.00024576485,0.004114233,-7.345365000000001e-25,7.450581e-09,0.0,True
2014-10-27,476.42,37.4,6.8428574,10.028571,3.4428573,90.37144,0.5285715,0.5285715,0.5857143,10.8,8.142858,0.00074897707,0.0043305606,5.6482495e-06,6.1836094e-05,5.9209764e-05,True
2014-11-03,476.47,1.4,7.785714,11.757143,4.3714285,88.44286,0.5285714,0.47142857,0.5285714,10.171429,8.571428,5.13196e-05,0.004766479,-7.345365000000001e-25,3.5762787e-07,0.0,True
2014-11-10,476.47,17.6,5.642857,8.000001,2.5857143,92.04286,0.32857147,0.28571433,0.3857143,10.242857,6.5285716,0.00015591085,0.0050242916,-7.345365000000001e-25,1.8626451e-09,0.0,True
2014-11-17,476.45,5.4,6.414286,9.557143,3.3428571,93.57143,0.27142856,0.27142856,0.34285715,10.185715,6.9428573,7.0557e-05,0.0051451996,-7.345365000000001e-25,0.0,0.0,True
2014-11-24,476.4,5.1,3.8,6.085714,0.9,92.328575,0.20000002,0.20000002,0.2857143,10.542857,4.142857,0.00018540025,0.00519827,-7.345365000000001e-25,0.0,0.0,True
2014-12-01,476.4,0.0,0.20000002,2.8428574,-2.1142857,91.5,0.14285716,0.14285716,0.25714287,10.2,1.1428572,1.8537045e-05,0.005242996,2.2706531e-07,1.7508864e-07,2.9616058e-06,True
2014-12-08,476.36,5.7,-0.37142858,1.1571429,-2.1000001,92.814285,0.071428575,0.071428575,0.27142859,10.214286,0.15714286,1.92374e-05,0.0052463636,0.0013283321,0.00060714036,0.003566064,True
2014-12-15,476.45,49.6,1.8714286,3.957143,-0.12857148,93.5,0.2857143,0.27142859,0.27142859,10.785714,1.3857143,0.0008144155,0.005232267,0.0027891058,0.006363699,0.004502408,True
2014-12-22,476.62,34.0,3.9857144,5.957143,1.3285714,90.700005,0.31428573,0.31428573,0.37142855,11.1,3.0,0.00083088875,0.0058207437,0.0011480082,0.00587599,0.004655715,True
2014-12-29,476.73194898713615,17.4,-0.32857138,1.5714285,-2.6285717,84.0,0.18571429,0.18571429,0.34285715,10.728572,1.5714285,0.00015968084,0.007240504,0.0021709204,0.00020686351,0.007517766,True
2015-01-05,476.7,20.1,-0.17142858,1.5714285,-1.7285715,92.471436,0.1,0.1,0.24285714,10.85,0.05,0.00019672513,0.008262619,0.015067674,0.0045676026,0.016128965,True
2015-01-12,476.61,35.0,2.5714285,5.085714,-0.32857138,86.37144,0.5285715,0.5285715,0.44285712,10.985714,1.8142858,0.0022948682,0.01028429,0.010582952,0.022277445,0.005550176,True
2015-01-19,477.24,31.2,2.2714286,4.8428574,-0.48571426,85.3,0.5,0.48571426,0.5142857,10.757143,1.8714286,0.0006057918,0.013206422,0.0012583903,0.0032132566,0.0019200705,True
2015-01-26,477.28,16.599998,-1.6,-0.32857147,-3.4,93.114296,0.08571429,0.08571429,0.3,10.414286,-0.028571429,3.1515956e-06,0.015669592,0.007608936,8.331239e-05,0.018090665,True
2015-02-02,476.94,39.1,-1.1,0.47142857,-3.0,90.4,0.22857144,0.22857144,0.32857147,10.885715,0.18571429,9.156764e-06,0.015562817,0.032850828,0.00023261271,0.025067762,True
2015-02-09,476.66,7.9,-3.3142858,-0.5714286,-7.7000003,82.84286,0.17142858,0.17142858,0.42857143,10.414286,0.057142857,7.9751015e-05,0.0148305595,0.044041794,0.0026590507,0.0053936467,True
2015-02-16,476.6,0.1,-1.0714285,2.5571427,-4.157143,89.17143,0.37142858,0.34285715,0.5428571,10.2,0.35714287,0.00048835576,0.013818085,0.03338923,0.023028757,5.759299e-06,True
2015-02-23,476.58,8.0,-0.37142855,2.857143,-3.2142856,86.685715,0.44285718,0.38571432,0.5285714,10.014286,0.5857143,0.00030636787,0.012980297,0.013564609,0.013337722,0.0049309246,True
2015-03-02,476.47,11.699999,1.3571428,4.9857144,-1.8857143,82.22858,0.8,0.75714284,0.71428573,10.1,1.3857143,0.00032875687,0.012396283,0.008619184,0.010735907,0.005111538,True
2015-03-09,476.45,6.6,2.9285715,7.228572,-0.9285715,75.41429,1.1285714,1.0714285,1.0571429,10.114285,2.5714285,0.00020512193,0.011868671,0.0048607984,0.0066625755,0.0022759587,True
2015-03-16,476.72,3.9,2.3428574,5.857143,-0.7571429,83.54286,0.8428572,0.7571429,0.95714283,9.7,2.7571428,9.331852e-05,0.011377409,0.0011823234,0.0030377414,0.0028602555,True
2015-03-23,476.76,0.0,3.8142858,10.271429,-1.6857144,73.74286,1.442857,1.1571429,1.5285714,9.271428,5.0571427,3.414601e-05,0.010783121,0.00034906183,0.0013943687,0.00068761036,True
2015-03-30,476.62723862453856,41.9,5.2571425,9.300001,1.1857144,78.8,1.4285715,1.2428571,1.3285714,9.242857,5.742857,0.00044407696,0.010103628,6.965796e-05,0.00034813583,2.2884458e-05,True
2015-04-06,476.77,19.7,1.7428572,6.3428574,-1.9,76.457146,1.4714286,1.4142855,1.4142857,10.614285,3.1142857,0.00051597506,0.009523429,0.0071295556,0.01130479,0.017630748,True
2015-04-13,476.87,0.6,8.314286,14.485715,1.7571429,66.72857,2.4142857,1.9857142,2.4285715,9.428572,9.428572,0.000116840005,0.009087913,0.0010547695,0.0050830003,0.0,True
2015-04-20,476.75,2.6,8.757143,15.585715,1.3857143,61.21429,3.0428574,2.2571428,2.957143,8.4,11.585714,5.6028366e-05,0.008566171,3.2356806e-07,2.9299408e-06,0.0,True
2015-04-27,476.64,8.6,9.742858,16.014286,3.1714287,67.94286,2.6428568,1.8857144,2.5571427,7.5142856,12.285714,0.0001564771,0.007954195,-7.345365000000001e-25,0.0,0.0,True
2015-05-04,476.58,12.0,8.885715,14.014287,3.2285714,71.35714,2.3285713,1.9142857,2.3857143,7.9142857,11.4,0.00022791326,0.007364407,7.477828e-05,0.00041608512,0.00042351335,True
2015-05-11,476.52,5.9,12.857142,18.800001,5.928571,65.78571,3.3285713,2.3142858,3.2571428,7.5142856,15.0,6.3702464e-05,0.0067629516,-7.345365000000001e-25,1.2293458e-07,0.0,True
2015-05-18,476.47,3.9,12.6285715,19.328571,5.5,58.42857,3.7142856,1.8285714,3.8857143,6.7,16.3,9.4264746e-05,0.006115012,-7.345365000000001e-25,3.7252903e-09,0.0,True
2015-05-25,476.43,3.9,11.085714,16.22857,5.8285713,67.8,2.457143,0.9285714,2.7142856,6.214286,14.557143,0.000103995204,0.0055167973,-7.345365000000001e-25,0.0,0.0,True
2015-06-01,476.43,12.6,10.728571,15.657144,4.8142858,72.314285,2.542857,1.2571429,2.457143,6.1285715,13.271428,9.468198e-05,0.0050101206,-7.345365000000001e-25,0.0,0.0,True
2015-06-08,476.34,0.5,17.457144,23.485716,10.828572,62.214287,4.2999997,1.542857,4.6142855,5.9,19.285715,6.709993e-05,0.0044964403,-7.345365000000001e-25,0.0,0.0,True
2015-06-15,476.35,0.8,15.914286,21.071428,10.557143,68.25715,3.2857144,1.2714285,3.6142857,5.8285713,18.471428,7.9490244e-05,0.004032247,-7.345365000000001e-25,3.7252903e-09,0.0,True
2015-06-22,476.33,34.1,11.400001,16.057142,6.857143,75.75715,2.3714287,1.2571428,2.4428573,5.928571,14.957143,0.00023679435,0.003627792,-7.345365000000001e-25,7.450581e-09,0.0,True
2015-06-29,476.2524955085262,19.7,14.957143,20.257143,9.314286,71.91429,3.3142858,2.5428574,3.3142858,6.785714,17.314285,0.00017763674,0.0033170208,-7.345365000000001e-25,7.450581e-09,0.0,True
2015-07-06,476.32,9.799999,23.67143,30.757143,15.585715,55.11429,6.142857,3.1714287,6.2714286,5.757143,25.571428,7.2717667e-06,0.0029685423,-7.345365000000001e-25,1.1175871e-08,0.0,True
2015-07-13,476.3,23.400002,16.314287,22.4,9.814286,66.67143,3.9857142,2.3714287,3.9142857,5.7,19.557142,0.00019189715,0.002632834,-7.345365000000001e-25,7.450581e-09,0.0,True
2015-07-20,476.3,21.0,20.285715,26.185715,15.071428,72.071434,3.7857144,1.9428574,3.7142856,5.8142858,21.614286,0.00014956295,0.0023928508,-7.345365000000001e-25,1.4901161e-08,0.0,True
2015-07-27,476.31,35.1,18.614286,23.985716,13.157144,69.61429,3.9285715,2.5714285,3.8428571,6.142857,21.171429,0.00013184547,0.0021732375,-7.345365000000001e-25,1.1175871e-08,0.0,True
2015-08-03,476.3,0.2,15.957144,22.1,9.685715,60.585716,3.657143,1.8999999,3.8857143,5.9428573,18.3,2.272427e-05,0.0019833148,-7.345365000000001e-25,1.8626451e-09,0.0,True
2015-08-10,476.29,1.4000001,23.028574,30.800001,15.6285715,57.81429,4.942857,1.5714285,5.2999997,5.1,24.342857,1.3105571e-05,0.0017814711,-7.345365000000001e-25,1.4901161e-08,0.0,True
2015-08-17,476.28,26.9,20.214285,25.385714,15.614286,75.12858,3.1714284,1.2428571,3.542857,5.4,22.757143,0.00025771558,0.0016004145,-7.345365000000001e-25,1.3038516e-08,0.0,True
2015-08-24,476.27,12.799999,15.157144,20.300001,9.5,75.6,2.385714,2.1285713,2.7571428,7.214286,17.72857,8.134544e-05,0.0014844835,-7.345365000000001e-25,0.0,0.0,True
2015-08-31,476.3050301610861,7.8999996,18.957144,25.042858,13.028572,71.8,3.042857,2.3285716,3.3,6.928571,20.071428,3.9756298e-05,0.0013730153,-7.345365000000001e-25,7.450581e-09,0.0,True
2015-09-07,476.3,18.4,12.014287,17.214285,7.471429,81.67143,1.6142856,1.3285713,1.8285713,6.9428573,14.8714285,0.00013710558,0.0012756363,-7.345365000000001e-25,7.450581e-09,0.0,True
2015-09-14,476.27,10.0,12.471429,17.842857,7.2714286,80.07143,1.6571428,1.2142857,1.9285715,6.9857144,14.428572,7.984787e-05,0.0012034327,-7.345365000000001e-25,1.8626451e-09,0.0,True
2015-09-21,476.29,20.699999,12.157143,16.528572,8.828572,83.58571,1.3,1.1142857,1.3857143,7.357143,13.271428,0.000118002295,0.0011402443,-7.345365000000001e-25,7.450581e-09,0.0,True
2015-09-28,476.29,7.7999997,9.814286,14.0,6.228572,83.8,1.0,0.8000001,1.1999999,7.4857144,11.457143,7.162988e-05,0.0010874048,-7.345365000000001e-25,3.7252903e-09,0.0,True
2015-10-05,476.24,1.7,9.371429,15.242858,3.9,76.057144,1.1999999,0.8428572,1.5428572,7.071429,10.757143,5.990267e-06,0.0010366142,-7.345365000000001e-25,0.0,0.0,True
2015-10-12,476.27,26.3,8.742857,12.285714,5.3285713,86.15715,0.71428573,0.64285713,0.90000004,7.6714287,10.271428,0.00014900416,0.0009933189,-7.345365000000001e-25,3.7252903e-09,0.0,True
2015-10-19,476.28,18.3,3.0,4.8857145,1.2,94.78571,0.29999998,0.2857143,0.5,8.3714285,4.5285716,0.00031595677,0.0009591803,0.0025691588,0.007658692,0.00836375,True
2015-10-26,476.27,8.2,6.714286,9.6285715,3.3428574,93.27143,0.37142858,0.37142858,0.45714286,8.542857,7.1,4.1350722e-05,0.00093423575,0.00016637075,0.0008363947,0.0,True
2015-11-02,476.24,0.5,6.6714287,12.7,1.7571429,85.40001,0.54285717,0.47142857,0.7428571,8.314285,7.1714287,4.3809414e-06,0.0009122789,3.3492134e-07,2.3003668e-06,0.0,True
2015-11-09,476.24,8.6,10.357142,15.242858,6.214286,81.0,0.7285714,0.64285713,0.67142856,8.1285715,9.528571,6.378442e-05,0.0008920133,-7.345365000000001e-25,1.1175871e-08,0.0,True
2015-11-16,476.29,45.899998,8.8,11.257143,6.1285715,84.185715,0.59999996,0.5857143,0.62857145,8.457143,8.2,0.00013843179,0.0008755252,-7.345365000000001e-25,3.7252903e-09,0.0,True
2015-11-23,476.45,46.2,4.9,7.228572,2.257143,85.542854,0.5428571,0.5142857,0.5714286,9.8714285,5.1857142,0.00072170794,0.00086209923,0.0006560314,1.036562e-05,0.003795147,True
2015-11-30,476.4944693328591,55.0,0.84285724,3.0285716,-1.3857144,91.25714,0.32857147,0.32857147,0.31428573,10.171429,1.4571428,0.0009537786,0.001076445,0.0052452483,0.011184011,0.008275736,True
2015-12-07,476.44,19.0,5.285714,7.571429,2.8857143,88.75715,0.2857143,0.2857143,0.3,10.657143,4.257143,0.00028672814,0.0009147823,0.00015121982,0.0012159925,0.0,True
2015-12-14,476.64,12.9,3.057143,6.0,0.25714287,91.685715,0.22857143,0.21428573,0.22857143,10.328571,2.5857143,0.00017039478,0.0009994358,8.282207e-06,2.4866313e-05,1.8373132e-05,True
2015-12-21,476.56,19.3,6.957143,8.7,4.7000003,91.97143,0.27142856,0.27142856,0.24285714,10.328571,5.614286,0.00014851987,0.0011109412,4.9386705e-07,2.214685e-06,0.0,True
2015-12-28,476.55,3.0,6.9000006,9.642858,4.0,85.71429,0.4,0.4,0.34285715,10.157143,5.7285714,3.6507845e-05,0.0012312531,-7.345365000000001e-25,0.0,0.0,True
2016-01-04,476.55,16.0,-0.67142856,1.3428571,-2.6857142,91.34286,0.13333334,0.1,0.31428573,10.066667,2.0333333,7.301569e-05,0.0013460517,0.0014108646,8.531287e-05,0.007851332,True
2016-01-11,476.58,30.1,1.1571429,2.8714287,-0.90000004,94.87144,0.21428572,0.21428572,0.21428572,10.542857,0.6857143,0.0005097836,0.0014506131,0.0075670537,0.009536963,0.0089658685,True
2016-01-18,477.05,31.0,-1.8571428,-0.08571427,-3.7142856,90.61428,0.20000002,0.20000002,0.27142859,10.914286,0.6857143,0.00018651783,0.0016247258,0.014994729,0.0028068163,0.017903134,True
2016-01-25,476.96,13.6,-4.357143,-0.71428573,-8.385715,89.01429,0.10000001,0.10000001,0.17142858,10.357142,0.22857143,0.00032755733,0.0018871203,0.021921266,0.012946563,0.004165165,True
2016-02-01,477.03,25.3,5.085715,7.942857,1.6000001,82.057144,0.7571429,0.74285716,0.61428577,10.428572,3.2142856,0.0011966974,0.0022157133,0.0026798078,0.014649555,0.000633426,True
2016-02-08,477.34,35.3,3.3714287,5.8285713,1.1857144,86.57143,0.64285713,0.64285713,0.5714286,10.857142,2.9571428,0.0010560304,0.003145039,0.0017734085,0.0050353557,0.0052827373,True
2016-02-15,477.63,36.8,1.5714285,3.8428571,-0.7857143,88.68572,0.4857143,0.47142857,0.45714286,10.885715,1.8428571,0.0010518879,0.0053248927,0.002686773,0.0032411218,0.0060532577,True
2016-02-22,477.32,24.8,1.6714287,4.1,-1.1142857,86.78571,0.42857143,0.42857143,0.5285714,10.571428,1.9285715,0.00086933374,0.005927138,0.0037370864,0.009266524,0.006937206,True
2016-02-29,477.3404272951518,4.4,-0.9142858,2.3714287,-3.6571429,84.1,0.47142857,0.45714283,0.6571428,10.614285,1.1571429,7.481128e-05,0.007598363,0.0056718304,0.0021447092,0.009206079,True
2016-03-07,477.18,21.1,0.9857143,3.7714288,-1.3000001,86.71429,0.55714285,0.54285717,0.5857143,10.3714285,1.4857143,0.00038065016,0.0088234395,0.0068400363,0.007807577,0.008594971,True
2016-03-14,477.01,0.2,0.34285715,3.9,-2.1857142,84.12858,0.6857143,0.61428577,0.82857144,10.071428,1.6285714,0.00013048947,0.009235658,0.0041639125,0.005269978,0.0004955791,True
2016-03-21,476.84,3.6,2.5714285,6.571429,-1.0142858,78.92857,0.98571426,0.8428572,1.0428572,9.757143,3.1,0.00010292232,0.009304494,0.0017034383,0.0036577694,0.0018914789,True
2016-03-28,476.78,19.5,4.214286,7.4714284,1.1714286,83.58572,1.0285715,0.95714283,0.9714286,9.828571,4.3285713,0.0002412796,0.009167552,0.000107004525,0.00035446696,1.9863248e-05,True
2016-04-04,476.72,20.8,7.414286,12.285714,2.7142856,79.65715,1.7285715,1.6714287,1.4857142,10.285714,7.8285713,0.00048841536,0.008970581,0.00095136394,0.0050497167,0.005128078,True
2016-04-11,476.74,3.4,7.4857144,12.471429,2.3714287,71.02857,1.9571427,1.6857144,1.8857144,9.6285715,9.6285715,0.00013974309,0.008747719,6.67572e-06,6.9448724e-05,0.0,True
2016-04-18,476.72,22.8,7.357143,12.357142,2.457143,80.185715,1.7428571,1.6142856,1.6857144,9.471429,9.442857,0.0005699694,0.008500524,-7.345365000000001e-25,1.8626451e-08,0.0,True
2016-04-25,476.67,20.7,4.7714286,9.914286,-0.3571429,72.38572,1.9428571,1.6999999,1.9571428,9.342857,8.6,0.00013741851,0.008224338,9.167762e-05,0.00027144514,0.0025784746,True
2016-05-02,476.66,2.8,5.571429,10.871429,0.4,70.54286,2.2857144,1.9571428,2.1857142,9.428572,7.4714284,0.0002671033,0.007938355,0.002767699,0.008984037,0.0071073063,True
2016-05-09,476.63,0.1,12.428572,18.785715,5.2571435,57.600002,4.1142855,2.9714284,4.042857,8.271428,14.2,7.2166324e-05,0.0075346604,3.667105e-06,2.9880553e-05,0.0,True
2016-05-16,476.61,3.4,10.985715,16.214285,5.914286,67.51429,2.9999998,1.8857143,3.1000001,7.142857,14.228572,5.4478645e-05,0.006963767,-7.345365000000001e-25,3.7252903e-09,0.0,True
2016-05-23,476.55,10.299999,12.542857,17.528572,6.914286,67.9,2.871429,1.6571428,2.8428571,6.8,14.314285,0.00013108552,0.0064411983,-7.345365000000001e-25,0.0,0.0,True
2016-05-30,476.4776800325046,43.3,13.742858,18.042858,9.828572,84.98572,2.2571428,1.9428571,2.3285713,7.6285715,16.357143,0.0024329573,0.005987026,-7.345365000000001e-25,7.450581e-09,0.0,True
2016-06-06,476.55,36.0,15.528572,20.671429,11.185715,85.15714,2.7142856,2.5428574,2.7142856,9.285714,18.714285,0.0029236972,0.005708888,-7.345365000000001e-25,3.7252903e-09,0.0,True
2016-06-13,476.84,31.3,14.757143,20.2,9.885715,76.72858,2.9714284,2.5428574,3.0285714,8.828571,19.171429,0.00046631694,0.005309455,-7.345365000000001e-25,3.7252903e-09,0.0,True
2016-06-20,476.78,35.1,13.2,17.585714,8.742857,83.22858,2.614286,2.4857144,2.3428571,9.3714285,16.285715,0.0008035898,0.00514511,-7.345365000000001e-25,0.0,0.0,True
2016-06-27,476.75,7.5,18.914286,24.914288,12.757143,71.61429,4.1857142,3.371429,4.2714286,8.5,21.842857,0.00016725063,0.0049732924,-7.345365000000001e-25,1.1175871e-08,0.0,True
2016-07-04,476.68,10.200001,15.442858,20.685715,9.842857,76.87144,3.1285717,2.4857142,3.0285716,7.885714,18.914286,0.0001937598,0.00475657,-7.345365000000001e-25,1.1175871e-08,0.0,True
2016-07-11,476.62,0.3,17.857143,23.757143,11.342857,64.48572,4.3714285,2.5571427,4.285714,7.071429,20.885714,2.7924776e-05,0.004518524,-7.345365000000001e-25,1.1175871e-08,0.0,True
2016-07-18,476.55,7.0,15.457144,20.300001,11.1285715,74.38572,2.9285715,1.9,2.9428573,6.9428573,18.657143,0.00030086935,0.0042470545,-7.345365000000001e-25,3.7252903e-09,0.0,True
2016-07-25,476.54,50.8,19.77143,25.385715,14.385715,76.957146,3.6,2.457143,3.6000001,7.1571426,22.842857,0.002288878,0.003974609,-7.345365000000001e-25,7.450581e-09,0.0,True
2016-08-01,476.54,26.6,17.728573,22.800001,13.228572,78.61428,2.9285712,2.4285715,3.0571427,7.6714287,20.857143,0.0002796948,0.0037351549,-7.345365000000001e-25,1.1175871e-08,0.0,True
2016-08-08,476.5,21.1,16.2,20.828571,11.642858,81.200005,2.5571427,2.1,2.5285716,7.957143,18.357143,0.0016435087,0.0036426708,-7.345365000000001e-25,9.313226e-09,0.0,True
2016-08-15,476.48,9.8,14.271429,19.2,8.985715,76.44286,2.4285715,1.7857143,2.5714285,7.4142857,17.357143,0.00015071034,0.0034117997,-7.345365000000001e-25,3.7252903e-09,0.0,True
2016-08-22,476.47,6.1,15.385715,21.77143,9.314285,72.32857,2.8142858,1.6857144,2.9285715,6.8,19.3,0.00014261901,0.0032579005,-7.345365000000001e-25,7.450581e-09,0.0,True
2016-08-29,476.4169627063123,1.0,21.2,28.800001,13.771429,61.61429,3.8428571,1.8285716,4.214286,6.2285714,22.357143,2.43783e-05,0.0030845255,-7.345365000000001e-25,9.313226e-09,0.0,True
2016-09-05,476.42,18.5,16.5,22.34286,11.1285715,70.9,2.5571427,1.1857144,2.7142856,5.957143,19.471428,0.00014512241,0.0028891712,-7.345365000000001e-25,7.450581e-09,0.0,True
2016-09-12,476.42,0.0,18.614286,25.857143,11.8714285,71.14286,2.7,1.3714285,3.0714285,6.0,20.214285,3.3825636e-06,0.0027231425,-7.345365000000001e-25,1.8626451e-09,0.0,True
2016-09-19,476.41,21.6,16.785715,21.185715,12.814286,75.67143,2.0714285,0.9857143,2.2714286,6.385714,18.342857,0.00019958615,0.0025483072,-7.345365000000001e-25,1.4901161e-08,0.0,True
2016-09-26,476.37,0.9,11.957144,18.428572,6.328572,78.01429,1.4571428,1.1571429,1.8000001,7.3,14.842857,4.3958426e-06,0.0024178848,-7.345365000000001e-25,1.8626451e-09,0.0,True
2016-10-03,476.38,11.7,12.742857,17.214285,8.514286,82.72858,1.1999999,0.9857143,1.2714285,7.0142856,14.442857,0.00014939904,0.0022916198,-7.345365000000001e-25,7.450581e-09,0.0,True
2016-10-10,476.36,15.900001,6.2999997,9.142858,3.5142858,89.41429,0.59999996,0.54285717,0.7285714,7.8,8.042857,9.8630786e-05,0.002196364,-7.345365000000001e-25,0.0,0.0,True
2016-10-17,476.34,1.4000001,7.414286,11.17143,3.957143,88.62858,0.55714285,0.45714286,0.7,7.742857,8.0,2.3558736e-05,0.0021128654,-7.345365000000001e-25,1.8626451e-09,0.0,True
2016-10-24,476.36,48.199997,6.057143,8.728571,4.0285716,92.65715,0.4714286,0.4714286,0.5,8.457143,6.957143,0.0007742718,0.002038844,-7.345365000000001e-25,1.8626451e-09,0.0,True
2016-10-31,476.3442190454717,1.7,7.3142858,10.457144,3.957143,90.67143,0.3857143,0.37142858,0.45714286,9.114285,7.785714,0.00018158555,0.0019900128,-7.345365000000001e-25,0.0,0.0,True
2016-11-07,476.35,21.3,3.5285716,6.157143,0.84285706,89.542854,0.35714287,0.34285715,0.31428573,9.1285715,4.428571,0.00020696968,0.0019618869,0.00018053963,0.00019720569,0.0022222623,True
2016-11-14,476.37,16.0,-0.9857143,1.3714286,-3.3857143,88.57143,0.18571429,0.17142859,0.2857143,9.785714,0.94285715,8.355826e-05,0.001944609,0.0071024895,0.0021582898,0.008798704,True
2016-11-21,476.35,40.4,5.2000003,7.9857144,2.3714287,84.98572,0.48571426,0.48571426,0.5285714,10.385715,3.7714286,0.0007930994,0.001947619,0.0025514874,0.009266665,9.866804e-05,True
2016-11-28,476.5,0.5,3.414286,6.7714286,0.25714296,87.971436,0.24285717,0.24285717,0.35714287,9.885715,3.9714286,2.552569e-05,0.0020421594,6.3010625e-06,1.7911196e-05,2.2832304e-05,True
2016-12-05,476.44,6.7999997,-2.5857143,2.142857,-6.714286,80.200005,0.18571429,0.18571429,0.25714287,9.8714285,-0.6,7.814169e-05,0.0021603033,0.00023215725,0.00025285035,0.0005151704,True
2016-12-12,476.43,7.7,0.78571427,3.4714286,-1.957143,87.35714,0.24285714,0.24285714,0.25714287,9.8714285,0.2,9.353459e-05,0.0022642761,0.00023001716,0.0002780836,4.4893473e-05,True
2016-12-19,476.42,3.2,0.2,2.4428573,-2.6000001,93.28571,0.11428572,0.11428572,0.15714286,9.942857,1.0142857,6.239116e-05,0.0023546368,0.00017233122,0.00016762502,0.00040275976,True
2016-12-26,476.4,14.9,0.40000004,2.7714288,-2.057143,92.185715,0.22857143,0.21428572,0.24285714,9.971429,0.42857143,0.0001879409,0.0024391934,0.00027627038,0.00052964874,0.0002384372,True
2017-01-02,476.43,3.1,-1.2714285,2.1714287,-4.285714,82.98572,0.24000001,0.24000001,0.34285715,10.06,0.72,1.5705824e-05,0.0025266632,0.00029592286,4.9296767e-05,0.0027561076,True
2017-01-09,476.44,23.800001,-5.2000003,-2.5714285,-8.814286,84.9,0.071428575,0.071428575,0.22857143,10.214286,-0.45714286,5.6773424e-06,0.0026229918,0.012384216,0.00014013611,0.015483085,True
2017-01-16,476.39,31.6,-2.1714287,0.114285745,-4.571429,86.957146,0.22857143,0.22857143,0.34285715,10.485714,-0.071428575,2.5749207e-05,0.0026999265,0.03055372,0.00026328675,0.026963163,True
2017-01-23,476.34,0.0,-7.285714,-1.757143,-11.885715,80.01428,0.071428575,0.071428575,0.22857143,10.157143,-0.3,0.0,0.0027523339,0.043538947,0.0,0.00046344846,True
2017-01-30,476.35773844166016,8.7,-3.9,0.47142857,-8.114286,79.17143,0.18571429,0.18571429,0.41428572,9.985714,-0.2857143,9.679794e-05,0.0027827024,0.043315597,0.0020806137,0.001725439,True
2017-02-06,476.36,5.5,1.1714286,3.6000001,-1.2285715,89.58572,0.2857143,0.2857143,0.32857147,10.114285,0.37142858,0.0005030185,0.00280153,0.035072774,0.02041259,0.0011162162,True
2017-02-13,476.36,0.0,-2.0285716,0.34285718,-4.2428575,85.185715,0.18571427,0.17142858,0.4714286,9.985714,-0.071428575,0.0001142472,0.0029166788,0.02305544,0.005340375,0.0005986057,True
2017-02-20,476.35,20.9,2.0428572,6.6285715,-2.142857,81.42857,0.6571428,0.6285714,0.59999996,9.928572,1.0285715,0.0005724728,0.0031287596,0.009924548,0.015231391,0.00021018833,True
2017-02-27,476.65,17.9,5.3285713,8.471429,1.8142856,73.98572,1.1714286,1.1285714,1.0285714,10.428572,3.8,0.0005251169,0.0037375912,0.0008908056,0.0040331855,0.0006311685,True
2017-03-06,477.08,30.099998,4.4142857,7.714286,1.1857144,76.51429,1.2714285,1.2428571,1.0142858,10.257143,3.8857143,0.0005849898,0.0047636107,0.0012822151,0.0042963326,0.0047892258,True
2017-03-13,477.02,20.2,3.0428574,7.5,-1.2571429,79.25714,1.0428572,1.0,0.9285714,10.5,3.857143,0.00046873093,0.0058228,0.0012076469,0.0042085964,0.0037717186,True
2017-03-20,477.15,24.3,7.0,11.3714285,3.0428574,74.814285,1.3571428,1.2142857,1.2285715,10.042857,6.6571426,0.0006273985,0.006880924,5.280404e-05,0.00024344027,0.0,True
2017-03-27,477.07,8.400001,5.5,10.400001,0.8857144,75.200005,1.6,1.4285715,1.4857142,10.071428,7.0857143,0.0001822859,0.0077125207,-7.345365000000001e-25,2.9988587e-07,0.0,True
2017-04-03,476.85,0.6,11.214286,17.72857,4.9428573,67.34286,2.4285715,1.942857,2.385714,8.985714,12.1285715,1.7262995e-05,0.008064084,-7.345365000000001e-25,1.8626451e-09,0.0,True
2017-04-10,476.71,0.5,7.8428574,13.428572,2.4857144,72.67143,1.8999999,1.4428571,1.9,8.442857,10.171429,2.3640692e-05,0.0078978315,-7.345365000000001e-25,0.0,0.0,True
2017-04-17,476.63,13.1,6.2000003,10.028571,2.542857,71.200005,1.6714286,1.4,1.7142857,7.9428573,8.328571,0.00013173372,0.0075846463,9.037199e-05,0.00036808848,0.0012433305,True
2017-04-24,476.57,10.9,3.1857145,7.571429,-1.1428572,72.02857,1.7285715,1.4857142,1.6999999,8.5,5.5142856,0.00012967736,0.0072248355,0.0014638617,0.003588885,0.0031429902,True
2017-05-01,476.54,3.4,5.4714284,10.400001,-0.27142856,67.07143,1.9428571,1.5285715,2.0142858,8.057143,8.214286,9.693205e-05,0.00678847,3.611474e-05,0.00017109141,1.707673e-05,True
2017-05-08,476.5,20.800001,8.742857,12.885715,5.0285716,85.44286,1.5,1.3428572,1.6857144,8.671429,10.471429,0.00034075975,0.006355129,-7.345365000000001e-25,4.2840838e-07,0.0,True
2017-05-15,476.47,9.700001,10.957144,16.928572,4.557143,73.442856,2.7285712,2.2857144,2.5714285,8.2,14.114285,0.0002386868,0.005949311,-7.345365000000001e-25,3.7252903e-09,0.0,True
2017-05-22,476.44,13.2,15.142858,21.242859,8.642858,67.8,3.5285714,2.7571428,3.2857144,8.014286,18.27143,0.004596621,0.00586085,-7.345365000000001e-25,0.0,0.0,True
2017-05-29,476.4370741256554,2.7,17.085714,23.585714,9.8,62.04286,4.3714285,2.8428571,4.4857144,7.1857142,20.314285,1.5005469e-05,0.00515946,-7.345365000000001e-25,7.450581e-09,0.0,False
2017-06-05,476.41,21.699999,16.457144,22.585714,10.557143,72.57143,3.4714284,2.3142858,3.5,6.857143,20.528572,0.0013447255,0.0047634095,-7.345365000000001e-25,0.0,0.0,True
2017-06-12,476.41,15.3,14.957144,20.571428,8.385715,67.57143,3.9285712,3.1857142,3.7,7.357143,17.928572,0.0013731569,0.0044359937,-7.345365000000001e-25,7.450581e-09,0.0,True
2017-06-19,476.4,2.7,16.585714,22.857143,9.585715,64.91428,4.071429,2.142857,4.214286,6.257143,20.7,4.696846e-05,0.0040901154,-7.345365000000001e-25,1.1175871e-08,0.0,True
2017-06-26,476.37,3.5,19.800001,25.928572,13.142858,63.92857,4.857143,2.0000002,4.6714287,5.757143,22.77143,4.298985e-05,0.0037182495,-7.345365000000001e-25,1.1175871e-08,0.0,True
2017-07-03,476.4,50.9,15.271429,19.385715,11.7,81.28571,2.7,2.1142857,2.3999999,6.6857142,17.9,0.00026188046,0.0034205988,-7.345365000000001e-25,3.7252903e-09,0.0,True
2017-07-10,476.37,37.3,19.942858,26.2,13.942857,68.71429,4.3,3.042857,4.2714286,6.4857144,22.714285,9.062886e-05,0.003129907,-7.345365000000001e-25,1.4901161e-08,0.0,True
2017-07-17,476.4,29.8,14.914286,19.571428,9.914286,78.6,2.7714286,2.4428573,2.5571427,7.6857142,18.12857,0.00020701438,0.0028697476,-7.345365000000001e-25,7.450581e-09,0.0,True
2017-07-24,476.38,31.599998,18.485716,23.542858,13.6,75.87144,3.585714,3.0571427,3.5714285,7.614286,21.385714,0.0002451241,0.0026393682,-7.345365000000001e-25,1.4901161e-08,0.0,True
2017-07-31,476.4883038038597,94.3,16.185715,20.228573,12.6,82.685715,2.8,2.6000001,2.5714285,9.828571,18.014286,0.0036707819,0.0025528446,-7.345365000000001e-25,1.3038516e-08,0.0,True
2017-08-07,476.66,6.2,18.485716,24.27143,13.014287,72.54286,3.357143,2.9571426,3.3999999,9.1,21.171429,9.0658665e-05,0.0023630038,-7.345365000000001e-25,5.5879354e-09,0.0,True
2017-08-14,476.57,50.2,15.371429,19.67143,11.185715,82.17143,2.2571428,2.0571427,2.4285715,9.6,17.942858,0.0039672405,0.0022576377,-7.345365000000001e-25,1.4901161e-08,0.0,True
2017-08-21,476.65,11.5,16.485714,22.028574,11.457144,76.52857,2.642857,2.5000002,2.9142857,9.757143,19.185715,0.0006335825,0.002194345,-7.345365000000001e-25,7.450581e-09,0.0,True
2017-08-28,476.64,27.8,16.514286,22.785715,10.471429,75.74286,2.7142854,2.3428571,2.957143,9.2,20.114286,0.00015300512,0.0021293014,-7.345365000000001e-25,7.450581e-09,0.0,True
2017-09-04,476.61,10.4,14.142858,19.914288,8.228572,79.57143,2.0714285,1.7428571,2.3999999,9.042857,17.442858,0.0001719445,0.002061069,-7.345365000000001e-25,3.7252903e-09,0.0,True
2017-09-11,476.59,1.3,12.828572,16.9,9.285714,79.957146,1.5,1.3285713,1.7428571,8.857142,14.528571,7.021427e-05,0.0020100921,-7.345365000000001e-25,1.4901161e-08,0.0,True
2017-09-18,476.57,49.3,9.1285715,13.428572,5.6714287,88.04286,1.2571429,1.2142857,1.1999999,9.757143,11.1285715,0.0005865544,0.001972489,-7.345365000000001e-25,5.5879354e-09,0.0,True
2017-09-25,476.53,1.4000001,10.071428,14.757143,6.1,87.971436,0.9857144,0.8714285,1.1857144,9.428572,12.357142,7.31051e-05,0.0019510463,-7.345365000000001e-25,0.0,0.0,True
2017-10-02,476.52,38.4,11.728572,16.071428,7.442857,90.28571,0.9285714,0.85714287,1.0285714,9.457143,13.471429,0.0002770871,0.0019374415,-7.345365000000001e-25,5.5879354e-09,0.0,True
2017-10-09,476.65,41.4,8.3714285,11.357142,5.4428573,87.57143,0.8714286,0.8714286,0.8428572,10.585714,9.114285,0.00066557527,0.001957059,-7.345365000000001e-25,5.5879354e-09,0.0,True
2017-10-16,476.79,1.9000001,12.271429,16.557142,8.385715,84.057144,0.9142857,0.85714287,0.9285714,10.071428,11.828571,4.811585e-05,0.002073951,-7.345365000000001e-25,5.5879354e-09,0.0,True
2017-10-23,476.73,20.9,10.557143,15.414287,6.085715,82.25714,0.87142855,0.7857142,0.87142855,9.657143,11.242857,0.00017400086,0.0021947548,-7.345365000000001e-25,3.7252903e-09,0.0,True
2017-10-30,476.8225605937623,38.100002,8.314286,10.928572,6.142857,85.52857,0.75714284,0.7428571,0.64285713,10.185715,8.442857,0.00040243566,0.0022891834,-7.345365000000001e-25,1.8626451e-09,0.0,True
2017-11-06,476.97,11.5,5.6857142,8.742857,2.7428572,86.957146,0.42857143,0.41428572,0.45714286,10.214286,6.114286,0.00019077957,0.002424933,-7.345365000000001e-25,1.8626451e-09,0.0,True
2017-11-13,476.98,24.3,3.3857143,5.071429,1.7714285,92.1,0.24285714,0.24285714,0.3857143,10.5,3.7714286,0.00035604835,0.0026135296,0.0008580117,0.00085999444,0.005391646,True
2017-11-20,476.96,32.8,1.8000001,3.3142858,0.12857142,92.34286,0.25714284,0.25714284,0.3,10.4,2.3714285,0.0002085045,0.002908066,0.003080158,0.0045249425,0.008540321,True
2017-11-27,476.98,61.4,4.3428574,6.7428575,1.5857143,87.51429,0.3857143,0.3857143,0.42857143,10.957143,3.7571428,0.0014948845,0.004099667,0.001932411,0.0093122795,0.0060613416,True
2017-12-04,477.6,27.7,-0.9571429,0.7571429,-3.0857143,90.68572,0.114285715,0.114285715,0.21428572,10.9,0.7,0.00025045872,0.0047857612,0.010354519,0.003247466,0.0160021,True
2017-12-11,477.38,35.4,0.7714285,2.7571428,-0.84285724,86.01428,0.24285714,0.24285714,0.4,10.8,0.7714286,0.0011232197,0.0060554296,0.011478543,0.01938488,0.010477006,True
2017-12-18,477.49,36.3,0.028571418,1.5714285,-1.2857143,88.65715,0.28571433,0.28571433,0.3285714,11.028571,0.55714285,0.00020158291,0.008343451,0.020004159,0.0023613218,0.021560483,True
2017-12-25,477.29,7.1,2.5857143,4.057143,0.75714296,92.328575,0.14285715,0.14285715,0.27142859,10.457143,1.7714286,0.0008639842,0.010243215,0.017356753,0.027866758,0.0013778396,True
2018-01-01,477.58,33.5,2.3,5.042857,0.057142906,85.457146,0.36666667,0.36666667,0.41428572,10.516666,1.45,0.00041605532,0.01255241,0.0022921392,0.007740589,0.00576292,True
2018-01-08,477.9,47.2,3.2285714,5.1714287,1.6142857,90.37144,0.44285718,0.44285718,0.45714286,11.257143,2.5,0.0026136711,0.016274415,0.0012561083,0.0035644714,0.003667634,True
2018-01-15,477.52,13.4,1.1285714,3.4,-1.0714285,89.700005,0.18571432,0.18571432,0.29999998,10.314285,1.2428571,5.235523e-05,0.018429965,0.0005643141,0.00065431,0.0035538264,True
2018-01-22,477.37,46.3,0.0857143,2.0428572,-1.5857143,89.5,0.3857143,0.3857143,0.35714287,11.185715,0.35714287,0.000290744,0.018205091,0.018015703,0.0047678966,0.030459382,True
2018-01-29,477.5548322605372,7.8999996,4.414286,6.3857145,2.3999999,90.17143,0.41428572,0.41428572,0.3857143,10.6,2.7714286,0.0010396391,0.017997794,0.0074562174,0.030399919,8.894876e-05,True
2018-02-05,477.64,18.9,-0.19999997,1.8428572,-2.6000001,85.65715,0.34285712,0.34285712,0.4,10.614285,1.3142858,0.00035826862,0.018294215,0.0021389609,0.00020576641,0.005783148,True
2018-02-12,477.44,6.3,-2.9285715,0.042857144,-6.1,85.5,0.14285715,0.12857144,0.37142858,10.271428,-0.2,3.7178397e-06,0.018303312,0.0060016145,0.00013403222,0.003815066,True
2018-02-19,477.18,5.2,-2.4714284,1.3142856,-6.285714,81.84286,0.31428576,0.3,0.45714286,10.228572,-0.31428573,7.297844e-05,0.017486423,0.007980943,0.0026683565,0.0012589395,True
2018-02-26,476.99,0.4,-6.3142858,-3.0,-9.714286,71.185715,0.11428572,0.11428572,0.7,10.1,-0.9142857,1.8924475e-06,0.016161077,0.006165567,9.1765076e-05,0.0008586161,True
2018-03-05,476.88,2.8,-6.4000006,-1.9857142,-10.6,72.65715,0.25714284,0.24285714,0.67142856,10.085714,-1.7428571,5.2928925e-05,0.014650632,0.0051190057,0.0028272178,0.0007687658,True
2018-03-12,476.8,24.6,4.6857142,8.071428,1.5857143,84.34286,0.9285715,0.90000004,0.8,10.2,2.7,0.00037512183,0.01315517,0.0009448699,0.0029324293,0.00013769045,True
2018-03-19,476.87,18.6,-1.2571429,1.7571429,-4.542857,82.24286,0.47142857,0.47142857,0.7571429,10.657143,1.9,0.00021882355,0.011915281,0.0021051224,0.0007781107,0.005821217,True
2018-03-26,476.89,8.4,0.42857143,4.5285716,-4.0000005,78.0,0.84285724,0.8000001,0.9714286,10.257143,1.5285715,0.00017601997,0.011051528,0.0066361823,0.008597126,0.007296648,True
2018-04-02,476.97,32.7,3.9714284,8.071428,-0.40000007,81.828575,1.2714285,1.2571429,1.1428572,10.257143,4.5571427,0.0005649254,0.010290511,0.0007890236,0.003016524,0.00040875748,True
2018-04-09,477.04,5.9,9.8714285,17.157145,2.414286,61.3,2.8714287,2.5142856,2.6285713,9.7,9.971429,0.0001526326,0.009705126,1.736482e-05,0.00016481616,0.0,True
2018-04-16,476.96,15.1,12.071428,18.0,6.914286,73.17143,2.3285716,2.0714285,2.2428572,9.271428,13.342857,0.0004143417,0.0091122165,-7.345365000000001e-25,2.4214387e-08,0.0,True
2018-04-23,476.86,0.2,15.842857,23.128572,7.8857145,62.04286,3.8,2.9571426,3.5142858,8.5,17.8,4.246831e-05,0.00850492,-7.345365000000001e-25,7.450581e-09,0.0,True
2018-04-30,476.8850925732698,11.4,11.914286,17.485714,5.9000006,66.685715,3.1285713,2.2571428,2.9142857,7.7,14.428572,5.4121017e-05,0.007849097,-7.345365000000001e-25,0.0,0.0,True
2018-05-07,476.8,0.5,11.599999,17.614286,4.585715,57.87143,3.6571429,1.7857143,3.7142856,6.8428574,14.614285,9.0897083e-07,0.007148437,-7.345365000000001e-25,0.0,0.0,True
2018-05-14,476.72,20.2,15.728572,22.728573,9.157143,65.814285,4.0571427,1.9000002,4.071429,6.571429,18.114286,6.828457e-05,0.006387286,-7.345365000000001e-25,7.450581e-09,0.0,True
2018-05-21,476.67,8.4,12.585715,17.87143,7.6714287,72.057144,3.1714287,1.9428571,3.2999997,6.857143,16.114286,0.00013037026,0.0057042837,-7.345365000000001e-25,7.450581e-09,0.0,True
2018-05-28,476.64,26.199999,17.1,22.7,11.185715,72.37143,3.8285716,2.4714284,3.8,7.114286,19.971428,0.0011312962,0.0050870106,-7.345365000000001e-25,1.1175871e-08,0.0,True
2018-06-04,476.58,11.599999,18.742859,24.657145,13.285714,76.057144,3.8,2.5142856,3.7714286,6.9142857,22.814285,0.00057287514,0.0045634434,-7.345365000000001e-25,7.450581e-09,0.0,True
2018-06-11,476.58,15.5,18.914288,25.171429,13.642858,75.5,3.857143,2.2285714,4.142857,6.5857143,23.214285,0.00034924597,0.004106015,-7.345365000000001e-25,0.0,0.0,True
2018-06-18,476.54,0.0,15.085715,19.585714,10.857142,70.74286,2.957143,1.7571428,3.0857143,6.7,18.885714,9.186566e-05,0.00374493,-7.345365000000001e-25,0.0,0.0,True
2018-06-25,476.49,10.0,14.257143,19.514286,9.114286,71.97143,3.1428568,1.6857144,3.2142856,6.0571427,17.885714,3.8206577e-05,0.0034225732,-7.345365000000001e-25,7.450581e-09,0.0,True
2018-07-02,476.49,0.0,16.928572,23.042858,10.3714285,55.31429,4.928571,1.4571428,4.928571,5.5285716,20.385714,5.90086e-06,0.0031211004,-7.345365000000001e-25,7.450581e-09,0.0,True
2018-07-09,476.5,21.8,18.228573,25.514286,10.228572,54.914288,5.0,1.4142857,4.9857144,5.2285714,22.214285,4.9114227e-05,0.00277365,-7.345365000000001e-25,3.7252903e-09,0.0,True
2018-07-16,476.49,13.8,16.714285,22.84286,11.642858,70.97143,3.542857,1.8999999,3.6142857,5.4142857,20.414286,0.00012138486,0.0024957806,-7.345365000000001e-25,7.450581e-09,0.0,True
2018-07-23,476.46,13.1,18.97143,24.77143,12.614286,63.4,4.3714285,1.6571429,4.1,5.2,22.571428,0.00012861192,0.00223279,-7.345365000000001e-25,1.1175871e-08,0.0,True
2018-07-30,476.418461542404,6.9,22.857143,30.142857,15.014287,55.200005,5.3571434,1.9,5.2999997,4.8714285,25.114286,1.0162592e-05,0.0020032749,-7.345365000000001e-25,7.450581e-09,0.0,True
2018-08-06,476.47,1.7,23.328571,30.071428,16.300001,58.014286,5.0,1.5999998,5.1142855,4.6571426,25.785715,1.6823411e-05,0.0017821789,-7.345365000000001e-25,3.7252903e-09,0.0,True
2018-08-13,476.41,1.3,20.057144,27.385714,12.6285715,53.214287,4.5999994,1.1714287,4.7999997,4.3428574,22.914286,2.5629997e-05,0.0015838444,-7.345365000000001e-25,7.450581e-09,0.0,True
2018-08-20,476.39,2.3,19.014286,25.814287,12.242858,64.61429,3.457143,0.8142857,3.6857142,4.3142858,21.7,3.1650066e-05,0.0014270023,-7.345365000000001e-25,7.450581e-09,0.0,True
2018-08-27,476.37,8.599999,16.385715,22.557144,10.471429,67.41429,2.8285713,0.8142857,2.8857143,4.2714286,19.62857,1.9989908e-05,0.001293771,-7.345365000000001e-25,9.313226e-09,0.0,True
2018-09-03,476.34,11.9,14.685715,19.428572,9.557143,74.957146,2.0714285,0.82857144,2.3428571,4.385714,17.171429,7.3224306e-05,0.0011890382,-7.345365000000001e-25,5.5879354e-09,0.0,True
2018-09-10,476.32,5.0,15.957144,22.928572,9.285714,69.91429,2.4428573,1.3714286,2.7,4.6,18.3,4.220009e-05,0.001104854,-7.345365000000001e-25,3.7252903e-09,0.0,True
2018-09-17,476.32,0.0,15.571428,22.242859,9.442857,65.22857,2.385714,0.8714285,2.7142856,4.214286,18.028572,3.4570694e-06,0.0010220334,-7.345365000000001e-25,5.5879354e-09,0.0,True
2018-09-24,476.31,38.100002,14.485715,21.385714,8.5,69.57143,2.2142856,0.9,2.5,4.6,15.971429,0.0026957095,0.0009480417,-7.345365000000001e-25,7.450581e-09,0.0,True
2018-10-01,476.32,1.7,7.8142858,14.928572,1.6999999,67.78571,1.4285715,1.1000001,1.8000001,5.757143,10.457143,3.6656857e-06,0.0008932352,-7.345365000000001e-25,0.0,0.0,True
2018-10-08,476.32,5.1,9.785714,15.714286,4.3857145,79.457146,1.0857142,0.81428564,1.2428571,5.6,10.928572,1.4543533e-05,0.000845924,-7.345365000000001e-25,1.8626451e-09,0.0,True
2018-10-15,476.32,0.1,14.285714,21.914288,8.028571,66.74286,1.6000001,1.0,1.8571428,5.1285715,14.185715,1.4901161e-08,0.00080084056,-7.345365000000001e-25,1.8626451e-09,0.0,True
2018-10-22,476.27,0.2,9.657143,15.557143,4.785714,80.971436,0.81428576,0.44285718,0.9142857,4.785714,11.857142,3.4719706e-06,0.0007597357,-7.345365000000001e-25,3.7252903e-09,0.0,True
2018-10-29,476.3188261101765,26.1,6.1,8.385715,4.2000003,86.07143,0.5142857,0.41428572,0.6714286,5.6,6.6285715,9.2461705e-05,0.0007295683,6.1307633e-06,2.6376918e-05,4.5027584e-05,True
2018-11-05,476.29,4.5,7.0,11.585714,3.2857144,82.799995,0.4857143,0.40000004,0.7428571,6.042857,6.4428573,9.49204e-06,0.00070216507,2.5090717e-06,1.9393861e-05,0.0,True
2018-11-12,476.28,5.9,8.5,12.17143,5.571429,87.0,0.55714285,0.42857143,0.5285714,5.928571,8.357142,4.439056e-05,0.0006764084,-7.345365000000001e-25,7.4505806e-08,0.0,True
2018-11-19,476.26,7.0,2.4142857,5.9857144,-1.1857144,83.21429,0.3857143,0.3142857,0.5142857,6.1714287,3.5714285,2.8081238e-05,0.0006533414,0.00025997843,1.1939555e-05,0.0023638643,True
2018-11-26,476.25,5.7999997,0.9428572,2.6285717,-1.1714287,92.614296,0.14285715,0.14285715,0.32857147,6.3285713,1.2142857,4.938245e-05,0.0006325096,0.0037415652,0.003742883,0.0033967905,True
2018-12-03,476.24,45.4,2.3428571,4.514286,0.51428574,85.02857,0.2857143,0.24285714,0.41428572,6.8428574,2.142857,0.00029288977,0.0006138161,0.0017437651,0.0022091307,0.00024786592,True
2018-12-10,476.34,41.2,3.6000001,6.214286,0.4571429,88.0,0.5,0.5,0.40000004,8.885715,3.4857142,0.00029248,0.000597544,9.402207e-05,0.00023533963,0.0011778884,True
2018-12-17,476.36,6.3,-1.5857143,-0.47142857,-2.9857142,82.92857,0.08571429,0.071428575,0.37142858,9.2,0.3857143,2.1204352e-05,0.000586085,0.003388541,0.00053245574,0.0038948655,True
2018-12-24,476.37,48.2,3.1714287,5.0285716,1.0714285,90.442856,0.38571426,0.38571426,0.35714287,9.771428,2.057143,0.00072894245,0.00057831407,0.0017761957,0.004437061,0.0006016232,True
2018-12-31,476.53446833732335,13.9,1.4142858,3.1857145,-0.21428572,90.77143,0.21428573,0.2,0.22857143,10.114285,1.2857143,0.00014612079,0.000574857,0.0015017362,0.0035439376,0.0046271123,True
2019-01-07,476.44,48.0,1.0,2.5142858,-1.3428571,87.98572,0.27142859,0.27142859,0.34285715,10.314285,1.1857142,0.0005508885,0.0005771592,0.004448766,0.008822728,0.011500575,True
2019-01-14,476.69,69.600006,0.14285712,1.9285715,-1.6000001,89.3,0.34285715,0.34285715,0.40000004,10.942857,0.8142857,0.0009942576,0.0008738041,0.015708515,0.016530158,0.025254484,True
2019-01-21,477.18,6.4,-2.5285716,0.6571428,-6.1142855,80.92857,0.22857143,0.21428573,0.29999998,10.485714,0.42857143,0.00021979213,0.0007286817,0.010901497,0.005485285,0.0028098784,True
2019-01-28,477.1,42.6,-3.7142856,-1.6000001,-5.785714,88.057144,0.14285715,0.14285715,0.31428573,10.357142,-0.7714286,0.00036289543,0.000918448,0.011769993,0.0073285215,0.013860419,True
2019-02-04,476.85,5.2000003,-1.4428571,0.90000004,-4.3428574,84.457146,0.21428572,0.21428572,0.37142858,10.3714285,-0.057142857,4.2282045e-05,0.0011178777,0.019037127,0.0016250256,0.007721275,True
2019-02-11,476.68,23.800001,0.68571424,3.3,-1.8000001,83.85714,0.6,0.58571434,0.5,10.228572,0.6142857,0.001074627,0.0017814487,0.015854308,0.016518733,0.004744675,True
2019-02-18,476.89,0.7,3.557143,9.6285715,-1.0285715,67.87143,1.0714287,0.98571426,0.87142855,10.057143,1.9428571,0.0002079755,0.0017248467,0.0061276867,0.008251909,0.0012855604,True
2019-02-25,476.93,0.8,2.9285715,8.357142,-2.0,71.61429,0.94285715,0.78571427,0.8142857,9.485714,2.6142857,8.235872e-05,0.002190642,0.0008052474,0.0018175691,5.2303076e-06,True
2019-03-04,476.96,10.9,6.285714,11.328572,1.7857143,69.47143,1.3428571,1.1571429,1.2428571,9.171429,4.614286,0.00014428794,0.0025301576,5.521093e-05,0.00019616447,0.0,True
2019-03-11,476.9,36.8,4.5571427,7.657143,1.557143,80.08572,1.3285713,1.2571428,0.9857143,9.714286,3.9285715,0.0006937012,0.00276535,0.0008653005,0.0023676362,0.008945774,True
2019-03-18,476.98,37.7,3.857143,7.1285715,1.4,81.14286,1.1857141,1.1571429,0.9142857,10.614285,3.4857142,0.0018338114,0.005266607,0.0033442974,0.011698453,0.0060373396,True
2019-03-25,477.17,4.3999996,5.3142858,11.557143,-0.39999995,72.67143,1.6142858,1.4428571,1.4857142,9.728572,6.428571,8.948147e-05,0.0047779307,0.00031799363,0.000992097,0.0010004193,True
2019-04-01,476.89,2.5,6.3714285,11.585715,1.3714286,73.84286,1.6714286,1.3714285,1.6428572,9.285714,7.385714,5.3673983e-05,0.0055438355,0.00019964718,0.0007658191,1.3072044e-05,True
2019-04-08,476.78,3.6,8.957143,14.628572,2.9857144,73.84286,1.9714285,1.5714285,1.9285715,8.728572,10.1285715,8.3222985e-05,0.0056732297,3.0086153e-07,2.4475157e-06,0.0,True
2019-04-15,476.64,0.5,3.2000003,7.4,-0.35714287,69.457146,1.6428572,1.2142857,1.9142857,8.228572,6.8142858,2.7030706e-05,0.005567588,0.00026833444,0.0007644966,0.0011670738,True
2019-04-22,476.56,0.0,12.0,19.614286,3.114286,45.771427,4.2571425,2.5428574,4.0285716,7.3285713,12.985714,6.131828e-06,0.0053500235,5.5165518e-05,0.0003652908,0.0,True
2019-04-29,476.4759944996292,25.1,10.342857,16.171429,4.3285713,70.22857,2.7714288,1.5714285,2.6714287,6.857143,12.557143,0.0002567023,0.0050259456,-7.345365000000001e-25,2.6077032e-08,0.0,True
2019-05-06,476.5,10.1,6.357143,11.371429,1.4714286,72.14286,2.142857,1.6428572,2.142857,7.2714286,9.7,9.441376e-05,0.004742436,0.0010519142,0.0028961822,0.0044909194,True
2019-05-13,476.46,27.9,7.514286,11.557143,3.2,75.21429,2.1714284,1.857143,2.0142858,7.8285713,9.828571,0.00061395764,0.0044650733,0.00021121616,0.0013974383,0.0,True
2019-05-20,476.42,44.6,9.214286,14.685715,4.057143,75.71429,2.4142857,1.9714285,2.4428573,8.114285,12.071428,0.008106574,0.004841037,-7.345365000000001e-25,1.2665987e-07,0.0,True
2019-05-27,476.45,4.5,12.885715,17.800001,7.2000003,75.22858,2.8428574,2.4857142,2.7714286,9.271428,16.0,0.0025136322,0.0046499074,-7.345365000000001e-25,7.450581e-09,0.0,True
2019-06-03,476.44,5.0,15.357142,21.328571,8.557143,69.85714,3.7000003,2.9285715,3.7571428,8.4,18.428572,7.593632e-05,0.0039004982,-7.345365000000001e-25,3.7252903e-09,0.0,True
2019-06-10,476.4,14.299999,16.985716,23.814287,9.585714,67.457146,4.1,2.8714283,4.1714287,7.3142858,20.571428,0.000209257,0.0036732256,-7.345365000000001e-25,3.7252903e-09,0.0,True
2019-06-17,476.38,7.9,17.342857,22.714285,11.057143,72.685715,3.585714,2.4428573,3.5714285,7.3428574,20.214285,0.003134191,0.0034702644,-7.345365000000001e-25,7.450581e-09,0.0,True
2019-06-24,476.35,11.6,19.7,25.814285,13.3,65.057144,4.871429,3.0142858,4.8428574,6.6857142,22.685715,5.0351024e-05,0.0032583475,-7.345365000000001e-25,1.4901161e-08,0.0,True
2019-07-01,476.32,0.0,22.442858,29.828571,13.642858,52.05714,6.3142858,1.8285714,6.142857,5.714286,25.72857,3.2782555e-07,0.0029821768,-7.345365000000001e-25,3.7252903e-09,0.0,True
2019-07-08,476.29,0.2,15.757143,21.928572,8.814286,55.68572,4.4428573,0.82857144,4.3142858,5.1857142,21.485714,4.2915344e-06,0.0026919097,-7.345365000000001e-25,0.0,0.0,True
2019-07-15,476.28,20.6,13.828572,18.828571,9.571428,76.21429,2.542857,1.2857143,2.6000001,5.757143,17.557142,0.00014801323,0.0024671033,-7.345365000000001e-25,7.450581e-09,0.0,True
2019-07-22,476.24,2.5,17.757143,24.242859,11.314286,68.01429,3.957143,2.2142856,3.8714287,5.785714,20.914286,5.340576e-05,0.002278462,-7.345365000000001e-25,7.450581e-09,0.0,True
2019-07-29,476.30770354969695,10.400001,23.4,30.47143,16.1,54.528572,5.2,1.6714287,5.285714,5.2,25.242857,4.799664e-05,0.0020562187,-7.345365000000001e-25,1.1175871e-08,0.0,True
2019-08-05,476.23,9.9,17.585714,23.785715,12.142858,71.8,3.142857,1.8285713,3.2714286,5.3714285,21.042856,0.00011816621,0.0018702596,-7.345365000000001e-25,7.450581e-09,0.0,True
2019-08-12,476.25,27.2,18.171429,23.214285,12.814286,72.57143,3.1285713,2.3428574,3.1285713,5.857143,20.357143,0.00030872226,0.0017290413,-7.345365000000001e-25,3.7252903e-09,0.0,True
2019-08-19,476.24,16.0,15.557143,20.914288,10.571428,72.52857,2.7,1.8857143,2.7857144,5.8142858,18.2,0.00020114332,0.0016035214,-7.345365000000001e-25,3.7252903e-09,0.0,True
2019-08-26,476.23,4.6000004,17.942858,25.071428,11.214286,65.700005,3.2,1.8285714,3.4,5.614286,20.471428,6.382167e-05,0.0014933348,-7.345365000000001e-25,5.5879354e-09,0.0,True
2019-09-02,476.26,4.2,19.685715,26.628572,13.6285715,70.14286,3.0714285,1.5428572,3.5,5.214286,22.357143,6.4082444e-05,0.0013841316,-7.345365000000001e-25,5.5879354e-09,0.0,True
2019-09-09,476.24,5.3,12.542857,18.414288,6.642857,70.6,1.9857141,0.8714285,2.457143,5.042857,16.257143,6.28531e-05,0.0012875497,-7.345365000000001e-25,1.8626451e-09,0.0,True
2019-09-16,476.22,1.8,13.971429,20.185715,8.1,73.1,1.942857,1.1428572,2.2285714,5.6,15.771428,1.835823e-05,0.0012138262,-7.345365000000001e-25,7.450581e-09,0.0,True
2019-09-23,476.23,1.2,10.742857,17.357143,4.3142858,67.4,1.7571429,0.9,2.0857143,5.3142858,13.742857,3.0308962e-05,0.0011446327,-7.345365000000001e-25,0.0,0.0,True
2019-09-30,476.2320985286502,42.1,12.814286,15.814286,10.242858,85.27143,1.3,1.1428572,1.2285715,6.257143,13.685715,0.00033035874,0.0010889173,-7.345365000000001e-25,1.4901161e-08,0.0,True
2019-10-07,476.27,55.3,7.6857142,11.085714,3.9428573,87.94286,0.7714286,0.72857136,0.88571423,8.1,8.985714,0.00031591952,0.0010462105,-7.345365000000001e-25,3.7252903e-09,0.0,True
2019-10-14,476.32,39.1,11.985715,15.757143,8.342857,83.28571,1.1142857,1.0285714,1.1571429,8.814285,11.3714285,0.00031644106,0.0010149255,-7.345365000000001e-25,9.313226e-09,0.0,True
2019-10-21,476.36,22.4,12.185715,16.142857,8.571428,84.97143,0.94285715,0.9,0.9142857,8.742857,12.342857,0.00019362569,0.0009910166,-7.345365000000001e-25,7.450581e-09,0.0,True
2019-10-28,476.36,10.400001,9.642858,14.428572,5.571429,87.92857,0.7285714,0.62857145,0.7285714,8.514286,11.2,7.7441335e-05,0.00097502023,-7.345365000000001e-25,3.7252903e-09,0.0,True
2019-11-04,476.35,33.4,4.8428574,8.6285715,1.6000001,88.971436,0.5142857,0.4857143,0.5142857,8.8,5.928571,0.00027080625,0.00096297264,-7.345365000000001e-25,1.8626451e-07,1.7508864e-07,True
2019-11-11,476.38,16.0,3.7428572,6.057143,0.7428571,91.44286,0.32857147,0.32857147,0.41428572,9.428572,4.6714287,0.00028191507,0.00095686316,5.5120104e-06,3.002584e-06,0.00017400086,True
2019-11-18,476.38,13.3,2.7,5.428571,0.2,88.1,0.3285714,0.3,0.40000004,9.257143,2.8,0.00018408895,0.00096282363,0.0008359069,0.002101414,0.0028057247,True
2019-11-25,476.4,2.0,2.3142858,4.942857,-0.15714286,94.6,0.21428573,0.21428573,0.35714287,9.271428,3.1285715,5.2422285e-05,0.0009838343,0.00036713056,0.0008953884,5.155802e-06,True
2019-12-02,476.38,20.599998,2.9,4.9428573,0.4714286,88.64286,0.34285712,0.34285712,0.3857143,9.585714,3.1857142,0.00021769851,0.001017712,9.3834744e-05,0.00012441725,0.00038529187,True
2019-12-09,476.4,22.8,2.0,4.4,-0.29999998,88.15715,0.32857147,0.32857147,0.32857147,9.614285,1.6285714,0.0002847165,0.0010667443,0.00023532481,0.00051886775,0.00015900657,True
2019-12-16,476.52,39.5,1.8571428,3.7285714,-0.071428575,87.9,0.34285715,0.34285715,0.37142858,10.242857,1.3857143,0.001814574,0.00113976,0.0047081765,0.010613175,0.012783691,True
2019-12-23,476.77,10.9,5.1,7.8571434,2.5571427,87.11428,0.37142858,0.37142858,0.37142858,9.8714285,3.8142858,0.00017946959,0.0013206527,0.00062986783,0.0024860147,0.0,True
2019-12-30,476.684354822828,17.7,0.82857144,3.4,-2.0428572,82.82857,0.3,0.2857143,0.37142855,10.085714,1.3714286,0.00022171438,0.0015880167,0.00010141305,7.441081e-05,0.00021952018,True
2020-01-06,476.73,13.2,0.3,3.6285717,-2.757143,86.0,0.3,0.3,0.3,9.7,-0.1,0.0001295507,0.0018860623,0.0002552214,0.00025120936,0.0005093366,True
2020-01-13,476.66,24.1,2.5,4.4,0.18571426,90.814285,0.32857147,0.32857147,0.31428573,10.1285715,1.8714286,0.0003953278,0.0021582916,0.00019697916,0.00059102103,0.0001283735,True
2020-01-20,476.85,3.2,2.9285715,5.6857142,-0.014285768,83.185715,0.51428574,0.4857143,0.45714286,9.728572,2.3714285,1.475215e-05,0.002508849,0.00020971752,8.7454915e-05,0.0009060912,True
2020-01-27,476.76,14.6,-1.2714285,2.0285714,-4.2857146,90.328575,0.24285714,0.22857143,0.3285714,9.6285715,-0.1,8.554757e-05,0.0027981848,0.00084296864,0.00069233775,0.0003477931,True
2020-02-03,476.73,50.9,5.3857145,7.557143,2.6285717,85.17143,0.7714286,0.7571429,0.64285713,10.385715,3.8428571,0.0006686598,0.0030104816,0.00063654355,0.0021616835,0.0016513057,True
2020-02-10,477.07,24.5,2.0000002,5.1285715,-1.1142857,80.11428,0.84285706,0.8285714,0.6714286,10.6,2.1,0.0035485625,0.0035601482,0.0029753845,0.004592525,0.005617764,True
2020-02-17,477.14,23.5,3.4857144,7.0428576,0.7571429,80.52857,0.9857143,0.9714286,0.90000004,10.6,2.8,0.0004605353,0.0044561327,0.0025168543,0.005747648,0.0050880425,True
2020-02-24,477.12,29.900002,3.8714287,6.6285715,0.61428577,79.185715,1.042857,1.042857,0.87142855,10.485714,3.2571428,0.00087086856,0.0056194216,0.00057539484,0.0020448342,0.002264429,True
2020-03-02,477.27,39.0,2.642857,5.471429,0.22857143,84.87144,0.9571429,0.9571429,0.78571427,10.814285,2.857143,0.0010298938,0.0071949065,0.0054507144,0.014256207,0.01574168,True
2020-03-09,477.34,29.4,2.5571427,5.4857144,-0.6999999,86.1,0.8285714,0.8285714,0.6857143,10.557143,2.7571428,0.00067965686,0.01009015,0.0019203993,0.0053288955,0.004770402,True
2020-03-16,477.65,45.399998,5.857143,10.1285715,1.6142857,75.61428,1.4857142,1.4142857,1.2857143,10.6285715,5.6714287,0.0011045635,0.015332602,0.00018378098,0.0013505798,0.0005093664,True
2020-03-23,477.34,0.70000005,4.285714,9.342857,-0.4857143,70.88572,1.3428571,1.1571429,1.5285714,9.528571,6.5,5.146861e-05,0.016539834,0.00016223817,8.348748e-05,0.0005224794,True
2020-03-30,477.19292252596944,2.1,2.3857143,8.6,-4.0,57.142857,1.8428571,1.4571427,2.1,9.0,4.5571427,1.5556812e-05,0.015685461,0.00048883754,0.0005172249,0.001987677,True
2020-04-06,476.98,0.0,4.6,11.328572,-2.3142858,59.057148,2.1571429,1.6142858,2.1571429,8.442857,6.4428573,5.0857663e-05,0.014290571,0.0008547079,0.0020823367,0.0005783662,True
2020-04-13,476.77,0.0,10.857142,18.62857,2.5,54.714287,3.142857,1.9857143,3.0571427,7.4428573,12.8714285,1.244247e-05,0.01258862,4.6888986e-06,4.449673e-05,0.0,True
2020-04-20,476.72,0.90000004,9.042857,16.0,1.9428571,56.200005,3.1142857,1.5428572,3.0571427,6.742857,12.014286,0.000105291605,0.010920778,8.467833e-05,0.00035770983,0.00037153065,True
2020-04-27,476.65,0.0,10.585715,17.97143,2.3857143,50.514286,3.914286,1.0571429,3.8428571,6.1571426,13.442857,8.940697e-08,0.009364478,-7.345365000000001e-25,2.4214387e-07,0.0,True
2020-05-04,476.61,26.7,9.1285715,14.157144,4.8857145,78.01429,2.1285713,1.3,1.8000001,6.4142857,11.542857,0.00023730099,0.008085966,-7.345365000000001e-25,0.0,0.0,True
2020-05-11,476.55,26.5,10.314286,17.628572,2.9714284,63.542854,3.1285717,1.6285715,3.0428574,6.385714,13.9,0.00022885203,0.007050127,7.737251e-06,2.5410205e-05,0.00015502423,True
2020-05-18,476.48,0.0,8.428572,14.6,1.3857144,63.485718,2.9285715,1.9142857,3.1000001,6.6714287,12.771428,7.122755e-06,0.0061720386,2.4738765e-05,0.00012800843,0.0,True
2020-05-25,476.42,20.099998,13.085715,18.328571,6.8428574,72.67143,2.9285715,1.8,2.7714286,6.1285715,16.028572,0.000112727284,0.0054101422,-7.345365000000001e-25,4.0978193e-08,0.0,True
2020-06-01,476.39,0.4,11.971429,17.97143,5.142857,63.714287,3.7142856,1.4999999,3.6857142,5.8142858,16.471428,1.1853874e-05,0.0047873706,-7.345365000000001e-25,0.0,0.0,True
2020-06-08,476.38,20.800001,12.442858,17.657145,7.114286,74.02857,2.7857144,1.6000001,2.7142856,6.0285716,15.771428,0.00014038384,0.004204966,-7.345365000000001e-25,0.0,0.0,True
2020-06-15,476.4,67.9,15.228572,19.557144,11.314286,85.21429,2.6714287,2.2142856,2.5571427,7.1285715,17.471428,0.0012642443,0.0037810653,-7.345365000000001e-25,3.7252903e-09,0.0,True
2020-06-22,476.42,22.5,16.014286,20.928572,11.028572,78.78571,3.1714287,2.8285713,3.042857,8.585714,19.214285,0.0016757399,0.0034693256,-7.345365000000001e-25,3.7252903e-09,0.0,True
2020-06-29,476.4394817812613,5.7999997,17.528572,23.542858,10.971429,69.22857,4.3,3.2000003,4.157143,7.4,21.514286,0.00016786158,0.0031957924,-7.345365000000001e-25,1.4901161e-08,0.0,True
2020-07-06,476.39,1.6,17.157145,22.5,11.285714,66.6,4.085714,2.6,3.8,6.642857,19.814285,3.3169985e-05,0.0029448792,-7.345365000000001e-25,1.1175871e-08,0.0,True
2020-07-13,476.37,9.400001,14.828572,20.528574,8.7,69.38572,3.357143,1.8142856,3.1571429,6.1714287,18.357143,0.00011096895,0.0027226359,-7.345365000000001e-25,3.7252903e-09,0.0,True
2020-07-20,476.34,18.9,16.185715,21.314287,10.114286,70.42857,3.2999997,1.8714286,3.3428571,6.0285716,19.671429,0.00016023219,0.002517864,-7.345365000000001e-25,3.7252903e-09,0.0,True
2020-07-27,476.31,10.4,17.657145,24.214285,10.714286,60.700005,4.1714287,1.5857143,4.1285715,5.542857,21.485714,7.6919794e-05,0.0023096204,-7.345365000000001e-25,7.450581e-09,0.0,True
2020-08-03,476.29,0.6,19.34286,26.057144,11.971429,60.657143,4.2714286,1.442857,4.3,5.3,22.3,9.8884106e-05,0.0021025017,-7.345365000000001e-25,7.450581e-09,0.0,True
2020-08-10,476.21,1.7,21.014286,28.442858,13.385714,56.47143,4.4428573,1.6714286,4.5,5.142857,22.971428,2.862513e-05,0.0019113421,-7.345365000000001e-25,7.450581e-09,0.0,True
2020-08-17,476.21,26.699999,20.071428,25.67143,15.642858,78.65715,3.1857142,1.9714285,3.0428574,5.757143,23.014286,0.00060762465,0.0017415807,-7.345365000000001e-25,1.4901161e-08,0.0,True
2020-08-24,476.2,16.5,18.685715,24.757143,13.0,69.74286,3.1714284,2.3,3.4,6.3,21.2,0.00012201816,0.0016219318,-7.345365000000001e-25,7.450581e-09,0.0,True
2020-08-31,476.2244898188512,29.300001,14.857142,18.914288,11.0,75.52857,2.1571429,1.5571429,2.3285713,6.4,16.942858,0.00028423965,0.0015166104,-7.345365000000001e-25,9.313226e-09,0.0,False
2020-09-07,476.19,1.1,13.371429,18.671429,8.042857,76.77143,1.9428571,1.6571429,2.0571427,7.5,16.114286,6.7695975e-05,0.0014344752,-7.345365000000001e-25,5.5879354e-09,0.0,True
2020-09-14,476.16,0.2,16.328571,23.785715,9.0,67.957146,2.5857143,1.8000001,2.9714284,6.7,18.528572,2.0712614e-06,0.0013522282,-7.345365000000001e-25,0.0,0.0,True
2020-09-21,476.15,0.0,15.071428,22.714285,7.657143,63.42857,2.3857143,1.2714285,2.7857144,5.957143,18.042856,3.4868717e-06,0.0012698323,-7.345365000000001e-25,3.7252903e-09,0.0,True
2020-09-28,476.19,33.800003,11.214286,15.928573,6.914286,80.27143,1.3714286,0.94285715,1.5857143,6.5571427,13.271428,0.00022035837,0.0011991039,-7.345365000000001e-25,5.5879354e-09,0.0,True
2020-10-05,476.2,8.4,10.785714,15.814286,5.8857145,83.15715,1.042857,0.90000004,1.3285714,7.2714286,12.142858,4.6096742e-05,0.0011493191,-7.345365000000001e-25,7.450581e-09,0.0,True
2020-10-12,476.16,34.8,8.228572,11.1,5.3428574,90.57143,0.78571427,0.78571427,0.67142856,8.242857,9.471429,0.00028915703,0.0011081472,-7.345365000000001e-25,1.8626451e-09,0.0,True
2020-10-19,476.21,28.6,5.914286,8.428572,4.071429,90.67143,0.4857143,0.4571429,0.5714286,9.185715,6.8142858,0.00033289194,0.0010776222,-7.345365000000001e-25,1.8626451e-09,0.0,True
2020-10-26,476.22,5.4,10.314286,13.557143,7.0285716,83.51429,0.8000001,0.7428571,0.8428572,8.928572,9.8714285,0.00021087378,0.0010552332,-7.345365000000001e-25,7.450581e-09,0.0,True
2020-11-02,476.22,39.1,9.657144,11.771429,7.5142856,90.5,0.71428573,0.7,0.5714286,9.6,9.242857,0.00025825202,0.0010404736,-7.345365000000001e-25,1.3038516e-08,0.0,True
2020-11-09,476.26,0.1,4.7000003,11.114286,0.0142857,80.24286,0.55714285,0.5142857,0.55714285,9.242857,6.1285715,1.385808e-06,0.0010328591,-7.345365000000001e-25,0.0,0.0,True
2020-11-16,476.26,13.4,6.2714286,8.814286,3.7285714,91.457146,0.42857143,0.4,0.37142858,9.028571,6.4857144,4.8600137e-05,0.0010301024,-7.345365000000001e-25,1.8626451e-09,0.0,True
2020-11-23,476.23,6.8,3.8714287,6.5285716,0.75714284,86.75714,0.37142858,0.34285715,0.31428573,9.142858,4.1571426,4.6879053e-05,0.0010298118,7.606688e-07,1.2256205e-06,2.2500753e-06,True
2020-11-30,476.2551647161431,7.0,-0.62857145,1.9428571,-3.2285714,91.78571,0.14285716,0.11428572,0.15714286,9.028571,1.2571429,3.2708049e-06,0.0010306537,1.7557826e-05,1.4211982e-06,0.0009773448,True
2020-12-07,476.28,2.8000002,-0.5857143,1.4285715,-2.5285716,88.700005,0.1,0.1,0.27142859,9.157143,0.071428575,0.000107988715,0.0010320246,0.0077689546,0.0033389404,0.010262456,True
2020-12-14,476.27,5.0,0.9714286,2.5142858,-0.41428572,94.37144,0.14285715,0.12857144,0.20000002,9.242857,0.9142857,0.00012499094,0.0010344908,0.008462321,0.0073570963,0.0040573888,True
2020-12-21,476.26,11.4,2.9428573,4.7428575,1.2428571,92.614296,0.20000002,0.17142858,0.22857143,9.214286,2.5,0.00014783442,0.0010414273,0.0017084905,0.004904432,4.3213367e-07,True
2020-12-28,476.26,57.0,2.5285716,4.4857144,-0.014285649,89.814285,0.2857143,0.2857143,0.34285715,10.328571,2.942857,0.0015992373,0.0014504567,0.001486591,0.00040149875,0.0067239814,True
2021-01-04,476.42,6.9,-0.58571434,0.61428577,-1.9285715,91.91429,0.2,0.2,0.27142859,10.033334,0.33333334,1.540035e-05,0.0012591258,0.011680512,0.0005805511,0.012262352,True
2021-01-11,476.4,11.6,-2.6857142,-0.8142857,-5.1,91.65714,0.071428575,0.071428575,0.22857143,9.971429,0.18571429,0.0,0.0014120638,0.023630142,0.0,0.009634566,True
2021-01-18,476.39,23.5,-2.642857,-0.9857143,-5.042857,87.14286,0.114285715,0.114285715,0.2857143,10.214286,0.12857144,1.08629465e-05,0.0015338212,0.036253378,0.00022111088,0.016063392,True
2021-01-25,476.39,31.0,0.71428573,3.0714285,-1.5857143,87.78571,0.4142857,0.4142857,0.3857143,10.385715,0.74285716,0.0011086464,0.0020456165,0.035496466,0.026130026,0.02231105,True
2021-02-01,476.77,55.0,-0.61428577,1.957143,-2.857143,89.84286,0.20000002,0.20000002,0.31428573,10.942857,0.32857144,0.0022162795,0.0031074956,0.04360261,0.01393925,0.01946975,True
2021-02-08,477.4,62.1,0.41428566,3.0428574,-2.4285715,91.54286,0.3285714,0.3285714,0.34285715,11.271428,1.6428572,0.004083976,0.008092605,0.021018624,0.036847346,0.02552699,True
2021-02-15,477.08,4.0,-9.457144,-5.0428576,-14.571428,79.91429,0.014285714,0.014285714,0.32857147,10.685715,0.14285715,0.0,0.00691697,0.034793224,0.0,0.0047479086,True
2021-02-22,476.96,5.1,4.3857145,8.942858,0.4,80.35714,1.0285714,0.95714283,0.7571429,10.157143,2.6857142,0.0009693429,0.00803116,0.017387118,0.035464272,2.4586916e-07,True
2021-03-01,477.12,0.8,5.2428575,11.357142,0.34285712,77.71429,1.1428571,0.9714286,0.95714283,9.642858,4.542857,0.00015154481,0.0097056925,0.0007549354,0.0032587256,1.6834587e-05,True
2021-03-08,477.13,2.1,1.6000001,7.657143,-3.8,72.814285,0.98571426,0.85714287,0.9714285,9.442857,3.1,0.00012411177,0.010404132,0.0010493313,0.0010181088,0.003080815,True
2021-03-15,477.03,26.4,2.6571429,5.957143,0.34285715,82.22858,1.1,1.0714285,0.8428572,9.828571,2.7714286,0.00053845346,0.010314889,0.001419215,0.004187921,0.0040409416,True
2021-03-22,476.89,7.8999996,0.100000024,3.3428574,-2.642857,78.542854,0.7142858,0.67142856,0.85714287,10.1285715,1.8714286,8.492172e-05,0.010190651,0.0029942591,0.002247613,0.0045147575,True
2021-03-29,476.8771952796426,2.9,5.857143,11.657144,0.071428575,70.48572,1.9285715,1.6285714,1.6428572,9.585714,5.885714,0.00015398115,0.010013089,0.0009329773,0.0034875832,2.2087246e-05,True
2021-04-05,476.76,7.1,7.1285715,13.528572,0.9714286,62.028572,2.1999998,1.7428571,2.142857,8.8,8.685715,5.77569e-05,0.0096248165,0.00013216336,2.2647902e-05,0.0020568594,True
2021-04-12,476.69,21.599998,2.6285713,6.914286,-1.5857143,76.75714,1.2714285,1.1428572,1.3428572,9.2,4.0142856,0.00049586594,0.009174429,0.0043944856,0.007995814,0.010994516,True
2021-04-19,476.7074543974399,3.2,2.5142858,6.828572,-1.0857143,78.957146,1.1571428,1.0142858,1.2714285,9.085714,4.757143,0.00029434264,0.008746639,0.0023984455,0.0060343836,0.002578579,True
2021-04-26,476.6723346674737,3.3,5.585715,12.114286,-1.0,66.21429,2.5571427,1.9714285,2.4857142,8.528571,9.728572,8.5160136e-05,0.008357048,4.4283413e-05,0.0003302656,2.9802322e-08,True
2021-05-03,476.5992851685519,11.1,7.3,12.714286,1.1428572,65.64286,2.4142857,1.8999999,2.3,7.928571,10.0,0.00022299588,0.007887527,7.379623e-08,7.227063e-07,0.0,True
2021-05-10,476.5594649100326,11.7,9.014287,14.385714,3.1285713,66.92857,3.1714287,2.6000001,2.7142856,8.028571,10.214286,0.00029490888,0.007441543,-7.345365000000001e-25,0.0,0.0,False
2021-05-17,476.53,46.9,10.1,14.157144,6.971429,84.72858,2.0285716,1.9142857,1.7571429,8.571428,12.442857,0.000961259,0.007009566,-7.345365000000001e-25,0.0,0.0,True
2021-05-24,476.58,11.8,9.728571,14.828572,4.928571,73.557144,2.7142856,2.442857,2.5285716,8.771428,11.985714,0.0013514757,0.006742306,-7.345365000000001e-25,0.0,0.0,True
2021-05-31,476.6318381985757,32.3,9.385714,13.971429,4.785714,76.42857,2.6571429,2.2571428,2.4285715,8.685715,12.285714,0.00039429963,0.006534755,-7.345365000000001e-25,0.0,0.0,True
2021-06-07,476.6,28.0,16.914286,22.728573,11.6285715,71.97143,3.5285716,2.642857,3.642857,7.9714284,19.9,0.0018135607,0.006241344,-7.345365000000001e-25,3.7252903e-09,0.0,True
2021-06-14,476.59,34.899998,16.585714,22.714285,10.8,75.24286,3.8285713,2.957143,3.7857144,8.171429,21.042856,0.002184078,0.006433524,-7.345365000000001e-25,7.450581e-09,0.0,True
2021-06-21,476.53,30.599998,21.857143,28.128572,14.8,64.200005,5.2285714,3.2285712,5.1,6.9142857,25.485714,0.005342044,0.0058552697,-7.345365000000001e-25,1.1175871e-08,0.0,True
2021-06-28,476.55,16.4,16.97143,21.914286,12.157143,77.67143,3.2428572,2.6285713,3.2571428,7.3,20.9,0.00014905632,0.005549751,-7.345365000000001e-25,0.0,0.0,True
2021-07-05,476.49,24.8,15.5,20.428572,12.0,82.72858,2.7,2.3857143,2.6285713,7.9,19.014286,0.001863867,0.00529252,-7.345365000000001e-25,7.450581e-09,0.0,True
2021-07-12,476.46,45.0,16.1,20.542858,12.214286,85.14286,2.7,2.5571427,2.6000001,9.142858,19.285715,0.007815361,0.011184037,-7.345365000000001e-25,7.450581e-09,0.0,True
2021-07-19,476.49,37.9,16.957144,22.142857,12.400001,82.64286,2.914286,2.6571429,3.1000001,9.685715,20.4,0.0012859702,0.0061734095,-7.345365000000001e-25,1.8626451e-08,0.0,True
2021-07-26,476.48,9.0,17.685715,23.728573,11.1285715,70.88572,3.3857143,2.6714287,3.7,8.414286,21.885714,0.00010945648,0.0066686943,-7.345365000000001e-25,5.5879354e-09,0.0,True
2021-08-02,476.48,38.4,16.214287,21.185715,11.414286,76.35714,3.1571426,2.5,3.1857142,8.028571,19.685715,0.00014658272,0.006435953,-7.345365000000001e-25,5.5879354e-09,0.0,True
2021-08-09,476.45,17.4,14.7,19.585714,10.557143,83.48572,2.357143,2.142857,2.3,8.3714285,17.657143,0.0008328706,0.006168179,-7.345365000000001e-25,5.5879354e-09,0.0,True
2021-08-16,476.42,12.1,17.842857,24.2,11.214286,73.64286,3.357143,2.585714,3.5,7.885714,21.171429,0.00014913082,0.005848728,-7.345365000000001e-25,7.450581e-09,0.0,True
2021-08-23,476.4,25.3,14.557143,18.814287,10.742858,84.4,1.8285713,1.4571428,1.9,7.885714,16.757143,0.00025387108,0.00551302,-7.345365000000001e-25,9.313226e-09,0.0,True
2021-08-30,476.4114746097544,42.4,12.428572,16.528572,9.228572,87.37144,1.7,1.5714287,1.7285715,9.114285,14.842857,0.0014782697,0.005514331,-7.345365000000001e-25,1.1175871e-08,0.0,True
2021-09-06,476.42,0.2,14.828572,21.37143,8.985715,78.314285,2.1000001,1.8285714,2.5714285,9.414286,17.257143,3.233552e-05,0.0050949827,-7.345365000000001e-25,5.5879354e-09,0.0,True
2021-09-13,476.45,7.4,16.428572,22.457144,11.214286,78.52857,2.2285714,1.8,2.4142857,8.485714,19.742857,0.00013324618,0.004971996,-7.345365000000001e-25,3.7252903e-09,0.0,True
2021-09-20,476.47,14.0,13.17143,16.557142,9.557143,84.15715,1.2285715,1.0285714,1.4142857,8.414286,15.6,0.00025343895,0.004841551,-7.345365000000001e-25,0.0,0.0,True
2021-09-27,476.46,6.3,13.614286,18.77143,8.814286,80.35714,1.4571428,1.2,1.6571428,8.228572,14.957143,0.00017926842,0.0047136843,-7.345365000000001e-25,7.450581e-09,0.0,True
2021-10-04,476.44,14.2,11.342857,16.257143,6.9857144,79.5,1.2714287,1.0857142,1.4857142,8.3,13.342857,0.00017189234,0.0045716837,-7.345365000000001e-25,5.5879354e-09,0.0,True
2021-10-11,476.42,8.2,7.571429,12.371429,3.6714287,86.25715,0.8142857,0.7,0.91428566,8.471429,9.714286,0.00015039742,0.0044544935,-7.345365000000001e-25,1.8626451e-09,0.0,True
2021-10-18,476.45,15.9,6.057143,9.885715,2.0428572,89.34286,0.5857143,0.54285717,0.59999996,8.785714,7.7,0.00017075986,0.004364848,-7.345365000000001e-25,3.7252903e-09,0.0,True
2021-10-25,476.47,24.2,6.8428574,11.357142,2.057143,82.685715,0.8714286,0.8142857,0.7285714,9.114285,7.357143,0.00031866133,0.004291892,-7.345365000000001e-25,3.7252903e-09,0.0,True
2021-11-01,476.52,5.7,7.6571426,11.957143,3.857143,86.35714,0.64285713,0.55714285,0.64285713,8.857142,8.085714,5.1520765e-05,0.0042435154,-7.345365000000001e-25,3.7252903e-09,0.0,True
2021-11-08,476.53,35.0,4.9857144,6.928571,2.957143,90.98572,0.37142855,0.35714287,0.37142858,9.685715,5.357143,0.0006690994,0.004223272,-7.345365000000001e-25,0.0,0.0,True
2021-11-15,476.56,1.1,2.8857143,6.728572,0.10000001,92.557144,0.3,0.3,0.3,9.442857,4.071429,6.906688e-06,0.004328206,-7.345365000000001e-25,4.4889748e-07,4.7311187e-07,True
2021-11-22,476.57,5.4,3.8142858,5.2571425,1.8428572,91.98572,0.25714284,0.21428572,0.32857147,9.314285,3.9714286,4.027784e-05,0.0044251382,2.2706532e-08,4.0978193e-08,5.662441e-07,True
2021-11-29,476.5770136242619,8.0,8.51495e-09,1.6571429,-2.1714287,90.38572,0.15714286,0.15714286,0.25714287,9.342857,0.8428571,1.0147691e-05,0.0044542626,0.0015926304,0.00012116507,0.0056486763,True
2021-12-06,476.62,55.699997,0.31428573,2.2571428,-2.357143,91.08572,0.24285717,0.24285717,0.2857143,10.228572,0.85714287,0.00065527856,0.004502684,0.0069950423,0.010996807,0.012724392,True
2021-12-13,476.76,12.8,0.11428571,1.7142857,-1.3714286,92.51429,0.11428572,0.11428572,0.22857143,10.057143,0.4857143,0.00022070855,0.0048026666,0.011532624,0.006799994,0.007840838,True
2021-12-20,476.61,3.6999998,2.3857143,4.2428575,0.11428567,92.98572,0.14285715,0.12857142,0.18571429,9.885715,2.0714285,0.00027042627,0.005177133,0.0028089795,0.0077822544,8.2962215e-06,True
2021-12-27,476.67,14.5,-1.6714287,1.5714285,-4.914286,88.27143,0.08571429,0.08571429,0.15714286,10.028571,-0.1,0.00020825863,0.0056746975,0.0031347559,0.0018450692,0.008644875,True
2022-01-03,476.78,52.8,7.414286,9.314286,5.5,89.557144,0.425,0.4,0.34285715,10.775,4.15,0.0015249476,0.006563343,0.0014214402,0.008249601,0.0,True
2022-01-10,477.22,58.0,0.37142855,2.1857142,-1.4285715,91.34286,0.25714287,0.25714287,0.25714287,11.142858,1.3571428,0.0016734079,0.011854507,0.009311698,0.0010290798,0.024386186,True
2022-01-17,477.13,7.0,0.0,2.2285714,-2.1571429,90.51428,0.20000002,0.18571427,0.24285714,10.357142,0.55714285,0.0002779886,0.013107017,0.020964071,0.009536767,0.0017374195,True
2022-01-24,477.06,20.5,0.4571429,2.1285715,-1.5,91.44286,0.24285717,0.24285717,0.32857147,10.357142,0.8428571,0.00048667938,0.01307407,0.015330883,0.013132682,0.008607138,True
2022-01-31,477.15228248074106,25.2,0.5,2.2285714,-1.0285715,86.25715,0.40000004,0.40000004,0.45714286,10.328571,0.8142857,0.00031337142,0.013108209,0.0107266335,0.008053336,0.011101536,True
2022-02-07,477.28,44.4,1.8142859,3.7285714,-0.31428573,86.557144,0.62857145,0.62857145,0.4714286,10.842857,1.5142857,0.0012961775,0.014038935,0.010156149,0.01581468,0.010515805,True
2022-02-14,477.54,10.8,2.3,5.1142855,-0.94285715,83.48572,0.67142856,0.67142856,0.54285717,10.557143,1.9857143,0.00046739727,0.01671809,0.0042401496,0.009634815,0.0036571473,True
2022-02-21,477.64,55.0,4.3142858,7.8428574,1.3285714,80.38572,1.3,1.3,0.9285714,10.8,3.2714286,0.0015799031,0.018724717,0.00085913,0.0035363901,0.0050954185,True
2022-02-28,477.71,11.2,1.7714287,5.9714284,-1.5857143,77.14286,0.95714283,0.9285714,0.82857144,10.542857,2.2714286,0.00024569035,0.01987794,0.002339573,0.0041822847,0.002346903,True
2022-03-07,477.59,0.0,-0.74285716,4.142857,-4.3857145,64.4,0.81428576,0.7,1.0,9.8,1.4571428,1.5966594e-05,0.01945126,0.0012809492,0.00075317547,0.00028300658,True
2022-03-14,477.39,4.9,2.5714285,10.0,-4.1714287,51.142857,1.8,1.442857,1.7857143,9.271428,3.1857142,0.000111706555,0.018141873,0.0004679532,0.00093506277,4.157424e-06,True
2022-03-21,477.21,7.9,4.542857,9.757143,-3.40598e-08,69.9,1.4999999,1.2142857,1.5571429,9.228572,4.7,0.00016140938,0.016292848,7.381326e-05,0.00024508685,0.00019289553,True
2022-03-28,476.98,0.0,8.1,16.02857,0.5285715,55.4,2.3714287,1.7857141,2.2142856,8.4,8.171429,2.399087e-06,0.014323503,1.4208612e-05,6.281771e-05,0.0,True
2022-04-04,476.92,31.2,1.1714286,3.9857144,-2.0285714,77.3,0.8714286,0.74285716,1.0857142,8.5,3.8428571,0.00012061745,0.012563683,0.0087686945,0.0025853757,0.021891128,True
2022-04-11,476.95,35.7,4.4857144,8.400001,1.0285714,77.74286,1.6857145,1.6142856,1.4142857,9.728572,5.042857,0.0009835511,0.011218704,0.005030598,0.024745684,0.009339761,True
2022-04-18,476.71,1.9,8.6285715,14.828572,2.0571427,61.757145,2.7857144,2.2571428,2.6285713,8.985714,11.228572,6.951392e-05,0.010337867,0.00027331285,0.0019914098,4.3213367e-07,True
2022-04-25,476.93,8.0,7.3857145,11.842857,3.0714285,71.47143,2.1142857,1.6285714,2.0857143,8.242857,10.314285,0.00018684566,0.00951843,7.947286e-08,1.097098e-06,0.0,True
2022-05-02,476.81,13.4,9.442857,14.900001,4.1285715,71.98572,2.3714287,1.9,2.3285713,8.528571,12.3714285,0.00017403811,0.008751422,-7.345365000000001e-25,0.0,0.0,True
2022-05-09,476.76,14.200001,12.214286,18.614286,5.8857145,68.51429,3.0714283,2.2714286,3.0571427,7.885714,15.6285715,0.0001423508,0.007958598,-7.345365000000001e-25,0.0,0.0,True
2022-05-16,476.71,4.9,16.014286,21.9,8.842857,60.18571,4.3857145,2.4571426,4.3,6.8285713,19.12857,0.00011244416,0.007139392,-7.345365000000001e-25,3.7252903e-09,0.0,True
2022-05-23,476.71,19.1,16.2,22.228573,10.400001,69.67143,3.9,2.3428571,3.7,6.4,19.814285,0.00021570921,0.0063529685,-7.345365000000001e-25,3.7252903e-09,0.0,True
2022-05-30,476.6743873619263,4.6,11.457144,16.5,5.7714286,67.75714,2.9428573,1.6142857,2.957143,6.1857142,15.214286,7.44015e-05,0.0057113096,-7.345365000000001e-25,7.450581e-09,0.0,True
2022-06-06,476.65,12.1,14.800001,21.042858,7.7714286,69.98571,3.5571427,1.7857143,3.4857142,5.9142857,18.185715,0.00020326674,0.0051109716,-7.345365000000001e-25,1.1175871e-08,0.0,True
2022-06-13,476.63,2.9,16.085714,21.914288,9.857142,65.12857,3.8142855,1.4142857,3.857143,5.5857143,19.685715,3.4220517e-05,0.004579328,-7.345365000000001e-25,3.7252903e-09,0.0,True
2022-06-20,476.56,0.1,19.52857,26.914286,10.800001,52.600002,5.457143,1.1,5.428571,5.142857,22.87143,9.267032e-05,0.0040260553,-7.345365000000001e-25,7.450581e-09,0.0,True
2022-06-27,476.53,2.1,20.157145,26.942858,12.642858,56.328575,4.857143,1.3428572,4.928571,5.0,23.485714,3.1918287e-05,0.0035260394,-7.345365000000001e-25,1.1175871e-08,0.0,True
2022-07-04,476.48,10.7,19.014286,25.428572,12.642858,63.157146,4.5999994,1.5571429,4.6714287,4.9714284,22.785715,0.00015956908,0.0031055585,-7.345365000000001e-25,3.7252903e-09,0.0,True
2022-07-11,476.45,18.3,14.842857,20.028574,10.328572,69.72857,3.2428572,1.3285714,3.1857142,4.9857144,18.885714,7.811189e-05,0.0027641803,-7.345365000000001e-25,7.450581e-09,0.0,True
2022-07-18,476.43,0.5,18.085714,25.442858,9.6285715,53.014286,4.728572,1.2142857,4.5,4.614286,21.314285,1.5959144e-05,0.0024875328,-7.345365000000001e-25,7.450581e-09,0.0,True
2022-07-25,476.41,2.2,23.0,30.699999,14.771429,51.24286,5.6428566,1.2428571,5.585714,4.3142858,24.72857,1.9788742e-05,0.0021862462,-7.345365000000001e-25,7.450581e-09,0.0,True
2022-08-01,476.66,18.7,17.928572,24.228573,12.2,64.34286,3.7,1.3428571,3.7714286,4.4428573,21.542856,6.824732e-05,0.0019330755,-7.345365000000001e-25,1.1175871e-08,0.0,True
2022-08-08,476.35,3.1999998,20.300001,27.77143,12.042857,50.67143,4.957143,1.4428571,5.1285715,4.2,23.314285,1.9997358e-05,0.0017215908,-7.345365000000001e-25,3.7252903e-09,0.0,True
2022-08-15,476.35,0.1,20.428572,27.542858,12.585714,49.985714,4.6714287,0.61428577,4.8714285,3.8857143,22.5,3.8146973e-06,0.0015221685,-7.345365000000001e-25,5.5879354e-09,0.0,True
2022-08-22,476.32,4.3,19.0,25.328571,13.442857,67.62858,3.0857143,1.0857143,3.4,4.2714286,21.814285,5.455315e-05,0.0013667569,-7.345365000000001e-25,9.313226e-09,0.0,True
2022-08-29,476.3115482906945,12.2,18.614286,25.5,12.185715,68.62858,2.9714284,1.3428571,3.3428571,4.8428574,21.557142,0.00030633807,0.0012404397,-7.345365000000001e-25,5.5879354e-09,0.0,True
2022-09-05,476.3,0.7,16.185715,22.685715,9.957144,65.35714,2.6857145,1.1857144,3.0,5.0285716,19.242857,3.5636127e-05,0.0011404231,-7.345365000000001e-25,5.5879354e-09,0.0,True
2022-09-12,476.32,33.1,15.571428,21.042858,11.0,78.97143,2.0714285,1.4142857,2.1857142,5.6285715,17.9,0.00085027516,0.0010629445,-7.345365000000001e-25,1.1175871e-08,0.0,True
2022-09-19,476.34,89.5,11.214286,15.057143,8.285714,84.72858,1.4142857,1.3428571,1.3714286,8.0,13.1285715,0.0006737411,0.0010095686,-7.345365000000001e-25,3.7252903e-09,0.0,True
2022-09-26,476.35,15.9,8.8714285,14.614286,3.9285715,80.77143,1.2571429,1.1571429,1.3714286,8.742857,11.7,0.00018456578,0.0009769127,-7.345365000000001e-25,1.8626451e-09,0.0,True
2022-10-03,476.36,39.8,7.9000006,11.800001,4.414286,87.68572,0.9714287,0.9285716,0.87142855,9.5,9.528571,0.00037406385,0.00095525384,-7.345365000000001e-25,3.7252903e-09,0.0,True
2022-10-10,476.36,0.70000005,10.028572,15.757143,3.6571429,80.5,1.1285714,0.9857143,1.1857144,9.114285,11.557143,1.40070915e-05,0.00094129145,-7.345365000000001e-25,3.7252903e-09,0.0,True
2022-10-17,476.38,10.8,11.942858,16.071428,8.342857,86.457146,0.9285714,0.8000001,0.88571423,8.928572,12.728572,9.971112e-05,0.00092900544,-7.345365000000001e-25,9.313226e-09,0.0,True
2022-10-24,476.36,21.0,11.2,14.8,7.057143,88.957146,0.8000001,0.77142864,0.7,9.571428,12.157143,0.0010386407,0.00092371553,-7.345365000000001e-25,5.5879354e-09,0.0,True
2022-10-31,476.3812305149758,0.6,13.242858,18.1,8.528571,81.685715,0.9714285,0.8714285,0.7571429,9.3,13.428572,2.4750829e-05,0.00094228983,-7.345365000000001e-25,5.5879354e-09,0.0,True
2022-11-07,476.34,7.1000004,7.7285714,11.099999,3.857143,85.28571,0.5714286,0.5285714,0.5142857,8.971429,8.8714285,5.465746e-05,0.0009789988,-7.345365000000001e-25,1.8626451e-09,0.0,True
2022-11-14,476.34,4.1,7.1714287,12.371429,2.8,81.01428,0.64285713,0.5714286,0.54285717,8.957143,7.7285714,5.2690506e-05,0.0010154992,-7.345365000000001e-25,0.0,0.0,True
2022-11-21,476.33,34.2,2.6714287,5.9,-0.9285714,90.700005,0.2857143,0.27142859,0.34285715,9.685715,4.0,0.00049741566,0.0010514557,0.0022660494,0.0014191847,0.0074545033,True
2022-11-28,476.37,9.4,3.2142856,5.3142858,0.9571429,91.07143,0.22857144,0.22857144,0.2857143,9.842857,2.9142857,0.0002315417,0.0011226088,0.0023796728,0.0055639707,2.4475157e-06,True
2022-12-05,476.37,7.8999996,0.4571429,1.6714286,-0.8428572,94.67143,0.08571429,0.08571429,0.25714287,9.771428,1.5285715,7.57277e-05,0.0012436733,0.0057955356,0.0024046786,0.011349734,True
2022-12-12,476.41,11.4,-1.8428571,0.0,-3.6142857,89.98572,0.071428575,0.071428575,0.20000002,10.0,0.44285715,3.0189753e-05,0.0013697371,0.012655389,0.0009756014,0.0072244927,True
2022-12-19,476.39,1.8,-6.157143,-1.7857143,-9.814286,83.62858,0.028571429,0.028571429,0.17142858,9.9,-1.0,2.002716e-05,0.0014849901,0.016186187,0.00059954636,0.0020929724,True
2022-12-26,476.4,60.1,6.1142855,8.028571,3.5571427,91.5,0.35714287,0.35714287,0.2857143,10.7,3.5,0.0011535063,0.0016809925,0.0040979898,0.017116817,0.0,True
