,GWL,HYRAS_pr,HYRAS_tas,HYRAS_tasmax,HYRAS_tasmin,HYRAS_hurs,DWD_evapo_p,DWD_evapo_r,DWD_evapo_fao,DWD_soil_moist,DWD_soil_temp5cm,ERA5_sro,ERA5_ssro,ERA5_sdwe,ERA5_sm,ERA5_sf,GWL_flag
1991-01-07,186.07,21.800001,5.442857,8.057143,2.8999999,78.042854,0.8000001,0.8000001,1.0142857,10.185715,3.8142858,0.0007071197,0.0009846762,4.16381e-05,0.00024194084,3.7394464e-05,True
1991-01-14,186.18,11.4,4.857143,7.657143,2.5142858,76.35714,0.74285716,0.74285716,1.1428572,10.085714,3.6142857,7.939339e-05,0.0011394322,4.2137646e-05,5.364418e-06,0.00022748485,True
1991-01-21,186.26,1.8000001,-1.7857143,2.8714287,-6.585715,69.77143,0.25714287,0.22857144,0.55714285,9.942857,-1.2142857,9.611249e-06,0.0012906492,0.00033280396,0.00012866035,0.0016397648,True
1991-01-28,186.21,1.6,0.25714287,1.3571428,-0.8428572,87.87142,0.17142859,0.14285716,0.34285715,9.885715,-0.27142859,2.1070242e-05,0.001419425,0.0020819164,0.00083666854,0.0016417988,True
1991-02-04,186.16000000000005,0.3,-4.9,-1.0857143,-9.042857,68.02857,0.057142857,0.042857144,0.47142857,9.8,-3.0857143,4.172325e-07,0.0015232414,0.0035539467,9.125099e-06,0.0021438897,True
1991-02-11,186.11,8.8,-6.585715,-3.0714285,-10.457144,80.57143,0.042857144,0.042857144,0.47142857,9.885715,-3.8142858,1.2271106e-05,0.0016052276,0.0076597077,0.0006054789,0.012538876,True
1991-02-18,186.07,11.9,-3.642857,-1.2,-6.8857145,81.957146,0.057142857,0.057142857,0.55714285,10.171429,-0.057142857,6.2435865e-06,0.0016673282,0.01994767,0.00032501481,0.011469398,True
1991-02-25,186.09,0.5,4.1714287,8.742857,-0.5142857,75.84286,0.62857145,0.61428565,1.1142857,10.042857,0.2857143,0.0004903674,0.001714401,0.011628162,0.022833861,3.2410026e-07,True
1991-03-04,186.11,1.0,2.2857144,7.1285715,-1.5285714,78.28571,0.7428571,0.64285713,0.9571429,9.742857,1.1,2.539903e-05,0.0017838925,0.0005230506,0.0009762589,2.6129186e-05,True
1991-03-11,186.12,2.0,7.557143,12.971429,3.2285714,76.98572,0.85714287,0.7285715,1.2714285,9.457143,5.0285716,1.1399388e-05,0.0018669069,2.1923155e-05,0.00010375865,0.0,True
1991-03-18,186.12,0.8,9.657143,16.4,3.6571429,74.557144,1.2857143,1.0571429,1.7857143,9.057143,8.442857,4.23491e-05,0.0019178763,-7.345365000000001e-25,2.3283064e-07,0.0,True
1991-03-25,186.09,13.599999,8.528571,11.900001,5.8428574,81.28571,1.2285715,1.1999999,1.3714286,9.4,8.642858,0.00028842688,0.0019390807,-7.345365000000001e-25,3.7252903e-09,0.0,True
1991-04-01,186.09,8.0,3.3285713,6.7571435,-0.42857143,74.14286,1.2428571,1.0571429,1.2714285,9.171429,4.9857144,0.00010716915,0.001955308,0.0003488007,0.0008105021,0.0009804629,True
1991-04-08,186.01,1.5,9.557143,14.285714,5.114286,70.77143,1.7714287,1.5428572,2.142857,8.814285,9.742857,0.00015282631,0.0019618273,1.0711806e-05,0.00012980402,0.0,True
1991-04-15,185.99,0.0,10.357142,17.228573,2.757143,59.414288,2.7714286,2.1285713,3.1285713,8.114285,11.8714285,2.2821128e-05,0.0019460768,-7.345365000000001e-25,2.4214387e-08,0.0,True
1991-04-22,185.97000000000003,16.300001,2.2142856,6.6285715,-1.6285715,77.057144,1.6285714,1.3571428,1.6999999,7.571429,7.142857,0.00012478232,0.0019125864,0.0018758888,0.004392408,0.0065449364,True
1991-04-29,186.0031593487033,3.6,6.1285715,10.742857,1.3857143,80.24286,1.7714285,1.4,1.7714285,7.1714287,9.814285,0.00013970584,0.0018822253,0.000332066,0.0019272361,6.302446e-05,True
1991-05-06,185.96,11.6,7.042857,10.885714,2.9714284,78.11428,1.4571428,1.2285715,1.7142857,7.257143,9.614285,0.00020783395,0.0018474907,2.8950828e-07,2.4549663e-06,0.0,True
1991-05-13,185.95,6.5,9.642858,13.900001,4.871429,74.74286,2.1714284,1.6857144,2.2857144,7.1285715,12.214286,0.00019479543,0.0018084422,-7.345365000000001e-25,3.7252903e-09,0.0,True
1991-05-20,185.95,10.1,8.971429,13.428572,3.457143,72.27143,2.2857144,1.9285713,2.5142858,7.4142857,11.471429,0.00020581484,0.0017703548,-7.345365000000001e-25,0.0,0.0,True
1991-05-27,185.94000000000003,4.1,10.614286,15.071428,6.542857,70.057144,2.5571427,1.9428571,2.8285713,6.642857,13.1285715,0.0001071915,0.0017253086,-7.345365000000001e-25,3.7252903e-09,0.0,True
1991-06-03,185.93,2.1,13.542857,19.114286,6.7000003,63.100002,3.3857148,1.9999999,3.7285714,5.885714,17.0,2.2485852e-05,0.0016715303,-7.345365000000001e-25,0.0,0.0,True
1991-06-10,185.89,2.7,12.885715,17.357143,7.2428575,70.1,2.8142855,1.6571429,3.0285716,5.4714284,15.828571,0.00012099743,0.0016019195,-7.345365000000001e-25,3.7252903e-09,0.0,True
1991-06-17,185.89,43.399998,15.271429,19.757143,11.2,67.24286,3.2714288,1.6999999,3.7142856,5.3714285,17.2,0.00016078353,0.0015337914,-7.345365000000001e-25,3.7252903e-09,0.0,True
1991-06-24,185.87,27.7,15.5,20.628572,10.485715,72.700005,3.442857,3.0285714,3.4857142,7.0285716,18.171429,0.00039824843,0.0014670342,-7.345365000000001e-25,7.450581e-09,0.0,True
1991-07-01,186.06,30.4,15.714286,20.414288,11.228571,76.12858,3.1285713,2.6571429,3.1571429,7.242857,17.885714,0.0004502386,0.0014083087,-7.345365000000001e-25,7.450581e-09,0.0,True
1991-07-08,186.0,1.3,21.828571,27.242859,13.7,66.185715,5.0,3.2000003,4.9714284,6.428571,24.257143,2.413988e-06,0.001346834,-7.345365000000001e-25,7.450581e-09,0.0,True
1991-07-15,185.91000000000005,6.0,21.657145,27.071428,16.071428,69.457146,3.9571426,2.0571427,4.4428573,5.4428573,24.62857,0.00013655424,0.0012779683,-7.345365000000001e-25,1.1175871e-08,0.0,True
1991-07-22,185.88,0.2,17.571428,22.157145,12.485715,66.98572,3.4285715,1.5142859,3.8428571,5.0571427,21.057142,1.38655305e-05,0.0012213811,-7.345365000000001e-25,1.1175871e-08,0.0,True
1991-07-29,185.83789907893143,1.1,18.600002,25.042858,11.585714,67.27143,3.6285713,1.7857143,4.3,4.785714,21.457144,0.00016726553,0.0011612624,-7.345365000000001e-25,7.450581e-09,0.0,True
1991-08-05,185.84,23.7,19.97143,24.414288,15.228572,77.700005,2.9428573,1.6714286,3.2285714,5.4857144,22.042856,0.00027119368,0.0011063889,-7.345365000000001e-25,1.4901161e-08,0.0,True
1991-08-12,185.84,41.5,21.37143,27.557144,15.785714,70.14286,3.6857142,2.3428574,4.3,5.257143,23.6,0.00013054907,0.0010559335,-7.345365000000001e-25,1.4901161e-08,0.0,True
1991-08-19,185.85,3.1,17.657145,23.057144,11.185715,65.51429,3.0142858,1.6714286,3.7142856,4.714286,20.8,1.7091632e-05,0.0010080859,-7.345365000000001e-25,3.7252903e-09,0.0,True
1991-08-26,185.82,1.7,17.285715,22.942858,11.485715,69.61429,2.5428574,1.042857,3.1857142,4.4142857,19.571428,2.783537e-05,0.0009641871,-7.345365000000001e-25,7.450581e-09,0.0,True
1991-09-02,185.77,4.8,15.800001,22.185715,8.657144,68.52857,2.6,0.50000006,3.2142856,4.1714287,19.114286,1.1622906e-05,0.0009227246,-7.345365000000001e-25,5.5879354e-09,0.0,True
1991-09-09,185.77,1.1999999,15.6285715,21.414288,9.828572,67.75715,2.2142859,0.37142858,2.8142858,4.0142856,18.142857,3.0480325e-05,0.0008777976,-7.345365000000001e-25,1.8626451e-09,0.0,True
1991-09-16,185.78,7.7,15.557143,23.114286,8.028571,61.885715,2.0571427,0.5,3.0142858,4.1571426,16.885714,9.387732e-06,0.0008396134,-7.345365000000001e-25,7.450581e-09,0.0,True
1991-09-23,185.79,3.6,14.928572,20.457144,10.242857,74.22858,1.6714286,0.8571429,2.2857144,4.3714285,16.185715,8.3863735e-05,0.00080414116,-7.345365000000001e-25,9.313226e-09,0.0,True
1991-09-30,185.813980004656,8.8,15.2,19.757143,11.099999,74.6,1.4142857,0.8285714,2.1714284,4.6571426,15.2,3.4704804e-05,0.00077254325,-7.345365000000001e-25,7.450581e-09,0.0,False
1991-10-07,185.79,5.8,12.3714285,18.357143,6.7714286,73.314285,1.257143,0.74285716,1.9714286,4.614286,12.757143,1.6152859e-05,0.0007454753,-7.345365000000001e-25,3.7252903e-09,0.0,True
1991-10-14,185.77,1.8,13.071428,19.571428,7.5428576,74.78571,1.0285714,0.44285718,1.7571429,4.5,13.385715,6.92904e-06,0.00071796775,-7.345365000000001e-25,7.450581e-09,0.0,True
1991-10-21,185.75,8.599999,7.7714286,12.542857,4.2428575,76.17143,1.0142858,0.6714286,1.4714286,4.3714285,9.157143,4.5865774e-05,0.00069399923,1.6660917e-05,1.9354746e-05,0.00018050894,True
1991-10-28,185.76,2.9,3.357143,8.400001,-2.1571429,77.75714,0.5857143,0.40000004,0.82857144,4.542857,4.757143,3.477931e-05,0.000674434,3.5439218e-05,0.00018173642,2.3204833e-05,True
1991-11-04,185.77,6.1,4.285714,9.6,-0.7714286,73.65714,0.7285714,0.5142857,1.2142857,4.5571427,3.7857144,7.2687864e-05,0.0006553903,1.2602125e-06,3.1515956e-06,0.0,True
1991-11-11,185.78,19.5,5.571429,8.342857,3.1000001,79.35714,0.67142856,0.62857145,1.0,5.5857143,4.8428574,0.00016164035,0.00063841045,2.577759e-05,0.0002839435,0.00027541444,True
1991-11-18,185.77,5.5,4.471429,6.642857,2.4714284,83.74286,0.4,0.34285715,0.61428577,6.6857142,4.1,0.00010731071,0.0006234646,6.0359638e-05,0.00010565668,0.00031072274,True
1991-11-25,185.77,1.2,1.7714285,4.2714286,-0.9714287,89.0,0.20000002,0.17142858,0.27142859,6.957143,1.8142858,7.048249e-05,0.00061073527,0.0005771206,0.00056526065,0.00089929625,True
1991-12-02,185.78,0.0,0.9571429,3.9857142,-1.2428572,89.85714,0.10000001,0.08571429,0.29999998,7.0285716,1.3,9.275973e-06,0.0005997047,0.00027328444,0.0004194267,9.763986e-06,True
1991-12-09,185.8,6.6,-0.3857143,1.6285714,-2.1714287,89.042854,0.10000001,0.08571429,0.31428573,7.071429,0.15714286,5.045533e-05,0.00059018284,0.0029665004,0.0012721922,0.0070762113,True
1991-12-16,185.82,0.6,-2.5857143,1.6142857,-6.571429,75.52857,0.08571429,0.042857144,0.41428572,7.114286,-2.5428572,2.592802e-06,0.0005818717,0.0056187767,0.00021794066,2.719462e-07,True
1991-12-23,185.86,32.8,4.457143,7.071429,1.8428571,81.314285,0.55714285,0.55714285,0.8142857,8.585714,0.6857143,0.0006610155,0.00057462975,0.0021990708,0.008798381,0.003560625,True
1991-12-30,186.0017985296724,13.400001,2.3285716,4.7714286,0.3571429,82.44286,0.41428572,0.41428572,0.5857143,9.357142,1.0142857,0.00025426596,0.0005708784,0.0012066364,0.0021940712,0.0031577982,True
1992-01-06,185.93,11.5,3.557143,5.728572,1.0428572,80.24286,0.2,0.1,0.78571427,9.3,0.7,0.00037132204,0.00057356805,0.0007741905,0.0011456665,0.00020142645,True
1992-01-13,185.98,3.1,2.9428573,5.714286,0.38571432,82.27143,0.31428573,0.31428573,0.67142856,9.585714,1.5285715,0.00015611947,0.00058700144,0.00012351785,8.935481e-05,0.00036089495,True
1992-01-20,186.02,20.5,2.3142858,4.1857142,0.9142857,81.72858,0.41428572,0.40000004,0.7714286,9.742857,1.6857142,0.00027544796,0.000618957,0.00083412445,0.0008132588,0.0047550537,True
1992-01-27,186.06,2.7,-3.8428571,-0.44285718,-7.2428575,85.957146,0.028571429,0.028571429,0.24285714,10.1,-1.3428571,1.28299e-05,0.0006663427,0.00392911,0.0006494969,0.0018506236,True
1992-02-03,186.0,0.8,-0.9428572,0.38571426,-2.7,91.22858,0.14285715,0.12857144,0.34285715,10.014286,-0.7,4.6133995e-05,0.00072328,0.004434637,0.0020553172,0.0010755919,True
1992-02-10,185.99,4.6,3.9285715,6.785714,1.8571428,81.38572,0.54285717,0.5,0.8428572,9.985714,0.74285716,0.0002625957,0.0007798746,0.00141565,0.0046082037,0.0006916225,True
1992-02-17,185.98,14.099999,4.7999997,7.7000003,2.4285715,78.542854,0.68571424,0.68571424,1.0714285,10.028571,3.2285714,0.00015330315,0.000846684,0.00080612727,9.888876e-05,0.007944815,True
1992-02-24,186.01,8.4,1.0714285,3.1714287,-1.6285714,84.22858,0.44285718,0.44285718,0.6571428,10.071428,1.0428572,0.00026845187,0.0009213835,0.0079369545,0.009725388,0.0050260425,True
1992-03-02,186.05,1.0,6.2428575,12.357142,1.4,72.52857,0.8714285,0.8000001,1.3000001,9.942857,4.257143,7.689744e-05,0.0010068268,0.00063627673,0.0023524985,0.0,True
1992-03-09,186.06,5.5,6.7428575,11.657143,2.257143,71.74286,1.1571429,1.0,1.4571428,9.614285,5.9,7.377565e-05,0.0010926127,2.9802322e-06,1.819618e-05,3.6880374e-07,True
1992-03-16,186.29,28.1,3.8857143,7.514286,0.24285714,75.64286,1.4999999,1.442857,1.5428572,9.942857,4.285714,0.0003632158,0.0011619851,0.00078419846,0.00062367134,0.0035951026,True
1992-03-23,186.36,10.7,6.1857147,10.228571,2.6571429,76.200005,1.0714285,1.042857,1.4285715,10.185715,6.1714287,0.00034606457,0.001240544,0.0006901537,0.0029474366,0.00023492426,True
1992-03-30,186.3877116673017,34.0,2.3142858,5.085714,-0.014285735,82.3,0.98571426,0.98571426,1.0571429,10.585714,3.7142856,0.00059520453,0.0013697594,0.006646412,0.012292584,0.018029913,False
1992-04-06,186.61,8.099999,5.5,10.342857,1.3571428,75.22858,1.3857143,1.3571428,1.6571429,10.057143,6.714286,0.00020183623,0.0016175807,0.0007803156,0.004905978,2.6077032e-07,True
1992-04-13,186.54,0.0,8.285714,13.857142,2.7142856,61.085716,2.357143,1.9285715,2.5714285,9.428572,10.157143,8.106232e-06,0.0018560514,4.314241e-06,2.2601336e-05,0.0,True
1992-04-20,186.43,5.0,6.828572,10.614286,3.7142856,66.4,1.9285715,1.7,2.4857142,8.8,8.071428,0.00011342764,0.0019718856,0.00012450559,0.0006014593,0.0006190315,True
1992-04-27,186.36,7.7,12.257143,17.285715,6.2428575,64.314285,2.6000001,2.1,3.0714285,8.171429,12.7,0.00010127574,0.0020043403,2.0435878e-06,1.1906028e-05,0.0,True
1992-05-04,186.31,3.0,9.742858,14.471429,5.057143,74.87144,1.957143,1.6,2.1142857,8.028571,11.928572,0.00013592839,0.0019844174,-7.345365000000001e-25,0.0,0.0,True
1992-05-11,186.27,12.799999,11.1,15.871429,6.085715,72.185715,2.4714284,2.0714285,2.7142856,7.5,13.357142,0.00025107712,0.0019449219,-7.345365000000001e-25,0.0,0.0,True
1992-05-18,186.23,0.0,15.328572,21.242859,7.971429,65.85714,3.7571428,2.5571427,4.1,6.8428574,18.157143,2.130866e-06,0.0018882602,-7.345365000000001e-25,3.7252903e-09,0.0,True
1992-05-25,186.16000000000005,0.0,18.214285,24.814287,8.785714,54.94286,4.957143,1.8000001,5.457143,5.8714285,20.22857,1.1473894e-06,0.0017972142,-7.345365000000001e-25,3.7252903e-09,0.0,True
1992-06-01,186.14,0.5,16.957144,22.828571,8.428572,57.157143,4.6142855,0.6999999,4.8142858,5.428571,20.414286,2.8982759e-06,0.0016816258,-7.345365000000001e-25,3.7252903e-09,0.0,True
1992-06-08,186.11,68.7,17.4,23.014286,12.5,80.07143,3.4142857,1.7285713,2.8999999,6.1571426,20.428572,0.0015501678,0.0015841573,-7.345365000000001e-25,1.1175871e-08,0.0,True
1992-06-15,186.06,10.4,16.257143,20.714285,11.642858,74.5,3.1000001,1.942857,3.2857144,6.4714284,19.685715,7.5250864e-05,0.0015240014,-7.345365000000001e-25,7.450581e-09,0.0,True
1992-06-22,186.03,12.2,17.5,22.457142,12.771429,73.471436,3.614286,1.8857143,3.5285716,5.8714285,21.357143,8.356571e-05,0.0014528483,-7.345365000000001e-25,7.450581e-09,0.0,True
1992-06-29,186.1097869993959,3.2,18.785715,24.785715,11.7,58.485714,4.2428575,1.7857143,4.6571426,5.5285716,22.314285,7.775426e-05,0.0013817698,-7.345365000000001e-25,0.0,0.0,True
1992-07-06,186.05,81.5,18.928572,24.142857,14.242858,73.8,3.3571432,1.6,3.5571427,5.6,22.514286,0.005456686,0.001295574,-7.345365000000001e-25,1.1175871e-08,0.0,True
1992-07-13,186.12,9.3,17.671429,23.085714,12.171428,73.41429,3.1857142,2.4714284,3.5285716,6.9142857,20.828571,0.00026656687,0.0012482107,-7.345365000000001e-25,3.7252903e-09,0.0,True
1992-07-20,186.2,4.0,19.9,25.214285,13.742858,66.51429,3.6142857,2.6714287,4.4,6.5142856,21.914286,9.357184e-05,0.0012066215,-7.345365000000001e-25,1.1175871e-08,0.0,True
1992-07-27,186.28,127.6,20.314287,26.585714,14.8,70.94286,3.828571,2.9142857,4.2285714,6.642857,23.72857,0.0026149154,0.0011590496,-7.345365000000001e-25,1.1175871e-08,0.0,True
1992-08-03,186.22000000000003,12.7,20.957144,27.4,13.942858,67.84286,4.0,2.4571426,4.6857142,5.785714,23.557142,9.872019e-05,0.0011163056,-7.345365000000001e-25,7.450581e-09,0.0,True
1992-08-10,186.11,0.0,23.242859,30.757143,15.328572,59.37143,4.3857145,1.7857141,5.3428574,5.114286,25.185715,9.916723e-06,0.0010683239,-7.345365000000001e-25,1.4901161e-08,0.0,True
1992-08-17,186.01,8.5,16.985714,21.642857,12.957144,71.75715,2.6142857,1.2571429,3.0857143,4.785714,19.77143,9.801984e-05,0.0010231659,-7.345365000000001e-25,1.4901161e-08,0.0,True
1992-08-24,185.99,17.6,18.942858,24.87143,13.800001,76.94286,2.6428573,1.6571429,2.9857142,4.9,21.585714,0.00014604628,0.0009893104,-7.345365000000001e-25,1.1175871e-08,0.0,True
1992-08-31,186.0275465532532,22.599998,20.757143,27.67143,15.828572,70.0,2.914286,2.0428572,3.9714284,5.0285716,21.914286,0.0009507835,0.0009526685,-7.345365000000001e-25,1.1175871e-08,0.0,True
1992-09-07,185.98,26.1,12.585714,17.571428,8.457143,77.1,1.8714285,1.7285715,2.3999999,6.0571427,14.228572,0.00022390485,0.0009230599,-7.345365000000001e-25,7.450581e-09,0.0,True
1992-09-14,185.96,2.0,14.0,20.085714,8.642858,75.14286,1.6857141,1.3571428,2.1285713,5.742857,16.285715,9.4391406e-05,0.0008988008,-7.345365000000001e-25,3.7252903e-09,0.0,True
1992-09-21,185.92,0.0,13.6285715,19.7,7.8,74.1,1.5,1.0714285,2.0857143,5.385714,15.214286,9.737909e-06,0.00087730587,-7.345365000000001e-25,5.5879354e-09,0.0,True
1992-09-28,185.91000000000005,8.0,14.900001,21.942858,8.8714285,79.27143,1.2857143,0.9,1.9428571,5.2,15.885715,1.577288e-05,0.0008543357,-7.345365000000001e-25,5.5879354e-09,0.0,True
1992-10-05,185.92,8.1,11.742857,15.071428,8.957143,84.042854,0.9285714,0.71428573,1.2142857,5.3,13.185715,0.000110037625,0.0008342117,-7.345365000000001e-25,7.450581e-09,0.0,True
1992-10-12,185.93,5.7000003,8.3714285,12.114286,5.228572,85.04286,0.6714286,0.51428574,0.90000004,5.542857,10.514286,8.598715e-05,0.00081925094,-7.345365000000001e-25,0.0,0.0,True
1992-10-19,185.94000000000003,1.6,4.042857,9.471429,-0.19999994,74.614296,0.67142856,0.5142857,1.1571429,5.4428573,5.457143,2.0369887e-05,0.000804469,-7.345365000000001e-25,0.0,0.0,True
1992-10-26,185.94000000000003,16.6,5.5,9.385714,2.5428574,81.185715,0.5857143,0.55714285,0.9714286,6.071429,5.285714,0.0004414022,0.0007909462,3.1686963e-05,0.00023031421,0.00026856363,True
1992-11-02,185.96,8.7,4.1,7.785714,0.5714286,82.28571,0.42857143,0.42857143,0.6714286,7.8142858,4.114286,0.00019707531,0.000782758,8.0948785e-06,4.7402456e-05,4.3585896e-07,True
1992-11-09,185.97000000000003,2.4,7.3,10.528572,4.0857143,80.814285,0.4857143,0.4571429,0.8,7.9714284,6.114286,9.8094344e-05,0.0007813871,1.1353266e-08,6.109476e-07,0.0,True
1992-11-16,185.96,13.099999,4.928571,7.6714287,2.2714286,83.11428,0.5571429,0.5571429,0.81428576,8.6,3.8285713,0.0001809597,0.0007843375,0.00022581077,0.0007068608,0.0008710213,True
1992-11-23,186.03,27.5,4.7428575,7.071429,2.414286,82.42857,0.5857143,0.5857143,0.7428571,9.157143,3.4285715,0.0007316731,0.0007927641,0.0003431127,0.0014321338,0.0015510079,True
1992-11-30,186.13561730782249,2.6,6.0142856,9.842857,2.9714286,79.314285,0.49999997,0.49999997,0.82857144,9.585714,4.5285716,9.931624e-05,0.00082708895,3.410521e-05,0.00030383468,0.0,True
1992-12-07,186.06,4.3,4.785714,7.8857145,2.1428573,78.92857,0.41428572,0.4,0.81428576,9.742857,3.442857,0.00010848045,0.00088956207,5.7140987e-05,2.8580427e-05,0.0013387203,True
1992-12-14,186.11,11.7,2.9285715,3.9142857,1.6428572,88.77143,0.32857147,0.32857147,0.3857143,10.057143,1.7428571,0.00039222836,0.0009553805,0.0011177517,0.002117956,0.0010469928,True
1992-12-21,186.09,9.3,1.8857143,4.7714286,0.27142856,85.48572,0.11428572,0.11428572,0.34285715,10.314285,0.6142857,0.00010615587,0.0010499954,0.00047901698,0.000491688,0.0033562593,True
1992-12-28,186.07,1.3,-2.0714285,0.4714286,-4.071429,86.314285,0.028571429,0.028571429,0.17142858,10.342857,-0.8857143,0.00014090538,0.0011711642,0.0021175656,0.0013179667,0.00040864572,True
1993-01-04,186.08,0.0,-8.314286,-4.5142856,-11.514285,86.41429,0.0,0.0,0.042857144,10.3,-3.2333333,8.34465e-07,0.0013079792,0.0021672589,3.62359e-05,4.673004e-05,True
1993-01-11,186.08,13.4,5.085715,7.4714284,0.84285706,79.42857,0.4857143,0.4714286,0.88571423,10.428572,-1.2688264000000002e-16,0.00030761957,0.0014326051,0.00063832034,0.0020188466,3.5762787e-07,True
1993-01-18,186.26,9.6,6.7714286,11.142858,3.642857,72.88572,0.88571435,0.88571435,1.2857143,10.4,2.8857143,0.0014884546,0.0015928969,3.973643e-08,1.1119992e-06,0.0,True
1993-01-25,186.2,12.0,6.928571,9.914286,3.8,72.57143,1.1999999,1.1571428,1.4285715,10.1285715,4.928571,0.00045381486,0.0018009245,4.9000693e-05,9.736046e-06,0.0013680942,True
1993-02-01,186.2,12.9,-4.2285714,0.10000001,-7.6285715,79.25714,0.18571429,0.18571429,0.5142857,10.471429,0.17142858,2.2113323e-05,0.0020029098,0.012270939,0.0005104337,0.01764021,True
1993-02-08,186.23,2.1,-0.8142857,3.6857145,-5.1,82.814285,0.11428572,0.11428572,0.42857143,10.3,-0.31428573,0.00032111257,0.0021905676,0.012191204,0.01148437,1.1861324e-05,True
1993-02-15,186.23,0.0,-1.3714286,0.7,-3.3428574,91.6,0.12857144,0.114285715,0.31428573,10.185715,-0.014285714,9.6179545e-05,0.0023896024,0.0032818771,0.004436692,0.00012804195,True
1993-02-22,186.41000000000005,18.1,0.5857143,2.6571429,-1.1999999,81.01429,0.6,0.6,0.7571429,10.385715,0.31428573,0.00024230778,0.0026105046,0.005004162,0.0045222603,0.015356563,True
1993-03-01,186.4,3.5,-1.6857145,1.2142857,-4.714286,77.61428,0.35714287,0.35714287,0.7285714,10.285714,-0.08571429,9.5427036e-05,0.0028382167,0.013750207,0.004394822,0.0062822774,True
1993-03-08,186.37,5.5,-0.8000001,1.9857142,-3.3714287,81.12858,0.5285714,0.4857143,0.7571429,10.057143,0.18571429,0.00025450438,0.003042467,0.009158708,0.006790176,0.0032544099,True
1993-03-15,186.35,0.3,5.6285715,11.457143,0.0,69.24286,1.1285714,0.9714286,1.5714285,9.7,4.3142858,0.00012773275,0.0032439083,0.0017976931,0.005297849,2.2351742e-08,True
1993-03-22,186.31,9.2,9.442857,13.942858,4.585714,68.957146,1.6571428,1.4142858,2.0714285,9.285714,8.6,9.355694e-05,0.0034095831,7.345563e-06,7.673353e-05,0.0,True
1993-03-29,186.28005461855824,13.2,1.6285715,5.542857,-0.7285715,77.5,1.2285715,1.0857142,1.2857143,8.842857,4.928571,0.00016451627,0.0034818426,0.0022996154,0.00084283575,0.0068811923,True
1993-04-05,186.25,0.3,6.3,11.728571,1.1285715,70.057144,1.3857144,1.1285714,1.8000001,8.485714,6.857143,0.00012142211,0.0034904927,0.0017067705,0.00541381,1.2747943e-05,True
1993-04-12,186.23,8.3,5.4428573,9.6,1.5285715,74.40001,1.6285714,1.3714286,1.7428571,8.242857,7.6285715,0.00014535338,0.0034576133,2.1571204e-06,2.2640452e-05,0.0,True
1993-04-19,186.19000000000003,13.7,9.342857,14.485715,3.5714285,71.057144,2.0857143,1.6857141,2.2,7.7714286,10.557143,0.00020792335,0.003399156,-7.345365000000001e-25,1.8626451e-08,0.0,True
1993-04-26,186.15,0.0,15.814286,23.085714,8.571428,58.485714,3.7857144,2.5857143,3.9428573,7.2,16.585714,7.0929527e-06,0.0033173636,-7.345365000000001e-25,0.0,0.0,True
1993-05-03,186.1,2.6,15.957144,22.9,8.3714285,58.700005,4.2285714,1.8,4.357143,6.071429,18.042856,9.0152025e-05,0.0031594187,-7.345365000000001e-25,0.0,0.0,True
1993-05-10,186.06,0.3,12.585715,18.128572,6.142857,70.12858,3.2428572,1.1857144,3.0,5.785714,15.657143,3.9726496e-05,0.0030163527,-7.345365000000001e-25,7.450581e-09,0.0,True
1993-05-17,186.03,1.8000001,16.27143,22.828571,9.599999,60.18572,3.9571426,1.0714285,4.428571,5.4714284,19.471428,2.6345253e-05,0.0028315783,-7.345365000000001e-25,0.0,0.0,True
1993-05-24,186.0,66.1,15.657144,21.34286,10.228571,73.457146,3.242857,1.3714286,3.142857,5.928571,18.828571,0.0005553514,0.002644442,-7.345365000000001e-25,0.0,0.0,True
1993-05-31,185.99909527594733,8.4,16.085714,21.828571,10.971429,69.88572,3.4428573,2.7714286,3.8999999,6.4,19.22857,0.00061276555,0.0024997815,-7.345365000000001e-25,1.1175871e-08,0.0,True
1993-06-07,185.93,39.8,17.314287,22.37143,11.542857,73.88572,3.2714288,2.5857143,3.4857142,6.5857143,20.72857,0.00023680925,0.0023624375,-7.345365000000001e-25,7.450581e-09,0.0,True
1993-06-14,185.95,41.8,16.857143,22.2,11.871429,74.42857,3.3571427,2.6857145,3.5571427,6.6,20.514286,0.00033202767,0.0022223666,-7.345365000000001e-25,0.0,0.0,True
1993-06-21,186.01,6.1000004,15.642858,20.057144,10.814286,72.328575,2.9285715,2.6000001,3.142857,7.285714,18.014286,0.00013752282,0.0021150857,-7.345365000000001e-25,3.7252903e-09,0.0,True
1993-06-28,185.91000000000005,16.6,13.400001,17.528572,9.614286,76.54286,2.6000001,2.2571428,2.6000001,7.3,17.071428,0.00015510619,0.002010651,-7.345365000000001e-25,3.7252903e-09,0.0,True
1993-07-05,185.91000000000005,54.4,18.857143,25.728573,10.400001,64.042854,4.1142855,2.8857143,4.6,6.5,22.6,0.00091676414,0.0019019917,-7.345365000000001e-25,3.7252903e-09,0.0,True
1993-07-12,185.97000000000003,10.0,14.614286,19.128572,10.428572,71.3,2.9714284,2.3428571,3.0857143,6.385714,17.714285,0.00037012994,0.00179483,-7.345365000000001e-25,3.7252903e-09,0.0,True
1993-07-19,185.92,32.5,16.657145,21.571428,12.471429,77.0,2.7,2.4857142,3.1000001,7.257143,19.12857,0.00029350817,0.0017208457,-7.345365000000001e-25,7.450581e-09,0.0,True
1993-07-26,185.97000000000003,14.200001,15.5,20.600002,11.785714,74.3,2.8714287,2.5714285,3.2428572,7.6,18.214285,0.00017902255,0.001654759,-7.345365000000001e-25,1.1175871e-08,0.0,True
1993-08-02,185.97000000000003,21.9,18.385714,23.857143,12.3714285,74.5,2.9428573,2.642857,3.3285713,7.8,19.87143,0.0002219677,0.00159733,-7.345365000000001e-25,1.4901161e-08,0.0,True
1993-08-09,185.96,53.6,18.52857,23.77143,13.071428,71.37143,2.9285715,2.5285716,3.6285713,7.6285715,21.414286,6.721914e-05,0.0015315935,-7.345365000000001e-25,1.1175871e-08,0.0,True
1993-08-16,185.93,9.4,18.7,24.97143,12.414286,68.65715,3.242857,2.5714285,3.9428573,7.5571427,20.885714,0.00016896427,0.0014703348,-7.345365000000001e-25,1.4901161e-08,0.0,True
1993-08-23,185.91000000000005,7.4,15.942858,22.457144,11.071428,71.17143,2.6,1.9000002,3.0142858,6.757143,20.885714,2.8729439e-05,0.0014040545,-7.345365000000001e-25,9.313226e-09,0.0,True
1993-08-30,185.9376825779585,10.4,12.099999,17.814287,6.571429,75.27143,1.8285716,1.3000001,2.3285713,6.257143,16.114286,9.4503164e-05,0.0013497323,-7.345365000000001e-25,1.8626451e-09,0.0,True
1993-09-06,185.93,27.6,11.185715,15.6285715,8.1,84.91429,1.4714288,1.3142856,1.6142857,6.8142858,13.6285715,0.00024324656,0.0013062358,-7.345365000000001e-25,5.5879354e-09,0.0,True
1993-09-13,185.95,19.599998,14.214286,18.857143,10.099999,83.557144,1.3857144,1.2571429,1.6999999,7.5857143,15.6,0.00036130846,0.0012675077,-7.345365000000001e-25,1.1175871e-08,0.0,True
1993-09-20,185.99,5.4,11.614286,17.114286,7.042857,77.17143,1.5428572,1.4,1.9142857,8.285714,13.385715,0.00014898181,0.0012341142,-7.345365000000001e-25,5.5879354e-09,0.0,True
1993-09-27,185.96,0.3,14.5,19.1,10.928572,81.185715,1.1714286,0.9571429,1.5857143,7.9857144,15.814285,4.1380525e-05,0.0012027323,-7.345365000000001e-25,1.1175871e-08,0.0,True
1993-10-04,185.93,8.4,10.0,15.257143,5.157143,77.34286,1.0142857,0.82857144,1.5428572,7.9714284,11.914286,4.798174e-05,0.0011772066,-7.345365000000001e-25,5.5879354e-09,0.0,True
1993-10-11,185.93,4.2,13.0,18.357143,8.185715,76.84286,0.9857143,0.87142855,1.5285714,8.2,13.071428,0.00016928464,0.0011533052,-7.345365000000001e-25,7.450581e-09,0.0,True
1993-10-18,185.92,2.1,8.814286,14.142858,5.057143,73.87144,0.8714285,0.74285716,1.5142858,8.3,9.857142,5.3420663e-05,0.0011311248,-7.345365000000001e-25,1.3038516e-08,2.9802322e-08,True
1993-10-25,185.89,24.0,4.6285715,6.971429,2.357143,83.77143,0.41428572,0.4,0.6571428,8.6285715,5.5857143,0.00037255883,0.0011140928,2.8553463e-06,8.566305e-06,2.1405518e-05,True
1993-11-01,185.93,0.0,2.3857143,5.6857147,-0.2,90.64286,0.2857143,0.25714287,0.34285715,9.0,4.214286,2.361834e-06,0.0011034757,4.1552953e-06,1.2787059e-05,1.2293458e-06,True
1993-11-08,185.93,14.0,3.3285716,5.914286,1.1428572,94.52857,0.17142858,0.17142858,0.27142859,9.157143,4.357143,0.00026239455,0.0010967404,3.2186508e-06,1.31148845e-05,1.1436641e-05,True
1993-11-15,186.09,30.3,4.2285714,7.2571425,2.0142858,84.542854,0.3857143,0.3857143,0.61428577,9.6,4.214286,0.0002578348,0.0010963753,0.0001455148,0.0003282074,0.0033911467,True
1993-11-22,186.07,4.4,-3.3999999,-1.5285715,-5.857143,85.74286,0.071428575,0.057142857,0.27142859,10.1285715,0.14285715,1.360476e-05,0.0011109635,0.0073865936,0.00019924343,0.009351138,True
1993-11-29,185.92498379638545,3.8,-5.6142855,-2.5142858,-8.457143,86.25715,0.0,0.0,0.24285714,10.257143,-1.2428571,1.655519e-05,0.0011435896,0.011490158,0.00093565695,0.0043406636,True
1993-12-06,186.01,1.3,1.5,4.157143,-2.357143,82.91429,0.22857143,0.22857143,0.4714286,10.185715,0.4,0.00032886863,0.0011798888,0.0069856984,0.014787391,0.00035937503,True
1993-12-13,186.08,33.1,4.557143,6.9857144,1.9142858,79.52857,0.68571424,0.68571424,0.82857144,10.471429,2.3428571,0.000701651,0.0012366399,0.00027156444,0.0018142797,0.002098307,True
1993-12-20,186.29,33.6,4.7000003,8.285714,2.3,83.62858,0.51428574,0.51428574,0.62857145,10.742857,3.3142858,0.00038686395,0.00137344,0.00067092123,0.001616396,0.0062154084,True
1993-12-27,186.49,23.4,1.4714286,3.357143,-0.24285711,88.25714,0.4,0.4,0.4,11.0,1.3714286,0.0014785603,0.002127558,0.00814808,0.005324919,0.015438516,True
1994-01-03,186.56,16.099998,3.0857143,5.7000003,0.21428572,82.25714,0.5,0.5,0.5428571,10.55,1.525,0.0013892949,0.0024624094,0.006709593,0.016567588,0.003895741,True
1994-01-10,186.54,0.5,4.4,7.057143,1.9285715,83.48572,0.4142857,0.4142857,0.5,10.5,3.1,0.00024285913,0.0036094263,0.00029944806,0.0018673204,1.0024756e-05,True
1994-01-17,186.52,13.7,3.142857,5.8,1.0714285,82.75714,0.45714286,0.45714286,0.51428574,10.271428,3.0,0.00011116266,0.00468719,0.00023546672,4.7070906e-05,0.0015892498,True
1994-01-24,186.45,4.3,1.5,3.7571428,-1.3857144,77.74286,0.37142858,0.37142858,0.71428573,10.271428,0.17142858,0.00016897172,0.0052825883,0.0013782921,0.0014516376,0.00056387484,True
1994-01-31,186.46122137841053,16.300001,4.0,7.057143,1.1571429,81.37144,0.9571429,0.9571429,0.9285714,10.657143,2.5857143,0.00043793023,0.005603127,0.0006751957,0.0018191785,0.0024233125,True
1994-02-07,186.46,3.3,2.5,4.6571426,0.62857145,84.24286,0.44285712,0.44285712,0.44285718,10.242857,1.8,5.2258372e-05,0.0059759766,0.00094368914,0.0017321352,0.0013126247,True
1994-02-14,186.38,8.400001,-1.7142857,1.2571429,-3.3714287,83.84286,0.25714284,0.25714284,0.45714286,10.271428,0.7,0.00013940781,0.00620611,0.0042162226,0.0027885996,0.007846534,True
1994-02-21,186.41000000000005,0.4,-5.3,-0.82857144,-9.17143,69.22858,0.10000001,0.10000001,0.7285714,10.2,-1.8142858,9.1046095e-06,0.0062930435,0.00435937,0.00042387284,0.0019115359,True
1994-02-28,186.4,13.7,2.7571428,6.157143,-1.1571429,87.11428,0.45714286,0.44285718,0.64285713,10.3,0.8857143,0.00040536374,0.006290734,0.006288988,0.013984695,0.0077375956,True
1994-03-07,186.41000000000005,5.7999997,5.9000006,9.514285,2.7000003,75.71429,1.1857144,1.1571429,1.2571429,10.257143,4.6285715,0.00037960708,0.0063487887,8.320241e-05,0.00041856617,0.0,True
1994-03-14,186.37,14.7,8.085714,11.528572,4.2285714,76.40001,1.2142857,1.1571429,1.4142857,10.057143,7.1714287,0.00032996386,0.006603591,9.650276e-08,1.790002e-06,0.0,True
1994-03-21,186.87,43.6,3.8,7.3428574,1.5428572,78.0,1.2428572,1.2428572,1.1857144,10.7,4.714286,0.0016497299,0.007390633,0.0005765075,0.0016785376,0.0020979345,True
1994-03-28,186.77,8.0,7.085715,11.1285715,2.9714284,73.77143,1.6571429,1.6428572,1.7142857,10.3,7.428571,0.00033952296,0.008469798,0.00010154361,0.00047396123,0.00036335364,True
1994-04-04,186.68,12.599999,8.142858,13.071428,4.4142857,75.557144,1.6428572,1.5285714,1.8142856,9.885715,8.585714,0.00020295382,0.009184346,2.3768062e-05,0.00021480955,9.0278685e-05,True
1994-04-11,186.56,16.3,4.4714284,8.485715,0.6857143,73.700005,1.3285714,1.2285715,1.5571429,9.814285,6.5142856,0.00023655593,0.009111375,1.1035374e-05,4.0762126e-05,3.1083822e-05,True
1994-04-18,187.02,71.1,5.457143,8.385715,2.1285713,84.28571,1.3000001,1.3000001,1.1999999,11.057143,7.4857144,0.006279081,0.01155594,4.405067e-05,0.0002951529,0.00028236955,True
1994-04-25,186.9,0.5,11.599999,17.800001,4.4428573,64.82857,2.8285713,2.357143,3.1285713,9.571428,13.6,6.213784e-06,0.010316238,2.3274194e-07,1.3820827e-06,0.0,True
1994-05-02,186.71,4.5,12.985715,18.642857,8.642858,72.97143,2.4714284,1.9,2.7,8.657143,15.885715,3.33637e-05,0.009935148,-7.345365000000001e-25,0.0,0.0,True
1994-05-09,186.68,7.3,11.971429,17.914286,5.9857144,67.3,3.2571428,2.4428573,3.3142858,7.9428573,14.985714,0.00011758506,0.009310931,-7.345365000000001e-25,0.0,0.0,True
1994-05-16,186.64,10.1,15.0,20.814287,8.385715,65.22857,3.5571427,2.0285714,3.7571428,6.9857144,17.8,2.3037195e-05,0.008487076,-7.345365000000001e-25,3.7252903e-09,0.0,True
1994-05-23,187.26,36.9,13.342857,17.685715,9.042857,81.1,2.4714284,1.9428571,2.3285713,7.571429,16.614286,0.00045814365,0.0076251775,-7.345365000000001e-25,1.1175871e-08,0.0,True
1994-05-30,186.79306493103505,25.0,12.028572,16.657145,8.314286,79.057144,2.3285713,2.0142858,2.5857143,8.357142,16.328571,0.000502795,0.0069166496,-7.345365000000001e-25,0.0,0.0,True
1994-06-06,186.57,17.1,14.1,19.114286,8.428572,68.6,3.371429,2.857143,3.6000001,7.785714,17.042856,0.00016461313,0.006291464,-7.345365000000001e-25,3.7252903e-09,0.0,True
1994-06-13,186.59,1.6999999,13.914286,19.128572,8.671429,73.85714,2.7285712,2.2285714,3.142857,7.4,16.971428,9.441376e-05,0.0057459697,-7.345365000000001e-25,3.7252903e-09,0.0,True
1994-06-20,186.55,11.0,15.085715,19.600002,10.342857,68.88572,3.2857144,2.3857143,3.457143,6.7285714,18.157143,0.000104919076,0.0052409843,-7.345365000000001e-25,3.7252903e-09,0.0,True
1994-06-27,186.48,0.0,19.714285,25.385715,13.285714,62.42857,4.7000003,2.0142856,4.9714284,5.785714,23.0,5.5879354e-06,0.004729837,-7.345365000000001e-25,1.1175871e-08,0.0,True
1994-07-04,186.46,63.199997,21.542858,28.628572,14.785714,65.057144,4.8,2.042857,5.1,5.6285715,25.528572,0.0001630187,0.0042016804,-7.345365000000001e-25,7.450581e-09,0.0,True
1994-07-11,186.41000000000005,17.3,18.014286,22.914288,12.8,75.51428,3.4714284,2.385714,3.542857,6.0857143,22.3,0.00014647841,0.0037633777,-7.345365000000001e-25,1.1175871e-08,0.0,True
1994-07-18,186.42,30.400002,21.528574,27.34286,15.557143,70.48572,4.214286,2.4285715,4.4,5.4857144,25.257143,8.1047416e-05,0.0033811182,-7.345365000000001e-25,1.4901161e-08,0.0,True
1994-07-25,186.41000000000005,5.4,22.042858,28.657145,13.928572,54.31429,4.7999997,1.9857143,5.2428575,5.4714284,24.77143,4.784763e-05,0.0030520111,-7.345365000000001e-25,7.450581e-09,0.0,True
1994-08-01,186.31,6.2,24.600002,32.557144,17.428572,63.07143,4.7000003,1.3000001,5.2285714,4.8428574,27.77143,8.022785e-05,0.0027142838,-7.345365000000001e-25,7.450581e-09,0.0,True
1994-08-08,186.26,5.9,22.328571,28.414288,16.628572,64.78571,3.9571426,1.0857143,4.5571427,4.6714287,26.328571,7.9765916e-05,0.0024195984,-7.345365000000001e-25,7.450581e-09,0.0,True
1994-08-15,186.24,16.1,17.185715,22.300001,12.928572,68.27143,2.857143,1.9571428,3.5,5.6571426,20.342857,0.00019702315,0.0021973476,-7.345365000000001e-25,7.450581e-09,0.0,True
1994-08-22,186.23,30.0,16.028572,21.285715,10.714286,70.78572,2.6142857,2.142857,3.2285714,6.0,18.485714,0.000120431185,0.0020186976,-7.345365000000001e-25,7.450581e-09,0.0,True
1994-08-29,186.3200819037324,81.0,16.97143,21.428572,13.214286,79.057144,2.2285714,1.9571427,2.6857142,7.1285715,19.714285,0.0036302656,0.0018748045,-7.345365000000001e-25,1.1175871e-08,0.0,True
1994-09-05,186.25,10.4,15.771429,20.17143,10.928572,76.5,1.8714285,1.6,2.3857143,7.285714,18.1,0.00015443563,0.0017597079,-7.345365000000001e-25,5.5879354e-09,0.0,True
1994-09-12,186.32,37.300003,14.271429,17.7,10.685715,78.32857,1.5857142,1.5428573,2.1142857,8.057143,15.842857,0.0046180487,0.0016719475,-7.345365000000001e-25,9.313226e-09,0.0,True
1994-09-19,186.39,12.9,12.271429,15.385715,9.542857,78.957146,1.3142856,1.2714285,1.7285715,8.657143,13.757143,0.00019010901,0.0016122609,-7.345365000000001e-25,5.5879354e-09,0.0,True
1994-09-26,186.29,0.0,12.714286,18.928572,7.2571435,82.35714,1.2857143,1.0714285,1.7142857,8.514286,14.585714,4.1872263e-06,0.0015711412,-7.345365000000001e-25,1.8626451e-09,0.0,True
1994-10-03,186.01,10.4,12.885715,18.014286,9.5,80.8,0.9714286,0.8142857,1.4285715,8.314285,14.571428,0.00011191517,0.0015294626,-7.345365000000001e-25,3.7252903e-09,0.0,True
1994-10-10,186.08,1.7,5.142857,9.942857,1.4285715,79.91429,0.7285714,0.68571424,0.95714283,8.771428,7.4714284,0.000107869506,0.001496695,-7.345365000000001e-25,0.0,0.0,True
1994-10-17,186.29,0.2,7.428571,14.1,2.6285717,81.07143,0.6714286,0.5714286,0.94285715,8.585714,8.9,2.4810433e-06,0.0014663115,-7.345365000000001e-25,1.8626451e-09,0.0,True
1994-10-24,186.49,0.9,5.957143,11.414286,0.9285713,74.42857,0.8285714,0.67142856,1.0714285,8.328571,6.6285715,1.4334917e-05,0.0014373809,-7.345365000000001e-25,1.8626451e-09,0.0,True
1994-10-31,186.23129923131376,9.299999,9.971429,12.814286,6.8142858,78.8,0.82857144,0.78571427,1.1714286,8.485714,8.7,0.00011932105,0.0014109164,-7.345365000000001e-25,9.313226e-09,0.0,True
1994-11-07,186.23,2.5,7.7000003,13.542857,3.5285716,79.34286,0.61428577,0.5571429,0.6857143,8.8,7.5285716,1.874566e-05,0.0013849214,-7.345365000000001e-25,0.0,0.0,True
1994-11-14,186.25,7.4,6.428571,8.585714,3.7285714,87.957146,0.31428573,0.2857143,0.4857143,8.8714285,6.214286,9.29907e-05,0.001362823,0.00012806484,0.00051314756,0.00052541494,True
1994-11-21,186.26,17.400002,7.414286,10.757143,4.571429,87.057144,0.6285714,0.6285714,0.5857143,9.8,7.114286,0.0002514273,0.0013437867,8.4014164e-07,2.1448359e-05,0.0,True
1994-11-28,186.31,12.7,6.1714287,9.042857,3.5,89.97143,0.25714287,0.25714287,0.3285714,10.114285,5.885714,0.00025437027,0.0013293102,-7.345365000000001e-25,9.313226e-08,8.940697e-08,True
1994-12-05,186.31,6.1000004,4.957143,7.6714287,1.757143,85.64286,0.25714284,0.25714284,0.3857143,10.142858,3.5285714,0.000119663775,0.0013234764,-7.345365000000001e-25,1.8626451e-09,0.0,True
1994-12-12,186.35,7.2,6.957143,9.571428,3.357143,77.78571,0.64285713,0.62857145,0.90000004,10.3,5.0285716,0.00012207031,0.001324892,-7.345365000000001e-25,-1.8626451e-09,0.0,True
1994-12-19,186.49,20.6,1.6428572,4.7285714,-0.3,86.314285,0.3,0.3,0.35714287,10.428572,2.0142858,0.00032526255,0.0013440326,0.0011841683,0.00064234063,0.0021307468,True
1994-12-26,186.4,2.1,-0.44285718,1.2142857,-2.0714288,86.8,0.071428575,0.071428575,0.25714284,10.2,0.057142857,1.4424324e-05,0.001395464,0.0032127018,0.00033399276,0.0035110153,True
1995-01-02,186.37,9.2,5.928571,8.442858,3.3857143,77.42857,0.8,0.78000003,0.9285714,10.5,4.46,0.00028312206,0.0014568344,0.0008776642,0.0045222268,0.0042472817,True
1995-01-09,186.37,7.0,-6.6857142,-3.6571429,-10.2,86.15715,0.014285714,0.014285714,0.20000002,10.328571,-0.5857143,4.3213367e-07,0.001538612,0.0059768017,0.0,0.0055478103,True
1995-01-16,186.39,9.5,-0.39999995,1.8285714,-3.2428572,85.02857,0.31428573,0.31428573,0.3857143,10.485714,-0.014285714,0.000107467175,0.0016213581,0.01466805,0.0035982672,0.010266837,True
1995-01-23,186.61,12.7,1.8142859,4.7428575,-0.7714285,77.94286,0.5714286,0.54285717,0.71428573,10.3714285,0.44285715,0.0015423298,0.0020535588,0.013843452,0.018132104,0.0067974254,True
1995-01-30,186.800039197425,15.4,4.8428574,8.657144,1.7,77.67143,0.94285715,0.9142857,0.9714285,10.971429,3.0857143,0.00084143877,0.001925163,0.0018367313,0.008158138,0.0067176856,True
1995-02-06,186.61,5.2,4.6857147,7.3428574,0.78571427,78.44286,0.5857143,0.5714286,0.8428572,10.4,2.3285713,0.0001142323,0.0025736913,0.0001420407,0.00040639378,2.3785979e-05,True
1995-02-13,186.6,22.9,4.257143,7.8428574,0.34285718,78.87144,0.82857144,0.8,0.9142857,10.342857,3.5857143,0.00030316412,0.0032070503,0.0023257108,0.0059123505,0.0060348883,True
1995-02-20,186.65,4.7000003,6.5,9.400001,3.7285714,75.14286,1.1714286,1.1,1.1857144,10.3,5.1714287,0.00022742152,0.0036792308,1.4458384e-05,0.00014410354,0.0,True
1995-02-27,186.51,10.1,3.357143,7.3142858,0.9857143,79.25715,0.9285715,0.90000004,0.9714286,10.142858,4.0,0.00020291656,0.0040457994,0.0005108856,0.0008530151,0.0026200414,True
1995-03-06,186.51,2.3000002,4.4857144,8.028571,1.0,72.62857,1.1714286,1.1,1.3142856,9.942857,4.0857143,0.000107079744,0.004310146,0.00041620503,0.0027685016,0.0012143366,True
1995-03-13,186.5,1.9000001,2.7142856,8.142858,-1.5714285,73.87142,1.2571429,1.0714285,1.3142856,9.6,4.114286,3.6254525e-05,0.0044606477,9.9488665e-05,0.00025042146,0.00016120076,True
1995-03-20,186.49,5.6,2.8714287,6.585715,-0.35714287,76.0,1.1142857,1.0285714,1.3714286,9.6285715,3.2714286,0.00018698722,0.004481353,0.00088753586,0.0026740693,0.0029515028,True
1995-03-27,186.41000000000005,13.900001,5.0,10.042857,1.1285714,69.75715,1.7142859,1.5428572,1.8428571,9.671429,5.9142857,0.00023588538,0.00443615,0.0002966381,0.0009173695,0.0029431246,True
1995-04-03,186.56,19.0,5.228572,9.028572,0.8000001,74.8,1.5,1.4571428,1.8142856,10.157143,4.8714285,0.0006020069,0.0043955147,0.0064282985,0.016443312,0.015141964,True
1995-04-10,186.57,8.0,6.6571426,10.3714285,2.9714286,72.6,1.7285715,1.5142857,1.8428571,9.528571,8.457143,0.00027786195,0.004503183,0.00011799449,0.00045845658,0.0007009767,True
1995-04-17,186.56,29.4,5.7428575,8.928572,2.6857142,81.75715,1.2428571,1.1714286,1.2714285,9.414286,7.114286,0.0007634759,0.004721105,4.6315647e-05,0.0003521815,0.00015425682,True
1995-04-24,186.81,21.0,11.185715,15.585715,6.1285715,74.57143,2.7571428,2.4857142,2.5571427,9.942857,12.157143,0.0006289482,0.0054922327,4.598073e-06,5.3394586e-05,0.0,True
1995-05-01,186.6,12.0,10.371429,14.800001,6.414286,76.37144,2.142857,1.7857143,2.1142857,8.942857,14.085714,0.000118389726,0.0063613653,-7.345365000000001e-25,0.0,0.0,True
1995-05-08,186.56,12.9,13.3,20.085714,6.057143,62.84286,3.5714285,2.6714284,3.7571428,8.1285715,17.142857,2.8848648e-05,0.006317064,-7.345365000000001e-25,1.8626451e-09,0.0,True
1995-05-15,186.56,30.9,7.971429,11.785714,4.2428575,76.52857,1.9285715,1.642857,1.9428571,7.9,11.671429,0.00026865304,0.0060635805,-7.345365000000001e-25,0.0,0.0,True
1995-05-22,186.57,21.800001,9.814286,14.614286,4.214286,71.685715,2.2857144,1.9714285,2.5,8.228572,13.5,0.00084307045,0.0058009923,-7.345365000000001e-25,0.0,0.0,True
1995-05-29,186.57933078348952,10.7,17.342857,23.685715,9.7,67.85714,3.9285715,2.7142854,4.0285716,7.428571,20.342857,1.9274652e-05,0.0054559708,-7.345365000000001e-25,7.450581e-09,0.0,True
1995-06-05,187.0,67.5,12.142858,15.857142,8.971429,88.185715,1.7571428,1.6428572,1.9714285,8.914286,16.37143,0.0025033802,0.0055839196,-7.345365000000001e-25,3.7252903e-09,0.0,True
1995-06-12,186.66000000000005,21.199999,12.685715,16.300001,9.771429,81.85714,2.0142856,1.8285714,2.142857,9.285714,16.257143,0.00032405555,0.005077116,-7.345365000000001e-25,0.0,0.0,True
1995-06-19,186.67,32.7,13.657144,17.757143,9.942857,82.3,2.3142858,2.1714284,2.3857143,9.571428,16.1,0.00085133314,0.0050132126,-7.345365000000001e-25,7.450581e-09,0.0,True
1995-06-26,186.62,23.1,15.942858,20.97143,11.442858,79.02857,3.0285716,2.6285713,2.8285713,8.971429,18.87143,0.00021721423,0.0049684644,-7.345365000000001e-25,7.450581e-09,0.0,True
1995-07-03,186.61,31.199999,18.87143,24.4,12.257143,70.1,4.2714286,3.1571426,4.414286,7.785714,23.014286,2.0682812e-05,0.004816346,-7.345365000000001e-25,1.1175871e-08,0.0,True
1995-07-10,186.59,0.6,20.285715,26.2,13.2,62.757145,4.2285714,2.6714287,4.7000003,7.0285716,23.657143,1.810491e-05,0.004585929,-7.345365000000001e-25,3.7252903e-09,0.0,True
1995-07-17,186.51,29.2,21.042858,27.414288,16.385715,73.185715,3.7,2.3428571,4.157143,6.4857144,25.214285,0.00042055547,0.004290141,-7.345365000000001e-25,1.1175871e-08,0.0,True
1995-07-24,186.45,25.900002,20.2,26.47143,14.6285715,69.08572,3.7285712,2.5142856,4.428571,6.428571,23.742857,0.0014548004,0.004037671,-7.345365000000001e-25,1.4901161e-08,0.0,True
1995-07-31,186.4674897461923,45.199997,20.057144,25.985716,13.385715,68.22857,4.2142854,2.2857144,4.157143,6.5,23.942858,0.00066523254,0.0037785843,-7.345365000000001e-25,3.7252903e-09,0.0,True
1995-08-07,186.51,1.2,20.685715,26.87143,13.585715,60.42857,4.1714287,1.7285715,4.5,6.042857,24.7,4.5597553e-06,0.0035367683,-7.345365000000001e-25,9.313226e-09,0.0,True
1995-08-14,186.46,31.3,19.27143,25.77143,12.342857,57.24286,3.6142857,1.4,4.1,5.8142858,22.842857,0.00016324222,0.0032891035,-7.345365000000001e-25,0.0,0.0,True
1995-08-21,186.51,0.90000004,19.485716,25.257143,13.400001,71.28571,3.042857,1.5285712,3.5285714,5.7714286,22.22857,3.9950013e-05,0.0030748844,-7.345365000000001e-25,1.1175871e-08,0.0,True
1995-08-28,186.46,17.2,17.357143,22.757143,13.728572,79.28571,2.4999998,1.5285714,2.8,5.8142858,20.457144,0.00029100478,0.0028669015,-7.345365000000001e-25,1.3038516e-08,0.0,True
1995-09-04,187.04,91.8,11.757143,15.242858,9.042857,83.71429,1.4857142,1.3285714,1.6142857,7.9142857,13.6285715,0.0021758825,0.002911307,-7.345365000000001e-25,1.4901161e-08,0.0,True
1995-09-11,186.75,9.0,15.257143,20.97143,10.857142,73.78571,1.942857,1.7142857,2.6857142,8.157143,16.6,3.5196543e-05,0.0026309714,-7.345365000000001e-25,1.4901161e-08,0.0,True
1995-09-18,186.62,6.9,14.685715,20.357143,10.0,80.12858,1.4857143,1.2285715,1.9714286,7.8428574,17.0,5.736947e-05,0.0025467873,-7.345365000000001e-25,0.0,0.0,True
1995-09-25,186.73,31.5,12.214286,16.142857,9.0,87.48572,0.9714286,0.85714287,1.1714286,8.642858,13.971429,0.00038306415,0.0024743676,-7.345365000000001e-25,5.5879354e-09,0.0,True
1995-10-02,186.81,35.2,9.414286,13.300001,6.214286,84.6,1.0142858,1.0,1.2714285,9.514286,10.542857,0.00069803,0.002420999,-7.345365000000001e-25,9.313226e-09,0.0,True
1995-10-09,186.74,0.1,15.685715,21.414288,11.514287,81.92857,1.1,0.9714286,1.5428572,9.357142,15.671429,1.013279e-05,0.0023888797,-7.345365000000001e-25,7.450581e-09,0.0,True
1995-10-16,186.63,0.0,13.942857,18.4,10.900001,87.07143,0.5571429,0.44285718,1.0142857,8.985714,14.457143,8.0391765e-06,0.0023591146,-7.345365000000001e-25,1.8626451e-09,0.0,True
1995-10-23,186.62,1.9,9.3714285,14.400001,5.585714,81.65715,0.7000001,0.55714285,0.95714283,8.8,10.5,3.0234456e-05,0.0023346618,-7.345365000000001e-25,5.5879354e-09,0.0,True
1995-10-30,186.6593624087228,23.7,10.842857,15.1,7.585715,84.90001,0.6,0.5,0.94285715,8.785714,10.242857,0.00022010505,0.0023052767,-7.345365000000001e-25,5.5879354e-09,0.0,True
1995-11-06,186.69000000000003,38.8,2.8857143,5.514286,0.64285725,85.28571,0.51428574,0.47142857,0.5857143,9.514286,4.642857,0.0003953278,0.0022853687,0.003517463,0.00012409128,0.011893837,True
1995-11-13,186.91000000000005,4.3,4.557143,7.1,1.7571429,85.91429,0.2857143,0.24285714,0.6571428,9.657143,3.6857142,0.00040598214,0.002315998,0.003057355,0.0112796165,8.9243054e-05,True
1995-11-20,186.79,20.0,3.957143,6.6714287,1.6,83.14286,0.4,0.3857143,0.64285713,9.985714,3.8428571,0.0004708469,0.002460502,0.0016268492,0.00070431083,0.0070105344,True
1995-11-27,186.79,0.1,1.5428572,5.6714287,-1.1857144,79.67143,0.15714286,0.11428572,0.41428572,9.957143,0.64285713,0.00011587143,0.0026960447,0.0034659419,0.0052001774,0.0,True
1995-12-04,186.69000000000003,1.4,-1.6428572,-0.59999996,-2.7142856,89.9,0.028571429,0.0,0.24285714,9.9,-0.15714286,5.699694e-06,0.0029516444,0.0013294617,0.00021458231,0.001782842,True
1995-12-11,186.66000000000005,3.5,-2.757143,-0.87142855,-5.2714286,90.61428,0.014285714,0.014285714,0.17142858,9.914286,-1.0285715,6.479025e-05,0.0031546503,0.0036162536,0.0008581616,0.0020953603,True
1995-12-18,186.66000000000005,1.7,-1.6857144,-0.51428574,-3.1428573,92.12858,0.014285714,0.014285714,0.25714287,9.971429,-0.9142857,6.240606e-05,0.00328888,0.008628346,0.0016576014,0.006445892,True
1995-12-25,186.85,24.7,1.4142858,4.8142858,-1.3571428,90.65715,0.15714286,0.15714286,0.2857143,10.614285,-0.14285715,0.0011198223,0.003399901,0.007918795,0.018334787,0.013956524,True
1996-01-01,186.69000000000003,0.5,-6.1714287,-2.7857144,-8.928572,82.74286,0.0,0.0,0.18571429,10.483334,-2.0166667,8.1956387e-07,0.003832139,0.0050384603,0.0,0.002030298,True
1996-01-08,186.64,0.5,-3.857143,-1.8571428,-7.157143,88.17143,0.028571429,0.028571429,0.21428572,10.285714,-2.7714286,4.555285e-05,0.004270464,0.0058351583,0.0017609857,0.0005723424,True
1996-01-15,186.61,0.0,1.2142857,4.8857145,-1.6000001,84.542854,0.12857144,0.11428572,0.24285714,10.157143,-0.31428573,6.0498714e-05,0.004514113,0.0026324363,0.0029381346,5.327165e-07,True
1996-01-22,186.57,0.0,-4.1142855,-1.2142857,-6.085715,87.28571,0.0,0.0,0.21428572,10.1,-2.7714286,3.695488e-06,0.0046280846,0.0014941635,0.00017336756,0.00039197877,True
1996-01-29,186.5248619419392,0.3,-8.228572,-5.8,-10.657144,80.02857,0.0,0.0,0.3285714,10.1,-5.614286,2.9802322e-07,0.004656449,0.0027881179,0.0,0.0032143705,True
1996-02-05,186.55,3.9,-4.6714287,-0.88571423,-8.3714285,82.685715,0.042857144,0.028571429,0.3,10.1,-3.4142857,1.0930002e-05,0.0046446696,0.005226714,0.00048277713,0.005518209,True
1996-02-12,186.51,0.3,-6.157143,-1.7428572,-11.014285,78.200005,0.14285715,0.12857142,0.4714286,10.1,-3.9857142,6.6280365e-05,0.0046148,0.007948376,0.0022087656,0.00085880235,True
1996-02-19,186.53,17.4,1.0857143,3.4142857,-0.6857143,84.957146,0.47142854,0.45714283,0.62857145,10.414286,0.028571429,0.00056325644,0.0045694336,0.010085992,0.009726606,0.011464577,True
1996-02-26,186.59,7.6,-2.2285714,1.4285716,-5.6857142,77.74286,0.3857143,0.37142858,0.7571429,10.328571,-0.08571429,0.00012984872,0.004542783,0.0095891105,0.005686108,0.0053717904,True
1996-03-04,186.51,2.3,-0.14285715,3.3857143,-2.5857143,80.72858,0.5285714,0.44285718,0.7714286,9.928572,0.32857144,8.101016e-05,0.0045589283,0.0048177755,0.0033639167,0.0070091113,True
1996-03-11,186.46,8.4,-0.71428573,2.4714286,-3.4285715,77.85714,0.74285716,0.65714294,0.9285714,9.714286,0.12857144,7.2814524e-05,0.0046075583,0.008511424,0.0030647814,0.006264724,True
1996-03-18,186.43,1.3,-0.9857143,0.95714283,-3.0142858,87.91429,0.4857143,0.40000004,0.5714286,9.514286,0.12857144,0.00018903613,0.00462956,0.00765809,0.0089623425,0.0037380606,True
1996-03-25,186.42,1.7,3.7714288,8.257143,0.65714294,87.57143,0.9142857,0.7857143,0.9285714,9.328571,3.8428571,0.00018964708,0.004618518,0.0005239589,0.001965372,5.2154064e-08,True
1996-04-01,186.61,12.2,0.78571427,4.657143,-1.9428571,77.042854,1.1714286,1.0428572,1.2714285,9.257143,3.0428572,0.00021369755,0.0046274886,0.0015856482,0.0019836556,0.0054465868,True
1996-04-08,186.47000000000003,7.1,3.8285713,7.114286,0.2857143,86.957146,1.1,0.91428566,1.1,9.2,4.6714287,0.00028555095,0.004657939,0.004635192,0.012189375,0.009667598,True
1996-04-15,186.46,8.4,4.6285715,8.400001,0.51428574,76.457146,1.4142858,1.1714286,1.3857143,8.942857,6.614286,0.0001334399,0.00467667,0.001438578,0.0029045418,0.0038183816,True
1996-04-22,186.39,0.0,14.371429,22.014286,5.285714,47.84286,3.6571429,2.6571429,4.1285715,8.042857,13.985714,1.5258789e-05,0.0046158284,0.00012251877,0.0008143876,0.0,True
1996-04-29,186.43398594294985,3.0,13.114286,19.085714,7.5,66.02857,2.8428574,2.0571427,3.2142856,7.0571427,15.785714,0.00016203523,0.004461594,-7.345365000000001e-25,2.9802322e-08,0.0,True
1996-05-06,186.38,28.599998,10.185715,15.085714,5.6142855,76.91429,2.0857143,1.5428572,2.2285714,6.9,13.385715,0.0002001673,0.0043033063,-7.345365000000001e-25,0.0,0.0,True
1996-05-13,186.4,5.1,7.328572,9.085714,5.914286,93.52857,1.1,0.88571423,1.0857142,7.042857,10.457143,0.00022134185,0.0041716993,-7.345365000000001e-25,0.0,0.0,True
1996-05-20,186.41000000000005,63.1,12.157143,16.27143,8.528571,82.75715,2.0285716,1.8857144,2.2142856,7.5857143,14.785714,0.0015923977,0.0040560067,-7.345365000000001e-25,3.7252903e-09,0.0,True
1996-05-27,186.55,23.8,12.942857,17.928572,8.728572,73.38572,2.6714287,2.5,2.9857142,8.042857,15.142858,0.00028333068,0.0039003342,-7.345365000000001e-25,7.450581e-09,0.0,True
1996-06-03,186.57,4.9,14.6,19.571428,9.471429,72.91429,2.957143,2.4428573,3.3428571,7.785714,17.6,0.00019216537,0.0037406832,-7.345365000000001e-25,0.0,0.0,True
1996-06-10,186.46,45.0,20.214285,26.985716,13.528571,68.98572,4.3428574,3.1571429,4.957143,6.9142857,23.6,8.8602304e-05,0.0035612285,-7.345365000000001e-25,7.450581e-09,0.0,True
1996-06-17,186.42,0.6,16.357143,21.67143,10.3,65.14286,4.071429,2.3857148,4.157143,5.9142857,22.114286,3.7565827e-05,0.0033476874,-7.345365000000001e-25,0.0,0.0,True
1996-06-24,186.36,12.6,12.485715,16.2,9.814286,74.85714,2.3714287,1.2428571,2.457143,5.542857,16.557142,0.00010702014,0.0031499788,-7.345365000000001e-25,0.0,0.0,True
1996-07-01,186.26,21.0,14.685715,19.4,10.014285,74.4,2.7,1.7,3.1000001,5.6714287,17.342857,0.0001193136,0.0029805005,-7.345365000000001e-25,1.1175871e-08,0.0,True
1996-07-08,186.59,89.899994,15.057143,19.84286,10.785714,78.25714,2.7714286,2.2857141,3.0142858,6.428571,17.671429,0.0015597641,0.0028076544,-7.345365000000001e-25,1.1175871e-08,0.0,True
1996-07-15,186.51,22.5,16.685715,21.071428,12.3714285,78.71429,2.7571428,2.442857,3.0142858,8.714286,18.614286,0.0005751997,0.0026833117,-7.345365000000001e-25,7.450581e-09,0.0,True
1996-07-22,186.41000000000005,0.0,14.071428,19.285715,7.914286,68.557144,3.2714288,2.4142857,3.542857,7.714286,19.542856,1.3709068e-05,0.002585709,-7.345365000000001e-25,0.0,0.0,True
1996-07-29,186.38280564191035,54.9,17.828571,23.442858,12.614286,77.21429,2.9142857,2.4285715,3.3142858,7.385714,20.557142,0.00015164912,0.0024730712,-7.345365000000001e-25,1.1175871e-08,0.0,True
1996-08-05,186.46,11.7,17.214285,22.67143,12.414286,73.85714,2.9428573,2.2571428,3.3,7.2,21.37143,0.00010313094,0.0023692101,-7.345365000000001e-25,5.5879354e-09,0.0,True
1996-08-12,186.36,15.6,17.928572,23.585714,12.371429,76.71429,2.7857144,1.9428571,3.0571427,6.6857142,21.185715,0.00032497942,0.0022627488,-7.345365000000001e-25,1.1175871e-08,0.0,True
1996-08-19,186.31,10.4,17.028572,21.942858,13.157143,81.48572,2.1714287,1.8428571,2.4714284,7.614286,19.242857,0.00020483136,0.0021768585,-7.345365000000001e-25,1.8626451e-09,0.0,True
1996-08-26,186.32,7.0,19.4,26.100002,14.228571,69.01429,2.7428572,2.0142856,3.3999999,7.0571427,21.471428,0.00035513937,0.0020884052,-7.345365000000001e-25,5.5879354e-09,0.0,True
1996-09-02,186.29,16.9,14.757143,19.17143,11.1285715,77.3,1.7428571,1.3999999,2.2857144,7.4,17.12857,0.00025886297,0.0020186082,-7.345365000000001e-25,3.7252903e-09,0.0,True
1996-09-09,186.26,13.5,12.014287,17.042858,8.571428,77.814285,1.6857144,1.3285713,1.9714286,7.357143,14.885715,0.0002405718,0.0019630939,-7.345365000000001e-25,3.7252903e-09,0.0,True
1996-09-16,186.41000000000005,40.0,10.414286,13.6,7.557143,83.21429,1.1142857,0.9571429,1.3142856,7.6,12.085714,0.0005131215,0.0019230992,-7.345365000000001e-25,5.5879354e-09,0.0,True
1996-09-23,186.34,9.4,9.071428,12.5,6.957143,85.71429,0.9714287,0.75714284,1.2571429,7.6571426,11.042857,0.00021284074,0.0019025356,-7.345365000000001e-25,5.5879354e-09,0.0,True
1996-09-30,186.30909057694157,6.5,11.1285715,15.0,8.314286,85.57143,0.7714286,0.6857143,1.2428571,7.7,11.485714,0.00015433133,0.0019052848,-7.345365000000001e-25,1.1175871e-08,0.0,True
1996-10-07,186.34,9.8,10.514285,15.042857,6.914286,82.828575,0.8,0.71428573,1.1571428,8.085714,11.171429,0.00014209747,0.0019218996,-7.345365000000001e-25,3.7252903e-09,0.0,True
1996-10-14,186.32,2.3000002,10.67143,15.414286,7.357143,87.04286,0.64285713,0.54285717,0.88571423,7.9714284,11.428572,0.00010624528,0.0019524768,-7.345365000000001e-25,3.7252903e-09,0.0,True
1996-10-21,186.3,50.0,9.757143,12.342857,7.071429,91.65714,0.4857143,0.44285718,0.62857145,8.6285715,10.157143,0.001851961,0.0023146942,-7.345365000000001e-25,5.5879354e-09,0.0,True
1996-10-28,186.76,2.2,7.785714,11.971429,3.8000004,83.35714,0.61428577,0.55714285,0.78571427,9.242857,7.6857142,6.0871243e-05,0.002235286,-7.345365000000001e-25,3.7252903e-09,0.0,True
1996-11-04,186.31,1.9,10.2,12.928572,7.614286,75.67143,0.78571427,0.7714285,1.3714286,9.242857,8.842857,0.00016757846,0.0025708005,-7.345365000000001e-25,1.1175871e-08,0.0,True
1996-11-11,186.41000000000005,6.3,7.9,11.214286,4.714286,77.6,0.6714286,0.64285713,1.1142857,9.3714285,6.928571,0.00014033914,0.0028225407,-7.345365000000001e-25,1.8626451e-09,0.0,True
1996-11-18,186.41000000000005,17.8,4.2571425,6.085715,2.7,91.08571,0.18571429,0.18571429,0.37142858,9.614285,4.757143,0.0003954172,0.0030321106,3.1448546e-06,7.8585e-06,9.201467e-06,True
1996-11-25,186.33,6.9,1.8714285,4.4857144,-0.15714286,79.0,0.40000004,0.38571426,0.6571428,9.814285,1.8285714,4.900247e-05,0.0032968298,0.00083674135,0.0008447822,0.0050360747,True
1996-12-02,186.36,14.2,1.3571428,2.9857144,-0.5428571,88.77143,0.24285714,0.24285714,0.35714287,10.028571,0.5714286,0.0002380833,0.003546998,0.007783657,0.006294638,0.010861311,True
1996-12-09,186.49,0.0,1.1,3.6857145,-0.37142858,83.057144,0.20000002,0.18571429,0.3857143,10.071428,0.94285715,0.00010664761,0.0037546158,0.003924177,0.0048455615,6.3218176e-06,True
1996-12-16,186.44000000000003,9.900001,-0.22857141,2.3999999,-3.2285714,88.957146,0.071428575,0.071428575,0.21428572,10.157143,-0.22857143,0.00012756884,0.00397148,0.0048282943,0.0038410462,0.0070147887,True
1996-12-23,186.71,27.5,-4.3714285,-0.9285716,-7.1285715,90.957146,0.042857144,0.042857144,0.18571429,10.442857,-0.5,0.0003951341,0.0041800216,0.008564126,0.0038564857,0.0105405,True
1996-12-30,186.51906906262903,0.90000004,-10.671428,-7.285714,-14.242858,83.814285,0.0,0.0,0.10000001,10.314285,-2.6,3.7252903e-08,0.0045695454,0.012338207,0.0,0.0018024109,True
1997-01-06,186.51,1.4000001,-11.114286,-9.114285,-14.471429,86.91429,0.0,0.0,0.12857144,10.3,-3.1,1.4901161e-08,0.0048565418,0.014438595,0.0,0.004834052,True
1997-01-13,186.46,0.0,-5.1714287,-3.2000003,-7.328572,87.74286,0.014285714,0.014285714,0.2,10.214286,-1.0571429,0.0,0.00496459,0.017568128,0.0,0.0013138913,True
1997-01-20,186.41000000000005,7.7,0.82857144,4.571429,-2.1000001,79.314285,0.12857144,0.11428572,0.44285712,10.2,-0.5857143,0.00029279292,0.0049661845,0.01420805,0.008877318,0.0012961663,True
1997-01-27,186.46,7.8,1.2857144,3.414286,-0.8714286,87.94286,0.22857143,0.2,0.3285714,10.171429,-0.057142857,0.00040492415,0.00495632,0.0051473835,0.0078269895,0.002113361,True
1997-02-03,186.5029763512572,0.5,0.18571427,2.2,-1.8857144,82.75715,0.24285714,0.22857143,0.40000004,10.1,-0.24285714,4.9054623e-05,0.0051182583,0.0041402807,0.0014870595,0.001856517,True
1997-02-10,186.66000000000005,8.200001,3.9428573,6.9857144,0.82857144,79.18572,0.6857143,0.65714276,0.8000001,9.942857,0.55714285,0.0002662614,0.005321972,0.0030999752,0.005790051,0.0025158748,True
1997-02-17,186.66000000000005,11.599999,3.8428574,7.085714,0.8,78.1,0.9142857,0.8714286,1.0,10.1285715,2.3714285,0.00038108975,0.005545467,0.0012007668,0.0012200195,0.0033887401,True
1997-02-24,186.75,16.2,7.0285716,9.857142,3.7285717,75.25714,1.2142857,1.1714286,1.3285714,10.142858,4.3,0.00089237094,0.0060459524,0.00066072034,0.0026544482,0.0004336238,True
1997-03-03,186.74,19.2,7.957143,12.414286,4.585715,72.1,1.6285714,1.557143,1.6142857,10.442857,7.0857143,0.00035126507,0.006633699,9.082613e-08,2.3134053e-06,0.0,True
1997-03-10,186.63,0.8,7.1,12.67143,2.4142857,78.35714,1.0285714,0.87142855,1.1,9.785714,7.2,1.7039478e-05,0.007015884,-7.345365000000001e-25,0.0,0.0,True
1997-03-17,186.57,15.3,6.2428575,10.357142,3.8857143,84.44286,0.9285715,0.8142857,1.0142857,9.471429,7.285714,0.00041563064,0.0070173442,0.00013651166,0.00017458946,0.0014472306,True
1997-03-24,186.64,22.8,2.1714287,5.642857,-0.62857145,86.04286,0.7857143,0.7714286,0.8,9.928572,3.6857142,0.00039732456,0.0069887936,0.002814344,0.0048799366,0.0076231584,True
1997-03-31,186.5988995543817,4.8999996,6.8142858,10.785714,3.3428574,73.3,1.6571429,1.5714285,1.7571429,9.728572,7.0142856,0.00031327456,0.0071747676,0.0008227371,0.0040278584,0.00029263645,True
1997-04-07,186.61,7.7,5.657143,11.657144,0.78571427,69.8,1.8714285,1.6999999,1.9857142,9.414286,7.7714286,0.0002862513,0.007288426,0.0007275854,0.0029989276,0.00444822,True
1997-04-14,186.57,5.6,5.971429,10.528572,0.67142856,64.1,1.9285713,1.6428572,2.1285713,9.057143,7.8714285,0.0001347512,0.0072064847,0.00029939698,0.0013734028,3.221631e-05,True
1997-04-21,186.51,4.8,4.042857,8.585714,0.057142872,63.985718,1.8714284,1.5428572,2.0857143,8.4,7.1285715,9.480119e-05,0.0070732906,0.00038979168,0.0015548691,0.0017359592,True
1997-04-28,186.51,7.7,9.071428,13.214286,3.614286,66.957146,2.2571428,1.8,2.3857143,7.8142858,10.485714,0.00017236173,0.006848946,1.8097106e-05,9.179115e-05,1.1995435e-06,True
1997-05-05,186.49,6.0,12.914286,18.2,8.728572,73.42857,2.457143,2.0142858,2.8714287,7.6,13.985714,0.00021848083,0.0065922886,-7.345365000000001e-25,1.4901161e-08,0.0,True
1997-05-12,186.49,13.0,11.785714,17.385715,5.6285715,63.17143,2.957143,2.442857,3.3,7.3142858,13.571428,0.0003034249,0.006263241,2.0061221e-05,0.00012434646,0.00012544543,True
1997-05-19,186.45,7.0,19.071428,25.27143,12.928572,69.27143,3.9,2.4285715,4.2285714,6.2714286,21.542856,0.00010468066,0.00587976,-7.345365000000001e-25,1.8626451e-08,0.0,True
1997-05-26,186.39,11.8,11.571428,16.157145,7.1285715,73.35714,2.6857142,1.9,2.8714287,6.2,16.214285,0.00024077296,0.0054789633,-7.345365000000001e-25,7.450581e-09,0.0,True
1997-06-02,186.32,3.8,10.985715,15.528572,5.8428574,67.01429,2.9428573,1.6142856,2.9428573,5.9428573,14.9,9.43467e-05,0.0051148757,-7.345365000000001e-25,3.7252903e-09,0.0,True
1997-06-09,186.23,0.0,17.457144,23.514286,9.428572,56.028572,4.3714285,1.2571429,4.8714285,5.4,20.385714,6.712973e-06,0.0047029704,-7.345365000000001e-25,0.0,0.0,True
1997-06-16,186.31,16.199999,18.300001,23.77143,12.785714,64.71429,3.914286,1.4285713,4.0,5.2,21.785715,0.00018198788,0.0042447075,-7.345365000000001e-25,3.7252903e-09,0.0,True
1997-06-23,186.34,21.0,13.528572,18.0,9.442857,73.28571,2.642857,1.7142857,2.7285714,5.542857,17.328571,0.00020625442,0.0038917512,-7.345365000000001e-25,1.1175871e-08,0.0,True
1997-06-30,186.2529470986788,8.6,16.685715,22.042858,11.8,70.44286,3.3142858,2.4857142,3.4571426,5.785714,19.2,0.0001244545,0.0035898387,-7.345365000000001e-25,1.1175871e-08,0.0,False
1997-07-07,186.19000000000003,19.4,16.457144,21.185715,12.342857,73.557144,3.1,2.0714285,3.3285713,5.742857,20.014286,0.00015965849,0.0033032969,-7.345365000000001e-25,3.7252903e-09,0.0,True
1997-07-14,186.21,4.0,18.657145,24.628572,11.728571,63.81429,3.7000003,1.6714284,4.142857,5.357143,22.171429,1.3209879e-05,0.0030510798,-7.345365000000001e-25,3.7252903e-09,0.0,True
1997-07-21,186.19000000000003,135.7,16.457144,20.442858,13.8,86.28571,2.2285714,1.9142857,2.0857143,7.0,19.87143,0.00272429,0.0028962195,-7.345365000000001e-25,1.1175871e-08,0.0,True
1997-07-28,186.39,30.1,17.914286,23.214285,13.771429,75.15714,2.957143,2.6857142,3.142857,8.771428,21.3,0.00019031018,0.0027049333,-7.345365000000001e-25,1.1175871e-08,0.0,True
1997-08-04,186.44000000000003,22.199999,17.757143,23.242859,12.642858,74.114296,2.7571428,2.3,3.142857,8.285714,21.171429,8.428097e-05,0.0026030764,-7.345365000000001e-25,3.7252903e-09,0.0,True
1997-08-11,186.4,4.4,20.085714,26.328571,13.242858,65.65714,3.7714288,2.7571428,4.0857143,7.5,23.414286,4.8920512e-05,0.0024967417,-7.345365000000001e-25,3.7252903e-09,0.0,True
1997-08-18,186.24,7.2999997,20.47143,26.87143,14.1285715,64.25715,3.4857142,1.9571428,3.9285715,6.457143,23.671429,0.00013908744,0.002365984,-7.345365000000001e-25,7.450581e-09,0.0,True
1997-08-25,186.25,19.1,21.600002,27.9,16.157145,69.9,3.0571425,1.2428571,3.5142856,6.0285716,23.742857,0.00021146983,0.0022556186,-7.345365000000001e-25,9.313226e-09,0.0,True
1997-09-01,186.23,14.299999,19.057144,25.957144,14.257143,71.1,2.7142856,1.7714285,3.3285713,6.3,21.6,0.00017176569,0.002148211,-7.345365000000001e-25,3.7252903e-09,0.0,True
1997-09-08,186.18,0.6,18.0,23.142857,13.914286,75.02857,1.9714286,1.3571428,2.6142857,6.1857142,20.642857,9.444356e-05,0.0020518005,-7.345365000000001e-25,1.3038516e-08,0.0,True
1997-09-15,186.16000000000005,5.9,13.357142,19.642857,8.1285715,67.02857,2.085714,1.4285715,2.957143,5.8428574,15.785714,0.00016842782,0.0019639954,-7.345365000000001e-25,3.7252903e-09,0.0,True
1997-09-22,186.13,0.0,12.114286,19.571428,5.1714287,65.957146,1.7285715,0.9,2.357143,5.5857143,15.185715,2.965331e-06,0.0018781126,-7.345365000000001e-25,1.8626451e-09,0.0,True
1997-09-29,186.1350305807984,0.8,11.957144,19.042858,5.357143,71.41429,1.4428571,0.45714286,1.8857143,5.3142858,14.442857,3.7401915e-06,0.0018001422,-7.345365000000001e-25,0.0,0.0,False
1997-10-06,186.13,2.9,12.642858,17.114286,8.857142,74.98572,1.1142857,0.67142856,1.8000001,5.3285713,13.014286,3.568828e-05,0.0017327815,-7.345365000000001e-25,7.450581e-09,0.0,True
1997-10-13,186.12,34.8,13.17143,17.028572,10.414286,75.75715,1.3000001,1.0428572,1.9714286,5.8285713,13.028571,0.0003374517,0.0016676113,-7.345365000000001e-25,1.1175871e-08,0.0,True
1997-10-20,186.2,8.3,7.6714287,12.771429,3.8,78.28571,0.6714286,0.59999996,1.1,6.8,8.142858,0.00014311075,0.0016161203,-7.345365000000001e-25,0.0,0.0,True
1997-10-27,186.19000000000003,3.6,2.8714287,7.2428575,-0.8000001,74.08572,0.58571434,0.48571426,0.87142855,6.757143,4.4857144,8.571148e-05,0.001572676,1.3675009e-05,2.6337802e-06,0.00017117709,True
1997-11-03,186.14,0.1,1.1571429,5.3714285,-2.7857144,80.38572,0.44285712,0.34285715,0.5142857,6.642857,2.1857142,1.1175871e-05,0.001538232,0.00010272435,0.00013885088,8.422881e-06,True
1997-11-10,186.09,1.8,7.5,11.400001,3.614286,70.72857,0.5714286,0.47142854,1.2285715,6.6714287,5.1285715,7.05868e-05,0.0015076175,9.775162e-06,3.4224242e-05,0.0,True
1997-11-17,186.12,18.199999,4.785714,7.5285716,2.2714286,86.94286,0.27142859,0.22857144,0.5,6.9428573,4.9428573,0.00028190017,0.0014799014,-7.345365000000001e-25,2.2351742e-08,0.0,True
1997-11-24,186.11,0.8,0.64285713,3.2857144,-1.9428571,85.88572,0.15714286,0.14285716,0.3857143,7.4142857,0.8142857,1.2293458e-05,0.0014596954,0.00012623129,0.00015886128,0.00044020638,True
1997-12-01,186.08,7.9,3.257143,5.571429,1.0285714,90.12858,0.20000002,0.15714286,0.3285714,7.5857143,2.1714287,7.4759126e-05,0.0014457405,0.00021868093,0.0002984088,0.001209408,True
1997-12-08,186.12,29.9,0.6714286,1.4714286,-0.9142857,91.21429,0.10000001,0.08571429,0.22857143,8.3714285,0.5285714,0.0002540946,0.0014348254,0.021053275,0.0097615495,0.02895578,True
1997-12-15,186.63,36.0,4.3,6.6285715,2.5,86.6,0.34285712,0.34285712,0.5142857,9.457143,3.5,0.0012352914,0.0014659986,0.004141802,0.020915352,0.0040871873,True
1997-12-22,186.46,6.8,-2.4857142,-0.19999997,-4.8142858,86.15714,0.028571429,0.028571429,0.2857143,9.728572,-1.1,0.00013807416,0.0016350672,0.0035650844,0.0013289936,0.0011108182,True
1997-12-29,186.43252043743576,6.7,5.2714286,7.3428574,3.2,81.799995,0.44285712,0.44285712,0.7,9.8714285,1.8428571,0.00016461313,0.0018647984,0.0009487981,0.0038443878,0.00018544868,True
1998-01-05,186.48,4.1,6.0285716,8.228572,3.5285716,73.62858,0.25,0.25,1.0857142,9.9,1.15,0.00010930002,0.0020912066,4.4215292e-05,0.00014189258,0.0,True
1998-01-12,186.39,2.7,7.7428575,11.457144,4.6857142,70.1,0.7285715,0.7285715,1.1,10.1,4.3428574,0.00012722611,0.0022896007,7.958639e-06,4.4465065e-05,4.323572e-05,True
1998-01-19,186.31,7.2,5.057143,7.7714286,2.5714285,74.92857,0.5428571,0.5285714,0.87142855,10.085714,2.5428572,0.00027421117,0.0024653599,0.00021732989,0.0009419229,0.002769243,True
1998-01-26,186.39,10.5,-1.8857144,0.4857143,-2.914286,89.471436,0.11428572,0.11428572,0.35714287,10.328571,0.37142858,2.9049814e-05,0.0026316792,0.00921821,0.0002586022,0.01161699,True
1998-02-02,186.36,6.5,-5.414286,-1.5142858,-10.1285715,78.28571,0.014285714,0.014285714,0.35714287,10.3,-1.1571429,5.9604645e-08,0.002802804,0.014823198,1.7378479e-06,0.0056626834,True
1998-02-09,186.31,0.2,1.0285715,4.1,-2.8142858,73.35714,0.45714283,0.44285712,0.82857144,10.157143,-0.54285717,0.0001654923,0.0029338673,0.012329839,0.00866521,0.001195129,True
1998-02-16,186.27,2.0,9.585715,13.400001,6.4000006,68.01429,1.1000001,0.9285714,1.6857144,9.771428,4.5285716,0.00014264882,0.0030211657,0.0013967752,0.0058922954,0.0,True
1998-02-23,186.25,11.6,6.942857,11.642858,3.7714286,75.542854,0.95714283,0.82857144,1.1428572,9.471429,5.785714,0.00030823797,0.0030969977,-7.345365000000001e-25,2.8871e-07,0.0,True
1998-03-02,186.3,8.5,6.4714284,8.814286,3.614286,82.24286,0.8285714,0.8,0.9857143,9.471429,5.6285715,0.00025331974,0.0032016411,9.6031596e-05,0.00049200654,0.0008811392,True
1998-03-09,186.36,23.0,6.5,10.728571,3.4285715,73.9,1.5428572,1.5142858,1.6857144,9.928572,5.957143,0.00085513294,0.0034134462,0.00044229484,0.0012993645,0.0031044334,True
1998-03-16,186.39,16.7,3.2285714,5.714286,0.47142857,80.3,0.8571428,0.84285706,1.0142857,10.042857,3.4285715,0.00046427548,0.0040177703,0.0019675607,0.0038761739,0.0024020448,True
1998-03-23,186.36,12.3,3.5428574,6.571429,1.2714287,74.0,1.2142857,1.1571429,1.2714287,9.971429,4.9,0.000252828,0.004856743,0.0007647219,0.00067430735,0.0037060566,True
1998-03-30,186.3438966294475,0.0,6.5142856,12.0,0.65714294,66.828575,1.6571429,1.3285714,1.9142858,9.5,7.457143,7.31349e-05,0.0056097806,0.0010304848,0.0028429274,3.3684075e-05,True
1998-04-06,186.32,7.7,11.314285,16.514286,7.142857,73.97143,1.7714285,1.5428572,2.1142857,9.071428,11.385715,0.00021541119,0.0057925805,8.571716e-07,9.359792e-06,0.0,True
1998-04-13,186.29,12.6,7.5,11.942857,3.2857144,76.57143,1.6714284,1.5571429,1.7428571,9.085714,9.0,0.00027638674,0.0057345256,-7.345365000000001e-25,0.0,0.0,True
1998-04-20,186.26,1.2,7.3428574,12.0,1.9285715,69.5,1.8142855,1.4857142,2.0,8.671429,8.985714,4.696846e-05,0.0056196973,-7.345365000000001e-25,0.0,0.0,True
1998-04-27,186.18,3.9,12.771429,17.9,7.371429,72.314285,2.5,2.042857,2.6857142,8.214286,14.3,0.00016748905,0.005458392,-7.345365000000001e-25,0.0,0.0,True
1998-05-04,186.16000000000005,6.4,12.6,17.328571,8.857142,80.37144,2.142857,1.8,2.0857143,7.7285714,15.2,0.00031208992,0.005259335,-7.345365000000001e-25,0.0,0.0,True
1998-05-11,186.11,0.0,15.942858,21.814287,8.6285715,65.54286,3.2,2.1714284,3.457143,7.257143,16.77143,2.1710992e-05,0.005038731,-7.345365000000001e-25,0.0,0.0,True
1998-05-18,186.05,0.1,14.657144,20.84286,7.1714287,63.485718,3.8714287,1.6285715,3.7428572,6.0857143,19.2,1.0192394e-05,0.0047147274,-7.345365000000001e-25,3.7252903e-09,0.0,True
1998-05-25,185.98,5.2000003,11.642858,16.057142,7.6285715,74.72858,2.542857,0.90000004,2.4714284,5.7,15.885715,6.978214e-05,0.0044060647,-7.345365000000001e-25,0.0,0.0,True
1998-06-01,186.07,69.9,16.642857,22.728573,10.842857,77.67143,3.2142856,1.6714286,3.2571428,5.8714285,19.657143,0.00017723441,0.004118435,-7.345365000000001e-25,7.450581e-09,0.0,True
1998-06-08,185.94000000000003,11.700001,19.600002,25.642857,13.900001,70.71429,4.142857,2.7428572,4.2000003,5.857143,22.671429,0.00020503998,0.0037934259,-7.345365000000001e-25,1.4901161e-08,0.0,True
1998-06-15,186.17,61.300003,14.5,19.4,9.871429,76.700005,2.7428572,2.0285716,2.8714287,6.3714285,18.328571,0.0017336607,0.0034963265,-7.345365000000001e-25,3.7252903e-09,0.0,True
1998-06-22,186.08,10.7,17.142857,21.785715,12.800001,75.5,3.3285713,2.5857143,3.357143,6.4714284,19.657143,0.0003734082,0.0033050478,-7.345365000000001e-25,1.1175871e-08,0.0,True
1998-06-29,186.0474003193685,5.8,18.34286,22.7,13.67143,73.48572,3.3999999,2.6571429,3.5,6.0,21.9,0.00011625886,0.0031391978,-7.345365000000001e-25,7.450581e-09,0.0,True
1998-07-06,186.0371151173668,17.6,15.557143,20.100002,11.742858,76.92857,2.6428568,1.9000002,2.6857142,5.542857,18.757143,0.00023792684,0.0029808655,-7.345365000000001e-25,1.1175871e-08,0.0,True
1998-07-13,186.02861748730584,13.9,14.614286,18.585714,11.7,82.52857,2.3714287,2.085714,2.2714286,5.742857,16.757143,0.00040592253,0.0028646141,-7.345365000000001e-25,1.4901161e-08,0.0,True
1998-07-20,186.02201089408547,3.2,17.8,23.600002,11.414286,67.71429,3.5285716,2.4857142,4.0285716,5.5857143,19.757143,7.3835254e-05,0.0027494654,-7.345365000000001e-25,7.450581e-09,0.0,True
1998-07-27,185.94000000000003,35.2,20.6,27.328571,15.285714,69.28571,3.6571426,2.2285717,4.071429,4.957143,23.585714,0.00029449165,0.0026108325,-7.345365000000001e-25,1.4901161e-08,0.0,True
1998-08-03,185.99,16.3,17.37143,22.785715,13.328572,75.057144,2.8714287,2.0571427,3.1714284,5.1285715,20.457144,0.00081287324,0.0024966896,-7.345365000000001e-25,9.313226e-09,0.0,True
1998-08-10,185.97000000000003,0.1,19.714285,26.657145,12.642858,63.100002,3.785714,1.5714285,4.2428575,4.7,22.114286,5.52088e-06,0.0023869574,-7.345365000000001e-25,5.5879354e-09,0.0,True
1998-08-17,185.94000000000003,22.199999,20.442858,28.057144,13.7,64.62858,3.7000003,0.98571426,4.1714287,4.3285713,23.0,0.000111699104,0.0022620633,-7.345365000000001e-25,5.5879354e-09,0.0,True
1998-08-24,185.93,6.5,16.37143,22.1,11.714286,69.0,2.6857145,1.0714285,3.042857,4.357143,19.057142,0.00011663139,0.00214836,-7.345365000000001e-25,1.1175871e-08,0.0,True
1998-08-31,185.9967780111456,21.5,12.1,15.757143,9.3,80.84286,1.5428572,1.2571429,1.8285714,5.242857,14.442857,0.00045727193,0.0020627528,-7.345365000000001e-25,3.7252903e-09,0.0,True
1998-09-07,185.95,24.6,15.742857,19.885714,11.785714,81.88572,1.5285714,1.2714285,1.9,5.8142858,17.0,0.0015347898,0.0019875988,-7.345365000000001e-25,5.5879354e-09,0.0,True
1998-09-14,186.02,41.5,14.828572,17.985714,12.1,80.92857,1.4999999,1.3571428,1.8000001,6.9428573,15.985714,0.00071926415,0.0019279122,-7.345365000000001e-25,1.1175871e-08,0.0,True
1998-09-21,186.24,23.3,11.642858,15.357142,8.185715,84.27143,1.3000001,1.2428571,1.4142857,9.142858,12.814285,0.00091306865,0.002005592,-7.345365000000001e-25,9.313226e-09,0.0,True
1998-09-28,186.25,0.0,12.885715,18.1,8.885715,85.14286,1.1428572,0.9571429,1.4285715,8.828571,14.8,4.465878e-05,0.0020004287,-7.345365000000001e-25,3.7252903e-09,0.0,True
1998-10-05,186.3,28.0,8.314286,11.714286,5.9714284,90.48572,0.57142854,0.5285714,0.8142857,9.271428,10.957143,0.00086666644,0.0020842701,-7.345365000000001e-25,3.7252903e-09,0.0,True
1998-10-12,186.25,14.4,9.114286,10.614286,7.642857,86.27143,0.6857143,0.67142856,0.94285715,9.828571,9.642858,0.0003325194,0.0023060292,-7.345365000000001e-25,3.7252903e-09,0.0,True
1998-10-19,186.28,5.7,10.571428,15.1,6.4,78.52857,0.88571423,0.87142855,1.2714285,9.757143,10.3714285,0.00013582408,0.0026092604,-7.345365000000001e-25,9.313226e-09,0.0,True
1998-10-26,186.23,16.8,10.071428,13.657143,6.6857147,75.9,1.0571429,1.0285714,1.4857142,9.857142,9.142858,0.00057041645,0.0028641522,-7.345365000000001e-25,9.313226e-09,0.0,True
1998-11-02,186.49,47.9,7.1285715,10.1285715,5.0142856,78.57143,0.9428572,0.9428572,1.2714287,11.2,6.7285714,0.003970206,0.00548359,-7.345365000000001e-25,1.8626451e-09,0.0,True
1998-11-09,186.59239071962327,14.8,5.8857145,9.285714,3.1285717,82.08571,0.55714285,0.55714285,0.8,10.828571,4.9428573,0.000645712,0.005310461,2.3614793e-05,0.00011249259,0.00011770986,True
1998-11-16,186.65500000000003,19.199999,3.3142858,6.3142858,1.2714287,90.971436,0.28571433,0.28571433,0.3857143,10.714286,3.942857,0.0003593862,0.00687477,0.0005418005,0.000673268,0.003917765,True
1998-11-23,186.57,6.9,-3.2142856,-1.1571429,-4.942857,86.8,0.042857144,0.042857144,0.22857143,10.3714285,0.028571429,3.4868717e-06,0.007991128,0.007582148,0.00011066347,0.0072576366,True
1998-11-30,186.4885243908475,3.6,0.21428572,1.2571429,-1.2571429,90.68572,0.042857144,0.042857144,0.3285714,10.3,-0.3,8.1487e-05,0.008458726,0.00904186,0.0037160404,0.0027770214,True
1998-12-07,186.51,5.9,-2.6571429,-0.7714286,-3.9285715,83.6,0.014285714,0.014285714,0.42857143,10.3,-0.74285716,3.5613775e-06,0.008467384,0.009913837,0.00016769767,0.008718748,True
1998-12-14,186.44000000000003,7.4,-0.9571428,2.4142857,-5.0285716,81.27143,0.21428573,0.21428573,0.4714286,10.357142,0.24285714,0.00041534007,0.008372813,0.011231457,0.01401601,0.00034359843,True
1998-12-21,186.55,4.1,4.328572,7.642857,2.4857142,80.542854,0.37142855,0.37142855,0.6571428,10.414286,2.5142858,0.00016671419,0.008255683,0.0002512875,0.0011541918,0.0014829487,True
1998-12-28,186.49,1.0,4.357143,6.157143,1.8999999,77.62858,0.4,0.4,0.9142857,10.228572,1.6428572,8.781254e-05,0.008183025,0.0014533997,0.002510216,0.001178585,True
1999-01-04,186.43,0.8,2.957143,6.1285715,0.24285714,80.042854,0.16666667,0.13333334,0.5,10.133333,1.3,5.1677227e-05,0.008077763,1.5701566e-05,2.8084964e-05,0.0,True
1999-01-11,186.4,11.3,4.4428573,7.2714286,3.0142858,81.37142,0.45714283,0.44285712,0.7,10.314285,3.3714285,0.00015579164,0.007929996,0.000274925,4.694611e-05,0.001842767,True
1999-01-18,186.41000000000005,2.8999999,4.0285716,6.542857,1.3428572,72.15714,0.50000006,0.50000006,1.0142857,10.3,1.6285714,0.00017085671,0.007757865,0.0031557083,0.0058408137,0.0050081126,True
1999-01-25,186.38,4.3,4.914286,8.657144,1.7285715,78.28571,0.3857143,0.31428576,0.71428573,10.071428,1.7142857,2.0697713e-05,0.007571526,0.00018556912,0.00058173575,0.0,True
1999-02-01,186.38,12.0,-1.3857143,1.8142859,-3.9285717,83.557144,0.17142858,0.17142858,0.41428572,10.342857,0.9285714,0.00017204136,0.0073840693,0.0064503974,0.0009432584,0.015623372,True
1999-02-08,186.53,20.7,2.0285716,4.2000003,0.32857147,85.91429,0.5714286,0.5714286,0.6571428,10.414286,0.9,0.0005282685,0.007224798,0.0064919223,0.014385449,0.010716002,True
1999-02-15,186.47000000000003,4.5999994,-4.957143,-1.3285714,-8.814286,82.24286,0.057142857,0.057142857,0.3857143,10.314285,-0.057142857,6.966293e-06,0.0071682855,0.011762193,0.00032938085,0.005464319,True
1999-02-22,186.88,20.1,1.9285715,4.0285716,-0.24285714,81.75714,0.55714285,0.55714285,0.7571429,10.642858,0.4857143,0.0017468706,0.0071488023,0.012927617,0.01742604,0.011136346,True
1999-03-01,186.67,10.6,4.0285716,7.1714287,0.88571423,76.37144,0.9428572,0.9285714,1.1999999,10.4,2.4142857,0.00046910346,0.007697858,0.008425917,0.014234295,0.009462684,True
1999-03-08,186.66000000000005,14.1,5.7571435,9.114286,3.3428574,79.685715,0.90000004,0.88571435,1.0571429,10.385715,5.757143,0.0006248206,0.009124301,4.7587215e-05,0.0005205851,5.438924e-07,True
1999-03-15,186.6,7.8999996,4.571429,8.528571,1.1285715,80.22858,0.90000004,0.8428572,0.9857143,10.2,5.1,0.00020395964,0.010693915,0.00028414954,0.0013372283,0.0013255477,True
1999-03-22,186.55,3.1000001,3.4428573,6.7571435,0.6285714,79.114296,1.0,0.90000004,1.1,9.742857,4.8142858,0.00010858476,0.010904871,0.00016501403,0.0006430596,0.0006979741,True
1999-03-29,186.5046488610778,8.4,7.7714286,12.871429,4.142857,78.48572,1.3428572,1.1857144,1.4714286,9.642858,8.4,0.0001295656,0.010641895,1.3135728e-05,7.836707e-05,2.456829e-05,True
1999-04-05,186.52,8.8,10.042857,15.914286,4.3428574,74.8,1.8428571,1.5428572,1.9,9.342857,11.242857,0.00012996793,0.010171756,-7.345365000000001e-25,2.7939677e-08,0.0,True
1999-04-12,186.51,14.2,9.857142,14.257143,6.928571,77.48572,1.7142857,1.5285715,1.9285715,9.314285,10.942857,0.00012552738,0.009582169,-7.345365000000001e-25,1.8626451e-09,0.0,True
1999-04-19,186.47000000000003,16.9,5.2000003,9.085714,2.3142858,76.5,1.4857143,1.4285716,1.5857143,9.257143,7.4,0.00022479892,0.008951396,0.00019795554,0.001076905,0.0011756606,True
1999-04-26,186.46,8.5,9.957144,15.785714,3.8857143,77.74286,2.2142856,1.9285715,2.2714286,9.071428,12.442857,0.00014081597,0.0083128065,9.4743e-06,6.520003e-05,0.0,True
1999-05-03,186.43,0.3,11.114286,16.071428,5.9428573,75.9,2.6571429,2.0714285,2.4142857,8.3,15.528571,1.4156103e-05,0.0076729357,-7.345365000000001e-25,0.0,0.0,True
1999-05-10,186.45,11.3,12.900001,18.414288,7.3142858,66.15714,2.8285713,2.1857142,2.9857142,7.5285716,15.1,0.00023053586,0.0069842935,-7.345365000000001e-25,0.0,0.0,True
1999-05-17,186.42,16.6,11.842857,16.571428,7.8142858,74.62858,2.5142858,2.2285714,2.642857,7.785714,14.9,0.0001547113,0.0063691065,-7.345365000000001e-25,0.0,0.0,True
1999-05-24,186.39,21.6,14.542857,19.728573,8.471429,71.328575,3.0714285,2.3714287,3.1285713,7.642857,16.914286,0.00015890598,0.0057800263,-7.345365000000001e-25,0.0,0.0,True
1999-05-31,186.37356894397172,18.7,17.957142,24.914288,11.685715,70.84286,3.9857144,2.7857144,4.0571427,7.2,22.085714,7.18832e-05,0.005234942,-7.345365000000001e-25,1.1175871e-08,0.0,True
1999-06-07,186.3,6.7,16.242857,21.300001,11.528572,73.48572,3.414286,2.7142856,3.457143,7.1571426,20.342857,0.00020740181,0.0047018155,-7.345365000000001e-25,7.450581e-09,0.0,True
1999-06-14,186.31,18.3,14.257143,18.657145,9.2,78.35714,2.6714284,2.1571429,2.6285713,7.3285713,18.585714,0.00022567809,0.0042857155,-7.345365000000001e-25,0.0,0.0,True
1999-06-21,186.21,45.199997,15.514287,19.957144,11.1285715,76.74286,2.857143,2.2714286,2.8285713,7.0142856,19.457144,0.0004324466,0.0039179474,-7.345365000000001e-25,0.0,0.0,True
1999-06-28,186.23,1.6,14.685715,19.5,9.585714,72.25715,3.085714,2.3285716,3.2285714,6.7714286,19.114286,0.00012548268,0.0036174878,-7.345365000000001e-25,3.7252903e-09,0.0,True
1999-07-05,186.21,62.9,20.97143,26.757143,14.642858,71.0,4.1714287,2.7285714,4.071429,6.1,23.614286,0.00012770295,0.0033447817,-7.345365000000001e-25,1.4901161e-08,0.0,True
1999-07-12,186.36,27.0,18.828571,23.314285,15.228572,80.0,3.0714285,2.1714284,2.9428573,7.142857,21.528572,0.0010973886,0.003116712,-7.345365000000001e-25,1.4901161e-08,0.0,True
1999-07-19,186.3,10.900001,19.557144,25.228573,13.6,69.27143,3.7999997,2.6285713,3.8857143,7.6285715,22.342857,0.00020579249,0.0029357746,-7.345365000000001e-25,3.7252903e-09,0.0,True
1999-07-26,186.19000000000003,4.5,18.571428,22.714285,14.400001,72.62858,3.1285713,2.1285715,3.4714284,6.785714,21.528572,0.00018006563,0.002757527,-7.345365000000001e-25,1.4901161e-08,0.0,True
1999-08-02,186.11,0.0,19.17143,26.014286,11.042857,58.9,4.5,1.9857142,4.6142855,5.928571,22.785715,1.4975667e-06,0.002594851,-7.345365000000001e-25,7.450581e-09,0.0,True
1999-08-09,186.09607645424572,5.7999997,20.328571,26.857143,14.285714,66.64286,3.5571427,1.3428572,3.8714287,5.385714,23.142857,0.000115558505,0.0024118945,-7.345365000000001e-25,1.1175871e-08,0.0,True
1999-08-16,186.095,14.7,16.014286,20.928572,12.614286,73.42857,2.5,1.5571429,2.6857142,5.542857,19.12857,0.000102728605,0.0022665113,-7.345365000000001e-25,7.450581e-09,0.0,True
1999-08-23,186.08,1.7,15.314286,20.557144,10.485715,69.35714,2.5285716,1.8428571,3.1714287,5.5571427,17.714285,5.6907535e-05,0.0021279678,-7.345365000000001e-25,3.7252903e-09,0.0,True
1999-08-30,186.0762180272025,10.7,17.171429,23.285715,11.357142,73.3,2.3571427,1.3142856,2.6285713,5.214286,19.7,7.4222684e-05,0.0019941404,-7.345365000000001e-25,7.450581e-09,0.0,False
1999-09-06,186.06,6.2,16.6,22.571428,10.585714,72.87143,2.4285715,1.2857143,2.8285713,5.1,18.414286,2.2806227e-05,0.0018806979,-7.345365000000001e-25,5.5879354e-09,0.0,True
1999-09-13,186.04,0.5,19.100002,27.128572,12.428572,69.685715,2.5714285,0.87142855,3.1714287,4.7,20.842857,3.2648444e-05,0.0017649978,-7.345365000000001e-25,9.313226e-09,0.0,True
1999-09-20,186.03,9.8,17.742857,25.300001,11.157143,70.24286,2.142857,0.5,2.7,4.5,19.528572,2.9116869e-05,0.0016482994,-7.345365000000001e-25,3.7252903e-09,0.0,True
1999-09-27,186.03,8.0,16.628572,3.0714285,13.6285715,78.700005,1.5000001,0.95714283,2.0,4.8,17.585714,0.00019871444,0.0015540645,-7.345365000000001e-25,5.5879354e-09,0.0,True
1999-10-04,186.02,7.9,13.757143,9.571428,11.528572,76.25715,1.2142857,0.9857143,1.8857143,5.428571,13.971429,8.6948276e-05,0.0014813766,-7.345365000000001e-25,1.6763806e-08,0.0,True
1999-10-11,185.99,10.1,10.971429,13.957143,8.242857,84.057144,0.6999999,0.5857143,1.0285714,5.8,11.1,0.00016670674,0.0014184937,-7.345365000000001e-25,9.313226e-09,0.0,True
1999-10-18,186.01,1.8000001,6.0285716,10.67143,1.9857143,84.14286,0.6857143,0.4857143,0.7285714,5.8,8.6,1.4051795e-05,0.0013642013,-7.345365000000001e-25,0.0,0.0,True
1999-10-25,186.03,3.5,7.071429,12.028572,2.8428571,79.82857,0.67142856,0.51428574,0.94285715,5.6571426,7.3428574,3.5375357e-05,0.0013139099,-7.345365000000001e-25,0.0,0.0,True
1999-11-01,185.97000000000003,2.2,10.928572,15.814286,6.642857,76.61428,0.8000001,0.5714286,1.2142857,5.742857,9.614285,2.554804e-05,0.0012682006,-7.345365000000001e-25,7.450581e-09,0.0,True
1999-11-08,186.03,29.8,7.057143,10.442858,3.8428571,85.72858,0.42857143,0.35714287,0.61428577,6.1857142,7.3,0.00026236475,0.0012273043,-7.345365000000001e-25,5.5879354e-09,0.0,True
1999-11-15,186.06,40.9,2.5571427,4.4857144,1.3428571,92.27143,0.25714284,0.22857144,0.31428573,7.614286,3.9857142,0.00080085546,0.0012000203,0.00073072454,0.0012473725,0.0020047165,True
1999-11-22,186.1,10.2,-0.4857143,1.4571428,-2.6000001,86.15714,0.11428572,0.10000001,0.31428573,7.8714285,0.3857143,8.34465e-06,0.0011934489,0.004784255,0.00017965212,0.011109676,True
1999-11-29,186.1234732826545,0.3,4.2285714,6.828572,1.9571428,81.98572,0.22857143,0.21428572,0.5142857,8.171429,1.6714286,0.00024041533,0.0011937618,0.0050451867,0.0129890125,0.0014320537,True
1999-12-06,186.11,7.2,4.585714,7.3428574,1.9142858,76.057144,0.6,0.5714286,1.0142857,8.414286,2.7,0.00010830909,0.0012005568,0.00021172705,0.0004804954,0.00096991286,True
1999-12-13,186.19000000000003,8.0,6.1142855,8.585714,3.8285716,77.471436,0.6714286,0.6571428,0.94285715,8.814285,4.3285713,0.00019849837,0.0012172759,0.000108230684,0.0007870607,0.0,True
1999-12-20,186.21,4.7,0.24285713,2.142857,-1.4857143,82.04286,0.20000002,0.20000002,0.51428574,9.257143,0.7,6.249547e-05,0.0012450069,0.0027483362,0.00069977716,0.0058191605,True
1999-12-27,186.25,16.3,0.8714286,3.2857144,-1.3714285,81.07143,0.24285714,0.24285714,0.61428577,9.685715,0.21428572,0.0003516823,0.001285173,0.0050849346,0.0048522726,0.011415001,True
2000-01-03,186.25,2.6999998,1.9285715,3.2857144,0.17142856,87.17143,0.15,0.15,0.34285715,10.15,0.3,0.00019480288,0.0013495833,0.012264081,0.006266888,0.004709255,True
2000-01-10,186.19000000000003,5.0,3.5142858,5.7714286,1.3428571,85.17143,0.27142859,0.27142859,0.3857143,9.914286,1.9714285,0.00036764145,0.0014710873,0.002424944,0.008808173,0.00028463826,True
2000-01-17,186.15,1.9000001,-0.071428575,1.8428571,-2.5857143,85.057144,0.12857142,0.12857142,0.29999998,9.914286,-0.12857144,0.000109650195,0.0016657338,0.0010182176,0.0020601135,0.002319824,True
2000-01-24,186.29,11.7,-1.1999999,2.0857143,-3.8857143,81.92857,0.34285715,0.34285715,0.51428574,10.042857,0.37142858,0.00029207766,0.0018847957,0.002959013,0.0008988194,0.0066135637,True
2000-01-31,186.32940707893053,18.2,1.8428571,3.8428574,-1.857143,75.8,0.59999996,0.59999996,0.82857144,10.271428,0.7285714,0.0004748851,0.0021520033,0.0044519845,0.0056012813,0.00027753413,True
2000-02-07,186.41000000000005,3.1,6.6571426,9.685715,4.114286,76.057144,0.7285714,0.7285714,1.0714285,10.228572,4.5285716,9.8481774e-05,0.002489753,1.7847333e-05,0.00016167574,4.246831e-06,True
2000-02-14,186.4,11.700001,4.4428573,8.357142,1.6857144,73.71429,1.0,0.9714286,1.1,10.171429,3.7857144,0.0001937002,0.0028659701,0.00012293884,0.0002196338,0.000605911,True
2000-02-21,186.43,15.0,1.5857143,4.571429,-0.9142857,84.799995,0.5714286,0.5714286,0.59999996,10.3,2.0428572,0.00042622536,0.0031964928,0.0030144851,0.003087815,0.009494871,True
2000-02-28,186.42,23.9,4.257143,8.3,0.2857143,79.457146,0.85714287,0.85714287,1.0142857,10.328571,3.142857,0.0017508194,0.0043434277,0.0042536883,0.010590775,0.004153177,True
2000-03-06,186.46,16.6,3.7428572,7.085714,1.0571429,74.67143,1.1714286,1.1428572,1.2285715,10.242857,4.0857143,0.00026562065,0.004817128,0.0006024667,0.0013638558,0.002160605,True
2000-03-13,186.49,26.6,7.2571425,10.142858,4.557143,77.1,1.2142857,1.2142857,1.2714285,10.342857,6.6571426,0.0008631423,0.0057713613,0.0001508622,0.0012894627,0.00036183372,True
2000-03-20,186.85,34.9,3.914286,7.2999997,1.0714285,79.97143,1.1,1.0857143,1.0428572,10.614285,5.2285714,0.0014416873,0.007989511,0.0009566375,0.0031882152,0.0036844946,True
2000-03-27,186.72000000000003,8.5,7.4857144,12.085714,3.9714286,79.65715,1.1999999,1.0857142,1.3714286,10.0,8.428572,0.00021076947,0.009964809,8.995192e-05,0.000492597,0.0,True
2000-04-03,186.6,22.099998,6.285714,9.985715,2.757143,82.314285,1.1714286,1.1142857,1.2285715,10.342857,7.285714,0.0004304871,0.010351315,8.6682185e-06,5.6965277e-05,5.5324286e-05,True
2000-04-10,186.51,2.8,6.1142855,10.857142,1.9142858,71.84286,1.6571429,1.4285716,1.7571429,9.642858,8.7,0.000109389424,0.010426953,3.5762787e-06,1.2813136e-05,1.39810145e-05,True
2000-04-17,186.46,3.0,8.671429,14.400001,3.4285715,69.72857,1.9999999,1.7857141,2.2714286,9.242857,9.8,0.000109016895,0.010165632,4.5413064e-08,5.811453e-07,0.0,True
2000-04-24,186.49,2.0,14.571428,20.685715,8.828572,71.38572,2.7142856,2.2,2.7142856,8.742857,16.142857,0.00019155443,0.009653479,-7.345365000000001e-25,3.7252903e-09,0.0,True
2000-05-01,186.49,19.8,16.057142,21.914288,9.785714,73.557144,3.0285716,2.2857144,3.0142858,7.9,18.314285,0.00016057491,0.008946352,-7.345365000000001e-25,7.450581e-09,0.0,True
2000-05-08,186.34,2.0,16.585714,23.414288,8.642858,63.557148,3.957143,2.357143,3.8142858,7.114286,19.62857,5.3614378e-05,0.00813508,-7.345365000000001e-25,3.7252903e-09,0.0,True
2000-05-15,186.33,0.0,17.300001,24.071428,9.171428,61.357143,4.0857143,1.7571429,4.1857142,6.357143,21.528572,2.670288e-05,0.0072702914,-7.345365000000001e-25,0.0,0.0,True
2000-05-22,186.29,28.1,13.657144,19.428572,8.957143,73.07143,2.8428574,1.6285714,3.0285714,6.2285714,17.77143,0.00013330579,0.006431356,-7.345365000000001e-25,7.450581e-09,0.0,True
2000-05-29,186.23458368969645,6.4,14.371429,20.271427,8.814286,68.12858,3.042857,1.942857,3.1714287,6.0285716,17.214285,2.912432e-05,0.0057621524,-7.345365000000001e-25,7.450581e-09,0.0,True
2000-06-05,186.26,9.8,17.5,23.77143,11.014287,69.71429,3.714286,1.8142859,3.8999999,5.8142858,20.042856,9.5412135e-05,0.005117722,-7.345365000000001e-25,7.450581e-09,0.0,True
2000-06-12,186.14,11.4,17.828571,23.585714,11.7,68.62858,4.0571427,2.1571429,3.8857143,5.785714,21.414286,9.343028e-05,0.0045131445,-7.345365000000001e-25,1.1175871e-08,0.0,True
2000-06-19,186.11,2.8,17.657145,23.885715,10.228572,64.04286,4.1285715,1.5714284,4.085714,5.3714285,21.8,3.0398369e-05,0.0039754137,-7.345365000000001e-25,7.450581e-09,0.0,True
2000-06-26,186.05,5.2000003,18.728573,24.514286,13.785714,62.3,4.142857,1.3428572,4.357143,5.0857143,22.028572,6.8448484e-05,0.0034860373,-7.345365000000001e-25,3.7252903e-09,0.0,True
2000-07-03,186.11,7.5,15.5,20.042858,9.928572,66.957146,3.357143,1.1,3.3714287,5.0,18.557142,6.3836575e-05,0.0031199455,-7.345365000000001e-25,3.7252903e-09,0.0,True
2000-07-10,186.15,40.899998,15.585715,19.628572,12.114286,78.057144,2.6142857,1.8999999,2.457143,5.5857143,18.442858,0.00033997,0.0028236806,-7.345365000000001e-25,1.4901161e-08,0.0,True
2000-07-17,186.08,8.3,14.357142,18.642857,10.7,72.557144,2.4714284,1.8142856,2.8285713,5.928571,16.585714,7.404387e-05,0.0025870204,-7.345365000000001e-25,7.450581e-09,0.0,True
2000-07-24,186.05,0.0,15.528572,19.128572,11.099999,74.57143,2.2571428,1.5285714,2.3999999,5.785714,17.785715,0.00010672957,0.002387911,-7.345365000000001e-25,3.7252903e-09,0.0,True
2000-07-31,186.12298934221948,41.899998,17.385715,22.514286,13.971429,75.17143,2.5714285,2.0571427,2.9857142,6.0,19.514286,0.00018335879,0.0022159964,-7.345365000000001e-25,1.4901161e-08,0.0,True
2000-08-07,186.0704230920607,9.5,18.557144,24.84286,12.585715,67.17143,2.957143,2.1,3.7,6.1571426,20.8,8.943677e-05,0.0020531267,-7.345365000000001e-25,7.450581e-09,0.0,True
2000-08-14,186.06,2.1,19.685715,26.657145,12.728571,63.87143,3.0571427,2.0,3.7571428,5.9857144,21.5,1.8879771e-05,0.0019073933,-7.345365000000001e-25,3.7252903e-09,0.0,True
2000-08-21,186.09,43.4,21.257143,28.17143,15.785714,69.314285,3.1142857,2.3857143,3.8428571,5.928571,23.185715,0.00022763014,0.0017614067,-7.345365000000001e-25,1.1175871e-08,0.0,True
2000-08-28,186.08709046036145,10.2,16.328571,22.47143,10.757143,69.88572,2.7285714,2.1571429,3.1000001,6.257143,19.957144,5.811453e-05,0.0016390756,-7.345365000000001e-25,5.5879354e-09,0.0,True
2000-09-04,186.1,27.2,15.2,19.742857,11.657143,77.314285,1.8857142,1.6142857,2.2142856,6.3428574,17.942858,0.00018508732,0.001535818,-7.345365000000001e-25,9.313226e-09,0.0,True
2000-09-11,186.05,7.2999997,15.685715,20.585714,11.6,78.27143,1.6,1.3999999,2.142857,6.8142858,16.62857,9.819865e-05,0.0014552698,-7.345365000000001e-25,5.5879354e-09,0.0,True
2000-09-18,186.05,7.4,16.057142,20.685715,12.871429,79.17143,1.4571428,1.2428571,1.9714286,6.8714285,17.3,0.00012329221,0.0013808087,-7.345365000000001e-25,7.450581e-09,0.0,True
2000-09-25,186.04,16.4,10.8,15.814286,6.6,83.44286,1.1285715,0.95714283,1.3571428,7.357143,12.828571,0.00046247244,0.0013186261,-7.345365000000001e-25,0.0,0.0,True
2000-10-02,186.01,10.400001,15.557143,22.214285,10.857142,77.72858,1.3285714,1.0857143,1.9142857,7.3,16.071428,0.00012241304,0.0012617782,-7.345365000000001e-25,1.8626451e-09,0.0,True
2000-10-09,186.08,20.4,11.17143,14.485715,8.857142,86.88572,0.5857143,0.5428571,0.90000004,7.785714,12.657143,0.000328362,0.0012140647,-7.345365000000001e-25,1.8626451e-09,0.0,True
2000-10-16,186.06,1.8000001,11.900001,15.828572,8.142858,83.27143,0.7571429,0.67142856,1.0285714,8.385715,11.728572,5.5521727e-05,0.0011805296,-7.345365000000001e-25,5.5879354e-09,0.0,True
2000-10-23,186.0,0.5,10.485715,16.242857,6.2714286,81.814285,0.55714285,0.4714286,0.9857143,8.357142,10.742857,2.5197864e-05,0.0011511296,-7.345365000000001e-25,3.7252903e-09,0.0,True
2000-10-30,186.00861710141825,6.7,11.285714,14.5,8.271429,75.12858,0.8428572,0.75714284,1.4285715,8.385715,10.085714,5.763769e-05,0.0011250973,-7.345365000000001e-25,7.450581e-09,0.0,True
2000-11-06,185.99,3.6000001,7.585715,11.528572,4.6285715,80.11428,0.58571434,0.49999997,0.90000004,8.385715,7.4,0.0001013428,0.0011023581,-7.345365000000001e-25,0.0,0.0,True
2000-11-13,185.98,0.6,7.2000003,10.942858,4.2428575,73.34286,0.61428577,0.5285715,1.0142857,8.428572,6.0285716,2.1971762e-05,0.0010813847,-7.345365000000001e-25,0.0,0.0,True
2000-11-20,185.95,13.3,5.3285713,8.571428,2.9285715,83.72858,0.3285714,0.31428573,0.5,8.8,5.0285716,0.00023791194,0.0010629967,-7.345365000000001e-25,0.0,0.0,True
2000-11-27,185.93,2.0,5.5,8.757143,2.3,84.17143,0.25714284,0.22857141,0.45714286,9.028571,4.4142857,5.119294e-05,0.0010490194,-7.345365000000001e-25,0.0,0.0,True
2000-12-04,185.9,4.7,7.328572,10.614286,3.9428573,86.3,0.20000002,0.15714286,0.29999998,9.1,4.957143,7.2821975e-05,0.0010387003,-7.345365000000001e-25,0.0,0.0,True
2000-12-11,185.91000000000005,3.3,7.3714285,10.328572,4.642857,79.62858,0.34285715,0.34285715,0.58571434,9.1285715,4.8285713,4.6133995e-05,0.0010298714,-7.345365000000001e-25,0.0,0.0,True
2000-12-18,185.91000000000005,5.3,5.8857145,8.114285,4.4857144,77.22858,0.5857143,0.57142866,0.94285715,9.414286,4.785714,0.00012561679,0.0010222122,0.00015472231,4.1119754e-05,0.0006329976,True
2000-12-25,185.92,6.6000004,-2.3142858,1.3142859,-5.142857,82.185715,0.028571429,0.028571429,0.2,9.571428,-0.8,4.7832727e-06,0.0010167509,0.0010674397,6.872788e-05,0.003362637,True
2001-01-01,185.92,3.7,0.014285721,2.1857142,-2.6571429,82.01429,0.083333336,0.083333336,0.35714287,9.7,-0.16666667,3.5092235e-05,0.0010138974,0.0056897574,0.0017150026,0.005067963,True
2001-01-08,185.92,1.8,4.785714,7.457143,2.414286,80.97143,0.35714287,0.35714287,0.6571428,10.114285,1.1428572,0.00024475902,0.0010118559,0.001676656,0.0068891756,0.0,True
2001-01-15,185.91000000000005,2.4,-1.8000001,0.77142864,-4.142857,87.08572,0.10000001,0.10000001,0.2,10.142858,0.071428575,4.6417117e-06,0.0010140017,0.0029228756,0.00020166859,0.004306268,True
2001-01-22,185.91000000000005,5.3,-2.5285716,0.5857143,-6.414286,82.35714,0.028571429,0.028571429,0.2857143,10.0,-1.5714285,4.376471e-05,0.001021646,0.004037051,0.0016249679,0.004236292,True
2001-01-29,185.99076398921665,4.0,3.1000001,6.3428574,0.9285714,81.58572,0.44285718,0.44285718,0.55714285,10.185715,0.3,0.00026840717,0.0010321885,0.0015006576,0.0060659833,0.0005054362,True
2001-02-05,185.91000000000005,15.3,0.1714286,2.1142857,-2.1571429,88.25715,0.21428572,0.21428572,0.37142855,10.3,0.14285715,0.00036369264,0.0010543242,0.007494864,0.015000705,0.017648797,True
2001-02-12,186.07,3.1000001,7.3714285,11.3714285,3.7142856,70.14286,0.7714286,0.7428571,1.2714285,10.228572,4.4714284,0.00011715293,0.0010997579,0.00030634517,0.004224982,9.838119e-05,True
2001-02-19,186.0,0.70000005,2.8142858,7.557143,-0.28571427,83.21429,0.5714286,0.54285717,0.55714285,9.971429,3.2142856,5.38975e-05,0.0011758804,0.00023830505,0.0004132185,0.0009302199,True
2001-02-26,186.0,13.200001,-0.28571427,2.957143,-3.1571429,79.34286,0.55714285,0.54285717,0.7571429,9.9,1.6714286,0.000110566616,0.0012487322,0.003123289,0.0005189348,0.0073970743,True
2001-03-05,185.97000000000003,11.6,0.04285715,3.642857,-3.1714287,80.88572,0.62857145,0.61428577,0.78571427,10.042857,0.5714286,0.00012432039,0.0013177916,0.0067902463,0.005853826,0.012996804,True
2001-03-12,186.11,15.3,7.1,11.328572,3.2000003,78.98572,1.0285714,1.0142857,1.1857144,10.185715,6.3,0.0011038035,0.0013864711,0.003940883,0.013022279,1.7508864e-07,True
2001-03-19,186.31,26.599998,5.2571435,9.214286,2.642857,81.64286,1.0857142,1.0571429,1.0285714,10.485714,6.3428574,0.0010927022,0.0017221645,4.1382655e-06,1.590699e-06,0.00014065206,True
2001-03-26,186.46,35.899998,2.6000001,5.585715,0.37142858,86.828575,0.61428577,0.61428577,0.7428571,11.0,4.042857,0.0007956922,0.0020959452,0.0026173138,0.007064633,0.013854388,True
2001-04-02,186.44000000000003,7.9,6.328572,11.300001,1.1571429,72.957146,1.4428571,1.3571428,1.6285714,10.414286,6.757143,0.0002937466,0.002915375,0.0025737341,0.0066021606,8.487329e-05,True
2001-04-09,186.39,8.7,8.971429,14.342857,5.114286,73.72858,1.8,1.6571428,2.0142858,9.685715,9.928572,0.00023636967,0.0035470203,2.196857e-06,2.628006e-05,0.0,True
2001-04-16,186.31,11.9,4.557143,8.257143,1.8428572,82.41429,1.2714287,1.1999999,1.2857143,9.6285715,6.9428573,0.00040100515,0.0038902834,0.0013344458,0.004773032,0.0059874505,True
2001-04-23,186.25,4.1,4.6285715,8.442858,0.7571429,76.37144,1.3714286,1.2428571,1.4714286,9.742857,6.614286,0.00019913167,0.004129179,0.00032304015,0.0016308166,0.000618875,True
2001-04-30,186.26461975354275,4.4,11.6285715,17.185715,6.285714,72.828575,2.5,2.2571428,2.5571427,9.357142,12.7,0.00021320581,0.0042954087,1.8681798e-05,0.00015955418,0.0,True
2001-05-07,186.18,29.4,12.728571,17.4,8.042857,78.185715,2.757143,2.2571428,2.5,8.614285,15.928572,0.00017878413,0.004284397,-7.345365000000001e-25,7.450581e-09,0.0,True
2001-05-14,186.27,0.0,14.642858,20.542858,7.4000006,66.442856,3.8000004,2.857143,3.6000001,8.1,17.757143,2.540648e-06,0.004195027,-7.345365000000001e-25,0.0,0.0,True
2001-05-21,186.22000000000003,14.1,13.800001,18.314285,9.2,71.828575,2.9142857,2.2571428,3.1000001,7.5,17.028572,0.00011843443,0.0040209964,-7.345365000000001e-25,0.0,0.0,True
2001-05-28,186.15,3.1999998,15.67143,21.37143,8.3,66.4,3.9142857,2.1857142,3.757143,6.642857,19.942858,3.4995377e-05,0.0038112774,-7.345365000000001e-25,0.0,0.0,True
2001-06-04,186.11,21.599998,12.714286,17.228573,8.914286,75.3,2.8428571,1.8857144,3.0,6.3428574,16.171429,0.000252679,0.0035814345,-7.345365000000001e-25,7.450581e-09,0.0,True
2001-06-11,186.02,21.4,12.528572,16.414286,8.814286,77.557144,2.0285714,1.6428572,2.3142858,6.5857143,15.6,0.00017970055,0.0033936575,-7.345365000000001e-25,0.0,0.0,True
2001-06-18,186.05,40.699997,15.071428,20.514286,9.657143,75.15715,2.757143,2.2142856,2.9285715,6.614286,18.414286,0.00020057708,0.0032026842,-7.345365000000001e-25,3.7252903e-09,0.0,True
2001-06-25,186.09,14.700001,14.742857,19.97143,9.6285715,73.37144,3.2857144,2.385714,3.2571428,6.5142856,18.342857,8.4884465e-05,0.003016077,-7.345365000000001e-25,3.7252903e-09,0.0,True
2001-07-02,186.0,13.6,18.571428,24.085714,13.1285715,71.314285,3.785714,2.542857,3.7857144,5.8285713,22.77143,0.00013265014,0.0028181449,-7.345365000000001e-25,7.450581e-09,0.0,True
2001-07-09,186.07844977079543,49.1,19.1,24.300001,13.542857,73.88572,4.028571,2.0000002,3.7428572,5.7285714,22.385714,0.0006402582,0.0026252419,-7.345365000000001e-25,1.4901161e-08,0.0,True
2001-07-16,186.0649637721854,51.199997,17.285715,21.600002,13.057143,73.11429,3.1285717,2.5285716,3.4285715,6.428571,20.142857,0.003258638,0.002510421,-7.345365000000001e-25,1.4901161e-08,0.0,True
2001-07-23,186.07079852610715,1.6999999,17.34286,23.114286,11.385715,69.75715,3.1714287,2.4857142,3.6142857,6.885714,20.157143,2.2113323e-05,0.0023707151,-7.345365000000001e-25,7.450581e-09,0.0,True
2001-07-30,185.993359614971,0.0,21.957142,28.642857,14.471429,63.857143,4.2,2.4857144,4.542857,5.9,25.285715,2.8699636e-05,0.0022585168,-7.345365000000001e-25,1.3038516e-08,0.0,True
2001-08-06,186.0,29.5,19.285715,25.628572,13.885715,72.34286,3.2142856,2.1,3.5571427,5.5285716,22.27143,0.000147596,0.0021390617,-7.345365000000001e-25,1.6763806e-08,0.0,True
2001-08-13,185.93,2.4,17.785715,23.100002,12.957143,65.557144,2.7857144,1.8714284,3.7714286,5.4714284,19.485714,3.8713217e-05,0.0020382777,-7.345365000000001e-25,1.6763806e-08,0.0,True
2001-08-20,185.93,8.4,22.728573,29.314287,17.142857,67.75715,3.2857146,1.5285715,4.1285715,5.0857143,23.971428,0.000106185675,0.001926668,-7.345365000000001e-25,1.3038516e-08,0.0,True
2001-08-27,185.92,7.1,21.142857,27.714285,15.67143,71.9,2.7428572,1.2714287,3.3285713,5.0285716,23.257143,0.0001090318,0.0018277466,-7.345365000000001e-25,7.450581e-09,0.0,True
2001-09-03,186.01,13.700001,15.928572,20.87143,11.17143,69.814285,2.1000001,1.0,2.7428572,4.9428573,18.542856,0.000110358,0.001732327,-7.345365000000001e-25,5.5879354e-09,0.0,True
2001-09-10,186.04,43.6,12.400001,15.414286,10.071428,82.21429,1.5428572,1.3714285,1.6714286,5.8714285,14.214286,0.00048616529,0.0016631559,-7.345365000000001e-25,9.313226e-09,0.0,True
2001-09-17,186.03,25.2,11.557143,14.985715,9.271429,81.08572,1.1857144,1.1428572,1.5857143,7.3,12.671429,0.00036253035,0.0016116649,-7.345365000000001e-25,9.313226e-09,0.0,True
2001-09-24,185.99,8.6,11.428572,15.471429,7.9857144,80.21429,1.1,1.0571429,1.6571429,8.357142,12.557143,0.00025367737,0.0015754327,-7.345365000000001e-25,7.450581e-09,0.0,True
2001-10-01,185.96,11.700001,13.400001,16.642857,9.857142,86.6,0.7714286,0.71428573,1.1571429,8.842857,13.585714,0.00022099912,0.0015522465,-7.345365000000001e-25,7.450581e-09,0.0,True
2001-10-08,185.94000000000003,12.3,14.957144,20.071428,10.599999,81.15715,1.0857142,1.057143,1.6571428,9.457143,14.928572,0.00028429925,0.0015382171,-7.345365000000001e-25,9.313226e-09,0.0,True
2001-10-15,185.92,1.0,14.585715,21.114286,10.099999,74.34286,1.0285715,0.88571435,1.8,9.357142,14.057143,2.9727817e-06,0.0015349612,-7.345365000000001e-25,5.5879354e-09,0.0,True
2001-10-22,185.93,3.0,11.1285715,16.728573,7.1285715,87.042854,0.5428571,0.4571429,0.8428572,9.1,12.157143,6.829202e-05,0.0015333891,-7.345365000000001e-25,5.5879354e-09,0.0,True
2001-10-29,185.97552173928852,10.7,10.514285,13.814286,8.071428,88.057144,0.42857143,0.41428572,0.7428571,9.314285,10.557143,0.00018874556,0.0015340224,-7.345365000000001e-25,1.8626451e-09,0.0,True
2001-11-05,185.93,7.4,9.142858,12.785714,5.8,78.12858,0.68571424,0.61428577,1.1428572,9.5,8.7,5.438924e-05,0.001534678,-7.345365000000001e-25,5.5879354e-09,0.0,True
2001-11-12,185.92,31.6,3.7000003,6.4,0.4571429,84.0,0.40000004,0.3857143,0.5857143,10.057143,3.9142857,0.0021008477,0.0016225502,0.0007228681,0.0008239653,0.0015654787,True
2001-11-19,186.16000000000005,1.2,2.871429,5.7000003,0.31428576,87.8,0.20000002,0.20000002,0.35714287,10.142858,2.2285714,0.00013962388,0.0016434267,0.00048616386,0.0008929651,0.00027892366,True
2001-11-26,186.07,19.1,3.9857144,5.8,1.6857144,86.25714,0.29999998,0.29999998,0.5285714,10.3714285,2.7714286,0.0004733801,0.0017674044,0.0011805069,0.0027730018,0.0037142057,True
2001-12-03,186.17,7.8,3.9285715,5.8,2.3142858,87.27143,0.15714286,0.15714286,0.41428572,10.714286,2.7857144,0.00029838085,0.0019716322,0.000326185,0.0011102427,4.421547e-05,True
2001-12-10,186.33,22.300001,2.0714288,3.8999999,0.028571436,89.64286,0.14285716,0.14285716,0.35714287,10.685715,1.9714285,0.0006804913,0.0023986474,9.7314514e-05,8.635968e-05,0.00043457747,True
2001-12-17,186.3,9.6,-2.857143,-0.5857143,-5.1,88.54286,0.028571429,0.028571429,0.27142859,10.3,-0.94285715,0.000112734735,0.0031454787,0.005163976,0.0007775016,0.009456333,True
2001-12-24,186.25,23.2,-2.6857142,0.68571424,-6.571429,84.700005,0.042857144,0.042857144,0.35714287,10.414286,-0.34285715,4.8160553e-05,0.0037265196,0.016443951,0.0016394407,0.021619428,True
2001-12-31,186.34308813555148,18.3,0.02857147,2.1571429,-2.2285714,81.40001,0.27142859,0.27142859,0.5285714,10.785714,0.0,0.00029204786,0.0034932047,0.025759114,0.006962169,0.014392976,True
2002-01-07,186.37,3.4,-4.7428575,-1.0142857,-9.728572,82.77143,0.042857144,0.042857144,0.25714287,10.4,-0.25714287,2.9802322e-05,0.0044034794,0.036222644,0.0012112949,0.0040419362,True
2002-01-14,186.3,0.1,-2.0142858,0.6571428,-4.571429,87.57143,0.028571429,0.028571429,0.20000002,10.3,-0.114285715,2.0354986e-05,0.0046241283,0.03710025,0.0010449626,0.0020417273,True
2002-01-21,186.36,2.5,0.7285714,2.8142858,-1.5142857,82.471436,0.2,0.2,0.4714286,10.314285,0.18571429,0.0013266504,0.005274914,0.031879436,0.032408345,0.0003019832,True
2002-01-28,186.51,14.6,7.6285715,10.357142,4.7714286,74.200005,1.1142857,1.1142857,1.1999999,10.314285,4.9142857,0.00046925992,0.0053169504,0.0011027767,0.005894674,0.0,True
2002-02-04,186.47000000000003,0.2,9.542857,13.285714,6.1714287,63.357143,1.1857144,1.0857142,1.6714286,10.1285715,6.2714286,2.1010637e-06,0.0063581467,3.973643e-07,3.5092235e-06,0.0,True
2002-02-11,186.42,7.6000004,8.028572,10.385715,4.914286,76.91429,0.9142857,0.87142855,1.1999999,10.0,6.257143,0.00025328994,0.0068883,-7.2791902999999985e-25,3.7252903e-09,0.0,True
2002-02-18,186.46,15.3,3.1714287,7.4857144,-0.3142857,78.51428,0.9714286,0.91428566,0.88571423,10.528571,4.0571427,0.00022009015,0.007020898,4.6491623e-06,4.282221e-06,9.037554e-06,True
2002-02-25,186.5,23.7,2.0285714,5.214286,-0.8,81.02857,0.75714296,0.75714296,0.85714287,10.585714,1.7285714,0.000583753,0.007173419,0.0025937557,0.005012527,0.009928111,True
2002-03-04,186.48,14.0,4.328572,7.5285716,1.4571428,73.71429,1.1714286,1.1714286,1.2714285,10.542857,4.3,0.0007363185,0.007812753,0.000511493,0.004912885,0.0005156025,True
2002-03-11,186.5,2.6,6.571429,11.485715,1.6428572,67.04286,1.4714285,1.3714286,1.7714285,9.971429,6.0142856,0.000111579895,0.008666851,5.7475907e-05,0.0003034901,0.0,True
2002-03-18,186.48,9.9,6.7714286,11.485715,2.8714287,80.185715,1.1571428,1.0,1.2714285,9.671429,7.2285714,0.00019191206,0.008707732,0.0015513159,0.006399112,0.0065108575,True
2002-03-25,186.52,22.1,4.857143,8.3,2.7000003,82.24286,1.0000001,0.9857144,1.0,10.557143,5.9142857,0.00057819486,0.008560613,0.0011433704,0.0011412129,0.005341638,True
2002-04-01,186.49,0.0,5.071429,11.542857,-0.62857145,68.21429,1.6142856,1.3714286,1.7428571,9.857142,7.4714284,9.344518e-05,0.008480512,0.0015552952,0.003950579,4.7247857e-05,True
2002-04-08,186.41000000000005,0.0,4.9,11.142858,-1.3285714,63.0,2.4571426,1.8714286,2.4285715,8.9,9.028571,2.130866e-06,0.008253925,3.651778e-05,0.00012048334,0.00014131516,True
2002-04-15,186.37,21.9,5.828572,9.2,1.7,82.07143,1.4285715,1.0857142,1.2714285,8.357142,8.614285,0.00015024841,0.0079424605,9.820575e-06,4.4431537e-05,0.0,True
2002-04-22,186.35,0.8,7.9857144,12.457144,3.6714287,81.48572,1.5000001,1.3142859,1.5714285,8.857142,10.685715,0.00015573204,0.0075935125,-7.2791902999999985e-25,5.2154064e-08,0.0,True
2002-04-29,186.35259727519,11.9,10.585715,14.8,7.0285716,75.75714,1.9428571,1.7857143,2.0285714,8.642858,12.028571,0.00017873943,0.0071766153,-7.2791902999999985e-25,0.0,0.0,True
2002-05-06,186.35,24.7,11.057143,13.957144,8.357142,81.92857,1.757143,1.5285714,1.7428572,8.671429,13.3,0.00087192655,0.0067460984,-7.2791902999999985e-25,0.0,0.0,True
2002-05-13,186.37,6.8,15.214286,20.542858,10.242858,78.52857,3.057143,2.5428574,2.8857143,8.728572,17.757143,0.0010215938,0.00639645,-7.2791902999999985e-25,3.7252903e-09,0.0,True
2002-05-20,186.35,15.1,15.614286,20.985716,9.928572,71.37143,3.1571426,2.4428573,3.4285715,8.257143,18.9,0.000105947256,0.006059207,-7.2791902999999985e-25,0.0,0.0,True
2002-05-27,186.31,12.0,15.1285715,20.214285,10.414286,79.1,2.642857,2.2428572,2.5714285,8.228572,18.428572,0.00042830408,0.0057121143,-7.2791902999999985e-25,3.7252903e-09,0.0,True
2002-06-03,186.3,7.1,14.185715,19.428572,7.714286,71.62858,3.1857142,2.5,3.1714287,8.085714,18.657143,0.00023003668,0.0054290146,-7.2791902999999985e-25,0.0,0.0,True
2002-06-10,186.25,15.200001,16.714285,20.942858,12.800001,79.85714,2.6571429,2.1285713,2.7285714,7.785714,19.571428,0.00078418106,0.0051268414,-7.2791902999999985e-25,7.450581e-09,0.0,True
2002-06-17,186.22000000000003,17.4,17.714287,22.957144,12.842857,76.14286,3.142857,2.6,3.1714287,7.9142857,20.2,0.00013552606,0.004938923,-7.2791902999999985e-25,7.450581e-09,0.0,True
2002-06-24,186.2,10.5,20.47143,25.928572,16.028572,75.17143,4.0285716,3.0142858,3.7285714,7.142857,24.757143,0.00023531914,0.004704453,-7.2791902999999985e-25,7.450581e-09,0.0,True
2002-07-01,186.1,1.2,16.614286,22.185715,10.771429,60.27143,3.8,2.2857141,4.2571425,6.385714,20.8,1.385808e-05,0.0044465065,-7.2791902999999985e-25,3.7252903e-09,0.0,True
2002-07-08,186.0659556385384,1.2,17.800001,23.300001,11.914286,67.12858,3.0857146,1.6571429,3.5285716,5.9714284,19.514286,7.8968704e-05,0.0041859224,-7.2791902999999985e-25,1.8626451e-08,0.0,True
2002-07-15,186.03,35.1,20.042858,26.085714,14.3,70.1,3.5142853,2.142857,3.6571429,5.857143,22.414286,0.0002924204,0.0038869977,-7.2791902999999985e-25,7.450581e-09,0.0,True
2002-07-22,186.07,30.2,16.842857,21.37143,13.557143,76.72858,2.4714286,2.114286,2.757143,7.785714,19.457144,0.006921567,0.004929751,-7.2791902999999985e-25,1.1175871e-08,0.0,True
2002-07-29,186.1073976395324,1.0,18.6,23.742859,13.242858,70.314285,2.957143,2.2714286,3.5285716,7.385714,20.114286,0.00011457503,0.0035472363,-7.2791902999999985e-25,7.450581e-09,0.0,False
2002-08-05,186.2,19.699999,20.714285,26.557144,15.942858,72.21429,3.2285714,2.4857142,3.5285716,6.9428573,23.757143,0.00024013221,0.003381826,-7.2791902999999985e-25,1.3038516e-08,0.0,True
2002-08-12,186.18,96.6,18.028572,22.285715,15.0,84.77143,2.0428572,1.8857143,1.9285715,8.557143,20.842857,0.005103424,0.0054320544,-7.2791902999999985e-25,9.313226e-09,0.0,True
2002-08-19,186.36,0.7,19.642857,25.157145,14.842857,76.328575,2.7428572,2.3714283,3.1000001,9.842857,21.657143,0.00014769286,0.003258571,-7.2791902999999985e-25,1.3038516e-08,0.0,True
2002-08-26,186.16000000000005,26.4,20.314287,26.714285,15.0,74.74286,3.0285714,2.357143,3.257143,8.657143,23.671429,0.00021730363,0.0033063814,-7.2791902999999985e-25,7.450581e-09,0.0,True
2002-09-02,186.22000000000003,34.7,19.0,24.957144,14.271429,76.64286,2.457143,1.8428571,2.857143,8.185715,22.457144,0.00020080805,0.0032657832,-7.2791902999999985e-25,9.313226e-09,0.0,True
2002-09-09,186.14,0.1,17.614286,24.242859,11.5,71.92857,2.3714287,1.4714286,2.8857143,7.6714287,20.2,1.4856458e-05,0.0031991005,-7.2791902999999985e-25,7.450581e-09,0.0,True
2002-09-16,186.12,20.5,13.742858,19.114286,9.214286,79.74286,1.6571429,1.1857144,1.8714286,7.8428574,16.7,0.000377357,0.0031236485,-7.2791902999999985e-25,5.5879354e-09,0.0,True
2002-09-23,186.1,10.2,12.3,16.214285,9.771429,83.22857,1.0285715,0.8000001,1.3285714,7.6571426,14.542857,0.00010462105,0.0030628517,-7.2791902999999985e-25,5.5879354e-09,0.0,True
2002-09-30,186.1313945584036,9.099999,9.385714,13.571428,5.571429,80.9,0.9857143,0.85714287,1.1999999,8.542857,10.828571,0.00015383959,0.0030127391,-7.2791902999999985e-25,0.0,0.0,True
2002-10-07,186.08,19.7,10.757143,15.1,7.1285715,84.3,0.9142858,0.7857143,1.0857142,8.8,12.0,0.0012003481,0.003008388,-7.2791902999999985e-25,3.7252903e-09,0.0,True
2002-10-14,186.1,0.1,5.585714,8.714286,2.1714284,83.042854,0.6571428,0.61428577,0.87142855,9.428572,7.1714287,1.629442e-05,0.0029779673,-7.2791902999999985e-25,0.0,0.0,True
2002-10-21,186.12,22.3,8.671429,12.1285715,5.657143,84.74286,0.65714294,0.6285715,0.88571423,9.857142,8.528571,0.00032615662,0.0030530393,-7.2791902999999985e-25,5.5879354e-09,0.0,True
2002-10-28,186.17,21.6,9.771429,13.300001,6.2571425,76.64286,1.2428571,1.2285715,1.5,10.342857,8.7,0.00048024207,0.0031716973,-7.2791902999999985e-25,5.5879354e-09,0.0,True
2002-11-04,186.31,24.3,5.8428574,8.885715,2.3857143,88.37142,0.38571426,0.38571426,0.5142857,10.742857,6.8428574,0.0011443049,0.0036872774,1.7029899e-07,5.029142e-08,9.678304e-06,True
2002-11-11,186.36,25.2,3.1142857,5.971429,0.100000024,80.471436,0.47142857,0.47142857,0.61428577,10.842857,3.0285714,0.0008615926,0.0041647702,0.0005976756,0.003183037,0.0034677535,True
2002-11-18,186.54,7.2,7.7571425,11.285714,4.8,83.685715,0.37142858,0.37142858,0.64285713,10.585714,6.3142858,0.00011242926,0.0053805113,4.8416e-05,0.00036342442,0.0,True
2002-11-25,186.6,27.8,4.6714287,7.7714286,1.7714287,90.67143,0.18571429,0.18571429,0.27142859,10.785714,4.285714,0.0005681962,0.006509766,6.81196e-08,8.2701445e-07,0.0,True
2002-12-02,186.7,41.7,6.142857,8.1285715,4.157143,91.71429,0.17142858,0.17142858,0.31428573,10.8714285,5.385714,0.0017295629,0.0089697465,-7.2791902999999985e-25,2.6077032e-08,0.0,True
2002-12-09,186.59,2.4,-1.9142859,0.071428575,-3.3857143,90.957146,0.057142857,0.057142857,0.24285714,10.485714,0.98571426,3.6403537e-05,0.011526935,0.00014885266,2.2351742e-08,0.00031834468,True
2002-12-16,186.59,1.9000001,-5.071429,-1.6571429,-8.285714,86.34286,0.014285714,0.014285714,0.14285715,10.3,-3.3714285,5.660951e-05,0.012444802,0.00048402377,0.00033200532,0.0005484745,True
2002-12-23,186.57,24.6,-0.15714288,1.6,-1.8714286,92.68572,0.071428575,0.071428575,0.18571429,10.5,-0.62857145,0.0012672693,0.012236752,0.0025288435,0.001397172,0.0032814443,True
2002-12-30,186.62078966637304,38.800003,2.4428573,4.3714285,0.74285716,88.5,0.15714286,0.15714286,0.31428573,10.828571,-0.057142857,0.0028822124,0.013903752,0.0011719692,0.0026971046,0.0023228265,True
2003-01-06,186.95,24.6,0.09999994,3.3,-3.2999997,87.07143,0.0,0.0,0.34285715,11.5,0.6,0.001861319,0.017656967,0.0038079817,0.008825239,0.012311492,True
2003-01-13,186.71,11.4,-8.042857,-5.1,-12.014287,87.22857,0.014285714,0.014285714,0.15714286,10.457143,-1.9142857,6.715953e-05,0.022720873,0.007188922,0.001019612,0.009414334,True
2003-01-20,186.71,0.2,3.0142858,5.1714287,1.0857143,81.62858,0.42857143,0.42857143,0.5285714,10.342857,0.3,0.0003579855,0.021638855,0.0041626864,0.012559744,3.967434e-06,True
2003-01-27,186.7,17.2,2.9428573,5.6714287,0.4714286,86.64286,0.2857143,0.2857143,0.42857143,10.185715,0.8857143,0.00027748197,0.01981531,0.0010229519,0.0025155898,0.0018292144,True
2003-02-03,186.85,17.3,-0.34285715,2.2857144,-2.957143,84.97143,0.32857147,0.32857147,0.45714286,10.471429,0.6571429,0.00019030273,0.017968506,0.005381641,0.0017596018,0.010255132,True
2003-02-10,186.7,5.8,-2.0714285,1.0571429,-4.6714287,86.6,0.10000001,0.10000001,0.31428573,10.385715,-0.014285714,5.737692e-05,0.016357228,0.0119745,0.0024957824,0.008665808,True
2003-02-17,186.61,1.0,-6.057143,-2.2571428,-10.171428,81.75714,0.028571429,0.028571429,0.3285714,10.257143,-0.6857143,3.2514334e-05,0.014816202,0.012366732,0.001732938,0.0025022626,True
2003-02-24,186.57,0.0,-3.4428573,0.6857143,-7.428571,85.185715,0.35714287,0.3285714,0.44285712,10.142858,-0.51428574,0.00011771917,0.013384268,0.010368149,0.006515678,0.00017955899,True
2003-03-03,186.55,3.2,3.6285713,9.042857,-0.9857143,75.75715,0.6857143,0.5857143,0.94285715,9.8714285,0.8,0.00014439225,0.012089081,0.0019130991,0.0052277483,0.0,True
2003-03-10,186.56,4.7,4.8428574,8.842857,1.1571429,80.67143,0.88571423,0.82857144,1.0,9.857142,3.4571428,0.00010506064,0.010978617,0.0001665297,0.00061758235,0.00044807792,True
2003-03-17,186.55,5.5,3.8857143,8.085714,0.7285714,79.58572,1.0857143,1.0142858,1.0714285,9.771428,5.0285716,0.00016195327,0.0100159645,0.00011781851,0.00026094168,0.00038765743,True
2003-03-24,186.56,0.0,3.8714287,10.057143,-1.3142856,65.25715,1.6142856,1.2857143,1.7285715,9.271428,5.457143,6.094575e-06,0.009185746,0.00011676834,0.00033005513,0.00027466565,True
2003-03-31,186.4915854385705,2.4,8.842857,15.2,3.0142858,75.72858,1.757143,1.4142858,1.7714285,8.728572,10.1285715,7.864088e-05,0.008365564,4.819461e-06,3.8530678e-05,0.0,True
2003-04-07,186.46,9.0,4.328572,8.757143,0.30000004,70.3,1.7285715,1.4428571,1.7571429,8.357142,6.742857,0.0001502186,0.007606268,0.00023205507,0.00011778809,0.0015934668,True
2003-04-14,186.42,0.0,3.9,9.642858,-2.3142858,66.08572,1.9714286,1.4714286,2.0571427,7.928571,6.785714,4.5120716e-05,0.0069495738,0.0015269404,0.0032625291,0.002296187,True
2003-04-21,186.42,23.900002,10.185715,16.342857,3.7714288,67.77143,3.3857143,2.2571428,2.8857143,6.9857144,12.142858,0.00023921579,0.006288089,0.0003418582,0.003131101,0.0030069463,True
2003-04-28,186.41000000000005,1.0,13.542857,19.542858,6.9857144,61.81429,3.1000001,1.557143,3.1857142,6.3428574,14.957143,4.607439e-05,0.005677201,3.0483518e-06,2.8897077e-05,0.0,True
2003-05-05,186.34,0.0,15.371429,21.37143,8.114286,59.228573,3.6285713,1.457143,3.8999999,5.957143,15.771428,2.4914742e-05,0.005124688,-7.2791902999999985e-25,3.7252903e-09,0.0,True
2003-05-12,186.34,21.7,15.371429,20.714285,10.357142,77.457146,2.9857144,1.0857143,2.7714286,5.8285713,19.042856,0.00020316243,0.004593447,-7.2791902999999985e-25,3.7252903e-09,0.0,True
2003-05-19,186.31,15.0,11.542857,16.628572,6.928571,75.614296,2.357143,1.6714286,2.4428573,5.9857144,14.771428,0.00017818063,0.004169062,-7.2791902999999985e-25,3.7252903e-09,0.0,True
2003-05-26,186.27,3.7,15.357142,20.328571,9.957143,71.57143,3.1142857,1.9,3.1857142,6.0571427,17.442858,8.645654e-05,0.0037876964,-7.2791902999999985e-25,7.450581e-09,0.0,True
2003-06-02,186.24,2.4,18.542858,24.300001,11.985715,66.27143,4.0,1.5857143,4.071429,5.5571427,21.814285,1.3537705e-05,0.0034177825,-7.2791902999999985e-25,0.0,0.0,True
2003-06-09,186.21,2.6999998,21.442858,28.285715,15.17143,66.52857,4.642857,2.2,4.7714286,5.3285713,25.014286,0.00011193752,0.003041625,-7.2791902999999985e-25,7.450581e-09,0.0,True
2003-06-16,186.16000000000005,1.3,19.828571,25.9,12.900001,66.65714,4.4,1.8714286,4.457143,5.142857,24.442858,2.7149916e-05,0.002703257,-7.2791902999999985e-25,3.7252903e-09,0.0,True
2003-06-23,186.2,24.7,18.028572,23.857143,11.557143,67.54286,3.9714286,2.0,4.028571,4.957143,21.385714,8.59648e-05,0.0024131238,-7.2791902999999985e-25,1.1175871e-08,0.0,True
2003-06-30,186.1300139818338,9.5,19.300001,25.642857,12.057143,61.8,4.428571,1.0857142,4.585714,4.6285715,23.257143,6.5118074e-06,0.0021568686,-7.2791902999999985e-25,3.7252903e-09,0.0,True
2003-07-07,186.1283500938501,13.5,16.500002,20.614286,13.357142,76.314285,2.742857,1.7285713,2.7285714,4.928571,19.12857,7.697195e-05,0.0019452721,-7.2791902999999985e-25,1.1175871e-08,0.0,True
2003-07-14,186.08,5.4,18.0,23.614286,11.814286,62.885715,4.1,1.357143,4.0285716,4.4428573,21.785715,1.7553568e-05,0.001776591,-7.2791902999999985e-25,3.7252903e-09,0.0,True
2003-07-21,186.02,31.100002,22.657145,30.414288,15.071428,58.628574,4.928571,1.2142857,5.085714,4.257143,24.742857,4.5463443e-05,0.0015959069,-7.2791902999999985e-25,7.450581e-09,0.0,True
2003-07-28,186.11,51.7,21.071428,27.557142,15.914286,73.17143,3.5857143,2.0571427,3.642857,4.3714285,24.242857,0.0002411604,0.0014443323,-7.2791902999999985e-25,7.450581e-09,0.0,True
2003-08-04,186.06,0.4,22.957142,29.7,15.842857,64.08572,3.9142857,1.5142857,4.2285714,4.214286,25.157143,4.6774745e-05,0.001326263,-7.2791902999999985e-25,3.7252903e-09,0.0,True
2003-08-11,185.99,0.0,24.028574,32.37143,15.285714,48.24286,5.0,0.55714285,5.3714285,3.8285713,26.457144,0.0,0.0011994913,-7.2791902999999985e-25,3.7252903e-09,0.0,True
2003-08-18,185.93,3.3,22.128572,29.9,14.314286,54.0,4.2714286,0.59999996,4.9714284,3.642857,24.37143,3.8340688e-05,0.0010849684,-7.2791902999999985e-25,7.450581e-09,0.0,True
2003-08-25,185.92,0.9,19.34286,25.37143,13.842857,62.87143,3.2285714,0.42857143,3.5571427,3.6,22.3,1.052022e-05,0.0009949654,-7.325276e-25,1.8626451e-09,0.0,True
2003-09-01,185.91000000000005,9.700001,15.785714,21.62857,10.557143,68.65715,2.3999999,0.85714287,2.8999999,3.7428572,18.385714,4.091859e-05,0.00092057884,-7.345365000000001e-25,5.5879354e-09,0.0,True
2003-09-08,185.9,1.3,14.914286,21.285715,8.271429,68.4,2.1,0.9714286,2.7,3.8428571,16.585714,1.0922551e-05,0.00086257607,-7.345365000000001e-25,3.7252903e-09,0.0,True
2003-09-15,186.07,75.0,13.357142,17.042858,10.485715,84.78571,1.4714285,1.0285715,1.4428571,4.571429,15.614285,0.00027406216,0.0008129105,-7.345365000000001e-25,3.7252903e-09,0.0,True
2003-09-22,186.02,0.0,18.385714,27.242859,11.17143,61.57143,2.4285715,1.3857142,3.3857143,4.3285713,18.285715,2.9802322e-08,0.0007680878,-7.345365000000001e-25,1.8626451e-09,0.0,True
2003-09-29,186.00834207183115,13.400001,12.342857,17.685715,7.071429,74.61428,1.4571428,0.8285714,1.8428571,4.042857,14.214286,8.3863735e-05,0.0007246062,-7.345365000000001e-25,5.5879354e-09,0.0,True
2003-10-06,186.03,15.400001,10.6,14.528572,6.1857147,82.457146,0.9285714,0.7428571,1.1857144,4.428571,11.914286,0.00013497472,0.00069165975,-7.345365000000001e-25,5.5879354e-09,0.0,True
2003-10-13,186.07,16.2,9.042857,12.557143,5.8285713,80.38572,0.9428572,0.84285706,1.1714286,5.614286,9.571428,0.00020126253,0.00066518784,-7.345365000000001e-25,5.5879354e-09,0.0,True
2003-10-20,186.05,0.3,3.3428574,8.7,-1.1142857,83.85714,0.6571428,0.5285714,0.6857143,5.542857,6.0142856,6.377697e-06,0.00064180046,-7.345365000000001e-25,0.0,0.0,True
2003-10-27,185.98,5.1,2.5571427,4.785714,0.17142855,85.21429,0.41428572,0.34285715,0.5714286,5.7285714,3.5142858,8.6236745e-05,0.0006226599,0.00020629451,0.00039754808,0.0005185306,True
2003-11-03,185.98,10.4,6.8428574,10.7,3.3142858,77.27143,0.54285717,0.4857143,1.0142857,6.0142856,5.242857,6.824732e-05,0.0006056279,2.4012157e-05,9.624101e-05,5.2154064e-08,True
2003-11-10,185.96,0.0,4.3714285,9.157143,0.57142866,87.64286,0.42857143,0.3142857,0.45714286,6.042857,4.8285713,1.6018748e-06,0.00058990717,-7.345365000000001e-25,2.9802322e-08,0.0,True
2003-11-17,185.95,8.1,3.5142858,7.614286,0.057142835,85.48572,0.31428576,0.2857143,0.31428573,6.0857143,2.9285715,0.00010102987,0.00057610124,-7.345365000000001e-25,1.6205013e-07,1.5646219e-07,True
2003-11-24,185.98,0.0,9.142858,12.300001,6.157143,79.97143,0.34285715,0.2857143,0.8142857,6.6,6.6285715,2.1003187e-05,0.0005640462,-7.345365000000001e-25,9.313226e-09,0.0,True
2003-12-01,186.03,9.900001,6.3,9.028571,4.3142858,91.471436,0.17142859,0.17142859,0.21428572,7.0,5.4857144,0.0002040714,0.00055285543,-7.345365000000001e-25,0.0,0.0,True
2003-12-08,186.02,1.1,1.1142857,4.114286,-1.1714286,90.57143,0.20000002,0.18571429,0.15714286,7.4,2.442857,2.0697713e-05,0.00054388493,0.000111148474,4.2077154e-06,0.00040775537,True
2003-12-15,186.0,15.4,2.9142857,6.6285715,-1.0428572,80.1,0.4714286,0.45714283,0.5285714,7.9,0.8857143,0.00031280518,0.00053679943,0.0003144287,0.00044265017,0.001158949,True
2003-12-22,186.07,15.5,2.5,5.2714286,-0.014285768,85.01429,0.34285715,0.34285715,0.40000004,8.985714,1.4428571,0.00011333823,0.0005315542,0.0017526377,0.0034362525,0.005691543,True
2003-12-29,186.08395076855803,0.1,0.6714286,3.5,-2.1714284,74.21429,0.24285714,0.21428572,0.7285714,9.2,0.057142857,3.8295984e-05,0.00052867085,0.0023460728,0.0022676792,5.749613e-05,True
2004-01-05,186.07,4.8,-3.5714285,-0.87142855,-6.214286,90.21429,0.1,0.1,0.1,9.2,0.05,1.2293458e-06,0.0005272627,0.0029740732,1.8572435e-05,0.010379549,True
2004-01-12,186.06,21.6,2.2142856,4.6142855,-0.94285715,88.48572,0.24285714,0.24285714,0.32857147,9.985714,-0.14285715,0.002727002,0.0005272478,0.007832221,0.016188003,0.010194011,True
2004-01-19,186.32,23.3,2.7142856,4.8142858,-0.05714294,81.84286,0.49999997,0.49999997,0.61428577,10.785714,1.1285714,0.00033374876,0.0005431399,0.004155392,0.0076026246,0.012448911,True
2004-01-26,186.27,3.0,-3.1714287,-0.09999997,-6.1,83.44286,0.057142857,0.057142857,0.27142856,10.442857,-0.1,3.1277537e-05,0.0005917698,0.017928004,0.0007150322,0.011223059,True
2004-02-02,186.55,21.199999,2.4428575,4.542857,-0.31428576,76.25714,0.45714286,0.45714286,0.94285715,10.357142,0.8857143,0.0011567026,0.0015117377,0.01638941,0.023338934,0.0065765083,True
2004-02-09,186.52,7.3,8.528571,10.842857,6.4428573,72.200005,1.1857144,1.1571428,1.4714286,10.271428,6.142857,0.0001346618,0.0007665828,0.00046727204,0.00071295723,0.004095372,True
2004-02-16,186.49,9.8,2.0428572,4.042857,-0.10000001,88.542854,0.31428573,0.31428573,0.41428572,10.328571,1.4142857,0.00041556358,0.0009382814,0.0062362975,0.011866206,0.009615563,True
2004-02-23,186.39,1.2,0.10000002,2.8,-2.6285713,78.0,0.5857143,0.5428571,0.6571428,10.1,0.75714284,5.3957105e-05,0.0011406392,0.0021225554,0.0011139121,0.0024401508,True
2004-03-01,186.3,5.1,-1.3714286,2.0428572,-4.3142858,80.814285,0.42857146,0.40000004,0.6857143,9.928572,0.08571429,2.1114945e-05,0.0013394132,0.0040238583,0.0006137639,0.006767936,True
2004-03-08,186.29,2.2,0.085714296,2.7857144,-2.8,78.58572,0.55714285,0.5142857,0.8,9.914286,0.4,0.00011289865,0.0015000552,0.009237136,0.0040881727,0.007248886,True
2004-03-15,186.22000000000003,9.7,4.357143,8.085714,0.9857143,79.87144,1.0,0.91428566,1.0857142,9.714286,3.2857144,0.0003619939,0.0016325787,0.008615301,0.0153903775,0.0074277,True
2004-03-22,186.18,8.099999,10.714286,15.800001,6.285714,72.24286,1.8857143,1.6857145,2.0,9.3,9.671429,0.00020639598,0.0017575547,3.0148596e-05,0.00031673536,0.0,True
2004-03-29,186.1780756066736,1.1,3.042857,7.1285715,-0.8428572,75.14286,1.0571429,0.94285715,1.2857143,9.3,5.0142856,6.578863e-05,0.0018821508,0.00037904014,0.0006447304,0.0009908117,True
2004-04-05,186.19000000000003,3.3999999,8.742857,15.071428,2.4428573,69.8,2.2714286,1.8285714,2.3,8.685715,9.757143,3.4339726e-05,0.001968883,4.486243e-05,0.00028795935,0.0,True
2004-04-12,186.15,13.2,5.357143,9.8,1.6,82.814285,1.457143,1.2714285,1.4285715,8.671429,7.757143,0.00018848479,0.0020080432,4.2932374e-05,0.00023237988,0.00023441389,True
2004-04-19,186.14,2.8000002,10.614286,16.314287,4.8285713,66.328575,2.3857143,1.8428571,2.642857,8.057143,12.442857,0.00010032952,0.0020077229,7.947286e-07,5.898997e-06,0.0,True
2004-04-26,186.15,6.6,11.085714,16.485714,5.871429,73.700005,2.257143,1.7285713,2.4285715,7.5571427,13.685715,6.520748e-05,0.0019716397,-7.2791902999999985e-25,0.0,0.0,True
2004-05-03,186.14,4.4,13.842857,19.985716,6.9,71.34286,3.2142856,2.2714286,3.142857,7.0,16.557142,0.00017276406,0.001921691,-7.2791902999999985e-25,0.0,0.0,True
2004-05-10,186.15,43.1,11.157143,15.1,7.457143,82.74286,1.6999999,1.5142858,1.7285715,8.314285,13.4,0.002554372,0.0027520955,-7.2791902999999985e-25,0.0,0.0,True
2004-05-17,186.12,6.9,11.5,15.271429,7.957143,80.15715,2.0142856,1.7142857,2.0428572,8.585714,14.257143,0.00018891692,0.0019962937,-7.2791902999999985e-25,0.0,0.0,True
2004-05-24,186.13,15.0,11.257143,16.2,6.0285716,73.08572,2.8714287,2.1857142,2.7571428,7.857143,15.114285,0.00017645955,0.0021096468,-7.2791902999999985e-25,0.0,0.0,True
2004-05-31,186.0989657445429,15.5,12.414286,18.0,5.6857147,69.28571,3.0,2.0714285,3.2571428,7.2285714,16.442858,5.735457e-05,0.0021460503,-7.2791902999999985e-25,0.0,0.0,True
2004-06-07,186.22000000000003,13.799999,14.614286,19.6,10.142858,80.07143,2.585714,1.9142855,2.8428571,7.1571426,18.142857,0.00034421682,0.0021153912,-7.2791902999999985e-25,0.0,0.0,True
2004-06-14,186.14,9.1,18.128572,23.214285,12.828572,75.74286,3.442857,2.7142854,3.7857144,7.0571427,21.12857,0.00097242,0.0020596161,-7.2791902999999985e-25,7.450581e-09,0.0,True
2004-06-21,186.04,9.0,14.014287,19.100002,8.985715,74.24286,2.9857144,2.3714283,3.2,6.6857142,17.62857,0.00018192083,0.0020106956,-7.2791902999999985e-25,3.7252903e-09,0.0,True
2004-06-28,186.0,14.400001,15.885715,20.828571,10.2,68.47143,3.557143,2.6,3.757143,5.9857144,18.585714,0.00012490153,0.001959905,-7.2791902999999985e-25,7.450581e-09,0.0,True
2004-07-05,185.97000000000003,19.300001,15.685715,21.242857,11.114286,72.78571,3.385714,2.2285714,3.4857142,5.6,19.028572,0.00014141202,0.0018958822,-7.2791902999999985e-25,7.450581e-09,0.0,True
2004-07-12,185.93,11.4,15.685715,20.342855,10.571428,73.48572,3.1285717,2.2571428,3.3285713,5.542857,18.914286,0.0009824485,0.0018332377,-7.2791902999999985e-25,7.450581e-09,0.0,True
2004-07-19,185.9,15.0,18.328571,23.671429,13.542857,75.557144,3.042857,2.4285712,3.4714284,5.614286,20.114286,0.00019589067,0.0017766953,-7.284705e-25,1.3038516e-08,0.0,True
2004-07-26,185.965,53.1,18.957144,24.642857,13.985715,78.82857,3.1428573,2.7285712,3.4714286,6.5142856,22.62857,0.001133725,0.0017100424,-7.345365000000001e-25,7.450581e-09,0.0,True
2004-08-02,185.90559823875847,0.6,18.614286,24.957144,11.6285715,67.88572,3.5285716,2.5714285,3.857143,6.1857142,22.328571,2.0995736e-05,0.0016539022,-7.345365000000001e-25,7.450581e-09,0.0,True
2004-08-09,185.87,0.0,22.057144,28.928572,14.085715,59.7,4.5285716,1.9714286,5.3428574,5.1571426,24.542856,2.8312206e-06,0.0015806109,-7.345365000000001e-25,5.5879354e-09,0.0,True
2004-08-16,185.87,15.4,20.428572,26.414288,14.400001,67.9,3.3285713,1.7142857,3.9714284,5.0857143,22.357143,0.00016447157,0.0015000924,-7.345365000000001e-25,1.1175871e-08,0.0,True
2004-08-23,185.86,4.9,18.328571,23.714285,13.928572,70.71429,2.6857142,1.8428572,3.357143,5.0,20.614286,5.1528215e-05,0.0014337376,-7.345365000000001e-25,7.450581e-09,0.0,True
2004-08-30,185.8869746935069,11.2,16.485714,20.714285,13.085714,77.542854,1.8571428,1.5857143,2.542857,5.4857144,17.828571,0.00018234551,0.0013766214,-7.345365000000001e-25,1.6763806e-08,0.0,True
2004-09-06,185.89,1.1,16.514286,23.800001,9.214286,68.24286,2.5142858,1.7142857,3.2142856,5.6857142,18.657143,5.468726e-06,0.0013224557,-7.345365000000001e-25,1.8626451e-09,0.0,True
2004-09-13,185.87,11.0,15.871429,22.414288,9.142858,64.185715,2.4142857,1.5714285,3.1857142,4.9857144,18.071428,4.8428774e-05,0.0012582019,-7.345365000000001e-25,9.313226e-09,0.0,True
2004-09-20,185.8,1.9000001,14.514285,20.5,8.8714285,67.58572,1.8714286,1.0142857,2.6857142,4.7,15.942857,6.67572e-06,0.0012022406,-7.345365000000001e-25,3.7252903e-09,0.0,True
2004-09-27,185.81,19.8,11.042857,13.528572,8.585714,82.75714,1.1714284,1.0285715,1.4571428,5.614286,12.1,0.0002526343,0.0011571124,-7.345365000000001e-25,1.1175871e-08,0.0,True
2004-10-04,185.83,8.6,12.342857,17.171429,8.085714,80.457146,0.9714285,0.8285714,1.457143,6.3142858,13.0,4.7132373e-05,0.0011226684,-7.345365000000001e-25,3.7252903e-09,0.0,True
2004-10-11,185.82,4.2,10.571428,15.357142,6.7571425,79.28571,0.95714283,0.7571429,1.3714286,6.3142858,11.9,3.3423305e-05,0.0010852516,-7.345365000000001e-25,5.5879354e-09,0.0,True
2004-10-18,185.83,0.7,7.071429,11.857142,2.6714287,76.37144,0.7714286,0.59999996,1.1714286,6.3142858,7.9714284,4.671514e-05,0.0010529757,-7.345365000000001e-25,0.0,0.0,True
2004-10-25,185.82,8.7,12.214286,17.914288,6.9428573,75.68572,0.9571429,0.7714286,1.5285714,6.4,10.428572,2.001971e-05,0.0010227785,-7.345365000000001e-25,1.1175871e-08,0.0,True
2004-11-01,185.86,16.2,10.442857,13.2,8.3714285,88.41429,0.4,0.3285714,0.5714286,6.8428574,10.428572,0.00029886514,0.0009952039,-7.345365000000001e-25,1.8626451e-09,0.0,True
2004-11-08,185.89,12.1,7.371429,9.67143,4.7714286,88.58571,0.41428572,0.3285714,0.5,7.071429,7.9857144,0.00015252829,0.00097472966,2.4409522e-07,1.3187528e-06,1.899898e-06,True
2004-11-15,185.9,21.8,2.2714286,4.3142858,0.54285717,91.40001,0.2857143,0.27142859,0.27142859,8.057143,2.6142857,0.00038169324,0.00095926225,0.006566184,0.013718905,0.015467901,True
2004-11-22,186.08,45.5,4.2714286,7.0285716,1.7857143,87.700005,0.5285714,0.5285714,0.5285714,9.057143,3.5857143,0.0020509437,0.0011235476,0.0044743675,0.011379717,0.011907088,True
2004-11-29,186.0915817925237,8.7,3.0571427,6.0142856,0.38571423,83.52857,0.29999998,0.29999998,0.42857143,9.657143,2.3142858,0.00035193563,0.0010389164,0.00065646286,0.0026734546,1.6052276e-05,True
2004-12-06,186.02,0.2,2.4714284,4.657143,0.2857143,89.87144,0.14285716,0.14285716,0.21428572,9.7,2.2857144,2.2657216e-05,0.0011880919,5.802654e-05,0.000120418146,4.183501e-06,True
2004-12-13,185.99,0.0,-0.15714285,2.2714286,-2.2571428,89.12858,0.071428575,0.071428575,0.15714286,9.6285715,0.6857143,4.8577785e-06,0.001325883,5.446729e-05,2.0105392e-05,0.00017312914,True
2004-12-20,186.04,9.3,0.3857143,3.4857142,-2.1714287,80.02857,0.25714287,0.25714287,0.3857143,9.742857,-0.41428572,0.00012481213,0.001441434,0.0019938718,0.00040471554,0.005829364,True
2004-12-27,186.1,23.800001,1.6428573,4.371429,-0.9,87.0,0.2857143,0.29999998,0.45714286,9.971429,0.42857143,0.0002802089,0.0015400574,0.004730026,0.0064492766,0.015661031,True
2005-01-03,186.15,1.5,3.0714285,4.6571426,1.4142858,82.24286,0.2,0.2,0.6571428,10.175,0.65,0.00051882863,0.0016599894,0.009125664,0.014921395,0.002925016,True
2005-01-10,186.1,2.8,6.5285716,9.242858,3.857143,74.957146,0.85714287,0.81428576,1.0714285,10.057143,4.0571427,0.0001815185,0.0019147918,0.00038328624,0.0024697743,0.0,True
2005-01-17,186.05,1.9,3.357143,6.3142858,0.51428574,79.67143,0.4,0.37142855,0.61428577,9.8714285,2.0714285,2.2426248e-05,0.002245836,0.00013145947,9.375252e-05,0.00029326603,True
2005-01-24,186.19000000000003,32.9,2.2714286,4.342857,0.45714286,82.57143,0.55714285,0.55714285,0.7,10.5,1.2857143,0.00076432526,0.0025085062,0.0026671716,0.0025043562,0.014749568,True
2005-01-31,186.2084183217981,20.1,-3.4285715,-1.5714285,-5.6857142,88.685715,0.042857144,0.042857144,0.25714284,10.357142,0.15714286,0.00021319836,0.0028153062,0.019004567,0.0029486641,0.014061868,True
2005-02-07,186.3,7.0,-1.0142858,2.1,-3.7857144,81.27143,0.3571429,0.3571429,0.42857143,10.3,0.27142859,0.00047552586,0.003184162,0.017178496,0.010845635,0.0021081977,True
2005-02-14,186.31,24.6,1.8285714,4.8,-1.2714287,80.44286,0.5857143,0.5714286,0.8,10.585714,0.64285713,0.001410231,0.0049216524,0.0067076795,0.013336971,0.0049590543,True
2005-02-21,186.34,10.6,-1.957143,-0.1285714,-4.2714286,87.01429,0.1,0.1,0.44285712,10.514286,0.14285715,2.501905e-05,0.005932495,0.016479906,0.0011404958,0.017865188,True
2005-02-28,186.35,13.200001,-4.6142855,-1.3285714,-7.957143,83.85714,0.071428575,0.071428575,0.47142857,10.3,0.1,6.1020255e-06,0.0069573373,0.028033653,0.00026435032,0.015906762,True
2005-03-07,186.36,2.4,-4.3714285,-0.78571427,-8.085714,69.84286,0.057142857,0.057142857,0.8428572,10.285714,0.1,2.1606684e-06,0.007176988,0.032318853,0.000115254894,0.003597077,True
2005-03-14,186.41000000000005,3.7,0.7571429,3.5857143,-2.1714287,75.685715,0.7285714,0.7285714,1.0,10.228572,0.6,0.00044105947,0.007145375,0.031197354,0.013595091,0.008242603,True
2005-03-21,186.43,8.4,6.9000006,12.1,2.357143,68.200005,1.6857141,1.4857142,1.9857142,9.814285,7.1,0.0008497387,0.0074641854,0.004885668,0.025048448,1.0430813e-07,True
2005-03-28,186.48,7.0,8.528571,13.485715,4.0142856,83.42857,1.1571429,0.99999994,1.3571428,9.457143,9.614285,0.0002309233,0.008293793,2.1230608e-06,1.11199915e-05,0.0,True
2005-04-04,186.31,0.0,7.6714287,15.028572,0.4,58.414288,2.5571427,2.0428572,2.8428571,9.042857,10.057143,6.0513616e-05,0.008548401,-7.345365000000001e-25,5.5879354e-09,0.0,True
2005-04-11,186.3,2.8000002,7.728572,12.1285715,3.2714288,73.78571,1.6571429,1.4428571,1.8285714,8.442857,9.457143,0.00014090538,0.008358978,2.5942213e-06,1.3578683e-05,1.9036233e-05,True
2005-04-18,186.28,0.5,11.842857,17.7,5.557143,70.21429,2.3142855,1.7285715,2.5285716,7.928571,13.557143,0.00010485947,0.00805454,7.436389e-07,5.589798e-06,0.0,True
2005-04-25,186.26,2.0,7.5142856,12.957144,1.557143,62.34286,2.3142855,1.542857,2.5714285,8.1,12.185715,0.00010968745,0.007623397,-7.345365000000001e-25,0.0,0.0,True
2005-05-02,186.26,2.2,14.342857,20.385714,7.4000006,65.942856,2.8999999,1.9,3.3,8.114285,15.728572,0.0001129359,0.0071468055,-7.345365000000001e-25,0.0,0.0,True
2005-05-09,186.23,22.6,10.1285715,14.828572,6.6285715,74.457146,2.2,1.8714284,2.4428573,7.9,13.228572,0.00028420985,0.006608054,-7.345365000000001e-25,0.0,0.0,True
2005-05-16,186.21,15.299999,9.328572,14.285714,3.557143,71.72858,2.4714286,2.0857143,2.6571429,8.085714,12.9,0.00016477704,0.0061145276,-7.345365000000001e-25,0.0,0.0,True
2005-05-23,186.2,15.9,12.1,16.914286,6.914286,74.52857,2.3857143,2.0285714,2.6000001,8.0,15.414286,0.00015412271,0.0056501105,-7.345365000000001e-25,3.7252903e-09,0.0,True
2005-05-30,186.1585587946441,10.8,19.228573,25.957144,11.814285,63.8,4.3714285,3.285714,4.785714,7.2714286,22.685715,2.6494265e-05,0.005169831,-7.345365000000001e-25,3.7252903e-09,0.0,True
2005-06-06,186.13,7.2999997,14.214286,19.114286,8.5,67.4,3.2,2.1999998,3.642857,6.385714,18.12857,0.0001553595,0.0046696886,-7.345365000000001e-25,3.7252903e-09,0.0,True
2005-06-13,186.09,14.1,11.271429,15.971429,5.8142858,71.314285,2.6571429,1.7714285,2.9428573,5.9857144,14.985714,5.157292e-05,0.004266292,-7.345365000000001e-25,0.0,0.0,True
2005-06-20,186.07,0.0,18.385715,24.17143,11.485715,67.185715,4.1,1.4714285,4.3714285,5.5,21.985714,4.3444335e-05,0.003876023,-7.345365000000001e-25,1.1175871e-08,0.0,True
2005-06-27,186.04,69.5,20.285715,26.67143,13.17143,68.057144,4.9,1.4285715,4.7714286,5.2,25.028572,0.00019703805,0.0034567937,-7.345365000000001e-25,3.7252903e-09,0.0,True
2005-07-04,186.09,15.5,18.542858,23.057144,13.385715,74.61428,3.7428572,1.9285715,3.5142858,5.5142856,22.7,0.00015194714,0.003126964,-7.345365000000001e-25,7.450581e-09,0.0,True
2005-07-11,186.09,34.1,15.900001,21.2,11.5,77.057144,2.8428571,2.4,3.1285717,6.4714284,19.357143,0.00012764335,0.0028692782,-7.345365000000001e-25,3.7252903e-09,0.0,True
2005-07-18,186.0396945486136,4.2,20.800001,28.17143,13.214286,61.81429,4.5999994,3.085714,4.857143,5.742857,24.685715,1.1354685e-05,0.0026148856,-7.345365000000001e-25,1.1175871e-08,0.0,True
2005-07-25,186.00701130555493,23.400002,16.385715,21.071428,12.257143,73.52857,2.7571428,2.1142857,3.142857,5.9428573,18.585714,0.00012864172,0.002387099,-7.345365000000001e-25,1.4901161e-08,0.0,True
2005-08-01,186.10955534111903,28.699999,21.228573,27.442858,15.585715,67.64286,3.8285716,3.0428574,4.5142856,6.3142858,23.285715,0.007884778,0.0021895543,-7.345365000000001e-25,7.450581e-09,0.0,True
2005-08-08,186.09,40.6,14.528571,18.800001,10.414286,77.77143,2.3142858,2.1857145,2.5714285,7.0285716,18.042856,0.00050774217,0.0020215139,-7.345365000000001e-25,3.7252903e-09,0.0,True
2005-08-15,186.1,15.1,14.571428,18.528574,11.214286,77.72858,1.9285715,1.7142856,2.3428571,7.114286,16.471428,0.00022140145,0.0019038022,-7.345365000000001e-25,1.8626451e-09,0.0,True
2005-08-22,186.11,28.9,18.185715,24.2,12.928572,75.67143,2.7571428,2.2142859,3.1285713,7.0285716,20.614286,0.00022260845,0.0018078014,-7.345365000000001e-25,1.1175871e-08,0.0,True
2005-08-29,186.16839807506625,10.4,16.542858,21.485716,11.857142,74.15715,2.2,1.7857143,2.6857142,7.5857143,18.9,0.00022885948,0.0017275885,-7.345365000000001e-25,3.7252903e-09,0.0,True
2005-09-05,186.07,0.3,18.942858,25.228573,12.957144,73.299995,2.7428572,1.8285713,3.1571429,6.785714,21.542856,1.1771917e-05,0.0016501099,-7.345365000000001e-25,1.1175871e-08,0.0,True
2005-09-12,186.09,33.3,19.157145,25.300001,13.300001,72.67143,2.1714284,1.2714285,2.7714286,6.3285713,20.971428,0.00015769899,0.0015738457,-7.345365000000001e-25,5.5879354e-09,0.0,True
2005-09-19,186.11,14.2,12.685715,17.97143,7.7571425,80.41429,1.5142857,1.2857143,1.7142857,7.1285715,15.471429,0.00039464235,0.0015182719,-7.345365000000001e-25,5.5879354e-09,0.0,True
2005-09-26,186.12,5.0,13.028572,20.242859,6.571429,76.87144,1.5,1.1571428,1.9142857,6.9714284,15.442857,4.5582652e-05,0.0014643893,-7.345365000000001e-25,1.8626451e-09,0.0,True
2005-10-03,186.11,23.6,11.7,14.842857,9.314286,85.25715,0.8,0.71428573,1.1428572,7.4857144,12.928572,0.00054486096,0.0014206991,-7.345365000000001e-25,7.450581e-09,0.0,True
2005-10-10,186.06,0.0,12.7,18.485716,8.442857,82.828575,1.1285714,0.95714283,1.4142857,8.071428,13.985714,8.1956387e-07,0.0013884753,-7.345365000000001e-25,7.450581e-09,0.0,True
2005-10-17,186.01,0.0,8.828572,15.728572,3.2285714,78.75714,0.91428584,0.68571424,1.1285714,7.6857142,11.1285715,8.940697e-08,0.001356326,-7.345365000000001e-25,1.8626451e-09,0.0,True
2005-10-24,186.02,6.7,10.6285715,15.042857,6.142857,78.58571,0.8,0.65714294,1.2428571,7.542857,10.485714,4.2364e-05,0.001328811,-7.345365000000001e-25,1.3038516e-08,0.0,True
2005-10-31,186.00486082937823,1.0,12.557143,18.47143,8.528571,75.614296,0.7857142,0.61428577,1.4428571,7.714286,10.985714,7.0631504e-06,0.0013031587,-7.345365000000001e-25,5.5879354e-09,0.0,True
2005-11-07,186.03,9.9,9.614286,13.428572,6.071429,84.91429,0.4714286,0.41428572,0.7428571,7.7714286,8.8714285,0.00012408197,0.0012785569,-7.345365000000001e-25,5.5879354e-09,0.0,True
2005-11-14,185.99,0.0,7.3857145,11.828572,4.042857,83.6,0.31428573,0.25714287,0.61428577,7.857143,6.428571,3.695488e-06,0.0012564436,-7.345365000000001e-25,0.0,0.0,True
2005-11-21,185.97000000000003,24.9,2.1571429,4.2714286,0.34285715,89.71429,0.21428573,0.21428573,0.35714287,8.471429,2.4571428,0.000433594,0.0012375638,0.0025710096,0.004377432,0.010505151,True
2005-11-28,186.0,3.0,-0.10000001,2.0,-1.957143,83.42857,0.15714286,0.15714286,0.5,9.057143,0.5714286,7.06166e-05,0.0012255237,0.0075263977,0.0022098068,0.0049382374,True
2005-12-05,185.99,3.3,1.3857144,4.642857,-1.8285714,81.67143,0.18571432,0.17142858,0.42857143,9.328571,0.25714287,0.00019526482,0.0012201816,0.0061901296,0.0060381647,5.241111e-05,True
2005-12-12,186.03,1.8,2.0857143,4.2428575,-0.24285713,87.9,0.11428572,0.11428572,0.25714287,9.542857,0.82857144,5.0522387e-05,0.0012209862,0.0010659241,0.0014682673,0.0005468838,True
2005-12-19,186.085,19.8,1.9857143,3.7285714,0.14285712,86.68572,0.34285712,0.34285712,0.4714286,9.914286,1.0571429,0.0002786219,0.0012329519,0.002172788,0.0011010505,0.008745614,True
2005-12-26,186.115,8.5,2.7857144,4.6714287,1.0857143,88.57143,0.21428573,0.21428573,0.37142858,10.314285,1.3714286,0.0004923418,0.0012761876,0.0028463262,0.009442043,0.0037991796,True
2006-01-02,186.15,12.1,-1.7714287,0.27142856,-4.7571425,87.97143,0.02,0.02,0.2857143,10.3,0.12,0.00012410432,0.0013940036,0.0070619243,0.005632803,0.008922882,True
2006-01-09,186.16000000000005,0.3,-1.3857144,0.51428574,-2.7428572,91.457146,0.10000001,0.10000001,0.17142858,10.2,0.014285714,1.810491e-05,0.0015377775,0.008362912,0.0006383322,0.0037108287,True
2006-01-16,186.18,2.8,-2.6571429,1.1285714,-5.7000003,81.78571,0.071428575,0.071428575,0.29999998,10.2,-1.0285715,1.9684434e-05,0.0016755983,0.009173274,0.0010205023,0.00239129,True
2006-01-23,186.2,13.6,-2.3999999,0.8714285,-5.057143,86.22858,0.14285715,0.14285715,0.37142858,10.471429,-0.9285714,0.0004886091,0.0017959177,0.00948168,0.0096443705,0.007281225,True
2006-01-30,186.1373856531385,0.0,-7.0285716,-2.3714287,-10.928572,80.114296,0.028571429,0.028571429,0.21428572,10.3,-3.5428572,2.4735928e-06,0.0019641668,0.006102982,0.00010545179,0.00035405904,True
2006-02-06,186.12,5.1,-3.9857144,-0.7285715,-7.428571,91.47143,0.014285714,0.014285714,0.20000002,10.214286,-2.4142857,1.835078e-05,0.002147302,0.006430853,0.0008200314,0.0040662475,True
2006-02-13,186.18,20.1,0.24285714,2.5285716,-2.1000001,85.02857,0.37142858,0.37142858,0.4714286,10.657143,-0.028571429,0.0013896078,0.0023389533,0.014160963,0.008224104,0.018931717,True
2006-02-20,186.13,5.6000004,2.5,5.1,0.085714296,84.51429,0.5428571,0.5428571,0.71428573,10.3714285,0.47142857,0.0007492751,0.0026925206,0.008039066,0.016468259,0.0019670054,True
2006-02-27,186.11,2.0,-1.6000001,0.22857141,-3.1571429,84.11428,0.3,0.28571433,0.5714286,10.157143,-0.028571429,1.9609928e-05,0.003352873,0.005669526,0.0006587021,0.005475208,True
2006-03-06,186.18,9.0,-0.9571429,2.0000002,-3.6857145,79.07143,0.37142858,0.35714287,0.8428572,10.114285,-0.042857144,3.285706e-05,0.003896214,0.010714304,0.00091634877,0.009778254,True
2006-03-13,186.21,35.5,-1.1714287,1.6714286,-4.157143,86.614296,0.34285712,0.34285712,0.6571428,10.528571,0.028571429,0.001378715,0.0045056865,0.013130074,0.012701677,0.017388657,True
2006-03-20,186.45,1.1,-0.9,1.3000001,-2.8714287,87.27143,0.42857143,0.4,0.71428573,10.2,0.08571429,0.00025437027,0.0050931275,0.01622763,0.010806337,0.0043377653,True
2006-03-27,186.47000000000003,12.400001,5.3428574,10.042857,1.5428572,74.40001,1.3000001,1.2428571,1.4714286,9.957143,4.214286,0.0013460815,0.005729541,0.0042487895,0.009333966,0.0012973957,True
2006-04-03,186.61,17.0,9.67143,13.428572,6.2571425,75.12858,1.6857144,1.6857144,1.8571428,10.1285715,9.228572,0.00042250752,0.00665012,7.1525574e-07,8.802861e-06,0.0,True
2006-04-10,186.5,0.3,5.571429,10.285714,1.042857,63.657146,1.8285714,1.6,2.1,9.785714,7.5,6.6153705e-05,0.0074763596,4.9557007e-06,1.7138198e-05,1.8835068e-05,True
2006-04-17,186.4,11.4,7.8857145,11.485715,4.2571425,75.67143,1.4285715,1.3428571,1.6714286,9.571428,8.428572,0.00021660328,0.0075915456,1.4469737e-05,8.27834e-05,8.310005e-05,True
2006-04-24,186.31,6.3999996,11.1285715,16.528572,5.457143,70.42857,2.3142858,1.9428569,2.3857143,9.257143,13.557143,0.00021585822,0.007406302,-7.345365000000001e-25,3.7252903e-09,0.0,True
2006-05-01,186.29,15.4,10.385714,15.0,5.7571425,76.85714,2.0571427,1.8285713,2.1285713,9.171429,13.442857,0.00073011965,0.007155396,6.298224e-05,0.0003210064,0.00036145747,True
2006-05-08,186.23,0.0,14.714286,21.485716,7.3,57.657143,4.414286,3.3142858,4.3714285,8.242857,17.042856,4.656613e-06,0.006927088,4.2120614e-06,4.1026622e-05,0.0,True
2006-05-15,186.32,8.5,14.414286,20.5,7.1714287,63.57143,3.5428574,2.1571429,3.5142858,6.8714285,17.785715,0.0001129359,0.006554939,-7.345365000000001e-25,0.0,0.0,True
2006-05-22,186.36,24.4,14.414286,19.457144,10.014285,74.57143,2.8714287,2.3285713,3.0142856,6.9857144,16.285715,0.0002757162,0.0061979815,-7.345365000000001e-25,7.450581e-09,0.0,True
2006-05-29,186.3183877565511,37.5,12.242858,16.428572,7.614286,71.87143,2.8,2.2714286,2.9571426,7.3285713,14.857142,0.0016472787,0.0057989284,-7.345365000000001e-25,3.7252903e-09,0.0,True
2006-06-05,186.3,11.8,9.1285715,13.142858,5.1714287,78.200005,2.1428573,1.8857143,2.2428572,8.185715,12.857142,0.00028145313,0.0055111274,-7.345365000000001e-25,0.0,0.0,True
2006-06-12,186.23,9.6,15.157144,21.714285,7.3857145,65.54286,3.857143,2.7714288,4.1857142,7.5,19.314285,8.85725e-05,0.0052591115,-7.345365000000001e-25,0.0,0.0,True
2006-06-19,186.19000000000003,35.0,20.0,26.685715,12.828572,69.01429,4.3,2.5428574,4.542857,6.385714,24.242857,0.00016462803,0.0048994794,-7.345365000000001e-25,7.450581e-09,0.0,True
2006-06-26,186.12,1.4000001,20.385714,26.357143,14.428572,69.35714,4.457143,2.2857144,4.4857144,5.957143,24.77143,7.341802e-05,0.0045481846,-7.345365000000001e-25,7.450581e-09,0.0,True
2006-07-03,186.07,0.5,18.97143,24.6,12.842857,66.04286,4.2000003,1.7428571,4.4428573,5.7,23.185715,0.00012604892,0.004185818,-7.345365000000001e-25,7.450581e-09,0.0,True
2006-07-10,186.03,27.9,22.300001,28.728573,15.900001,66.942856,4.571429,2.0142856,4.785714,5.5857143,25.557142,0.00019054115,0.0038081706,-7.345365000000001e-25,1.1175871e-08,0.0,True
2006-07-17,186.0,0.0,20.771427,27.5,13.542857,62.142857,4.8285713,2.2142856,4.7714286,5.285714,25.671429,8.766353e-05,0.0034775436,-7.345365000000001e-25,5.5879354e-09,0.0,True
2006-07-24,185.97000000000003,0.1,24.828571,32.614285,16.2,50.128574,5.1571426,1.0428572,5.7285714,4.8285713,27.257143,1.7300248e-05,0.0031304434,-7.345365000000001e-25,7.450581e-09,0.0,True
2006-07-31,185.94584315158687,11.799999,23.52857,30.800001,17.77143,64.02857,4.142857,1.3571428,4.4,4.785714,26.657143,0.00012241304,0.0028152242,-7.345365000000001e-25,7.450581e-09,0.0,True
2006-08-07,185.96350460821995,35.2,17.514286,22.7,12.871429,73.88572,2.8285713,1.8142855,3.1000001,5.1857142,20.442858,0.00031605363,0.0025782287,-7.345365000000001e-25,1.6763806e-08,0.0,True
2006-08-14,186.0102458068749,6.3,15.157144,19.757143,11.871429,75.90001,2.085714,1.6142857,2.4285715,5.6285715,18.414286,0.00017030537,0.0023916587,-7.345365000000001e-25,3.7252903e-09,0.0,True
2006-08-21,185.97934462159017,18.1,17.757143,23.77143,12.771429,73.71429,2.6000001,2.1571429,3.0857143,5.885714,19.671429,0.00018398464,0.0022289753,-7.345365000000001e-25,1.1175871e-08,0.0,True
2006-08-28,185.98,12.7,15.300001,20.042858,11.685715,79.67143,1.8857144,1.6857145,2.2714286,6.2,17.542856,0.00031024218,0.0020887032,-7.345365000000001e-25,7.450581e-09,0.0,True
2006-09-04,185.98,6.1,16.87143,21.157145,13.214286,71.28571,2.242857,1.9285715,3.0714285,6.9,17.12857,8.788705e-05,0.0019794852,-7.345365000000001e-25,1.6763806e-08,0.0,True
2006-09-11,186.03,23.3,16.628572,23.857143,10.185715,68.700005,2.4428573,1.7285713,3.1285713,6.1,19.042856,3.1009316e-05,0.0018735826,-7.345365000000001e-25,3.7252903e-09,0.0,True
2006-09-18,186.01,51.0,19.1,26.942858,12.357142,62.18572,2.6,1.457143,3.5285714,5.3,20.12857,4.7713518e-05,0.0017654523,-7.345365000000001e-25,1.1175871e-08,0.0,True
2006-09-25,186.06,0.7,16.614286,23.757143,10.328572,67.67143,2.1571426,0.95714283,2.5571427,5.071429,18.2,1.642108e-05,0.0016671568,-7.345365000000001e-25,5.5879354e-09,0.0,True
2006-10-02,186.1,24.7,15.857142,20.185715,11.942858,82.200005,1.2,0.7285714,1.5428572,5.242857,17.442858,0.00011035055,0.0015814751,-7.345365000000001e-25,1.8626451e-09,0.0,True
2006-10-09,186.12,27.4,12.057143,15.985715,8.914286,82.5,0.9714286,0.8142857,1.2428571,6.1857142,13.014286,0.0003683716,0.0015145242,-7.345365000000001e-25,5.5879354e-09,0.0,True
2006-10-16,186.16000000000005,0.1,10.814286,15.342857,7.085714,87.87144,0.7571429,0.5285714,0.87142855,6.1857142,12.957143,4.775822e-06,0.0014576092,-7.345365000000001e-25,3.7252903e-09,0.0,True
2006-10-23,186.11,4.0,12.328572,17.47143,8.385715,75.314285,0.84285706,0.61428577,1.4,6.0,11.457143,5.4948032e-05,0.0014076233,-7.345365000000001e-25,9.313226e-09,0.0,True
2006-10-30,186.08865449036165,8.8,13.214286,16.985714,9.057143,75.957146,1.1,0.8142857,1.4714286,6.1857142,12.414286,0.00021202862,0.0013611466,-7.345365000000001e-25,7.450581e-09,0.0,True
2006-11-06,186.09,3.9,6.057143,9.085714,3.2000003,78.28571,0.7,0.6,1.0714285,6.4714284,5.9714284,0.000209108,0.0013233125,0.00082945253,0.0028101746,0.002755735,True
2006-11-13,186.02,14.1,7.057143,10.242858,3.9428573,78.114296,0.7285714,0.6571428,0.9714286,6.9,6.3285713,0.00017938018,0.0012940764,1.5213376e-06,1.360476e-05,0.0,True
2006-11-20,186.03,1.7,10.457144,14.028572,7.657143,79.057144,0.51428574,0.44285718,0.85714287,7.2714286,8.428572,6.981194e-05,0.0012722537,-7.345365000000001e-25,7.450581e-09,0.0,True
2006-11-27,185.99,8.2,8.242857,11.714286,5.4000006,79.98572,0.42857143,0.38571426,0.78571427,7.6285715,6.242857,9.185076e-05,0.0012559071,-7.345365000000001e-25,0.0,0.0,True
2006-12-04,186.02,0.6,5.9857144,8.842857,3.3714287,85.02857,0.3,0.25714287,0.4857143,7.6714287,4.9714284,3.9801e-05,0.0012431443,-7.345365000000001e-25,0.0,0.0,True
2006-12-11,186.05,5.1000004,7.785714,10.3714285,4.657143,77.01429,0.55714285,0.48571426,0.9857143,7.6857142,6.0,8.4728e-05,0.0012318119,-7.345365000000001e-25,3.7252903e-09,0.0,True
2006-12-18,186.09,6.7,5.3428574,8.342857,2.7,80.42857,0.34285712,0.34285712,0.64285713,8.1,3.642857,0.00015428662,0.0012225732,5.3536325e-05,0.00047917105,0.00046673417,True
2006-12-25,186.02,1.5,3.0285716,4.1714287,1.9428571,92.114296,0.12857144,0.12857144,0.27142859,8.2,2.357143,4.48972e-05,0.0012165904,2.1911803e-05,3.5317615e-05,0.00014927611,True
2007-01-01,186.1,10.5,3.2714286,6.442857,0.44285718,81.542854,0.23333333,0.23333333,0.61428577,8.25,0.9,0.00019235909,0.0012136549,0.0015889179,0.005307084,0.0052983277,True
2007-01-08,186.05,4.7,6.4857144,8.185715,4.3857145,79.78571,0.6,0.5714286,0.85714287,8.657143,4.6,0.00017208606,0.0012139305,1.8783978e-05,7.6498836e-05,0.0,True
2007-01-15,186.13,7.1000004,8.057143,10.771429,4.9714284,72.71429,1.042857,0.9857143,1.3000001,8.8714285,6.1857142,0.00013777614,0.001227349,-7.345365000000001e-25,1.8626451e-08,0.0,True
2007-01-22,186.2,16.6,7.0428576,9.900001,2.9857144,73.87144,1.0571429,1.0571429,1.3285714,9.785714,5.285714,0.0012200177,0.0012564138,7.606688e-07,1.8626451e-09,3.1478703e-05,True
2007-01-29,186.22937907038232,13.7,-1.4857142,0.44285712,-4.2000003,82.21429,0.2857143,0.2857143,0.5714286,10.214286,-0.014285714,0.00030483305,0.0013096482,0.005975769,0.00711406,0.011744373,True
2007-02-05,186.2933953082197,1.7,5.0,7.1285715,2.5,81.61428,0.5428571,0.5285714,0.75714284,10.071428,3.5714285,0.00018852949,0.0013971627,0.0007777725,0.003991224,0.0,False
2007-02-12,186.3082684945246,10.3,2.1571429,4.6285715,-0.2857143,87.34286,0.35714287,0.35714287,0.4857143,10.242857,1.8142858,0.0003697425,0.0015361682,0.001779227,0.0049154665,0.0049693473,True
2007-02-19,186.256885886667,6.1,4.5285716,8.028571,1.6857144,79.957146,0.7857143,0.7714286,0.85714287,10.385715,4.3285713,0.00029751658,0.001742661,4.1070438e-05,0.0003367029,0.0,True
2007-02-26,186.2647816111311,4.7,5.857143,10.2,2.2428572,78.0,0.78571427,0.74285716,1.0142857,10.0,4.928571,0.00012619793,0.0020374283,5.6198667e-07,3.2987446e-06,1.2516975e-06,True
2007-03-05,186.28339985951243,15.8,6.0428576,10.285714,2.4428573,78.57143,1.1285714,1.1285714,1.1714286,10.457143,5.5142856,0.00048400462,0.002278082,9.584427e-05,0.00072432496,0.0007612109,False
2007-03-12,186.33571362618653,3.7,7.285714,12.6285715,2.1571429,74.34286,1.3000001,1.1714286,1.3428571,9.957143,6.928571,8.507073e-05,0.0025671348,8.134615e-06,5.649589e-05,0.0,True
2007-03-19,186.32334677901284,5.6,6.8428574,11.599999,1.6142857,74.1,1.3714286,1.1999999,1.5,9.471429,7.8428574,9.815395e-05,0.0028023273,1.1353266e-08,2.7380884e-07,4.246831e-07,False
2007-03-26,186.3783315266465,25.4,4.3857145,8.3,0.7571429,81.471436,1.4571428,1.3999999,1.3285714,10.014286,5.257143,0.0006445646,0.0029564947,0.003920436,0.016670214,0.017065201,True
2007-04-02,186.34,0.0,8.685715,15.742858,1.7285715,60.514286,2.5571427,2.0142858,2.6285713,9.328571,10.2,7.2456896e-05,0.003195785,3.507024e-05,0.0002290979,0.0,True
2007-04-09,186.32,1.6,7.1,12.371429,1.7285715,69.557144,2.0285714,1.557143,1.9142857,8.571428,10.0,2.1383166e-05,0.003341712,1.9510588e-05,9.427406e-05,9.7319484e-05,True
2007-04-16,186.3,0.0,13.314286,20.257143,5.457143,63.214287,3.414286,2.2142856,3.2285714,7.6285715,14.7,3.4868717e-06,0.0033336878,-7.345365000000001e-25,3.7625432e-07,0.0,True
2007-04-23,186.26,1.5,10.099999,16.657145,2.6000001,57.457146,3.1857142,1.2714285,3.2142856,6.757143,14.085714,2.3126602e-05,0.003223978,-7.345365000000001e-25,0.0,0.0,True
2007-04-30,186.21728836326827,1.6,14.400001,21.085714,6.642857,60.828575,3.885714,1.042857,3.7,6.2285714,17.614286,4.9322844e-05,0.0030837953,-7.345365000000001e-25,0.0,0.0,True
2007-05-07,186.25,13.9,12.828572,19.642857,4.785714,51.42857,3.8857143,0.67142856,4.071429,5.9,16.314285,2.6494265e-05,0.0028952956,-7.345365000000001e-25,0.0,0.0,True
2007-05-14,186.21,23.0,14.242858,19.214285,8.971429,68.92857,3.2428572,2.7000003,3.2714286,6.7714286,15.285714,0.0001476556,0.0027227774,-7.345365000000001e-25,3.7252903e-09,0.0,True
2007-05-21,186.19000000000003,5.0,14.3714285,21.142857,7.071429,69.942856,3.3571427,2.628571,3.7000003,6.7285714,17.057142,0.00013837218,0.0025460124,-7.345365000000001e-25,7.450581e-09,0.0,True
2007-05-28,186.15,37.6,19.2,25.685715,13.828572,75.8,3.6857145,2.8142858,3.8,6.0857143,22.742857,0.00027133524,0.0023547634,-7.345365000000001e-25,3.7252903e-09,0.0,True
2007-06-04,186.15,8.8,14.614286,18.87143,10.0,78.200005,2.5142856,2.2,2.642857,8.1,18.457144,0.0009344071,0.0022134483,-7.345365000000001e-25,1.1175871e-08,0.0,True
2007-06-11,186.1,0.0,20.928572,27.357143,13.871429,67.98572,4.2714286,3.242857,4.8285713,7.142857,24.357143,3.515184e-05,0.0020936355,-7.345365000000001e-25,3.7252903e-09,0.0,True
2007-06-18,186.06,82.799995,19.328571,25.957144,13.6285715,69.91429,4.028571,3.5285714,4.3857145,7.3428574,23.071428,0.0011507273,0.0019514561,-7.345365000000001e-25,3.7252903e-09,0.0,True
2007-06-25,186.09,22.1,18.285715,24.300001,12.885715,73.85714,3.6285717,3.2714286,3.7285712,8.3714285,22.028572,0.00030334294,0.0018342808,-7.345365000000001e-25,1.1175871e-08,0.0,True
2007-07-02,185.99,8.8,15.814286,20.77143,11.642858,70.37143,2.9571426,2.6571426,3.5142858,8.2,17.814285,0.00022492558,0.0017409772,-7.345365000000001e-25,1.1175871e-08,0.0,True
2007-07-09,186.02,23.0,15.800001,20.585714,11.728571,70.91429,3.0857143,2.7857144,3.542857,8.328571,17.885714,0.00026248395,0.0016631782,-7.345365000000001e-25,1.4901161e-08,0.0,True
2007-07-16,186.05,10.2,20.27143,26.457144,14.1,64.38572,3.8857143,3.1857145,4.571429,8.357142,21.057142,8.483231e-05,0.0015912503,-7.345365000000001e-25,1.1175871e-08,0.0,True
2007-07-23,186.2,50.9,20.214285,26.585714,14.771429,68.814285,3.8714283,3.257143,3.957143,7.8142858,23.9,0.0012817979,0.0015003681,-7.345365000000001e-25,1.1175871e-08,0.0,True
2007-07-30,186.24259547683508,19.2,17.485714,22.028574,13.071428,68.41429,3.2571428,2.8714283,3.7142856,8.414286,19.542856,0.000806503,0.0014253408,-7.345365000000001e-25,1.4901161e-08,0.0,True
2007-08-06,186.23,8.0,16.800001,23.185715,10.271429,65.47143,3.3714287,2.642857,3.7714286,7.8428574,19.857143,4.6238303e-05,0.0013663918,-7.345365000000001e-25,7.450581e-09,0.0,True
2007-08-13,186.64,66.5,18.128572,22.757143,14.614286,83.01429,2.2285714,1.8999999,2.3,8.057143,21.2,0.0018502176,0.0013086647,-7.345365000000001e-25,9.313226e-09,0.0,True
2007-08-20,186.57,13.0,18.84286,24.614286,12.957144,67.12858,2.8142855,2.3142858,3.457143,8.042857,21.114286,8.7454915e-05,0.0012691095,-7.345365000000001e-25,5.5879354e-09,0.0,True
2007-08-27,186.41000000000005,13.5,17.742857,23.0,13.228572,77.28571,2.4714286,2.1714284,2.7,8.757143,20.971428,0.00073349476,0.0012358055,-7.345365000000001e-25,7.450581e-09,0.0,True
2007-09-03,186.32,10.599999,14.214286,18.67143,9.885715,71.557144,1.7714287,1.4857143,2.3285713,8.257143,17.428572,0.00015542656,0.0012100041,-7.345365000000001e-25,7.450581e-09,0.0,True
2007-09-10,186.34,25.2,12.057143,15.385715,9.400001,83.51429,1.2857143,1.2142857,1.4428571,8.914286,13.685715,0.00029931962,0.0011946931,-7.345365000000001e-25,1.4901161e-08,0.0,True
2007-09-17,186.36,3.4,13.957143,18.828571,8.814286,73.62858,1.7428571,1.542857,2.2428572,8.957143,15.014286,0.00014077127,0.0011869967,-7.345365000000001e-25,7.450581e-09,0.0,True
2007-09-24,186.41000000000005,14.1,13.657143,19.814285,7.9428573,71.48572,1.6000001,1.3714286,2.1714284,8.928572,14.357142,0.00038523972,0.001178816,-7.345365000000001e-25,3.7252903e-09,0.0,True
2007-10-01,186.7,88.0,11.942858,15.17143,8.428572,83.328575,0.95714283,0.95714283,1.2142857,10.171429,12.971429,0.0047648847,0.0026106015,-7.345365000000001e-25,1.1175871e-08,0.0,True
2007-10-08,186.68,0.2,11.842857,15.400001,8.671429,86.299995,0.7285715,0.71428573,0.9428572,10.157143,13.385715,0.00017485023,0.0013671145,-7.345365000000001e-25,1.8626451e-09,0.0,True
2007-10-15,186.61,0.0,9.285714,14.028572,4.8,77.542854,0.75714284,0.64285713,1.0857142,9.771428,10.171429,3.4734607e-05,0.0015551075,-7.345365000000001e-25,1.8626451e-09,0.0,True
2007-10-22,186.41000000000005,10.8,6.928571,10.7,3.357143,81.77143,0.7142858,0.64285713,0.94285715,9.528571,7.7285714,0.00021186471,0.0016875714,1.1920929e-07,5.2526593e-07,2.3916364e-06,True
2007-10-29,186.4446380150036,1.5999999,5.971429,8.171429,3.8285716,89.0,0.34285715,0.31428573,0.55714285,9.514286,6.357143,3.682077e-05,0.0017926916,2.6680175e-07,1.8719584e-06,0.0,True
2007-11-05,186.4,8.7,7.914286,10.385715,5.0142856,85.9,0.3571429,0.3285714,0.5428571,9.471429,7.1714287,6.02901e-05,0.0018822998,-7.345365000000001e-25,3.7252903e-09,0.0,True
2007-11-12,186.59,37.100002,4.785714,7.3428574,2.7285714,83.700005,0.7285715,0.7285715,0.8,10.485714,4.385714,0.0015537515,0.0022314861,0.001053776,0.0033791345,0.0058923103,True
2007-11-19,186.64,10.5,1.4857143,3.2428572,-0.4714286,90.97143,0.21428573,0.21428573,0.3,10.642858,1.6142857,0.00037035346,0.0023601577,0.0073858043,0.008375863,0.010652026,True
2007-11-26,186.62,8.1,3.2428572,5.6714287,0.6714286,82.72858,0.27142859,0.27142859,0.5714286,10.242857,1.7428571,0.00034432858,0.0029452592,0.0021392277,0.0045967456,0.0029212981,True
2007-12-03,186.61,5.9,3.8714287,6.2428575,1.7714287,80.44286,0.5,0.5,0.7428571,10.357142,2.3428571,0.000297606,0.0035701022,0.001919928,0.0039660856,0.00081006065,True
2007-12-10,186.58,15.200001,6.3,8.8,3.8714287,78.68572,0.5714286,0.5714286,0.88571423,10.557143,4.6,0.00024807453,0.004158251,9.3437375e-06,4.9486756e-05,1.3466924e-05,True
2007-12-17,186.51,12.7,0.7714286,2.1714287,-0.5571429,86.54286,0.14285716,0.14285716,0.37142858,10.357142,1.3571428,0.00025504827,0.004791282,0.0005756049,4.1585416e-05,0.0014583431,True
2007-12-24,186.46,1.3,-3.2000003,-1.0,-5.3857145,90.5,0.0,0.0,0.17142858,10.2,-1.6285714,3.6731362e-06,0.0054130703,0.0014609155,0.00015088543,0.00093588233,True
2007-12-31,186.43474518661287,2.1000001,0.7285714,2.9,-1.3571428,82.38572,0.14285715,0.12857142,0.51428574,10.185715,-0.8428571,6.300956e-05,0.005735874,0.0017531315,0.0010754,0.00081070885,True
2008-01-07,186.42,3.5,0.042857137,2.057143,-2.3142858,82.814285,0.14285715,0.14285715,0.4857143,10.328571,-0.87142855,0.0001514852,0.0058084354,0.002407829,0.0017371681,0.0015195347,True
2008-01-14,186.37,0.3,4.2285714,7.3142858,1.4142858,76.42857,0.44285712,0.44285712,0.7,10.3,0.3,3.887713e-05,0.005791813,0.0003620443,0.0011599362,0.0,True
2008-01-21,186.38,18.0,7.928571,10.285714,5.2571435,77.37144,0.78571427,0.7571429,1.0714285,10.4,4.385714,0.00019714236,0.005752392,8.077848e-06,4.3980777e-05,0.0,True
2008-01-28,186.41000000000005,8.3,5.3285713,7.885715,2.957143,76.700005,0.77142864,0.77142864,0.9714286,10.471429,3.7142856,0.00027627498,0.005705647,9.1399466e-05,0.00022980571,0.0002472587,True
2008-02-04,186.36,3.7,3.057143,5.957143,0.42857143,76.41429,0.5714286,0.5714286,0.8,10.2,2.2285714,9.36687e-05,0.005675219,0.00016131854,0.00032087788,0.00053630024,True
2008-02-11,186.4,8.3,4.8142858,9.285714,1.2857143,77.04286,0.7285714,0.6857143,0.7428571,10.1285715,3.4714286,0.00012160838,0.005658284,3.9123355e-05,0.00020237081,0.0,True
2008-02-18,186.33,1.0,0.47142857,3.1571429,-2.457143,77.299995,0.42857143,0.35714287,0.67142856,9.928572,1.2142857,1.8373132e-05,0.005638629,0.0007999341,0.00020290911,0.0016671084,True
2008-02-25,186.31,4.2,6.871429,10.642858,3.2714288,77.01429,1.0142857,0.90000004,1.2142857,9.671429,5.3428574,0.00010058284,0.005599864,0.00031043234,0.0013117678,2.9802322e-08,True
2008-03-03,186.33,20.8,7.328572,10.271429,3.7857144,71.98572,1.3428571,1.3,1.5,9.971429,6.142857,0.0014170259,0.005521938,-7.345365000000001e-25,3.632158e-07,0.0,True
2008-03-10,186.36,1.3000001,4.6857142,8.714286,1.1428572,69.92857,1.1428572,1.0571429,1.4428571,10.142858,4.4857144,6.745756e-05,0.0054618493,0.00017498221,0.00040636957,0.0004473664,True
2008-03-17,186.38,12.0,6.714286,10.585715,2.9714286,70.442856,1.4428571,1.4,1.7428571,10.171429,6.3428574,0.00029658526,0.0053963065,7.89052e-06,2.7896836e-05,0.0002052337,True
2008-03-24,186.42,16.8,0.9714286,4.6714287,-1.7571429,82.0,0.9285714,0.9142858,1.0428572,10.3,2.6,0.00028500706,0.005338013,0.004583001,0.0063057244,0.013785433,True
2008-03-31,186.44690888564864,0.4,5.6857142,10.557143,1.3857144,67.67143,1.6428572,1.4999999,2.0,9.957143,5.642857,0.00018200278,0.0053167343,0.0035758757,0.007504048,0.0017474145,True
2008-04-07,186.48,17.3,6.157143,9.828572,3.3285716,80.21429,1.1857141,1.1428571,1.3571428,9.814285,7.785714,0.00044971704,0.005271256,0.00012803645,0.00057502836,0.00086700916,True
2008-04-14,186.53,25.800001,6.7428575,11.0,2.8428574,78.65715,1.5142858,1.4857142,1.6571429,10.328571,8.728572,0.0018486306,0.005409412,7.0288064e-05,0.00036051497,2.9958785e-05,True
2008-04-21,186.59,12.6,6.157143,9.428572,2.4857142,81.22857,1.5571429,1.4857143,1.4857142,10.257143,8.8714285,0.00020635128,0.0057885423,9.082613e-08,1.0337681e-06,0.0,True
2008-04-28,186.52,9.6,11.5,17.314287,5.5428576,67.6,2.7857144,2.4142857,2.7428572,9.557143,13.6285715,0.0001616031,0.006011933,-7.345365000000001e-25,0.0,0.0,True
2008-05-05,186.49,14.200001,11.271429,16.614286,5.585715,74.4,2.542857,2.2428572,2.457143,9.328571,14.857142,0.00028122962,0.005900912,-7.345365000000001e-25,0.0,0.0,True
2008-05-12,186.52,0.0,15.085715,21.757143,6.857143,59.54286,4.2571425,3.0142858,4.1714287,8.057143,18.657143,8.538365e-06,0.0056869984,-7.345365000000001e-25,0.0,0.0,True
2008-05-19,186.44000000000003,9.8,14.085715,19.685715,8.3714285,73.58572,2.8285716,1.8857143,2.957143,7.1,18.257143,0.00019101799,0.005375758,-7.345365000000001e-25,0.0,0.0,True
2008-05-26,186.36,0.4,13.657144,19.0,8.1,70.685715,2.8285713,1.3999999,2.857143,6.7,16.985714,3.2499433e-05,0.0050927624,-7.345365000000001e-25,0.0,0.0,True
2008-06-02,186.23,2.0,19.885715,26.828571,13.814286,72.62858,4.6571426,1.2285713,4.1714287,6.0571427,23.285715,0.00014368445,0.0047292933,-7.345365000000001e-25,1.1175871e-08,0.0,True
2008-06-09,186.19000000000003,24.1,18.5,24.928572,12.099999,68.27143,4.085714,1.5142858,4.1285715,6.0,22.471428,0.00026033074,0.0043607354,-7.345365000000001e-25,0.0,0.0,True
2008-06-16,186.19000000000003,26.8,13.67143,18.800001,9.2,74.557144,3.057143,1.5714284,2.8714287,5.9714284,18.87143,0.00024362653,0.0039946064,-7.345365000000001e-25,3.7252903e-09,0.0,True
2008-06-23,186.14,2.9,18.1,24.242859,11.5,64.5,4.428571,2.2142856,4.3857145,5.7285714,21.585714,2.5764108e-05,0.0036848634,-7.345365000000001e-25,3.7252903e-09,0.0,True
2008-06-30,186.08468578553305,0.7,18.314287,24.214285,12.057143,66.67143,4.2428575,1.7714288,4.2,5.5142856,22.242857,0.00020564348,0.0033672974,-7.345365000000001e-25,7.450581e-09,0.0,True
2008-07-07,186.11,20.2,19.757143,26.914288,12.6,63.471428,4.5571427,1.9714286,4.571429,5.4714284,23.22857,0.0005520135,0.0030620396,-7.345365000000001e-25,7.450581e-09,0.0,True
2008-07-14,186.09,9.9,17.171429,22.87143,12.685715,72.17143,3.0285714,2.1,3.3285713,5.5142856,19.62857,0.00019931793,0.0028177723,-7.345365000000001e-25,1.1175871e-08,0.0,True
2008-07-21,186.13,13.400001,16.242857,21.814287,11.857142,72.02857,2.7571428,1.9428571,3.2428572,5.4,18.571428,0.00017881393,0.002622448,-7.345365000000001e-25,7.450581e-09,0.0,True
2008-07-28,186.19000000000003,33.7,19.714285,26.0,13.071428,68.957146,4.042857,2.3714287,3.9142857,5.2714286,21.885714,0.00016708672,0.0024508685,-7.345365000000001e-25,1.1175871e-08,0.0,True
2008-08-04,186.08,9.5,22.300001,28.685715,16.157145,60.228573,3.9714286,1.9142857,4.5285716,4.757143,24.114286,9.407103e-05,0.0022653192,-7.345365000000001e-25,5.5879354e-09,0.0,True
2008-08-11,186.07,11.2,19.742857,26.071428,13.471429,60.11429,3.757143,1.8285713,4.428571,4.6285715,21.571428,5.6236982e-05,0.0021029934,-7.345365000000001e-25,1.1175871e-08,0.0,True
2008-08-18,186.11,15.400001,17.47143,22.571428,12.228572,66.185715,2.7571428,1.5857142,3.3714287,4.8428574,19.5,0.00025965273,0.0019648299,-7.345365000000001e-25,7.450581e-09,0.0,True
2008-08-25,186.07,15.4,17.285715,22.857143,12.7,68.84286,2.4857142,1.8571428,3.3,5.0571427,18.957144,0.0002001971,0.0018411875,-7.345365000000001e-25,7.450581e-09,0.0,True
2008-09-01,186.06,0.3,17.957144,23.571428,13.142858,69.0,2.2714286,1.5,3.042857,4.9428573,19.485714,0.00011648238,0.0017362311,-7.345365000000001e-25,9.313226e-09,0.0,True
2008-09-08,186.11,33.8,17.242857,22.5,12.2,75.6,1.9428571,1.5857142,2.3857143,5.457143,18.742857,0.00026153028,0.0016440079,-7.345365000000001e-25,7.450581e-09,0.0,True
2008-09-15,186.14,0.2,14.328572,19.02857,9.428572,71.44286,1.7,1.2571429,2.357143,5.5571427,16.685715,4.579127e-05,0.0015626401,-7.345365000000001e-25,5.5879354e-09,0.0,True
2008-09-22,186.09,11.0,8.957143,13.071428,4.785714,77.057144,0.94285727,0.6857143,1.2571429,5.428571,11.571428,0.00015881658,0.0014986843,-7.345365000000001e-25,0.0,0.0,True
2008-09-29,186.1380693470745,9.900001,10.3714285,14.842857,6.2571425,85.08572,0.88571435,0.71428573,1.1285714,5.9857144,11.6,0.00012855232,0.001448825,-7.345365000000001e-25,1.8626451e-09,0.0,True
2008-10-06,186.14,12.2,9.857142,13.385715,6.5,76.35714,0.9571428,0.9,1.5285714,6.1714287,9.8,0.00022135675,0.0014033653,-7.345365000000001e-25,7.450581e-09,0.0,True
2008-10-13,186.18,0.1,13.157144,18.800001,8.928572,81.51428,0.64285713,0.54285717,1.2714285,6.2714286,12.385715,3.3698976e-05,0.0013663024,-7.345365000000001e-25,5.5879354e-09,0.0,True
2008-10-20,186.24,9.0,10.285714,14.6285715,6.1,78.057144,0.7285714,0.64285713,1.1428572,6.542857,10.042857,0.0007577315,0.0013336688,-7.345365000000001e-25,5.5879354e-09,0.0,True
2008-10-27,186.19000000000003,19.800001,8.5,12.8714285,4.6857142,81.328575,0.5714286,0.5142857,0.9142857,7.042857,8.342857,0.00025773048,0.0013060495,-7.345365000000001e-25,1.8626451e-09,0.0,True
2008-11-03,186.21,23.4,4.714286,6.6571426,2.6000001,93.814285,0.24285717,0.24285717,0.34285715,8.657143,6.0,0.00040784478,0.0012894869,0.0015438965,0.005128611,0.0051691867,True
2008-11-10,186.25,0.4,9.571428,11.314286,7.657143,88.1,0.34285715,0.3285714,0.7285714,8.985714,8.557143,1.8253922e-05,0.001288265,2.1872067e-05,0.00017940812,0.0,True
2008-11-17,186.31,0.0,7.085715,10.614286,3.2,77.24286,0.41428572,0.3857143,0.87142855,8.842857,6.071429,9.37283e-06,0.001292564,-7.345365000000001e-25,1.8626451e-09,0.0,True
2008-11-24,186.36,19.2,2.7857144,4.9428573,0.27142859,81.4,0.4,0.3857143,0.74285716,9.414286,2.7857144,0.00030830503,0.0012997985,0.0021658796,0.00013783947,0.011651471,True
2008-12-01,186.32,13.6,1.0142857,3.3285716,-1.7857143,84.58572,0.20000002,0.20000002,0.45714286,9.728572,0.71428573,0.00024577975,0.0013216585,0.008194441,0.007492047,0.0074926578,True
2008-12-08,186.35,8.4,2.7142856,4.471429,0.51428574,85.94286,0.25714287,0.25714287,0.4857143,10.114285,1.3857143,0.0004659593,0.0013717785,0.005628262,0.010735245,0.001351716,True
2008-12-15,186.41000000000005,10.2,0.2,2.1571429,-1.4142858,91.64286,0.114285715,0.114285715,0.17142858,10.285714,0.5285714,6.765127e-05,0.0015042722,0.0068856818,0.003131248,0.010216821,True
2008-12-22,186.46,7.1,3.1571429,4.9857144,1.1571429,89.21429,0.27142856,0.27142856,0.4857143,10.3,1.8428571,0.00044445693,0.0016714558,0.004887524,0.010239046,0.0015062392,True
2008-12-29,186.4559211632997,6.7,-0.7285715,1.3428571,-2.7285714,86.87144,0.08571429,0.08571429,0.3285714,10.314285,0.74285716,0.00018046796,0.0019184873,0.00031815824,0.00025385804,0.00045354664,True
2009-01-05,186.51,8.6,-3.914286,-0.62857145,-7.8857145,85.62858,0.0,0.0,0.21428572,10.3,-3.45,4.4703484e-07,0.0022444278,0.00362025,1.019612e-05,0.014166027,True
2009-01-12,186.49,0.1,-8.528571,-3.7142856,-13.414286,79.02857,0.0,0.0,0.2857143,10.3,-1.9714285,0.0,0.002504155,0.014205564,0.0,0.00041342154,True
2009-01-19,186.53,3.5,0.19999994,2.9,-3.257143,79.82857,0.21428572,0.21428572,0.5428571,10.257143,-0.94285715,0.00030019134,0.0026816204,0.011647071,0.009153748,0.0014051758,True
2009-01-26,186.48,3.5,1.3571428,4.257143,-1.4571428,83.74286,0.31428573,0.2857143,0.4857143,10.4,0.028571429,0.00022633374,0.0028265715,0.0028276953,0.003866259,0.00043937564,True
2009-02-02,186.3,1.7,-1.2428572,0.114285745,-2.614286,88.6,0.10000001,0.10000001,0.37142855,10.214286,-0.55714285,1.0848045e-05,0.0030348152,0.0036765167,0.0004996229,0.003518954,True
2009-02-09,186.26,2.5,1.8428572,5.785714,-0.9285715,81.957146,0.32857147,0.29999998,0.5857143,10.071428,-0.014285714,0.00010161102,0.0032277405,0.0024203232,0.0031595677,0.00037665293,True
2009-02-16,186.29,15.5,-0.71428573,2.0857143,-3.3999999,85.01429,0.3,0.3,0.55714285,10.385715,0.0,0.000173226,0.0033750385,0.010182001,0.0029867887,0.019982643,True
2009-02-23,186.36,19.6,-0.5,1.5428572,-3.357143,88.6,0.21428572,0.21428572,0.42857143,10.5,0.014285714,0.00079485774,0.0037580356,0.023084918,0.01592524,0.017622512,True
2009-03-02,186.53,8.9,4.428571,6.8714285,2.4285715,87.25715,0.5285715,0.5285715,0.6857143,10.385715,2.2,0.0010211617,0.0041854084,0.008893427,0.019197976,0.0020012595,True
2009-03-09,186.42,14.9,4.2714286,7.7000003,0.7714286,84.74286,0.6857143,0.6857143,0.82857144,10.328571,3.9142857,0.00028800964,0.006242655,0.00011604173,0.00046160072,0.00015479699,True
2009-03-16,186.34,23.8,5.3285713,7.9857144,2.8285716,84.542854,0.8428572,0.8428572,0.9285714,10.542857,5.2,0.00065695494,0.0075916797,0.0007425376,0.0031912513,0.0031274073,True
2009-03-23,186.25,4.3,4.0,8.042857,-0.028571436,69.75715,1.3714286,1.2714285,1.4857142,9.971429,5.285714,0.00017247349,0.0088813305,0.0001534621,0.000421077,0.0005243346,True
2009-03-30,186.29075806294333,7.2,4.5,8.171429,0.8,78.65715,1.0428572,1.0142857,1.1857144,10.085714,5.114286,0.00026302785,0.009353474,0.00059615995,0.0024386756,0.0023833774,True
2009-04-06,186.21,0.1,10.571428,17.0,3.757143,70.67143,2.3428571,1.9285715,2.3285713,9.5,11.728572,2.412498e-05,0.0092628375,2.6566643e-06,1.687184e-05,0.0,True
2009-04-13,186.17,0.0,13.785714,20.814285,6.971429,68.01429,2.9,2.1857142,2.9428573,8.571428,15.457143,4.5984983e-05,0.008930348,-7.345365000000001e-25,1.8626451e-09,0.0,True
2009-04-20,186.12,26.7,11.671428,17.628572,5.6857142,72.200005,2.7857144,2.0571427,2.5714285,8.142858,14.428572,0.00028387457,0.00839898,-7.345365000000001e-25,0.0,0.0,True
2009-04-27,186.07,5.3,11.985715,18.428572,5.614286,65.957146,3.2428572,2.0285716,3.0142858,7.8,14.714286,5.3860247e-05,0.0078127235,-7.345365000000001e-25,0.0,0.0,True
2009-05-04,186.02,19.0,12.800001,18.6,7.7571435,76.65715,2.7571428,1.6999999,2.6000001,7.614286,16.185715,0.0003086701,0.0071814135,-7.345365000000001e-25,0.0,0.0,True
2009-05-11,185.95,23.0,12.485715,17.042858,7.7000003,76.8,2.5,2.057143,2.3428571,7.4714284,15.114285,0.00030693412,0.0066166446,-7.345365000000001e-25,7.450581e-09,0.0,True
2009-05-18,185.93,7.6,13.657144,19.714285,7.4428573,68.814285,3.0714283,2.3714283,3.3428571,7.742857,16.5,0.00020293146,0.0060767382,-7.345365000000001e-25,3.7252903e-09,0.0,True
2009-05-25,185.9,13.900001,16.5,22.628572,10.071428,70.1,3.7285717,2.7285717,3.857143,7.4714284,20.72857,0.00019338727,0.005543269,-7.345365000000001e-25,7.450581e-09,0.0,True
2009-06-01,186.02,22.4,14.042857,19.228573,8.7,74.200005,3.142857,2.5571427,3.0,7.1,17.642857,0.00019861013,0.005072251,-7.345365000000001e-25,7.450581e-09,0.0,True
2009-06-08,186.02,7.1000004,12.071428,16.77143,7.371429,70.64286,2.9428573,2.1285713,3.1142857,6.642857,16.385714,0.00020346045,0.0046791583,-7.345365000000001e-25,0.0,0.0,True
2009-06-15,186.04,42.8,14.642858,20.300001,9.185715,73.48572,3.4571426,2.8285716,3.3999999,6.571429,17.957144,0.0010278821,0.0043145865,-7.345365000000001e-25,7.450581e-09,0.0,True
2009-06-22,186.01,9.4,14.285714,19.214285,9.457143,77.91429,2.9857142,2.3285713,2.7428572,6.5142856,18.857143,0.00029987097,0.003986314,-7.345365000000001e-25,3.7252903e-09,0.0,True
2009-06-29,186.01619577416224,3.4,16.6,20.728573,12.728571,83.52857,2.5571427,1.8571428,2.1857142,6.4,19.6,0.00032152236,0.0037548095,-7.345365000000001e-25,1.4901161e-08,0.0,True
2009-07-06,185.99,9.7,21.071428,26.828571,15.057143,73.62858,3.557143,2.4714284,3.9857144,6.2285714,24.542856,0.00020188093,0.0035507157,-7.345365000000001e-25,1.1175871e-08,0.0,True
2009-07-13,185.93,23.6,15.971429,21.528574,11.714286,74.87144,3.0000002,2.3428571,3.1000001,6.1857142,19.014286,0.00022635609,0.003351733,-7.345365000000001e-25,7.450581e-09,0.0,True
2009-07-20,185.96,21.8,19.014286,24.242857,14.528572,72.52857,3.128571,2.457143,3.3714287,6.571429,21.27143,0.0008638054,0.0031787306,-7.345365000000001e-25,1.8626451e-08,0.0,True
2009-07-27,186.04,23.6,19.242857,25.257143,13.6285715,68.700005,3.757143,3.1142857,3.9142857,6.9,21.457144,0.0001989752,0.0030193925,-7.345365000000001e-25,7.450581e-09,0.0,True
2009-08-03,185.99,1.4,19.214285,25.47143,12.67143,61.414288,3.6285713,2.4285715,4.071429,6.0857143,22.414286,7.4863434e-05,0.0028534457,-7.345365000000001e-25,1.1175871e-08,0.0,True
2009-08-10,185.97000000000003,2.4,20.34286,27.128572,13.6285715,62.17143,3.6571429,1.6857144,4.0285716,5.3714285,23.12857,2.0042062e-05,0.0026879236,-7.345365000000001e-25,5.5879354e-09,0.0,True
2009-08-17,185.97000000000003,7.7,19.414288,25.571428,13.957143,68.97143,3.1857145,1.642857,3.5571427,5.3428574,21.757143,0.0002309978,0.0025310367,-7.345365000000001e-25,1.1175871e-08,0.0,True
2009-08-24,185.96,10.1,19.5,26.2,12.342857,62.528572,3.3428571,1.6142857,4.0142856,5.042857,21.828571,8.72612e-05,0.0023711473,-7.345365000000001e-25,1.1175871e-08,0.0,True
2009-08-31,185.9428514524109,11.299999,18.785715,25.128572,12.400001,64.314285,2.9285712,1.1571429,3.4428573,4.714286,21.114286,9.2603266e-05,0.002225943,-7.345365000000001e-25,3.7252903e-09,0.0,True
2009-09-07,185.93,17.1,16.585714,22.185715,11.514285,69.85714,2.3857143,1.4285715,2.9285715,4.785714,17.9,0.0001578182,0.0020919666,-7.345365000000001e-25,7.450581e-09,0.0,True
2009-09-14,185.96,16.4,15.371429,20.5,10.728572,72.02857,1.9285713,1.0714285,2.3999999,4.614286,17.471428,0.00018832833,0.001975648,-7.345365000000001e-25,3.7252903e-09,0.0,True
2009-09-21,185.94000000000003,4.1,15.485715,20.514286,11.014287,81.92857,1.5428572,0.85714287,1.6571429,4.8285713,17.27143,0.000118508935,0.0018856451,-7.345365000000001e-25,1.3038516e-08,0.0,True
2009-09-28,185.92,1.6,14.057143,19.785715,8.728572,78.35714,1.3999999,0.61428577,1.6857144,4.5285716,16.4,1.8134713e-05,0.0018010587,-7.345365000000001e-25,5.5879354e-09,0.0,True
2009-10-05,186.0,17.9,11.714286,14.900001,7.914286,78.11428,1.0285715,0.7428571,1.4571428,4.5857143,12.828571,0.00016050786,0.0017295852,-7.345365000000001e-25,9.313226e-09,0.0,True
2009-10-12,185.97000000000003,23.300001,12.457144,16.157143,8.471429,82.18572,0.9714285,0.81428576,1.3000001,5.4428573,13.014286,0.00033286214,0.001668252,-7.345365000000001e-25,1.1175871e-08,0.0,True
2009-10-19,185.95,32.0,3.9857144,7.071429,1.7571429,85.94286,0.55714285,0.5142857,0.67142856,6.957143,5.4142857,0.0009909421,0.0016220063,0.00028290067,0.0011122599,0.0012324303,True
2009-10-26,185.96,7.9,6.471429,10.571428,2.9714286,86.957146,0.38571432,0.34285715,0.6857143,7.4428573,6.6571426,0.00012816489,0.0016001686,3.4213066e-05,0.00012215227,0.0,True
2009-11-02,186.24,27.4,6.7714286,9.985715,3.6857142,86.557144,0.31428573,0.29999998,0.59999996,7.7,6.742857,0.00026850402,0.0015943795,-7.345365000000001e-25,1.6018748e-07,0.0,True
2009-11-09,186.21,23.400002,5.857143,9.1285715,3.0857143,85.957146,0.38571432,0.38571432,0.61428577,9.714286,5.3,0.0005776286,0.0016175583,-7.345365000000001e-25,1.8626451e-09,0.0,True
2009-11-16,186.22000000000003,4.8,8.042857,10.785714,5.1857142,82.34286,0.31428573,0.31428573,0.7714286,10.114285,6.2714286,0.00011742115,0.001718916,-7.345365000000001e-25,5.5879354e-09,0.0,True
2009-11-23,186.19000000000003,12.400001,10.142858,12.571428,7.5428576,75.328575,0.5714286,0.5714286,1.2285715,10.142858,7.3714285,0.00023344159,0.001856178,-7.345365000000001e-25,3.7252903e-09,0.0,True
2009-11-30,186.19554461379585,16.0,8.428572,10.828572,5.9714284,70.92857,0.71428573,0.6999999,1.2714285,10.042857,6.6285715,0.00011949241,0.0020105615,-7.345365000000001e-25,1.8626451e-09,0.0,True
2009-12-07,186.14,10.2,4.3,6.7428575,1.3857144,85.11428,0.21428572,0.21428572,0.4857143,10.485714,3.2428572,0.00050815195,0.0021795407,-7.345365000000001e-25,1.1175871e-07,1.0430813e-07,True
2009-12-14,186.16000000000005,21.6,2.0,3.6571429,0.0,88.34286,0.14285715,0.14285715,0.44285718,10.857142,2.4285715,0.00083156675,0.0025052428,0.0007986682,3.4727156e-05,0.0026477575,True
2009-12-21,186.16000000000005,5.4,-7.371429,-4.1857142,-10.800001,84.82857,0.0,0.0,0.25714287,10.342857,-1.9571428,3.2782555e-07,0.003119357,0.005031722,0.0,0.0052588694,True
2009-12-28,186.21,16.0,1.8285716,4.457143,-1.3428572,82.74286,0.3,0.3,0.5714286,10.585714,-0.014285714,0.00051265955,0.003615722,0.0063530263,0.009952258,0.0068413205,True
2010-01-04,186.2,29.599998,-2.2428572,-0.4857143,-4.714286,92.74286,0.06666667,0.06666667,0.18571429,10.9,-0.033333335,0.000469774,0.0042863563,0.012709498,0.0031869262,0.02073779,True
2010-01-11,186.23,16.8,-6.9,-4.714286,-9.1285715,90.22857,0.0,0.0,0.18571429,10.442857,-0.057142857,0.0,0.005213201,0.02996027,0.0,0.025495425,True
2010-01-18,186.21,6.0,-2.957143,-0.4142857,-6.457143,87.08572,0.057142857,0.057142857,0.29999998,10.428572,0.0,0.00025595725,0.0057195723,0.046545453,0.00672194,0.0024039783,True
2010-01-25,186.16000000000005,1.9,-3.9714286,-2.2571428,-5.9000006,87.042854,0.028571429,0.028571429,0.31428573,10.385715,3.9650823999999995e-18,0.0001399219,0.0059632584,0.040823277,0.0035626497,0.0015951805,True
2010-02-01,186.18,3.8,-4.214286,-1.1857144,-8.142858,79.91429,0.10000001,0.10000001,0.4857143,10.328571,-0.042857144,0.0,0.0062088743,0.045310184,0.0,0.011807591,True
2010-02-08,186.22000000000003,3.2,-1.5857143,1.2714285,-4.8142858,82.57143,0.2,0.2,0.5285714,10.314285,0.014285714,0.000106066465,0.006286852,0.05196854,0.0042057484,0.0055546463,True
2010-02-15,186.26,11.5,-4.8428574,-2.642857,-6.5285716,83.971436,0.0,0.0,0.40000004,10.357142,0.014285714,0.0,0.006273262,0.0579973,0.0,0.013429105,True
2010-02-22,186.29,4.6,0.028571367,3.4857144,-4.014286,77.94286,0.40000004,0.40000004,0.7285714,10.271428,0.1,0.00042268634,0.0062346384,0.055946305,0.017062072,0.0012483001,True
2010-03-01,186.33,6.7000003,5.514286,9.614286,1.8714286,74.442856,1.0857142,1.0714285,1.3857143,10.171429,2.5285714,0.0024926662,0.008103833,0.015513914,0.04525162,3.6656857e-06,True
2010-03-08,186.38,6.0,-1.7428572,1.7571429,-5.3,74.24286,0.42857143,0.41428572,0.85714287,9.957143,0.95714283,9.208918e-06,0.009939939,0.0044438727,0.00034986436,0.009164564,True
2010-03-15,186.41000000000005,11.200001,-0.2857143,3.2857144,-4.142857,76.74286,0.64285713,0.62857145,0.9714286,10.0,0.8142857,0.00033555925,0.010701589,0.0076698405,0.007557165,0.005110495,True
2010-03-22,186.43,6.7,8.571428,13.271429,3.6714287,70.828575,1.4428571,1.3571428,1.7428572,9.971429,7.5142856,0.00051373243,0.010587178,0.0016030414,0.005216373,0.0005645454,True
2010-03-29,186.38369867353305,9.5,10.328572,16.071428,5.285714,70.51429,1.8142855,1.6428572,2.0857143,9.671429,10.214286,0.00017513335,0.010377005,5.1089696e-08,7.431954e-07,0.0,True
2010-04-05,186.41000000000005,1.8000001,8.157144,12.757143,3.1857142,65.5,1.8000001,1.5857143,2.142857,9.514286,9.028571,0.00011712313,0.01007244,-7.345365000000001e-25,0.0,0.0,True
2010-04-12,186.37,10.9,8.014286,13.014287,3.6857145,68.814285,1.9999999,1.6285715,2.0428572,8.814285,9.885715,0.00018067658,0.009612672,4.4164203e-06,3.715232e-05,4.0773302e-05,True
2010-04-19,186.32,7.5,7.5428576,12.785714,2.6571429,74.41429,2.0857143,1.6571429,1.9857142,8.528571,10.285714,0.00018313527,0.009100765,4.7116052e-07,4.52064e-06,0.0,True
2010-04-26,186.3,2.4,9.414286,15.728572,2.7000003,59.82857,2.9428573,2.2428572,2.957143,7.642857,12.657143,4.7311187e-05,0.008486092,-7.345365000000001e-25,0.0,0.0,True
2010-05-03,186.31,7.8999996,13.471429,18.4,8.242857,70.814285,2.7142854,1.8428572,2.8428571,6.9142857,15.471429,0.00011625886,0.0077980384,-7.345365000000001e-25,3.7252903e-09,0.0,True
2010-05-10,186.33,23.1,8.400001,11.599999,4.8142858,82.557144,1.5142858,1.3285714,1.6,7.3142858,11.285714,0.00031283498,0.0071859434,-7.345365000000001e-25,0.0,0.0,True
2010-05-17,186.34,18.8,9.042857,12.114286,5.9,81.02857,1.7714285,1.5428572,1.8142856,8.185715,11.571428,0.00022760034,0.00664974,-7.345365000000001e-25,0.0,0.0,True
2010-05-24,186.36,27.2,12.557143,16.97143,8.828571,82.07143,2.2714286,2.0,2.3,8.728572,14.8714285,0.00036592036,0.006191537,-7.345365000000001e-25,3.7252903e-09,0.0,True
2010-05-31,186.3225882281746,31.9,12.442858,16.614286,8.142858,78.98572,2.4142857,2.2285714,2.4428573,8.8,16.27143,0.0012938529,0.0057781413,-7.345365000000001e-25,0.0,0.0,True
2010-06-07,186.41000000000005,10.0,15.542857,20.328571,9.814286,75.35714,3.2285714,2.8285713,3.242857,9.385715,18.171429,0.0011111051,0.005535446,-7.345365000000001e-25,3.7252903e-09,0.0,True
2010-06-14,186.38,4.4,18.6,23.97143,13.257143,72.28572,3.7,2.8857143,3.8857143,8.3,22.928572,4.2438507e-05,0.0051773414,-7.345365000000001e-25,7.450581e-09,0.0,True
2010-06-21,186.35,0.0,14.114286,19.528574,8.571429,66.1,3.3428571,2.085714,3.6571429,7.4,18.971428,1.73226e-05,0.0048611984,-7.345365000000001e-25,3.7252903e-09,0.0,True
2010-06-28,186.31,0.1,17.671429,24.285715,9.857142,63.67143,4.2000003,1.8285714,4.214286,6.714286,22.185715,3.287196e-05,0.0045116767,-7.345365000000001e-25,3.7252903e-09,0.0,True
2010-07-05,186.22000000000003,37.0,22.5,29.157145,15.514287,62.7,5.014286,1.4571428,5.042857,6.0285716,26.671429,4.607439e-05,0.004087895,-7.345365000000001e-25,1.1175871e-08,0.0,True
2010-07-12,186.24,5.6,22.9,29.828571,15.67143,61.04286,5.228572,1.4428571,5.285714,5.857143,26.342857,3.2305717e-05,0.0036803335,-7.345365000000001e-25,7.450581e-09,0.0,True
2010-07-19,186.19000000000003,7.1000004,21.828571,28.414288,15.185715,65.35714,4.4857144,1.7428571,4.5142856,5.6571426,25.685715,0.00010955334,0.0032794252,-7.345365000000001e-25,7.450581e-09,0.0,True
2010-07-26,186.29,52.7,19.385714,25.685715,13.285714,68.02857,3.6142862,2.0714285,3.9428573,6.3285713,22.77143,0.0014971942,0.0029445365,-7.345365000000001e-25,1.1175871e-08,0.0,True
2010-08-02,186.36,21.400002,18.257143,24.47143,12.871429,72.91428,3.0,2.3714287,3.4142857,6.9857144,21.342857,0.00025837123,0.0027154312,-7.345365000000001e-25,7.450581e-09,0.0,True
2010-08-09,186.42,31.5,17.214285,21.699999,13.2,79.17143,2.2142856,1.8428572,2.357143,8.085714,19.72857,0.0010036975,0.0025375187,-7.345365000000001e-25,1.4901161e-08,0.0,True
2010-08-16,186.51,44.2,17.285715,21.557144,13.971429,81.61428,2.0428572,1.8428571,2.0857143,8.771428,20.257143,0.0005657673,0.0024179667,-7.345365000000001e-25,1.1175871e-08,0.0,True
2010-08-23,186.49,39.1,18.628572,24.314287,13.2,74.5,2.7285714,2.5,3.142857,9.171429,20.2,0.0015780479,0.0023372695,-7.345365000000001e-25,1.6763806e-08,0.0,True
2010-08-30,186.47879733475128,37.9,15.400001,19.614286,11.328572,77.700005,2.0571427,1.9428569,2.3999999,9.571428,17.37143,0.0048900098,0.0023627132,-7.345365000000001e-25,9.313226e-09,0.0,True
2010-09-06,186.51,1.8,12.1285715,17.157145,7.9428573,79.64286,1.5857143,1.4428571,1.8714285,10.028571,14.8714285,0.000121727586,0.002302006,-7.345365000000001e-25,3.7252903e-09,0.0,True
2010-09-13,186.52,13.8,14.985715,20.114286,10.414286,77.15715,1.6000001,1.3714286,2.142857,9.528571,16.314285,0.0002053529,0.0023725852,-7.345365000000001e-25,3.7252903e-09,0.0,True
2010-09-20,186.48,4.9,12.442857,16.528572,8.857142,74.37144,1.4857142,1.3714286,2.0,9.671429,13.585714,0.00018890202,0.002414152,-7.345365000000001e-25,1.1175871e-08,0.0,True
2010-09-27,186.41000000000005,61.3,13.228572,18.042858,9.014286,81.71429,1.3000001,1.1142857,1.6285714,9.814285,14.5,0.0021516979,0.0033094212,-7.345365000000001e-25,1.8626451e-09,0.0,True
2010-10-04,186.7,6.7000003,10.728571,14.557143,7.871429,85.25714,0.8142857,0.8,1.1714286,10.614285,11.485714,0.00036036968,0.002832897,-7.345365000000001e-25,1.8626451e-09,0.0,True
2010-10-11,186.59,1.0,10.914286,17.0,5.8857145,80.48572,1.0428572,0.9,1.3142856,9.8,12.5,2.0071864e-05,0.0034132972,-7.345365000000001e-25,1.8626451e-09,0.0,True
2010-10-18,186.57,15.700001,5.8428574,9.042857,2.9857144,90.02857,0.5285715,0.47142857,0.59999996,9.685715,8.242857,0.00026024878,0.0036801025,-7.345365000000001e-25,0.0,0.0,True
2010-10-25,186.54,4.4,5.514286,9.142858,1.7714287,78.957146,0.61428577,0.6,0.9857143,10.028571,5.4142857,0.00011502206,0.0038108826,-7.345365000000001e-25,0.0,0.0,True
2010-11-01,186.51,0.1,8.071428,12.857142,4.1714287,74.67143,0.6571428,0.55714285,1.1,9.828571,6.742857,1.1071563e-05,0.0038937554,-7.345365000000001e-25,0.0,0.0,True
2010-11-08,186.46,18.5,9.242858,11.2,6.8,83.9,0.5857143,0.55714285,1.0714285,10.014286,8.542857,0.00036418438,0.0039070994,1.7256964e-06,4.913658e-06,1.643598e-05,True
2010-11-15,186.43,28.3,9.085714,12.67143,5.914286,79.07143,0.7714286,0.7714286,1.1285714,10.514286,7.4142857,0.0005097389,0.00392399,2.7134306e-06,1.1941418e-05,0.0,True
2010-11-22,186.48,40.3,3.857143,5.4857144,1.7714285,93.200005,0.18571429,0.18571429,0.31428573,11.1,4.6857142,0.0010718182,0.0048193187,0.0001005502,0.00019063428,0.002100926,True
2010-11-29,186.50533471865228,28.400002,-1.5428573,0.6857143,-4.257143,93.12858,0.12857144,0.12857144,0.25714287,10.771428,0.98571426,0.00017347187,0.005852051,0.0093102455,0.0020269342,0.023431905,True
2010-12-06,186.44000000000003,12.599999,-6.557143,-3.6285713,-9.8,86.27143,0.014285714,0.014285714,0.29999998,10.6285715,0.0,0.0,0.007005073,0.032575943,0.0,0.01482296,True
2010-12-13,186.42,35.7,-1.6285714,-0.057142872,-4.1,91.34286,0.12857144,0.12857144,0.27142859,11.014286,0.24285714,0.0005620867,0.0073914155,0.050238915,0.0109527465,0.030290272,True
2010-12-20,186.39,18.3,-4.5,-1.5857143,-8.285714,86.67143,0.014285714,0.014285714,0.31428573,10.671429,0.071428575,6.41495e-06,0.007814914,0.070288435,0.0,0.02158304,True
2010-12-27,186.41000000000005,20.800001,-3.3428574,-1.2285715,-6.6857147,93.72858,0.028571429,0.028571429,0.18571427,10.7,0.2,2.1152198e-05,0.008112989,0.09255278,0.000848569,0.026963357,True
2011-01-03,186.98,1.1,-4.414286,-1.6000001,-8.428572,89.78571,0.025,0.025,0.21428572,10.45,0.2,0.0,0.008105092,0.10916286,0.0,0.0046694353,True
2011-01-10,187.06,5.1,1.4285715,4.8428574,-2.042857,85.92857,0.20000002,0.20000002,0.42857143,10.528571,0.6857143,0.002903521,0.0113069415,0.08643214,0.06926133,0.0010140687,True
2011-01-17,187.14,11.599999,6.214286,8.928572,3.6714287,84.471436,0.45714286,0.45714286,0.59999996,10.714286,3.9571428,0.006408468,0.033153042,0.016122954,0.047395684,0.0,True
2011-01-24,187.01,15.9,0.7571429,2.3428571,-0.9571429,90.02857,0.14285715,0.14285715,0.32857147,10.342857,1.1571429,0.00013604015,0.03705114,0.0053628967,0.00067614205,0.015814263,True
2011-01-31,186.80069718107785,4.2000003,-3.1714287,-0.9142857,-5.5142856,90.18572,0.08571429,0.08571429,0.25714287,10.342857,-0.071428575,4.6774745e-05,0.030453257,0.021975614,0.0007848628,0.00917165,True
2011-02-07,186.68,1.1,2.6714287,5.928571,-0.7428571,78.68572,0.6,0.55714285,0.9714286,10.242857,1.5571429,0.0004710704,0.023994222,0.013550247,0.022942005,0.0014690161,True
2011-02-14,186.65,10.5,3.0,6.357143,-0.37142858,79.957146,0.48571426,0.47142854,0.7285714,10.257143,2.0857143,0.00020602345,0.019764453,0.0008975154,0.00222677,0.0034294575,True
2011-02-21,186.62,1.5,-2.4285715,-0.37142864,-4.3428574,84.557144,0.15714286,0.15714286,0.5428571,10.271428,0.2,2.463162e-05,0.01693552,0.002736682,0.0012355167,0.0031074472,True
2011-02-28,186.6,0.0,-2.5285716,2.6000001,-7.142857,70.12858,0.54285717,0.51428574,0.88571423,10.085714,-0.82857144,3.2916665e-05,0.014766194,0.0025394587,0.0019227732,0.00012632087,True
2011-03-07,186.59,0.0,0.014285713,5.3857145,-4.428571,72.071434,1.0857143,0.9142857,1.0142857,9.685715,1.2142857,1.1712313e-05,0.012947641,0.0006016095,0.0007399004,0.00016945973,True
2011-03-14,186.55,0.7,7.457143,12.728571,2.3,63.34286,1.4714288,1.1857141,1.8142859,9.157143,5.4714284,4.2036176e-05,0.011385098,9.4158306e-05,0.0003557913,0.0,True
2011-03-21,186.54,9.700001,5.071429,8.857142,1.7714287,84.12858,1.0714285,0.90000004,1.0,9.114285,6.4,0.00018128753,0.010052666,9.7581315e-06,2.8552487e-05,4.003197e-05,True
2011-03-28,186.51,0.9,6.457143,12.514287,0.4857143,68.58572,1.7142859,1.3428572,1.7142857,8.685715,8.3714285,1.8671155e-05,0.008935958,2.2593e-06,1.177378e-05,0.0,True
2011-04-04,186.42,8.6,12.228572,18.042858,6.714286,68.37143,2.1285713,1.7142857,2.4285715,8.1285715,12.028571,0.00020493567,0.007970169,-7.345365000000001e-25,5.5879354e-08,0.0,True
2011-04-11,186.41000000000005,0.1,11.457144,17.414286,5.2285714,65.67143,2.7142854,2.0285716,2.7285714,7.6714287,12.9,2.2873282e-05,0.007124245,-7.345365000000001e-25,3.7252903e-09,0.0,True
2011-04-18,186.39,2.3999999,8.557143,13.342857,3.4857142,64.942856,2.0,1.4571428,2.2142856,7.142857,10.414286,7.0393085e-05,0.0064005777,-7.345365000000001e-25,0.0,0.0,True
2011-04-25,186.35,0.0,14.028572,21.214285,5.714286,57.514286,3.8285713,1.8428571,3.6285713,6.285714,16.342857,3.5464764e-06,0.0057149306,-7.345365000000001e-25,0.0,0.0,True
2011-05-02,186.34,8.5,11.214286,16.785715,5.9000006,72.58572,2.9,1.5142857,2.6142857,5.9857144,14.942857,8.614361e-05,0.0051005855,-7.345365000000001e-25,0.0,0.0,True
2011-05-09,186.41000000000005,2.2,11.2,18.357143,3.5,57.514286,3.8714287,0.88571423,3.6571429,5.6285715,14.814285,3.84748e-05,0.0045671016,-7.345365000000001e-25,0.0,0.0,True
2011-05-16,186.43,8.7,14.142858,20.671429,8.1,67.02857,3.2142856,1.1285714,3.2857144,5.5142856,17.37143,7.2315335e-05,0.004037805,-7.345365000000001e-25,0.0,0.0,True
2011-05-23,186.37,13.6,16.585714,23.214285,10.385715,70.48572,3.5999997,1.4142857,3.9142857,5.385714,19.742857,6.389618e-05,0.0036137998,-7.345365000000001e-25,7.450581e-09,0.0,True
2011-05-30,186.3161277709748,0.3,16.242857,23.34286,8.442858,53.399998,4.6142855,0.7285714,5.1857142,5.1,19.8,2.6226044e-06,0.003196925,-7.345365000000001e-25,0.0,0.0,True
2011-06-06,186.32,29.1,18.157145,24.314287,11.885714,67.27143,4.2000003,1.9857142,4.571429,5.357143,21.214285,0.00011177361,0.0028181076,-7.345365000000001e-25,7.450581e-09,0.0,True
2011-06-13,186.25,13.7,16.4,21.4,10.857142,71.54286,3.1428573,1.9285713,3.4714284,5.4142857,20.785715,0.00010469556,0.0025017858,-7.345365000000001e-25,3.7252903e-09,0.0,True
2011-06-20,186.3,15.5,16.857143,22.085714,11.957144,71.11429,3.5428574,2.3428574,4.0,5.1571426,20.285715,9.433925e-05,0.0022461414,-7.345365000000001e-25,7.450581e-09,0.0,True
2011-06-27,186.24,21.0,16.814287,22.914288,11.657143,74.92857,3.5,2.6285713,3.9142857,5.4714284,19.72857,0.00010506809,0.0020339638,-7.345365000000001e-25,1.1175871e-08,0.0,True
2011-07-04,186.19000000000003,60.2,15.471429,20.128572,10.771429,77.200005,2.985714,2.0571427,3.1142857,5.614286,19.0,0.0004376024,0.0018384755,-7.345365000000001e-25,7.450581e-09,0.0,True
2011-07-11,186.26,34.6,19.514286,25.885715,13.5,72.24286,3.9571426,3.5000002,4.4857144,6.9142857,22.9,0.00024670362,0.0017003119,-7.345365000000001e-25,1.1175871e-08,0.0,True
2011-07-18,186.23,7.7,18.142857,23.800001,12.557143,65.67143,3.6571429,3.1428573,4.457143,6.9857144,20.785715,0.00033707917,0.0015637055,-7.345365000000001e-25,1.1175871e-08,0.0,True
2011-07-25,186.21,0.5,15.6,19.600002,11.457144,68.34286,2.614286,2.2142856,3.2,7.5571427,17.985714,4.733354e-05,0.0014597476,-7.345365000000001e-25,7.450581e-09,0.0,True
2011-08-01,186.2,20.5,16.142859,20.385715,11.5,75.828575,2.3142855,1.8571428,2.857143,7.8142858,19.242857,0.00015705079,0.0013684183,-7.345365000000001e-25,7.450581e-09,0.0,True
2011-08-08,186.18,16.5,19.67143,25.457144,14.385715,74.77143,3.0142858,2.7000003,3.6285713,8.257143,21.87143,0.00026212633,0.0012944564,-7.345365000000001e-25,1.3038516e-08,0.0,True
2011-08-15,186.16000000000005,8.700001,17.357143,22.314287,13.642858,71.12858,2.5571427,2.2714283,3.2428572,7.9,19.028572,0.00019975007,0.001225099,-7.345365000000001e-25,9.313226e-09,0.0,True
2011-08-22,186.1,16.3,19.67143,25.957142,12.942858,70.11429,2.8857143,2.3714283,3.4857142,7.6,22.328571,8.749962e-05,0.0011619031,-7.345365000000001e-25,5.5879354e-09,0.0,True
2011-08-29,186.14199369445487,12.2,19.828571,25.728573,14.342857,71.8,2.7714286,2.3142858,3.5714285,7.5285716,21.985714,0.00036250055,0.0010999888,-7.345365000000001e-25,5.5879354e-09,0.0,True
2011-09-05,186.09,13.7,17.071428,23.47143,10.242858,68.48572,2.1714284,1.6428572,2.9857142,7.1714287,19.442858,0.00045271218,0.001047723,-7.345365000000001e-25,3.7252903e-09,0.0,True
2011-09-12,186.06,33.5,17.300001,21.67143,13.242858,73.557144,2.1000001,1.9000002,2.7714286,7.6857142,18.185715,0.0019531846,0.0010026842,-7.345365000000001e-25,1.3038516e-08,0.0,True
2011-09-19,186.11,28.6,14.800001,19.771427,10.214286,74.9,1.6714286,1.4142858,2.2857144,8.014286,16.814285,0.00021868944,0.0009648949,-7.345365000000001e-25,7.450581e-09,0.0,True
2011-09-26,186.13,0.0,14.442858,21.014286,8.842857,72.9,1.4857142,1.2142857,2.142857,8.342857,15.742857,2.488494e-06,0.0009344965,-7.345365000000001e-25,1.8626451e-09,0.0,True
2011-10-03,186.15,0.0,16.7,23.957144,10.428572,74.1,1.5,1.1571429,2.0857143,7.8714285,17.62857,2.7090311e-05,0.00090532005,-7.345365000000001e-25,5.5879354e-09,0.0,True
2011-10-10,186.13,18.8,12.271429,16.442858,8.3,77.85714,1.1857144,1.0428572,1.6142857,7.714286,13.342857,0.0002882406,0.0008783564,-7.345365000000001e-25,9.313226e-09,0.0,True
2011-10-17,186.16000000000005,16.9,8.242858,13.057143,3.5857143,80.65715,0.8142857,0.75714284,1.0,8.957143,9.528571,0.00017561018,0.0008607507,-7.345365000000001e-25,1.8626451e-09,0.0,True
2011-10-24,186.13,2.9,6.4428573,12.0,1.6857144,79.15715,0.6571428,0.5714286,0.95714283,8.8714285,6.6571426,8.5279346e-05,0.00084579736,-7.345365000000001e-25,1.8626451e-09,0.0,True
2011-10-31,186.11029154378923,0.1,10.014285,14.7,5.971429,85.25714,0.4571429,0.37142855,0.71428573,8.742857,9.028571,8.623302e-05,0.0008340627,-7.345365000000001e-25,3.7252903e-09,0.0,True
2011-11-07,186.11,0.0,7.728572,13.3714285,4.0142856,85.71429,0.37142858,0.3285714,0.5714286,8.585714,7.7,3.874302e-07,0.00082405657,-7.345365000000001e-25,0.0,0.0,True
2011-11-14,186.08,0.0,3.2142856,8.742857,-0.8000001,87.38572,0.24285714,0.18571429,0.2857143,8.485714,4.0142856,8.493662e-07,0.00081552565,-7.345365000000001e-25,0.0,0.0,True
2011-11-21,186.07,0.0,2.6142857,5.142857,3.40598e-08,90.42857,0.1,0.1,0.34285715,8.385715,2.2714286,2.7641654e-06,0.00080832094,9.711584e-05,0.00015825965,0.00018314645,True
2011-11-28,186.06,0.0,4.928571,9.557143,1.3571428,79.62858,0.27142859,0.22857141,0.5285714,8.271428,2.6857142,1.7434359e-06,0.0008012429,9.792192e-06,2.8440729e-05,0.0,True
2011-12-05,186.09,14.7,5.4714284,9.057143,1.1142857,80.88572,0.5,0.4571429,0.67142856,8.385715,3.6857142,0.0007072985,0.0007939786,3.122148e-06,9.296462e-06,0.0001020357,True
2011-12-12,186.12,8.9,3.414286,6.3,0.9142857,77.314285,0.5142857,0.48571426,0.7714286,9.542857,2.1857142,0.00016106665,0.00078783184,0.0004738626,0.0015093721,0.0016300287,True
2011-12-19,186.17,7.1,3.7714288,6.1142855,1.8285714,79.0,0.5428571,0.5428571,0.8714286,10.271428,2.3,0.00023019314,0.0007839799,0.0008971407,0.0013662875,0.0032413714,True
2011-12-26,186.21,14.1,4.2714286,6.1571426,2.5,87.12858,0.27142856,0.27142856,0.51428574,10.285714,2.557143,0.00029192865,0.00078643113,0.0013845762,0.003998054,0.002155237,True
2012-01-02,186.19000000000003,10.0,5.7285714,7.7000003,3.3428574,84.17143,0.36,0.34,0.64285713,10.26,3.46,0.0003386289,0.0008030832,0.00044437818,0.0017237924,0.0015687868,True
2012-01-09,186.2,19.3,4.285714,6.5285716,2.1857142,79.84286,0.7142858,0.7142858,0.85714287,10.728572,3.2428572,0.0012041181,0.0008485243,0.00029298238,0.0010110773,0.0013513044,True
2012-01-16,186.21,2.3000002,2.857143,4.828572,0.47142866,81.57143,0.49999997,0.49999997,0.5857143,10.342857,2.4857142,0.00016105175,0.0009774715,0.0011061771,0.0005275272,0.0026384555,True
2012-01-23,186.2,28.699999,2.557143,4.8857145,0.29999998,81.67143,0.5428571,0.5428571,0.71428573,10.842857,1.1714286,0.0017354786,0.0012813583,0.0026096446,0.006432729,0.0052127168,True
2012-01-30,186.2793401169961,9.0,-2.0571427,0.5142857,-4.7428575,87.67143,0.071428575,0.071428575,0.31428573,10.528571,-0.042857144,2.9280782e-05,0.0016169026,0.0049328576,0.0004728455,0.007083975,False
2012-02-06,186.19000000000003,0.0,-13.085715,-8.8714285,-16.957144,81.54286,0.0,0.0,0.22857143,10.3,-4.1571426,1.3411045e-07,0.0020374507,0.006946484,0.0,0.00038659945,True
2012-02-13,186.18,3.8,-10.585714,-6.357143,-15.842857,83.65714,0.0,0.0,0.24285714,10.3,-4.3142858,1.7881393e-07,0.0023231134,0.009523909,0.0,0.0058631934,True
2012-02-20,186.21,7.6,1.9428571,4.5142856,-0.9285714,81.38572,0.7,0.7,0.7428571,10.314285,0.071428575,0.0007238835,0.0025090575,0.009472977,0.014087783,0.005377978,True
2012-02-27,186.2,5.4,4.7571425,7.7571425,1.6714286,77.957146,0.9,0.87142855,1.0714285,10.171429,2.2714286,0.00022484362,0.0027333722,0.00097506953,0.0032322314,0.0007592626,True
2012-03-05,186.19000000000003,0.1,6.7428575,9.400001,3.8285713,85.11428,0.67142856,0.59999996,0.8,9.957143,5.2,0.00014300644,0.0030403063,1.6308966e-05,0.00014152378,0.0,True
2012-03-12,186.18,3.0,5.1714287,8.985715,1.5285715,77.21429,1.0857142,0.9714285,1.1285714,9.614285,4.8428574,0.00011231005,0.0033359453,5.5994307e-05,0.00025065243,0.00025540218,True
2012-03-19,186.15,0.2,8.557143,13.742858,4.1857142,67.814285,1.6714286,1.3857143,1.9857142,9.228572,8.028571,3.1016767e-05,0.0035210252,2.8950828e-07,2.4475157e-06,0.0,True
2012-03-26,186.12,0.0,8.642858,15.614286,2.0857143,70.57143,2.0714288,1.5571429,1.9571428,8.5,10.257143,5.9604645e-07,0.0035585389,-7.345365000000001e-25,0.0,0.0,True
2012-04-02,186.09,1.3,7.557143,12.271429,2.8428574,70.314285,1.9857143,1.5285715,2.0428572,7.742857,9.171429,0.0001116246,0.003507927,2.5601614e-05,7.417053e-05,0.00012408756,True
2012-04-09,186.07,3.8000002,4.5142856,8.442857,0.61428565,75.942856,1.4857143,1.1285714,1.5142858,7.4,6.9,0.00010462105,0.0034482256,7.3364805e-05,0.000253072,0.00037279353,True
2012-04-16,186.04,11.599999,7.914286,12.800001,3.3428571,73.48572,1.9714285,1.4857142,2.0,7.1285715,9.328571,0.00016847998,0.003369905,1.185281e-05,0.00014172122,0.0,True
2012-04-23,186.06,2.2,8.142858,13.728571,2.8,67.02857,2.457143,1.7714283,2.3999999,6.6285715,10.514286,9.2841685e-05,0.0032703504,-7.345365000000001e-25,5.5879354e-08,0.0,True
2012-04-30,186.0193820158912,0.3,15.6285715,21.814287,9.057143,58.257145,3.9285715,1.8999999,3.9428573,6.071429,15.9,4.157424e-05,0.0031403974,-7.345365000000001e-25,3.7252903e-09,0.0,True
2012-05-07,186.03,25.8,12.885715,18.300001,7.657143,81.32857,2.8571432,1.4714286,2.5285716,5.8714285,16.785715,0.00021156669,0.0029715896,-7.345365000000001e-25,0.0,0.0,True
2012-05-14,186.0,3.3,13.985715,19.714285,6.8142858,68.6,3.5571427,2.3428571,3.3857143,5.757143,16.985714,9.581447e-05,0.0028228238,-7.345365000000001e-25,7.450581e-09,0.0,True
2012-05-21,185.97000000000003,2.6000001,13.428572,20.542858,6.557143,60.642857,3.9285715,1.2571428,4.157143,5.3428574,16.242857,4.6625733e-05,0.002649784,-7.345365000000001e-25,0.0,0.0,True
2012-05-28,185.91000000000005,1.7,18.628572,24.97143,11.428572,57.62857,5.1857142,0.67142856,5.1,5.042857,21.671429,7.964671e-06,0.0024408624,-7.345365000000001e-25,0.0,0.0,True
2012-06-04,185.96,26.5,13.057143,18.242857,8.142858,76.57143,2.857143,1.3857144,2.8857143,5.3142858,17.22857,0.00024005026,0.0022483394,-7.345365000000001e-25,0.0,0.0,True
2012-06-11,185.92,13.9,14.728572,19.52857,9.1285715,72.21429,3.0571427,2.3999999,3.1857142,5.4714284,17.27143,0.00012543797,0.0021092743,-7.345365000000001e-25,3.7252903e-09,0.0,True
2012-06-18,185.98,11.3,16.571428,22.642857,10.514285,75.27143,3.6714287,2.3714287,3.6000001,5.2,19.7,0.00013248622,0.0019690916,-7.345365000000001e-25,1.1175871e-08,0.0,True
2012-06-25,186.03,15.5,16.785715,21.542858,12.157144,75.57143,3.7142856,2.7714288,3.542857,5.357143,20.542856,0.00020578504,0.0018358976,-7.345365000000001e-25,7.450581e-09,0.0,True
2012-07-02,186.02,22.4,18.942858,24.885714,13.157143,76.57143,3.785714,2.757143,3.8714287,5.142857,21.842857,0.00020023435,0.0017070398,-7.345365000000001e-25,1.4901161e-08,0.0,True
2012-07-09,186.06,47.0,19.2,24.9,14.228572,79.799995,3.542857,2.8999999,3.4714284,5.7285714,22.985714,0.00058944523,0.0015969723,-7.345365000000001e-25,1.4901161e-08,0.0,True
2012-07-16,186.09,37.7,15.985716,21.171429,11.6,75.52857,3.2857144,2.9285715,3.3428571,5.357143,18.9,0.00050225854,0.0015007332,-7.345365000000001e-25,7.450581e-09,0.0,True
2012-07-23,186.04,7.1,16.257143,21.77143,11.1285715,71.51429,3.2285712,2.5571427,3.3857143,5.6714287,18.514286,0.00016420335,0.0014260933,-7.345365000000001e-25,7.450581e-09,0.0,True
2012-07-30,186.0277429850646,2.2,21.957142,28.300001,14.471429,62.68572,4.385714,2.942857,4.7285714,4.9714284,23.7,8.274615e-05,0.0013437569,-7.345365000000001e-25,1.1175871e-08,0.0,True
2012-08-06,186.0,4.0,20.228573,26.728573,14.342857,65.71429,3.6142857,2.385714,3.9285715,4.7,22.928572,0.00010365248,0.0012686476,-7.345365000000001e-25,1.1175871e-08,0.0,True
2012-08-13,185.93,0.0,16.6,22.114286,10.957144,64.28571,3.0857143,1.4142857,3.6142857,4.3428574,20.014286,3.9428473e-05,0.0012023002,-7.345365000000001e-25,7.450581e-09,0.0,True
2012-08-20,185.89,3.9,21.257143,28.728573,13.414286,56.414288,4.0,1.1142857,4.8142858,4.0,22.542856,6.4596534e-05,0.0011343658,-7.345365000000001e-25,7.450581e-09,0.0,True
2012-08-27,185.91000000000005,25.2,19.585714,25.171429,14.385715,68.685715,3.0714288,1.542857,3.542857,4.142857,21.842857,0.00012680888,0.0010660589,-7.345365000000001e-25,7.450581e-09,0.0,True
2012-09-03,185.93,9.7,17.4,22.914288,11.957144,71.814285,2.1714284,1.3285713,2.7142856,4.2285714,19.171429,9.457767e-05,0.0010117367,-7.345365000000001e-25,3.7252903e-09,0.0,True
2012-09-10,185.93,1.6,17.642857,24.0,11.342857,66.65714,2.5285714,1.0857142,3.0285716,3.9857142,19.157143,1.9021332e-05,0.00096376985,-7.345365000000001e-25,5.5879354e-09,0.0,True
2012-09-17,185.95,18.699999,14.728572,20.385715,9.257143,72.08572,1.8999999,1.2,2.3857143,4.214286,16.357143,0.00016054511,0.0009167269,-7.345365000000001e-25,7.450581e-09,0.0,True
2012-09-24,186.0,19.1,12.300001,17.514286,6.571429,71.41429,1.6714286,1.1714286,2.0571427,4.2,14.028571,0.00014778972,0.0008762777,-7.345365000000001e-25,1.8626451e-09,0.0,True
2012-10-01,186.03,16.2,13.185715,18.857143,8.285714,73.65715,1.4142858,1.0428572,1.8999999,4.5,13.928572,8.841604e-05,0.0008409843,-7.345365000000001e-25,7.450581e-09,0.0,True
2012-10-08,186.05,7.9999995,12.328572,17.442858,7.571429,74.92857,1.2428572,1.0142857,1.7714285,4.8,12.514286,0.00016635656,0.0008094758,-7.345365000000001e-25,5.5879354e-09,0.0,True
2012-10-15,186.02,3.3,8.328572,12.785714,4.1285715,77.82857,0.8,0.61428577,1.1714286,5.2285714,8.842857,6.5013766e-05,0.00078356266,-7.345365000000001e-25,3.7252903e-09,0.0,True
2012-10-22,186.0,0.0,12.085715,18.128572,6.7000003,76.94286,0.7857142,0.5571429,1.3571428,5.1571426,10.6285715,2.3841858e-07,0.00075986236,-7.345365000000001e-25,1.8626451e-09,0.0,True
2012-10-29,185.93551041972023,23.5,4.1285715,6.571429,1.6285714,90.02857,0.3857143,0.3142857,0.47142857,5.242857,6.3285713,4.5597553e-05,0.00073955953,0.004691147,0.002206711,0.0133292265,True
2012-11-05,185.98,6.0,6.4714284,9.571428,3.6571429,82.34286,0.61428577,0.5857143,0.8,5.957143,5.885714,0.00029817224,0.00072318316,0.0024910313,0.011465076,0.000548318,True
2012-11-12,185.95,7.1,7.1857147,9.385715,4.5142856,82.5,0.45714286,0.41428572,0.7428571,6.785714,6.4,0.0001668334,0.00070940703,8.9123137e-07,6.3590705e-06,0.0,True
2012-11-19,185.93,0.4,2.6714287,6.214286,-0.2857143,89.85714,0.15714286,0.14285716,0.29999998,7.1857142,2.642857,4.5746565e-06,0.0006991327,1.1012668e-06,2.6933849e-06,3.3080578e-06,True
2012-11-26,185.9,1.2,6.2714286,9.571428,2.6857145,84.0,0.27142859,0.24285714,0.62857145,7.2,4.5857143,6.735325e-06,0.00069110096,8.5149495e-08,7.096678e-07,0.0,True
2012-12-03,185.98,45.4,1.8000001,3.3428574,-0.6285714,91.32857,0.18571429,0.18571429,0.2857143,8.471429,2.5428572,0.00033230335,0.000684686,0.009808172,0.001430124,0.020439588,True
2012-12-10,186.07,14.9,-2.4714286,0.35714287,-6.0285716,85.971436,0.12857144,0.12857144,0.3285714,9.271428,0.1,4.555285e-05,0.00068202615,0.021875795,0.0017441548,0.016970396,True
2012-12-17,186.12,8.8,0.02857147,1.8857143,-2.4285715,86.971436,0.10000001,0.10000001,0.37142855,9.742857,0.27142859,0.00067643076,0.0006823689,0.029190682,0.027092954,0.004795525,True
2012-12-24,186.23,24.9,3.414286,5.5,1.1428572,92.85714,0.17142858,0.17142858,0.3285714,10.3714285,1.4714285,0.002196543,0.0017082766,0.0051422575,0.012758618,0.0020646974,True
2012-12-31,186.3019688831947,11.099999,6.457143,9.3,3.8999999,76.42857,0.59999996,0.59999996,0.9714286,10.528571,4.2,0.00029702485,0.0008016452,2.585517e-05,0.00020019896,2.7853996e-05,True
2013-01-07,186.3,23.1,6.2000003,7.828572,4.457143,87.21429,0.4,0.4,0.59999996,10.4,4.8142858,0.0005491525,0.001290299,1.362392e-07,1.3615936e-06,0.0,True
2013-01-14,186.35,13.099999,-0.05714294,1.7285715,-2.6000001,89.37142,0.114285715,0.114285715,0.2857143,10.557143,1.7714286,0.00035768747,0.0017150268,0.0018837055,5.5141747e-05,0.0041108243,True
2013-01-21,186.29,11.1,-5.2571435,-3.5714285,-7.0,89.62858,0.0,0.0,0.22857143,10.314285,-0.6571429,3.2782555e-07,0.002255991,0.009521195,8.080155e-06,0.014187589,True
2013-01-28,186.22000000000003,1.1,-4.785714,-3.0,-6.914286,85.78571,0.08571429,0.08571429,0.32857147,10.314285,-0.4,7.298589e-05,0.0026313737,0.017571704,0.0035575964,0.002158817,True
2013-02-04,186.24,21.2,4.657143,6.9857144,2.3428574,81.84286,0.7714285,0.7714285,0.88571423,10.728572,2.1571429,0.0010452121,0.0029640496,0.0032498892,0.019169956,0.007613633,True
2013-02-11,186.28,9.2,-1.3428571,1.7857143,-4.514286,84.457146,0.25714287,0.25714287,0.4857143,10.457143,0.5857143,6.431341e-05,0.0036638603,0.006156694,0.0011652149,0.0062963217,True
2013-02-18,186.23,1.7,-0.7571429,0.9142857,-2.3285716,88.52857,0.15714286,0.15714286,0.42857143,10.257143,-0.042857144,8.833408e-05,0.0043295845,0.010124542,0.0034523644,0.0048347414,True
2013-02-25,186.21,31.0,-2.2571428,-1.1857144,-3.3857143,93.17143,0.071428575,0.071428575,0.37142858,10.414286,0.0,4.337728e-05,0.0047189295,0.023652656,0.00213922,0.033130873,True
2013-03-04,186.25,1.5,0.65714294,2.9285715,-1.5285715,88.35714,0.55714285,0.5428571,0.5857143,10.3,0.5714286,0.0003399551,0.0049141347,0.034510225,0.016038626,0.0020926297,True
2013-03-11,186.3,6.2000003,1.9714286,6.0285716,-1.6999999,85.200005,0.7714286,0.7,0.7571429,9.885715,3.3714285,0.0006560236,0.0052299425,0.0083808275,0.022260873,0.0044612736,True
2013-03-18,186.38,22.5,-3.3857143,0.54285705,-8.342857,78.75715,0.44285712,0.41428572,0.8428572,10.171429,0.14285715,0.00015623868,0.006127,0.011915911,0.0045745894,0.015779756,True
2013-03-25,186.35,5.6,-2.9714286,-0.18571424,-5.8142858,78.542854,0.4,0.4,0.95714283,10.285714,0.6142857,0.00013810396,0.0067545325,0.016462531,0.0035133623,0.007505629,True
2013-04-01,186.39,5.6,-1.2,2.1714287,-3.9,77.471436,0.7714285,0.7428571,1.1285714,10.042857,0.6857143,8.1166625e-05,0.0071302205,0.013239412,0.003629459,0.0073877685,True
2013-04-08,186.38,1.3000001,0.9142857,3.6285717,-1.6285715,78.41429,1.1,0.9285714,1.1857144,9.785714,2.3428571,0.00019550323,0.0072259307,0.011503656,0.009193974,0.0026135258,True
2013-04-15,186.32,11.3,10.471429,15.542857,5.714286,73.11429,2.1285713,1.9714285,2.3,9.671429,9.614285,0.0006082505,0.007245958,0.00095932255,0.0060527585,0.00033101812,True
2013-04-22,186.27,0.3,13.228572,18.457144,8.242857,64.01429,2.7999997,2.2857144,2.857143,8.971429,14.3,5.6788325e-05,0.007463917,-7.345365000000001e-25,3.6880374e-07,0.0,True
2013-04-29,186.30703382090667,35.8,12.271429,17.542858,7.457143,70.828575,2.7,2.2142856,2.7428572,8.271428,13.9,0.00043719262,0.007295221,-7.345365000000001e-25,0.0,0.0,False
2013-05-06,186.25,3.5,11.514285,15.328572,7.071429,78.957146,2.3285716,1.8428572,2.0285714,8.057143,13.842857,0.00012160838,0.0070790127,-7.345365000000001e-25,0.0,0.0,True
2013-05-13,186.3,10.9,13.571428,17.97143,9.371429,79.557144,2.3142858,1.9857142,2.3428571,7.885714,15.985714,0.0016030371,0.0068195686,-7.345365000000001e-25,3.7252903e-09,0.0,True
2013-05-20,186.34,34.5,15.214286,21.114286,9.214286,73.457146,3.357143,2.7285714,3.4714286,7.6857142,17.385714,0.00033321977,0.0065093115,-7.345365000000001e-25,7.450581e-09,0.0,True
2013-05-27,186.39,38.0,8.971429,12.2,5.728572,83.25714,1.7428572,1.557143,1.6714286,8.571428,12.1,0.0010795742,0.0065752044,-7.345365000000001e-25,0.0,0.0,True
2013-06-03,186.9674892042541,115.0,11.514287,15.014287,8.057143,89.42857,1.7857143,1.742857,1.4571428,10.842857,13.828571,0.0128203705,0.014738478,-7.345365000000001e-25,3.7252903e-09,0.0,True
2013-06-10,186.95,19.8,15.528572,20.714285,10.142858,76.84286,3.4428573,2.9714284,3.3285713,9.9,19.571428,0.0007855892,0.015049592,-7.345365000000001e-25,3.7252903e-09,0.0,True
2013-06-17,186.8429599000816,6.1,17.47143,23.071428,10.914286,69.97143,4.3142858,3.5714285,4.071429,9.028571,21.585714,0.00035645068,0.0148365125,-7.345365000000001e-25,7.450581e-09,0.0,True
2013-06-24,186.7651144928697,11.3,20.685715,26.4,15.057143,72.1,4.8714285,3.857143,4.571429,8.028571,24.585714,0.0070310533,0.013450138,-7.345365000000001e-25,1.1175871e-08,0.0,True
2013-07-01,186.51,11.4,13.528572,17.72857,9.342857,76.52857,2.7000003,2.2285714,2.7142856,7.957143,16.928572,0.00023636222,0.012067102,-7.345365000000001e-25,3.7252903e-09,0.0,True
2013-07-08,186.57,0.1,18.957142,24.37143,13.228571,72.61429,4.028571,2.8999999,4.0,7.071429,23.0,0.00011205673,0.010733321,-7.345365000000001e-25,1.1175871e-08,0.0,True
2013-07-15,186.54,0.0,17.357143,23.47143,11.385714,69.71429,4.042857,1.4428571,4.0,6.1,22.528572,1.579523e-05,0.009397291,-7.345365000000001e-25,0.0,0.0,True
2013-07-22,186.51,0.0,20.542858,27.557144,12.614286,62.257145,5.2285714,0.7999999,4.857143,5.6571426,25.12857,7.1674585e-06,0.008155741,-7.345365000000001e-25,7.450581e-09,0.0,True
2013-07-29,186.47798954492816,27.4,23.571428,30.87143,16.285715,65.21429,4.642857,1.3000001,4.7285714,5.571429,26.457144,0.00031901896,0.0070035085,-7.345365000000001e-25,1.1175871e-08,0.0,True
2013-08-05,186.46,5.7000003,22.614286,29.071428,16.257143,67.27143,4.357143,2.5428574,4.6714287,5.8,24.714285,0.00015583634,0.006084755,-7.345365000000001e-25,1.4901161e-08,0.0,True
2013-08-12,186.42,21.4,19.142857,25.085714,13.985715,74.057144,3.1285713,2.3999999,3.457143,6.042857,22.585714,0.00030209124,0.0053562075,-7.345365000000001e-25,7.450581e-09,0.0,True
2013-08-19,186.45,2.4,17.985716,24.085714,12.085714,64.61429,3.1428568,2.0285714,3.6571429,5.5571427,20.557142,5.2392483e-05,0.004779093,-7.345365000000001e-25,5.5879354e-09,0.0,True
2013-08-26,186.51,2.1,16.828571,22.514286,11.457144,69.02857,2.7428572,1.5285715,2.9857142,5.4428573,19.757143,6.982684e-05,0.004295841,-7.345365000000001e-25,1.1175871e-08,0.0,True
2013-09-02,186.44000000000003,3.3000002,16.414286,22.442858,10.571428,66.557144,2.2999997,1.1999999,2.9428573,5.428571,18.77143,3.4451485e-05,0.0038864166,-7.345365000000001e-25,7.450581e-09,0.0,True
2013-09-09,186.36,38.2,18.414288,24.242857,13.0,73.828575,2.4714284,1.3857144,2.9,5.3285713,19.671429,0.003893748,0.0035451278,-7.345365000000001e-25,9.313226e-09,0.0,True
2013-09-16,186.32,12.4,13.114286,16.857143,9.928572,84.58571,1.2142857,1.1428571,1.5,6.742857,14.6285715,0.0006635487,0.0032703802,-7.345365000000001e-25,9.313226e-09,0.0,True
2013-09-23,186.29,3.4,12.085715,15.7,8.885715,83.11428,1.1,0.9857143,1.4142857,7.3714285,13.057143,9.611249e-05,0.003086917,-7.345365000000001e-25,9.313226e-09,0.0,True
2013-09-30,186.27045429078208,0.6,10.585715,15.971429,5.414286,79.64286,1.1857144,0.95714283,1.5714285,7.2,12.857142,3.3646822e-05,0.0029408112,-7.345365000000001e-25,5.5879354e-09,0.0,True
2013-10-07,186.28,0.9,9.3714285,14.814286,4.2714286,72.457146,1.0285714,0.8142857,1.6,7.1285715,10.6,7.5772405e-06,0.0028009936,-7.345365000000001e-25,0.0,0.0,True
2013-10-14,186.26,32.3,9.357142,13.157143,5.8428574,86.77143,0.61428565,0.5857143,0.9142857,8.4,10.3714285,0.0025692135,0.0026853979,-7.345365000000001e-25,1.8626451e-09,0.0,True
2013-10-21,186.3,8.299999,11.471429,15.214286,7.3428574,82.51429,0.78571427,0.78571427,1.1,9.514286,10.714286,0.00017221272,0.0026012436,-7.345365000000001e-25,9.313226e-09,0.0,True
2013-10-28,186.23,6.6,15.257143,19.842855,11.014287,74.84286,1.1285715,1.0142857,1.8000001,9.314285,13.042857,5.0857663e-05,0.0025301874,-7.345365000000001e-25,1.4901161e-08,0.0,True
2013-11-04,186.21,7.8,8.928572,12.557143,5.0142856,76.8,0.8000001,0.7571429,1.1428572,9.285714,8.7,0.00014264882,0.0024664775,-7.345365000000001e-25,5.5879354e-09,0.0,True
2013-11-11,186.17,12.4,8.114286,10.885715,4.6857142,83.35714,0.64285713,0.6285714,0.82857144,10.0,7.8714285,0.00029049814,0.0024173334,-7.345365000000001e-25,5.5879354e-09,0.0,True
2013-11-18,186.18,3.5,3.1571429,6.014286,0.4714286,90.74286,0.22857144,0.22857144,0.29999998,10.085714,4.0571427,4.814565e-05,0.0023847893,1.731373e-06,6.1746687e-06,1.0345131e-05,True
2013-11-25,186.22000000000003,16.1,3.0000002,4.557143,1.1857144,93.114296,0.22857143,0.22857143,0.34285715,10.3714285,3.4714286,0.0003503412,0.0023681596,0.00023575623,0.00068417005,0.0009771325,True
2013-12-02,186.22000000000003,6.5,2.2571428,4.3428574,-0.4571429,89.35714,0.21428573,0.21428573,0.3285714,10.228572,1.5,0.0001560077,0.0023808926,0.0004727727,0.0009837896,0.0007458702,True
2013-12-09,186.21,11.0,2.6571429,4.7285714,0.59999996,83.0,0.37142858,0.37142858,0.62857145,10.3,1.5857143,0.00030770898,0.0024251714,0.0007053443,0.002253022,0.0024223085,True
2013-12-16,186.18,0.9,3.6857142,6.8,0.9857143,87.01429,0.15714286,0.15714286,0.41428572,10.314285,2.5857143,3.810227e-05,0.0025164858,6.549132e-05,0.00023359247,2.9057264e-07,True
2013-12-23,186.14,3.6999998,5.5285716,6.9857144,2.7285714,75.1,0.34285715,0.34285715,0.90000004,10.185715,2.1,5.2616e-05,0.0026450157,4.206385e-06,1.1473894e-05,0.0,True
2013-12-30,186.21278756520564,2.4,5.9428573,0.0,3.6714287,77.314285,0.47142857,0.45714286,0.88571435,10.157143,4.142857,0.0002649501,0.0027465597,-7.345365000000001e-25,5.5879354e-08,0.0,True
2014-01-06,186.16000000000005,2.4,4.7000003,6.6,1.7857144,79.25715,0.2,0.2,0.7285714,10.2,0.9,5.043298e-05,0.0028522909,-7.345365000000001e-25,2.0489097e-07,2.0116568e-07,True
2014-01-13,186.17,3.7,5.728572,8.842857,2.2857144,79.24286,0.6,0.6,0.7714286,10.257143,3.8714285,6.5237284e-05,0.002950415,1.175063e-06,1.3671815e-06,5.5145472e-05,True
2014-01-20,186.21,3.6,2.9,5.3285713,0.5714286,92.4,0.21428572,0.21428572,0.37142858,10.285714,2.2857144,0.00014719367,0.0030263439,2.4897712e-05,5.2394345e-05,0.0001850538,True
2014-01-27,186.23,10.5,-3.6000001,-0.9142857,-5.7428575,93.185715,0.071428575,0.071428575,0.25714287,10.342857,0.14285715,2.9042363e-05,0.0031007528,0.005025472,0.0012445953,0.011843104,True
2014-02-03,186.2,3.0,-0.17142856,2.9428573,-2.9,86.75715,0.22857144,0.22857144,0.40000004,10.328571,-0.042857144,0.00018234551,0.0031613335,0.008124817,0.006539641,0.00022066012,True
2014-02-10,186.17,0.0,4.2857146,8.114286,0.9714286,72.88572,0.85714287,0.7857143,1.2142857,10.057143,2.057143,0.00010038912,0.0032135546,0.0014510893,0.004067786,0.0,True
2014-02-17,186.15,2.3,5.4,8.985715,2.2428572,72.00001,0.9714286,0.90000004,1.2714285,9.857142,3.8714285,7.355213e-05,0.0032635182,2.5925183e-05,8.354336e-05,3.2745302e-06,True
2014-02-24,186.11,2.3,5.6714287,10.685715,1.6571429,74.77143,0.94285715,0.8000001,1.0714285,9.642858,4.4857144,4.055351e-05,0.0032837763,1.7597561e-07,9.667128e-07,0.0,True
2014-03-03,186.08,0.0,5.8857145,11.828572,0.90000004,73.15714,0.98571426,0.8142857,1.1857144,9.3,5.542857,2.078712e-05,0.0032671168,-7.345365000000001e-25,7.450581e-09,0.0,True
2014-03-10,186.09,0.2,6.142857,12.142858,0.7,77.08571,1.2285715,0.9285714,1.1285714,8.914286,6.428571,3.3721328e-05,0.003238745,-7.345365000000001e-25,0.0,0.0,True
2014-03-17,186.07,0.6,7.8857145,13.285714,2.7428572,69.84286,1.7142857,1.3428572,1.6999999,8.328571,8.0,8.1434846e-05,0.0031871349,-7.345365000000001e-25,0.0,0.0,True
2014-03-24,186.07,4.0,9.571428,13.928572,5.357143,68.957146,1.8857143,1.5142858,2.1571429,7.8285713,9.428572,0.0001578331,0.0031277835,4.314241e-07,2.257526e-06,5.595386e-06,True
2014-03-31,186.08372281329983,1.4000001,6.857143,13.042857,0.9142858,78.957146,1.7285715,1.2857143,1.6428572,7.5,8.914286,2.9750168e-05,0.0030586272,1.9090516e-05,9.747036e-05,9.383634e-05,True
2014-04-07,186.06,0.0,12.900001,19.042858,7.071429,70.2,2.257143,1.5428572,2.357143,6.8428574,13.9,1.2919307e-05,0.00295984,-7.345365000000001e-25,9.313226e-08,0.0,True
2014-04-14,186.05,4.8999996,9.885715,14.114286,5.914286,72.314285,2.0714285,1.4714285,2.2,6.385714,11.771428,0.0002586469,0.0028567538,2.2195634e-06,2.2890046e-05,2.2940338e-05,True
2014-04-21,186.08,11.900001,8.157144,13.642858,2.4714284,75.185715,2.4,1.5857142,2.1285713,6.2285714,10.857142,0.00013959408,0.002760306,2.3734003e-05,0.00012947805,0.00013257563,True
2014-04-28,186.04,10.2,13.971429,20.34286,7.957143,79.68572,2.7142856,1.3428571,2.6285713,5.8,16.557142,0.00019672513,0.002647251,-7.345365000000001e-25,2.4214387e-08,0.0,True
2014-05-05,186.01,10.200001,9.871429,15.585715,4.4857144,77.27143,2.3142858,1.3857143,2.3142855,5.928571,14.242857,0.0001758933,0.0025413856,-7.345365000000001e-25,0.0,0.0,True
2014-05-12,185.99,15.400001,12.728571,18.0,7.414286,70.61429,3.014286,2.4,3.0857143,5.8,14.314285,0.00026074052,0.0024347454,-7.345365000000001e-25,0.0,0.0,True
2014-05-19,185.98,19.2,10.885715,15.6285715,6.414286,79.457146,2.4571426,1.7428571,2.3142858,5.757143,13.657143,0.00023955107,0.0023332983,-7.345365000000001e-25,0.0,0.0,True
2014-05-26,185.96,5.7,18.485716,24.928572,11.157144,67.74286,4.4285707,2.4428573,4.4857144,5.3714285,21.442858,4.7683716e-06,0.0022184849,-7.345365000000001e-25,3.7252903e-09,0.0,True
2014-06-02,185.97000000000003,27.8,12.542857,16.842857,7.9000006,78.700005,2.542857,2.1285713,2.6857142,6.957143,16.27143,0.0061564147,0.0025701523,-7.345365000000001e-25,0.0,0.0,True
2014-06-09,186.0248675193447,1.3,19.300001,26.185715,11.0,61.914288,4.785714,3.3571427,5.1142855,5.957143,22.62857,2.1368265e-05,0.002047658,-7.345365000000001e-25,7.450581e-09,0.0,True
2014-06-16,186.0309726112707,3.1000001,17.27143,22.97143,11.414286,72.78571,4.114286,1.8000001,3.6714287,5.114286,22.514286,0.00012476742,0.0019427165,-7.345365000000001e-25,7.450581e-09,0.0,True
2014-06-23,185.9,1.8,14.6285715,20.214285,9.757143,70.14286,3.7285714,0.91428566,3.3857143,4.714286,19.557142,2.6389956e-05,0.001856111,-7.345365000000001e-25,0.0,0.0,True
2014-06-30,186.02230650890723,19.9,15.014287,20.97143,9.514285,77.64286,3.2428572,1.6571429,3.0142858,5.0571427,19.385714,0.0002824515,0.0017727464,-7.345365000000001e-25,3.7252903e-09,0.0,True
2014-07-07,186.21,38.899998,20.185715,27.0,13.057143,59.042854,4.9,1.9714286,5.3142858,4.7714286,22.742857,0.00011512637,0.0016820803,-7.345365000000001e-25,7.450581e-09,0.0,True
2014-07-14,186.16000000000005,65.200005,17.171429,22.77143,12.685715,82.75714,2.9285715,2.642857,2.8142858,6.6857142,20.257143,0.0089447275,0.0017908812,-7.345365000000001e-25,1.1175871e-08,0.0,True
2014-07-21,186.14,18.9,22.885715,28.87143,15.871429,60.57143,4.8,3.3857143,4.857143,6.0,25.671429,0.0007977262,0.0015582219,-7.345365000000001e-25,1.1175871e-08,0.0,True
2014-07-28,186.11,21.3,20.285715,26.942858,15.157144,75.41429,4.1428576,3.0,4.1142855,5.5,24.214285,0.00021457672,0.0015007481,-7.345365000000001e-25,9.313226e-09,0.0,True
2014-08-04,186.05,23.7,20.257143,26.057142,15.814286,79.24286,3.1857142,2.6714284,3.3714287,6.1571426,23.657143,0.0017827302,0.0014600754,-7.345365000000001e-25,1.1175871e-08,0.0,True
2014-08-11,186.03,7.3,19.642857,25.385715,13.814286,71.77143,3.4142857,2.7,3.8142858,6.1857142,22.685715,0.00056800246,0.0014325306,-7.345365000000001e-25,1.1175871e-08,0.0,True
2014-08-18,185.92,20.2,15.957144,20.714285,12.185715,74.21429,2.5857143,2.2142856,2.9714284,6.0285716,18.471428,0.00017246604,0.0014079511,-7.345365000000001e-25,5.5879354e-09,0.0,True
2014-08-25,186.0,11.1,13.814286,19.242857,8.714286,69.51429,2.4285715,1.857143,2.8999999,5.6857142,16.985714,5.917251e-05,0.0013819411,-7.345365000000001e-25,0.0,0.0,True
2014-09-01,186.03,22.2,15.414286,19.785715,11.328572,80.94286,1.9142858,1.6428572,2.2,6.5857143,17.685715,0.0003945902,0.0013576373,-7.345365000000001e-25,3.7252903e-09,0.0,True
2014-09-08,186.1,3.1,17.014286,22.042858,12.728572,86.0,1.9857142,1.6,2.0285714,7.0142856,19.22857,0.00021320581,0.0013391674,-7.345365000000001e-25,7.450581e-09,0.0,True
2014-09-15,186.13,48.9,15.057143,17.742857,12.971429,89.814285,1.3142859,1.1142858,1.3142856,7.428571,17.22857,0.0014638305,0.001832895,-7.345365000000001e-25,5.5879354e-09,0.0,True
2014-09-22,186.18,34.2,16.1,21.057144,11.942857,84.75714,1.6,1.3857143,1.8000001,7.8714285,17.785715,0.00034339726,0.0014310405,-7.345365000000001e-25,5.5879354e-09,0.0,True
2014-09-29,186.1782512042653,0.3,13.485715,18.328571,8.828572,79.84286,1.2714285,1.1142858,1.6999999,8.142858,14.314285,6.790459e-05,0.0015588403,-7.345365000000001e-25,7.450581e-09,0.0,False
2014-10-06,186.2,0.3,14.071428,19.228573,9.771429,83.799995,1.0428572,0.82857144,1.4285715,7.7285714,15.657143,5.5521727e-05,0.0016814694,-7.345365000000001e-25,1.8626451e-09,0.0,True
2014-10-13,186.22000000000003,3.2,15.371429,19.285715,11.67143,83.21429,0.9285714,0.7857142,1.4,7.642857,15.271428,0.00018303096,0.0017651692,-7.345365000000001e-25,1.3038516e-08,0.0,True
2014-10-20,186.19000000000003,4.3,14.371429,18.642857,10.557143,82.41429,0.9142857,0.85714287,1.2857143,8.057143,14.142858,0.00021764636,0.0018247142,-7.345365000000001e-25,9.313226e-09,0.0,True
2014-10-27,186.22000000000003,31.7,9.5,12.67143,6.3428574,87.3,0.61428577,0.59999996,0.8,8.9,9.957143,0.0011356696,0.0021576583,-7.345365000000001e-25,1.8626451e-09,0.0,True
2014-11-03,186.21,0.1,10.414286,15.228572,6.8428574,82.6,0.54285717,0.4857143,0.90000004,8.671429,9.457143,6.534159e-06,0.002161555,-7.345365000000001e-25,5.5879354e-09,0.0,True
2014-11-10,186.19000000000003,5.1000004,7.8142858,11.271429,4.4,87.68572,0.37142858,0.3285714,0.5857143,8.642858,8.014286,0.000120066106,0.0023394823,-7.345365000000001e-25,0.0,0.0,True
2014-11-17,186.17,1.3,7.414286,11.071428,4.042857,93.25714,0.2857143,0.24285714,0.31428573,8.585714,8.1,2.373755e-05,0.0024617538,-7.345365000000001e-25,0.0,0.0,True
2014-11-24,186.14,8.7,5.2285714,7.571429,2.857143,91.557144,0.22857144,0.22857144,0.41428572,8.885715,5.1,0.0001719743,0.0025504008,-7.345365000000001e-25,0.0,0.0,True
2014-12-01,186.11,0.0,0.6857143,3.4285715,-1.557143,90.02857,0.17142858,0.14285715,0.25714287,8.742857,1.8714286,1.1026859e-06,0.0026260093,2.2706532e-08,7.450581e-09,7.8231096e-07,True
2014-12-08,186.08,3.0,0.68571424,2.3,-0.9285714,92.40001,0.15714286,0.15714286,0.29999998,8.728572,1.1285714,4.865229e-05,0.002683133,0.00074002857,0.0008239001,0.0014409833,True
2014-12-15,186.14,17.3,3.3857143,6.114286,0.81428576,87.22858,0.35714287,0.34285712,0.5428571,9.014286,2.6142857,0.00036566705,0.0027202666,0.0005120039,0.0014846735,0.0010991134,True
2014-12-22,186.18,11.5,6.357143,8.671429,3.2857144,82.057144,0.4857143,0.4714286,0.9142857,9.4,4.857143,0.00027683377,0.0028009787,5.5841036e-05,0.00029610097,0.0,True
2014-12-29,186.21871378397148,9.7,1.2857143,3.2142856,-1.2571429,82.58572,0.31428573,0.31428573,0.74285716,9.457143,2.4714286,0.00010147691,0.0029880032,0.0017127537,4.131347e-06,0.0076186843,False
2015-01-05,186.21,8.1,1.9142858,3.5714285,0.4714286,87.78571,0.05,0.05,0.4857143,9.7,0.05,0.00035749376,0.0032077432,0.007882913,0.010456808,0.008426987,True
2015-01-12,186.25,11.4,4.7714286,7.2571435,1.7285715,79.02857,0.74285716,0.74285716,1.0428572,10.0,3.1285715,0.0009933859,0.0035401732,0.002209652,0.006109653,0.0009638332,True
2015-01-19,186.29,11.200001,4.2285714,6.7714286,0.95714283,80.40001,0.62857145,0.61428565,0.81428576,10.014286,3.1,0.00029478967,0.0042406693,6.3328516e-05,0.00034340285,6.322563e-05,True
2015-01-26,186.27,12.200001,-0.12857142,1.1,-1.2857143,93.82857,0.18571427,0.18571427,0.25714287,10.014286,0.42857143,7.665157e-05,0.004990302,0.006131984,0.0018063392,0.016156629,True
2015-02-02,186.26,6.1,1.0571429,2.9857142,-0.85714287,85.34286,0.45714286,0.45714286,0.5857143,10.171429,0.82857144,0.00017347932,0.005488977,0.013058021,0.004323244,0.006729372,True
2015-02-09,186.26,1.9,-0.85714287,1.0857142,-3.3285716,83.17143,0.28571427,0.28571427,0.5714286,10.057143,0.12857144,0.00015165657,0.005792886,0.015101126,0.005840171,0.0047549903,True
2015-02-16,186.24,0.0,1.5285715,5.7714286,-1.9142858,84.25714,0.37142855,0.3285714,0.55714285,9.928572,1.0,0.00023505837,0.005961053,0.004728033,0.009400995,3.2782555e-07,True
2015-02-23,186.19000000000003,1.0,2.1142857,6.1857147,-1.1142857,81.07143,0.64285713,0.5428571,0.8285714,9.7,1.4571428,6.752461e-05,0.00612282,0.00086309796,0.0016647633,0.00024988875,True
2015-03-02,186.18,3.8,3.7714288,8.285714,-0.028571436,74.40001,1.0142858,0.9428572,1.1428572,9.5,3.142857,9.834021e-05,0.006150581,0.00022520337,0.00072380714,0.00076343864,True
2015-03-09,186.17,3.5,5.2571425,9.185715,1.4428571,72.77143,1.3142856,1.1999999,1.3857143,9.3714285,5.142857,0.000101305544,0.0060883537,0.00066734495,0.0020065699,0.0017881207,True
2015-03-16,186.19000000000003,5.5,3.8714287,7.214286,0.82857144,86.78571,0.9714286,0.85714287,0.9142857,9.057143,5.1285715,0.0001412332,0.0059979483,0.00041605177,0.0018729903,0.001944486,True
2015-03-23,186.21,1.3,4.8142858,11.257143,-1.3714286,73.02857,1.7,1.3142859,1.4857142,8.542857,7.542857,2.0824373e-05,0.0058640093,0.00014420917,0.00053147785,0.0006180294,True
2015-03-30,186.17481944371292,14.9,7.3142858,11.442858,3.6428573,75.0,1.6571428,1.4285715,1.7285715,8.157143,8.085714,0.00018498302,0.0056931674,4.339218e-05,0.00025957264,0.0,True
2015-04-06,186.21,22.4,3.5,8.185714,-0.42857143,75.67143,1.8285714,1.7285715,1.6,9.057143,5.457143,0.00050221384,0.0055220276,0.0022508474,0.007514866,0.008581705,True
2015-04-13,186.23,0.1,9.8714285,15.5,3.9857142,66.37143,2.5285716,2.0142856,2.6571429,8.414286,11.3714285,2.4653971e-05,0.005364582,0.00013621648,0.0008017365,0.0,True
2015-04-20,186.2,0.0,9.642858,15.428572,3.114286,62.114285,3.1000001,2.2285714,2.9428573,7.3285713,12.6,7.301569e-06,0.005153537,-7.345365000000001e-25,8.195639e-08,0.0,True
2015-04-27,186.18,11.5,11.3,18.300001,4.1714287,69.01429,2.9857142,1.8285714,2.8857143,6.5,13.985714,9.62019e-05,0.004895419,-7.345365000000001e-25,3.7252903e-09,0.0,True
2015-05-04,186.15,13.0,10.300001,15.985715,4.4857144,71.557144,2.6571429,2.1285713,2.7,6.7714286,13.3,0.00015836954,0.004624553,-7.345365000000001e-25,0.0,0.0,True
2015-05-11,186.12,2.3,14.771429,20.442858,8.1,64.814285,3.5142858,2.0428572,3.6000001,6.357143,16.714285,3.8579106e-05,0.0043286458,-7.345365000000001e-25,3.7252903e-09,0.0,True
2015-05-18,186.09,5.4,13.042857,19.600002,6.1,64.185715,3.8142858,1.6714287,3.957143,5.7714286,17.285715,6.3851476e-05,0.0039869323,-7.345365000000001e-25,3.7252903e-09,0.0,True
2015-05-25,186.07,4.5,12.957144,18.314287,7.3428574,68.27143,2.885714,0.8142857,2.8999999,5.4,16.885714,6.145239e-05,0.0036612228,-7.345365000000001e-25,0.0,0.0,True
2015-06-01,186.01,8.8,12.528572,17.757143,6.357143,69.92857,3.0857146,1.1285714,3.0857143,5.257143,16.014286,5.5894256e-05,0.0033698753,-7.345365000000001e-25,0.0,0.0,True
2015-06-08,186.0315487881652,6.3,18.142857,24.285715,10.957143,63.342857,4.8285713,1.1285715,4.914286,5.071429,21.171429,0.00012625754,0.0030651763,-7.345365000000001e-25,0.0,0.0,True
2015-06-15,186.01,29.1,16.442858,22.157145,11.271429,74.42857,3.7142856,1.5857143,3.557143,5.2,20.642857,0.00015214086,0.0027971044,-7.345365000000001e-25,7.450581e-09,0.0,True
2015-06-22,186.04,31.0,12.928572,17.785715,8.685715,77.21429,2.7857144,1.5142858,2.7571428,5.0857143,17.22857,0.00017371774,0.002563797,-7.345365000000001e-25,7.450581e-09,0.0,True
2015-06-29,186.0633846824687,8.0,16.085714,21.514286,11.014287,74.48572,3.457143,2.414286,3.442857,5.385714,19.085714,0.0001654625,0.0023751408,-7.345365000000001e-25,3.7252903e-09,0.0,True
2015-07-06,186.15,13.5,24.02857,30.814285,16.157143,60.028572,6.2571425,2.3428571,6.0,4.5857143,26.757143,7.659197e-06,0.0021637082,-7.345365000000001e-25,1.4901161e-08,0.0,True
2015-07-13,186.12,11.2,17.585714,23.7,11.257143,68.51429,4.3714285,2.1857145,4.2428575,4.4142857,21.314285,0.00018115342,0.001954481,-7.345365000000001e-25,7.450581e-09,0.0,True
2015-07-20,186.09,15.900001,21.514286,27.87143,15.5,71.057144,4.1857142,1.6714284,4.214286,4.257143,23.314285,8.5920095e-05,0.0018018037,-7.345365000000001e-25,1.4901161e-08,0.0,True
2015-07-27,186.07,33.0,20.614286,26.37143,15.028572,66.28571,4.542857,2.5285716,4.7000003,4.3285713,23.514286,0.00012743473,0.0016547441,-7.345365000000001e-25,1.1175871e-08,0.0,True
2015-08-03,185.95,0.6,17.671429,24.457142,10.842857,58.44286,4.0285716,1.3999999,4.6142855,3.9,20.3,7.3611736e-06,0.001525797,-7.345365000000001e-25,5.5879354e-09,0.0,True
2015-08-10,185.93,1.6,24.34286,32.185715,17.042858,57.24286,5.3428574,0.68571424,5.6,3.5428572,25.928572,2.9727817e-06,0.0013899282,-7.345365000000001e-25,1.8626451e-08,0.0,True
2015-08-17,185.9,27.599998,22.185715,28.300001,17.114286,74.64286,3.8714287,1.0285714,3.8,3.8285713,25.114286,0.00029214472,0.0012645125,-7.345365000000001e-25,1.3038516e-08,0.0,True
2015-08-24,185.91000000000005,26.099998,17.142857,22.414288,12.328572,77.28571,2.8428571,2.0142858,2.8142858,5.3714285,20.185715,0.00022733212,0.0011859238,-7.345365000000001e-25,5.5879354e-09,0.0,True
2015-08-31,185.93514484080544,2.6,20.414288,26.242859,14.114286,70.57143,3.2714286,2.142857,3.6142857,5.0285716,21.9,4.1931868e-05,0.0011108145,-7.345365000000001e-25,7.450581e-09,0.0,True
2015-09-07,185.92,21.4,14.471429,19.585714,10.071428,77.21429,1.9714286,1.4857143,2.2142856,4.885714,17.214285,0.0006402135,0.0010460541,-7.345365000000001e-25,1.8626451e-09,0.0,True
2015-09-14,185.93,5.3,14.6,20.2,9.6285715,77.65715,1.8999999,1.1999999,2.2428572,4.742857,16.27143,7.348508e-05,0.000998497,-7.345365000000001e-25,3.7252903e-09,0.0,True
2015-09-21,185.91000000000005,5.0,14.885715,20.157145,10.714286,77.471436,1.5857142,1.1857141,2.1,4.6857142,15.771428,7.618964e-05,0.0009541288,-7.345365000000001e-25,5.5879354e-09,0.0,True
2015-09-28,185.93,3.4,12.014285,16.742857,7.8142858,79.84286,1.2285713,0.81428576,1.5,4.6571426,13.685715,3.5598874e-05,0.0009163618,-7.345365000000001e-25,1.8626451e-09,0.0,True
2015-10-05,185.91000000000005,0.6,11.2,18.157145,4.7428575,74.48572,1.3285713,0.7428571,1.7285715,4.357143,12.428572,2.115965e-06,0.0008811131,-7.345365000000001e-25,0.0,0.0,True
2015-10-12,185.92,16.9,9.457144,13.257143,5.9857144,84.14286,0.90000004,0.71428573,1.0,5.2,11.3,0.0003048107,0.00085121393,-7.345365000000001e-25,3.7252903e-09,0.0,True
2015-10-19,185.91000000000005,29.6,4.785714,6.4000006,3.114286,95.37144,0.35714287,0.34285712,0.4714286,6.357143,6.8142858,0.00080590695,0.00082881004,0.0021718286,0.0076879747,0.007925551,True
2015-10-26,185.89,4.2,8.671429,12.214286,5.3285713,90.200005,0.4714286,0.4,0.64285713,6.857143,8.657143,8.139014e-05,0.0008142069,5.2304495e-05,0.00035079755,0.0,True
2015-11-02,185.89,0.0,8.357142,14.028571,3.8714287,84.27143,0.4714286,0.38571432,0.5857143,6.7,7.5142856,1.2859702e-05,0.0008022189,-7.345365000000001e-25,1.2852252e-07,0.0,True
2015-11-09,185.9,3.3,12.185715,17.442858,8.114286,78.3,0.6571428,0.5714286,1.0,6.5857143,9.4,6.263703e-05,0.0007913634,-7.345365000000001e-25,7.450581e-09,0.0,True
2015-11-16,185.96,17.2,11.1285715,13.771429,8.357142,80.42857,0.8000001,0.74285716,1.0285714,6.7714286,9.714286,0.00029969215,0.00078196824,-7.345365000000001e-25,1.1175871e-08,0.0,True
2015-11-23,186.01,15.4,6.7714286,9.0,4.0857143,81.957146,0.7285714,0.71428573,0.9857143,8.342857,6.614286,0.0007455349,0.0007755086,0.00039993582,1.4314428e-05,0.0029794388,True
2015-11-30,186.00629654894053,19.6,2.9428573,6.0,0.4,85.114296,0.47142857,0.45714286,0.62857145,9.057143,2.4857142,0.00045065582,0.00077694654,0.0022916056,0.0056707934,0.0030465983,True
2015-12-07,186.03,4.1,7.3857145,9.842857,4.7571425,81.07143,0.44285718,0.44285718,0.67142856,9.8,5.742857,0.0001296103,0.000794664,2.0782152e-05,0.00022903644,0.0,True
2015-12-14,186.07,6.4,4.785714,8.2,1.3142859,84.78571,0.3142857,0.3142857,0.4714286,9.671429,3.7285714,0.00010316074,0.0008360669,-7.345365000000001e-25,1.2293458e-07,0.0,True
2015-12-21,186.01,5.2,8.771429,11.328572,6.2571425,86.21429,0.34285715,0.34285715,0.5142857,9.742857,6.3714285,0.00011602044,0.00088275224,-7.345365000000001e-25,1.8626451e-09,0.0,True
2015-12-28,185.99,2.0,9.385714,11.828572,6.3714285,79.828575,0.50000006,0.50000006,0.8,9.642858,6.6857142,3.6790967e-05,0.0009316504,-7.345365000000001e-25,0.0,0.0,True
2016-01-04,185.99,4.9,0.50000006,2.8285716,-2.1142857,87.200005,0.23333333,0.2,0.25714284,9.6,2.1666667,9.383261e-05,0.0009796023,0.00025780997,9.313226e-08,0.0043215677,True
2016-01-11,186.0,8.6,0.94285727,3.5142858,-1.6857141,87.15714,0.25714287,0.25714287,0.37142858,9.957143,0.24285714,0.0002796054,0.0010268837,0.0041485913,0.0053112954,0.0020600632,True
2016-01-18,186.02,10.2,0.4714286,2.5,-1.8857144,86.91429,0.31428573,0.31428573,0.37142858,10.242857,0.8428571,0.0001654774,0.0010881647,0.0048918384,0.0010178853,0.011094578,True
2016-01-25,186.04,10.500001,-1.4000002,1.8714286,-5.3857145,84.74286,0.10000001,0.10000001,0.41428572,10.085714,-0.34285715,0.00045631826,0.0011811927,0.0112611,0.01531807,0.0063376054,True
2016-02-01,186.06,10.7,7.471429,10.214286,3.457143,74.42857,0.95714283,0.95714283,1.2285715,10.028571,4.4428573,0.0003620386,0.0013150871,0.00024253414,0.002481414,6.4168125e-05,True
2016-02-08,186.08,8.4,6.0285716,8.828572,3.414286,76.44286,0.87142855,0.85714287,1.1714286,10.171429,4.542857,0.00024060905,0.0015380457,0.00016705763,0.0006299075,0.00063670054,True
2016-02-15,186.1,6.6,3.7000003,6.8142858,0.61428565,79.8,0.7285714,0.71428573,0.90000004,10.1285715,3.6285715,0.00019904971,0.0018124878,7.96829e-05,0.00015239045,0.0010037832,True
2016-02-22,186.08,17.6,3.3142858,5.9428573,0.14285716,83.18572,0.7,0.6857143,0.8428572,10.1,3.4,0.0003946796,0.0020601824,0.001755459,0.0034519974,0.0033213608,True
2016-02-29,186.1330620984745,9.8,0.58571434,4.0285716,-2.2428572,84.114296,0.7571429,0.7285714,0.71428573,10.285714,2.6285715,0.00010831654,0.0023346245,0.0026697828,0.0026496686,0.010514516,True
2016-03-07,186.1,4.7,2.914286,6.142857,-0.11428571,80.314285,0.82857144,0.7857143,0.9714285,10.085714,3.357143,0.00031425804,0.002651602,0.0041383617,0.008856697,0.0020333156,True
2016-03-14,186.13,0.8,1.8857144,4.8142858,-0.61428577,86.48572,0.91428566,0.8142857,0.8000001,9.842857,3.5428572,5.671382e-05,0.002929099,0.0004437367,0.0010315944,0.00044962764,True
2016-03-21,186.1184407747867,5.2,4.2571425,7.7428575,1.1142857,80.75714,1.1571429,1.0571429,1.1428572,9.471429,5.1285715,0.00012753904,0.0031527728,0.00083326723,0.0030092094,0.0028160736,True
2016-03-28,186.15,9.1,6.428571,10.414286,3.3285713,79.6,1.3000001,1.1857144,1.3857143,9.271428,6.9428573,0.00017951429,0.003294304,8.367357e-06,4.7618523e-05,1.4163554e-05,True
2016-04-04,186.16000000000005,23.6,8.885715,14.0,3.6714287,75.38572,1.9714286,1.8285713,1.8571428,9.4,9.842857,0.000378415,0.003379114,0.000295605,0.0016172938,0.0016256571,True
2016-04-11,186.17,1.3,9.257143,14.257143,4.1714287,71.057144,2.1571429,1.7571429,2.1857142,8.8,11.9,0.000100150704,0.003460504,2.1855037e-06,2.4799258e-05,0.0,True
2016-04-18,186.14,21.6,9.5,14.342857,4.957143,78.8,1.8571428,1.7142857,1.8571428,8.657143,11.285714,0.00039549172,0.0034846887,-7.345365000000001e-25,0.0,0.0,True
2016-04-25,186.11,3.8,6.3428574,11.385715,1.1000001,69.02857,2.3,1.9000002,2.2,8.385715,10.514286,7.632375e-05,0.0034691766,2.0515352e-05,8.594431e-05,0.00039466098,True
2016-05-02,186.08,1.3,7.6857147,13.442858,1.9428571,68.08572,2.8142855,2.2571428,2.6285713,7.9142857,10.3,0.00015883148,0.0034191236,0.00015708378,0.0007602181,0.00050368905,True
2016-05-09,186.06,1.4,13.599999,20.328571,6.5,63.8,4.5142856,2.7428572,4.1857142,6.8714285,16.142857,2.9623508e-05,0.0033186525,-7.345365000000001e-25,5.9232116e-07,0.0,True
2016-05-16,186.04,4.8,12.714286,18.242857,7.2571435,65.65714,3.585714,1.6000001,3.6142857,6.0285716,16.12857,3.1337142e-05,0.0031560436,-7.345365000000001e-25,3.7252903e-09,0.0,True
2016-05-23,186.02,10.900001,15.185715,20.62857,9.6285715,64.328575,3.4857144,1.3428571,3.5142858,5.8428574,16.942858,0.0016170144,0.002996534,-7.345365000000001e-25,3.7252903e-09,0.0,True
2016-05-30,185.9937885316933,5.7,15.828572,20.142857,11.428572,83.14286,2.6857142,1.9428571,2.6142857,6.428571,18.8,0.003164664,0.0028519481,-7.345365000000001e-25,3.7252903e-09,0.0,True
2016-06-06,186.0,29.1,18.128572,23.77143,12.757143,79.77143,3.3142858,2.7000003,3.4428573,7.1714287,21.485714,0.0026108623,0.0027431697,-7.345365000000001e-25,3.7252903e-09,0.0,True
2016-06-13,186.01,17.4,16.728573,22.414288,11.214286,71.557144,3.5142858,2.3285713,3.642857,6.7285714,21.557142,0.00042765588,0.0026375726,-7.345365000000001e-25,0.0,0.0,True
2016-06-20,186.0,29.899998,15.742858,21.257143,10.757143,78.75715,3.1142857,2.7285714,3.3428571,7.5857143,19.12857,0.00045832992,0.0025628805,-7.345365000000001e-25,7.450581e-09,0.0,True
2016-06-27,186.01,14.1,21.02857,27.242859,14.7,67.942856,4.785714,3.4714284,4.9,6.8428574,24.442858,0.00013014674,0.0024786443,-7.345365000000001e-25,1.1175871e-08,0.0,True
2016-07-04,186.0,13.5,17.814287,23.785715,12.214286,71.25715,3.8142855,2.442857,3.8142858,6.0857143,21.72857,5.8054924e-05,0.002380319,-7.345365000000001e-25,7.450581e-09,0.0,True
2016-07-11,185.98,4.0,19.84286,26.37143,13.357142,59.914288,5.0,2.0714285,5.1857142,5.3714285,22.571428,1.8000603e-05,0.0022738576,-7.345365000000001e-25,7.450581e-09,0.0,True
2016-07-18,185.95,23.3,17.328571,22.185715,12.828572,73.65715,3.157143,1.7428571,3.0285716,5.5857143,20.328571,0.00027562678,0.0021634698,-7.345365000000001e-25,3.7252903e-09,0.0,True
2016-07-25,185.96,4.6000004,21.957144,28.34286,15.742858,70.057144,4.1142855,1.8857144,4.142857,5.428571,24.814285,0.00019812584,0.00206054,-7.345365000000001e-25,1.1175871e-08,0.0,True
2016-08-01,185.93,12.0,20.028574,25.571428,15.385715,73.0,3.3285713,2.3142858,3.3999999,5.8428574,23.071428,0.0002603829,0.001954876,-7.345365000000001e-25,9.313226e-09,0.0,True
2016-08-08,185.9,19.9,18.77143,23.84286,14.028572,73.04286,2.957143,2.2571428,3.3285713,6.0142856,20.485714,0.0004632473,0.0018713102,-7.345365000000001e-25,1.4901161e-08,0.0,True
2016-08-15,185.87,11.0,16.157145,21.128572,10.857142,71.8,2.742857,1.7857143,3.0,5.6857142,19.357143,0.00013510883,0.0017966032,-7.345365000000001e-25,0.0,0.0,True
2016-08-22,185.83,2.6,17.385715,23.9,10.971429,66.8,3.1000001,1.6428573,3.4857142,5.0285716,21.085714,5.1155686e-05,0.0017251819,-7.345365000000001e-25,7.450581e-09,0.0,True
2016-08-29,185.8370071088449,4.5,23.128572,31.185715,15.728571,57.94286,3.9857142,1.3428571,4.8857145,4.642857,23.442858,3.1888485e-05,0.001640901,-7.345365000000001e-25,9.313226e-09,0.0,True
2016-09-05,185.82,17.0,18.542858,24.5,12.828572,65.3,2.8000004,0.82857144,3.142857,4.4,20.942858,7.3611736e-05,0.0015531257,-7.345365000000001e-25,9.313226e-09,0.0,True
2016-09-12,185.81,0.0,20.557144,28.014286,13.271429,69.571434,2.857143,1.0,3.2428572,4.357143,21.571428,4.634261e-06,0.0014809966,-7.345365000000001e-25,3.7252903e-09,0.0,True
2016-09-19,185.8,39.3,18.214285,23.528574,13.228572,74.38572,2.3428571,0.7714286,2.4142857,4.9142857,19.842857,0.00048330426,0.0014033169,-7.345365000000001e-25,1.3038516e-08,0.0,True
2016-09-26,185.82,0.0,14.142858,20.228573,8.842857,76.78571,1.6,1.0285714,1.7571429,5.785714,16.37143,8.046627e-06,0.0013507232,-7.345365000000001e-25,0.0,0.0,True
2016-10-03,185.84,4.9,14.900001,19.34286,10.685715,79.64286,1.357143,0.9285714,1.7428571,5.428571,16.185715,0.0001308471,0.0013012066,-7.345365000000001e-25,1.1175871e-08,0.0,True
2016-10-10,185.87,22.4,8.242857,10.857142,5.7999997,90.971436,0.75714284,0.64285713,0.7428571,5.857143,10.1285715,0.00033400953,0.0012655184,-7.345365000000001e-25,0.0,0.0,True
2016-10-17,185.88,4.7,8.957143,12.957144,5.6,89.3,0.59999996,0.4714286,0.8,5.9714284,9.357142,8.581579e-05,0.0012406632,-7.345365000000001e-25,3.7252903e-09,0.0,True
2016-10-24,185.92,29.400002,7.714286,10.328572,5.5,91.11428,0.55714285,0.5285714,0.64285713,6.5571427,8.928572,0.0006981045,0.0012209415,-7.345365000000001e-25,1.8626451e-09,0.0,True
2016-10-31,185.91310728811223,2.4,8.757143,11.357142,6.085715,91.542854,0.4,0.4,0.5714286,7.2714286,8.828571,0.00029090047,0.0012144968,-7.345365000000001e-25,1.8626451e-09,0.0,True
2016-11-07,185.96,18.8,5.5285716,8.457143,2.614286,87.0,0.42857143,0.4,0.5857143,7.4428573,5.8428574,0.00026969612,0.0012241751,9.707043e-07,2.2482127e-06,1.4897436e-05,True
2016-11-14,185.98,4.2,0.74285716,3.4428573,-1.6571429,87.51429,0.3,0.25714284,0.35714287,8.057143,1.8142858,9.787083e-05,0.0012516528,0.0012244951,0.00080233254,0.002392508,True
2016-11-21,185.94000000000003,12.2,7.428571,10.614286,4.4142857,80.42857,0.54285717,0.5285714,0.90000004,8.771428,5.0857143,0.00029334426,0.0013045296,0.00031908354,0.0016527157,1.0248274e-05,True
2016-11-28,185.92,1.1,3.9857144,6.4714284,1.1857144,91.12858,0.21428572,0.21428572,0.3,8.728572,4.4,1.6078353e-05,0.0013855398,1.0927518e-05,6.8061054e-06,0.00011546537,True
2016-12-05,185.93,2.3,-0.09999996,3.6714287,-3.7142856,82.6,0.24285714,0.22857144,0.29999998,8.757143,0.18571429,0.00010454655,0.0014680475,0.0004055046,0.0009977836,0.0011929981,True
2016-12-12,185.91000000000005,3.8,3.8857143,7.0,1.0285715,82.40001,0.3,0.3,0.59999996,8.785714,1.3857143,0.00014060736,0.001544863,0.00017375605,0.00030172803,9.350479e-06,True
2016-12-19,185.87,3.0,2.2285714,4.414286,-0.12857132,92.685715,0.11428572,0.11428572,0.22857143,9.014286,1.5142857,5.991757e-05,0.0016183555,2.1741503e-06,4.891306e-06,0.0,True
2016-12-26,185.91000000000005,4.0,2.7000003,5.2000003,0.1428571,85.72858,0.31428573,0.2857143,0.51428574,9.1,1.3428571,0.00010538101,0.0016960129,3.407115e-05,0.00012988225,0.0001269579,True
2017-01-02,185.89,6.7,1.8285714,4.571429,-0.74285716,81.828575,0.26000002,0.26000002,0.4857143,9.24,1.9,4.3958426e-05,0.001774095,0.00025480133,7.195398e-06,0.0030057095,True
2017-01-09,185.89,7.7999997,-2.4714286,-0.44285712,-5.857143,85.1,0.17142858,0.17142858,0.4,9.471429,-0.45714286,5.8993697e-05,0.0018533245,0.010872932,0.00073822215,0.016277425,True
2017-01-16,185.92,8.8,-0.18571429,2.0857143,-2.3999999,83.15715,0.34285715,0.34285715,0.6,9.657143,-0.114285715,0.00013552606,0.0019279197,0.019813005,0.0033218488,0.012910992,True
2017-01-23,185.93,0.0,-5.4857144,-2.2428572,-8.485715,88.75715,0.042857144,0.042857144,0.114285715,9.7,-0.8142857,2.913177e-05,0.0020027384,0.02498146,0.0015771538,0.00075476617,True
2017-01-30,185.9077322500051,3.2,-1.8714286,1.7285715,-5.285714,82.24286,0.20000002,0.18571427,0.45714286,9.6285715,-0.9714286,0.0001887083,0.0020747036,0.022545235,0.0054111425,0.0006586723,True
2017-02-06,185.94000000000003,4.7999997,2.4714284,5.014286,0.12857144,91.65715,0.2857143,0.2857143,0.42857143,9.757143,0.31428573,0.0005250275,0.0021639988,0.009373841,0.016301472,0.0018256456,True
2017-02-13,185.96,2.7,-2.0428572,0.114285745,-4.0,87.22858,0.2857143,0.25714284,0.45714286,9.6285715,-0.41428572,3.1851232e-05,0.0024042577,0.0034132288,0.001526704,0.00092972815,True
2017-02-20,185.97000000000003,8.3,3.8285716,8.314286,-0.22857141,81.8,0.65714294,0.6428572,0.7285714,9.557143,1.4714285,0.00025223196,0.0026541278,0.00088626996,0.0024607088,4.2952597e-06,True
2017-02-27,185.95,12.599999,7.2571435,10.685715,3.7428572,72.057144,1.3571428,1.3142859,1.5428572,9.8714285,5.6285715,0.0002464652,0.002886027,3.495103e-05,0.00014507957,0.00011500344,True
2017-03-06,186.07,13.0,6.9428573,10.985715,3.3142858,70.4,1.4857143,1.4142858,1.6428572,9.514286,6.114286,0.00019347668,0.0031439885,5.1061314e-05,0.00032611378,0.00033338368,True
2017-03-13,186.12,11.6,4.714286,8.942858,0.6999999,79.25714,1.1,1.0714285,1.0857142,9.771428,5.7,0.00027032197,0.0033419356,6.448655e-06,3.3810735e-05,2.3707747e-05,True
2017-03-20,186.11,13.4,8.3,12.7,4.0857143,73.24286,1.4714285,1.3428571,1.5428572,9.6,7.957143,0.00028976798,0.0035121292,5.676633e-08,4.7124922e-07,0.0,True
2017-03-27,186.09,5.3,7.1571426,11.985715,2.2285714,72.8,1.7142857,1.5285714,1.6142857,9.657143,8.557143,0.00014484674,0.0036685467,-7.345365000000001e-25,1.8626451e-09,0.0,True
2017-04-03,186.06,3.2,12.857142,18.4,7.3857145,68.0,2.457143,1.9571428,2.6000001,8.742857,13.3,4.0836632e-05,0.0037605613,-7.345365000000001e-25,3.7252903e-09,0.0,True
2017-04-10,186.05,3.2,9.557143,14.414286,4.8857145,75.92857,2.0857143,1.6142856,2.0,8.114285,11.728572,5.2332878e-05,0.003745474,-7.345365000000001e-25,3.7252903e-09,0.0,True
2017-04-17,186.03,11.0,7.7000003,11.657144,4.157143,73.37142,1.9857142,1.6571429,1.9285715,7.571429,10.142858,0.00014539063,0.0036755204,7.379623e-08,0.0,1.2762845e-05,True
2017-04-24,186.0,8.7,5.1,9.714286,0.5857143,71.64286,2.142857,1.7428572,2.0,7.5285716,7.885714,0.00020734966,0.0035996884,0.00096095743,0.0031826403,0.003372103,True
2017-05-01,185.99,3.8,7.5,12.385714,2.2428572,68.77143,2.2,1.6714286,2.2,7.1857142,10.242857,3.7774444e-05,0.0034942776,3.0086153e-06,2.11671e-05,0.0,True
2017-05-08,185.97000000000003,2.5,9.985715,13.742858,5.7428575,85.24286,1.7714287,1.4857143,1.7285715,7.428571,12.342857,0.00014643371,0.0033783987,-7.345365000000001e-25,7.450581e-09,0.0,True
2017-05-15,186.0,10.7,12.714286,19.014286,6.328572,72.74286,2.957143,2.2,2.9285715,6.9142857,15.671429,0.00021453202,0.0032509267,-7.345365000000001e-25,0.0,0.0,True
2017-05-22,185.96,20.9,17.171429,23.642857,10.428572,67.328575,4.1142855,2.3857143,4.2428575,6.4857144,20.557142,0.00012739003,0.0030822903,-7.345365000000001e-25,3.7252903e-09,0.0,True
2017-05-29,185.94137412844307,3.6,18.114286,24.685715,10.7,65.28571,4.571429,1.9857142,4.357143,5.857143,21.37143,7.584691e-06,0.0028955415,-7.345365000000001e-25,3.7252903e-09,0.0,True
2017-06-05,185.98,37.9,17.500002,23.557144,11.771429,75.22857,3.9285717,2.0,3.5,5.7,22.071428,0.000216797,0.002684638,-7.345365000000001e-25,3.7252903e-09,0.0,True
2017-06-12,185.94000000000003,4.5,17.37143,23.657145,10.542857,65.77143,4.457143,2.9428573,4.5142856,5.8428574,20.528572,4.428625e-05,0.0024968237,-7.345365000000001e-25,3.7252903e-09,0.0,True
2017-06-19,185.8870662125803,3.5,17.814287,23.9,10.942857,68.057144,4.6142855,1.6285714,4.3142858,5.0285716,22.328571,3.607571e-05,0.002294138,-7.345365000000001e-25,3.7252903e-09,0.0,True
2017-06-26,185.84,22.6,20.285715,26.771427,14.028572,68.185715,5.2285714,1.6571429,4.8285713,4.957143,24.014286,7.3462725e-06,0.002084501,-7.345365000000001e-25,7.450581e-09,0.0,True
2017-07-03,185.89,18.4,17.157145,22.057144,12.614286,77.971436,3.3142858,2.442857,3.2428572,6.1285715,20.257143,0.00017430633,0.0019181296,-7.345365000000001e-25,1.4901161e-08,0.0,True
2017-07-10,185.86,15.9,20.742859,26.928572,15.357142,68.828575,4.357143,2.8285716,4.4,5.8,23.842857,0.0001077801,0.0017711148,-7.345365000000001e-25,7.450581e-09,0.0,True
2017-07-17,185.81,15.1,16.785715,22.071428,11.842857,75.72857,3.2428572,2.6857145,3.0571427,6.4,20.4,0.00015357137,0.0016413406,-7.345365000000001e-25,3.7252903e-09,0.0,True
2017-07-24,185.79,29.7,20.34286,26.600002,14.771429,71.71429,4.085714,3.0,3.9428573,5.9428573,23.885714,0.00016495585,0.0015251264,-7.345365000000001e-25,1.1175871e-08,0.0,True
2017-07-31,185.8314971462433,31.1,18.9,23.528574,14.585715,75.41429,3.3142858,2.8999999,3.3285713,7.6285715,20.614286,0.00025813282,0.0014319271,-7.345365000000001e-25,1.4901161e-08,0.0,True
2017-08-07,185.81,4.9,20.628572,26.928572,14.971429,68.54286,3.757143,3.0428574,4.0,6.8714285,23.542856,5.4731965e-05,0.001337342,-7.345365000000001e-25,7.450581e-09,0.0,True
2017-08-14,185.83,55.3,17.7,22.557144,12.742858,76.52857,2.8,2.2999997,3.0571427,7.1857142,20.457144,0.00026898086,0.0012537315,-7.345365000000001e-25,1.4901161e-08,0.0,True
2017-08-21,185.85,7.3,18.9,24.514286,13.728572,70.62858,3.0285714,2.6857142,3.5714285,7.5571427,21.414286,0.00065650046,0.0011848658,-7.345365000000001e-25,9.313226e-09,0.0,True
2017-08-28,185.81,9.5,17.4,23.628572,11.2,73.1,2.7857144,2.1857142,3.1142857,7.0857143,21.285715,0.00017167628,0.0011188015,-7.345365000000001e-25,3.7252903e-09,0.0,True
2017-09-04,185.82,5.8,16.442858,22.47143,10.400001,74.314285,2.3285713,1.7857143,2.7428572,6.9,19.2,0.00013229251,0.0010602921,-7.345365000000001e-25,7.450581e-09,0.0,True
2017-09-11,185.77,1.7,15.414286,20.02857,11.285714,71.15714,1.8142856,1.5,2.6285713,6.785714,16.542856,3.349781e-05,0.0010138378,-7.345365000000001e-25,1.3038516e-08,0.0,True
2017-09-18,185.79,8.9,11.8,16.657145,7.8142858,78.01428,1.5142858,1.3285714,1.9571428,6.9428573,13.585714,0.000229612,0.00097568333,-7.345365000000001e-25,3.7252903e-09,0.0,True
2017-09-25,185.82,4.0,12.314286,17.157145,8.442858,82.41429,1.0857143,0.88571435,1.4,6.9428573,14.1285715,6.6295266e-05,0.00094188005,-7.345365000000001e-25,1.8626451e-09,0.0,True
2017-10-02,185.81,16.3,14.0,18.857143,9.685715,84.67143,1.0857143,0.9142858,1.4714285,6.957143,15.085714,0.00010316074,0.0009129569,-7.345365000000001e-25,7.450581e-09,0.0,True
2017-10-09,185.84,23.9,10.5,13.471429,7.8857145,82.11428,1.1,1.0714285,1.3000001,8.028571,11.057143,0.00036419928,0.00088811666,-7.345365000000001e-25,7.450581e-09,0.0,True
2017-10-16,185.85,0.1,14.385715,19.214285,10.357142,77.65715,1.042857,0.90000004,1.6285714,8.214286,13.214286,4.3988228e-05,0.00086948276,-7.345365000000001e-25,1.1175871e-08,0.0,True
2017-10-23,185.83,8.3,13.142858,18.114286,8.785715,76.85714,0.8285714,0.7285714,1.3714286,8.014286,12.6,0.00012420118,0.000850901,-7.345365000000001e-25,5.5879354e-09,0.0,True
2017-10-30,185.8287431228873,13.5,10.357142,13.114286,8.157144,80.25714,0.9428571,0.91428566,1.2285715,8.414286,10.042857,0.00027646124,0.00083740056,-7.345365000000001e-25,1.1175871e-08,0.0,True
2017-11-06,185.85,14.1,8.0,11.257143,5.1714287,83.11428,0.48571435,0.47142863,0.8142857,8.785714,7.6,0.00020073354,0.0008275658,-7.345365000000001e-25,5.5879354e-09,0.0,True
2017-11-13,185.86,14.599999,5.0285716,7.1,3.0571427,90.114296,0.3285714,0.3285714,0.5142857,9.171429,5.5285716,0.00020641088,0.0008232072,0.00024503184,0.0005940031,0.0019927584,True
2017-11-20,185.9,8.6,4.4428573,6.8142858,1.9857143,86.557144,0.37142855,0.37142855,0.5428571,9.3,3.9857142,0.00016483665,0.0008256957,0.00042021842,0.0014482923,0.0008858554,True
2017-11-27,185.95,27.2,6.6857147,9.314286,3.4714286,81.3,0.47142854,0.47142854,0.8428572,9.828571,5.0571427,0.00074133277,0.0008429289,8.968512e-05,0.00091786124,7.1533024e-05,True
2017-12-04,185.98,6.7,0.8428572,3.0,-1.6285715,86.14286,0.21428572,0.21428572,0.35714287,9.971429,1.4571428,0.00020229816,0.0009196475,0.0010083063,0.0014164299,0.005878739,True
2017-12-11,186.0,4.1,3.5142858,5.6285715,1.3428572,78.02857,0.4857143,0.4857143,0.9142857,9.9,1.8714286,0.00039482117,0.0010419786,0.0021320921,0.008415509,0.005995348,True
2017-12-18,186.02,6.4,2.1285715,4.0571427,-0.014285718,83.114296,0.45714286,0.45714286,0.5857143,10.1,1.2857143,0.00022378564,0.0012134984,0.003790021,0.0023426022,0.0069983006,True
2017-12-25,186.03,5.4,5.1285715,6.728572,3.2,87.685715,0.22857144,0.22857144,0.55714285,9.985714,3.3428571,0.0003985539,0.001444146,0.002623348,0.0076711047,0.0007155426,True
2018-01-01,186.06,7.2,4.928571,8.171429,2.2,76.314285,0.48333335,0.44999996,0.9285714,10.066667,2.35,0.00019797683,0.0017479882,0.00013672738,0.0008431375,0.0008123666,True
2018-01-08,186.07,20.2,4.585714,6.657143,2.8,84.67143,0.59999996,0.59999996,0.71428573,10.585714,4.0857143,0.0004331246,0.002050154,8.997463e-06,2.0446256e-05,4.304573e-05,True
2018-01-15,186.1,1.2,2.0,4.6857147,-0.7285715,87.21429,0.2857143,0.27142859,0.41428572,10.071428,1.5571429,2.4296343e-05,0.002436459,1.7080989e-05,3.3959746e-05,8.286536e-05,True
2018-01-22,186.09,13.799999,1.6714287,4.1857142,-0.38571426,84.457146,0.5285714,0.5285714,0.64285713,10.414286,0.94285715,0.00023813546,0.0027854443,0.0038402874,0.0031017028,0.011635434,True
2018-01-29,186.0601133975104,4.3,7.114286,9.085714,5.1857142,82.38572,0.54285717,0.54285717,0.9285714,10.142858,4.9142857,0.0003334731,0.0031108782,0.0012132553,0.008878276,0.00013945624,True
2018-02-05,186.03500000000005,3.7,1.7142857,4.1285715,-1.5428573,82.35714,0.55714285,0.54285717,0.6857143,10.057143,2.5,0.00011217594,0.0034993514,0.0006879511,2.1642074e-05,0.0028750375,True
2018-02-12,186.08,1.1,-1.5857143,1.0857143,-4.785714,83.15715,0.29999998,0.2857143,0.4714286,9.985714,-0.14285715,1.3366342e-05,0.0038131326,0.0026080837,0.00048882887,0.0009979196,True
2018-02-19,186.06400699888587,0.3,0.08571428,3.8714287,-3.457143,77.38572,0.5428571,0.5,0.6571428,9.814285,0.25714287,5.4992735e-05,0.004007429,0.0022133645,0.0019096751,0.000765685,False
2018-02-26,186.04,0.0,-4.4142857,-0.61428577,-7.8,71.28571,0.31428573,0.27142859,0.7571429,9.642858,-0.7714286,1.9967556e-06,0.004096128,0.0013587872,0.00010067597,0.0006427765,True
2018-03-05,186.04,0.8,-4.857143,0.4714286,-9.642858,61.857143,0.32857147,0.2857143,1.0285714,9.585714,-2.6571429,1.5825033e-05,0.0041182972,0.0013699475,0.00082490407,0.0003444068,True
2018-03-12,186.06,21.5,6.142857,10.528572,2.5142858,79.58572,1.057143,1.0142857,1.2428571,9.757143,3.5714285,0.00052043796,0.0041021407,0.0028071858,0.011067191,0.010375991,True
2018-03-19,186.09,11.5,0.21428564,3.2714288,-3.1571429,76.42857,0.6571428,0.6571428,1.0285714,10.114285,3.0857143,0.00020207465,0.004119344,0.0034103394,0.000112714246,0.008540161,True
2018-03-26,186.11,4.5,1.8857144,5.9857144,-2.3285713,77.314285,1.0428572,0.9857143,1.1285714,9.928572,3.2142856,0.00025385618,0.0042829365,0.006326834,0.009702319,0.004862234,True
2018-04-02,186.14,8.900001,5.428571,9.457143,1.3000001,75.957146,1.4428571,1.3428571,1.4571428,9.785714,6.3428574,0.00030642748,0.004463896,0.00034677415,0.0016645379,8.1956387e-07,True
2018-04-09,186.12,4.4,11.400001,18.34286,4.1857142,61.100002,3.0714283,2.5714285,2.957143,9.157143,11.828571,8.505583e-05,0.00463365,5.7901656e-07,7.6182187e-06,0.0,True
2018-04-16,186.1,17.0,13.6285715,19.300001,8.1285715,73.700005,2.6714284,2.2999997,2.542857,8.485714,14.928572,0.00027105212,0.0046013743,-7.345365000000001e-25,-1.8626451e-09,0.0,True
2018-04-23,186.05,4.9,16.442858,23.2,9.028571,67.67143,3.7428572,2.8142855,3.3142858,7.8285713,18.685715,8.508563e-05,0.0044797584,-7.345365000000001e-25,7.450581e-09,0.0,True
2018-04-30,186.0623029096733,4.1,13.514287,18.914288,7.657143,66.24286,3.5571427,2.2857141,3.1857142,6.885714,16.428572,2.926588e-05,0.0043021142,-7.345365000000001e-25,0.0,0.0,True
2018-05-07,186.06,2.3,12.585715,18.214285,5.6714287,60.9,4.0571427,1.4571428,3.5142856,6.1,16.7,3.5017729e-06,0.004078172,-7.345365000000001e-25,0.0,0.0,True
2018-05-14,186.02,0.3,17.457144,24.328571,10.557143,63.885715,4.6,1.2571428,4.5142856,5.757143,19.942858,9.8474324e-05,0.003806837,-7.345365000000001e-25,3.7252903e-09,0.0,True
2018-05-21,185.98,14.6,13.814285,19.27143,8.671429,72.700005,3.5571427,1.5857142,3.1285713,5.8142858,18.014286,0.00024324656,0.0035440475,-7.345365000000001e-25,3.7252903e-09,0.0,True
2018-05-28,185.96,25.1,18.571428,25.17143,11.785714,69.35714,4.6857142,1.7714287,3.9714284,5.8,22.242857,8.657575e-05,0.0032755136,-7.345365000000001e-25,3.7252903e-09,0.0,True
2018-06-04,186.09,25.400002,20.828571,27.071428,14.857142,72.22858,4.571429,2.1,4.2714286,5.714286,25.028572,5.708635e-05,0.003000453,-7.345365000000001e-25,3.7252903e-09,0.0,True
2018-06-11,185.96519088581127,1.7,20.27143,26.742859,14.042857,68.62858,4.6857142,1.9428571,4.1,5.542857,24.942858,7.416308e-05,0.0027337745,-7.345365000000001e-25,3.7252903e-09,0.0,False
2018-06-18,185.93,0.90000004,17.385715,22.37143,13.0,65.22857,3.6714287,1.6714286,3.457143,5.6857142,21.885714,7.806718e-05,0.0025036559,-7.345365000000001e-25,3.7252903e-09,0.0,True
2018-06-25,185.89482982158464,8.9,16.242857,22.085714,11.071428,69.057144,3.6571429,1.5285714,3.6857142,5.0142856,20.214285,4.711002e-05,0.0022932887,-7.345365000000001e-25,3.7252903e-09,0.0,True
2018-07-02,185.88,0.0,18.314287,24.7,11.228572,54.05714,5.2000003,1.0999999,5.1285715,4.6714287,21.842857,1.2487173e-05,0.0021061748,-7.345365000000001e-25,0.0,0.0,True
2018-07-09,185.86,14.6,19.87143,27.67143,11.671428,52.642857,5.414285,1.2285715,5.1714287,4.457143,23.7,2.8252602e-05,0.0018892214,-7.345365000000001e-25,7.450581e-09,0.0,True
2018-07-16,185.83,9.5,18.571428,25.028574,12.400001,65.74286,3.885714,1.957143,4.0571427,4.785714,22.057142,8.65981e-05,0.001718983,-7.345365000000001e-25,1.4901161e-08,0.0,True
2018-07-23,185.79,2.0,21.27143,28.0,14.114286,57.54286,4.8285713,1.5285714,4.785714,4.357143,24.428572,4.5463443e-05,0.0015530661,-7.345365000000001e-25,7.450581e-09,0.0,True
2018-07-30,185.8129802412693,5.1,24.728573,32.514286,16.6,53.957146,5.5,1.5142858,5.571429,4.1714287,26.77143,1.1071563e-05,0.0014011189,-7.345365000000001e-25,7.450581e-09,0.0,True
2018-08-06,185.8,17.2,24.828571,31.442858,17.757143,55.34286,5.2428575,1.4142857,4.9857144,4.142857,27.428572,2.0727515e-05,0.0012592152,-7.345365000000001e-25,3.7252903e-09,0.0,True
2018-08-13,185.78,6.9,23.214285,30.87143,15.357142,45.285713,5.1142855,1.2285715,5.7285714,3.9142857,25.0,3.0100346e-06,0.0011342093,-7.345365000000001e-25,5.5879354e-09,0.0,True
2018-08-20,185.76,11.1,21.271427,27.785715,14.742858,60.8,3.957143,0.75714284,4.0571427,3.7,24.014286,8.225441e-06,0.0010315478,-7.345365000000001e-25,9.313226e-09,0.0,True
2018-08-27,185.74,10.599999,18.414286,24.985716,12.17143,63.642857,3.2285712,0.6714286,3.4714284,3.6142857,21.814285,1.0430813e-05,0.000945054,-7.345365000000001e-25,5.5879354e-09,0.0,True
2018-09-03,185.74,18.8,16.6,21.414288,11.457144,72.62858,2.3428571,0.67142856,2.357143,3.6714287,19.328571,6.2555075e-05,0.000875853,-7.345365000000001e-25,3.7252903e-09,0.0,True
2018-09-10,185.74,2.2,18.27143,25.0,12.071428,65.442856,2.6571426,1.1571429,2.9428573,3.9142857,20.385714,1.5690923e-05,0.0008209571,-7.345365000000001e-25,7.450581e-09,0.0,True
2018-09-17,185.71,0.1,17.585714,23.9,11.728572,62.857143,2.5285714,0.7428571,3.0,3.5857143,19.657143,3.3676624e-06,0.0007654205,-7.345365000000001e-25,3.7252903e-09,0.0,True
2018-09-24,185.68,37.3,16.942858,23.257143,11.1,64.28571,2.4285715,0.8142857,3.1000001,3.8285713,17.714285,0.0029770285,0.000715442,-7.345365000000001e-25,3.7252903e-09,0.0,True
2018-10-01,185.67,1.2,10.042857,16.171429,4.3285713,65.3,1.5142857,1.0571429,1.9,4.4,12.085714,3.643334e-06,0.0006773472,-7.345365000000001e-25,0.0,0.0,True
2018-10-08,185.69000000000003,0.1,11.857142,17.442858,6.5285716,71.35714,1.2285715,0.8285714,1.7571429,4.0,12.457143,5.2452087e-06,0.00064459443,-7.345365000000001e-25,1.8626451e-09,0.0,True
2018-10-15,185.71,0.0,16.1,24.17143,8.957143,62.585716,1.6571429,0.75714284,2.2857144,3.642857,14.642858,1.4603138e-06,0.00061282516,-7.345365000000001e-25,1.8626451e-09,0.0,True
2018-10-22,185.7,0.8,10.657144,15.528572,6.414286,80.38572,0.85714287,0.27142859,0.90000004,3.4285715,12.271428,1.591444e-05,0.0005834773,-7.345365000000001e-25,3.7252903e-09,0.0,True
2018-10-29,185.6952476713388,17.7,7.714286,9.67143,5.585715,83.75714,0.7285715,0.50000006,0.90000004,3.7428572,8.457143,0.00011420995,0.0005619526,-7.345365000000001e-25,5.5879354e-09,0.0,True
2018-11-05,185.72000000000003,0.0,8.228571,12.571428,4.4428573,82.78571,0.59999996,0.41428572,0.7571429,3.9714286,8.228572,1.4454126e-06,0.00054166466,-7.345365000000001e-25,0.0,0.0,True
2018-11-12,185.71,1.0,10.514285,15.385715,7.057143,82.12858,0.5285714,0.35714287,0.78571427,3.9,9.114285,9.4771385e-06,0.0005227104,-7.345365000000001e-25,3.7252903e-09,0.0,True
2018-11-19,185.7,2.8000002,3.857143,7.6714287,0.2857143,85.24286,0.4,0.3285714,0.41428572,3.942857,4.571429,2.8528273e-05,0.00050539523,0.00021591072,0.00021459162,0.0017932169,True
2018-11-26,185.71,1.5,2.4285715,4.428571,0.42857143,90.72858,0.22857144,0.17142859,0.35714287,3.9142857,2.2285714,3.720075e-05,0.00049015135,0.001714695,0.0025449712,0.001540631,True
2018-12-03,185.73,17.7,3.614286,6.428571,1.4285715,78.62858,0.38571426,0.3285714,0.7714286,4.3714285,2.6142857,0.0001803711,0.00047627836,0.00041493916,0.00059368834,0.00015037134,True
2018-12-10,185.76,9.8,5.928571,8.528571,2.6000001,79.15715,0.72857136,0.6999999,0.82857144,5.9142857,4.928571,9.790808e-05,0.00046358258,2.83264e-06,6.7539513e-06,6.7576766e-05,True
2018-12-17,185.77,4.3,0.61428577,1.8714286,-0.9285714,84.57143,0.14285716,0.14285716,0.47142857,6.4857144,0.9,6.1541796e-05,0.00045254081,0.0019880305,0.0008615013,0.0033744313,True
2018-12-24,185.8,26.1,4.957143,7.4000006,2.3857143,83.52857,0.4857143,0.4857143,0.6714286,7.1714287,3.1571429,0.00039885938,0.00044329464,0.0007439171,0.0025632493,0.00028724968,True
2018-12-31,185.8055595613481,4.1000004,4.2714286,5.8,2.5857143,86.700005,0.2857143,0.2857143,0.5,8.0,2.9571428,0.00010950118,0.0004363805,0.00011735871,0.00037705153,0.00012655556,True
2019-01-07,185.81,17.5,3.0857143,4.6285715,0.81428576,84.35714,0.44285718,0.44285718,0.5857143,8.1285715,2.1285715,0.00040057302,0.00043216348,0.0011414005,0.0029284991,0.0033829212,True
2019-01-14,185.83,34.3,2.0285714,4.0142856,0.17142856,88.12858,0.5428571,0.5428571,0.5142857,9.028571,1.8428571,0.0013970956,0.00060079247,0.010578592,0.020143932,0.024103861,True
2019-01-21,186.0,2.8,-0.3142857,2.7714286,-3.4285715,78.07143,0.37142858,0.3571429,0.5285714,9.057143,1.1571429,0.00012433529,0.0004529804,0.0025457826,0.003787607,0.001530394,True
2019-01-28,186.09,8.8,-1.9,0.88571435,-4.214286,83.97143,0.22857143,0.22857143,0.42857143,9.1285715,-1.2571429,0.0002759844,0.00049646944,0.0032106128,0.0059620235,0.007614039,True
2019-02-04,186.01,4.7999997,0.02857143,2.4285715,-2.957143,82.6,0.40000004,0.35714287,0.5,9.242857,0.028571429,3.299862e-05,0.0005495995,0.0057555833,0.0012377352,0.006831385,True
2019-02-11,186.01,3.7,3.5,6.571429,0.65714294,73.64286,0.84285706,0.8142857,1.0428572,9.171429,1.5428572,0.00029550493,0.00061086565,0.004507769,0.007921863,0.00052168965,True
2019-02-18,185.98,0.0,6.2000003,12.828572,1.3428571,65.38572,0.98571426,0.88571423,1.3714286,9.014286,3.8285713,4.414469e-05,0.000677146,0.00055630435,0.0014040228,0.0009079054,True
2019-02-25,185.96,1.2,4.585715,10.042857,-0.2857143,69.4,1.0285714,0.8714286,1.1142857,8.642858,4.3428574,8.9779496e-05,0.0007457584,1.8290111e-05,7.235259e-05,1.405552e-05,True
2019-03-04,185.99,3.9,7.9714284,13.1285715,3.0285716,67.057144,1.4285715,1.2142857,1.6428572,8.228572,6.6285715,6.715208e-05,0.0008027926,1.1580331e-06,5.725771e-06,0.0,True
2019-03-11,186.01,13.5,6.9000006,10.657144,3.257143,70.071434,1.6714286,1.5714285,1.8000001,8.171429,6.1714287,0.00028558075,0.00084903836,0.00013418992,0.0003030505,0.0024731308,True
2019-03-18,185.97000000000003,10.0,6.471429,9.985715,3.4714286,70.92857,1.5857142,1.5285714,1.7285715,8.928572,6.042857,0.00036355853,0.00089289993,0.0004750093,0.0020105727,5.1874667e-05,True
2019-03-25,186.01,4.1,7.1857142,12.914286,1.9142858,73.07143,1.6571429,1.4571428,1.6714286,8.642858,8.6285715,9.557605e-05,0.00095734745,1.1075111e-05,6.193668e-05,0.0001405552,True
2019-04-01,185.96,7.2,7.585715,11.957144,3.1285717,75.84286,1.742857,1.4285715,1.6714286,8.214286,9.2,0.0001476258,0.0010219663,1.4787629e-05,8.0075115e-05,0.0,True
2019-04-08,185.95,0.3,10.8,17.34286,4.1285715,71.72857,2.5714285,1.8857144,2.2571428,7.4142857,12.714286,6.300211e-05,0.0010716468,-7.345365000000001e-25,1.1175871e-07,0.0,True
2019-04-15,185.93,2.1,4.0,8.114286,-0.04285715,73.52857,2.0142858,1.4142857,1.6285714,6.6857142,9.171429,4.760921e-05,0.0011009276,0.00016282286,0.00066255033,0.0008038655,True
2019-04-22,185.91000000000005,0.0,12.071428,19.785715,3.0,53.57143,4.3857145,1.8285713,3.8,5.857143,13.8714285,1.9222498e-06,0.0011039823,1.6870952e-05,0.0001296401,0.0,True
2019-04-29,185.8829110259809,23.9,12.557143,18.542858,6.971429,70.52857,3.2714286,1.3000001,3.1714284,5.542857,14.8,0.00024357438,0.0010755286,-7.345365000000001e-25,3.7252903e-09,0.0,False
2019-05-06,185.9,11.2,7.928571,13.042857,2.9714286,72.328575,2.5142858,1.5285714,2.3714287,5.714286,11.657143,0.00011713803,0.0010509938,0.00063794,0.0024335124,0.0031721592,True
2019-05-13,185.88,20.5,9.742858,14.457143,5.285714,72.38572,2.8,1.7428571,2.5142858,5.7,12.728572,0.0006830245,0.0010270029,8.939562e-05,0.00070123747,0.0,True
2019-05-20,185.88,15.7,11.357142,16.785715,5.371429,74.27143,2.8714283,1.7857143,2.6571429,5.6714287,14.442857,0.0001937598,0.0010034889,-7.345365000000001e-25,3.7252903e-09,0.0,True
2019-05-27,185.86,9.900001,14.857142,20.27143,9.0,72.74286,3.3999999,2.3142858,3.1714287,6.2714286,18.342857,0.00013943017,0.0009777173,-7.345365000000001e-25,3.7252903e-09,0.0,True
2019-06-03,185.81,7.0,17.814287,23.957142,10.942857,65.17143,4.2714286,2.1571429,4.2999997,5.6857142,20.77143,6.1288476e-05,0.00094579905,-7.345365000000001e-25,3.7252903e-09,0.0,True
2019-06-10,185.77697515558737,11.2,19.514286,26.314287,12.371429,65.15714,4.8,2.0714285,4.642857,4.9,23.37143,0.00011643767,0.00090008974,-7.345365000000001e-25,1.1175871e-08,0.0,False
2019-06-17,185.8117568192823,25.3,19.914288,26.085714,13.728572,71.700005,4.5285716,2.6285713,4.3142858,5.142857,23.72857,5.2422285e-05,0.0008574948,-7.345365000000001e-25,3.7252903e-09,0.0,True
2019-06-24,185.75,7.3,21.285715,27.7,14.228572,62.000004,5.4000006,2.5285716,5.142857,4.6571426,24.842857,3.118813e-05,0.0008082688,-7.345365000000001e-25,7.450581e-09,0.0,True
2019-07-01,185.66000000000005,0.0,23.714285,31.328571,14.714286,49.74286,6.7857137,1.0857142,6.4857144,4.0857143,27.028572,5.811453e-07,0.00075030327,-7.345365000000001e-25,7.450581e-09,0.0,True
2019-07-08,185.68,0.8,17.314287,23.514286,10.342857,52.271427,4.9,0.71428573,4.714286,3.8,22.585714,5.170703e-06,0.00069227815,-7.345365000000001e-25,3.7252903e-09,0.0,True
2019-07-15,185.71,59.100002,15.985715,21.057144,11.842857,72.72857,3.1857145,1.2857143,2.9285715,4.1,19.9,0.00018149614,0.000651069,-7.345365000000001e-25,3.7252903e-09,0.0,True
2019-07-22,185.81,0.90000004,19.428572,25.785715,13.300001,64.61429,4.4,2.042857,4.1,4.142857,22.857143,3.0502677e-05,0.000619255,-7.345365000000001e-25,7.450581e-09,0.0,True
2019-07-29,185.72289124697505,0.0,24.757143,31.857143,16.742857,52.37143,5.5428567,1.2857143,5.8428574,3.7142856,26.671429,1.9073486e-06,0.00057794154,-7.345365000000001e-25,7.450581e-09,0.0,True
2019-08-05,185.68,19.5,19.557144,26.0,14.042857,70.828575,3.257143,1.6000001,3.357143,3.942857,22.9,0.00018900633,0.0005412027,-7.345365000000001e-25,3.7252903e-09,0.0,True
2019-08-12,185.64,20.1,20.685715,26.057144,15.457144,65.34286,3.7571428,2.3142858,3.7142856,4.2285714,22.785715,0.0006860569,0.0005155131,-7.345365000000001e-25,1.1175871e-08,0.0,True
2019-08-19,185.66000000000005,9.9,18.228573,24.100002,12.6,64.37143,3.2000003,1.6999999,3.6142857,3.9857142,20.642857,0.0001154542,0.00049037486,-7.345365000000001e-25,3.7252903e-09,0.0,True
2019-08-26,185.69000000000003,3.0,19.928572,27.34286,12.242858,63.228573,3.557143,1.4571428,3.6285713,4.0285716,22.342857,4.005432e-05,0.00046732277,-7.345365000000001e-25,5.5879354e-09,0.0,True
2019-09-02,185.67,10.700001,21.785715,28.928572,15.400001,66.57143,3.4285715,1.1999999,3.3857143,3.7285714,24.285715,5.6393445e-05,0.00044243783,-7.345365000000001e-25,7.450581e-09,0.0,True
2019-09-09,185.64,46.1,15.1285715,20.557144,9.714286,66.457146,2.2285714,0.72857136,2.5857143,3.642857,18.214285,0.00017355382,0.0004207492,-7.345365000000001e-25,1.8626451e-09,0.0,True
2019-09-16,185.68,5.4,15.6,21.214285,10.428572,70.37143,2.142857,1.3428571,2.457143,4.4714284,17.457144,2.2947788e-05,0.00040460378,-7.345365000000001e-25,3.7252903e-09,0.0,True
2019-09-23,185.7,0.8,12.357142,18.77143,6.4000006,69.41429,1.8857142,1.0285715,2.1,4.0571427,14.828571,1.2457371e-05,0.00038962066,-7.345365000000001e-25,1.8626451e-09,0.0,True
2019-09-30,185.69117568530996,9.9,15.400001,19.057144,11.757143,77.21429,1.5142857,1.2428571,1.8857143,4.142857,15.714286,0.00019142032,0.00037644804,-7.345365000000001e-25,1.8626451e-08,0.0,True
2019-10-07,185.70973348895365,32.0,9.314286,13.285714,5.4857144,84.35714,0.95714283,0.90000004,1.0857142,5.242857,10.714286,0.00025448203,0.00036634505,-7.345365000000001e-25,7.450581e-09,0.0,True
2019-10-14,185.7403495295976,12.0,14.400001,18.457144,10.471429,75.17143,1.2857143,1.1142857,1.7714285,6.285714,12.957143,0.00021417439,0.00035809726,-7.345365000000001e-25,1.4901161e-08,0.0,True
2019-10-21,185.79,6.0,14.257143,18.657145,10.814286,78.48572,1.042857,0.9285715,1.3714286,6.3285713,13.928572,5.5775046e-05,0.00035030395,-7.345365000000001e-25,7.450581e-09,0.0,True
2019-10-28,185.76,7.9,11.514285,16.228573,7.2714286,84.4,0.78571427,0.6571428,0.90000004,6.242857,12.471429,4.9725175e-05,0.00034412742,-7.345365000000001e-25,5.5879354e-09,0.0,True
2019-11-04,185.75,8.3,6.614286,10.714286,2.6285713,87.17143,0.5857143,0.5428571,0.59999996,6.3428574,7.457143,0.00014022738,0.00033910573,-7.345365000000001e-25,5.5879354e-09,0.0,True
2019-11-11,185.76,4.2,5.957143,8.757143,3.0857143,86.38572,0.38571426,0.34285715,0.5285714,6.9714284,6.5285716,0.000114545226,0.0003350824,-7.345365000000001e-25,1.8626451e-09,0.0,True
2019-11-18,185.74,7.6,4.2428575,7.3428574,1.2428572,86.5,0.4,0.34285715,0.4714286,7.114286,4.614286,0.00010485947,0.0003318861,-7.345365000000001e-25,0.0,0.0,True
2019-11-25,185.75,6.4,3.6571429,6.514286,1.0428572,93.84286,0.22857144,0.20000002,0.25714287,7.3714285,4.7,4.6662986e-05,0.000329718,-7.345365000000001e-25,0.0,0.0,True
2019-12-02,185.76,7.2,4.857143,7.657143,2.1142857,84.34286,0.4285714,0.4142857,0.5714286,7.5,4.1285715,9.082258e-05,0.00032822043,0.0002242497,0.00024795718,0.00085986406,True
2019-12-09,185.77,4.8,4.571429,7.457143,2.0857143,78.68572,0.45714286,0.44285718,0.6571428,7.6,3.0428572,0.000105410814,0.00032728165,0.0002655018,0.0006633457,4.637614e-05,True
2019-12-16,185.79,9.3,3.957143,6.6,1.5,80.35714,0.5,0.5,0.62857145,8.057143,2.5142858,0.00019973516,0.00032687932,0.00089446135,0.0027302727,0.0028033033,True
2019-12-23,185.8,0.9,7.1142855,10.185715,3.4714286,79.75714,0.3285714,0.31428573,0.62857145,8.214286,4.5285716,5.0365925e-05,0.00032779574,1.2664568e-05,0.000107482076,0.0,True
2019-12-30,185.8191084724468,7.5,2.957143,5.2000003,0.41428566,78.91429,0.31428576,0.3,0.54285717,8.442857,2.5142858,0.00015190989,0.00033082813,0.00015314987,1.06636435e-05,0.00038999692,True
2020-01-06,185.81,3.3999999,3.0428574,5.8142858,0.31428576,77.88572,0.3,0.3,0.5857143,8.4,0.7,7.075071e-05,0.00033622235,0.0001529739,0.00031743012,1.7307699e-05,True
2020-01-13,185.85,11.3,4.957143,6.957143,2.3857143,83.64286,0.45714286,0.44285712,0.62857145,8.7,3.1857142,0.0002798885,0.00034380704,1.40326365e-05,6.81635e-05,2.8729439e-05,True
2020-01-20,185.83,3.3,5.542857,8.457143,2.4714284,76.299995,0.59999996,0.55714285,0.7571429,8.585714,3.3,2.5868416e-05,0.00035592914,2.9501462e-05,2.3337081e-05,0.00013910979,True
2020-01-27,185.86,0.3,0.55714285,3.8142858,-2.7,86.65715,0.21428572,0.20000002,0.31428573,8.5,0.4857143,2.527237e-05,0.0003706813,0.00022019658,0.00026085414,0.0002251938,True
2020-02-03,185.88,28.400002,7.5,9.971429,4.7428575,75.94286,0.9857143,0.9714286,1.1999999,8.928572,5.4428573,0.00028938055,0.0003856197,1.7461323e-05,8.938648e-05,2.4586916e-06,True
2020-02-10,185.91000000000005,15.1,4.5285716,7.7571435,1.0571429,75.71429,1.0857143,1.0571429,1.0571429,9.657143,3.7714286,0.0018376559,0.00040819496,0.0006649721,0.0014245119,0.0015024468,True
2020-02-17,185.94000000000003,2.7,6.214286,9.957143,3.2857144,69.21429,1.2428571,1.1714287,1.6,9.671429,4.5857143,0.0001256764,0.00044886768,0.00011373134,0.0003581904,0.00033713877,True
2020-02-24,185.95,10.4,6.3428574,9.357142,2.7714288,70.64286,1.3714285,1.3428571,1.5142858,9.428572,5.214286,0.00030606985,0.00049789995,1.0677746e-05,4.4936314e-05,4.4725835e-05,True
2020-03-02,185.9978650857668,11.4,5.1714287,8.557143,1.8428572,76.828575,1.2571429,1.2571429,1.2,9.842857,5.0571427,0.00033619255,0.00055252016,0.0014978931,0.006332347,0.006755542,False
2020-03-09,186.0719606864618,14.7,5.042857,8.857142,1.5571429,78.52857,1.0571429,1.0571429,1.1,9.7,4.885714,0.0003681183,0.0006307289,5.9536524e-05,0.00023370609,3.533438e-05,True
2020-03-16,186.0824080167648,21.2,7.6285715,12.342857,3.142857,69.0,1.8000002,1.7142859,1.8000001,9.728572,7.4,0.0010450333,0.0007608384,3.803344e-07,3.6451966e-06,0.0,True
2020-03-23,186.08828581297092,1.0,5.7714286,10.400001,1.1142857,71.700005,1.6285714,1.3285713,1.5571429,8.971429,7.885714,9.538233e-05,0.00093229115,2.2706531e-07,1.4156103e-07,9.648502e-07,True
2020-03-30,186.05610304266185,3.5,3.4714286,10.042857,-3.2142856,59.7,2.1857142,1.6571428,2.1571429,8.242857,6.285714,3.297627e-05,0.0010518059,0.00014802387,0.0001429934,0.00103385,True
2020-04-06,186.06,0.1,6.057143,12.414286,-0.8428572,59.68572,2.4142857,1.7428571,2.2857144,7.542857,8.142858,3.707409e-05,0.0011219457,0.00065004826,0.0017851237,0.0010790676,True
2020-04-13,186.015,0.5,11.328572,18.37143,3.4142857,58.8,3.2714286,1.8285714,2.9285715,6.5571427,13.785714,7.5101852e-06,0.001145862,1.2147995e-06,1.29099935e-05,0.0,True
2020-04-20,185.9676298563797,6.7,9.728571,16.614286,2.457143,57.3,3.3714287,1.2285715,3.1714287,5.9857144,12.928572,5.504489e-05,0.0011368021,5.529608e-05,0.000268545,0.00027684867,True
2020-04-27,185.93,0.0,11.714286,18.828571,3.614286,53.67143,4.1,0.71428573,3.8142858,5.5571427,14.685715,2.3841858e-07,0.0011043921,-7.345365000000001e-25,1.0430813e-07,0.0,True
2020-05-04,185.92,8.2,11.6285715,16.800001,7.0142856,72.17143,2.5,1.1999999,2.542857,5.6,13.942857,0.00010730326,0.0010683164,-7.345365000000001e-25,3.7252903e-09,0.0,True
2020-05-11,185.91000000000005,29.2,11.271429,18.928572,3.4428573,65.8,3.3142858,1.2,2.9857142,5.5285716,15.2,0.00022315979,0.0010333359,-7.345365000000001e-25,3.7252903e-09,0.0,True
2020-05-18,185.88,0.0,9.914286,16.057142,2.8285713,63.42857,3.2428572,1.9285713,3.2,5.785714,14.471429,1.0818243e-05,0.0009953305,-7.345365000000001e-25,0.0,0.0,True
2020-05-25,185.85,23.9,14.157144,19.0,8.428572,71.328575,3.3142858,1.6428572,2.9428573,5.2285714,17.528572,0.00011718273,0.00095202774,-7.345365000000001e-25,3.7252903e-09,0.0,True
2020-06-01,185.81,2.5,13.942857,19.84286,7.157143,63.928577,4.014286,1.2428571,3.8285716,4.957143,17.9,4.4949353e-05,0.0009130463,-7.345365000000001e-25,0.0,0.0,True
2020-06-08,185.82,10.0,14.5,20.300001,8.714286,71.38572,3.2571428,1.4285715,3.1142857,4.9857144,18.1,7.172674e-05,0.0008652881,-7.345365000000001e-25,0.0,0.0,True
2020-06-15,185.7842001668789,45.8,17.714285,23.057144,13.114286,82.42857,3.1857142,2.1000001,2.857143,5.6714287,20.0,0.00037004054,0.0008293018,-7.345365000000001e-25,3.7252903e-09,0.0,True
2020-06-22,185.822960889018,13.7,18.300001,23.557144,13.6285715,75.75714,3.7428572,2.757143,3.357143,6.457143,21.557142,0.00017234683,0.00079652667,-7.345365000000001e-25,7.450581e-09,0.0,True
2020-06-29,185.7927126649646,9.8,19.842855,26.328571,13.357142,65.22857,4.785714,2.7714286,4.7000003,5.5857143,23.514286,0.00011231005,0.00075738877,-7.345365000000001e-25,1.1175871e-08,0.0,True
2020-07-06,185.76,3.3,19.714285,25.557144,13.6,61.142857,4.8714285,2.371429,5.057143,5.0142856,22.242857,1.4409423e-05,0.00071709603,-7.345365000000001e-25,1.1175871e-08,0.0,True
2020-07-13,185.73,4.5,16.642857,23.014286,10.285714,65.98572,3.7999997,1.5428572,3.6285717,4.5857143,20.4,0.00010114908,0.0006816685,-7.345365000000001e-25,3.7252903e-09,0.0,True
2020-07-20,185.72000000000003,5.9,18.642857,24.614286,12.228572,65.957146,3.6428568,1.5857143,3.7142856,4.5,21.714285,0.00016757846,0.0006499216,-7.345365000000001e-25,7.450581e-09,0.0,True
2020-07-27,185.7,2.7,19.385715,26.314287,12.228571,57.31429,4.442857,1.2428571,4.4714284,4.1714287,23.0,4.670024e-05,0.0006171763,-7.345365000000001e-25,7.450581e-09,0.0,True
2020-08-03,185.66000000000005,9.1,20.828571,27.385715,13.357142,56.542854,4.571429,1.1428572,4.7999997,4.0571427,23.571428,0.0001167506,0.00058143586,-7.345365000000001e-25,1.1175871e-08,0.0,True
2020-08-10,185.68,0.90000004,23.314287,30.342855,15.357142,52.11429,4.6,1.4,4.914286,4.1714287,24.328571,2.3201108e-05,0.0005475879,-7.345365000000001e-25,7.450581e-09,0.0,True
2020-08-17,185.71,44.6,22.685715,29.100002,17.314287,70.47143,3.9285712,1.6571428,3.3714287,4.285714,25.171429,0.00015695393,0.00051701814,-7.345365000000001e-25,1.1175871e-08,0.0,True
2020-08-24,185.76,17.4,21.114286,27.042858,15.514285,66.942856,3.5714285,2.0142858,3.7714286,4.428571,23.314285,8.2567334e-05,0.00049281865,-7.345365000000001e-25,1.1175871e-08,0.0,True
2020-08-31,185.7481791732726,39.3,17.342857,21.514286,13.385715,69.27143,2.5714285,1.6714287,2.9714284,4.642857,19.242857,0.0018630326,0.00047118217,-7.345365000000001e-25,9.313226e-09,0.0,True
2020-09-07,185.8,3.2,15.414286,20.600002,9.942857,73.64286,2.1857142,1.7714287,2.3142858,5.742857,18.214285,8.1032515e-05,0.00045490265,-7.345365000000001e-25,5.5879354e-09,0.0,True
2020-09-14,185.78,1.2,18.157145,25.542858,10.457144,65.77143,2.6142857,1.7714285,3.1714287,5.071429,19.842857,1.35451555e-05,0.00043847412,-7.345365000000001e-25,3.7252903e-09,0.0,True
2020-09-21,185.72000000000003,0.0,16.47143,24.571428,8.042857,61.328575,2.4714284,1.1857141,2.857143,4.3714285,19.042856,1.9207597e-05,0.00042195618,-7.345365000000001e-25,3.7252903e-09,0.0,True
2020-09-28,185.73,40.5,13.942857,18.699999,9.000001,73.814285,1.4857141,0.9,1.9,5.3,15.014286,0.00032633543,0.0004072562,-7.345365000000001e-25,7.450581e-09,0.0,True
2020-10-05,185.75,0.2,13.157144,19.042858,7.971429,76.38572,1.1999999,1.0,1.6999999,6.1857142,14.3,2.7634203e-05,0.00039651245,-7.345365000000001e-25,5.5879354e-09,0.0,True
2020-10-12,185.74,9.4,10.771429,13.828572,7.642857,81.9,0.88571435,0.82857144,1.1999999,6.1571426,11.557143,0.00018402934,0.00038790703,-7.345365000000001e-25,9.313226e-09,0.0,True
2020-10-19,185.8,54.0,8.285714,10.400001,6.642857,89.14286,0.5857143,0.5285714,0.67142856,7.357143,9.0,0.0007800013,0.0003825724,-7.345365000000001e-25,1.8626451e-09,0.0,True
2020-10-26,185.91000000000005,1.5,12.728571,16.2,9.285714,76.3,0.8428572,0.75714284,1.3000001,7.5285716,11.3714285,0.0001045838,0.00038029253,-7.345365000000001e-25,9.313226e-09,0.0,True
2020-11-02,185.92,15.7,11.957144,14.414286,9.471429,81.457146,0.84285706,0.8,1.1,8.042857,10.957143,0.00036118925,0.00038029253,-7.345365000000001e-25,1.3038516e-08,0.0,True
2020-11-09,185.88,0.0,6.5428576,12.757143,2.0428572,80.32857,0.44285718,0.41428572,0.5714286,8.257143,7.142857,1.2665987e-06,0.00038456917,-7.345365000000001e-25,0.0,0.0,True
2020-11-16,185.85,2.2,8.257143,11.814286,4.914286,82.27143,0.4857143,0.42857143,0.67142856,8.142858,7.1285715,4.7199428e-05,0.00039228797,-7.345365000000001e-25,1.8626451e-09,0.0,True
2020-11-23,185.81,2.8,6.3857145,9.114286,3.0285716,80.057144,0.45714286,0.4,0.7285714,8.014286,5.4428573,5.9500337e-05,0.00040081888,2.18153e-05,5.6907535e-05,7.076189e-05,True
2020-11-30,185.80949329228224,0.2,2.0428572,5.0428576,-0.37142858,86.314285,0.17142858,0.14285715,0.31428573,7.9714284,2.0428572,5.5655837e-06,0.00040976703,1.7353466e-05,1.4420599e-05,0.00010905042,True
2020-12-07,185.78,0.3,1.2142857,3.7571428,-1.0000001,83.07143,0.21428572,0.18571427,0.44285712,7.9857144,0.9,7.478893e-05,0.0004188642,0.0032609133,0.0023279935,0.003990993,True
2020-12-14,185.77,4.9,3.1857145,5.2571435,1.2714287,90.04286,0.18571427,0.14285715,0.34285715,8.071428,1.9285715,0.00017359853,0.00042816997,0.0012237118,0.0021326523,0.0004910454,True
2020-12-21,185.8,3.3,5.1,8.085714,2.7714288,83.08572,0.22857144,0.21428572,0.44285712,8.1,3.1571429,3.6612153e-05,0.00043958426,6.089324e-05,0.00033179298,0.0,True
2020-12-28,185.82,16.6,4.542857,6.9857144,2.057143,81.38572,0.41428572,0.41428572,0.6571428,8.942857,3.7285714,0.00049096346,0.00045622885,0.00045594716,5.8412552e-05,0.0036282763,True
2021-01-04,185.8,7.5,1.4,3.1285717,-0.18571429,87.84286,0.3,0.26666668,0.31428573,8.966666,1.0,4.734099e-05,0.00048799813,0.0056973356,0.0014639422,0.011621971,True
2021-01-11,185.84,7.1,-0.50000006,0.7571429,-2.2428572,90.62858,0.15714286,0.15714286,0.25714287,9.214286,0.37142858,1.0460615e-05,0.00052502006,0.022544548,0.00054258294,0.013179671,True
2021-01-18,185.84,7.6000004,-0.78571427,0.8,-3.1857142,83.65715,0.22857143,0.22857143,0.44285712,9.342857,0.08571429,0.00012260675,0.0005612746,0.031781882,0.0038484149,0.014196448,True
2021-01-25,185.97000000000003,19.1,3.042857,5.585715,0.22857149,81.52857,0.59999996,0.59999996,0.7285715,9.6285715,1.5142857,0.0008522719,0.0006079823,0.017547335,0.032121573,0.014772061,True
2021-02-01,186.09,22.8,-0.24285713,2.8714287,-3.0857143,86.18572,0.31428573,0.31428573,0.41428572,10.185715,0.7714286,0.0020374656,0.0018249154,0.014372712,0.014445553,0.008880727,True
2021-02-08,186.11,45.3,0.7714285,3.2857144,-2.057143,88.64286,0.3285714,0.3285714,0.47142857,10.642858,2.3285713,0.001040712,0.0013947636,0.00665789,0.010137068,0.026634403,True
2021-02-15,186.18,4.8,-8.714286,-4.357143,-13.942858,82.61428,0.014285714,0.014285714,0.31428573,10.457143,-0.08571429,0.0,0.0018391013,0.027860755,0.0,0.0078030378,True
2021-02-22,186.28,1.2,6.4,11.085714,2.1428573,75.557144,1.0,0.94285715,1.1142857,10.042857,3.9,0.00086943805,0.0023232922,0.0089692725,0.033623137,3.3155084e-07,True
2021-03-01,186.34,4.7999997,7.157143,11.814286,2.9285715,79.557144,1.0571429,0.9142857,1.1142857,9.614285,6.4428573,8.1695616e-05,0.0029667467,2.1957216e-05,0.00018229708,0.0,True
2021-03-08,186.31,6.7,2.9857142,8.314286,-1.6142857,76.64286,1.042857,0.90000004,0.9857143,9.385715,4.3142858,0.0001500547,0.0033893958,0.000993371,0.0013843495,0.0037512146,True
2021-03-15,186.27,8.3,5.0,8.814286,1.9428571,73.17143,1.4,1.357143,1.4428571,9.314285,4.9857144,0.00026583672,0.0036223456,0.00082405977,0.0031523649,0.0011151433,True
2021-03-22,186.21,10.4,2.0,5.6142855,-0.9857144,79.38572,1.0571429,0.9857144,1.0285714,9.3714285,3.7428572,0.00019083917,0.0037707686,0.0031019847,0.0045506787,0.008335263,True
2021-03-29,186.2392608194897,1.6,8.271429,13.485715,3.1285717,69.42857,1.9999999,1.6714287,1.9571428,8.928572,8.857142,0.00012432039,0.0038882867,0.00072558154,0.00334532,0.0,True
2021-04-05,186.18,10.200001,8.457143,14.871429,2.642857,62.84286,2.3285716,1.7857143,2.3428571,8.1285715,10.614285,9.4756484e-05,0.0039016828,6.278356e-05,5.4724514e-06,0.0011500269,True
2021-04-12,186.21,6.5,4.7714286,9.242857,0.50000006,73.0,1.8,1.557143,1.7714287,7.757143,6.714286,0.00028140843,0.0038560703,0.0013531504,0.0032860283,0.0039481595,True
2021-04-19,186.28,8.4,4.542857,8.557143,1.1714286,81.68572,1.5142858,1.2285713,1.3571428,7.5142856,7.428571,0.00019726157,0.003799051,0.00085705804,0.0033008792,0.0021188036,True
2021-04-26,186.22000000000003,0.2,6.7714286,12.514287,1.0857142,66.4,2.7857144,2.0142856,2.4857142,7.0,11.314285,4.74751e-05,0.0037363395,1.2585095e-05,0.00010997616,0.0,True
2021-05-03,186.16000000000005,13.1,8.828572,13.914286,2.8142858,66.64286,2.642857,1.9,2.6142857,6.4857144,11.8,0.00020295382,0.003630802,-7.345365000000001e-25,8.940697e-08,0.0,True
2021-05-10,186.12,3.3,11.271429,17.085714,4.928571,62.87143,3.642857,2.7285714,3.5,6.5285716,12.442857,0.0001566112,0.0035216212,-7.345365000000001e-25,0.0,0.0,True
2021-05-17,186.1,53.7,12.085714,16.114286,8.7,84.28571,2.4285717,2.2142856,2.2428572,7.2,15.114285,0.0010171086,0.0034017041,-7.345365000000001e-25,3.7252903e-09,0.0,True
2021-05-24,186.14,10.6,12.228572,17.257143,7.6857142,70.828575,3.2000003,2.5714285,3.1714287,7.071429,14.885715,0.0004785061,0.0033778474,-7.345365000000001e-25,0.0,0.0,True
2021-05-31,186.1409122935696,17.5,11.342857,16.242857,6.4857144,74.71429,3.0571427,2.2857144,2.942857,6.642857,14.814285,0.00020124018,0.0033577755,-7.345365000000001e-25,0.0,0.0,False
2021-06-07,186.16000000000005,13.0,18.942858,25.228573,13.057143,70.75715,4.2142854,2.3714287,4.0142856,5.9428573,22.27143,0.0016063899,0.0032549873,-7.345365000000001e-25,3.7252903e-09,0.0,True
2021-06-14,186.1070872408459,5.2,18.414288,24.185715,12.257143,72.02857,4.342857,2.4285715,4.214286,5.857143,23.185715,0.00015448034,0.0031552836,-7.345365000000001e-25,1.1175871e-08,0.0,False
2021-06-21,186.08,21.1,23.557144,29.642859,16.7,66.01429,5.771428,2.1571429,5.4857144,5.142857,27.071428,2.8684735e-05,0.0030192211,-7.345365000000001e-25,7.450581e-09,0.0,True
2021-06-28,186.09497759788985,10.4,17.914288,22.34286,13.17143,77.98572,3.7428572,2.4428573,3.042857,5.5,23.442858,0.00020609051,0.002884306,-7.345365000000001e-25,0.0,0.0,True
2021-07-05,186.02,10.2,18.114286,23.042858,13.642858,77.51428,3.242857,2.6142857,3.1857142,6.3142858,21.72857,0.00036494434,0.0027659312,-7.345365000000001e-25,1.1175871e-08,0.0,True
2021-07-12,186.04,76.9,18.4,23.300001,14.057143,83.22858,3.242857,2.9714286,2.9142857,7.571429,21.971428,0.011431947,0.008478805,-7.345365000000001e-25,1.1175871e-08,0.0,True
2021-07-19,186.08,49.9,19.457144,25.085714,14.814286,78.542854,3.6571429,3.242857,3.357143,8.242857,23.342857,0.0004927963,0.002866611,-7.345365000000001e-25,1.4901161e-08,0.0,True
2021-07-26,186.11,4.7999997,19.528574,25.67143,13.328572,69.71429,3.7000003,2.7714286,3.7142856,7.142857,23.971428,0.00015807897,0.0030606613,-7.345365000000001e-25,1.8626451e-09,0.0,True
2021-08-02,186.1,11.1,18.84286,24.357143,13.814286,68.957146,3.8,2.557143,3.9428573,6.357143,22.471428,0.00016152859,0.0030531809,-7.345365000000001e-25,1.3038516e-08,0.0,True
2021-08-09,186.13,14.5,17.114286,23.142857,12.1,77.65715,2.9571426,2.3285713,3.042857,6.614286,20.571428,0.00028148293,0.002984628,-7.345365000000001e-25,5.5879354e-09,0.0,True
2021-08-16,186.1,10.7,19.685715,26.47143,13.014287,69.62858,3.7571428,2.4428573,3.8714287,6.0571427,23.5,0.00011385977,0.002890475,-7.345365000000001e-25,1.1175871e-08,0.0,True
2021-08-23,186.06,39.4,16.828571,21.171429,12.471429,76.32857,2.142857,1.3571428,2.4714284,5.785714,19.071428,0.010140836,0.0042783245,-7.345365000000001e-25,9.313226e-09,0.0,True
2021-08-30,186.12993929927347,62.300003,13.957144,18.014286,10.942857,88.27143,1.9,1.7428571,1.5857143,7.542857,17.014286,0.0027825981,0.0028438792,-7.345365000000001e-25,1.1175871e-08,0.0,True
2021-09-06,186.12,0.0,14.971429,20.928572,9.642858,83.700005,2.1857142,1.8285714,2.142857,8.242857,18.557142,6.0155988e-05,0.0031842217,-7.345365000000001e-25,5.5879354e-09,0.0,True
2021-09-13,186.19000000000003,4.6000004,18.328571,24.7,12.942857,75.52857,2.3714287,1.8285714,2.7571428,7.4142857,21.185715,0.00011448562,0.0035535544,-7.345365000000001e-25,3.7252903e-09,0.0,True
2021-09-20,186.24,4.1,14.857142,17.828571,11.985715,80.88572,1.3857144,1.1,1.6,7.1714287,17.342857,0.00024981797,0.0036393106,-7.345365000000001e-25,3.7252903e-09,0.0,True
2021-09-27,186.28,15.3,15.571428,20.5,10.871429,77.042854,1.5428572,1.1999999,1.9714286,6.9142857,16.571428,0.00019971281,0.0036460385,-7.345365000000001e-25,9.313226e-09,0.0,True
2021-10-04,186.26,5.6,13.614286,18.228573,9.714286,74.799995,1.4285715,1.1428573,1.9285715,7.0857143,15.3714285,0.0001206249,0.0036083013,-7.345365000000001e-25,5.5879354e-09,0.0,True
2021-10-11,186.23,5.9,9.185715,14.357142,4.3142858,82.34286,0.91428566,0.75714284,1.0571429,7.2285714,11.385715,0.00042268634,0.0035686567,-7.345365000000001e-25,3.7252903e-09,0.0,True
2021-10-18,186.2,12.3,8.442858,12.542857,4.6142855,84.57143,0.74285716,0.64285713,0.82857144,7.3285713,9.442857,0.0002143383,0.0035467595,-7.345365000000001e-25,3.7252903e-09,0.0,True
2021-10-25,186.22000000000003,6.1,9.599999,14.2,4.9714284,74.12858,1.0,0.92857134,1.5,7.4142857,9.1285715,0.00016984344,0.003534384,-7.345365000000001e-25,3.7252903e-09,0.0,True
2021-11-01,186.26,3.1,10.342857,15.457143,6.5,76.1,0.6857143,0.55714285,1.1571429,7.3285713,8.985714,6.262958e-05,0.003521748,-7.345365000000001e-25,3.7252903e-09,0.0,True
2021-11-08,186.32,37.3,7.085715,9.457144,5.2714286,84.457146,0.5142857,0.5,0.67142856,8.614285,7.257143,0.0020002723,0.0036253706,-7.345365000000001e-25,1.8626451e-09,0.0,True
2021-11-15,186.28,0.9,4.785714,8.585714,1.8428571,88.37144,0.29999998,0.2857143,0.37142858,8.842857,5.257143,1.2256205e-05,0.0038018897,2.8950828e-07,1.6130507e-06,1.6354024e-06,True
2021-11-22,186.21,0.90000004,6.2714286,7.928571,3.7,86.21429,0.34285715,0.2857143,0.61428577,8.742857,5.8428574,3.5583973e-05,0.0040184036,-7.345365000000001e-25,7.636845e-08,2.4586916e-07,True
2021-11-29,186.23548747112915,0.1,2.142857,3.9714286,-0.24285717,85.67143,0.22857144,0.22857144,0.4714286,8.7,2.142857,3.208965e-05,0.0041294545,0.0001234327,3.0508265e-05,0.0009830222,True
2021-12-06,186.26,19.0,2.2857144,4.471429,-0.057142857,84.65715,0.4142857,0.4142857,0.5285714,9.171429,1.7285714,0.00038994104,0.00417877,0.0017273994,0.00451391,0.006292805,True
2021-12-13,186.24,9.8,1.5428572,3.5285716,-1.0,90.0,0.17142858,0.17142858,0.2857143,9.4,0.74285716,0.00037974864,0.004290469,0.007090523,0.008530054,0.008921869,True
2021-12-20,186.22000000000003,1.1,5.0,6.4428573,2.8285716,88.62858,0.21428572,0.17142858,0.37142855,9.4,3.7142856,0.00016543269,0.004551694,0.0006371907,0.003318537,5.5950135e-05,True
2021-12-27,186.25,11.1,-1.4714286,2.2,-5.657143,85.37142,0.12857144,0.12857144,0.3285714,9.671429,0.028571429,0.00017943978,0.0049567968,0.0024302346,0.0012650862,0.0062462427,True
2022-01-03,186.31,20.6,9.2,11.328572,6.6857142,81.74286,0.47500002,0.47500002,0.8428572,10.2,4.35,0.0011664107,0.005452253,0.00079987163,0.005843498,0.0,True
2022-01-10,186.37,20.9,2.2714286,4.071429,0.17142856,86.14286,0.40000004,0.40000004,0.44285718,10.557143,2.0,0.001327686,0.0076499283,0.002555274,0.0023299102,0.0058560297,True
2022-01-17,186.49,1.8000001,2.2142856,4.4714284,-0.24285714,86.328575,0.25714287,0.25714287,0.4,10.085714,1.1285714,0.0001457408,0.00866688,0.0020141941,0.0028885342,0.00014000013,True
2022-01-24,186.54,17.0,2.7142856,4.457143,0.64285713,87.542854,0.41428572,0.41428572,0.45714286,10.042857,1.6142857,0.00038865954,0.009269521,0.0025398391,0.005753318,0.006630074,True
2022-01-31,186.5146571175794,8.3,2.8714287,4.7428575,1.0714285,80.67143,0.59999996,0.59999996,0.87142855,10.028571,2.0,0.00021518767,0.009567998,0.0012218157,0.002051765,0.0034830011,True
2022-02-07,186.5,9.8,4.157143,6.4857144,1.5142858,79.25714,0.85714287,0.85714287,0.95714283,10.228572,3.057143,0.00049915165,0.009876467,0.0015338432,0.0054459907,0.0030128248,True
2022-02-14,186.44000000000003,12.0,4.8142858,8.214286,1.5571429,75.6,0.9285714,0.9,1.0428572,10.114285,3.8142858,0.0004049316,0.010441393,0.00036618824,0.0011533368,0.0009775162,True
2022-02-21,186.39,18.8,6.8142858,10.714286,3.642857,69.47143,1.5857142,1.5571429,1.8285714,10.157143,5.4,0.0009615049,0.010906927,5.951382e-05,0.00043252856,0.00028894097,True
2022-02-28,186.43,2.8000002,3.6285717,7.585715,-0.028571436,74.12858,1.1428572,1.1142857,1.1714286,9.928572,3.9857142,0.0001168102,0.010971844,6.514504e-05,0.00015696138,0.00020051748,True
2022-03-07,186.46,0.0,0.61428577,5.3428574,-3.0714285,71.11429,0.91428566,0.7714286,0.94285715,9.485714,2.4714286,5.9455633e-06,0.010822058,0.00021924291,0.00020727888,0.00065698475,True
2022-03-14,186.43,1.6,3.7428572,11.071428,-2.8285716,51.157143,1.9285715,1.5142858,1.8714285,8.957143,4.6285715,9.75579e-05,0.010504931,0.00015741303,0.00045184232,0.0,True
2022-03-21,186.49,9.4,5.957143,11.442857,1.0142857,69.25715,1.7285715,1.3571428,1.6714287,8.642858,7.2714286,0.00013926625,0.010017909,3.525189e-06,2.0077452e-05,0.0,True
2022-03-28,186.36,0.0,9.057143,16.814287,0.9428572,58.828575,2.3714287,1.742857,2.1857142,7.8,10.271428,2.3245811e-06,0.009388581,-7.345365000000001e-25,6.146729e-08,0.0,True
2022-04-04,186.33,17.9,2.9,6.1285715,-0.01428566,73.92857,1.3571428,1.0571429,1.3285714,7.571429,6.071429,0.0001744777,0.00874088,0.0037537643,0.0015238263,0.010415409,True
2022-04-11,186.35,14.5,6.7999997,11.157144,2.857143,71.8,2.0,1.8571428,2.0,8.057143,7.4714284,0.0005017966,0.008148149,0.000896346,0.00828284,0.0008221939,True
2022-04-18,186.39,2.2,9.342857,15.300001,2.9857142,65.88572,2.857143,2.1571429,2.4714284,7.571429,12.557143,4.3980777e-05,0.0076100305,8.060819e-06,6.863102e-05,7.003546e-07,True
2022-04-25,186.34,15.8,8.228572,12.6,3.7285714,75.9,2.3142858,1.5857142,1.9142857,6.8428574,11.771428,0.00012052059,0.0070987865,-7.345365000000001e-25,5.029142e-08,0.0,True
2022-05-02,186.29,0.0,11.17143,17.442858,4.357143,65.41429,2.8,1.5428572,2.9285715,6.8,14.585714,1.9080937e-05,0.006582074,-7.345365000000001e-25,0.0,0.0,True
2022-05-09,186.27,1.1,13.385715,20.042858,5.785714,65.5,3.3999999,1.6428572,3.3142858,6.242857,17.6,4.580617e-05,0.0060126856,-7.345365000000001e-25,0.0,0.0,True
2022-05-16,186.24,2.0,17.042858,23.657145,9.314286,59.128574,4.657143,1.6142857,4.442857,5.5142856,20.328571,0.00010868907,0.005410835,-7.345365000000001e-25,3.7252903e-09,0.0,True
2022-05-23,186.21,5.8,17.514286,23.628572,10.914286,68.44286,4.3,1.957143,3.957143,5.3428574,21.4,0.00012390316,0.004834652,-7.345365000000001e-25,7.450581e-09,0.0,True
2022-05-30,186.1763908556896,6.4,13.657144,18.87143,7.7714286,65.00001,3.371429,1.4,3.4428573,5.0857143,17.414286,5.2273273e-05,0.0043433085,-7.345365000000001e-25,7.450581e-09,0.0,True
2022-06-06,186.16000000000005,6.3,16.142857,23.514286,8.542857,68.97143,4.042857,1.4285716,3.8428571,4.9142857,20.37143,0.00017208606,0.0039027557,-7.345365000000001e-25,7.450581e-09,0.0,True
2022-06-13,186.1199365625837,4.1,18.185715,24.385714,11.714286,62.257145,4.285714,1.1142857,4.142857,4.7714286,22.028572,2.0168722e-05,0.0034988523,-7.345365000000001e-25,3.7252903e-09,0.0,True
2022-06-20,186.11,3.0,19.757143,27.4,10.942858,56.77143,5.6,0.94285715,5.2714286,4.542857,24.028572,4.185736e-05,0.003090918,-7.345365000000001e-25,3.7252903e-09,0.0,True
2022-06-27,186.12,18.9,21.628572,29.142857,14.042857,57.585716,5.4,1.5857143,5.1714287,4.4142857,25.27143,7.675588e-05,0.0027232617,-7.345365000000001e-25,7.450581e-09,0.0,True
2022-07-04,186.07,6.1,20.214285,26.585714,14.085715,66.24286,4.714286,1.5857143,4.4714284,4.2714286,24.442858,4.9360096e-05,0.0024246052,-7.345365000000001e-25,7.450581e-09,0.0,True
2022-07-11,186.09,23.300001,16.157145,22.242859,11.328572,69.35715,3.6857145,1.4,3.3999999,4.257143,20.4,9.161234e-05,0.0021776184,-7.345365000000001e-25,3.7252903e-09,0.0,True
2022-07-18,186.14,0.1,18.942858,26.057144,10.6285715,53.8,4.9857144,0.9142857,4.5285716,3.8857143,22.714285,1.321733e-05,0.0019773468,-7.345365000000001e-25,3.7252903e-09,0.0,True
2022-07-25,186.16000000000005,0.5,24.328571,32.27143,16.385715,49.728573,5.771428,0.9857143,5.9857144,3.7,25.971428,3.041327e-05,0.0017626807,-7.345365000000001e-25,1.1175871e-08,0.0,True
2022-08-01,186.03,15.599999,19.214285,25.27143,13.028572,63.971428,4.171428,0.9857143,3.7285714,3.6571429,23.442858,0.00014564395,0.0015790164,-7.345365000000001e-25,1.1175871e-08,0.0,True
2022-08-08,186.0,2.5,21.800001,29.785715,13.0,50.842857,5.1571426,0.91428566,5.1142855,3.5142858,25.1,5.4091215e-06,0.0014299974,-7.345365000000001e-25,3.7252903e-09,0.0,True
2022-08-15,185.98,5.2,21.528574,29.557144,12.985715,53.399998,4.7,0.54285717,4.642857,3.357143,24.042856,1.5765429e-05,0.0012902245,-7.345365000000001e-25,1.1175871e-08,0.0,True
2022-08-22,185.97000000000003,25.5,20.442858,25.571428,15.571429,70.8,3.142857,1.2428571,2.9428573,3.9714286,23.6,7.016957e-05,0.001176767,-7.345365000000001e-25,3.7252903e-09,0.0,True
2022-08-29,185.9520139569286,13.6,19.657145,25.957142,13.842857,73.42857,2.7714283,1.5714287,3.0142858,4.6857142,22.62857,0.000118777156,0.0010907501,-7.345365000000001e-25,1.1175871e-08,0.0,True
2022-09-05,185.95,1.6,17.428572,24.228573,10.742858,64.54286,2.842857,1.5571429,3.2,4.8,20.585714,6.2584877e-06,0.0010142177,-7.345365000000001e-25,7.450581e-09,0.0,True
2022-09-12,185.98,29.9,16.914286,22.114286,12.8,78.68572,2.1142857,1.5142857,2.2714286,5.0,19.357143,0.00029957294,0.00094849616,-7.345365000000001e-25,9.313226e-09,0.0,True
2022-09-19,185.93,50.7,12.857142,16.757143,10.057143,80.41429,1.5571429,1.4285715,1.7428572,6.385714,14.842857,0.0043121576,0.00089997053,-7.345365000000001e-25,3.7252903e-09,0.0,True
2022-09-26,185.94000000000003,18.8,11.257143,17.128572,6.357143,76.07143,1.4,1.2142857,1.7142857,6.9857144,13.514286,9.179115e-05,0.00086198,-7.345365000000001e-25,0.0,0.0,True
2022-10-03,185.98,18.3,10.257143,14.371429,6.9428573,81.52857,1.0714287,1.0142858,1.3000001,7.428571,11.428572,0.00019060075,0.00083173066,-7.345365000000001e-25,3.7252903e-09,0.0,True
2022-10-10,186.01,0.90000004,12.185715,17.885715,6.2000003,75.42857,1.2285715,1.0428573,1.6,7.357143,13.0,7.376075e-06,0.0008061081,-7.345365000000001e-25,7.450581e-09,0.0,True
2022-10-17,185.99,0.2,13.742857,18.814285,9.17143,78.51429,1.042857,0.85714287,1.3142856,7.1285715,14.214286,2.4937093e-05,0.0007827431,-7.345365000000001e-25,3.7252903e-09,0.0,True
2022-10-24,185.96,16.6,12.685715,16.142857,8.6,83.18572,0.87142855,0.8,1.0142857,7.6,13.228572,0.00032523274,0.0007640496,-7.345365000000001e-25,7.450581e-09,0.0,True
2022-10-31,185.93810761329487,0.0,15.1285715,20.014286,10.771429,77.5,0.88571423,0.7285714,1.2285715,7.542857,14.2,9.328127e-06,0.00074750185,-7.345365000000001e-25,7.450581e-09,0.0,True
2022-11-07,185.94000000000003,1.1,9.742858,13.67143,5.7571435,78.27143,0.62857145,0.54285717,0.88571423,7.385714,10.042857,4.8428774e-05,0.00073343515,-7.345365000000001e-25,3.7252903e-09,0.0,True
2022-11-14,185.95,1.5,8.400001,13.742858,4.3857145,80.957146,0.55714285,0.47142857,0.7,7.3285713,8.542857,2.1338463e-05,0.0007215068,-7.345365000000001e-25,3.7252903e-09,0.0,True
2022-11-21,185.96,11.3,2.5428574,6.1,-0.7142857,87.48572,0.27142859,0.25714287,0.4,7.9714284,4.071429,0.00021065772,0.00071116537,0.0010479916,0.0004845392,0.0034008473,True
2022-11-28,185.92,2.6999998,4.7000003,8.157144,1.4142857,84.71429,0.25714284,0.24285714,0.41428572,8.1,3.6857142,9.011477e-05,0.0007038042,0.0009412936,0.0029569939,0.0,True
2022-12-05,185.9,17.1,1.4,2.6571429,0.22857141,92.35714,0.15714286,0.15714286,0.31428573,8.185715,2.142857,0.00012035668,0.0006981343,0.0058210464,0.005446583,0.01273606,True
2022-12-12,185.93,3.8,-0.22857141,1.3857144,-2.0428574,88.4,0.10000001,0.10000001,0.31428573,8.428572,0.9142857,0.00010343641,0.0006945804,0.006313432,0.0036158524,0.005897429,True
2022-12-19,185.94000000000003,1.9000001,-5.5,-1.7428572,-8.971429,82.52857,0.028571429,0.028571429,0.22857143,8.528571,-1.5285715,4.7057867e-05,0.0006933883,0.009789456,0.001888765,0.001038298,True
2022-12-26,185.97000000000003,10.2,7.957143,10.157144,4.928571,83.14286,0.42857143,0.42857143,0.7285714,9.271428,3.3714285,0.0005187616,0.00069509447,0.0010730766,0.0082893,0.0,True
