,GWL,HYRAS_pr,HYRAS_tas,HYRAS_tasmax,HYRAS_tasmin,HYRAS_hurs,DWD_evapo_p,DWD_evapo_r,DWD_evapo_fao,DWD_soil_moist,DWD_soil_temp5cm,ERA5_sro,ERA5_ssro,ERA5_sdwe,ERA5_sm,ERA5_sf,GWL_flag
1991-01-07,143.28,21.4,7.4857144,9.928572,4.8285713,75.37144,0.95714283,0.95714283,1.1857144,10.942857,5.7,0.001779981,0.011418954,2.2564616e-05,0.00016523153,7.1413815e-05,True
1991-01-14,143.2,7.4,7.9428573,10.428572,5.5,68.98572,0.9142858,0.9142858,1.3285714,10.557143,5.3428574,0.0004786253,0.014034137,5.9877122e-05,7.54185e-06,0.0004960969,True
1991-01-21,143.03,3.7,-0.15714288,2.3,-2.757143,82.41429,0.22857144,0.22857144,0.31428573,10.214286,0.18571429,0.00011320412,0.014804669,0.0013725928,0.00078613684,0.0044876263,True
1991-01-28,142.91,0.0,-0.3857143,1.7714287,-2.0714285,77.51429,0.22857144,0.22857144,0.44285712,10.2,0.08571429,5.0000846e-05,0.014018215,0.0029271443,0.002070833,1.8227845e-05,True
1991-02-04,142.79,0.0,-3.957143,-1.0,-6.8142858,79.48572,0.071428575,0.071428575,0.37142858,10.085714,-1.1428572,2.2277236e-05,0.012935318,0.0014598597,0.0010084063,0.00028299913,True
1991-02-11,142.73,7.8,-4.857143,-2.0285714,-8.228572,72.6,0.042857144,0.042857144,0.5857143,10.185715,-2.142857,1.2882054e-05,0.011806831,0.005816204,0.00024415553,0.0154867545,True
1991-02-18,142.62,7.3,-1.7714287,1.0571429,-4.7999997,83.27143,0.22857144,0.22857144,0.5,10.328571,-0.014285714,0.00012946129,0.010719307,0.022392517,0.006277185,0.014304388,True
1991-02-25,142.69,1.9,4.3,10.057143,-0.55714285,79.471436,0.7285715,0.68571424,0.85714287,10.042857,0.95714283,0.0005270988,0.009784155,0.0076621943,0.021818811,0.0,True
1991-03-04,142.76,8.1,4.914286,8.057143,1.8142859,90.14286,0.64285713,0.5857143,0.61428577,9.9,4.6714287,0.00015372783,0.009152636,0.00020993323,0.00086783245,1.0803342e-07,True
1991-03-11,142.71,3.5,9.571428,14.028572,5.828572,81.328575,0.88571435,0.8142857,1.1142857,9.8714285,9.357142,0.0001629442,0.008604512,1.8449057e-06,1.19283795e-05,0.0,True
1991-03-18,142.66,0.1,9.857142,16.157145,3.8,77.41429,1.2571428,1.1,1.5285714,9.6285715,10.142858,4.2930245e-05,0.008050509,-7.345365000000001e-25,5.5879354e-09,0.0,True
1991-03-25,142.87,34.600002,10.228571,13.442858,7.657143,82.58572,1.0571429,1.0428572,1.2857143,10.342857,10.328571,0.0010375828,0.0075532123,-7.345365000000001e-25,1.1175871e-07,1.0430813e-07,True
1991-04-01,142.79446016160028,0.0,5.642857,10.657143,0.91428566,66.97143,1.6142857,1.4,1.8714286,9.842857,8.114285,4.553795e-05,0.0072553083,2.4409522e-07,8.6799264e-07,1.039356e-06,False
1991-04-08,142.745,3.6,10.042857,15.0,5.7285714,69.22858,1.8142859,1.4999999,2.0714285,9.157143,11.6,0.000114008784,0.0068965405,-7.345365000000001e-25,1.4156103e-07,0.0,True
1991-04-15,142.63,0.2,12.228571,19.47143,5.142857,60.67143,2.7428572,2.0714285,2.957143,8.471429,13.957143,8.3222985e-06,0.006458923,-7.345365000000001e-25,0.0,0.0,True
1991-04-22,142.58,11.0,5.085714,10.285714,0.34285718,64.38572,2.0142856,1.5714285,2.2,7.785714,10.385715,0.00012539327,0.005934447,0.00010237807,0.00040201098,0.0005058311,True
1991-04-29,142.51,9.0,8.642858,13.957144,3.857143,68.200005,2.1857142,1.6428572,2.5142858,7.642857,12.014286,0.00010379404,0.005446665,2.5402933e-05,0.00016475841,7.6040626e-05,True
1991-05-06,142.58,26.8,7.914286,11.67143,4.642857,79.0,1.4571428,1.2428572,1.7857143,8.057143,11.114285,0.00024357438,0.0049967766,8.855547e-07,5.505979e-06,5.9865415e-06,True
1991-05-13,142.48,15.7,11.2,15.971429,6.3142858,72.14286,2.385714,1.8428571,2.6285713,7.8714285,14.385715,0.00010472536,0.004563786,4.5413064e-08,5.699694e-07,0.0,True
1991-05-20,142.52108974875782,13.4,10.071428,14.785714,5.4714284,70.62858,2.1142857,1.7571429,2.6285713,8.1,13.914286,0.0002449453,0.0041833892,2.3785092e-06,1.789257e-05,1.7721206e-05,True
1991-05-27,142.515,1.4,13.614286,18.985716,7.6714287,61.914288,3.1571429,1.9857143,3.742857,7.0,18.385714,1.7501414e-05,0.0038083121,-7.345365000000001e-25,6.7055225e-08,0.0,True
1991-06-03,142.43,0.0,16.628572,22.557144,9.414286,54.485718,4.1857142,1.8000001,4.8428574,6.0142856,20.757143,8.6426735e-07,0.0034129545,-7.345365000000001e-25,0.0,0.0,True
1991-06-10,142.36,16.1,14.257143,18.514286,10.1,69.85714,2.4428573,1.5428572,2.8857143,6.1285715,17.3,0.00024816394,0.0030574426,-7.345365000000001e-25,3.7252903e-09,0.0,True
1991-06-17,142.37,14.299999,16.014286,20.957144,11.757143,68.25714,3.0571427,2.1285713,3.3285713,6.2,19.385714,0.00013551116,0.0027788207,-7.345365000000001e-25,0.0,0.0,True
1991-06-24,142.4,30.1,16.585714,21.414288,12.428572,78.27143,3.0142856,2.642857,3.2,7.257143,19.37143,0.0002347529,0.0025426075,-7.345365000000001e-25,7.450581e-09,0.0,True
1991-07-01,142.43,21.8,17.057142,22.028574,12.6,73.27143,3.3857143,2.7857144,3.5142858,6.8,20.72857,0.00026275218,0.0023241043,-7.345365000000001e-25,3.7252903e-09,0.0,True
1991-07-08,142.34,2.8,23.942858,30.071428,16.842857,64.14286,5.0,2.757143,5.6,5.928571,27.2,3.3676624e-06,0.0020982847,-7.345365000000001e-25,1.1175871e-08,0.0,True
1991-07-15,142.26,35.3,22.628572,28.385715,17.37143,70.328575,4.157143,2.1571429,4.571429,5.714286,26.342857,0.00020490587,0.0018671453,-7.345365000000001e-25,1.1175871e-08,0.0,True
1991-07-22,142.3,8.2,19.042858,24.142857,13.871429,68.4,3.5571427,2.3,4.042857,5.428571,23.914286,7.775426e-05,0.0016891137,-7.345365000000001e-25,3.7252903e-09,0.0,True
1991-07-29,142.31,24.4,19.085714,24.442858,14.042857,73.3,3.3285716,2.3285713,3.6857142,5.5285716,22.3,0.0002169311,0.0015341938,-7.345365000000001e-25,7.450581e-09,0.0,True
1991-08-05,142.27,22.900002,20.428572,26.228573,15.728572,74.88572,3.114286,2.2857144,3.8285713,5.885714,23.942858,0.00011048466,0.0014001802,-7.345365000000001e-25,3.7252903e-09,0.0,True
1991-08-12,142.22,3.2,22.742859,29.257143,16.928572,68.04286,3.6000001,1.742857,4.3857145,5.285714,26.014286,3.8534403e-05,0.0012695938,-7.345365000000001e-25,1.4901161e-08,0.0,True
1991-08-19,142.16,0.0,19.914288,26.514286,14.028572,63.485718,3.5857143,0.75714284,4.142857,4.8285713,24.77143,9.37283e-06,0.001141116,-7.345365000000001e-25,3.7252903e-09,0.0,True
1991-08-26,142.11,3.4,20.4,27.657145,13.671428,65.4,3.1857142,0.90000004,3.7857144,4.4714284,24.171429,7.748604e-06,0.0010261163,-7.345365000000001e-25,0.0,0.0,True
1991-09-02,142.08,0.0,19.157145,26.828571,11.642858,58.68571,3.2714286,0.58571434,3.8,4.2714286,22.72857,1.9818544e-06,0.0009224713,-7.345365000000001e-25,0.0,0.0,True
1991-09-09,142.02,0.0,17.528572,25.257143,10.2,63.87143,2.5857143,0.31428573,3.4714284,4.0571427,21.742857,4.0233135e-07,0.0008324161,-7.345365000000001e-25,3.7252903e-09,0.0,True
1991-09-16,142.05,44.3,17.742857,22.757143,12.800001,79.28571,1.7714285,0.90000004,2.1857142,4.8428574,19.842857,0.00023213774,0.0007672161,-7.345365000000001e-25,5.5879354e-09,0.0,True
1991-09-23,142.16,39.8,16.942858,22.728573,12.028572,77.41429,1.9142857,1.2,2.3,4.8,19.542856,0.00014341623,0.00071629137,-7.345365000000001e-25,5.5879354e-09,0.0,True
1991-09-30,142.2,43.0,14.871429,19.17143,11.885715,84.114296,1.2428571,1.1285714,1.6857144,6.3714285,16.171429,0.00039161742,0.0006736219,-7.345365000000001e-25,3.7252903e-09,0.0,True
1991-10-07,142.25,25.3,13.014287,17.628572,8.7,82.21429,1.0285714,0.9285714,1.4428571,7.0285716,14.285714,0.00033507496,0.0006420985,-7.345365000000001e-25,3.7252903e-09,0.0,True
1991-10-14,142.27,19.400002,12.471429,15.485715,9.6,92.77143,0.6285714,0.5714286,0.9285714,7.8714285,13.957143,0.00054599345,0.0006174594,-7.345365000000001e-25,0.0,0.0,True
1991-10-21,142.25,16.8,9.728571,13.142858,6.957143,78.92857,0.98571426,0.9571429,1.2428571,8.228572,10.842857,0.00042592734,0.0006002858,9.411857e-06,3.8037077e-05,6.0681254e-05,True
1991-10-28,142.24,0.5,5.471429,8.857142,2.1000001,84.74286,0.45714286,0.4,0.62857145,8.1285715,6.9,8.46386e-06,0.00059081614,7.5328917e-06,2.3931265e-05,7.450581e-09,True
1991-11-04,142.27,24.6,7.414286,11.071428,4.0285716,84.75714,0.78571427,0.7428571,0.94285715,8.1285715,7.642857,0.00025899708,0.00058342516,-7.345365000000001e-25,4.6752393e-07,0.0,True
1991-11-11,142.39,30.8,6.7000003,9.057143,4.114286,78.62858,0.7142857,0.7142857,0.9714286,9.157143,6.4,0.0007324219,0.0005787462,5.9491113e-06,2.9938295e-05,3.7569553e-05,True
1991-11-18,142.7,35.2,6.5285716,9.028571,3.9428573,86.97143,0.5142857,0.49999997,0.8000001,10.357142,5.6571426,0.0034436435,0.0012938976,7.578305e-06,3.6003068e-05,3.8929284e-05,True
1991-11-25,142.69,2.3000002,3.8142858,5.8857145,2.0,87.02857,0.2857143,0.2857143,0.44285718,10.4,4.0857143,0.00031210482,0.0006811954,4.7513417e-06,1.7598271e-05,8.549541e-06,True
1991-12-02,142.6,0.2,0.71428573,2.0142858,-0.42857143,94.65714,0.12857144,0.11428572,0.18571427,10.1285715,1.3428571,2.8312206e-07,0.0008082539,1.6973132e-06,2.9690564e-06,6.03497e-07,True
1991-12-09,142.52,0.0,0.10000001,2.357143,-1.8142859,83.41429,0.12857144,0.12857144,0.31428573,10.014286,0.35714287,5.7071447e-06,0.0009152889,0.000101958,4.5403838e-05,0.00020861253,True
1991-12-16,142.44,3.7,-4.8857145,-1.7428572,-8.042857,83.41429,0.0,0.0,0.14285715,9.9,-2.4857142,2.5629997e-06,0.0010001473,0.00013261182,5.5190176e-05,0.0,True
1991-12-23,143.24,62.4,6.8,9.671428,3.5714285,85.957146,0.82857144,0.82857144,0.85714287,11.328571,2.5,0.009316899,0.009503774,0.00073658285,0.0064125434,0.005995974,True
1991-12-30,143.07,3.3,2.0428572,4.257143,0.15714288,86.38572,0.29999998,0.29999998,0.34285715,10.471429,1.5857143,0.00029151142,0.0025546327,0.00047523636,0.000713598,0.0011527799,True
1992-01-06,142.94,1.2,2.9857144,5.7428575,0.3857143,84.27143,0.1,0.1,0.5285714,10.3,0.2,0.000112205744,0.0033987612,0.0002856141,0.00046013482,4.8540533e-06,True
1992-01-13,143.1,28.3,4.2428575,7.214286,1.3285714,86.02857,0.3571429,0.3571429,0.5428571,10.457143,2.6571429,0.00090269,0.005387932,1.4299438e-05,3.8556755e-05,1.05425715e-05,True
1992-01-20,142.98,11.3,2.2714286,4.0142856,0.61428577,84.58572,0.31428573,0.3,0.44285718,10.314285,1.6428572,8.3222985e-05,0.005070336,0.0009593112,0.0013168603,0.0074634776,True
1992-01-27,142.89,0.2,-3.3714287,-0.7571429,-5.7714286,83.471436,0.042857144,0.042857144,0.3857143,10.342857,-0.47142857,3.6224723e-05,0.0055558532,0.004982653,0.0015571546,0.0001360476,True
1992-02-03,142.79,4.8,-0.74285716,2.057143,-3.257143,89.75714,0.15714286,0.15714286,0.3857143,10.2,-0.45714286,0.00012827665,0.0057048798,0.0022875525,0.0030152295,0.00011659041,True
1992-02-10,143.13,28.9,3.7142856,6.714286,0.81428576,88.77143,0.4857143,0.4857143,0.5428571,10.742857,1.2,0.0013736412,0.0063153654,0.00052013854,0.0018176222,0.00073936954,True
1992-02-17,143.21,22.2,6.014286,8.671429,3.6285717,81.84286,0.7571429,0.7571429,0.9285714,10.6,4.428571,0.0010608435,0.008087508,0.0005059242,0.00011123251,0.004637599,True
1992-02-24,143.06,0.0,1.9428571,6.114286,-1.9428571,74.91429,0.5285714,0.5,0.8142857,10.2,1.5428572,8.467585e-05,0.009151109,0.0032501107,0.003380198,0.00010216981,True
1992-03-02,142.92,1.2,6.8142858,13.071428,1.4857142,76.328575,0.8714286,0.7714285,1.0571429,9.8714285,5.857143,8.429587e-05,0.009356409,0.00020747526,0.0008655023,0.0,True
1992-03-09,142.88,0.0,7.857143,13.785714,2.2285714,74.58571,1.1857144,0.98571426,1.3571428,9.485714,7.6714287,1.9982457e-05,0.009064004,1.5667507e-06,7.707626e-06,0.0,True
1992-03-16,143.02,25.2,6.957143,10.528572,4.157143,76.82857,1.5,1.4142858,1.4714286,9.714286,7.6,0.001006335,0.00997024,3.6160152e-06,2.0418316e-05,3.1586736e-05,True
1992-03-23,143.12,21.2,8.028571,12.785714,3.4285715,78.58572,1.1857144,1.1571429,1.4571428,10.257143,8.414286,0.0015551001,0.009180501,9.417534e-06,8.004159e-05,8.9265406e-05,True
1992-03-30,143.18,24.1,5.214286,8.771429,2.1571429,77.75714,1.1857144,1.1714286,1.3571428,10.785714,6.8428574,0.000652574,0.009783596,0.0012171211,0.0043423735,0.0045815296,True
1992-04-06,143.2,23.0,7.085715,11.742858,3.1285717,76.71429,1.4571428,1.4,1.6142857,10.485714,8.971429,0.0005211234,0.011188433,6.020069e-05,0.00039304234,6.717071e-05,True
1992-04-13,143.05,1.5,10.142858,16.314287,3.2714288,55.714287,2.7571428,2.3142858,3.0714285,9.571428,12.114285,2.9474497e-05,0.011184439,3.633045e-07,3.3080578e-06,0.0,True
1992-04-20,142.97236949012785,12.2,8.514286,12.857142,5.0142856,72.1,2.0000002,1.7571428,2.2,8.914286,10.642858,0.0005235821,0.010548621,6.6030596e-05,0.00038691983,0.00038673356,False
1992-04-27,142.89999999999998,13.4,14.1285715,20.6,7.7285714,69.07143,2.7285712,2.1714287,3.0571427,8.314285,15.5,0.0001917854,0.009825222,3.633045e-07,3.11248e-06,0.0,True
1992-05-04,142.97,37.7,10.414286,14.742858,6.5285716,79.87144,1.7714285,1.6,2.0857143,8.414286,13.071428,0.00049676746,0.009069711,-7.345365000000001e-25,0.0,0.0,True
1992-05-11,142.86,7.3,13.842857,18.928572,8.885715,69.14286,2.8285713,2.357143,3.1142857,8.0,16.314285,0.00010570884,0.00841067,-7.345365000000001e-25,3.7252903e-09,0.0,True
1992-05-18,142.71,0.0,18.0,24.957142,10.114286,60.94286,4.1000004,2.757143,4.7999997,7.071429,20.957144,7.4505806e-08,0.007639639,-7.345365000000001e-25,3.7252903e-09,0.0,True
1992-05-25,142.62,10.2,17.928572,24.4,10.657143,59.357143,4.042857,1.8714286,4.714286,6.1285715,21.528572,3.772974e-05,0.006699741,-7.345365000000001e-25,3.7252903e-09,0.0,True
1992-06-01,142.56,15.2,18.300001,23.928572,12.842857,75.542854,3.2,1.7142857,3.4285715,6.071429,21.828571,0.0001314506,0.005842015,-7.345365000000001e-25,7.450581e-09,0.0,True
1992-06-08,142.64995006801635,29.5,16.057142,19.77143,13.085715,81.08572,2.2285714,2.0714285,2.6571429,7.6714287,19.528572,0.00065626204,0.005171761,-7.345365000000001e-25,3.7252903e-09,0.0,True
1992-06-15,142.595,5.0,17.357143,22.300001,11.914286,76.1,2.8428571,2.4714284,3.6285717,8.285714,20.785715,0.00027783215,0.004656598,-7.345365000000001e-25,1.1175871e-08,0.0,True
1992-06-22,142.5,1.0,17.957144,22.77143,12.528572,67.42857,3.4857142,2.7285714,4.0,7.6,21.557142,7.724762e-05,0.0041598156,-7.345365000000001e-25,3.7252903e-09,0.0,True
1992-06-29,142.52,47.800003,18.84286,24.457144,13.357142,71.67143,3.1857142,2.7428572,3.7714286,8.085714,22.22857,0.0014809966,0.0037398636,-7.345365000000001e-25,3.7252903e-09,0.0,True
1992-07-06,142.46,26.1,18.785715,23.828571,14.971429,78.51429,2.8,2.3857143,3.3714287,7.9428573,22.885714,0.0009675473,0.0033538043,-7.345365000000001e-25,3.7252903e-09,0.0,True
1992-07-13,142.62,44.4,17.985714,22.514286,14.1,78.814285,2.6571429,2.5142858,3.2285714,8.971429,20.8,0.0004801154,0.0030752644,-7.345365000000001e-25,1.1175871e-08,0.0,True
1992-07-20,142.48,4.9,21.242859,26.928572,15.885715,75.57143,3.2857144,2.6,4.157143,8.714286,24.8,4.592538e-05,0.002827026,-7.345365000000001e-25,1.1175871e-08,0.0,True
1992-07-27,142.5,25.3,21.557144,28.242859,15.657144,68.51429,3.985714,3.0714285,4.714286,7.957143,26.014286,5.096197e-05,0.002572082,-7.345365000000001e-25,7.450581e-09,0.0,True
1992-08-03,142.4,3.8999999,23.314287,30.185715,17.071428,66.35714,4.057143,2.385714,5.057143,6.6857142,26.7,3.748387e-05,0.0023032874,-7.345365000000001e-25,7.450581e-09,0.0,True
1992-08-10,142.34,0.5,23.128572,30.385714,16.828571,65.4,3.7999997,1.2428571,4.6857142,6.0285716,27.185715,4.4234097e-05,0.0020514578,-7.345365000000001e-25,5.5879354e-09,0.0,True
1992-08-17,142.35,25.6,18.042858,23.17143,13.571428,75.057144,2.7571428,1.6142856,3.2857144,5.9,21.87143,0.00011309981,0.0018530786,-7.345365000000001e-25,1.4901161e-08,0.0,True
1992-08-24,142.31,21.2,21.7,27.757143,16.557142,74.57143,2.9714286,1.7857143,3.7571428,5.8142858,24.671429,9.6574426e-05,0.0016802251,-7.345365000000001e-25,7.450581e-09,0.0,True
1992-08-31,142.27,39.0,21.057144,27.685715,15.971429,71.64286,2.914286,1.857143,3.7,5.8285713,22.985714,0.00059489906,0.0015347973,-7.345365000000001e-25,7.450581e-09,0.0,True
1992-09-07,142.34,23.9,13.714286,19.042858,9.400001,74.07143,2.142857,2.0142856,2.6285713,7.5285716,16.071428,0.00015734136,0.0014230907,-7.345365000000001e-25,3.7252903e-09,0.0,True
1992-09-14,142.3,12.0,15.614286,20.457142,11.371429,77.200005,1.7714287,1.5428572,2.2857144,7.4714284,18.314285,0.00011654943,0.0013332441,-7.345365000000001e-25,3.7252903e-09,0.0,True
1992-09-21,142.28,4.7,16.47143,21.97143,11.857142,82.6,1.6571428,1.3142856,2.1714284,7.1714287,19.3,2.6546419e-05,0.0012579784,-7.345365000000001e-25,1.8626451e-09,0.0,True
1992-09-28,142.25,2.6,15.485715,21.042858,10.528572,80.0,1.3571428,1.042857,1.9,6.957143,17.842857,5.1386654e-05,0.0011848956,-7.345365000000001e-25,3.7252903e-09,0.0,True
1992-10-05,142.24,10.900001,13.5,16.9,10.8,86.08572,0.87142855,0.7285715,1.1714286,7.2,15.314285,0.00013446063,0.0011243746,-7.345365000000001e-25,3.7252903e-09,0.0,True
1992-10-12,142.22,8.099999,10.885715,13.914286,8.428572,83.64286,0.65714294,0.55714285,0.95714283,7.4714284,12.285714,0.00026152283,0.0010767281,-7.345365000000001e-25,3.7252903e-09,0.0,True
1992-10-19,142.18,11.7,6.214286,10.6285715,2.3857143,79.700005,0.7142858,0.59999996,0.95714283,7.757143,7.742857,0.00017142296,0.0010361448,1.8063045e-05,4.6491623e-05,7.451698e-05,True
1992-10-26,142.33,52.2,7.557143,10.414286,4.8,83.24286,0.9285714,0.91428566,0.95714283,9.042857,7.4428573,0.0018254817,0.0024227574,7.0844376e-06,4.320778e-05,1.4137477e-05,True
1992-11-02,142.44,14.6,5.971429,8.885715,2.7285714,87.07143,0.5,0.5,0.7571429,10.757143,6.1571426,0.0017814338,0.0015495345,-7.345365000000001e-25,3.5762787e-07,2.2724271e-07,True
1992-11-09,142.43,4.1,8.071428,11.300001,5.328572,88.58572,0.35714287,0.35714287,0.5857143,10.271428,7.8714285,0.00024124235,0.0010294244,-7.345365000000001e-25,3.3527613e-08,0.0,True
1992-11-16,142.63,41.7,7.285714,9.7,4.5,83.6,0.6999999,0.6999999,0.8142857,11.1285715,6.457143,0.0040341467,0.0030461177,1.9436791e-05,7.621944e-05,7.849559e-05,True
1992-11-23,142.93,19.9,7.6571426,10.757143,4.557143,81.6,0.7285714,0.7285714,0.7714286,11.057143,6.571429,0.004273597,0.004756011,2.1060308e-05,0.00013661757,0.00012964569,True
1992-11-30,143.05,25.400002,9.157144,12.757143,5.542857,83.07143,0.5714286,0.5571429,0.7571429,10.828571,7.7,0.001399383,0.0048885345,-7.345365000000001e-25,3.9860606e-07,0.0,True
1992-12-07,143.04,11.0,7.542857,10.842857,4.2714286,79.38572,0.62857145,0.62857145,0.9142857,10.885715,5.9714284,0.0006728023,0.0065543205,4.6037494e-06,1.9226223e-05,2.9295683e-05,True
1992-12-14,142.98,11.0,3.3999999,4.9857144,2.2857144,82.64286,0.31428573,0.31428573,0.55714285,10.642858,2.9285715,0.00035215914,0.0080219805,4.2205764e-05,7.76723e-05,0.00013954192,True
1992-12-21,142.89,8.3,2.7000003,4.8857145,0.4571429,92.457146,0.071428575,0.071428575,0.25714284,10.342857,1.3714286,0.00021076202,0.008750297,4.2495274e-05,6.598607e-05,0.0,True
1992-12-28,142.83,0.1,1.6142857,3.557143,0.32857153,84.38572,0.071428575,0.071428575,0.35714287,10.328571,1.9714285,1.8045306e-05,0.008913457,5.6368963e-06,8.951873e-06,1.1175871e-06,True
1993-01-04,142.77,0.0,-6.4428573,-2.7857144,-9.3714285,77.88572,0.0,0.0,0.17142858,10.233334,-2.3,4.4703484e-08,0.008823365,3.8146973e-06,4.954636e-07,0.0,True
1993-01-11,142.76,15.0,6.785714,9.028572,3.2142856,79.57143,0.59999996,0.59999996,1.0142857,10.257143,0.95714283,0.0007294491,0.008602053,9.536743e-07,3.406778e-06,0.0,True
1993-01-18,142.78,3.5,8.357142,13.485715,3.614286,77.24286,0.7999999,0.7714285,0.90000004,10.3,4.757143,0.0015683472,0.009666972,-7.345365000000001e-25,1.8626451e-09,0.0,True
1993-01-25,142.78,15.299999,9.2,11.314286,7.3857145,75.01429,1.1142857,1.0571429,1.2571429,10.0,6.9857144,0.0018476099,0.009654857,1.1006991e-05,2.5760382e-06,0.00041927025,True
1993-02-01,142.88,10.8,3.3428571,5.4428573,1.1,85.51429,0.45714286,0.44285718,0.55714285,10.142858,3.2428572,0.00040058792,0.010527305,0.0012896118,0.003654398,0.0035301931,True
1993-02-08,142.79,0.4,0.61428577,2.457143,-0.9857144,90.62858,0.12857144,0.12857144,0.35714287,10.185715,0.74285716,1.1436641e-05,0.011474431,0.00022547586,0.0003694184,2.2351742e-08,True
1993-02-15,142.68,0.0,1.1428572,2.2285714,0.21428572,88.471436,0.17142858,0.15714286,0.45714286,10.057143,1.4142857,1.4901161e-06,0.011276178,2.8241247e-05,6.45984e-05,0.0,True
1993-02-22,142.68,11.1,2.8,4.914286,0.85714287,80.700005,0.71428573,0.71428573,0.7285714,10.185715,1.6285714,0.0004724264,0.010726765,0.0042319186,0.006821694,0.015422814,True
1993-03-01,142.63,2.1,-0.71428573,3.557143,-4.8857145,70.9,0.42857143,0.40000004,0.8428572,10.185715,0.08571429,0.00012926012,0.010222398,0.007899858,0.0053121597,0.0039725117,True
1993-03-08,142.57,5.8999996,1.6285715,5.071429,-1.1285714,75.200005,0.7285715,0.67142856,1.0142857,9.957143,0.75714284,0.0003130585,0.009757884,0.005040407,0.0070428085,0.0049739443,True
1993-03-15,142.52,0.0,7.371429,14.857142,0.6857143,64.85714,1.3000001,1.0857142,1.6571429,9.571428,7.385714,7.109344e-05,0.009301707,0.0008014043,0.0030539036,0.0,True
1993-03-22,142.53,11.6,10.757143,16.257143,5.571429,76.185715,1.5,1.2285715,1.8000001,9.057143,11.042857,0.00020851195,0.008775819,1.9584384e-06,1.8116087e-05,0.0,True
1993-03-29,142.5,0.6,3.9,8.571428,0.17142855,61.77143,1.5142858,1.2714287,1.6714286,8.957143,7.457143,0.00012750179,0.008211017,9.9789526e-05,0.00019283034,0.00032530725,True
1993-04-05,142.48,16.8,7.8857145,13.442858,2.8857143,70.61429,1.5,1.3,1.9714286,8.614285,9.114285,0.00021910667,0.007631734,2.3291224e-05,0.00011781789,5.375594e-06,True
1993-04-12,142.48880465808392,9.8,10.057143,14.585714,6.2571425,70.942856,1.7428571,1.6,2.2142856,8.642858,11.571428,0.00027398765,0.0070964918,6.2442965e-08,1.2759119e-06,0.0,False
1993-04-19,142.505,3.8999999,10.614286,15.828572,6.0428576,74.557144,1.8714286,1.6857141,2.3,8.685715,12.257143,0.0001398176,0.006609902,-7.345365000000001e-25,1.8626451e-09,0.0,True
1993-04-26,142.43,0.3,15.942858,23.34286,9.257143,59.7,3.4428573,2.5,3.857143,7.8285713,18.242857,1.116097e-05,0.0060892254,-7.345365000000001e-25,0.0,0.0,True
1993-05-03,142.41,12.8,16.542858,22.542858,11.2,68.942856,3.257143,2.1142857,3.4428573,6.857143,19.328571,0.00020658225,0.0055040643,-7.345365000000001e-25,0.0,0.0,True
1993-05-10,142.4,13.7,13.599999,18.242857,9.342857,75.90001,2.3857143,1.8428572,2.7142856,6.8714285,16.528572,0.00026389956,0.005022943,-7.345365000000001e-25,0.0,0.0,True
1993-05-17,142.36,13.2,15.314286,20.828571,10.357142,75.25715,2.6714287,2.0714285,3.2142856,7.114286,19.0,0.00019133091,0.004595928,-7.345365000000001e-25,0.0,0.0,True
1993-05-24,142.35,15.0,16.47143,22.34286,10.471429,69.442856,3.3142858,2.5714285,3.8142858,7.042857,20.8,0.00027786195,0.004186526,-7.345365000000001e-25,0.0,0.0,True
1993-05-31,142.31627443179977,23.300001,17.985714,24.042858,12.742858,69.48572,3.6714287,2.9142857,4.1,6.6714287,22.014286,0.000114932656,0.0037910566,-7.345365000000001e-25,7.450581e-09,0.0,True
1993-06-07,142.32,23.800001,18.428572,24.571428,13.028572,77.457146,3.085714,2.142857,3.8285713,6.357143,22.314285,0.00022880733,0.0034549683,-7.345365000000001e-25,7.450581e-09,0.0,True
1993-06-14,142.29,10.8,17.885715,22.628572,13.585714,72.47143,3.0,1.8142856,3.6142857,5.742857,22.0,8.627772e-05,0.0031228215,-7.345365000000001e-25,0.0,0.0,True
1993-06-21,142.29,30.7,18.114286,23.157145,13.114286,74.68572,3.3999999,2.5571427,3.7857144,5.9714284,21.62857,0.00066819787,0.0028652474,-7.345365000000001e-25,7.450581e-09,0.0,True
1993-06-28,142.37,26.3,16.957144,21.514286,12.842857,69.54286,3.2000003,2.3142858,3.5714285,7.0857143,21.471428,0.00024545193,0.0026284605,-7.345365000000001e-25,7.450581e-09,0.0,True
1993-07-05,142.3,1.7,20.914288,27.485716,13.942857,66.28571,4.2428565,2.2857144,4.9,6.1857142,25.485714,5.3808093e-05,0.0023949891,-7.345365000000001e-25,1.1175871e-08,0.0,True
1993-07-12,142.29,28.3,15.914286,21.557144,10.957143,70.0,3.1714287,1.5142858,3.4142857,6.285714,21.142857,0.00013840199,0.0021665618,-7.345365000000001e-25,3.7252903e-09,0.0,True
1993-07-19,142.35,24.0,18.157145,22.785715,14.257143,79.9,2.7857144,2.4142857,3.2285714,7.0857143,20.857143,0.00037371367,0.0020033047,-7.345365000000001e-25,1.1175871e-08,0.0,True
1993-07-26,142.38,33.7,17.4,22.314287,13.685715,70.64286,3.2000003,2.7285712,3.8142858,6.9,20.914286,0.00011961162,0.0018565506,-7.345365000000001e-25,3.7252903e-09,0.0,True
1993-08-02,142.4,27.8,19.2,25.100002,13.900001,73.97143,3.414286,2.9285715,4.071429,6.8285713,22.714285,0.0025568604,0.0017199516,-7.345365000000001e-25,1.1175871e-08,0.0,True
1993-08-09,142.37,22.6,19.542858,25.414288,14.042857,72.57143,3.2714288,2.4857144,3.957143,6.242857,24.37143,2.7775764e-05,0.0015855506,-7.345365000000001e-25,7.450581e-09,0.0,True
1993-08-16,142.35,5.9,20.028574,26.285715,14.714286,70.67143,3.3428571,2.5857143,4.0857143,6.142857,23.342857,0.0016069859,0.0014681518,-7.345365000000001e-25,1.1175871e-08,0.0,True
1993-08-23,142.3,8.3,19.928572,27.314287,14.300001,69.185715,3.257143,1.9857141,3.8714287,5.5142856,24.142857,2.6717782e-05,0.0013531223,-7.345365000000001e-25,9.313226e-09,0.0,True
1993-08-30,142.24,4.2000003,13.928572,19.600002,8.571428,72.77143,1.8571428,1.1714287,2.4285715,5.8428574,17.914286,3.1471252e-05,0.001258567,-7.345365000000001e-25,0.0,0.0,True
1993-09-06,142.25,16.800001,13.357142,18.97143,8.914286,76.34286,1.757143,1.1999999,2.2714286,5.7,17.27143,8.1807375e-05,0.0011778474,-7.345365000000001e-25,0.0,0.0,True
1993-09-13,142.29,55.1,15.585715,19.814287,12.2,84.0,1.6428572,1.5285714,1.9857143,6.957143,17.414286,0.00034105778,0.0011119172,-7.345365000000001e-25,7.450581e-09,0.0,True
1993-09-20,142.28,6.2,14.828572,20.457144,10.028571,77.27143,1.9,1.7571429,2.5714285,7.9714284,16.471428,7.459521e-05,0.001054816,-7.345365000000001e-25,7.450581e-09,0.0,True
1993-09-27,142.3,21.0,15.071428,18.728573,12.400001,85.08571,1.0857143,1.0142858,1.5285714,8.1,16.671429,0.00048162043,0.0010716319,-7.345365000000001e-25,3.7252903e-09,0.0,True
1993-10-04,142.41,36.5,11.385715,14.485715,8.528571,89.4,0.74285716,0.7285715,1.0142858,9.442857,12.828571,0.002363816,0.00097060204,-7.345365000000001e-25,5.5879354e-09,0.0,True
1993-10-11,142.57,41.9,13.814286,18.2,10.328572,83.75715,1.0428572,1.0285715,1.3428571,10.171429,14.614285,0.00039779395,0.0009544119,-7.345365000000001e-25,0.0,0.0,True
1993-10-18,142.67,27.0,10.2,13.342857,7.557143,84.71429,0.84285706,0.8285714,1.0428572,10.485714,11.357142,0.0005693361,0.00095362216,-7.345365000000001e-25,3.7252903e-09,0.0,True
1993-10-25,142.76,16.1,6.0428576,7.642857,4.457143,90.35714,0.3857143,0.37142855,0.54285717,10.471429,7.428571,0.00028989464,0.0009768307,4.6151026e-06,3.365241e-05,3.5326928e-05,True
1993-11-01,142.7357104269563,0.0,3.9714286,6.957143,1.2142857,86.11428,0.31428573,0.31428573,0.5857143,10.214286,5.4714284,6.92904e-07,0.0010346398,7.26609e-07,2.8274953e-06,0.0,True
1993-11-08,142.655,5.1,6.2571425,7.642857,4.8714285,92.42857,0.20000002,0.20000002,0.44285712,10.157143,6.4857144,0.00020948052,0.0010957196,-7.345365000000001e-25,8.568168e-08,0.0,True
1993-11-15,142.62,14.5,6.214286,9.085714,3.5142858,85.200005,0.5,0.5,0.5714286,10.4,6.071429,0.00048549473,0.0015087798,3.299259e-05,0.00013598055,0.00043550134,True
1993-11-22,142.6,1.2,-0.58571434,1.9428571,-2.6857142,71.72857,0.24285714,0.22857143,0.5285714,10.3,1.0142857,7.44313e-06,0.001281783,0.00035161065,9.868294e-05,0.0009566471,True
1993-11-29,142.54,1.2,-2.757143,-0.82857144,-4.6142855,84.34286,0.014285714,0.014285714,0.27142859,10.214286,-0.87142855,1.2345612e-05,0.0014342591,0.0009942055,0.0005128011,0.00040514022,True
1993-12-06,142.51,0.3,2.2857144,5.142857,-1.2142857,86.28571,0.18571429,0.18571429,0.44285712,10.157143,-0.31428573,0.00013367832,0.0015530959,0.0008985258,0.0023262165,0.0014490634,True
1993-12-13,142.81,34.7,7.1714287,10.228571,3.857143,79.52857,0.9857143,0.9857143,1.1142857,10.7,4.457143,0.0017887354,0.003839314,0.00014345987,0.0008362122,0.0007121414,True
1993-12-20,143.18,32.5,8.657143,10.671428,6.3142858,78.38572,0.81428576,0.81428576,1.1428572,11.185715,6.0571427,0.0035963058,0.005232349,3.5212153e-05,0.00026254915,0.00018851832,True
1993-12-27,143.26,22.1,3.7857144,6.071429,2.2428572,82.685715,0.68571424,0.68571424,0.7428571,11.2,3.5,0.002225846,0.01126571,0.0044364817,0.0034327507,0.016951919,True
1994-01-03,143.47,28.2,6.2000003,8.528571,3.1857145,82.700005,0.75,0.75,0.88571423,10.625,3.55,0.002702251,0.013871074,0.0045652334,0.016072832,0.0027112216,True
1994-01-10,143.36,8.4,5.1142855,6.9000006,3.6714287,87.471436,0.47142854,0.47142854,0.6,10.957143,4.571429,0.0007140413,0.024234593,5.1464354e-05,0.00032852963,4.3921173e-05,True
1994-01-17,143.23,11.5,5.2428575,7.7000003,2.7857144,84.41429,0.5285715,0.5285715,0.64285713,10.3714285,4.5142856,0.0002887696,0.021107733,0.00014416377,9.621866e-05,0.001244884,True
1994-01-24,143.13,13.9,0.30000004,2.9285715,-2.5,84.92857,0.22857141,0.22857141,0.4,10.357142,0.4857143,0.0006464571,0.017884262,0.0010975315,0.0015535764,0.0006140433,True
1994-01-31,143.31,16.4,5.5285716,8.785715,2.6285713,72.52857,1.1428571,1.1428571,1.1571429,10.6285715,4.5142856,0.0021670386,0.017243102,0.000296184,0.0008746274,0.00092846155,True
1994-02-07,143.28,21.1,4.9000006,6.328572,3.2142856,91.62858,0.3,0.3,0.5285714,10.528571,4.3714285,0.00065719336,0.016475685,7.1525574e-05,0.00024638698,1.0430813e-07,True
1994-02-14,143.14,4.7,2.1142857,4.7000003,0.114285745,73.77143,0.45714286,0.45714286,0.78571427,10.414286,2.7714286,0.00019810349,0.015833393,0.0017704964,0.00080344453,0.004184924,True
1994-02-21,143.02,9.5,-1.5714285,1.7285715,-4.6,75.84286,0.31428573,0.3,0.62857145,10.2,0.08571429,0.00026588142,0.014919072,0.0029593024,0.0022309422,0.0066041574,True
1994-02-28,143.13,20.7,7.057143,11.071428,3.0857143,83.38572,0.6999999,0.6999999,1.0285714,10.471429,4.4714284,0.0008404255,0.015148096,0.0016431866,0.008023797,1.8637627e-05,True
1994-03-07,143.11,11.0,8.314286,12.542857,4.457143,75.40001,1.1999999,1.1714286,1.4428571,10.442857,8.457143,0.0005941689,0.01447539,3.496806e-06,2.3264438e-05,4.2840838e-07,True
1994-03-14,143.05,7.1000004,10.414286,14.028572,7.0285716,79.27143,1.2714287,1.1714286,1.5571429,9.957143,10.171429,0.00039295852,0.014018096,-7.345365000000001e-25,3.1664968e-08,0.0,True
1994-03-21,143.12,27.800001,8.0,10.400001,5.6142855,76.25714,1.5,1.4857142,1.6571429,10.071428,8.071428,0.0019024685,0.015305653,4.6735717e-05,0.00036455505,0.00035842508,True
1994-03-28,143.05,5.7,10.742858,15.27143,6.8285713,70.42857,1.9285716,1.8142856,2.2857144,9.971429,11.185715,0.00017844886,0.014159344,2.8383164e-07,2.630055e-06,4.0978193e-08,True
1994-04-04,142.9849077045361,20.8,9.6285715,14.414286,5.1714287,71.35714,1.7857143,1.6857141,2.0285714,9.771428,10.4,0.0013523102,0.0141658485,6.0433435e-05,0.00044070184,0.0008033626,True
1994-04-11,143.04500000000002,31.4,5.928571,10.285714,2.5857143,78.185715,1.5714285,1.5714285,1.7285715,10.328571,8.2,0.0004605502,0.013098225,0.00010755516,0.00051086023,0.00016704574,True
1994-04-18,143.34,33.7,7.1,10.042857,4.428571,79.47143,1.2857143,1.2571428,1.3285714,10.742857,8.685715,0.0020249635,0.01479318,2.454576e-05,0.00020333193,0.0001825653,True
1994-04-25,143.12,5.8,11.642858,17.957144,5.8428574,74.22858,2.0285714,1.8,2.4714284,9.771428,14.085714,0.00019429624,0.014634304,-7.345365000000001e-25,8.940697e-08,0.0,True
1994-05-02,142.95,0.2,14.728572,20.857143,8.585714,67.02857,3.1000001,2.414286,3.6000001,9.0,18.014286,3.5241246e-05,0.013327509,-7.345365000000001e-25,3.7252903e-09,0.0,True
1994-05-09,142.89,31.100002,13.271429,18.67143,8.442858,76.542854,2.357143,2.0714285,2.7571428,8.471429,16.3,0.0004284233,0.011665627,-7.345365000000001e-25,7.450581e-09,0.0,True
1994-05-16,142.82,3.8000002,14.814286,20.057144,9.828572,78.1,2.6714284,2.2,3.042857,8.5,18.014286,0.00011217594,0.01018852,-7.345365000000001e-25,3.7252903e-09,0.0,True
1994-05-23,142.84617150768003,43.1,15.142858,18.957144,11.728571,84.28571,2.1,1.9857143,2.4428573,9.728572,17.7,0.0016031414,0.010196663,-7.345365000000001e-25,7.450581e-09,0.0,False
1994-05-30,142.91,32.7,14.7,19.600002,10.857142,78.11428,2.5285716,2.357143,3.042857,10.057143,18.214285,0.00035969913,0.008267075,-7.345365000000001e-25,0.0,0.0,True
1994-06-06,142.97,22.300001,15.657144,21.628572,10.214286,70.34286,3.1571426,2.8428571,3.6142857,9.228572,18.785715,0.0008391291,0.0076159686,-7.345365000000001e-25,3.7252903e-09,0.0,True
1994-06-13,143.0,25.7,14.757143,19.785715,10.099999,71.557144,3.0142858,2.7285712,3.457143,9.328571,18.257143,0.002392754,0.007954545,-7.345365000000001e-25,0.0,0.0,True
1994-06-20,142.85,7.7,19.042858,24.985716,13.057143,65.814285,3.9285712,3.0571427,4.6857142,8.414286,22.9,0.0002060458,0.0066413954,-7.345365000000001e-25,3.7252903e-09,0.0,True
1994-06-27,142.81,44.7,21.957142,27.77143,16.328571,70.1,4.2714286,2.9428573,4.7428575,7.3428574,26.12857,0.011138216,0.006461419,-7.345365000000001e-25,1.1175871e-08,0.0,True
1994-07-04,142.79,4.1,23.914288,29.657145,18.67143,78.15715,4.157143,2.8714283,5.042857,7.1571426,28.37143,0.0020769984,0.005527921,-7.345365000000001e-25,1.1175871e-08,0.0,True
1994-07-11,142.69,3.1,19.87143,24.97143,14.442857,65.85714,3.9285715,2.3857143,4.4714284,6.4857144,25.385714,0.00010213256,0.0050568357,-7.345365000000001e-25,1.1175871e-08,0.0,True
1994-07-18,142.61,11.400001,22.314287,28.328571,16.6,72.37143,3.6571426,1.7428571,4.428571,6.0285716,26.828571,0.00022432208,0.0045604333,-7.345365000000001e-25,1.1175871e-08,0.0,True
1994-07-25,142.59,16.5,22.142857,27.77143,17.757143,76.35714,3.1857145,2.1571429,3.8857143,6.6857142,25.757143,0.00024698675,0.0041253194,-7.345365000000001e-25,1.4901161e-08,0.0,True
1994-08-01,142.53,9.5,23.428572,29.1,18.185715,74.78571,3.6,2.1000001,4.3285713,6.2285714,27.642857,5.8859587e-05,0.0036856309,-7.345365000000001e-25,3.7252903e-09,0.0,True
1994-08-08,142.5,15.4,23.97143,30.571428,17.9,70.51429,3.7285714,1.957143,4.8142858,5.757143,27.828571,0.00020846725,0.0032893717,-7.345365000000001e-25,7.450581e-09,0.0,True
1994-08-15,142.48,17.5,18.314287,23.142857,13.828572,75.42857,2.7857144,2.2285714,3.2857144,6.7714286,22.785715,0.00012007356,0.002956085,-7.345365000000001e-25,1.1175871e-08,0.0,True
1994-08-22,142.55,40.7,18.628572,24.414288,13.185715,75.75714,2.7571428,2.2714288,3.414286,6.8428574,21.857143,0.00038672984,0.0026722103,-7.345365000000001e-25,1.1175871e-08,0.0,True
1994-08-29,142.5,18.6,18.285715,23.385715,14.714286,75.15715,2.3,1.8714286,2.9857142,7.4,22.242857,0.00045385957,0.0024474263,-7.345365000000001e-25,7.450581e-09,0.0,True
1994-09-05,142.42,5.0,16.457144,21.87143,11.67143,75.82857,2.0285714,1.5714287,2.7285714,7.3,20.27143,3.4436584e-05,0.0022596493,-7.345365000000001e-25,5.5879354e-09,0.0,True
1994-09-12,142.55,53.4,16.528572,20.557144,13.428572,80.98572,1.7142857,1.6714284,2.142857,8.657143,18.0,0.0025069267,0.0024168566,-7.345365000000001e-25,1.1175871e-08,0.0,True
1994-09-19,142.62,31.900002,12.285714,15.814286,9.771429,80.92857,1.3285714,1.3142856,1.6571429,9.771428,14.585714,0.004431352,0.003398195,-7.345365000000001e-25,5.5879354e-09,0.0,True
1994-09-26,142.58,14.700001,15.400001,19.985716,11.185715,84.3,1.2571429,1.1571429,1.6285714,9.614285,16.9,0.000275217,0.0020778626,-7.345365000000001e-25,0.0,0.0,True
1994-10-03,142.61381233274196,19.9,15.057143,18.728573,12.071428,85.27143,0.9714285,0.88571423,1.3142856,9.6285715,17.057142,0.0003915727,0.0021005645,-7.345365000000001e-25,3.7252903e-09,0.0,False
1994-10-10,142.655,0.0,6.7571435,12.571428,1.7571429,75.02857,0.82857144,0.7142858,1.1857144,9.742857,9.885715,4.9248338e-05,0.0021590665,-7.345365000000001e-25,0.0,0.0,True
1994-10-17,142.55,0.0,9.957144,15.8714285,5.0142856,82.814285,0.7999999,0.64285713,1.0714285,9.414286,12.0,5.6177378e-06,0.0022084862,-7.345365000000001e-25,0.0,0.0,True
1994-10-24,142.51,10.2,8.914286,13.914286,4.3714285,82.52857,0.8,0.7,0.9142857,9.214286,10.571428,7.4893236e-05,0.0022133589,-7.345365000000001e-25,5.5879354e-09,0.0,True
1994-10-31,142.54,21.6,11.057143,14.071428,8.114286,80.62858,1.0285714,1.0,1.2714285,9.857142,10.6,0.0003536865,0.002198875,-7.345365000000001e-25,3.7252903e-09,0.0,True
1994-11-07,142.51,0.70000005,9.485715,12.585714,6.557143,87.8,0.44285712,0.3857143,0.5857143,9.8,10.185715,0.0001891926,0.002189815,-7.345365000000001e-25,1.8626451e-09,0.0,True
1994-11-14,142.49,9.7,9.67143,11.842857,7.328572,90.200005,0.35714287,0.32857147,0.62857145,9.985714,9.514286,0.00022921711,0.0022043437,-7.345365000000001e-25,0.0,0.0,True
1994-11-21,142.55,12.7,10.714286,13.285714,8.685715,87.14286,0.5428571,0.5428571,0.7428571,10.085714,9.957143,0.0005938858,0.0022821575,-7.345365000000001e-25,1.8626451e-09,0.0,True
1994-11-28,142.56,8.1,8.6285715,10.228571,7.4428573,91.700005,0.21428573,0.20000002,0.35714287,10.185715,8.885715,0.0001880452,0.0025637746,-7.345365000000001e-25,0.0,0.0,True
1994-12-05,142.59,16.0,5.828572,8.728571,2.5571427,90.42857,0.2857143,0.27142856,0.35714287,10.314285,5.2714286,0.0019399524,0.004624985,-7.345365000000001e-25,3.7252903e-09,0.0,True
1994-12-12,142.74,15.5,8.985715,11.357142,6.5,80.814285,0.61428577,0.59999996,0.8142857,10.714286,7.242857,0.0015334338,0.0048675016,-7.345365000000001e-25,0.0,0.0,True
1994-12-19,142.72,5.6,4.414286,6.8857145,2.1285715,85.114296,0.31428576,0.3,0.35714287,10.171429,4.257143,0.00020723045,0.005705148,8.486566e-06,1.6208738e-05,2.5566667e-05,True
1994-12-26,142.64605908078215,1.6999999,1.4142857,2.9,0.014285718,79.27143,0.18571427,0.18571427,0.5428571,10.228572,1.1,4.9501657e-05,0.006484501,0.00040355182,7.624179e-05,0.0033663362,True
1995-01-02,142.73,17.5,6.7000003,9.028571,4.357143,81.24286,0.93999994,0.93999994,0.87142855,10.56,6.38,0.0011590719,0.0070739836,0.0008983669,0.0033639781,0.009145513,True
1995-01-09,142.71,9.3,-3.3142858,-0.6285715,-5.957143,84.85714,0.028571429,0.028571429,0.18571427,10.414286,-0.2,1.0460615e-05,0.008332022,0.010902258,0.00033587217,0.0076972544,True
1995-01-16,142.92,19.9,0.6571428,3.0428574,-1.5285715,83.07143,0.41428572,0.4,0.44285718,10.757143,0.114285715,0.0041646957,0.015589438,0.010142826,0.0135105755,0.007393215,True
1995-01-23,143.19,27.9,4.4,8.014286,0.82857144,80.64286,0.9,0.9,0.78571427,10.714286,2.1857142,0.0017758086,0.014922135,0.0043951557,0.0096684955,0.00011258572,True
1995-01-30,143.43,35.8,7.4857144,10.114286,3.757143,76.28571,1.3857143,1.357143,1.1,11.357142,5.9142857,0.007991798,0.028375588,0.00031287898,0.0016742405,0.0017003864,True
1995-02-06,143.28,1.9,5.457143,8.7,1.8285714,83.02857,0.48571426,0.47142857,0.5714286,10.5,4.2714286,0.00015228987,0.036158524,1.2931369e-05,3.0817464e-05,0.0,True
1995-02-13,143.2,17.2,8.042857,11.928572,4.585715,80.24286,0.94285715,0.9285714,0.95714283,10.257143,7.357143,0.00060996413,0.02681107,4.5980727e-07,4.1034073e-06,2.9467046e-06,True
1995-02-20,143.3,16.9,8.457143,11.285714,5.2714286,74.91429,1.1714286,1.1285715,1.2714285,10.657143,7.2714286,0.001127258,0.022396997,2.5544848e-06,1.4968216e-05,1.5899539e-05,True
1995-02-27,143.31,22.9,5.6285715,9.828572,2.3857143,73.91429,0.9714285,0.95714283,1.0571429,10.485714,5.6285715,0.0011781082,0.020088926,0.0004409268,0.0016892571,0.0030257143,True
1995-03-06,143.16,12.700001,5.585715,9.3714285,1.9142858,71.35714,1.1999999,1.1571429,1.2571429,10.171429,5.5571427,0.0003081262,0.017777912,0.00035091242,0.0015302673,0.0005107038,True
1995-03-13,143.1,2.9,5.471429,11.271429,0.3142857,69.78571,1.442857,1.3000001,1.4285715,9.928572,6.5857143,5.570054e-05,0.0158929,0.00032973857,0.000981465,0.0007585883,True
1995-03-20,143.5,59.699997,6.214286,9.6285715,3.0285716,74.442856,1.3142859,1.2571429,1.3428571,10.257143,6.714286,0.0028752089,0.014679238,0.00011461122,0.00047612004,0.0011770092,True
1995-03-27,143.37,21.5,6.471429,12.085714,1.957143,74.01429,1.3857143,1.3142856,1.4571428,10.385715,8.142858,0.0012187362,0.014803551,0.0005873499,0.0023967158,0.0023930445,True
1995-04-03,143.35,9.2,6.114286,10.685715,1.8571428,74.27143,1.6,1.5428572,1.6571429,10.285714,7.4714284,0.0015910715,0.015118472,0.0032494238,0.008809142,0.008649364,True
1995-04-10,143.18,0.3,10.485715,15.271429,6.571429,66.27143,1.9714286,1.6714286,2.3714287,9.528571,13.157143,5.2139163e-05,0.015620641,1.6161373e-05,0.00015159696,1.3098121e-05,True
1995-04-17,143.1057653207055,15.0,8.457143,12.585715,4.257143,71.8,1.6857141,1.4285716,1.7714285,9.0,11.157143,0.00015117228,0.0143011585,1.3169788e-06,1.1598691e-05,7.1041286e-06,True
1995-04-24,143.065,9.8,10.742857,15.400001,6.114286,78.21429,1.7285713,1.6000001,1.9428571,9.571428,12.614285,0.0008831918,0.01358185,1.4305115e-06,1.180172e-05,1.0084361e-05,True
1995-05-01,143.21611213827478,44.7,12.328572,16.385714,9.442858,85.957146,1.6857141,1.6142856,1.9428571,10.271428,15.357142,0.0033590943,0.013023794,-7.345365000000001e-25,0.0,0.0,True
1995-05-08,143.08499999999998,6.3,16.542858,24.214285,8.742857,63.37143,3.6142857,2.9,3.8428571,9.142858,20.2,1.5512109e-05,0.011351317,-7.345365000000001e-25,1.8626451e-09,0.0,True
1995-05-15,142.97,21.9,10.714286,15.67143,5.957143,68.54286,2.4142857,1.9142857,2.7285714,8.585714,16.085714,0.0005775392,0.010268807,-7.345365000000001e-25,2.4959445e-07,3.2782555e-07,True
1995-05-22,143.04,27.2,11.542857,16.571428,6.7571435,78.67143,2.2,2.0857143,2.5,9.9,15.028571,0.0022473708,0.010288395,-7.345365000000001e-25,7.8231096e-08,0.0,True
1995-05-29,143.09,46.2,17.642857,23.242859,12.17143,75.34286,2.9857142,2.614286,3.3857143,9.385715,21.214285,0.0007018596,0.008734703,-7.345365000000001e-25,0.0,0.0,True
1995-06-05,143.23832462360582,39.7,14.0,16.814287,11.828572,86.1,1.757143,1.7428571,2.0571427,10.571428,17.671429,0.0009200275,0.008251533,-7.345365000000001e-25,3.7252903e-09,0.0,True
1995-06-12,143.17,14.4,13.871429,17.714287,10.242858,76.200005,2.1285715,1.957143,2.7142856,10.057143,18.314285,0.00032424927,0.008064307,-7.345365000000001e-25,0.0,0.0,True
1995-06-19,143.17,36.5,15.142858,19.057144,11.557143,81.328575,2.2857144,2.2142856,2.542857,10.114285,17.785715,0.0005209595,0.007899635,-7.345365000000001e-25,0.0,0.0,True
1995-06-26,143.12,20.7,17.685715,22.542858,12.7,74.15715,3.142857,2.6571429,3.7,9.442857,21.714285,0.00010116398,0.007584378,-7.345365000000001e-25,3.7252903e-09,0.0,True
1995-07-03,142.95,15.299999,21.914288,28.2,15.357142,65.814285,4.4714284,3.4428573,5.1,8.142858,25.657143,9.23574e-05,0.0070242733,-7.345365000000001e-25,1.1175871e-08,0.0,True
1995-07-10,142.83,0.0,21.257143,27.37143,14.514287,70.37143,3.9142857,2.5,4.642857,7.542857,25.657143,3.1471252e-05,0.0063403323,-7.345365000000001e-25,7.450581e-09,0.0,True
1995-07-17,142.8,27.0,21.571428,27.34286,17.571428,77.65715,3.5571427,2.5857143,3.8999999,6.9714284,26.3,0.0023367107,0.0055917874,-7.345365000000001e-25,1.1175871e-08,0.0,True
1995-07-24,142.83,46.5,22.4,28.742857,16.785715,73.700005,3.7714286,2.6857142,4.442857,7.6571426,26.37143,0.0019838437,0.004937254,-7.345365000000001e-25,1.4901161e-08,0.0,True
1995-07-31,142.79,7.7999997,21.67143,27.742859,16.000002,74.814285,3.6285713,2.8142858,4.142857,8.085714,25.885714,0.00023323298,0.0043605193,-7.345365000000001e-25,1.1175871e-08,0.0,True
1995-08-07,142.65,9.900001,21.87143,28.714285,15.1,67.85714,3.6857145,2.4714284,4.3142858,6.9,26.542856,0.00011624396,0.003845811,-7.345365000000001e-25,0.0,0.0,True
1995-08-14,142.6,9.1,20.27143,25.014286,15.914286,78.84286,2.4142857,1.9428569,2.8857143,7.0571427,23.4,0.00010934472,0.0034352392,-7.345365000000001e-25,1.1175871e-08,0.0,True
1995-08-21,142.54,6.4,19.585714,25.942858,14.242858,75.3,2.8285716,2.0,3.642857,6.9857144,23.585714,0.00010724366,0.0030771792,-7.345365000000001e-25,5.5879354e-09,0.0,True
1995-08-28,142.52,44.600002,18.37143,23.1,15.1285715,80.4,2.142857,1.7999998,2.5285716,7.457143,21.357143,0.0024817884,0.0027737543,-7.345365000000001e-25,1.3038516e-08,0.0,True
1995-09-04,142.59,22.3,13.1,17.157145,10.1285715,79.57143,1.4857142,1.3857143,2.0285714,8.7,15.942857,0.00037392974,0.0025653318,-7.345365000000001e-25,3.7252903e-09,0.0,True
1995-09-11,142.6,9.5,15.528572,20.414288,11.300001,79.92857,1.6714286,1.5714285,2.0285714,8.928572,16.828571,0.0008663535,0.002405487,-7.345365000000001e-25,7.450581e-09,0.0,True
1995-09-18,142.71,28.499998,14.228572,19.057144,10.828572,82.42857,1.1999999,1.1571429,1.7142857,9.914286,16.842857,0.00062423944,0.0030040145,-7.345365000000001e-25,0.0,0.0,True
1995-09-25,142.84,50.7,12.857142,16.942858,9.714286,84.685715,0.9285714,0.88571423,1.3000001,10.314285,14.8714285,0.0005629957,0.002225615,-7.345365000000001e-25,1.8626451e-09,0.0,True
1995-10-02,142.81,16.6,11.528572,16.014286,7.471429,78.61428,1.0714285,1.0285715,1.5142858,10.185715,13.014286,0.00068724155,0.0021932349,-7.345365000000001e-25,3.7252903e-09,0.0,True
1995-10-09,142.84,13.1,15.742858,20.528574,12.242858,85.27143,0.9285715,0.8857144,1.2428571,10.242857,16.442858,0.00018817186,0.0022229254,-7.345365000000001e-25,7.450581e-09,0.0,True
1995-10-16,142.74,0.0,15.1285715,17.557142,13.157144,89.21429,0.54285717,0.4857143,0.8428572,9.8714285,16.457144,6.9215894e-06,0.002286002,-7.345365000000001e-25,1.8626451e-09,0.0,True
1995-10-23,142.68,1.3,11.114286,15.757143,7.2714286,81.22857,0.7142857,0.6,0.88571435,9.585714,13.057143,3.758073e-05,0.002311252,-7.345365000000001e-25,0.0,0.0,True
1995-10-30,142.71,31.400002,12.885715,16.657145,9.5,88.01429,0.5285715,0.4714286,0.7285714,9.671429,12.8,0.0002836436,0.0023062527,-7.345365000000001e-25,1.8626451e-09,0.0,True
1995-11-06,142.76,16.8,4.6857142,8.685715,1.9857143,80.814285,0.50000006,0.50000006,0.59999996,10.4,6.8142858,0.00046183914,0.0023149177,8.250986e-05,2.4443492e-05,0.00024129637,True
1995-11-13,142.66,0.1,5.7714286,9.242858,2.6857145,83.62858,0.29999998,0.2857143,0.42857143,10.142858,5.357143,9.506941e-06,0.0024159327,8.511543e-05,0.0002017282,3.6880374e-07,True
1995-11-20,142.92,27.4,6.057143,8.985715,3.2428572,84.614296,0.47142857,0.47142857,0.5714286,10.857142,6.0571427,0.002639465,0.00458283,0.00091204187,0.0017713383,0.0038154311,True
1995-11-27,142.91,6.3,3.4285715,6.714286,0.42857143,87.41429,0.21428573,0.20000002,0.22857143,10.357142,3.2857144,6.3717365e-05,0.0034667775,0.0009445633,0.0017858855,1.5720725e-06,True
1995-12-04,142.87,1.9,3.457143,5.457143,1.5142858,89.78571,0.18571432,0.15714288,0.2857143,10.257143,3.3285713,0.00023899227,0.0041770786,0.000102190745,0.00020963512,1.9282103e-05,True
1995-12-11,142.76,0.3,-1.1714286,0.31428573,-2.7285714,88.65715,0.028571429,0.028571429,0.27142856,10.2,0.057142857,2.875924e-06,0.0046298355,0.00013617107,9.8567456e-05,0.0001518894,True
1995-12-18,142.67,4.2000003,-0.11428571,1.9142858,-2.1285715,86.27143,0.10000001,0.08571429,0.35714287,10.2,-0.028571429,0.00017419457,0.004828535,0.0017832064,0.0012777504,0.0029484555,True
1995-12-25,143.20519552940058,47.0,6.3714285,8.971429,4.071429,91.057144,0.37142858,0.37142858,0.4857143,11.171429,2.8428571,0.0028568357,0.008061804,0.0005697523,0.0018664971,8.061156e-05,True
1996-01-01,143.17,3.5,-1.8714286,-0.04285713,-3.5714285,85.72858,0.016666668,0.016666668,0.25714287,10.883333,0.083333336,7.431954e-05,0.008316107,0.0010416281,0.00046671182,0.0013862364,True
1996-01-08,142.975,4.6,-0.18571432,1.7142857,-1.8714286,94.3,0.08571429,0.08571429,0.21428572,10.314285,-0.15714286,0.00011678785,0.009375803,0.000762491,0.00085173175,4.7374517e-05,True
1996-01-15,142.9,1.7,2.3714287,4.214286,0.7,95.74286,0.20000002,0.18571429,0.21428572,10.242857,0.8,5.541742e-05,0.009410776,0.00017272859,0.00033168495,0.0,True
1996-01-22,142.81,0.0,-0.8000001,0.8,-1.7714287,88.98572,0.014285714,0.014285714,0.32857147,10.2,0.25714287,9.983778e-07,0.009172827,3.176076e-05,3.5924837e-05,1.3038516e-07,True
1996-01-29,142.73,2.5,-1.4428571,0.24285714,-3.0857143,84.67143,0.014285714,0.0,0.3857143,10.114285,-0.35714287,2.913177e-05,0.008822925,0.00034687633,0.00031967834,0.000691317,True
1996-02-05,142.65,2.4,-1.2142857,2.6142857,-4.3428574,78.57143,0.20000002,0.18571429,0.41428572,10.142858,-0.5857143,0.00013025105,0.008396231,0.00055078097,0.00019977987,0.0009720363,True
1996-02-12,142.65,14.5,0.21428572,3.3285716,-2.4857142,81.41429,0.27142859,0.27142859,0.59999996,10.257143,-0.54285717,0.00054584444,0.007952519,0.0023280722,0.0033118762,0.0034892336,True
1996-02-19,142.89,28.0,2.5285716,4.914286,1.0142857,85.75715,0.59999996,0.61428565,0.59999996,10.757143,0.54285717,0.0018780902,0.009494938,0.00752713,0.011067973,0.013926484,True
1996-02-26,142.82,0.9,0.65714294,5.0142856,-2.9428573,70.22857,0.45714286,0.44285718,0.9142857,10.414286,0.55714285,8.776039e-05,0.00789623,0.0042929593,0.0035423245,0.0019613244,True
1996-03-04,142.75,0.4,2.3285713,7.585715,-1.7857143,72.21429,0.87142855,0.7428571,0.9714286,9.857142,3.5857143,4.9836934e-05,0.008024968,0.0011787585,0.0018473715,0.0020612665,True
1996-03-11,142.69,1.1,2.4285715,7.1714287,-1.7714285,67.22857,1.0142857,0.8428572,1.1999999,9.557143,3.2,5.2288175e-05,0.007905722,0.00086695806,0.0018878374,0.0005550049,True
1996-03-18,142.62,0.0,2.4714286,7.785714,-2.4,69.75714,0.8428572,0.6571428,1.2857143,9.142858,4.5857143,9.3355775e-06,0.007661365,0.00014636063,0.00027778,8.7004155e-05,True
1996-03-25,142.66,15.4,9.928572,15.885715,4.928571,78.67143,1.2571429,1.1714286,1.5571429,9.042857,10.671429,0.00025480986,0.00730709,1.7256964e-06,1.0546297e-05,0.0,True
1996-04-01,142.65,10.5,4.1714287,9.328572,0.7,73.61428,1.4857142,1.3428572,1.4285715,9.1285715,8.0,0.00022372603,0.006920062,0.0007661581,0.001586346,0.0025659688,True
1996-04-08,142.46050474404862,0.6,5.9857144,11.300001,1.4142857,70.51429,1.5857141,1.2571429,1.8428571,8.7,8.3714285,4.810095e-05,0.006543502,0.00047875586,0.0013803374,0.00062447414,False
1996-04-15,142.315,16.6,8.071428,13.057143,3.7142856,70.87144,1.6857141,1.4,2.0285714,8.457143,11.4,0.00014811754,0.0061282367,1.1438415e-05,8.060783e-05,7.840991e-05,True
1996-04-22,142.25,0.0,14.757143,22.514286,6.585715,54.342857,3.2285714,2.2857144,3.642857,7.7,16.385714,1.7136335e-06,0.005654253,4.995437e-07,4.8689544e-06,0.0,True
1996-04-29,142.23,15.7,14.057143,19.128572,8.971429,68.700005,2.5571427,1.8714286,2.9142857,6.9428573,16.928572,0.00012341142,0.005141124,-7.345365000000001e-25,0.0,0.0,True
1996-05-06,142.22,19.8,11.800001,17.642857,7.0285716,73.314285,2.357143,1.942857,2.7428572,7.4142857,15.728572,0.00036093593,0.00468982,-7.345365000000001e-25,0.0,0.0,True
1996-05-13,142.13,18.0,10.800001,13.871429,8.285714,81.57143,1.442857,1.1714286,1.7571429,7.5571427,13.642858,0.0002642423,0.004297763,-7.345365000000001e-25,0.0,0.0,True
1996-05-20,142.4,45.100002,12.985715,17.5,10.028572,88.15715,1.7428571,1.6571429,2.0142858,8.171429,16.0,0.0011633188,0.0041699037,-7.345365000000001e-25,7.450581e-09,0.0,True
1996-05-27,142.73077772001355,57.800003,14.257143,18.285715,10.17143,79.200005,2.4857142,2.3142855,2.4857142,8.785714,16.971428,0.0005374253,0.0037755445,-7.345365000000001e-25,3.7252903e-09,0.0,True
1996-06-03,142.70499999999998,29.3,16.085714,21.557142,10.614286,71.61429,2.9571424,2.5714283,3.6285713,8.714286,19.942858,0.0025627762,0.0042625815,-7.345365000000001e-25,0.0,0.0,True
1996-06-10,142.8,18.7,21.385715,28.114286,14.557143,72.0,3.942857,3.1000001,4.8285713,8.142858,25.214285,5.5536628e-05,0.0033786893,-7.345365000000001e-25,7.450581e-09,0.0,True
1996-06-17,142.5,3.4,19.142857,25.142857,12.785714,61.600002,4.4999995,2.7285714,5.1714287,7.385714,25.22857,1.1473894e-05,0.003143981,-7.345365000000001e-25,0.0,0.0,True
1996-06-24,142.41,36.899998,15.285714,19.814287,11.085715,73.07143,2.7857144,1.9428571,3.0714285,7.0857143,19.971428,0.00037138164,0.00289578,-7.345365000000001e-25,0.0,0.0,True
1996-07-01,142.28,8.1,16.457144,21.685715,11.6,71.14286,3.0285716,2.3285713,3.5428574,6.9428573,20.27143,0.00011307001,0.002704747,-7.345365000000001e-25,7.450581e-09,0.0,True
1996-07-08,142.53,55.600002,16.671429,21.442858,12.742858,74.942856,2.6714284,2.2571428,3.2,7.214286,19.314285,0.0014781803,0.0029486865,-7.345365000000001e-25,7.450581e-09,0.0,True
1996-07-15,142.45,10.1,18.785715,24.042858,12.971429,75.5,3.2285712,2.6571429,3.885714,8.471429,22.114286,0.00023508072,0.0024007857,-7.345365000000001e-25,7.450581e-09,0.0,True
1996-07-22,142.25,0.0,17.442858,23.885715,10.442858,60.328575,4.1857142,2.4857142,4.8428574,7.2,23.785715,5.9604645e-08,0.0022560358,-7.345365000000001e-25,0.0,0.0,True
1996-07-29,142.19,9.8,19.957144,26.100002,14.157144,71.057144,3.3999999,2.4285715,4.085714,6.7714286,23.62857,0.000121340156,0.0020977184,-7.345365000000001e-25,7.450581e-09,0.0,True
1996-08-05,142.09,1.6,19.97143,26.285715,13.871429,68.828575,3.385714,2.0142858,4.0285716,6.3285713,23.757143,2.655387e-05,0.0019486547,-7.345365000000001e-25,5.5879354e-09,0.0,True
1996-08-12,142.05,29.199999,19.742859,25.585714,15.485715,77.18572,2.6857145,2.1,3.2285714,6.8,23.057142,0.00030308962,0.0018087998,-7.345365000000001e-25,5.5879354e-09,0.0,True
1996-08-19,142.08,7.8999996,18.728573,24.142857,13.885715,77.65715,2.6000001,1.9571427,3.1142857,7.1857142,21.471428,0.0001654476,0.0016966313,-7.345365000000001e-25,9.313226e-09,0.0,True
1996-08-26,142.16,28.6,19.514286,25.300001,14.985715,74.52857,2.3714287,1.7714287,3.2142856,6.571429,22.857143,0.0002796948,0.0015832856,-7.345365000000001e-25,7.450581e-09,0.0,True
1996-09-02,142.08,21.6,15.257143,19.957144,11.828572,75.957146,1.9285713,1.6142857,2.5571427,7.071429,18.285715,0.00015033782,0.0014918298,-7.345365000000001e-25,7.450581e-09,0.0,True
1996-09-09,142.1,0.4,13.900001,20.657145,8.271429,70.25715,2.0142856,1.3714286,2.6285713,6.6714287,17.842857,4.991889e-06,0.0014083087,-7.345365000000001e-25,3.7252903e-09,0.0,True
1996-09-16,142.12,14.700001,12.300001,16.957144,8.385715,80.042854,1.2571429,0.9714286,1.7142857,6.285714,15.085714,0.00021648407,0.0013325363,-7.345365000000001e-25,1.8626451e-09,0.0,True
1996-09-23,142.16,27.0,11.214286,15.085715,7.4857144,83.8,1.042857,0.7428571,1.4285715,6.642857,13.642858,0.00025374442,0.0012713522,-7.345365000000001e-25,1.8626451e-09,0.0,True
1996-09-30,142.18,6.3,12.714286,18.457144,7.814286,78.52857,1.0571429,0.84285706,1.7428571,7.6,13.442857,0.00011512637,0.0012226254,-7.345365000000001e-25,1.8626451e-09,0.0,True
1996-10-07,142.25,20.9,10.985715,15.67143,7.1857147,82.78571,0.8142857,0.7285714,1.2571429,7.8714285,12.142858,0.00014874339,0.0011777654,-7.345365000000001e-25,1.8626451e-09,0.0,True
1996-10-14,142.15,0.0,11.942857,16.242857,8.442858,88.74286,0.59999996,0.44285712,0.9142857,8.0,12.642858,1.0848045e-05,0.0011438653,-7.345365000000001e-25,1.8626451e-09,0.0,True
1996-10-21,142.39,60.8,10.914286,14.542857,7.9000006,88.22858,0.71428573,0.67142856,0.87142855,9.528571,11.385715,0.0023741573,0.0027560368,-7.345365000000001e-25,3.7252903e-09,0.0,True
1996-10-28,142.42,2.5,10.228572,15.571428,5.514286,80.457146,0.78571427,0.7285714,1.0142857,9.914286,10.571428,2.2768974e-05,0.0011166856,-7.345365000000001e-25,3.7252903e-09,0.0,True
1996-11-04,142.49,8.7,10.599999,14.842857,7.1,76.88572,0.87142855,0.8,1.0857142,9.685715,9.8,0.00035735965,0.0011363402,-7.345365000000001e-25,5.5879354e-09,0.0,True
1996-11-11,142.7,29.7,9.585715,12.457144,7.085715,82.11428,0.68571436,0.68571436,0.9857143,10.228572,8.542857,0.0044817924,0.0048666,-7.345365000000001e-25,3.7252903e-09,0.0,True
1996-11-18,142.96,54.7,5.4,6.857143,4.2,88.64286,0.24285714,0.22857144,0.4857143,10.971429,6.0857143,0.0015183538,0.002942942,0.00052744435,0.00045366026,0.012331944,True
1996-11-25,143.05,19.7,3.057143,5.714286,0.51428574,84.61428,0.5142857,0.5142857,0.5714286,10.728572,2.857143,0.0010303408,0.0027412623,0.004293374,0.014158191,0.0043350533,True
1996-12-02,143.27,31.0,3.757143,5.6285715,2.3142858,86.21429,0.41428572,0.41428572,0.5,10.8714285,2.7285714,0.002408266,0.0043128356,0.0035528059,0.008360216,0.008454468,True
1996-12-09,143.14,0.2,2.7285714,4.8285713,0.8142857,86.90001,0.18571429,0.15714286,0.3857143,10.3714285,1.9571428,0.0001065135,0.0073665157,0.0008722373,0.001662001,1.212582e-05,True
1996-12-16,143.03,3.8999999,1.8142856,3.9142857,-0.18571427,91.44286,0.12857142,0.12857142,0.27142859,10.328571,0.32857144,0.00023402274,0.0086793825,0.00043046474,0.0005012769,0.00047159195,True
1996-12-23,143.22,38.699997,3.8,6.428571,1.2714285,93.57143,0.12857144,0.12857144,0.2857143,10.885715,2.2428572,0.0015007555,0.011211492,0.00022604919,0.00045795552,0.0038510486,True
1996-12-30,142.97,5.7,-8.171429,-5.657143,-10.3714285,83.700005,0.0,0.0,0.18571427,10.757143,-0.8,1.4156103e-07,0.0151605755,0.0044466085,0.0,0.0044510886,True
1997-01-06,143.04,4.4,-7.057143,-5.371429,-9.042857,90.6,0.0,0.0,0.20000002,10.5,-0.1,2.0936131e-06,0.015018277,0.01015683,2.6719645e-05,0.0057693534,True
1997-01-13,142.87,0.1,-4.1714287,-2.8,-5.071429,89.32857,0.0,0.0,0.24285714,10.3,0.014285714,4.7005713e-05,0.013618819,0.012483665,0.0018837377,0.0005589947,True
1997-01-20,142.8,10.9,-3.6571429,-1.1571429,-6.514286,96.38572,0.042857144,0.042857144,0.17142858,10.3714285,0.057142857,0.00033602118,0.0121768415,0.0071019107,0.008004358,0.0,True
1997-01-27,143.02,11.1,3.1571429,5.8285713,1.1142857,95.62858,0.14285715,0.12857144,0.25714287,10.428572,0.67142856,0.00025500357,0.011007518,0.0011904297,0.0029719397,0.0007453859,True
1997-02-03,142.91,0.0,-0.5285714,2.3857143,-3.1142857,88.44286,0.22857143,0.22857143,0.31428573,10.228572,0.25714287,1.9013882e-05,0.01020617,0.000708756,0.00085517764,0.00027736276,True
1997-02-10,142.85,3.6,4.7428575,10.3,-0.42857146,73.91429,0.8142857,0.8000001,0.85714287,10.142858,2.6,0.0001334399,0.009513043,0.00016531491,0.0004435666,3.3572316e-05,True
1997-02-17,143.05,25.800001,6.2571425,9.871429,2.8714287,78.24286,1.0857142,1.0571429,1.0285714,10.642858,5.614286,0.0023379847,0.00974492,0.00017823491,0.000514362,0.00071774796,True
1997-02-24,143.03,6.0,9.014286,12.528572,5.2428575,69.51429,1.3714286,1.3142856,1.5714285,10.328571,6.785714,0.00046414137,0.008831464,3.766446e-05,0.00026676618,4.87417e-05,True
1997-03-03,143.1,19.7,10.099999,14.8714285,6.2285714,71.442856,1.6142856,1.557143,1.6428572,10.571428,9.1,0.0021119118,0.010221496,6.6246307e-06,2.8567389e-05,2.9243529e-05,True
1997-03-10,143.0,7.5,8.714286,14.814285,3.957143,79.9,1.1428572,1.0428572,1.2428571,10.028571,9.785714,5.4508448e-05,0.009627938,7.379623e-08,8.698553e-07,0.0,True
1997-03-17,142.87,4.6,9.8,14.942858,5.2999997,79.37142,1.2428571,1.0142857,1.3857143,9.457143,10.428572,0.00017040968,0.009356149,-7.345365000000001e-25,3.7252903e-09,0.0,True
1997-03-24,142.85,10.6,6.4428573,10.900001,3.0142858,80.65715,1.2142857,1.0714287,1.1999999,9.271428,8.142858,0.0004749149,0.0089779645,2.3455847e-05,8.512288e-05,9.474531e-05,True
1997-03-31,142.8348168775759,6.5,8.571428,12.485715,4.542857,76.85714,1.4857142,1.3857143,1.5714285,9.314285,9.785714,0.0008574873,0.008766882,5.58013e-06,3.36729e-05,2.6218593e-05,True
1997-04-07,142.805,4.8,9.085714,15.057143,3.1857145,63.100002,2.3142858,1.9857142,2.4428573,8.857142,11.242857,0.00019484758,0.00844501,1.2885956e-06,1.0821968e-05,8.367002e-06,True
1997-04-14,142.71,0.1,8.557143,15.257143,0.9142857,59.485714,2.3285713,1.8000001,2.5,8.285714,11.8,2.82228e-05,0.0080180615,6.414595e-07,2.766028e-06,3.002584e-06,True
1997-04-21,142.65,0.8,6.571429,12.742858,0.9142857,60.31429,2.3999999,1.6857145,2.6000001,7.5857143,11.957143,4.762411e-05,0.007474847,4.898934e-06,2.849102e-05,3.8325787e-05,True
1997-04-28,142.65,25.2,11.085715,16.77143,4.785714,65.5,2.4285715,1.7857144,2.6714287,7.1285715,13.757143,0.0003376156,0.0068392605,1.2091228e-06,7.845461e-06,0.0,True
1997-05-05,142.65,30.3,14.300001,19.857143,9.242858,73.61428,2.7571428,2.242857,3.0857143,7.5,16.3,0.00045216084,0.006290339,-7.345365000000001e-25,3.7252903e-09,0.0,True
1997-05-12,142.72,33.4,11.285714,15.885715,7.5,76.442856,2.3714287,2.1857142,2.5,7.785714,14.157143,0.0005161688,0.005851947,7.0957913e-06,4.8983842e-05,4.8831105e-05,True
1997-05-19,142.67237044954447,6.3999996,18.214285,24.17143,12.400001,76.77143,3.0285714,2.4285715,3.6285717,7.6857142,21.22857,0.002610594,0.0054834858,-7.345365000000001e-25,1.1175871e-08,0.0,True
1997-05-26,142.63,11.5,14.714286,19.985716,10.1,68.35714,3.157143,2.542857,3.5285716,7.6857142,18.614286,0.00013257563,0.005155012,-7.345365000000001e-25,3.7252903e-09,0.0,True
1997-06-02,142.52,4.0,14.514287,19.742859,7.857143,55.47143,4.0571427,2.2714286,4.4714284,6.614286,19.671429,7.644296e-06,0.0047790483,-7.345365000000001e-25,0.0,0.0,True
1997-06-09,142.45,25.3,19.042858,24.885715,13.6,76.71429,3.4571424,2.0428572,3.7999997,6.3142858,22.742857,0.00031010807,0.0043856055,-7.345365000000001e-25,3.7252903e-09,0.0,True
1997-06-16,142.49,39.9,19.242857,24.542858,14.8,77.057144,3.3428574,2.8285716,3.7142856,6.957143,23.3,0.0006221533,0.0039887354,-7.345365000000001e-25,3.7252903e-09,0.0,True
1997-06-23,142.65,48.7,15.214286,19.7,11.971429,81.15715,2.4714284,2.3714287,2.7,8.228572,19.042856,0.0009737313,0.0036625043,-7.345365000000001e-25,7.450581e-09,0.0,True
1997-06-30,142.8,28.5,15.800001,20.17143,12.300001,82.22858,2.4142857,2.3142855,2.7285714,9.814285,18.971428,0.0023645014,0.0035230964,-7.345365000000001e-25,7.450581e-09,0.0,True
1997-07-07,142.71,17.7,16.228573,20.657145,12.857142,82.84286,2.4285715,2.2857146,2.8,9.885715,19.9,0.0029129237,0.0033076927,-7.345365000000001e-25,0.0,0.0,True
1997-07-14,142.63,8.1,19.942858,26.085714,13.685715,72.92857,3.6571429,2.9285715,4.3285713,8.928572,24.3,9.3623996e-05,0.003253445,-7.345365000000001e-25,3.7252903e-09,0.0,True
1997-07-21,142.7,29.1,17.9,23.142857,13.5,80.457146,2.5857143,2.3142855,3.0571427,8.942857,21.971428,0.00041374564,0.0031259283,-7.345365000000001e-25,7.450581e-09,0.0,True
1997-07-28,142.6,16.2,19.885714,25.242859,14.914286,74.22858,3.3285713,2.885714,3.8,8.9,23.62857,0.00027751178,0.0030082017,-7.345365000000001e-25,1.1175871e-08,0.0,True
1997-08-04,142.52,10.0,19.085714,24.071428,14.357142,78.32857,2.642857,2.0857143,3.2285714,8.257143,23.2,0.00010715425,0.0028737336,-7.345365000000001e-25,3.7252903e-09,0.0,True
1997-08-11,142.59,44.399998,21.728573,28.328571,16.1,77.40001,3.5,2.5285716,3.8857143,7.5571427,25.5,9.530783e-05,0.0027332976,-7.345365000000001e-25,7.450581e-09,0.0,True
1997-08-18,142.46,0.0,21.685715,28.385715,15.971429,75.35714,3.142857,1.7142856,3.8857143,6.9714284,26.114286,2.3148954e-05,0.0025457814,-7.345365000000001e-25,5.5879354e-09,0.0,True
1997-08-25,142.4,0.0,22.614286,30.2,15.942858,70.22857,3.0142856,1.3142856,3.957143,6.3714285,26.157143,4.7385693e-06,0.0023507997,-7.345365000000001e-25,7.450581e-09,0.0,True
1997-09-01,142.42,21.699999,19.5,24.87143,15.242858,81.200005,2.1,1.5714285,2.7571428,6.9428573,22.285715,0.00021614134,0.0021765083,-7.345365000000001e-25,1.4901161e-08,0.0,True
1997-09-08,142.38,17.4,18.128572,23.142857,14.414286,83.314285,1.8428571,1.4428571,2.2857144,7.257143,21.72857,0.00022482872,0.0020440742,-7.345365000000001e-25,0.0,0.0,True
1997-09-15,142.36,20.0,14.400001,21.128572,8.528571,77.77143,1.9857142,1.5857143,2.4142857,7.242857,18.385714,0.00019438565,0.0019125938,-7.345365000000001e-25,5.5879354e-09,0.0,True
1997-09-22,142.31,0.0,15.257143,22.84286,8.428572,76.6,1.7857143,1.1714286,2.3857143,7.071429,18.3,1.9460917e-05,0.0017905459,-7.345365000000001e-25,1.8626451e-09,0.0,True
1997-09-29,142.26,0.0,14.2,22.114286,7.214286,76.828575,1.5142858,0.7428571,2.1,6.614286,17.185715,1.4901161e-08,0.00167647,-7.345365000000001e-25,3.7252903e-09,0.0,True
1997-10-06,142.23,0.0,14.900001,21.628572,9.242858,74.44286,1.3571428,0.68571424,1.9,6.0857143,17.085714,1.6957521e-05,0.0015770122,-7.345365000000001e-25,3.7252903e-09,0.0,True
1997-10-13,142.31,33.8,15.071428,18.757143,12.242858,78.0,1.3000001,1.0714285,1.7285715,6.8428574,15.457143,0.0020032227,0.0014927909,-7.345365000000001e-25,1.3038516e-08,0.0,True
1997-10-20,142.35,14.400001,9.057143,11.771429,6.8428574,92.328575,0.51428574,0.48571426,0.6571428,8.642858,10.857142,0.0002572462,0.0014390126,8.0608186e-07,5.4817647e-06,5.32344e-06,True
1997-10-27,142.3,0.0,5.3142858,9.814286,1.8714286,81.314285,0.5428571,0.45714286,0.7,8.5,7.4857144,8.46386e-06,0.0014005974,-7.345365000000001e-25,5.5879354e-09,0.0,True
1997-11-03,142.25,0.0,1.6571429,7.214286,-2.9428573,75.34286,0.61428577,0.47142857,0.8428572,8.214286,4.0571427,5.9604645e-08,0.0013675988,-7.345365000000001e-25,0.0,0.0,True
1997-11-10,142.28,32.3,8.771429,11.842857,5.328572,87.32857,0.6,0.5857143,0.7285714,9.085714,7.785714,0.0005262643,0.0013399869,-7.345365000000001e-25,0.0,0.0,True
1997-11-17,142.3,18.800001,6.5,9.342857,4.0142856,89.24286,0.28571433,0.2857143,0.44285718,9.942857,6.5571427,0.0003899336,0.0013266206,-7.345365000000001e-25,0.0,0.0,True
1997-11-24,142.3,7.2999997,3.1714287,6.542857,0.25714284,90.02857,0.2857143,0.27142859,0.3,9.928572,3.7714286,7.861853e-05,0.0013405755,-7.345365000000001e-25,2.2351742e-08,2.4586916e-07,True
1997-12-01,142.27,11.1,4.8,7.2714286,2.3285713,91.01428,0.2857143,0.2857143,0.37142858,9.942857,4.8,0.0003049001,0.0013695136,1.4759246e-07,5.699694e-07,1.9595027e-06,True
1997-12-08,142.32,8.7,0.64285713,2.642857,-1.2428572,92.77143,0.14285715,0.14285715,0.20000002,10.157143,0.9,0.000121705234,0.0014241785,0.0044936226,0.0023841225,0.0065555945,True
1997-12-15,142.66,33.3,6.3,8.400001,4.142857,86.34286,0.48571426,0.45714286,0.62857145,10.585714,4.4857144,0.0039678216,0.00408341,0.0008375985,0.0043217354,0.0011466742,True
1997-12-22,143.02,47.7,1.2285715,2.8285716,-0.67142856,92.12858,0.08571429,0.071428575,0.27142859,10.885715,0.3857143,0.0033639818,0.0070886463,0.0020453702,0.001974307,0.007403616,True
1997-12-29,143.03,9.099999,7.071429,9.614286,4.6714287,86.14286,0.54285717,0.54285717,0.62857145,10.757143,4.957143,0.0007094592,0.005093187,0.0013769808,0.006998714,6.295368e-05,True
1998-01-05,142.99,12.9,7.585714,10.371429,4.4,75.942856,0.15,0.15,1.0142857,10.4,2.4,0.0012291223,0.007080488,1.4254025e-05,5.5951998e-05,9.763986e-06,True
1998-01-12,142.93,2.1999998,6.5285716,10.728572,3.2714288,78.74286,0.6571428,0.64285713,0.67142856,10.285714,4.9428573,6.514788e-05,0.008574426,6.6416607e-07,6.1281025e-06,2.283603e-06,True
1998-01-19,142.9,17.1,5.5285716,8.814286,2.3999999,83.057144,0.5285715,0.5285715,0.59999996,10.3714285,3.8428571,0.0026297718,0.0095383525,1.0200909e-05,5.0695613e-05,0.00013552979,True
1998-01-26,142.94,9.099999,0.58571434,2.4428573,-0.67142856,83.08572,0.25714287,0.25714287,0.44285712,10.6,0.8,0.00014728308,0.01026693,0.005319181,0.0015761498,0.0078884065,True
1998-02-02,142.82,0.3,-3.4428573,-0.7571429,-5.957143,84.07143,0.042857144,0.028571429,0.31428573,10.242857,-1.1142857,3.761053e-05,0.011082366,0.0048063085,0.0015704818,2.2109598e-05,True
1998-02-09,142.72,0.9,-0.35714284,5.285714,-5.371429,79.77143,0.4714286,0.44285712,0.45714286,10.071428,-1.1,6.952882e-05,0.010885537,0.0026563406,0.0025401488,4.5403838e-05,True
1998-02-16,142.68,0.3,7.0285716,14.714286,0.27142856,74.11428,0.91428566,0.7714286,1.0142858,9.7,3.5428572,3.3706427e-05,0.010387227,0.00034659816,0.0011683516,0.0,True
1998-02-23,142.85,29.199999,7.5,12.771429,3.1571429,81.77143,0.8571428,0.68571424,0.88571423,9.585714,6.7,0.00055807084,0.010605857,2.100354e-06,1.1984259e-05,4.0233135e-07,True
1998-03-02,142.83,6.3999996,7.2000003,10.857142,3.5285716,80.314285,0.9714286,0.9142857,1.0428572,10.057143,6.928571,0.00014592707,0.00918673,5.7731354e-06,1.9587576e-05,3.168732e-05,True
1998-03-09,142.89,16.6,9.314285,13.542857,5.8285713,61.257145,1.9714286,1.8714286,2.4142857,10.028571,7.8,0.002767399,0.009231277,3.058002e-05,3.8491562e-05,0.0002509132,True
1998-03-16,142.88,9.9,4.9000006,7.6714287,2.0857143,79.42857,0.7714286,0.7428571,0.9285714,10.271428,6.1,0.00054346025,0.0086750835,9.240991e-05,0.0002512075,4.903972e-05,True
1998-03-23,142.83,15.700001,5.728572,9.785714,2.4285715,72.92857,1.2285715,1.1571428,1.3142856,10.042857,7.6857142,0.00032156706,0.008739442,1.3249261e-05,4.4232234e-05,0.00026771054,True
1998-03-30,142.84,0.0,8.342857,15.157144,2.1857142,66.057144,1.8714286,1.5857143,2.0857143,9.771428,9.757143,8.776784e-06,0.0086274445,6.9283305e-05,0.0002361536,2.259016e-05,True
1998-04-06,142.8,23.199999,12.728572,18.557144,8.157143,71.057144,1.8428571,1.7285713,2.3,9.585714,12.985714,0.0004605651,0.008282259,-7.345365000000001e-25,5.699694e-07,1.527369e-07,True
1998-04-13,143.15047058710817,49.4,7.4857144,11.471429,4.3142858,82.15715,1.542857,1.5285714,1.5571429,10.571428,10.242857,0.00078734756,0.009157926,0.00016605287,0.00066294335,0.0021135285,False
1998-04-20,143.08,14.2,6.957143,11.7,2.7142856,75.72858,1.5857142,1.5571429,1.7714285,10.485714,9.042857,0.00042411685,0.007835157,0.00032587847,0.0014454052,3.928691e-05,True
1998-04-27,143.07,28.800001,13.985715,19.957142,8.928572,75.37144,2.4,2.1714284,2.6857142,9.985714,16.142857,0.0015333444,0.008564815,3.803344e-07,4.224479e-06,0.0,True
1998-05-04,142.99,11.799999,11.7,15.742857,8.085714,80.38572,1.7571429,1.6142857,2.0714285,10.085714,14.528571,0.0008735657,0.008664072,-7.345365000000001e-25,0.0,0.0,True
1998-05-11,142.82,1.1,16.328571,23.1,8.771429,65.12858,3.0857146,2.4857142,3.8714287,9.4,18.914286,4.0769577e-05,0.008652985,-7.345365000000001e-25,3.7252903e-09,0.0,True
1998-05-18,142.7,0.0,18.157145,24.671429,11.057143,58.885715,4.242857,2.8142855,4.785714,7.8,22.285715,7.584691e-06,0.008135825,-7.345365000000001e-25,3.7252903e-09,0.0,True
1998-05-25,142.6,4.4,14.642858,20.128572,8.257143,63.57143,3.014286,1.3142856,3.542857,6.885714,19.957144,2.476573e-05,0.0073302686,-7.345365000000001e-25,0.0,0.0,True
1998-06-01,142.637674502263,31.7,16.6,21.757143,11.842857,75.02857,2.8,2.1142857,3.2714286,6.957143,20.242857,0.0037521124,0.0065567642,-7.345365000000001e-25,0.0,0.0,True
1998-06-08,142.61,41.0,20.385715,26.742859,14.985715,72.44286,3.5714285,2.7857144,4.1714287,7.385714,24.2,0.00033038855,0.005792521,-7.345365000000001e-25,7.450581e-09,0.0,True
1998-06-15,142.66,53.3,14.757143,18.800001,11.214286,78.44286,2.4857142,2.2714286,2.8428571,8.485714,18.757143,0.0011390448,0.005193025,-7.345365000000001e-25,3.7252903e-09,0.0,True
1998-06-22,142.6,6.5,18.97143,24.642857,13.2,69.57143,3.6571426,2.9428573,4.342857,8.157143,22.642857,0.00011335313,0.0047412813,-7.345365000000001e-25,7.450581e-09,0.0,True
1998-06-29,142.53,23.9,19.542858,24.985716,14.828572,72.35715,3.5571427,2.542857,4.0571427,7.114286,24.542856,0.00014090538,0.0042842105,-7.345365000000001e-25,0.0,0.0,True
1998-07-06,142.45,4.3,17.942858,22.857143,13.871429,74.02857,2.8142858,1.7857144,3.2428572,7.0285716,22.042856,4.208088e-05,0.0038909987,-7.345365000000001e-25,7.450581e-09,0.0,True
1998-07-13,142.38,6.3,17.428572,22.47143,13.6285715,72.84286,2.5142858,1.8571428,2.9285715,6.3,19.757143,0.00011995435,0.0035476312,-7.345365000000001e-25,3.7252903e-09,0.0,True
1998-07-20,142.34,10.7,18.942858,24.142857,13.585715,73.14286,3.2714286,2.2714286,3.7285712,5.9857144,21.62857,0.0001270771,0.0032336265,-7.345365000000001e-25,3.7252903e-09,0.0,True
1998-07-27,142.31,7.3,21.014286,26.957144,15.7,73.37144,3.4,2.057143,3.8,5.5285716,24.985714,3.1366944e-05,0.002903618,-7.345365000000001e-25,7.450581e-09,0.0,True
1998-08-03,142.34,26.8,18.028572,22.800001,14.5,80.35714,2.5857143,1.9857142,2.7714286,6.042857,21.328571,0.00037419796,0.0026380196,-7.345365000000001e-25,5.5879354e-09,0.0,True
1998-08-10,142.26,0.1,21.957144,29.357143,14.514287,68.200005,3.6857142,2.1,4.542857,5.8,25.22857,1.013279e-06,0.002395153,-7.345365000000001e-25,5.5879354e-09,0.0,True
1998-08-17,142.19,4.5,22.600002,30.428572,15.371429,64.34286,3.6000001,1.3857143,4.414286,5.5,26.071428,1.7911196e-05,0.0021326914,-7.345365000000001e-25,3.7252903e-09,0.0,True
1998-08-24,142.2,33.8,18.328571,23.5,14.271429,75.14286,2.5571427,1.4571428,2.8285716,5.5285716,21.528572,0.00023965538,0.0019148961,-7.345365000000001e-25,1.1175871e-08,0.0,True
1998-08-31,142.12,0.0,14.242857,19.657145,9.314286,71.057144,2.0142858,1.3571428,2.642857,5.9142857,18.257143,6.198883e-06,0.0017603859,-7.345365000000001e-25,0.0,0.0,True
1998-09-07,142.2,30.9,17.300001,21.557144,13.528572,83.37144,1.5285712,1.3714285,1.8571428,6.357143,18.9,0.002300024,0.001627706,-7.345365000000001e-25,7.450581e-09,0.0,True
1998-09-14,142.26,39.0,15.057143,18.9,12.071428,82.62858,1.6142857,1.5285715,1.9142857,8.071428,16.87143,0.00049194694,0.0015222803,-7.345365000000001e-25,7.450581e-09,0.0,True
1998-09-21,142.27,5.6,12.8714285,17.671429,8.8714285,76.471436,1.5714284,1.4714286,1.9571428,9.2,14.385715,0.00023843348,0.0014497414,-7.345365000000001e-25,1.3038516e-08,0.0,True
1998-09-28,142.21,15.700001,14.571428,19.928572,10.085714,83.557144,1.3000001,1.1,1.7428571,8.857142,16.5,5.2154064e-05,0.0013889,-7.345365000000001e-25,5.5879354e-09,0.0,True
1998-10-05,142.24,25.0,11.514285,14.585715,9.328572,91.3,0.55714285,0.54285717,0.90000004,9.457143,13.714286,0.00030586123,0.0013428405,-7.345365000000001e-25,1.8626451e-09,0.0,True
1998-10-12,142.23,15.5,11.071428,13.342857,9.185715,85.97143,0.7285714,0.7285714,0.9285714,10.157143,11.942857,0.0003613755,0.0013108477,-7.345365000000001e-25,3.7252903e-09,0.0,True
1998-10-19,142.26,16.9,11.857142,15.6,8.714286,84.114296,0.8285714,0.8285714,1.1142857,10.1285715,12.3714285,0.0016722381,0.0012917966,-7.345365000000001e-25,5.5879354e-09,0.0,True
1998-10-26,142.36,29.300001,11.085715,15.400001,6.9857144,74.814285,1.0000001,0.9714286,1.4,10.542857,10.1,0.0014474243,0.0023884699,-7.345365000000001e-25,2.6077032e-08,2.2351742e-08,True
1998-11-02,142.91,61.100002,9.514285,13.0,5.785714,79.52857,1.1857144,1.1857144,1.2714285,11.557143,9.071428,0.012245551,0.011164956,8.0608186e-07,7.607043e-06,7.4394047e-06,True
1998-11-09,142.91,18.3,7.714286,10.5,4.4,81.557144,0.5714286,0.5714286,0.85714287,10.928572,7.257143,0.000452891,0.0039680153,2.1571205e-07,1.2721866e-06,1.1716038e-06,True
1998-11-16,143.16,36.3,5.4,7.8,3.1285713,87.71429,0.42857146,0.42857146,0.5285714,10.942857,5.9857144,0.0022830367,0.006809987,4.580475e-05,0.00016339496,0.0004662238,True
1998-11-23,143.01,1.1,-2.457143,0.4857143,-5.0,81.91429,0.08571429,0.08571429,0.3,10.557143,0.41428572,6.1169267e-06,0.008419529,0.0022726853,0.00011617504,0.0029707812,True
1998-11-30,142.93,9.3,0.44285718,2.0285714,-1.5714285,88.98572,0.114285715,0.114285715,0.3285714,10.428572,-0.18571429,0.00018425286,0.009483591,0.004730264,0.0028938856,0.008109003,True
1998-12-07,142.83,9.0,-0.29999998,1.0714285,-1.6428572,86.4,0.12857144,0.12857144,0.44285718,10.342857,0.028571429,2.5451183e-05,0.0094864,0.011526449,0.0010623168,0.017998233,True
1998-12-14,143.22,26.2,3.6714287,5.828572,0.8285714,87.44286,0.20000002,0.20000002,0.5,10.757143,1.4142857,0.003821902,0.013719313,0.01599754,0.027395887,0.0029909983,True
1998-12-21,143.09,3.1,3.6714287,7.142857,0.9142857,88.85714,0.27142859,0.27142859,0.34285715,10.328571,2.9857142,0.00019347668,0.013921507,0.00038994494,0.00078239664,0.0006242171,True
1998-12-28,143.01,8.200001,5.3,7.557143,2.0142858,75.52857,0.42857143,0.41428572,0.9714286,10.242857,2.057143,0.0001693666,0.014174871,0.0006256217,0.0011820532,0.0005093515,True
1999-01-04,142.94,7.6,4.2714286,6.7000003,1.5,88.64286,0.1,0.1,0.4714286,10.1,2.4666667,0.00016171485,0.013421349,9.6048625e-06,3.0275434e-05,8.590519e-06,True
1999-01-11,143.05,23.300001,6.114286,9.328572,3.5857143,82.35714,0.4857143,0.4857143,0.64285713,10.457143,4.6,0.0006376654,0.012542419,0.00024189267,6.556697e-05,0.0045482367,True
1999-01-18,142.99,4.5,4.9,7.2571435,1.6999999,75.07143,0.5714286,0.5714286,0.9285714,10.4,2.557143,0.00039785355,0.012079753,0.0049399193,0.010413364,0.0075353496,True
1999-01-25,142.91,2.6,3.642857,8.542857,-0.11428567,86.25714,0.37142858,0.35714287,0.45714286,10.028571,2.7857144,5.7145953e-05,0.011754565,0.0004180386,0.0010735262,0.0,True
1999-02-01,143.13,31.8,0.90000015,3.8857143,-1.4285715,81.11428,0.37142855,0.37142855,0.6571428,10.742857,2.1142857,0.0021496639,0.014675744,0.0019147907,0.0014706217,0.0046956614,True
1999-02-08,143.19,19.5,2.8285716,4.7000003,0.62857145,85.78571,0.61428577,0.61428577,0.6571428,10.5,1.4857143,0.0008850768,0.014411852,0.003245842,0.0050818864,0.009520806,True
1999-02-15,143.05,3.7,-2.8428571,0.59999996,-5.9857144,84.42857,0.1,0.1,0.47142857,10.571428,0.08571429,3.78564e-05,0.014957987,0.012686707,0.0015530437,0.0076078065,True
1999-02-22,143.69,54.2,4.3142858,6.357143,1.9142857,88.48572,0.7428571,0.7428571,0.71428573,10.971429,2.5714285,0.011179738,0.027999617,0.006848114,0.021842817,0.010783281,True
1999-03-01,143.41,12.5,4.3142858,8.057143,0.31428573,79.62858,0.8428572,0.8142857,0.9714286,10.542857,3.7142856,0.0005861074,0.031504147,0.0032032956,0.0065562893,0.005335372,True
1999-03-08,143.53,53.9,6.1,8.757143,4.0142856,82.71429,0.9714286,0.9714286,1.0,10.485714,6.4857144,0.0019767657,0.03128294,6.383941e-05,0.0004813224,0.00029090792,True
1999-03-15,143.52,9.599999,8.785714,13.5,4.1,84.27143,1.0571429,0.9857143,1.1999999,10.671429,9.142858,0.0017419234,0.032594204,2.8008506e-05,0.00017873012,2.3290515e-05,True
1999-03-22,143.3,6.1,5.9,10.057143,2.2,73.35714,1.3285714,1.1714287,1.4142857,9.742857,8.028571,0.0003388524,0.027827546,5.491007e-05,0.00030106492,0.0003713444,True
1999-03-29,143.31,25.5,7.914286,11.371429,4.957143,84.71429,0.9714285,0.9428571,1.3000001,10.171429,9.271428,0.0017521232,0.023934484,5.1203227e-05,0.00031139143,0.0002543684,True
1999-04-05,143.18099828077322,2.8,12.1,17.814287,6.871429,74.64286,1.7857141,1.6142857,2.142857,9.885715,13.214286,0.0001372695,0.018974245,3.1335014e-06,2.148375e-05,0.0,True
1999-04-12,143.20999999999998,29.300001,10.542857,14.914286,6.3428574,77.35714,1.7428571,1.6285715,1.9571428,9.957143,12.585714,0.00077201426,0.016247578,-7.345365000000001e-25,1.8626451e-09,0.0,True
1999-04-19,143.25,24.4,6.6285715,11.185715,3.1285717,77.27143,1.5285714,1.5142858,1.6428572,10.271428,8.9,0.00044721365,0.014251463,2.84229e-05,0.00014755316,0.00016393885,True
1999-04-26,143.18,11.4,12.028572,17.457144,6.5,75.24286,2.2,2.114286,2.4142857,10.214286,14.028571,0.00020682812,0.0127244815,1.6348703e-06,1.5433878e-05,0.0,True
1999-05-03,143.03,2.8,15.257143,21.328571,8.685715,71.57143,3.0571427,2.557143,3.3714283,9.357142,18.114286,3.5747886e-05,0.011202894,-7.345365000000001e-25,0.0,0.0,True
1999-05-10,142.95,22.0,16.042858,21.27143,11.842857,78.0,2.4,2.2,2.7857144,9.3,18.742857,0.00042015314,0.009695761,-7.345365000000001e-25,3.7252903e-09,0.0,True
1999-05-17,143.11,40.6,14.142858,18.014286,10.3,78.85714,2.142857,1.957143,2.5571427,10.328571,17.442858,0.0007112771,0.0090623945,-7.345365000000001e-25,0.0,0.0,True
1999-05-24,143.03986014882057,9.3,14.300001,19.057144,9.828572,78.34286,2.0428572,1.7571429,2.5714285,9.414286,17.328571,0.00082149357,0.007816426,-7.345365000000001e-25,0.0,0.0,False
1999-05-31,142.9,5.4,20.485716,27.285715,13.614286,67.38572,3.8428571,2.7857144,4.7285714,8.271428,24.157143,4.707277e-05,0.007093787,-7.345365000000001e-25,7.450581e-09,0.0,True
1999-06-07,142.76,33.3,17.914286,24.228573,13.157144,72.98572,3.2714288,2.8285713,3.8714287,8.085714,21.72857,0.0006144792,0.0062946305,-7.345365000000001e-25,3.7252903e-09,0.0,True
1999-06-14,142.75,7.4,16.414286,21.0,12.5,75.614296,2.6142857,2.3,3.0857143,8.714286,20.528572,0.00033584237,0.0057008043,-7.345365000000001e-25,3.7252903e-09,0.0,True
1999-06-21,142.66,14.3,17.228573,22.542858,11.971429,67.07143,3.2142856,2.3857143,3.9,8.171429,21.72857,0.00014555454,0.005186774,-7.345365000000001e-25,3.7252903e-09,0.0,True
1999-06-28,142.55,3.4,17.057142,23.457142,10.928572,68.328575,3.585714,2.7000003,4.1285715,8.028571,21.7,0.00017867982,0.0046775267,-7.345365000000001e-25,7.450581e-09,0.0,True
1999-07-05,142.45,32.0,22.014286,27.9,16.014286,70.21429,4.0285716,2.9428573,4.714286,7.428571,25.471428,8.9898705e-05,0.004185699,-7.345365000000001e-25,7.450581e-09,0.0,True
1999-07-12,142.64,33.1,19.228573,23.571428,15.985716,83.52857,2.4285715,2.2285714,2.8285713,8.857142,22.585714,0.006794855,0.00436192,-7.345365000000001e-25,1.4901161e-08,0.0,True
1999-07-19,142.6,30.9,20.528574,26.37143,15.542857,73.47143,3.6285717,3.142857,4.142857,8.942857,24.442858,0.0014382526,0.003957644,-7.345365000000001e-25,7.450581e-09,0.0,True
1999-07-26,142.49,5.0,19.057144,24.4,14.028572,70.98572,3.3714283,2.5857143,3.9428573,7.885714,23.471428,0.00011910498,0.0033748448,-7.345365000000001e-25,7.450581e-09,0.0,True
1999-08-02,142.4,0.0,21.5,28.800001,14.17143,61.885715,4.1142855,2.0142856,5.042857,6.642857,25.814285,2.8908253e-06,0.0031340197,-7.345365000000001e-25,3.7252903e-09,0.0,True
1999-08-09,142.4,37.0,22.02857,27.671429,17.028572,78.84286,3.2142856,2.2,3.6000001,6.6,25.257143,0.0003103912,0.002878867,-7.345365000000001e-25,7.450581e-09,0.0,True
1999-08-16,142.5,58.5,17.242857,21.600002,14.071428,81.328575,2.157143,1.7857143,2.5,7.3,20.928572,0.0004081726,0.00267338,-7.345365000000001e-25,7.450581e-09,0.0,True
1999-08-23,142.37,5.7999997,16.800001,22.67143,11.514285,73.85714,2.6142857,1.9857143,3.1714287,7.142857,20.471428,4.8175454e-05,0.0024978071,-7.345365000000001e-25,3.7252903e-09,0.0,True
1999-08-30,142.36,14.8,19.757143,25.157145,15.228572,80.72858,2.1285713,1.5000001,2.8285713,6.8285713,22.72857,8.6680055e-05,0.0023154318,-7.345365000000001e-25,9.313226e-09,0.0,True
1999-09-06,142.32,9.8,17.828571,23.828571,12.257143,75.200005,2.3285713,1.542857,3.0285716,6.3714285,21.7,3.197044e-05,0.0021486655,-7.345365000000001e-25,7.450581e-09,0.0,True
1999-09-13,142.26,1.6,20.228573,27.557144,13.928572,75.3,2.4571426,1.2857144,3.1714287,6.0,22.742857,6.914139e-06,0.0019848198,-7.345365000000001e-25,7.450581e-09,0.0,True
1999-09-20,142.25,2.7,17.37143,22.800001,12.67143,79.0,1.5714285,0.7285714,2.1285713,5.542857,20.614286,8.457899e-05,0.0018271059,-7.345365000000001e-25,5.5879354e-09,0.0,True
1999-09-27,142.24,27.4,17.628572,3.114286,13.828572,81.52857,1.5142858,1.2142857,1.9285715,6.285714,18.928572,0.0002373904,0.001707226,-7.345365000000001e-25,9.313226e-09,0.0,True
1999-10-04,142.37,53.2,13.928572,9.2,12.271429,83.27143,1.2142857,1.1571429,1.4857142,7.9428573,14.8714285,0.0019236729,0.0021132752,-7.345365000000001e-25,1.1175871e-08,0.0,True
1999-10-11,142.36,14.400001,10.900001,14.857142,7.6714287,84.6,0.7714285,0.7,1.1285714,8.257143,12.385715,0.00019071251,0.0015704334,-7.345365000000001e-25,3.7252903e-09,0.0,True
1999-10-18,142.34,0.0,8.914286,14.5,4.4857144,80.07143,0.8285714,0.64285713,1.1142857,8.042857,11.257143,4.172325e-06,0.0015400797,-7.345365000000001e-25,1.8626451e-09,0.0,True
1999-10-25,142.4,37.0,9.185715,12.742858,5.3857145,84.114296,0.64285713,0.55714285,0.82857144,8.242857,9.671429,0.0021070018,0.0026050657,-7.345365000000001e-25,0.0,0.0,True
1999-11-01,142.5095994902581,16.699999,11.5,16.628572,6.6142855,84.542854,0.7571429,0.7285714,0.85714287,8.9,11.428572,0.00020677596,0.0014973804,-7.345365000000001e-25,1.8626451e-09,0.0,False
1999-11-08,142.56,22.2,8.828572,12.328572,6.014286,85.42857,0.4714286,0.44285718,0.6857143,9.642858,9.457143,0.0008342266,0.0025576726,-7.345365000000001e-25,1.8626451e-09,0.0,True
1999-11-15,142.64,14.6,4.1285715,6.4428573,1.7857144,83.75715,0.35714287,0.34285715,0.5142857,9.985714,5.257143,0.00050181895,0.0017112419,1.2976782e-05,3.9020553e-05,5.949661e-05,True
1999-11-22,142.6,13.599999,-0.20000002,1.5,-2.1000001,87.87144,0.15714286,0.15714286,0.37142855,9.914286,1.0285715,5.7533383e-05,0.0019987077,0.00796477,0.0015181564,0.015458059,True
1999-11-29,142.61,1.6,3.1857145,6.8857145,0.12857147,85.02857,0.22857144,0.22857144,0.32857147,10.1,2.057143,0.00041896105,0.0022355914,0.0149611235,0.01669073,0.0088829845,True
1999-12-06,142.79,25.3,5.0,7.7000003,2.1142857,80.74286,0.44285718,0.42857143,0.67142856,10.185715,3.8428571,0.0018629059,0.0038256496,0.0021661576,0.006507041,0.002097115,True
1999-12-13,142.86,17.199999,7.728572,9.857142,5.328572,75.68572,0.7857143,0.7714286,1.0857142,10.428572,5.428571,0.00079770386,0.0039645657,0.00032075247,0.0018608794,7.529184e-05,True
1999-12-20,143.45,63.7,1.057143,3.757143,-1.1714286,88.40001,0.21428572,0.21428572,0.4,11.2,1.4571428,0.007858574,0.01596208,0.0029630263,0.002525298,0.011515245,True
1999-12-27,143.43,29.7,2.642857,5.7571435,-0.37142855,84.85714,0.6,0.6,0.61428577,11.028571,2.0285714,0.0066971257,0.018012166,0.0049217315,0.009231135,0.002626244,True
2000-01-03,143.31,9.1,2.8142858,4.5285716,1.3857144,89.042854,0.22500001,0.22500001,0.37142855,11.25,1.225,0.0006902516,0.020902768,0.015359379,0.013239317,0.020054158,True
2000-01-10,143.24,12.400001,5.371429,7.9428573,2.2428572,87.75715,0.3,0.3,0.3857143,10.314285,3.9142857,0.00082723796,0.022109963,0.002643517,0.009823846,0.00061037764,True
2000-01-17,143.13,0.0,1.4285715,3.614286,-0.45714286,84.314285,0.24285714,0.22857144,0.3857143,10.314285,1.1571429,5.2437186e-05,0.021870382,0.0006141095,0.0007207319,0.0012475252,True
2000-01-24,143.03,10.0,1.8571428,4.0571427,0.31428576,82.44286,0.3,0.3,0.4714286,10.228572,1.3714286,0.00050171465,0.020122014,0.002845997,0.0027091838,0.008153569,True
2000-01-31,143.19,5.3999996,1.7142857,4.957143,-2.0857143,78.17143,0.5285714,0.5285714,0.6857143,10.257143,1.2428571,0.0012424886,0.020038627,0.004261925,0.006658841,3.4093857e-05,True
2000-02-07,143.09,5.7000003,7.3142858,11.271429,3.4857144,74.98572,0.6571428,0.64285713,0.90000004,10.242857,5.3142858,0.00018580258,0.018021151,1.670633e-05,5.202554e-05,4.142523e-06,True
2000-02-14,143.29,36.4,5.428571,9.028571,2.0857143,80.14286,0.8285715,0.8285715,0.90000004,10.657143,5.457143,0.0017221197,0.017777577,3.5007793e-05,0.00014103204,0.00019885227,True
2000-02-21,143.39,22.0,4.2000003,7.642857,1.6142857,80.51429,0.9,0.9,0.87142855,10.742857,4.071429,0.0025275424,0.022059008,0.00205317,0.005420685,0.008908898,True
2000-02-28,143.28,13.1,6.6285715,11.057143,2.4285715,78.08572,0.94285715,0.9285714,1.0714285,10.314285,5.742857,0.0011572614,0.023338355,0.0011283329,0.0035607032,4.708767e-06,True
2000-03-06,143.35,19.5,4.942857,8.742857,1.8285716,73.14286,1.2714285,1.2714285,1.2857143,10.642858,5.9428573,0.002338156,0.026095726,5.720343e-05,0.00020558015,0.00025631487,True
2000-03-13,143.24,7.0,9.142858,13.514287,5.142857,71.65715,1.3428571,1.2428571,1.6285714,9.985714,9.242857,0.00019715726,0.024196863,8.373034e-06,5.028583e-05,0.0,True
2000-03-20,143.15,10.799999,7.071429,9.885715,4.542857,77.200005,1.0428572,1.0,1.2714285,9.828571,8.171429,0.00042293966,0.020976864,3.497941e-05,0.00020552613,0.00020198524,True
2000-03-27,143.05,7.1,9.2,14.828572,4.328572,71.21429,1.3285714,1.1714287,1.7428571,9.614285,10.657143,6.648153e-05,0.017830037,1.3396854e-06,6.9737434e-06,1.34930015e-05,True
2000-04-03,143.19,36.899998,7.3428574,11.542857,3.3714287,78.35714,1.3428571,1.2857143,1.5142858,10.4,8.785714,0.0008750111,0.015071906,5.5426644e-05,0.00032338686,0.00031250343,True
2000-04-10,143.15,18.0,8.571428,14.428572,3.2,65.74286,2.1000001,1.9142857,2.3285713,10.185715,11.442857,0.00032046437,0.013266452,1.4645713e-06,1.0097399e-05,5.789101e-06,True
2000-04-17,143.05,15.9,9.571428,13.757143,6.214286,75.41429,1.8000001,1.7571429,1.8285714,9.885715,11.8,0.00030154735,0.011704855,-7.345365000000001e-25,2.3469329e-07,2.1606684e-07,True
2000-04-24,142.96,13.799999,14.114286,20.228573,8.571428,71.51429,2.1714287,1.8999999,2.6714287,9.428572,15.8714285,0.00015059114,0.010293797,-7.345365000000001e-25,0.0,0.0,True
2000-05-01,142.85108130752846,0.0,16.1,21.785715,10.3,75.34286,2.4714286,2.057143,2.9714284,8.971429,18.571428,3.5494566e-05,0.008950882,-7.345365000000001e-25,7.450581e-09,0.0,True
2000-05-08,142.785,9.7,17.685715,24.028574,12.071428,76.94286,2.6857145,2.3285716,3.3,8.685715,21.085714,0.0011791736,0.007793382,-7.345365000000001e-25,7.450581e-09,0.0,True
2000-05-15,142.79,32.5,19.27143,25.628572,13.014287,71.28571,3.3857143,2.6714284,4.0142856,8.614285,22.928572,0.000223279,0.0067652985,-7.345365000000001e-25,3.7252903e-09,0.0,True
2000-05-22,142.72,19.4,14.257143,19.0,10.271429,74.01429,2.6571426,2.357143,2.8285713,8.571428,18.27143,0.00021959841,0.005893424,-7.345365000000001e-25,0.0,0.0,True
2000-05-29,142.69,21.8,14.742858,20.414288,9.271429,74.299995,2.9,2.385714,3.2428572,8.285714,18.471428,0.00015165657,0.005210161,-7.345365000000001e-25,7.450581e-09,0.0,True
2000-06-05,143.06,88.3,18.814285,24.84286,12.5,74.51429,3.2857144,2.8428574,4.0,9.114285,21.9,0.005027473,0.0059279203,-7.345365000000001e-25,3.7252903e-09,0.0,True
2000-06-12,142.97,3.8,18.628572,23.828571,13.471429,73.51429,3.3999999,2.7,3.8,8.457143,22.971428,0.00013846159,0.004253961,-7.345365000000001e-25,7.450581e-09,0.0,True
2000-06-19,142.82,0.0,20.1,26.157145,12.928572,60.585716,4.3857145,2.6571426,5.071429,7.4428573,24.785715,8.657575e-06,0.003827788,-7.345365000000001e-25,3.7252903e-09,0.0,True
2000-06-26,142.75,9.5,18.457142,23.47143,14.157144,68.6,3.4142857,1.8285714,3.8428571,6.5,22.971428,4.490465e-05,0.0033826977,-7.345365000000001e-25,0.0,0.0,True
2000-07-03,142.63,9.0,18.97143,25.014286,11.900001,63.385715,3.9857142,2.2857144,4.471429,6.1714287,23.442858,5.1029027e-05,0.0029982403,-7.345365000000001e-25,3.7252903e-09,0.0,True
2000-07-10,142.84,58.7,17.6,22.185715,13.971429,77.01429,2.942857,2.5,3.142857,7.4857144,20.928572,0.0025959164,0.0026708618,-7.345365000000001e-25,1.1175871e-08,0.0,True
2000-07-17,142.91,33.1,14.17143,18.042858,11.385715,79.82857,2.1285713,2.0714285,2.5285716,9.142858,17.285715,0.0010703802,0.0024474636,-7.345365000000001e-25,3.7252903e-09,0.0,True
2000-07-24,142.77,6.0,17.585714,23.185715,11.6285715,74.35714,3.1285713,2.6,3.7285714,8.7,22.528572,0.0009970516,0.0022749603,-7.345365000000001e-25,7.450581e-09,0.0,True
2000-07-31,142.84,75.700005,18.1,23.428572,14.400001,82.457146,2.7285714,2.614286,3.0857143,9.3,21.757143,0.0015411377,0.0021228865,-7.345365000000001e-25,7.450581e-09,0.0,True
2000-08-07,142.77,14.7,18.7,23.5,14.17143,80.37144,2.5285716,2.3142858,3.0571427,9.514286,22.2,0.0002219379,0.0020065084,-7.345365000000001e-25,7.450581e-09,0.0,True
2000-08-14,142.64,2.1,21.300001,27.97143,15.114286,74.48572,3.2142856,2.5428574,4.0571427,8.8,25.37143,3.4555793e-05,0.0018978864,-7.345365000000001e-25,7.450581e-09,0.0,True
2000-08-21,142.65,41.6,21.84286,27.728573,17.000002,78.28571,2.828571,2.357143,3.457143,8.285714,25.1,0.0003798157,0.0017703921,-7.345365000000001e-25,0.0,0.0,True
2000-08-28,142.64,18.5,18.857143,25.2,13.400001,78.24286,2.7,2.2285714,3.3,8.842857,23.1,0.00025972724,0.0016571879,-7.345365000000001e-25,5.5879354e-09,0.0,True
2000-09-04,142.75,35.3,15.914286,20.485716,12.3714285,83.61428,1.7857144,1.6428572,2.0428572,9.314285,19.442858,0.00021505356,0.0015663505,-7.345365000000001e-25,3.7252903e-09,0.0,True
2000-09-11,142.73,13.7,15.928572,21.542858,10.542857,80.44286,1.8,1.6285714,2.2857144,9.5,18.585714,0.00054469705,0.0015001446,-7.345365000000001e-25,5.5879354e-09,0.0,True
2000-09-18,142.73,26.099998,17.2,22.328571,13.014287,82.62858,1.6571429,1.4285715,2.2142856,9.257143,20.242857,0.0018117726,0.0024069324,-7.345365000000001e-25,5.5879354e-09,0.0,True
2000-09-25,142.66,12.900001,15.0,20.5,10.485715,83.37144,1.2285715,1.1571429,1.6999999,10.014286,16.914286,0.0013339072,0.0020758659,-7.345365000000001e-25,3.7252903e-09,0.0,True
2000-10-02,142.64,19.599998,16.300001,21.185715,12.785714,85.6,1.0857143,0.9857143,1.5714285,10.042857,17.457144,0.00030568242,0.0013962165,-7.345365000000001e-25,5.5879354e-09,0.0,True
2000-10-09,142.62,14.5,11.485715,15.685715,8.585714,82.314285,0.78571427,0.78571427,1.1,10.328571,13.242857,0.00055232644,0.0024012998,-7.345365000000001e-25,1.8626451e-09,0.0,True
2000-10-16,142.65,7.5,12.328572,15.071428,9.5,83.15715,0.82857144,0.81428576,1.1714286,10.585714,12.285714,0.0010886788,0.0022011772,-7.345365000000001e-25,3.7252903e-09,0.0,True
2000-10-23,142.6,7.3999996,11.6,14.742857,9.157143,91.200005,0.5428571,0.5,0.67142856,10.185715,12.7,0.00017531216,0.0017849207,-7.345365000000001e-25,0.0,0.0,True
2000-10-30,142.59,20.5,12.971429,17.114286,9.442857,76.65715,0.9142857,0.88571435,1.4142857,10.114285,11.985714,0.00028534234,0.002026245,-7.345365000000001e-25,5.5879354e-09,0.0,True
2000-11-06,142.76,21.2,9.514285,13.442858,6.914286,80.38572,0.7714285,0.7714285,0.95714283,10.6285715,9.228572,0.0016065836,0.0034842044,-7.345365000000001e-25,5.5879354e-09,0.0,True
2000-11-13,142.75,43.6,8.742857,12.342857,5.3857145,75.85714,0.62857145,0.62857145,1.1,10.428572,7.457143,0.00036495924,0.00282415,-7.345365000000001e-25,0.0,0.0,True
2000-11-20,142.97,17.5,6.071429,9.814286,3.2714286,85.37142,0.34285715,0.3285714,0.45714286,10.985714,6.257143,0.00034584105,0.0046565384,4.1836784e-06,1.4912337e-05,1.6011298e-05,True
2000-11-27,142.94,15.1,6.9428573,9.914286,3.9428573,84.97143,0.41428572,0.41428572,0.4857143,10.6,6.2714286,0.0004927516,0.004736468,8.34465e-07,3.7886202e-06,5.6289136e-06,True
2000-12-04,142.87,4.2,8.728572,11.8714285,5.1714287,89.44286,0.28571433,0.28571433,0.31428573,10.385715,7.242857,0.00039291382,0.0052280277,4.5413063e-07,3.52785e-06,0.0,True
2000-12-11,142.86,8.4,9.442857,12.114286,6.442857,82.5,0.4857143,0.4857143,0.67142856,10.4,7.357143,0.0002591759,0.00585296,-7.345365000000001e-25,5.2154064e-08,0.0,True
2000-12-18,142.84,16.7,7.6571426,9.871429,5.8857145,77.314285,0.61428565,0.61428565,1.042857,10.257143,6.3,0.00044017285,0.00615599,4.8052698e-05,0.0001163166,0.0001986362,True
2000-12-25,142.8,5.2,1.2571429,3.8142858,-0.6999999,90.457146,0.10000001,0.10000001,0.22857143,10.342857,1.4571428,0.00021042675,0.0066272467,4.453886e-05,6.76699e-05,1.1716038e-05,True
2001-01-01,142.817224918841,12.2,2.5714285,4.8857145,0.18571427,86.814285,0.21666668,0.21666668,0.3285714,10.416667,0.7,0.00017628074,0.0071054995,0.0028111706,0.0006486196,0.0074652024,False
2001-01-08,142.92000000000002,12.1,6.9857144,9.542857,4.257143,82.700005,0.5714286,0.5714286,0.7571429,10.8714285,4.357143,0.0009748712,0.008972734,0.0011190971,0.007068511,3.181398e-06,True
2001-01-15,142.91,4.4,1.7142857,4.6,-0.67142856,77.442856,0.34285715,0.34285715,0.5142857,10.528571,1.6428572,0.0002644956,0.0097725615,2.6333899e-05,5.8786944e-05,6.926805e-05,True
2001-01-22,142.83,9.1,0.3857143,3.4714284,-2.8428571,87.41429,0.20000002,0.20000002,0.22857143,10.271428,-0.15714286,0.00015953183,0.010214664,0.0004905235,0.0010378249,0.0018796846,True
2001-01-29,142.98,19.2,6.285714,9.7,2.8142858,81.41429,0.71428573,0.71428573,0.7,10.8,3.7714286,0.0006088987,0.0104146525,0.000110836256,0.0009386055,5.824864e-05,True
2001-02-05,143.13,25.0,4.585715,7.1714287,1.8285714,81.314285,0.7285715,0.7285715,0.7428571,10.514286,3.0,0.0016220436,0.011405103,0.0011519762,0.006624894,0.006415922,True
2001-02-12,143.04,14.4,8.657144,13.442858,4.257143,70.75715,0.9285714,0.8714286,1.1999999,10.3,7.071429,0.00019058585,0.011774361,6.5167746e-06,7.169321e-05,0.0,True
2001-02-19,142.97,4.4,4.957143,9.285714,1.5714285,80.685715,0.8,0.7857142,0.6857143,10.3,5.1714287,0.00018577278,0.012184396,0.00013304892,0.00032171234,0.00055347756,True
2001-02-26,143.14,20.1,2.7857144,5.642857,0.15714285,81.47143,0.7285714,0.71428573,0.74285716,10.257143,3.3714285,0.0015656203,0.013209365,0.0021270174,0.002339298,0.006482132,True
2001-03-05,143.23,26.6,3.8285716,7.2428575,0.48571435,78.457146,0.9142857,0.9,0.9142857,10.557143,3.1571429,0.0017946735,0.012693502,0.00524178,0.017628055,0.015290912,True
2001-03-12,143.34,37.300003,9.1,12.057143,5.857143,86.85714,0.82857144,0.82857144,0.9142857,10.842857,8.614285,0.004241392,0.017869495,0.0004993961,0.002374161,0.0,True
2001-03-19,143.45,24.1,9.428572,12.757143,6.7571435,78.61428,1.4571428,1.4571428,1.4285715,11.157143,9.785714,0.0013100505,0.032675773,2.8950828e-06,2.2072345e-05,3.27304e-05,True
2001-03-26,143.65,57.0,9.6285715,13.357142,6.1571426,82.24286,1.2428571,1.2428571,1.2142857,11.428572,9.6285715,0.0061745346,0.038647845,4.4164203e-06,2.8077513e-05,2.3558736e-05,True
2001-04-02,143.36,5.6000004,9.6,15.157144,3.8428574,73.814285,1.7857143,1.6714286,1.9,10.328571,10.6285715,0.00014994293,0.034376174,1.1466798e-06,6.8880618e-06,5.9604645e-08,True
2001-04-09,143.27,23.8,10.085714,14.428572,6.285714,76.92857,1.7714285,1.6571428,1.7857143,9.971429,11.1,0.00048054755,0.02569107,1.1353266e-07,1.6894192e-06,1.642853e-06,True
2001-04-16,143.54,43.2,6.7571435,10.157143,3.8142858,77.14286,1.6142856,1.542857,1.6142857,10.357142,9.342857,0.0017168969,0.020618454,0.00087850436,0.004905343,0.0062682964,True
2001-04-23,143.38,14.7,5.857143,9.685715,1.8571428,77.28571,1.5142858,1.4714288,1.5571429,10.557143,8.8,0.00042117387,0.016918361,0.00035734972,0.001842564,0.00028808042,True
2001-04-30,143.32,21.9,12.657143,17.528572,7.9428573,77.0,2.2428572,2.1714284,2.3142858,10.242857,13.657143,0.0003670454,0.01485087,3.2697405e-06,3.5315752e-05,0.0,True
2001-05-07,143.13,3.0,13.914286,18.085714,9.928572,77.52857,2.2142856,1.8857143,2.3285713,9.6285715,16.185715,0.00020982325,0.012990393,-7.345365000000001e-25,3.7252903e-09,0.0,True
2001-05-14,143.0,0.8,17.27143,23.542858,10.585714,62.957146,3.7142856,2.9142857,4.0142856,8.885715,19.114286,4.581362e-05,0.011301875,-7.345365000000001e-25,3.7252903e-09,0.0,True
2001-05-21,143.12,39.7,14.942858,19.628572,10.057143,76.62858,2.9285715,2.6285713,3.042857,9.2,17.77143,0.0006092787,0.009679139,-7.345365000000001e-25,3.7252903e-09,0.0,True
2001-05-28,142.89,0.8,19.77143,25.957144,12.571428,62.0,4.371429,2.8714283,4.7714286,7.957143,23.171429,1.2740493e-06,0.008313872,-7.345365000000001e-25,0.0,0.0,True
2001-06-04,142.78570643805267,18.8,16.557142,21.285715,11.814286,63.94286,3.542857,2.042857,3.9142857,7.1714287,20.657143,0.00017116964,0.007059388,-7.345365000000001e-25,0.0,0.0,False
2001-06-11,142.79000000000002,22.900002,14.257143,18.285715,10.357142,79.457146,2.3714287,1.7571429,2.5571427,7.5571427,18.071428,0.00037312508,0.0061256886,-7.345365000000001e-25,3.7252903e-09,0.0,True
2001-06-18,142.83,46.1,16.542858,22.071428,11.3714285,76.25715,3.2285714,2.6571426,3.3142858,7.8285713,20.142857,0.0003472194,0.0053792,-7.345365000000001e-25,7.450581e-09,0.0,True
2001-06-25,142.75,0.0,17.842857,23.97143,10.657144,63.81429,4.2999997,2.7142856,4.7,7.257143,22.657143,7.137656e-06,0.004751608,-7.345365000000001e-25,0.0,0.0,True
2001-07-02,142.67,5.6,21.5,27.457142,14.742858,65.78571,4.1857142,2.6571429,4.7999997,7.214286,25.242857,9.9003315e-05,0.0041394234,-7.345365000000001e-25,7.450581e-09,0.0,True
2001-07-09,142.64,22.1,21.071428,26.600002,15.471429,65.37143,4.5142856,2.6285713,4.7428575,6.3714285,24.828571,0.00015848875,0.003598839,-7.345365000000001e-25,7.450581e-09,0.0,True
2001-07-16,142.69,35.1,18.128572,22.571428,13.971429,74.68572,2.9571426,2.1142855,3.142857,6.6285715,21.242857,0.0009739399,0.0036630258,-7.345365000000001e-25,7.450581e-09,0.0,True
2001-07-23,142.57,8.299999,18.885714,24.77143,13.314286,69.557144,3.4857144,2.742857,4.1285715,7.285714,21.985714,8.6292624e-05,0.002883859,-7.345365000000001e-25,1.1175871e-08,0.0,True
2001-07-30,142.5,0.0,23.442858,30.242859,15.985715,67.54286,3.9714284,2.2714286,4.7428575,6.785714,27.142857,4.5225024e-06,0.0025989413,-7.345365000000001e-25,5.5879354e-09,0.0,True
2001-08-06,142.46,9.6,21.800001,27.257143,16.142857,69.85714,3.4714284,1.9285713,3.8714287,6.1714287,25.22857,0.000101700425,0.0023183376,-7.345365000000001e-25,1.1175871e-08,0.0,True
2001-08-13,142.39,7.7,18.442858,23.84286,13.271429,70.61429,3.0428574,2.042857,3.5142858,6.1571426,21.928572,0.000104889274,0.0021113753,-7.345365000000001e-25,3.7252903e-09,0.0,True
2001-08-20,142.35,16.5,22.800001,29.857143,16.528572,70.57143,3.2857144,1.6714286,4.042857,5.742857,25.485714,0.00013037026,0.001898706,-7.345365000000001e-25,5.5879354e-09,0.0,True
2001-08-27,142.24,0.0,23.071428,30.27143,16.128572,68.25715,3.3428571,1.5857142,4.214286,5.6857142,26.0,4.6640635e-06,0.0017128885,-7.345365000000001e-25,3.7252903e-09,0.0,True
2001-09-03,142.26,17.7,17.257143,23.228573,11.928572,72.25715,2.357143,1.2428571,2.8714287,5.4857144,20.757143,0.00012338161,0.0015481114,-7.345365000000001e-25,5.5879354e-09,0.0,True
2001-09-10,142.45,61.8,13.285714,16.7,10.757143,83.04286,1.4714286,1.4142857,1.5142858,6.257143,15.114285,0.0015888363,0.0014433339,-7.345365000000001e-25,9.313226e-09,0.0,True
2001-09-17,142.59,36.1,12.957144,16.300001,10.185715,81.07143,1.4714286,1.4000002,1.7285715,7.5142856,14.057143,0.0017795712,0.002155386,-7.345365000000001e-25,1.1175871e-08,0.0,True
2001-09-24,142.64,23.599998,11.814286,16.328571,7.285714,84.08572,1.1,1.0857142,1.4571428,9.428572,13.4,0.0019048303,0.0030421466,-7.345365000000001e-25,5.5879354e-09,0.0,True
2001-10-01,142.59,13.5,14.471429,19.357143,9.757143,83.32857,1.1999999,1.1285714,1.5428572,9.528571,15.328571,0.00023826957,0.0013262928,-7.345365000000001e-25,5.5879354e-09,0.0,True
2001-10-08,142.66,34.9,16.385715,20.957142,12.728571,82.1,1.3428571,1.2714285,1.7571429,9.928572,16.942858,0.0051732957,0.0031595305,-7.345365000000001e-25,7.450581e-09,0.0,True
2001-10-15,142.58,0.3,14.414286,20.7,9.3,84.98572,1.0285715,0.94285715,1.3285714,9.942857,15.5,3.0621886e-06,0.0015044734,-7.345365000000001e-25,3.7252903e-09,0.0,True
2001-10-22,142.52,8.099999,13.142858,16.9,9.985715,89.9,0.87142855,0.78571427,0.9,9.585714,14.914286,0.00015234947,0.0016508773,-7.345365000000001e-25,1.8626451e-09,0.0,True
2001-10-29,142.61,23.900002,12.885715,16.800001,9.400001,89.6,0.61428577,0.61428577,0.7571429,10.057143,13.1,0.00020483881,0.0017442331,-7.345365000000001e-25,3.7252903e-09,0.0,True
2001-11-05,142.56,3.7,8.900001,14.657144,4.542857,84.92857,0.58571434,0.58571434,0.6857143,10.042857,9.5,9.313226e-05,0.0018277913,-7.345365000000001e-25,1.8626451e-09,0.0,True
2001-11-12,142.89,45.3,4.2714286,7.6857147,0.3428571,84.22857,0.59999996,0.59999996,0.55714285,10.585714,5.3,0.0033394098,0.0050006583,0.00014242103,0.00013004057,0.00035049766,True
2001-11-19,142.8,2.6,1.0,3.5857146,-1.3571428,89.40001,0.24285714,0.24285714,0.31428573,10.342857,1.8857143,0.0001675263,0.0025238916,0.00011840321,0.00017308816,3.30396e-05,True
2001-11-26,142.81,16.199999,4.6,6.8142858,1.9428571,87.21429,0.2857143,0.2857143,0.42857143,10.385715,3.6142857,0.000582695,0.0028808862,0.0006953194,0.0020545237,0.0024662707,True
2001-12-03,143.16,37.6,7.9714284,9.985715,5.7000003,91.84286,0.22857144,0.22857144,0.37142855,11.314285,7.0571427,0.0034502372,0.007773116,0.00012717361,0.00059134327,3.886223e-05,True
2001-12-10,143.04,4.2,4.2714286,7.514286,1.8428572,81.74286,0.3857143,0.37142855,0.42857143,10.428572,4.428571,0.00024093688,0.0075337663,7.26609e-07,3.2745302e-06,7.4878335e-07,True
2001-12-17,142.9,0.0,-1.7285715,1.1142857,-4.914286,75.042854,0.114285715,0.114285715,0.44285712,10.171429,-0.5285714,2.861023e-06,0.008357808,3.9197148e-05,2.4363399e-06,0.00012419373,True
2001-12-24,142.8,6.2,-1.6285715,1.3142856,-5.6285715,80.6,0.15714286,0.15714286,0.44285718,10.1285715,-0.71428573,6.5490603e-06,0.008375876,0.0053517707,0.0001042448,0.013702195,True
2001-12-31,143.32,45.3,2.0142858,4.285714,-0.71428573,82.557144,0.37142858,0.37142858,0.5285714,10.785714,0.21428572,0.010257468,0.016063146,0.014809132,0.024839193,0.019519165,True
2002-01-07,143.07,0.0,-5.9857144,-2.1714287,-9.542857,85.328575,0.0,0.0,0.14285715,10.428572,-0.35714287,3.0048192e-05,0.015014596,0.0074471748,0.0011885632,7.466599e-05,True
2002-01-14,142.92,0.3,-2.142857,-0.4142858,-4.042857,95.01429,0.028571429,0.042857144,0.15714286,10.271428,-0.21428572,8.4728e-05,0.014654964,0.0048427754,0.0034662522,4.194677e-06,True
2002-01-21,142.93,4.7,2.1714284,4.157143,-0.35714284,87.685715,0.27142859,0.27142859,0.41428572,10.171429,0.6571429,0.00070465356,0.0134697035,0.002000559,0.0032174345,0.00019017234,True
2002-01-28,143.2,14.5,9.214286,12.2,5.614286,75.08572,1.0714285,1.0571429,1.1999999,10.214286,5.9428573,0.0008960068,0.01332885,4.0315448e-05,0.00020976365,0.0,True
2002-02-04,143.01,0.0,9.171428,14.257143,4.585714,72.75714,0.9571429,0.88571423,0.9714286,10.014286,7.257143,5.2005053e-06,0.011893362,-7.2791902999999985e-25,1.8626451e-09,0.0,True
2002-02-11,143.09,25.4,9.057143,11.885715,6.157143,77.314285,0.9857143,0.9857143,1.1857144,10.314285,7.5857143,0.0016991645,0.01269231,4.592396e-06,4.2818487e-05,4.1477382e-05,True
2002-02-18,143.04,11.4,6.2428575,9.785714,2.8857143,73.41429,1.0571429,1.0,1.1857144,10.471429,6.0571427,0.00047100335,0.012259066,2.5544847e-07,4.3585896e-07,1.9889325e-05,True
2002-02-25,143.23,38.8,4.8714285,7.357143,1.857143,77.51428,1.1571428,1.1571428,1.0428572,10.7,4.1857142,0.0040295273,0.015544862,0.00056094216,0.002232561,0.0024707988,True
2002-03-04,143.27,8.4,6.2714286,10.042857,3.1714287,75.08572,1.2714285,1.2714285,1.3142856,10.6285715,6.757143,0.0012645125,0.023764357,0.0001092468,0.0005203653,0.00040419772,True
2002-03-11,143.09,1.2,7.4714284,13.400001,1.3571428,72.04286,1.3857143,1.2571428,1.4142857,9.914286,8.2,8.2328916e-05,0.022944622,2.4222192e-05,0.0001226198,0.0,True
2002-03-18,142.96,8.4,10.814285,16.757143,5.4714284,72.328575,1.6,1.3857143,1.6714286,9.357142,11.3,0.00014293194,0.019220047,-7.2791902999999985e-25,1.6391277e-07,0.0,True
2002-03-25,143.37,36.8,8.242857,11.071428,5.457143,78.5,1.3428571,1.3428571,1.2571429,10.685715,9.457143,0.007963151,0.02253934,4.967054e-06,1.0253862e-05,2.3644418e-05,True
2002-04-01,143.1550419376522,0.0,7.214286,13.942858,0.07142854,64.48571,1.957143,1.5714285,2.0714285,9.714286,9.3,1.527369e-06,0.018619783,3.3662432e-06,1.1852011e-05,4.0978193e-08,True
2002-04-08,143.02499999999998,0.0,10.457144,17.085714,3.357143,49.81429,3.2,2.4,3.3428571,8.614285,12.8714285,5.9604645e-08,0.016178533,-7.2791902999999985e-25,3.9115548e-08,0.0,True
2002-04-15,142.87,15.6,8.457143,12.8714285,4.1285715,68.42857,2.0285716,1.5142857,2.1571429,8.042857,10.957143,0.00014579296,0.013511203,1.0217939e-07,4.656613e-07,1.2554228e-06,True
2002-04-22,142.8,11.8,9.328572,14.442858,3.8285713,80.01428,1.6999999,1.542857,1.8142856,8.985714,11.457143,0.00021111965,0.011374518,8.5149495e-08,8.046627e-07,0.0,True
2002-04-29,142.77,19.6,13.185715,18.171429,8.057143,68.071434,2.5142858,2.2571428,2.7285714,8.757143,14.457143,0.00018879026,0.009624757,-7.2791902999999985e-25,1.8626451e-09,0.0,True
2002-05-06,143.37,84.0,9.842857,12.814286,7.157143,85.47143,1.4714288,1.3714287,1.6,10.314285,12.185715,0.0034180135,0.011275701,-7.2791902999999985e-25,0.0,0.0,True
2002-05-13,143.16,16.0,16.214285,22.042858,10.214286,75.08572,2.9571426,2.7714286,3.2428572,10.214286,18.185715,0.0025745332,0.007912658,-7.2791902999999985e-25,3.7252903e-09,0.0,True
2002-05-20,142.94,0.6,17.542858,23.485716,11.3,64.71429,3.4714284,2.7999997,3.9428573,9.285714,20.685715,7.806718e-05,0.0075311586,-7.2791902999999985e-25,7.450581e-09,0.0,True
2002-05-27,142.88,27.2,15.114286,20.385715,10.571428,75.17143,2.6714287,2.2999997,2.957143,8.857142,18.685715,0.00084884465,0.0070569143,-7.2791902999999985e-25,0.0,0.0,True
2002-06-03,142.74,1.8,16.414286,22.142857,9.785714,65.328575,3.6285717,2.7999997,3.8428571,8.571428,20.242857,4.9695373e-05,0.0066219717,-7.2791902999999985e-25,0.0,0.0,True
2002-06-10,142.79,30.400002,17.328571,22.128572,13.471429,76.98572,2.642857,2.3857143,3.0,8.728572,20.22857,0.001020126,0.0061212406,-7.2791902999999985e-25,3.7252903e-09,0.0,True
2002-06-17,142.68,0.4,21.485716,27.37143,15.185715,69.58572,4.157143,3.0857143,4.6,8.185715,23.9,0.0007033795,0.0057048798,-7.2791902999999985e-25,1.4901161e-08,0.0,True
2002-06-24,142.6,16.3,24.028574,29.600002,18.385715,72.15714,4.6142855,3.2857144,4.7714286,7.0571427,27.671429,0.00026839972,0.0052075237,-7.2791902999999985e-25,3.7252903e-09,0.0,True
2002-07-01,142.52,3.6,18.742857,24.928572,12.028572,58.757145,4.5,2.5,4.8428574,6.742857,24.085714,8.329749e-06,0.0046959072,-7.2791902999999985e-25,0.0,0.0,True
2002-07-08,142.45,6.5,18.757143,24.228573,13.328572,70.11429,3.3857143,1.9571428,3.7571428,6.214286,21.77143,0.00011397153,0.004228711,-7.2791902999999985e-25,1.4901161e-08,0.0,True
2002-07-15,142.46,36.3,19.328571,24.157145,15.157144,79.68572,2.9,1.8428571,3.0285716,6.3428574,22.542856,0.00018590689,0.003802456,-7.2791902999999985e-25,7.450581e-09,0.0,True
2002-07-22,142.58,59.2,18.214285,22.742859,13.642858,77.17143,3.0857143,2.6714284,3.2857144,8.814285,21.642857,0.007975049,0.0069121122,-7.2791902999999985e-25,7.450581e-09,0.0,True
2002-07-29,142.5,0.6,20.5,25.785715,14.857142,70.25715,3.4428575,2.5714285,3.7428572,7.7,23.428572,6.03348e-05,0.003284514,-7.2791902999999985e-25,1.1175871e-08,0.0,True
2002-08-05,142.5,44.9,19.742859,25.428572,14.942858,79.58572,3.0,2.7,3.2142856,7.7,23.5,0.0005822331,0.003050983,-7.2791902999999985e-25,0.0,0.0,True
2002-08-12,142.65,52.7,17.37143,21.97143,13.885715,84.88572,1.957143,1.857143,2.2857144,8.771428,20.257143,0.0004938543,0.002850823,-7.2791902999999985e-25,3.7252903e-09,0.0,True
2002-08-19,142.56,0.0,21.071428,27.685715,14.900001,73.6,3.4428575,2.6285713,3.957143,8.5,24.357143,7.845461e-06,0.0026792735,-7.2791902999999985e-25,0.0,0.0,True
2002-08-26,142.53,13.9,19.47143,24.52857,14.957144,81.54286,2.3857143,1.8999999,2.7571428,8.214286,23.12857,0.00011596084,0.002499938,-7.2791902999999985e-25,7.450581e-09,0.0,True
2002-09-02,142.54,22.0,19.142857,23.071428,15.5,83.41429,1.8285713,1.5857143,2.1571429,8.485714,21.471428,0.00021320581,0.0023563877,-7.2791902999999985e-25,9.313226e-09,0.0,True
2002-09-09,142.49,9.2,18.34286,24.34286,13.342857,77.42857,2.1857142,1.8142856,2.6000001,8.342857,21.028572,0.0001167506,0.0022201315,-7.2791902999999985e-25,1.8626451e-09,0.0,True
2002-09-16,142.43,3.1,14.728571,20.714285,10.014287,75.94286,1.942857,1.5999998,2.2714286,8.342857,17.814285,0.00017984211,0.0020896792,-7.2791902999999985e-25,3.7252903e-09,0.0,True
2002-09-23,142.48,30.6,13.842857,18.87143,9.214286,82.35714,1.3571428,1.1428571,1.6,8.328571,16.77143,0.00031682104,0.0019704476,-7.2791902999999985e-25,3.7252903e-09,0.0,True
2002-09-30,142.48,7.7000003,9.657144,14.17143,5.557143,83.38572,1.0,0.9142857,1.2428571,9.828571,11.771428,0.00026375055,0.0018882006,5.676633e-08,7.4505806e-07,7.301569e-07,True
2002-10-07,142.64,33.100002,12.057143,17.057142,7.585715,85.21429,1.0,0.9285714,1.1714286,9.771428,13.942857,0.0025794283,0.0024534538,-7.2791902999999985e-25,5.5879354e-09,0.0,True
2002-10-14,142.55,3.4,9.7,13.785714,6.071429,84.68572,0.75714284,0.6857143,0.9285714,10.042857,11.0,8.621812e-05,0.0017909482,-7.2791902999999985e-25,1.8626451e-09,0.0,True
2002-10-21,142.81,54.2,10.714286,14.457144,7.228572,87.18572,0.8142857,0.8142857,0.8428572,10.842857,10.942857,0.0025117472,0.0030427575,-7.2791902999999985e-25,7.264316e-08,7.4505806e-08,True
2002-10-28,142.86,14.2,12.400001,16.185715,8.657144,72.58572,1.4714288,1.457143,1.7571429,10.742857,11.1285715,0.0012318566,0.0032418966,-7.2791902999999985e-25,1.1175871e-08,0.0,True
2002-11-04,143.24,36.7,11.685715,15.185715,8.3,83.47143,0.64285713,0.64285713,0.7,10.757143,11.214286,0.004500285,0.0061636195,-7.2791902999999985e-25,5.5879354e-09,0.0,True
2002-11-11,143.45,34.7,7.7285714,10.285714,4.7428575,88.07143,0.5142857,0.5142857,0.5857143,11.314285,7.9142857,0.0064430013,0.0093408525,5.551747e-06,3.5339966e-05,3.4844503e-05,True
2002-11-18,143.52,37.4,8.714286,11.6,5.728572,88.62858,0.38571426,0.38571426,0.44285718,11.3714285,8.1,0.0015135258,0.012559645,-7.2791902999999985e-25,1.9930303e-07,0.0,True
2002-11-25,143.35,13.599999,6.9,9.371429,3.9714286,92.9,0.27142859,0.27142859,0.29999998,10.7,7.0,0.00031076372,0.015824534,-7.2791902999999985e-25,0.0,0.0,True
2002-12-02,143.3,13.6,7.371429,9.728572,5.042857,89.62858,0.31428573,0.31428573,0.29999998,10.671429,7.4857144,0.00018772483,0.015805922,-7.2791902999999985e-25,1.1175871e-08,2.2351742e-08,True
2002-12-09,143.16,0.2,3.2285714,4.714286,1.9714286,84.57143,0.18571427,0.18571427,0.45714286,10.328571,3.8142858,2.9355288e-05,0.014849842,3.37192e-06,3.0528754e-06,1.3571233e-05,True
2002-12-16,143.05,16.5,0.3142857,2.8428574,-2.3999999,86.94286,0.12857142,0.12857142,0.18571427,10.285714,0.2,0.00032047927,0.0136372745,7.090114e-06,1.0129064e-05,1.899898e-07,True
2002-12-23,143.39,25.3,5.457143,7.7428575,2.6000001,88.24286,0.25714284,0.25714284,0.31428573,10.814285,3.3857143,0.0019937903,0.015231177,1.4974958e-05,3.887154e-05,3.7759542e-05,True
2002-12-30,143.3,15.2,9.042857,11.242858,6.414286,88.457146,0.38571426,0.38571426,0.5,10.742857,7.428571,0.00057531893,0.013285659,-7.2791902999999985e-25,4.6379864e-07,0.0,True
2003-01-06,143.59392970201867,37.5,4.857143,8.0,1.5857143,85.87144,0.3,0.3,0.64285713,10.7,7.4,0.0052626133,0.023244515,0.0012727238,7.3462725e-06,0.0046783015,True
2003-01-13,143.36,5.6,-5.7714286,-3.2000003,-8.6285715,79.18572,0.0,0.0,0.2857143,10.485714,-1.1285714,8.34465e-07,0.026628748,0.0048315637,2.5965273e-06,0.00607495,True
2003-01-20,143.16,7.5,2.6000001,6.0428576,-0.5714286,89.65715,0.35714287,0.35714287,0.31428573,10.314285,0.17142858,0.0003220141,0.022671215,0.007580814,0.011257444,0.0023302212,True
2003-01-27,143.25,15.0,4.1142855,6.6,1.3000001,87.90001,0.44285718,0.42857143,0.42857143,10.414286,2.557143,0.00067133456,0.019060038,0.00091926823,0.0029174648,0.0016188808,True
2003-02-03,143.33,26.3,1.2571429,3.8,-1.5,83.12858,0.51428574,0.51428574,0.5714286,10.457143,1.6,0.0017970502,0.019154154,0.008222353,0.007961379,0.016310342,True
2003-02-10,143.24,4.2,1.7285715,4.4428573,-0.64285713,82.38572,0.4,0.4,0.5,10.428572,0.62857145,0.00024847686,0.016921721,0.013732149,0.008308556,0.010926541,True
2003-02-17,143.09,0.0,-2.1000001,1.0,-5.0,72.4,0.22857143,0.21428572,0.71428573,10.157143,-0.2,6.28978e-05,0.016132064,0.008005324,0.0023756288,0.00014226884,True
2003-02-24,142.96,0.0,-0.09999997,6.0285716,-5.6,73.0,0.74285716,0.64285713,0.7714286,9.8714285,0.31428573,0.00012008846,0.014906459,0.003891627,0.005186593,8.195639e-08,True
2003-03-03,143.05,16.2,6.1285715,11.428572,1.4142857,76.15715,0.94285715,0.81428576,0.9714286,9.671429,5.642857,0.0003594011,0.013453826,0.00026798816,0.0009773411,3.7170947e-05,True
2003-03-10,143.05,5.6,8.114286,13.957143,2.457143,73.27143,1.4000002,1.2857143,1.4142857,9.8714285,8.3,0.00012820214,0.012193337,7.0276715e-06,3.352575e-05,3.427267e-07,True
2003-03-17,142.96,5.9,7.414286,13.0,2.1000001,60.4,1.9571428,1.6714284,2.0285714,9.271428,8.185715,9.672344e-05,0.011097178,-7.2791902999999985e-25,1.2479722e-07,0.0,True
2003-03-24,142.85,0.0,7.071429,14.900001,-0.64285713,59.128574,2.057143,1.557143,2.0857143,8.6,9.0,4.4703484e-08,0.009969972,-7.2791902999999985e-25,0.0,0.0,True
2003-03-31,142.78,0.4,12.771429,19.5,5.785714,63.44286,2.0714285,1.5857142,2.357143,8.042857,13.471429,2.7559698e-05,0.008818328,-7.2791902999999985e-25,0.0,0.0,True
2003-04-07,142.75,13.4,6.7000003,12.042857,1.4142858,59.457146,2.2428572,1.8,2.3857143,7.7285714,9.728572,0.00020758808,0.0077647045,5.094778e-05,0.00013159402,0.0003782697,True
2003-04-14,142.63,3.1,6.785714,12.571428,0.0142857,60.44286,2.2714286,1.6000001,2.357143,7.257143,9.785714,2.7686357e-05,0.0068724006,0.00016708601,0.0006750524,0.00046597794,True
2003-04-21,142.59,0.7,14.014287,20.84286,6.1,49.771427,3.885714,1.9714286,4.157143,6.1714287,15.442857,2.5235116e-05,0.006013058,4.4277735e-07,4.8056245e-06,0.0,True
2003-04-28,142.58,11.6,15.028571,21.957142,8.057143,66.04286,3.085714,1.3571428,3.1571429,5.9428573,16.77143,4.5374036e-05,0.0052516833,-7.2791902999999985e-25,3.7252903e-09,0.0,True
2003-05-05,142.54,9.4,15.242858,21.47143,8.357142,68.48572,3.3285716,1.8999999,3.142857,5.9857144,17.028572,0.00012952834,0.0046175644,-7.2791902999999985e-25,7.450581e-09,0.0,True
2003-05-12,142.51,25.9,17.6,23.071428,12.457144,73.82857,3.2285717,1.7714285,3.4714284,5.7285714,20.385714,0.000217475,0.0040364712,-7.2791902999999985e-25,7.450581e-09,0.0,True
2003-05-19,142.5,22.0,12.885715,17.528572,8.171429,75.82857,2.3857143,1.8428571,2.542857,6.0285716,15.971429,0.00031657517,0.0035829395,-7.2791902999999985e-25,7.450581e-09,0.0,True
2003-05-26,142.54,15.599999,15.042857,19.214285,10.814286,78.88572,2.5285716,2.1714284,2.642857,6.757143,17.157143,0.001109004,0.0032292604,-7.2791902999999985e-25,3.7252903e-09,0.0,True
2003-06-02,142.47,0.8,20.714285,26.085714,14.914286,75.01429,3.5285716,2.5571427,4.1714287,6.285714,23.12857,0.00028021634,0.0029443875,-7.2791902999999985e-25,7.450581e-09,0.0,True
2003-06-09,142.42390852305874,14.3,23.17143,29.642857,16.6,67.4,4.3857145,2.4285715,5.0,5.385714,26.942858,3.321469e-05,0.0026724786,-7.2791902999999985e-25,7.450581e-09,0.0,True
2003-06-16,142.39499999999998,16.1,23.757143,30.4,17.27143,69.685715,4.771428,2.1000001,5.214286,4.785714,27.814285,9.551644e-05,0.002395533,-7.2791902999999985e-25,1.1175871e-08,0.0,True
2003-06-23,142.33,16.0,21.742859,28.414288,14.742858,63.485718,5.142857,1.1714286,4.957143,4.5,25.9,4.3421984e-05,0.0021439567,-7.2791902999999985e-25,3.7252903e-09,0.0,True
2003-06-30,142.33,27.099998,22.285715,28.514286,15.757143,68.57143,4.7285714,0.94285715,4.6285715,4.4,26.785715,5.2124262e-05,0.0019052476,-7.2791902999999985e-25,3.7252903e-09,0.0,True
2003-07-07,142.35,50.6,17.84286,22.4,13.728572,78.314285,3.3999999,2.4857142,3.2,5.3714285,21.314285,0.00025238097,0.0017167851,-7.2791902999999985e-25,1.1175871e-08,0.0,True
2003-07-14,142.28,0.0,21.757143,27.84286,14.314286,59.385715,5.357143,1.6285714,5.4714284,4.542857,26.485714,3.427267e-07,0.0015421733,-7.2791902999999985e-25,3.7252903e-09,0.0,True
2003-07-21,142.25,14.799999,23.128572,30.157145,15.014287,61.857143,4.914285,1.0857142,5.0,4.3,26.585714,5.8591366e-05,0.0013547316,-7.2791902999999985e-25,3.7252903e-09,0.0,True
2003-07-28,142.23,25.5,21.728573,27.185715,16.6,71.38572,3.6857145,1.6714287,3.9142857,4.285714,25.114286,0.00012202561,0.0012055635,-7.2791902999999985e-25,7.450581e-09,0.0,True
2003-08-04,142.15,4.7,23.057144,30.300001,15.071428,66.44286,4.342857,1.9428571,4.7285714,4.285714,26.0,5.1647425e-05,0.001087822,-7.2791902999999985e-25,7.450581e-09,0.0,True
2003-08-11,142.05,0.0,27.5,36.37143,18.157145,52.100002,5.299999,0.62857145,5.7714286,3.7142856,29.171429,5.5134296e-07,0.0009618923,-7.2791902999999985e-25,0.0,0.0,True
2003-08-18,142.02,3.7,24.67143,32.228573,17.142857,55.37143,4.5142856,0.88571423,5.085714,3.6,27.028572,2.5689602e-05,0.0008471012,-7.2791902999999985e-25,1.8626451e-09,0.0,True
2003-08-25,141.94,0.0,22.300001,29.285715,15.228572,57.92857,3.8428574,0.44285718,4.5285716,3.5285714,25.514286,4.172325e-07,0.0007530898,-7.325276e-25,3.7252903e-09,0.0,True
2003-09-01,142.0,22.7,18.728573,25.485716,12.557143,67.58572,2.7571428,1.2857143,3.1857142,3.9142857,21.414286,5.5477023e-05,0.000673227,-7.345365000000001e-25,3.7252903e-09,0.0,True
2003-09-08,141.97,13.5,16.614286,23.314287,9.728571,65.87143,2.4571426,1.5142858,2.9285715,4.114286,19.157143,5.941093e-05,0.00061677396,-7.345365000000001e-25,3.7252903e-09,0.0,True
2003-09-15,141.96,9.599999,15.800001,21.828571,9.8714285,69.25715,2.1285713,1.5,2.7,4.3714285,17.657143,6.3970685e-05,0.00057017803,-7.345365000000001e-25,3.7252903e-09,0.0,True
2003-09-22,141.92,1.0,18.600002,27.714285,8.928572,63.68572,2.357143,1.1999999,3.0714285,3.8,20.114286,3.2782555e-07,0.000527136,-7.345365000000001e-25,1.8626451e-09,0.0,True
2003-09-29,141.91,12.1,14.185715,20.614286,8.085714,69.82857,1.5714285,0.9,1.9571428,3.9285715,16.214285,7.849932e-05,0.00048981607,-7.345365000000001e-25,5.5879354e-09,0.0,True
2003-10-06,141.92,39.7,12.8,17.27143,8.414286,80.71429,1.1571429,0.91428566,1.4,4.857143,13.885715,0.00017745793,0.00046319515,-7.345365000000001e-25,1.8626451e-09,0.0,True
2003-10-13,141.97,23.4,11.671428,15.7,8.014286,77.971436,1.0142858,0.9571429,1.3142856,7.285714,11.742857,0.0006344244,0.0004441291,9.536743e-07,1.20755285e-05,1.1920929e-05,True
2003-10-20,141.95,24.300001,6.957143,12.414286,1.957143,72.12858,1.0428572,0.8142857,1.3000001,7.1,9.028571,9.7706914e-05,0.00042647868,-7.345365000000001e-25,3.7252903e-09,0.0,True
2003-10-27,141.95,5.3,3.9428573,8.085714,0.5428571,81.84286,0.55714285,0.5285714,0.67142856,7.9857144,5.3428574,0.00019057468,0.00041295588,6.713754e-05,0.00015630014,0.00021185353,True
2003-11-03,141.94,14.5,7.8428574,11.742858,3.8857143,81.11428,0.78571427,0.7285714,0.88571423,8.3714285,7.2714286,0.00024037063,0.0004024133,1.1642774e-05,5.3012744e-05,2.0489097e-07,True
2003-11-10,141.94,0.2,5.871429,10.5,1.4857143,87.14286,0.55714285,0.4857143,0.51428574,8.5,6.4,1.6391277e-07,0.00039357692,-7.345365000000001e-25,9.313226e-09,0.0,True
2003-11-17,141.97,22.900002,6.7428575,9.414286,3.7285714,87.41429,0.3285714,0.31428573,0.40000004,8.8,6.2714286,0.00024822354,0.0003863424,4.6548388e-07,1.6801059e-06,4.7050416e-06,True
2003-11-24,141.94,0.1,7.857143,11.028572,4.5285716,87.75715,0.2857143,0.25714287,0.41428572,9.471429,6.957143,7.8871846e-05,0.00038105994,5.676633e-07,3.0752271e-06,0.0,True
2003-12-01,142.02,27.400002,6.6142855,9.357142,4.2428575,89.44286,0.25714287,0.22857144,0.3,10.0,6.1,0.000472188,0.00037721545,8.526303e-06,3.2162294e-05,3.81805e-05,True
2003-12-08,141.97,0.3,3.3857143,5.371429,1.2285713,86.14286,0.20000002,0.18571429,0.27142859,9.842857,3.4285715,1.2598932e-05,0.0003759414,2.628281e-06,6.115064e-06,7.227063e-07,True
2003-12-15,141.99,10.2,3.6285713,6.5285716,0.21428572,83.471436,0.55714285,0.55714285,0.42857143,9.842857,2.3714285,0.0006833151,0.0003765449,6.0331255e-05,2.5417656e-05,0.0019664988,True
2003-12-22,142.0,6.2,3.6857145,6.7714286,0.2571429,81.58572,0.5,0.5,0.5,10.142858,2.5,0.00033970177,0.00038202852,0.0017567759,0.003192259,0.0020380765,True
2003-12-29,142.0,0.0,2.4142857,5.714286,-1.3142856,74.0,0.31428573,0.3,0.5,10.185715,0.8857143,5.8040023e-05,0.0003979057,0.0006435315,0.000790976,9.388104e-05,True
2004-01-05,141.96,3.6000001,-0.8,1.2571429,-3.3,83.71429,0.2,0.2,0.3,10.15,0.35,1.1429191e-05,0.0004216656,0.0034823702,0.00040469505,0.007913969,True
2004-01-12,142.21,41.7,5.871429,9.0,2.7571428,86.9,0.5,0.5,0.5,10.757143,2.4571428,0.0034645498,0.0022385493,0.0025892656,0.007815465,6.8146735e-05,True
2004-01-19,142.7,56.2,5.0,7.1857147,2.6285717,82.74286,0.74285716,0.74285716,0.6857143,11.314285,4.1,0.007897057,0.0067807436,0.00035106568,0.0005659256,0.005968407,True
2004-01-26,142.67,11.5,0.44285718,3.2,-2.4714286,86.62858,0.31428573,0.31428573,0.27142859,10.8,0.4,0.00095558167,0.0016696528,0.004847027,0.004517151,0.0068801492,True
2004-02-02,142.8,8.8,4.557143,7.1714287,1.6285714,74.185715,0.87142855,0.82857144,1.1714286,10.3714285,2.4857142,0.0005882457,0.0021995157,0.011187741,0.018568609,0.012265615,True
2004-02-09,142.76,7.1000004,8.614286,12.857142,4.1714287,64.814285,1.4142858,1.2857143,1.5285714,9.757143,6.6285715,0.000265792,0.0027843192,0.00012864952,0.00035104528,0.0006467961,True
2004-02-16,142.8,12.299999,3.5285716,6.9428573,0.071428575,85.61428,0.5714286,0.5714286,0.5285714,10.057143,3.9714286,0.00025942922,0.0033055693,0.0041456847,0.008189838,0.009184923,True
2004-02-23,142.71,7.9,2.3999999,5.728572,-0.8142857,78.52857,0.75714284,0.6714286,0.7714286,10.0,2.4857142,0.00014255941,0.0037571862,0.0013577314,0.0015921071,0.0046029836,True
2004-03-01,142.6,0.5,-0.20000002,3.4857144,-3.9857144,72.71429,0.62857145,0.6,0.8142857,10.028571,0.32857144,6.950647e-05,0.004051283,0.0049635684,0.0026371721,0.0041189976,True
2004-03-08,142.55,7.6,2.8,6.728572,-1.2428571,78.32857,0.8000001,0.7285714,0.85714287,9.928572,2.3142858,0.00028217584,0.004211612,0.003065166,0.006292414,0.0020184107,True
2004-03-15,142.53,9.5,4.3142858,8.471429,0.08571434,82.07143,0.9714286,0.9428572,1.0428572,10.085714,4.614286,0.00030472875,0.0043196455,0.00063155947,0.0016834848,0.0011981949,True
2004-03-22,142.55,6.8,12.185715,17.828571,6.328572,64.828575,2.057143,1.8428572,2.3,9.585714,11.428572,0.00017690659,0.004455656,5.381448e-06,4.2598695e-05,1.0691583e-06,True
2004-03-29,142.49,0.1,4.928571,9.728571,0.10000001,65.942856,1.5,1.2714285,1.6571429,9.357142,6.885714,8.6613e-05,0.004503414,3.7908554e-05,0.00010350533,0.00011571497,True
2004-04-05,142.45,12.0,11.585714,17.800001,5.228572,62.37143,2.4857142,2.042857,2.5714285,8.7,12.257143,0.00021719933,0.0044287443,1.2091228e-06,9.486452e-06,0.0,True
2004-04-12,142.50342064874815,17.4,7.2571435,11.7,2.7571428,72.74286,1.8571428,1.6857141,1.8571428,8.971429,9.028571,0.00048725307,0.0043552592,1.8988338e-05,0.00010889955,0.00010809116,True
2004-04-19,142.52,4.5,11.228572,17.914286,4.4428573,62.014286,2.7428572,2.142857,2.9714284,8.285714,13.1285715,5.9492886e-05,0.004278913,6.81196e-08,7.8603625e-07,0.0,True
2004-04-26,142.42,1.9000001,13.1,19.4,6.0,65.01429,2.957143,1.942857,3.0714285,7.3142858,15.814285,8.955598e-06,0.004133098,-7.2791902999999985e-25,1.8626451e-09,0.0,True
2004-05-03,142.36,5.6,14.771429,21.057144,8.142858,70.957146,2.8,1.6142857,2.9714284,6.4428573,17.971428,0.00011835992,0.003931798,-7.2791902999999985e-25,0.0,0.0,True
2004-05-10,142.41,33.2,10.542857,13.485715,7.571429,79.24286,1.6714286,1.4,1.8428571,7.1714287,12.685715,0.00059485435,0.003733836,-7.2791902999999985e-25,2.1979213e-07,2.3469329e-07,True
2004-05-17,142.33,0.0,13.842857,19.34286,8.028571,70.0,3.0,2.2142856,3.3142858,7.642857,17.057142,2.321601e-05,0.0035726428,-7.2791902999999985e-25,1.8626451e-08,0.0,True
2004-05-24,142.27,19.8,14.614286,21.757143,6.871429,65.34286,3.6571426,2.6285713,3.8857143,6.928571,19.87143,3.9190054e-05,0.0033472255,-7.2791902999999985e-25,0.0,0.0,True
2004-05-31,142.25224246452916,4.8999996,15.614286,22.528574,8.0,54.971428,4.1142855,2.4857144,4.5142856,6.357143,20.27143,0.0001039803,0.0030850396,-7.2791902999999985e-25,0.0,0.0,False
2004-06-07,142.21499999999995,23.800001,15.685715,21.37143,9.914286,79.5,2.442857,1.9285715,2.7714286,7.357143,18.814285,0.00017669797,0.0028482229,-7.2791902999999985e-25,3.7252903e-09,0.0,True
2004-06-14,142.24,18.0,19.942858,26.142857,13.6285715,73.314285,4.014286,2.885714,4.2285714,7.2,23.014286,0.00017289817,0.002609089,-7.2791902999999985e-25,3.7252903e-09,0.0,True
2004-06-21,142.21,15.0,16.742857,21.885714,11.214286,68.67143,3.4857144,2.3428574,3.7428572,6.714286,20.8,3.1478703e-05,0.0023811758,-7.2791902999999985e-25,0.0,0.0,True
2004-06-28,142.17,3.1999998,19.0,24.47143,12.7,60.214287,4.4,2.3714287,4.5285716,6.0142856,21.37143,5.2899122e-05,0.0021693036,-7.2791902999999985e-25,1.1175871e-08,0.0,True
2004-07-05,142.15,12.2,17.842857,24.085714,11.6,64.4,3.8285716,1.8285713,3.8999999,5.357143,21.62857,3.503263e-05,0.0019368529,-7.2791902999999985e-25,3.7252903e-09,0.0,True
2004-07-12,142.2,46.4,16.742857,21.442858,12.828572,75.8,2.9142857,2.2999997,3.0857143,6.0571427,19.72857,0.00019019842,0.0017502978,-7.2791902999999985e-25,3.7252903e-09,0.0,True
2004-07-19,142.17,4.5,20.27143,25.97143,14.985715,71.35715,3.614286,2.7142856,3.8428571,6.042857,22.757143,0.00019818544,0.0016050413,-7.284705e-25,5.5879354e-09,0.0,True
2004-07-26,142.17,12.4,21.485716,27.328571,15.771429,73.92857,3.6714287,2.857143,3.9142857,5.714286,25.514286,0.000109776855,0.0014563128,-7.345365000000001e-25,3.7252903e-09,0.0,True
2004-08-02,142.09,0.0,21.100002,28.942858,13.114286,61.92857,4.4,2.3999999,4.857143,4.9714284,25.27143,1.5422702e-06,0.0013165846,-7.345365000000001e-25,3.7252903e-09,0.0,True
2004-08-09,142.05,2.4,23.242859,30.642857,16.557144,70.6,3.7142856,1.3571428,4.157143,4.742857,26.557142,6.7569315e-05,0.0011710525,-7.345365000000001e-25,5.5879354e-09,0.0,True
2004-08-16,142.14,43.399998,19.97143,25.714285,15.257143,80.057144,2.6857145,2.1285713,3.0142858,5.8714285,22.657143,0.00022751093,0.001062952,-7.345365000000001e-25,1.3038516e-08,0.0,True
2004-08-23,142.17,26.9,19.057144,24.4,14.471429,78.17143,2.7142856,2.4428573,2.9857142,6.457143,21.185715,0.00012210011,0.0009852722,-7.345365000000001e-25,7.450581e-09,0.0,True
2004-08-30,142.22,35.2,17.714285,21.828571,13.971429,79.17143,2.1857142,2.0571427,2.3999999,7.5571427,19.3,0.0006697327,0.00091795623,-7.345365000000001e-25,1.4901161e-08,0.0,True
2004-09-06,142.12,1.6,18.257143,25.6,11.214286,74.92857,2.6857142,2.1,3.0714285,7.2,21.542856,1.7508864e-06,0.00085967034,-7.345365000000001e-25,3.7252903e-09,0.0,True
2004-09-13,142.11,2.3999999,18.714285,25.37143,11.942858,68.15715,2.757143,2.0714285,3.1571429,6.4142857,21.542856,3.9234757e-05,0.00079544634,-7.345365000000001e-25,7.450581e-09,0.0,True
2004-09-20,142.08,2.2,15.085715,20.957144,9.6285715,76.94286,1.642857,1.1857144,2.0142858,6.5285716,17.557142,1.5579164e-05,0.0007438585,-7.345365000000001e-25,1.8626451e-09,0.0,True
2004-09-27,142.11,18.8,13.042857,15.842857,10.3,79.542854,1.2285717,1.0571429,1.5857143,6.571429,14.357142,0.00070263445,0.00070851296,-7.345365000000001e-25,3.7252903e-09,0.0,True
2004-10-04,142.06,4.1,15.157144,19.942858,11.057143,84.27143,1.042857,0.8714286,1.3428571,7.0857143,15.8714285,0.00017242134,0.00068526715,-7.345365000000001e-25,5.5879354e-09,0.0,True
2004-10-11,142.2,53.1,13.1285715,16.47143,10.0,84.54286,0.85714287,0.75714284,1.2,8.0,14.328571,0.00039464235,0.0006634593,-7.345365000000001e-25,3.7252903e-09,0.0,True
2004-10-18,142.25,27.7,9.471429,13.771429,5.471429,86.35714,0.8285715,0.78571427,0.87142855,9.342857,10.685715,0.00024271011,0.00064872205,-7.345365000000001e-25,0.0,0.0,True
2004-10-25,142.24,19.0,13.5,18.857143,8.257143,84.54286,0.84285724,0.81428576,1.0142857,9.742857,12.614285,0.00017178804,0.0006391406,-7.345365000000001e-25,1.8626451e-09,0.0,True
2004-11-01,142.60306373695087,53.1,10.642858,13.371429,7.9000006,90.52857,0.42857143,0.42857143,0.55714285,10.485714,11.185715,0.0009995475,0.0017816871,-7.345365000000001e-25,1.8626451e-09,0.0,False
2004-11-08,142.58499999999998,16.6,9.228571,12.1285715,6.228572,88.200005,0.3857143,0.37142858,0.47142857,10.142858,9.8714285,0.00022044778,0.0006505549,-7.345365000000001e-25,4.284084e-08,3.501773e-07,True
2004-11-15,142.57,11.6,2.8,5.471429,0.44285712,87.52857,0.2857143,0.2857143,0.37142858,10.257143,3.4714286,0.00017602742,0.0006801486,0.0023286173,0.0035478864,0.004986219,True
2004-11-22,142.53,11.5,5.4000006,8.585714,1.8428571,78.42857,0.61428577,0.59999996,0.78571427,10.214286,4.3714285,0.0006220117,0.0010581464,0.00047524204,0.0020067655,0.00042876787,True
2004-11-29,142.56,7.7999997,4.8857145,7.6,1.8571428,91.07143,0.27142859,0.24285717,0.31428573,10.228572,4.9428573,0.00028149784,0.0008174479,5.6596027e-06,3.1288713e-05,5.9604645e-08,True
2004-12-06,142.56,4.7999997,3.5142858,5.3285713,1.4285715,92.18572,0.15714286,0.14285716,0.27142859,10.3,3.857143,5.6691468e-05,0.0009257272,5.1089696e-08,6.7800283e-07,2.2538006e-07,True
2004-12-13,142.49,0.1,-0.7428571,0.54285717,-2.0285714,92.27143,0.057142857,0.057142857,0.2,10.2,0.6857143,4.4703484e-08,0.001038909,-7.345365000000001e-25,1.1175871e-07,1.0803342e-07,True
2004-12-20,142.67,27.3,1.1285714,3.5,-1.1571429,86.9,0.3285714,0.3285714,0.4,10.571428,0.45714286,0.00048290938,0.0011389256,0.0029637928,0.0011906382,0.0130581595,True
2004-12-27,142.77,11.7,2.557143,5.0142856,-0.10000004,85.814285,0.2857143,0.2857143,0.45714286,10.6285715,1.9142857,0.0007670671,0.0012975931,0.0057088365,0.0148775745,0.0038278103,True
2005-01-03,142.85,13.4,3.5142858,5.557143,1.3142856,86.08572,0.2,0.2,0.45714286,10.55,0.725,0.0006166473,0.0027285963,0.0034997803,0.0069989394,0.0059922,True
2005-01-10,142.87,7.5,7.5428576,11.242858,3.114286,79.12858,0.78571427,0.75714284,0.6571428,10.257143,4.957143,0.00035535544,0.0025132373,7.665157e-05,0.00034349225,7.599592e-07,True
2005-01-17,142.8,3.7,2.8428571,5.971429,-0.22857139,86.21429,0.34285715,0.34285715,0.37142855,10.171429,2.6714287,0.00018239021,0.003097482,7.0390246e-07,1.4882535e-06,1.244247e-06,True
2005-01-24,142.96,21.2,4.0142856,6.857143,1.0571429,77.78571,0.75714284,0.75714284,0.71428573,10.3714285,2.8857143,0.0012976378,0.005297482,0.0008974473,0.0015376564,0.00622255,True
2005-01-31,142.81,11.2,-3.1857145,-0.59999996,-6.0,76.04286,0.042857144,0.042857144,0.4857143,10.257143,-0.08571429,2.1275133e-05,0.004793778,0.0071893362,0.000353951,0.008835886,True
2005-02-07,142.86,2.0,1.4857143,4.1714287,-0.82857144,86.814285,0.47142854,0.47142854,0.40000004,10.242857,0.6,0.00055968016,0.005263239,0.01046145,0.013010271,0.006199524,True
2005-02-14,143.21,24.4,4.7571425,8.714286,0.88571423,81.814285,0.85714287,0.85714287,0.7285714,10.5,3.3285713,0.0027155504,0.008034602,0.002380428,0.006313633,0.0072015636,True
2005-02-21,143.07,11.1,-0.042857144,1.7857143,-1.6714287,83.557144,0.18571429,0.18571429,0.5285714,10.6285715,0.37142858,6.791204e-05,0.009449527,0.01363563,0.0026227813,0.0161274,True
2005-02-28,142.94,8.4,-2.8,0.4857143,-6.2714286,79.58572,0.12857142,0.12857142,0.5714286,10.357142,0.14285715,9.268522e-05,0.010182388,0.022837332,0.0039893202,0.013125233,True
2005-03-07,142.81,2.9,-2.7285714,1.7142857,-7.4428573,72.14286,0.37142855,0.35714287,0.7428571,10.228572,0.1,0.00016669184,0.010022402,0.020227313,0.0071457773,0.0055927224,True
2005-03-14,142.87,4.3,3.414286,7.142857,-0.5,75.57143,1.1142857,1.1,1.0571429,10.071428,2.7,0.0014448017,0.011697508,0.012563671,0.023420198,0.006685786,True
2005-03-21,142.94,0.0,11.885715,19.057144,5.042857,67.314285,2.1571429,1.7714285,2.2571428,9.471429,11.971429,9.186566e-05,0.010692559,0.0005170561,0.0032182,0.0,True
2005-03-28,142.93214130147658,22.6,11.8714285,16.642857,7.157143,81.44286,1.3714285,1.3285713,1.5,9.257143,13.114285,0.00083835423,0.010504253,6.81196e-08,7.469207e-07,0.0,True
2005-04-04,142.89499999999998,13.9,11.157143,17.442858,4.6857147,72.12858,1.9142857,1.7142857,2.1571429,9.7,13.157143,0.00035369396,0.010149896,-7.345365000000001e-25,0.0,0.0,True
2005-04-11,143.13,36.8,8.714286,12.6,4.214286,78.68572,1.7857141,1.6714286,1.6,9.614285,10.785714,0.0016907752,0.01219514,8.060819e-06,4.2635947e-05,5.003065e-05,True
2005-04-18,142.98,33.1,11.585714,16.757143,6.914286,75.08572,1.7571429,1.5571429,1.9857142,9.514286,12.9,0.0010013431,0.010659412,9.1393787e-07,6.8154186e-06,0.0,True
2005-04-25,143.13,21.6,9.814286,14.0,5.642857,80.22858,1.6428572,1.5714285,1.7285715,10.528571,12.5,0.0015293583,0.0135706365,-7.345365000000001e-25,0.0,0.0,True
2005-05-02,142.99,3.5,16.828571,23.957144,9.814285,67.057144,3.357143,2.9,3.5857143,9.728572,18.6,0.00011315942,0.013545014,-7.345365000000001e-25,3.7252903e-09,0.0,True
2005-05-09,143.05,42.4,11.885715,16.014286,8.485715,79.38572,2.2428572,2.2,2.1142857,9.8,14.657143,0.0005711764,0.012811355,-7.345365000000001e-25,1.2665987e-07,1.3411045e-07,True
2005-05-16,142.91855690705975,16.9,11.785714,17.128572,6.071429,69.92857,2.757143,2.4142857,2.7142856,9.3714285,15.285714,0.00015097857,0.011812948,-7.345365000000001e-25,1.1175871e-08,0.0,False
2005-05-23,142.92000000000002,21.5,14.542857,20.157145,9.114286,75.042854,2.6571429,2.4285715,2.9142857,9.442857,17.585714,0.0003568679,0.010633625,-7.345365000000001e-25,0.0,0.0,True
2005-05-30,142.79,7.9,20.685715,28.485714,12.371429,65.52857,4.457143,3.5714285,4.857143,8.728572,24.328571,4.9844384e-05,0.009355135,-7.345365000000001e-25,3.7252903e-09,0.0,True
2005-06-06,142.69,7.2999997,16.642857,22.27143,10.814286,65.78571,3.757143,2.871429,3.9285715,7.6285715,21.428572,0.00014427304,0.008121707,-7.345365000000001e-25,0.0,0.0,True
2005-06-13,142.62,0.1,13.942858,20.5,6.642857,60.914288,3.585714,2.2,3.9285715,6.5142856,19.285715,1.6659498e-05,0.007047303,-7.345365000000001e-25,0.0,0.0,True
2005-06-20,142.53,2.0,20.785715,27.085714,14.142858,64.957146,4.457143,1.6142856,4.7999997,6.0,24.142857,0.00014663488,0.006097913,-7.345365000000001e-25,3.7252903e-09,0.0,True
2005-06-27,142.45,10.1,24.84286,32.2,17.571428,62.485718,5.328572,1.1999999,5.7285714,5.6571426,28.5,9.7960234e-05,0.005150385,-7.345365000000001e-25,7.450581e-09,0.0,True
2005-07-04,142.41,31.3,21.385715,27.242859,16.242857,74.15715,3.742857,2.5285716,3.957143,6.1857142,24.6,0.00069591403,0.0043972284,-7.345365000000001e-25,1.1175871e-08,0.0,True
2005-07-11,142.43,26.9,16.685715,22.2,11.528571,76.314285,3.0142856,2.5428574,3.3285713,7.0,20.0,0.0004672259,0.003884904,-7.345365000000001e-25,3.7252903e-09,0.0,True
2005-07-18,142.36,16.2,22.557144,30.285715,14.714286,65.25715,4.6857147,3.4571426,5.042857,6.4857144,25.928572,5.2705407e-05,0.0034340099,-7.345365000000001e-25,7.450581e-09,0.0,True
2005-07-25,142.42,40.6,18.571428,22.414288,15.0,74.28571,3.0285714,2.1,2.857143,5.928571,21.72857,0.00019137561,0.0030510426,-7.345365000000001e-25,7.450581e-09,0.0,True
2005-08-01,142.46,41.8,21.957142,28.757143,15.385714,70.62858,3.8285716,2.7857144,4.2571425,6.242857,25.085714,2.2806227e-05,0.0027336925,-7.345365000000001e-25,3.7252903e-09,0.0,True
2005-08-08,142.48,21.4,16.757143,21.328571,12.5,75.41429,2.7,2.242857,2.8285716,6.6571426,20.385714,0.0001488328,0.002450645,-7.345365000000001e-25,0.0,0.0,True
2005-08-15,142.53,33.4,16.185715,22.242859,10.5,77.15715,2.7857144,2.1571429,2.9714284,6.214286,20.157143,0.00025767088,0.002207987,-7.345365000000001e-25,3.7252903e-09,0.0,True
2005-08-22,142.54,27.5,18.685715,23.77143,14.0,80.057144,2.4428573,2.0285716,2.7857144,6.642857,20.87143,0.00028148293,0.0020150244,-7.345365000000001e-25,1.1175871e-08,0.0,True
2005-08-29,142.41,5.7999997,17.77143,23.314287,12.6,75.15715,2.5142858,1.9999999,2.9285715,7.114286,20.642857,0.00012698025,0.0018619001,-7.345365000000001e-25,3.7252903e-09,0.0,True
2005-09-05,142.37,0.0,21.4,28.657145,14.6428585,73.22858,3.1285717,1.9142857,3.6714287,6.2714286,24.357143,8.031726e-06,0.0017080456,-7.345365000000001e-25,1.1175871e-08,0.0,True
2005-09-12,142.35,19.1,20.100002,26.042858,15.1,79.28571,2.0857143,1.2714285,2.642857,6.1714287,22.671429,0.00016996264,0.0015668646,-7.345365000000001e-25,5.5879354e-09,0.0,True
2005-09-19,142.3,6.7,14.814286,19.428572,10.457144,79.0,1.5428572,1.2571429,1.8571428,7.357143,16.842857,0.00025317073,0.0014727339,-7.345365000000001e-25,5.5879354e-09,0.0,True
2005-09-26,142.27,0.0,14.228572,21.914288,7.357143,77.814285,1.6285714,1.2571428,2.0428572,7.2285714,17.014286,1.3291836e-05,0.0013798252,-7.345365000000001e-25,3.7252903e-09,0.0,True
2005-10-03,142.34612560245068,31.6,12.857142,15.914286,9.971429,85.91429,0.8857142,0.7285714,1.0428572,7.4857144,14.6,0.0005737692,0.001305975,-7.345365000000001e-25,3.7252903e-09,0.0,True
2005-10-10,142.28,1.3,13.871429,18.128572,10.185715,88.685715,0.8142857,0.68571424,1.0285714,8.657143,15.028571,0.0016953722,0.0017831773,-7.345365000000001e-25,1.8626451e-09,0.0,True
2005-10-17,142.24,0.3,10.400001,17.057144,5.2000003,87.9,0.9285715,0.7285715,0.9142857,8.242857,13.3714285,2.2351742e-07,0.0012194216,-7.345365000000001e-25,1.8626451e-09,0.0,True
2005-10-24,142.22,13.300001,12.242858,17.2,7.557143,84.200005,0.81428576,0.7428571,1.0,8.328571,12.385715,4.4964254e-05,0.001185067,-7.345365000000001e-25,5.5879354e-09,0.0,True
2005-10-31,142.19,5.6,12.685715,17.914286,7.957143,84.87142,0.87142855,0.7285715,0.94285715,8.314285,13.228572,3.401935e-05,0.0011538044,-7.345365000000001e-25,5.5879354e-09,0.0,True
2005-11-07,142.23,20.900002,11.5,16.242857,7.057143,83.8,0.7285714,0.7285714,0.7,8.657143,11.185715,0.00034728646,0.001125589,-7.345365000000001e-25,3.7252903e-09,0.0,True
2005-11-14,142.18,0.3,6.8428574,11.3714285,2.6857145,89.814285,0.35714287,0.34285715,0.35714287,8.9,7.785714,1.2904406e-05,0.0011029094,-7.345365000000001e-25,0.0,0.0,True
2005-11-21,142.15,3.8000002,2.5285716,5.0,-0.37142855,88.07143,0.2857143,0.27142859,0.34285715,8.957143,3.4571428,9.2595816e-05,0.0010858551,0.0002464794,0.00028746016,0.0029672086,True
2005-11-28,142.11,4.8,1.5285714,3.7000003,-0.88571435,76.72857,0.37142855,0.35714287,0.6857143,9.142858,0.8857143,4.8696995e-05,0.0010719895,0.0053910697,0.0018521436,0.008910194,True
2005-12-05,142.13,5.0,3.957143,6.7000003,1.2285715,80.94286,0.35714287,0.35714287,0.5285714,9.457143,2.142857,0.0005261153,0.0010601953,0.00542031,0.009411255,0.00014813244,True
2005-12-12,142.13,4.6,2.2857144,4.7999997,-0.5,83.72858,0.27142859,0.27142859,0.3285714,9.771428,1.9,0.0001566112,0.0010540485,0.00026592187,0.00035939366,0.0002227053,True
2005-12-19,142.17,13.500001,2.8142858,4.4142857,1.1285714,82.14286,0.40000004,0.40000004,0.5142857,9.957143,1.3285714,0.0006939247,0.0011739731,0.0021983555,0.00032586604,0.009274576,True
2005-12-26,142.18903468675472,6.3,2.4428573,3.757143,1.0285715,87.62858,0.15714286,0.14285715,0.31428573,10.142858,1.2142857,0.0002470389,0.0010992959,0.008117511,0.0063882656,0.0040304847,True
2006-01-02,142.25,16.9,0.38571426,2.914286,-2.457143,85.557144,0.1,0.1,0.35714287,10.4,0.2,0.0012632534,0.0013994724,0.010195749,0.016348664,0.013746519,True
2006-01-09,142.29,0.3,-1.1285715,0.85714287,-3.2571428,87.971436,0.18571429,0.18571429,0.24285714,10.285714,0.114285715,6.237626e-05,0.0014364719,0.0037509657,0.001960773,0.0005641952,True
2006-01-16,142.23,5.0,-2.6857145,-0.28571424,-5.071429,89.6,0.042857144,0.042857144,0.18571429,10.2,-1.3428571,5.4463744e-05,0.0017021373,0.0038163662,0.0023083985,0.003113415,True
2006-01-23,142.33,9.9,2.4857144,4.8142858,-0.4142857,84.48572,0.3285714,0.3285714,0.5,10.414286,7.930165e-18,0.001033768,0.0020326674,0.0017065264,0.0049179383,0.0019123666,True
2006-01-30,142.28,3.6,-3.8428571,0.11428571,-7.585715,76.17143,0.14285715,0.14285715,0.41428572,10.271428,-1.7714286,4.1522086e-05,0.0025023818,0.0036125693,0.0016852915,0.004836049,True
2006-02-06,142.21,0.2,-3.3428574,-0.58571434,-5.8142858,84.87144,0.114285715,0.114285715,0.32857147,10.185715,-2.0285714,4.839897e-05,0.0028870031,0.0024531966,0.00196914,0.0009397082,True
2006-02-13,142.2,7.5,1.0857142,3.8428574,-1.6714287,81.88572,0.5857143,0.5857143,0.54285717,10.014286,-0.014285714,0.00025059283,0.003145419,0.0035151981,0.0036018286,0.004859362,True
2006-02-20,142.5,21.0,6.371429,9.757143,3.114286,78.61428,0.9571429,0.9571429,0.94285715,10.614285,2.7428572,0.0015639514,0.004288532,0.0008305992,0.003813414,5.446002e-05,True
2006-02-27,142.46,0.2,1.7571429,4.285714,-0.78571427,74.457146,0.61428577,0.58571434,0.8428572,10.228572,1.6571429,1.7464161e-05,0.00449688,0.00028823104,0.00015337393,0.00087718666,True
2006-03-06,142.63,33.0,0.8000001,3.9714286,-2.0714285,80.78571,0.59999996,0.59999996,0.78571427,10.714286,0.14285715,0.001599744,0.0053882226,0.011017851,0.009712184,0.030017331,True
2006-03-13,142.99,24.5,2.5571427,5.8428574,-0.68571436,77.17143,0.7714286,0.7714286,1.0,10.928572,1.8285714,0.0048226938,0.011675283,0.0074016084,0.021597564,0.0050526373,True
2006-03-20,142.87,0.3,3.0285716,8.8,-2.2714286,64.24286,1.4571428,1.3,1.6142857,9.985714,3.5714285,7.816404e-05,0.012207881,0.0014776161,0.0030380022,7.666647e-06,True
2006-03-27,143.02,27.2,9.214286,13.657144,5.3857145,79.37142,1.4285715,1.3999999,1.4714285,9.914286,8.957143,0.0006646812,0.0120859295,5.1203227e-05,0.00033088028,0.00015942752,True
2006-04-03,143.13,19.7,11.400001,15.357142,7.371429,72.34286,1.9285716,1.9,2.0142858,10.214286,10.6285715,0.0008986443,0.012077823,5.676633e-07,6.8880618e-06,6.813556e-06,True
2006-04-10,143.05,17.2,6.571429,11.400001,1.6714287,70.64286,1.8857143,1.6999999,1.8,10.185715,9.114285,0.0016554222,0.013009563,4.1728927e-05,0.00020530075,0.00041244552,True
2006-04-17,143.06630404858214,9.7,9.1,12.457144,5.3142858,78.38572,1.5714284,1.5142858,1.5,10.1,9.714286,0.00036002696,0.013081595,4.3874694e-05,0.00022991188,2.0947307e-05,False
2006-04-24,142.98,6.6,12.871429,20.7,5.1142855,63.757145,3.0,2.4714284,3.1142857,9.242857,16.314285,4.8711896e-05,0.013197362,-7.345365000000001e-25,7.450581e-09,0.0,True
2006-05-01,142.91248667756614,23.9,12.114286,16.77143,7.4428573,70.185715,2.142857,1.9,2.357143,8.828571,14.814285,0.00033990294,0.012196831,3.122148e-07,1.7210841e-06,1.9446015e-06,True
2006-05-08,142.82999999999998,12.1,16.77143,23.87143,9.171428,59.028572,3.9857142,2.8142855,4.0571427,7.857143,19.814285,9.457767e-05,0.010883987,-7.345365000000001e-25,1.937151e-07,0.0,True
2006-05-15,142.69,21.7,14.742857,20.928572,8.814286,74.71429,3.142857,2.2000003,3.0571427,7.757143,18.242857,0.00086061656,0.009583108,-7.345365000000001e-25,0.0,0.0,True
2006-05-22,142.78,43.6,16.485714,20.928572,12.571428,72.92857,3.0857143,2.7714286,3.2428572,8.2,17.785715,0.0012645423,0.009539716,-7.345365000000001e-25,1.1175871e-08,0.0,True
2006-05-29,142.92,39.3,14.771429,18.4,10.642858,71.02857,2.9142857,2.542857,2.9285715,8.3,16.37143,0.0012312606,0.008189678,-7.345365000000001e-25,1.1175871e-08,0.0,True
2006-06-05,143.03251546130133,17.8,11.014287,15.842857,6.542857,75.4,2.4428573,2.2571428,2.6000001,9.485714,14.642858,0.00049931556,0.007778831,2.1571205e-07,2.6002526e-06,2.540648e-06,False
2006-06-12,142.89,0.0,16.97143,24.628572,8.271429,57.31429,4.9,3.5857146,5.1,8.357142,21.242857,6.109476e-07,0.007490389,-7.345365000000001e-25,0.0,0.0,True
2006-06-19,142.67,7.5,22.600002,29.957144,15.157144,62.028572,4.8142858,2.5,5.442857,6.742857,25.857143,8.071959e-05,0.0068061203,-7.345365000000001e-25,3.7252903e-09,0.0,True
2006-06-26,142.59,6.4,21.100002,27.057144,15.1,69.67143,4.2428575,1.9,4.414286,6.142857,24.828571,0.00015829504,0.006071426,-7.345365000000001e-25,7.450581e-09,0.0,True
2006-07-03,142.5,8.6,21.957144,28.100002,15.614286,66.51429,4.9857144,2.7142856,5.1857142,6.1,25.6,0.00022616982,0.0053552836,-7.345365000000001e-25,1.1175871e-08,0.0,True
2006-07-10,142.42,19.6,22.728573,28.97143,16.628572,69.200005,4.3285713,2.2285714,4.7999997,5.928571,26.22857,0.00010190904,0.004662469,-7.345365000000001e-25,7.450581e-09,0.0,True
2006-07-17,142.32,0.1,23.77143,30.542858,16.9,60.700005,5.6142855,2.0571427,6.0,5.6285715,27.37143,9.074807e-06,0.004042715,-7.345365000000001e-25,7.450581e-09,0.0,True
2006-07-24,142.24,0.1,25.77143,34.3,17.085714,56.328575,5.471429,0.7999999,5.9857144,5.242857,28.37143,6.3329935e-06,0.003426887,-7.345365000000001e-25,1.1175871e-08,0.0,True
2006-07-31,142.18,14.0,25.085714,32.3,18.414288,63.657143,4.628571,1.2571429,5.042857,4.957143,28.157143,7.148087e-05,0.002912186,-7.345365000000001e-25,7.450581e-09,0.0,True
2006-08-07,142.26,49.600002,18.442858,23.257143,14.328572,76.17143,2.9,2.1285713,3.1571426,5.8,21.3,0.00021654367,0.002555564,-7.345365000000001e-25,7.450581e-09,0.0,True
2006-08-14,142.33,57.4,15.514287,19.914288,11.985715,82.15715,2.142857,1.9571427,2.2285714,7.4714284,18.514286,0.00039957464,0.0023009405,-7.345365000000001e-25,5.5879354e-09,0.0,True
2006-08-21,142.41,33.0,18.714285,24.600002,13.6285715,75.75714,2.9,2.8285713,3.2285714,8.757143,20.2,0.0009216219,0.002100423,-7.345365000000001e-25,9.313226e-09,0.0,True
2006-08-28,142.5,47.4,16.414286,21.128572,12.185715,80.200005,2.1285713,2.042857,2.5571427,9.1285715,18.72857,0.001682058,0.0020886213,-7.345365000000001e-25,1.8626451e-09,0.0,True
2006-09-04,142.59,8.0,17.585714,22.914288,12.771429,76.0,2.357143,2.0714285,2.6857142,9.957143,18.685715,0.00015228987,0.0018218979,-7.345365000000001e-25,1.1175871e-08,0.0,True
2006-09-11,142.46,7.3,19.042858,25.942858,12.585715,74.44286,2.6857145,2.057143,2.9857142,8.842857,22.142857,7.753074e-05,0.0017171055,-7.345365000000001e-25,9.313226e-09,0.0,True
2006-09-18,142.49,32.2,18.157145,22.37143,14.1285715,84.48572,1.5,1.1999999,1.8000001,8.485714,20.857143,0.0018182099,0.0025686398,-7.345365000000001e-25,0.0,0.0,True
2006-09-25,142.44,21.9,17.714285,23.4,13.0,84.51429,1.6857141,1.3857143,2.0,8.9,20.057142,0.00028316677,0.0015550032,-7.345365000000001e-25,5.5879354e-09,0.0,True
2006-10-02,142.55,33.399998,16.37143,20.5,12.871429,87.04286,1.1999999,1.1571428,1.4428571,9.885715,18.114286,0.00086915493,0.0019850656,-7.345365000000001e-25,5.5879354e-09,0.0,True
2006-10-09,143.01,43.100002,13.271429,17.985716,8.785715,82.700005,1.2571429,1.2285715,1.4571428,10.928572,14.242857,0.004410811,0.00567732,-7.345365000000001e-25,5.5879354e-09,0.0,True
2006-10-16,142.82,0.0,12.828572,17.885714,8.528571,88.02857,0.88571435,0.7714285,1.0714285,9.885715,15.071428,2.0824373e-05,0.001881279,-7.345365000000001e-25,1.8626451e-09,0.0,True
2006-10-23,142.72,32.3,14.028571,18.37143,10.357142,85.52857,1.0,0.88571435,1.0714285,9.728572,14.3714285,0.00036977232,0.002034083,-7.345365000000001e-25,5.5879354e-09,0.0,True
2006-10-30,142.81,1.8,14.071428,18.928572,9.328572,82.614296,0.9571428,0.9428571,1.1142857,10.514286,13.785714,0.00019618869,0.00213442,-7.345365000000001e-25,3.7252903e-09,0.0,True
2006-11-06,142.69,3.5,6.2714286,10.599999,1.9000002,80.35714,0.6571428,0.64285713,0.74285716,10.071428,7.428571,7.160008e-05,0.0022556782,1.1239733e-05,2.435036e-05,3.2175332e-05,True
2006-11-13,142.65,7.6,7.3142858,11.428572,2.6142857,83.72858,0.6571428,0.64285713,0.7428571,9.914286,7.042857,0.00048041344,0.0023681596,1.6575768e-06,9.099022e-06,0.0,True
2006-11-20,142.67,10.3,11.1,14.985715,7.3142858,81.51429,0.67142856,0.6571428,0.71428573,9.971429,9.585714,0.00037478656,0.0025371164,-7.345365000000001e-25,0.0,0.0,True
2006-11-27,142.69,8.5,9.8714285,13.342857,6.0428576,84.02857,0.55714285,0.55714285,0.6857143,10.4,8.342857,0.0009379238,0.003559269,-7.345365000000001e-25,8.754432e-08,8.195639e-08,True
2006-12-04,142.7,13.6,8.142858,11.6,4.3714285,86.3,0.47142854,0.47142854,0.45714286,10.285714,6.957143,0.00048086047,0.0035960898,-7.345365000000001e-25,3.7252903e-09,0.0,True
2006-12-11,142.85,21.1,8.228572,10.857142,5.414286,80.6,0.5714286,0.5714286,0.8142857,10.742857,6.8285713,0.00045275688,0.0040704384,5.9604645e-07,9.0524554e-07,2.5816262e-06,True
2006-12-18,142.79,1.8,4.8428574,8.942858,1.0714285,83.814285,0.34285715,0.34285715,0.35714287,10.257143,3.557143,0.00014489889,0.004815094,8.730662e-06,1.952611e-05,2.6013702e-05,True
2006-12-25,142.68587568193797,0.0,1.7428571,4.3285713,-0.6714286,81.18572,0.2857143,0.2857143,0.40000004,10.1285715,1.2285714,7.599592e-07,0.0052831396,6.403242e-06,6.4112246e-06,2.4177134e-06,True
2007-01-01,142.64,12.5,3.642857,7.3428574,-0.099999905,79.557144,0.36666667,0.33333334,0.62857145,10.016666,1.2333333,0.0007952899,0.005573936,2.4466287e-06,4.8466027e-06,4.1350722e-07,True
2007-01-08,142.79,10.1,7.8,9.671428,5.414286,78.84286,0.82857144,0.82857144,0.9285714,10.357142,5.6714287,0.0012209341,0.0069385692,3.8328624e-05,0.00018964708,0.00018517673,True
2007-01-15,142.78,6.9,9.1285715,12.0,5.428571,77.54286,0.9571429,0.94285715,1.0142857,10.042857,7.4,0.00041808188,0.0075681284,-7.345365000000001e-25,6.3329935e-08,4.4703484e-08,True
2007-01-22,142.93,16.800001,9.571428,12.014285,6.6714287,77.08571,1.2285713,1.1999999,1.2857143,10.071428,7.5285716,0.002478227,0.009607255,3.40598e-08,9.126961e-08,3.2261014e-06,True
2007-01-29,142.9,14.0,-1.0,1.8714286,-4.157143,81.28571,0.24285714,0.24285714,0.5285714,10.3,0.98571426,0.00024737418,0.010736331,0.013056062,0.0065855347,0.02019786,True
2007-02-05,142.86,4.4,4.3714285,8.3,0.3285714,83.75714,0.5142857,0.4857143,0.5142857,10.057143,4.142857,0.00054472685,0.011146143,0.005527911,0.012178918,1.046434e-05,True
2007-02-12,143.04,24.7,6.714286,9.542857,4.1285715,80.35714,0.8428572,0.8428572,0.9,10.614285,5.142857,0.0013044104,0.012922123,0.0003339109,0.0010994654,6.436184e-05,True
2007-02-19,143.13,12.2,5.557143,10.6285715,0.78571427,82.24286,0.88571423,0.8714286,0.78571427,10.757143,5.857143,0.000730142,0.016793676,4.7116052e-07,3.8733706e-06,1.5422702e-06,True
2007-02-26,142.99,14.0,7.642857,11.728571,3.757143,79.88572,1.1,1.0571429,1.0571429,10.085714,7.3428574,0.00063245744,0.016710587,2.6566643e-06,2.1355227e-05,3.3028424e-05,True
2007-03-05,143.19,26.6,9.471429,13.014287,5.614286,72.41429,1.7571428,1.7571428,1.6,10.7,8.185715,0.0023167953,0.019304723,4.808108e-06,5.096011e-05,3.7204474e-05,True
2007-03-12,143.09,16.6,7.714286,13.400001,2.0857143,72.77143,1.5142858,1.4714285,1.4428571,10.242857,8.5,0.00026485324,0.017170377,1.345362e-06,4.4684857e-06,5.7928264e-06,True
2007-03-19,143.01,14.8,7.8857145,13.17143,2.4857142,74.71429,1.4571428,1.2714287,1.4571428,9.8,9.1285715,0.00026969612,0.015831359,4.0162176e-05,5.684048e-05,0.0009541288,True
2007-03-26,143.2,34.6,4.2571425,7.9857144,0.88571435,81.1,1.2428571,1.2285715,1.1999999,10.671429,5.357143,0.0010746941,0.015348308,0.009196736,0.025072869,0.027483832,True
2007-04-02,143.11,9.7,8.685715,14.671428,2.9,76.65715,1.7142857,1.5285715,1.7571429,9.957143,10.8,0.0005615577,0.0135105625,0.0007683323,0.004582355,0.00042469427,True
2007-04-09,142.97,0.2,9.957144,17.2,2.7571428,62.642857,2.6857142,2.142857,2.7285714,9.257143,12.742857,4.3980777e-05,0.012955308,4.9046107e-06,4.4086948e-05,1.2911856e-05,True
2007-04-16,142.83,0.0,16.057142,24.328571,7.4428573,59.5,3.6000001,2.4714284,3.7571428,8.071428,17.9,8.046627e-07,0.011787012,-7.345365000000001e-25,5.5879354e-09,0.0,True
2007-04-23,142.71,0.0,13.728572,22.042858,4.7714286,55.57143,3.542857,1.5714285,3.7571428,7.0285716,18.1,2.0861626e-07,0.010233365,-7.345365000000001e-25,0.0,0.0,True
2007-04-30,142.6,0.90000004,18.114286,26.100002,10.042857,57.7,4.3142858,1.1857144,4.3857145,6.3714285,21.2,1.4454126e-06,0.008658208,-7.345365000000001e-25,0.0,0.0,True
2007-05-07,142.52,6.6,15.371429,21.357143,8.814286,56.528572,3.7571428,0.7714286,4.0,6.0285716,18.442858,5.199015e-05,0.0072399452,-7.345365000000001e-25,3.7252903e-09,0.0,True
2007-05-14,142.63,56.9,16.514286,20.828571,11.685715,67.0,3.614286,2.6571426,3.357143,6.4857144,17.514286,0.0013885796,0.0062081143,-7.345365000000001e-25,1.1175871e-08,0.0,True
2007-05-21,142.73,16.800001,15.67143,21.77143,9.571428,75.057144,2.8857143,2.4285715,3.4142857,7.8,18.22857,0.00047506392,0.005704418,-7.345365000000001e-25,3.7252903e-09,0.0,True
2007-05-28,142.68,41.4,19.77143,25.557144,14.485715,72.21429,3.8714287,3.0857143,4.0142856,6.9142857,23.5,0.00046670437,0.0048287436,-7.345365000000001e-25,3.7252903e-09,0.0,True
2007-06-04,142.87,30.599998,15.414286,20.314285,10.571428,76.71429,2.7714286,2.4857144,3.1142857,8.3,18.37143,0.0016964823,0.005030267,-7.345365000000001e-25,7.450581e-09,0.0,True
2007-06-11,142.76,21.6,21.2,27.614286,15.342857,74.15715,3.9571426,3.4142857,4.6714287,7.9,24.742857,0.00014986098,0.0040412247,-7.345365000000001e-25,3.7252903e-09,0.0,True
2007-06-18,142.73,32.9,20.414288,25.97143,15.142858,71.957146,4.071429,3.7857144,4.3285713,8.071428,23.485714,0.0020667315,0.0037189946,-7.345365000000001e-25,7.450581e-09,0.0,True
2007-06-25,142.79,35.5,19.67143,25.057144,14.557143,73.88572,3.8428574,3.5714285,3.957143,9.185715,22.557142,0.0018649995,0.0042065457,-7.345365000000001e-25,7.450581e-09,0.0,True
2007-07-02,142.78,27.900002,16.457144,20.9,12.385715,74.61428,3.1000001,2.857143,2.9285715,9.242857,18.642857,0.00036402047,0.003247954,-7.345365000000001e-25,1.1175871e-08,0.0,True
2007-07-09,143.01,44.9,16.414286,20.34286,12.442857,76.41429,3.0714285,2.9571426,2.8857143,9.6285715,18.585714,0.0010021329,0.003107354,-7.345365000000001e-25,1.1175871e-08,0.0,True
2007-07-16,142.95,17.1,20.300001,26.985716,13.914286,70.557144,4.2,3.4285715,4.542857,9.071428,22.828571,0.00018674135,0.0029951632,-7.345365000000001e-25,7.450581e-09,0.0,True
2007-07-23,142.86,19.3,20.27143,25.071428,16.1,76.700005,3.2428572,2.7999997,3.1142857,8.328571,23.914286,0.000353083,0.0028379336,-7.345365000000001e-25,7.450581e-09,0.0,True
2007-07-30,142.8,13.900001,18.84286,23.685715,13.857142,71.74286,3.6857145,2.957143,3.585714,8.214286,21.77143,0.00049588084,0.0026955754,-7.345365000000001e-25,7.450581e-09,0.0,True
2007-08-06,142.71,17.4,19.114286,26.285715,11.971429,69.41429,3.7714283,2.8428571,4.285714,7.5857143,22.7,0.00016994774,0.002540633,-7.345365000000001e-25,7.450581e-09,0.0,True
2007-08-13,143.01,60.0,17.4,20.957142,14.357142,85.114296,2.0142858,1.9000002,2.2285714,9.4,20.114286,0.002294317,0.0035618842,-7.345365000000001e-25,3.7252903e-09,0.0,True
2007-08-20,142.88,5.6,19.2,24.757143,13.957144,72.14286,2.9714286,2.5142858,3.4428573,8.985714,22.442858,0.00016902387,0.0023353323,-7.345365000000001e-25,5.5879354e-09,0.0,True
2007-08-27,142.72,4.6,19.228573,25.414288,13.728572,74.58571,2.7714286,2.1857142,3.3,8.328571,22.328571,9.4518065e-05,0.0022485554,-7.345365000000001e-25,7.450581e-09,0.0,True
2007-09-03,142.65,29.4,15.942857,20.52857,11.5,75.37142,1.9857142,1.4714286,2.3285713,7.9428573,19.642857,0.00018713623,0.002141662,-7.345365000000001e-25,1.8626451e-09,0.0,True
2007-09-10,142.64,9.7,12.914286,17.300001,8.285714,81.48572,1.3857143,1.2571429,1.6999999,8.4,15.757143,6.712228e-05,0.0020633116,-7.345365000000001e-25,3.7252903e-09,0.0,True
2007-09-17,142.56,28.1,15.342857,22.028574,9.114286,77.87144,1.9571427,1.5571429,2.2714286,8.071428,17.785715,6.452203e-05,0.0019827783,-7.345365000000001e-25,1.8626451e-09,0.0,True
2007-09-24,142.58,6.5,14.114286,21.0,7.871429,77.15715,1.7571428,1.4428571,2.0714285,8.385715,16.657143,0.00022508204,0.0018958524,-7.345365000000001e-25,0.0,0.0,True
2007-10-01,142.54,13.5,12.685715,17.885715,7.6714287,80.22858,1.2428571,1.1428572,1.6,8.771428,14.4,0.0004904419,0.0018199459,-7.345365000000001e-25,0.0,0.0,True
2007-10-08,142.5,2.9,15.300001,20.728573,10.728572,82.42857,1.1571429,1.0000001,1.5428572,9.114285,16.9,4.349649e-05,0.0017579794,-7.345365000000001e-25,3.7252903e-09,0.0,True
2007-10-15,142.44,0.0,11.085715,17.728573,5.371429,81.71429,0.98571426,0.7714286,1.2285715,8.8,13.171429,1.3411045e-06,0.0017021447,-7.345365000000001e-25,1.8626451e-09,0.0,True
2007-10-22,142.39,4.4,7.957143,12.785714,3.1857142,79.58571,0.7857143,0.6428572,0.9857143,8.414286,9.728572,4.6230853e-05,0.0016497076,2.1173842e-06,5.191192e-06,1.2312084e-05,True
2007-10-29,142.35,0.9,8.042857,11.1285715,4.9428573,77.04286,0.59999996,0.42857143,0.9285714,8.228572,8.014286,4.4107437e-06,0.0016046688,1.004764e-06,6.9309026e-06,0.0,True
2007-11-05,142.3,1.7,7.057143,11.328572,2.5142858,84.8,0.5285714,0.40000004,0.5714286,8.2,7.5571427,4.248321e-05,0.0015626848,-7.345365000000001e-25,9.313226e-09,0.0,True
2007-11-12,142.54,22.2,6.871429,9.514285,4.2000003,79.98572,0.8714286,0.8714286,0.9285714,8.4,6.5285716,0.0012450963,0.0027637556,0.0002598876,0.0019103531,0.0020022802,True
2007-11-19,142.57,21.2,1.4285715,4.2428575,-1.6285714,85.42857,0.37142858,0.37142858,0.42857143,9.5,1.9571428,0.00025913864,0.0015149936,0.0019517399,0.0015038662,0.0032663643,True
2007-11-26,142.76,28.099998,5.214286,7.2714286,2.7857144,87.27143,0.35714287,0.35714287,0.47142857,10.1,3.857143,0.001429297,0.0025799274,0.000622948,0.0019217171,0.00030250475,True
2007-12-03,142.78,15.4,5.328572,8.0,2.3857143,81.0,0.67142856,0.67142856,0.7428571,10.071428,3.8857143,0.0013088584,0.0019215643,0.00013299783,0.00031515583,3.7889928e-05,True
2007-12-10,143.12,32.0,8.400001,10.585715,6.085715,77.74286,0.9285714,0.9285714,1.0142857,10.657143,6.6,0.0026627555,0.006048687,1.7098018e-05,0.000121431425,0.00012937933,True
2007-12-17,143.11,10.7,1.9428571,4.042857,-0.42857152,76.12858,0.31428573,0.31428573,0.61428577,10.528571,2.0142858,0.0003906861,0.00575047,6.141549e-05,0.00011548959,0.00014856085,True
2007-12-24,142.93,0.0,-4.7999997,-2.4285715,-6.828572,89.299995,0.028571429,0.014285714,0.14285715,10.2,-1.7142857,5.5134296e-07,0.006977029,4.342624e-05,1.9535422e-05,1.4081597e-06,True
2007-12-31,142.82,2.1,-0.4142857,2.0142858,-2.9857144,89.42857,0.15714286,0.14285715,0.2857143,10.2,-1.0428572,0.00024538487,0.007160805,0.0004210926,0.00048550777,0.00076268613,True
2008-01-07,142.95,20.699999,2.2,5.285714,-1.2571429,81.3,0.45714286,0.44285718,0.45714283,10.357142,-0.18571429,0.0023349822,0.008131191,0.00021602426,0.00035591982,4.020706e-05,True
2008-01-14,142.95,5.1,5.1142855,8.985715,0.85714287,80.78571,0.4857143,0.4857143,0.51428574,10.414286,1.8285714,0.0001244545,0.007960036,4.0133796e-06,1.597032e-05,9.909272e-07,True
2008-01-21,142.92,15.7,9.3714285,11.785714,6.214286,70.12858,1.1142857,1.0857142,1.2285715,10.171429,6.042857,0.00029277802,0.008504875,5.676633e-08,1.1101365e-06,2.8684735e-07,True
2008-01-28,142.94,4.7,3.6285713,8.328572,-0.8142857,76.84286,0.78571427,0.7714286,0.5714286,10.057143,3.3,0.0004588589,0.008673459,-7.345365000000001e-25,1.0430813e-07,1.4156103e-07,True
2008-02-04,142.95,12.8,2.642857,6.6857147,-1.3857144,80.42857,0.71428573,0.71428573,0.64285713,10.228572,2.3428571,0.0010136962,0.00871712,0.0013608536,0.003015129,0.004238762,True
2008-02-11,142.87,3.5,5.214286,10.742858,-0.071428604,72.47143,1.1,1.0571429,0.88571423,10.157143,4.142857,0.00020584464,0.008775122,0.00017744019,0.0012156498,2.1494925e-06,True
2008-02-18,142.79,0.0,0.7714286,5.9857144,-3.7857144,72.11429,0.7571429,0.6428571,0.71428573,9.785714,2.0,7.1525574e-07,0.008783661,1.41859055e-05,2.2366643e-05,2.4490058e-05,True
2008-02-25,142.72,3.8,7.785714,13.257143,2.4857144,73.3,1.0857142,0.9285714,1.1285714,9.485714,6.0857143,0.00020377338,0.008602634,3.139178e-06,1.2636185e-05,0.0,True
2008-03-03,142.76,16.6,9.885714,13.157144,5.642857,71.57143,1.6714286,1.6142856,1.6142857,9.657143,8.471429,0.000990659,0.008971237,-7.345365000000001e-25,4.4703484e-08,3.501773e-07,True
2008-03-10,142.84,9.8,4.7999997,8.900001,0.65714294,72.25715,1.1999999,1.1571429,1.2428571,10.214286,5.3,0.0003052801,0.00828594,0.00085285166,0.0018003918,0.0019307695,True
2008-03-17,142.94,24.5,9.971429,12.800001,7.071429,70.52857,1.7571429,1.7142859,1.8571428,10.257143,8.757143,0.0009306893,0.0092421025,6.834666e-06,7.200427e-05,2.0712614e-05,True
2008-03-24,143.03,16.3,2.3285716,5.214286,-1.0285714,77.78571,1.1857141,1.1857141,1.0428572,10.357142,4.1,0.00067254156,0.010121167,0.0047465335,0.0077048913,0.018188998,True
2008-03-31,142.96,2.7,7.7428575,12.800001,2.414286,64.185715,1.8857143,1.7571429,2.0714285,9.971429,7.457143,0.0006773621,0.010602511,0.004202434,0.01301969,0.002860982,True
2008-04-07,142.93,11.2,7.928571,11.814286,4.0,68.74286,1.542857,1.3857143,1.7428571,9.4,8.857142,0.0004665777,0.011140816,0.0001551367,0.00038450398,0.0017245896,True
2008-04-14,143.15,38.3,7.614286,11.371429,4.0,77.90001,1.4,1.3857143,1.5142858,10.471429,9.014286,0.002378419,0.014112987,0.0002510491,0.0013062805,0.0,True
2008-04-21,143.1,28.1,9.042857,13.971429,4.3428574,76.11428,1.8857143,1.8285714,1.9142857,10.328571,10.928572,0.0006660074,0.014409468,3.4457162e-06,2.7485192e-05,2.6214868e-05,True
2008-04-28,143.09,4.6,13.314286,18.885715,7.8857145,69.67143,2.585714,2.2857144,2.7285714,10.1285715,15.185715,0.001192607,0.015500046,-7.345365000000001e-25,3.7252903e-09,0.0,True
2008-05-05,142.92,3.2,13.528571,20.185715,6.8142858,59.94286,3.6571429,2.9285715,3.642857,8.842857,16.171429,9.454787e-05,0.013808899,-7.345365000000001e-25,0.0,0.0,True
2008-05-12,142.76,0.4,17.671429,25.528574,8.957143,49.585716,5.2000003,2.9571426,5.1714287,7.3142858,20.2,2.9206276e-06,0.012037322,-7.345365000000001e-25,0.0,0.0,True
2008-05-19,142.7,20.199999,16.714287,22.814287,11.2,67.78571,3.3428571,1.7857141,3.457143,6.6714287,19.8,9.8749995e-05,0.010062657,-7.345365000000001e-25,0.0,0.0,True
2008-05-26,142.63,7.4,16.028572,20.757143,11.414286,69.8,2.7857144,1.5571429,3.0142858,6.571429,18.185715,4.7639012e-05,0.008492,-7.345365000000001e-25,0.0,0.0,True
2008-06-02,142.57,30.099998,21.028574,26.814285,15.285714,71.314285,3.7857144,2.4428573,4.1,6.6,23.485714,0.0009483546,0.0071411803,-7.345365000000001e-25,1.1175871e-08,0.0,True
2008-06-09,142.63,33.399998,17.285715,21.528574,13.314286,78.18572,2.5,2.0714285,2.942857,7.285714,20.1,0.0039429665,0.0071928278,-7.345365000000001e-25,0.0,0.0,True
2008-06-16,142.59,22.300001,15.900001,21.214285,10.728571,69.9,3.0714285,2.5428574,3.5285716,7.0571427,19.571428,0.00020755082,0.005610384,-7.345365000000001e-25,3.7252903e-09,0.0,True
2008-06-23,142.51,7.6,20.27143,26.4,14.157144,69.84286,4.3428574,3.0142858,4.342857,6.385714,23.357143,0.0001526177,0.0051184595,-7.345365000000001e-25,3.7252903e-09,0.0,True
2008-06-30,142.45,19.0,21.628572,27.67143,15.7,67.72857,4.4857144,2.6857145,4.7285714,5.757143,25.457144,0.00013089925,0.004600249,-7.345365000000001e-25,7.450581e-09,0.0,True
2008-07-07,142.42,17.5,20.328571,26.257143,14.114286,68.24286,4.2714286,2.3,4.3285713,5.8142858,24.242857,0.0014793724,0.004104741,-7.345365000000001e-25,3.7252903e-09,0.0,True
2008-07-14,142.4,22.1,18.800001,24.242859,13.800001,70.02857,3.6000004,2.1857142,3.7428572,5.785714,21.285715,0.00016874075,0.0036991388,-7.345365000000001e-25,7.450581e-09,0.0,True
2008-07-21,142.35,15.599999,18.300001,23.485716,13.2,68.85714,3.4285715,2.2428572,3.5142858,5.6285715,21.22857,0.00014433265,0.0033531487,-7.345365000000001e-25,7.450581e-09,0.0,True
2008-07-28,142.34,12.2,20.057144,26.5,13.6285715,71.200005,3.7571428,1.6857144,3.8999999,5.042857,22.971428,0.00012676418,0.0030545592,-7.345365000000001e-25,3.7252903e-09,0.0,True
2008-08-04,142.3,18.3,22.485716,27.642857,17.642857,73.071434,3.6571429,2.4,3.7714286,5.2285714,25.142857,0.00013689697,0.0027530044,-7.345365000000001e-25,7.450581e-09,0.0,True
2008-08-11,142.28,11.6,20.428572,26.214285,15.228572,73.87144,3.4142857,2.5428574,3.5,5.3285713,23.142857,0.00028699636,0.0025055632,-7.345365000000001e-25,1.1175871e-08,0.0,True
2008-08-18,142.4,39.0,17.77143,23.028574,12.471429,74.08572,2.8714287,2.4714284,3.2571428,7.5285716,20.614286,0.0007020831,0.0023056641,-7.345365000000001e-25,7.450581e-09,0.0,True
2008-08-25,142.4,31.7,17.228573,22.328571,12.400001,76.700005,2.3714287,2.142857,2.7714286,7.642857,19.6,0.00017005205,0.0021412,-7.345365000000001e-25,3.7252903e-09,0.0,True
2008-09-01,142.42,27.0,19.1,25.528574,12.942858,74.8,2.6571429,2.0714285,3.2,7.114286,22.157143,5.2809715e-05,0.0019983053,-7.345365000000001e-25,5.5879354e-09,0.0,True
2008-09-08,142.46,24.9,17.428572,22.142857,13.471429,79.91429,1.9857142,1.8285714,2.2714286,8.1285715,19.528572,0.0006066859,0.0018651485,-7.345365000000001e-25,7.450581e-09,0.0,True
2008-09-15,142.53,27.7,14.871429,19.37143,10.357142,81.314285,1.4714286,1.2857143,1.8285714,8.6,17.328571,0.00026619434,0.0017628744,-7.345365000000001e-25,3.7252903e-09,0.0,True
2008-09-22,142.4,0.2,10.614286,16.242857,5.228572,74.37142,1.3428571,1.1142857,1.8142856,8.557143,12.828571,1.001358e-05,0.0016810372,-7.345365000000001e-25,0.0,0.0,True
2008-09-29,142.32,0.2,11.342857,17.385715,5.8428574,77.02857,1.2142857,0.9428572,1.7285715,8.114285,13.0,1.1458993e-05,0.0016072318,-7.345365000000001e-25,1.8626451e-09,0.0,True
2008-10-06,142.32,16.5,11.614286,15.300001,8.0,74.64286,1.3000001,1.1999999,1.6857144,7.9857144,11.357142,0.0003382042,0.0015446171,-7.345365000000001e-25,6.519258e-08,5.9604645e-08,True
2008-10-13,142.27,4.1,14.485715,20.0,9.828572,83.07143,0.87142855,0.7285714,1.1999999,8.242857,14.3,8.478761e-05,0.0014925823,-7.345365000000001e-25,3.7252903e-09,0.0,True
2008-10-20,142.33,28.0,11.085715,16.5,5.8428574,82.48572,0.85714287,0.74285716,0.9571429,8.585714,11.9,0.0010496229,0.001448743,-7.345365000000001e-25,3.7252903e-09,0.0,True
2008-10-27,142.51,36.4,9.485715,13.914286,4.957143,82.0,0.71428573,0.67142856,0.88571423,9.542857,9.657143,0.00078232586,0.0026132166,-7.345365000000001e-25,2.477318e-07,2.4586916e-07,True
2008-11-03,142.82,30.3,7.2285714,9.657143,4.942857,89.057144,0.35714287,0.35714287,0.5285714,10.485714,7.4,0.00094139576,0.0028747693,0.0007207564,0.00244255,0.0025363266,True
2008-11-10,142.69,0.1,10.685715,13.828572,7.214286,80.24286,0.5714286,0.5285714,0.9285714,10.0,8.8714285,0.00018624961,0.0016390309,1.6365733e-05,0.00015352666,0.0,True
2008-11-17,142.55,1.8,7.057143,11.157144,2.9714286,81.614296,0.42857143,0.4142857,0.62857145,9.757143,6.6,0.00017020106,0.0018186793,-7.345365000000001e-25,0.0,0.0,True
2008-11-24,142.73,24.4,5.0142856,7.4000006,2.357143,81.057144,0.62857145,0.59999996,0.71428573,9.857142,4.285714,0.00070510805,0.0020067766,0.002269075,0.0021539815,0.0092781,True
2008-12-01,142.67,2.5,1.2285715,4.8,-1.957143,85.41429,0.25714287,0.24285714,0.24285714,10.114285,0.8428571,0.00013788044,0.0023140088,0.005790285,0.0042426325,0.00067606196,True
2008-12-08,142.83,14.1,4.6857147,6.428571,2.357143,79.18572,0.48571426,0.48571426,0.8,10.3714285,2.7142856,0.00089491904,0.0031269789,0.0012283325,0.0038292855,0.00022195838,True
2008-12-15,142.85,11.1,0.6,2.5,-1.3857144,90.542854,0.10000001,0.10000001,0.25714287,10.6,0.42857143,0.00026877224,0.0035412908,0.0045161247,0.002694413,0.007229682,True
2008-12-22,142.99,7.6,4.214286,5.557143,2.7285714,87.94286,0.31428573,0.31428573,0.5,10.3,2.1857142,0.0018747896,0.006022528,0.005063046,0.010916922,0.0063008405,True
2008-12-29,142.87,0.6,0.7714286,3.5142858,-2.0428572,77.78571,0.20000002,0.20000002,0.47142857,10.142858,1.0857143,3.594905e-05,0.0066601858,0.00028944016,0.0004617758,1.45584345e-05,True
2009-01-05,142.76,2.4,-2.8714287,-0.14285718,-5.6285715,85.51428,0.0,0.0,0.24285714,10.15,-1.3,0.000104144216,0.0078078583,0.0007702793,0.00015050359,0.0019421056,True
2009-01-12,142.67,0.0,-7.1285715,-3.7285714,-10.099999,80.828575,0.0,0.0,0.18571429,10.271428,-4.285714,1.0296702e-05,0.007962495,0.001920632,0.0004368052,0.00015060976,True
2009-01-19,142.62,7.9,0.8,4.5285716,-3.2714286,84.85714,0.34285715,0.34285715,0.44285718,10.285714,-1.3714286,0.00026397407,0.007866614,0.0018608286,0.0030389838,0.0018094778,True
2009-01-26,142.67,4.6,2.5714285,6.7571425,-1.3571428,80.457146,0.62857145,0.62857145,0.5,10.428572,0.32857144,0.00042380393,0.008807972,0.0001565218,0.00041731074,0.00019193068,True
2009-02-02,142.59,1.6,-0.37142858,2.7142856,-3.5571427,77.67143,0.35714287,0.32857147,0.5,10.157143,-0.2,1.090765e-05,0.0077336878,0.00017036143,0.000197405,0.00078210235,True
2009-02-09,142.74,22.1,2.9285715,6.557143,-0.31428573,84.5,0.38571432,0.37142855,0.5285714,10.242857,-0.071428575,0.00048203766,0.0076517984,0.00059686386,0.0011149775,0.0013698079,True
2009-02-16,142.81,20.0,1.557143,4.3857145,-1.1999999,78.72858,0.78571427,0.78571427,0.78571427,10.442857,0.27142859,0.00028033555,0.0076765567,0.0061107646,0.0019208845,0.014886223,True
2009-02-23,143.04,25.2,0.95714295,3.642857,-1.8000001,81.11428,0.45714283,0.45714283,0.62857145,10.7,0.42857143,0.0018484443,0.009248726,0.013380794,0.01928356,0.012592457,True
2009-03-02,143.0,3.2,6.1142855,10.1285715,2.142857,76.01429,0.88571435,0.87142855,0.9857143,10.142858,4.714286,0.0005440861,0.012579724,0.002310117,0.006799329,6.069988e-05,True
2009-03-09,143.41,69.1,4.914286,8.614286,1.1571429,78.98572,1.0142857,0.9857143,1.0428572,10.828571,4.7285714,0.003971055,0.019813798,0.0067689815,0.02003215,0.023031794,True
2009-03-16,143.29,5.2,7.142857,10.657143,3.0428574,76.0,1.1714286,1.1285713,1.1142857,10.3714285,6.785714,0.0014059991,0.0355217,0.00067033654,0.003609281,0.000119403005,True
2009-03-23,143.11,4.0,5.228572,11.228571,-0.8,62.157143,1.7571429,1.457143,1.7857143,9.585714,7.0142856,8.775294e-05,0.027314201,5.761782e-06,2.2707507e-05,1.1175871e-05,True
2009-03-30,143.19,13.799999,6.5428576,9.528572,3.2000003,74.1,1.3000001,1.2857143,1.4142857,10.0,6.571429,0.0009866059,0.020656899,0.00013323057,0.0008778591,0.0008581877,True
2009-04-06,143.06,0.3,11.885715,18.685715,5.1714287,68.12858,2.2714286,1.8571428,2.3714287,9.571428,12.642858,3.3393502e-05,0.017298393,3.2356806e-07,2.5387853e-06,0.0,True
2009-04-13,142.93,0.0,14.514287,22.457144,6.585715,63.42857,2.7999997,2.0714285,2.8714287,8.571428,16.414286,5.379319e-06,0.014301732,-7.345365000000001e-25,0.0,0.0,True
2009-04-20,142.88,26.3,12.557143,18.47143,6.6857147,73.52857,2.4142857,1.9857143,2.357143,8.2,14.8,0.00030560791,0.011716843,-7.345365000000001e-25,3.7252903e-09,0.0,True
2009-04-27,142.79,1.7,13.457144,19.828571,6.9428573,62.18572,3.1142857,2.2571428,3.2571428,7.6857142,16.428572,3.0480325e-05,0.0097474605,-7.345365000000001e-25,0.0,0.0,True
2009-05-04,142.71,6.6000004,12.1285715,17.314287,6.714286,73.51429,2.5142858,1.9714288,2.6857142,7.257143,15.185715,0.0001668036,0.00825166,-7.345365000000001e-25,0.0,0.0,True
2009-05-11,142.71,11.9,15.542857,22.4,8.942858,71.35714,3.0428574,2.4285715,3.3142858,6.5857143,17.714285,0.0002258867,0.00705646,-7.345365000000001e-25,3.7252903e-09,0.0,True
2009-05-18,142.72,29.2,16.214285,21.785715,11.614286,79.51429,2.5142856,2.2285714,2.8,6.957143,18.27143,0.00040655583,0.006107338,-7.345365000000001e-25,0.0,0.0,True
2009-05-25,142.65,21.3,19.685715,27.357143,12.2,70.12857,4.214286,3.1857142,4.3,6.614286,22.542856,7.5891614e-05,0.0053486526,-7.345365000000001e-25,7.450581e-09,0.0,True
2009-06-01,142.55,13.9,16.185715,21.414286,10.714286,65.22857,3.7571428,2.5142858,3.7285714,6.4714284,20.4,0.00010636449,0.004698612,-7.345365000000001e-25,3.7252903e-09,0.0,True
2009-06-08,142.53,11.5,15.642858,21.514286,9.67143,65.0,3.6714287,2.1714284,3.8428571,5.9714284,20.414286,0.0002143234,0.0041227564,-7.345365000000001e-25,0.0,0.0,True
2009-06-15,142.48,38.1,17.985714,23.757143,11.985715,69.21429,3.9714282,3.2000003,3.957143,6.1,21.057142,0.0033226386,0.0036459416,-7.345365000000001e-25,1.1175871e-08,0.0,True
2009-06-22,142.48,8.9,17.171429,22.571428,11.3,71.08572,3.6571429,2.9285712,3.7571428,6.114286,21.528572,0.00015081465,0.0032508671,-7.345365000000001e-25,3.7252903e-09,0.0,True
2009-06-29,142.43,8.0,19.757143,25.600002,13.871429,73.02857,3.9,2.7285714,4.2714286,5.642857,22.985714,6.2569976e-05,0.0029245242,-7.345365000000001e-25,7.450581e-09,0.0,True
2009-07-06,142.41,20.8,22.657145,29.257143,16.528572,71.9,4.2142854,2.9428573,4.6857142,5.757143,26.257143,0.00017871708,0.0026146919,-7.345365000000001e-25,1.1175871e-08,0.0,True
2009-07-13,142.41,31.5,17.714285,22.7,13.142858,73.057144,3.0714285,2.5428574,3.1714284,5.8428574,20.2,0.00012964755,0.002361454,-7.345365000000001e-25,7.450581e-09,0.0,True
2009-07-20,142.63,52.5,19.414288,24.5,14.900001,76.02857,3.3999999,3.1285717,3.3428571,8.114285,21.8,0.0006278455,0.002154477,-7.345365000000001e-25,7.450581e-09,0.0,True
2009-07-27,142.56,19.4,20.52857,26.7,14.071428,67.1,3.914286,3.3714287,4.1,7.757143,23.114286,0.00012782216,0.0019631386,-7.345365000000001e-25,7.450581e-09,0.0,True
2009-08-03,142.47,6.6,19.485716,25.67143,13.485715,69.64286,3.557143,2.7,3.957143,7.0285716,23.742857,3.8668513e-05,0.0017770305,-7.345365000000001e-25,3.7252903e-09,0.0,True
2009-08-10,142.41,21.0,21.028574,26.828571,15.1,72.77143,3.4285715,2.357143,3.7571428,6.7,24.485714,0.00018784404,0.0016117692,-7.345365000000001e-25,1.1175871e-08,0.0,True
2009-08-17,142.34,3.3999999,21.314287,27.571428,15.742858,74.92857,3.371429,2.4428573,3.6142857,6.6714287,24.4,4.8205256e-05,0.0014838427,-7.345365000000001e-25,1.4901161e-08,0.0,True
2009-08-24,142.27,2.6,21.314287,29.242859,13.742858,69.01429,3.5142856,2.1714287,3.957143,5.6714287,25.071428,0.00010897219,0.0013509393,-7.345365000000001e-25,7.450581e-09,0.0,True
2009-08-31,142.19,6.0,19.357143,26.042858,13.085714,69.6,2.957143,1.5,3.3142858,5.357143,22.571428,5.8703125e-05,0.0012392998,-7.345365000000001e-25,0.0,0.0,True
2009-09-07,142.22,22.9,17.214285,23.128572,11.885715,74.48572,2.4285715,1.7571429,2.6571429,5.6571426,19.214285,0.00012804568,0.0011419579,-7.345365000000001e-25,7.450581e-09,0.0,True
2009-09-14,142.15,0.6,15.957144,22.514286,9.900001,73.52857,2.1285713,1.4142858,2.6571429,5.3285713,18.985714,1.4312565e-05,0.0010586455,-7.345365000000001e-25,5.5879354e-09,0.0,True
2009-09-21,142.13,0.0,16.442858,21.214285,11.971429,83.25715,1.1857144,0.7285714,1.6571429,4.8285713,17.87143,0.000121071935,0.0009918436,-7.345365000000001e-25,7.450581e-09,0.0,True
2009-09-28,142.09,0.0,15.871429,23.285715,9.614286,76.48572,1.7285715,0.75714284,2.1,4.5857143,18.72857,2.0712614e-06,0.00093507767,-7.345365000000001e-25,7.450581e-09,0.0,True
2009-10-05,142.06,2.0,13.314286,18.9,7.514286,74.01429,1.3285714,0.3571429,1.6428572,4.3714285,16.142857,4.2669475e-05,0.00087824464,-7.345365000000001e-25,1.8626451e-09,0.0,True
2009-10-12,142.12,35.5,15.885715,19.5,12.257143,80.0,1.2285715,0.9428572,1.4428571,5.2714286,15.742857,0.0011109114,0.0008337945,-7.345365000000001e-25,5.5879354e-09,0.0,True
2009-10-19,142.13,10.7,5.657143,10.085714,1.5142858,77.957146,0.8,0.71428573,0.87142855,6.5142856,7.7,0.00019095838,0.00079954416,6.3975654e-06,2.486445e-05,3.086403e-05,True
2009-10-26,142.1,5.6,9.471429,13.657143,5.5,86.314285,0.5857143,0.4857143,0.6857143,6.6714287,9.614285,0.0001209192,0.0007717088,1.3113022e-06,6.8619847e-06,0.0,True
2009-11-02,142.11,18.7,8.3714285,12.842857,4.0142856,90.9,0.5,0.4428572,0.55714285,6.757143,9.357142,0.00027989224,0.00074900687,-7.345365000000001e-25,7.450581e-09,0.0,True
2009-11-09,142.15,24.900002,7.914286,10.67143,4.9714284,83.88572,0.7285714,0.7,0.8,7.9714284,7.5,0.00048741698,0.0007313639,1.5553974e-06,4.304573e-06,3.27304e-05,True
2009-11-16,142.21,16.5,8.542857,12.142858,4.7000003,90.04286,0.4,0.3857143,0.54285717,9.242857,7.257143,0.0003426522,0.0007228181,9.122349e-06,3.420934e-05,4.924834e-06,True
2009-11-23,142.21,5.0,10.057143,15.085714,5.642857,83.08572,0.62857145,0.61428577,0.7,9.914286,8.385715,0.00016282499,0.00072163343,-7.345365000000001e-25,4.4703484e-08,0.0,True
2009-11-30,142.26,18.7,9.6285715,12.242857,6.714286,73.67143,0.82857144,0.8,1.1142857,10.014286,7.714286,0.00067572296,0.001523681,9.1961454e-07,1.475215e-06,2.464652e-05,True
2009-12-07,142.35,26.900002,6.571429,9.757143,3.1714287,86.98572,0.37142858,0.37142858,0.5,10.428572,5.5,0.00020688027,0.000783056,1.05925965e-05,3.2149255e-05,8.53464e-06,True
2009-12-14,142.55,11.5,4.1714287,6.3285713,1.8000001,81.557144,0.45714286,0.45714286,0.59999996,10.657143,4.1,0.0008537695,0.0008808896,0.00045499348,0.00016140752,0.001382459,True
2009-12-21,142.47,7.3,-3.2142856,-0.41428572,-6.3142858,72.92857,0.028571429,0.028571429,0.4857143,10.314285,-0.75714284,1.2353063e-05,0.0010711178,0.0026495229,0.0003268309,0.007871106,True
2009-12-28,142.73,31.2,3.7285714,7.7000003,0.10000002,87.65715,0.4,0.4,0.44285718,11.085714,0.2,0.0033519417,0.0031167157,0.0047360146,0.013495525,0.0064336844,True
2010-01-04,142.88,19.9,3.3285716,6.0,0.7571429,87.25714,0.3,0.3,0.44285712,11.266666,3.3,0.0015117452,0.0029378757,0.0020891598,0.002573384,0.0045126863,True
2010-01-11,142.75,5.7000003,-2.9142857,-1.4428571,-4.571429,88.51428,0.0,0.0,0.27142859,10.4,-0.44285715,7.644296e-06,0.0036196336,0.009298092,0.0003080964,0.013339743,True
2010-01-18,142.83,8.5,0.78571427,3.3142858,-1.9857143,91.74286,0.17142858,0.17142858,0.31428573,10.471429,0.014285714,0.0014104024,0.0049832836,0.012442765,0.015004994,0.0023381896,True
2010-01-25,142.77,5.9,0.40000004,1.957143,-1.3000001,95.54286,0.11428572,0.11428572,0.27142859,10.385715,0.14285715,0.00039874017,0.005106382,0.0033654997,0.0034236386,0.002588451,True
2010-02-01,142.72,6.9,-1.2428572,0.74285716,-3.9428573,84.04286,0.10000001,0.10000001,0.5142857,10.428572,0.0,7.1279705e-05,0.0060722306,0.011951611,0.00093663856,0.021134034,True
2010-02-08,142.81,5.8,3.4142857,6.2857146,0.5285714,86.61428,0.47142857,0.47142857,0.5714286,10.542857,1.3428571,0.0016644597,0.008116007,0.0099676335,0.0209972,0.0015196912,True
2010-02-15,142.71,3.5,-2.457143,-0.3571429,-4.4285717,82.72858,0.014285714,0.014285714,0.45714286,10.385715,-0.14285715,2.7872622e-05,0.011103973,0.007977974,0.0010922849,0.010087751,True
2010-02-22,142.82,14.900001,2.8142858,6.9000006,-1.0857143,84.82857,0.61428577,0.61428577,0.67142856,10.328571,0.9285714,0.00066461414,0.011436351,0.0048209657,0.010975484,0.0011214577,True
2010-03-01,142.92,13.7,9.571428,13.528572,5.8,68.15714,1.7571429,1.7285715,1.8000001,10.257143,7.6,0.0008652061,0.012681924,0.00010936601,0.0010655597,1.2293458e-07,True
2010-03-08,142.83,7.0,1.0000001,4.942857,-3.4142857,67.38572,0.9857143,0.94285715,1.2857143,10.0,2.8714285,6.4343214e-05,0.012186728,0.003169196,0.00062732585,0.00922478,True
2010-03-15,142.74,5.1,1.4142858,4.7714286,-1.957143,71.8,0.78571427,0.74285716,1.1714286,9.928572,1.6285714,0.00022444129,0.011719994,0.0071127755,0.008292189,0.00608724,True
2010-03-22,142.78,2.5,10.728571,16.285715,4.971429,67.4,1.7857144,1.6571429,2.0142858,9.6,9.928572,0.00047443807,0.011015646,0.0006912095,0.0036608074,5.9828162e-05,True
2010-03-29,142.76,12.7,11.414286,17.585714,5.928571,73.47143,1.7857143,1.5857142,1.9142857,9.471429,11.5,0.0003963709,0.010326639,3.8601104e-07,5.8300793e-06,5.6549907e-06,True
2010-04-05,142.75,16.1,8.842857,13.67143,4.257143,71.47143,1.8857143,1.7571428,1.9857142,9.414286,9.6285715,0.00040714443,0.009782687,2.9575258e-06,1.7883256e-05,1.8328428e-05,True
2010-04-12,142.7,0.2,9.685715,15.914286,3.4,69.25714,2.1714287,1.7857144,2.2428572,8.914286,12.014286,4.5269728e-05,0.009255767,2.2138867e-07,2.6375055e-06,3.3937395e-06,True
2010-04-19,142.61,0.6,10.242858,16.957144,3.6285717,66.75715,2.3714287,1.8285714,2.5857143,8.3714285,12.214286,9.62913e-05,0.008647971,1.8165225e-07,1.1585653e-06,0.0,True
2010-04-26,142.48,4.9,12.557143,20.414288,4.214286,55.07143,3.557143,2.542857,3.5285716,7.3285713,15.928572,4.014373e-05,0.00784912,-7.345365000000001e-25,0.0,0.0,True
2010-05-03,142.5,17.3,14.442858,20.2,8.771429,75.17143,2.8,1.6571429,2.7428572,6.742857,17.214285,0.00025849044,0.0069878176,-7.345365000000001e-25,0.0,0.0,True
2010-05-10,142.69,48.399998,10.214286,13.828572,6.871429,83.12858,1.6857141,1.4857143,1.7571429,7.7,12.6,0.00068324804,0.0063297153,-7.345365000000001e-25,0.0,0.0,True
2010-05-17,142.87,32.4,10.900001,14.914286,7.3,80.54286,1.7142857,1.5857143,2.1285713,9.0,12.885715,0.00027495623,0.005878009,-7.345365000000001e-25,0.0,0.0,True
2010-05-24,142.74,9.5,13.842857,19.37143,7.9857144,76.02857,3.0,2.457143,3.1,8.514286,17.014286,0.00030946732,0.005525954,-7.345365000000001e-25,3.7252903e-09,0.0,True
2010-05-31,142.79,37.8,16.514286,21.4,11.885715,77.67143,2.9571426,2.7,3.0142858,8.514286,18.77143,0.0009866804,0.005163349,-7.345365000000001e-25,3.7252903e-09,0.0,True
2010-06-07,142.7,13.6,18.07143,23.885714,12.328572,71.57143,3.5428574,3.0,3.7571428,8.514286,20.814285,0.00030368567,0.0049001575,-7.345365000000001e-25,3.7252903e-09,0.0,True
2010-06-14,142.61,20.6,19.928572,25.7,14.6,77.299995,3.6142857,3.1714284,3.8714287,7.9,23.528572,0.00039714575,0.004602261,-7.345365000000001e-25,7.450581e-09,0.0,True
2010-06-21,142.56,16.1,15.657144,20.028574,11.471429,74.971436,2.7571428,2.3428574,2.857143,8.071428,18.657143,0.0006759912,0.0043411106,-7.345365000000001e-25,7.450581e-09,0.0,True
2010-06-28,142.46,0.0,19.714285,27.157145,11.614286,64.84286,4.828572,3.3142855,5.057143,7.2714286,24.185715,4.246831e-06,0.0040690675,-7.345365000000001e-25,7.450581e-09,0.0,True
2010-07-05,142.42,13.9,23.885715,30.857143,16.800001,65.27143,4.8857145,2.1,5.3428574,6.1285715,28.22857,4.310906e-05,0.0037166402,-7.345365000000001e-25,7.450581e-09,0.0,True
2010-07-12,142.35,22.400002,23.857143,31.614286,16.185715,65.25715,5.1571426,1.7571429,5.3285713,5.6857142,28.314285,1.744926e-05,0.0033277199,-7.345365000000001e-25,7.450581e-09,0.0,True
2010-07-19,142.29,6.0,22.114286,28.971432,15.142858,67.1,4.728572,2.1,4.8285713,5.757143,26.571428,0.00013291836,0.002946563,-7.345365000000001e-25,7.450581e-09,0.0,True
2010-07-26,142.32,41.5,19.457144,24.957144,14.1,78.67143,3.142857,1.7,3.2857144,5.8428574,23.285715,0.00040569901,0.0026336387,-7.345365000000001e-25,7.450581e-09,0.0,True
2010-08-02,142.34,31.699999,18.614286,23.600002,13.885714,80.18572,2.8428571,2.4714284,2.9428573,7.0,21.828571,0.0043307543,0.0026370883,-7.345365000000001e-25,7.450581e-09,0.0,True
2010-08-09,142.37,14.0,18.028572,23.457144,12.6,75.314285,2.9142857,2.5857143,3.3142858,7.6857142,21.557142,0.0006365627,0.0022604316,-7.345365000000001e-25,0.0,0.0,True
2010-08-16,142.4,45.9,18.657145,23.128572,14.271429,79.52857,2.6000001,2.2714286,2.8285713,8.157143,21.528572,0.0052527934,0.0031655282,-7.345365000000001e-25,1.4901161e-08,0.0,True
2010-08-23,142.43,13.5,19.928572,25.385715,15.014287,80.41429,2.7285714,2.3714287,3.042857,8.671429,21.814285,0.002981484,0.0025000349,-7.345365000000001e-25,1.1175871e-08,0.0,True
2010-08-30,142.51,26.2,17.457144,21.87143,13.028572,78.828575,2.4999998,2.3999999,2.542857,9.242857,19.671429,0.0017144233,0.0029855222,-7.345365000000001e-25,7.450581e-09,0.0,True
2010-09-06,142.45,3.6,15.085715,21.414288,9.071428,76.44286,2.457143,2.1285713,2.857143,9.671429,18.814285,1.7881393e-05,0.00217212,-7.345365000000001e-25,0.0,0.0,True
2010-09-13,142.48,32.0,16.171429,21.571428,11.5,84.11428,1.7857143,1.7142857,2.1285713,9.857142,18.428572,0.0017781407,0.0023112,-7.345365000000001e-25,0.0,0.0,True
2010-09-20,142.4,4.4,13.1285715,18.885715,7.8142858,79.68572,1.6,1.4571428,1.9285715,9.8,15.942857,0.00024557114,0.0025849715,-7.345365000000001e-25,0.0,0.0,True
2010-09-27,142.36,7.5,13.342857,19.185715,8.0,85.22857,1.2857143,1.1142858,1.6428572,9.528571,15.785714,0.00028896332,0.002833888,-7.345365000000001e-25,1.8626451e-09,0.0,True
2010-10-04,142.35,16.199999,13.214286,18.185715,8.757143,88.65715,1.0285715,0.98571426,1.2142857,9.9,14.514286,0.00023512542,0.0029911771,-7.345365000000001e-25,1.8626451e-09,0.0,True
2010-10-11,142.3,0.1,13.142858,19.02857,7.857143,84.38572,1.0714285,0.9285714,1.3571428,9.785714,15.014286,0.00019104034,0.0031347573,-7.345365000000001e-25,3.7252903e-09,0.0,True
2010-10-18,142.26,9.0,7.214286,10.857142,3.7428572,88.457146,0.5285714,0.44285718,0.7714286,9.542857,9.7,0.00022956729,0.0032046735,-7.345365000000001e-25,1.8626451e-09,0.0,True
2010-10-25,142.32,16.3,6.0285716,9.942857,1.8142856,87.700005,0.59999996,0.58571434,0.71428573,10.185715,6.8,0.0007132739,0.0032717735,2.5828679e-06,1.0183081e-05,1.0136515e-05,True
2010-11-01,142.27,0.4,8.2,14.2,2.914286,81.58572,0.64285713,0.59999996,0.7571429,10.0,8.042857,6.645918e-06,0.0035315752,-7.345365000000001e-25,1.9185245e-07,0.0,True
2010-11-08,142.39,24.4,11.285714,13.942858,8.385715,81.51429,0.7285714,0.62857145,1.0857142,10.0,10.342857,0.00074091554,0.004892513,-7.345365000000001e-25,1.1175871e-08,7.0780516e-08,True
2010-11-15,142.41,27.1,11.242858,15.042857,7.614286,76.35714,1.0142857,1.0142857,1.4,10.514286,9.685715,0.001852192,0.0047527254,5.676633e-09,5.8859587e-07,5.1409006e-07,True
2010-11-22,142.51,10.0,5.071429,6.8142858,3.1714287,90.98572,0.27142859,0.27142859,0.41428572,10.714286,5.757143,0.00031914562,0.0054271147,7.83943e-06,1.3295561e-05,0.00014424697,True
2010-11-29,142.65,24.6,1.7571429,3.2285714,-1.70299e-08,90.78571,0.22857144,0.22857144,0.34285715,10.642858,2.1571429,0.00039491057,0.006645955,0.0061957156,0.0017328206,0.016010948,True
2010-12-06,142.67,26.0,-1.9428571,0.38571432,-4.257143,87.971436,0.042857144,0.042857144,0.3,10.685715,0.45714286,0.0017011985,0.009692229,0.016652085,0.00431695,0.012387734,True
2010-12-13,143.14,29.4,1.7142857,3.4857144,-0.09999997,89.8,0.24285714,0.24285714,0.4,11.257143,1.1142857,0.0066481903,0.025495179,0.016237883,0.020245308,0.013124626,True
2010-12-20,143.07,22.5,-1.0428572,1.9285715,-3.8285716,85.48572,0.12857142,0.12857142,0.45714286,10.6,-0.15714286,0.0007047057,0.022774607,0.022713134,0.009060251,0.029404778,True
2010-12-27,143.24,29.9,-1.0,1.1428573,-3.5714288,93.44286,0.042857144,0.042857144,0.18571427,11.471429,0.44285715,0.001969874,0.026611477,0.031887922,0.01449427,0.023758706,True
2011-01-03,143.12,1.9,-0.7571429,0.88571435,-2.4285715,94.77143,0.025,0.025,0.17142858,10.575,0.3,5.32493e-05,0.024299167,0.04381196,0.0020099543,0.0035025477,True
2011-01-10,143.48,26.4,4.785714,7.9428573,1.0142859,86.72858,0.37142855,0.37142855,0.61428577,10.7,3.6,0.0073460937,0.032964215,0.020446539,0.045989227,0.00011691451,True
2011-01-17,143.46,18.1,7.428571,10.757143,4.1,86.07143,0.62857145,0.62857145,0.5428571,10.7,6.1,0.0016653091,0.043577224,0.00012958617,0.0006352551,1.3448298e-05,True
2011-01-24,143.23,5.4,1.7571429,3.8428571,-0.5714286,79.07143,0.31428573,0.31428573,0.58571434,10.228572,1.8857143,9.150058e-05,0.032494545,0.00214709,0.0004507266,0.0043350644,True
2011-01-31,143.1,6.1000004,-0.11428571,1.8857143,-2.3,84.42857,0.24285714,0.24285714,0.5,10.285714,0.057142857,0.00019161403,0.023895591,0.007309579,0.0037046336,0.0073469356,True
2011-02-07,143.01,1.4000001,3.2857144,6.828572,-0.057142872,79.58572,0.5857143,0.55714285,0.7571429,10.171429,1.6285714,0.00017364323,0.018583179,0.0037444944,0.0068277568,0.000528343,True
2011-02-14,142.94,3.7000003,6.3428574,10.657144,2.3714287,83.51429,0.7285715,0.6857143,0.78571427,9.885715,5.6857142,0.00011634827,0.015112653,0.00012909799,0.00039990246,0.0,True
2011-02-21,142.86,6.6,3.8714287,6.071429,1.6,86.32857,0.44285712,0.41428572,0.61428577,9.8714285,4.114286,0.00017778575,0.012701377,0.00021478676,0.00043515675,0.0021016374,True
2011-02-28,142.84,6.7000003,3.2000003,6.142857,-0.04285717,86.11428,0.50000006,0.50000006,0.6571428,10.142858,2.7142856,0.00029426813,0.010979421,0.0010734797,0.0022388212,0.00075984374,True
2011-03-07,142.77,0.0,4.0,9.757143,-1.2428571,62.68572,1.6857144,1.4571428,1.7714285,9.771428,5.071429,2.6524067e-06,0.009735197,3.550734e-05,0.00013057701,2.8833747e-06,True
2011-03-14,142.7,1.6,8.971429,14.428572,3.2285714,67.92857,1.4714286,1.1571429,1.6571429,9.142858,8.428572,2.6494265e-05,0.008700646,1.0388238e-06,6.4335763e-06,0.0,True
2011-03-21,142.69,11.2,7.728572,12.485715,2.8,75.700005,1.5142858,1.2714285,1.5142858,9.085714,8.671429,0.00029797852,0.0077881366,5.267915e-06,2.0198524e-05,2.7567148e-05,True
2011-03-28,142.64,1.9,10.357142,18.057142,2.9285715,67.200005,2.1285717,1.7142856,2.2,8.785714,11.342857,6.7964196e-05,0.0069928467,1.3680685e-06,6.938353e-06,0.0,True
2011-04-04,142.59,19.4,13.028572,19.314287,6.9857144,76.78571,2.1285713,1.8714286,2.1142857,8.457143,13.928572,0.00014636666,0.0063056275,-7.345365000000001e-25,9.313226e-09,0.0,True
2011-04-11,142.55,0.1,14.457144,22.114286,6.8142858,64.08572,3.1857145,2.3999999,3.0571427,7.9857144,16.842857,1.1920929e-07,0.0056628436,-7.345365000000001e-25,0.0,0.0,True
2011-04-18,142.46,1.1,9.557143,16.385715,2.3285713,62.828575,2.7000003,1.7571429,2.7,7.1571426,13.6,3.1903386e-05,0.00506445,1.5326908e-07,9.0897083e-07,9.23872e-07,True
2011-04-25,142.43,3.1,15.842857,24.37143,7.3,61.4,3.7142856,1.2857143,3.6857142,6.3428574,18.614286,3.117323e-05,0.004490368,-7.345365000000001e-25,0.0,0.0,True
2011-05-02,142.39,12.6,14.228572,20.242859,8.6,71.97143,3.0714285,1.1714286,3.2,5.9428573,17.4,0.00018296391,0.0039759055,-7.345365000000001e-25,0.0,0.0,True
2011-05-09,142.29,0.0,15.071428,23.314287,6.1285715,53.18572,4.357143,0.9428572,4.3285713,5.6571426,18.72857,1.3157725e-05,0.0035302043,-7.345365000000001e-25,0.0,0.0,True
2011-05-16,142.3,13.0,15.542857,21.642857,9.285714,69.07143,3.257143,1.2142857,3.142857,5.6571426,19.428572,3.8430095e-05,0.0030994564,-7.345365000000001e-25,0.0,0.0,True
2011-05-23,142.21,4.5,18.5,26.057144,10.885715,63.785713,4.1285715,1.2571428,4.357143,5.457143,21.5,2.24486e-05,0.0027387962,-7.345365000000001e-25,7.450581e-09,0.0,True
2011-05-30,142.2,3.8999999,17.4,25.4,9.114286,58.8,4.714286,0.8428572,4.6571426,5.1571426,21.485714,1.6823411e-05,0.002389498,-7.345365000000001e-25,0.0,0.0,True
2011-06-06,142.17,16.6,18.728573,24.357143,13.142858,70.12858,3.5857143,2.2142856,3.9714284,5.5857143,20.842857,0.00018963218,0.002115436,-7.345365000000001e-25,1.1175871e-08,0.0,True
2011-06-13,142.18,27.699999,16.728573,21.814287,11.342857,72.314285,2.9142857,2.3142858,3.3142858,6.0,20.62857,0.00039432943,0.001895465,-7.345365000000001e-25,0.0,0.0,True
2011-06-20,142.23,27.699999,18.085714,23.428572,13.17143,74.12858,3.2714286,2.7714286,3.3857143,6.0285716,20.657143,0.0019980893,0.0017172098,-7.345365000000001e-25,1.4901161e-08,0.0,True
2011-06-27,142.19,22.300001,19.814287,26.100002,13.557143,70.98572,3.971429,3.0714285,4.1285715,6.0142856,22.142857,5.2288175e-05,0.0015663132,-7.345365000000001e-25,7.450581e-09,0.0,True
2011-07-04,142.14,13.1,18.357143,24.557144,11.714286,69.22857,4.1142855,2.8999999,4.1,5.5,23.3,8.6054206e-05,0.0014113113,-7.345365000000001e-25,3.7252903e-09,0.0,True
2011-07-11,142.14,14.8,20.242859,26.800001,14.1,71.78571,4.085714,2.5285716,4.042857,5.2,24.171429,0.00023654848,0.0012660772,-7.345365000000001e-25,3.7252903e-09,0.0,True
2011-07-18,142.16,33.2,18.028572,23.914288,12.300001,69.700005,3.485714,2.8857143,3.6000001,6.7285714,21.242857,0.00066021085,0.0011576265,-7.345365000000001e-25,1.1175871e-08,0.0,True
2011-07-25,142.21,22.7,16.057142,20.628572,12.014287,76.814285,2.5,2.3,2.6571429,7.3142858,19.285715,0.00025276095,0.0010788515,-7.345365000000001e-25,0.0,0.0,True
2011-08-01,142.2,27.6,17.7,23.285715,12.271429,76.42857,2.7000003,2.2142856,3.357143,7.3285713,21.27143,6.287545e-05,0.0010080263,-7.345365000000001e-25,1.8626451e-09,0.0,True
2011-08-08,142.26,48.199997,20.314287,25.942858,15.300001,76.51428,3.0714288,2.642857,3.242857,7.0857143,22.857143,0.00031654537,0.00093559176,-7.345365000000001e-25,7.450581e-09,0.0,True
2011-08-15,142.22,26.7,18.385714,24.085714,13.185715,74.200005,2.8857143,2.5714285,2.957143,7.3285713,21.085714,0.00041027367,0.00087661296,-7.345365000000001e-25,7.450581e-09,0.0,True
2011-08-22,142.17,3.2,22.47143,29.228573,16.014286,74.457146,3.4714284,2.7857144,3.8285713,6.885714,25.642857,2.1137297e-05,0.0008230731,-7.345365000000001e-25,1.1175871e-08,0.0,True
2011-08-29,142.2,39.4,20.071428,26.457144,14.742858,76.47143,3.0,2.4857142,3.0714285,6.8285713,23.542856,0.0011779591,0.00076816976,-7.345365000000001e-25,5.5879354e-09,0.0,True
2011-09-05,142.18,22.699999,18.728573,24.942858,13.085715,76.557144,2.4142857,1.9142855,2.7285714,6.9857144,22.12857,0.00015175343,0.00072576106,-7.345365000000001e-25,5.5879354e-09,0.0,True
2011-09-12,142.16,17.900002,19.042858,24.457144,14.17143,73.64286,2.4714286,2.114286,2.7428572,7.3,20.528572,0.00017935038,0.00069019943,-7.345365000000001e-25,1.1175871e-08,0.0,True
2011-09-19,142.18,19.2,15.957144,21.057142,11.17143,78.114296,1.7571429,1.4857143,2.0285714,6.9,18.785715,0.00019577146,0.000657998,-7.345365000000001e-25,1.8626451e-09,0.0,True
2011-09-26,142.11,0.0,15.185715,22.657145,8.757143,78.78571,1.7285713,1.2571429,2.1,6.928571,18.185715,1.0728836e-06,0.0006309822,-7.345365000000001e-25,1.8626451e-09,0.0,True
2011-10-03,142.05,0.0,17.157145,24.785715,10.514285,79.8,1.6714286,1.1,2.0,6.428571,19.514286,1.4901161e-08,0.000602521,-7.345365000000001e-25,1.8626451e-09,0.0,True
2011-10-10,142.14,20.3,13.928572,18.257143,9.8714285,77.04286,1.3285714,1.1142857,1.6142857,6.542857,15.1,0.0005687997,0.00057872385,-7.345365000000001e-25,7.450581e-09,0.0,True
2011-10-17,142.11,5.6,11.371429,16.257143,6.8857145,77.82857,1.0142858,0.82857144,1.2714285,6.885714,12.685715,7.190555e-05,0.0005637035,-7.345365000000001e-25,0.0,0.0,True
2011-10-24,142.14,19.5,5.7285714,9.657144,2.0,88.614296,0.62857145,0.55714285,0.67142856,7.857143,8.285714,0.00040564686,0.0005515143,1.3527416e-05,5.776435e-05,5.9232116e-05,True
2011-10-31,142.1,0.3,8.985715,13.285714,4.9857144,89.38572,0.5285715,0.4571429,0.55714285,7.7714286,9.842857,4.455447e-06,0.00054303557,4.2574746e-07,2.834946e-06,0.0,True
2011-11-07,142.08,0.3,9.814286,13.328572,6.6714287,89.15715,0.41428572,0.34285715,0.4857143,7.6571426,10.514286,1.2397766e-05,0.00053597987,-7.345365000000001e-25,3.7252903e-09,0.0,True
2011-11-14,142.06,0.1,6.328572,7.928571,4.5142856,90.92857,0.21428573,0.15714286,0.37142858,7.6,7.285714,1.2814999e-06,0.0005304441,-7.345365000000001e-25,0.0,0.0,True
2011-11-21,142.04,0.0,4.114286,7.1142855,1.2857143,90.057144,0.24285714,0.18571429,0.27142856,7.6,4.9142857,2.6524067e-06,0.00052496046,-7.345365000000001e-25,1.2479722e-07,1.2665987e-07,True
2011-11-28,142.02,0.2,3.457143,6.2000003,1.0714285,91.77143,0.20000002,0.14285715,0.25714287,7.5857143,3.8857143,1.6346574e-05,0.0005197525,-7.345365000000001e-25,5.5879354e-09,0.0,True
2011-12-05,142.07,17.5,7.8428574,11.6,3.8999999,81.42857,0.5714286,0.5428571,0.71428573,7.9142857,6.1285715,0.0012223423,0.00051514804,4.314241e-07,1.5087426e-06,9.655952e-06,True
2011-12-12,142.43,42.5,6.2428575,9.042857,2.8,81.01429,0.64285713,0.62857145,0.71428573,10.1285715,5.3,0.0021748394,0.0022817776,4.5577686e-05,0.00023360737,0.00024024211,True
2011-12-19,142.59,17.3,5.6285715,8.085714,2.6571429,78.314285,0.85714287,0.85714287,1.0,10.728572,4.214286,0.00283359,0.0019791797,0.0015073107,0.00058637187,0.006517656,True
2011-12-26,142.87,25.9,5.0285716,6.942857,2.9285715,86.82857,0.27142859,0.27142859,0.5,10.814285,3.5,0.0024205595,0.0044320077,0.004594627,0.011357879,0.0058970973,True
2012-01-02,142.96,11.6,6.8714285,9.357142,4.3857145,84.0,0.42,0.4,0.7,10.34,3.92,0.002555877,0.004210405,0.0005635534,0.0025332663,0.0016772114,True
2012-01-09,143.09,19.3,6.1285715,8.557143,3.6571429,78.92857,0.92857134,0.92857134,0.9714286,10.957143,5.0285716,0.004736647,0.00797151,0.00016718252,0.00061524287,0.000773225,True
2012-01-16,142.96,0.70000005,2.2142856,5.542857,-1.2285715,87.9,0.42857143,0.41428572,0.2857143,10.242857,2.8428571,0.00013507158,0.007930167,0.00010300818,0.0001655519,6.0617924e-05,True
2012-01-23,143.3,33.9,4.457143,7.8142858,1.1571429,82.185715,0.85714287,0.84285706,0.64285713,10.571428,3.3428571,0.0029499382,0.011236794,0.00011413438,0.0006823316,0.0005983524,True
2012-01-30,143.12,5.3999996,2.7285714,4.4428573,1.0714287,88.34286,0.3,0.3,0.4,10.442857,2.4142857,0.00022726506,0.014983617,0.0003466436,0.00018320605,0.002341345,True
2012-02-06,142.93,0.0,-6.914286,-3.357143,-10.257143,65.62858,0.0,0.0,0.62857145,10.3,-2.4714286,3.2037497e-07,0.015716702,0.0023536342,5.1036477e-06,0.00054933876,True
2012-02-13,142.81,0.7,-7.7714286,-3.9,-11.771429,70.88572,0.0,0.0,0.5428571,10.3,-5.1714287,1.2665987e-06,0.014748782,0.0023496833,3.62657e-05,0.0015710816,True
2012-02-20,142.76,11.8,3.2714288,6.2571425,0.3285714,81.78571,0.74285716,0.74285716,0.7285714,10.342857,0.45714286,0.00058604777,0.013396874,0.005261586,0.010612361,0.008894924,True
2012-02-27,142.8,1.0,4.6714287,9.071428,0.4714286,78.75714,0.88571423,0.8428572,0.82857144,10.028571,3.0857143,0.00020563602,0.012328818,0.00067993003,0.001728747,6.325543e-06,True
2012-03-05,142.76,4.2999997,7.6285715,11.400001,4.1714287,82.28571,0.9714286,0.8571429,0.94285715,9.685715,7.142857,9.7990036e-05,0.011485599,2.4352756e-05,0.00010428578,4.7251582e-05,True
2012-03-12,142.73,4.1,6.442857,11.771429,0.9714286,71.91429,1.4571428,1.2571428,1.3285714,9.4,6.8428574,0.00015412271,0.010592215,3.0335927e-05,0.00014358386,0.00011095032,True
2012-03-19,142.7,13.200001,9.228571,16.257143,2.4,72.07143,1.8142859,1.4714286,1.7571429,8.9,9.614285,0.00016859174,0.009696312,3.5762787e-07,3.1832606e-06,4.3213367e-07,True
2012-03-26,142.65,0.0,10.8714285,19.128572,2.757143,61.414284,2.7,2.0714285,2.5,8.471429,11.514286,1.1846423e-06,0.008776993,-7.345365000000001e-25,2.5890768e-07,0.0,True
2012-04-02,142.6,0.0,10.7,17.214285,3.8714287,56.700005,2.642857,1.8857142,2.5857143,7.4142857,13.0,3.9339066e-06,0.007851735,-7.345365000000001e-25,4.4703484e-08,5.9604645e-08,True
2012-04-09,142.61,20.3,8.357142,12.614286,3.7714288,77.51429,1.5714287,1.3428571,1.5428572,7.1,10.471429,0.00023499131,0.0070299506,3.8544335e-06,2.2059307e-05,3.2538548e-05,True
2012-04-16,142.56,15.5,9.357142,14.085715,4.5285716,72.3,2.0,1.7,2.0428572,7.114286,10.242857,0.00027287006,0.0063352063,8.1743514e-07,1.065433e-05,0.0,True
2012-04-23,142.61,20.0,9.2,14.114286,4.6714287,72.14286,2.5,2.1142857,2.2571428,6.9857144,10.642858,0.00022654235,0.0057387277,3.40598e-08,8.6799264e-07,9.275973e-07,True
2012-04-30,142.56,10.1,15.142858,21.557144,8.6,68.57143,3.3285716,2.3428571,2.9428573,7.0142856,15.528571,0.00013278425,0.0052189007,-7.345365000000001e-25,7.4505806e-08,0.0,True
2012-05-07,142.5,15.5,14.571428,19.87143,9.042857,72.38572,3.1571429,2.257143,3.0,6.8142858,17.028572,0.0005391538,0.00472226,-7.345365000000001e-25,0.0,0.0,True
2012-05-14,142.49,10.5,16.171429,22.514286,9.3714285,66.84286,4.0571427,3.114286,3.7571428,6.642857,18.671429,0.00014922023,0.0043009073,-7.345365000000001e-25,7.450581e-09,0.0,True
2012-05-21,142.43,36.5,14.428572,20.84286,8.5,71.557144,3.3,2.5714285,3.357143,6.3285713,17.257143,0.00089658797,0.0039085075,7.8905197e-07,7.543713e-06,7.4207783e-06,True
2012-05-28,142.48,3.6000001,18.885715,25.2,12.6285715,65.942856,4.528571,2.4142857,4.4,6.0,21.714285,0.000112980604,0.0035636127,-7.345365000000001e-25,3.7252903e-09,0.0,True
2012-06-04,142.49,29.0,18.285715,24.085714,12.371429,72.22858,3.628571,2.0571427,3.7428572,5.571429,21.357143,0.00021523237,0.0032274798,-7.345365000000001e-25,3.7252903e-09,0.0,True
2012-06-11,142.46,24.0,16.542858,21.2,11.885715,72.61429,3.2571428,2.6857142,3.3,6.1571426,19.4,0.00020340085,0.0029684007,-7.345365000000001e-25,1.1175871e-08,0.0,True
2012-06-18,142.53,22.5,17.642857,23.47143,12.1285715,77.6,3.7142856,3.142857,3.4714284,7.1,20.685715,0.0003901571,0.002748303,-7.345365000000001e-25,7.450581e-09,0.0,True
2012-06-25,142.48,19.099998,18.97143,24.414286,13.357142,73.32857,3.9571426,3.285714,3.8,6.2,22.2,0.00015988946,0.0025292337,-7.345365000000001e-25,7.450581e-09,0.0,True
2012-07-02,142.57,47.3,21.114286,26.857143,15.557143,77.57143,3.8999999,3.0714288,3.9714286,5.9142857,24.242857,0.00033587962,0.0023147836,-7.345365000000001e-25,1.1175871e-08,0.0,True
2012-07-09,142.58,24.2,20.714285,26.285715,15.528572,75.74286,3.942857,3.2428572,4.142857,6.4857144,24.057142,0.00018033385,0.0021361932,-7.345365000000001e-25,7.450581e-09,0.0,True
2012-07-16,142.66,33.1,17.7,22.300001,13.642858,73.78571,3.642857,3.2857144,3.5142858,6.6,20.214285,0.00023962557,0.0019661412,-7.345365000000001e-25,7.450581e-09,0.0,True
2012-07-23,142.54,5.7,18.2,23.2,13.357142,70.557144,3.6714287,2.8142855,3.7714286,6.1714287,20.671429,0.00013466924,0.001826182,-7.345365000000001e-25,7.450581e-09,0.0,True
2012-07-30,142.56,24.900002,21.757143,28.614286,15.014285,71.828575,4.214286,3.0714285,4.1857142,5.5,24.77143,0.00012502074,0.001674965,-7.345365000000001e-25,7.450581e-09,0.0,True
2012-08-06,142.49,23.5,20.642857,26.385715,15.185715,74.61428,3.785714,2.8142858,3.7428572,5.1571426,24.342857,0.0001026243,0.0015318766,-7.345365000000001e-25,7.450581e-09,0.0,True
2012-08-13,142.4,0.6,19.100002,25.571428,12.514287,69.3,3.8142858,2.1714287,4.0142856,4.614286,23.314285,6.0498714e-06,0.001404725,-7.345365000000001e-25,3.7252903e-09,0.0,True
2012-08-20,142.36,29.300001,23.228573,30.87143,16.257143,72.828575,4.1,1.9285716,4.2714286,4.5285716,26.1,0.00017222762,0.0012742355,-7.345365000000001e-25,7.450581e-09,0.0,True
2012-08-27,142.34,12.4,20.814287,26.414288,15.371429,73.971436,3.2285712,2.0,3.2,4.9142857,23.642857,0.00016063452,0.0011587292,-7.345365000000001e-25,7.450581e-09,0.0,True
2012-09-03,142.32,7.4999995,17.642859,22.5,12.885715,78.58572,2.114286,1.4571428,2.2857144,5.4428573,19.571428,0.00015191734,0.0010728985,-7.345365000000001e-25,3.7252903e-09,0.0,True
2012-09-10,142.19,0.0,18.52857,26.585714,11.057143,70.87143,2.8142855,1.2857143,3.2142856,5.3142858,21.142857,2.682209e-07,0.00099805,-7.345365000000001e-25,3.7252903e-09,0.0,True
2012-09-17,142.23,18.5,15.414286,21.242859,10.071428,78.65715,1.8714285,1.3999999,2.142857,5.3714285,17.885714,0.00013229251,0.0009291619,-7.345365000000001e-25,1.8626451e-09,0.0,True
2012-09-24,142.31,38.899998,14.471429,20.800001,8.557143,77.91429,1.8714286,1.5285714,1.957143,5.714286,16.942858,0.00023624301,0.000871934,-7.345365000000001e-25,5.5879354e-09,0.0,True
2012-10-01,142.27,14.6,13.228572,18.242857,9.071428,83.91429,1.1999999,1.042857,1.4142857,6.1,14.4,0.00024231523,0.0008272603,-7.345365000000001e-25,1.8626451e-09,0.0,True
2012-10-08,142.38,38.7,13.971429,19.128572,8.385715,81.200005,1.3285713,1.2142857,1.5285714,6.285714,14.357142,0.00021158159,0.0007895529,-7.345365000000001e-25,7.450581e-09,0.0,True
2012-10-15,142.58,27.6,10.857142,14.071428,7.414286,88.17143,0.8428572,0.81428576,0.8428572,7.7,12.042857,0.00037388504,0.00076229125,-7.345365000000001e-25,0.0,0.0,True
2012-10-22,142.51,0.2,12.271429,18.071428,7.214286,87.057144,0.8714286,0.74285716,0.90000004,7.7714286,12.771428,1.0579824e-06,0.0007417202,-7.345365000000001e-25,0.0,0.0,True
2012-10-29,142.58,22.1,5.828572,9.285714,2.642857,88.828575,0.5,0.44285712,0.55714285,8.071428,7.8428574,0.0001950264,0.00072324276,0.0017628613,0.0017579924,0.0061795264,True
2012-11-05,142.93,52.3,8.571428,13.042857,4.8285713,82.6,0.9285714,0.9142857,0.87142855,9.157143,8.085714,0.0030226707,0.002093941,0.0010264147,0.004200572,6.817281e-07,True
2012-11-12,143.01,17.3,7.5285716,10.67143,4.0,89.328575,0.42857143,0.42857143,0.5,10.428572,7.785714,0.0002592355,0.00071714073,1.7029899e-07,8.92207e-07,1.4528632e-07,True
2012-11-19,142.89,0.2,4.7999997,7.7571435,2.3,94.77143,0.25714287,0.25714287,0.27142859,10.142858,6.0857143,2.0489097e-06,0.0007517114,-7.345365000000001e-25,0.0,0.0,True
2012-11-26,142.81,15.2,7.657143,11.285714,4.071429,88.57143,0.34285715,0.34285715,0.44285718,9.957143,6.7714286,0.00022982061,0.00079245865,-7.345365000000001e-25,1.8626451e-09,0.0,True
2012-12-03,143.1,33.399998,3.1857142,5.2571435,0.9857144,88.87142,0.3285714,0.3285714,0.35714287,10.771428,3.4857142,0.0009659976,0.002247177,0.0010794685,0.0011746008,0.0054453276,True
2012-12-10,143.07,11.3,1.0,3.1714287,-1.5285714,87.58572,0.29999998,0.29999998,0.40000004,10.614285,1.1571429,0.000507243,0.00108587,0.0070959274,0.0036978386,0.014703196,True
2012-12-17,143.39,25.599998,3.1857142,5.9000006,0.47142845,87.48572,0.3857143,0.3857143,0.42857143,10.7,2.3142858,0.0028325245,0.004558943,0.010942448,0.019345358,0.0033887066,True
2012-12-24,143.61,27.1,6.785714,9.900001,3.4428573,87.957146,0.44285718,0.44285718,0.5428571,11.1285715,5.3142858,0.0022171438,0.005279638,7.97056e-05,0.00025240332,4.4055283e-05,True
2012-12-31,143.44,10.2,8.728572,11.285714,6.0142856,74.15715,0.9142857,0.9142857,1.0571429,10.728572,6.7714286,0.0011962652,0.0060029477,2.9736095e-06,1.3964251e-05,1.44690275e-05,True
2013-01-07,143.23,4.4,5.9,8.014285,3.2714286,87.61428,0.37142858,0.37142858,0.4857143,10.257143,5.2,0.0004506111,0.008040123,1.1069434e-06,3.784895e-06,3.144145e-06,True
2013-01-14,143.1,3.8,1.4285715,2.4857142,0.24285714,90.61428,0.18571429,0.18571429,0.34285715,10.271428,2.2142856,0.00018039346,0.008721516,0.00037338052,8.763373e-05,0.002398651,True
2013-01-21,143.02,12.4,-1.1714287,0.5285714,-2.8571432,86.90001,0.042857144,0.042857144,0.32857147,10.3714285,0.25714287,0.00025206804,0.008993089,0.007018623,0.0014432482,0.010241423,True
2013-01-28,142.97,5.1,0.7571429,2.9,-1.5857142,84.84286,0.21428572,0.21428572,0.44285712,10.314285,0.18571429,0.00041498244,0.0089944005,0.008954156,0.0082134195,0.0008774549,True
2013-02-04,143.6,62.1,7.057143,10.2,3.7142856,80.78571,1.0428572,1.0428572,0.9714286,10.942857,5.757143,0.01136034,0.019798875,0.0009080739,0.0067236554,0.00461857,True
2013-02-11,143.5,19.1,0.61428577,3.2714286,-1.9428571,85.25715,0.37142858,0.37142858,0.51428574,10.842857,1.3142858,0.00044380128,0.022887096,0.008716084,0.0038602091,0.016946226,True
2013-02-18,143.33,7.2,0.45714286,3.4,-2.5428574,82.828575,0.34285715,0.34285715,0.5285714,10.342857,0.27142859,0.00024671853,0.021463364,0.012649934,0.009917103,0.00403801,True
2013-02-25,143.16,1.4,-0.90000004,1.4857143,-3.1714287,77.814285,0.22857144,0.21428572,0.71428573,10.157143,0.12857144,9.088218e-05,0.018796347,0.00632923,0.0029846355,0.003145177,True
2013-03-04,143.07,1.6,1.9857143,5.285714,-1.0142858,83.41429,0.71428573,0.67142856,0.71428573,10.1,1.1285714,0.00019264221,0.016396508,0.0026187499,0.006258808,6.476045e-05,True
2013-03-11,143.16,17.7,7.6285715,12.542857,3.0142858,79.94286,1.2142856,1.1142857,1.0714285,9.614285,8.114285,0.00014005601,0.014238432,9.646302e-05,0.00048943236,1.578778e-05,True
2013-03-18,143.16,16.7,1.4428571,4.342857,-1.7714287,79.44286,0.7285714,0.71428573,0.85714287,9.914286,2.6285715,0.0004480183,0.012433827,0.0012130567,0.0018748194,0.0026426837,True
2013-03-25,143.1,3.7,4.7571425,8.514286,1.1428572,71.47143,1.457143,1.3857143,1.4571428,10.085714,5.1,0.00013807416,0.011122651,0.00028895764,0.0009639971,0.0014118627,True
2013-04-01,143.01,1.4,2.457143,5.971429,-1.1714286,67.47143,1.1857144,1.0571429,1.4142857,9.785714,3.7714286,0.00010163337,0.010123409,0.0009811493,0.002401391,0.0018405057,True
2013-04-08,142.93,0.7,5.0285716,9.67143,0.21428569,63.9,1.6428572,1.3285714,1.9,9.285714,6.385714,2.3640692e-05,0.009138495,7.752577e-05,0.00036691315,1.5608966e-05,True
2013-04-15,143.11,28.6,13.057143,18.457142,8.1,68.15714,2.8857143,2.7142856,2.6714287,9.785714,12.185715,0.0009850711,0.008721359,4.2007082e-07,4.949048e-06,2.0377338e-06,True
2013-04-22,142.97,0.2,13.857142,17.9,9.828572,64.38572,2.4714286,1.9714286,2.5571427,9.1,14.928572,7.7694654e-05,0.007554345,-7.345365000000001e-25,6.519258e-08,5.9604645e-08,True
2013-04-29,143.06,36.3,12.228572,18.057142,6.7999997,74.44286,2.3857143,1.9857141,2.3142858,9.028571,14.4,0.0012509525,0.008094437,1.70299e-08,4.656613e-07,5.364418e-07,True
2013-05-06,143.05,24.5,13.428572,18.257143,8.957143,84.01429,2.3142858,2.1714287,2.2571428,9.671429,15.342857,0.0016242415,0.0065269843,-7.345365000000001e-25,7.8231096e-08,0.0,True
2013-05-13,143.04,16.5,14.214286,18.800001,10.085714,76.58572,2.8,2.7,2.6571429,9.457143,16.342857,0.00051781535,0.0062365383,-7.345365000000001e-25,0.0,0.0,True
2013-05-20,142.96,16.0,13.285714,16.857143,9.828572,80.38572,2.2428572,2.042857,2.1714284,9.385715,15.1285715,0.00043597817,0.006051719,-7.345365000000001e-25,0.0,0.0,True
2013-05-27,143.19,37.699997,9.914286,13.742857,6.714286,79.62858,2.1714284,2.1285713,2.2,10.185715,12.457143,0.00059457123,0.005978264,2.0435878e-07,2.0936131e-06,2.0638108e-06,True
2013-06-03,143.66,90.5,12.757143,17.157145,8.442858,77.64286,2.742857,2.657143,2.5857143,10.857142,15.414286,0.010183148,0.014092565,-7.345365000000001e-25,1.1175871e-08,0.0,True
2013-06-10,143.26,6.3,18.042858,23.985716,11.400001,67.78571,4.357143,3.5857143,4.471429,9.271428,21.37143,8.882582e-05,0.011064887,-7.345365000000001e-25,0.0,0.0,True
2013-06-17,143.03,10.1,19.614286,26.585714,12.714286,69.185715,4.4714284,3.757143,4.6714287,8.6,22.957144,0.00018295646,0.010219015,-7.345365000000001e-25,1.1175871e-08,0.0,True
2013-06-24,142.97,23.2,21.128572,26.314287,15.67143,67.77143,4.7571425,3.6571429,4.6285715,7.3428574,24.428572,0.001336433,0.008930735,-7.345365000000001e-25,3.7252903e-09,0.0,True
2013-07-01,142.94,14.9,15.185715,20.2,10.357142,75.700005,3.2142856,2.5571427,3.0714285,7.2,19.242857,0.0003017336,0.007903568,-7.345365000000001e-25,3.7252903e-09,0.0,True
2013-07-08,142.86,12.9,20.37143,25.77143,14.485715,71.08572,4.5285716,3.414286,4.357143,7.214286,23.357143,0.00037047267,0.007051751,-7.345365000000001e-25,1.4901161e-08,0.0,True
2013-07-15,142.77,0.0,20.585714,26.828571,14.0,62.657143,5.2428565,2.2142856,5.4,5.9428573,25.414286,3.2782555e-07,0.006195195,-7.345365000000001e-25,1.1175871e-08,0.0,True
2013-07-22,142.7,0.9,23.442858,30.571428,16.014286,60.200005,5.771428,0.84285706,5.5285716,5.4428573,26.828571,1.8179417e-06,0.00530985,-7.345365000000001e-25,7.450581e-09,0.0,True
2013-07-29,142.7,17.2,23.87143,30.042858,18.2,72.72857,4.2285714,1.2714285,4.0142856,5.6,26.8,0.0011228174,0.004534155,-7.345365000000001e-25,1.1175871e-08,0.0,True
2013-08-05,142.64,0.2,23.914288,31.042858,16.985714,64.14286,4.8285713,3.0,4.8285713,6.4428573,26.642857,1.4960766e-05,0.0039609,-7.345365000000001e-25,1.1175871e-08,0.0,True
2013-08-12,142.58,24.8,20.014286,25.614286,15.028572,75.82857,3.2571428,2.4428573,3.2428572,6.3142858,23.8,0.00016839802,0.003472373,-7.345365000000001e-25,7.450581e-09,0.0,True
2013-08-19,142.55,8.9,18.757143,25.571428,11.985715,71.700005,3.6000001,2.3,3.4714284,5.757143,22.957144,7.754564e-05,0.0030745491,-7.345365000000001e-25,1.8626451e-09,0.0,True
2013-08-26,142.6,46.899998,17.785715,23.442858,12.571428,76.64286,2.8,1.7857144,2.8714287,5.8714285,20.971428,0.00019298494,0.0027255863,-7.345365000000001e-25,3.7252903e-09,0.0,True
2013-09-02,142.53,0.1,17.442858,23.214285,12.071428,77.057144,2.5142858,1.8571428,2.642857,6.4428573,20.757143,0.00011384487,0.0024678186,-7.345365000000001e-25,1.8626451e-09,0.0,True
2013-09-09,142.53,30.800001,19.628572,26.085714,13.685715,76.87144,2.8714287,2.0714285,2.9142857,6.071429,22.214285,0.0005852878,0.002222836,-7.345365000000001e-25,3.7252903e-09,0.0,True
2013-09-16,142.63,32.7,14.242858,17.357143,11.5,87.64286,1.4857142,1.4714285,1.4142857,8.014286,15.971429,0.0018641055,0.003047444,-7.345365000000001e-25,9.313226e-09,0.0,True
2013-09-23,142.7,19.3,13.785714,18.942858,9.2,82.04286,1.6428572,1.5285715,1.7857143,9.114285,15.7,0.0008377284,0.002172105,-7.345365000000001e-25,5.5879354e-09,0.0,True
2013-09-30,142.62,0.7,15.157144,20.585714,10.6,83.457146,1.4428571,1.1999999,1.6999999,8.557143,17.857143,2.0712614e-05,0.0019218326,-7.345365000000001e-25,0.0,0.0,True
2013-10-07,142.67,30.8,13.514287,17.728573,9.67143,85.98572,1.0714287,0.9571429,1.1857144,8.971429,15.4,0.0009825602,0.0019866824,-7.345365000000001e-25,1.8626451e-09,0.0,True
2013-10-14,142.73,38.699997,9.942857,13.114286,7.1714287,88.34286,0.7714286,0.7714286,0.82857144,10.442857,11.9,0.0009945482,0.003057167,-7.345365000000001e-25,2.0675361e-07,2.0489097e-07,True
2013-10-21,143.13,52.6,13.400001,17.557142,9.342857,87.614296,0.9714285,0.95714283,0.95714283,10.657143,13.714286,0.001741603,0.0028299764,-7.345365000000001e-25,1.8626451e-08,0.0,True
2013-10-28,143.02,10.0,15.928572,20.914286,11.685715,79.28571,1.2857143,1.2857143,1.5428572,10.414286,14.857142,0.00029076636,0.0023070797,-7.345365000000001e-25,1.3038516e-08,0.0,True
2013-11-04,143.04,11.8,9.900001,13.900001,5.542857,81.185715,0.95714283,0.95714283,1.0142857,10.485714,10.114285,0.0016309172,0.0035789385,-7.345365000000001e-25,7.450581e-09,0.0,True
2013-11-11,143.34,37.4,10.085714,12.857142,7.014286,81.87142,0.87142855,0.87142855,0.98571426,10.914286,9.9,0.004171364,0.006781623,1.3970193e-05,4.7557056e-05,9.78522e-05,True
2013-11-18,143.15,1.2,4.728572,6.857143,2.5,88.02857,0.34285712,0.34285712,0.42857143,10.485714,5.4142857,4.5642257e-05,0.005349055,1.9209725e-05,4.9132854e-05,3.501773e-07,True
2013-11-25,143.19,28.9,4.114286,5.6571426,2.357143,88.35714,0.32857147,0.32857147,0.42857143,10.757143,4.457143,0.00078108907,0.0063944384,0.0005750429,0.0025955252,0.003576871,True
2013-12-02,143.08,2.6,1.5428572,4.5142856,-1.4571428,88.3,0.25714287,0.25714287,0.34285715,10.285714,1.9142857,0.00018331409,0.007621713,0.0008423215,0.0010677539,0.00032225624,True
2013-12-09,142.99,2.3,3.1000001,5.8428574,0.3285714,82.84286,0.44285718,0.44285718,0.4714286,10.171429,2.642857,0.00010153651,0.008154713,0.00028575034,0.00046658143,0.00039595366,True
2013-12-16,142.94,4.9,0.85714287,4.071429,-1.7857143,94.07143,0.12857144,0.12857144,0.14285715,10.171429,1.2,5.736947e-05,0.008212522,0.00014610517,0.00020789355,1.0550022e-05,True
2013-12-23,142.9,4.8,6.3857145,8.8,1.8857144,82.314285,0.44285718,0.44285718,0.5428571,10.3,3.6571429,0.00025504827,0.008108266,2.4205163e-05,7.3047355e-05,0.0,True
2013-12-30,143.36,51.199997,6.414286,0.0,3.3285716,81.6,0.5428571,0.5428571,0.71428573,11.157143,4.957143,0.0035329908,0.010850288,1.9811448e-06,8.944422e-06,9.205192e-06,True
2014-01-06,143.31,15.1,6.3428574,9.042857,2.2428572,84.200005,0.3,0.3,0.44285712,10.7,2.9,0.00047717243,0.011276305,3.122148e-07,1.0915101e-06,4.917383e-07,True
2014-01-13,143.22,13.4,7.2714286,10.757143,3.6571429,84.01429,0.61428565,0.61428565,0.6571428,10.328571,5.642857,0.00037647784,0.011998042,-7.345365000000001e-25,3.1664968e-08,0.0,True
2014-01-20,143.22,10.8,4.571429,6.914286,2.3428571,89.814285,0.37142858,0.37142858,0.4,10.442857,4.042857,0.00034412742,0.012423232,1.299949e-06,4.5262277e-06,8.214265e-06,True
2014-01-27,143.15,7.2,4.114286,6.1,1.7857143,83.5,0.59999996,0.59999996,0.5857143,10.314285,3.6857142,0.0006746128,0.012705475,0.00013474624,0.0003693048,0.0007694885,True
2014-02-03,143.12,7.7,2.8285716,6.785714,-0.8,84.22858,0.55714285,0.55714285,0.42857143,10.228572,2.6,0.000138551,0.013052791,0.00024384544,0.00036684796,6.357208e-05,True
2014-02-10,143.09,10.0,5.8714285,9.557143,1.8428572,75.72857,0.91428566,0.90000004,1.0,10.257143,4.1571426,0.00028635561,0.012815259,3.805047e-05,0.0001324974,0.000118065625,True
2014-02-17,143.31,28.5,6.8857145,10.457143,3.1571429,77.5,1.0571429,1.0571429,0.9857143,10.657143,5.4857144,0.0016767979,0.0137585625,2.7355694e-05,0.00013906881,4.4427812e-05,True
2014-02-24,143.19,7.0,7.1714287,12.442858,2.0142858,78.98572,1.1428572,1.1285714,1.0,10.214286,6.6857142,0.00016730279,0.012626737,3.2527107e-06,1.23381615e-05,1.475215e-05,True
2014-03-03,143.12,7.1,7.1,11.057143,3.3285716,77.17143,1.1142857,1.0571429,1.1285714,10.142858,6.928571,0.00042513758,0.01235386,7.390976e-06,3.5077333e-05,3.5282224e-05,True
2014-03-10,143.01,0.0,7.328572,14.542857,0.4571429,72.84286,1.6,1.3285714,1.4571428,9.742857,7.642857,5.00679e-06,0.011922382,9.934107e-07,4.6733767e-06,8.195639e-08,True
2014-03-17,142.93,0.0,9.8714285,17.1,2.957143,67.27143,2.0142858,1.5428572,1.9142857,8.9,10.014286,1.3232231e-05,0.01113192,-7.345365000000001e-25,1.4901161e-08,0.0,True
2014-03-24,142.89,10.5,10.3,15.585715,4.8428574,70.75715,2.0428574,1.6285715,1.9857142,8.257143,10.8714285,0.00023044646,0.010131508,3.9509364e-06,1.2464821e-05,3.5416335e-05,True
2014-03-31,142.83,0.1,9.228571,17.071428,1.4714286,67.200005,2.3285713,1.742857,2.2285714,7.928571,11.2,1.5810132e-05,0.009116195,6.1761766e-06,2.620928e-05,2.577901e-06,True
2014-04-07,142.74,3.0,14.228572,20.814285,7.6,71.08572,2.3142858,1.5428572,2.2428572,7.0571427,15.642858,5.1021576e-05,0.008073971,-7.345365000000001e-25,2.9802322e-08,0.0,True
2014-04-14,142.71,0.2,12.457144,18.628572,5.857143,61.528572,3.2571428,1.5714285,3.0714285,6.4,16.057142,3.3445656e-05,0.007124819,-7.345365000000001e-25,0.0,0.0,True
2014-04-21,142.71,1.7,9.157144,14.928572,3.057143,68.77143,2.4428573,0.6571428,2.1285713,6.0,12.9,4.8682094e-05,0.0062667876,-7.345365000000001e-25,9.313226e-08,9.313226e-08,True
2014-04-28,142.67,23.8,14.528572,20.442858,9.157144,74.91429,2.9428573,1.3571428,2.8142858,6.1571426,17.1,0.00027388334,0.005525157,-7.345365000000001e-25,1.8626451e-09,0.0,True
2014-05-05,142.68,10.1,12.1,16.642859,7.585715,79.41429,2.2,1.7571429,2.2142856,7.357143,14.7,0.0029787347,0.0049397275,-7.345365000000001e-25,3.7252903e-09,0.0,True
2014-05-12,142.7,45.2,14.300001,18.814287,9.514285,73.44286,3.3285713,3.0428574,2.9142857,7.4,15.7,0.00042711943,0.0044505447,-7.345365000000001e-25,1.1175871e-08,0.0,True
2014-05-19,142.75,8.6,13.414286,19.328571,7.7000003,68.200005,3.6,2.8285713,3.7142856,7.1571426,16.77143,8.3073974e-05,0.0040654764,-7.345365000000001e-25,0.0,0.0,True
2014-05-26,142.69,26.9,18.1,24.528574,12.028572,68.21429,4.0285716,3.0857146,4.1,6.1571426,21.6,0.00043028593,0.0036735833,-7.345365000000001e-25,0.0,0.0,True
2014-06-02,142.59,2.5,15.642858,21.157145,10.057143,68.7,3.257143,2.2285714,3.4714284,5.5,19.357143,2.56747e-05,0.0033508241,-7.345365000000001e-25,3.7252903e-09,0.0,True
2014-06-09,142.56,5.2999997,20.514286,28.542858,12.042857,62.07143,4.7999997,2.0428574,5.0142856,4.9857144,23.214285,4.208088e-05,0.003037423,-7.345365000000001e-25,3.7252903e-09,0.0,True
2014-06-16,142.52,0.0,21.442858,27.585714,14.957144,56.100002,5.728572,0.88571423,5.914286,4.614286,25.6,1.4662743e-05,0.0026884675,-7.345365000000001e-25,3.7252903e-09,0.0,True
2014-06-23,142.45,1.2,18.657145,25.328571,11.514287,56.9,5.2000003,0.6857143,5.285714,4.3285713,23.6,8.389354e-06,0.002370365,-7.345365000000001e-25,0.0,0.0,True
2014-06-30,142.45,12.4,18.328571,23.928572,12.2,63.82857,4.3,1.3857144,4.285714,4.5571427,22.342857,0.00015357137,0.0020727217,-7.345365000000001e-25,7.450581e-09,0.0,True
2014-07-07,142.44,40.8,20.442858,27.314287,13.771429,68.442856,4.5428567,2.7142856,4.5,4.928571,23.314285,0.00012752414,0.0018391758,-7.345365000000001e-25,7.450581e-09,0.0,True
2014-07-14,142.72,77.9,17.37143,21.0,14.371429,87.17143,2.614286,2.5285714,2.3285713,7.757143,19.457144,0.00078335404,0.001673691,-7.345365000000001e-25,7.450581e-09,0.0,True
2014-07-21,142.93,95.4,22.100002,28.642857,15.614286,72.28572,4.542857,3.6285713,4.457143,7.785714,25.72857,0.0008685589,0.0015424117,-7.345365000000001e-25,7.450581e-09,0.0,True
2014-07-28,142.99,34.1,21.157145,26.614286,16.142857,78.65715,3.7428572,3.257143,3.5285716,8.928572,24.342857,0.0075373054,0.0020018145,-7.345365000000001e-25,1.1175871e-08,0.0,True
2014-08-04,143.15,41.600002,19.97143,24.857143,15.714286,84.84286,3.0714285,2.7714286,3.0285716,9.228572,23.528572,0.0017229691,0.0035694838,-7.345365000000001e-25,0.0,0.0,True
2014-08-11,143.02,20.2,20.514286,26.17143,15.328572,76.97143,3.4571426,2.9428573,3.6857142,8.528571,24.328571,0.0001412183,0.0013236031,-7.345365000000001e-25,7.450581e-09,0.0,True
2014-08-18,143.08,27.3,16.7,21.071428,12.814286,78.685715,2.7428572,2.5142858,2.642857,8.957143,19.357143,0.0004362911,0.0012849644,-7.345365000000001e-25,5.5879354e-09,0.0,True
2014-08-25,142.91,12.0,14.942858,20.485716,9.742858,76.6,2.457143,2.0571427,2.5714285,8.5,19.014286,0.00017173588,0.0012545213,-7.345365000000001e-25,0.0,0.0,True
2014-09-01,143.16,43.7,17.357143,21.457144,13.657143,87.75714,2.1857142,2.0285714,2.0857143,9.357142,19.971428,0.0034191012,0.0021161884,-7.345365000000001e-25,3.7252903e-09,0.0,True
2014-09-08,142.99,0.0,18.27143,23.600002,13.657143,83.557144,2.1285713,1.7142857,2.4857142,9.357142,20.957144,3.5062432e-05,0.0012648627,-7.345365000000001e-25,3.7252903e-09,0.0,True
2014-09-15,142.9,9.4,16.185715,20.828571,12.214286,85.15715,1.7714285,1.4571428,2.1571429,8.957143,19.442858,0.00016757101,0.0012817159,-7.345365000000001e-25,7.450581e-09,0.0,True
2014-09-22,142.96,26.0,17.714285,22.97143,13.142858,87.94286,1.8,1.6142856,1.8142856,8.985714,20.1,0.00087845325,0.0012821779,-7.345365000000001e-25,9.313226e-09,0.0,True
2014-09-29,142.86,2.6999998,14.400001,21.300001,8.614286,84.0,1.6142857,1.442857,1.8428571,9.457143,16.514286,2.3245811e-05,0.0012851357,-7.345365000000001e-25,5.5879354e-09,0.0,True
2014-10-06,142.81,9.5,15.642858,21.257143,10.971429,87.88572,1.1857144,1.0,1.4428571,8.657143,17.8,2.2828579e-05,0.0012868717,-7.345365000000001e-25,1.8626451e-09,0.0,True
2014-10-13,142.86,24.6,15.900001,19.585714,12.7,90.85714,1.0285714,1.0285714,1.0714285,9.071428,16.514286,0.00081670284,0.0014621317,-7.345365000000001e-25,9.313226e-09,0.0,True
2014-10-20,143.11,48.0,15.857142,20.800001,11.6285715,88.700005,1.1714286,1.1571429,1.1714286,9.8714285,16.3,0.0016159564,0.0015981793,-7.345365000000001e-25,3.7252903e-09,0.0,True
2014-10-27,143.03,4.1,10.785714,14.485715,7.0285716,84.9,0.81428576,0.81428576,0.9285714,9.842857,11.714286,0.0010440052,0.0014173836,-7.345365000000001e-25,2.4214387e-08,2.2351742e-08,True
2014-11-03,142.94,2.0,11.242858,16.285715,6.957143,88.98572,0.58571434,0.5428571,0.67142856,9.557143,11.4,1.4744699e-05,0.0015344992,-7.345365000000001e-25,0.0,0.0,True
2014-11-10,142.93,19.8,8.285714,11.714286,5.1285715,92.40001,0.44285712,0.44285712,0.47142857,10.185715,8.942857,0.0007336736,0.0024845004,-7.345365000000001e-25,1.8626451e-09,0.0,True
2014-11-17,143.2,37.7,9.0,11.071428,7.1857147,95.4,0.37142858,0.37142858,0.40000004,10.5,9.314285,0.0006634146,0.0019032881,-7.345365000000001e-25,0.0,0.0,True
2014-11-24,143.1,0.70000005,7.100001,9.328572,5.0285716,96.27143,0.2857143,0.2857143,0.31428573,10.485714,7.757143,5.6907535e-05,0.0023171604,-7.345365000000001e-25,1.8626451e-09,0.0,True
2014-12-01,143.0,0.1,5.6857147,6.9428573,4.457143,91.98572,0.25714287,0.24285714,0.40000004,10.042857,6.071429,6.662309e-05,0.0027175546,-7.345365000000001e-25,0.0,0.0,True
2014-12-08,142.91,5.1,3.6714287,4.571429,2.5857143,94.47143,0.18571427,0.18571427,0.31428573,10.042857,3.8142858,0.00021582842,0.0029600784,1.4180228e-05,3.414601e-05,8.6892396e-05,True
2014-12-15,142.9,9.5,6.728572,8.728572,4.3285713,86.28571,0.55714285,0.55714285,0.71428573,10.185715,5.3285713,0.00043468177,0.003139764,0.00018282163,0.0006594602,0.00058180466,True
2014-12-22,143.1,16.400002,7.714286,9.900001,5.2571425,83.24286,0.59999996,0.59999996,0.78571427,10.542857,6.6857142,0.001967065,0.005686879,3.7181944e-06,2.8964132e-05,2.842024e-05,True
2014-12-29,143.06,16.4,2.3428574,5.328572,-1.3142859,85.37144,0.37142855,0.37142855,0.5285714,10.414286,3.142857,0.0002579689,0.005375251,0.0044650408,0.0012541413,0.01994972,True
2015-01-05,143.33,16.8,1.1142857,4.3714285,-1.8857144,93.685715,0.1,0.1,0.22857143,10.65,0.55,0.00367409,0.01042252,0.014830505,0.018822085,0.0041846894,True
2015-01-12,143.36,15.2,6.071429,9.071428,2.5857143,82.42857,0.9285714,0.9285714,0.8428572,10.542857,4.714286,0.0021844804,0.012012675,0.0015409617,0.0049610958,0.00032779947,True
2015-01-19,143.48,46.0,5.142857,8.357142,1.5857143,83.12858,0.7285714,0.7285714,0.85714287,10.814285,4.1285715,0.0010184497,0.013252787,1.6632534e-05,4.9082562e-05,6.99535e-05,True
2015-01-26,143.29,12.4,1.5142858,3.0142858,0.27142859,93.11428,0.27142856,0.27142856,0.32857147,10.528571,1.2714286,0.00018876046,0.014859922,0.0028079294,0.0023486745,0.013763417,True
2015-02-02,143.34,20.1,2.5857143,4.571429,0.4714286,89.17143,0.6571428,0.6571428,0.5428571,10.657143,1.9285715,0.0011471137,0.017313324,0.008513587,0.010751754,0.013218287,True
2015-02-09,143.17,0.8,-0.54285717,2.2285714,-3.142857,79.057144,0.42857143,0.41428572,0.71428573,10.314285,0.2857143,7.382035e-05,0.016471691,0.0117899915,0.0026803445,0.002361305,True
2015-02-16,143.08,0.1,0.6857143,3.6714287,-1.7571429,95.12858,0.40000004,0.34285712,0.37142858,10.028571,1.5142857,0.0002617836,0.015676,0.0047387737,0.010104403,1.9520521e-06,True
2015-02-23,143.04,12.299999,3.3,6.914286,-0.42857143,84.814285,0.71428573,0.67142856,0.6857143,9.957143,2.4714286,0.00039754063,0.014449447,0.0005579506,0.0014850087,0.00065672025,True
2015-03-02,143.14,14.2,5.8428574,9.828572,1.457143,78.14286,1.1857144,1.1714286,1.0285714,10.4,5.3,0.0011254102,0.013519771,0.00017427263,0.000584919,0.0002413243,True
2015-03-09,143.08,0.5,5.514286,11.871429,-0.40000004,74.0,1.5285714,1.3999999,1.3285714,10.028571,6.8428574,8.407235e-05,0.012903601,8.006891e-05,0.00030334666,0.0002981685,True
2015-03-16,142.99,1.4,5.8857145,11.928572,-0.24285711,73.15715,1.5714285,1.2714285,1.5,9.314285,7.785714,6.2435865e-06,0.012268692,2.1230608e-06,1.2578443e-05,0.0,True
2015-03-23,142.9,0.0,8.471429,14.842857,2.3285716,72.37143,1.7142857,1.3000001,1.7285715,8.7,9.914286,5.1110983e-06,0.011224568,1.9868214e-07,1.1213124e-06,1.3262033e-06,True
2015-03-30,142.96,10.9,9.042857,13.414286,4.542857,74.08572,1.9285715,1.6999999,1.7571429,8.328571,9.785714,0.0015157461,0.010385521,-7.345365000000001e-25,3.427267e-07,8.195639e-08,True
2015-04-06,143.05,26.5,6.5,10.671428,1.5857143,73.64286,2.0000002,1.9285715,1.7285715,9.171429,7.928571,0.0012227818,0.009993456,7.2643874e-05,0.00038006902,0.0004064925,True
2015-04-13,142.97,0.8,11.471429,18.87143,3.857143,63.0,2.9857142,2.3714287,2.7428572,8.671429,13.442857,1.2166798e-05,0.008772261,3.7919908e-06,2.2297725e-05,0.0,True
2015-04-20,142.9,14.3,13.114286,20.600002,5.1714287,56.87143,3.6714284,2.6571429,3.3428571,7.742857,15.585714,6.28531e-05,0.008130558,-7.345365000000001e-25,1.8626451e-09,0.0,True
2015-04-27,142.85,14.4,13.571428,20.614286,6.071429,66.314285,3.342857,2.1571429,3.1285713,6.9714284,16.528572,0.00020240247,0.0073401704,-7.345365000000001e-25,1.8626451e-09,0.0,True
2015-05-04,143.24,43.0,12.6,16.828571,8.342857,81.14286,2.3714287,1.9999999,2.1571429,8.171429,15.057143,0.0015392005,0.00778801,-7.345365000000001e-25,3.7252903e-09,0.0,True
2015-05-11,143.02,1.5,16.442858,22.600002,10.3,65.14286,3.9285715,2.6857145,3.5857143,7.9,19.528572,4.1529536e-05,0.0062293857,-7.345365000000001e-25,3.7252903e-09,0.0,True
2015-05-18,142.94,20.1,16.34286,22.34286,10.257143,71.54286,3.8,2.542857,3.5857143,7.5,20.3,0.0004068315,0.0058031753,-7.345365000000001e-25,3.7252903e-09,0.0,True
2015-05-25,142.88,6.0,13.885715,19.157145,8.6285715,66.41429,3.142857,1.9142857,3.2285714,7.285714,17.77143,9.517372e-05,0.005394608,-7.345365000000001e-25,3.7252903e-09,0.0,True
2015-06-01,142.8,4.6,14.785714,20.257143,9.142858,70.71429,3.3714287,1.9714285,3.1285717,6.785714,18.4,8.563697e-05,0.0049808323,-7.345365000000001e-25,0.0,0.0,True
2015-06-08,142.82,35.100002,21.085714,27.514286,14.2,63.957146,5.2571425,2.3714287,5.1857142,6.0,23.971428,4.1604042e-05,0.0045229495,-7.345365000000001e-25,3.7252903e-09,0.0,True
2015-06-15,142.74,17.7,18.857143,24.085714,13.942858,75.41429,3.8,2.0571427,3.6285717,6.2714286,22.12857,2.387911e-05,0.0040630475,-7.345365000000001e-25,0.0,0.0,True
2015-06-22,142.74,28.2,15.842857,19.985716,11.8,75.77143,2.8857143,2.0142856,2.7571428,6.785714,19.27143,0.0002105236,0.003641449,-7.345365000000001e-25,3.7252903e-09,0.0,True
2015-06-29,142.67,1.5999999,18.485716,25.357143,11.228571,66.25715,4.557143,3.2999997,4.4857144,6.3285713,22.757143,4.374981e-05,0.0032854155,-7.345365000000001e-25,3.7252903e-09,0.0,True
2015-07-06,142.6,0.1,26.728573,34.81429,18.514286,57.17143,6.657143,1.9285713,6.4,5.142857,29.457144,2.001226e-05,0.0028727949,-7.345365000000001e-25,7.450581e-09,0.0,True
2015-07-13,142.53,3.0,21.442858,27.985716,14.642858,55.57143,5.5142856,0.88571423,5.1857142,4.5857143,25.571428,2.1219254e-05,0.0024854168,-7.345365000000001e-25,3.7252903e-09,0.0,True
2015-07-20,142.48,3.6000001,24.857143,32.0,17.785715,60.75714,5.414285,0.8000001,5.214286,4.1857142,27.285715,1.719594e-05,0.0021537691,-7.345365000000001e-25,1.1175871e-08,0.0,True
2015-07-27,142.45,16.4,22.185715,28.4,15.414286,62.485718,4.828572,1.7428571,4.542857,4.257143,25.328571,2.6606023e-05,0.0018605217,-7.345365000000001e-25,7.450581e-09,0.0,True
2015-08-03,142.34,3.6999998,18.914288,25.757143,11.828572,63.728573,4.142857,0.85714287,4.0571427,4.042857,21.77143,3.2752752e-05,0.0016440228,-7.345365000000001e-25,3.7252903e-09,0.0,True
2015-08-10,142.31,12.5,24.714285,31.728573,18.014286,67.8,4.6,1.1714286,4.5571427,4.114286,26.442858,0.00026625395,0.0014408007,-7.345365000000001e-25,1.1175871e-08,0.0,True
2015-08-17,142.31,4.1,21.442858,26.77143,16.557142,75.314285,3.3,1.5142858,3.457143,4.4714284,24.3,0.00016474724,0.0012841672,-7.345365000000001e-25,3.7252903e-09,0.0,True
2015-08-24,142.25,12.5,18.185715,25.557144,11.342857,70.35714,3.057143,1.4857142,3.2142856,4.3428574,21.257143,0.00015246868,0.0011728704,-7.345365000000001e-25,7.450581e-09,0.0,True
2015-08-31,142.18,0.8,22.942858,30.47143,15.67143,63.31429,4.0285716,2.042857,4.2571425,4.3,23.828571,1.66893e-05,0.0010681078,-7.345365000000001e-25,3.7252903e-09,0.0,True
2015-09-07,142.16,4.7000003,15.6285715,20.814287,10.3,70.92857,2.1142857,1.1714286,2.2857144,4.114286,19.214285,2.977997e-05,0.0009772554,-7.345365000000001e-25,3.7252903e-09,0.0,True
2015-09-14,142.16,25.199999,16.47143,23.37143,9.971429,70.25715,2.4714286,1.1714286,2.8285713,3.857143,18.6,0.00024698675,0.0009044409,-7.345365000000001e-25,0.0,0.0,True
2015-09-21,142.21,34.7,14.771429,19.485716,10.885715,83.28571,1.5285714,1.2571429,1.5714285,5.1714287,16.171429,0.00058467686,0.0008488819,-7.345365000000001e-25,5.5879354e-09,0.0,True
2015-09-28,142.19,8.3,13.757143,18.742857,9.414286,75.51429,1.6,1.3000001,1.9857142,5.6285715,15.1285715,0.00014387071,0.0008074865,-7.345365000000001e-25,5.5879354e-09,0.0,True
2015-10-05,142.22,13.3,13.242858,19.571428,7.3,68.6,1.6714284,1.2714285,2.1857142,5.2,14.214286,0.0001365766,0.00076694787,-7.345365000000001e-25,0.0,0.0,True
2015-10-12,142.22,4.5,12.657144,17.042858,8.7,83.65714,0.98571426,0.8,1.1857144,5.542857,13.971429,0.00011422485,0.00073602796,-7.345365000000001e-25,3.7252903e-09,0.0,True
2015-10-19,142.2,4.2,6.785714,9.685715,4.042857,85.328575,0.51428574,0.44285718,0.6857143,5.5142856,8.757143,3.3542514e-05,0.0007118881,6.357829e-07,2.719462e-06,2.834946e-06,True
2015-10-26,142.15,0.4,9.814285,14.1,5.3428574,86.71429,0.6571428,0.5285715,0.7,5.3714285,10.785714,2.8833747e-05,0.000691697,-7.345365000000001e-25,1.5646219e-07,0.0,True
2015-11-02,142.14,2.9999998,7.914286,10.971429,5.0285716,96.14286,0.35714287,0.29999998,0.45714286,5.4,9.6285715,9.982288e-05,0.0006722063,-7.345365000000001e-25,1.8626451e-09,0.0,True
2015-11-09,142.12,0.4,12.457143,17.542858,7.8857145,86.200005,0.6857143,0.48571426,0.7714285,5.3142858,11.157143,3.144145e-05,0.0006539747,-7.345365000000001e-25,1.8626451e-09,0.0,True
2015-11-16,142.11,2.6,10.342857,15.6,5.3857145,76.64286,0.85714287,0.61428565,0.9714286,5.0285716,9.914286,1.8432736e-05,0.00063761324,-7.345365000000001e-25,1.8626451e-09,0.0,True
2015-11-23,142.29,57.2,8.885715,11.814286,5.7571435,80.97143,0.90000004,0.8,1.1142857,6.9142857,8.728572,0.0047995,0.00204283,0.00062696706,0.00055735745,0.0026580356,True
2015-11-30,142.32,27.2,4.3857145,6.857143,1.6285715,86.82857,0.59999996,0.59999996,0.64285713,8.771428,4.0,0.0005119443,0.0006180629,0.0029031946,0.00856957,0.00630337,True
2015-12-07,142.46,7.2000003,7.7571425,11.7,3.5285716,87.58572,0.4285714,0.4142857,0.3285714,9.014286,6.785714,0.0006932467,0.0010732859,9.230205e-06,0.00010216981,0.0,True
2015-12-14,142.45,7.5,4.928571,9.171428,0.5857143,88.92857,0.34285715,0.34285715,0.3,9.057143,4.714286,0.0001835227,0.00067751855,-7.345365000000001e-25,3.6135316e-07,0.0,True
2015-12-21,142.43,10.799999,9.214286,13.614286,5.2000003,88.67143,0.44285712,0.42857143,0.35714287,9.271428,7.3714285,0.0003246814,0.00073193014,-7.345365000000001e-25,7.450581e-09,0.0,True
2015-12-28,142.44,0.3,8.914286,13.157143,5.071429,81.42857,0.5285714,0.5,0.5714286,9.2,6.857143,1.9207597e-05,0.0008003041,-7.345365000000001e-25,0.0,0.0,True
2016-01-04,142.49,19.4,4.928571,7.5285716,1.6857144,93.02857,0.2,0.2,0.2857143,9.133333,3.6,0.00054213405,0.00087156147,5.6993395e-06,3.2041222e-05,6.509945e-05,True
2016-01-11,142.66,28.3,6.142857,8.471429,3.1857142,87.77143,0.5285714,0.5285714,0.4857143,10.614285,4.928571,0.0016703904,0.0018199608,3.6040943e-05,0.00017450936,0.00015900657,True
2016-01-18,142.81,12.0,1.6285714,4.214286,-1.1999999,84.685715,0.61428577,0.61428577,0.5,10.728572,2.3,0.00041785836,0.0013972893,0.007002206,0.00047536567,0.017952729,True
2016-01-25,142.73,2.7,-0.29999998,3.7,-3.7142856,90.15715,0.27142859,0.27142859,0.27142859,10.114285,0.17142858,0.00039756298,0.0019019842,0.012709975,0.012430217,0.00018270686,True
2016-02-01,143.0,15.199999,8.842857,12.885715,4.785714,80.37144,1.057143,1.0428572,0.9714286,10.271428,6.714286,0.002013728,0.003554359,0.0007801737,0.0049943514,3.7115067e-05,True
2016-02-08,143.01,17.3,7.2285714,10.842857,3.5428574,80.64286,1.0571429,1.0428572,0.9285714,10.485714,6.285714,0.002107814,0.0051126406,9.963626e-05,0.000449799,0.00044642016,True
2016-02-15,143.06,17.0,5.6,8.5,2.8,80.92857,1.0142858,1.0142858,0.8428572,10.742857,5.0857143,0.0018184036,0.011175439,0.0009067229,0.0027715098,0.0029260032,True
2016-02-22,143.06,7.4,5.557143,8.3714285,2.6000001,80.971436,1.0,1.0,0.9714286,10.342857,4.9714284,0.00051663816,0.012526624,0.00036054564,0.0017677713,0.0015638098,True
2016-02-29,143.04,12.6,3.3142858,7.3857145,-0.35714287,78.614296,0.9714286,0.9285715,0.90000004,10.6,4.285714,0.0013069734,0.0157144,0.00076549395,0.0018142127,0.0024120025,True
2016-03-07,143.24,38.8,4.071429,7.4428573,1.1,84.08572,0.95714283,0.95714283,0.8428572,10.714286,4.242857,0.00131201,0.01627317,0.00087606907,0.0031239633,0.0039960705,True
2016-03-14,143.12,0.2,4.3714285,9.471429,0.14285713,76.11428,1.3999999,1.2714287,1.3285714,10.228572,5.428571,0.00010585785,0.015412778,0.0011657703,0.003710514,0.0023436807,True
2016-03-21,142.99,1.1,5.014286,10.900001,-0.057142872,73.471436,1.4428571,1.1857144,1.4857142,9.457143,6.757143,3.8653612e-05,0.014604509,2.2888184e-05,8.7989494e-05,3.27453e-05,True
2016-03-28,142.93,13.1,8.285714,13.228572,3.4285715,72.48572,1.7142857,1.5,1.6999999,9.071428,8.785714,0.00023119152,0.01317732,3.803344e-07,2.702698e-06,1.9408762e-06,True
2016-04-04,142.88,8.3,10.685715,14.957144,6.471429,82.72857,1.6857144,1.5142858,1.5,9.314285,11.571428,0.00027039647,0.0117050335,-7.345365000000001e-25,4.284084e-08,0.0,True
2016-04-11,142.86,17.1,10.385715,15.842857,4.785714,72.64286,2.2428572,2.0142858,2.142857,9.414286,12.4,0.0002503842,0.010793999,-7.345365000000001e-25,0.0,0.0,True
2016-04-18,143.27,49.9,10.814286,15.17143,7.5285716,82.799995,1.9714285,1.9142855,1.7428571,10.028571,12.971429,0.00305596,0.010275669,-7.345365000000001e-25,0.0,0.0,True
2016-04-25,143.07,7.0,9.3,14.800001,3.4142857,71.65715,2.557143,2.3,2.357143,9.828571,12.471429,0.00011910498,0.008954227,6.789253e-06,4.4548884e-05,7.602945e-05,True
2016-05-02,143.28,36.0,8.1,14.271429,2.8,75.542854,2.5142858,2.3999999,2.2428572,10.042857,10.814285,0.0015957206,0.009516016,4.9778395e-05,0.00026990287,0.00024063885,True
2016-05-09,143.07,6.5,14.857142,22.300001,6.542857,61.914288,4.2714286,3.4428573,3.8,9.142858,17.285715,0.00012783706,0.008108042,-7.345365000000001e-25,8.940697e-08,0.0,True
2016-05-16,143.01,20.2,13.342857,17.214285,10.457144,82.0,2.0714285,1.842857,2.0142858,9.0,16.1,0.002339691,0.0086401105,-7.345365000000001e-25,0.0,0.0,True
2016-05-23,142.94,20.5,14.714286,20.728573,8.900001,71.314285,3.4142857,2.8857143,3.3714287,8.728572,17.471428,0.00072956085,0.0076542273,-7.345365000000001e-25,3.7252903e-09,0.0,True
2016-05-30,142.97,28.9,16.857143,22.0,12.242857,78.25715,3.042857,2.6857142,3.142857,8.742857,19.557142,0.00068701804,0.007570632,-7.345365000000001e-25,1.1175871e-08,0.0,True
2016-06-06,143.08,26.9,17.585714,22.671429,13.514287,80.32857,2.957143,2.8857143,3.2,10.071428,20.471428,0.00047706068,0.0074801967,-7.345365000000001e-25,3.7252903e-09,0.0,True
2016-06-13,143.41,74.9,17.885715,23.47143,13.985715,79.88572,3.385714,3.2285712,3.3714287,10.328571,21.514286,0.0034781843,0.008286394,-7.345365000000001e-25,3.7252903e-09,0.0,True
2016-06-20,143.37,38.7,15.542857,20.185715,11.542857,82.5,2.9142857,2.9142857,2.7857144,10.8,18.457144,0.0014650673,0.009232022,-7.345365000000001e-25,3.7252903e-09,0.0,True
2016-06-27,143.23,44.7,21.157145,27.414288,14.657144,74.78571,4.3714285,3.885714,4.342857,9.828571,24.071428,0.0028029531,0.008834235,-7.345365000000001e-25,7.450581e-09,0.0,True
2016-07-04,143.06,12.9,19.5,24.685715,14.642858,73.67143,3.7714283,3.2,3.6571429,9.014286,22.928572,0.00014293194,0.00840193,-7.345365000000001e-25,3.7252903e-09,0.0,True
2016-07-11,142.9,12.2,21.642857,28.042858,14.828572,64.28571,5.071429,3.4571426,4.9,7.5857143,25.785715,6.3061714e-05,0.0077308267,-7.345365000000001e-25,3.7252903e-09,0.0,True
2016-07-18,142.83,6.8,18.214285,24.028574,12.6,72.52857,3.6428568,2.4714284,3.857143,7.242857,22.22857,0.00015722215,0.0069505423,-7.345365000000001e-25,7.450581e-09,0.0,True
2016-07-25,142.83,10.1,23.1,29.414288,17.47143,73.442856,4.3285713,2.6142857,4.4857144,6.8,26.928572,0.00021371245,0.0061136633,-7.345365000000001e-25,7.450581e-09,0.0,True
2016-08-01,142.75,8.4,21.257143,27.128572,15.514287,71.85714,4.0000005,2.1571426,3.9428573,6.5,25.471428,9.687245e-05,0.0053589568,-7.345365000000001e-25,1.1175871e-08,0.0,True
2016-08-08,142.75,27.9,18.97143,25.585714,13.7,77.37144,3.3142855,2.4428573,3.2857144,6.757143,22.657143,0.00018569827,0.004735127,-7.345365000000001e-25,9.313226e-09,0.0,True
2016-08-15,142.66,3.8999999,18.514286,25.257143,12.457144,72.02857,3.4142857,2.2571428,3.6714287,6.214286,22.671429,2.7291477e-05,0.0041857213,-7.345365000000001e-25,7.450581e-09,0.0,True
2016-08-22,142.61,10.3,18.585714,24.514286,13.285714,77.0,2.7857144,1.4999999,2.7571428,5.8142858,22.428572,0.00014214218,0.0036872178,-7.345365000000001e-25,3.7252903e-09,0.0,True
2016-08-29,142.56,0.1,23.442858,32.114285,15.514287,66.78571,4.1,1.2285715,4.3,5.457143,25.428572,1.9177794e-05,0.0032643676,-7.345365000000001e-25,7.450581e-09,0.0,True
2016-09-05,142.51,4.1,19.7,26.457144,13.742858,70.828575,2.9285717,0.62857145,3.085714,5.2,23.1,2.4482608e-05,0.0028675273,-7.345365000000001e-25,1.1175871e-08,0.0,True
2016-09-12,142.44,0.0,20.485716,29.0,13.257143,70.92857,3.042857,0.8,3.357143,5.1,22.814285,1.3411045e-07,0.002547197,-7.345365000000001e-25,1.8626451e-09,0.0,True
2016-09-19,142.48,27.0,18.1,23.257143,13.271429,78.78571,1.9999999,0.64285713,2.0571427,5.257143,21.014286,0.0003066361,0.0022650957,-7.345365000000001e-25,3.7252903e-09,0.0,True
2016-09-26,142.41,0.6,14.657144,21.857143,8.657143,79.64286,1.6857141,1.0857145,1.8857143,5.7,17.585714,1.0728836e-05,0.0020669848,-7.345365000000001e-25,1.8626451e-09,0.0,True
2016-10-03,142.41,9.200001,15.785714,21.600002,10.928572,76.91429,1.5857145,1.1142857,1.8857143,5.5571427,17.27143,3.5703182e-05,0.0018924847,-7.345365000000001e-25,0.0,0.0,True
2016-10-10,142.4,4.2999997,9.685715,14.114286,6.0285716,82.02857,0.8285714,0.54285717,1.1285714,5.4714284,12.057143,4.900992e-05,0.0017524734,-7.345365000000001e-25,0.0,0.0,True
2016-10-17,142.35,20.5,9.214286,14.971429,4.2,84.88572,0.78571427,0.55714285,0.88571423,5.4,11.071428,5.6102872e-05,0.001637429,-7.345365000000001e-25,1.8626451e-09,0.0,True
2016-10-24,142.38,29.599998,9.7,13.1285715,6.657143,87.18572,0.71428573,0.6571428,0.7714286,6.6,10.685715,0.00028191507,0.0015390143,-7.345365000000001e-25,1.8626451e-09,0.0,True
2016-10-31,142.39,0.1,8.571428,13.900001,4.642857,92.17143,0.55714285,0.48571435,0.5,7.9857144,10.714286,0.00077335536,0.0014572665,-7.345365000000001e-25,1.8626451e-09,0.0,True
2016-11-07,142.41,15.500001,5.871429,10.400001,1.5142858,90.8,0.50000006,0.45714286,0.41428572,8.214286,7.6714287,0.0002600178,0.001389347,3.0086153e-07,3.9674342e-07,2.834946e-06,True
2016-11-14,142.52,28.7,3.8428571,6.1714287,1.3142859,90.12858,0.4714286,0.4714286,0.41428572,9.5,4.757143,0.0018808618,0.0026716292,6.722269e-05,0.00030871667,0.00034398213,True
2016-11-21,142.6,16.1,8.728572,12.114286,5.0285716,81.52857,0.7571429,0.7571429,0.8,10.0,7.3285713,0.0010368153,0.0013161749,1.1926606e-05,6.669015e-05,1.7572194e-05,True
2016-11-28,142.51,0.3,6.728572,9.271429,3.8714287,87.185715,0.31428576,0.3,0.44285712,9.957143,6.857143,5.452335e-05,0.0013136044,-7.345365000000001e-25,3.1664968e-08,6.556511e-07,True
2016-12-05,142.46,0.0,-0.51428574,4.042857,-4.257143,85.52857,0.27142856,0.25714284,0.20000002,9.7,1.3428571,1.5646219e-06,0.0013218895,6.0058774e-06,5.722046e-06,1.3548881e-05,True
2016-12-12,142.43,0.90000004,0.8428572,5.114286,-2.642857,91.94286,0.20000002,0.17142858,0.2,9.585714,1.3571428,4.068017e-05,0.0013322234,4.8478446e-06,6.530434e-06,3.799796e-07,True
2016-12-19,142.4,0.4,1.4857142,3.6857145,-0.7285715,95.64286,0.15714288,0.14285715,0.18571427,9.5,2.2571428,2.4586916e-06,0.0013407394,1.3737451e-06,2.1848828e-06,1.296401e-06,True
2016-12-26,142.37,6.2999997,4.0285716,6.2571435,1.4857142,89.21429,0.2857143,0.27142856,0.41428572,9.571428,3.2142856,0.00012708455,0.001347445,6.073997e-07,1.6391277e-06,0.0,True
2017-01-02,142.34,2.3,-1.9142858,0.51428574,-3.9714286,95.75714,0.14,0.14,0.10000001,9.6,1.08,3.322959e-06,0.0013546199,0.00015728814,7.9236925e-06,0.0026900843,True
2017-01-09,142.32,7.6,-2.0714285,0.38571432,-5.1714287,88.17143,0.15714286,0.14285715,0.24285714,9.728572,-0.44285715,1.4595687e-05,0.0013644546,0.009545093,0.0005368106,0.012319811,True
2017-01-16,142.46,16.3,1.6714287,4.142857,-0.5857143,87.12858,0.48571426,0.48571426,0.45714286,10.228572,0.37142858,0.00093606114,0.0013872534,0.013208554,0.015337162,0.016253166,True
2017-01-23,142.43,0.0,-5.1285715,-1.457143,-8.414286,82.11428,0.08571429,0.08571429,0.34285715,10.042857,-1.8,4.3556094e-05,0.0014894158,0.013097508,0.001951173,1.7419457e-05,True
2017-01-30,142.39,9.1,-2.5714285,2.1428573,-6.6857147,87.057144,0.21428572,0.21428572,0.27142856,10.0,-1.7857143,0.0005800128,0.0024314523,0.008577472,0.00828062,6.3970685e-05,True
2017-02-06,142.68,21.0,4.9714284,8.142858,1.557143,90.48572,0.55714285,0.55714285,0.47142857,10.414286,2.5714285,0.0011891276,0.0018784478,0.0006603343,0.0025601797,6.966293e-07,True
2017-02-13,142.64,3.3,2.357143,5.8142858,-0.8142857,88.3,0.6,0.5714286,0.4857143,10.171429,2.5857143,7.4356794e-05,0.002519235,0.00011207944,0.00028398074,0.000282906,True
2017-02-20,142.66,9.900001,5.5,11.442858,0.42857146,83.92857,0.88571423,0.85714287,0.7571429,9.885715,5.1714287,0.0001925677,0.0030489266,2.0452908e-05,7.9264864e-05,2.5071204e-06,True
2017-02-27,142.68,20.8,8.385715,13.457144,3.4428573,74.08572,1.5857142,1.5,1.4857142,9.571428,7.785714,0.00046283752,0.0034320578,4.3369473e-06,1.5029684e-05,1.5228987e-05,True
2017-03-06,142.93,16.4,7.014286,11.400001,3.142857,76.8,1.6428572,1.6285715,1.2714285,10.271428,7.214286,0.0019481033,0.0053608045,6.431625e-06,5.0190836e-05,5.461648e-05,True
2017-03-13,143.1,19.5,7.4857144,13.014287,2.1285715,79.21429,1.6,1.5285715,1.2428571,10.328571,8.928572,0.0018485487,0.008074023,1.5588033e-05,0.00010699779,9.8314136e-05,True
2017-03-20,143.0,9.6,10.342857,16.685715,5.042857,74.72857,1.8857142,1.6285714,1.7428571,9.471429,11.1,0.00040867925,0.0078167245,-7.345365000000001e-25,1.0430813e-07,0.0,True
2017-03-27,142.93,11.200001,9.642858,15.357142,4.057143,71.942856,2.1142857,1.7714283,2.0142856,9.357142,11.214286,0.00023208559,0.008091234,-7.345365000000001e-25,3.017485e-07,2.9802322e-07,True
2017-04-03,142.82,1.5,13.257143,20.857143,6.1857142,66.27143,2.9285712,2.2,2.5857143,8.328571,15.314285,4.4628978e-05,0.007967196,-7.345365000000001e-25,1.8626451e-09,0.0,True
2017-04-10,142.71,0.8,11.814286,19.357143,4.4428573,64.24286,2.9428573,2.0285716,2.8428571,7.4428573,14.971429,9.37283e-06,0.007546313,-7.345365000000001e-25,0.0,0.0,True
2017-04-17,142.7,8.3,10.6285715,15.485715,5.7714286,69.48572,2.4285715,1.3428571,2.1714284,6.6857142,14.042857,0.00016587228,0.006963119,-7.345365000000001e-25,0.0,3.7252903e-07,True
2017-04-24,142.65,1.2,6.571429,13.071428,-0.05714282,66.457146,2.5857143,1.5571429,2.2857144,6.5285716,11.1,8.249283e-05,0.0064074397,1.0422298e-05,4.5044348e-05,4.5934692e-05,True
2017-05-01,142.62,20.7,8.7,13.842857,4.0857143,72.24286,2.2714286,1.3714285,2.2285714,6.957143,11.771428,0.0004568696,0.005848564,1.6008105e-05,0.00011923164,0.00011850521,True
2017-05-08,142.68,23.5,11.6285715,15.914286,7.7714286,82.57143,2.142857,1.7714287,1.9714286,7.385714,14.257143,0.00037814677,0.0053694174,-7.345365000000001e-25,1.527369e-07,0.0,True
2017-05-15,142.64,17.2,14.757143,21.37143,8.914286,73.8,3.4714284,2.9,3.3,7.614286,18.057142,0.00020906329,0.004972361,-7.345365000000001e-25,3.7252903e-09,0.0,True
2017-05-22,142.7,31.5,16.285715,22.757143,8.6285715,70.4,3.7857146,2.7285714,3.5714285,7.4142857,19.914286,0.00082542,0.0050547197,-7.345365000000001e-25,7.450581e-09,0.0,True
2017-05-29,142.59,0.0,21.657145,28.814287,13.371429,58.77143,5.5285716,3.0714285,5.357143,6.5571427,24.885714,4.827976e-06,0.004230663,-7.345365000000001e-25,0.0,0.0,True
2017-06-05,142.61,20.899998,19.800001,25.87143,14.457144,72.27143,4.171428,2.6285713,3.9428573,6.2,24.785715,0.002432704,0.0038281977,-7.345365000000001e-25,3.7252903e-09,0.0,True
2017-06-12,142.55,15.4,17.814287,24.34286,10.642858,68.04286,4.442857,3.142857,4.1714287,6.3428574,21.5,0.00019197166,0.0034867749,-7.345365000000001e-25,3.7252903e-09,0.0,True
2017-06-19,142.5,5.3,20.814287,27.528574,13.242858,62.785713,5.5428567,2.2428572,5.142857,5.4857144,25.557142,7.3343515e-05,0.0031354502,-7.345365000000001e-25,7.450581e-09,0.0,True
2017-06-26,142.41,3.9,24.485716,31.128572,16.828571,58.985718,6.3714285,1.2714285,5.585714,4.857143,28.014286,4.7385693e-06,0.0027751774,-7.345365000000001e-25,7.450581e-09,0.0,True
2017-07-03,142.42,22.3,18.985716,24.2,15.457144,74.557144,3.9571426,2.5714285,3.7428572,5.1571426,22.428572,0.00012973696,0.0024560466,-7.345365000000001e-25,7.450581e-09,0.0,True
2017-07-10,142.37,23.3,23.557144,30.685715,17.028572,68.2,5.442857,2.5285716,4.8142858,4.9142857,26.742857,0.00010202825,0.0021902025,-7.345365000000001e-25,1.1175871e-08,0.0,True
2017-07-17,142.33,11.3,19.685715,25.228573,14.071428,68.442856,4.128571,2.6857142,3.957143,5.3428574,23.428572,0.0001046136,0.0019595027,-7.345365000000001e-25,7.450581e-09,0.0,True
2017-07-24,142.36,42.7,22.228573,28.2,16.785715,67.12858,4.7142854,2.7857146,4.6571426,4.9142857,25.5,0.000247851,0.0017420128,-7.345365000000001e-25,7.450581e-09,0.0,True
2017-07-31,142.41,37.9,19.800001,25.47143,15.228572,77.71429,3.5,3.0571427,3.2999997,6.214286,21.942858,0.000528723,0.001591146,-7.345365000000001e-25,7.450581e-09,0.0,True
2017-08-07,142.38,8.400001,21.714285,28.142857,15.657144,72.94286,3.9714284,3.2,3.8142858,5.7,25.071428,3.0428171e-05,0.0014532506,-7.345365000000001e-25,1.1175871e-08,0.0,True
2017-08-14,142.42,38.2,17.514286,22.2,12.900001,81.828575,2.4571426,2.1714284,2.5714285,6.3142858,20.77143,0.0005158484,0.0013405159,-7.345365000000001e-25,3.7252903e-09,0.0,True
2017-08-21,142.37,11.8,19.557144,26.34286,14.357144,75.5,3.385714,2.9285715,3.4285715,6.542857,23.6,0.00020939112,0.001251936,-7.345365000000001e-25,7.450581e-09,0.0,True
2017-08-28,142.32,0.0,21.742859,29.242859,15.371429,72.87144,3.5285714,2.5142856,3.7,5.785714,25.414286,2.2917986e-05,0.0011648238,-7.345365000000001e-25,7.450581e-09,0.0,True
2017-09-04,142.32,31.199999,17.585714,23.842855,12.342857,79.62858,2.4285715,1.8428572,2.642857,5.6857142,21.571428,0.00018115342,0.0010856986,-7.345365000000001e-25,3.7252903e-09,0.0,True
2017-09-11,142.28,4.6000004,16.385715,21.100002,11.685715,74.28571,2.2,1.6857144,2.5285716,5.542857,18.928572,6.5773726e-05,0.0010273829,-7.345365000000001e-25,7.450581e-09,0.0,True
2017-09-18,142.31,29.800001,12.971429,18.628572,8.7,80.25715,1.7857141,1.6571429,1.9571428,6.8285713,14.785714,0.0014785081,0.0009783059,-7.345365000000001e-25,7.450581e-09,0.0,True
2017-09-25,142.3,5.9,12.757143,19.685715,7.157143,84.90001,1.5857145,1.3714286,1.6999999,7.3,16.014286,2.5883317e-05,0.0009338185,-7.345365000000001e-25,1.8626451e-09,0.0,True
2017-10-02,142.25,22.7,15.2,21.77143,10.214286,83.78571,1.4285715,1.1999999,1.6285714,6.757143,18.1,0.0001681298,0.0008915216,-7.345365000000001e-25,3.7252903e-09,0.0,True
2017-10-09,142.34,14.5,11.685715,16.442858,7.357143,84.700005,1.2285713,1.2285713,1.2571429,7.957143,13.328571,0.0045150667,0.00090911984,-7.345365000000001e-25,5.5879354e-09,0.0,True
2017-10-16,142.3,1.0,13.514287,21.071428,8.028571,85.814285,1.0714285,0.90000004,1.2428571,7.8714285,14.385715,1.116097e-05,0.00083868206,-7.345365000000001e-25,1.8626451e-09,0.0,True
2017-10-23,142.29,17.2,12.800001,19.47143,8.285714,81.4,1.0857142,0.94285715,1.0857142,7.6571426,13.642858,0.0001847446,0.0008169189,-7.345365000000001e-25,0.0,0.0,True
2017-10-30,142.3,4.4,10.6,15.257143,6.157143,86.48572,0.87142855,0.8,0.82857144,7.714286,11.671429,0.00041654706,0.0008014515,-7.345365000000001e-25,3.7252903e-09,0.0,True
2017-11-06,142.35,19.099998,8.400001,13.7,3.9714286,87.48572,0.64285713,0.58571434,0.59999996,7.9428573,9.142858,0.00042437017,0.0007901639,2.0435878e-07,9.983778e-07,2.2165477e-06,True
2017-11-13,142.86,52.4,6.2571435,8.342857,4.2428575,93.6,0.4857143,0.4857143,0.42857143,9.285714,6.9142857,0.004447326,0.004748121,2.1440643e-05,8.784607e-05,0.00019013882,True
2017-11-20,142.74,10.7,3.142857,5.8857145,0.51428574,91.18572,0.40000004,0.3857143,0.3857143,9.728572,4.142857,0.00026114285,0.0009225309,7.2161354e-05,0.00018530712,0.00015064329,True
2017-11-27,143.0,33.6,7.7428575,12.157144,3.2142856,81.542854,0.7714286,0.7571429,0.8142857,10.028571,6.4142857,0.0033931434,0.0032491684,2.8178805e-05,0.00012288615,8.960441e-05,True
2017-12-04,143.03,23.6,1.3285714,3.2571428,-0.7714286,92.5,0.31428573,0.31428573,0.3285714,10.328571,2.1,0.0006953329,0.0018501133,0.0028096722,0.0016566776,0.008726962,True
2017-12-11,143.12,20.9,3.7428572,7.142857,0.55714285,85.25714,0.5714286,0.5714286,0.5857143,10.157143,2.6571429,0.0013783127,0.0043150857,0.0037440686,0.011443354,0.0050362386,True
2017-12-18,143.19,16.699999,3.957143,6.057143,1.8142856,82.52857,0.61428565,0.61428565,0.67142856,10.842857,2.7285714,0.0008111447,0.004086949,0.0019111747,0.0016312897,0.008586232,True
2017-12-25,143.22,9.4,5.1285715,6.4000006,3.642857,93.6,0.22857143,0.22857143,0.31428573,10.442857,4.285714,0.00090316683,0.007881083,0.003922809,0.009640155,0.0019784085,True
2018-01-01,143.23,14.6,6.7999997,9.885715,3.3,76.67143,0.75,0.75,1.0,10.4,4.2166667,0.0010596588,0.009310879,0.001070278,0.0040560607,0.0034765303,True
2018-01-08,143.51,34.5,7.928571,11.242858,5.3142858,85.44286,0.88571435,0.88571435,0.7285714,10.942857,7.142857,0.0076449364,0.021263696,5.4779507e-06,5.0999224e-05,3.8150698e-05,True
2018-01-15,143.25,2.8000002,3.8714287,7.328572,0.41428572,88.814285,0.44285718,0.44285718,0.32857147,10.257143,4.257143,8.1673265e-05,0.021841563,6.2442965e-08,2.1234155e-07,6.8172812e-06,True
2018-01-22,143.66,62.2,5.6285715,8.142858,2.4142857,85.3,1.0142857,1.0142857,0.6857143,11.085714,4.357143,0.006866306,0.026098132,0.0004695654,0.0022303686,0.0024104193,True
2018-01-29,143.54,14.0,8.3,10.728572,5.6142855,84.12858,0.7142858,0.7,0.7428571,10.742857,7.3,0.00020946562,0.03658227,3.7221682e-05,0.00022434257,0.0,True
2018-02-05,143.41,13.2,4.157143,6.8142858,1.7142857,86.0,0.68571424,0.68571424,0.5714286,10.485714,4.428571,0.001272276,0.029400215,0.00048856507,0.0005088132,0.00204717,True
2018-02-12,143.23,2.3,1.4714286,3.8142858,-0.9142857,84.14286,0.5285714,0.5142857,0.54285717,10.171429,1.6714286,9.3862414e-05,0.02299375,0.0016125952,0.0021225773,0.0033392236,True
2018-02-19,143.34,21.900002,1.6999999,5.1857142,-1.6285715,85.457146,0.64285713,0.61428577,0.5285714,10.514286,2.0285714,0.0008452013,0.018673211,0.0039540925,0.006561337,0.009346239,True
2018-02-26,143.15,0.0,-0.45714286,2.6857145,-3.2,59.214287,0.6857143,0.61428577,1.2857143,10.085714,0.74285716,2.078712e-05,0.016213782,0.0041300002,0.0008866582,0.00019777939,True
2018-03-05,143.06,6.9,-0.7571429,3.357143,-4.4857144,71.0,0.55714285,0.5428571,0.9142857,9.942857,0.14285715,0.0001218766,0.01427225,0.0025064661,0.0035771057,0.0013092533,True
2018-03-12,143.03,8.8,8.971429,13.400001,4.571429,79.0,1.3428572,1.2714285,1.2857143,9.728572,7.8428574,0.00017611682,0.012448184,0.000100907826,0.0005132891,6.724149e-06,True
2018-03-19,143.03,9.2,4.642857,8.028571,1.3142856,81.02857,1.0142857,0.9714286,1.1,9.714286,5.8714285,0.00020290911,0.01096461,0.0010791109,0.0010758769,0.004507821,True
2018-03-26,142.97,4.2999997,3.642857,9.271429,-1.7,75.799995,1.4,1.2714287,1.3142856,9.514286,5.6571426,0.00014023483,0.009788074,0.0022684166,0.005207695,0.0025766678,True
2018-04-02,142.98,13.200001,7.9428573,12.657144,2.7,76.828575,1.8142856,1.6999999,1.5285714,9.514286,9.2,0.00036983192,0.00878492,3.9662635e-05,0.00032733567,5.83753e-06,True
2018-04-09,142.92,5.1000004,13.0,20.37143,5.7999997,65.700005,2.914286,2.457143,2.7,9.014286,13.414286,0.000102728605,0.007948853,5.676633e-08,7.785857e-07,0.0,True
2018-04-16,142.86,5.2000003,13.1,19.628572,6.8142858,74.41429,2.7428572,2.2571428,2.4857142,8.414286,15.642858,0.00085793436,0.007187322,-7.345365000000001e-25,0.0,0.0,True
2018-04-23,142.78,8.9,18.042858,26.300001,9.542857,61.585716,4.271428,3.0,3.7857144,7.357143,20.314285,3.8668513e-05,0.0064373165,-7.345365000000001e-25,0.0,0.0,True
2018-04-30,142.71,4.6,14.942858,21.414288,8.614286,66.11429,3.9,2.1571429,3.5857143,6.4714284,18.285715,7.690489e-05,0.005720623,-7.345365000000001e-25,3.7252903e-09,0.0,True
2018-05-07,142.67,0.3,15.657144,21.785715,9.114286,59.600002,4.1142855,1.0857142,4.142857,5.9714284,17.928572,3.1143427e-06,0.00507202,-7.345365000000001e-25,7.450581e-09,0.0,True
2018-05-14,142.74,58.699997,15.614286,21.37143,9.6,76.9,3.257143,1.3285713,3.0285716,6.3142858,19.171429,0.00025469065,0.0044452026,-7.345365000000001e-25,3.7252903e-09,0.0,True
2018-05-21,142.72,13.599999,15.314285,20.9,10.5,80.442856,3.1142857,2.5857143,3.0142858,7.5857143,18.757143,0.00019478798,0.0039785504,-7.345365000000001e-25,3.7252903e-09,0.0,True
2018-05-28,142.73,11.599999,20.185715,27.17143,14.1,77.17143,4.142857,3.0714285,4.042857,7.142857,24.3,0.00045274198,0.0035451055,-7.345365000000001e-25,0.0,0.0,True
2018-06-04,142.71,27.699999,21.057144,27.157145,14.971429,74.25715,4.642857,3.3999999,4.5571427,7.2285714,25.471428,0.0007018149,0.0031563193,-7.345365000000001e-25,0.0,0.0,True
2018-06-11,142.68,25.699999,21.600002,27.942858,16.428572,79.14286,4.142857,3.1857145,4.285714,7.4,26.614286,0.0002693981,0.0028203428,-7.345365000000001e-25,0.0,0.0,True
2018-06-18,142.62,7.6000004,18.5,23.571428,13.314286,72.35714,3.6999996,2.9428573,3.7571428,7.9857144,23.157143,0.0003259778,0.0025512576,-7.345365000000001e-25,7.450581e-09,0.0,True
2018-06-25,142.56,0.0,18.699999,24.800001,11.728572,64.65714,4.7428575,2.7000003,4.7000003,6.4714284,24.457144,2.8014183e-06,0.0022908375,-7.345365000000001e-25,7.450581e-09,0.0,True
2018-07-02,142.45,0.0,22.242857,28.785715,14.485715,54.94286,6.042857,1.6142858,5.928571,5.5,25.385714,1.0430813e-06,0.0020378083,-7.345365000000001e-25,7.450581e-09,0.0,True
2018-07-09,142.41,13.1,21.2,27.34286,15.014287,68.957146,4.7571425,2.1142857,4.2714286,5.428571,25.457144,0.000101834536,0.0017917529,-7.345365000000001e-25,7.450581e-09,0.0,True
2018-07-16,142.34,5.6,20.714285,27.357143,13.7,62.514286,4.7571435,1.0571429,4.642857,4.9,25.6,1.5303493e-05,0.0015923381,-7.345365000000001e-25,7.450581e-09,0.0,True
2018-07-23,142.3,9.2,21.957144,28.97143,15.871429,68.64286,4.7571425,1.4428571,4.4857144,4.8428574,26.328571,4.553795e-05,0.0013960898,-7.345365000000001e-25,7.450581e-09,0.0,True
2018-07-30,142.16,0.3,25.357143,33.471428,16.97143,58.0,5.8,1.1999999,5.5,4.6714287,28.028572,3.157556e-05,0.0012301207,-7.345365000000001e-25,7.450581e-09,0.0,True
2018-08-06,142.16,12.0,26.142857,33.9,18.800001,59.27143,5.914286,1.5142858,5.7000003,4.5,28.842857,6.057322e-06,0.001073949,-7.345365000000001e-25,3.7252903e-09,0.0,True
2018-08-13,142.14,12.8,22.34286,29.885715,15.5,59.857143,4.642857,1.1428572,4.642857,4.2285714,26.085714,3.142655e-05,0.00093849003,-7.345365000000001e-25,1.1175871e-08,0.0,True
2018-08-20,142.1,5.0,21.757143,29.4,14.685715,65.17143,4.142857,1.2142857,4.1142855,4.242857,25.3,2.5182962e-05,0.00083922595,-7.345365000000001e-25,9.313226e-09,0.0,True
2018-08-27,142.15,8.4,19.671429,26.2,13.485715,68.27143,3.3714283,1.3,3.3428571,4.1714287,23.27143,7.020682e-05,0.00075054914,-7.345365000000001e-25,-1.8626451e-09,0.0,True
2018-09-03,142.18,16.3,17.585714,22.9,12.857142,76.22858,2.3857143,1.1571429,2.6000001,4.642857,20.657143,8.906424e-05,0.000691697,-7.345365000000001e-25,9.313226e-09,0.0,True
2018-09-10,142.11,8.5,18.557144,26.714285,11.414286,71.11429,2.8571432,1.4857143,3.1000001,4.714286,21.914286,2.8654933e-05,0.0006415397,-7.345365000000001e-25,0.0,0.0,True
2018-09-17,142.1,6.5,18.614286,26.514286,11.67143,71.75715,2.7000003,1.2142857,2.7714286,4.3714285,21.72857,2.078712e-05,0.0005888343,-7.345365000000001e-25,0.0,0.0,True
2018-09-24,142.11,18.099998,17.942858,25.785715,11.242857,67.64286,2.4999998,1.1714286,2.857143,4.3285713,19.857143,0.00017388165,0.000543721,-7.345365000000001e-25,9.313226e-09,0.0,True
2018-10-01,142.07,1.9,12.328572,20.314285,5.371429,66.457146,1.7857143,1.2428571,2.2857144,4.542857,15.428572,6.183982e-06,0.0005092323,-7.345365000000001e-25,0.0,0.0,True
2018-10-08,142.01,0.0,13.085714,20.342855,6.914286,77.42857,1.3142859,0.78571427,1.6285714,4.2714286,15.028571,2.1710992e-05,0.0004806444,-7.345365000000001e-25,1.8626451e-09,0.0,True
2018-10-15,142.02,0.0,14.385715,22.728573,7.9428573,81.85714,1.3714286,0.5285714,1.4,3.9714286,16.528572,1.3411045e-07,0.00045388192,-7.345365000000001e-25,1.8626451e-09,0.0,True
2018-10-22,141.99,0.0,11.6285715,19.37143,5.0285716,79.471436,1.2285715,0.34285712,1.2142857,3.7714286,14.571428,0.0,0.00042948127,-7.345365000000001e-25,1.8626451e-09,0.0,True
2018-10-29,142.05,13.7,9.285714,11.8,6.728572,80.971436,0.81428576,0.35714287,1.0,3.857143,11.014286,0.00017329305,0.00041047484,1.3652302e-05,8.735247e-05,0.00011610985,True
2018-11-05,142.03,0.4,7.857143,11.957144,3.557143,85.27143,0.6,0.42857146,0.6714286,4.5857143,8.5,1.9319355e-05,0.00039560348,6.4543315e-06,3.219396e-05,1.039356e-06,True
2018-11-12,142.05,9.700001,10.685715,15.0,6.7428575,86.1,0.6571428,0.5285714,0.5857143,4.6285715,10.814285,4.7281384e-05,0.0003810078,-7.345365000000001e-25,2.3655593e-07,0.0,True
2018-11-19,142.05,3.1000001,4.928571,8.328572,1.2857143,84.185715,0.45714286,0.37142858,0.5857143,5.0571427,6.0571427,2.24486e-05,0.00036785752,3.5195123e-07,6.3329935e-08,6.467104e-06,True
2018-11-26,142.02,5.6000004,2.7571428,6.6,-0.67142856,87.15715,0.37142858,0.3285714,0.34285715,4.9714284,3.7,5.6259334e-05,0.0003560111,4.1382655e-06,7.022172e-06,1.0933727e-05,True
2018-12-03,142.08,20.2,7.4857144,9.6285715,4.571429,89.18572,0.5714286,0.5428571,0.58571434,5.6714287,6.7714286,0.002219297,0.00080976635,6.7949295e-06,2.0969659e-05,1.0062009e-05,True
2018-12-10,142.2,20.8,8.428572,10.657143,5.957143,84.40001,0.8285714,0.8285714,0.7714286,7.8428574,8.071428,0.0006207377,0.00033847988,8.997463e-06,3.1318516e-05,0.00038231537,True
2018-12-17,142.15,6.0999994,1.0857143,3.8285713,-1.6714286,84.3,0.24285717,0.24285717,0.35714287,8.042857,1.3857143,6.749481e-05,0.00033542514,0.0011884031,0.0021610036,0.0040988736,True
2018-12-24,142.42,20.6,7.571429,10.900001,4.5,84.08572,0.7714285,0.7714285,0.8,8.685715,6.2,0.0019204468,0.0010732412,0.000708177,0.0026740748,1.6391277e-07,True
2018-12-31,142.36,4.0,1.3285714,2.7285714,-0.1571429,91.78571,0.114285715,0.114285715,0.2857143,9.314285,1.8142858,9.454042e-05,0.0003446266,4.4328826e-05,0.0001090616,0.00017610937,True
2019-01-07,142.44,25.2,2.6000001,4.2714286,0.5285715,90.42857,0.3857143,0.37142855,0.34285715,9.3714285,2.6714287,0.00050967187,0.00036553293,0.0030965975,0.0044570453,0.010350216,True
2019-01-14,142.77,25.3,3.3714287,5.5142856,1.0571429,87.04286,0.59999996,0.59999996,0.5428571,10.028571,2.8857143,0.0036017224,0.0024771392,0.0053654285,0.01559459,0.009840805,True
2019-01-21,142.63,2.5,1.2428571,4.1857142,-1.957143,82.40001,0.48571426,0.48571426,0.4714286,10.142858,2.1857142,0.00013551861,0.0007682517,0.0006094717,0.00078643486,0.0006552078,True
2019-01-28,142.57,4.8,0.88571423,3.0571427,-1.7857143,81.44286,0.4,0.4,0.62857145,9.928572,0.32857144,0.00024335086,0.0010593832,0.0016733522,0.003407495,0.0073851757,True
2019-02-04,142.58,10.5,2.7000003,5.6142855,-0.15714288,82.22858,0.58571434,0.58571434,0.5428571,10.157143,1.6857142,0.00040259957,0.0012808889,0.00492449,0.00606584,0.005188577,True
2019-02-11,142.63,6.1,4.785714,9.114286,0.8571429,76.21429,1.0714285,1.0714285,1.0285715,10.014286,4.0571427,0.0010270774,0.001566492,0.0014386745,0.0035881829,0.00010249019,True
2019-02-18,142.59,0.0,3.8142858,12.285714,-2.2285714,77.557144,1.0,0.9,0.7,9.8,5.114286,2.1390617e-05,0.0019329712,4.8677128e-05,0.00013026409,2.5108457e-05,True
2019-02-25,142.56,0.1,6.571429,13.714286,0.47142857,69.25715,1.4428571,1.1714286,1.2857143,9.285714,7.2714286,4.61936e-06,0.002234377,8.855547e-07,4.5914203e-06,0.0,True
2019-03-04,142.61,17.900002,9.242858,15.6,3.9857144,72.08572,1.7142857,1.4714286,1.6714286,8.9,8.885715,0.00043458492,0.0023819804,-7.345365000000001e-25,5.7742e-08,1.2293458e-07,True
2019-03-11,142.68,12.2,9.17143,12.957144,5.6,68.65714,1.9714286,1.9,1.8714286,9.014286,8.4,0.0013346747,0.0034555346,1.0808309e-05,3.5669655e-05,0.000199534,True
2019-03-18,142.94,25.4,8.171429,12.185715,4.414286,71.9,1.8714286,1.8285714,1.7428572,9.585714,7.8285713,0.0021524727,0.0043510497,5.081154e-05,0.00035277754,0.00021478906,True
2019-03-25,142.8,3.5,7.642857,15.242858,0.37142855,66.185715,2.2428572,1.8857143,2.0142856,9.085714,9.757143,2.5629997e-05,0.0048469454,6.0058774e-06,2.9429793e-05,1.3038516e-05,True
2019-04-01,142.72,0.0,10.014285,17.528572,2.5714285,63.985718,2.5285716,1.8714286,2.457143,8.214286,11.428572,1.0356307e-05,0.0052081645,2.8723762e-06,1.7024577e-05,6.824732e-06,True
2019-04-08,142.75,34.600002,8.5,13.2,3.914286,80.91429,1.6714286,1.4,1.5285714,8.357142,10.8714285,0.0005892813,0.005114734,1.5911603e-05,7.9229474e-05,7.913634e-05,True
2019-04-15,142.75,8.4,7.428571,12.114286,3.2428572,74.71429,1.9142857,1.6285714,1.9142857,8.6285715,10.071428,0.0002668947,0.0050323084,1.2800807e-05,7.4546784e-05,8.381158e-05,True
2019-04-22,142.68,1.7,15.085715,23.314287,5.9,56.157143,4.1,2.8142858,3.7999997,7.6,16.257143,9.0539455e-05,0.004935965,1.0728836e-06,9.767711e-06,0.0,True
2019-04-29,142.64,24.4,11.342857,17.77143,5.7571425,73.85714,2.6857142,1.9999999,2.5,7.1285715,14.457143,0.00040313601,0.004706517,-7.345365000000001e-25,3.8556755e-07,4.3213367e-07,True
2019-05-06,142.63,21.3,9.5,15.328572,4.4857144,76.11428,2.3714287,1.8428572,2.3,7.2714286,13.085714,0.00031501055,0.0045122206,6.7041033e-06,3.0798838e-05,3.9923936e-05,True
2019-05-13,142.69,34.0,11.314286,16.314287,6.2000003,73.57143,2.8999999,2.5142858,2.6142857,8.028571,13.7,0.00055250525,0.004340522,1.067207e-06,8.933246e-06,0.0,True
2019-05-20,142.81,54.7,13.185715,18.828571,7.657143,68.2,3.1857142,2.5857143,3.2142856,7.614286,16.485714,0.00031335652,0.004177816,-7.345365000000001e-25,3.7252903e-09,0.0,True
2019-05-27,143.03,35.2,15.528572,21.057144,9.657143,72.6,3.6000001,3.0285716,3.4714284,8.514286,19.757143,0.0012928545,0.004295476,-7.345365000000001e-25,0.0,0.0,True
2019-06-03,142.85,2.6,18.328571,25.428572,11.771429,67.08572,4.1857147,3.0714285,4.285714,7.542857,21.957144,6.483495e-05,0.003984794,-7.345365000000001e-25,3.7252903e-09,0.0,True
2019-06-10,142.76,25.1,18.185715,24.600002,11.785714,68.01429,4.214286,2.8571432,4.0571427,6.4428573,22.242857,0.0005610585,0.003741935,-7.345365000000001e-25,3.7252903e-09,0.0,True
2019-06-17,142.71,14.3,18.2,23.47143,12.857142,73.27143,3.9428573,3.1714284,3.7428572,7.0857143,21.785715,0.0012080669,0.003532663,-7.345365000000001e-25,3.7252903e-09,0.0,True
2019-06-24,142.75,26.0,21.457142,27.628572,15.357142,71.78572,4.914286,3.1285713,4.571429,6.8142858,25.342857,0.00010998547,0.0033096373,-7.345365000000001e-25,1.1175871e-08,0.0,True
2019-07-01,142.61,0.1,26.057144,33.37143,17.742857,59.17143,6.6428576,2.6285713,6.285714,5.857143,29.4,1.1920929e-06,0.003036134,-7.345365000000001e-25,3.7252903e-09,0.0,True
2019-07-08,142.51,0.2,21.142857,27.742857,14.1285715,57.142857,5.585714,1.5,5.2714286,5.142857,26.485714,1.4528632e-05,0.0027093291,-7.345365000000001e-25,3.7252903e-09,0.0,True
2019-07-15,142.47,12.8,17.885715,23.87143,12.071428,67.4,3.9714284,1.957143,3.957143,5.1857142,22.571428,6.735325e-05,0.0024234354,-7.345365000000001e-25,7.450581e-09,0.0,True
2019-07-22,142.39,7.9,21.942858,29.414288,14.185715,62.92857,5.414286,1.9,4.8285713,4.6714287,26.5,5.4314733e-05,0.0021683201,-7.345365000000001e-25,1.1175871e-08,0.0,True
2019-07-29,142.37,20.9,24.614286,31.87143,17.242857,64.22857,5.2571425,1.5714285,5.042857,4.928571,27.77143,0.000116571784,0.0019107461,-7.345365000000001e-25,7.450581e-09,0.0,True
2019-08-05,142.27,4.2,21.328571,28.5,14.557143,62.5,4.528571,2.1000001,4.3285713,5.0285716,25.642857,3.5226345e-05,0.0017084926,-7.345365000000001e-25,3.7252903e-09,0.0,True
2019-08-12,142.45,84.600006,20.885715,27.400003,15.471429,75.85714,3.5714285,3.0285716,3.7142856,6.2714286,24.314285,0.00060056895,0.0015349686,-7.345365000000001e-25,1.1175871e-08,0.0,True
2019-08-19,142.38,11.3,18.87143,25.100002,13.442858,73.9,3.2428572,2.5571427,3.2714286,6.2285714,22.142857,0.00014507025,0.0014000386,-7.345365000000001e-25,3.7252903e-09,0.0,True
2019-08-26,142.33,2.8,19.528574,27.100002,12.1285715,74.114296,3.2000003,1.9285713,3.4857142,6.1285715,22.885714,7.4505806e-06,0.0012822971,-7.345365000000001e-25,0.0,0.0,True
2019-09-02,142.26,0.4,22.414288,29.628572,16.171429,67.25715,3.642857,1.6714286,3.9,5.4142857,25.814285,1.065433e-05,0.0011594966,-7.345365000000001e-25,7.450581e-09,0.0,True
2019-09-09,142.25,18.5,15.228572,21.357143,9.914286,71.25715,2.2571428,1.1571428,2.5142858,5.3428574,19.471428,0.00017987192,0.0010562241,-7.345365000000001e-25,0.0,0.0,True
2019-09-16,142.18,0.0,17.77143,25.414288,10.8714285,73.41429,2.5285714,1.5571429,2.7285714,5.385714,20.62857,2.7269125e-06,0.0009795502,-7.345365000000001e-25,7.450581e-09,0.0,True
2019-09-23,142.26,11.0,14.5,21.685715,7.9000006,66.685715,2.2714283,1.1428572,2.4857142,4.9428573,18.242857,0.000106185675,0.0009042397,-7.345365000000001e-25,1.8626451e-09,0.0,True
2019-09-30,142.29,17.8,15.842857,19.34286,11.900001,79.57143,1.6142857,1.4714286,1.8285714,5.857143,16.585714,0.00012561679,0.0008485615,-7.345365000000001e-25,9.313226e-09,0.0,True
2019-10-07,142.37,38.1,12.185715,16.242857,8.0,85.114296,1.0571429,1.0142858,1.1857144,6.571429,13.5,0.00065776706,0.00080562383,-7.345365000000001e-25,5.5879354e-09,0.0,True
2019-10-14,142.34,15.700001,14.857142,20.9,9.914286,79.94286,1.3857143,1.2857143,1.5714285,8.114285,14.314285,0.0012975633,0.0011583418,-7.345365000000001e-25,7.450581e-09,0.0,True
2019-10-21,142.43,40.6,14.157144,17.985716,11.385715,87.08572,1.0285714,1.0142857,1.0714285,8.714286,14.742857,0.0015180707,0.00095217675,-7.345365000000001e-25,5.5879354e-09,0.0,True
2019-10-28,142.4,7.2999997,12.657144,17.185715,9.057143,87.32857,0.8142857,0.7714286,0.87142855,9.0,13.885715,4.8935413e-05,0.00074250996,-7.345365000000001e-25,3.7252903e-09,0.0,True
2019-11-04,142.46,16.3,10.557143,13.6285715,7.514286,85.17143,0.82857144,0.8000001,0.95714283,9.4,10.457143,0.0003112629,0.00073596835,-7.345365000000001e-25,7.450581e-09,0.0,True
2019-11-11,142.5,13.8,6.1,9.185715,3.114286,89.72858,0.47142857,0.47142857,0.5428571,9.771428,7.5142856,0.00012493134,0.00073488057,1.5383675e-06,3.2931566e-06,4.9322844e-06,True
2019-11-18,142.45,5.2,4.3428574,7.614286,1.2428571,86.37144,0.41428572,0.41428572,0.5285714,9.6,5.0,0.00040753186,0.00074245036,8.134615e-06,3.0696392e-05,5.8393925e-05,True
2019-11-25,142.42,0.5,3.7285714,7.014286,0.82857144,92.67143,0.24285717,0.24285717,0.2857143,9.671429,4.542857,2.9750168e-05,0.0007602349,1.1688187e-05,2.8599054e-05,0.0,True
2019-12-02,142.49,15.4,6.3,9.714286,2.8428574,84.35714,0.6714286,0.6714286,0.55714285,9.842857,6.1857142,0.00028871745,0.0007888377,5.052203e-07,2.8256327e-06,1.2405217e-06,True
2019-12-09,142.49,11.1,3.7142856,7.557143,0.5857143,85.35714,0.5857143,0.5714286,0.5285714,9.757143,3.6857142,0.00043959916,0.00083334744,5.392801e-07,1.1716038e-06,5.722046e-06,True
2019-12-16,142.74,23.300001,6.228572,9.400001,2.8,82.057144,0.78571427,0.78571427,0.71428573,10.357142,4.928571,0.0009470433,0.0015056282,0.00011336236,0.0007920079,0.0007739775,True
2019-12-23,142.81,19.8,7.142857,10.571428,3.957143,88.814285,0.48571426,0.48571426,0.44285712,10.485714,6.242857,0.00096961856,0.0011545792,1.731373e-06,5.7704747e-06,5.364418e-07,True
2019-12-30,142.93,10.5,3.6000001,5.914286,0.9142857,89.15715,0.37142855,0.37142855,0.42857143,10.428572,4.1571426,0.001258418,0.0029794276,2.4977186e-07,3.4421682e-06,3.222376e-06,True
2020-01-06,142.83,2.3000002,1.7285715,4.7428575,-1.2428572,90.57143,0.2,0.2,0.2857143,10.2,0.7,0.0001295954,0.0024703518,3.5195123e-07,7.972121e-07,1.7434359e-06,True
2020-01-13,142.78,5.2999997,5.957143,9.67143,1.9428571,83.25715,0.58571434,0.5571429,0.5857143,9.928572,4.6714287,0.000143677,0.0029062033,8.287884e-07,3.3508986e-06,2.115965e-06,True
2020-01-20,142.71,4.2,6.057143,10.1285715,1.5857143,77.17143,0.7571429,0.7142858,0.8,9.742857,4.5,0.000103637576,0.0031893998,0.00018904323,0.00016982667,0.00086289644,True
2020-01-27,142.67,4.1,1.1571429,4.7571435,-1.7142857,86.72858,0.3142857,0.29999998,0.35714287,9.671429,1.4142857,7.434189e-05,0.0033582076,0.0004111642,0.0006308481,0.0,True
2020-02-03,143.21,57.6,9.7,12.928572,7.085715,81.24286,1.3285714,1.3142856,1.0428572,10.428572,8.028571,0.0049336404,0.009421259,0.00019104707,0.0011177249,0.0010241643,True
2020-02-10,143.22,6.9,4.957143,10.842857,-0.0142857,77.21429,1.3857143,1.3571428,1.1428572,10.7,5.3142858,0.0022742897,0.0074025467,0.00019104707,0.0004486926,0.00045359135,True
2020-02-17,143.15,18.3,8.171429,12.400001,3.4428573,70.71429,1.5142857,1.4857142,1.5,10.571428,6.7285714,0.0017018616,0.009844072,1.7932483e-05,8.85576e-05,8.488074e-05,True
2020-02-24,143.18,16.4,8.5,12.657144,4.1285715,68.97143,1.7857143,1.7428571,1.6571429,10.1285715,7.5285716,0.00078095496,0.0130402,7.952963e-06,4.8801303e-05,4.8656017e-05,True
2020-03-02,143.29,31.1,6.9857144,10.585714,3.5714285,73.942856,1.6142857,1.6142857,1.4714286,10.528571,6.6857142,0.0015941262,0.015752055,0.0009977932,0.004217772,0.0043111704,True
2020-03-09,143.44,31.4,6.328572,10.142858,2.542857,79.08571,1.3428571,1.3428571,1.1428572,10.785714,6.8428574,0.0017645359,0.019575752,3.916309e-05,0.00019294582,0.00015993416,True
2020-03-16,143.34,13.0,9.457144,14.971429,4.2000003,72.48572,1.9571428,1.8428571,1.6714286,10.3,9.957143,0.0011058301,0.027317688,2.7191072e-06,3.5449862e-05,2.6293099e-05,True
2020-03-23,143.15,5.4,9.2,15.342857,3.7714288,67.50001,2.142857,1.7428572,2.0857143,9.471429,10.985714,9.949505e-05,0.024120264,8.685248e-07,2.1066517e-06,4.593283e-06,True
2020-03-30,143.01,1.3,5.7714286,11.771429,-0.29999998,54.214287,2.442857,1.8714286,2.4857142,8.757143,8.157143,1.5333295e-05,0.019045383,6.511098e-06,1.29677355e-05,4.4599175e-05,True
2020-04-06,142.88,0.0,8.071428,16.2,-0.85714287,55.100002,2.8571432,2.0571427,2.6142857,7.957143,10.3714285,1.3560057e-06,0.01503063,7.220677e-06,2.8856099e-05,1.1175871e-08,True
2020-04-13,142.82,0.70000005,14.642858,24.128572,5.557143,54.7,3.6714287,1.8857143,3.4857142,6.9142857,16.257143,4.142523e-06,0.011903599,-7.345365000000001e-25,5.029142e-08,0.0,True
2020-04-20,142.74,0.0,13.885715,21.628572,5.457143,54.74286,4.057143,1.1,3.7714286,6.214286,16.642857,1.3262033e-06,0.009533465,-7.345365000000001e-25,0.0,0.0,True
2020-04-27,142.69,0.2,15.6285715,23.242859,7.371429,47.642857,4.7285714,0.5857143,4.5285716,5.8,18.442858,5.2154064e-07,0.0076851323,-7.345365000000001e-25,0.0,0.0,True
2020-05-04,142.65,19.8,13.071428,18.014286,8.642858,72.62858,2.8285713,1.5285714,2.6571429,6.1,15.3,0.00013871491,0.006352842,-7.345365000000001e-25,3.7252903e-09,0.0,True
2020-05-11,142.62,18.3,14.728572,21.685715,7.228572,63.057148,3.6714284,1.4142857,3.3857143,6.0285716,18.342857,0.00026462972,0.005351208,4.995437e-07,2.115965e-06,1.9218773e-05,True
2020-05-18,142.57,7.0,12.414286,18.228573,5.642857,65.07143,3.457143,2.5142858,3.3142858,6.742857,16.071428,8.8110566e-05,0.0045686513,2.7020772e-06,1.7091632e-05,0.0,True
2020-05-25,142.55,18.800001,17.414286,23.957142,10.014285,65.71429,4.2,2.3142858,3.8999999,5.9,21.014286,9.545684e-05,0.0039028302,-7.345365000000001e-25,0.0,0.0,True
2020-06-01,142.44,0.0,16.957144,23.657145,8.542857,51.57143,5.3714285,1.8428571,5.1857142,5.3142858,20.671429,1.475215e-06,0.0033598766,-7.345365000000001e-25,0.0,0.0,True
2020-06-08,142.52,39.9,16.142857,21.47143,11.228571,73.22858,3.4714284,1.9285713,3.1142857,5.7285714,19.385714,0.00028507411,0.0028944537,-7.345365000000001e-25,3.7252903e-09,0.0,True
2020-06-15,142.48,4.0,17.485716,22.071428,13.1285715,75.57143,3.0428574,2.2285714,3.1142857,5.857143,19.914286,0.0001488626,0.002590388,-7.345365000000001e-25,3.7252903e-09,0.0,True
2020-06-22,142.53,31.0,18.2,23.728573,12.785714,73.48572,3.8857143,2.957143,3.7428572,6.071429,22.028572,0.002589196,0.0023402423,-7.345365000000001e-25,0.0,0.0,True
2020-06-29,142.49,25.9,21.228573,28.142857,14.371429,66.41428,5.457143,3.1285717,4.8428574,5.2285714,24.657143,8.2850456e-05,0.0020818487,-7.345365000000001e-25,7.450581e-09,0.0,True
2020-07-06,142.41,4.6000004,20.642857,26.485716,14.400001,63.271427,5.1714287,2.2857141,4.6857142,4.857143,23.642857,4.9322844e-05,0.0018721446,-7.345365000000001e-25,1.1175871e-08,0.0,True
2020-07-13,142.33,0.2,20.171429,27.285715,11.828572,54.7,5.571429,1.3000001,5.3285713,4.3,23.9,6.2048435e-05,0.0016637295,-7.345365000000001e-25,0.0,0.0,True
2020-07-20,142.33,18.9,19.642857,25.614286,13.857142,67.88572,4.171428,1.7714285,3.8285713,4.3714285,23.328571,0.00016406178,0.0014905334,-7.345365000000001e-25,3.7252903e-09,0.0,True
2020-07-27,142.25,3.0,21.785715,29.17143,14.714286,57.457146,5.1571426,1.0857143,5.0142856,3.9857142,25.3,2.4229288e-05,0.0013315231,-7.345365000000001e-25,7.450581e-09,0.0,True
2020-08-03,142.19,5.8,22.528574,29.742859,14.900001,59.057148,4.828572,1.0,4.585714,4.0142856,25.457144,8.881092e-05,0.001177311,-7.345365000000001e-25,7.450581e-09,0.0,True
2020-08-10,142.12,0.0,23.685715,31.885715,14.657144,57.84286,5.0285716,1.9714286,4.9714284,4.5142856,25.6,9.432435e-06,0.0010502338,-7.345365000000001e-25,7.450581e-09,0.0,True
2020-08-17,142.21,44.2,23.357143,30.642857,17.642857,69.88572,4.0,1.8000001,3.7142856,4.214286,26.842857,4.9948692e-05,0.00093120337,-7.345365000000001e-25,7.450581e-09,0.0,True
2020-08-24,142.1,3.7,22.52857,29.142857,16.314287,61.028572,4.1142855,2.1000001,4.1,4.071429,25.1,9.546429e-05,0.0008409694,-7.345365000000001e-25,9.313226e-09,0.0,True
2020-08-31,142.18,41.0,17.814287,22.5,12.757143,70.17143,2.642857,1.1142857,2.857143,4.2285714,20.414286,0.00017425418,0.0007685423,-7.345365000000001e-25,3.7252903e-09,0.0,True
2020-09-07,142.13,0.6,17.442858,23.9,11.714286,69.52857,2.7,1.6999999,2.8999999,5.1,20.385714,2.0846725e-05,0.0007159561,-7.345365000000001e-25,7.450581e-09,0.0,True
2020-09-14,142.07,0.0,19.142857,27.7,11.542857,68.71429,2.8285716,1.2142857,2.9857142,4.4428573,21.971428,4.7683716e-07,0.00065909326,-7.345365000000001e-25,3.7252903e-09,0.0,True
2020-09-21,142.0,0.0,19.528574,27.742859,12.357142,66.14286,2.6285713,0.7,3.0285716,4.042857,22.014286,9.0897083e-07,0.0006055683,-7.345365000000001e-25,7.450581e-09,0.0,True
2020-09-28,142.11,29.9,13.942858,18.4,9.828572,75.6,1.7285713,1.1285714,1.8428571,4.8285713,15.971429,0.000240013,0.00056339055,1.7597561e-07,2.6952475e-06,2.6524067e-06,True
2020-10-05,142.16,18.4,12.842857,17.47143,9.114286,80.92857,1.3285714,1.2571429,1.5142858,5.8714285,13.9,0.00021849573,0.00053685904,-7.345365000000001e-25,6.7055225e-08,0.0,True
2020-10-12,142.23,26.6,11.814286,15.728572,8.214286,82.057144,1.2142857,1.1428571,1.2714285,6.5,12.528571,0.00039561093,0.00051401556,-7.345365000000001e-25,5.5879354e-09,0.0,True
2020-10-19,142.21,0.4,8.671429,12.5,5.3,84.75715,0.71428573,0.6285714,0.8,6.5,10.171429,4.1618943e-05,0.00049675256,-7.345365000000001e-25,0.0,0.0,True
2020-10-26,142.25,31.199999,12.785714,17.185715,8.742857,83.0,1.0,0.9142857,0.9714286,6.7285714,12.828571,0.000270091,0.00048156083,-7.345365000000001e-25,5.5879354e-09,0.0,True
2020-11-02,142.28,15.8,13.2,16.47143,9.557143,78.52857,1.1714287,1.1285715,1.2857143,7.642857,12.185715,0.00026881695,0.00046954304,-7.345365000000001e-25,1.1175871e-08,0.0,True
2020-11-09,142.28,2.1,7.4000006,11.585714,3.9285715,88.828575,0.48571426,0.44285718,0.5142857,7.7285714,8.842857,4.772842e-05,0.0004608482,-7.345365000000001e-25,0.0,0.0,True
2020-11-16,142.27,6.7,10.1285715,13.985715,6.357143,86.28571,0.6571428,0.62857145,0.62857145,7.614286,9.6285715,0.00042051822,0.00045395643,-7.345365000000001e-25,0.0,0.0,True
2020-11-23,142.25,1.5,5.428571,10.1285715,1.2,83.34286,0.5142857,0.47142857,0.41428572,7.6571426,6.3,9.782612e-05,0.00044827163,2.0379111e-06,3.296882e-06,7.1562827e-06,True
2020-11-30,142.23,7.6,1.3857144,4.057143,-0.9285714,92.557144,0.20000002,0.17142858,0.2,7.6,2.857143,1.7136335e-07,0.00044423342,2.6850473e-06,3.5241246e-06,0.00012009218,True
2020-12-07,142.27,11.400001,3.3428574,5.357143,1.4,89.9,0.31428573,0.31428573,0.35714287,8.3,2.1571429,0.0003080219,0.0004412979,0.0034248205,0.0036492012,0.0050731525,True
2020-12-14,142.29,10.6,3.7285714,6.1714287,0.62857145,89.25714,0.31428573,0.3,0.3,8.757143,3.0857143,0.00061123073,0.00130862,0.0023832093,0.0047744736,0.0023702905,True
2020-12-21,142.29,9.0,6.4428573,9.757143,3.3999999,93.47143,0.24285713,0.24285713,0.27142859,8.914286,5.5142856,0.00041425228,0.00045043975,0.0001074246,0.0004592333,0.0,True
2020-12-28,142.45,22.3,6.614286,9.3714285,3.1285717,81.35714,0.67142856,0.67142856,0.8428572,9.742857,5.6285715,0.0015690774,0.0011491477,0.0005224716,0.0007006824,0.0014324822,True
2021-01-04,142.44,6.1000004,2.8142858,4.3714285,0.9285714,85.942856,0.5333333,0.5333333,0.44285712,9.966666,2.8333333,0.00012622774,0.00064573437,0.0011798597,0.0008888729,0.003389284,True
2021-01-11,142.41,3.9,0.4,2.7428572,-1.7285715,85.71429,0.2857143,0.2857143,0.32857147,9.671429,0.6571429,3.2693148e-05,0.00079238415,0.006443614,0.001000518,0.005487535,True
2021-01-18,142.69,59.6,0.58571434,3.3,-2.3,89.92857,0.35714287,0.35714287,0.34285715,10.442857,0.41428572,0.001609385,0.0011120439,0.023446435,0.008229019,0.038179144,True
2021-01-25,142.99,26.500002,4.6142855,8.214286,0.15714286,76.38572,0.91428566,0.91428566,0.9857143,10.185715,2.9142857,0.003031075,0.0058306903,0.017725928,0.03753362,0.012557983,True
2021-02-01,143.43,44.7,5.6714287,8.142858,2.6714287,87.24286,0.74285716,0.74285716,0.6571428,10.8714285,4.3285713,0.0076504946,0.011970706,0.004517561,0.014451832,0.0025686733,True
2021-02-08,143.47,31.0,7.6285715,9.885715,5.0,89.185715,0.71428573,0.71428573,0.62857145,11.114285,7.3428574,0.0015450567,0.013762146,2.0083928e-05,3.309734e-05,0.0003449805,True
2021-02-15,143.23,4.4,-4.085715,0.3857143,-9.271429,71.78571,0.18571427,0.18571427,0.61428577,10.514286,-0.1,2.861023e-05,0.014914192,0.0042794603,0.001029253,0.00552503,True
2021-02-22,143.16,2.6,7.8,14.7,1.7142857,78.62858,1.1428572,1.1,0.9142857,10.014286,6.3142858,0.00017012656,0.014353946,0.0006073543,0.003960412,0.0,True
2021-03-01,143.02,0.0,7.957143,16.142857,1.4857143,71.42857,1.4428571,1.1714286,1.3714286,9.485714,7.742857,2.9057264e-06,0.012989968,1.5383675e-06,1.0030344e-05,0.0,True
2021-03-08,142.93,2.8,5.142857,11.714286,-0.42857146,70.457146,1.4142857,1.1714286,1.2857143,9.085714,6.5285716,9.8749995e-05,0.011519767,1.4305115e-06,3.3508986e-06,5.207956e-06,True
2021-03-15,142.97,30.599998,6.8428574,10.814286,3.0857143,72.557144,1.8285714,1.7428571,1.5714285,9.2,7.257143,0.0021182746,0.011522606,7.163911e-05,0.00043234788,0.00069774315,True
2021-03-22,142.97,7.7,3.5714285,7.1857142,0.29999995,76.77143,1.2285715,1.1857144,1.1285714,9.657143,5.5285716,0.00034911186,0.0097141415,0.00034572397,0.0010464247,0.0010376833,True
2021-03-29,142.87,3.3,8.942858,16.37143,1.5142858,65.52857,2.5,2.0714285,2.1857142,8.985714,10.857142,4.7937036e-05,0.009447001,4.811514e-05,0.00026617758,4.954636e-07,True
2021-04-05,142.795606021013,1.3,10.385714,18.685715,2.5714285,60.200005,2.7428572,2.085714,2.7428572,8.028571,13.057143,3.85195e-05,0.008810103,1.180172e-05,1.4044344e-06,0.00044959038,True
2021-04-12,142.81874207057555,24.8,6.785714,12.714286,1.1,66.57143,2.2428572,1.8571428,2.1142857,7.428571,9.014286,0.00031515956,0.008101255,0.0012359619,0.003918888,0.0036782697,False
2021-04-19,142.718248800723,1.3000001,5.4857144,10.585714,0.12857144,69.442856,1.9285715,1.4857142,1.9,7.5142856,9.014286,7.146597e-05,0.007382907,7.924579e-06,4.0451065e-05,9.503216e-06,True
2021-04-26,142.6634597987174,0.0,10.614286,18.571428,2.1857142,57.542854,3.8142855,2.3714287,3.642857,6.6714287,14.614285,1.0177493e-05,0.006691009,4.5413064e-08,6.1281025e-07,0.0,True
2021-05-03,142.64147884276645,19.0,9.728571,15.371429,3.3142858,71.57143,2.8428571,1.9571427,2.5,6.357143,13.514286,0.0002227202,0.005975388,-7.345365000000001e-25,0.0,0.0,True
2021-05-10,142.78369211779653,41.7,12.142858,18.057142,6.057143,69.71429,3.2714288,2.6000001,2.7428572,7.3285713,13.971429,0.0013775527,0.0063960627,1.9981749e-06,2.0274892e-05,2.052635e-05,False
2021-05-17,142.83105371260234,46.5,11.928572,16.228573,8.3714285,81.1,2.5857143,2.3142855,2.1857142,7.6714287,14.728572,0.0011140555,0.0050317943,-7.345365000000001e-25,3.7252903e-08,0.0,True
2021-05-24,142.89514251824244,19.9,12.228572,17.642857,7.871429,73.35714,3.1571426,2.857143,2.8857143,8.071428,14.757143,0.00028665364,0.0047892258,-7.345365000000001e-25,0.0,0.0,False
2021-05-31,142.82549541466835,11.9,14.085715,19.442858,7.957143,63.542854,4.042857,3.042857,3.8285713,7.3714285,16.585714,0.00013507903,0.004565224,-7.345365000000001e-25,3.7252903e-09,0.0,True
2021-06-07,142.7517121667032,26.0,19.100002,24.657145,13.485715,72.25715,3.6000001,2.4714286,3.6714287,6.742857,21.77143,0.00025855005,0.004259482,-7.345365000000001e-25,3.7252903e-09,0.0,True
2021-06-14,142.68249512393615,1.1,20.5,27.242857,13.7,68.72857,4.871429,3.4142857,4.9714284,6.957143,24.714285,0.0003632754,0.0040024817,-7.345365000000001e-25,7.450581e-09,0.0,True
2021-06-21,142.64327816418725,19.1,24.042858,31.557144,16.300001,64.28571,5.6714287,2.914286,5.414286,5.9142857,28.471428,0.00010808557,0.00364355,-7.345365000000001e-25,1.1175871e-08,0.0,True
2021-06-28,142.69887663109492,41.9,19.757143,25.414288,15.400001,79.52857,3.9428575,3.5571427,3.7428572,7.3,24.028572,0.0016609728,0.0033437088,-7.345365000000001e-25,0.0,0.0,False
2021-07-05,142.85,44.5,17.642859,23.557144,13.514285,81.38572,3.3285713,3.0857143,3.042857,8.342857,21.585714,0.0027723685,0.0042775944,-7.345365000000001e-25,0.0,0.0,True
2021-07-12,142.82,57.7,18.77143,24.4,13.914286,80.40001,3.3714283,3.2142856,3.3285713,8.671429,22.714285,0.0028535873,0.003468454,-7.345365000000001e-25,7.450581e-09,0.0,True
2021-07-19,143.22,46.5,18.87143,23.7,14.5,82.87144,3.2714288,3.0,3.2285714,10.271428,21.857143,0.00884366,0.010815427,-7.345365000000001e-25,1.1175871e-08,0.0,True
2021-07-26,142.99,4.3,20.742857,27.0,14.785714,73.27143,4.257143,3.442857,4.4142857,8.457143,25.6,4.889071e-05,0.0051768795,-7.345365000000001e-25,5.5879354e-09,0.0,True
2021-08-02,142.87,13.1,19.242857,25.27143,14.1,75.200005,3.6,2.9714284,3.6,7.9857144,22.971428,0.0001103729,0.004965432,-7.345365000000001e-25,1.8626451e-09,0.0,True
2021-08-09,142.87,39.8,17.47143,22.028574,13.457144,79.71429,2.8714287,2.6000001,2.7714286,8.285714,20.514286,0.00019653141,0.00466343,-7.345365000000001e-25,1.1175871e-08,0.0,True
2021-08-16,142.76,4.3,21.928572,28.857143,15.442858,74.557144,3.8857143,2.7285714,4.0285716,7.285714,25.87143,4.2662024e-05,0.004306495,-7.345365000000001e-25,1.1175871e-08,0.0,True
2021-08-23,142.77,22.3,18.27143,23.157145,13.957144,80.17143,2.6285713,1.8428572,2.642857,6.7,21.928572,0.000224635,0.0039611533,-7.345365000000001e-25,3.7252903e-09,0.0,True
2021-08-30,142.72,16.0,15.6,19.828571,11.842857,83.5,2.0142858,1.5285712,2.1285713,6.6857142,18.957144,0.0002489835,0.0036670193,-7.345365000000001e-25,3.7252903e-09,0.0,True
2021-09-06,142.68,0.0,17.642857,25.414288,10.614286,76.61428,2.8142858,1.8428572,3.1142857,6.6714287,20.614286,5.6624413e-06,0.0034004226,-7.345365000000001e-25,5.5879354e-09,0.0,True
2021-09-13,142.64,6.0,18.585714,25.328571,12.6285715,79.41429,2.628571,1.4571428,2.4428573,6.0,22.5,9.4637275e-05,0.003115818,-7.345365000000001e-25,3.7252903e-09,0.0,True
2021-09-20,142.62,16.0,16.685715,22.042858,12.085714,84.38572,1.8000001,1.2857143,1.7571428,6.2,20.071428,0.0001835823,0.0028869957,-7.345365000000001e-25,3.7252903e-09,0.0,True
2021-09-27,142.58,4.8999996,15.271429,22.671429,8.9,81.4,1.8285714,1.2571429,1.9857142,6.1,18.471428,7.2062016e-05,0.002685219,-7.345365000000001e-25,3.7252903e-09,0.0,True
2021-10-04,142.56,21.1,13.6,19.542858,8.414286,81.700005,1.5714284,1.1285714,1.5142858,5.9857144,16.828571,0.00029483438,0.002506651,-7.345365000000001e-25,5.5879354e-09,0.0,True
2021-10-11,142.55,5.5,10.642858,16.514286,5.9714284,85.84286,1.0857143,0.8428572,1.1857144,6.5,12.814285,0.00013129413,0.0023620278,-7.345365000000001e-25,3.7252903e-09,0.0,True
2021-10-18,142.51,6.7999997,8.242857,13.328572,3.6714287,89.042854,0.7714285,0.59999996,0.7285714,6.4857144,10.957143,0.00017803162,0.0022495538,-7.345365000000001e-25,1.8626451e-09,0.0,True
2021-10-25,142.51,10.9,10.585714,17.142857,4.585714,77.87144,1.1428572,1.0142857,1.1999999,7.071429,10.8,0.0012768582,0.0021579862,-7.345365000000001e-25,3.7252903e-09,0.0,True
2021-11-01,142.54,23.1,9.528572,15.971429,4.714286,88.90001,0.7142858,0.58571434,0.61428577,7.242857,10.542857,0.00017984211,0.002083972,-7.345365000000001e-25,0.0,0.0,True
2021-11-08,142.57,12.400001,6.828572,10.228571,3.5142858,89.64286,0.54285717,0.5285715,0.44285718,8.357142,7.542857,0.00037888438,0.0020331293,6.244296e-07,2.5425106e-06,2.734363e-06,True
2021-11-15,142.54,5.9,4.9857144,8.214286,2.2142856,90.828575,0.34285715,0.31428573,0.42857143,8.328571,5.457143,0.00022674352,0.002006799,-7.345365000000001e-25,2.7753413e-07,0.0,True
2021-11-22,142.51,0.4,5.6142855,7.471429,3.3142858,87.98572,0.3,0.3,0.42857143,8.385715,5.885714,3.772974e-05,0.0019935295,4.2007082e-07,2.918765e-06,5.7742e-06,True
2021-11-29,142.49,10.3,1.5428572,4.714286,-1.3857143,85.98572,0.4,0.35714287,0.42857143,8.414286,2.2142856,8.948892e-05,0.0019880086,0.0005636896,0.00013813749,0.007268928,True
2021-12-06,142.74,24.699999,4.5142856,7.0285716,1.3000001,82.27143,0.65714294,0.6428572,0.6571428,9.157143,3.5857143,0.0020749494,0.0036334097,0.0028231654,0.012125924,0.0052413233,True
2021-12-13,142.7,6.7,3.9,6.7428575,1.0142857,85.27143,0.41428572,0.41428572,0.42857143,9.614285,3.0,0.0005373284,0.0027255416,0.0015109493,0.0038795732,0.004676778,True
2021-12-20,142.66,0.0,2.8428571,5.914286,-0.19999997,91.17143,0.20000002,0.18571427,0.22857143,9.3714285,3.4,3.477931e-05,0.0034268424,0.0005680663,0.001150921,1.244247e-06,True
2021-12-27,142.77,19.5,3.457143,6.642857,0.04285717,90.15715,0.2857143,0.2857143,0.31428573,9.6285715,2.6714287,0.0011155605,0.0047046244,0.00012901283,0.00024735555,4.0978193e-08,True
2022-01-03,142.92,16.4,10.099999,14.114286,6.6,83.38572,0.77500004,0.77500004,0.7285715,10.425,9.125,0.0010082349,0.005620159,5.1089694e-07,8.2962215e-06,0.0,True
2022-01-10,143.06,23.0,4.1857142,7.5428576,0.90000004,82.17143,0.8000001,0.8000001,0.6714286,10.771428,3.857143,0.0025673583,0.013601311,0.0014071749,0.002613863,0.0042030066,True
2022-01-17,142.93,2.3999999,-0.51428574,3.0,-3.2428572,91.12858,0.2857143,0.2857143,0.22857143,10.271428,0.7714286,5.4962933e-05,0.013042219,0.0013256584,0.0011699144,0.0012904331,True
2022-01-24,142.87,3.1000001,2.3285716,5.728572,-1.1428572,85.48572,0.5285715,0.51428574,0.41428572,10.028571,2.2285714,0.00015950948,0.01299005,0.002613868,0.0034965817,0.004131224,True
2022-01-31,142.84,4.1,2.1142857,5.228572,-1.1571429,85.48572,0.55714285,0.55714285,0.55714285,9.8714285,2.1142857,0.00030879676,0.01223807,0.0016285919,0.0033121277,0.0027388036,True
2022-02-07,142.99,15.5,5.6,8.485715,1.9714286,80.57143,0.98571426,0.9714286,0.87142855,10.142858,4.957143,0.0043828264,0.014359638,0.000800076,0.0034230351,0.0015030988,True
2022-02-14,142.94,3.2,4.8857145,11.142858,-0.9285714,74.8,1.1142857,1.0857142,0.9285714,10.214286,4.571429,0.00018680841,0.013964996,2.8967857e-05,8.5208565e-05,2.142042e-05,True
2022-02-21,142.94,9.9,9.114286,12.300001,6.0285716,67.17143,1.8142859,1.7142857,1.9428571,9.842857,7.5571427,0.00079624355,0.013885558,3.1789143e-06,2.3754314e-05,4.979968e-05,True
2022-02-28,142.9,8.2,5.542857,10.8,0.82857144,70.67143,1.4571428,1.3714285,1.2714285,9.728572,5.885714,0.00019420683,0.01334659,1.3169788e-05,5.8138743e-05,3.4395605e-05,True
2022-03-07,142.8,0.0,2.3428571,9.328572,-3.857143,62.0,1.557143,1.2571429,1.4142857,9.185715,4.8142858,6.7800283e-07,0.0126472935,2.179827e-06,6.677583e-06,0.0,True
2022-03-14,142.73,1.5,6.642857,14.871429,-0.6714286,58.399998,2.057143,1.6285714,1.8142856,8.5,8.057143,2.1666288e-05,0.011618912,-7.345365000000001e-25,4.7124922e-07,0.0,True
2022-03-21,142.68,2.2,8.957143,14.328572,4.3,71.27143,1.7142857,1.3714286,1.7142857,8.185715,9.442857,0.00047807395,0.010464273,-7.345365000000001e-25,1.8626451e-09,0.0,True
2022-03-28,142.63,0.0,10.357142,20.214285,1.0857142,53.600002,2.8857143,1.9571428,2.7571428,7.3142858,11.971429,5.9604645e-08,0.009314887,-7.345365000000001e-25,0.0,0.0,True
2022-04-04,142.66,20.9,5.642857,9.285714,1.8857144,77.1,1.4714288,1.1857144,1.3000001,7.5,7.857143,0.00045274943,0.008285701,0.0013618696,0.0019655079,0.0046058334,True
2022-04-11,142.84,33.800003,8.7,13.800001,3.8714287,72.5,2.2857141,2.1428573,2.0285714,8.642858,9.657143,0.0050440356,0.010094449,0.001084816,0.0064928234,0.0045737065,True
2022-04-18,142.74,0.0,13.442858,20.557144,5.7571435,59.37143,3.6285717,2.8142858,3.3999999,8.4,16.642857,1.8946826e-05,0.0072910115,4.5867193e-05,0.00043512508,0.0,True
2022-04-25,142.7,27.699999,11.6,17.457144,5.2285714,65.51429,3.114286,2.2571428,2.8999999,7.385714,15.057143,0.00038601458,0.006879106,-7.345365000000001e-25,5.5879354e-09,0.0,True
2022-05-02,142.67,3.6,11.914286,18.214285,5.014286,72.057144,3.042857,2.385714,2.8285713,7.742857,15.442857,7.583201e-05,0.006450668,-7.345365000000001e-25,0.0,0.0,True
2022-05-09,142.62,5.7000003,14.557143,21.52857,7.642857,71.58572,3.3999999,2.414286,3.3142858,7.3714285,18.028572,0.0004608333,0.0060019866,-7.345365000000001e-25,3.7252903e-09,0.0,True
2022-05-16,142.58,6.4,19.214285,26.328571,11.571428,63.07143,4.928571,2.6285713,4.5,6.4857144,22.571428,0.00013004243,0.0055210963,-7.345365000000001e-25,7.450581e-09,0.0,True
2022-05-23,142.54,6.2999997,20.7,28.257143,12.900001,61.67143,5.1714287,2.385714,4.857143,5.857143,24.542856,7.5280666e-05,0.004994996,-7.345365000000001e-25,3.7252903e-09,0.0,True
2022-05-30,142.48,1.9000001,15.142858,21.071428,8.714286,61.92857,4.128571,1.5857142,3.9857142,5.5285716,20.5,3.5956502e-05,0.0044993237,-7.345365000000001e-25,0.0,0.0,True
2022-06-06,142.45,17.2,18.914288,25.442858,12.5,65.27143,4.171428,1.442857,4.1714287,5.285714,22.457144,0.00014410913,0.004016526,-7.345365000000001e-25,7.450581e-09,0.0,True
2022-06-13,142.39,12.700001,18.7,25.600002,11.5,67.057144,4.528571,2.6142857,4.4857144,5.642857,22.571428,0.0001937151,0.003602028,-7.345365000000001e-25,3.7252903e-09,0.0,True
2022-06-20,142.32,1.6,23.67143,31.814285,14.400001,51.92857,6.4428573,1.557143,6.142857,4.9,27.028572,6.644428e-05,0.003154792,-7.345365000000001e-25,7.450581e-09,0.0,True
2022-06-27,142.4,59.9,20.942858,27.300001,15.014287,74.5,4.3142858,2.6857142,4.0142856,5.3,24.87143,0.005244881,0.0027681887,-7.345365000000001e-25,1.1175871e-08,0.0,True
2022-07-04,142.32,7.1,20.84286,27.942858,13.585715,67.17143,4.957143,3.6714284,4.6857142,5.714286,24.87143,0.0001579225,0.002474971,-7.345365000000001e-25,7.450581e-09,0.0,True
2022-07-11,142.25,0.0,19.185715,25.571428,11.357142,59.285713,5.071429,1.8714286,4.957143,4.642857,24.942858,7.6144934e-06,0.0021986365,-7.345365000000001e-25,1.1175871e-08,0.0,True
2022-07-18,142.15,0.0,22.628572,30.9,13.157144,49.17143,6.3285713,0.7857142,5.9857144,4.071429,26.9,2.3841858e-07,0.0019316226,-7.345365000000001e-25,3.7252903e-09,0.0,True
2022-07-25,142.1,13.6,24.785715,32.842857,16.542858,58.957146,5.9857144,1.3428571,5.5142856,3.942857,27.785715,0.00014394522,0.0016817823,-7.345365000000001e-25,1.1175871e-08,0.0,True
2022-08-01,142.02,1.2,22.628572,29.5,15.042857,55.18571,5.2714286,0.7428571,5.214286,3.7142856,26.5,1.2218952e-05,0.0014802814,-7.345365000000001e-25,1.1175871e-08,0.0,True
2022-08-08,141.93,0.2,23.957144,32.228573,15.6285715,50.2,5.642857,0.9571429,5.8428574,3.6285715,27.114286,1.013279e-06,0.001296021,-7.345365000000001e-25,3.7252903e-09,0.0,True
2022-08-15,141.91,11.400001,23.17143,31.52857,14.142858,45.714287,5.928571,0.9,5.8142858,3.4,25.457144,4.351139e-06,0.0011267066,-7.345365000000001e-25,0.0,0.0,True
2022-08-22,141.98,11.5,21.128572,28.0,15.071428,69.72857,3.642857,1.3714286,3.4571426,3.9857142,24.685715,0.0001578033,0.0009986535,-7.345365000000001e-25,7.450581e-09,0.0,True
2022-08-29,141.96,7.5,22.228573,29.957144,15.157144,64.35714,3.9428573,1.6857144,4.1571426,4.242857,25.242857,6.265938e-05,0.00090160966,-7.345365000000001e-25,3.7252903e-09,0.0,True
2022-09-05,141.99,22.5,20.085714,27.27143,13.557143,69.700005,3.1857142,1.8428571,3.3142858,4.8142858,23.042856,5.094707e-05,0.00082146376,-7.345365000000001e-25,7.450581e-09,0.0,True
2022-09-12,142.03,20.9,18.571428,24.928572,14.042857,75.57143,2.7,2.1714284,2.6857142,5.0857143,21.12857,0.00019429624,0.0007540062,-7.345365000000001e-25,7.450581e-09,0.0,True
2022-09-19,142.11,52.2,15.3714285,20.214285,11.385715,77.814285,1.9285716,1.7857143,2.0142858,6.457143,17.8,0.00298509,0.0007063076,-7.345365000000001e-25,5.5879354e-09,0.0,True
2022-09-26,142.1,14.6,12.185715,18.485716,6.871429,79.61428,1.5714285,1.357143,1.6285714,6.5,15.342857,0.0001642853,0.0006693676,-7.345365000000001e-25,1.8626451e-09,0.0,True
2022-10-03,142.26,40.5,11.8714285,16.042858,8.271429,85.457146,1.2428571,1.2285713,1.1714286,8.157143,13.285714,0.003965363,0.0013709217,-7.345365000000001e-25,9.313226e-09,0.0,True
2022-10-10,142.2,0.3,13.914286,21.1,7.8857145,80.37144,1.3714286,1.2285713,1.5714285,8.685715,15.657143,8.070469e-05,0.0006239489,-7.345365000000001e-25,3.7252903e-09,0.0,True
2022-10-17,142.24,14.5,15.157144,20.142857,11.242858,85.71429,1.0999999,1.0142858,1.1285714,8.828571,16.185715,0.00124982,0.0008304864,-7.345365000000001e-25,3.7252903e-09,0.0,True
2022-10-24,142.34,52.9,15.528572,20.228573,11.214286,86.28571,1.0857143,1.0714285,1.0285714,9.714286,16.471428,0.003605023,0.0006539747,-7.345365000000001e-25,9.313226e-09,0.0,True
2022-10-31,142.33,2.1,14.885715,22.27143,10.042857,84.200005,1.0142857,0.9285715,0.9285714,9.714286,16.157143,5.1945448e-05,0.000608325,-7.345365000000001e-25,3.7252903e-09,0.0,True
2022-11-07,142.38,19.8,10.414286,14.67143,5.6285715,84.28571,0.8142857,0.7714286,0.7,9.771428,11.557143,0.00028961152,0.0006141439,-7.345365000000001e-25,0.0,0.0,True
2022-11-14,142.43,15.599999,8.571428,12.428572,5.214286,91.0,0.4142857,0.4,0.45714286,10.1,9.4,0.0003080517,0.000627242,-7.345365000000001e-25,0.0,0.0,True
2022-11-21,142.74,52.0,9.400001,12.428572,7.014286,84.8,0.8428572,0.8428572,0.6571428,10.642858,9.3,0.00083866715,0.0011862293,1.7256964e-06,1.1229888e-05,2.1114945e-05,True
2022-11-28,142.72,13.7,6.928571,10.257143,3.5,87.91429,0.47142857,0.47142857,0.42857143,10.414286,6.9428573,0.00029818714,0.0013059676,2.2536233e-06,1.2470409e-05,2.1383166e-06,True
2022-12-05,142.69,7.1000004,4.3428574,5.9000006,2.5714285,90.97143,0.25714287,0.25714287,0.35714287,10.3,4.7285714,0.0002834648,0.00095323473,0.00012325105,0.00018882006,0.00070955977,True
2022-12-12,142.64,0.5,0.5,2.6714287,-2.4285715,88.442856,0.14285715,0.14285715,0.24285714,10.171429,1.8,2.886355e-05,0.0011331663,0.0009799912,0.0003863983,0.0016862676,True
2022-12-19,142.58,9.0,-3.3,-0.78571427,-5.8857145,90.314285,0.042857144,0.042857144,0.15714286,10.4,-0.5714286,0.00019990653,0.0013021156,0.008428477,0.004214449,0.009708248,True
2022-12-26,142.97,38.9,10.742857,13.571428,7.8428574,83.41429,0.85714287,0.85714287,0.7571429,10.771428,7.1714287,0.005400598,0.008472025,0.0010812056,0.0073582884,0.0,True
